[{"entryId":3531,"stageTimeMs":4955600,"stageTime":"PT1H22M35.6S","penaltyTimeMs":0,"penaltyTime":"PT0S","totalTimeMs":4955600,"totalTime":"PT1H22M35.6S","position":1,"diffFirstMs":0,"diffFirst":"PT0S","diffPrevMs":0,"diffPrev":"PT0S"},{"entryId":3527,"stageTimeMs":4957400,"stageTime":"PT1H22M37.4S","penaltyTimeMs":0,"penaltyTime":"PT0S","totalTimeMs":4957400,"totalTime":"PT1H22M37.4S","position":2,"diffFirstMs":1800,"diffFirst":"PT1.8S","diffPrevMs":1800,"diffPrev":"PT1.8S"},{"entryId":3538,"stageTimeMs":4977500,"stageTime":"PT1H22M57.5S","penaltyTimeMs":0,"penaltyTime":"PT0S","totalTimeMs":4977500,"totalTime":"PT1H22M57.5S","position":3,"diffFirstMs":21900,"diffFirst":"PT21.9S","diffPrevMs":20100,"diffPrev":"PT20.1S"},{"entryId":3535,"stageTimeMs":4988800,"stageTime":"PT1H23M8.8S","penaltyTimeMs":0,"penaltyTime":"PT0S","totalTimeMs":4988800,"totalTime":"PT1H23M8.8S","position":4,"diffFirstMs":33200,"diffFirst":"PT33.2S","diffPrevMs":11300,"diffPrev":"PT11.3S"},{"entryId":3528,"stageTimeMs":5002900,"stageTime":"PT1H23M22.9S","penaltyTimeMs":0,"penaltyTime":"PT0S","totalTimeMs":5002900,"totalTime":"PT1H23M22.9S","position":5,"diffFirstMs":47300,"diffFirst":"PT47.3S","diffPrevMs":14100,"diffPrev":"PT14.1S"},{"entryId":3529,"stageTimeMs":5010800,"stageTime":"PT1H23M30.8S","penaltyTimeMs":0,"penaltyTime":"PT0S","totalTimeMs":5010800,"totalTime":"PT1H23M30.8S","position":6,"diffFirstMs":55200,"diffFirst":"PT55.2S","diffPrevMs":7900,"diffPrev":"PT7.9S"},{"entryId":3533,"stageTimeMs":5011000,"stageTime":"PT1H23M31S","penaltyTimeMs":0,"penaltyTime":"PT0S","totalTimeMs":5011000,"totalTime":"PT1H23M31S","position":7,"diffFirstMs":55400,"diffFirst":"PT55.4S","diffPrevMs":200,"diffPrev":"PT0.2S"},{"entryId":3534,"stageTimeMs":5014000,"stageTime":"PT1H23M34S","penaltyTimeMs":0,"penaltyTime":"PT0S","totalTimeMs":5014000,"totalTime":"PT1H23M34S","position":8,"diffFirstMs":58400,"diffFirst":"PT58.4S","diffPrevMs":3000,"diffPrev":"PT3S"},{"entryId":3530,"stageTimeMs":5061000,"stageTime":"PT1H24M21S","penaltyTimeMs":0,"penaltyTime":"PT0S","totalTimeMs":5061000,"totalTime":"PT1H24M21S","position":9,"diffFirstMs":105400,"diffFirst":"PT1M45.4S","diffPrevMs":47000,"diffPrev":"PT47S"},{"entryId":3546,"stageTimeMs":5145000,"stageTime":"PT1H25M45S","penaltyTimeMs":0,"penaltyTime":"PT0S","totalTimeMs":5145000,"totalTime":"PT1H25M45S","position":10,"diffFirstMs":189400,"diffFirst":"PT3M9.4S","diffPrevMs":84000,"diffPrev":"PT1M24S"},{"entryId":3551,"stageTimeMs":5175900,"stageTime":"PT1H26M15.9S","penaltyTimeMs":0,"penaltyTime":"PT0S","totalTimeMs":5175900,"totalTime":"PT1H26M15.9S","position":11,"diffFirstMs":220300,"diffFirst":"PT3M40.3S","diffPrevMs":30900,"diffPrev":"PT30.9S"},{"entryId":3550,"stageTimeMs":5177100,"stageTime":"PT1H26M17.1S","penaltyTimeMs":0,"penaltyTime":"PT0S","totalTimeMs":5177100,"totalTime":"PT1H26M17.1S","position":12,"diffFirstMs":221500,"diffFirst":"PT3M41.5S","diffPrevMs":1200,"diffPrev":"PT1.2S"},{"entryId":3540,"stageTimeMs":5201100,"stageTime":"PT1H26M41.1S","penaltyTimeMs":0,"penaltyTime":"PT0S","totalTimeMs":5201100,"totalTime":"PT1H26M41.1S","position":13,"diffFirstMs":245500,"diffFirst":"PT4M5.5S","diffPrevMs":24000,"diffPrev":"PT24S"},{"entryId":3552,"stageTimeMs":5208700,"stageTime":"PT1H26M48.7S","penaltyTimeMs":0,"penaltyTime":"PT0S","totalTimeMs":5208700,"totalTime":"PT1H26M48.7S","position":14,"diffFirstMs":253100,"diffFirst":"PT4M13.1S","diffPrevMs":7600,"diffPrev":"PT7.6S"},{"entryId":3549,"stageTimeMs":5217800,"stageTime":"PT1H26M57.8S","penaltyTimeMs":0,"penaltyTime":"PT0S","totalTimeMs":5217800,"totalTime":"PT1H26M57.8S","position":15,"diffFirstMs":262200,"diffFirst":"PT4M22.2S","diffPrevMs":9100,"diffPrev":"PT9.1S"},{"entryId":3548,"stageTimeMs":5232500,"stageTime":"PT1H27M12.5S","penaltyTimeMs":0,"penaltyTime":"PT0S","totalTimeMs":5232500,"totalTime":"PT1H27M12.5S","position":16,"diffFirstMs":276900,"diffFirst":"PT4M36.9S","diffPrevMs":14700,"diffPrev":"PT14.7S"},{"entryId":3539,"stageTimeMs":5241400,"stageTime":"PT1H27M21.4S","penaltyTimeMs":0,"penaltyTime":"PT0S","totalTimeMs":5241400,"totalTime":"PT1H27M21.4S","position":17,"diffFirstMs":285800,"diffFirst":"PT4M45.8S","diffPrevMs":8900,"diffPrev":"PT8.9S"},{"entryId":3545,"stageTimeMs":5257400,"stageTime":"PT1H27M37.4S","penaltyTimeMs":0,"penaltyTime":"PT0S","totalTimeMs":5257400,"totalTime":"PT1H27M37.4S","position":18,"diffFirstMs":301800,"diffFirst":"PT5M1.8S","diffPrevMs":16000,"diffPrev":"PT16S"},{"entryId":3562,"stageTimeMs":5263700,"stageTime":"PT1H27M43.7S","penaltyTimeMs":0,"penaltyTime":"PT0S","totalTimeMs":5263700,"totalTime":"PT1H27M43.7S","position":19,"diffFirstMs":308100,"diffFirst":"PT5M8.1S","diffPrevMs":6300,"diffPrev":"PT6.3S"},{"entryId":3547,"stageTimeMs":5283700,"stageTime":"PT1H28M3.7S","penaltyTimeMs":0,"penaltyTime":"PT0S","totalTimeMs":5283700,"totalTime":"PT1H28M3.7S","position":20,"diffFirstMs":328100,"diffFirst":"PT5M28.1S","diffPrevMs":20000,"diffPrev":"PT20S"},{"entryId":3541,"stageTimeMs":5284300,"stageTime":"PT1H28M4.3S","penaltyTimeMs":0,"penaltyTime":"PT0S","totalTimeMs":5284300,"totalTime":"PT1H28M4.3S","position":21,"diffFirstMs":328700,"diffFirst":"PT5M28.7S","diffPrevMs":600,"diffPrev":"PT0.6S"},{"entryId":3543,"stageTimeMs":5371300,"stageTime":"PT1H29M31.3S","penaltyTimeMs":0,"penaltyTime":"PT0S","totalTimeMs":5371300,"totalTime":"PT1H29M31.3S","position":22,"diffFirstMs":415700,"diffFirst":"PT6M55.7S","diffPrevMs":87000,"diffPrev":"PT1M27S"},{"entryId":3554,"stageTimeMs":5399000,"stageTime":"PT1H29M59S","penaltyTimeMs":0,"penaltyTime":"PT0S","totalTimeMs":5399000,"totalTime":"PT1H29M59S","position":23,"diffFirstMs":443400,"diffFirst":"PT7M23.4S","diffPrevMs":27700,"diffPrev":"PT27.7S"},{"entryId":3555,"stageTimeMs":5432000,"stageTime":"PT1H30M32S","penaltyTimeMs":0,"penaltyTime":"PT0S","totalTimeMs":5432000,"totalTime":"PT1H30M32S","position":24,"diffFirstMs":476400,"diffFirst":"PT7M56.4S","diffPrevMs":33000,"diffPrev":"PT33S"},{"entryId":3559,"stageTimeMs":5433500,"stageTime":"PT1H30M33.5S","penaltyTimeMs":0,"penaltyTime":"PT0S","totalTimeMs":5433500,"totalTime":"PT1H30M33.5S","position":25,"diffFirstMs":477900,"diffFirst":"PT7M57.9S","diffPrevMs":1500,"diffPrev":"PT1.5S"},{"entryId":3536,"stageTimeMs":5449400,"stageTime":"PT1H30M49.4S","penaltyTimeMs":10000,"penaltyTime":"PT10S","totalTimeMs":5459400,"totalTime":"PT1H30M59.4S","position":26,"diffFirstMs":503800,"diffFirst":"PT8M23.8S","diffPrevMs":25900,"diffPrev":"PT25.9S"},{"entryId":3542,"stageTimeMs":5534000,"stageTime":"PT1H32M14S","penaltyTimeMs":0,"penaltyTime":"PT0S","totalTimeMs":5534000,"totalTime":"PT1H32M14S","position":27,"diffFirstMs":578400,"diffFirst":"PT9M38.4S","diffPrevMs":74600,"diffPrev":"PT1M14.6S"},{"entryId":3532,"stageTimeMs":5539500,"stageTime":"PT1H32M19.5S","penaltyTimeMs":0,"penaltyTime":"PT0S","totalTimeMs":5539500,"totalTime":"PT1H32M19.5S","position":28,"diffFirstMs":583900,"diffFirst":"PT9M43.9S","diffPrevMs":5500,"diffPrev":"PT5.5S"},{"entryId":3581,"stageTimeMs":5562300,"stageTime":"PT1H32M42.3S","penaltyTimeMs":0,"penaltyTime":"PT0S","totalTimeMs":5562300,"totalTime":"PT1H32M42.3S","position":29,"diffFirstMs":606700,"diffFirst":"PT10M6.7S","diffPrevMs":22800,"diffPrev":"PT22.8S"},{"entryId":3576,"stageTimeMs":5625400,"stageTime":"PT1H33M45.4S","penaltyTimeMs":0,"penaltyTime":"PT0S","totalTimeMs":5625400,"totalTime":"PT1H33M45.4S","position":30,"diffFirstMs":669800,"diffFirst":"PT11M9.8S","diffPrevMs":63100,"diffPrev":"PT1M3.1S"},{"entryId":3563,"stageTimeMs":5638700,"stageTime":"PT1H33M58.7S","penaltyTimeMs":0,"penaltyTime":"PT0S","totalTimeMs":5638700,"totalTime":"PT1H33M58.7S","position":31,"diffFirstMs":683100,"diffFirst":"PT11M23.1S","diffPrevMs":13300,"diffPrev":"PT13.3S"},{"entryId":3560,"stageTimeMs":5673700,"stageTime":"PT1H34M33.7S","penaltyTimeMs":10000,"penaltyTime":"PT10S","totalTimeMs":5683700,"totalTime":"PT1H34M43.7S","position":32,"diffFirstMs":728100,"diffFirst":"PT12M8.1S","diffPrevMs":45000,"diffPrev":"PT45S"},{"entryId":3578,"stageTimeMs":5715100,"stageTime":"PT1H35M15.1S","penaltyTimeMs":0,"penaltyTime":"PT0S","totalTimeMs":5715100,"totalTime":"PT1H35M15.1S","position":33,"diffFirstMs":759500,"diffFirst":"PT12M39.5S","diffPrevMs":31400,"diffPrev":"PT31.4S"},{"entryId":3566,"stageTimeMs":5715200,"stageTime":"PT1H35M15.2S","penaltyTimeMs":0,"penaltyTime":"PT0S","totalTimeMs":5715200,"totalTime":"PT1H35M15.2S","position":34,"diffFirstMs":759600,"diffFirst":"PT12M39.6S","diffPrevMs":100,"diffPrev":"PT0.1S"},{"entryId":3565,"stageTimeMs":5760600,"stageTime":"PT1H36M0.6S","penaltyTimeMs":0,"penaltyTime":"PT0S","totalTimeMs":5760600,"totalTime":"PT1H36M0.6S","position":35,"diffFirstMs":805000,"diffFirst":"PT13M25S","diffPrevMs":45400,"diffPrev":"PT45.4S"},{"entryId":3567,"stageTimeMs":5779200,"stageTime":"PT1H36M19.2S","penaltyTimeMs":0,"penaltyTime":"PT0S","totalTimeMs":5779200,"totalTime":"PT1H36M19.2S","position":36,"diffFirstMs":823600,"diffFirst":"PT13M43.6S","diffPrevMs":18600,"diffPrev":"PT18.6S"},{"entryId":3570,"stageTimeMs":5846400,"stageTime":"PT1H37M26.4S","penaltyTimeMs":0,"penaltyTime":"PT0S","totalTimeMs":5846400,"totalTime":"PT1H37M26.4S","position":37,"diffFirstMs":890800,"diffFirst":"PT14M50.8S","diffPrevMs":67200,"diffPrev":"PT1M7.2S"},{"entryId":3585,"stageTimeMs":5867900,"stageTime":"PT1H37M47.9S","penaltyTimeMs":0,"penaltyTime":"PT0S","totalTimeMs":5867900,"totalTime":"PT1H37M47.9S","position":38,"diffFirstMs":912300,"diffFirst":"PT15M12.3S","diffPrevMs":21500,"diffPrev":"PT21.5S"},{"entryId":3558,"stageTimeMs":5871300,"stageTime":"PT1H37M51.3S","penaltyTimeMs":0,"penaltyTime":"PT0S","totalTimeMs":5871300,"totalTime":"PT1H37M51.3S","position":39,"diffFirstMs":915700,"diffFirst":"PT15M15.7S","diffPrevMs":3400,"diffPrev":"PT3.4S"},{"entryId":3569,"stageTimeMs":5992800,"stageTime":"PT1H39M52.8S","penaltyTimeMs":0,"penaltyTime":"PT0S","totalTimeMs":5992800,"totalTime":"PT1H39M52.8S","position":40,"diffFirstMs":1037200,"diffFirst":"PT17M17.2S","diffPrevMs":121500,"diffPrev":"PT2M1.5S"},{"entryId":3575,"stageTimeMs":6015400,"stageTime":"PT1H40M15.4S","penaltyTimeMs":0,"penaltyTime":"PT0S","totalTimeMs":6015400,"totalTime":"PT1H40M15.4S","position":41,"diffFirstMs":1059800,"diffFirst":"PT17M39.8S","diffPrevMs":22600,"diffPrev":"PT22.6S"},{"entryId":3557,"stageTimeMs":6018300,"stageTime":"PT1H40M18.3S","penaltyTimeMs":0,"penaltyTime":"PT0S","totalTimeMs":6018300,"totalTime":"PT1H40M18.3S","position":42,"diffFirstMs":1062700,"diffFirst":"PT17M42.7S","diffPrevMs":2900,"diffPrev":"PT2.9S"},{"entryId":3574,"stageTimeMs":6065100,"stageTime":"PT1H41M5.1S","penaltyTimeMs":0,"penaltyTime":"PT0S","totalTimeMs":6065100,"totalTime":"PT1H41M5.1S","position":43,"diffFirstMs":1109500,"diffFirst":"PT18M29.5S","diffPrevMs":46800,"diffPrev":"PT46.8S"},{"entryId":3582,"stageTimeMs":5947100,"stageTime":"PT1H39M7.1S","penaltyTimeMs":200000,"penaltyTime":"PT3M20S","totalTimeMs":6147100,"totalTime":"PT1H42M27.1S","position":44,"diffFirstMs":1191500,"diffFirst":"PT19M51.5S","diffPrevMs":82000,"diffPrev":"PT1M22S"},{"entryId":3573,"stageTimeMs":6216800,"stageTime":"PT1H43M36.8S","penaltyTimeMs":0,"penaltyTime":"PT0S","totalTimeMs":6216800,"totalTime":"PT1H43M36.8S","position":45,"diffFirstMs":1261200,"diffFirst":"PT21M1.2S","diffPrevMs":69700,"diffPrev":"PT1M9.7S"},{"entryId":3526,"stageTimeMs":6227000,"stageTime":"PT1H43M47S","penaltyTimeMs":0,"penaltyTime":"PT0S","totalTimeMs":6227000,"totalTime":"PT1H43M47S","position":46,"diffFirstMs":1271400,"diffFirst":"PT21M11.4S","diffPrevMs":10200,"diffPrev":"PT10.2S"},{"entryId":3568,"stageTimeMs":6484200,"stageTime":"PT1H48M4.2S","penaltyTimeMs":0,"penaltyTime":"PT0S","totalTimeMs":6484200,"totalTime":"PT1H48M4.2S","position":47,"diffFirstMs":1528600,"diffFirst":"PT25M28.6S","diffPrevMs":257200,"diffPrev":"PT4M17.2S"},{"entryId":3587,"stageTimeMs":6493000,"stageTime":"PT1H48M13S","penaltyTimeMs":10000,"penaltyTime":"PT10S","totalTimeMs":6503000,"totalTime":"PT1H48M23S","position":48,"diffFirstMs":1547400,"diffFirst":"PT25M47.4S","diffPrevMs":18800,"diffPrev":"PT18.8S"},{"entryId":3556,"stageTimeMs":6516000,"stageTime":"PT1H48M36S","penaltyTimeMs":0,"penaltyTime":"PT0S","totalTimeMs":6516000,"totalTime":"PT1H48M36S","position":49,"diffFirstMs":1560400,"diffFirst":"PT26M0.4S","diffPrevMs":13000,"diffPrev":"PT13S"},{"entryId":3586,"stageTimeMs":7004800,"stageTime":"PT1H56M44.8S","penaltyTimeMs":70000,"penaltyTime":"PT1M10S","totalTimeMs":7074800,"totalTime":"PT1H57M54.8S","position":50,"diffFirstMs":2119200,"diffFirst":"PT35M19.2S","diffPrevMs":558800,"diffPrev":"PT9M18.8S"},{"entryId":3564,"stageTimeMs":6843000,"stageTime":"PT1H54M3S","penaltyTimeMs":300000,"penaltyTime":"PT5M","totalTimeMs":7143000,"totalTime":"PT1H59M3S","position":51,"diffFirstMs":2187400,"diffFirst":"PT36M27.4S","diffPrevMs":68200,"diffPrev":"PT1M8.2S"},{"entryId":3537,"stageTimeMs":7180100,"stageTime":"PT1H59M40.1S","penaltyTimeMs":0,"penaltyTime":"PT0S","totalTimeMs":7180100,"totalTime":"PT1H59M40.1S","position":52,"diffFirstMs":2224500,"diffFirst":"PT37M4.5S","diffPrevMs":37100,"diffPrev":"PT37.1S"},{"entryId":3561,"stageTimeMs":7318500,"stageTime":"PT2H1M58.5S","penaltyTimeMs":0,"penaltyTime":"PT0S","totalTimeMs":7318500,"totalTime":"PT2H1M58.5S","position":53,"diffFirstMs":2362900,"diffFirst":"PT39M22.9S","diffPrevMs":138400,"diffPrev":"PT2M18.4S"},{"entryId":3584,"stageTimeMs":7706400,"stageTime":"PT2H8M26.4S","penaltyTimeMs":0,"penaltyTime":"PT0S","totalTimeMs":7706400,"totalTime":"PT2H8M26.4S","position":54,"diffFirstMs":2750800,"diffFirst":"PT45M50.8S","diffPrevMs":387900,"diffPrev":"PT6M27.9S"},{"entryId":3571,"stageTimeMs":7892600,"stageTime":"PT2H11M32.6S","penaltyTimeMs":0,"penaltyTime":"PT0S","totalTimeMs":7892600,"totalTime":"PT2H11M32.6S","position":55,"diffFirstMs":2937000,"diffFirst":"PT48M57S","diffPrevMs":186200,"diffPrev":"PT3M6.2S"},{"entryId":3580,"stageTimeMs":7948000,"stageTime":"PT2H12M28S","penaltyTimeMs":0,"penaltyTime":"PT0S","totalTimeMs":7948000,"totalTime":"PT2H12M28S","position":56,"diffFirstMs":2992400,"diffFirst":"PT49M52.4S","diffPrevMs":55400,"diffPrev":"PT55.4S"},{"entryId":3544,"stageTimeMs":8109900,"stageTime":"PT2H15M9.9S","penaltyTimeMs":0,"penaltyTime":"PT0S","totalTimeMs":8109900,"totalTime":"PT2H15M9.9S","position":57,"diffFirstMs":3154300,"diffFirst":"PT52M34.3S","diffPrevMs":161900,"diffPrev":"PT2M41.9S"},{"entryId":3572,"stageTimeMs":8036600,"stageTime":"PT2H13M56.6S","penaltyTimeMs":100000,"penaltyTime":"PT1M40S","totalTimeMs":8136600,"totalTime":"PT2H15M36.6S","position":58,"diffFirstMs":3181000,"diffFirst":"PT53M1S","diffPrevMs":26700,"diffPrev":"PT26.7S"},{"entryId":3583,"stageTimeMs":9779200,"stageTime":"PT2H42M59.2S","penaltyTimeMs":0,"penaltyTime":"PT0S","totalTimeMs":9779200,"totalTime":"PT2H42M59.2S","position":59,"diffFirstMs":4823600,"diffFirst":"PT1H20M23.6S","diffPrevMs":1642600,"diffPrev":"PT27M22.6S"}]