[{"startDateTime":"2019-05-10T20:43:00","startDateTimeLocal":"2019-05-10T16:43:00-04:00","stageTimeDurationMs":851000,"stageTimeDuration":"00:14:11","splitPointTimeId":71976,"splitPointId":2284,"entryId":19574,"elapsedDurationMs":149600,"elapsedDuration":"PT2M29.6S","splitDateTime":"2019-05-10T20:45:29.6","splitDateTimeLocal":"2019-05-10T16:45:29.6-04:00"},{"startDateTime":"2019-05-10T20:45:00","startDateTimeLocal":"2019-05-10T16:45:00-04:00","stageTimeDurationMs":849200,"stageTimeDuration":"00:14:09.2000000","splitPointTimeId":71981,"splitPointId":2284,"entryId":19568,"elapsedDurationMs":150700,"elapsedDuration":"PT2M30.7S","splitDateTime":"2019-05-10T20:47:30.7","splitDateTimeLocal":"2019-05-10T16:47:30.7-04:00"},{"startDateTime":"2019-05-10T20:48:00","startDateTimeLocal":"2019-05-10T16:48:00-04:00","stageTimeDurationMs":843400,"stageTimeDuration":"00:14:03.4000000","splitPointTimeId":71991,"splitPointId":2284,"entryId":19572,"elapsedDurationMs":147700,"elapsedDuration":"PT2M27.7S","splitDateTime":"2019-05-10T20:50:27.7","splitDateTimeLocal":"2019-05-10T16:50:27.7-04:00"},{"startDateTime":"2019-05-10T20:51:00","startDateTimeLocal":"2019-05-10T16:51:00-04:00","stageTimeDurationMs":850500,"stageTimeDuration":"00:14:10.5000000","splitPointTimeId":71997,"splitPointId":2284,"entryId":19571,"elapsedDurationMs":150400,"elapsedDuration":"PT2M30.4S","splitDateTime":"2019-05-10T20:53:30.4","splitDateTimeLocal":"2019-05-10T16:53:30.4-04:00"},{"startDateTime":"2019-05-10T20:54:00","startDateTimeLocal":"2019-05-10T16:54:00-04:00","stageTimeDurationMs":862700,"stageTimeDuration":"00:14:22.7000000","splitPointTimeId":72013,"splitPointId":2284,"entryId":19576,"elapsedDurationMs":151700,"elapsedDuration":"PT2M31.7S","splitDateTime":"2019-05-10T20:56:31.7","splitDateTimeLocal":"2019-05-10T16:56:31.7-04:00"},{"startDateTime":"2019-05-10T20:57:00","startDateTimeLocal":"2019-05-10T16:57:00-04:00","stageTimeDurationMs":871300,"stageTimeDuration":"00:14:31.3000000","splitPointTimeId":72023,"splitPointId":2284,"entryId":19578,"elapsedDurationMs":153200,"elapsedDuration":"PT2M33.2S","splitDateTime":"2019-05-10T20:59:33.2","splitDateTimeLocal":"2019-05-10T16:59:33.2-04:00"},{"startDateTime":"2019-05-10T21:00:00","startDateTimeLocal":"2019-05-10T17:00:00-04:00","stageTimeDurationMs":849200,"stageTimeDuration":"00:14:09.2000000","splitPointTimeId":72033,"splitPointId":2284,"entryId":19573,"elapsedDurationMs":147700,"elapsedDuration":"PT2M27.7S","splitDateTime":"2019-05-10T21:02:27.7","splitDateTimeLocal":"2019-05-10T17:02:27.7-04:00"},{"startDateTime":"2019-05-10T21:03:00","startDateTimeLocal":"2019-05-10T17:03:00-04:00","stageTimeDurationMs":858000,"stageTimeDuration":"00:14:18","splitPointTimeId":72042,"splitPointId":2284,"entryId":19570,"elapsedDurationMs":151100,"elapsedDuration":"PT2M31.1S","splitDateTime":"2019-05-10T21:05:31.1","splitDateTimeLocal":"2019-05-10T17:05:31.1-04:00"},{"startDateTime":"2019-05-10T21:06:00","startDateTimeLocal":"2019-05-10T17:06:00-04:00","stageTimeDurationMs":847100,"stageTimeDuration":"00:14:07.1000000","splitPointTimeId":72056,"splitPointId":2284,"entryId":19575,"elapsedDurationMs":149600,"elapsedDuration":"PT2M29.6S","splitDateTime":"2019-05-10T21:08:29.6","splitDateTimeLocal":"2019-05-10T17:08:29.6-04:00"},{"startDateTime":"2019-05-10T21:09:00","startDateTimeLocal":"2019-05-10T17:09:00-04:00","stageTimeDurationMs":866900,"stageTimeDuration":"00:14:26.9000000","splitPointTimeId":72066,"splitPointId":2284,"entryId":19569,"elapsedDurationMs":154200,"elapsedDuration":"PT2M34.2S","splitDateTime":"2019-05-10T21:11:34.2","splitDateTimeLocal":"2019-05-10T17:11:34.2-04:00"},{"startDateTime":"2019-05-10T21:12:00","startDateTimeLocal":"2019-05-10T17:12:00-04:00","stageTimeDurationMs":907300,"stageTimeDuration":"00:15:07.3000000","splitPointTimeId":72074,"splitPointId":2284,"entryId":19577,"elapsedDurationMs":161700,"elapsedDuration":"PT2M41.7S","splitDateTime":"2019-05-10T21:14:41.7","splitDateTimeLocal":"2019-05-10T17:14:41.7-04:00"},{"startDateTime":"2019-05-10T21:15:00","startDateTimeLocal":"2019-05-10T17:15:00-04:00","stageTimeDurationMs":908500,"stageTimeDuration":"00:15:08.5000000","splitPointTimeId":72087,"splitPointId":2284,"entryId":19579,"elapsedDurationMs":161200,"elapsedDuration":"PT2M41.2S","splitDateTime":"2019-05-10T21:17:41.2","splitDateTimeLocal":"2019-05-10T17:17:41.2-04:00"},{"startDateTime":"2019-05-10T21:18:00","startDateTimeLocal":"2019-05-10T17:18:00-04:00","stageTimeDurationMs":888300,"stageTimeDuration":"00:14:48.3000000","splitPointTimeId":72094,"splitPointId":2284,"entryId":19581,"elapsedDurationMs":158600,"elapsedDuration":"PT2M38.6S","splitDateTime":"2019-05-10T21:20:38.6","splitDateTimeLocal":"2019-05-10T17:20:38.6-04:00"},{"startDateTime":"2019-05-10T21:21:00","startDateTimeLocal":"2019-05-10T17:21:00-04:00","stageTimeDurationMs":887500,"stageTimeDuration":"00:14:47.5000000","splitPointTimeId":72105,"splitPointId":2284,"entryId":19580,"elapsedDurationMs":159400,"elapsedDuration":"PT2M39.4S","splitDateTime":"2019-05-10T21:23:39.4","splitDateTimeLocal":"2019-05-10T17:23:39.4-04:00"},{"startDateTime":"2019-05-10T21:24:00","startDateTimeLocal":"2019-05-10T17:24:00-04:00","stageTimeDurationMs":914800,"stageTimeDuration":"00:15:14.8000000","splitPointTimeId":72115,"splitPointId":2284,"entryId":19582,"elapsedDurationMs":162900,"elapsedDuration":"PT2M42.9S","splitDateTime":"2019-05-10T21:26:42.9","splitDateTimeLocal":"2019-05-10T17:26:42.9-04:00"},{"startDateTime":"2019-05-10T21:27:00","startDateTimeLocal":"2019-05-10T17:27:00-04:00","stageTimeDurationMs":939700,"stageTimeDuration":"00:15:39.7000000","splitPointTimeId":72125,"splitPointId":2284,"entryId":19583,"elapsedDurationMs":166500,"elapsedDuration":"PT2M46.5S","splitDateTime":"2019-05-10T21:29:46.5","splitDateTimeLocal":"2019-05-10T17:29:46.5-04:00"},{"startDateTime":"2019-05-10T21:30:00","startDateTimeLocal":"2019-05-10T17:30:00-04:00","stageTimeDurationMs":924400,"stageTimeDuration":"00:15:24.4000000","splitPointTimeId":72133,"splitPointId":2284,"entryId":19584,"elapsedDurationMs":163400,"elapsedDuration":"PT2M43.4S","splitDateTime":"2019-05-10T21:32:43.4","splitDateTimeLocal":"2019-05-10T17:32:43.4-04:00"},{"startDateTime":"2019-05-10T21:33:00","startDateTimeLocal":"2019-05-10T17:33:00-04:00","stageTimeDurationMs":938600,"stageTimeDuration":"00:15:38.6000000","splitPointTimeId":72146,"splitPointId":2284,"entryId":19586,"elapsedDurationMs":166000,"elapsedDuration":"PT2M46S","splitDateTime":"2019-05-10T21:35:46","splitDateTimeLocal":"2019-05-10T17:35:46-04:00"},{"startDateTime":"2019-05-10T21:36:00","startDateTimeLocal":"2019-05-10T17:36:00-04:00","stageTimeDurationMs":1012900,"stageTimeDuration":"00:16:52.9000000","splitPointTimeId":72153,"splitPointId":2284,"entryId":19588,"elapsedDurationMs":182000,"elapsedDuration":"PT3M2S","splitDateTime":"2019-05-10T21:39:02","splitDateTimeLocal":"2019-05-10T17:39:02-04:00"},{"startDateTime":"2019-05-10T21:39:00","startDateTimeLocal":"2019-05-10T17:39:00-04:00","stageTimeDurationMs":939300,"stageTimeDuration":"00:15:39.3000000","splitPointTimeId":72162,"splitPointId":2284,"entryId":19594,"elapsedDurationMs":166900,"elapsedDuration":"PT2M46.9S","splitDateTime":"2019-05-10T21:41:46.9","splitDateTimeLocal":"2019-05-10T17:41:46.9-04:00"},{"startDateTime":"2019-05-10T21:42:00","startDateTimeLocal":"2019-05-10T17:42:00-04:00","stageTimeDurationMs":962300,"stageTimeDuration":"00:16:02.3000000","splitPointTimeId":72175,"splitPointId":2284,"entryId":19595,"elapsedDurationMs":171200,"elapsedDuration":"PT2M51.2S","splitDateTime":"2019-05-10T21:44:51.2","splitDateTimeLocal":"2019-05-10T17:44:51.2-04:00"},{"startDateTime":"2019-05-10T21:45:00","startDateTimeLocal":"2019-05-10T17:45:00-04:00","stageTimeDurationMs":947900,"stageTimeDuration":"00:15:47.9000000","splitPointTimeId":72184,"splitPointId":2284,"entryId":19591,"elapsedDurationMs":166200,"elapsedDuration":"PT2M46.2S","splitDateTime":"2019-05-10T21:47:46.2","splitDateTimeLocal":"2019-05-10T17:47:46.2-04:00"},{"startDateTime":"2019-05-10T21:48:00","startDateTimeLocal":"2019-05-10T17:48:00-04:00","stageTimeDurationMs":944000,"stageTimeDuration":"00:15:44","splitPointTimeId":72189,"splitPointId":2284,"entryId":19600,"elapsedDurationMs":165700,"elapsedDuration":"PT2M45.7S","splitDateTime":"2019-05-10T21:50:45.7","splitDateTimeLocal":"2019-05-10T17:50:45.7-04:00"},{"startDateTime":"2019-05-10T21:51:00","startDateTimeLocal":"2019-05-10T17:51:00-04:00","stageTimeDurationMs":1003600,"stageTimeDuration":"00:16:43.6000000","splitPointTimeId":72211,"splitPointId":2284,"entryId":19597,"elapsedDurationMs":180400,"elapsedDuration":"PT3M0.4S","splitDateTime":"2019-05-10T21:54:00.4","splitDateTimeLocal":"2019-05-10T17:54:00.4-04:00"},{"startDateTime":"2019-05-10T21:56:00","startDateTimeLocal":"2019-05-10T17:56:00-04:00","stageTimeDurationMs":1028700,"stageTimeDuration":"00:17:08.7000000","splitPointTimeId":72224,"splitPointId":2284,"entryId":19599,"elapsedDurationMs":184500,"elapsedDuration":"PT3M4.5S","splitDateTime":"2019-05-10T21:59:04.5","splitDateTimeLocal":"2019-05-10T17:59:04.5-04:00"},{"startDateTime":"2019-05-10T22:00:00","startDateTimeLocal":"2019-05-10T18:00:00-04:00","stageTimeDurationMs":984000,"stageTimeDuration":"00:16:24","splitPointTimeId":72236,"splitPointId":2284,"entryId":19592,"elapsedDurationMs":174500,"elapsedDuration":"PT2M54.5S","splitDateTime":"2019-05-10T22:02:54.5","splitDateTimeLocal":"2019-05-10T18:02:54.5-04:00"},{"startDateTime":"2019-05-10T22:04:00","startDateTimeLocal":"2019-05-10T18:04:00-04:00","stageTimeDurationMs":1070500,"stageTimeDuration":"00:17:50.5000000","splitPointTimeId":72247,"splitPointId":2284,"entryId":19602,"elapsedDurationMs":190000,"elapsedDuration":"PT3M10S","splitDateTime":"2019-05-10T22:07:10","splitDateTimeLocal":"2019-05-10T18:07:10-04:00"},{"startDateTime":"2019-05-10T22:08:00","startDateTimeLocal":"2019-05-10T18:08:00-04:00","stageTimeDurationMs":1162300,"stageTimeDuration":"00:19:22.3000000","splitPointTimeId":72252,"splitPointId":2284,"entryId":19606,"elapsedDurationMs":204400,"elapsedDuration":"PT3M24.4S","splitDateTime":"2019-05-10T22:11:24.4","splitDateTimeLocal":"2019-05-10T18:11:24.4-04:00"},{"startDateTime":"2019-05-10T22:12:00","startDateTimeLocal":"2019-05-10T18:12:00-04:00","stageTimeDurationMs":1420900,"stageTimeDuration":"00:23:40.9000000","splitPointTimeId":72260,"splitPointId":2284,"entryId":19608,"elapsedDurationMs":243000,"elapsedDuration":"PT4M3S","splitDateTime":"2019-05-10T22:16:03","splitDateTimeLocal":"2019-05-10T18:16:03-04:00"},{"startDateTime":"2019-05-10T22:16:00","startDateTimeLocal":"2019-05-10T18:16:00-04:00","stageTimeDurationMs":1340900,"stageTimeDuration":"00:22:20.9000000","splitPointTimeId":72266,"splitPointId":2284,"entryId":19610,"elapsedDurationMs":241500,"elapsedDuration":"PT4M1.5S","splitDateTime":"2019-05-10T22:20:01.5","splitDateTimeLocal":"2019-05-10T18:20:01.5-04:00"},{"startDateTime":"2019-05-10T22:25:00","startDateTimeLocal":"2019-05-10T18:25:00-04:00","stageTimeDurationMs":1115000,"stageTimeDuration":"00:18:35","splitPointTimeId":72275,"splitPointId":2284,"entryId":19625,"elapsedDurationMs":278700,"elapsedDuration":"PT4M38.7S","splitDateTime":"2019-05-10T22:29:38.7","splitDateTimeLocal":"2019-05-10T18:29:38.7-04:00"},{"startDateTime":"2019-05-10T22:28:00","startDateTimeLocal":"2019-05-10T18:28:00-04:00","stageTimeDurationMs":1115000,"stageTimeDuration":"00:18:35","splitPointTimeId":72278,"splitPointId":2284,"entryId":19620,"elapsedDurationMs":289000,"elapsedDuration":"PT4M49S","splitDateTime":"2019-05-10T22:32:49","splitDateTimeLocal":"2019-05-10T18:32:49-04:00"},{"startDateTime":"2019-05-10T22:34:00","startDateTimeLocal":"2019-05-10T18:34:00-04:00","stageTimeDurationMs":1115000,"stageTimeDuration":"00:18:35","splitPointTimeId":72285,"splitPointId":2284,"entryId":19627,"elapsedDurationMs":417400,"elapsedDuration":"PT6M57.4S","splitDateTime":"2019-05-10T22:40:57.4","splitDateTimeLocal":"2019-05-10T18:40:57.4-04:00"},{"startDateTime":"2019-05-10T22:37:00","startDateTimeLocal":"2019-05-10T18:37:00-04:00","stageTimeDurationMs":1115000,"stageTimeDuration":"00:18:35","splitPointTimeId":72287,"splitPointId":2284,"entryId":19624,"elapsedDurationMs":291000,"elapsedDuration":"PT4M51S","splitDateTime":"2019-05-10T22:41:51","splitDateTimeLocal":"2019-05-10T18:41:51-04:00"},{"startDateTime":"2019-05-10T22:40:00","startDateTimeLocal":"2019-05-10T18:40:00-04:00","stageTimeDurationMs":1115000,"stageTimeDuration":"00:18:35","splitPointTimeId":72290,"splitPointId":2284,"entryId":19618,"elapsedDurationMs":261200,"elapsedDuration":"PT4M21.2S","splitDateTime":"2019-05-10T22:44:21.2","splitDateTimeLocal":"2019-05-10T18:44:21.2-04:00"},{"startDateTime":"2019-05-10T22:43:00","startDateTimeLocal":"2019-05-10T18:43:00-04:00","stageTimeDurationMs":1115000,"stageTimeDuration":"00:18:35","splitPointTimeId":72295,"splitPointId":2284,"entryId":19615,"elapsedDurationMs":422700,"elapsedDuration":"PT7M2.7S","splitDateTime":"2019-05-10T22:52:02.7","splitDateTimeLocal":"2019-05-10T18:52:02.7-04:00"},{"startDateTime":"2019-05-10T22:45:00","startDateTimeLocal":"2019-05-10T18:45:00-04:00","stageTimeDurationMs":1115000,"stageTimeDuration":"00:18:35","splitPointTimeId":72297,"splitPointId":2284,"entryId":19617,"elapsedDurationMs":341200,"elapsedDuration":"PT5M41.2S","splitDateTime":"2019-05-10T22:50:41.2","splitDateTimeLocal":"2019-05-10T18:50:41.2-04:00"},{"startDateTime":"2019-05-10T22:52:00","startDateTimeLocal":"2019-05-10T18:52:00-04:00","stageTimeDurationMs":1115000,"stageTimeDuration":"00:18:35","splitPointTimeId":72305,"splitPointId":2284,"entryId":19612,"elapsedDurationMs":356400,"elapsedDuration":"PT5M56.4S","splitDateTime":"2019-05-10T22:57:56.4","splitDateTimeLocal":"2019-05-10T18:57:56.4-04:00"},{"startDateTime":"2019-05-10T23:08:00","startDateTimeLocal":"2019-05-10T19:08:00-04:00","stageTimeDurationMs":1115000,"stageTimeDuration":"00:18:35","splitPointTimeId":72325,"splitPointId":2284,"entryId":19623,"elapsedDurationMs":310900,"elapsedDuration":"PT5M10.9S","splitDateTime":"2019-05-10T23:13:10.9","splitDateTimeLocal":"2019-05-10T19:13:10.9-04:00"},{"startDateTime":"2019-05-10T20:43:00","startDateTimeLocal":"2019-05-10T16:43:00-04:00","stageTimeDurationMs":851000,"stageTimeDuration":"00:14:11","splitPointTimeId":71999,"splitPointId":2285,"entryId":19574,"elapsedDurationMs":653600,"elapsedDuration":"PT10M53.6S","splitDateTime":"2019-05-10T20:53:53.6","splitDateTimeLocal":"2019-05-10T16:53:53.6-04:00"},{"startDateTime":"2019-05-10T20:45:00","startDateTimeLocal":"2019-05-10T16:45:00-04:00","stageTimeDurationMs":849200,"stageTimeDuration":"00:14:09.2000000","splitPointTimeId":72007,"splitPointId":2285,"entryId":19568,"elapsedDurationMs":653800,"elapsedDuration":"PT10M53.8S","splitDateTime":"2019-05-10T20:55:53.8","splitDateTimeLocal":"2019-05-10T16:55:53.8-04:00"},{"startDateTime":"2019-05-10T20:48:00","startDateTimeLocal":"2019-05-10T16:48:00-04:00","stageTimeDurationMs":843400,"stageTimeDuration":"00:14:03.4000000","splitPointTimeId":72021,"splitPointId":2285,"entryId":19572,"elapsedDurationMs":648600,"elapsedDuration":"PT10M48.6S","splitDateTime":"2019-05-10T20:58:48.6","splitDateTimeLocal":"2019-05-10T16:58:48.6-04:00"},{"startDateTime":"2019-05-10T20:51:00","startDateTimeLocal":"2019-05-10T16:51:00-04:00","stageTimeDurationMs":850500,"stageTimeDuration":"00:14:10.5000000","splitPointTimeId":72032,"splitPointId":2285,"entryId":19571,"elapsedDurationMs":654100,"elapsedDuration":"PT10M54.1S","splitDateTime":"2019-05-10T21:01:54.1","splitDateTimeLocal":"2019-05-10T17:01:54.1-04:00"},{"startDateTime":"2019-05-10T20:54:00","startDateTimeLocal":"2019-05-10T16:54:00-04:00","stageTimeDurationMs":862700,"stageTimeDuration":"00:14:22.7000000","splitPointTimeId":72041,"splitPointId":2285,"entryId":19576,"elapsedDurationMs":662500,"elapsedDuration":"PT11M2.5S","splitDateTime":"2019-05-10T21:05:02.5","splitDateTimeLocal":"2019-05-10T17:05:02.5-04:00"},{"startDateTime":"2019-05-10T20:57:00","startDateTimeLocal":"2019-05-10T16:57:00-04:00","stageTimeDurationMs":871300,"stageTimeDuration":"00:14:31.3000000","splitPointTimeId":72053,"splitPointId":2285,"entryId":19578,"elapsedDurationMs":664700,"elapsedDuration":"PT11M4.7S","splitDateTime":"2019-05-10T21:08:04.7","splitDateTimeLocal":"2019-05-10T17:08:04.7-04:00"},{"startDateTime":"2019-05-10T21:00:00","startDateTimeLocal":"2019-05-10T17:00:00-04:00","stageTimeDurationMs":849200,"stageTimeDuration":"00:14:09.2000000","splitPointTimeId":72063,"splitPointId":2285,"entryId":19573,"elapsedDurationMs":649200,"elapsedDuration":"PT10M49.2S","splitDateTime":"2019-05-10T21:10:49.2","splitDateTimeLocal":"2019-05-10T17:10:49.2-04:00"},{"startDateTime":"2019-05-10T21:03:00","startDateTimeLocal":"2019-05-10T17:03:00-04:00","stageTimeDurationMs":858000,"stageTimeDuration":"00:14:18","splitPointTimeId":72069,"splitPointId":2285,"entryId":19570,"elapsedDurationMs":659100,"elapsedDuration":"PT10M59.1S","splitDateTime":"2019-05-10T21:13:59.1","splitDateTimeLocal":"2019-05-10T17:13:59.1-04:00"},{"startDateTime":"2019-05-10T21:06:00","startDateTimeLocal":"2019-05-10T17:06:00-04:00","stageTimeDurationMs":847100,"stageTimeDuration":"00:14:07.1000000","splitPointTimeId":72084,"splitPointId":2285,"entryId":19575,"elapsedDurationMs":652500,"elapsedDuration":"PT10M52.5S","splitDateTime":"2019-05-10T21:16:52.5","splitDateTimeLocal":"2019-05-10T17:16:52.5-04:00"},{"startDateTime":"2019-05-10T21:09:00","startDateTimeLocal":"2019-05-10T17:09:00-04:00","stageTimeDurationMs":866900,"stageTimeDuration":"00:14:26.9000000","splitPointTimeId":72093,"splitPointId":2285,"entryId":19569,"elapsedDurationMs":667100,"elapsedDuration":"PT11M7.1S","splitDateTime":"2019-05-10T21:20:07.1","splitDateTimeLocal":"2019-05-10T17:20:07.1-04:00"},{"startDateTime":"2019-05-10T21:12:00","startDateTimeLocal":"2019-05-10T17:12:00-04:00","stageTimeDurationMs":907300,"stageTimeDuration":"00:15:07.3000000","splitPointTimeId":72103,"splitPointId":2285,"entryId":19577,"elapsedDurationMs":695400,"elapsedDuration":"PT11M35.4S","splitDateTime":"2019-05-10T21:23:35.4","splitDateTimeLocal":"2019-05-10T17:23:35.4-04:00"},{"startDateTime":"2019-05-10T21:15:00","startDateTimeLocal":"2019-05-10T17:15:00-04:00","stageTimeDurationMs":908500,"stageTimeDuration":"00:15:08.5000000","splitPointTimeId":72113,"splitPointId":2285,"entryId":19579,"elapsedDurationMs":697100,"elapsedDuration":"PT11M37.1S","splitDateTime":"2019-05-10T21:26:37.1","splitDateTimeLocal":"2019-05-10T17:26:37.1-04:00"},{"startDateTime":"2019-05-10T21:18:00","startDateTimeLocal":"2019-05-10T17:18:00-04:00","stageTimeDurationMs":888300,"stageTimeDuration":"00:14:48.3000000","splitPointTimeId":72123,"splitPointId":2285,"entryId":19581,"elapsedDurationMs":680500,"elapsedDuration":"PT11M20.5S","splitDateTime":"2019-05-10T21:29:20.5","splitDateTimeLocal":"2019-05-10T17:29:20.5-04:00"},{"startDateTime":"2019-05-10T21:21:00","startDateTimeLocal":"2019-05-10T17:21:00-04:00","stageTimeDurationMs":887500,"stageTimeDuration":"00:14:47.5000000","splitPointTimeId":72131,"splitPointId":2285,"entryId":19580,"elapsedDurationMs":681600,"elapsedDuration":"PT11M21.6S","splitDateTime":"2019-05-10T21:32:21.6","splitDateTimeLocal":"2019-05-10T17:32:21.6-04:00"},{"startDateTime":"2019-05-10T21:24:00","startDateTimeLocal":"2019-05-10T17:24:00-04:00","stageTimeDurationMs":914800,"stageTimeDuration":"00:15:14.8000000","splitPointTimeId":72145,"splitPointId":2285,"entryId":19582,"elapsedDurationMs":699700,"elapsedDuration":"PT11M39.7S","splitDateTime":"2019-05-10T21:35:39.7","splitDateTimeLocal":"2019-05-10T17:35:39.7-04:00"},{"startDateTime":"2019-05-10T21:27:00","startDateTimeLocal":"2019-05-10T17:27:00-04:00","stageTimeDurationMs":939700,"stageTimeDuration":"00:15:39.7000000","splitPointTimeId":72155,"splitPointId":2285,"entryId":19583,"elapsedDurationMs":718000,"elapsedDuration":"PT11M58S","splitDateTime":"2019-05-10T21:38:58","splitDateTimeLocal":"2019-05-10T17:38:58-04:00"},{"startDateTime":"2019-05-10T21:30:00","startDateTimeLocal":"2019-05-10T17:30:00-04:00","stageTimeDurationMs":924400,"stageTimeDuration":"00:15:24.4000000","splitPointTimeId":72161,"splitPointId":2285,"entryId":19584,"elapsedDurationMs":705500,"elapsedDuration":"PT11M45.5S","splitDateTime":"2019-05-10T21:41:45.5","splitDateTimeLocal":"2019-05-10T17:41:45.5-04:00"},{"startDateTime":"2019-05-10T21:33:00","startDateTimeLocal":"2019-05-10T17:33:00-04:00","stageTimeDurationMs":938600,"stageTimeDuration":"00:15:38.6000000","splitPointTimeId":72176,"splitPointId":2285,"entryId":19586,"elapsedDurationMs":717900,"elapsedDuration":"PT11M57.9S","splitDateTime":"2019-05-10T21:44:57.9","splitDateTimeLocal":"2019-05-10T17:44:57.9-04:00"},{"startDateTime":"2019-05-10T21:36:00","startDateTimeLocal":"2019-05-10T17:36:00-04:00","stageTimeDurationMs":1012900,"stageTimeDuration":"00:16:52.9000000","splitPointTimeId":72187,"splitPointId":2285,"entryId":19588,"elapsedDurationMs":773000,"elapsedDuration":"PT12M53S","splitDateTime":"2019-05-10T21:48:53","splitDateTimeLocal":"2019-05-10T17:48:53-04:00"},{"startDateTime":"2019-05-10T21:39:00","startDateTimeLocal":"2019-05-10T17:39:00-04:00","stageTimeDurationMs":939300,"stageTimeDuration":"00:15:39.3000000","splitPointTimeId":72190,"splitPointId":2285,"entryId":19594,"elapsedDurationMs":717100,"elapsedDuration":"PT11M57.1S","splitDateTime":"2019-05-10T21:50:57.1","splitDateTimeLocal":"2019-05-10T17:50:57.1-04:00"},{"startDateTime":"2019-05-10T21:42:00","startDateTimeLocal":"2019-05-10T17:42:00-04:00","stageTimeDurationMs":962300,"stageTimeDuration":"00:16:02.3000000","splitPointTimeId":72210,"splitPointId":2285,"entryId":19595,"elapsedDurationMs":734500,"elapsedDuration":"PT12M14.5S","splitDateTime":"2019-05-10T21:54:14.5","splitDateTimeLocal":"2019-05-10T17:54:14.5-04:00"},{"startDateTime":"2019-05-10T21:45:00","startDateTimeLocal":"2019-05-10T17:45:00-04:00","stageTimeDurationMs":947900,"stageTimeDuration":"00:15:47.9000000","splitPointTimeId":72215,"splitPointId":2285,"entryId":19591,"elapsedDurationMs":723800,"elapsedDuration":"PT12M3.8S","splitDateTime":"2019-05-10T21:57:03.8","splitDateTimeLocal":"2019-05-10T17:57:03.8-04:00"},{"startDateTime":"2019-05-10T21:48:00","startDateTimeLocal":"2019-05-10T17:48:00-04:00","stageTimeDurationMs":944000,"stageTimeDuration":"00:15:44","splitPointTimeId":72222,"splitPointId":2285,"entryId":19600,"elapsedDurationMs":718200,"elapsedDuration":"PT11M58.2S","splitDateTime":"2019-05-10T21:59:58.2","splitDateTimeLocal":"2019-05-10T17:59:58.2-04:00"},{"startDateTime":"2019-05-10T21:51:00","startDateTimeLocal":"2019-05-10T17:51:00-04:00","stageTimeDurationMs":1003600,"stageTimeDuration":"00:16:43.6000000","splitPointTimeId":72239,"splitPointId":2285,"entryId":19597,"elapsedDurationMs":765700,"elapsedDuration":"PT12M45.7S","splitDateTime":"2019-05-10T22:03:45.7","splitDateTimeLocal":"2019-05-10T18:03:45.7-04:00"},{"startDateTime":"2019-05-10T21:56:00","startDateTimeLocal":"2019-05-10T17:56:00-04:00","stageTimeDurationMs":1028700,"stageTimeDuration":"00:17:08.7000000","splitPointTimeId":72248,"splitPointId":2285,"entryId":19599,"elapsedDurationMs":784600,"elapsedDuration":"PT13M4.6S","splitDateTime":"2019-05-10T22:09:04.6","splitDateTimeLocal":"2019-05-10T18:09:04.6-04:00"},{"startDateTime":"2019-05-10T22:00:00","startDateTimeLocal":"2019-05-10T18:00:00-04:00","stageTimeDurationMs":984000,"stageTimeDuration":"00:16:24","splitPointTimeId":72254,"splitPointId":2285,"entryId":19592,"elapsedDurationMs":745700,"elapsedDuration":"PT12M25.7S","splitDateTime":"2019-05-10T22:12:25.7","splitDateTimeLocal":"2019-05-10T18:12:25.7-04:00"},{"startDateTime":"2019-05-10T22:04:00","startDateTimeLocal":"2019-05-10T18:04:00-04:00","stageTimeDurationMs":1070500,"stageTimeDuration":"00:17:50.5000000","splitPointTimeId":72262,"splitPointId":2285,"entryId":19602,"elapsedDurationMs":806400,"elapsedDuration":"PT13M26.4S","splitDateTime":"2019-05-10T22:17:26.4","splitDateTimeLocal":"2019-05-10T18:17:26.4-04:00"},{"startDateTime":"2019-05-10T22:08:00","startDateTimeLocal":"2019-05-10T18:08:00-04:00","stageTimeDurationMs":1162300,"stageTimeDuration":"00:19:22.3000000","splitPointTimeId":72268,"splitPointId":2285,"entryId":19606,"elapsedDurationMs":876600,"elapsedDuration":"PT14M36.6S","splitDateTime":"2019-05-10T22:22:36.6","splitDateTimeLocal":"2019-05-10T18:22:36.6-04:00"},{"startDateTime":"2019-05-10T22:12:00","startDateTimeLocal":"2019-05-10T18:12:00-04:00","stageTimeDurationMs":1420900,"stageTimeDuration":"00:23:40.9000000","splitPointTimeId":72274,"splitPointId":2285,"entryId":19608,"elapsedDurationMs":1060200,"elapsedDuration":"PT17M40.2S","splitDateTime":"2019-05-10T22:29:40.2","splitDateTimeLocal":"2019-05-10T18:29:40.2-04:00"},{"startDateTime":"2019-05-10T22:16:00","startDateTimeLocal":"2019-05-10T18:16:00-04:00","stageTimeDurationMs":1340900,"stageTimeDuration":"00:22:20.9000000","splitPointTimeId":72280,"splitPointId":2285,"entryId":19610,"elapsedDurationMs":1010100,"elapsedDuration":"PT16M50.1S","splitDateTime":"2019-05-10T22:32:50.1","splitDateTimeLocal":"2019-05-10T18:32:50.1-04:00"},{"startDateTime":"2019-05-10T22:25:00","startDateTimeLocal":"2019-05-10T18:25:00-04:00","stageTimeDurationMs":1115000,"stageTimeDuration":"00:18:35","splitPointTimeId":72288,"splitPointId":2285,"entryId":19625,"elapsedDurationMs":1085500,"elapsedDuration":"PT18M5.5S","splitDateTime":"2019-05-10T22:43:05.5","splitDateTimeLocal":"2019-05-10T18:43:05.5-04:00"},{"startDateTime":"2019-05-10T22:28:00","startDateTimeLocal":"2019-05-10T18:28:00-04:00","stageTimeDurationMs":1115000,"stageTimeDuration":"00:18:35","splitPointTimeId":72291,"splitPointId":2285,"entryId":19620,"elapsedDurationMs":1133200,"elapsedDuration":"PT18M53.2S","splitDateTime":"2019-05-10T22:46:53.2","splitDateTimeLocal":"2019-05-10T18:46:53.2-04:00"},{"startDateTime":"2019-05-10T22:37:00","startDateTimeLocal":"2019-05-10T18:37:00-04:00","stageTimeDurationMs":1115000,"stageTimeDuration":"00:18:35","splitPointTimeId":72301,"splitPointId":2285,"entryId":19624,"elapsedDurationMs":1197800,"elapsedDuration":"PT19M57.8S","splitDateTime":"2019-05-10T22:56:57.8","splitDateTimeLocal":"2019-05-10T18:56:57.8-04:00"},{"startDateTime":"2019-05-10T22:34:00","startDateTimeLocal":"2019-05-10T18:34:00-04:00","stageTimeDurationMs":1115000,"stageTimeDuration":"00:18:35","splitPointTimeId":72303,"splitPointId":2285,"entryId":19627,"elapsedDurationMs":1436900,"elapsedDuration":"PT23M56.9S","splitDateTime":"2019-05-10T22:57:56.9","splitDateTimeLocal":"2019-05-10T18:57:56.9-04:00"},{"startDateTime":"2019-05-10T22:40:00","startDateTimeLocal":"2019-05-10T18:40:00-04:00","stageTimeDurationMs":1115000,"stageTimeDuration":"00:18:35","splitPointTimeId":72304,"splitPointId":2285,"entryId":19618,"elapsedDurationMs":1104200,"elapsedDuration":"PT18M24.2S","splitDateTime":"2019-05-10T22:58:24.2","splitDateTimeLocal":"2019-05-10T18:58:24.2-04:00"},{"startDateTime":"2019-05-10T22:43:00","startDateTimeLocal":"2019-05-10T18:43:00-04:00","stageTimeDurationMs":1115000,"stageTimeDuration":"00:18:35","splitPointTimeId":72316,"splitPointId":2285,"entryId":19615,"elapsedDurationMs":1335500,"elapsedDuration":"PT22M15.5S","splitDateTime":"2019-05-10T23:07:15.5","splitDateTimeLocal":"2019-05-10T19:07:15.5-04:00"},{"startDateTime":"2019-05-10T22:45:00","startDateTimeLocal":"2019-05-10T18:45:00-04:00","stageTimeDurationMs":1115000,"stageTimeDuration":"00:18:35","splitPointTimeId":72317,"splitPointId":2285,"entryId":19617,"elapsedDurationMs":1277800,"elapsedDuration":"PT21M17.8S","splitDateTime":"2019-05-10T23:06:17.8","splitDateTimeLocal":"2019-05-10T19:06:17.8-04:00"},{"startDateTime":"2019-05-10T22:52:00","startDateTimeLocal":"2019-05-10T18:52:00-04:00","stageTimeDurationMs":1115000,"stageTimeDuration":"00:18:35","splitPointTimeId":72327,"splitPointId":2285,"entryId":19612,"elapsedDurationMs":1385600,"elapsedDuration":"PT23M5.6S","splitDateTime":"2019-05-10T23:15:05.6","splitDateTimeLocal":"2019-05-10T19:15:05.6-04:00"},{"startDateTime":"2019-05-10T23:08:00","startDateTimeLocal":"2019-05-10T19:08:00-04:00","stageTimeDurationMs":1115000,"stageTimeDuration":"00:18:35","splitPointTimeId":72334,"splitPointId":2285,"entryId":19623,"elapsedDurationMs":1397100,"elapsedDuration":"PT23M17.1S","splitDateTime":"2019-05-10T23:31:17.1","splitDateTimeLocal":"2019-05-10T19:31:17.1-04:00"},{"startDateTime":"2019-05-10T20:43:00","startDateTimeLocal":"2019-05-10T16:43:00-04:00","stageTimeDurationMs":851000,"stageTimeDuration":"00:14:11","splitPointTimeId":72002,"splitPointId":2286,"entryId":19574,"elapsedDurationMs":708400,"elapsedDuration":"PT11M48.4S","splitDateTime":"2019-05-10T20:54:48.4","splitDateTimeLocal":"2019-05-10T16:54:48.4-04:00"},{"startDateTime":"2019-05-10T20:45:00","startDateTimeLocal":"2019-05-10T16:45:00-04:00","stageTimeDurationMs":849200,"stageTimeDuration":"00:14:09.2000000","splitPointTimeId":72014,"splitPointId":2286,"entryId":19568,"elapsedDurationMs":707000,"elapsedDuration":"PT11M47S","splitDateTime":"2019-05-10T20:56:47","splitDateTimeLocal":"2019-05-10T16:56:47-04:00"},{"startDateTime":"2019-05-10T20:48:00","startDateTimeLocal":"2019-05-10T16:48:00-04:00","stageTimeDurationMs":843400,"stageTimeDuration":"00:14:03.4000000","splitPointTimeId":72024,"splitPointId":2286,"entryId":19572,"elapsedDurationMs":702400,"elapsedDuration":"PT11M42.4S","splitDateTime":"2019-05-10T20:59:42.4","splitDateTimeLocal":"2019-05-10T16:59:42.4-04:00"},{"startDateTime":"2019-05-10T20:51:00","startDateTimeLocal":"2019-05-10T16:51:00-04:00","stageTimeDurationMs":850500,"stageTimeDuration":"00:14:10.5000000","splitPointTimeId":72034,"splitPointId":2286,"entryId":19571,"elapsedDurationMs":708100,"elapsedDuration":"PT11M48.1S","splitDateTime":"2019-05-10T21:02:48.1","splitDateTimeLocal":"2019-05-10T17:02:48.1-04:00"},{"startDateTime":"2019-05-10T20:54:00","startDateTimeLocal":"2019-05-10T16:54:00-04:00","stageTimeDurationMs":862700,"stageTimeDuration":"00:14:22.7000000","splitPointTimeId":72045,"splitPointId":2286,"entryId":19576,"elapsedDurationMs":717500,"elapsedDuration":"PT11M57.5S","splitDateTime":"2019-05-10T21:05:57.5","splitDateTimeLocal":"2019-05-10T17:05:57.5-04:00"},{"startDateTime":"2019-05-10T20:57:00","startDateTimeLocal":"2019-05-10T16:57:00-04:00","stageTimeDurationMs":871300,"stageTimeDuration":"00:14:31.3000000","splitPointTimeId":72057,"splitPointId":2286,"entryId":19578,"elapsedDurationMs":721800,"elapsedDuration":"PT12M1.8S","splitDateTime":"2019-05-10T21:09:01.8","splitDateTimeLocal":"2019-05-10T17:09:01.8-04:00"},{"startDateTime":"2019-05-10T21:00:00","startDateTimeLocal":"2019-05-10T17:00:00-04:00","stageTimeDurationMs":849200,"stageTimeDuration":"00:14:09.2000000","splitPointTimeId":72064,"splitPointId":2286,"entryId":19573,"elapsedDurationMs":702000,"elapsedDuration":"PT11M42S","splitDateTime":"2019-05-10T21:11:42","splitDateTimeLocal":"2019-05-10T17:11:42-04:00"},{"startDateTime":"2019-05-10T21:03:00","startDateTimeLocal":"2019-05-10T17:03:00-04:00","stageTimeDurationMs":858000,"stageTimeDuration":"00:14:18","splitPointTimeId":72075,"splitPointId":2286,"entryId":19570,"elapsedDurationMs":713900,"elapsedDuration":"PT11M53.9S","splitDateTime":"2019-05-10T21:14:53.9","splitDateTimeLocal":"2019-05-10T17:14:53.9-04:00"},{"startDateTime":"2019-05-10T21:06:00","startDateTimeLocal":"2019-05-10T17:06:00-04:00","stageTimeDurationMs":847100,"stageTimeDuration":"00:14:07.1000000","splitPointTimeId":72086,"splitPointId":2286,"entryId":19575,"elapsedDurationMs":706000,"elapsedDuration":"PT11M46S","splitDateTime":"2019-05-10T21:17:46","splitDateTimeLocal":"2019-05-10T17:17:46-04:00"},{"startDateTime":"2019-05-10T21:09:00","startDateTimeLocal":"2019-05-10T17:09:00-04:00","stageTimeDurationMs":866900,"stageTimeDuration":"00:14:26.9000000","splitPointTimeId":72095,"splitPointId":2286,"entryId":19569,"elapsedDurationMs":721800,"elapsedDuration":"PT12M1.8S","splitDateTime":"2019-05-10T21:21:01.8","splitDateTimeLocal":"2019-05-10T17:21:01.8-04:00"},{"startDateTime":"2019-05-10T21:12:00","startDateTimeLocal":"2019-05-10T17:12:00-04:00","stageTimeDurationMs":907300,"stageTimeDuration":"00:15:07.3000000","splitPointTimeId":72108,"splitPointId":2286,"entryId":19577,"elapsedDurationMs":753300,"elapsedDuration":"PT12M33.3S","splitDateTime":"2019-05-10T21:24:33.3","splitDateTimeLocal":"2019-05-10T17:24:33.3-04:00"},{"startDateTime":"2019-05-10T21:15:00","startDateTimeLocal":"2019-05-10T17:15:00-04:00","stageTimeDurationMs":908500,"stageTimeDuration":"00:15:08.5000000","splitPointTimeId":72117,"splitPointId":2286,"entryId":19579,"elapsedDurationMs":755900,"elapsedDuration":"PT12M35.9S","splitDateTime":"2019-05-10T21:27:35.9","splitDateTimeLocal":"2019-05-10T17:27:35.9-04:00"},{"startDateTime":"2019-05-10T21:18:00","startDateTimeLocal":"2019-05-10T17:18:00-04:00","stageTimeDurationMs":888300,"stageTimeDuration":"00:14:48.3000000","splitPointTimeId":72126,"splitPointId":2286,"entryId":19581,"elapsedDurationMs":738800,"elapsedDuration":"PT12M18.8S","splitDateTime":"2019-05-10T21:30:18.8","splitDateTimeLocal":"2019-05-10T17:30:18.8-04:00"},{"startDateTime":"2019-05-10T21:21:00","startDateTimeLocal":"2019-05-10T17:21:00-04:00","stageTimeDurationMs":887500,"stageTimeDuration":"00:14:47.5000000","splitPointTimeId":72137,"splitPointId":2286,"entryId":19580,"elapsedDurationMs":738800,"elapsedDuration":"PT12M18.8S","splitDateTime":"2019-05-10T21:33:18.8","splitDateTimeLocal":"2019-05-10T17:33:18.8-04:00"},{"startDateTime":"2019-05-10T21:24:00","startDateTimeLocal":"2019-05-10T17:24:00-04:00","stageTimeDurationMs":914800,"stageTimeDuration":"00:15:14.8000000","splitPointTimeId":72148,"splitPointId":2286,"entryId":19582,"elapsedDurationMs":759800,"elapsedDuration":"PT12M39.8S","splitDateTime":"2019-05-10T21:36:39.8","splitDateTimeLocal":"2019-05-10T17:36:39.8-04:00"},{"startDateTime":"2019-05-10T21:27:00","startDateTimeLocal":"2019-05-10T17:27:00-04:00","stageTimeDurationMs":939700,"stageTimeDuration":"00:15:39.7000000","splitPointTimeId":72158,"splitPointId":2286,"entryId":19583,"elapsedDurationMs":779800,"elapsedDuration":"PT12M59.8S","splitDateTime":"2019-05-10T21:39:59.8","splitDateTimeLocal":"2019-05-10T17:39:59.8-04:00"},{"startDateTime":"2019-05-10T21:30:00","startDateTimeLocal":"2019-05-10T17:30:00-04:00","stageTimeDurationMs":924400,"stageTimeDuration":"00:15:24.4000000","splitPointTimeId":72169,"splitPointId":2286,"entryId":19584,"elapsedDurationMs":767300,"elapsedDuration":"PT12M47.3S","splitDateTime":"2019-05-10T21:42:47.3","splitDateTimeLocal":"2019-05-10T17:42:47.3-04:00"},{"startDateTime":"2019-05-10T21:33:00","startDateTimeLocal":"2019-05-10T17:33:00-04:00","stageTimeDurationMs":938600,"stageTimeDuration":"00:15:38.6000000","splitPointTimeId":72178,"splitPointId":2286,"entryId":19586,"elapsedDurationMs":779300,"elapsedDuration":"PT12M59.3S","splitDateTime":"2019-05-10T21:45:59.3","splitDateTimeLocal":"2019-05-10T17:45:59.3-04:00"},{"startDateTime":"2019-05-10T21:36:00","startDateTimeLocal":"2019-05-10T17:36:00-04:00","stageTimeDurationMs":1012900,"stageTimeDuration":"00:16:52.9000000","splitPointTimeId":72192,"splitPointId":2286,"entryId":19588,"elapsedDurationMs":842300,"elapsedDuration":"PT14M2.3S","splitDateTime":"2019-05-10T21:50:02.3","splitDateTimeLocal":"2019-05-10T17:50:02.3-04:00"},{"startDateTime":"2019-05-10T21:39:00","startDateTimeLocal":"2019-05-10T17:39:00-04:00","stageTimeDurationMs":939300,"stageTimeDuration":"00:15:39.3000000","splitPointTimeId":72196,"splitPointId":2286,"entryId":19594,"elapsedDurationMs":779400,"elapsedDuration":"PT12M59.4S","splitDateTime":"2019-05-10T21:51:59.4","splitDateTimeLocal":"2019-05-10T17:51:59.4-04:00"},{"startDateTime":"2019-05-10T21:42:00","startDateTimeLocal":"2019-05-10T17:42:00-04:00","stageTimeDurationMs":962300,"stageTimeDuration":"00:16:02.3000000","splitPointTimeId":72212,"splitPointId":2286,"entryId":19595,"elapsedDurationMs":799500,"elapsedDuration":"PT13M19.5S","splitDateTime":"2019-05-10T21:55:19.5","splitDateTimeLocal":"2019-05-10T17:55:19.5-04:00"},{"startDateTime":"2019-05-10T21:45:00","startDateTimeLocal":"2019-05-10T17:45:00-04:00","stageTimeDurationMs":947900,"stageTimeDuration":"00:15:47.9000000","splitPointTimeId":72217,"splitPointId":2286,"entryId":19591,"elapsedDurationMs":785800,"elapsedDuration":"PT13M5.8S","splitDateTime":"2019-05-10T21:58:05.8","splitDateTimeLocal":"2019-05-10T17:58:05.8-04:00"},{"startDateTime":"2019-05-10T21:48:00","startDateTimeLocal":"2019-05-10T17:48:00-04:00","stageTimeDurationMs":944000,"stageTimeDuration":"00:15:44","splitPointTimeId":72230,"splitPointId":2286,"entryId":19600,"elapsedDurationMs":780800,"elapsedDuration":"PT13M0.8S","splitDateTime":"2019-05-10T22:01:00.8","splitDateTimeLocal":"2019-05-10T18:01:00.8-04:00"},{"startDateTime":"2019-05-10T21:51:00","startDateTimeLocal":"2019-05-10T17:51:00-04:00","stageTimeDurationMs":1003600,"stageTimeDuration":"00:16:43.6000000","splitPointTimeId":72242,"splitPointId":2286,"entryId":19597,"elapsedDurationMs":832800,"elapsedDuration":"PT13M52.8S","splitDateTime":"2019-05-10T22:04:52.8","splitDateTimeLocal":"2019-05-10T18:04:52.8-04:00"},{"startDateTime":"2019-05-10T21:56:00","startDateTimeLocal":"2019-05-10T17:56:00-04:00","stageTimeDurationMs":1028700,"stageTimeDuration":"00:17:08.7000000","splitPointTimeId":72250,"splitPointId":2286,"entryId":19599,"elapsedDurationMs":855400,"elapsedDuration":"PT14M15.4S","splitDateTime":"2019-05-10T22:10:15.4","splitDateTimeLocal":"2019-05-10T18:10:15.4-04:00"},{"startDateTime":"2019-05-10T22:00:00","startDateTimeLocal":"2019-05-10T18:00:00-04:00","stageTimeDurationMs":984000,"stageTimeDuration":"00:16:24","splitPointTimeId":72257,"splitPointId":2286,"entryId":19592,"elapsedDurationMs":814300,"elapsedDuration":"PT13M34.3S","splitDateTime":"2019-05-10T22:13:34.3","splitDateTimeLocal":"2019-05-10T18:13:34.3-04:00"},{"startDateTime":"2019-05-10T22:04:00","startDateTimeLocal":"2019-05-10T18:04:00-04:00","stageTimeDurationMs":1070500,"stageTimeDuration":"00:17:50.5000000","splitPointTimeId":72263,"splitPointId":2286,"entryId":19602,"elapsedDurationMs":881800,"elapsedDuration":"PT14M41.8S","splitDateTime":"2019-05-10T22:18:41.8","splitDateTimeLocal":"2019-05-10T18:18:41.8-04:00"},{"startDateTime":"2019-05-10T22:08:00","startDateTimeLocal":"2019-05-10T18:08:00-04:00","stageTimeDurationMs":1162300,"stageTimeDuration":"00:19:22.3000000","splitPointTimeId":72270,"splitPointId":2286,"entryId":19606,"elapsedDurationMs":958400,"elapsedDuration":"PT15M58.4S","splitDateTime":"2019-05-10T22:23:58.4","splitDateTimeLocal":"2019-05-10T18:23:58.4-04:00"},{"startDateTime":"2019-05-10T22:12:00","startDateTimeLocal":"2019-05-10T18:12:00-04:00","stageTimeDurationMs":1420900,"stageTimeDuration":"00:23:40.9000000","splitPointTimeId":72276,"splitPointId":2286,"entryId":19608,"elapsedDurationMs":1166800,"elapsedDuration":"PT19M26.8S","splitDateTime":"2019-05-10T22:31:26.8","splitDateTimeLocal":"2019-05-10T18:31:26.8-04:00"},{"startDateTime":"2019-05-10T22:16:00","startDateTimeLocal":"2019-05-10T18:16:00-04:00","stageTimeDurationMs":1340900,"stageTimeDuration":"00:22:20.9000000","splitPointTimeId":72281,"splitPointId":2286,"entryId":19610,"elapsedDurationMs":1107800,"elapsedDuration":"PT18M27.8S","splitDateTime":"2019-05-10T22:34:27.8","splitDateTimeLocal":"2019-05-10T18:34:27.8-04:00"},{"startDateTime":"2019-05-10T22:25:00","startDateTimeLocal":"2019-05-10T18:25:00-04:00","stageTimeDurationMs":1115000,"stageTimeDuration":"00:18:35","splitPointTimeId":72289,"splitPointId":2286,"entryId":19625,"elapsedDurationMs":1187800,"elapsedDuration":"PT19M47.8S","splitDateTime":"2019-05-10T22:44:47.8","splitDateTimeLocal":"2019-05-10T18:44:47.8-04:00"},{"startDateTime":"2019-05-10T22:28:00","startDateTimeLocal":"2019-05-10T18:28:00-04:00","stageTimeDurationMs":1115000,"stageTimeDuration":"00:18:35","splitPointTimeId":72293,"splitPointId":2286,"entryId":19620,"elapsedDurationMs":1234800,"elapsedDuration":"PT20M34.8S","splitDateTime":"2019-05-10T22:48:34.8","splitDateTimeLocal":"2019-05-10T18:48:34.8-04:00"},{"startDateTime":"2019-05-10T22:37:00","startDateTimeLocal":"2019-05-10T18:37:00-04:00","stageTimeDurationMs":1115000,"stageTimeDuration":"00:18:35","splitPointTimeId":72307,"splitPointId":2286,"entryId":19624,"elapsedDurationMs":1305300,"elapsedDuration":"PT21M45.3S","splitDateTime":"2019-05-10T22:58:45.3","splitDateTimeLocal":"2019-05-10T18:58:45.3-04:00"},{"startDateTime":"2019-05-10T22:34:00","startDateTimeLocal":"2019-05-10T18:34:00-04:00","stageTimeDurationMs":1115000,"stageTimeDuration":"00:18:35","splitPointTimeId":72309,"splitPointId":2286,"entryId":19627,"elapsedDurationMs":1563900,"elapsedDuration":"PT26M3.9S","splitDateTime":"2019-05-10T23:00:03.9","splitDateTimeLocal":"2019-05-10T19:00:03.9-04:00"},{"startDateTime":"2019-05-10T22:40:00","startDateTimeLocal":"2019-05-10T18:40:00-04:00","stageTimeDurationMs":1115000,"stageTimeDuration":"00:18:35","splitPointTimeId":72310,"splitPointId":2286,"entryId":19618,"elapsedDurationMs":1207300,"elapsedDuration":"PT20M7.3S","splitDateTime":"2019-05-10T23:00:07.3","splitDateTimeLocal":"2019-05-10T19:00:07.3-04:00"},{"startDateTime":"2019-05-10T22:43:00","startDateTimeLocal":"2019-05-10T18:43:00-04:00","stageTimeDurationMs":1115000,"stageTimeDuration":"00:18:35","splitPointTimeId":72318,"splitPointId":2286,"entryId":19615,"elapsedDurationMs":1454600,"elapsedDuration":"PT24M14.6S","splitDateTime":"2019-05-10T23:09:14.6","splitDateTimeLocal":"2019-05-10T19:09:14.6-04:00"},{"startDateTime":"2019-05-10T22:45:00","startDateTimeLocal":"2019-05-10T18:45:00-04:00","stageTimeDurationMs":1115000,"stageTimeDuration":"00:18:35","splitPointTimeId":72321,"splitPointId":2286,"entryId":19617,"elapsedDurationMs":1385900,"elapsedDuration":"PT23M5.9S","splitDateTime":"2019-05-10T23:08:05.9","splitDateTimeLocal":"2019-05-10T19:08:05.9-04:00"},{"startDateTime":"2019-05-10T22:52:00","startDateTimeLocal":"2019-05-10T18:52:00-04:00","stageTimeDurationMs":1115000,"stageTimeDuration":"00:18:35","splitPointTimeId":72329,"splitPointId":2286,"entryId":19612,"elapsedDurationMs":1516900,"elapsedDuration":"PT25M16.9S","splitDateTime":"2019-05-10T23:17:16.9","splitDateTimeLocal":"2019-05-10T19:17:16.9-04:00"},{"startDateTime":"2019-05-10T23:08:00","startDateTimeLocal":"2019-05-10T19:08:00-04:00","stageTimeDurationMs":1115000,"stageTimeDuration":"00:18:35","splitPointTimeId":72335,"splitPointId":2286,"entryId":19623,"elapsedDurationMs":1523800,"elapsedDuration":"PT25M23.8S","splitDateTime":"2019-05-10T23:33:23.8","splitDateTimeLocal":"2019-05-10T19:33:23.8-04:00"},{"startDateTime":"2019-05-10T20:43:00","startDateTimeLocal":"2019-05-10T16:43:00-04:00","stageTimeDurationMs":851000,"stageTimeDuration":"00:14:11","splitPointTimeId":72012,"splitPointId":2288,"entryId":19574,"elapsedDurationMs":793500,"elapsedDuration":"PT13M13.5S","splitDateTime":"2019-05-10T20:56:13.5","splitDateTimeLocal":"2019-05-10T16:56:13.5-04:00"},{"startDateTime":"2019-05-10T20:45:00","startDateTimeLocal":"2019-05-10T16:45:00-04:00","stageTimeDurationMs":849200,"stageTimeDuration":"00:14:09.2000000","splitPointTimeId":72018,"splitPointId":2288,"entryId":19568,"elapsedDurationMs":792000,"elapsedDuration":"PT13M12S","splitDateTime":"2019-05-10T20:58:12","splitDateTimeLocal":"2019-05-10T16:58:12-04:00"},{"startDateTime":"2019-05-10T20:48:00","startDateTimeLocal":"2019-05-10T16:48:00-04:00","stageTimeDurationMs":843400,"stageTimeDuration":"00:14:03.4000000","splitPointTimeId":72029,"splitPointId":2288,"entryId":19572,"elapsedDurationMs":787600,"elapsedDuration":"PT13M7.6S","splitDateTime":"2019-05-10T21:01:07.6","splitDateTimeLocal":"2019-05-10T17:01:07.6-04:00"},{"startDateTime":"2019-05-10T20:51:00","startDateTimeLocal":"2019-05-10T16:51:00-04:00","stageTimeDurationMs":850500,"stageTimeDuration":"00:14:10.5000000","splitPointTimeId":72038,"splitPointId":2288,"entryId":19571,"elapsedDurationMs":792800,"elapsedDuration":"PT13M12.8S","splitDateTime":"2019-05-10T21:04:12.8","splitDateTimeLocal":"2019-05-10T17:04:12.8-04:00"},{"startDateTime":"2019-05-10T20:54:00","startDateTimeLocal":"2019-05-10T16:54:00-04:00","stageTimeDurationMs":862700,"stageTimeDuration":"00:14:22.7000000","splitPointTimeId":72050,"splitPointId":2288,"entryId":19576,"elapsedDurationMs":805300,"elapsedDuration":"PT13M25.3S","splitDateTime":"2019-05-10T21:07:25.3","splitDateTimeLocal":"2019-05-10T17:07:25.3-04:00"},{"startDateTime":"2019-05-10T20:57:00","startDateTimeLocal":"2019-05-10T16:57:00-04:00","stageTimeDurationMs":871300,"stageTimeDuration":"00:14:31.3000000","splitPointTimeId":72062,"splitPointId":2288,"entryId":19578,"elapsedDurationMs":812600,"elapsedDuration":"PT13M32.6S","splitDateTime":"2019-05-10T21:10:32.6","splitDateTimeLocal":"2019-05-10T17:10:32.6-04:00"},{"startDateTime":"2019-05-10T21:00:00","startDateTimeLocal":"2019-05-10T17:00:00-04:00","stageTimeDurationMs":849200,"stageTimeDuration":"00:14:09.2000000","splitPointTimeId":72068,"splitPointId":2288,"entryId":19573,"elapsedDurationMs":793500,"elapsedDuration":"PT13M13.5S","splitDateTime":"2019-05-10T21:13:13.5","splitDateTimeLocal":"2019-05-10T17:13:13.5-04:00"},{"startDateTime":"2019-05-10T21:03:00","startDateTimeLocal":"2019-05-10T17:03:00-04:00","stageTimeDurationMs":858000,"stageTimeDuration":"00:14:18","splitPointTimeId":72082,"splitPointId":2288,"entryId":19570,"elapsedDurationMs":801100,"elapsedDuration":"PT13M21.1S","splitDateTime":"2019-05-10T21:16:21.1","splitDateTimeLocal":"2019-05-10T17:16:21.1-04:00"},{"startDateTime":"2019-05-10T21:06:00","startDateTimeLocal":"2019-05-10T17:06:00-04:00","stageTimeDurationMs":847100,"stageTimeDuration":"00:14:07.1000000","splitPointTimeId":72092,"splitPointId":2288,"entryId":19575,"elapsedDurationMs":791100,"elapsedDuration":"PT13M11.1S","splitDateTime":"2019-05-10T21:19:11.1","splitDateTimeLocal":"2019-05-10T17:19:11.1-04:00"},{"startDateTime":"2019-05-10T21:09:00","startDateTimeLocal":"2019-05-10T17:09:00-04:00","stageTimeDurationMs":866900,"stageTimeDuration":"00:14:26.9000000","splitPointTimeId":72099,"splitPointId":2288,"entryId":19569,"elapsedDurationMs":808700,"elapsedDuration":"PT13M28.7S","splitDateTime":"2019-05-10T21:22:28.7","splitDateTimeLocal":"2019-05-10T17:22:28.7-04:00"},{"startDateTime":"2019-05-10T21:12:00","startDateTimeLocal":"2019-05-10T17:12:00-04:00","stageTimeDurationMs":907300,"stageTimeDuration":"00:15:07.3000000","splitPointTimeId":72112,"splitPointId":2288,"entryId":19577,"elapsedDurationMs":843600,"elapsedDuration":"PT14M3.6S","splitDateTime":"2019-05-10T21:26:03.6","splitDateTimeLocal":"2019-05-10T17:26:03.6-04:00"},{"startDateTime":"2019-05-10T21:15:00","startDateTimeLocal":"2019-05-10T17:15:00-04:00","stageTimeDurationMs":908500,"stageTimeDuration":"00:15:08.5000000","splitPointTimeId":72122,"splitPointId":2288,"entryId":19579,"elapsedDurationMs":847200,"elapsedDuration":"PT14M7.2S","splitDateTime":"2019-05-10T21:29:07.2","splitDateTimeLocal":"2019-05-10T17:29:07.2-04:00"},{"startDateTime":"2019-05-10T21:18:00","startDateTimeLocal":"2019-05-10T17:18:00-04:00","stageTimeDurationMs":888300,"stageTimeDuration":"00:14:48.3000000","splitPointTimeId":72130,"splitPointId":2288,"entryId":19581,"elapsedDurationMs":828200,"elapsedDuration":"PT13M48.2S","splitDateTime":"2019-05-10T21:31:48.2","splitDateTimeLocal":"2019-05-10T17:31:48.2-04:00"},{"startDateTime":"2019-05-10T21:21:00","startDateTimeLocal":"2019-05-10T17:21:00-04:00","stageTimeDurationMs":887500,"stageTimeDuration":"00:14:47.5000000","splitPointTimeId":72140,"splitPointId":2288,"entryId":19580,"elapsedDurationMs":828000,"elapsedDuration":"PT13M48S","splitDateTime":"2019-05-10T21:34:48","splitDateTimeLocal":"2019-05-10T17:34:48-04:00"},{"startDateTime":"2019-05-10T21:24:00","startDateTimeLocal":"2019-05-10T17:24:00-04:00","stageTimeDurationMs":914800,"stageTimeDuration":"00:15:14.8000000","splitPointTimeId":72150,"splitPointId":2288,"entryId":19582,"elapsedDurationMs":851900,"elapsedDuration":"PT14M11.9S","splitDateTime":"2019-05-10T21:38:11.9","splitDateTimeLocal":"2019-05-10T17:38:11.9-04:00"},{"startDateTime":"2019-05-10T21:27:00","startDateTimeLocal":"2019-05-10T17:27:00-04:00","stageTimeDurationMs":939700,"stageTimeDuration":"00:15:39.7000000","splitPointTimeId":72160,"splitPointId":2288,"entryId":19583,"elapsedDurationMs":874700,"elapsedDuration":"PT14M34.7S","splitDateTime":"2019-05-10T21:41:34.7","splitDateTimeLocal":"2019-05-10T17:41:34.7-04:00"},{"startDateTime":"2019-05-10T21:30:00","startDateTimeLocal":"2019-05-10T17:30:00-04:00","stageTimeDurationMs":924400,"stageTimeDuration":"00:15:24.4000000","splitPointTimeId":72174,"splitPointId":2288,"entryId":19584,"elapsedDurationMs":860400,"elapsedDuration":"PT14M20.4S","splitDateTime":"2019-05-10T21:44:20.4","splitDateTimeLocal":"2019-05-10T17:44:20.4-04:00"},{"startDateTime":"2019-05-10T21:33:00","startDateTimeLocal":"2019-05-10T17:33:00-04:00","stageTimeDurationMs":938600,"stageTimeDuration":"00:15:38.6000000","splitPointTimeId":72183,"splitPointId":2288,"entryId":19586,"elapsedDurationMs":873400,"elapsedDuration":"PT14M33.4S","splitDateTime":"2019-05-10T21:47:33.4","splitDateTimeLocal":"2019-05-10T17:47:33.4-04:00"},{"startDateTime":"2019-05-10T21:36:00","startDateTimeLocal":"2019-05-10T17:36:00-04:00","stageTimeDurationMs":1012900,"stageTimeDuration":"00:16:52.9000000","splitPointTimeId":72198,"splitPointId":2288,"entryId":19588,"elapsedDurationMs":942500,"elapsedDuration":"PT15M42.5S","splitDateTime":"2019-05-10T21:51:42.5","splitDateTimeLocal":"2019-05-10T17:51:42.5-04:00"},{"startDateTime":"2019-05-10T21:39:00","startDateTimeLocal":"2019-05-10T17:39:00-04:00","stageTimeDurationMs":939300,"stageTimeDuration":"00:15:39.3000000","splitPointTimeId":72207,"splitPointId":2288,"entryId":19594,"elapsedDurationMs":873400,"elapsedDuration":"PT14M33.4S","splitDateTime":"2019-05-10T21:53:33.4","splitDateTimeLocal":"2019-05-10T17:53:33.4-04:00"},{"startDateTime":"2019-05-10T21:42:00","startDateTimeLocal":"2019-05-10T17:42:00-04:00","stageTimeDurationMs":962300,"stageTimeDuration":"00:16:02.3000000","splitPointTimeId":72223,"splitPointId":2288,"entryId":19595,"elapsedDurationMs":895300,"elapsedDuration":"PT14M55.3S","splitDateTime":"2019-05-10T21:56:55.3","splitDateTimeLocal":"2019-05-10T17:56:55.3-04:00"},{"startDateTime":"2019-05-10T21:45:00","startDateTimeLocal":"2019-05-10T17:45:00-04:00","stageTimeDurationMs":947900,"stageTimeDuration":"00:15:47.9000000","splitPointTimeId":72229,"splitPointId":2288,"entryId":19591,"elapsedDurationMs":882100,"elapsedDuration":"PT14M42.1S","splitDateTime":"2019-05-10T21:59:42.1","splitDateTimeLocal":"2019-05-10T17:59:42.1-04:00"},{"startDateTime":"2019-05-10T21:48:00","startDateTimeLocal":"2019-05-10T17:48:00-04:00","stageTimeDurationMs":944000,"stageTimeDuration":"00:15:44","splitPointTimeId":72235,"splitPointId":2288,"entryId":19600,"elapsedDurationMs":877300,"elapsedDuration":"PT14M37.3S","splitDateTime":"2019-05-10T22:02:37.3","splitDateTimeLocal":"2019-05-10T18:02:37.3-04:00"},{"startDateTime":"2019-05-10T21:51:00","startDateTimeLocal":"2019-05-10T17:51:00-04:00","stageTimeDurationMs":1003600,"stageTimeDuration":"00:16:43.6000000","splitPointTimeId":72244,"splitPointId":2288,"entryId":19597,"elapsedDurationMs":932400,"elapsedDuration":"PT15M32.4S","splitDateTime":"2019-05-10T22:06:32.4","splitDateTimeLocal":"2019-05-10T18:06:32.4-04:00"},{"startDateTime":"2019-05-10T21:56:00","startDateTimeLocal":"2019-05-10T17:56:00-04:00","stageTimeDurationMs":1028700,"stageTimeDuration":"00:17:08.7000000","splitPointTimeId":72253,"splitPointId":2288,"entryId":19599,"elapsedDurationMs":956300,"elapsedDuration":"PT15M56.3S","splitDateTime":"2019-05-10T22:11:56.3","splitDateTimeLocal":"2019-05-10T18:11:56.3-04:00"},{"startDateTime":"2019-05-10T22:00:00","startDateTimeLocal":"2019-05-10T18:00:00-04:00","stageTimeDurationMs":984000,"stageTimeDuration":"00:16:24","splitPointTimeId":72258,"splitPointId":2288,"entryId":19592,"elapsedDurationMs":912500,"elapsedDuration":"PT15M12.5S","splitDateTime":"2019-05-10T22:15:12.5","splitDateTimeLocal":"2019-05-10T18:15:12.5-04:00"},{"startDateTime":"2019-05-10T22:04:00","startDateTimeLocal":"2019-05-10T18:04:00-04:00","stageTimeDurationMs":1070500,"stageTimeDuration":"00:17:50.5000000","splitPointTimeId":72267,"splitPointId":2288,"entryId":19602,"elapsedDurationMs":991000,"elapsedDuration":"PT16M31S","splitDateTime":"2019-05-10T22:20:31","splitDateTimeLocal":"2019-05-10T18:20:31-04:00"},{"startDateTime":"2019-05-10T22:08:00","startDateTimeLocal":"2019-05-10T18:08:00-04:00","stageTimeDurationMs":1162300,"stageTimeDuration":"00:19:22.3000000","splitPointTimeId":72272,"splitPointId":2288,"entryId":19606,"elapsedDurationMs":1074600,"elapsedDuration":"PT17M54.6S","splitDateTime":"2019-05-10T22:25:54.6","splitDateTimeLocal":"2019-05-10T18:25:54.6-04:00"},{"startDateTime":"2019-05-10T22:12:00","startDateTimeLocal":"2019-05-10T18:12:00-04:00","stageTimeDurationMs":1420900,"stageTimeDuration":"00:23:40.9000000","splitPointTimeId":72279,"splitPointId":2288,"entryId":19608,"elapsedDurationMs":1311900,"elapsedDuration":"PT21M51.9S","splitDateTime":"2019-05-10T22:33:51.9","splitDateTimeLocal":"2019-05-10T18:33:51.9-04:00"},{"startDateTime":"2019-05-10T22:16:00","startDateTimeLocal":"2019-05-10T18:16:00-04:00","stageTimeDurationMs":1340900,"stageTimeDuration":"00:22:20.9000000","splitPointTimeId":72283,"splitPointId":2288,"entryId":19610,"elapsedDurationMs":1240300,"elapsedDuration":"PT20M40.3S","splitDateTime":"2019-05-10T22:36:40.3","splitDateTimeLocal":"2019-05-10T18:36:40.3-04:00"},{"startDateTime":"2019-05-10T22:25:00","startDateTimeLocal":"2019-05-10T18:25:00-04:00","stageTimeDurationMs":1115000,"stageTimeDuration":"00:18:35","splitPointTimeId":72292,"splitPointId":2288,"entryId":19625,"elapsedDurationMs":1322200,"elapsedDuration":"PT22M2.2S","splitDateTime":"2019-05-10T22:47:02.2","splitDateTimeLocal":"2019-05-10T18:47:02.2-04:00"},{"startDateTime":"2019-05-10T22:28:00","startDateTimeLocal":"2019-05-10T18:28:00-04:00","stageTimeDurationMs":1115000,"stageTimeDuration":"00:18:35","splitPointTimeId":72299,"splitPointId":2288,"entryId":19620,"elapsedDurationMs":1375900,"elapsedDuration":"PT22M55.9S","splitDateTime":"2019-05-10T22:50:55.9","splitDateTimeLocal":"2019-05-10T18:50:55.9-04:00"},{"startDateTime":"2019-05-10T22:37:00","startDateTimeLocal":"2019-05-10T18:37:00-04:00","stageTimeDurationMs":1115000,"stageTimeDuration":"00:18:35","splitPointTimeId":72311,"splitPointId":2288,"entryId":19624,"elapsedDurationMs":1453300,"elapsedDuration":"PT24M13.3S","splitDateTime":"2019-05-10T23:01:13.3","splitDateTimeLocal":"2019-05-10T19:01:13.3-04:00"},{"startDateTime":"2019-05-10T22:40:00","startDateTimeLocal":"2019-05-10T18:40:00-04:00","stageTimeDurationMs":1115000,"stageTimeDuration":"00:18:35","splitPointTimeId":72313,"splitPointId":2288,"entryId":19618,"elapsedDurationMs":1358200,"elapsedDuration":"PT22M38.2S","splitDateTime":"2019-05-10T23:02:38.2","splitDateTimeLocal":"2019-05-10T19:02:38.2-04:00"},{"startDateTime":"2019-05-10T22:34:00","startDateTimeLocal":"2019-05-10T18:34:00-04:00","stageTimeDurationMs":1115000,"stageTimeDuration":"00:18:35","splitPointTimeId":72314,"splitPointId":2288,"entryId":19627,"elapsedDurationMs":1727200,"elapsedDuration":"PT28M47.2S","splitDateTime":"2019-05-10T23:02:47.2","splitDateTimeLocal":"2019-05-10T19:02:47.2-04:00"},{"startDateTime":"2019-05-10T22:43:00","startDateTimeLocal":"2019-05-10T18:43:00-04:00","stageTimeDurationMs":1115000,"stageTimeDuration":"00:18:35","splitPointTimeId":72322,"splitPointId":2288,"entryId":19615,"elapsedDurationMs":1612700,"elapsedDuration":"PT26M52.7S","splitDateTime":"2019-05-10T23:11:52.7","splitDateTimeLocal":"2019-05-10T19:11:52.7-04:00"},{"startDateTime":"2019-05-10T22:45:00","startDateTimeLocal":"2019-05-10T18:45:00-04:00","stageTimeDurationMs":1115000,"stageTimeDuration":"00:18:35","splitPointTimeId":72324,"splitPointId":2288,"entryId":19617,"elapsedDurationMs":1536800,"elapsedDuration":"PT25M36.8S","splitDateTime":"2019-05-10T23:10:36.8","splitDateTimeLocal":"2019-05-10T19:10:36.8-04:00"},{"startDateTime":"2019-05-10T22:52:00","startDateTimeLocal":"2019-05-10T18:52:00-04:00","stageTimeDurationMs":1115000,"stageTimeDuration":"00:18:35","splitPointTimeId":72331,"splitPointId":2288,"entryId":19612,"elapsedDurationMs":1686300,"elapsedDuration":"PT28M6.3S","splitDateTime":"2019-05-10T23:20:06.3","splitDateTimeLocal":"2019-05-10T19:20:06.3-04:00"},{"startDateTime":"2019-05-10T23:08:00","startDateTimeLocal":"2019-05-10T19:08:00-04:00","stageTimeDurationMs":1115000,"stageTimeDuration":"00:18:35","splitPointTimeId":72336,"splitPointId":2288,"entryId":19623,"elapsedDurationMs":1701200,"elapsedDuration":"PT28M21.2S","splitDateTime":"2019-05-10T23:36:21.2","splitDateTimeLocal":"2019-05-10T19:36:21.2-04:00"},{"startDateTime":"2019-05-10T20:43:00","startDateTimeLocal":"2019-05-10T16:43:00-04:00","stageTimeDurationMs":851000,"stageTimeDuration":"00:14:11","splitPointTimeId":71987,"splitPointId":2303,"entryId":19574,"elapsedDurationMs":383800,"elapsedDuration":"PT6M23.8S","splitDateTime":"2019-05-10T20:49:23.8","splitDateTimeLocal":"2019-05-10T16:49:23.8-04:00"},{"startDateTime":"2019-05-10T20:45:00","startDateTimeLocal":"2019-05-10T16:45:00-04:00","stageTimeDurationMs":849200,"stageTimeDuration":"00:14:09.2000000","splitPointTimeId":71994,"splitPointId":2303,"entryId":19568,"elapsedDurationMs":385000,"elapsedDuration":"PT6M25S","splitDateTime":"2019-05-10T20:51:25","splitDateTimeLocal":"2019-05-10T16:51:25-04:00"},{"startDateTime":"2019-05-10T20:48:00","startDateTimeLocal":"2019-05-10T16:48:00-04:00","stageTimeDurationMs":843400,"stageTimeDuration":"00:14:03.4000000","splitPointTimeId":72001,"splitPointId":2303,"entryId":19572,"elapsedDurationMs":381300,"elapsedDuration":"PT6M21.3S","splitDateTime":"2019-05-10T20:54:21.3","splitDateTimeLocal":"2019-05-10T16:54:21.3-04:00"},{"startDateTime":"2019-05-10T20:51:00","startDateTimeLocal":"2019-05-10T16:51:00-04:00","stageTimeDurationMs":850500,"stageTimeDuration":"00:14:10.5000000","splitPointTimeId":72017,"splitPointId":2303,"entryId":19571,"elapsedDurationMs":384300,"elapsedDuration":"PT6M24.3S","splitDateTime":"2019-05-10T20:57:24.3","splitDateTimeLocal":"2019-05-10T16:57:24.3-04:00"},{"startDateTime":"2019-05-10T20:54:00","startDateTimeLocal":"2019-05-10T16:54:00-04:00","stageTimeDurationMs":862700,"stageTimeDuration":"00:14:22.7000000","splitPointTimeId":72026,"splitPointId":2303,"entryId":19576,"elapsedDurationMs":388800,"elapsedDuration":"PT6M28.8S","splitDateTime":"2019-05-10T21:00:28.8","splitDateTimeLocal":"2019-05-10T17:00:28.8-04:00"},{"startDateTime":"2019-05-10T20:57:00","startDateTimeLocal":"2019-05-10T16:57:00-04:00","stageTimeDurationMs":871300,"stageTimeDuration":"00:14:31.3000000","splitPointTimeId":72036,"splitPointId":2303,"entryId":19578,"elapsedDurationMs":391400,"elapsedDuration":"PT6M31.4S","splitDateTime":"2019-05-10T21:03:31.4","splitDateTimeLocal":"2019-05-10T17:03:31.4-04:00"},{"startDateTime":"2019-05-10T21:00:00","startDateTimeLocal":"2019-05-10T17:00:00-04:00","stageTimeDurationMs":849200,"stageTimeDuration":"00:14:09.2000000","splitPointTimeId":72048,"splitPointId":2303,"entryId":19573,"elapsedDurationMs":380000,"elapsedDuration":"PT6M20S","splitDateTime":"2019-05-10T21:06:20","splitDateTimeLocal":"2019-05-10T17:06:20-04:00"},{"startDateTime":"2019-05-10T21:03:00","startDateTimeLocal":"2019-05-10T17:03:00-04:00","stageTimeDurationMs":858000,"stageTimeDuration":"00:14:18","splitPointTimeId":72059,"splitPointId":2303,"entryId":19570,"elapsedDurationMs":387300,"elapsedDuration":"PT6M27.3S","splitDateTime":"2019-05-10T21:09:27.3","splitDateTimeLocal":"2019-05-10T17:09:27.3-04:00"},{"startDateTime":"2019-05-10T21:06:00","startDateTimeLocal":"2019-05-10T17:06:00-04:00","stageTimeDurationMs":847100,"stageTimeDuration":"00:14:07.1000000","splitPointTimeId":72067,"splitPointId":2303,"entryId":19575,"elapsedDurationMs":382800,"elapsedDuration":"PT6M22.8S","splitDateTime":"2019-05-10T21:12:22.8","splitDateTimeLocal":"2019-05-10T17:12:22.8-04:00"},{"startDateTime":"2019-05-10T21:09:00","startDateTimeLocal":"2019-05-10T17:09:00-04:00","stageTimeDurationMs":866900,"stageTimeDuration":"00:14:26.9000000","splitPointTimeId":72079,"splitPointId":2303,"entryId":19569,"elapsedDurationMs":392500,"elapsedDuration":"PT6M32.5S","splitDateTime":"2019-05-10T21:15:32.5","splitDateTimeLocal":"2019-05-10T17:15:32.5-04:00"},{"startDateTime":"2019-05-10T21:12:00","startDateTimeLocal":"2019-05-10T17:12:00-04:00","stageTimeDurationMs":907300,"stageTimeDuration":"00:15:07.3000000","splitPointTimeId":72091,"splitPointId":2303,"entryId":19577,"elapsedDurationMs":410300,"elapsedDuration":"PT6M50.3S","splitDateTime":"2019-05-10T21:18:50.3","splitDateTimeLocal":"2019-05-10T17:18:50.3-04:00"},{"startDateTime":"2019-05-10T21:15:00","startDateTimeLocal":"2019-05-10T17:15:00-04:00","stageTimeDurationMs":908500,"stageTimeDuration":"00:15:08.5000000","splitPointTimeId":72097,"splitPointId":2303,"entryId":19579,"elapsedDurationMs":411800,"elapsedDuration":"PT6M51.8S","splitDateTime":"2019-05-10T21:21:51.8","splitDateTimeLocal":"2019-05-10T17:21:51.8-04:00"},{"startDateTime":"2019-05-10T21:18:00","startDateTimeLocal":"2019-05-10T17:18:00-04:00","stageTimeDurationMs":888300,"stageTimeDuration":"00:14:48.3000000","splitPointTimeId":72109,"splitPointId":2303,"entryId":19581,"elapsedDurationMs":402400,"elapsedDuration":"PT6M42.4S","splitDateTime":"2019-05-10T21:24:42.4","splitDateTimeLocal":"2019-05-10T17:24:42.4-04:00"},{"startDateTime":"2019-05-10T21:21:00","startDateTimeLocal":"2019-05-10T17:21:00-04:00","stageTimeDurationMs":887500,"stageTimeDuration":"00:14:47.5000000","splitPointTimeId":72118,"splitPointId":2303,"entryId":19580,"elapsedDurationMs":402900,"elapsedDuration":"PT6M42.9S","splitDateTime":"2019-05-10T21:27:42.9","splitDateTimeLocal":"2019-05-10T17:27:42.9-04:00"},{"startDateTime":"2019-05-10T21:24:00","startDateTimeLocal":"2019-05-10T17:24:00-04:00","stageTimeDurationMs":914800,"stageTimeDuration":"00:15:14.8000000","splitPointTimeId":72127,"splitPointId":2303,"entryId":19582,"elapsedDurationMs":412900,"elapsedDuration":"PT6M52.9S","splitDateTime":"2019-05-10T21:30:52.9","splitDateTimeLocal":"2019-05-10T17:30:52.9-04:00"},{"startDateTime":"2019-05-10T21:27:00","startDateTimeLocal":"2019-05-10T17:27:00-04:00","stageTimeDurationMs":939700,"stageTimeDuration":"00:15:39.7000000","splitPointTimeId":72139,"splitPointId":2303,"entryId":19583,"elapsedDurationMs":423100,"elapsedDuration":"PT7M3.1S","splitDateTime":"2019-05-10T21:34:03.1","splitDateTimeLocal":"2019-05-10T17:34:03.1-04:00"},{"startDateTime":"2019-05-10T21:30:00","startDateTimeLocal":"2019-05-10T17:30:00-04:00","stageTimeDurationMs":924400,"stageTimeDuration":"00:15:24.4000000","splitPointTimeId":72151,"splitPointId":2303,"entryId":19584,"elapsedDurationMs":415800,"elapsedDuration":"PT6M55.8S","splitDateTime":"2019-05-10T21:36:55.8","splitDateTimeLocal":"2019-05-10T17:36:55.8-04:00"},{"startDateTime":"2019-05-10T21:33:00","startDateTimeLocal":"2019-05-10T17:33:00-04:00","stageTimeDurationMs":938600,"stageTimeDuration":"00:15:38.6000000","splitPointTimeId":72156,"splitPointId":2303,"entryId":19586,"elapsedDurationMs":423500,"elapsedDuration":"PT7M3.5S","splitDateTime":"2019-05-10T21:40:03.5","splitDateTimeLocal":"2019-05-10T17:40:03.5-04:00"},{"startDateTime":"2019-05-10T21:36:00","startDateTimeLocal":"2019-05-10T17:36:00-04:00","stageTimeDurationMs":1012900,"stageTimeDuration":"00:16:52.9000000","splitPointTimeId":72173,"splitPointId":2303,"entryId":19588,"elapsedDurationMs":458600,"elapsedDuration":"PT7M38.6S","splitDateTime":"2019-05-10T21:43:38.6","splitDateTimeLocal":"2019-05-10T17:43:38.6-04:00"},{"startDateTime":"2019-05-10T21:39:00","startDateTimeLocal":"2019-05-10T17:39:00-04:00","stageTimeDurationMs":939300,"stageTimeDuration":"00:15:39.3000000","splitPointTimeId":72181,"splitPointId":2303,"entryId":19594,"elapsedDurationMs":423300,"elapsedDuration":"PT7M3.3S","splitDateTime":"2019-05-10T21:46:03.3","splitDateTimeLocal":"2019-05-10T17:46:03.3-04:00"},{"startDateTime":"2019-05-10T21:42:00","startDateTimeLocal":"2019-05-10T17:42:00-04:00","stageTimeDurationMs":962300,"stageTimeDuration":"00:16:02.3000000","splitPointTimeId":72188,"splitPointId":2303,"entryId":19595,"elapsedDurationMs":433700,"elapsedDuration":"PT7M13.7S","splitDateTime":"2019-05-10T21:49:13.7","splitDateTimeLocal":"2019-05-10T17:49:13.7-04:00"},{"startDateTime":"2019-05-10T21:45:00","startDateTimeLocal":"2019-05-10T17:45:00-04:00","stageTimeDurationMs":947900,"stageTimeDuration":"00:15:47.9000000","splitPointTimeId":72199,"splitPointId":2303,"entryId":19591,"elapsedDurationMs":423900,"elapsedDuration":"PT7M3.9S","splitDateTime":"2019-05-10T21:52:03.9","splitDateTimeLocal":"2019-05-10T17:52:03.9-04:00"},{"startDateTime":"2019-05-10T21:48:00","startDateTimeLocal":"2019-05-10T17:48:00-04:00","stageTimeDurationMs":944000,"stageTimeDuration":"00:15:44","splitPointTimeId":72214,"splitPointId":2303,"entryId":19600,"elapsedDurationMs":424300,"elapsedDuration":"PT7M4.3S","splitDateTime":"2019-05-10T21:55:04.3","splitDateTimeLocal":"2019-05-10T17:55:04.3-04:00"},{"startDateTime":"2019-05-10T21:51:00","startDateTimeLocal":"2019-05-10T17:51:00-04:00","stageTimeDurationMs":1003600,"stageTimeDuration":"00:16:43.6000000","splitPointTimeId":72218,"splitPointId":2303,"entryId":19597,"elapsedDurationMs":456800,"elapsedDuration":"PT7M36.8S","splitDateTime":"2019-05-10T21:58:36.8","splitDateTimeLocal":"2019-05-10T17:58:36.8-04:00"},{"startDateTime":"2019-05-10T21:56:00","startDateTimeLocal":"2019-05-10T17:56:00-04:00","stageTimeDurationMs":1028700,"stageTimeDuration":"00:17:08.7000000","splitPointTimeId":72238,"splitPointId":2303,"entryId":19599,"elapsedDurationMs":463600,"elapsedDuration":"PT7M43.6S","splitDateTime":"2019-05-10T22:03:43.6","splitDateTimeLocal":"2019-05-10T18:03:43.6-04:00"},{"startDateTime":"2019-05-10T22:00:00","startDateTimeLocal":"2019-05-10T18:00:00-04:00","stageTimeDurationMs":984000,"stageTimeDuration":"00:16:24","splitPointTimeId":72245,"splitPointId":2303,"entryId":19592,"elapsedDurationMs":438500,"elapsedDuration":"PT7M18.5S","splitDateTime":"2019-05-10T22:07:18.5","splitDateTimeLocal":"2019-05-10T18:07:18.5-04:00"},{"startDateTime":"2019-05-10T22:04:00","startDateTimeLocal":"2019-05-10T18:04:00-04:00","stageTimeDurationMs":1070500,"stageTimeDuration":"00:17:50.5000000","splitPointTimeId":72256,"splitPointId":2303,"entryId":19602,"elapsedDurationMs":476000,"elapsedDuration":"PT7M56S","splitDateTime":"2019-05-10T22:11:56","splitDateTimeLocal":"2019-05-10T18:11:56-04:00"},{"startDateTime":"2019-05-10T22:08:00","startDateTimeLocal":"2019-05-10T18:08:00-04:00","stageTimeDurationMs":1162300,"stageTimeDuration":"00:19:22.3000000","splitPointTimeId":72261,"splitPointId":2303,"entryId":19606,"elapsedDurationMs":512900,"elapsedDuration":"PT8M32.9S","splitDateTime":"2019-05-10T22:16:32.9","splitDateTimeLocal":"2019-05-10T18:16:32.9-04:00"},{"startDateTime":"2019-05-10T22:12:00","startDateTimeLocal":"2019-05-10T18:12:00-04:00","stageTimeDurationMs":1420900,"stageTimeDuration":"00:23:40.9000000","splitPointTimeId":72269,"splitPointId":2303,"entryId":19608,"elapsedDurationMs":615600,"elapsedDuration":"PT10M15.6S","splitDateTime":"2019-05-10T22:22:15.6","splitDateTimeLocal":"2019-05-10T18:22:15.6-04:00"},{"startDateTime":"2019-05-10T22:16:00","startDateTimeLocal":"2019-05-10T18:16:00-04:00","stageTimeDurationMs":1340900,"stageTimeDuration":"00:22:20.9000000","splitPointTimeId":72271,"splitPointId":2303,"entryId":19610,"elapsedDurationMs":598700,"elapsedDuration":"PT9M58.7S","splitDateTime":"2019-05-10T22:25:58.7","splitDateTimeLocal":"2019-05-10T18:25:58.7-04:00"},{"startDateTime":"2019-05-10T22:25:00","startDateTimeLocal":"2019-05-10T18:25:00-04:00","stageTimeDurationMs":1115000,"stageTimeDuration":"00:18:35","splitPointTimeId":72282,"splitPointId":2303,"entryId":19625,"elapsedDurationMs":661000,"elapsedDuration":"PT11M1S","splitDateTime":"2019-05-10T22:36:01","splitDateTimeLocal":"2019-05-10T18:36:01-04:00"},{"startDateTime":"2019-05-10T22:28:00","startDateTimeLocal":"2019-05-10T18:28:00-04:00","stageTimeDurationMs":1115000,"stageTimeDuration":"00:18:35","splitPointTimeId":72286,"splitPointId":2303,"entryId":19620,"elapsedDurationMs":701900,"elapsedDuration":"PT11M41.9S","splitDateTime":"2019-05-10T22:39:41.9","splitDateTimeLocal":"2019-05-10T18:39:41.9-04:00"},{"startDateTime":"2019-05-10T22:37:00","startDateTimeLocal":"2019-05-10T18:37:00-04:00","stageTimeDurationMs":1115000,"stageTimeDuration":"00:18:35","splitPointTimeId":72294,"splitPointId":2303,"entryId":19624,"elapsedDurationMs":720200,"elapsedDuration":"PT12M0.2S","splitDateTime":"2019-05-10T22:49:00.2","splitDateTimeLocal":"2019-05-10T18:49:00.2-04:00"},{"startDateTime":"2019-05-10T22:34:00","startDateTimeLocal":"2019-05-10T18:34:00-04:00","stageTimeDurationMs":1115000,"stageTimeDuration":"00:18:35","splitPointTimeId":72296,"splitPointId":2303,"entryId":19627,"elapsedDurationMs":912900,"elapsedDuration":"PT15M12.9S","splitDateTime":"2019-05-10T22:49:12.9","splitDateTimeLocal":"2019-05-10T18:49:12.9-04:00"},{"startDateTime":"2019-05-10T22:40:00","startDateTimeLocal":"2019-05-10T18:40:00-04:00","stageTimeDurationMs":1115000,"stageTimeDuration":"00:18:35","splitPointTimeId":72298,"splitPointId":2303,"entryId":19618,"elapsedDurationMs":663600,"elapsedDuration":"PT11M3.6S","splitDateTime":"2019-05-10T22:51:03.6","splitDateTimeLocal":"2019-05-10T18:51:03.6-04:00"},{"startDateTime":"2019-05-10T22:43:00","startDateTimeLocal":"2019-05-10T18:43:00-04:00","stageTimeDurationMs":1115000,"stageTimeDuration":"00:18:35","splitPointTimeId":72302,"splitPointId":2303,"entryId":19615,"elapsedDurationMs":845900,"elapsedDuration":"PT14M5.9S","splitDateTime":"2019-05-10T22:59:05.9","splitDateTimeLocal":"2019-05-10T18:59:05.9-04:00"},{"startDateTime":"2019-05-10T22:45:00","startDateTimeLocal":"2019-05-10T18:45:00-04:00","stageTimeDurationMs":1115000,"stageTimeDuration":"00:18:35","splitPointTimeId":72308,"splitPointId":2303,"entryId":19617,"elapsedDurationMs":797200,"elapsedDuration":"PT13M17.2S","splitDateTime":"2019-05-10T22:58:17.2","splitDateTimeLocal":"2019-05-10T18:58:17.2-04:00"},{"startDateTime":"2019-05-10T22:52:00","startDateTimeLocal":"2019-05-10T18:52:00-04:00","stageTimeDurationMs":1115000,"stageTimeDuration":"00:18:35","splitPointTimeId":72319,"splitPointId":2303,"entryId":19612,"elapsedDurationMs":856300,"elapsedDuration":"PT14M16.3S","splitDateTime":"2019-05-10T23:06:16.3","splitDateTimeLocal":"2019-05-10T19:06:16.3-04:00"},{"startDateTime":"2019-05-10T23:08:00","startDateTimeLocal":"2019-05-10T19:08:00-04:00","stageTimeDurationMs":1115000,"stageTimeDuration":"00:18:35","splitPointTimeId":72332,"splitPointId":2303,"entryId":19623,"elapsedDurationMs":782300,"elapsedDuration":"PT13M2.3S","splitDateTime":"2019-05-10T23:21:02.3","splitDateTimeLocal":"2019-05-10T19:21:02.3-04:00"}]