{"itineraryLegs":[{"itinerarySections":[{"controls":[{"controlId":4509,"eventId":82,"stageId":null,"type":"TimeControl","code":"TC0","location":"VILLA CARLOS PAZ - Service OUT","timingPrecision":"Minute","distance":null,"targetDuration":null,"targetDurationMs":null,"firstCarDueDateTime":"2019-04-25T21:30:00","firstCarDueDateTimeLocal":"2019-04-25T18:30:00-03:00","status":"Completed","controlPenalties":"All","roundingPolicy":"NoRounding","locked":false},{"controlId":4508,"eventId":82,"stageId":null,"type":"RegroupIn","code":"TC0A","location":"VILLA CARLOS PAZ - Regrouping In ","timingPrecision":"Minute","distance":3.83,"targetDuration":"00:15:00","targetDurationMs":900000,"firstCarDueDateTime":"2019-04-25T21:45:00","firstCarDueDateTimeLocal":"2019-04-25T18:45:00-03:00","status":"Completed","controlPenalties":"All","roundingPolicy":"NoRounding","locked":false}],"stages":[],"itinerarySectionId":440,"itineraryLegId":190,"order":1,"name":"Section 1"},{"controls":[{"controlId":4542,"eventId":82,"stageId":1067,"type":"RegroupOut","code":"TC0B","location":"VILLA CARLOS PAZ - Regrouping OUT","timingPrecision":"Minute","distance":null,"targetDuration":"00:20:00","targetDurationMs":1200000,"firstCarDueDateTime":"2019-04-25T22:05:00","firstCarDueDateTimeLocal":"2019-04-25T19:05:00-03:00","status":"Completed","controlPenalties":"None","roundingPolicy":"NoRounding","locked":false},{"controlId":4543,"eventId":82,"stageId":1067,"type":"StageStart","code":"SS1","location":"Super Especial VILLA CARLOS PAZ","timingPrecision":"Minute","distance":1.9,"targetDuration":"00:03:00","targetDurationMs":180000,"firstCarDueDateTime":"2019-04-25T22:08:00","firstCarDueDateTimeLocal":"2019-04-25T19:08:00-03:00","status":"Completed","controlPenalties":"None","roundingPolicy":"RoundToClosestMinute","locked":false},{"controlId":4544,"eventId":82,"stageId":1067,"type":"FlyingFinish","code":"SF1","location":"Super Especial VILLA CARLOS PAZ","timingPrecision":"Tenth","distance":null,"targetDuration":null,"targetDurationMs":null,"firstCarDueDateTime":null,"firstCarDueDateTimeLocal":null,"status":"Completed","controlPenalties":"None","roundingPolicy":"NoRounding","locked":false},{"controlId":4506,"eventId":82,"stageId":null,"type":"TimeControl","code":"TC1A","location":"VILLA CARLOS PAZ - Parc Ferme IN (Early check in is allowed)","timingPrecision":"Minute","distance":5.68,"targetDuration":"00:25:00","targetDurationMs":1500000,"firstCarDueDateTime":"2019-04-25T22:33:00","firstCarDueDateTimeLocal":"2019-04-25T19:33:00-03:00","status":"Completed","controlPenalties":"Late","roundingPolicy":"NoRounding","locked":false}],"stages":[{"stageId":1067,"eventId":82,"number":1,"name":"Super Especial VILLA CARLOS PAZ","distance":1.9,"status":"Completed","stageType":"SuperSpecialStage","timingPrecision":"Tenth","locked":false,"code":"SS1"}],"itinerarySectionId":441,"itineraryLegId":190,"order":2,"name":"Section 2"}],"itineraryLegId":190,"itineraryId":167,"startListId":319,"name":"Thursday 25th April","legDate":"2019-04-25","order":1,"status":"Completed"},{"itinerarySections":[{"controls":[{"controlId":4505,"eventId":82,"stageId":null,"type":"TimeControl","code":"TC1B","location":"Parc Ferme OUT / Service IN","timingPrecision":"Minute","distance":null,"targetDuration":null,"targetDurationMs":null,"firstCarDueDateTime":"2019-04-26T09:25:00","firstCarDueDateTimeLocal":"2019-04-26T06:25:00-03:00","status":"Completed","controlPenalties":"All","roundingPolicy":"NoRounding","locked":false},{"controlId":4504,"eventId":82,"stageId":null,"type":"TimeControl","code":"TC1C","location":"Service OUT","timingPrecision":"Minute","distance":null,"targetDuration":"00:15:00","targetDurationMs":900000,"firstCarDueDateTime":"2019-04-26T09:40:00","firstCarDueDateTimeLocal":"2019-04-26T06:40:00-03:00","status":"Completed","controlPenalties":"All","roundingPolicy":"NoRounding","locked":false},{"controlId":4545,"eventId":82,"stageId":1068,"type":"TimeControl","code":"TC2","location":"Las Bajadas","timingPrecision":"Minute","distance":97.54,"targetDuration":"01:25:00","targetDurationMs":5100000,"firstCarDueDateTime":"2019-04-26T11:05:00","firstCarDueDateTimeLocal":"2019-04-26T08:05:00-03:00","status":"Completed","controlPenalties":"All","roundingPolicy":"NoRounding","locked":false},{"controlId":4546,"eventId":82,"stageId":1068,"type":"StageStart","code":"SS2","location":"LAS BAJADAS - VILLA DEL DIQUE (I)","timingPrecision":"Minute","distance":16.65,"targetDuration":"00:03:00","targetDurationMs":180000,"firstCarDueDateTime":"2019-04-26T11:08:00","firstCarDueDateTimeLocal":"2019-04-26T08:08:00-03:00","status":"Completed","controlPenalties":"None","roundingPolicy":"RoundToClosestMinute","locked":false},{"controlId":4547,"eventId":82,"stageId":1068,"type":"FlyingFinish","code":"SF2","location":"LAS BAJADAS - VILLA DEL DIQUE (I)","timingPrecision":"Tenth","distance":null,"targetDuration":null,"targetDurationMs":null,"firstCarDueDateTime":null,"firstCarDueDateTimeLocal":null,"status":"Completed","controlPenalties":"None","roundingPolicy":"NoRounding","locked":false},{"controlId":4548,"eventId":82,"stageId":1070,"type":"TimeControl","code":"TC3","location":"Amboy","timingPrecision":"Minute","distance":19.53,"targetDuration":"00:44:00","targetDurationMs":2640000,"firstCarDueDateTime":"2019-04-26T11:52:00","firstCarDueDateTimeLocal":"2019-04-26T08:52:00-03:00","status":"Completed","controlPenalties":"All","roundingPolicy":"NoRounding","locked":false},{"controlId":4549,"eventId":82,"stageId":1070,"type":"StageStart","code":"SS3","location":"AMBOY - YACANTO (I)","timingPrecision":"Minute","distance":29.85,"targetDuration":"00:48:00","targetDurationMs":2880000,"firstCarDueDateTime":"2019-04-26T12:40:00","firstCarDueDateTimeLocal":"2019-04-26T09:40:00-03:00","status":"Cancelled","controlPenalties":"None","roundingPolicy":"RoundToClosestMinute","locked":false},{"controlId":4550,"eventId":82,"stageId":1070,"type":"FlyingFinish","code":"SF3","location":"AMBOY - YACANTO (I)","timingPrecision":"Tenth","distance":null,"targetDuration":null,"targetDurationMs":null,"firstCarDueDateTime":null,"firstCarDueDateTimeLocal":null,"status":"Cancelled","controlPenalties":"None","roundingPolicy":"NoRounding","locked":false},{"controlId":4553,"eventId":82,"stageId":1073,"type":"TimeControl","code":"TC4","location":"Santa Rosa","timingPrecision":"Minute","distance":43.78,"targetDuration":"00:25:00","targetDurationMs":1500000,"firstCarDueDateTime":"2019-04-26T13:05:00","firstCarDueDateTimeLocal":"2019-04-26T10:05:00-03:00","status":"Completed","controlPenalties":"All","roundingPolicy":"NoRounding","locked":false},{"controlId":4552,"eventId":82,"stageId":1073,"type":"StageStart","code":"SS4","location":"SANTA ROSA - SAN AGUSTIN (I)","timingPrecision":"Minute","distance":23.44,"targetDuration":"00:03:00","targetDurationMs":180000,"firstCarDueDateTime":"2019-04-26T13:08:00","firstCarDueDateTimeLocal":"2019-04-26T10:08:00-03:00","status":"Completed","controlPenalties":"None","roundingPolicy":"RoundToClosestMinute","locked":false},{"controlId":4565,"eventId":82,"stageId":1073,"type":"FlyingFinish","code":"SF4","location":"SANTA ROSA - SAN AGUSTIN (I)","timingPrecision":"Tenth","distance":null,"targetDuration":null,"targetDurationMs":null,"firstCarDueDateTime":null,"firstCarDueDateTimeLocal":null,"status":"Completed","controlPenalties":"None","roundingPolicy":"NoRounding","locked":false},{"controlId":4500,"eventId":82,"stageId":null,"type":"RegroupIn","code":"TC4A","location":"Regrouping IN","timingPrecision":"Minute","distance":92.89,"targetDuration":"01:40:00","targetDurationMs":6000000,"firstCarDueDateTime":"2019-04-26T14:48:00","firstCarDueDateTimeLocal":"2019-04-26T11:48:00-03:00","status":"Completed","controlPenalties":"All","roundingPolicy":"NoRounding","locked":false}],"stages":[{"stageId":1068,"eventId":82,"number":2,"name":"LAS BAJADAS - VILLA DEL DIQUE (I)","distance":16.65,"status":"Completed","stageType":"SpecialStage","timingPrecision":"Tenth","locked":false,"code":"SS2"},{"stageId":1070,"eventId":82,"number":3,"name":"AMBOY - YACANTO (I)","distance":29.85,"status":"Cancelled","stageType":"SpecialStage","timingPrecision":"Tenth","locked":false,"code":"SS3"},{"stageId":1073,"eventId":82,"number":4,"name":"SANTA ROSA - SAN AGUSTIN (I)","distance":23.44,"status":"Completed","stageType":"SpecialStage","timingPrecision":"Tenth","locked":false,"code":"SS4"}],"itinerarySectionId":442,"itineraryLegId":189,"order":3,"name":"Section 3"},{"controls":[{"controlId":4554,"eventId":82,"stageId":1074,"type":"RegroupOut","code":"TC4B","location":"Regrouping OUT","timingPrecision":"Minute","distance":null,"targetDuration":"00:12:00","targetDurationMs":720000,"firstCarDueDateTime":"2019-04-26T15:00:00","firstCarDueDateTimeLocal":"2019-04-26T12:00:00-03:00","status":"Completed","controlPenalties":"None","roundingPolicy":"NoRounding","locked":false},{"controlId":4555,"eventId":82,"stageId":1074,"type":"StageStart","code":"SS5","location":"Super Especial FERNET BRANCA (I) ( 2 laps)","timingPrecision":"Minute","distance":6.04,"targetDuration":"00:03:00","targetDurationMs":180000,"firstCarDueDateTime":"2019-04-26T15:03:00","firstCarDueDateTimeLocal":"2019-04-26T12:03:00-03:00","status":"Completed","controlPenalties":"None","roundingPolicy":"RoundToClosestMinute","locked":false},{"controlId":4556,"eventId":82,"stageId":1074,"type":"FlyingFinish","code":"SF5","location":"Super Especial FERNET BRANCA (I) ( 2 laps)","timingPrecision":"Tenth","distance":null,"targetDuration":null,"targetDurationMs":null,"firstCarDueDateTime":null,"firstCarDueDateTimeLocal":null,"status":"Completed","controlPenalties":"None","roundingPolicy":"NoRounding","locked":false},{"controlId":4498,"eventId":82,"stageId":null,"type":"RegroupIn","code":"TC5A","location":"Regrouping IN","timingPrecision":"Minute","distance":4.42,"targetDuration":"00:25:00","targetDurationMs":1500000,"firstCarDueDateTime":"2019-04-26T15:28:00","firstCarDueDateTimeLocal":"2019-04-26T12:28:00-03:00","status":"Completed","controlPenalties":"All","roundingPolicy":"NoRounding","locked":false}],"stages":[{"stageId":1074,"eventId":82,"number":5,"name":"Super Especial FERNET BRANCA (I) ( 2 laps)","distance":6.04,"status":"Completed","stageType":"HeadToHeadSuperSpecialStage","timingPrecision":"Tenth","locked":false,"code":"SS5"}],"itinerarySectionId":443,"itineraryLegId":189,"order":4,"name":"Section 4"},{"controls":[{"controlId":4497,"eventId":82,"stageId":null,"type":"RegroupOut","code":"TC5B","location":"Regrouping OUT / Service IN","timingPrecision":"Minute","distance":null,"targetDuration":"00:15:00","targetDurationMs":900000,"firstCarDueDateTime":"2019-04-26T15:43:00","firstCarDueDateTimeLocal":"2019-04-26T12:43:00-03:00","status":"Completed","controlPenalties":"None","roundingPolicy":"NoRounding","locked":false},{"controlId":4496,"eventId":82,"stageId":1075,"type":"TimeControl","code":"TC5C","location":"Service OUT","timingPrecision":"Minute","distance":null,"targetDuration":"00:40:00","targetDurationMs":2400000,"firstCarDueDateTime":"2019-04-26T16:23:00","firstCarDueDateTimeLocal":"2019-04-26T13:23:00-03:00","status":"Completed","controlPenalties":"All","roundingPolicy":"NoRounding","locked":false},{"controlId":4557,"eventId":82,"stageId":1075,"type":"TimeControl","code":"TC6","location":"Las Bajadas","timingPrecision":"Minute","distance":97.54,"targetDuration":"01:25:00","targetDurationMs":5100000,"firstCarDueDateTime":"2019-04-26T17:48:00","firstCarDueDateTimeLocal":"2019-04-26T14:48:00-03:00","status":"Completed","controlPenalties":"All","roundingPolicy":"NoRounding","locked":false},{"controlId":4558,"eventId":82,"stageId":1075,"type":"StageStart","code":"SS6","location":"LAS BAJADAS - VILLA DEL DIQUE (II)","timingPrecision":"Minute","distance":16.65,"targetDuration":"00:03:00","targetDurationMs":180000,"firstCarDueDateTime":"2019-04-26T17:51:00","firstCarDueDateTimeLocal":"2019-04-26T14:51:00-03:00","status":"Completed","controlPenalties":"None","roundingPolicy":"RoundToClosestMinute","locked":false},{"controlId":4559,"eventId":82,"stageId":1075,"type":"FlyingFinish","code":"SF6","location":"LAS BAJADAS - VILLA DEL DIQUE (II)","timingPrecision":"Tenth","distance":null,"targetDuration":null,"targetDurationMs":null,"firstCarDueDateTime":null,"firstCarDueDateTimeLocal":null,"status":"Completed","controlPenalties":"None","roundingPolicy":"NoRounding","locked":false},{"controlId":4560,"eventId":82,"stageId":1076,"type":"TimeControl","code":"TC7","location":"Amboy","timingPrecision":"Minute","distance":19.53,"targetDuration":"00:44:00","targetDurationMs":2640000,"firstCarDueDateTime":"2019-04-26T18:35:00","firstCarDueDateTimeLocal":"2019-04-26T15:35:00-03:00","status":"Completed","controlPenalties":"All","roundingPolicy":"NoRounding","locked":false},{"controlId":4561,"eventId":82,"stageId":1076,"type":"StageStart","code":"SS7","location":"AMBOY - YACANTO (II)","timingPrecision":"Minute","distance":29.85,"targetDuration":"00:03:00","targetDurationMs":180000,"firstCarDueDateTime":"2019-04-26T18:38:00","firstCarDueDateTimeLocal":"2019-04-26T15:38:00-03:00","status":"Completed","controlPenalties":"None","roundingPolicy":"RoundToClosestMinute","locked":false},{"controlId":4562,"eventId":82,"stageId":1076,"type":"FlyingFinish","code":"SF7","location":"AMBOY - YACANTO (II)","timingPrecision":"Tenth","distance":null,"targetDuration":null,"targetDurationMs":null,"firstCarDueDateTime":null,"firstCarDueDateTimeLocal":null,"status":"Completed","controlPenalties":"None","roundingPolicy":"NoRounding","locked":false},{"controlId":4563,"eventId":82,"stageId":1077,"type":"TimeControl","code":"TC8","location":"Santa Rosa","timingPrecision":"Minute","distance":43.78,"targetDuration":"01:10:00","targetDurationMs":4200000,"firstCarDueDateTime":"2019-04-26T19:48:00","firstCarDueDateTimeLocal":"2019-04-26T16:48:00-03:00","status":"Completed","controlPenalties":"All","roundingPolicy":"NoRounding","locked":false},{"controlId":4564,"eventId":82,"stageId":1077,"type":"StageStart","code":"SS8","location":"SANTA ROSA - SAN AGUSTIN (II)","timingPrecision":"Minute","distance":23.44,"targetDuration":"00:03:00","targetDurationMs":180000,"firstCarDueDateTime":"2019-04-26T19:51:00","firstCarDueDateTimeLocal":"2019-04-26T16:51:00-03:00","status":"Completed","controlPenalties":"None","roundingPolicy":"RoundToClosestMinute","locked":false},{"controlId":4541,"eventId":82,"stageId":1077,"type":"FlyingFinish","code":"SF8","location":"SANTA ROSA - SAN AGUSTIN (II)","timingPrecision":"Tenth","distance":null,"targetDuration":null,"targetDurationMs":null,"firstCarDueDateTime":null,"firstCarDueDateTimeLocal":null,"status":"Completed","controlPenalties":"None","roundingPolicy":"NoRounding","locked":false},{"controlId":4492,"eventId":82,"stageId":null,"type":"TimeControl","code":"TC8A","location":"Technical Zone IN","timingPrecision":"Minute","distance":91.68,"targetDuration":"01:40:00","targetDurationMs":6000000,"firstCarDueDateTime":"2019-04-26T21:31:00","firstCarDueDateTimeLocal":"2019-04-26T18:31:00-03:00","status":"Completed","controlPenalties":"All","roundingPolicy":"NoRounding","locked":false},{"controlId":4491,"eventId":82,"stageId":null,"type":"TimeControl","code":"TC8B","location":"Technical Zone OUT / Service IN","timingPrecision":"Minute","distance":null,"targetDuration":"00:10:00","targetDurationMs":600000,"firstCarDueDateTime":"2019-04-26T21:41:00","firstCarDueDateTimeLocal":"2019-04-26T18:41:00-03:00","status":"Completed","controlPenalties":"None","roundingPolicy":"NoRounding","locked":false},{"controlId":4490,"eventId":82,"stageId":null,"type":"TimeControl","code":"TC8C","location":"Service OUT / Parc Ferme IN / For all classified cars (except re-starting crews) (Early check in is allowed)","timingPrecision":"Minute","distance":null,"targetDuration":null,"targetDurationMs":null,"firstCarDueDateTime":null,"firstCarDueDateTimeLocal":null,"status":"Completed","controlPenalties":"None","roundingPolicy":"NoRounding","locked":false}],"stages":[{"stageId":1075,"eventId":82,"number":6,"name":"LAS BAJADAS - VILLA DEL DIQUE (II)","distance":16.65,"status":"Completed","stageType":"SpecialStage","timingPrecision":"Tenth","locked":false,"code":"SS6"},{"stageId":1076,"eventId":82,"number":7,"name":"AMBOY - YACANTO (II)","distance":29.85,"status":"Completed","stageType":"SpecialStage","timingPrecision":"Tenth","locked":false,"code":"SS7"},{"stageId":1077,"eventId":82,"number":8,"name":"SANTA ROSA - SAN AGUSTIN (II)","distance":23.44,"status":"Completed","stageType":"SpecialStage","timingPrecision":"Tenth","locked":false,"code":"SS8"}],"itinerarySectionId":444,"itineraryLegId":189,"order":5,"name":"Section 5"}],"itineraryLegId":189,"itineraryId":167,"startListId":321,"name":"Friday 26th April","legDate":"2019-04-26","order":2,"status":"Completed"},{"itinerarySections":[{"controls":[{"controlId":4489,"eventId":82,"stageId":null,"type":"TimeControl","code":"TC8D","location":"Parc Ferme OUT / Service IN","timingPrecision":"Minute","distance":null,"targetDuration":null,"targetDurationMs":null,"firstCarDueDateTime":"2019-04-27T09:57:00","firstCarDueDateTimeLocal":"2019-04-27T06:57:00-03:00","status":"Completed","controlPenalties":"All","roundingPolicy":"NoRounding","locked":false},{"controlId":4488,"eventId":82,"stageId":null,"type":"TimeControl","code":"TC8E","location":"Service OUT","timingPrecision":"Minute","distance":null,"targetDuration":"00:15:00","targetDurationMs":900000,"firstCarDueDateTime":"2019-04-27T10:12:00","firstCarDueDateTimeLocal":"2019-04-27T07:12:00-03:00","status":"Completed","controlPenalties":"All","roundingPolicy":"NoRounding","locked":false},{"controlId":4512,"eventId":82,"stageId":1083,"type":"TimeControl","code":"TC9","location":"Tanti","timingPrecision":"Minute","distance":19.68,"targetDuration":"00:32:00","targetDurationMs":1920000,"firstCarDueDateTime":"2019-04-27T10:44:00","firstCarDueDateTimeLocal":"2019-04-27T07:44:00-03:00","status":"Completed","controlPenalties":"All","roundingPolicy":"NoRounding","locked":false},{"controlId":4539,"eventId":82,"stageId":1083,"type":"StageStart","code":"SS9","location":"TANTI - MATADEROS (I) ","timingPrecision":"Minute","distance":13.92,"targetDuration":"00:03:00","targetDurationMs":180000,"firstCarDueDateTime":"2019-04-27T10:47:00","firstCarDueDateTimeLocal":"2019-04-27T07:47:00-03:00","status":"Interrupted","controlPenalties":"None","roundingPolicy":"RoundToClosestMinute","locked":false},{"controlId":4538,"eventId":82,"stageId":1083,"type":"FlyingFinish","code":"SF9","location":"TANTI - MATADEROS (I) ","timingPrecision":"Tenth","distance":null,"targetDuration":null,"targetDurationMs":null,"firstCarDueDateTime":null,"firstCarDueDateTimeLocal":null,"status":"Interrupted","controlPenalties":"None","roundingPolicy":"NoRounding","locked":false},{"controlId":4513,"eventId":82,"stageId":1081,"type":"TimeControl","code":"TC10","location":"Mataderos","timingPrecision":"Minute","distance":6.03,"targetDuration":"00:43:00","targetDurationMs":2580000,"firstCarDueDateTime":"2019-04-27T11:30:00","firstCarDueDateTimeLocal":"2019-04-27T08:30:00-03:00","status":"Completed","controlPenalties":"All","roundingPolicy":"NoRounding","locked":false},{"controlId":4514,"eventId":82,"stageId":1081,"type":"StageStart","code":"SS10","location":"MATADEROS - CUCHILLA NEVADA (I) - Live TV","timingPrecision":"Minute","distance":22.67,"targetDuration":"00:08:00","targetDurationMs":480000,"firstCarDueDateTime":"2019-04-27T11:38:00","firstCarDueDateTimeLocal":"2019-04-27T08:38:00-03:00","status":"Completed","controlPenalties":"None","roundingPolicy":"RoundToClosestMinute","locked":false},{"controlId":4515,"eventId":82,"stageId":1081,"type":"FlyingFinish","code":"SF10","location":"MATADEROS - CUCHILLA NEVADA (I) - Live TV","timingPrecision":"Tenth","distance":null,"targetDuration":null,"targetDurationMs":null,"firstCarDueDateTime":null,"firstCarDueDateTimeLocal":null,"status":"Completed","controlPenalties":"None","roundingPolicy":"NoRounding","locked":false},{"controlId":4516,"eventId":82,"stageId":1066,"type":"TimeControl","code":"TC11","location":"Cuchilla Nevada","timingPrecision":"Minute","distance":0.99,"targetDuration":"00:44:00","targetDurationMs":2640000,"firstCarDueDateTime":"2019-04-27T12:22:00","firstCarDueDateTimeLocal":"2019-04-27T09:22:00-03:00","status":"Completed","controlPenalties":"All","roundingPolicy":"NoRounding","locked":false},{"controlId":4517,"eventId":82,"stageId":1066,"type":"StageStart","code":"SS11","location":"CUCHILLA NEVADA - CHARACATO (I)","timingPrecision":"Minute","distance":33.65,"targetDuration":"00:03:00","targetDurationMs":180000,"firstCarDueDateTime":"2019-04-27T12:25:00","firstCarDueDateTimeLocal":"2019-04-27T09:25:00-03:00","status":"Completed","controlPenalties":"None","roundingPolicy":"RoundToClosestMinute","locked":false},{"controlId":4518,"eventId":82,"stageId":1066,"type":"FlyingFinish","code":"SF11","location":"CUCHILLA NEVADA - CHARACATO (I)","timingPrecision":"Tenth","distance":null,"targetDuration":null,"targetDurationMs":null,"firstCarDueDateTime":null,"firstCarDueDateTimeLocal":null,"status":"Completed","controlPenalties":"None","roundingPolicy":"NoRounding","locked":false},{"controlId":4510,"eventId":82,"stageId":null,"type":"RegroupIn","code":"TC11A","location":"Regrouping IN","timingPrecision":"Minute","distance":69.67,"targetDuration":"01:50:00","targetDurationMs":6600000,"firstCarDueDateTime":"2019-04-27T14:15:00","firstCarDueDateTimeLocal":"2019-04-27T11:15:00-03:00","status":"Completed","controlPenalties":"All","roundingPolicy":"NoRounding","locked":false}],"stages":[{"stageId":1083,"eventId":82,"number":9,"name":"TANTI - MATADEROS (I) ","distance":13.92,"status":"Interrupted","stageType":"SpecialStage","timingPrecision":"Tenth","locked":false,"code":"SS9"},{"stageId":1081,"eventId":82,"number":10,"name":"MATADEROS - CUCHILLA NEVADA (I) - Live TV","distance":22.67,"status":"Completed","stageType":"SpecialStage","timingPrecision":"Tenth","locked":false,"code":"SS10"},{"stageId":1066,"eventId":82,"number":11,"name":"CUCHILLA NEVADA - CHARACATO (I)","distance":33.65,"status":"Completed","stageType":"SpecialStage","timingPrecision":"Tenth","locked":false,"code":"SS11"}],"itinerarySectionId":445,"itineraryLegId":188,"order":6,"name":"Section 6"},{"controls":[{"controlId":4519,"eventId":82,"stageId":1082,"type":"RegroupOut","code":"TC11B","location":"Regrouping OUT","timingPrecision":"Minute","distance":null,"targetDuration":"00:08:00","targetDurationMs":480000,"firstCarDueDateTime":"2019-04-27T14:23:00","firstCarDueDateTimeLocal":"2019-04-27T11:23:00-03:00","status":"Completed","controlPenalties":"None","roundingPolicy":"NoRounding","locked":false},{"controlId":4520,"eventId":82,"stageId":1082,"type":"StageStart","code":"SS12","location":"Super Especial FERNET BRANCA (II) ( 2 laps)","timingPrecision":"Minute","distance":6.04,"targetDuration":"00:03:00","targetDurationMs":180000,"firstCarDueDateTime":"2019-04-27T14:26:00","firstCarDueDateTimeLocal":"2019-04-27T11:26:00-03:00","status":"Completed","controlPenalties":"None","roundingPolicy":"RoundToClosestMinute","locked":false},{"controlId":4521,"eventId":82,"stageId":1082,"type":"FlyingFinish","code":"SF12","location":"Super Especial FERNET BRANCA (II) ( 2 laps)","timingPrecision":"Tenth","distance":null,"targetDuration":null,"targetDurationMs":null,"firstCarDueDateTime":null,"firstCarDueDateTimeLocal":null,"status":"Completed","controlPenalties":"None","roundingPolicy":"NoRounding","locked":false},{"controlId":4511,"eventId":82,"stageId":null,"type":"RegroupIn","code":"TC12A","location":"Regrouping IN","timingPrecision":"Minute","distance":4.42,"targetDuration":"00:25:00","targetDurationMs":1500000,"firstCarDueDateTime":"2019-04-27T14:51:00","firstCarDueDateTimeLocal":"2019-04-27T11:51:00-03:00","status":"Completed","controlPenalties":"All","roundingPolicy":"NoRounding","locked":false}],"stages":[{"stageId":1082,"eventId":82,"number":12,"name":"Super Especial FERNET BRANCA (II) ( 2 laps)","distance":6.04,"status":"Completed","stageType":"HeadToHeadSuperSpecialStage","timingPrecision":"Tenth","locked":false,"code":"SS12"}],"itinerarySectionId":446,"itineraryLegId":188,"order":7,"name":"Section 7"},{"controls":[{"controlId":4485,"eventId":82,"stageId":null,"type":"RegroupOut","code":"TC12B","location":"Regrouping OUT / Service IN","timingPrecision":"Minute","distance":null,"targetDuration":"00:11:00","targetDurationMs":660000,"firstCarDueDateTime":"2019-04-27T15:02:00","firstCarDueDateTimeLocal":"2019-04-27T12:02:00-03:00","status":"Completed","controlPenalties":"None","roundingPolicy":"NoRounding","locked":false},{"controlId":4486,"eventId":82,"stageId":null,"type":"TimeControl","code":"TC12C","location":"Service OUT","timingPrecision":"Minute","distance":null,"targetDuration":"00:40:00","targetDurationMs":2400000,"firstCarDueDateTime":"2019-04-27T15:42:00","firstCarDueDateTimeLocal":"2019-04-27T12:42:00-03:00","status":"Completed","controlPenalties":"All","roundingPolicy":"NoRounding","locked":false},{"controlId":4522,"eventId":82,"stageId":1080,"type":"TimeControl","code":"TC13","location":"Tanti","timingPrecision":"Minute","distance":19.68,"targetDuration":"00:32:00","targetDurationMs":1920000,"firstCarDueDateTime":"2019-04-27T16:14:00","firstCarDueDateTimeLocal":"2019-04-27T13:14:00-03:00","status":"Completed","controlPenalties":"All","roundingPolicy":"NoRounding","locked":false},{"controlId":4523,"eventId":82,"stageId":1080,"type":"StageStart","code":"SS13","location":"TANTI - MATADEROS (II) ","timingPrecision":"Minute","distance":13.92,"targetDuration":"00:03:00","targetDurationMs":180000,"firstCarDueDateTime":"2019-04-27T16:17:00","firstCarDueDateTimeLocal":"2019-04-27T13:17:00-03:00","status":"Completed","controlPenalties":"None","roundingPolicy":"RoundToClosestMinute","locked":false},{"controlId":4524,"eventId":82,"stageId":1080,"type":"FlyingFinish","code":"SF13","location":"TANTI - MATADEROS (II) ","timingPrecision":"Tenth","distance":null,"targetDuration":null,"targetDurationMs":null,"firstCarDueDateTime":null,"firstCarDueDateTimeLocal":null,"status":"Completed","controlPenalties":"None","roundingPolicy":"NoRounding","locked":false},{"controlId":4525,"eventId":82,"stageId":1079,"type":"TimeControl","code":"TC14","location":"Mataderos","timingPrecision":"Minute","distance":6.03,"targetDuration":"00:33:00","targetDurationMs":1980000,"firstCarDueDateTime":"2019-04-27T17:00:00","firstCarDueDateTimeLocal":"2019-04-27T14:00:00-03:00","status":"Completed","controlPenalties":"All","roundingPolicy":"NoRounding","locked":false},{"controlId":4526,"eventId":82,"stageId":1079,"type":"StageStart","code":"SS14","location":"MATADEROS - CUCHILLA NEVADA (II) - Live TV","timingPrecision":"Minute","distance":22.67,"targetDuration":"00:08:00","targetDurationMs":480000,"firstCarDueDateTime":"2019-04-27T17:08:00","firstCarDueDateTimeLocal":"2019-04-27T14:08:00-03:00","status":"Completed","controlPenalties":"None","roundingPolicy":"RoundToClosestMinute","locked":false},{"controlId":4527,"eventId":82,"stageId":1079,"type":"FlyingFinish","code":"SF14","location":"MATADEROS - CUCHILLA NEVADA (II) - Live TV","timingPrecision":"Tenth","distance":null,"targetDuration":null,"targetDurationMs":null,"firstCarDueDateTime":null,"firstCarDueDateTimeLocal":null,"status":"Completed","controlPenalties":"None","roundingPolicy":"NoRounding","locked":false},{"controlId":4528,"eventId":82,"stageId":1078,"type":"TimeControl","code":"TC15","location":"Cuchilla Nevada","timingPrecision":"Minute","distance":0.99,"targetDuration":"00:44:00","targetDurationMs":2640000,"firstCarDueDateTime":"2019-04-27T17:52:00","firstCarDueDateTimeLocal":"2019-04-27T14:52:00-03:00","status":"Completed","controlPenalties":"All","roundingPolicy":"NoRounding","locked":false},{"controlId":4529,"eventId":82,"stageId":1078,"type":"StageStart","code":"SS15","location":"CUCHILLA NEVADA - CHARACATO (II)","timingPrecision":"Minute","distance":33.65,"targetDuration":"00:03:00","targetDurationMs":180000,"firstCarDueDateTime":"2019-04-27T17:55:00","firstCarDueDateTimeLocal":"2019-04-27T14:55:00-03:00","status":"Completed","controlPenalties":"None","roundingPolicy":"RoundToClosestMinute","locked":false},{"controlId":4530,"eventId":82,"stageId":1078,"type":"FlyingFinish","code":"SF15","location":"CUCHILLA NEVADA - CHARACATO (II)","timingPrecision":"Tenth","distance":null,"targetDuration":null,"targetDurationMs":null,"firstCarDueDateTime":null,"firstCarDueDateTimeLocal":null,"status":"Completed","controlPenalties":"None","roundingPolicy":"NoRounding","locked":false},{"controlId":4493,"eventId":82,"stageId":1078,"type":"TimeControl","code":"TC15A","location":"Technical Zone IN","timingPrecision":"Minute","distance":68.46,"targetDuration":"02:00:00","targetDurationMs":7200000,"firstCarDueDateTime":"2019-04-27T19:55:00","firstCarDueDateTimeLocal":"2019-04-27T16:55:00-03:00","status":"Completed","controlPenalties":"All","roundingPolicy":"NoRounding","locked":false},{"controlId":4494,"eventId":82,"stageId":1078,"type":"TimeControl","code":"TC15B","location":"Technical Zone OUT / Service IN","timingPrecision":"Minute","distance":null,"targetDuration":"00:10:00","targetDurationMs":600000,"firstCarDueDateTime":"2019-04-27T20:05:00","firstCarDueDateTimeLocal":"2019-04-27T17:05:00-03:00","status":"Completed","controlPenalties":"None","roundingPolicy":"NoRounding","locked":false},{"controlId":4495,"eventId":82,"stageId":null,"type":"TimeControl","code":"TC15C","location":"Service OUT / Parc Ferme IN / For all classified cars (except re-starting crews) (Early check in is allowed)","timingPrecision":"Minute","distance":null,"targetDuration":null,"targetDurationMs":null,"firstCarDueDateTime":null,"firstCarDueDateTimeLocal":null,"status":"Completed","controlPenalties":"None","roundingPolicy":"NoRounding","locked":false}],"stages":[{"stageId":1080,"eventId":82,"number":13,"name":"TANTI - MATADEROS (II) ","distance":13.92,"status":"Completed","stageType":"SpecialStage","timingPrecision":"Tenth","locked":false,"code":"SS13"},{"stageId":1079,"eventId":82,"number":14,"name":"MATADEROS - CUCHILLA NEVADA (II) - Live TV","distance":22.67,"status":"Completed","stageType":"SpecialStage","timingPrecision":"Tenth","locked":false,"code":"SS14"},{"stageId":1078,"eventId":82,"number":15,"name":"CUCHILLA NEVADA - CHARACATO (II)","distance":33.65,"status":"Completed","stageType":"SpecialStage","timingPrecision":"Tenth","locked":false,"code":"SS15"}],"itinerarySectionId":447,"itineraryLegId":188,"order":8,"name":"Section 8"}],"itineraryLegId":188,"itineraryId":167,"startListId":324,"name":"Saturday 27th April","legDate":"2019-04-27","order":3,"status":"Completed"},{"itinerarySections":[{"controls":[{"controlId":4499,"eventId":82,"stageId":null,"type":"TimeControl","code":"TC15D","location":"Parc Ferme OUT / Service IN","timingPrecision":"Minute","distance":null,"targetDuration":null,"targetDurationMs":null,"firstCarDueDateTime":"2019-04-28T10:45:00","firstCarDueDateTimeLocal":"2019-04-28T07:45:00-03:00","status":"Completed","controlPenalties":"All","roundingPolicy":"NoRounding","locked":false},{"controlId":4501,"eventId":82,"stageId":null,"type":"TimeControl","code":"TC15E","location":"Service OUT","timingPrecision":"Minute","distance":null,"targetDuration":"00:15:00","targetDurationMs":900000,"firstCarDueDateTime":"2019-04-28T11:00:00","firstCarDueDateTimeLocal":"2019-04-28T08:00:00-03:00","status":"Completed","controlPenalties":"All","roundingPolicy":"NoRounding","locked":false},{"controlId":4531,"eventId":82,"stageId":1072,"type":"TimeControl","code":"TC16","location":"Copina - EL CONDOR","timingPrecision":"Minute","distance":38.24,"targetDuration":"01:00:00","targetDurationMs":3600000,"firstCarDueDateTime":"2019-04-28T12:00:00","firstCarDueDateTimeLocal":"2019-04-28T09:00:00-03:00","status":"Completed","controlPenalties":"All","roundingPolicy":"NoRounding","locked":false},{"controlId":4532,"eventId":82,"stageId":1072,"type":"StageStart","code":"SS16","location":"COPINA - EL CONDOR","timingPrecision":"Minute","distance":16.43,"targetDuration":"00:08:00","targetDurationMs":480000,"firstCarDueDateTime":"2019-04-28T12:08:00","firstCarDueDateTimeLocal":"2019-04-28T09:08:00-03:00","status":"Completed","controlPenalties":"None","roundingPolicy":"RoundToClosestMinute","locked":false},{"controlId":4533,"eventId":82,"stageId":1072,"type":"FlyingFinish","code":"SF16","location":"COPINA - EL CONDOR","timingPrecision":"Tenth","distance":null,"targetDuration":null,"targetDurationMs":null,"firstCarDueDateTime":null,"firstCarDueDateTimeLocal":null,"status":"Completed","controlPenalties":"None","roundingPolicy":"NoRounding","locked":false},{"controlId":4534,"eventId":82,"stageId":1071,"type":"TimeControl","code":"TC17","location":"Mina Clavero","timingPrecision":"Minute","distance":62.25,"targetDuration":"01:20:00","targetDurationMs":4800000,"firstCarDueDateTime":"2019-04-28T13:28:00","firstCarDueDateTimeLocal":"2019-04-28T10:28:00-03:00","status":"Completed","controlPenalties":"All","roundingPolicy":"NoRounding","locked":false},{"controlId":4535,"eventId":82,"stageId":1071,"type":"StageStart","code":"SS17","location":"MINA CLAVERO - GIULIO CESARE ","timingPrecision":"Minute","distance":20.3,"targetDuration":"00:03:00","targetDurationMs":180000,"firstCarDueDateTime":"2019-04-28T13:31:00","firstCarDueDateTimeLocal":"2019-04-28T10:31:00-03:00","status":"Completed","controlPenalties":"None","roundingPolicy":"RoundToClosestMinute","locked":false},{"controlId":4536,"eventId":82,"stageId":1071,"type":"FlyingFinish","code":"SF17","location":"MINA CLAVERO - GIULIO CESARE ","timingPrecision":"Tenth","distance":null,"targetDuration":null,"targetDurationMs":null,"firstCarDueDateTime":null,"firstCarDueDateTimeLocal":null,"status":"Completed","controlPenalties":"None","roundingPolicy":"NoRounding","locked":false},{"controlId":4502,"eventId":82,"stageId":null,"type":"RegroupIn","code":"TC17A","location":"Regrouping and Reordering IN","timingPrecision":"Minute","distance":47.39,"targetDuration":"01:10:00","targetDurationMs":4200000,"firstCarDueDateTime":"2019-04-28T14:41:00","firstCarDueDateTimeLocal":"2019-04-28T11:41:00-03:00","status":"Completed","controlPenalties":"All","roundingPolicy":"NoRounding","locked":false}],"stages":[{"stageId":1072,"eventId":82,"number":16,"name":"COPINA - EL CONDOR","distance":16.43,"status":"Completed","stageType":"SpecialStage","timingPrecision":"Tenth","locked":false,"code":"SS16"},{"stageId":1071,"eventId":82,"number":17,"name":"MINA CLAVERO - GIULIO CESARE ","distance":20.3,"status":"Completed","stageType":"SpecialStage","timingPrecision":"Tenth","locked":false,"code":"SS17"}],"itinerarySectionId":448,"itineraryLegId":187,"order":9,"name":"Section 9"},{"controls":[{"controlId":4537,"eventId":82,"stageId":1069,"type":"RegroupOut","code":"TC17B","location":"Regrouping OUT","timingPrecision":"Minute","distance":null,"targetDuration":"00:34:00","targetDurationMs":2040000,"firstCarDueDateTime":"2019-04-28T15:15:00","firstCarDueDateTimeLocal":"2019-04-28T12:15:00-03:00","status":"Completed","controlPenalties":"None","roundingPolicy":"NoRounding","locked":false},{"controlId":4551,"eventId":82,"stageId":1069,"type":"StageStart","code":"SS18","location":"EL CONDOR Power Stage ","timingPrecision":"Minute","distance":16.43,"targetDuration":"00:03:00","targetDurationMs":180000,"firstCarDueDateTime":"2019-04-28T15:18:00","firstCarDueDateTimeLocal":"2019-04-28T12:18:00-03:00","status":"Completed","controlPenalties":"None","roundingPolicy":"RoundToClosestMinute","locked":false},{"controlId":4540,"eventId":82,"stageId":1069,"type":"FlyingFinish","code":"SF18","location":"EL CONDOR Power Stage ","timingPrecision":"Thousandth","distance":null,"targetDuration":null,"targetDurationMs":null,"firstCarDueDateTime":null,"firstCarDueDateTimeLocal":null,"status":"Completed","controlPenalties":"None","roundingPolicy":"NoRounding","locked":false},{"controlId":4503,"eventId":82,"stageId":null,"type":"TimeControl","code":"TC18A","location":"Techical Zone IN","timingPrecision":"Minute","distance":83.64,"targetDuration":"01:40:00","targetDurationMs":6000000,"firstCarDueDateTime":"2019-04-28T16:58:00","firstCarDueDateTimeLocal":"2019-04-28T13:58:00-03:00","status":"Completed","controlPenalties":"All","roundingPolicy":"NoRounding","locked":false},{"controlId":4507,"eventId":82,"stageId":null,"type":"TimeControl","code":"TC18B","location":"Techical Zone OUT / Service IN","timingPrecision":"Minute","distance":null,"targetDuration":"00:03:00","targetDurationMs":180000,"firstCarDueDateTime":"2019-04-28T17:01:00","firstCarDueDateTimeLocal":"2019-04-28T14:01:00-03:00","status":"Completed","controlPenalties":"All","roundingPolicy":"NoRounding","locked":false},{"controlId":4487,"eventId":82,"stageId":null,"type":"TimeControl","code":"TC18C","location":"Service OUT / Finish - Holding Area IN","timingPrecision":"Minute","distance":null,"targetDuration":"00:10:00","targetDurationMs":600000,"firstCarDueDateTime":"2019-04-28T17:11:00","firstCarDueDateTimeLocal":"2019-04-28T14:11:00-03:00","status":"Completed","controlPenalties":"All","roundingPolicy":"NoRounding","locked":false},{"controlId":4484,"eventId":82,"stageId":null,"type":"TimeControl","code":"TC18D","location":"Holding Area IN","timingPrecision":"Minute","distance":2.39,"targetDuration":"00:20:00","targetDurationMs":1200000,"firstCarDueDateTime":"2019-04-28T17:31:00","firstCarDueDateTimeLocal":"2019-04-28T14:31:00-03:00","status":"Completed","controlPenalties":"Late","roundingPolicy":"NoRounding","locked":false}],"stages":[{"stageId":1069,"eventId":82,"number":18,"name":"EL CONDOR Power Stage ","distance":16.43,"status":"Completed","stageType":"PowerStage","timingPrecision":"Thousandth","locked":false,"code":"SS18"}],"itinerarySectionId":449,"itineraryLegId":187,"order":10,"name":"Section 10"}],"itineraryLegId":187,"itineraryId":167,"startListId":325,"name":"Sunday 28th April","legDate":"2019-04-28","order":4,"status":"Completed"}],"itineraryId":167,"eventId":82,"name":"Itinerary","priority":1}