[{"startDateTime":"2019-08-04T06:38:00","startDateTimeLocal":"2019-08-04T09:38:00+03:00","stageTimeDurationMs":336800,"stageTimeDuration":"00:05:36.8000000","splitPointTimeId":86765,"splitPointId":2607,"entryId":20056,"elapsedDurationMs":148900,"elapsedDuration":"PT2M28.9S","splitDateTime":"2019-08-04T06:40:28.9","splitDateTimeLocal":"2019-08-04T09:40:28.9+03:00"},{"startDateTime":"2019-08-04T06:44:00","startDateTimeLocal":"2019-08-04T09:44:00+03:00","stageTimeDurationMs":338700,"stageTimeDuration":"00:05:38.7000000","splitPointTimeId":86780,"splitPointId":2607,"entryId":20054,"elapsedDurationMs":150400,"elapsedDuration":"PT2M30.4S","splitDateTime":"2019-08-04T06:46:30.4","splitDateTimeLocal":"2019-08-04T09:46:30.4+03:00"},{"startDateTime":"2019-08-04T06:47:00","startDateTimeLocal":"2019-08-04T09:47:00+03:00","stageTimeDurationMs":332900,"stageTimeDuration":"00:05:32.9000000","splitPointTimeId":86788,"splitPointId":2607,"entryId":20059,"elapsedDurationMs":147800,"elapsedDuration":"PT2M27.8S","splitDateTime":"2019-08-04T06:49:27.8","splitDateTimeLocal":"2019-08-04T09:49:27.8+03:00"},{"startDateTime":"2019-08-04T06:50:00","startDateTimeLocal":"2019-08-04T09:50:00+03:00","stageTimeDurationMs":335500,"stageTimeDuration":"00:05:35.5000000","splitPointTimeId":86794,"splitPointId":2607,"entryId":20063,"elapsedDurationMs":148900,"elapsedDuration":"PT2M28.9S","splitDateTime":"2019-08-04T06:52:28.9","splitDateTimeLocal":"2019-08-04T09:52:28.9+03:00"},{"startDateTime":"2019-08-04T06:53:00","startDateTimeLocal":"2019-08-04T09:53:00+03:00","stageTimeDurationMs":332300,"stageTimeDuration":"00:05:32.3000000","splitPointTimeId":86802,"splitPointId":2607,"entryId":20053,"elapsedDurationMs":147800,"elapsedDuration":"PT2M27.8S","splitDateTime":"2019-08-04T06:55:27.8","splitDateTimeLocal":"2019-08-04T09:55:27.8+03:00"},{"startDateTime":"2019-08-04T06:56:00","startDateTimeLocal":"2019-08-04T09:56:00+03:00","stageTimeDurationMs":331600,"stageTimeDuration":"00:05:31.6000000","splitPointTimeId":86808,"splitPointId":2607,"entryId":20064,"elapsedDurationMs":147400,"elapsedDuration":"PT2M27.4S","splitDateTime":"2019-08-04T06:58:27.4","splitDateTimeLocal":"2019-08-04T09:58:27.4+03:00"},{"startDateTime":"2019-08-04T06:59:00","startDateTimeLocal":"2019-08-04T09:59:00+03:00","stageTimeDurationMs":330900,"stageTimeDuration":"00:05:30.9000000","splitPointTimeId":86811,"splitPointId":2607,"entryId":20058,"elapsedDurationMs":146900,"elapsedDuration":"PT2M26.9S","splitDateTime":"2019-08-04T07:01:26.9","splitDateTimeLocal":"2019-08-04T10:01:26.9+03:00"},{"startDateTime":"2019-08-04T07:02:00","startDateTimeLocal":"2019-08-04T10:02:00+03:00","stageTimeDurationMs":334500,"stageTimeDuration":"00:05:34.5000000","splitPointTimeId":86814,"splitPointId":2607,"entryId":20055,"elapsedDurationMs":149400,"elapsedDuration":"PT2M29.4S","splitDateTime":"2019-08-04T07:04:29.4","splitDateTimeLocal":"2019-08-04T10:04:29.4+03:00"},{"startDateTime":"2019-08-04T07:05:00","startDateTimeLocal":"2019-08-04T10:05:00+03:00","stageTimeDurationMs":332500,"stageTimeDuration":"00:05:32.5000000","splitPointTimeId":86818,"splitPointId":2607,"entryId":20057,"elapsedDurationMs":147900,"elapsedDuration":"PT2M27.9S","splitDateTime":"2019-08-04T07:07:27.9","splitDateTimeLocal":"2019-08-04T10:07:27.9+03:00"},{"startDateTime":"2019-08-04T07:08:00","startDateTimeLocal":"2019-08-04T10:08:00+03:00","stageTimeDurationMs":350900,"stageTimeDuration":"00:05:50.9000000","splitPointTimeId":86821,"splitPointId":2607,"entryId":20065,"elapsedDurationMs":155400,"elapsedDuration":"PT2M35.4S","splitDateTime":"2019-08-04T07:10:35.4","splitDateTimeLocal":"2019-08-04T10:10:35.4+03:00"},{"startDateTime":"2019-08-04T07:11:00","startDateTimeLocal":"2019-08-04T10:11:00+03:00","stageTimeDurationMs":362500,"stageTimeDuration":"00:06:02.5000000","splitPointTimeId":86824,"splitPointId":2607,"entryId":20067,"elapsedDurationMs":161900,"elapsedDuration":"PT2M41.9S","splitDateTime":"2019-08-04T07:13:41.9","splitDateTimeLocal":"2019-08-04T10:13:41.9+03:00"},{"startDateTime":"2019-08-04T07:14:00","startDateTimeLocal":"2019-08-04T10:14:00+03:00","stageTimeDurationMs":356100,"stageTimeDuration":"00:05:56.1000000","splitPointTimeId":86827,"splitPointId":2607,"entryId":20070,"elapsedDurationMs":158900,"elapsedDuration":"PT2M38.9S","splitDateTime":"2019-08-04T07:16:38.9","splitDateTimeLocal":"2019-08-04T10:16:38.9+03:00"},{"startDateTime":"2019-08-04T07:17:00","startDateTimeLocal":"2019-08-04T10:17:00+03:00","stageTimeDurationMs":353600,"stageTimeDuration":"00:05:53.6000000","splitPointTimeId":86830,"splitPointId":2607,"entryId":20075,"elapsedDurationMs":157500,"elapsedDuration":"PT2M37.5S","splitDateTime":"2019-08-04T07:19:37.5","splitDateTimeLocal":"2019-08-04T10:19:37.5+03:00"},{"startDateTime":"2019-08-04T07:20:00","startDateTimeLocal":"2019-08-04T10:20:00+03:00","stageTimeDurationMs":355000,"stageTimeDuration":"00:05:55","splitPointTimeId":86833,"splitPointId":2607,"entryId":20074,"elapsedDurationMs":159000,"elapsedDuration":"PT2M39S","splitDateTime":"2019-08-04T07:22:39","splitDateTimeLocal":"2019-08-04T10:22:39+03:00"},{"startDateTime":"2019-08-04T07:23:00","startDateTimeLocal":"2019-08-04T10:23:00+03:00","stageTimeDurationMs":359900,"stageTimeDuration":"00:05:59.9000000","splitPointTimeId":86836,"splitPointId":2607,"entryId":20068,"elapsedDurationMs":160000,"elapsedDuration":"PT2M40S","splitDateTime":"2019-08-04T07:25:40","splitDateTimeLocal":"2019-08-04T10:25:40+03:00"},{"startDateTime":"2019-08-04T07:26:00","startDateTimeLocal":"2019-08-04T10:26:00+03:00","stageTimeDurationMs":367000,"stageTimeDuration":"00:06:07","splitPointTimeId":86839,"splitPointId":2607,"entryId":20071,"elapsedDurationMs":161900,"elapsedDuration":"PT2M41.9S","splitDateTime":"2019-08-04T07:28:41.9","splitDateTimeLocal":"2019-08-04T10:28:41.9+03:00"},{"startDateTime":"2019-08-04T07:29:00","startDateTimeLocal":"2019-08-04T10:29:00+03:00","stageTimeDurationMs":349200,"stageTimeDuration":"00:05:49.2000000","splitPointTimeId":86842,"splitPointId":2607,"entryId":20073,"elapsedDurationMs":156300,"elapsedDuration":"PT2M36.3S","splitDateTime":"2019-08-04T07:31:36.3","splitDateTimeLocal":"2019-08-04T10:31:36.3+03:00"},{"startDateTime":"2019-08-04T07:30:00","startDateTimeLocal":"2019-08-04T10:30:00+03:00","stageTimeDurationMs":361900,"stageTimeDuration":"00:06:01.9000000","splitPointTimeId":86843,"splitPointId":2607,"entryId":20092,"elapsedDurationMs":162400,"elapsedDuration":"PT2M42.4S","splitDateTime":"2019-08-04T07:32:42.4","splitDateTimeLocal":"2019-08-04T10:32:42.4+03:00"},{"startDateTime":"2019-08-04T07:31:00","startDateTimeLocal":"2019-08-04T10:31:00+03:00","stageTimeDurationMs":358600,"stageTimeDuration":"00:05:58.6000000","splitPointTimeId":86845,"splitPointId":2607,"entryId":20096,"elapsedDurationMs":159400,"elapsedDuration":"PT2M39.4S","splitDateTime":"2019-08-04T07:33:39.4","splitDateTimeLocal":"2019-08-04T10:33:39.4+03:00"},{"startDateTime":"2019-08-04T07:32:00","startDateTimeLocal":"2019-08-04T10:32:00+03:00","stageTimeDurationMs":391600,"stageTimeDuration":"00:06:31.6000000","splitPointTimeId":86850,"splitPointId":2607,"entryId":20079,"elapsedDurationMs":177900,"elapsedDuration":"PT2M57.9S","splitDateTime":"2019-08-04T07:34:57.9","splitDateTimeLocal":"2019-08-04T10:34:57.9+03:00"},{"startDateTime":"2019-08-04T07:33:00","startDateTimeLocal":"2019-08-04T10:33:00+03:00","stageTimeDurationMs":null,"stageTimeDuration":null,"splitPointTimeId":86852,"splitPointId":2607,"entryId":20080,"elapsedDurationMs":178500,"elapsedDuration":"PT2M58.5S","splitDateTime":"2019-08-04T07:35:58.5","splitDateTimeLocal":"2019-08-04T10:35:58.5+03:00"},{"startDateTime":"2019-08-04T07:34:00","startDateTimeLocal":"2019-08-04T10:34:00+03:00","stageTimeDurationMs":389000,"stageTimeDuration":"00:06:29","splitPointTimeId":86854,"splitPointId":2607,"entryId":20078,"elapsedDurationMs":175800,"elapsedDuration":"PT2M55.8S","splitDateTime":"2019-08-04T07:36:55.8","splitDateTimeLocal":"2019-08-04T10:36:55.8+03:00"},{"startDateTime":"2019-08-04T07:35:00","startDateTimeLocal":"2019-08-04T10:35:00+03:00","stageTimeDurationMs":402400,"stageTimeDuration":"00:06:42.4000000","splitPointTimeId":86857,"splitPointId":2607,"entryId":20082,"elapsedDurationMs":181800,"elapsedDuration":"PT3M1.8S","splitDateTime":"2019-08-04T07:38:01.8","splitDateTimeLocal":"2019-08-04T10:38:01.8+03:00"},{"startDateTime":"2019-08-04T07:36:00","startDateTimeLocal":"2019-08-04T10:36:00+03:00","stageTimeDurationMs":367500,"stageTimeDuration":"00:06:07.5000000","splitPointTimeId":86860,"splitPointId":2607,"entryId":20077,"elapsedDurationMs":163900,"elapsedDuration":"PT2M43.9S","splitDateTime":"2019-08-04T07:38:43.9","splitDateTimeLocal":"2019-08-04T10:38:43.9+03:00"},{"startDateTime":"2019-08-04T07:37:00","startDateTimeLocal":"2019-08-04T10:37:00+03:00","stageTimeDurationMs":395100,"stageTimeDuration":"00:06:35.1000000","splitPointTimeId":86863,"splitPointId":2607,"entryId":20099,"elapsedDurationMs":166900,"elapsedDuration":"PT2M46.9S","splitDateTime":"2019-08-04T07:39:46.9","splitDateTimeLocal":"2019-08-04T10:39:46.9+03:00"},{"startDateTime":"2019-08-04T07:38:00","startDateTimeLocal":"2019-08-04T10:38:00+03:00","stageTimeDurationMs":393100,"stageTimeDuration":"00:06:33.1000000","splitPointTimeId":86867,"splitPointId":2607,"entryId":20091,"elapsedDurationMs":178300,"elapsedDuration":"PT2M58.3S","splitDateTime":"2019-08-04T07:40:58.3","splitDateTimeLocal":"2019-08-04T10:40:58.3+03:00"},{"startDateTime":"2019-08-04T07:40:00","startDateTimeLocal":"2019-08-04T10:40:00+03:00","stageTimeDurationMs":370100,"stageTimeDuration":"00:06:10.1000000","splitPointTimeId":86871,"splitPointId":2607,"entryId":20060,"elapsedDurationMs":166400,"elapsedDuration":"PT2M46.4S","splitDateTime":"2019-08-04T07:42:46.4","splitDateTimeLocal":"2019-08-04T10:42:46.4+03:00"},{"startDateTime":"2019-08-04T07:41:00","startDateTimeLocal":"2019-08-04T10:41:00+03:00","stageTimeDurationMs":400900,"stageTimeDuration":"00:06:40.9000000","splitPointTimeId":86873,"splitPointId":2607,"entryId":20107,"elapsedDurationMs":183500,"elapsedDuration":"PT3M3.5S","splitDateTime":"2019-08-04T07:44:03.5","splitDateTimeLocal":"2019-08-04T10:44:03.5+03:00"},{"startDateTime":"2019-08-04T07:42:00","startDateTimeLocal":"2019-08-04T10:42:00+03:00","stageTimeDurationMs":401200,"stageTimeDuration":"00:06:41.2000000","splitPointTimeId":86876,"splitPointId":2607,"entryId":20109,"elapsedDurationMs":181000,"elapsedDuration":"PT3M1S","splitDateTime":"2019-08-04T07:45:01","splitDateTimeLocal":"2019-08-04T10:45:01+03:00"},{"startDateTime":"2019-08-04T07:43:00","startDateTimeLocal":"2019-08-04T10:43:00+03:00","stageTimeDurationMs":393700,"stageTimeDuration":"00:06:33.7000000","splitPointTimeId":86878,"splitPointId":2607,"entryId":20106,"elapsedDurationMs":178400,"elapsedDuration":"PT2M58.4S","splitDateTime":"2019-08-04T07:45:58.4","splitDateTimeLocal":"2019-08-04T10:45:58.4+03:00"},{"startDateTime":"2019-08-04T07:44:00","startDateTimeLocal":"2019-08-04T10:44:00+03:00","stageTimeDurationMs":381900,"stageTimeDuration":"00:06:21.9000000","splitPointTimeId":86881,"splitPointId":2607,"entryId":20104,"elapsedDurationMs":169900,"elapsedDuration":"PT2M49.9S","splitDateTime":"2019-08-04T07:46:49.9","splitDateTimeLocal":"2019-08-04T10:46:49.9+03:00"},{"startDateTime":"2019-08-04T07:45:00","startDateTimeLocal":"2019-08-04T10:45:00+03:00","stageTimeDurationMs":395500,"stageTimeDuration":"00:06:35.5000000","splitPointTimeId":86884,"splitPointId":2607,"entryId":20084,"elapsedDurationMs":179300,"elapsedDuration":"PT2M59.3S","splitDateTime":"2019-08-04T07:47:59.3","splitDateTimeLocal":"2019-08-04T10:47:59.3+03:00"},{"startDateTime":"2019-08-04T07:46:00","startDateTimeLocal":"2019-08-04T10:46:00+03:00","stageTimeDurationMs":395700,"stageTimeDuration":"00:06:35.7000000","splitPointTimeId":86887,"splitPointId":2607,"entryId":20087,"elapsedDurationMs":179300,"elapsedDuration":"PT2M59.3S","splitDateTime":"2019-08-04T07:48:59.3","splitDateTimeLocal":"2019-08-04T10:48:59.3+03:00"},{"startDateTime":"2019-08-04T07:47:00","startDateTimeLocal":"2019-08-04T10:47:00+03:00","stageTimeDurationMs":401200,"stageTimeDuration":"00:06:41.2000000","splitPointTimeId":86890,"splitPointId":2607,"entryId":20083,"elapsedDurationMs":180900,"elapsedDuration":"PT3M0.9S","splitDateTime":"2019-08-04T07:50:00.9","splitDateTimeLocal":"2019-08-04T10:50:00.9+03:00"},{"startDateTime":"2019-08-04T07:48:00","startDateTimeLocal":"2019-08-04T10:48:00+03:00","stageTimeDurationMs":406500,"stageTimeDuration":"00:06:46.5000000","splitPointTimeId":86893,"splitPointId":2607,"entryId":20088,"elapsedDurationMs":182400,"elapsedDuration":"PT3M2.4S","splitDateTime":"2019-08-04T07:51:02.4","splitDateTimeLocal":"2019-08-04T10:51:02.4+03:00"},{"startDateTime":"2019-08-04T07:49:00","startDateTimeLocal":"2019-08-04T10:49:00+03:00","stageTimeDurationMs":412600,"stageTimeDuration":"00:06:52.6000000","splitPointTimeId":86896,"splitPointId":2607,"entryId":20112,"elapsedDurationMs":187000,"elapsedDuration":"PT3M7S","splitDateTime":"2019-08-04T07:52:07","splitDateTimeLocal":"2019-08-04T10:52:07+03:00"},{"startDateTime":"2019-08-04T07:50:00","startDateTimeLocal":"2019-08-04T10:50:00+03:00","stageTimeDurationMs":388500,"stageTimeDuration":"00:06:28.5000000","splitPointTimeId":86900,"splitPointId":2607,"entryId":20098,"elapsedDurationMs":173500,"elapsedDuration":"PT2M53.5S","splitDateTime":"2019-08-04T07:52:53.5","splitDateTimeLocal":"2019-08-04T10:52:53.5+03:00"},{"startDateTime":"2019-08-04T07:51:00","startDateTimeLocal":"2019-08-04T10:51:00+03:00","stageTimeDurationMs":410600,"stageTimeDuration":"00:06:50.6000000","splitPointTimeId":86903,"splitPointId":2607,"entryId":20105,"elapsedDurationMs":179900,"elapsedDuration":"PT2M59.9S","splitDateTime":"2019-08-04T07:53:59.9","splitDateTimeLocal":"2019-08-04T10:53:59.9+03:00"},{"startDateTime":"2019-08-04T07:52:00","startDateTimeLocal":"2019-08-04T10:52:00+03:00","stageTimeDurationMs":413300,"stageTimeDuration":"00:06:53.3000000","splitPointTimeId":86907,"splitPointId":2607,"entryId":20086,"elapsedDurationMs":185400,"elapsedDuration":"PT3M5.4S","splitDateTime":"2019-08-04T07:55:05.4","splitDateTimeLocal":"2019-08-04T10:55:05.4+03:00"},{"startDateTime":"2019-08-04T07:53:00","startDateTimeLocal":"2019-08-04T10:53:00+03:00","stageTimeDurationMs":394800,"stageTimeDuration":"00:06:34.8000000","splitPointTimeId":86910,"splitPointId":2607,"entryId":20100,"elapsedDurationMs":177500,"elapsedDuration":"PT2M57.5S","splitDateTime":"2019-08-04T07:55:57.5","splitDateTimeLocal":"2019-08-04T10:55:57.5+03:00"},{"startDateTime":"2019-08-04T07:54:00","startDateTimeLocal":"2019-08-04T10:54:00+03:00","stageTimeDurationMs":442000,"stageTimeDuration":"00:07:22","splitPointTimeId":86914,"splitPointId":2607,"entryId":20113,"elapsedDurationMs":201400,"elapsedDuration":"PT3M21.4S","splitDateTime":"2019-08-04T07:57:21.4","splitDateTimeLocal":"2019-08-04T10:57:21.4+03:00"},{"startDateTime":"2019-08-04T07:57:00","startDateTimeLocal":"2019-08-04T10:57:00+03:00","stageTimeDurationMs":391000,"stageTimeDuration":"00:06:31","splitPointTimeId":86918,"splitPointId":2607,"entryId":20103,"elapsedDurationMs":175900,"elapsedDuration":"PT2M55.9S","splitDateTime":"2019-08-04T07:59:55.9","splitDateTimeLocal":"2019-08-04T10:59:55.9+03:00"},{"startDateTime":"2019-08-04T07:58:00","startDateTimeLocal":"2019-08-04T10:58:00+03:00","stageTimeDurationMs":413900,"stageTimeDuration":"00:06:53.9000000","splitPointTimeId":86921,"splitPointId":2607,"entryId":20089,"elapsedDurationMs":187400,"elapsedDuration":"PT3M7.4S","splitDateTime":"2019-08-04T08:01:07.4","splitDateTimeLocal":"2019-08-04T11:01:07.4+03:00"},{"startDateTime":"2019-08-04T07:55:00","startDateTimeLocal":"2019-08-04T10:55:00+03:00","stageTimeDurationMs":447800,"stageTimeDuration":"00:07:27.8000000","splitPointTimeId":86925,"splitPointId":2607,"entryId":20110,"elapsedDurationMs":198400,"elapsedDuration":"PT3M18.4S","splitDateTime":"2019-08-04T07:58:18.4","splitDateTimeLocal":"2019-08-04T10:58:18.4+03:00"},{"startDateTime":"2019-08-04T07:59:00","startDateTimeLocal":"2019-08-04T10:59:00+03:00","stageTimeDurationMs":468300,"stageTimeDuration":"00:07:48.3000000","splitPointTimeId":86927,"splitPointId":2607,"entryId":20114,"elapsedDurationMs":213400,"elapsedDuration":"PT3M33.4S","splitDateTime":"2019-08-04T08:02:33.4","splitDateTimeLocal":"2019-08-04T11:02:33.4+03:00"},{"startDateTime":"2019-08-04T08:00:00","startDateTimeLocal":"2019-08-04T11:00:00+03:00","stageTimeDurationMs":419100,"stageTimeDuration":"00:06:59.1000000","splitPointTimeId":86929,"splitPointId":2607,"entryId":20111,"elapsedDurationMs":190400,"elapsedDuration":"PT3M10.4S","splitDateTime":"2019-08-04T08:03:10.4","splitDateTimeLocal":"2019-08-04T11:03:10.4+03:00"},{"startDateTime":"2019-08-04T08:01:00","startDateTimeLocal":"2019-08-04T11:01:00+03:00","stageTimeDurationMs":386700,"stageTimeDuration":"00:06:26.7000000","splitPointTimeId":86931,"splitPointId":2607,"entryId":20102,"elapsedDurationMs":168900,"elapsedDuration":"PT2M48.9S","splitDateTime":"2019-08-04T08:03:48.9","splitDateTimeLocal":"2019-08-04T11:03:48.9+03:00"},{"startDateTime":"2019-08-04T08:02:00","startDateTimeLocal":"2019-08-04T11:02:00+03:00","stageTimeDurationMs":423300,"stageTimeDuration":"00:07:03.3000000","splitPointTimeId":86935,"splitPointId":2607,"entryId":20101,"elapsedDurationMs":184000,"elapsedDuration":"PT3M4S","splitDateTime":"2019-08-04T08:05:04","splitDateTimeLocal":"2019-08-04T11:05:04+03:00"},{"startDateTime":"2019-08-04T08:03:00","startDateTimeLocal":"2019-08-04T11:03:00+03:00","stageTimeDurationMs":479300,"stageTimeDuration":"00:07:59.3000000","splitPointTimeId":86941,"splitPointId":2607,"entryId":20115,"elapsedDurationMs":206900,"elapsedDuration":"PT3M26.9S","splitDateTime":"2019-08-04T08:06:26.9","splitDateTimeLocal":"2019-08-04T11:06:26.9+03:00"},{"startDateTime":"2019-08-04T08:04:00","startDateTimeLocal":"2019-08-04T11:04:00+03:00","stageTimeDurationMs":481400,"stageTimeDuration":"00:08:01.4000000","splitPointTimeId":86945,"splitPointId":2607,"entryId":20116,"elapsedDurationMs":219400,"elapsedDuration":"PT3M39.4S","splitDateTime":"2019-08-04T08:07:39.4","splitDateTimeLocal":"2019-08-04T11:07:39.4+03:00"},{"startDateTime":"2019-08-04T06:38:00","startDateTimeLocal":"2019-08-04T09:38:00+03:00","stageTimeDurationMs":336800,"stageTimeDuration":"00:05:36.8000000","splitPointTimeId":86768,"splitPointId":2609,"entryId":20056,"elapsedDurationMs":220300,"elapsedDuration":"PT3M40.3S","splitDateTime":"2019-08-04T06:41:40.3","splitDateTimeLocal":"2019-08-04T09:41:40.3+03:00"},{"startDateTime":"2019-08-04T06:44:00","startDateTimeLocal":"2019-08-04T09:44:00+03:00","stageTimeDurationMs":338700,"stageTimeDuration":"00:05:38.7000000","splitPointTimeId":86784,"splitPointId":2609,"entryId":20054,"elapsedDurationMs":221800,"elapsedDuration":"PT3M41.8S","splitDateTime":"2019-08-04T06:47:41.8","splitDateTimeLocal":"2019-08-04T09:47:41.8+03:00"},{"startDateTime":"2019-08-04T06:47:00","startDateTimeLocal":"2019-08-04T09:47:00+03:00","stageTimeDurationMs":332900,"stageTimeDuration":"00:05:32.9000000","splitPointTimeId":86791,"splitPointId":2609,"entryId":20059,"elapsedDurationMs":216700,"elapsedDuration":"PT3M36.7S","splitDateTime":"2019-08-04T06:50:36.7","splitDateTimeLocal":"2019-08-04T09:50:36.7+03:00"},{"startDateTime":"2019-08-04T06:50:00","startDateTimeLocal":"2019-08-04T09:50:00+03:00","stageTimeDurationMs":335500,"stageTimeDuration":"00:05:35.5000000","splitPointTimeId":86796,"splitPointId":2609,"entryId":20063,"elapsedDurationMs":219300,"elapsedDuration":"PT3M39.3S","splitDateTime":"2019-08-04T06:53:39.3","splitDateTimeLocal":"2019-08-04T09:53:39.3+03:00"},{"startDateTime":"2019-08-04T06:53:00","startDateTimeLocal":"2019-08-04T09:53:00+03:00","stageTimeDurationMs":332300,"stageTimeDuration":"00:05:32.3000000","splitPointTimeId":86805,"splitPointId":2609,"entryId":20053,"elapsedDurationMs":217200,"elapsedDuration":"PT3M37.2S","splitDateTime":"2019-08-04T06:56:37.2","splitDateTimeLocal":"2019-08-04T09:56:37.2+03:00"},{"startDateTime":"2019-08-04T06:56:00","startDateTimeLocal":"2019-08-04T09:56:00+03:00","stageTimeDurationMs":331600,"stageTimeDuration":"00:05:31.6000000","splitPointTimeId":86809,"splitPointId":2609,"entryId":20064,"elapsedDurationMs":216700,"elapsedDuration":"PT3M36.7S","splitDateTime":"2019-08-04T06:59:36.7","splitDateTimeLocal":"2019-08-04T09:59:36.7+03:00"},{"startDateTime":"2019-08-04T06:59:00","startDateTimeLocal":"2019-08-04T09:59:00+03:00","stageTimeDurationMs":330900,"stageTimeDuration":"00:05:30.9000000","splitPointTimeId":86812,"splitPointId":2609,"entryId":20058,"elapsedDurationMs":216300,"elapsedDuration":"PT3M36.3S","splitDateTime":"2019-08-04T07:02:36.3","splitDateTimeLocal":"2019-08-04T10:02:36.3+03:00"},{"startDateTime":"2019-08-04T07:02:00","startDateTimeLocal":"2019-08-04T10:02:00+03:00","stageTimeDurationMs":334500,"stageTimeDuration":"00:05:34.5000000","splitPointTimeId":86816,"splitPointId":2609,"entryId":20055,"elapsedDurationMs":219800,"elapsedDuration":"PT3M39.8S","splitDateTime":"2019-08-04T07:05:39.8","splitDateTimeLocal":"2019-08-04T10:05:39.8+03:00"},{"startDateTime":"2019-08-04T07:05:00","startDateTimeLocal":"2019-08-04T10:05:00+03:00","stageTimeDurationMs":332500,"stageTimeDuration":"00:05:32.5000000","splitPointTimeId":86819,"splitPointId":2609,"entryId":20057,"elapsedDurationMs":217700,"elapsedDuration":"PT3M37.7S","splitDateTime":"2019-08-04T07:08:37.7","splitDateTimeLocal":"2019-08-04T10:08:37.7+03:00"},{"startDateTime":"2019-08-04T07:08:00","startDateTimeLocal":"2019-08-04T10:08:00+03:00","stageTimeDurationMs":350900,"stageTimeDuration":"00:05:50.9000000","splitPointTimeId":86822,"splitPointId":2609,"entryId":20065,"elapsedDurationMs":229700,"elapsedDuration":"PT3M49.7S","splitDateTime":"2019-08-04T07:11:49.7","splitDateTimeLocal":"2019-08-04T10:11:49.7+03:00"},{"startDateTime":"2019-08-04T07:11:00","startDateTimeLocal":"2019-08-04T10:11:00+03:00","stageTimeDurationMs":362500,"stageTimeDuration":"00:06:02.5000000","splitPointTimeId":86825,"splitPointId":2609,"entryId":20067,"elapsedDurationMs":238300,"elapsedDuration":"PT3M58.3S","splitDateTime":"2019-08-04T07:14:58.3","splitDateTimeLocal":"2019-08-04T10:14:58.3+03:00"},{"startDateTime":"2019-08-04T07:14:00","startDateTimeLocal":"2019-08-04T10:14:00+03:00","stageTimeDurationMs":356100,"stageTimeDuration":"00:05:56.1000000","splitPointTimeId":86828,"splitPointId":2609,"entryId":20070,"elapsedDurationMs":233300,"elapsedDuration":"PT3M53.3S","splitDateTime":"2019-08-04T07:17:53.3","splitDateTimeLocal":"2019-08-04T10:17:53.3+03:00"},{"startDateTime":"2019-08-04T07:17:00","startDateTimeLocal":"2019-08-04T10:17:00+03:00","stageTimeDurationMs":353600,"stageTimeDuration":"00:05:53.6000000","splitPointTimeId":86831,"splitPointId":2609,"entryId":20075,"elapsedDurationMs":231300,"elapsedDuration":"PT3M51.3S","splitDateTime":"2019-08-04T07:20:51.3","splitDateTimeLocal":"2019-08-04T10:20:51.3+03:00"},{"startDateTime":"2019-08-04T07:20:00","startDateTimeLocal":"2019-08-04T10:20:00+03:00","stageTimeDurationMs":355000,"stageTimeDuration":"00:05:55","splitPointTimeId":86834,"splitPointId":2609,"entryId":20074,"elapsedDurationMs":233300,"elapsedDuration":"PT3M53.3S","splitDateTime":"2019-08-04T07:23:53.3","splitDateTimeLocal":"2019-08-04T10:23:53.3+03:00"},{"startDateTime":"2019-08-04T07:23:00","startDateTimeLocal":"2019-08-04T10:23:00+03:00","stageTimeDurationMs":359900,"stageTimeDuration":"00:05:59.9000000","splitPointTimeId":86837,"splitPointId":2609,"entryId":20068,"elapsedDurationMs":235300,"elapsedDuration":"PT3M55.3S","splitDateTime":"2019-08-04T07:26:55.3","splitDateTimeLocal":"2019-08-04T10:26:55.3+03:00"},{"startDateTime":"2019-08-04T07:26:00","startDateTimeLocal":"2019-08-04T10:26:00+03:00","stageTimeDurationMs":367000,"stageTimeDuration":"00:06:07","splitPointTimeId":86840,"splitPointId":2609,"entryId":20071,"elapsedDurationMs":240300,"elapsedDuration":"PT4M0.3S","splitDateTime":"2019-08-04T07:30:00.3","splitDateTimeLocal":"2019-08-04T10:30:00.3+03:00"},{"startDateTime":"2019-08-04T07:29:00","startDateTimeLocal":"2019-08-04T10:29:00+03:00","stageTimeDurationMs":349200,"stageTimeDuration":"00:05:49.2000000","splitPointTimeId":86844,"splitPointId":2609,"entryId":20073,"elapsedDurationMs":229300,"elapsedDuration":"PT3M49.3S","splitDateTime":"2019-08-04T07:32:49.3","splitDateTimeLocal":"2019-08-04T10:32:49.3+03:00"},{"startDateTime":"2019-08-04T07:30:00","startDateTimeLocal":"2019-08-04T10:30:00+03:00","stageTimeDurationMs":361900,"stageTimeDuration":"00:06:01.9000000","splitPointTimeId":86847,"splitPointId":2609,"entryId":20092,"elapsedDurationMs":238800,"elapsedDuration":"PT3M58.8S","splitDateTime":"2019-08-04T07:33:58.8","splitDateTimeLocal":"2019-08-04T10:33:58.8+03:00"},{"startDateTime":"2019-08-04T07:31:00","startDateTimeLocal":"2019-08-04T10:31:00+03:00","stageTimeDurationMs":358600,"stageTimeDuration":"00:05:58.6000000","splitPointTimeId":86849,"splitPointId":2609,"entryId":20096,"elapsedDurationMs":234800,"elapsedDuration":"PT3M54.8S","splitDateTime":"2019-08-04T07:34:54.8","splitDateTimeLocal":"2019-08-04T10:34:54.8+03:00"},{"startDateTime":"2019-08-04T07:32:00","startDateTimeLocal":"2019-08-04T10:32:00+03:00","stageTimeDurationMs":391600,"stageTimeDuration":"00:06:31.6000000","splitPointTimeId":86853,"splitPointId":2609,"entryId":20079,"elapsedDurationMs":258800,"elapsedDuration":"PT4M18.8S","splitDateTime":"2019-08-04T07:36:18.8","splitDateTimeLocal":"2019-08-04T10:36:18.8+03:00"},{"startDateTime":"2019-08-04T07:33:00","startDateTimeLocal":"2019-08-04T10:33:00+03:00","stageTimeDurationMs":null,"stageTimeDuration":null,"splitPointTimeId":86856,"splitPointId":2609,"entryId":20080,"elapsedDurationMs":259300,"elapsedDuration":"PT4M19.3S","splitDateTime":"2019-08-04T07:37:19.3","splitDateTimeLocal":"2019-08-04T10:37:19.3+03:00"},{"startDateTime":"2019-08-04T07:34:00","startDateTimeLocal":"2019-08-04T10:34:00+03:00","stageTimeDurationMs":389000,"stageTimeDuration":"00:06:29","splitPointTimeId":86859,"splitPointId":2609,"entryId":20078,"elapsedDurationMs":257300,"elapsedDuration":"PT4M17.3S","splitDateTime":"2019-08-04T07:38:17.3","splitDateTimeLocal":"2019-08-04T10:38:17.3+03:00"},{"startDateTime":"2019-08-04T07:35:00","startDateTimeLocal":"2019-08-04T10:35:00+03:00","stageTimeDurationMs":402400,"stageTimeDuration":"00:06:42.4000000","splitPointTimeId":86862,"splitPointId":2609,"entryId":20082,"elapsedDurationMs":266300,"elapsedDuration":"PT4M26.3S","splitDateTime":"2019-08-04T07:39:26.3","splitDateTimeLocal":"2019-08-04T10:39:26.3+03:00"},{"startDateTime":"2019-08-04T07:36:00","startDateTimeLocal":"2019-08-04T10:36:00+03:00","stageTimeDurationMs":367500,"stageTimeDuration":"00:06:07.5000000","splitPointTimeId":86864,"splitPointId":2609,"entryId":20077,"elapsedDurationMs":241800,"elapsedDuration":"PT4M1.8S","splitDateTime":"2019-08-04T07:40:01.8","splitDateTimeLocal":"2019-08-04T10:40:01.8+03:00"},{"startDateTime":"2019-08-04T07:37:00","startDateTimeLocal":"2019-08-04T10:37:00+03:00","stageTimeDurationMs":395100,"stageTimeDuration":"00:06:35.1000000","splitPointTimeId":86868,"splitPointId":2609,"entryId":20099,"elapsedDurationMs":246800,"elapsedDuration":"PT4M6.8S","splitDateTime":"2019-08-04T07:41:06.8","splitDateTimeLocal":"2019-08-04T10:41:06.8+03:00"},{"startDateTime":"2019-08-04T07:38:00","startDateTimeLocal":"2019-08-04T10:38:00+03:00","stageTimeDurationMs":393100,"stageTimeDuration":"00:06:33.1000000","splitPointTimeId":86870,"splitPointId":2609,"entryId":20091,"elapsedDurationMs":260300,"elapsedDuration":"PT4M20.3S","splitDateTime":"2019-08-04T07:42:20.3","splitDateTimeLocal":"2019-08-04T10:42:20.3+03:00"},{"startDateTime":"2019-08-04T07:40:00","startDateTimeLocal":"2019-08-04T10:40:00+03:00","stageTimeDurationMs":370100,"stageTimeDuration":"00:06:10.1000000","splitPointTimeId":86874,"splitPointId":2609,"entryId":20060,"elapsedDurationMs":244700,"elapsedDuration":"PT4M4.7S","splitDateTime":"2019-08-04T07:44:04.7","splitDateTimeLocal":"2019-08-04T10:44:04.7+03:00"},{"startDateTime":"2019-08-04T07:41:00","startDateTimeLocal":"2019-08-04T10:41:00+03:00","stageTimeDurationMs":400900,"stageTimeDuration":"00:06:40.9000000","splitPointTimeId":86877,"splitPointId":2609,"entryId":20107,"elapsedDurationMs":266300,"elapsedDuration":"PT4M26.3S","splitDateTime":"2019-08-04T07:45:26.3","splitDateTimeLocal":"2019-08-04T10:45:26.3+03:00"},{"startDateTime":"2019-08-04T07:42:00","startDateTimeLocal":"2019-08-04T10:42:00+03:00","stageTimeDurationMs":401200,"stageTimeDuration":"00:06:41.2000000","splitPointTimeId":86880,"splitPointId":2609,"entryId":20109,"elapsedDurationMs":265200,"elapsedDuration":"PT4M25.2S","splitDateTime":"2019-08-04T07:46:25.2","splitDateTimeLocal":"2019-08-04T10:46:25.2+03:00"},{"startDateTime":"2019-08-04T07:43:00","startDateTimeLocal":"2019-08-04T10:43:00+03:00","stageTimeDurationMs":393700,"stageTimeDuration":"00:06:33.7000000","splitPointTimeId":86882,"splitPointId":2609,"entryId":20106,"elapsedDurationMs":260300,"elapsedDuration":"PT4M20.3S","splitDateTime":"2019-08-04T07:47:20.3","splitDateTimeLocal":"2019-08-04T10:47:20.3+03:00"},{"startDateTime":"2019-08-04T07:44:00","startDateTimeLocal":"2019-08-04T10:44:00+03:00","stageTimeDurationMs":381900,"stageTimeDuration":"00:06:21.9000000","splitPointTimeId":86885,"splitPointId":2609,"entryId":20104,"elapsedDurationMs":250200,"elapsedDuration":"PT4M10.2S","splitDateTime":"2019-08-04T07:48:10.2","splitDateTimeLocal":"2019-08-04T10:48:10.2+03:00"},{"startDateTime":"2019-08-04T07:45:00","startDateTimeLocal":"2019-08-04T10:45:00+03:00","stageTimeDurationMs":395500,"stageTimeDuration":"00:06:35.5000000","splitPointTimeId":86889,"splitPointId":2609,"entryId":20084,"elapsedDurationMs":260800,"elapsedDuration":"PT4M20.8S","splitDateTime":"2019-08-04T07:49:20.8","splitDateTimeLocal":"2019-08-04T10:49:20.8+03:00"},{"startDateTime":"2019-08-04T07:46:00","startDateTimeLocal":"2019-08-04T10:46:00+03:00","stageTimeDurationMs":395700,"stageTimeDuration":"00:06:35.7000000","splitPointTimeId":86892,"splitPointId":2609,"entryId":20087,"elapsedDurationMs":261700,"elapsedDuration":"PT4M21.7S","splitDateTime":"2019-08-04T07:50:21.7","splitDateTimeLocal":"2019-08-04T10:50:21.7+03:00"},{"startDateTime":"2019-08-04T07:47:00","startDateTimeLocal":"2019-08-04T10:47:00+03:00","stageTimeDurationMs":401200,"stageTimeDuration":"00:06:41.2000000","splitPointTimeId":86895,"splitPointId":2609,"entryId":20083,"elapsedDurationMs":264800,"elapsedDuration":"PT4M24.8S","splitDateTime":"2019-08-04T07:51:24.8","splitDateTimeLocal":"2019-08-04T10:51:24.8+03:00"},{"startDateTime":"2019-08-04T07:48:00","startDateTimeLocal":"2019-08-04T10:48:00+03:00","stageTimeDurationMs":406500,"stageTimeDuration":"00:06:46.5000000","splitPointTimeId":86899,"splitPointId":2609,"entryId":20088,"elapsedDurationMs":268300,"elapsedDuration":"PT4M28.3S","splitDateTime":"2019-08-04T07:52:28.3","splitDateTimeLocal":"2019-08-04T10:52:28.3+03:00"},{"startDateTime":"2019-08-04T07:49:00","startDateTimeLocal":"2019-08-04T10:49:00+03:00","stageTimeDurationMs":412600,"stageTimeDuration":"00:06:52.6000000","splitPointTimeId":86902,"splitPointId":2609,"entryId":20112,"elapsedDurationMs":273200,"elapsedDuration":"PT4M33.2S","splitDateTime":"2019-08-04T07:53:33.2","splitDateTimeLocal":"2019-08-04T10:53:33.2+03:00"},{"startDateTime":"2019-08-04T07:50:00","startDateTimeLocal":"2019-08-04T10:50:00+03:00","stageTimeDurationMs":388500,"stageTimeDuration":"00:06:28.5000000","splitPointTimeId":86904,"splitPointId":2609,"entryId":20098,"elapsedDurationMs":256300,"elapsedDuration":"PT4M16.3S","splitDateTime":"2019-08-04T07:54:16.3","splitDateTimeLocal":"2019-08-04T10:54:16.3+03:00"},{"startDateTime":"2019-08-04T07:51:00","startDateTimeLocal":"2019-08-04T10:51:00+03:00","stageTimeDurationMs":410600,"stageTimeDuration":"00:06:50.6000000","splitPointTimeId":86909,"splitPointId":2609,"entryId":20105,"elapsedDurationMs":269800,"elapsedDuration":"PT4M29.8S","splitDateTime":"2019-08-04T07:55:29.8","splitDateTimeLocal":"2019-08-04T10:55:29.8+03:00"},{"startDateTime":"2019-08-04T07:52:00","startDateTimeLocal":"2019-08-04T10:52:00+03:00","stageTimeDurationMs":413300,"stageTimeDuration":"00:06:53.3000000","splitPointTimeId":86911,"splitPointId":2609,"entryId":20086,"elapsedDurationMs":273700,"elapsedDuration":"PT4M33.7S","splitDateTime":"2019-08-04T07:56:33.7","splitDateTimeLocal":"2019-08-04T10:56:33.7+03:00"},{"startDateTime":"2019-08-04T07:53:00","startDateTimeLocal":"2019-08-04T10:53:00+03:00","stageTimeDurationMs":394800,"stageTimeDuration":"00:06:34.8000000","splitPointTimeId":86913,"splitPointId":2609,"entryId":20100,"elapsedDurationMs":261800,"elapsedDuration":"PT4M21.8S","splitDateTime":"2019-08-04T07:57:21.8","splitDateTimeLocal":"2019-08-04T10:57:21.8+03:00"},{"startDateTime":"2019-08-04T07:54:00","startDateTimeLocal":"2019-08-04T10:54:00+03:00","stageTimeDurationMs":442000,"stageTimeDuration":"00:07:22","splitPointTimeId":86917,"splitPointId":2609,"entryId":20113,"elapsedDurationMs":293800,"elapsedDuration":"PT4M53.8S","splitDateTime":"2019-08-04T07:58:53.8","splitDateTimeLocal":"2019-08-04T10:58:53.8+03:00"},{"startDateTime":"2019-08-04T07:56:00","startDateTimeLocal":"2019-08-04T10:56:00+03:00","stageTimeDurationMs":413800,"stageTimeDuration":"00:06:53.8000000","splitPointTimeId":86920,"splitPointId":2609,"entryId":20072,"elapsedDurationMs":269700,"elapsedDuration":"PT4M29.7S","splitDateTime":"2019-08-04T08:00:29.7","splitDateTimeLocal":"2019-08-04T11:00:29.7+03:00"},{"startDateTime":"2019-08-04T07:57:00","startDateTimeLocal":"2019-08-04T10:57:00+03:00","stageTimeDurationMs":391000,"stageTimeDuration":"00:06:31","splitPointTimeId":86922,"splitPointId":2609,"entryId":20103,"elapsedDurationMs":257800,"elapsedDuration":"PT4M17.8S","splitDateTime":"2019-08-04T08:01:17.8","splitDateTimeLocal":"2019-08-04T11:01:17.8+03:00"},{"startDateTime":"2019-08-04T07:58:00","startDateTimeLocal":"2019-08-04T10:58:00+03:00","stageTimeDurationMs":413900,"stageTimeDuration":"00:06:53.9000000","splitPointTimeId":86928,"splitPointId":2609,"entryId":20089,"elapsedDurationMs":273300,"elapsedDuration":"PT4M33.3S","splitDateTime":"2019-08-04T08:02:33.3","splitDateTimeLocal":"2019-08-04T11:02:33.3+03:00"},{"startDateTime":"2019-08-04T07:59:00","startDateTimeLocal":"2019-08-04T10:59:00+03:00","stageTimeDurationMs":468300,"stageTimeDuration":"00:07:48.3000000","splitPointTimeId":86932,"splitPointId":2609,"entryId":20114,"elapsedDurationMs":311800,"elapsedDuration":"PT5M11.8S","splitDateTime":"2019-08-04T08:04:11.8","splitDateTimeLocal":"2019-08-04T11:04:11.8+03:00"},{"startDateTime":"2019-08-04T08:00:00","startDateTimeLocal":"2019-08-04T11:00:00+03:00","stageTimeDurationMs":419100,"stageTimeDuration":"00:06:59.1000000","splitPointTimeId":86933,"splitPointId":2609,"entryId":20111,"elapsedDurationMs":278200,"elapsedDuration":"PT4M38.2S","splitDateTime":"2019-08-04T08:04:38.2","splitDateTimeLocal":"2019-08-04T11:04:38.2+03:00"},{"startDateTime":"2019-08-04T07:55:00","startDateTimeLocal":"2019-08-04T10:55:00+03:00","stageTimeDurationMs":447800,"stageTimeDuration":"00:07:27.8000000","splitPointTimeId":86934,"splitPointId":2609,"entryId":20110,"elapsedDurationMs":295300,"elapsedDuration":"PT4M55.3S","splitDateTime":"2019-08-04T07:59:55.3","splitDateTimeLocal":"2019-08-04T10:59:55.3+03:00"},{"startDateTime":"2019-08-04T08:01:00","startDateTimeLocal":"2019-08-04T11:01:00+03:00","stageTimeDurationMs":386700,"stageTimeDuration":"00:06:26.7000000","splitPointTimeId":86936,"splitPointId":2609,"entryId":20102,"elapsedDurationMs":252200,"elapsedDuration":"PT4M12.2S","splitDateTime":"2019-08-04T08:05:12.2","splitDateTimeLocal":"2019-08-04T11:05:12.2+03:00"},{"startDateTime":"2019-08-04T08:02:00","startDateTimeLocal":"2019-08-04T11:02:00+03:00","stageTimeDurationMs":423300,"stageTimeDuration":"00:07:03.3000000","splitPointTimeId":86942,"splitPointId":2609,"entryId":20101,"elapsedDurationMs":275700,"elapsedDuration":"PT4M35.7S","splitDateTime":"2019-08-04T08:06:35.7","splitDateTimeLocal":"2019-08-04T11:06:35.7+03:00"},{"startDateTime":"2019-08-04T08:03:00","startDateTimeLocal":"2019-08-04T11:03:00+03:00","stageTimeDurationMs":479300,"stageTimeDuration":"00:07:59.3000000","splitPointTimeId":86947,"splitPointId":2609,"entryId":20115,"elapsedDurationMs":316300,"elapsedDuration":"PT5M16.3S","splitDateTime":"2019-08-04T08:08:16.3","splitDateTimeLocal":"2019-08-04T11:08:16.3+03:00"},{"startDateTime":"2019-08-04T08:04:00","startDateTimeLocal":"2019-08-04T11:04:00+03:00","stageTimeDurationMs":481400,"stageTimeDuration":"00:08:01.4000000","splitPointTimeId":86949,"splitPointId":2609,"entryId":20116,"elapsedDurationMs":319300,"elapsedDuration":"PT5M19.3S","splitDateTime":"2019-08-04T08:09:19.3","splitDateTimeLocal":"2019-08-04T11:09:19.3+03:00"},{"startDateTime":"2019-08-04T06:38:00","startDateTimeLocal":"2019-08-04T09:38:00+03:00","stageTimeDurationMs":336800,"stageTimeDuration":"00:05:36.8000000","splitPointTimeId":86771,"splitPointId":2610,"entryId":20056,"elapsedDurationMs":270800,"elapsedDuration":"PT4M30.8S","splitDateTime":"2019-08-04T06:42:30.8","splitDateTimeLocal":"2019-08-04T09:42:30.8+03:00"},{"startDateTime":"2019-08-04T06:44:00","startDateTimeLocal":"2019-08-04T09:44:00+03:00","stageTimeDurationMs":338700,"stageTimeDuration":"00:05:38.7000000","splitPointTimeId":86786,"splitPointId":2610,"entryId":20054,"elapsedDurationMs":272900,"elapsedDuration":"PT4M32.9S","splitDateTime":"2019-08-04T06:48:32.9","splitDateTimeLocal":"2019-08-04T09:48:32.9+03:00"},{"startDateTime":"2019-08-04T06:47:00","startDateTimeLocal":"2019-08-04T09:47:00+03:00","stageTimeDurationMs":332900,"stageTimeDuration":"00:05:32.9000000","splitPointTimeId":86792,"splitPointId":2610,"entryId":20059,"elapsedDurationMs":267700,"elapsedDuration":"PT4M27.7S","splitDateTime":"2019-08-04T06:51:27.7","splitDateTimeLocal":"2019-08-04T09:51:27.7+03:00"},{"startDateTime":"2019-08-04T06:50:00","startDateTimeLocal":"2019-08-04T09:50:00+03:00","stageTimeDurationMs":335500,"stageTimeDuration":"00:05:35.5000000","splitPointTimeId":86800,"splitPointId":2610,"entryId":20063,"elapsedDurationMs":269700,"elapsedDuration":"PT4M29.7S","splitDateTime":"2019-08-04T06:54:29.7","splitDateTimeLocal":"2019-08-04T09:54:29.7+03:00"},{"startDateTime":"2019-08-04T06:53:00","startDateTimeLocal":"2019-08-04T09:53:00+03:00","stageTimeDurationMs":332300,"stageTimeDuration":"00:05:32.3000000","splitPointTimeId":86806,"splitPointId":2610,"entryId":20053,"elapsedDurationMs":267900,"elapsedDuration":"PT4M27.9S","splitDateTime":"2019-08-04T06:57:27.9","splitDateTimeLocal":"2019-08-04T09:57:27.9+03:00"},{"startDateTime":"2019-08-04T06:56:00","startDateTimeLocal":"2019-08-04T09:56:00+03:00","stageTimeDurationMs":331600,"stageTimeDuration":"00:05:31.6000000","splitPointTimeId":86810,"splitPointId":2610,"entryId":20064,"elapsedDurationMs":267000,"elapsedDuration":"PT4M27S","splitDateTime":"2019-08-04T07:00:27","splitDateTimeLocal":"2019-08-04T10:00:27+03:00"},{"startDateTime":"2019-08-04T06:59:00","startDateTimeLocal":"2019-08-04T09:59:00+03:00","stageTimeDurationMs":330900,"stageTimeDuration":"00:05:30.9000000","splitPointTimeId":86813,"splitPointId":2610,"entryId":20058,"elapsedDurationMs":266400,"elapsedDuration":"PT4M26.4S","splitDateTime":"2019-08-04T07:03:26.4","splitDateTimeLocal":"2019-08-04T10:03:26.4+03:00"},{"startDateTime":"2019-08-04T07:02:00","startDateTimeLocal":"2019-08-04T10:02:00+03:00","stageTimeDurationMs":334500,"stageTimeDuration":"00:05:34.5000000","splitPointTimeId":86817,"splitPointId":2610,"entryId":20055,"elapsedDurationMs":269900,"elapsedDuration":"PT4M29.9S","splitDateTime":"2019-08-04T07:06:29.9","splitDateTimeLocal":"2019-08-04T10:06:29.9+03:00"},{"startDateTime":"2019-08-04T07:05:00","startDateTimeLocal":"2019-08-04T10:05:00+03:00","stageTimeDurationMs":332500,"stageTimeDuration":"00:05:32.5000000","splitPointTimeId":86820,"splitPointId":2610,"entryId":20057,"elapsedDurationMs":267400,"elapsedDuration":"PT4M27.4S","splitDateTime":"2019-08-04T07:09:27.4","splitDateTimeLocal":"2019-08-04T10:09:27.4+03:00"},{"startDateTime":"2019-08-04T07:08:00","startDateTimeLocal":"2019-08-04T10:08:00+03:00","stageTimeDurationMs":350900,"stageTimeDuration":"00:05:50.9000000","splitPointTimeId":86823,"splitPointId":2610,"entryId":20065,"elapsedDurationMs":282800,"elapsedDuration":"PT4M42.8S","splitDateTime":"2019-08-04T07:12:42.8","splitDateTimeLocal":"2019-08-04T10:12:42.8+03:00"},{"startDateTime":"2019-08-04T07:11:00","startDateTimeLocal":"2019-08-04T10:11:00+03:00","stageTimeDurationMs":362500,"stageTimeDuration":"00:06:02.5000000","splitPointTimeId":86826,"splitPointId":2610,"entryId":20067,"elapsedDurationMs":292900,"elapsedDuration":"PT4M52.9S","splitDateTime":"2019-08-04T07:15:52.9","splitDateTimeLocal":"2019-08-04T10:15:52.9+03:00"},{"startDateTime":"2019-08-04T07:14:00","startDateTimeLocal":"2019-08-04T10:14:00+03:00","stageTimeDurationMs":356100,"stageTimeDuration":"00:05:56.1000000","splitPointTimeId":86829,"splitPointId":2610,"entryId":20070,"elapsedDurationMs":287000,"elapsedDuration":"PT4M47S","splitDateTime":"2019-08-04T07:18:47","splitDateTimeLocal":"2019-08-04T10:18:47+03:00"},{"startDateTime":"2019-08-04T07:17:00","startDateTimeLocal":"2019-08-04T10:17:00+03:00","stageTimeDurationMs":353600,"stageTimeDuration":"00:05:53.6000000","splitPointTimeId":86832,"splitPointId":2610,"entryId":20075,"elapsedDurationMs":284500,"elapsedDuration":"PT4M44.5S","splitDateTime":"2019-08-04T07:21:44.5","splitDateTimeLocal":"2019-08-04T10:21:44.5+03:00"},{"startDateTime":"2019-08-04T07:20:00","startDateTimeLocal":"2019-08-04T10:20:00+03:00","stageTimeDurationMs":355000,"stageTimeDuration":"00:05:55","splitPointTimeId":86835,"splitPointId":2610,"entryId":20074,"elapsedDurationMs":286400,"elapsedDuration":"PT4M46.4S","splitDateTime":"2019-08-04T07:24:46.4","splitDateTimeLocal":"2019-08-04T10:24:46.4+03:00"},{"startDateTime":"2019-08-04T07:23:00","startDateTimeLocal":"2019-08-04T10:23:00+03:00","stageTimeDurationMs":359900,"stageTimeDuration":"00:05:59.9000000","splitPointTimeId":86838,"splitPointId":2610,"entryId":20068,"elapsedDurationMs":289200,"elapsedDuration":"PT4M49.2S","splitDateTime":"2019-08-04T07:27:49.2","splitDateTimeLocal":"2019-08-04T10:27:49.2+03:00"},{"startDateTime":"2019-08-04T07:26:00","startDateTimeLocal":"2019-08-04T10:26:00+03:00","stageTimeDurationMs":367000,"stageTimeDuration":"00:06:07","splitPointTimeId":86841,"splitPointId":2610,"entryId":20071,"elapsedDurationMs":295900,"elapsedDuration":"PT4M55.9S","splitDateTime":"2019-08-04T07:30:55.9","splitDateTimeLocal":"2019-08-04T10:30:55.9+03:00"},{"startDateTime":"2019-08-04T07:29:00","startDateTimeLocal":"2019-08-04T10:29:00+03:00","stageTimeDurationMs":349200,"stageTimeDuration":"00:05:49.2000000","splitPointTimeId":86846,"splitPointId":2610,"entryId":20073,"elapsedDurationMs":281400,"elapsedDuration":"PT4M41.4S","splitDateTime":"2019-08-04T07:33:41.4","splitDateTimeLocal":"2019-08-04T10:33:41.4+03:00"},{"startDateTime":"2019-08-04T07:30:00","startDateTimeLocal":"2019-08-04T10:30:00+03:00","stageTimeDurationMs":361900,"stageTimeDuration":"00:06:01.9000000","splitPointTimeId":86848,"splitPointId":2610,"entryId":20092,"elapsedDurationMs":291900,"elapsedDuration":"PT4M51.9S","splitDateTime":"2019-08-04T07:34:51.9","splitDateTimeLocal":"2019-08-04T10:34:51.9+03:00"},{"startDateTime":"2019-08-04T07:31:00","startDateTimeLocal":"2019-08-04T10:31:00+03:00","stageTimeDurationMs":358600,"stageTimeDuration":"00:05:58.6000000","splitPointTimeId":86851,"splitPointId":2610,"entryId":20096,"elapsedDurationMs":288200,"elapsedDuration":"PT4M48.2S","splitDateTime":"2019-08-04T07:35:48.2","splitDateTimeLocal":"2019-08-04T10:35:48.2+03:00"},{"startDateTime":"2019-08-04T07:32:00","startDateTimeLocal":"2019-08-04T10:32:00+03:00","stageTimeDurationMs":391600,"stageTimeDuration":"00:06:31.6000000","splitPointTimeId":86855,"splitPointId":2610,"entryId":20079,"elapsedDurationMs":317100,"elapsedDuration":"PT5M17.1S","splitDateTime":"2019-08-04T07:37:17.1","splitDateTimeLocal":"2019-08-04T10:37:17.1+03:00"},{"startDateTime":"2019-08-04T07:33:00","startDateTimeLocal":"2019-08-04T10:33:00+03:00","stageTimeDurationMs":null,"stageTimeDuration":null,"splitPointTimeId":86858,"splitPointId":2610,"entryId":20080,"elapsedDurationMs":317800,"elapsedDuration":"PT5M17.8S","splitDateTime":"2019-08-04T07:38:17.8","splitDateTimeLocal":"2019-08-04T10:38:17.8+03:00"},{"startDateTime":"2019-08-04T07:34:00","startDateTimeLocal":"2019-08-04T10:34:00+03:00","stageTimeDurationMs":389000,"stageTimeDuration":"00:06:29","splitPointTimeId":86861,"splitPointId":2610,"entryId":20078,"elapsedDurationMs":314800,"elapsedDuration":"PT5M14.8S","splitDateTime":"2019-08-04T07:39:14.8","splitDateTimeLocal":"2019-08-04T10:39:14.8+03:00"},{"startDateTime":"2019-08-04T07:35:00","startDateTimeLocal":"2019-08-04T10:35:00+03:00","stageTimeDurationMs":402400,"stageTimeDuration":"00:06:42.4000000","splitPointTimeId":86865,"splitPointId":2610,"entryId":20082,"elapsedDurationMs":325200,"elapsedDuration":"PT5M25.2S","splitDateTime":"2019-08-04T07:40:25.2","splitDateTimeLocal":"2019-08-04T10:40:25.2+03:00"},{"startDateTime":"2019-08-04T07:36:00","startDateTimeLocal":"2019-08-04T10:36:00+03:00","stageTimeDurationMs":367500,"stageTimeDuration":"00:06:07.5000000","splitPointTimeId":86866,"splitPointId":2610,"entryId":20077,"elapsedDurationMs":297200,"elapsedDuration":"PT4M57.2S","splitDateTime":"2019-08-04T07:40:57.2","splitDateTimeLocal":"2019-08-04T10:40:57.2+03:00"},{"startDateTime":"2019-08-04T07:37:00","startDateTimeLocal":"2019-08-04T10:37:00+03:00","stageTimeDurationMs":395100,"stageTimeDuration":"00:06:35.1000000","splitPointTimeId":86869,"splitPointId":2610,"entryId":20099,"elapsedDurationMs":304300,"elapsedDuration":"PT5M4.3S","splitDateTime":"2019-08-04T07:42:04.3","splitDateTimeLocal":"2019-08-04T10:42:04.3+03:00"},{"startDateTime":"2019-08-04T07:38:00","startDateTimeLocal":"2019-08-04T10:38:00+03:00","stageTimeDurationMs":393100,"stageTimeDuration":"00:06:33.1000000","splitPointTimeId":86872,"splitPointId":2610,"entryId":20091,"elapsedDurationMs":318500,"elapsedDuration":"PT5M18.5S","splitDateTime":"2019-08-04T07:43:18.5","splitDateTimeLocal":"2019-08-04T10:43:18.5+03:00"},{"startDateTime":"2019-08-04T07:40:00","startDateTimeLocal":"2019-08-04T10:40:00+03:00","stageTimeDurationMs":370100,"stageTimeDuration":"00:06:10.1000000","splitPointTimeId":86875,"splitPointId":2610,"entryId":20060,"elapsedDurationMs":299800,"elapsedDuration":"PT4M59.8S","splitDateTime":"2019-08-04T07:44:59.8","splitDateTimeLocal":"2019-08-04T10:44:59.8+03:00"},{"startDateTime":"2019-08-04T07:41:00","startDateTimeLocal":"2019-08-04T10:41:00+03:00","stageTimeDurationMs":400900,"stageTimeDuration":"00:06:40.9000000","splitPointTimeId":86879,"splitPointId":2610,"entryId":20107,"elapsedDurationMs":325100,"elapsedDuration":"PT5M25.1S","splitDateTime":"2019-08-04T07:46:25.1","splitDateTimeLocal":"2019-08-04T10:46:25.1+03:00"},{"startDateTime":"2019-08-04T07:42:00","startDateTimeLocal":"2019-08-04T10:42:00+03:00","stageTimeDurationMs":401200,"stageTimeDuration":"00:06:41.2000000","splitPointTimeId":86883,"splitPointId":2610,"entryId":20109,"elapsedDurationMs":324700,"elapsedDuration":"PT5M24.7S","splitDateTime":"2019-08-04T07:47:24.7","splitDateTimeLocal":"2019-08-04T10:47:24.7+03:00"},{"startDateTime":"2019-08-04T07:43:00","startDateTimeLocal":"2019-08-04T10:43:00+03:00","stageTimeDurationMs":393700,"stageTimeDuration":"00:06:33.7000000","splitPointTimeId":86886,"splitPointId":2610,"entryId":20106,"elapsedDurationMs":319600,"elapsedDuration":"PT5M19.6S","splitDateTime":"2019-08-04T07:48:19.6","splitDateTimeLocal":"2019-08-04T10:48:19.6+03:00"},{"startDateTime":"2019-08-04T07:44:00","startDateTimeLocal":"2019-08-04T10:44:00+03:00","stageTimeDurationMs":381900,"stageTimeDuration":"00:06:21.9000000","splitPointTimeId":86888,"splitPointId":2610,"entryId":20104,"elapsedDurationMs":308300,"elapsedDuration":"PT5M8.3S","splitDateTime":"2019-08-04T07:49:08.3","splitDateTimeLocal":"2019-08-04T10:49:08.3+03:00"},{"startDateTime":"2019-08-04T07:45:00","startDateTimeLocal":"2019-08-04T10:45:00+03:00","stageTimeDurationMs":395500,"stageTimeDuration":"00:06:35.5000000","splitPointTimeId":86891,"splitPointId":2610,"entryId":20084,"elapsedDurationMs":319700,"elapsedDuration":"PT5M19.7S","splitDateTime":"2019-08-04T07:50:19.7","splitDateTimeLocal":"2019-08-04T10:50:19.7+03:00"},{"startDateTime":"2019-08-04T07:46:00","startDateTimeLocal":"2019-08-04T10:46:00+03:00","stageTimeDurationMs":395700,"stageTimeDuration":"00:06:35.7000000","splitPointTimeId":86894,"splitPointId":2610,"entryId":20087,"elapsedDurationMs":320100,"elapsedDuration":"PT5M20.1S","splitDateTime":"2019-08-04T07:51:20.1","splitDateTimeLocal":"2019-08-04T10:51:20.1+03:00"},{"startDateTime":"2019-08-04T07:47:00","startDateTimeLocal":"2019-08-04T10:47:00+03:00","stageTimeDurationMs":401200,"stageTimeDuration":"00:06:41.2000000","splitPointTimeId":86898,"splitPointId":2610,"entryId":20083,"elapsedDurationMs":324500,"elapsedDuration":"PT5M24.5S","splitDateTime":"2019-08-04T07:52:24.5","splitDateTimeLocal":"2019-08-04T10:52:24.5+03:00"},{"startDateTime":"2019-08-04T07:48:00","startDateTimeLocal":"2019-08-04T10:48:00+03:00","stageTimeDurationMs":406500,"stageTimeDuration":"00:06:46.5000000","splitPointTimeId":86901,"splitPointId":2610,"entryId":20088,"elapsedDurationMs":329400,"elapsedDuration":"PT5M29.4S","splitDateTime":"2019-08-04T07:53:29.4","splitDateTimeLocal":"2019-08-04T10:53:29.4+03:00"},{"startDateTime":"2019-08-04T07:49:00","startDateTimeLocal":"2019-08-04T10:49:00+03:00","stageTimeDurationMs":412600,"stageTimeDuration":"00:06:52.6000000","splitPointTimeId":86906,"splitPointId":2610,"entryId":20112,"elapsedDurationMs":334500,"elapsedDuration":"PT5M34.5S","splitDateTime":"2019-08-04T07:54:34.5","splitDateTimeLocal":"2019-08-04T10:54:34.5+03:00"},{"startDateTime":"2019-08-04T07:50:00","startDateTimeLocal":"2019-08-04T10:50:00+03:00","stageTimeDurationMs":388500,"stageTimeDuration":"00:06:28.5000000","splitPointTimeId":86908,"splitPointId":2610,"entryId":20098,"elapsedDurationMs":315300,"elapsedDuration":"PT5M15.3S","splitDateTime":"2019-08-04T07:55:15.3","splitDateTimeLocal":"2019-08-04T10:55:15.3+03:00"},{"startDateTime":"2019-08-04T07:51:00","startDateTimeLocal":"2019-08-04T10:51:00+03:00","stageTimeDurationMs":410600,"stageTimeDuration":"00:06:50.6000000","splitPointTimeId":86912,"splitPointId":2610,"entryId":20105,"elapsedDurationMs":331300,"elapsedDuration":"PT5M31.3S","splitDateTime":"2019-08-04T07:56:31.3","splitDateTimeLocal":"2019-08-04T10:56:31.3+03:00"},{"startDateTime":"2019-08-04T07:52:00","startDateTimeLocal":"2019-08-04T10:52:00+03:00","stageTimeDurationMs":413300,"stageTimeDuration":"00:06:53.3000000","splitPointTimeId":86915,"splitPointId":2610,"entryId":20086,"elapsedDurationMs":335300,"elapsedDuration":"PT5M35.3S","splitDateTime":"2019-08-04T07:57:35.3","splitDateTimeLocal":"2019-08-04T10:57:35.3+03:00"},{"startDateTime":"2019-08-04T07:53:00","startDateTimeLocal":"2019-08-04T10:53:00+03:00","stageTimeDurationMs":394800,"stageTimeDuration":"00:06:34.8000000","splitPointTimeId":86916,"splitPointId":2610,"entryId":20100,"elapsedDurationMs":320400,"elapsedDuration":"PT5M20.4S","splitDateTime":"2019-08-04T07:58:20.4","splitDateTimeLocal":"2019-08-04T10:58:20.4+03:00"},{"startDateTime":"2019-08-04T07:54:00","startDateTimeLocal":"2019-08-04T10:54:00+03:00","stageTimeDurationMs":442000,"stageTimeDuration":"00:07:22","splitPointTimeId":86919,"splitPointId":2610,"entryId":20113,"elapsedDurationMs":360500,"elapsedDuration":"PT6M0.5S","splitDateTime":"2019-08-04T08:00:00.5","splitDateTimeLocal":"2019-08-04T11:00:00.5+03:00"},{"startDateTime":"2019-08-04T07:55:00","startDateTimeLocal":"2019-08-04T10:55:00+03:00","stageTimeDurationMs":447800,"stageTimeDuration":"00:07:27.8000000","splitPointTimeId":86923,"splitPointId":2610,"entryId":20110,"elapsedDurationMs":362800,"elapsedDuration":"PT6M2.8S","splitDateTime":"2019-08-04T08:01:02.8","splitDateTimeLocal":"2019-08-04T11:01:02.8+03:00"},{"startDateTime":"2019-08-04T07:56:00","startDateTimeLocal":"2019-08-04T10:56:00+03:00","stageTimeDurationMs":413800,"stageTimeDuration":"00:06:53.8000000","splitPointTimeId":86924,"splitPointId":2610,"entryId":20072,"elapsedDurationMs":333300,"elapsedDuration":"PT5M33.3S","splitDateTime":"2019-08-04T08:01:33.3","splitDateTimeLocal":"2019-08-04T11:01:33.3+03:00"},{"startDateTime":"2019-08-04T07:57:00","startDateTimeLocal":"2019-08-04T10:57:00+03:00","stageTimeDurationMs":391000,"stageTimeDuration":"00:06:31","splitPointTimeId":86926,"splitPointId":2610,"entryId":20103,"elapsedDurationMs":317400,"elapsedDuration":"PT5M17.4S","splitDateTime":"2019-08-04T08:02:17.4","splitDateTimeLocal":"2019-08-04T11:02:17.4+03:00"},{"startDateTime":"2019-08-04T07:58:00","startDateTimeLocal":"2019-08-04T10:58:00+03:00","stageTimeDurationMs":413900,"stageTimeDuration":"00:06:53.9000000","splitPointTimeId":86930,"splitPointId":2610,"entryId":20089,"elapsedDurationMs":335400,"elapsedDuration":"PT5M35.4S","splitDateTime":"2019-08-04T08:03:35.4","splitDateTimeLocal":"2019-08-04T11:03:35.4+03:00"},{"startDateTime":"2019-08-04T07:59:00","startDateTimeLocal":"2019-08-04T10:59:00+03:00","stageTimeDurationMs":468300,"stageTimeDuration":"00:07:48.3000000","splitPointTimeId":86937,"splitPointId":2610,"entryId":20114,"elapsedDurationMs":381500,"elapsedDuration":"PT6M21.5S","splitDateTime":"2019-08-04T08:05:21.5","splitDateTimeLocal":"2019-08-04T11:05:21.5+03:00"},{"startDateTime":"2019-08-04T08:00:00","startDateTimeLocal":"2019-08-04T11:00:00+03:00","stageTimeDurationMs":419100,"stageTimeDuration":"00:06:59.1000000","splitPointTimeId":86939,"splitPointId":2610,"entryId":20111,"elapsedDurationMs":341000,"elapsedDuration":"PT5M41S","splitDateTime":"2019-08-04T08:05:41","splitDateTimeLocal":"2019-08-04T11:05:41+03:00"},{"startDateTime":"2019-08-04T08:01:00","startDateTimeLocal":"2019-08-04T11:01:00+03:00","stageTimeDurationMs":386700,"stageTimeDuration":"00:06:26.7000000","splitPointTimeId":86940,"splitPointId":2610,"entryId":20102,"elapsedDurationMs":312400,"elapsedDuration":"PT5M12.4S","splitDateTime":"2019-08-04T08:06:12.4","splitDateTimeLocal":"2019-08-04T11:06:12.4+03:00"},{"startDateTime":"2019-08-04T08:02:00","startDateTimeLocal":"2019-08-04T11:02:00+03:00","stageTimeDurationMs":423300,"stageTimeDuration":"00:07:03.3000000","splitPointTimeId":86946,"splitPointId":2610,"entryId":20101,"elapsedDurationMs":342200,"elapsedDuration":"PT5M42.2S","splitDateTime":"2019-08-04T08:07:42.2","splitDateTimeLocal":"2019-08-04T11:07:42.2+03:00"},{"startDateTime":"2019-08-04T08:03:00","startDateTimeLocal":"2019-08-04T11:03:00+03:00","stageTimeDurationMs":479300,"stageTimeDuration":"00:07:59.3000000","splitPointTimeId":86950,"splitPointId":2610,"entryId":20115,"elapsedDurationMs":388300,"elapsedDuration":"PT6M28.3S","splitDateTime":"2019-08-04T08:09:28.3","splitDateTimeLocal":"2019-08-04T11:09:28.3+03:00"},{"startDateTime":"2019-08-04T08:04:00","startDateTimeLocal":"2019-08-04T11:04:00+03:00","stageTimeDurationMs":481400,"stageTimeDuration":"00:08:01.4000000","splitPointTimeId":86951,"splitPointId":2610,"entryId":20116,"elapsedDurationMs":391300,"elapsedDuration":"PT6M31.3S","splitDateTime":"2019-08-04T08:10:31.3","splitDateTimeLocal":"2019-08-04T11:10:31.3+03:00"}]