{"splitPoints":[{"splitPointId":2379,"stageId":1203,"number":2,"distance":7.88},{"splitPointId":2380,"stageId":1203,"number":1,"distance":3.52},{"splitPointId":2381,"stageId":1203,"number":4,"distance":14.37},{"splitPointId":2382,"stageId":1203,"number":5,"distance":19.7},{"splitPointId":2383,"stageId":1203,"number":3,"distance":11.04}],"controls":[{"controlId":5065,"eventId":84,"stageId":1203,"type":"FlyingFinish","code":"SF9","location":"Cabeceiras de Basto 1","timingPrecision":"Tenth","distance":null,"targetDuration":null,"targetDurationMs":null,"firstCarDueDateTime":null,"firstCarDueDateTimeLocal":null,"status":"Completed","controlPenalties":"None","roundingPolicy":"NoRounding","locked":false},{"controlId":5074,"eventId":84,"stageId":1203,"type":"StageStart","code":"SS9","location":"Cabeceiras de Basto 1","timingPrecision":"Minute","distance":22.22,"targetDuration":"00:03:00","targetDurationMs":180000,"firstCarDueDateTime":"2019-06-01T08:31:00","firstCarDueDateTimeLocal":"2019-06-01T09:31:00+01:00","status":"Completed","controlPenalties":"None","roundingPolicy":"RoundToClosestMinute","locked":false},{"controlId":5086,"eventId":84,"stageId":1203,"type":"TimeControl","code":"TC9","location":"Veiga","timingPrecision":"Minute","distance":11.32,"targetDuration":"00:50:00","targetDurationMs":3000000,"firstCarDueDateTime":"2019-06-01T08:28:00","firstCarDueDateTimeLocal":"2019-06-01T09:28:00+01:00","status":"Completed","controlPenalties":"All","roundingPolicy":"NoRounding","locked":false}],"stageId":1203,"eventId":84,"number":9,"name":"Cabeceiras de Basto 1","distance":22.22,"status":"Completed","stageType":"SpecialStage","timingPrecision":"Tenth","locked":false,"code":"SS9"}