[{"entryId":19714,"stageTimeMs":10394100,"stageTime":"PT2H53M14.1S","penaltyTimeMs":0,"penaltyTime":"PT0S","totalTimeMs":10394100,"totalTime":"PT2H53M14.1S","position":1,"diffFirstMs":0,"diffFirst":"PT0S","diffPrevMs":0,"diffPrev":"PT0S"},{"entryId":19716,"stageTimeMs":10396500,"stageTime":"PT2H53M16.5S","penaltyTimeMs":0,"penaltyTime":"PT0S","totalTimeMs":10396500,"totalTime":"PT2H53M16.5S","position":2,"diffFirstMs":2400,"diffFirst":"PT2.4S","diffPrevMs":2400,"diffPrev":"PT2.4S"},{"entryId":19715,"stageTimeMs":10403600,"stageTime":"PT2H53M23.6S","penaltyTimeMs":0,"penaltyTime":"PT0S","totalTimeMs":10403600,"totalTime":"PT2H53M23.6S","position":3,"diffFirstMs":9500,"diffFirst":"PT9.5S","diffPrevMs":7100,"diffPrev":"PT7.1S"},{"entryId":19713,"stageTimeMs":10424900,"stageTime":"PT2H53M44.9S","penaltyTimeMs":0,"penaltyTime":"PT0S","totalTimeMs":10424900,"totalTime":"PT2H53M44.9S","position":4,"diffFirstMs":30800,"diffFirst":"PT30.8S","diffPrevMs":21300,"diffPrev":"PT21.3S"},{"entryId":19719,"stageTimeMs":10522600,"stageTime":"PT2H55M22.6S","penaltyTimeMs":0,"penaltyTime":"PT0S","totalTimeMs":10522600,"totalTime":"PT2H55M22.6S","position":5,"diffFirstMs":128500,"diffFirst":"PT2M8.5S","diffPrevMs":97700,"diffPrev":"PT1M37.7S"},{"entryId":19721,"stageTimeMs":10528700,"stageTime":"PT2H55M28.7S","penaltyTimeMs":0,"penaltyTime":"PT0S","totalTimeMs":10528700,"totalTime":"PT2H55M28.7S","position":6,"diffFirstMs":134600,"diffFirst":"PT2M14.6S","diffPrevMs":6100,"diffPrev":"PT6.1S"},{"entryId":19717,"stageTimeMs":10773300,"stageTime":"PT2H59M33.3S","penaltyTimeMs":0,"penaltyTime":"PT0S","totalTimeMs":10773300,"totalTime":"PT2H59M33.3S","position":7,"diffFirstMs":379200,"diffFirst":"PT6M19.2S","diffPrevMs":244600,"diffPrev":"PT4M4.6S"},{"entryId":19726,"stageTimeMs":10927300,"stageTime":"PT3H2M7.3S","penaltyTimeMs":0,"penaltyTime":"PT0S","totalTimeMs":10927300,"totalTime":"PT3H2M7.3S","position":8,"diffFirstMs":533200,"diffFirst":"PT8M53.2S","diffPrevMs":154000,"diffPrev":"PT2M34S"},{"entryId":19727,"stageTimeMs":10990300,"stageTime":"PT3H3M10.3S","penaltyTimeMs":0,"penaltyTime":"PT0S","totalTimeMs":10990300,"totalTime":"PT3H3M10.3S","position":9,"diffFirstMs":596200,"diffFirst":"PT9M56.2S","diffPrevMs":63000,"diffPrev":"PT1M3S"},{"entryId":19737,"stageTimeMs":11025300,"stageTime":"PT3H3M45.3S","penaltyTimeMs":0,"penaltyTime":"PT0S","totalTimeMs":11025300,"totalTime":"PT3H3M45.3S","position":10,"diffFirstMs":631200,"diffFirst":"PT10M31.2S","diffPrevMs":35000,"diffPrev":"PT35S"},{"entryId":19720,"stageTimeMs":11054600,"stageTime":"PT3H4M14.6S","penaltyTimeMs":0,"penaltyTime":"PT0S","totalTimeMs":11054600,"totalTime":"PT3H4M14.6S","position":11,"diffFirstMs":660500,"diffFirst":"PT11M0.5S","diffPrevMs":29300,"diffPrev":"PT29.3S"},{"entryId":19733,"stageTimeMs":11136700,"stageTime":"PT3H5M36.7S","penaltyTimeMs":0,"penaltyTime":"PT0S","totalTimeMs":11136700,"totalTime":"PT3H5M36.7S","position":12,"diffFirstMs":742600,"diffFirst":"PT12M22.6S","diffPrevMs":82100,"diffPrev":"PT1M22.1S"},{"entryId":19735,"stageTimeMs":11157600,"stageTime":"PT3H5M57.6S","penaltyTimeMs":0,"penaltyTime":"PT0S","totalTimeMs":11157600,"totalTime":"PT3H5M57.6S","position":13,"diffFirstMs":763500,"diffFirst":"PT12M43.5S","diffPrevMs":20900,"diffPrev":"PT20.9S"},{"entryId":19723,"stageTimeMs":11176700,"stageTime":"PT3H6M16.7S","penaltyTimeMs":0,"penaltyTime":"PT0S","totalTimeMs":11176700,"totalTime":"PT3H6M16.7S","position":14,"diffFirstMs":782600,"diffFirst":"PT13M2.6S","diffPrevMs":19100,"diffPrev":"PT19.1S"},{"entryId":19742,"stageTimeMs":11177800,"stageTime":"PT3H6M17.8S","penaltyTimeMs":0,"penaltyTime":"PT0S","totalTimeMs":11177800,"totalTime":"PT3H6M17.8S","position":15,"diffFirstMs":783700,"diffFirst":"PT13M3.7S","diffPrevMs":1100,"diffPrev":"PT1.1S"},{"entryId":19731,"stageTimeMs":11204700,"stageTime":"PT3H6M44.7S","penaltyTimeMs":0,"penaltyTime":"PT0S","totalTimeMs":11204700,"totalTime":"PT3H6M44.7S","position":16,"diffFirstMs":810600,"diffFirst":"PT13M30.6S","diffPrevMs":26900,"diffPrev":"PT26.9S"},{"entryId":19728,"stageTimeMs":11213200,"stageTime":"PT3H6M53.2S","penaltyTimeMs":10000,"penaltyTime":"PT10S","totalTimeMs":11223200,"totalTime":"PT3H7M3.2S","position":17,"diffFirstMs":829100,"diffFirst":"PT13M49.1S","diffPrevMs":18500,"diffPrev":"PT18.5S"},{"entryId":19732,"stageTimeMs":11325100,"stageTime":"PT3H8M45.1S","penaltyTimeMs":0,"penaltyTime":"PT0S","totalTimeMs":11325100,"totalTime":"PT3H8M45.1S","position":18,"diffFirstMs":931000,"diffFirst":"PT15M31S","diffPrevMs":101900,"diffPrev":"PT1M41.9S"},{"entryId":19741,"stageTimeMs":11328100,"stageTime":"PT3H8M48.1S","penaltyTimeMs":0,"penaltyTime":"PT0S","totalTimeMs":11328100,"totalTime":"PT3H8M48.1S","position":19,"diffFirstMs":934000,"diffFirst":"PT15M34S","diffPrevMs":3000,"diffPrev":"PT3S"},{"entryId":19734,"stageTimeMs":11416100,"stageTime":"PT3H10M16.1S","penaltyTimeMs":0,"penaltyTime":"PT0S","totalTimeMs":11416100,"totalTime":"PT3H10M16.1S","position":20,"diffFirstMs":1022000,"diffFirst":"PT17M2S","diffPrevMs":88000,"diffPrev":"PT1M28S"},{"entryId":19745,"stageTimeMs":11460600,"stageTime":"PT3H11M0.6S","penaltyTimeMs":0,"penaltyTime":"PT0S","totalTimeMs":11460600,"totalTime":"PT3H11M0.6S","position":21,"diffFirstMs":1066500,"diffFirst":"PT17M46.5S","diffPrevMs":44500,"diffPrev":"PT44.5S"},{"entryId":19739,"stageTimeMs":11477100,"stageTime":"PT3H11M17.1S","penaltyTimeMs":0,"penaltyTime":"PT0S","totalTimeMs":11477100,"totalTime":"PT3H11M17.1S","position":22,"diffFirstMs":1083000,"diffFirst":"PT18M3S","diffPrevMs":16500,"diffPrev":"PT16.5S"},{"entryId":19747,"stageTimeMs":11762000,"stageTime":"PT3H16M2S","penaltyTimeMs":0,"penaltyTime":"PT0S","totalTimeMs":11762000,"totalTime":"PT3H16M2S","position":23,"diffFirstMs":1367900,"diffFirst":"PT22M47.9S","diffPrevMs":284900,"diffPrev":"PT4M44.9S"},{"entryId":19718,"stageTimeMs":11454600,"stageTime":"PT3H10M54.6S","penaltyTimeMs":380000,"penaltyTime":"PT6M20S","totalTimeMs":11834600,"totalTime":"PT3H17M14.6S","position":24,"diffFirstMs":1440500,"diffFirst":"PT24M0.5S","diffPrevMs":72600,"diffPrev":"PT1M12.6S"},{"entryId":19743,"stageTimeMs":11908000,"stageTime":"PT3H18M28S","penaltyTimeMs":0,"penaltyTime":"PT0S","totalTimeMs":11908000,"totalTime":"PT3H18M28S","position":25,"diffFirstMs":1513900,"diffFirst":"PT25M13.9S","diffPrevMs":73400,"diffPrev":"PT1M13.4S"},{"entryId":19729,"stageTimeMs":11922000,"stageTime":"PT3H18M42S","penaltyTimeMs":0,"penaltyTime":"PT0S","totalTimeMs":11922000,"totalTime":"PT3H18M42S","position":26,"diffFirstMs":1527900,"diffFirst":"PT25M27.9S","diffPrevMs":14000,"diffPrev":"PT14S"},{"entryId":19722,"stageTimeMs":11621100,"stageTime":"PT3H13M41.1S","penaltyTimeMs":400000,"penaltyTime":"PT6M40S","totalTimeMs":12021100,"totalTime":"PT3H20M21.1S","position":27,"diffFirstMs":1627000,"diffFirst":"PT27M7S","diffPrevMs":99100,"diffPrev":"PT1M39.1S"},{"entryId":19724,"stageTimeMs":11839500,"stageTime":"PT3H17M19.5S","penaltyTimeMs":250000,"penaltyTime":"PT4M10S","totalTimeMs":12089500,"totalTime":"PT3H21M29.5S","position":28,"diffFirstMs":1695400,"diffFirst":"PT28M15.4S","diffPrevMs":68400,"diffPrev":"PT1M8.4S"},{"entryId":19748,"stageTimeMs":12092900,"stageTime":"PT3H21M32.9S","penaltyTimeMs":0,"penaltyTime":"PT0S","totalTimeMs":12092900,"totalTime":"PT3H21M32.9S","position":29,"diffFirstMs":1698800,"diffFirst":"PT28M18.8S","diffPrevMs":3400,"diffPrev":"PT3.4S"},{"entryId":19750,"stageTimeMs":12142600,"stageTime":"PT3H22M22.6S","penaltyTimeMs":0,"penaltyTime":"PT0S","totalTimeMs":12142600,"totalTime":"PT3H22M22.6S","position":30,"diffFirstMs":1748500,"diffFirst":"PT29M8.5S","diffPrevMs":49700,"diffPrev":"PT49.7S"},{"entryId":19736,"stageTimeMs":12303400,"stageTime":"PT3H25M3.4S","penaltyTimeMs":10000,"penaltyTime":"PT10S","totalTimeMs":12313400,"totalTime":"PT3H25M13.4S","position":31,"diffFirstMs":1919300,"diffFirst":"PT31M59.3S","diffPrevMs":170800,"diffPrev":"PT2M50.8S"},{"entryId":19758,"stageTimeMs":12713700,"stageTime":"PT3H31M53.7S","penaltyTimeMs":0,"penaltyTime":"PT0S","totalTimeMs":12713700,"totalTime":"PT3H31M53.7S","position":32,"diffFirstMs":2319600,"diffFirst":"PT38M39.6S","diffPrevMs":400300,"diffPrev":"PT6M40.3S"},{"entryId":19770,"stageTimeMs":12759100,"stageTime":"PT3H32M39.1S","penaltyTimeMs":0,"penaltyTime":"PT0S","totalTimeMs":12759100,"totalTime":"PT3H32M39.1S","position":33,"diffFirstMs":2365000,"diffFirst":"PT39M25S","diffPrevMs":45400,"diffPrev":"PT45.4S"},{"entryId":19725,"stageTimeMs":12769800,"stageTime":"PT3H32M49.8S","penaltyTimeMs":0,"penaltyTime":"PT0S","totalTimeMs":12769800,"totalTime":"PT3H32M49.8S","position":34,"diffFirstMs":2375700,"diffFirst":"PT39M35.7S","diffPrevMs":10700,"diffPrev":"PT10.7S"},{"entryId":19749,"stageTimeMs":12822800,"stageTime":"PT3H33M42.8S","penaltyTimeMs":40000,"penaltyTime":"PT40S","totalTimeMs":12862800,"totalTime":"PT3H34M22.8S","position":35,"diffFirstMs":2468700,"diffFirst":"PT41M8.7S","diffPrevMs":93000,"diffPrev":"PT1M33S"},{"entryId":19754,"stageTimeMs":14067500,"stageTime":"PT3H54M27.5S","penaltyTimeMs":0,"penaltyTime":"PT0S","totalTimeMs":14067500,"totalTime":"PT3H54M27.5S","position":36,"diffFirstMs":3673400,"diffFirst":"PT1H1M13.4S","diffPrevMs":1204700,"diffPrev":"PT20M4.7S"},{"entryId":19765,"stageTimeMs":14350400,"stageTime":"PT3H59M10.4S","penaltyTimeMs":0,"penaltyTime":"PT0S","totalTimeMs":14350400,"totalTime":"PT3H59M10.4S","position":37,"diffFirstMs":3956300,"diffFirst":"PT1H5M56.3S","diffPrevMs":282900,"diffPrev":"PT4M42.9S"},{"entryId":19769,"stageTimeMs":14582900,"stageTime":"PT4H3M2.9S","penaltyTimeMs":0,"penaltyTime":"PT0S","totalTimeMs":14582900,"totalTime":"PT4H3M2.9S","position":38,"diffFirstMs":4188800,"diffFirst":"PT1H9M48.8S","diffPrevMs":232500,"diffPrev":"PT3M52.5S"},{"entryId":19752,"stageTimeMs":15672700,"stageTime":"PT4H21M12.7S","penaltyTimeMs":70000,"penaltyTime":"PT1M10S","totalTimeMs":15742700,"totalTime":"PT4H22M22.7S","position":39,"diffFirstMs":5348600,"diffFirst":"PT1H29M8.6S","diffPrevMs":1159800,"diffPrev":"PT19M19.8S"},{"entryId":19756,"stageTimeMs":17240000,"stageTime":"PT4H47M20S","penaltyTimeMs":0,"penaltyTime":"PT0S","totalTimeMs":17240000,"totalTime":"PT4H47M20S","position":40,"diffFirstMs":6845900,"diffFirst":"PT1H54M5.9S","diffPrevMs":1497300,"diffPrev":"PT24M57.3S"}]