[{"stageTimeId":78263,"stageId":1322,"entryId":20124,"elapsedDurationMs":646000,"elapsedDuration":"00:10:46","status":"Completed","source":"Default","position":1,"diffFirstMs":0,"diffFirst":"00:00:00","diffPrevMs":0,"diffPrev":"00:00:00"},{"stageTimeId":78245,"stageId":1322,"entryId":20120,"elapsedDurationMs":647500,"elapsedDuration":"00:10:47.5000000","status":"Completed","source":"Default","position":2,"diffFirstMs":1500,"diffFirst":"00:00:01.5000000","diffPrevMs":1500,"diffPrev":"00:00:01.5000000"},{"stageTimeId":77986,"stageId":1322,"entryId":20122,"elapsedDurationMs":647600,"elapsedDuration":"00:10:47.6000000","status":"Completed","source":"Default","position":3,"diffFirstMs":1600,"diffFirst":"00:00:01.6000000","diffPrevMs":100,"diffPrev":"00:00:00.1000000"},{"stageTimeId":78269,"stageId":1322,"entryId":20117,"elapsedDurationMs":647700,"elapsedDuration":"00:10:47.7000000","status":"Completed","source":"Default","position":4,"diffFirstMs":1700,"diffFirst":"00:00:01.7000000","diffPrevMs":100,"diffPrev":"00:00:00.1000000"},{"stageTimeId":78161,"stageId":1322,"entryId":20121,"elapsedDurationMs":650000,"elapsedDuration":"00:10:50","status":"Completed","source":"Default","position":5,"diffFirstMs":4000,"diffFirst":"00:00:04","diffPrevMs":2300,"diffPrev":"00:00:02.3000000"},{"stageTimeId":78167,"stageId":1322,"entryId":20123,"elapsedDurationMs":650200,"elapsedDuration":"00:10:50.2000000","status":"Completed","source":"Default","position":6,"diffFirstMs":4200,"diffFirst":"00:00:04.2000000","diffPrevMs":200,"diffPrev":"00:00:00.2000000"},{"stageTimeId":78257,"stageId":1322,"entryId":20127,"elapsedDurationMs":655200,"elapsedDuration":"00:10:55.2000000","status":"Completed","source":"Default","position":7,"diffFirstMs":9200,"diffFirst":"00:00:09.2000000","diffPrevMs":5000,"diffPrev":"00:00:05"},{"stageTimeId":78155,"stageId":1322,"entryId":20126,"elapsedDurationMs":656800,"elapsedDuration":"00:10:56.8000000","status":"Completed","source":"Default","position":8,"diffFirstMs":10800,"diffFirst":"00:00:10.8000000","diffPrevMs":1600,"diffPrev":"00:00:01.6000000"},{"stageTimeId":78206,"stageId":1322,"entryId":20119,"elapsedDurationMs":664200,"elapsedDuration":"00:11:04.2000000","status":"Completed","source":"Default","position":9,"diffFirstMs":18200,"diffFirst":"00:00:18.2000000","diffPrevMs":7400,"diffPrev":"00:00:07.4000000"},{"stageTimeId":78149,"stageId":1322,"entryId":20125,"elapsedDurationMs":675500,"elapsedDuration":"00:11:15.5000000","status":"Completed","source":"Default","position":10,"diffFirstMs":29500,"diffFirst":"00:00:29.5000000","diffPrevMs":11300,"diffPrev":"00:00:11.3000000"},{"stageTimeId":78174,"stageId":1322,"entryId":20128,"elapsedDurationMs":675700,"elapsedDuration":"00:11:15.7000000","status":"Completed","source":"Default","position":11,"diffFirstMs":29700,"diffFirst":"00:00:29.7000000","diffPrevMs":200,"diffPrev":"00:00:00.2000000"},{"stageTimeId":77968,"stageId":1322,"entryId":20139,"elapsedDurationMs":677900,"elapsedDuration":"00:11:17.9000000","status":"Completed","source":"Default","position":12,"diffFirstMs":31900,"diffFirst":"00:00:31.9000000","diffPrevMs":2200,"diffPrev":"00:00:02.2000000"},{"stageTimeId":78196,"stageId":1322,"entryId":20130,"elapsedDurationMs":681100,"elapsedDuration":"00:11:21.1000000","status":"Completed","source":"Default","position":13,"diffFirstMs":35100,"diffFirst":"00:00:35.1000000","diffPrevMs":3200,"diffPrev":"00:00:03.2000000"},{"stageTimeId":78239,"stageId":1322,"entryId":20142,"elapsedDurationMs":681300,"elapsedDuration":"00:11:21.3000000","status":"Completed","source":"Default","position":14,"diffFirstMs":35300,"diffFirst":"00:00:35.3000000","diffPrevMs":200,"diffPrev":"00:00:00.2000000"},{"stageTimeId":78190,"stageId":1322,"entryId":20131,"elapsedDurationMs":684500,"elapsedDuration":"00:11:24.5000000","status":"Completed","source":"Default","position":15,"diffFirstMs":38500,"diffFirst":"00:00:38.5000000","diffPrevMs":3200,"diffPrev":"00:00:03.2000000"},{"stageTimeId":77980,"stageId":1322,"entryId":20143,"elapsedDurationMs":686400,"elapsedDuration":"00:11:26.4000000","status":"Completed","source":"Default","position":16,"diffFirstMs":40400,"diffFirst":"00:00:40.4000000","diffPrevMs":1900,"diffPrev":"00:00:01.9000000"},{"stageTimeId":77963,"stageId":1322,"entryId":20134,"elapsedDurationMs":687600,"elapsedDuration":"00:11:27.6000000","status":"Completed","source":"Default","position":17,"diffFirstMs":41600,"diffFirst":"00:00:41.6000000","diffPrevMs":1200,"diffPrev":"00:00:01.2000000"},{"stageTimeId":78202,"stageId":1322,"entryId":20129,"elapsedDurationMs":688000,"elapsedDuration":"00:11:28","status":"Completed","source":"Default","position":18,"diffFirstMs":42000,"diffFirst":"00:00:42","diffPrevMs":400,"diffPrev":"00:00:00.4000000"},{"stageTimeId":78215,"stageId":1322,"entryId":20144,"elapsedDurationMs":689700,"elapsedDuration":"00:11:29.7000000","status":"Completed","source":"Default","position":19,"diffFirstMs":43700,"diffFirst":"00:00:43.7000000","diffPrevMs":1700,"diffPrev":"00:00:01.7000000"},{"stageTimeId":78184,"stageId":1322,"entryId":20132,"elapsedDurationMs":689900,"elapsedDuration":"00:11:29.9000000","status":"Completed","source":"Default","position":20,"diffFirstMs":43900,"diffFirst":"00:00:43.9000000","diffPrevMs":200,"diffPrev":"00:00:00.2000000"},{"stageTimeId":78086,"stageId":1322,"entryId":20149,"elapsedDurationMs":691400,"elapsedDuration":"00:11:31.4000000","status":"Completed","source":"Default","position":21,"diffFirstMs":45400,"diffFirst":"00:00:45.4000000","diffPrevMs":1500,"diffPrev":"00:00:01.5000000"},{"stageTimeId":78139,"stageId":1322,"entryId":20151,"elapsedDurationMs":691800,"elapsedDuration":"00:11:31.8000000","status":"Completed","source":"Default","position":22,"diffFirstMs":45800,"diffFirst":"00:00:45.8000000","diffPrevMs":400,"diffPrev":"00:00:00.4000000"},{"stageTimeId":78178,"stageId":1322,"entryId":20133,"elapsedDurationMs":692300,"elapsedDuration":"00:11:32.3000000","status":"Completed","source":"Default","position":23,"diffFirstMs":46300,"diffFirst":"00:00:46.3000000","diffPrevMs":500,"diffPrev":"00:00:00.5000000"},{"stageTimeId":77966,"stageId":1322,"entryId":20138,"elapsedDurationMs":694600,"elapsedDuration":"00:11:34.6000000","status":"Completed","source":"Default","position":24,"diffFirstMs":48600,"diffFirst":"00:00:48.6000000","diffPrevMs":2300,"diffPrev":"00:00:02.3000000"},{"stageTimeId":77998,"stageId":1322,"entryId":20136,"elapsedDurationMs":695900,"elapsedDuration":"00:11:35.9000000","status":"Completed","source":"Default","position":25,"diffFirstMs":49900,"diffFirst":"00:00:49.9000000","diffPrevMs":1300,"diffPrev":"00:00:01.3000000"},{"stageTimeId":77974,"stageId":1322,"entryId":20140,"elapsedDurationMs":696600,"elapsedDuration":"00:11:36.6000000","status":"Completed","source":"Default","position":26,"diffFirstMs":50600,"diffFirst":"00:00:50.6000000","diffPrevMs":700,"diffPrev":"00:00:00.7000000"},{"stageTimeId":78004,"stageId":1322,"entryId":20137,"elapsedDurationMs":701400,"elapsedDuration":"00:11:41.4000000","status":"Completed","source":"Default","position":27,"diffFirstMs":55400,"diffFirst":"00:00:55.4000000","diffPrevMs":4800,"diffPrev":"00:00:04.8000000"},{"stageTimeId":77992,"stageId":1322,"entryId":20135,"elapsedDurationMs":704600,"elapsedDuration":"00:11:44.6000000","status":"Completed","source":"Default","position":28,"diffFirstMs":58600,"diffFirst":"00:00:58.6000000","diffPrevMs":3200,"diffPrev":"00:00:03.2000000"},{"stageTimeId":78227,"stageId":1322,"entryId":20145,"elapsedDurationMs":705400,"elapsedDuration":"00:11:45.4000000","status":"Completed","source":"Default","position":29,"diffFirstMs":59400,"diffFirst":"00:00:59.4000000","diffPrevMs":800,"diffPrev":"00:00:00.8000000"},{"stageTimeId":78080,"stageId":1322,"entryId":20150,"elapsedDurationMs":710500,"elapsedDuration":"00:11:50.5000000","status":"Completed","source":"Default","position":30,"diffFirstMs":64500,"diffFirst":"00:01:04.5000000","diffPrevMs":5100,"diffPrev":"00:00:05.1000000"},{"stageTimeId":78127,"stageId":1322,"entryId":20157,"elapsedDurationMs":713600,"elapsedDuration":"00:11:53.6000000","status":"Completed","source":"Default","position":31,"diffFirstMs":67600,"diffFirst":"00:01:07.6000000","diffPrevMs":3100,"diffPrev":"00:00:03.1000000"},{"stageTimeId":78098,"stageId":1322,"entryId":20141,"elapsedDurationMs":736400,"elapsedDuration":"00:12:16.4000000","status":"Completed","source":"Default","position":32,"diffFirstMs":90400,"diffFirst":"00:01:30.4000000","diffPrevMs":22800,"diffPrev":"00:00:22.8000000"},{"stageTimeId":78078,"stageId":1322,"entryId":20155,"elapsedDurationMs":746000,"elapsedDuration":"00:12:26","status":"Completed","source":"Default","position":33,"diffFirstMs":100000,"diffFirst":"00:01:40","diffPrevMs":9600,"diffPrev":"00:00:09.6000000"},{"stageTimeId":78121,"stageId":1322,"entryId":20153,"elapsedDurationMs":751400,"elapsedDuration":"00:12:31.4000000","status":"Completed","source":"Default","position":34,"diffFirstMs":105400,"diffFirst":"00:01:45.4000000","diffPrevMs":5400,"diffPrev":"00:00:05.4000000"},{"stageTimeId":78032,"stageId":1322,"entryId":20159,"elapsedDurationMs":752100,"elapsedDuration":"00:12:32.1000000","status":"Completed","source":"Default","position":35,"diffFirstMs":106100,"diffFirst":"00:01:46.1000000","diffPrevMs":700,"diffPrev":"00:00:00.7000000"},{"stageTimeId":78038,"stageId":1322,"entryId":20156,"elapsedDurationMs":759300,"elapsedDuration":"00:12:39.3000000","status":"Completed","source":"Default","position":36,"diffFirstMs":113300,"diffFirst":"00:01:53.3000000","diffPrevMs":7200,"diffPrev":"00:00:07.2000000"},{"stageTimeId":78028,"stageId":1322,"entryId":20163,"elapsedDurationMs":777700,"elapsedDuration":"00:12:57.7000000","status":"Completed","source":"Default","position":37,"diffFirstMs":131700,"diffFirst":"00:02:11.7000000","diffPrevMs":18400,"diffPrev":"00:00:18.4000000"},{"stageTimeId":78092,"stageId":1322,"entryId":20147,"elapsedDurationMs":790200,"elapsedDuration":"00:13:10.2000000","status":"Completed","source":"Default","position":38,"diffFirstMs":144200,"diffFirst":"00:02:24.2000000","diffPrevMs":12500,"diffPrev":"00:00:12.5000000"},{"stageTimeId":78115,"stageId":1322,"entryId":20154,"elapsedDurationMs":802900,"elapsedDuration":"00:13:22.9000000","status":"Completed","source":"Default","position":39,"diffFirstMs":156900,"diffFirst":"00:02:36.9000000","diffPrevMs":12700,"diffPrev":"00:00:12.7000000"},{"stageTimeId":78061,"stageId":1322,"entryId":20166,"elapsedDurationMs":808500,"elapsedDuration":"00:13:28.5000000","status":"Completed","source":"Default","position":40,"diffFirstMs":162500,"diffFirst":"00:02:42.5000000","diffPrevMs":5600,"diffPrev":"00:00:05.6000000"},{"stageTimeId":78026,"stageId":1322,"entryId":20160,"elapsedDurationMs":818800,"elapsedDuration":"00:13:38.8000000","status":"Completed","source":"Default","position":41,"diffFirstMs":172800,"diffFirst":"00:02:52.8000000","diffPrevMs":10300,"diffPrev":"00:00:10.3000000"},{"stageTimeId":78144,"stageId":1322,"entryId":20169,"elapsedDurationMs":835400,"elapsedDuration":"00:13:55.4000000","status":"Completed","source":"Default","position":42,"diffFirstMs":189400,"diffFirst":"00:03:09.4000000","diffPrevMs":16600,"diffPrev":"00:00:16.6000000"},{"stageTimeId":78067,"stageId":1322,"entryId":20165,"elapsedDurationMs":843300,"elapsedDuration":"00:14:03.3000000","status":"Completed","source":"Default","position":43,"diffFirstMs":197300,"diffFirst":"00:03:17.3000000","diffPrevMs":7900,"diffPrev":"00:00:07.9000000"},{"stageTimeId":78233,"stageId":1322,"entryId":20170,"elapsedDurationMs":875000,"elapsedDuration":"00:14:35","status":"Completed","source":"Default","position":44,"diffFirstMs":229000,"diffFirst":"00:03:49","diffPrevMs":31700,"diffPrev":"00:00:31.7000000"},{"stageTimeId":78049,"stageId":1322,"entryId":20168,"elapsedDurationMs":947900,"elapsedDuration":"00:15:47.9000000","status":"Completed","source":"Default","position":45,"diffFirstMs":301900,"diffFirst":"00:05:01.9000000","diffPrevMs":72900,"diffPrev":"00:01:12.9000000"},{"stageTimeId":78251,"stageId":1322,"entryId":20118,"elapsedDurationMs":1066000,"elapsedDuration":"00:17:46","status":"Completed","source":"Assessed","position":46,"diffFirstMs":420000,"diffFirst":"00:07:00","diffPrevMs":118100,"diffPrev":"00:01:58.1000000"},{"stageTimeId":78104,"stageId":1322,"entryId":20146,"elapsedDurationMs":1097900,"elapsedDuration":"00:18:17.9000000","status":"Completed","source":"Assessed","position":47,"diffFirstMs":451900,"diffFirst":"00:07:31.9000000","diffPrevMs":31900,"diffPrev":"00:00:31.9000000"},{"stageTimeId":78020,"stageId":1322,"entryId":20162,"elapsedDurationMs":1179300,"elapsedDuration":"00:19:39.3000000","status":"Completed","source":"Assessed","position":48,"diffFirstMs":533300,"diffFirst":"00:08:53.3000000","diffPrevMs":81400,"diffPrev":"00:01:21.4000000"},{"stageTimeId":78073,"stageId":1322,"entryId":20164,"elapsedDurationMs":1197700,"elapsedDuration":"00:19:57.7000000","status":"Completed","source":"Assessed","position":49,"diffFirstMs":551700,"diffFirst":"00:09:11.7000000","diffPrevMs":18400,"diffPrev":"00:00:18.4000000"},{"stageTimeId":78221,"stageId":1322,"entryId":20171,"elapsedDurationMs":1197700,"elapsedDuration":"00:19:57.7000000","status":"Completed","source":"Assessed","position":50,"diffFirstMs":551700,"diffFirst":"00:09:11.7000000","diffPrevMs":0,"diffPrev":"00:00:00"},{"stageTimeId":78055,"stageId":1322,"entryId":20167,"elapsedDurationMs":null,"elapsedDuration":null,"status":"DNS","source":"Default","position":null,"diffFirstMs":null,"diffFirst":null,"diffPrevMs":null,"diffPrev":null},{"stageTimeId":78133,"stageId":1322,"entryId":20152,"elapsedDurationMs":null,"elapsedDuration":null,"status":"DNS","source":"Default","position":null,"diffFirstMs":null,"diffFirst":null,"diffPrevMs":null,"diffPrev":null}]