[{"entryId":19548,"stageTimeMs":5540600,"stageTime":"PT1H32M20.6S","penaltyTimeMs":0,"penaltyTime":"PT0S","totalTimeMs":5540600,"totalTime":"PT1H32M20.6S","position":1,"diffFirstMs":0,"diffFirst":"PT0S","diffPrevMs":0,"diffPrev":"PT0S"},{"entryId":19546,"stageTimeMs":5551900,"stageTime":"PT1H32M31.9S","penaltyTimeMs":0,"penaltyTime":"PT0S","totalTimeMs":5551900,"totalTime":"PT1H32M31.9S","position":2,"diffFirstMs":11300,"diffFirst":"PT11.3S","diffPrevMs":11300,"diffPrev":"PT11.3S"},{"entryId":19541,"stageTimeMs":5557500,"stageTime":"PT1H32M37.5S","penaltyTimeMs":0,"penaltyTime":"PT0S","totalTimeMs":5557500,"totalTime":"PT1H32M37.5S","position":3,"diffFirstMs":16900,"diffFirst":"PT16.9S","diffPrevMs":5600,"diffPrev":"PT5.6S"},{"entryId":19544,"stageTimeMs":5570500,"stageTime":"PT1H32M50.5S","penaltyTimeMs":0,"penaltyTime":"PT0S","totalTimeMs":5570500,"totalTime":"PT1H32M50.5S","position":4,"diffFirstMs":29900,"diffFirst":"PT29.9S","diffPrevMs":13000,"diffPrev":"PT13S"},{"entryId":19550,"stageTimeMs":5582900,"stageTime":"PT1H33M2.9S","penaltyTimeMs":0,"penaltyTime":"PT0S","totalTimeMs":5582900,"totalTime":"PT1H33M2.9S","position":5,"diffFirstMs":42300,"diffFirst":"PT42.3S","diffPrevMs":12400,"diffPrev":"PT12.4S"},{"entryId":19545,"stageTimeMs":5597800,"stageTime":"PT1H33M17.8S","penaltyTimeMs":0,"penaltyTime":"PT0S","totalTimeMs":5597800,"totalTime":"PT1H33M17.8S","position":6,"diffFirstMs":57200,"diffFirst":"PT57.2S","diffPrevMs":14900,"diffPrev":"PT14.9S"},{"entryId":19547,"stageTimeMs":5620100,"stageTime":"PT1H33M40.1S","penaltyTimeMs":0,"penaltyTime":"PT0S","totalTimeMs":5620100,"totalTime":"PT1H33M40.1S","position":7,"diffFirstMs":79500,"diffFirst":"PT1M19.5S","diffPrevMs":22300,"diffPrev":"PT22.3S"},{"entryId":19542,"stageTimeMs":5680100,"stageTime":"PT1H34M40.1S","penaltyTimeMs":0,"penaltyTime":"PT0S","totalTimeMs":5680100,"totalTime":"PT1H34M40.1S","position":8,"diffFirstMs":139500,"diffFirst":"PT2M19.5S","diffPrevMs":60000,"diffPrev":"PT1M"},{"entryId":19552,"stageTimeMs":5993600,"stageTime":"PT1H39M53.6S","penaltyTimeMs":0,"penaltyTime":"PT0S","totalTimeMs":5993600,"totalTime":"PT1H39M53.6S","position":9,"diffFirstMs":453000,"diffFirst":"PT7M33S","diffPrevMs":313500,"diffPrev":"PT5M13.5S"},{"entryId":19558,"stageTimeMs":6159900,"stageTime":"PT1H42M39.9S","penaltyTimeMs":0,"penaltyTime":"PT0S","totalTimeMs":6159900,"totalTime":"PT1H42M39.9S","position":10,"diffFirstMs":619300,"diffFirst":"PT10M19.3S","diffPrevMs":166300,"diffPrev":"PT2M46.3S"},{"entryId":19561,"stageTimeMs":6275500,"stageTime":"PT1H44M35.5S","penaltyTimeMs":0,"penaltyTime":"PT0S","totalTimeMs":6275500,"totalTime":"PT1H44M35.5S","position":11,"diffFirstMs":734900,"diffFirst":"PT12M14.9S","diffPrevMs":115600,"diffPrev":"PT1M55.6S"},{"entryId":19559,"stageTimeMs":6528900,"stageTime":"PT1H48M48.9S","penaltyTimeMs":0,"penaltyTime":"PT0S","totalTimeMs":6528900,"totalTime":"PT1H48M48.9S","position":12,"diffFirstMs":988300,"diffFirst":"PT16M28.3S","diffPrevMs":253400,"diffPrev":"PT4M13.4S"},{"entryId":19554,"stageTimeMs":6521800,"stageTime":"PT1H48M41.8S","penaltyTimeMs":20000,"penaltyTime":"PT20S","totalTimeMs":6541800,"totalTime":"PT1H49M1.8S","position":13,"diffFirstMs":1001200,"diffFirst":"PT16M41.2S","diffPrevMs":12900,"diffPrev":"PT12.9S"},{"entryId":19555,"stageTimeMs":6783600,"stageTime":"PT1H53M3.6S","penaltyTimeMs":0,"penaltyTime":"PT0S","totalTimeMs":6783600,"totalTime":"PT1H53M3.6S","position":14,"diffFirstMs":1243000,"diffFirst":"PT20M43S","diffPrevMs":241800,"diffPrev":"PT4M1.8S"},{"entryId":19557,"stageTimeMs":7094000,"stageTime":"PT1H58M14S","penaltyTimeMs":0,"penaltyTime":"PT0S","totalTimeMs":7094000,"totalTime":"PT1H58M14S","position":15,"diffFirstMs":1553400,"diffFirst":"PT25M53.4S","diffPrevMs":310400,"diffPrev":"PT5M10.4S"},{"entryId":19551,"stageTimeMs":7261600,"stageTime":"PT2H1M1.6S","penaltyTimeMs":0,"penaltyTime":"PT0S","totalTimeMs":7261600,"totalTime":"PT2H1M1.6S","position":16,"diffFirstMs":1721000,"diffFirst":"PT28M41S","diffPrevMs":167600,"diffPrev":"PT2M47.6S"},{"entryId":19567,"stageTimeMs":8863000,"stageTime":"PT2H27M43S","penaltyTimeMs":30000,"penaltyTime":"PT30S","totalTimeMs":8893000,"totalTime":"PT2H28M13S","position":17,"diffFirstMs":3352400,"diffFirst":"PT55M52.4S","diffPrevMs":1631400,"diffPrev":"PT27M11.4S"},{"entryId":19565,"stageTimeMs":8819500,"stageTime":"PT2H26M59.5S","penaltyTimeMs":160000,"penaltyTime":"PT2M40S","totalTimeMs":8979500,"totalTime":"PT2H29M39.5S","position":18,"diffFirstMs":3438900,"diffFirst":"PT57M18.9S","diffPrevMs":86500,"diffPrev":"PT1M26.5S"},{"entryId":19564,"stageTimeMs":8990600,"stageTime":"PT2H29M50.6S","penaltyTimeMs":0,"penaltyTime":"PT0S","totalTimeMs":8990600,"totalTime":"PT2H29M50.6S","position":19,"diffFirstMs":3450000,"diffFirst":"PT57M30S","diffPrevMs":11100,"diffPrev":"PT11.1S"},{"entryId":19562,"stageTimeMs":9082500,"stageTime":"PT2H31M22.5S","penaltyTimeMs":10000,"penaltyTime":"PT10S","totalTimeMs":9092500,"totalTime":"PT2H31M32.5S","position":20,"diffFirstMs":3551900,"diffFirst":"PT59M11.9S","diffPrevMs":101900,"diffPrev":"PT1M41.9S"},{"entryId":19566,"stageTimeMs":9185600,"stageTime":"PT2H33M5.6S","penaltyTimeMs":10000,"penaltyTime":"PT10S","totalTimeMs":9195600,"totalTime":"PT2H33M15.6S","position":21,"diffFirstMs":3655000,"diffFirst":"PT1H55S","diffPrevMs":103100,"diffPrev":"PT1M43.1S"}]