[{"stageTimeId":85319,"stageId":1500,"entryId":20610,"elapsedDurationMs":655600,"elapsedDuration":"00:10:55.6000000","status":"Completed","source":"Default","position":1,"diffFirstMs":0,"diffFirst":"00:00:00","diffPrevMs":0,"diffPrev":"00:00:00"},{"stageTimeId":85312,"stageId":1500,"entryId":20611,"elapsedDurationMs":656100,"elapsedDuration":"00:10:56.1000000","status":"Completed","source":"Default","position":2,"diffFirstMs":500,"diffFirst":"00:00:00.5000000","diffPrevMs":500,"diffPrev":"00:00:00.5000000"},{"stageTimeId":85229,"stageId":1500,"entryId":20612,"elapsedDurationMs":656200,"elapsedDuration":"00:10:56.2000000","status":"Completed","source":"Default","position":3,"diffFirstMs":600,"diffFirst":"00:00:00.6000000","diffPrevMs":100,"diffPrev":"00:00:00.1000000"},{"stageTimeId":85222,"stageId":1500,"entryId":20609,"elapsedDurationMs":656500,"elapsedDuration":"00:10:56.5000000","status":"Completed","source":"Default","position":4,"diffFirstMs":900,"diffFirst":"00:00:00.9000000","diffPrevMs":300,"diffPrev":"00:00:00.3000000"},{"stageTimeId":85199,"stageId":1500,"entryId":20613,"elapsedDurationMs":657100,"elapsedDuration":"00:10:57.1000000","status":"Completed","source":"Default","position":5,"diffFirstMs":1500,"diffFirst":"00:00:01.5000000","diffPrevMs":600,"diffPrev":"00:00:00.6000000"},{"stageTimeId":85017,"stageId":1500,"entryId":20605,"elapsedDurationMs":657500,"elapsedDuration":"00:10:57.5000000","status":"Completed","source":"Default","position":6,"diffFirstMs":1900,"diffFirst":"00:00:01.9000000","diffPrevMs":400,"diffPrev":"00:00:00.4000000"},{"stageTimeId":85326,"stageId":1500,"entryId":20614,"elapsedDurationMs":658900,"elapsedDuration":"00:10:58.9000000","status":"Completed","source":"Default","position":7,"diffFirstMs":3300,"diffFirst":"00:00:03.3000000","diffPrevMs":1400,"diffPrev":"00:00:01.4000000"},{"stageTimeId":85335,"stageId":1500,"entryId":20606,"elapsedDurationMs":661100,"elapsedDuration":"00:11:01.1000000","status":"Completed","source":"Default","position":8,"diffFirstMs":5500,"diffFirst":"00:00:05.5000000","diffPrevMs":2200,"diffPrev":"00:00:02.2000000"},{"stageTimeId":85328,"stageId":1500,"entryId":20615,"elapsedDurationMs":674700,"elapsedDuration":"00:11:14.7000000","status":"Completed","source":"Default","position":9,"diffFirstMs":19100,"diffFirst":"00:00:19.1000000","diffPrevMs":13600,"diffPrev":"00:00:13.6000000"},{"stageTimeId":85257,"stageId":1500,"entryId":20616,"elapsedDurationMs":682500,"elapsedDuration":"00:11:22.5000000","status":"Completed","source":"Default","position":10,"diffFirstMs":26900,"diffFirst":"00:00:26.9000000","diffPrevMs":7800,"diffPrev":"00:00:07.8000000"},{"stageTimeId":85010,"stageId":1500,"entryId":20619,"elapsedDurationMs":686800,"elapsedDuration":"00:11:26.8000000","status":"Completed","source":"Default","position":11,"diffFirstMs":31200,"diffFirst":"00:00:31.2000000","diffPrevMs":4300,"diffPrev":"00:00:04.3000000"},{"stageTimeId":85068,"stageId":1500,"entryId":20636,"elapsedDurationMs":687700,"elapsedDuration":"00:11:27.7000000","status":"Completed","source":"Default","position":12,"diffFirstMs":32100,"diffFirst":"00:00:32.1000000","diffPrevMs":900,"diffPrev":"00:00:00.9000000"},{"stageTimeId":85242,"stageId":1500,"entryId":20635,"elapsedDurationMs":688700,"elapsedDuration":"00:11:28.7000000","status":"Completed","source":"Default","position":13,"diffFirstMs":33100,"diffFirst":"00:00:33.1000000","diffPrevMs":1000,"diffPrev":"00:00:01"},{"stageTimeId":85206,"stageId":1500,"entryId":20618,"elapsedDurationMs":688900,"elapsedDuration":"00:11:28.9000000","status":"Completed","source":"Default","position":14,"diffFirstMs":33300,"diffFirst":"00:00:33.3000000","diffPrevMs":200,"diffPrev":"00:00:00.2000000"},{"stageTimeId":85153,"stageId":1500,"entryId":20629,"elapsedDurationMs":690000,"elapsedDuration":"00:11:30","status":"Completed","source":"Default","position":15,"diffFirstMs":34400,"diffFirst":"00:00:34.4000000","diffPrevMs":1100,"diffPrev":"00:00:01.1000000"},{"stageTimeId":85031,"stageId":1500,"entryId":20623,"elapsedDurationMs":690600,"elapsedDuration":"00:11:30.6000000","status":"Completed","source":"Default","position":16,"diffFirstMs":35000,"diffFirst":"00:00:35","diffPrevMs":600,"diffPrev":"00:00:00.6000000"},{"stageTimeId":85248,"stageId":1500,"entryId":20626,"elapsedDurationMs":692700,"elapsedDuration":"00:11:32.7000000","status":"Completed","source":"Default","position":17,"diffFirstMs":37100,"diffFirst":"00:00:37.1000000","diffPrevMs":2100,"diffPrev":"00:00:02.1000000"},{"stageTimeId":85038,"stageId":1500,"entryId":20632,"elapsedDurationMs":695000,"elapsedDuration":"00:11:35","status":"Completed","source":"Default","position":18,"diffFirstMs":39400,"diffFirst":"00:00:39.4000000","diffPrevMs":2300,"diffPrev":"00:00:02.3000000"},{"stageTimeId":85024,"stageId":1500,"entryId":20622,"elapsedDurationMs":695600,"elapsedDuration":"00:11:35.6000000","status":"Completed","source":"Default","position":19,"diffFirstMs":40000,"diffFirst":"00:00:40","diffPrevMs":600,"diffPrev":"00:00:00.6000000"},{"stageTimeId":85264,"stageId":1500,"entryId":20617,"elapsedDurationMs":696800,"elapsedDuration":"00:11:36.8000000","status":"Completed","source":"Default","position":20,"diffFirstMs":41200,"diffFirst":"00:00:41.2000000","diffPrevMs":1200,"diffPrev":"00:00:01.2000000"},{"stageTimeId":85003,"stageId":1500,"entryId":20637,"elapsedDurationMs":697000,"elapsedDuration":"00:11:37","status":"Completed","source":"Default","position":21,"diffFirstMs":41400,"diffFirst":"00:00:41.4000000","diffPrevMs":200,"diffPrev":"00:00:00.2000000"},{"stageTimeId":85045,"stageId":1500,"entryId":20638,"elapsedDurationMs":697000,"elapsedDuration":"00:11:37","status":"Completed","source":"Default","position":22,"diffFirstMs":41400,"diffFirst":"00:00:41.4000000","diffPrevMs":0,"diffPrev":"00:00:00"},{"stageTimeId":85241,"stageId":1500,"entryId":20620,"elapsedDurationMs":699900,"elapsedDuration":"00:11:39.9000000","status":"Completed","source":"Default","position":23,"diffFirstMs":44300,"diffFirst":"00:00:44.3000000","diffPrevMs":2900,"diffPrev":"00:00:02.9000000"},{"stageTimeId":84996,"stageId":1500,"entryId":20625,"elapsedDurationMs":703400,"elapsedDuration":"00:11:43.4000000","status":"Completed","source":"Default","position":24,"diffFirstMs":47800,"diffFirst":"00:00:47.8000000","diffPrevMs":3500,"diffPrev":"00:00:03.5000000"},{"stageTimeId":85233,"stageId":1500,"entryId":20633,"elapsedDurationMs":706100,"elapsedDuration":"00:11:46.1000000","status":"Completed","source":"Default","position":25,"diffFirstMs":50500,"diffFirst":"00:00:50.5000000","diffPrevMs":2700,"diffPrev":"00:00:02.7000000"},{"stageTimeId":85146,"stageId":1500,"entryId":20631,"elapsedDurationMs":712400,"elapsedDuration":"00:11:52.4000000","status":"Completed","source":"Default","position":26,"diffFirstMs":56800,"diffFirst":"00:00:56.8000000","diffPrevMs":6300,"diffPrev":"00:00:06.3000000"},{"stageTimeId":85284,"stageId":1500,"entryId":20624,"elapsedDurationMs":713500,"elapsedDuration":"00:11:53.5000000","status":"Completed","source":"Default","position":27,"diffFirstMs":57900,"diffFirst":"00:00:57.9000000","diffPrevMs":1100,"diffPrev":"00:00:01.1000000"},{"stageTimeId":85277,"stageId":1500,"entryId":20621,"elapsedDurationMs":716700,"elapsedDuration":"00:11:56.7000000","status":"Completed","source":"Default","position":28,"diffFirstMs":61100,"diffFirst":"00:01:01.1000000","diffPrevMs":3200,"diffPrev":"00:00:03.2000000"},{"stageTimeId":85177,"stageId":1500,"entryId":20641,"elapsedDurationMs":723900,"elapsedDuration":"00:12:03.9000000","status":"Completed","source":"Default","position":29,"diffFirstMs":68300,"diffFirst":"00:01:08.3000000","diffPrevMs":7200,"diffPrev":"00:00:07.2000000"},{"stageTimeId":85130,"stageId":1500,"entryId":20639,"elapsedDurationMs":748000,"elapsedDuration":"00:12:28","status":"Completed","source":"Default","position":30,"diffFirstMs":92400,"diffFirst":"00:01:32.4000000","diffPrevMs":24100,"diffPrev":"00:00:24.1000000"},{"stageTimeId":85181,"stageId":1500,"entryId":20634,"elapsedDurationMs":748600,"elapsedDuration":"00:12:28.6000000","status":"Completed","source":"Default","position":31,"diffFirstMs":93000,"diffFirst":"00:01:33","diffPrevMs":600,"diffPrev":"00:00:00.6000000"},{"stageTimeId":85188,"stageId":1500,"entryId":20643,"elapsedDurationMs":757300,"elapsedDuration":"00:12:37.3000000","status":"Completed","source":"Default","position":32,"diffFirstMs":101700,"diffFirst":"00:01:41.7000000","diffPrevMs":8700,"diffPrev":"00:00:08.7000000"},{"stageTimeId":85052,"stageId":1500,"entryId":20647,"elapsedDurationMs":770400,"elapsedDuration":"00:12:50.4000000","status":"Completed","source":"Default","position":33,"diffFirstMs":114800,"diffFirst":"00:01:54.8000000","diffPrevMs":13100,"diffPrev":"00:00:13.1000000"},{"stageTimeId":85137,"stageId":1500,"entryId":20656,"elapsedDurationMs":772900,"elapsedDuration":"00:12:52.9000000","status":"Completed","source":"Default","position":34,"diffFirstMs":117300,"diffFirst":"00:01:57.3000000","diffPrevMs":2500,"diffPrev":"00:00:02.5000000"},{"stageTimeId":85059,"stageId":1500,"entryId":20660,"elapsedDurationMs":774100,"elapsedDuration":"00:12:54.1000000","status":"Completed","source":"Default","position":35,"diffFirstMs":118500,"diffFirst":"00:01:58.5000000","diffPrevMs":1200,"diffPrev":"00:00:01.2000000"},{"stageTimeId":85300,"stageId":1500,"entryId":20652,"elapsedDurationMs":778300,"elapsedDuration":"00:12:58.3000000","status":"Completed","source":"Default","position":36,"diffFirstMs":122700,"diffFirst":"00:02:02.7000000","diffPrevMs":4200,"diffPrev":"00:00:04.2000000"},{"stageTimeId":85165,"stageId":1500,"entryId":20650,"elapsedDurationMs":779200,"elapsedDuration":"00:12:59.2000000","status":"Completed","source":"Default","position":37,"diffFirstMs":123600,"diffFirst":"00:02:03.6000000","diffPrevMs":900,"diffPrev":"00:00:00.9000000"},{"stageTimeId":85172,"stageId":1500,"entryId":20659,"elapsedDurationMs":784300,"elapsedDuration":"00:13:04.3000000","status":"Completed","source":"Default","position":38,"diffFirstMs":128700,"diffFirst":"00:02:08.7000000","diffPrevMs":5100,"diffPrev":"00:00:05.1000000"},{"stageTimeId":85075,"stageId":1500,"entryId":20648,"elapsedDurationMs":789700,"elapsedDuration":"00:13:09.7000000","status":"Completed","source":"Default","position":39,"diffFirstMs":134100,"diffFirst":"00:02:14.1000000","diffPrevMs":5400,"diffPrev":"00:00:05.4000000"},{"stageTimeId":85101,"stageId":1500,"entryId":20663,"elapsedDurationMs":809400,"elapsedDuration":"00:13:29.4000000","status":"Completed","source":"Default","position":40,"diffFirstMs":153800,"diffFirst":"00:02:33.8000000","diffPrevMs":19700,"diffPrev":"00:00:19.7000000"},{"stageTimeId":85117,"stageId":1500,"entryId":20665,"elapsedDurationMs":815200,"elapsedDuration":"00:13:35.2000000","status":"Completed","source":"Default","position":41,"diffFirstMs":159600,"diffFirst":"00:02:39.6000000","diffPrevMs":5800,"diffPrev":"00:00:05.8000000"},{"stageTimeId":85087,"stageId":1500,"entryId":20661,"elapsedDurationMs":840500,"elapsedDuration":"00:14:00.5000000","status":"Completed","source":"Default","position":42,"diffFirstMs":184900,"diffFirst":"00:03:04.9000000","diffPrevMs":25300,"diffPrev":"00:00:25.3000000"},{"stageTimeId":85293,"stageId":1500,"entryId":20664,"elapsedDurationMs":842100,"elapsedDuration":"00:14:02.1000000","status":"Completed","source":"Default","position":43,"diffFirstMs":186500,"diffFirst":"00:03:06.5000000","diffPrevMs":1600,"diffPrev":"00:00:01.6000000"},{"stageTimeId":85121,"stageId":1500,"entryId":20667,"elapsedDurationMs":848600,"elapsedDuration":"00:14:08.6000000","status":"Completed","source":"Default","position":44,"diffFirstMs":193000,"diffFirst":"00:03:13","diffPrevMs":6500,"diffPrev":"00:00:06.5000000"},{"stageTimeId":85120,"stageId":1500,"entryId":20642,"elapsedDurationMs":881300,"elapsedDuration":"00:14:41.3000000","status":"Completed","source":"Default","position":45,"diffFirstMs":225700,"diffFirst":"00:03:45.7000000","diffPrevMs":32700,"diffPrev":"00:00:32.7000000"},{"stageTimeId":85287,"stageId":1500,"entryId":20668,"elapsedDurationMs":924400,"elapsedDuration":"00:15:24.4000000","status":"Completed","source":"Default","position":46,"diffFirstMs":268800,"diffFirst":"00:04:28.8000000","diffPrevMs":43100,"diffPrev":"00:00:43.1000000"},{"stageTimeId":85232,"stageId":1500,"entryId":20608,"elapsedDurationMs":1075600,"elapsedDuration":"00:17:55.6000000","status":"Completed","source":"Assessed","position":47,"diffFirstMs":420000,"diffFirst":"00:07:00","diffPrevMs":151200,"diffPrev":"00:02:31.2000000"},{"stageTimeId":85131,"stageId":1500,"entryId":20628,"elapsedDurationMs":1107700,"elapsedDuration":"00:18:27.7000000","status":"Completed","source":"Assessed","position":48,"diffFirstMs":452100,"diffFirst":"00:07:32.1000000","diffPrevMs":32100,"diffPrev":"00:00:32.1000000"},{"stageTimeId":85110,"stageId":1500,"entryId":20640,"elapsedDurationMs":1143900,"elapsedDuration":"00:19:03.9000000","status":"Completed","source":"Assessed","position":49,"diffFirstMs":488300,"diffFirst":"00:08:08.3000000","diffPrevMs":36200,"diffPrev":"00:00:36.2000000"},{"stageTimeId":85082,"stageId":1500,"entryId":20666,"elapsedDurationMs":null,"elapsedDuration":null,"status":"DNS","source":"Default","position":null,"diffFirstMs":null,"diffFirst":null,"diffPrevMs":null,"diffPrev":null}]