[{"retirementId":828,"controlId":4716,"entryId":19605,"reason":"PERMANENT","retirementDateTime":"2019-05-10T10:07:00Z","retirementDateTimeLocal":"2019-05-10T06:07:00-04:00","status":"Permanent"},{"retirementId":834,"controlId":4716,"entryId":19607,"reason":"PERMANENT","retirementDateTime":"2019-05-10T10:11:00Z","retirementDateTimeLocal":"2019-05-10T06:11:00-04:00","status":"Permanent"},{"retirementId":836,"controlId":4716,"entryId":19590,"reason":"PERMANENT","retirementDateTime":"2019-05-10T10:12:00Z","retirementDateTimeLocal":"2019-05-10T06:12:00-04:00","status":"Permanent"},{"retirementId":840,"controlId":4716,"entryId":19621,"reason":"PERMANENT","retirementDateTime":"2019-05-10T10:14:00Z","retirementDateTimeLocal":"2019-05-10T06:14:00-04:00","status":"Permanent"},{"retirementId":841,"controlId":4716,"entryId":19616,"reason":"PERMANENT","retirementDateTime":"2019-05-10T10:14:00Z","retirementDateTimeLocal":"2019-05-10T06:14:00-04:00","status":"Permanent"},{"retirementId":809,"controlId":4761,"entryId":19605,"reason":"MECHANICAL","retirementDateTime":"2019-05-10T13:17:00Z","retirementDateTimeLocal":"2019-05-10T09:17:00-04:00","status":"Temporary"},{"retirementId":810,"controlId":4766,"entryId":19587,"reason":"ACCIDENT","retirementDateTime":"2019-05-10T14:49:00Z","retirementDateTimeLocal":"2019-05-10T10:49:00-04:00","status":"Temporary"},{"retirementId":811,"controlId":4766,"entryId":19622,"reason":"MECHANICAL","retirementDateTime":"2019-05-10T14:49:00Z","retirementDateTimeLocal":"2019-05-10T10:49:00-04:00","status":"Temporary"},{"retirementId":812,"controlId":4765,"entryId":19589,"reason":"ACCIDENT","retirementDateTime":"2019-05-10T15:27:00Z","retirementDateTimeLocal":"2019-05-10T11:27:00-04:00","status":"Permanent"},{"retirementId":813,"controlId":4765,"entryId":19593,"reason":"MECHANICAL","retirementDateTime":"2019-05-10T17:31:00Z","retirementDateTimeLocal":"2019-05-10T13:31:00-04:00","status":"Temporary"},{"retirementId":814,"controlId":4765,"entryId":19598,"reason":"MECHANICAL","retirementDateTime":"2019-05-10T17:32:00Z","retirementDateTimeLocal":"2019-05-10T13:32:00-04:00","status":"Temporary"},{"retirementId":815,"controlId":4765,"entryId":19596,"reason":"MECHANICAL","retirementDateTime":"2019-05-10T17:33:00Z","retirementDateTimeLocal":"2019-05-10T13:33:00-04:00","status":"Temporary"},{"retirementId":816,"controlId":4768,"entryId":19607,"reason":"MECHANICAL","retirementDateTime":"2019-05-10T17:33:00Z","retirementDateTimeLocal":"2019-05-10T13:33:00-04:00","status":"Temporary"},{"retirementId":818,"controlId":4768,"entryId":19601,"reason":"MECHANICAL","retirementDateTime":"2019-05-10T17:34:00Z","retirementDateTimeLocal":"2019-05-10T13:34:00-04:00","status":"Temporary"},{"retirementId":819,"controlId":4765,"entryId":19590,"reason":"MECHANICAL","retirementDateTime":"2019-05-10T17:37:00Z","retirementDateTimeLocal":"2019-05-10T13:37:00-04:00","status":"Temporary"},{"retirementId":820,"controlId":4768,"entryId":19619,"reason":"MECHANICAL","retirementDateTime":"2019-05-10T17:42:00Z","retirementDateTimeLocal":"2019-05-10T13:42:00-04:00","status":"Temporary"},{"retirementId":822,"controlId":4768,"entryId":19613,"reason":"MECHANICAL","retirementDateTime":"2019-05-10T18:48:00Z","retirementDateTimeLocal":"2019-05-10T14:48:00-04:00","status":"Permanent"},{"retirementId":823,"controlId":4771,"entryId":19629,"reason":"MECHANICAL","retirementDateTime":"2019-05-10T22:37:00Z","retirementDateTimeLocal":"2019-05-10T18:37:00-04:00","status":"Temporary"},{"retirementId":824,"controlId":4759,"entryId":19604,"reason":"MECHANICAL","retirementDateTime":"2019-05-10T22:37:00Z","retirementDateTimeLocal":"2019-05-10T18:37:00-04:00","status":"Temporary"},{"retirementId":825,"controlId":4771,"entryId":19621,"reason":"MECHANICAL","retirementDateTime":"2019-05-10T22:51:00Z","retirementDateTimeLocal":"2019-05-10T18:51:00-04:00","status":"Temporary"},{"retirementId":826,"controlId":4771,"entryId":19616,"reason":"MECHANICAL","retirementDateTime":"2019-05-10T22:52:00Z","retirementDateTimeLocal":"2019-05-10T18:52:00-04:00","status":"Temporary"},{"retirementId":827,"controlId":4727,"entryId":19617,"reason":"MECHANICAL","retirementDateTime":"2019-05-11T02:13:00Z","retirementDateTimeLocal":"2019-05-10T22:13:00-04:00","status":"Temporary"},{"retirementId":829,"controlId":4715,"entryId":19587,"reason":"REJOINED","retirementDateTime":"2019-05-11T10:08:00Z","retirementDateTimeLocal":"2019-05-11T06:08:00-04:00","status":"Rejoined"},{"retirementId":830,"controlId":4715,"entryId":19622,"reason":"REJOINED","retirementDateTime":"2019-05-11T10:09:00Z","retirementDateTimeLocal":"2019-05-11T06:09:00-04:00","status":"Rejoined"},{"retirementId":831,"controlId":4715,"entryId":19593,"reason":"REJOINED","retirementDateTime":"2019-05-11T10:09:00Z","retirementDateTimeLocal":"2019-05-11T06:09:00-04:00","status":"Rejoined"},{"retirementId":832,"controlId":4715,"entryId":19598,"reason":"REJOINED","retirementDateTime":"2019-05-11T10:10:00Z","retirementDateTimeLocal":"2019-05-11T06:10:00-04:00","status":"Rejoined"},{"retirementId":833,"controlId":4715,"entryId":19596,"reason":"REJOINED","retirementDateTime":"2019-05-11T10:10:00Z","retirementDateTimeLocal":"2019-05-11T06:10:00-04:00","status":"Rejoined"},{"retirementId":835,"controlId":4715,"entryId":19601,"reason":"REJOINED","retirementDateTime":"2019-05-11T10:11:00Z","retirementDateTimeLocal":"2019-05-11T06:11:00-04:00","status":"Rejoined"},{"retirementId":837,"controlId":4715,"entryId":19619,"reason":"REJOINED","retirementDateTime":"2019-05-11T10:12:00Z","retirementDateTimeLocal":"2019-05-11T06:12:00-04:00","status":"Rejoined"},{"retirementId":838,"controlId":4715,"entryId":19604,"reason":"REJOINED","retirementDateTime":"2019-05-11T10:13:00Z","retirementDateTimeLocal":"2019-05-11T06:13:00-04:00","status":"Rejoined"},{"retirementId":839,"controlId":4715,"entryId":19629,"reason":"REJOINED","retirementDateTime":"2019-05-11T10:13:00Z","retirementDateTimeLocal":"2019-05-11T06:13:00-04:00","status":"Rejoined"},{"retirementId":842,"controlId":4715,"entryId":19617,"reason":"REJOINED","retirementDateTime":"2019-05-11T10:15:00Z","retirementDateTimeLocal":"2019-05-11T06:15:00-04:00","status":"Rejoined"},{"retirementId":843,"controlId":4730,"entryId":19604,"reason":"MECHANICAL","retirementDateTime":"2019-05-11T14:06:00Z","retirementDateTimeLocal":"2019-05-11T10:06:00-04:00","status":"Permanent"},{"retirementId":844,"controlId":4709,"entryId":19622,"reason":"MECHANICAL","retirementDateTime":"2019-05-11T14:07:00Z","retirementDateTimeLocal":"2019-05-11T10:07:00-04:00","status":"Permanent"},{"retirementId":845,"controlId":4733,"entryId":19574,"reason":"ACCIDENT","retirementDateTime":"2019-05-11T14:07:00Z","retirementDateTimeLocal":"2019-05-11T10:07:00-04:00","status":"Permanent"},{"retirementId":846,"controlId":4711,"entryId":19615,"reason":"MECHANICAL","retirementDateTime":"2019-05-11T19:26:00Z","retirementDateTimeLocal":"2019-05-11T15:26:00-04:00","status":"Permanent"},{"retirementId":847,"controlId":4737,"entryId":19619,"reason":"MECHANICAL","retirementDateTime":"2019-05-11T19:57:00Z","retirementDateTimeLocal":"2019-05-11T15:57:00-04:00","status":"Permanent"},{"retirementId":848,"controlId":4737,"entryId":19623,"reason":"MECHANICAL","retirementDateTime":"2019-05-11T20:04:00Z","retirementDateTimeLocal":"2019-05-11T16:04:00-04:00","status":"Temporary"},{"retirementId":849,"controlId":4739,"entryId":19596,"reason":"MECHANICAL","retirementDateTime":"2019-05-11T20:26:00Z","retirementDateTimeLocal":"2019-05-11T16:26:00-04:00","status":"Temporary"},{"retirementId":850,"controlId":4745,"entryId":19573,"reason":"MECHANICAL ","retirementDateTime":"2019-05-11T22:49:00Z","retirementDateTimeLocal":"2019-05-11T18:49:00-04:00","status":"Temporary"},{"retirementId":852,"controlId":4746,"entryId":19623,"reason":"REJOINED","retirementDateTime":"2019-05-12T10:46:00Z","retirementDateTimeLocal":"2019-05-12T06:46:00-04:00","status":"Permanent"},{"retirementId":853,"controlId":4707,"entryId":19596,"reason":"REJOINED","retirementDateTime":"2019-05-12T10:47:00Z","retirementDateTimeLocal":"2019-05-12T06:47:00-04:00","status":"Rejoined"},{"retirementId":854,"controlId":4707,"entryId":19573,"reason":"REJOINED","retirementDateTime":"2019-05-12T10:47:00Z","retirementDateTimeLocal":"2019-05-12T06:47:00-04:00","status":"Rejoined"},{"retirementId":855,"controlId":4746,"entryId":19598,"reason":"MECHANICAL","retirementDateTime":"2019-05-12T12:43:00Z","retirementDateTimeLocal":"2019-05-12T08:43:00-04:00","status":"Permanent"},{"retirementId":856,"controlId":4748,"entryId":19606,"reason":"MECHANICAL","retirementDateTime":"2019-05-12T13:57:00Z","retirementDateTimeLocal":"2019-05-12T09:57:00-04:00","status":"Permanent"},{"retirementId":857,"controlId":4751,"entryId":19584,"reason":"MECHANICAL","retirementDateTime":"2019-05-12T15:16:00Z","retirementDateTimeLocal":"2019-05-12T11:16:00-04:00","status":"Permanent"},{"retirementId":858,"controlId":4751,"entryId":19601,"reason":"MECHANICAL","retirementDateTime":"2019-05-12T15:28:00Z","retirementDateTimeLocal":"2019-05-12T11:28:00-04:00","status":"Permanent"},{"retirementId":859,"controlId":4751,"entryId":19629,"reason":"MECHANICAL","retirementDateTime":"2019-05-12T15:32:00Z","retirementDateTimeLocal":"2019-05-12T11:32:00-04:00","status":"Permanent"},{"retirementId":860,"controlId":4752,"entryId":19600,"reason":"MECHANICAL","retirementDateTime":"2019-05-12T16:22:00Z","retirementDateTimeLocal":"2019-05-12T12:22:00-04:00","status":"Permanent"},{"retirementId":861,"controlId":4705,"entryId":19602,"reason":"MECHANICAL","retirementDateTime":"2019-05-12T17:06:00Z","retirementDateTimeLocal":"2019-05-12T13:06:00-04:00","status":"Permanent"}]