[{"startDateTime":"2019-04-27T11:38:00","startDateTimeLocal":"2019-04-27T08:38:00-03:00","stageTimeDurationMs":727100,"stageTimeDuration":"00:12:07.1000000","splitPointTimeId":70065,"splitPointId":2143,"entryId":19542,"elapsedDurationMs":139900,"elapsedDuration":"PT2M19.9S","splitDateTime":"2019-04-27T11:40:19.9","splitDateTimeLocal":"2019-04-27T08:40:19.9-03:00"},{"startDateTime":"2019-04-27T11:41:00","startDateTimeLocal":"2019-04-27T08:41:00-03:00","stageTimeDurationMs":720000,"stageTimeDuration":"00:12:00","splitPointTimeId":70067,"splitPointId":2143,"entryId":19547,"elapsedDurationMs":139600,"elapsedDuration":"PT2M19.6S","splitDateTime":"2019-04-27T11:43:19.6","splitDateTimeLocal":"2019-04-27T08:43:19.6-03:00"},{"startDateTime":"2019-04-27T11:44:00","startDateTimeLocal":"2019-04-27T08:44:00-03:00","stageTimeDurationMs":719400,"stageTimeDuration":"00:11:59.4000000","splitPointTimeId":70070,"splitPointId":2143,"entryId":19545,"elapsedDurationMs":139400,"elapsedDuration":"PT2M19.4S","splitDateTime":"2019-04-27T11:46:19.4","splitDateTimeLocal":"2019-04-27T08:46:19.4-03:00"},{"startDateTime":"2019-04-27T11:47:00","startDateTimeLocal":"2019-04-27T08:47:00-03:00","stageTimeDurationMs":1136100,"stageTimeDuration":"00:18:56.1000000","splitPointTimeId":70076,"splitPointId":2143,"entryId":19549,"elapsedDurationMs":139900,"elapsedDuration":"PT2M19.9S","splitDateTime":"2019-04-27T11:49:19.9","splitDateTimeLocal":"2019-04-27T08:49:19.9-03:00"},{"startDateTime":"2019-04-27T11:50:00","startDateTimeLocal":"2019-04-27T08:50:00-03:00","stageTimeDurationMs":725600,"stageTimeDuration":"00:12:05.6000000","splitPointTimeId":70085,"splitPointId":2143,"entryId":19550,"elapsedDurationMs":140300,"elapsedDuration":"PT2M20.3S","splitDateTime":"2019-04-27T11:52:20.3","splitDateTimeLocal":"2019-04-27T08:52:20.3-03:00"},{"startDateTime":"2019-04-27T11:53:00","startDateTimeLocal":"2019-04-27T08:53:00-03:00","stageTimeDurationMs":718900,"stageTimeDuration":"00:11:58.9000000","splitPointTimeId":70095,"splitPointId":2143,"entryId":19544,"elapsedDurationMs":140400,"elapsedDuration":"PT2M20.4S","splitDateTime":"2019-04-27T11:55:20.4","splitDateTimeLocal":"2019-04-27T08:55:20.4-03:00"},{"startDateTime":"2019-04-27T11:56:00","startDateTimeLocal":"2019-04-27T08:56:00-03:00","stageTimeDurationMs":716100,"stageTimeDuration":"00:11:56.1000000","splitPointTimeId":70103,"splitPointId":2143,"entryId":19546,"elapsedDurationMs":139900,"elapsedDuration":"PT2M19.9S","splitDateTime":"2019-04-27T11:58:19.9","splitDateTimeLocal":"2019-04-27T08:58:19.9-03:00"},{"startDateTime":"2019-04-27T12:00:00","startDateTimeLocal":"2019-04-27T09:00:00-03:00","stageTimeDurationMs":719600,"stageTimeDuration":"00:11:59.6000000","splitPointTimeId":70116,"splitPointId":2143,"entryId":19541,"elapsedDurationMs":139200,"elapsedDuration":"PT2M19.2S","splitDateTime":"2019-04-27T12:02:19.2","splitDateTimeLocal":"2019-04-27T09:02:19.2-03:00"},{"startDateTime":"2019-04-27T12:04:00","startDateTimeLocal":"2019-04-27T09:04:00-03:00","stageTimeDurationMs":718600,"stageTimeDuration":"00:11:58.6000000","splitPointTimeId":70128,"splitPointId":2143,"entryId":19548,"elapsedDurationMs":140400,"elapsedDuration":"PT2M20.4S","splitDateTime":"2019-04-27T12:06:20.4","splitDateTimeLocal":"2019-04-27T09:06:20.4-03:00"},{"startDateTime":"2019-04-27T12:08:00","startDateTimeLocal":"2019-04-27T09:08:00-03:00","stageTimeDurationMs":770200,"stageTimeDuration":"00:12:50.2000000","splitPointTimeId":70136,"splitPointId":2143,"entryId":19552,"elapsedDurationMs":150700,"elapsedDuration":"PT2M30.7S","splitDateTime":"2019-04-27T12:10:30.7","splitDateTimeLocal":"2019-04-27T09:10:30.7-03:00"},{"startDateTime":"2019-04-27T12:12:00","startDateTimeLocal":"2019-04-27T09:12:00-03:00","stageTimeDurationMs":780600,"stageTimeDuration":"00:13:00.6000000","splitPointTimeId":70144,"splitPointId":2143,"entryId":19551,"elapsedDurationMs":151000,"elapsedDuration":"PT2M31S","splitDateTime":"2019-04-27T12:14:31","splitDateTimeLocal":"2019-04-27T09:14:31-03:00"},{"startDateTime":"2019-04-27T12:16:00","startDateTimeLocal":"2019-04-27T09:16:00-03:00","stageTimeDurationMs":790100,"stageTimeDuration":"00:13:10.1000000","splitPointTimeId":70151,"splitPointId":2143,"entryId":19558,"elapsedDurationMs":153500,"elapsedDuration":"PT2M33.5S","splitDateTime":"2019-04-27T12:18:33.5","splitDateTimeLocal":"2019-04-27T09:18:33.5-03:00"},{"startDateTime":"2019-04-27T12:31:00","startDateTimeLocal":"2019-04-27T09:31:00-03:00","stageTimeDurationMs":802500,"stageTimeDuration":"00:13:22.5000000","splitPointTimeId":70161,"splitPointId":2143,"entryId":19561,"elapsedDurationMs":154500,"elapsedDuration":"PT2M34.5S","splitDateTime":"2019-04-27T12:33:34.5","splitDateTimeLocal":"2019-04-27T09:33:34.5-03:00"},{"startDateTime":"2019-04-27T12:33:00","startDateTimeLocal":"2019-04-27T09:33:00-03:00","stageTimeDurationMs":817000,"stageTimeDuration":"00:13:37","splitPointTimeId":70162,"splitPointId":2143,"entryId":19559,"elapsedDurationMs":157600,"elapsedDuration":"PT2M37.6S","splitDateTime":"2019-04-27T12:35:37.6","splitDateTimeLocal":"2019-04-27T09:35:37.6-03:00"},{"startDateTime":"2019-04-27T12:35:00","startDateTimeLocal":"2019-04-27T09:35:00-03:00","stageTimeDurationMs":783300,"stageTimeDuration":"00:13:03.3000000","splitPointTimeId":70165,"splitPointId":2143,"entryId":19554,"elapsedDurationMs":150600,"elapsedDuration":"PT2M30.6S","splitDateTime":"2019-04-27T12:37:30.6","splitDateTimeLocal":"2019-04-27T09:37:30.6-03:00"},{"startDateTime":"2019-04-27T12:37:00","startDateTimeLocal":"2019-04-27T09:37:00-03:00","stageTimeDurationMs":1148600,"stageTimeDuration":"00:19:08.6000000","splitPointTimeId":70167,"splitPointId":2143,"entryId":19557,"elapsedDurationMs":149600,"elapsedDuration":"PT2M29.6S","splitDateTime":"2019-04-27T12:39:29.6","splitDateTimeLocal":"2019-04-27T09:39:29.6-03:00"},{"startDateTime":"2019-04-27T12:39:00","startDateTimeLocal":"2019-04-27T09:39:00-03:00","stageTimeDurationMs":789300,"stageTimeDuration":"00:13:09.3000000","splitPointTimeId":70173,"splitPointId":2143,"entryId":19555,"elapsedDurationMs":152600,"elapsedDuration":"PT2M32.6S","splitDateTime":"2019-04-27T12:41:32.6","splitDateTimeLocal":"2019-04-27T09:41:32.6-03:00"},{"startDateTime":"2019-04-27T12:43:00","startDateTimeLocal":"2019-04-27T09:43:00-03:00","stageTimeDurationMs":1081400,"stageTimeDuration":"00:18:01.4000000","splitPointTimeId":70193,"splitPointId":2143,"entryId":19565,"elapsedDurationMs":217600,"elapsedDuration":"PT3M37.6S","splitDateTime":"2019-04-27T12:46:37.6","splitDateTimeLocal":"2019-04-27T09:46:37.6-03:00"},{"startDateTime":"2019-04-27T12:45:00","startDateTimeLocal":"2019-04-27T09:45:00-03:00","stageTimeDurationMs":1058300,"stageTimeDuration":"00:17:38.3000000","splitPointTimeId":70199,"splitPointId":2143,"entryId":19564,"elapsedDurationMs":209900,"elapsedDuration":"PT3M29.9S","splitDateTime":"2019-04-27T12:48:29.9","splitDateTimeLocal":"2019-04-27T09:48:29.9-03:00"},{"startDateTime":"2019-04-27T12:47:00","startDateTimeLocal":"2019-04-27T09:47:00-03:00","stageTimeDurationMs":1151900,"stageTimeDuration":"00:19:11.9000000","splitPointTimeId":70207,"splitPointId":2143,"entryId":19562,"elapsedDurationMs":231500,"elapsedDuration":"PT3M51.5S","splitDateTime":"2019-04-27T12:50:51.5","splitDateTimeLocal":"2019-04-27T09:50:51.5-03:00"},{"startDateTime":"2019-04-27T12:49:00","startDateTimeLocal":"2019-04-27T09:49:00-03:00","stageTimeDurationMs":1149800,"stageTimeDuration":"00:19:09.8000000","splitPointTimeId":70217,"splitPointId":2143,"entryId":19566,"elapsedDurationMs":233000,"elapsedDuration":"PT3M53S","splitDateTime":"2019-04-27T12:52:53","splitDateTimeLocal":"2019-04-27T09:52:53-03:00"},{"startDateTime":"2019-04-27T11:38:00","startDateTimeLocal":"2019-04-27T08:38:00-03:00","stageTimeDurationMs":727100,"stageTimeDuration":"00:12:07.1000000","splitPointTimeId":70068,"splitPointId":2145,"entryId":19542,"elapsedDurationMs":348900,"elapsedDuration":"PT5M48.9S","splitDateTime":"2019-04-27T11:43:48.9","splitDateTimeLocal":"2019-04-27T08:43:48.9-03:00"},{"startDateTime":"2019-04-27T11:41:00","startDateTimeLocal":"2019-04-27T08:41:00-03:00","stageTimeDurationMs":720000,"stageTimeDuration":"00:12:00","splitPointTimeId":70072,"splitPointId":2145,"entryId":19547,"elapsedDurationMs":345400,"elapsedDuration":"PT5M45.4S","splitDateTime":"2019-04-27T11:46:45.4","splitDateTimeLocal":"2019-04-27T08:46:45.4-03:00"},{"startDateTime":"2019-04-27T11:44:00","startDateTimeLocal":"2019-04-27T08:44:00-03:00","stageTimeDurationMs":719400,"stageTimeDuration":"00:11:59.4000000","splitPointTimeId":70079,"splitPointId":2145,"entryId":19545,"elapsedDurationMs":345100,"elapsedDuration":"PT5M45.1S","splitDateTime":"2019-04-27T11:49:45.1","splitDateTimeLocal":"2019-04-27T08:49:45.1-03:00"},{"startDateTime":"2019-04-27T11:47:00","startDateTimeLocal":"2019-04-27T08:47:00-03:00","stageTimeDurationMs":1136100,"stageTimeDuration":"00:18:56.1000000","splitPointTimeId":70087,"splitPointId":2145,"entryId":19549,"elapsedDurationMs":346700,"elapsedDuration":"PT5M46.7S","splitDateTime":"2019-04-27T11:52:46.7","splitDateTimeLocal":"2019-04-27T08:52:46.7-03:00"},{"startDateTime":"2019-04-27T11:50:00","startDateTimeLocal":"2019-04-27T08:50:00-03:00","stageTimeDurationMs":725600,"stageTimeDuration":"00:12:05.6000000","splitPointTimeId":70096,"splitPointId":2145,"entryId":19550,"elapsedDurationMs":348600,"elapsedDuration":"PT5M48.6S","splitDateTime":"2019-04-27T11:55:48.6","splitDateTimeLocal":"2019-04-27T08:55:48.6-03:00"},{"startDateTime":"2019-04-27T11:53:00","startDateTimeLocal":"2019-04-27T08:53:00-03:00","stageTimeDurationMs":718900,"stageTimeDuration":"00:11:58.9000000","splitPointTimeId":70106,"splitPointId":2145,"entryId":19544,"elapsedDurationMs":346200,"elapsedDuration":"PT5M46.2S","splitDateTime":"2019-04-27T11:58:46.2","splitDateTimeLocal":"2019-04-27T08:58:46.2-03:00"},{"startDateTime":"2019-04-27T11:56:00","startDateTimeLocal":"2019-04-27T08:56:00-03:00","stageTimeDurationMs":716100,"stageTimeDuration":"00:11:56.1000000","splitPointTimeId":70115,"splitPointId":2145,"entryId":19546,"elapsedDurationMs":344100,"elapsedDuration":"PT5M44.1S","splitDateTime":"2019-04-27T12:01:44.1","splitDateTimeLocal":"2019-04-27T09:01:44.1-03:00"},{"startDateTime":"2019-04-27T12:00:00","startDateTimeLocal":"2019-04-27T09:00:00-03:00","stageTimeDurationMs":719600,"stageTimeDuration":"00:11:59.6000000","splitPointTimeId":70126,"splitPointId":2145,"entryId":19541,"elapsedDurationMs":344500,"elapsedDuration":"PT5M44.5S","splitDateTime":"2019-04-27T12:05:44.5","splitDateTimeLocal":"2019-04-27T09:05:44.5-03:00"},{"startDateTime":"2019-04-27T12:04:00","startDateTimeLocal":"2019-04-27T09:04:00-03:00","stageTimeDurationMs":718600,"stageTimeDuration":"00:11:58.6000000","splitPointTimeId":70135,"splitPointId":2145,"entryId":19548,"elapsedDurationMs":346700,"elapsedDuration":"PT5M46.7S","splitDateTime":"2019-04-27T12:09:46.7","splitDateTimeLocal":"2019-04-27T09:09:46.7-03:00"},{"startDateTime":"2019-04-27T12:08:00","startDateTimeLocal":"2019-04-27T09:08:00-03:00","stageTimeDurationMs":770200,"stageTimeDuration":"00:12:50.2000000","splitPointTimeId":70143,"splitPointId":2145,"entryId":19552,"elapsedDurationMs":371200,"elapsedDuration":"PT6M11.2S","splitDateTime":"2019-04-27T12:14:11.2","splitDateTimeLocal":"2019-04-27T09:14:11.2-03:00"},{"startDateTime":"2019-04-27T12:12:00","startDateTimeLocal":"2019-04-27T09:12:00-03:00","stageTimeDurationMs":780600,"stageTimeDuration":"00:13:00.6000000","splitPointTimeId":70149,"splitPointId":2145,"entryId":19551,"elapsedDurationMs":377100,"elapsedDuration":"PT6M17.1S","splitDateTime":"2019-04-27T12:18:17.1","splitDateTimeLocal":"2019-04-27T09:18:17.1-03:00"},{"startDateTime":"2019-04-27T12:16:00","startDateTimeLocal":"2019-04-27T09:16:00-03:00","stageTimeDurationMs":790100,"stageTimeDuration":"00:13:10.1000000","splitPointTimeId":70155,"splitPointId":2145,"entryId":19558,"elapsedDurationMs":380000,"elapsedDuration":"PT6M20S","splitDateTime":"2019-04-27T12:22:20","splitDateTimeLocal":"2019-04-27T09:22:20-03:00"},{"startDateTime":"2019-04-27T12:31:00","startDateTimeLocal":"2019-04-27T09:31:00-03:00","stageTimeDurationMs":802500,"stageTimeDuration":"00:13:22.5000000","splitPointTimeId":70164,"splitPointId":2145,"entryId":19561,"elapsedDurationMs":386700,"elapsedDuration":"PT6M26.7S","splitDateTime":"2019-04-27T12:37:26.7","splitDateTimeLocal":"2019-04-27T09:37:26.7-03:00"},{"startDateTime":"2019-04-27T12:33:00","startDateTimeLocal":"2019-04-27T09:33:00-03:00","stageTimeDurationMs":817000,"stageTimeDuration":"00:13:37","splitPointTimeId":70169,"splitPointId":2145,"entryId":19559,"elapsedDurationMs":393700,"elapsedDuration":"PT6M33.7S","splitDateTime":"2019-04-27T12:39:33.7","splitDateTimeLocal":"2019-04-27T09:39:33.7-03:00"},{"startDateTime":"2019-04-27T12:35:00","startDateTimeLocal":"2019-04-27T09:35:00-03:00","stageTimeDurationMs":783300,"stageTimeDuration":"00:13:03.3000000","splitPointTimeId":70172,"splitPointId":2145,"entryId":19554,"elapsedDurationMs":378000,"elapsedDuration":"PT6M18S","splitDateTime":"2019-04-27T12:41:18","splitDateTimeLocal":"2019-04-27T09:41:18-03:00"},{"startDateTime":"2019-04-27T12:37:00","startDateTimeLocal":"2019-04-27T09:37:00-03:00","stageTimeDurationMs":1148600,"stageTimeDuration":"00:19:08.6000000","splitPointTimeId":70181,"splitPointId":2145,"entryId":19557,"elapsedDurationMs":398300,"elapsedDuration":"PT6M38.3S","splitDateTime":"2019-04-27T12:43:38.3","splitDateTimeLocal":"2019-04-27T09:43:38.3-03:00"},{"startDateTime":"2019-04-27T12:39:00","startDateTimeLocal":"2019-04-27T09:39:00-03:00","stageTimeDurationMs":789300,"stageTimeDuration":"00:13:09.3000000","splitPointTimeId":70188,"splitPointId":2145,"entryId":19555,"elapsedDurationMs":379600,"elapsedDuration":"PT6M19.6S","splitDateTime":"2019-04-27T12:45:19.6","splitDateTimeLocal":"2019-04-27T09:45:19.6-03:00"},{"startDateTime":"2019-04-27T12:43:00","startDateTimeLocal":"2019-04-27T09:43:00-03:00","stageTimeDurationMs":1081400,"stageTimeDuration":"00:18:01.4000000","splitPointTimeId":70212,"splitPointId":2145,"entryId":19565,"elapsedDurationMs":527100,"elapsedDuration":"PT8M47.1S","splitDateTime":"2019-04-27T12:51:47.1","splitDateTimeLocal":"2019-04-27T09:51:47.1-03:00"},{"startDateTime":"2019-04-27T12:45:00","startDateTimeLocal":"2019-04-27T09:45:00-03:00","stageTimeDurationMs":1058300,"stageTimeDuration":"00:17:38.3000000","splitPointTimeId":70220,"splitPointId":2145,"entryId":19564,"elapsedDurationMs":511700,"elapsedDuration":"PT8M31.7S","splitDateTime":"2019-04-27T12:53:31.7","splitDateTimeLocal":"2019-04-27T09:53:31.7-03:00"},{"startDateTime":"2019-04-27T12:47:00","startDateTimeLocal":"2019-04-27T09:47:00-03:00","stageTimeDurationMs":1151900,"stageTimeDuration":"00:19:11.9000000","splitPointTimeId":70234,"splitPointId":2145,"entryId":19562,"elapsedDurationMs":562100,"elapsedDuration":"PT9M22.1S","splitDateTime":"2019-04-27T12:56:22.1","splitDateTimeLocal":"2019-04-27T09:56:22.1-03:00"},{"startDateTime":"2019-04-27T12:49:00","startDateTimeLocal":"2019-04-27T09:49:00-03:00","stageTimeDurationMs":1149800,"stageTimeDuration":"00:19:09.8000000","splitPointTimeId":70244,"splitPointId":2145,"entryId":19566,"elapsedDurationMs":573200,"elapsedDuration":"PT9M33.2S","splitDateTime":"2019-04-27T12:58:33.2","splitDateTimeLocal":"2019-04-27T09:58:33.2-03:00"},{"startDateTime":"2019-04-27T11:38:00","startDateTimeLocal":"2019-04-27T08:38:00-03:00","stageTimeDurationMs":727100,"stageTimeDuration":"00:12:07.1000000","splitPointTimeId":70073,"splitPointId":2146,"entryId":19542,"elapsedDurationMs":592900,"elapsedDuration":"PT9M52.9S","splitDateTime":"2019-04-27T11:47:52.9","splitDateTimeLocal":"2019-04-27T08:47:52.9-03:00"},{"startDateTime":"2019-04-27T11:41:00","startDateTimeLocal":"2019-04-27T08:41:00-03:00","stageTimeDurationMs":720000,"stageTimeDuration":"00:12:00","splitPointTimeId":70081,"splitPointId":2146,"entryId":19547,"elapsedDurationMs":587400,"elapsedDuration":"PT9M47.4S","splitDateTime":"2019-04-27T11:50:47.4","splitDateTimeLocal":"2019-04-27T08:50:47.4-03:00"},{"startDateTime":"2019-04-27T11:44:00","startDateTimeLocal":"2019-04-27T08:44:00-03:00","stageTimeDurationMs":719400,"stageTimeDuration":"00:11:59.4000000","splitPointTimeId":70089,"splitPointId":2146,"entryId":19545,"elapsedDurationMs":587200,"elapsedDuration":"PT9M47.2S","splitDateTime":"2019-04-27T11:53:47.2","splitDateTimeLocal":"2019-04-27T08:53:47.2-03:00"},{"startDateTime":"2019-04-27T11:50:00","startDateTimeLocal":"2019-04-27T08:50:00-03:00","stageTimeDurationMs":725600,"stageTimeDuration":"00:12:05.6000000","splitPointTimeId":70108,"splitPointId":2146,"entryId":19550,"elapsedDurationMs":591300,"elapsedDuration":"PT9M51.3S","splitDateTime":"2019-04-27T11:59:51.3","splitDateTimeLocal":"2019-04-27T08:59:51.3-03:00"},{"startDateTime":"2019-04-27T11:53:00","startDateTimeLocal":"2019-04-27T08:53:00-03:00","stageTimeDurationMs":718900,"stageTimeDuration":"00:11:58.9000000","splitPointTimeId":70118,"splitPointId":2146,"entryId":19544,"elapsedDurationMs":587200,"elapsedDuration":"PT9M47.2S","splitDateTime":"2019-04-27T12:02:47.2","splitDateTimeLocal":"2019-04-27T09:02:47.2-03:00"},{"startDateTime":"2019-04-27T11:56:00","startDateTimeLocal":"2019-04-27T08:56:00-03:00","stageTimeDurationMs":716100,"stageTimeDuration":"00:11:56.1000000","splitPointTimeId":70127,"splitPointId":2146,"entryId":19546,"elapsedDurationMs":584900,"elapsedDuration":"PT9M44.9S","splitDateTime":"2019-04-27T12:05:44.9","splitDateTimeLocal":"2019-04-27T09:05:44.9-03:00"},{"startDateTime":"2019-04-27T12:00:00","startDateTimeLocal":"2019-04-27T09:00:00-03:00","stageTimeDurationMs":719600,"stageTimeDuration":"00:11:59.6000000","splitPointTimeId":70134,"splitPointId":2146,"entryId":19541,"elapsedDurationMs":587800,"elapsedDuration":"PT9M47.8S","splitDateTime":"2019-04-27T12:09:47.8","splitDateTimeLocal":"2019-04-27T09:09:47.8-03:00"},{"startDateTime":"2019-04-27T12:04:00","startDateTimeLocal":"2019-04-27T09:04:00-03:00","stageTimeDurationMs":718600,"stageTimeDuration":"00:11:58.6000000","splitPointTimeId":70142,"splitPointId":2146,"entryId":19548,"elapsedDurationMs":587700,"elapsedDuration":"PT9M47.7S","splitDateTime":"2019-04-27T12:13:47.7","splitDateTimeLocal":"2019-04-27T09:13:47.7-03:00"},{"startDateTime":"2019-04-27T12:08:00","startDateTimeLocal":"2019-04-27T09:08:00-03:00","stageTimeDurationMs":770200,"stageTimeDuration":"00:12:50.2000000","splitPointTimeId":70150,"splitPointId":2146,"entryId":19552,"elapsedDurationMs":628700,"elapsedDuration":"PT10M28.7S","splitDateTime":"2019-04-27T12:18:28.7","splitDateTimeLocal":"2019-04-27T09:18:28.7-03:00"},{"startDateTime":"2019-04-27T12:12:00","startDateTimeLocal":"2019-04-27T09:12:00-03:00","stageTimeDurationMs":780600,"stageTimeDuration":"00:13:00.6000000","splitPointTimeId":70156,"splitPointId":2146,"entryId":19551,"elapsedDurationMs":638400,"elapsedDuration":"PT10M38.4S","splitDateTime":"2019-04-27T12:22:38.4","splitDateTimeLocal":"2019-04-27T09:22:38.4-03:00"},{"startDateTime":"2019-04-27T12:16:00","startDateTimeLocal":"2019-04-27T09:16:00-03:00","stageTimeDurationMs":790100,"stageTimeDuration":"00:13:10.1000000","splitPointTimeId":70159,"splitPointId":2146,"entryId":19558,"elapsedDurationMs":643500,"elapsedDuration":"PT10M43.5S","splitDateTime":"2019-04-27T12:26:43.5","splitDateTimeLocal":"2019-04-27T09:26:43.5-03:00"},{"startDateTime":"2019-04-27T12:31:00","startDateTimeLocal":"2019-04-27T09:31:00-03:00","stageTimeDurationMs":802500,"stageTimeDuration":"00:13:22.5000000","splitPointTimeId":70176,"splitPointId":2146,"entryId":19561,"elapsedDurationMs":653800,"elapsedDuration":"PT10M53.8S","splitDateTime":"2019-04-27T12:41:53.8","splitDateTimeLocal":"2019-04-27T09:41:53.8-03:00"},{"startDateTime":"2019-04-27T12:33:00","startDateTimeLocal":"2019-04-27T09:33:00-03:00","stageTimeDurationMs":817000,"stageTimeDuration":"00:13:37","splitPointTimeId":70184,"splitPointId":2146,"entryId":19559,"elapsedDurationMs":664300,"elapsedDuration":"PT11M4.3S","splitDateTime":"2019-04-27T12:44:04.3","splitDateTimeLocal":"2019-04-27T09:44:04.3-03:00"},{"startDateTime":"2019-04-27T12:35:00","startDateTimeLocal":"2019-04-27T09:35:00-03:00","stageTimeDurationMs":783300,"stageTimeDuration":"00:13:03.3000000","splitPointTimeId":70190,"splitPointId":2146,"entryId":19554,"elapsedDurationMs":637900,"elapsedDuration":"PT10M37.9S","splitDateTime":"2019-04-27T12:45:37.9","splitDateTimeLocal":"2019-04-27T09:45:37.9-03:00"},{"startDateTime":"2019-04-27T12:39:00","startDateTimeLocal":"2019-04-27T09:39:00-03:00","stageTimeDurationMs":789300,"stageTimeDuration":"00:13:09.3000000","splitPointTimeId":70204,"splitPointId":2146,"entryId":19555,"elapsedDurationMs":643800,"elapsedDuration":"PT10M43.8S","splitDateTime":"2019-04-27T12:49:43.8","splitDateTimeLocal":"2019-04-27T09:49:43.8-03:00"},{"startDateTime":"2019-04-27T12:37:00","startDateTimeLocal":"2019-04-27T09:37:00-03:00","stageTimeDurationMs":1148600,"stageTimeDuration":"00:19:08.6000000","splitPointTimeId":70218,"splitPointId":2146,"entryId":19557,"elapsedDurationMs":976600,"elapsedDuration":"PT16M16.6S","splitDateTime":"2019-04-27T12:53:16.6","splitDateTimeLocal":"2019-04-27T09:53:16.6-03:00"},{"startDateTime":"2019-04-27T12:43:00","startDateTimeLocal":"2019-04-27T09:43:00-03:00","stageTimeDurationMs":1081400,"stageTimeDuration":"00:18:01.4000000","splitPointTimeId":70239,"splitPointId":2146,"entryId":19565,"elapsedDurationMs":887900,"elapsedDuration":"PT14M47.9S","splitDateTime":"2019-04-27T12:57:47.9","splitDateTimeLocal":"2019-04-27T09:57:47.9-03:00"},{"startDateTime":"2019-04-27T12:45:00","startDateTimeLocal":"2019-04-27T09:45:00-03:00","stageTimeDurationMs":1058300,"stageTimeDuration":"00:17:38.3000000","splitPointTimeId":70248,"splitPointId":2146,"entryId":19564,"elapsedDurationMs":863700,"elapsedDuration":"PT14M23.7S","splitDateTime":"2019-04-27T12:59:23.7","splitDateTimeLocal":"2019-04-27T09:59:23.7-03:00"},{"startDateTime":"2019-04-27T12:47:00","startDateTimeLocal":"2019-04-27T09:47:00-03:00","stageTimeDurationMs":1151900,"stageTimeDuration":"00:19:11.9000000","splitPointTimeId":70261,"splitPointId":2146,"entryId":19562,"elapsedDurationMs":939600,"elapsedDuration":"PT15M39.6S","splitDateTime":"2019-04-27T13:02:39.6","splitDateTimeLocal":"2019-04-27T10:02:39.6-03:00"},{"startDateTime":"2019-04-27T12:49:00","startDateTimeLocal":"2019-04-27T09:49:00-03:00","stageTimeDurationMs":1149800,"stageTimeDuration":"00:19:09.8000000","splitPointTimeId":70269,"splitPointId":2146,"entryId":19566,"elapsedDurationMs":947400,"elapsedDuration":"PT15M47.4S","splitDateTime":"2019-04-27T13:04:47.4","splitDateTimeLocal":"2019-04-27T10:04:47.4-03:00"},{"startDateTime":"2019-04-27T11:38:00","startDateTimeLocal":"2019-04-27T08:38:00-03:00","stageTimeDurationMs":727100,"stageTimeDuration":"00:12:07.1000000","splitPointTimeId":70078,"splitPointId":2147,"entryId":19542,"elapsedDurationMs":676400,"elapsedDuration":"PT11M16.4S","splitDateTime":"2019-04-27T11:49:16.4","splitDateTimeLocal":"2019-04-27T08:49:16.4-03:00"},{"startDateTime":"2019-04-27T11:41:00","startDateTimeLocal":"2019-04-27T08:41:00-03:00","stageTimeDurationMs":720000,"stageTimeDuration":"00:12:00","splitPointTimeId":70083,"splitPointId":2147,"entryId":19547,"elapsedDurationMs":670400,"elapsedDuration":"PT11M10.4S","splitDateTime":"2019-04-27T11:52:10.4","splitDateTimeLocal":"2019-04-27T08:52:10.4-03:00"},{"startDateTime":"2019-04-27T11:44:00","startDateTimeLocal":"2019-04-27T08:44:00-03:00","stageTimeDurationMs":719400,"stageTimeDuration":"00:11:59.4000000","splitPointTimeId":70093,"splitPointId":2147,"entryId":19545,"elapsedDurationMs":669900,"elapsedDuration":"PT11M9.9S","splitDateTime":"2019-04-27T11:55:09.9","splitDateTimeLocal":"2019-04-27T08:55:09.9-03:00"},{"startDateTime":"2019-04-27T11:50:00","startDateTimeLocal":"2019-04-27T08:50:00-03:00","stageTimeDurationMs":725600,"stageTimeDuration":"00:12:05.6000000","splitPointTimeId":70113,"splitPointId":2147,"entryId":19550,"elapsedDurationMs":675200,"elapsedDuration":"PT11M15.2S","splitDateTime":"2019-04-27T12:01:15.2","splitDateTimeLocal":"2019-04-27T09:01:15.2-03:00"},{"startDateTime":"2019-04-27T11:53:00","startDateTimeLocal":"2019-04-27T08:53:00-03:00","stageTimeDurationMs":718900,"stageTimeDuration":"00:11:58.9000000","splitPointTimeId":70121,"splitPointId":2147,"entryId":19544,"elapsedDurationMs":669500,"elapsedDuration":"PT11M9.5S","splitDateTime":"2019-04-27T12:04:09.5","splitDateTimeLocal":"2019-04-27T09:04:09.5-03:00"},{"startDateTime":"2019-04-27T11:56:00","startDateTimeLocal":"2019-04-27T08:56:00-03:00","stageTimeDurationMs":716100,"stageTimeDuration":"00:11:56.1000000","splitPointTimeId":70129,"splitPointId":2147,"entryId":19546,"elapsedDurationMs":666400,"elapsedDuration":"PT11M6.4S","splitDateTime":"2019-04-27T12:07:06.4","splitDateTimeLocal":"2019-04-27T09:07:06.4-03:00"},{"startDateTime":"2019-04-27T12:00:00","startDateTimeLocal":"2019-04-27T09:00:00-03:00","stageTimeDurationMs":719600,"stageTimeDuration":"00:11:59.6000000","splitPointTimeId":70138,"splitPointId":2147,"entryId":19541,"elapsedDurationMs":670300,"elapsedDuration":"PT11M10.3S","splitDateTime":"2019-04-27T12:11:10.3","splitDateTimeLocal":"2019-04-27T09:11:10.3-03:00"},{"startDateTime":"2019-04-27T12:04:00","startDateTimeLocal":"2019-04-27T09:04:00-03:00","stageTimeDurationMs":718600,"stageTimeDuration":"00:11:58.6000000","splitPointTimeId":70146,"splitPointId":2147,"entryId":19548,"elapsedDurationMs":669900,"elapsedDuration":"PT11M9.9S","splitDateTime":"2019-04-27T12:15:09.9","splitDateTimeLocal":"2019-04-27T09:15:09.9-03:00"},{"startDateTime":"2019-04-27T12:08:00","startDateTimeLocal":"2019-04-27T09:08:00-03:00","stageTimeDurationMs":770200,"stageTimeDuration":"00:12:50.2000000","splitPointTimeId":70152,"splitPointId":2147,"entryId":19552,"elapsedDurationMs":716900,"elapsedDuration":"PT11M56.9S","splitDateTime":"2019-04-27T12:19:56.9","splitDateTimeLocal":"2019-04-27T09:19:56.9-03:00"},{"startDateTime":"2019-04-27T12:12:00","startDateTimeLocal":"2019-04-27T09:12:00-03:00","stageTimeDurationMs":780600,"stageTimeDuration":"00:13:00.6000000","splitPointTimeId":70157,"splitPointId":2147,"entryId":19551,"elapsedDurationMs":727300,"elapsedDuration":"PT12M7.3S","splitDateTime":"2019-04-27T12:24:07.3","splitDateTimeLocal":"2019-04-27T09:24:07.3-03:00"},{"startDateTime":"2019-04-27T12:16:00","startDateTimeLocal":"2019-04-27T09:16:00-03:00","stageTimeDurationMs":790100,"stageTimeDuration":"00:13:10.1000000","splitPointTimeId":70160,"splitPointId":2147,"entryId":19558,"elapsedDurationMs":734900,"elapsedDuration":"PT12M14.9S","splitDateTime":"2019-04-27T12:28:14.9","splitDateTimeLocal":"2019-04-27T09:28:14.9-03:00"},{"startDateTime":"2019-04-27T12:31:00","startDateTimeLocal":"2019-04-27T09:31:00-03:00","stageTimeDurationMs":802500,"stageTimeDuration":"00:13:22.5000000","splitPointTimeId":70179,"splitPointId":2147,"entryId":19561,"elapsedDurationMs":746600,"elapsedDuration":"PT12M26.6S","splitDateTime":"2019-04-27T12:43:26.6","splitDateTimeLocal":"2019-04-27T09:43:26.6-03:00"},{"startDateTime":"2019-04-27T12:33:00","startDateTimeLocal":"2019-04-27T09:33:00-03:00","stageTimeDurationMs":817000,"stageTimeDuration":"00:13:37","splitPointTimeId":70189,"splitPointId":2147,"entryId":19559,"elapsedDurationMs":759200,"elapsedDuration":"PT12M39.2S","splitDateTime":"2019-04-27T12:45:39.2","splitDateTimeLocal":"2019-04-27T09:45:39.2-03:00"},{"startDateTime":"2019-04-27T12:35:00","startDateTimeLocal":"2019-04-27T09:35:00-03:00","stageTimeDurationMs":783300,"stageTimeDuration":"00:13:03.3000000","splitPointTimeId":70194,"splitPointId":2147,"entryId":19554,"elapsedDurationMs":728400,"elapsedDuration":"PT12M8.4S","splitDateTime":"2019-04-27T12:47:08.4","splitDateTimeLocal":"2019-04-27T09:47:08.4-03:00"},{"startDateTime":"2019-04-27T12:39:00","startDateTimeLocal":"2019-04-27T09:39:00-03:00","stageTimeDurationMs":789300,"stageTimeDuration":"00:13:09.3000000","splitPointTimeId":70208,"splitPointId":2147,"entryId":19555,"elapsedDurationMs":735800,"elapsedDuration":"PT12M15.8S","splitDateTime":"2019-04-27T12:51:15.8","splitDateTimeLocal":"2019-04-27T09:51:15.8-03:00"},{"startDateTime":"2019-04-27T12:37:00","startDateTimeLocal":"2019-04-27T09:37:00-03:00","stageTimeDurationMs":1148600,"stageTimeDuration":"00:19:08.6000000","splitPointTimeId":70227,"splitPointId":2147,"entryId":19557,"elapsedDurationMs":1083500,"elapsedDuration":"PT18M3.5S","splitDateTime":"2019-04-27T12:55:03.5","splitDateTimeLocal":"2019-04-27T09:55:03.5-03:00"},{"startDateTime":"2019-04-27T12:43:00","startDateTimeLocal":"2019-04-27T09:43:00-03:00","stageTimeDurationMs":1081400,"stageTimeDuration":"00:18:01.4000000","splitPointTimeId":70249,"splitPointId":2147,"entryId":19565,"elapsedDurationMs":1008300,"elapsedDuration":"PT16M48.3S","splitDateTime":"2019-04-27T12:59:48.3","splitDateTimeLocal":"2019-04-27T09:59:48.3-03:00"},{"startDateTime":"2019-04-27T12:45:00","startDateTimeLocal":"2019-04-27T09:45:00-03:00","stageTimeDurationMs":1058300,"stageTimeDuration":"00:17:38.3000000","splitPointTimeId":70255,"splitPointId":2147,"entryId":19564,"elapsedDurationMs":983800,"elapsedDuration":"PT16M23.8S","splitDateTime":"2019-04-27T13:01:23.8","splitDateTimeLocal":"2019-04-27T10:01:23.8-03:00"},{"startDateTime":"2019-04-27T12:47:00","startDateTimeLocal":"2019-04-27T09:47:00-03:00","stageTimeDurationMs":1151900,"stageTimeDuration":"00:19:11.9000000","splitPointTimeId":70270,"splitPointId":2147,"entryId":19562,"elapsedDurationMs":1069000,"elapsedDuration":"PT17M49S","splitDateTime":"2019-04-27T13:04:49","splitDateTimeLocal":"2019-04-27T10:04:49-03:00"},{"startDateTime":"2019-04-27T12:49:00","startDateTimeLocal":"2019-04-27T09:49:00-03:00","stageTimeDurationMs":1149800,"stageTimeDuration":"00:19:09.8000000","splitPointTimeId":70278,"splitPointId":2147,"entryId":19566,"elapsedDurationMs":1073600,"elapsedDuration":"PT17M53.6S","splitDateTime":"2019-04-27T13:06:53.6","splitDateTimeLocal":"2019-04-27T10:06:53.6-03:00"},{"startDateTime":"2019-04-27T11:47:00","startDateTimeLocal":"2019-04-27T08:47:00-03:00","stageTimeDurationMs":1136100,"stageTimeDuration":"00:18:56.1000000","splitPointTimeId":70409,"splitPointId":2147,"entryId":19549,"elapsedDurationMs":12450400,"elapsedDuration":"PT3H27M30.4S","splitDateTime":"2019-04-27T15:14:30.4","splitDateTimeLocal":"2019-04-27T12:14:30.4-03:00"},{"startDateTime":"2019-04-27T11:38:00","startDateTimeLocal":"2019-04-27T08:38:00-03:00","stageTimeDurationMs":727100,"stageTimeDuration":"00:12:07.1000000","splitPointTimeId":70066,"splitPointId":2148,"entryId":19542,"elapsedDurationMs":259400,"elapsedDuration":"PT4M19.4S","splitDateTime":"2019-04-27T11:42:19.4","splitDateTimeLocal":"2019-04-27T08:42:19.4-03:00"},{"startDateTime":"2019-04-27T11:41:00","startDateTimeLocal":"2019-04-27T08:41:00-03:00","stageTimeDurationMs":720000,"stageTimeDuration":"00:12:00","splitPointTimeId":70069,"splitPointId":2148,"entryId":19547,"elapsedDurationMs":257600,"elapsedDuration":"PT4M17.6S","splitDateTime":"2019-04-27T11:45:17.6","splitDateTimeLocal":"2019-04-27T08:45:17.6-03:00"},{"startDateTime":"2019-04-27T11:44:00","startDateTimeLocal":"2019-04-27T08:44:00-03:00","stageTimeDurationMs":719400,"stageTimeDuration":"00:11:59.4000000","splitPointTimeId":70074,"splitPointId":2148,"entryId":19545,"elapsedDurationMs":257600,"elapsedDuration":"PT4M17.6S","splitDateTime":"2019-04-27T11:48:17.6","splitDateTimeLocal":"2019-04-27T08:48:17.6-03:00"},{"startDateTime":"2019-04-27T11:47:00","startDateTimeLocal":"2019-04-27T08:47:00-03:00","stageTimeDurationMs":1136100,"stageTimeDuration":"00:18:56.1000000","splitPointTimeId":70082,"splitPointId":2148,"entryId":19549,"elapsedDurationMs":258400,"elapsedDuration":"PT4M18.4S","splitDateTime":"2019-04-27T11:51:18.4","splitDateTimeLocal":"2019-04-27T08:51:18.4-03:00"},{"startDateTime":"2019-04-27T11:50:00","startDateTimeLocal":"2019-04-27T08:50:00-03:00","stageTimeDurationMs":725600,"stageTimeDuration":"00:12:05.6000000","splitPointTimeId":70092,"splitPointId":2148,"entryId":19550,"elapsedDurationMs":259300,"elapsedDuration":"PT4M19.3S","splitDateTime":"2019-04-27T11:54:19.3","splitDateTimeLocal":"2019-04-27T08:54:19.3-03:00"},{"startDateTime":"2019-04-27T11:53:00","startDateTimeLocal":"2019-04-27T08:53:00-03:00","stageTimeDurationMs":718900,"stageTimeDuration":"00:11:58.9000000","splitPointTimeId":70101,"splitPointId":2148,"entryId":19544,"elapsedDurationMs":259000,"elapsedDuration":"PT4M19S","splitDateTime":"2019-04-27T11:57:19","splitDateTimeLocal":"2019-04-27T08:57:19-03:00"},{"startDateTime":"2019-04-27T11:56:00","startDateTimeLocal":"2019-04-27T08:56:00-03:00","stageTimeDurationMs":716100,"stageTimeDuration":"00:11:56.1000000","splitPointTimeId":70109,"splitPointId":2148,"entryId":19546,"elapsedDurationMs":256500,"elapsedDuration":"PT4M16.5S","splitDateTime":"2019-04-27T12:00:16.5","splitDateTimeLocal":"2019-04-27T09:00:16.5-03:00"},{"startDateTime":"2019-04-27T12:00:00","startDateTimeLocal":"2019-04-27T09:00:00-03:00","stageTimeDurationMs":719600,"stageTimeDuration":"00:11:59.6000000","splitPointTimeId":70123,"splitPointId":2148,"entryId":19541,"elapsedDurationMs":256700,"elapsedDuration":"PT4M16.7S","splitDateTime":"2019-04-27T12:04:16.7","splitDateTimeLocal":"2019-04-27T09:04:16.7-03:00"},{"startDateTime":"2019-04-27T12:04:00","startDateTimeLocal":"2019-04-27T09:04:00-03:00","stageTimeDurationMs":718600,"stageTimeDuration":"00:11:58.6000000","splitPointTimeId":70132,"splitPointId":2148,"entryId":19548,"elapsedDurationMs":259000,"elapsedDuration":"PT4M19S","splitDateTime":"2019-04-27T12:08:19","splitDateTimeLocal":"2019-04-27T09:08:19-03:00"},{"startDateTime":"2019-04-27T12:08:00","startDateTimeLocal":"2019-04-27T09:08:00-03:00","stageTimeDurationMs":770200,"stageTimeDuration":"00:12:50.2000000","splitPointTimeId":70140,"splitPointId":2148,"entryId":19552,"elapsedDurationMs":277700,"elapsedDuration":"PT4M37.7S","splitDateTime":"2019-04-27T12:12:37.7","splitDateTimeLocal":"2019-04-27T09:12:37.7-03:00"},{"startDateTime":"2019-04-27T12:12:00","startDateTimeLocal":"2019-04-27T09:12:00-03:00","stageTimeDurationMs":780600,"stageTimeDuration":"00:13:00.6000000","splitPointTimeId":70147,"splitPointId":2148,"entryId":19551,"elapsedDurationMs":279000,"elapsedDuration":"PT4M39S","splitDateTime":"2019-04-27T12:16:39","splitDateTimeLocal":"2019-04-27T09:16:39-03:00"},{"startDateTime":"2019-04-27T12:16:00","startDateTimeLocal":"2019-04-27T09:16:00-03:00","stageTimeDurationMs":790100,"stageTimeDuration":"00:13:10.1000000","splitPointTimeId":70153,"splitPointId":2148,"entryId":19558,"elapsedDurationMs":283200,"elapsedDuration":"PT4M43.2S","splitDateTime":"2019-04-27T12:20:43.2","splitDateTimeLocal":"2019-04-27T09:20:43.2-03:00"},{"startDateTime":"2019-04-27T12:31:00","startDateTimeLocal":"2019-04-27T09:31:00-03:00","stageTimeDurationMs":802500,"stageTimeDuration":"00:13:22.5000000","splitPointTimeId":70163,"splitPointId":2148,"entryId":19561,"elapsedDurationMs":286500,"elapsedDuration":"PT4M46.5S","splitDateTime":"2019-04-27T12:35:46.5","splitDateTimeLocal":"2019-04-27T09:35:46.5-03:00"},{"startDateTime":"2019-04-27T12:33:00","startDateTimeLocal":"2019-04-27T09:33:00-03:00","stageTimeDurationMs":817000,"stageTimeDuration":"00:13:37","splitPointTimeId":70166,"splitPointId":2148,"entryId":19559,"elapsedDurationMs":291200,"elapsedDuration":"PT4M51.2S","splitDateTime":"2019-04-27T12:37:51.2","splitDateTimeLocal":"2019-04-27T09:37:51.2-03:00"},{"startDateTime":"2019-04-27T12:35:00","startDateTimeLocal":"2019-04-27T09:35:00-03:00","stageTimeDurationMs":783300,"stageTimeDuration":"00:13:03.3000000","splitPointTimeId":70170,"splitPointId":2148,"entryId":19554,"elapsedDurationMs":280000,"elapsedDuration":"PT4M40S","splitDateTime":"2019-04-27T12:39:40","splitDateTimeLocal":"2019-04-27T09:39:40-03:00"},{"startDateTime":"2019-04-27T12:37:00","startDateTimeLocal":"2019-04-27T09:37:00-03:00","stageTimeDurationMs":1148600,"stageTimeDuration":"00:19:08.6000000","splitPointTimeId":70174,"splitPointId":2148,"entryId":19557,"elapsedDurationMs":277700,"elapsedDuration":"PT4M37.7S","splitDateTime":"2019-04-27T12:41:37.7","splitDateTimeLocal":"2019-04-27T09:41:37.7-03:00"},{"startDateTime":"2019-04-27T12:39:00","startDateTimeLocal":"2019-04-27T09:39:00-03:00","stageTimeDurationMs":789300,"stageTimeDuration":"00:13:09.3000000","splitPointTimeId":70182,"splitPointId":2148,"entryId":19555,"elapsedDurationMs":283300,"elapsedDuration":"PT4M43.3S","splitDateTime":"2019-04-27T12:43:43.3","splitDateTimeLocal":"2019-04-27T09:43:43.3-03:00"},{"startDateTime":"2019-04-27T12:43:00","startDateTimeLocal":"2019-04-27T09:43:00-03:00","stageTimeDurationMs":1081400,"stageTimeDuration":"00:18:01.4000000","splitPointTimeId":70201,"splitPointId":2148,"entryId":19565,"elapsedDurationMs":396300,"elapsedDuration":"PT6M36.3S","splitDateTime":"2019-04-27T12:49:36.3","splitDateTimeLocal":"2019-04-27T09:49:36.3-03:00"},{"startDateTime":"2019-04-27T12:45:00","startDateTimeLocal":"2019-04-27T09:45:00-03:00","stageTimeDurationMs":1058300,"stageTimeDuration":"00:17:38.3000000","splitPointTimeId":70210,"splitPointId":2148,"entryId":19564,"elapsedDurationMs":382900,"elapsedDuration":"PT6M22.9S","splitDateTime":"2019-04-27T12:51:22.9","splitDateTimeLocal":"2019-04-27T09:51:22.9-03:00"},{"startDateTime":"2019-04-27T12:47:00","startDateTimeLocal":"2019-04-27T09:47:00-03:00","stageTimeDurationMs":1151900,"stageTimeDuration":"00:19:11.9000000","splitPointTimeId":70222,"splitPointId":2148,"entryId":19562,"elapsedDurationMs":420900,"elapsedDuration":"PT7M0.9S","splitDateTime":"2019-04-27T12:54:00.9","splitDateTimeLocal":"2019-04-27T09:54:00.9-03:00"},{"startDateTime":"2019-04-27T12:49:00","startDateTimeLocal":"2019-04-27T09:49:00-03:00","stageTimeDurationMs":1149800,"stageTimeDuration":"00:19:09.8000000","splitPointTimeId":70231,"splitPointId":2148,"entryId":19566,"elapsedDurationMs":429500,"elapsedDuration":"PT7M9.5S","splitDateTime":"2019-04-27T12:56:09.5","splitDateTimeLocal":"2019-04-27T09:56:09.5-03:00"},{"startDateTime":"2019-04-27T11:38:00","startDateTimeLocal":"2019-04-27T08:38:00-03:00","stageTimeDurationMs":727100,"stageTimeDuration":"00:12:07.1000000","splitPointTimeId":70071,"splitPointId":2150,"entryId":19542,"elapsedDurationMs":500900,"elapsedDuration":"PT8M20.9S","splitDateTime":"2019-04-27T11:46:20.9","splitDateTimeLocal":"2019-04-27T08:46:20.9-03:00"},{"startDateTime":"2019-04-27T11:41:00","startDateTimeLocal":"2019-04-27T08:41:00-03:00","stageTimeDurationMs":720000,"stageTimeDuration":"00:12:00","splitPointTimeId":70077,"splitPointId":2150,"entryId":19547,"elapsedDurationMs":495800,"elapsedDuration":"PT8M15.8S","splitDateTime":"2019-04-27T11:49:15.8","splitDateTimeLocal":"2019-04-27T08:49:15.8-03:00"},{"startDateTime":"2019-04-27T11:44:00","startDateTimeLocal":"2019-04-27T08:44:00-03:00","stageTimeDurationMs":719400,"stageTimeDuration":"00:11:59.4000000","splitPointTimeId":70084,"splitPointId":2150,"entryId":19545,"elapsedDurationMs":495300,"elapsedDuration":"PT8M15.3S","splitDateTime":"2019-04-27T11:52:15.3","splitDateTimeLocal":"2019-04-27T08:52:15.3-03:00"},{"startDateTime":"2019-04-27T11:47:00","startDateTimeLocal":"2019-04-27T08:47:00-03:00","stageTimeDurationMs":1136100,"stageTimeDuration":"00:18:56.1000000","splitPointTimeId":70094,"splitPointId":2150,"entryId":19549,"elapsedDurationMs":497900,"elapsedDuration":"PT8M17.9S","splitDateTime":"2019-04-27T11:55:17.9","splitDateTimeLocal":"2019-04-27T08:55:17.9-03:00"},{"startDateTime":"2019-04-27T11:50:00","startDateTimeLocal":"2019-04-27T08:50:00-03:00","stageTimeDurationMs":725600,"stageTimeDuration":"00:12:05.6000000","splitPointTimeId":70104,"splitPointId":2150,"entryId":19550,"elapsedDurationMs":498900,"elapsedDuration":"PT8M18.9S","splitDateTime":"2019-04-27T11:58:18.9","splitDateTimeLocal":"2019-04-27T08:58:18.9-03:00"},{"startDateTime":"2019-04-27T11:53:00","startDateTimeLocal":"2019-04-27T08:53:00-03:00","stageTimeDurationMs":718900,"stageTimeDuration":"00:11:58.9000000","splitPointTimeId":70114,"splitPointId":2150,"entryId":19544,"elapsedDurationMs":495900,"elapsedDuration":"PT8M15.9S","splitDateTime":"2019-04-27T12:01:15.9","splitDateTimeLocal":"2019-04-27T09:01:15.9-03:00"},{"startDateTime":"2019-04-27T11:56:00","startDateTimeLocal":"2019-04-27T08:56:00-03:00","stageTimeDurationMs":716100,"stageTimeDuration":"00:11:56.1000000","splitPointTimeId":70122,"splitPointId":2150,"entryId":19546,"elapsedDurationMs":493800,"elapsedDuration":"PT8M13.8S","splitDateTime":"2019-04-27T12:04:13.8","splitDateTimeLocal":"2019-04-27T09:04:13.8-03:00"},{"startDateTime":"2019-04-27T12:00:00","startDateTimeLocal":"2019-04-27T09:00:00-03:00","stageTimeDurationMs":719600,"stageTimeDuration":"00:11:59.6000000","splitPointTimeId":70131,"splitPointId":2150,"entryId":19541,"elapsedDurationMs":495000,"elapsedDuration":"PT8M15S","splitDateTime":"2019-04-27T12:08:15","splitDateTimeLocal":"2019-04-27T09:08:15-03:00"},{"startDateTime":"2019-04-27T12:04:00","startDateTimeLocal":"2019-04-27T09:04:00-03:00","stageTimeDurationMs":718600,"stageTimeDuration":"00:11:58.6000000","splitPointTimeId":70139,"splitPointId":2150,"entryId":19548,"elapsedDurationMs":496500,"elapsedDuration":"PT8M16.5S","splitDateTime":"2019-04-27T12:12:16.5","splitDateTimeLocal":"2019-04-27T09:12:16.5-03:00"},{"startDateTime":"2019-04-27T12:08:00","startDateTimeLocal":"2019-04-27T09:08:00-03:00","stageTimeDurationMs":770200,"stageTimeDuration":"00:12:50.2000000","splitPointTimeId":70148,"splitPointId":2150,"entryId":19552,"elapsedDurationMs":531800,"elapsedDuration":"PT8M51.8S","splitDateTime":"2019-04-27T12:16:51.8","splitDateTimeLocal":"2019-04-27T09:16:51.8-03:00"},{"startDateTime":"2019-04-27T12:12:00","startDateTimeLocal":"2019-04-27T09:12:00-03:00","stageTimeDurationMs":780600,"stageTimeDuration":"00:13:00.6000000","splitPointTimeId":70154,"splitPointId":2150,"entryId":19551,"elapsedDurationMs":539900,"elapsedDuration":"PT8M59.9S","splitDateTime":"2019-04-27T12:20:59.9","splitDateTimeLocal":"2019-04-27T09:20:59.9-03:00"},{"startDateTime":"2019-04-27T12:16:00","startDateTimeLocal":"2019-04-27T09:16:00-03:00","stageTimeDurationMs":790100,"stageTimeDuration":"00:13:10.1000000","splitPointTimeId":70158,"splitPointId":2150,"entryId":19558,"elapsedDurationMs":542900,"elapsedDuration":"PT9M2.9S","splitDateTime":"2019-04-27T12:25:02.9","splitDateTimeLocal":"2019-04-27T09:25:02.9-03:00"},{"startDateTime":"2019-04-27T12:31:00","startDateTimeLocal":"2019-04-27T09:31:00-03:00","stageTimeDurationMs":802500,"stageTimeDuration":"00:13:22.5000000","splitPointTimeId":70171,"splitPointId":2150,"entryId":19561,"elapsedDurationMs":552100,"elapsedDuration":"PT9M12.1S","splitDateTime":"2019-04-27T12:40:12.1","splitDateTimeLocal":"2019-04-27T09:40:12.1-03:00"},{"startDateTime":"2019-04-27T12:33:00","startDateTimeLocal":"2019-04-27T09:33:00-03:00","stageTimeDurationMs":817000,"stageTimeDuration":"00:13:37","splitPointTimeId":70177,"splitPointId":2150,"entryId":19559,"elapsedDurationMs":561800,"elapsedDuration":"PT9M21.8S","splitDateTime":"2019-04-27T12:42:21.8","splitDateTimeLocal":"2019-04-27T09:42:21.8-03:00"},{"startDateTime":"2019-04-27T12:35:00","startDateTimeLocal":"2019-04-27T09:35:00-03:00","stageTimeDurationMs":783300,"stageTimeDuration":"00:13:03.3000000","splitPointTimeId":70183,"splitPointId":2150,"entryId":19554,"elapsedDurationMs":539000,"elapsedDuration":"PT8M59S","splitDateTime":"2019-04-27T12:43:59","splitDateTimeLocal":"2019-04-27T09:43:59-03:00"},{"startDateTime":"2019-04-27T12:39:00","startDateTimeLocal":"2019-04-27T09:39:00-03:00","stageTimeDurationMs":789300,"stageTimeDuration":"00:13:09.3000000","splitPointTimeId":70197,"splitPointId":2150,"entryId":19555,"elapsedDurationMs":543800,"elapsedDuration":"PT9M3.8S","splitDateTime":"2019-04-27T12:48:03.8","splitDateTimeLocal":"2019-04-27T09:48:03.8-03:00"},{"startDateTime":"2019-04-27T12:37:00","startDateTimeLocal":"2019-04-27T09:37:00-03:00","stageTimeDurationMs":1148600,"stageTimeDuration":"00:19:08.6000000","splitPointTimeId":70209,"splitPointId":2150,"entryId":19557,"elapsedDurationMs":858400,"elapsedDuration":"PT14M18.4S","splitDateTime":"2019-04-27T12:51:18.4","splitDateTimeLocal":"2019-04-27T09:51:18.4-03:00"},{"startDateTime":"2019-04-27T12:43:00","startDateTimeLocal":"2019-04-27T09:43:00-03:00","stageTimeDurationMs":1081400,"stageTimeDuration":"00:18:01.4000000","splitPointTimeId":70229,"splitPointId":2150,"entryId":19565,"elapsedDurationMs":755600,"elapsedDuration":"PT12M35.6S","splitDateTime":"2019-04-27T12:55:35.6","splitDateTimeLocal":"2019-04-27T09:55:35.6-03:00"},{"startDateTime":"2019-04-27T12:45:00","startDateTimeLocal":"2019-04-27T09:45:00-03:00","stageTimeDurationMs":1058300,"stageTimeDuration":"00:17:38.3000000","splitPointTimeId":70236,"splitPointId":2150,"entryId":19564,"elapsedDurationMs":734300,"elapsedDuration":"PT12M14.3S","splitDateTime":"2019-04-27T12:57:14.3","splitDateTimeLocal":"2019-04-27T09:57:14.3-03:00"},{"startDateTime":"2019-04-27T12:47:00","startDateTimeLocal":"2019-04-27T09:47:00-03:00","stageTimeDurationMs":1151900,"stageTimeDuration":"00:19:11.9000000","splitPointTimeId":70250,"splitPointId":2150,"entryId":19562,"elapsedDurationMs":798800,"elapsedDuration":"PT13M18.8S","splitDateTime":"2019-04-27T13:00:18.8","splitDateTimeLocal":"2019-04-27T10:00:18.8-03:00"},{"startDateTime":"2019-04-27T12:49:00","startDateTimeLocal":"2019-04-27T09:49:00-03:00","stageTimeDurationMs":1149800,"stageTimeDuration":"00:19:09.8000000","splitPointTimeId":70260,"splitPointId":2150,"entryId":19566,"elapsedDurationMs":810500,"elapsedDuration":"PT13M30.5S","splitDateTime":"2019-04-27T13:02:30.5","splitDateTimeLocal":"2019-04-27T10:02:30.5-03:00"}]