{"splitPoints":[{"splitPointId":2112,"stageId":1070,"number":3,"distance":11.33},{"splitPointId":2113,"stageId":1070,"number":4,"distance":15.34},{"splitPointId":2114,"stageId":1070,"number":1,"distance":3.78},{"splitPointId":2115,"stageId":1070,"number":6,"distance":23.65},{"splitPointId":2116,"stageId":1070,"number":5,"distance":20.56},{"splitPointId":2117,"stageId":1070,"number":2,"distance":7.44},{"splitPointId":2118,"stageId":1070,"number":7,"distance":27.41}],"controls":[{"controlId":4548,"eventId":82,"stageId":1070,"type":"TimeControl","code":"TC3","location":"Amboy","timingPrecision":"Minute","distance":19.53,"targetDuration":"00:44:00","targetDurationMs":2640000,"firstCarDueDateTime":"2019-04-26T11:52:00","firstCarDueDateTimeLocal":"2019-04-26T08:52:00-03:00","status":"Completed","controlPenalties":"All","roundingPolicy":"NoRounding","locked":false},{"controlId":4549,"eventId":82,"stageId":1070,"type":"StageStart","code":"SS3","location":"AMBOY - YACANTO (I)","timingPrecision":"Minute","distance":29.85,"targetDuration":"00:48:00","targetDurationMs":2880000,"firstCarDueDateTime":"2019-04-26T12:40:00","firstCarDueDateTimeLocal":"2019-04-26T09:40:00-03:00","status":"Cancelled","controlPenalties":"None","roundingPolicy":"RoundToClosestMinute","locked":false},{"controlId":4550,"eventId":82,"stageId":1070,"type":"FlyingFinish","code":"SF3","location":"AMBOY - YACANTO (I)","timingPrecision":"Tenth","distance":null,"targetDuration":null,"targetDurationMs":null,"firstCarDueDateTime":null,"firstCarDueDateTimeLocal":null,"status":"Cancelled","controlPenalties":"None","roundingPolicy":"NoRounding","locked":false}],"stageId":1070,"eventId":82,"number":3,"name":"AMBOY - YACANTO (I)","distance":29.85,"status":"Cancelled","stageType":"SpecialStage","timingPrecision":"Tenth","locked":false,"code":"SS3"}