{"splitPoints":[{"splitPointId":1976,"stageId":941,"number":2,"distance":12.09},{"splitPointId":1977,"stageId":941,"number":1,"distance":6.49},{"splitPointId":1978,"stageId":941,"number":3,"distance":18.44},{"splitPointId":1980,"stageId":941,"number":4,"distance":26.37},{"splitPointId":1981,"stageId":941,"number":5,"distance":30.27}],"controls":[{"controlId":3912,"eventId":80,"stageId":941,"type":"StageStart","code":"SS11","location":"Otates 1","timingPrecision":"Minute","distance":32.27,"targetDuration":"00:03:00","targetDurationMs":180000,"firstCarDueDateTime":"2019-03-09T16:06:00","firstCarDueDateTimeLocal":"2019-03-09T10:06:00-06:00","status":"Completed","controlPenalties":"None","roundingPolicy":"RoundToClosestMinute","locked":false},{"controlId":3913,"eventId":80,"stageId":941,"type":"FlyingFinish","code":"SF11","location":"Otates 1","timingPrecision":"Tenth","distance":null,"targetDuration":null,"targetDurationMs":null,"firstCarDueDateTime":null,"firstCarDueDateTimeLocal":null,"status":"Completed","controlPenalties":"None","roundingPolicy":"NoRounding","locked":false},{"controlId":3941,"eventId":80,"stageId":941,"type":"TimeControl","code":"TC11","location":"Sauz Seco","timingPrecision":"Minute","distance":36.2,"targetDuration":"01:40:00","targetDurationMs":6000000,"firstCarDueDateTime":"2019-03-09T16:03:00","firstCarDueDateTimeLocal":"2019-03-09T10:03:00-06:00","status":"Completed","controlPenalties":"All","roundingPolicy":"NoRounding","locked":false}],"stageId":941,"eventId":80,"number":11,"name":"Otates 1","distance":32.27,"status":"Completed","stageType":"SpecialStage","timingPrecision":"Tenth","locked":false,"code":"SS11"}