[{"startDateTime":"2019-08-24T07:15:00","startDateTimeLocal":"2019-08-24T09:15:00+02:00","stageTimeDurationMs":359200,"stageTimeDuration":"00:05:59.2000000","splitPointTimeId":88399,"splitPointId":2750,"entryId":20118,"elapsedDurationMs":103200,"elapsedDuration":"PT1M43.2S","splitDateTime":"2019-08-24T07:16:43.2","splitDateTimeLocal":"2019-08-24T09:16:43.2+02:00"},{"startDateTime":"2019-08-24T07:17:00","startDateTimeLocal":"2019-08-24T09:17:00+02:00","stageTimeDurationMs":375900,"stageTimeDuration":"00:06:15.9000000","splitPointTimeId":88406,"splitPointId":2750,"entryId":20125,"elapsedDurationMs":107200,"elapsedDuration":"PT1M47.2S","splitDateTime":"2019-08-24T07:18:47.2","splitDateTimeLocal":"2019-08-24T09:18:47.2+02:00"},{"startDateTime":"2019-08-24T07:19:00","startDateTimeLocal":"2019-08-24T09:19:00+02:00","stageTimeDurationMs":359300,"stageTimeDuration":"00:05:59.3000000","splitPointTimeId":88411,"splitPointId":2750,"entryId":20121,"elapsedDurationMs":102200,"elapsedDuration":"PT1M42.2S","splitDateTime":"2019-08-24T07:20:42.2","splitDateTimeLocal":"2019-08-24T09:20:42.2+02:00"},{"startDateTime":"2019-08-24T07:23:00","startDateTimeLocal":"2019-08-24T09:23:00+02:00","stageTimeDurationMs":357900,"stageTimeDuration":"00:05:57.9000000","splitPointTimeId":88417,"splitPointId":2750,"entryId":20119,"elapsedDurationMs":102700,"elapsedDuration":"PT1M42.7S","splitDateTime":"2019-08-24T07:24:42.7","splitDateTimeLocal":"2019-08-24T09:24:42.7+02:00"},{"startDateTime":"2019-08-24T07:25:00","startDateTimeLocal":"2019-08-24T09:25:00+02:00","stageTimeDurationMs":365900,"stageTimeDuration":"00:06:05.9000000","splitPointTimeId":88419,"splitPointId":2750,"entryId":20126,"elapsedDurationMs":104700,"elapsedDuration":"PT1M44.7S","splitDateTime":"2019-08-24T07:26:44.7","splitDateTimeLocal":"2019-08-24T09:26:44.7+02:00"},{"startDateTime":"2019-08-24T07:27:00","startDateTimeLocal":"2019-08-24T09:27:00+02:00","stageTimeDurationMs":361700,"stageTimeDuration":"00:06:01.7000000","splitPointTimeId":88421,"splitPointId":2750,"entryId":20127,"elapsedDurationMs":103200,"elapsedDuration":"PT1M43.2S","splitDateTime":"2019-08-24T07:28:43.2","splitDateTimeLocal":"2019-08-24T09:28:43.2+02:00"},{"startDateTime":"2019-08-24T07:29:00","startDateTimeLocal":"2019-08-24T09:29:00+02:00","stageTimeDurationMs":360500,"stageTimeDuration":"00:06:00.5000000","splitPointTimeId":88423,"splitPointId":2750,"entryId":20123,"elapsedDurationMs":103200,"elapsedDuration":"PT1M43.2S","splitDateTime":"2019-08-24T07:30:43.2","splitDateTimeLocal":"2019-08-24T09:30:43.2+02:00"},{"startDateTime":"2019-08-24T07:31:00","startDateTimeLocal":"2019-08-24T09:31:00+02:00","stageTimeDurationMs":360600,"stageTimeDuration":"00:06:00.6000000","splitPointTimeId":88425,"splitPointId":2750,"entryId":20120,"elapsedDurationMs":103800,"elapsedDuration":"PT1M43.8S","splitDateTime":"2019-08-24T07:32:43.8","splitDateTimeLocal":"2019-08-24T09:32:43.8+02:00"},{"startDateTime":"2019-08-24T07:33:00","startDateTimeLocal":"2019-08-24T09:33:00+02:00","stageTimeDurationMs":359800,"stageTimeDuration":"00:05:59.8000000","splitPointTimeId":88427,"splitPointId":2750,"entryId":20117,"elapsedDurationMs":103300,"elapsedDuration":"PT1M43.3S","splitDateTime":"2019-08-24T07:34:43.3","splitDateTimeLocal":"2019-08-24T09:34:43.3+02:00"},{"startDateTime":"2019-08-24T07:35:00","startDateTimeLocal":"2019-08-24T09:35:00+02:00","stageTimeDurationMs":362600,"stageTimeDuration":"00:06:02.6000000","splitPointTimeId":88429,"splitPointId":2750,"entryId":20124,"elapsedDurationMs":103200,"elapsedDuration":"PT1M43.2S","splitDateTime":"2019-08-24T07:36:43.2","splitDateTimeLocal":"2019-08-24T09:36:43.2+02:00"},{"startDateTime":"2019-08-24T07:37:00","startDateTimeLocal":"2019-08-24T09:37:00+02:00","stageTimeDurationMs":357400,"stageTimeDuration":"00:05:57.4000000","splitPointTimeId":88431,"splitPointId":2750,"entryId":20122,"elapsedDurationMs":102300,"elapsedDuration":"PT1M42.3S","splitDateTime":"2019-08-24T07:38:42.3","splitDateTimeLocal":"2019-08-24T09:38:42.3+02:00"},{"startDateTime":"2019-08-24T07:39:00","startDateTimeLocal":"2019-08-24T09:39:00+02:00","stageTimeDurationMs":407300,"stageTimeDuration":"00:06:47.3000000","splitPointTimeId":88433,"splitPointId":2750,"entryId":20128,"elapsedDurationMs":110200,"elapsedDuration":"PT1M50.2S","splitDateTime":"2019-08-24T07:40:50.2","splitDateTimeLocal":"2019-08-24T09:40:50.2+02:00"},{"startDateTime":"2019-08-24T07:41:00","startDateTimeLocal":"2019-08-24T09:41:00+02:00","stageTimeDurationMs":384300,"stageTimeDuration":"00:06:24.3000000","splitPointTimeId":88435,"splitPointId":2750,"entryId":20130,"elapsedDurationMs":109800,"elapsedDuration":"PT1M49.8S","splitDateTime":"2019-08-24T07:42:49.8","splitDateTimeLocal":"2019-08-24T09:42:49.8+02:00"},{"startDateTime":"2019-08-24T07:43:00","startDateTimeLocal":"2019-08-24T09:43:00+02:00","stageTimeDurationMs":386400,"stageTimeDuration":"00:06:26.4000000","splitPointTimeId":88437,"splitPointId":2750,"entryId":20129,"elapsedDurationMs":110800,"elapsedDuration":"PT1M50.8S","splitDateTime":"2019-08-24T07:44:50.8","splitDateTimeLocal":"2019-08-24T09:44:50.8+02:00"},{"startDateTime":"2019-08-24T07:45:00","startDateTimeLocal":"2019-08-24T09:45:00+02:00","stageTimeDurationMs":389100,"stageTimeDuration":"00:06:29.1000000","splitPointTimeId":88439,"splitPointId":2750,"entryId":20131,"elapsedDurationMs":112300,"elapsedDuration":"PT1M52.3S","splitDateTime":"2019-08-24T07:46:52.3","splitDateTimeLocal":"2019-08-24T09:46:52.3+02:00"},{"startDateTime":"2019-08-24T07:46:00","startDateTimeLocal":"2019-08-24T09:46:00+02:00","stageTimeDurationMs":384100,"stageTimeDuration":"00:06:24.1000000","splitPointTimeId":88440,"splitPointId":2750,"entryId":20142,"elapsedDurationMs":109800,"elapsedDuration":"PT1M49.8S","splitDateTime":"2019-08-24T07:47:49.8","splitDateTimeLocal":"2019-08-24T09:47:49.8+02:00"},{"startDateTime":"2019-08-24T07:47:00","startDateTimeLocal":"2019-08-24T09:47:00+02:00","stageTimeDurationMs":383400,"stageTimeDuration":"00:06:23.4000000","splitPointTimeId":88442,"splitPointId":2750,"entryId":20139,"elapsedDurationMs":110800,"elapsedDuration":"PT1M50.8S","splitDateTime":"2019-08-24T07:48:50.8","splitDateTimeLocal":"2019-08-24T09:48:50.8+02:00"},{"startDateTime":"2019-08-24T07:48:00","startDateTimeLocal":"2019-08-24T09:48:00+02:00","stageTimeDurationMs":384200,"stageTimeDuration":"00:06:24.2000000","splitPointTimeId":88443,"splitPointId":2750,"entryId":20144,"elapsedDurationMs":110200,"elapsedDuration":"PT1M50.2S","splitDateTime":"2019-08-24T07:49:50.2","splitDateTimeLocal":"2019-08-24T09:49:50.2+02:00"},{"startDateTime":"2019-08-24T07:49:00","startDateTimeLocal":"2019-08-24T09:49:00+02:00","stageTimeDurationMs":383900,"stageTimeDuration":"00:06:23.9000000","splitPointTimeId":88446,"splitPointId":2750,"entryId":20143,"elapsedDurationMs":110700,"elapsedDuration":"PT1M50.7S","splitDateTime":"2019-08-24T07:50:50.7","splitDateTimeLocal":"2019-08-24T09:50:50.7+02:00"},{"startDateTime":"2019-08-24T07:50:00","startDateTimeLocal":"2019-08-24T09:50:00+02:00","stageTimeDurationMs":389600,"stageTimeDuration":"00:06:29.6000000","splitPointTimeId":88448,"splitPointId":2750,"entryId":20134,"elapsedDurationMs":111200,"elapsedDuration":"PT1M51.2S","splitDateTime":"2019-08-24T07:51:51.2","splitDateTimeLocal":"2019-08-24T09:51:51.2+02:00"},{"startDateTime":"2019-08-24T07:51:00","startDateTimeLocal":"2019-08-24T09:51:00+02:00","stageTimeDurationMs":388000,"stageTimeDuration":"00:06:28","splitPointTimeId":88450,"splitPointId":2750,"entryId":20133,"elapsedDurationMs":110700,"elapsedDuration":"PT1M50.7S","splitDateTime":"2019-08-24T07:52:50.7","splitDateTimeLocal":"2019-08-24T09:52:50.7+02:00"},{"startDateTime":"2019-08-24T07:52:00","startDateTimeLocal":"2019-08-24T09:52:00+02:00","stageTimeDurationMs":391400,"stageTimeDuration":"00:06:31.4000000","splitPointTimeId":88451,"splitPointId":2750,"entryId":20132,"elapsedDurationMs":111200,"elapsedDuration":"PT1M51.2S","splitDateTime":"2019-08-24T07:53:51.2","splitDateTimeLocal":"2019-08-24T09:53:51.2+02:00"},{"startDateTime":"2019-08-24T07:53:00","startDateTimeLocal":"2019-08-24T09:53:00+02:00","stageTimeDurationMs":393900,"stageTimeDuration":"00:06:33.9000000","splitPointTimeId":88453,"splitPointId":2750,"entryId":20151,"elapsedDurationMs":112700,"elapsedDuration":"PT1M52.7S","splitDateTime":"2019-08-24T07:54:52.7","splitDateTimeLocal":"2019-08-24T09:54:52.7+02:00"},{"startDateTime":"2019-08-24T07:54:00","startDateTimeLocal":"2019-08-24T09:54:00+02:00","stageTimeDurationMs":393800,"stageTimeDuration":"00:06:33.8000000","splitPointTimeId":88456,"splitPointId":2750,"entryId":20136,"elapsedDurationMs":113800,"elapsedDuration":"PT1M53.8S","splitDateTime":"2019-08-24T07:55:53.8","splitDateTimeLocal":"2019-08-24T09:55:53.8+02:00"},{"startDateTime":"2019-08-24T07:55:00","startDateTimeLocal":"2019-08-24T09:55:00+02:00","stageTimeDurationMs":1140800,"stageTimeDuration":"00:19:00.8000000","splitPointTimeId":88457,"splitPointId":2750,"entryId":20138,"elapsedDurationMs":112700,"elapsedDuration":"PT1M52.7S","splitDateTime":"2019-08-24T07:56:52.7","splitDateTimeLocal":"2019-08-24T09:56:52.7+02:00"},{"startDateTime":"2019-08-24T07:56:00","startDateTimeLocal":"2019-08-24T09:56:00+02:00","stageTimeDurationMs":391200,"stageTimeDuration":"00:06:31.2000000","splitPointTimeId":88460,"splitPointId":2750,"entryId":20149,"elapsedDurationMs":112200,"elapsedDuration":"PT1M52.2S","splitDateTime":"2019-08-24T07:57:52.2","splitDateTimeLocal":"2019-08-24T09:57:52.2+02:00"},{"startDateTime":"2019-08-24T07:57:00","startDateTimeLocal":"2019-08-24T09:57:00+02:00","stageTimeDurationMs":390600,"stageTimeDuration":"00:06:30.6000000","splitPointTimeId":88461,"splitPointId":2750,"entryId":20137,"elapsedDurationMs":110800,"elapsedDuration":"PT1M50.8S","splitDateTime":"2019-08-24T07:58:50.8","splitDateTimeLocal":"2019-08-24T09:58:50.8+02:00"},{"startDateTime":"2019-08-24T07:58:00","startDateTimeLocal":"2019-08-24T09:58:00+02:00","stageTimeDurationMs":513800,"stageTimeDuration":"00:08:33.8000000","splitPointTimeId":88463,"splitPointId":2750,"entryId":20140,"elapsedDurationMs":111300,"elapsedDuration":"PT1M51.3S","splitDateTime":"2019-08-24T07:59:51.3","splitDateTimeLocal":"2019-08-24T09:59:51.3+02:00"},{"startDateTime":"2019-08-24T07:59:00","startDateTimeLocal":"2019-08-24T09:59:00+02:00","stageTimeDurationMs":399800,"stageTimeDuration":"00:06:39.8000000","splitPointTimeId":88465,"splitPointId":2750,"entryId":20145,"elapsedDurationMs":114800,"elapsedDuration":"PT1M54.8S","splitDateTime":"2019-08-24T08:00:54.8","splitDateTimeLocal":"2019-08-24T10:00:54.8+02:00"},{"startDateTime":"2019-08-24T08:00:00","startDateTimeLocal":"2019-08-24T10:00:00+02:00","stageTimeDurationMs":396900,"stageTimeDuration":"00:06:36.9000000","splitPointTimeId":88466,"splitPointId":2750,"entryId":20135,"elapsedDurationMs":113300,"elapsedDuration":"PT1M53.3S","splitDateTime":"2019-08-24T08:01:53.3","splitDateTimeLocal":"2019-08-24T10:01:53.3+02:00"},{"startDateTime":"2019-08-24T08:01:00","startDateTimeLocal":"2019-08-24T10:01:00+02:00","stageTimeDurationMs":403900,"stageTimeDuration":"00:06:43.9000000","splitPointTimeId":88468,"splitPointId":2750,"entryId":20150,"elapsedDurationMs":115300,"elapsedDuration":"PT1M55.3S","splitDateTime":"2019-08-24T08:02:55.3","splitDateTimeLocal":"2019-08-24T10:02:55.3+02:00"},{"startDateTime":"2019-08-24T08:02:00","startDateTimeLocal":"2019-08-24T10:02:00+02:00","stageTimeDurationMs":404400,"stageTimeDuration":"00:06:44.4000000","splitPointTimeId":88469,"splitPointId":2750,"entryId":20157,"elapsedDurationMs":115800,"elapsedDuration":"PT1M55.8S","splitDateTime":"2019-08-24T08:03:55.8","splitDateTimeLocal":"2019-08-24T10:03:55.8+02:00"},{"startDateTime":"2019-08-24T08:03:00","startDateTimeLocal":"2019-08-24T10:03:00+02:00","stageTimeDurationMs":420000,"stageTimeDuration":"00:07:00","splitPointTimeId":88473,"splitPointId":2750,"entryId":20141,"elapsedDurationMs":118300,"elapsedDuration":"PT1M58.3S","splitDateTime":"2019-08-24T08:04:58.3","splitDateTimeLocal":"2019-08-24T10:04:58.3+02:00"},{"startDateTime":"2019-08-24T08:04:00","startDateTimeLocal":"2019-08-24T10:04:00+02:00","stageTimeDurationMs":419600,"stageTimeDuration":"00:06:59.6000000","splitPointTimeId":88474,"splitPointId":2750,"entryId":20156,"elapsedDurationMs":119300,"elapsedDuration":"PT1M59.3S","splitDateTime":"2019-08-24T08:05:59.3","splitDateTimeLocal":"2019-08-24T10:05:59.3+02:00"},{"startDateTime":"2019-08-24T08:05:00","startDateTimeLocal":"2019-08-24T10:05:00+02:00","stageTimeDurationMs":422500,"stageTimeDuration":"00:07:02.5000000","splitPointTimeId":88476,"splitPointId":2750,"entryId":20159,"elapsedDurationMs":120800,"elapsedDuration":"PT2M0.8S","splitDateTime":"2019-08-24T08:07:00.8","splitDateTimeLocal":"2019-08-24T10:07:00.8+02:00"},{"startDateTime":"2019-08-24T08:06:00","startDateTimeLocal":"2019-08-24T10:06:00+02:00","stageTimeDurationMs":428700,"stageTimeDuration":"00:07:08.7000000","splitPointTimeId":88478,"splitPointId":2750,"entryId":20153,"elapsedDurationMs":122700,"elapsedDuration":"PT2M2.7S","splitDateTime":"2019-08-24T08:08:02.7","splitDateTimeLocal":"2019-08-24T10:08:02.7+02:00"},{"startDateTime":"2019-08-24T08:07:00","startDateTimeLocal":"2019-08-24T10:07:00+02:00","stageTimeDurationMs":445300,"stageTimeDuration":"00:07:25.3000000","splitPointTimeId":88480,"splitPointId":2750,"entryId":20154,"elapsedDurationMs":127300,"elapsedDuration":"PT2M7.3S","splitDateTime":"2019-08-24T08:09:07.3","splitDateTimeLocal":"2019-08-24T10:09:07.3+02:00"},{"startDateTime":"2019-08-24T08:08:00","startDateTimeLocal":"2019-08-24T10:08:00+02:00","stageTimeDurationMs":432100,"stageTimeDuration":"00:07:12.1000000","splitPointTimeId":88482,"splitPointId":2750,"entryId":20163,"elapsedDurationMs":123300,"elapsedDuration":"PT2M3.3S","splitDateTime":"2019-08-24T08:10:03.3","splitDateTimeLocal":"2019-08-24T10:10:03.3+02:00"},{"startDateTime":"2019-08-24T08:09:00","startDateTimeLocal":"2019-08-24T10:09:00+02:00","stageTimeDurationMs":450300,"stageTimeDuration":"00:07:30.3000000","splitPointTimeId":88484,"splitPointId":2750,"entryId":20155,"elapsedDurationMs":122700,"elapsedDuration":"PT2M2.7S","splitDateTime":"2019-08-24T08:11:02.7","splitDateTimeLocal":"2019-08-24T10:11:02.7+02:00"},{"startDateTime":"2019-08-24T08:10:00","startDateTimeLocal":"2019-08-24T10:10:00+02:00","stageTimeDurationMs":460900,"stageTimeDuration":"00:07:40.9000000","splitPointTimeId":88486,"splitPointId":2750,"entryId":20162,"elapsedDurationMs":130700,"elapsedDuration":"PT2M10.7S","splitDateTime":"2019-08-24T08:12:10.7","splitDateTimeLocal":"2019-08-24T10:12:10.7+02:00"},{"startDateTime":"2019-08-24T08:11:00","startDateTimeLocal":"2019-08-24T10:11:00+02:00","stageTimeDurationMs":431800,"stageTimeDuration":"00:07:11.8000000","splitPointTimeId":88489,"splitPointId":2750,"entryId":20147,"elapsedDurationMs":121800,"elapsedDuration":"PT2M1.8S","splitDateTime":"2019-08-24T08:13:01.8","splitDateTimeLocal":"2019-08-24T10:13:01.8+02:00"},{"startDateTime":"2019-08-24T08:12:00","startDateTimeLocal":"2019-08-24T10:12:00+02:00","stageTimeDurationMs":447400,"stageTimeDuration":"00:07:27.4000000","splitPointTimeId":88491,"splitPointId":2750,"entryId":20166,"elapsedDurationMs":127300,"elapsedDuration":"PT2M7.3S","splitDateTime":"2019-08-24T08:14:07.3","splitDateTimeLocal":"2019-08-24T10:14:07.3+02:00"},{"startDateTime":"2019-08-24T08:13:00","startDateTimeLocal":"2019-08-24T10:13:00+02:00","stageTimeDurationMs":448100,"stageTimeDuration":"00:07:28.1000000","splitPointTimeId":88493,"splitPointId":2750,"entryId":20160,"elapsedDurationMs":127200,"elapsedDuration":"PT2M7.2S","splitDateTime":"2019-08-24T08:15:07.2","splitDateTimeLocal":"2019-08-24T10:15:07.2+02:00"},{"startDateTime":"2019-08-24T08:14:00","startDateTimeLocal":"2019-08-24T10:14:00+02:00","stageTimeDurationMs":442600,"stageTimeDuration":"00:07:22.6000000","splitPointTimeId":88495,"splitPointId":2750,"entryId":20168,"elapsedDurationMs":126800,"elapsedDuration":"PT2M6.8S","splitDateTime":"2019-08-24T08:16:06.8","splitDateTimeLocal":"2019-08-24T10:16:06.8+02:00"},{"startDateTime":"2019-08-24T08:15:00","startDateTimeLocal":"2019-08-24T10:15:00+02:00","stageTimeDurationMs":462100,"stageTimeDuration":"00:07:42.1000000","splitPointTimeId":88497,"splitPointId":2750,"entryId":20169,"elapsedDurationMs":131600,"elapsedDuration":"PT2M11.6S","splitDateTime":"2019-08-24T08:17:11.6","splitDateTimeLocal":"2019-08-24T10:17:11.6+02:00"},{"startDateTime":"2019-08-24T08:16:00","startDateTimeLocal":"2019-08-24T10:16:00+02:00","stageTimeDurationMs":482600,"stageTimeDuration":"00:08:02.6000000","splitPointTimeId":88499,"splitPointId":2750,"entryId":20165,"elapsedDurationMs":139200,"elapsedDuration":"PT2M19.2S","splitDateTime":"2019-08-24T08:18:19.2","splitDateTimeLocal":"2019-08-24T10:18:19.2+02:00"},{"startDateTime":"2019-08-24T08:17:00","startDateTimeLocal":"2019-08-24T10:17:00+02:00","stageTimeDurationMs":491000,"stageTimeDuration":"00:08:11","splitPointTimeId":88501,"splitPointId":2750,"entryId":20170,"elapsedDurationMs":136600,"elapsedDuration":"PT2M16.6S","splitDateTime":"2019-08-24T08:19:16.6","splitDateTimeLocal":"2019-08-24T10:19:16.6+02:00"},{"startDateTime":"2019-08-24T07:15:00","startDateTimeLocal":"2019-08-24T09:15:00+02:00","stageTimeDurationMs":359200,"stageTimeDuration":"00:05:59.2000000","splitPointTimeId":88408,"splitPointId":2751,"entryId":20118,"elapsedDurationMs":269100,"elapsedDuration":"PT4M29.1S","splitDateTime":"2019-08-24T07:19:29.1","splitDateTimeLocal":"2019-08-24T09:19:29.1+02:00"},{"startDateTime":"2019-08-24T07:17:00","startDateTimeLocal":"2019-08-24T09:17:00+02:00","stageTimeDurationMs":375900,"stageTimeDuration":"00:06:15.9000000","splitPointTimeId":88413,"splitPointId":2751,"entryId":20125,"elapsedDurationMs":280400,"elapsedDuration":"PT4M40.4S","splitDateTime":"2019-08-24T07:21:40.4","splitDateTimeLocal":"2019-08-24T09:21:40.4+02:00"},{"startDateTime":"2019-08-24T07:19:00","startDateTimeLocal":"2019-08-24T09:19:00+02:00","stageTimeDurationMs":359300,"stageTimeDuration":"00:05:59.3000000","splitPointTimeId":88416,"splitPointId":2751,"entryId":20121,"elapsedDurationMs":268900,"elapsedDuration":"PT4M28.9S","splitDateTime":"2019-08-24T07:23:28.9","splitDateTimeLocal":"2019-08-24T09:23:28.9+02:00"},{"startDateTime":"2019-08-24T07:23:00","startDateTimeLocal":"2019-08-24T09:23:00+02:00","stageTimeDurationMs":357900,"stageTimeDuration":"00:05:57.9000000","splitPointTimeId":88420,"splitPointId":2751,"entryId":20119,"elapsedDurationMs":268900,"elapsedDuration":"PT4M28.9S","splitDateTime":"2019-08-24T07:27:28.9","splitDateTimeLocal":"2019-08-24T09:27:28.9+02:00"},{"startDateTime":"2019-08-24T07:25:00","startDateTimeLocal":"2019-08-24T09:25:00+02:00","stageTimeDurationMs":365900,"stageTimeDuration":"00:06:05.9000000","splitPointTimeId":88422,"splitPointId":2751,"entryId":20126,"elapsedDurationMs":273500,"elapsedDuration":"PT4M33.5S","splitDateTime":"2019-08-24T07:29:33.5","splitDateTimeLocal":"2019-08-24T09:29:33.5+02:00"},{"startDateTime":"2019-08-24T07:27:00","startDateTimeLocal":"2019-08-24T09:27:00+02:00","stageTimeDurationMs":361700,"stageTimeDuration":"00:06:01.7000000","splitPointTimeId":88424,"splitPointId":2751,"entryId":20127,"elapsedDurationMs":270900,"elapsedDuration":"PT4M30.9S","splitDateTime":"2019-08-24T07:31:30.9","splitDateTimeLocal":"2019-08-24T09:31:30.9+02:00"},{"startDateTime":"2019-08-24T07:29:00","startDateTimeLocal":"2019-08-24T09:29:00+02:00","stageTimeDurationMs":360500,"stageTimeDuration":"00:06:00.5000000","splitPointTimeId":88426,"splitPointId":2751,"entryId":20123,"elapsedDurationMs":270800,"elapsedDuration":"PT4M30.8S","splitDateTime":"2019-08-24T07:33:30.8","splitDateTimeLocal":"2019-08-24T09:33:30.8+02:00"},{"startDateTime":"2019-08-24T07:31:00","startDateTimeLocal":"2019-08-24T09:31:00+02:00","stageTimeDurationMs":360600,"stageTimeDuration":"00:06:00.6000000","splitPointTimeId":88428,"splitPointId":2751,"entryId":20120,"elapsedDurationMs":270400,"elapsedDuration":"PT4M30.4S","splitDateTime":"2019-08-24T07:35:30.4","splitDateTimeLocal":"2019-08-24T09:35:30.4+02:00"},{"startDateTime":"2019-08-24T07:33:00","startDateTimeLocal":"2019-08-24T09:33:00+02:00","stageTimeDurationMs":359800,"stageTimeDuration":"00:05:59.8000000","splitPointTimeId":88430,"splitPointId":2751,"entryId":20117,"elapsedDurationMs":270000,"elapsedDuration":"PT4M30S","splitDateTime":"2019-08-24T07:37:30","splitDateTimeLocal":"2019-08-24T09:37:30+02:00"},{"startDateTime":"2019-08-24T07:35:00","startDateTimeLocal":"2019-08-24T09:35:00+02:00","stageTimeDurationMs":362600,"stageTimeDuration":"00:06:02.6000000","splitPointTimeId":88432,"splitPointId":2751,"entryId":20124,"elapsedDurationMs":273800,"elapsedDuration":"PT4M33.8S","splitDateTime":"2019-08-24T07:39:33.8","splitDateTimeLocal":"2019-08-24T09:39:33.8+02:00"},{"startDateTime":"2019-08-24T07:37:00","startDateTimeLocal":"2019-08-24T09:37:00+02:00","stageTimeDurationMs":357400,"stageTimeDuration":"00:05:57.4000000","splitPointTimeId":88434,"splitPointId":2751,"entryId":20122,"elapsedDurationMs":267800,"elapsedDuration":"PT4M27.8S","splitDateTime":"2019-08-24T07:41:27.8","splitDateTimeLocal":"2019-08-24T09:41:27.8+02:00"},{"startDateTime":"2019-08-24T07:39:00","startDateTimeLocal":"2019-08-24T09:39:00+02:00","stageTimeDurationMs":407300,"stageTimeDuration":"00:06:47.3000000","splitPointTimeId":88436,"splitPointId":2751,"entryId":20128,"elapsedDurationMs":309800,"elapsedDuration":"PT5M9.8S","splitDateTime":"2019-08-24T07:44:09.8","splitDateTimeLocal":"2019-08-24T09:44:09.8+02:00"},{"startDateTime":"2019-08-24T07:41:00","startDateTimeLocal":"2019-08-24T09:41:00+02:00","stageTimeDurationMs":384300,"stageTimeDuration":"00:06:24.3000000","splitPointTimeId":88438,"splitPointId":2751,"entryId":20130,"elapsedDurationMs":288300,"elapsedDuration":"PT4M48.3S","splitDateTime":"2019-08-24T07:45:48.3","splitDateTimeLocal":"2019-08-24T09:45:48.3+02:00"},{"startDateTime":"2019-08-24T07:43:00","startDateTimeLocal":"2019-08-24T09:43:00+02:00","stageTimeDurationMs":386400,"stageTimeDuration":"00:06:26.4000000","splitPointTimeId":88441,"splitPointId":2751,"entryId":20129,"elapsedDurationMs":289900,"elapsedDuration":"PT4M49.9S","splitDateTime":"2019-08-24T07:47:49.9","splitDateTimeLocal":"2019-08-24T09:47:49.9+02:00"},{"startDateTime":"2019-08-24T07:45:00","startDateTimeLocal":"2019-08-24T09:45:00+02:00","stageTimeDurationMs":389100,"stageTimeDuration":"00:06:29.1000000","splitPointTimeId":88444,"splitPointId":2751,"entryId":20131,"elapsedDurationMs":292400,"elapsedDuration":"PT4M52.4S","splitDateTime":"2019-08-24T07:49:52.4","splitDateTimeLocal":"2019-08-24T09:49:52.4+02:00"},{"startDateTime":"2019-08-24T07:46:00","startDateTimeLocal":"2019-08-24T09:46:00+02:00","stageTimeDurationMs":384100,"stageTimeDuration":"00:06:24.1000000","splitPointTimeId":88445,"splitPointId":2751,"entryId":20142,"elapsedDurationMs":287500,"elapsedDuration":"PT4M47.5S","splitDateTime":"2019-08-24T07:50:47.5","splitDateTimeLocal":"2019-08-24T09:50:47.5+02:00"},{"startDateTime":"2019-08-24T07:47:00","startDateTimeLocal":"2019-08-24T09:47:00+02:00","stageTimeDurationMs":383400,"stageTimeDuration":"00:06:23.4000000","splitPointTimeId":88447,"splitPointId":2751,"entryId":20139,"elapsedDurationMs":288400,"elapsedDuration":"PT4M48.4S","splitDateTime":"2019-08-24T07:51:48.4","splitDateTimeLocal":"2019-08-24T09:51:48.4+02:00"},{"startDateTime":"2019-08-24T07:48:00","startDateTimeLocal":"2019-08-24T09:48:00+02:00","stageTimeDurationMs":384200,"stageTimeDuration":"00:06:24.2000000","splitPointTimeId":88449,"splitPointId":2751,"entryId":20144,"elapsedDurationMs":287400,"elapsedDuration":"PT4M47.4S","splitDateTime":"2019-08-24T07:52:47.4","splitDateTimeLocal":"2019-08-24T09:52:47.4+02:00"},{"startDateTime":"2019-08-24T07:49:00","startDateTimeLocal":"2019-08-24T09:49:00+02:00","stageTimeDurationMs":383900,"stageTimeDuration":"00:06:23.9000000","splitPointTimeId":88452,"splitPointId":2751,"entryId":20143,"elapsedDurationMs":288000,"elapsedDuration":"PT4M48S","splitDateTime":"2019-08-24T07:53:48","splitDateTimeLocal":"2019-08-24T09:53:48+02:00"},{"startDateTime":"2019-08-24T07:50:00","startDateTimeLocal":"2019-08-24T09:50:00+02:00","stageTimeDurationMs":389600,"stageTimeDuration":"00:06:29.6000000","splitPointTimeId":88454,"splitPointId":2751,"entryId":20134,"elapsedDurationMs":290200,"elapsedDuration":"PT4M50.2S","splitDateTime":"2019-08-24T07:54:50.2","splitDateTimeLocal":"2019-08-24T09:54:50.2+02:00"},{"startDateTime":"2019-08-24T07:51:00","startDateTimeLocal":"2019-08-24T09:51:00+02:00","stageTimeDurationMs":388000,"stageTimeDuration":"00:06:28","splitPointTimeId":88455,"splitPointId":2751,"entryId":20133,"elapsedDurationMs":290300,"elapsedDuration":"PT4M50.3S","splitDateTime":"2019-08-24T07:55:50.3","splitDateTimeLocal":"2019-08-24T09:55:50.3+02:00"},{"startDateTime":"2019-08-24T07:52:00","startDateTimeLocal":"2019-08-24T09:52:00+02:00","stageTimeDurationMs":391400,"stageTimeDuration":"00:06:31.4000000","splitPointTimeId":88458,"splitPointId":2751,"entryId":20132,"elapsedDurationMs":293300,"elapsedDuration":"PT4M53.3S","splitDateTime":"2019-08-24T07:56:53.3","splitDateTimeLocal":"2019-08-24T09:56:53.3+02:00"},{"startDateTime":"2019-08-24T07:53:00","startDateTimeLocal":"2019-08-24T09:53:00+02:00","stageTimeDurationMs":393900,"stageTimeDuration":"00:06:33.9000000","splitPointTimeId":88459,"splitPointId":2751,"entryId":20151,"elapsedDurationMs":294700,"elapsedDuration":"PT4M54.7S","splitDateTime":"2019-08-24T07:57:54.7","splitDateTimeLocal":"2019-08-24T09:57:54.7+02:00"},{"startDateTime":"2019-08-24T07:54:00","startDateTimeLocal":"2019-08-24T09:54:00+02:00","stageTimeDurationMs":393800,"stageTimeDuration":"00:06:33.8000000","splitPointTimeId":88462,"splitPointId":2751,"entryId":20136,"elapsedDurationMs":294600,"elapsedDuration":"PT4M54.6S","splitDateTime":"2019-08-24T07:58:54.6","splitDateTimeLocal":"2019-08-24T09:58:54.6+02:00"},{"startDateTime":"2019-08-24T07:56:00","startDateTimeLocal":"2019-08-24T09:56:00+02:00","stageTimeDurationMs":391200,"stageTimeDuration":"00:06:31.2000000","splitPointTimeId":88464,"splitPointId":2751,"entryId":20149,"elapsedDurationMs":293700,"elapsedDuration":"PT4M53.7S","splitDateTime":"2019-08-24T08:00:53.7","splitDateTimeLocal":"2019-08-24T10:00:53.7+02:00"},{"startDateTime":"2019-08-24T07:57:00","startDateTimeLocal":"2019-08-24T09:57:00+02:00","stageTimeDurationMs":390600,"stageTimeDuration":"00:06:30.6000000","splitPointTimeId":88467,"splitPointId":2751,"entryId":20137,"elapsedDurationMs":292300,"elapsedDuration":"PT4M52.3S","splitDateTime":"2019-08-24T08:01:52.3","splitDateTimeLocal":"2019-08-24T10:01:52.3+02:00"},{"startDateTime":"2019-08-24T07:59:00","startDateTimeLocal":"2019-08-24T09:59:00+02:00","stageTimeDurationMs":399800,"stageTimeDuration":"00:06:39.8000000","splitPointTimeId":88470,"splitPointId":2751,"entryId":20145,"elapsedDurationMs":299300,"elapsedDuration":"PT4M59.3S","splitDateTime":"2019-08-24T08:03:59.3","splitDateTimeLocal":"2019-08-24T10:03:59.3+02:00"},{"startDateTime":"2019-08-24T08:00:00","startDateTimeLocal":"2019-08-24T10:00:00+02:00","stageTimeDurationMs":396900,"stageTimeDuration":"00:06:36.9000000","splitPointTimeId":88471,"splitPointId":2751,"entryId":20135,"elapsedDurationMs":296900,"elapsedDuration":"PT4M56.9S","splitDateTime":"2019-08-24T08:04:56.9","splitDateTimeLocal":"2019-08-24T10:04:56.9+02:00"},{"startDateTime":"2019-08-24T07:58:00","startDateTimeLocal":"2019-08-24T09:58:00+02:00","stageTimeDurationMs":513800,"stageTimeDuration":"00:08:33.8000000","splitPointTimeId":88472,"splitPointId":2751,"entryId":20140,"elapsedDurationMs":413600,"elapsedDuration":"PT6M53.6S","splitDateTime":"2019-08-24T08:04:53.6","splitDateTimeLocal":"2019-08-24T10:04:53.6+02:00"},{"startDateTime":"2019-08-24T08:01:00","startDateTimeLocal":"2019-08-24T10:01:00+02:00","stageTimeDurationMs":403900,"stageTimeDuration":"00:06:43.9000000","splitPointTimeId":88475,"splitPointId":2751,"entryId":20150,"elapsedDurationMs":301000,"elapsedDuration":"PT5M1S","splitDateTime":"2019-08-24T08:06:01","splitDateTimeLocal":"2019-08-24T10:06:01+02:00"},{"startDateTime":"2019-08-24T08:02:00","startDateTimeLocal":"2019-08-24T10:02:00+02:00","stageTimeDurationMs":404400,"stageTimeDuration":"00:06:44.4000000","splitPointTimeId":88477,"splitPointId":2751,"entryId":20157,"elapsedDurationMs":301300,"elapsedDuration":"PT5M1.3S","splitDateTime":"2019-08-24T08:07:01.3","splitDateTimeLocal":"2019-08-24T10:07:01.3+02:00"},{"startDateTime":"2019-08-24T08:03:00","startDateTimeLocal":"2019-08-24T10:03:00+02:00","stageTimeDurationMs":420000,"stageTimeDuration":"00:07:00","splitPointTimeId":88479,"splitPointId":2751,"entryId":20141,"elapsedDurationMs":313000,"elapsedDuration":"PT5M13S","splitDateTime":"2019-08-24T08:08:13","splitDateTimeLocal":"2019-08-24T10:08:13+02:00"},{"startDateTime":"2019-08-24T08:04:00","startDateTimeLocal":"2019-08-24T10:04:00+02:00","stageTimeDurationMs":419600,"stageTimeDuration":"00:06:59.6000000","splitPointTimeId":88481,"splitPointId":2751,"entryId":20156,"elapsedDurationMs":313700,"elapsedDuration":"PT5M13.7S","splitDateTime":"2019-08-24T08:09:13.7","splitDateTimeLocal":"2019-08-24T10:09:13.7+02:00"},{"startDateTime":"2019-08-24T08:05:00","startDateTimeLocal":"2019-08-24T10:05:00+02:00","stageTimeDurationMs":422500,"stageTimeDuration":"00:07:02.5000000","splitPointTimeId":88483,"splitPointId":2751,"entryId":20159,"elapsedDurationMs":317300,"elapsedDuration":"PT5M17.3S","splitDateTime":"2019-08-24T08:10:17.3","splitDateTimeLocal":"2019-08-24T10:10:17.3+02:00"},{"startDateTime":"2019-08-24T08:06:00","startDateTimeLocal":"2019-08-24T10:06:00+02:00","stageTimeDurationMs":428700,"stageTimeDuration":"00:07:08.7000000","splitPointTimeId":88485,"splitPointId":2751,"entryId":20153,"elapsedDurationMs":320700,"elapsedDuration":"PT5M20.7S","splitDateTime":"2019-08-24T08:11:20.7","splitDateTimeLocal":"2019-08-24T10:11:20.7+02:00"},{"startDateTime":"2019-08-24T07:55:00","startDateTimeLocal":"2019-08-24T09:55:00+02:00","stageTimeDurationMs":1140800,"stageTimeDuration":"00:19:00.8000000","splitPointTimeId":88487,"splitPointId":2751,"entryId":20138,"elapsedDurationMs":1039800,"elapsedDuration":"PT17M19.8S","splitDateTime":"2019-08-24T08:12:19.8","splitDateTimeLocal":"2019-08-24T10:12:19.8+02:00"},{"startDateTime":"2019-08-24T08:07:00","startDateTimeLocal":"2019-08-24T10:07:00+02:00","stageTimeDurationMs":445300,"stageTimeDuration":"00:07:25.3000000","splitPointTimeId":88488,"splitPointId":2751,"entryId":20154,"elapsedDurationMs":332600,"elapsedDuration":"PT5M32.6S","splitDateTime":"2019-08-24T08:12:32.6","splitDateTimeLocal":"2019-08-24T10:12:32.6+02:00"},{"startDateTime":"2019-08-24T08:08:00","startDateTimeLocal":"2019-08-24T10:08:00+02:00","stageTimeDurationMs":432100,"stageTimeDuration":"00:07:12.1000000","splitPointTimeId":88490,"splitPointId":2751,"entryId":20163,"elapsedDurationMs":323800,"elapsedDuration":"PT5M23.8S","splitDateTime":"2019-08-24T08:13:23.8","splitDateTimeLocal":"2019-08-24T10:13:23.8+02:00"},{"startDateTime":"2019-08-24T08:09:00","startDateTimeLocal":"2019-08-24T10:09:00+02:00","stageTimeDurationMs":450300,"stageTimeDuration":"00:07:30.3000000","splitPointTimeId":88492,"splitPointId":2751,"entryId":20155,"elapsedDurationMs":339100,"elapsedDuration":"PT5M39.1S","splitDateTime":"2019-08-24T08:14:39.1","splitDateTimeLocal":"2019-08-24T10:14:39.1+02:00"},{"startDateTime":"2019-08-24T08:10:00","startDateTimeLocal":"2019-08-24T10:10:00+02:00","stageTimeDurationMs":460900,"stageTimeDuration":"00:07:40.9000000","splitPointTimeId":88494,"splitPointId":2751,"entryId":20162,"elapsedDurationMs":342600,"elapsedDuration":"PT5M42.6S","splitDateTime":"2019-08-24T08:15:42.6","splitDateTimeLocal":"2019-08-24T10:15:42.6+02:00"},{"startDateTime":"2019-08-24T08:11:00","startDateTimeLocal":"2019-08-24T10:11:00+02:00","stageTimeDurationMs":431800,"stageTimeDuration":"00:07:11.8000000","splitPointTimeId":88496,"splitPointId":2751,"entryId":20147,"elapsedDurationMs":320400,"elapsedDuration":"PT5M20.4S","splitDateTime":"2019-08-24T08:16:20.4","splitDateTimeLocal":"2019-08-24T10:16:20.4+02:00"},{"startDateTime":"2019-08-24T08:12:00","startDateTimeLocal":"2019-08-24T10:12:00+02:00","stageTimeDurationMs":447400,"stageTimeDuration":"00:07:27.4000000","splitPointTimeId":88498,"splitPointId":2751,"entryId":20166,"elapsedDurationMs":335000,"elapsedDuration":"PT5M35S","splitDateTime":"2019-08-24T08:17:35","splitDateTimeLocal":"2019-08-24T10:17:35+02:00"},{"startDateTime":"2019-08-24T08:13:00","startDateTimeLocal":"2019-08-24T10:13:00+02:00","stageTimeDurationMs":448100,"stageTimeDuration":"00:07:28.1000000","splitPointTimeId":88500,"splitPointId":2751,"entryId":20160,"elapsedDurationMs":333300,"elapsedDuration":"PT5M33.3S","splitDateTime":"2019-08-24T08:18:33.3","splitDateTimeLocal":"2019-08-24T10:18:33.3+02:00"},{"startDateTime":"2019-08-24T08:14:00","startDateTimeLocal":"2019-08-24T10:14:00+02:00","stageTimeDurationMs":442600,"stageTimeDuration":"00:07:22.6000000","splitPointTimeId":88502,"splitPointId":2751,"entryId":20168,"elapsedDurationMs":331300,"elapsedDuration":"PT5M31.3S","splitDateTime":"2019-08-24T08:19:31.3","splitDateTimeLocal":"2019-08-24T10:19:31.3+02:00"},{"startDateTime":"2019-08-24T08:15:00","startDateTimeLocal":"2019-08-24T10:15:00+02:00","stageTimeDurationMs":462100,"stageTimeDuration":"00:07:42.1000000","splitPointTimeId":88503,"splitPointId":2751,"entryId":20169,"elapsedDurationMs":342500,"elapsedDuration":"PT5M42.5S","splitDateTime":"2019-08-24T08:20:42.5","splitDateTimeLocal":"2019-08-24T10:20:42.5+02:00"},{"startDateTime":"2019-08-24T08:16:00","startDateTimeLocal":"2019-08-24T10:16:00+02:00","stageTimeDurationMs":482600,"stageTimeDuration":"00:08:02.6000000","splitPointTimeId":88504,"splitPointId":2751,"entryId":20165,"elapsedDurationMs":361200,"elapsedDuration":"PT6M1.2S","splitDateTime":"2019-08-24T08:22:01.2","splitDateTimeLocal":"2019-08-24T10:22:01.2+02:00"},{"startDateTime":"2019-08-24T08:17:00","startDateTimeLocal":"2019-08-24T10:17:00+02:00","stageTimeDurationMs":491000,"stageTimeDuration":"00:08:11","splitPointTimeId":88505,"splitPointId":2751,"entryId":20170,"elapsedDurationMs":367600,"elapsedDuration":"PT6M7.6S","splitDateTime":"2019-08-24T08:23:07.6","splitDateTimeLocal":"2019-08-24T10:23:07.6+02:00"}]