{"splitPoints":[{"splitPointId":2161,"stageId":1082,"number":1,"distance":3.02}],"controls":[{"controlId":4519,"eventId":82,"stageId":1082,"type":"RegroupOut","code":"TC11B","location":"Regrouping OUT","timingPrecision":"Minute","distance":null,"targetDuration":"00:08:00","targetDurationMs":480000,"firstCarDueDateTime":"2019-04-27T14:23:00","firstCarDueDateTimeLocal":"2019-04-27T11:23:00-03:00","status":"Completed","controlPenalties":"None","roundingPolicy":"NoRounding","locked":false},{"controlId":4520,"eventId":82,"stageId":1082,"type":"StageStart","code":"SS12","location":"Super Especial FERNET BRANCA (II) ( 2 laps)","timingPrecision":"Minute","distance":6.04,"targetDuration":"00:03:00","targetDurationMs":180000,"firstCarDueDateTime":"2019-04-27T14:26:00","firstCarDueDateTimeLocal":"2019-04-27T11:26:00-03:00","status":"Completed","controlPenalties":"None","roundingPolicy":"RoundToClosestMinute","locked":false},{"controlId":4521,"eventId":82,"stageId":1082,"type":"FlyingFinish","code":"SF12","location":"Super Especial FERNET BRANCA (II) ( 2 laps)","timingPrecision":"Tenth","distance":null,"targetDuration":null,"targetDurationMs":null,"firstCarDueDateTime":null,"firstCarDueDateTimeLocal":null,"status":"Completed","controlPenalties":"None","roundingPolicy":"NoRounding","locked":false}],"stageId":1082,"eventId":82,"number":12,"name":"Super Especial FERNET BRANCA (II) ( 2 laps)","distance":6.04,"status":"Completed","stageType":"HeadToHeadSuperSpecialStage","timingPrecision":"Tenth","locked":false,"code":"SS12"}