[{"entryId":19867,"stageTimeMs":6326300,"stageTime":"PT1H45M26.3S","penaltyTimeMs":0,"penaltyTime":"PT0S","totalTimeMs":6326300,"totalTime":"PT1H45M26.3S","position":1,"diffFirstMs":0,"diffFirst":"PT0S","diffPrevMs":0,"diffPrev":"PT0S"},{"entryId":19868,"stageTimeMs":6331000,"stageTime":"PT1H45M31S","penaltyTimeMs":0,"penaltyTime":"PT0S","totalTimeMs":6331000,"totalTime":"PT1H45M31S","position":2,"diffFirstMs":4700,"diffFirst":"PT4.7S","diffPrevMs":4700,"diffPrev":"PT4.7S"},{"entryId":19864,"stageTimeMs":6337600,"stageTime":"PT1H45M37.6S","penaltyTimeMs":0,"penaltyTime":"PT0S","totalTimeMs":6337600,"totalTime":"PT1H45M37.6S","position":3,"diffFirstMs":11300,"diffFirst":"PT11.3S","diffPrevMs":6600,"diffPrev":"PT6.6S"},{"entryId":19871,"stageTimeMs":6352700,"stageTime":"PT1H45M52.7S","penaltyTimeMs":0,"penaltyTime":"PT0S","totalTimeMs":6352700,"totalTime":"PT1H45M52.7S","position":4,"diffFirstMs":26400,"diffFirst":"PT26.4S","diffPrevMs":15100,"diffPrev":"PT15.1S"},{"entryId":19873,"stageTimeMs":6352900,"stageTime":"PT1H45M52.9S","penaltyTimeMs":0,"penaltyTime":"PT0S","totalTimeMs":6352900,"totalTime":"PT1H45M52.9S","position":5,"diffFirstMs":26600,"diffFirst":"PT26.6S","diffPrevMs":200,"diffPrev":"PT0.2S"},{"entryId":19866,"stageTimeMs":6362400,"stageTime":"PT1H46M2.4S","penaltyTimeMs":0,"penaltyTime":"PT0S","totalTimeMs":6362400,"totalTime":"PT1H46M2.4S","position":6,"diffFirstMs":36100,"diffFirst":"PT36.1S","diffPrevMs":9500,"diffPrev":"PT9.5S"},{"entryId":19870,"stageTimeMs":6396700,"stageTime":"PT1H46M36.7S","penaltyTimeMs":0,"penaltyTime":"PT0S","totalTimeMs":6396700,"totalTime":"PT1H46M36.7S","position":7,"diffFirstMs":70400,"diffFirst":"PT1M10.4S","diffPrevMs":34300,"diffPrev":"PT34.3S"},{"entryId":19865,"stageTimeMs":6403900,"stageTime":"PT1H46M43.9S","penaltyTimeMs":0,"penaltyTime":"PT0S","totalTimeMs":6403900,"totalTime":"PT1H46M43.9S","position":8,"diffFirstMs":77600,"diffFirst":"PT1M17.6S","diffPrevMs":7200,"diffPrev":"PT7.2S"},{"entryId":19872,"stageTimeMs":6448500,"stageTime":"PT1H47M28.5S","penaltyTimeMs":70000,"penaltyTime":"PT1M10S","totalTimeMs":6518500,"totalTime":"PT1H48M38.5S","position":9,"diffFirstMs":192200,"diffFirst":"PT3M12.2S","diffPrevMs":114600,"diffPrev":"PT1M54.6S"},{"entryId":19888,"stageTimeMs":6523800,"stageTime":"PT1H48M43.8S","penaltyTimeMs":0,"penaltyTime":"PT0S","totalTimeMs":6523800,"totalTime":"PT1H48M43.8S","position":10,"diffFirstMs":197500,"diffFirst":"PT3M17.5S","diffPrevMs":5300,"diffPrev":"PT5.3S"},{"entryId":19875,"stageTimeMs":6529500,"stageTime":"PT1H48M49.5S","penaltyTimeMs":0,"penaltyTime":"PT0S","totalTimeMs":6529500,"totalTime":"PT1H48M49.5S","position":11,"diffFirstMs":203200,"diffFirst":"PT3M23.2S","diffPrevMs":5700,"diffPrev":"PT5.7S"},{"entryId":19876,"stageTimeMs":6534800,"stageTime":"PT1H48M54.8S","penaltyTimeMs":0,"penaltyTime":"PT0S","totalTimeMs":6534800,"totalTime":"PT1H48M54.8S","position":12,"diffFirstMs":208500,"diffFirst":"PT3M28.5S","diffPrevMs":5300,"diffPrev":"PT5.3S"},{"entryId":19880,"stageTimeMs":6586800,"stageTime":"PT1H49M46.8S","penaltyTimeMs":0,"penaltyTime":"PT0S","totalTimeMs":6586800,"totalTime":"PT1H49M46.8S","position":13,"diffFirstMs":260500,"diffFirst":"PT4M20.5S","diffPrevMs":52000,"diffPrev":"PT52S"},{"entryId":19889,"stageTimeMs":6600200,"stageTime":"PT1H50M0.2S","penaltyTimeMs":0,"penaltyTime":"PT0S","totalTimeMs":6600200,"totalTime":"PT1H50M0.2S","position":14,"diffFirstMs":273900,"diffFirst":"PT4M33.9S","diffPrevMs":13400,"diffPrev":"PT13.4S"},{"entryId":19885,"stageTimeMs":6622100,"stageTime":"PT1H50M22.1S","penaltyTimeMs":0,"penaltyTime":"PT0S","totalTimeMs":6622100,"totalTime":"PT1H50M22.1S","position":15,"diffFirstMs":295800,"diffFirst":"PT4M55.8S","diffPrevMs":21900,"diffPrev":"PT21.9S"},{"entryId":19884,"stageTimeMs":6638500,"stageTime":"PT1H50M38.5S","penaltyTimeMs":0,"penaltyTime":"PT0S","totalTimeMs":6638500,"totalTime":"PT1H50M38.5S","position":16,"diffFirstMs":312200,"diffFirst":"PT5M12.2S","diffPrevMs":16400,"diffPrev":"PT16.4S"},{"entryId":19890,"stageTimeMs":6704300,"stageTime":"PT1H51M44.3S","penaltyTimeMs":0,"penaltyTime":"PT0S","totalTimeMs":6704300,"totalTime":"PT1H51M44.3S","position":17,"diffFirstMs":378000,"diffFirst":"PT6M18S","diffPrevMs":65800,"diffPrev":"PT1M5.8S"},{"entryId":19879,"stageTimeMs":6706500,"stageTime":"PT1H51M46.5S","penaltyTimeMs":0,"penaltyTime":"PT0S","totalTimeMs":6706500,"totalTime":"PT1H51M46.5S","position":18,"diffFirstMs":380200,"diffFirst":"PT6M20.2S","diffPrevMs":2200,"diffPrev":"PT2.2S"},{"entryId":19912,"stageTimeMs":6720000,"stageTime":"PT1H52M","penaltyTimeMs":0,"penaltyTime":"PT0S","totalTimeMs":6720000,"totalTime":"PT1H52M","position":19,"diffFirstMs":393700,"diffFirst":"PT6M33.7S","diffPrevMs":13500,"diffPrev":"PT13.5S"},{"entryId":19913,"stageTimeMs":6720300,"stageTime":"PT1H52M0.3S","penaltyTimeMs":0,"penaltyTime":"PT0S","totalTimeMs":6720300,"totalTime":"PT1H52M0.3S","position":20,"diffFirstMs":394000,"diffFirst":"PT6M34S","diffPrevMs":300,"diffPrev":"PT0.3S"},{"entryId":19911,"stageTimeMs":6734200,"stageTime":"PT1H52M14.2S","penaltyTimeMs":0,"penaltyTime":"PT0S","totalTimeMs":6734200,"totalTime":"PT1H52M14.2S","position":21,"diffFirstMs":407900,"diffFirst":"PT6M47.9S","diffPrevMs":13900,"diffPrev":"PT13.9S"},{"entryId":19907,"stageTimeMs":6895700,"stageTime":"PT1H54M55.7S","penaltyTimeMs":0,"penaltyTime":"PT0S","totalTimeMs":6895700,"totalTime":"PT1H54M55.7S","position":22,"diffFirstMs":569400,"diffFirst":"PT9M29.4S","diffPrevMs":161500,"diffPrev":"PT2M41.5S"},{"entryId":19906,"stageTimeMs":7114300,"stageTime":"PT1H58M34.3S","penaltyTimeMs":0,"penaltyTime":"PT0S","totalTimeMs":7114300,"totalTime":"PT1H58M34.3S","position":23,"diffFirstMs":788000,"diffFirst":"PT13M8S","diffPrevMs":218600,"diffPrev":"PT3M38.6S"},{"entryId":19945,"stageTimeMs":7136600,"stageTime":"PT1H58M56.6S","penaltyTimeMs":0,"penaltyTime":"PT0S","totalTimeMs":7136600,"totalTime":"PT1H58M56.6S","position":24,"diffFirstMs":810300,"diffFirst":"PT13M30.3S","diffPrevMs":22300,"diffPrev":"PT22.3S"},{"entryId":19874,"stageTimeMs":7157400,"stageTime":"PT1H59M17.4S","penaltyTimeMs":0,"penaltyTime":"PT0S","totalTimeMs":7157400,"totalTime":"PT1H59M17.4S","position":25,"diffFirstMs":831100,"diffFirst":"PT13M51.1S","diffPrevMs":20800,"diffPrev":"PT20.8S"},{"entryId":19893,"stageTimeMs":7157800,"stageTime":"PT1H59M17.8S","penaltyTimeMs":0,"penaltyTime":"PT0S","totalTimeMs":7157800,"totalTime":"PT1H59M17.8S","position":26,"diffFirstMs":831500,"diffFirst":"PT13M51.5S","diffPrevMs":400,"diffPrev":"PT0.4S"},{"entryId":19892,"stageTimeMs":7175200,"stageTime":"PT1H59M35.2S","penaltyTimeMs":0,"penaltyTime":"PT0S","totalTimeMs":7175200,"totalTime":"PT1H59M35.2S","position":27,"diffFirstMs":848900,"diffFirst":"PT14M8.9S","diffPrevMs":17400,"diffPrev":"PT17.4S"},{"entryId":19891,"stageTimeMs":7175400,"stageTime":"PT1H59M35.4S","penaltyTimeMs":0,"penaltyTime":"PT0S","totalTimeMs":7175400,"totalTime":"PT1H59M35.4S","position":28,"diffFirstMs":849100,"diffFirst":"PT14M9.1S","diffPrevMs":200,"diffPrev":"PT0.2S"},{"entryId":19899,"stageTimeMs":7200000,"stageTime":"PT2H","penaltyTimeMs":0,"penaltyTime":"PT0S","totalTimeMs":7200000,"totalTime":"PT2H","position":29,"diffFirstMs":873700,"diffFirst":"PT14M33.7S","diffPrevMs":24600,"diffPrev":"PT24.6S"},{"entryId":19894,"stageTimeMs":7214400,"stageTime":"PT2H14.4S","penaltyTimeMs":0,"penaltyTime":"PT0S","totalTimeMs":7214400,"totalTime":"PT2H14.4S","position":30,"diffFirstMs":888100,"diffFirst":"PT14M48.1S","diffPrevMs":14400,"diffPrev":"PT14.4S"},{"entryId":19881,"stageTimeMs":7259100,"stageTime":"PT2H59.1S","penaltyTimeMs":0,"penaltyTime":"PT0S","totalTimeMs":7259100,"totalTime":"PT2H59.1S","position":31,"diffFirstMs":932800,"diffFirst":"PT15M32.8S","diffPrevMs":44700,"diffPrev":"PT44.7S"},{"entryId":19896,"stageTimeMs":7265600,"stageTime":"PT2H1M5.6S","penaltyTimeMs":0,"penaltyTime":"PT0S","totalTimeMs":7265600,"totalTime":"PT2H1M5.6S","position":32,"diffFirstMs":939300,"diffFirst":"PT15M39.3S","diffPrevMs":6500,"diffPrev":"PT6.5S"},{"entryId":19918,"stageTimeMs":7269200,"stageTime":"PT2H1M9.2S","penaltyTimeMs":0,"penaltyTime":"PT0S","totalTimeMs":7269200,"totalTime":"PT2H1M9.2S","position":33,"diffFirstMs":942900,"diffFirst":"PT15M42.9S","diffPrevMs":3600,"diffPrev":"PT3.6S"},{"entryId":19900,"stageTimeMs":7321300,"stageTime":"PT2H2M1.3S","penaltyTimeMs":0,"penaltyTime":"PT0S","totalTimeMs":7321300,"totalTime":"PT2H2M1.3S","position":34,"diffFirstMs":995000,"diffFirst":"PT16M35S","diffPrevMs":52100,"diffPrev":"PT52.1S"},{"entryId":19895,"stageTimeMs":7330400,"stageTime":"PT2H2M10.4S","penaltyTimeMs":0,"penaltyTime":"PT0S","totalTimeMs":7330400,"totalTime":"PT2H2M10.4S","position":35,"diffFirstMs":1004100,"diffFirst":"PT16M44.1S","diffPrevMs":9100,"diffPrev":"PT9.1S"},{"entryId":19934,"stageTimeMs":7412600,"stageTime":"PT2H3M32.6S","penaltyTimeMs":0,"penaltyTime":"PT0S","totalTimeMs":7412600,"totalTime":"PT2H3M32.6S","position":36,"diffFirstMs":1086300,"diffFirst":"PT18M6.3S","diffPrevMs":82200,"diffPrev":"PT1M22.2S"},{"entryId":19902,"stageTimeMs":7423900,"stageTime":"PT2H3M43.9S","penaltyTimeMs":0,"penaltyTime":"PT0S","totalTimeMs":7423900,"totalTime":"PT2H3M43.9S","position":37,"diffFirstMs":1097600,"diffFirst":"PT18M17.6S","diffPrevMs":11300,"diffPrev":"PT11.3S"},{"entryId":19909,"stageTimeMs":7390400,"stageTime":"PT2H3M10.4S","penaltyTimeMs":40000,"penaltyTime":"PT40S","totalTimeMs":7430400,"totalTime":"PT2H3M50.4S","position":38,"diffFirstMs":1104100,"diffFirst":"PT18M24.1S","diffPrevMs":6500,"diffPrev":"PT6.5S"},{"entryId":19869,"stageTimeMs":7446400,"stageTime":"PT2H4M6.4S","penaltyTimeMs":0,"penaltyTime":"PT0S","totalTimeMs":7446400,"totalTime":"PT2H4M6.4S","position":39,"diffFirstMs":1120100,"diffFirst":"PT18M40.1S","diffPrevMs":16000,"diffPrev":"PT16S"},{"entryId":19933,"stageTimeMs":7523800,"stageTime":"PT2H5M23.8S","penaltyTimeMs":0,"penaltyTime":"PT0S","totalTimeMs":7523800,"totalTime":"PT2H5M23.8S","position":40,"diffFirstMs":1197500,"diffFirst":"PT19M57.5S","diffPrevMs":77400,"diffPrev":"PT1M17.4S"},{"entryId":19927,"stageTimeMs":7515800,"stageTime":"PT2H5M15.8S","penaltyTimeMs":10000,"penaltyTime":"PT10S","totalTimeMs":7525800,"totalTime":"PT2H5M25.8S","position":41,"diffFirstMs":1199500,"diffFirst":"PT19M59.5S","diffPrevMs":2000,"diffPrev":"PT2S"},{"entryId":19901,"stageTimeMs":7537400,"stageTime":"PT2H5M37.4S","penaltyTimeMs":0,"penaltyTime":"PT0S","totalTimeMs":7537400,"totalTime":"PT2H5M37.4S","position":42,"diffFirstMs":1211100,"diffFirst":"PT20M11.1S","diffPrevMs":11600,"diffPrev":"PT11.6S"},{"entryId":19950,"stageTimeMs":7597700,"stageTime":"PT2H6M37.7S","penaltyTimeMs":0,"penaltyTime":"PT0S","totalTimeMs":7597700,"totalTime":"PT2H6M37.7S","position":43,"diffFirstMs":1271400,"diffFirst":"PT21M11.4S","diffPrevMs":60300,"diffPrev":"PT1M0.3S"},{"entryId":19898,"stageTimeMs":7599100,"stageTime":"PT2H6M39.1S","penaltyTimeMs":0,"penaltyTime":"PT0S","totalTimeMs":7599100,"totalTime":"PT2H6M39.1S","position":44,"diffFirstMs":1272800,"diffFirst":"PT21M12.8S","diffPrevMs":1400,"diffPrev":"PT1.4S"},{"entryId":19948,"stageTimeMs":7621800,"stageTime":"PT2H7M1.8S","penaltyTimeMs":0,"penaltyTime":"PT0S","totalTimeMs":7621800,"totalTime":"PT2H7M1.8S","position":45,"diffFirstMs":1295500,"diffFirst":"PT21M35.5S","diffPrevMs":22700,"diffPrev":"PT22.7S"},{"entryId":19947,"stageTimeMs":7655000,"stageTime":"PT2H7M35S","penaltyTimeMs":0,"penaltyTime":"PT0S","totalTimeMs":7655000,"totalTime":"PT2H7M35S","position":46,"diffFirstMs":1328700,"diffFirst":"PT22M8.7S","diffPrevMs":33200,"diffPrev":"PT33.2S"},{"entryId":19935,"stageTimeMs":7696200,"stageTime":"PT2H8M16.2S","penaltyTimeMs":0,"penaltyTime":"PT0S","totalTimeMs":7696200,"totalTime":"PT2H8M16.2S","position":47,"diffFirstMs":1369900,"diffFirst":"PT22M49.9S","diffPrevMs":41200,"diffPrev":"PT41.2S"},{"entryId":19952,"stageTimeMs":7711600,"stageTime":"PT2H8M31.6S","penaltyTimeMs":0,"penaltyTime":"PT0S","totalTimeMs":7711600,"totalTime":"PT2H8M31.6S","position":48,"diffFirstMs":1385300,"diffFirst":"PT23M5.3S","diffPrevMs":15400,"diffPrev":"PT15.4S"},{"entryId":19951,"stageTimeMs":7834700,"stageTime":"PT2H10M34.7S","penaltyTimeMs":0,"penaltyTime":"PT0S","totalTimeMs":7834700,"totalTime":"PT2H10M34.7S","position":49,"diffFirstMs":1508400,"diffFirst":"PT25M8.4S","diffPrevMs":123100,"diffPrev":"PT2M3.1S"},{"entryId":19905,"stageTimeMs":7973700,"stageTime":"PT2H12M53.7S","penaltyTimeMs":0,"penaltyTime":"PT0S","totalTimeMs":7973700,"totalTime":"PT2H12M53.7S","position":50,"diffFirstMs":1647400,"diffFirst":"PT27M27.4S","diffPrevMs":139000,"diffPrev":"PT2M19S"},{"entryId":19931,"stageTimeMs":8210900,"stageTime":"PT2H16M50.9S","penaltyTimeMs":20000,"penaltyTime":"PT20S","totalTimeMs":8230900,"totalTime":"PT2H17M10.9S","position":51,"diffFirstMs":1904600,"diffFirst":"PT31M44.6S","diffPrevMs":257200,"diffPrev":"PT4M17.2S"},{"entryId":19940,"stageTimeMs":8424700,"stageTime":"PT2H20M24.7S","penaltyTimeMs":10000,"penaltyTime":"PT10S","totalTimeMs":8434700,"totalTime":"PT2H20M34.7S","position":52,"diffFirstMs":2108400,"diffFirst":"PT35M8.4S","diffPrevMs":203800,"diffPrev":"PT3M23.8S"},{"entryId":19944,"stageTimeMs":8478000,"stageTime":"PT2H21M18S","penaltyTimeMs":0,"penaltyTime":"PT0S","totalTimeMs":8478000,"totalTime":"PT2H21M18S","position":53,"diffFirstMs":2151700,"diffFirst":"PT35M51.7S","diffPrevMs":43300,"diffPrev":"PT43.3S"},{"entryId":19953,"stageTimeMs":8499900,"stageTime":"PT2H21M39.9S","penaltyTimeMs":0,"penaltyTime":"PT0S","totalTimeMs":8499900,"totalTime":"PT2H21M39.9S","position":54,"diffFirstMs":2173600,"diffFirst":"PT36M13.6S","diffPrevMs":21900,"diffPrev":"PT21.9S"},{"entryId":19863,"stageTimeMs":8440700,"stageTime":"PT2H20M40.7S","penaltyTimeMs":70000,"penaltyTime":"PT1M10S","totalTimeMs":8510700,"totalTime":"PT2H21M50.7S","position":55,"diffFirstMs":2184400,"diffFirst":"PT36M24.4S","diffPrevMs":10800,"diffPrev":"PT10.8S"},{"entryId":19922,"stageTimeMs":8575300,"stageTime":"PT2H22M55.3S","penaltyTimeMs":0,"penaltyTime":"PT0S","totalTimeMs":8575300,"totalTime":"PT2H22M55.3S","position":56,"diffFirstMs":2249000,"diffFirst":"PT37M29S","diffPrevMs":64600,"diffPrev":"PT1M4.6S"},{"entryId":19897,"stageTimeMs":8890800,"stageTime":"PT2H28M10.8S","penaltyTimeMs":0,"penaltyTime":"PT0S","totalTimeMs":8890800,"totalTime":"PT2H28M10.8S","position":57,"diffFirstMs":2564500,"diffFirst":"PT42M44.5S","diffPrevMs":315500,"diffPrev":"PT5M15.5S"},{"entryId":19938,"stageTimeMs":8857400,"stageTime":"PT2H27M37.4S","penaltyTimeMs":50000,"penaltyTime":"PT50S","totalTimeMs":8907400,"totalTime":"PT2H28M27.4S","position":58,"diffFirstMs":2581100,"diffFirst":"PT43M1.1S","diffPrevMs":16600,"diffPrev":"PT16.6S"},{"entryId":19930,"stageTimeMs":8909300,"stageTime":"PT2H28M29.3S","penaltyTimeMs":0,"penaltyTime":"PT0S","totalTimeMs":8909300,"totalTime":"PT2H28M29.3S","position":59,"diffFirstMs":2583000,"diffFirst":"PT43M3S","diffPrevMs":1900,"diffPrev":"PT1.9S"},{"entryId":19877,"stageTimeMs":9025700,"stageTime":"PT2H30M25.7S","penaltyTimeMs":40000,"penaltyTime":"PT40S","totalTimeMs":9065700,"totalTime":"PT2H31M5.7S","position":60,"diffFirstMs":2739400,"diffFirst":"PT45M39.4S","diffPrevMs":156400,"diffPrev":"PT2M36.4S"},{"entryId":19887,"stageTimeMs":9103100,"stageTime":"PT2H31M43.1S","penaltyTimeMs":0,"penaltyTime":"PT0S","totalTimeMs":9103100,"totalTime":"PT2H31M43.1S","position":61,"diffFirstMs":2776800,"diffFirst":"PT46M16.8S","diffPrevMs":37400,"diffPrev":"PT37.4S"},{"entryId":19946,"stageTimeMs":9281800,"stageTime":"PT2H34M41.8S","penaltyTimeMs":40000,"penaltyTime":"PT40S","totalTimeMs":9321800,"totalTime":"PT2H35M21.8S","position":62,"diffFirstMs":2995500,"diffFirst":"PT49M55.5S","diffPrevMs":218700,"diffPrev":"PT3M38.7S"},{"entryId":19956,"stageTimeMs":9586700,"stageTime":"PT2H39M46.7S","penaltyTimeMs":0,"penaltyTime":"PT0S","totalTimeMs":9586700,"totalTime":"PT2H39M46.7S","position":63,"diffFirstMs":3260400,"diffFirst":"PT54M20.4S","diffPrevMs":264900,"diffPrev":"PT4M24.9S"},{"entryId":19910,"stageTimeMs":9608500,"stageTime":"PT2H40M8.5S","penaltyTimeMs":0,"penaltyTime":"PT0S","totalTimeMs":9608500,"totalTime":"PT2H40M8.5S","position":64,"diffFirstMs":3282200,"diffFirst":"PT54M42.2S","diffPrevMs":21800,"diffPrev":"PT21.8S"},{"entryId":19883,"stageTimeMs":9880200,"stageTime":"PT2H44M40.2S","penaltyTimeMs":0,"penaltyTime":"PT0S","totalTimeMs":9880200,"totalTime":"PT2H44M40.2S","position":65,"diffFirstMs":3553900,"diffFirst":"PT59M13.9S","diffPrevMs":271700,"diffPrev":"PT4M31.7S"},{"entryId":19949,"stageTimeMs":10067700,"stageTime":"PT2H47M47.7S","penaltyTimeMs":0,"penaltyTime":"PT0S","totalTimeMs":10067700,"totalTime":"PT2H47M47.7S","position":66,"diffFirstMs":3741400,"diffFirst":"PT1H2M21.4S","diffPrevMs":187500,"diffPrev":"PT3M7.5S"},{"entryId":19929,"stageTimeMs":9906900,"stageTime":"PT2H45M6.9S","penaltyTimeMs":200000,"penaltyTime":"PT3M20S","totalTimeMs":10106900,"totalTime":"PT2H48M26.9S","position":67,"diffFirstMs":3780600,"diffFirst":"PT1H3M0.6S","diffPrevMs":39200,"diffPrev":"PT39.2S"},{"entryId":19943,"stageTimeMs":10813500,"stageTime":"PT3H13.5S","penaltyTimeMs":30000,"penaltyTime":"PT30S","totalTimeMs":10843500,"totalTime":"PT3H43.5S","position":68,"diffFirstMs":4517200,"diffFirst":"PT1H15M17.2S","diffPrevMs":736600,"diffPrev":"PT12M16.6S"},{"entryId":19932,"stageTimeMs":11415000,"stageTime":"PT3H10M15S","penaltyTimeMs":0,"penaltyTime":"PT0S","totalTimeMs":11415000,"totalTime":"PT3H10M15S","position":69,"diffFirstMs":5088700,"diffFirst":"PT1H24M48.7S","diffPrevMs":571500,"diffPrev":"PT9M31.5S"},{"entryId":19954,"stageTimeMs":13460300,"stageTime":"PT3H44M20.3S","penaltyTimeMs":0,"penaltyTime":"PT0S","totalTimeMs":13460300,"totalTime":"PT3H44M20.3S","position":70,"diffFirstMs":7134000,"diffFirst":"PT1H58M54S","diffPrevMs":2045300,"diffPrev":"PT34M5.3S"}]