{"splitPoints":[{"splitPointId":2463,"stageId":1228,"number":1,"distance":5.33},{"splitPointId":2467,"stageId":1228,"number":2,"distance":9.12}],"controls":[{"controlId":5228,"eventId":85,"stageId":1228,"type":"StageStart","code":"SS5","location":"MONTE BARANTA 1","timingPrecision":"Minute","distance":10.99,"targetDuration":"00:03:00","targetDurationMs":180000,"firstCarDueDateTime":"2019-06-14T09:18:00","firstCarDueDateTimeLocal":"2019-06-14T11:18:00+02:00","status":"Completed","controlPenalties":"None","roundingPolicy":"RoundToClosestMinute","locked":false},{"controlId":5229,"eventId":85,"stageId":1228,"type":"FlyingFinish","code":"SF5","location":"MONTE BARANTA 1","timingPrecision":"Tenth","distance":null,"targetDuration":null,"targetDurationMs":null,"firstCarDueDateTime":null,"firstCarDueDateTimeLocal":null,"status":"Completed","controlPenalties":"None","roundingPolicy":"NoRounding","locked":false},{"controlId":5239,"eventId":85,"stageId":1228,"type":"TimeControl","code":"TC5","location":"Grascioleddu","timingPrecision":"Minute","distance":40.58,"targetDuration":"01:06:00","targetDurationMs":3960000,"firstCarDueDateTime":"2019-06-14T09:15:00","firstCarDueDateTimeLocal":"2019-06-14T11:15:00+02:00","status":"Completed","controlPenalties":"All","roundingPolicy":"NoRounding","locked":false}],"stageId":1228,"eventId":85,"number":5,"name":"MONTE BARANTA 1","distance":10.99,"status":"Completed","stageType":"SpecialStage","timingPrecision":"Tenth","locked":false,"code":"SS5"}