[{"entryId":20363,"stageTimeMs":684800,"stageTime":"PT11M24.8S","penaltyTimeMs":0,"penaltyTime":"PT0S","totalTimeMs":684800,"totalTime":"PT11M24.8S","position":1,"diffFirstMs":0,"diffFirst":"PT0S","diffPrevMs":0,"diffPrev":"PT0S"},{"entryId":20367,"stageTimeMs":691600,"stageTime":"PT11M31.6S","penaltyTimeMs":0,"penaltyTime":"PT0S","totalTimeMs":691600,"totalTime":"PT11M31.6S","position":2,"diffFirstMs":6800,"diffFirst":"PT6.8S","diffPrevMs":6800,"diffPrev":"PT6.8S"},{"entryId":20360,"stageTimeMs":692900,"stageTime":"PT11M32.9S","penaltyTimeMs":0,"penaltyTime":"PT0S","totalTimeMs":692900,"totalTime":"PT11M32.9S","position":3,"diffFirstMs":8100,"diffFirst":"PT8.1S","diffPrevMs":1300,"diffPrev":"PT1.3S"},{"entryId":20369,"stageTimeMs":695600,"stageTime":"PT11M35.6S","penaltyTimeMs":0,"penaltyTime":"PT0S","totalTimeMs":695600,"totalTime":"PT11M35.6S","position":4,"diffFirstMs":10800,"diffFirst":"PT10.8S","diffPrevMs":2700,"diffPrev":"PT2.7S"},{"entryId":20365,"stageTimeMs":695900,"stageTime":"PT11M35.9S","penaltyTimeMs":0,"penaltyTime":"PT0S","totalTimeMs":695900,"totalTime":"PT11M35.9S","position":5,"diffFirstMs":11100,"diffFirst":"PT11.1S","diffPrevMs":300,"diffPrev":"PT0.3S"},{"entryId":20368,"stageTimeMs":696300,"stageTime":"PT11M36.3S","penaltyTimeMs":0,"penaltyTime":"PT0S","totalTimeMs":696300,"totalTime":"PT11M36.3S","position":6,"diffFirstMs":11500,"diffFirst":"PT11.5S","diffPrevMs":400,"diffPrev":"PT0.4S"},{"entryId":20366,"stageTimeMs":697700,"stageTime":"PT11M37.7S","penaltyTimeMs":0,"penaltyTime":"PT0S","totalTimeMs":697700,"totalTime":"PT11M37.7S","position":7,"diffFirstMs":12900,"diffFirst":"PT12.9S","diffPrevMs":1400,"diffPrev":"PT1.4S"},{"entryId":20361,"stageTimeMs":697900,"stageTime":"PT11M37.9S","penaltyTimeMs":0,"penaltyTime":"PT0S","totalTimeMs":697900,"totalTime":"PT11M37.9S","position":8,"diffFirstMs":13100,"diffFirst":"PT13.1S","diffPrevMs":200,"diffPrev":"PT0.2S"},{"entryId":20370,"stageTimeMs":698100,"stageTime":"PT11M38.1S","penaltyTimeMs":0,"penaltyTime":"PT0S","totalTimeMs":698100,"totalTime":"PT11M38.1S","position":9,"diffFirstMs":13300,"diffFirst":"PT13.3S","diffPrevMs":200,"diffPrev":"PT0.2S"},{"entryId":20362,"stageTimeMs":700700,"stageTime":"PT11M40.7S","penaltyTimeMs":0,"penaltyTime":"PT0S","totalTimeMs":700700,"totalTime":"PT11M40.7S","position":10,"diffFirstMs":15900,"diffFirst":"PT15.9S","diffPrevMs":2600,"diffPrev":"PT2.6S"},{"entryId":20371,"stageTimeMs":701300,"stageTime":"PT11M41.3S","penaltyTimeMs":0,"penaltyTime":"PT0S","totalTimeMs":701300,"totalTime":"PT11M41.3S","position":11,"diffFirstMs":16500,"diffFirst":"PT16.5S","diffPrevMs":600,"diffPrev":"PT0.6S"},{"entryId":20373,"stageTimeMs":710000,"stageTime":"PT11M50S","penaltyTimeMs":0,"penaltyTime":"PT0S","totalTimeMs":710000,"totalTime":"PT11M50S","position":12,"diffFirstMs":25200,"diffFirst":"PT25.2S","diffPrevMs":8700,"diffPrev":"PT8.7S"},{"entryId":20372,"stageTimeMs":711900,"stageTime":"PT11M51.9S","penaltyTimeMs":0,"penaltyTime":"PT0S","totalTimeMs":711900,"totalTime":"PT11M51.9S","position":13,"diffFirstMs":27100,"diffFirst":"PT27.1S","diffPrevMs":1900,"diffPrev":"PT1.9S"},{"entryId":20375,"stageTimeMs":714500,"stageTime":"PT11M54.5S","penaltyTimeMs":0,"penaltyTime":"PT0S","totalTimeMs":714500,"totalTime":"PT11M54.5S","position":14,"diffFirstMs":29700,"diffFirst":"PT29.7S","diffPrevMs":2600,"diffPrev":"PT2.6S"},{"entryId":20377,"stageTimeMs":715100,"stageTime":"PT11M55.1S","penaltyTimeMs":0,"penaltyTime":"PT0S","totalTimeMs":715100,"totalTime":"PT11M55.1S","position":15,"diffFirstMs":30300,"diffFirst":"PT30.3S","diffPrevMs":600,"diffPrev":"PT0.6S"},{"entryId":20389,"stageTimeMs":718800,"stageTime":"PT11M58.8S","penaltyTimeMs":0,"penaltyTime":"PT0S","totalTimeMs":718800,"totalTime":"PT11M58.8S","position":16,"diffFirstMs":34000,"diffFirst":"PT34S","diffPrevMs":3700,"diffPrev":"PT3.7S"},{"entryId":20403,"stageTimeMs":719900,"stageTime":"PT11M59.9S","penaltyTimeMs":0,"penaltyTime":"PT0S","totalTimeMs":719900,"totalTime":"PT11M59.9S","position":17,"diffFirstMs":35100,"diffFirst":"PT35.1S","diffPrevMs":1100,"diffPrev":"PT1.1S"},{"entryId":20374,"stageTimeMs":720400,"stageTime":"PT12M0.4S","penaltyTimeMs":0,"penaltyTime":"PT0S","totalTimeMs":720400,"totalTime":"PT12M0.4S","position":18,"diffFirstMs":35600,"diffFirst":"PT35.6S","diffPrevMs":500,"diffPrev":"PT0.5S"},{"entryId":20405,"stageTimeMs":722000,"stageTime":"PT12M2S","penaltyTimeMs":0,"penaltyTime":"PT0S","totalTimeMs":722000,"totalTime":"PT12M2S","position":19,"diffFirstMs":37200,"diffFirst":"PT37.2S","diffPrevMs":1600,"diffPrev":"PT1.6S"},{"entryId":20364,"stageTimeMs":723400,"stageTime":"PT12M3.4S","penaltyTimeMs":0,"penaltyTime":"PT0S","totalTimeMs":723400,"totalTime":"PT12M3.4S","position":20,"diffFirstMs":38600,"diffFirst":"PT38.6S","diffPrevMs":1400,"diffPrev":"PT1.4S"},{"entryId":20378,"stageTimeMs":724600,"stageTime":"PT12M4.6S","penaltyTimeMs":0,"penaltyTime":"PT0S","totalTimeMs":724600,"totalTime":"PT12M4.6S","position":21,"diffFirstMs":39800,"diffFirst":"PT39.8S","diffPrevMs":1200,"diffPrev":"PT1.2S"},{"entryId":20387,"stageTimeMs":724800,"stageTime":"PT12M4.8S","penaltyTimeMs":0,"penaltyTime":"PT0S","totalTimeMs":724800,"totalTime":"PT12M4.8S","position":22,"diffFirstMs":40000,"diffFirst":"PT40S","diffPrevMs":200,"diffPrev":"PT0.2S"},{"entryId":20379,"stageTimeMs":727300,"stageTime":"PT12M7.3S","penaltyTimeMs":0,"penaltyTime":"PT0S","totalTimeMs":727300,"totalTime":"PT12M7.3S","position":23,"diffFirstMs":42500,"diffFirst":"PT42.5S","diffPrevMs":2500,"diffPrev":"PT2.5S"},{"entryId":20383,"stageTimeMs":729200,"stageTime":"PT12M9.2S","penaltyTimeMs":0,"penaltyTime":"PT0S","totalTimeMs":729200,"totalTime":"PT12M9.2S","position":24,"diffFirstMs":44400,"diffFirst":"PT44.4S","diffPrevMs":1900,"diffPrev":"PT1.9S"},{"entryId":20406,"stageTimeMs":734400,"stageTime":"PT12M14.4S","penaltyTimeMs":0,"penaltyTime":"PT0S","totalTimeMs":734400,"totalTime":"PT12M14.4S","position":25,"diffFirstMs":49600,"diffFirst":"PT49.6S","diffPrevMs":5200,"diffPrev":"PT5.2S"},{"entryId":20404,"stageTimeMs":736300,"stageTime":"PT12M16.3S","penaltyTimeMs":0,"penaltyTime":"PT0S","totalTimeMs":736300,"totalTime":"PT12M16.3S","position":26,"diffFirstMs":51500,"diffFirst":"PT51.5S","diffPrevMs":1900,"diffPrev":"PT1.9S"},{"entryId":20380,"stageTimeMs":736400,"stageTime":"PT12M16.4S","penaltyTimeMs":0,"penaltyTime":"PT0S","totalTimeMs":736400,"totalTime":"PT12M16.4S","position":27,"diffFirstMs":51600,"diffFirst":"PT51.6S","diffPrevMs":100,"diffPrev":"PT0.1S"},{"entryId":20390,"stageTimeMs":737200,"stageTime":"PT12M17.2S","penaltyTimeMs":0,"penaltyTime":"PT0S","totalTimeMs":737200,"totalTime":"PT12M17.2S","position":28,"diffFirstMs":52400,"diffFirst":"PT52.4S","diffPrevMs":800,"diffPrev":"PT0.8S"},{"entryId":20376,"stageTimeMs":737900,"stageTime":"PT12M17.9S","penaltyTimeMs":0,"penaltyTime":"PT0S","totalTimeMs":737900,"totalTime":"PT12M17.9S","position":29,"diffFirstMs":53100,"diffFirst":"PT53.1S","diffPrevMs":700,"diffPrev":"PT0.7S"},{"entryId":20381,"stageTimeMs":739900,"stageTime":"PT12M19.9S","penaltyTimeMs":0,"penaltyTime":"PT0S","totalTimeMs":739900,"totalTime":"PT12M19.9S","position":30,"diffFirstMs":55100,"diffFirst":"PT55.1S","diffPrevMs":2000,"diffPrev":"PT2S"},{"entryId":20407,"stageTimeMs":745800,"stageTime":"PT12M25.8S","penaltyTimeMs":0,"penaltyTime":"PT0S","totalTimeMs":745800,"totalTime":"PT12M25.8S","position":31,"diffFirstMs":61000,"diffFirst":"PT1M1S","diffPrevMs":5900,"diffPrev":"PT5.9S"},{"entryId":20394,"stageTimeMs":774500,"stageTime":"PT12M54.5S","penaltyTimeMs":0,"penaltyTime":"PT0S","totalTimeMs":774500,"totalTime":"PT12M54.5S","position":32,"diffFirstMs":89700,"diffFirst":"PT1M29.7S","diffPrevMs":28700,"diffPrev":"PT28.7S"},{"entryId":20393,"stageTimeMs":774700,"stageTime":"PT12M54.7S","penaltyTimeMs":0,"penaltyTime":"PT0S","totalTimeMs":774700,"totalTime":"PT12M54.7S","position":33,"diffFirstMs":89900,"diffFirst":"PT1M29.9S","diffPrevMs":200,"diffPrev":"PT0.2S"},{"entryId":20392,"stageTimeMs":776900,"stageTime":"PT12M56.9S","penaltyTimeMs":0,"penaltyTime":"PT0S","totalTimeMs":776900,"totalTime":"PT12M56.9S","position":34,"diffFirstMs":92100,"diffFirst":"PT1M32.1S","diffPrevMs":2200,"diffPrev":"PT2.2S"},{"entryId":20385,"stageTimeMs":738900,"stageTime":"PT12M18.9S","penaltyTimeMs":50000,"penaltyTime":"PT50S","totalTimeMs":788900,"totalTime":"PT13M8.9S","position":35,"diffFirstMs":104100,"diffFirst":"PT1M44.1S","diffPrevMs":12000,"diffPrev":"PT12S"},{"entryId":20384,"stageTimeMs":798800,"stageTime":"PT13M18.8S","penaltyTimeMs":0,"penaltyTime":"PT0S","totalTimeMs":798800,"totalTime":"PT13M18.8S","position":36,"diffFirstMs":114000,"diffFirst":"PT1M54S","diffPrevMs":9900,"diffPrev":"PT9.9S"},{"entryId":20398,"stageTimeMs":808300,"stageTime":"PT13M28.3S","penaltyTimeMs":0,"penaltyTime":"PT0S","totalTimeMs":808300,"totalTime":"PT13M28.3S","position":37,"diffFirstMs":123500,"diffFirst":"PT2M3.5S","diffPrevMs":9500,"diffPrev":"PT9.5S"},{"entryId":20396,"stageTimeMs":818800,"stageTime":"PT13M38.8S","penaltyTimeMs":0,"penaltyTime":"PT0S","totalTimeMs":818800,"totalTime":"PT13M38.8S","position":38,"diffFirstMs":134000,"diffFirst":"PT2M14S","diffPrevMs":10500,"diffPrev":"PT10.5S"},{"entryId":20399,"stageTimeMs":823300,"stageTime":"PT13M43.3S","penaltyTimeMs":0,"penaltyTime":"PT0S","totalTimeMs":823300,"totalTime":"PT13M43.3S","position":39,"diffFirstMs":138500,"diffFirst":"PT2M18.5S","diffPrevMs":4500,"diffPrev":"PT4.5S"},{"entryId":20414,"stageTimeMs":824400,"stageTime":"PT13M44.4S","penaltyTimeMs":0,"penaltyTime":"PT0S","totalTimeMs":824400,"totalTime":"PT13M44.4S","position":40,"diffFirstMs":139600,"diffFirst":"PT2M19.6S","diffPrevMs":1100,"diffPrev":"PT1.1S"},{"entryId":20397,"stageTimeMs":826500,"stageTime":"PT13M46.5S","penaltyTimeMs":0,"penaltyTime":"PT0S","totalTimeMs":826500,"totalTime":"PT13M46.5S","position":41,"diffFirstMs":141700,"diffFirst":"PT2M21.7S","diffPrevMs":2100,"diffPrev":"PT2.1S"},{"entryId":20415,"stageTimeMs":808800,"stageTime":"PT13M28.8S","penaltyTimeMs":20000,"penaltyTime":"PT20S","totalTimeMs":828800,"totalTime":"PT13M48.8S","position":42,"diffFirstMs":144000,"diffFirst":"PT2M24S","diffPrevMs":2300,"diffPrev":"PT2.3S"},{"entryId":20412,"stageTimeMs":806200,"stageTime":"PT13M26.2S","penaltyTimeMs":40000,"penaltyTime":"PT40S","totalTimeMs":846200,"totalTime":"PT14M6.2S","position":43,"diffFirstMs":161400,"diffFirst":"PT2M41.4S","diffPrevMs":17400,"diffPrev":"PT17.4S"},{"entryId":20409,"stageTimeMs":795100,"stageTime":"PT13M15.1S","penaltyTimeMs":60000,"penaltyTime":"PT1M","totalTimeMs":855100,"totalTime":"PT14M15.1S","position":44,"diffFirstMs":170300,"diffFirst":"PT2M50.3S","diffPrevMs":8900,"diffPrev":"PT8.9S"},{"entryId":20416,"stageTimeMs":846000,"stageTime":"PT14M6S","penaltyTimeMs":10000,"penaltyTime":"PT10S","totalTimeMs":856000,"totalTime":"PT14M16S","position":45,"diffFirstMs":171200,"diffFirst":"PT2M51.2S","diffPrevMs":900,"diffPrev":"PT0.9S"},{"entryId":20408,"stageTimeMs":836400,"stageTime":"PT13M56.4S","penaltyTimeMs":20000,"penaltyTime":"PT20S","totalTimeMs":856400,"totalTime":"PT14M16.4S","position":46,"diffFirstMs":171600,"diffFirst":"PT2M51.6S","diffPrevMs":400,"diffPrev":"PT0.4S"},{"entryId":20401,"stageTimeMs":858500,"stageTime":"PT14M18.5S","penaltyTimeMs":0,"penaltyTime":"PT0S","totalTimeMs":858500,"totalTime":"PT14M18.5S","position":47,"diffFirstMs":173700,"diffFirst":"PT2M53.7S","diffPrevMs":2100,"diffPrev":"PT2.1S"},{"entryId":20402,"stageTimeMs":920400,"stageTime":"PT15M20.4S","penaltyTimeMs":0,"penaltyTime":"PT0S","totalTimeMs":920400,"totalTime":"PT15M20.4S","position":48,"diffFirstMs":235600,"diffFirst":"PT3M55.6S","diffPrevMs":61900,"diffPrev":"PT1M1.9S"},{"entryId":20395,"stageTimeMs":950700,"stageTime":"PT15M50.7S","penaltyTimeMs":0,"penaltyTime":"PT0S","totalTimeMs":950700,"totalTime":"PT15M50.7S","position":49,"diffFirstMs":265900,"diffFirst":"PT4M25.9S","diffPrevMs":30300,"diffPrev":"PT30.3S"},{"entryId":20413,"stageTimeMs":934400,"stageTime":"PT15M34.4S","penaltyTimeMs":40000,"penaltyTime":"PT40S","totalTimeMs":974400,"totalTime":"PT16M14.4S","position":50,"diffFirstMs":289600,"diffFirst":"PT4M49.6S","diffPrevMs":23700,"diffPrev":"PT23.7S"},{"entryId":20417,"stageTimeMs":1000200,"stageTime":"PT16M40.2S","penaltyTimeMs":70000,"penaltyTime":"PT1M10S","totalTimeMs":1070200,"totalTime":"PT17M50.2S","position":51,"diffFirstMs":385400,"diffFirst":"PT6M25.4S","diffPrevMs":95800,"diffPrev":"PT1M35.8S"},{"entryId":20388,"stageTimeMs":1139000,"stageTime":"PT18M59S","penaltyTimeMs":0,"penaltyTime":"PT0S","totalTimeMs":1139000,"totalTime":"PT18M59S","position":52,"diffFirstMs":454200,"diffFirst":"PT7M34.2S","diffPrevMs":68800,"diffPrev":"PT1M8.8S"}]