[{"startDateTime":"2019-08-03T08:34:00","startDateTimeLocal":"2019-08-03T11:34:00+03:00","stageTimeDurationMs":342100,"stageTimeDuration":"00:05:42.1000000","splitPointTimeId":86014,"splitPointId":2591,"entryId":20062,"elapsedDurationMs":105800,"elapsedDuration":"PT1M45.8S","splitDateTime":"2019-08-03T08:35:45.8","splitDateTimeLocal":"2019-08-03T11:35:45.8+03:00"},{"startDateTime":"2019-08-03T08:36:00","startDateTimeLocal":"2019-08-03T11:36:00+03:00","stageTimeDurationMs":333000,"stageTimeDuration":"00:05:33","splitPointTimeId":86021,"splitPointId":2591,"entryId":20054,"elapsedDurationMs":103500,"elapsedDuration":"PT1M43.5S","splitDateTime":"2019-08-03T08:37:43.5","splitDateTimeLocal":"2019-08-03T11:37:43.5+03:00"},{"startDateTime":"2019-08-03T08:38:00","startDateTimeLocal":"2019-08-03T11:38:00+03:00","stageTimeDurationMs":331800,"stageTimeDuration":"00:05:31.8000000","splitPointTimeId":86028,"splitPointId":2591,"entryId":20059,"elapsedDurationMs":102800,"elapsedDuration":"PT1M42.8S","splitDateTime":"2019-08-03T08:39:42.8","splitDateTimeLocal":"2019-08-03T11:39:42.8+03:00"},{"startDateTime":"2019-08-03T08:40:00","startDateTimeLocal":"2019-08-03T11:40:00+03:00","stageTimeDurationMs":329400,"stageTimeDuration":"00:05:29.4000000","splitPointTimeId":86034,"splitPointId":2591,"entryId":20053,"elapsedDurationMs":102200,"elapsedDuration":"PT1M42.2S","splitDateTime":"2019-08-03T08:41:42.2","splitDateTimeLocal":"2019-08-03T11:41:42.2+03:00"},{"startDateTime":"2019-08-03T08:42:00","startDateTimeLocal":"2019-08-03T11:42:00+03:00","stageTimeDurationMs":330400,"stageTimeDuration":"00:05:30.4000000","splitPointTimeId":86040,"splitPointId":2591,"entryId":20064,"elapsedDurationMs":101900,"elapsedDuration":"PT1M41.9S","splitDateTime":"2019-08-03T08:43:41.9","splitDateTimeLocal":"2019-08-03T11:43:41.9+03:00"},{"startDateTime":"2019-08-03T08:44:00","startDateTimeLocal":"2019-08-03T11:44:00+03:00","stageTimeDurationMs":329600,"stageTimeDuration":"00:05:29.6000000","splitPointTimeId":86044,"splitPointId":2591,"entryId":20063,"elapsedDurationMs":102800,"elapsedDuration":"PT1M42.8S","splitDateTime":"2019-08-03T08:45:42.8","splitDateTimeLocal":"2019-08-03T11:45:42.8+03:00"},{"startDateTime":"2019-08-03T08:46:00","startDateTimeLocal":"2019-08-03T11:46:00+03:00","stageTimeDurationMs":327300,"stageTimeDuration":"00:05:27.3000000","splitPointTimeId":86047,"splitPointId":2591,"entryId":20057,"elapsedDurationMs":101500,"elapsedDuration":"PT1M41.5S","splitDateTime":"2019-08-03T08:47:41.5","splitDateTimeLocal":"2019-08-03T11:47:41.5+03:00"},{"startDateTime":"2019-08-03T08:48:00","startDateTimeLocal":"2019-08-03T11:48:00+03:00","stageTimeDurationMs":329000,"stageTimeDuration":"00:05:29","splitPointTimeId":86049,"splitPointId":2591,"entryId":20055,"elapsedDurationMs":101800,"elapsedDuration":"PT1M41.8S","splitDateTime":"2019-08-03T08:49:41.8","splitDateTimeLocal":"2019-08-03T11:49:41.8+03:00"},{"startDateTime":"2019-08-03T08:52:00","startDateTimeLocal":"2019-08-03T11:52:00+03:00","stageTimeDurationMs":327200,"stageTimeDuration":"00:05:27.2000000","splitPointTimeId":86052,"splitPointId":2591,"entryId":20058,"elapsedDurationMs":101400,"elapsedDuration":"PT1M41.4S","splitDateTime":"2019-08-03T08:53:41.4","splitDateTimeLocal":"2019-08-03T11:53:41.4+03:00"},{"startDateTime":"2019-08-03T08:54:00","startDateTimeLocal":"2019-08-03T11:54:00+03:00","stageTimeDurationMs":344700,"stageTimeDuration":"00:05:44.7000000","splitPointTimeId":86053,"splitPointId":2591,"entryId":20065,"elapsedDurationMs":107500,"elapsedDuration":"PT1M47.5S","splitDateTime":"2019-08-03T08:55:47.5","splitDateTimeLocal":"2019-08-03T11:55:47.5+03:00"},{"startDateTime":"2019-08-03T08:56:00","startDateTimeLocal":"2019-08-03T11:56:00+03:00","stageTimeDurationMs":357600,"stageTimeDuration":"00:05:57.6000000","splitPointTimeId":86055,"splitPointId":2591,"entryId":20067,"elapsedDurationMs":112200,"elapsedDuration":"PT1M52.2S","splitDateTime":"2019-08-03T08:57:52.2","splitDateTimeLocal":"2019-08-03T11:57:52.2+03:00"},{"startDateTime":"2019-08-03T08:58:00","startDateTimeLocal":"2019-08-03T11:58:00+03:00","stageTimeDurationMs":351500,"stageTimeDuration":"00:05:51.5000000","splitPointTimeId":86057,"splitPointId":2591,"entryId":20068,"elapsedDurationMs":109000,"elapsedDuration":"PT1M49S","splitDateTime":"2019-08-03T08:59:49","splitDateTimeLocal":"2019-08-03T11:59:49+03:00"},{"startDateTime":"2019-08-03T09:02:00","startDateTimeLocal":"2019-08-03T12:02:00+03:00","stageTimeDurationMs":352200,"stageTimeDuration":"00:05:52.2000000","splitPointTimeId":86060,"splitPointId":2591,"entryId":20070,"elapsedDurationMs":110200,"elapsedDuration":"PT1M50.2S","splitDateTime":"2019-08-03T09:03:50.2","splitDateTimeLocal":"2019-08-03T12:03:50.2+03:00"},{"startDateTime":"2019-08-03T09:04:00","startDateTimeLocal":"2019-08-03T12:04:00+03:00","stageTimeDurationMs":351300,"stageTimeDuration":"00:05:51.3000000","splitPointTimeId":86061,"splitPointId":2591,"entryId":20092,"elapsedDurationMs":109100,"elapsedDuration":"PT1M49.1S","splitDateTime":"2019-08-03T09:05:49.1","splitDateTimeLocal":"2019-08-03T12:05:49.1+03:00"},{"startDateTime":"2019-08-03T09:06:00","startDateTimeLocal":"2019-08-03T12:06:00+03:00","stageTimeDurationMs":346000,"stageTimeDuration":"00:05:46","splitPointTimeId":86063,"splitPointId":2591,"entryId":20075,"elapsedDurationMs":108200,"elapsedDuration":"PT1M48.2S","splitDateTime":"2019-08-03T09:07:48.2","splitDateTimeLocal":"2019-08-03T12:07:48.2+03:00"},{"startDateTime":"2019-08-03T09:08:00","startDateTimeLocal":"2019-08-03T12:08:00+03:00","stageTimeDurationMs":347300,"stageTimeDuration":"00:05:47.3000000","splitPointTimeId":86065,"splitPointId":2591,"entryId":20073,"elapsedDurationMs":108100,"elapsedDuration":"PT1M48.1S","splitDateTime":"2019-08-03T09:09:48.1","splitDateTimeLocal":"2019-08-03T12:09:48.1+03:00"},{"startDateTime":"2019-08-03T09:10:00","startDateTimeLocal":"2019-08-03T12:10:00+03:00","stageTimeDurationMs":350900,"stageTimeDuration":"00:05:50.9000000","splitPointTimeId":86067,"splitPointId":2591,"entryId":20074,"elapsedDurationMs":109100,"elapsedDuration":"PT1M49.1S","splitDateTime":"2019-08-03T09:11:49.1","splitDateTimeLocal":"2019-08-03T12:11:49.1+03:00"},{"startDateTime":"2019-08-03T09:12:00","startDateTimeLocal":"2019-08-03T12:12:00+03:00","stageTimeDurationMs":353000,"stageTimeDuration":"00:05:53","splitPointTimeId":86069,"splitPointId":2591,"entryId":20071,"elapsedDurationMs":109400,"elapsedDuration":"PT1M49.4S","splitDateTime":"2019-08-03T09:13:49.4","splitDateTimeLocal":"2019-08-03T12:13:49.4+03:00"},{"startDateTime":"2019-08-03T09:16:00","startDateTimeLocal":"2019-08-03T12:16:00+03:00","stageTimeDurationMs":445000,"stageTimeDuration":"00:07:25","splitPointTimeId":86072,"splitPointId":2591,"entryId":20077,"elapsedDurationMs":143100,"elapsedDuration":"PT2M23.1S","splitDateTime":"2019-08-03T09:18:23.1","splitDateTimeLocal":"2019-08-03T12:18:23.1+03:00"},{"startDateTime":"2019-08-03T09:22:00","startDateTimeLocal":"2019-08-03T12:22:00+03:00","stageTimeDurationMs":372300,"stageTimeDuration":"00:06:12.3000000","splitPointTimeId":86074,"splitPointId":2591,"entryId":20060,"elapsedDurationMs":115000,"elapsedDuration":"PT1M55S","splitDateTime":"2019-08-03T09:23:55","splitDateTimeLocal":"2019-08-03T12:23:55+03:00"},{"startDateTime":"2019-08-03T09:24:00","startDateTimeLocal":"2019-08-03T12:24:00+03:00","stageTimeDurationMs":382600,"stageTimeDuration":"00:06:22.6000000","splitPointTimeId":86075,"splitPointId":2591,"entryId":20079,"elapsedDurationMs":121000,"elapsedDuration":"PT2M1S","splitDateTime":"2019-08-03T09:26:01","splitDateTimeLocal":"2019-08-03T12:26:01+03:00"},{"startDateTime":"2019-08-03T09:25:00","startDateTimeLocal":"2019-08-03T12:25:00+03:00","stageTimeDurationMs":380000,"stageTimeDuration":"00:06:20","splitPointTimeId":86077,"splitPointId":2591,"entryId":20078,"elapsedDurationMs":120900,"elapsedDuration":"PT2M0.9S","splitDateTime":"2019-08-03T09:27:00.9","splitDateTimeLocal":"2019-08-03T12:27:00.9+03:00"},{"startDateTime":"2019-08-03T09:26:00","startDateTimeLocal":"2019-08-03T12:26:00+03:00","stageTimeDurationMs":385100,"stageTimeDuration":"00:06:25.1000000","splitPointTimeId":86078,"splitPointId":2591,"entryId":20080,"elapsedDurationMs":122700,"elapsedDuration":"PT2M2.7S","splitDateTime":"2019-08-03T09:28:02.7","splitDateTimeLocal":"2019-08-03T12:28:02.7+03:00"},{"startDateTime":"2019-08-03T09:27:00","startDateTimeLocal":"2019-08-03T12:27:00+03:00","stageTimeDurationMs":381300,"stageTimeDuration":"00:06:21.3000000","splitPointTimeId":86080,"splitPointId":2591,"entryId":20082,"elapsedDurationMs":120800,"elapsedDuration":"PT2M0.8S","splitDateTime":"2019-08-03T09:29:00.8","splitDateTimeLocal":"2019-08-03T12:29:00.8+03:00"},{"startDateTime":"2019-08-03T09:29:00","startDateTimeLocal":"2019-08-03T12:29:00+03:00","stageTimeDurationMs":383300,"stageTimeDuration":"00:06:23.3000000","splitPointTimeId":86083,"splitPointId":2591,"entryId":20090,"elapsedDurationMs":123000,"elapsedDuration":"PT2M3S","splitDateTime":"2019-08-03T09:31:03","splitDateTimeLocal":"2019-08-03T12:31:03+03:00"},{"startDateTime":"2019-08-03T09:30:00","startDateTimeLocal":"2019-08-03T12:30:00+03:00","stageTimeDurationMs":385700,"stageTimeDuration":"00:06:25.7000000","splitPointTimeId":86085,"splitPointId":2591,"entryId":20106,"elapsedDurationMs":123000,"elapsedDuration":"PT2M3S","splitDateTime":"2019-08-03T09:32:03","splitDateTimeLocal":"2019-08-03T12:32:03+03:00"},{"startDateTime":"2019-08-03T09:31:00","startDateTimeLocal":"2019-08-03T12:31:00+03:00","stageTimeDurationMs":378400,"stageTimeDuration":"00:06:18.4000000","splitPointTimeId":86086,"splitPointId":2591,"entryId":20099,"elapsedDurationMs":117100,"elapsedDuration":"PT1M57.1S","splitDateTime":"2019-08-03T09:32:57.1","splitDateTimeLocal":"2019-08-03T12:32:57.1+03:00"},{"startDateTime":"2019-08-03T09:33:00","startDateTimeLocal":"2019-08-03T12:33:00+03:00","stageTimeDurationMs":381500,"stageTimeDuration":"00:06:21.5000000","splitPointTimeId":86089,"splitPointId":2591,"entryId":20098,"elapsedDurationMs":119300,"elapsedDuration":"PT1M59.3S","splitDateTime":"2019-08-03T09:34:59.3","splitDateTimeLocal":"2019-08-03T12:34:59.3+03:00"},{"startDateTime":"2019-08-03T09:34:00","startDateTimeLocal":"2019-08-03T12:34:00+03:00","stageTimeDurationMs":432100,"stageTimeDuration":"00:07:12.1000000","splitPointTimeId":86091,"splitPointId":2591,"entryId":20103,"elapsedDurationMs":125300,"elapsedDuration":"PT2M5.3S","splitDateTime":"2019-08-03T09:36:05.3","splitDateTimeLocal":"2019-08-03T12:36:05.3+03:00"},{"startDateTime":"2019-08-03T09:35:00","startDateTimeLocal":"2019-08-03T12:35:00+03:00","stageTimeDurationMs":388700,"stageTimeDuration":"00:06:28.7000000","splitPointTimeId":86092,"splitPointId":2591,"entryId":20091,"elapsedDurationMs":123800,"elapsedDuration":"PT2M3.8S","splitDateTime":"2019-08-03T09:37:03.8","splitDateTimeLocal":"2019-08-03T12:37:03.8+03:00"},{"startDateTime":"2019-08-03T09:37:00","startDateTimeLocal":"2019-08-03T12:37:00+03:00","stageTimeDurationMs":390600,"stageTimeDuration":"00:06:30.6000000","splitPointTimeId":86094,"splitPointId":2591,"entryId":20100,"elapsedDurationMs":122200,"elapsedDuration":"PT2M2.2S","splitDateTime":"2019-08-03T09:39:02.2","splitDateTimeLocal":"2019-08-03T12:39:02.2+03:00"},{"startDateTime":"2019-08-03T09:38:00","startDateTimeLocal":"2019-08-03T12:38:00+03:00","stageTimeDurationMs":397400,"stageTimeDuration":"00:06:37.4000000","splitPointTimeId":86097,"splitPointId":2591,"entryId":20109,"elapsedDurationMs":126700,"elapsedDuration":"PT2M6.7S","splitDateTime":"2019-08-03T09:40:06.7","splitDateTimeLocal":"2019-08-03T12:40:06.7+03:00"},{"startDateTime":"2019-08-03T09:39:00","startDateTimeLocal":"2019-08-03T12:39:00+03:00","stageTimeDurationMs":395000,"stageTimeDuration":"00:06:35","splitPointTimeId":86099,"splitPointId":2591,"entryId":20107,"elapsedDurationMs":126600,"elapsedDuration":"PT2M6.6S","splitDateTime":"2019-08-03T09:41:06.6","splitDateTimeLocal":"2019-08-03T12:41:06.6+03:00"},{"startDateTime":"2019-08-03T09:40:00","startDateTimeLocal":"2019-08-03T12:40:00+03:00","stageTimeDurationMs":387500,"stageTimeDuration":"00:06:27.5000000","splitPointTimeId":86100,"splitPointId":2591,"entryId":20081,"elapsedDurationMs":124200,"elapsedDuration":"PT2M4.2S","splitDateTime":"2019-08-03T09:42:04.2","splitDateTimeLocal":"2019-08-03T12:42:04.2+03:00"},{"startDateTime":"2019-08-03T09:41:00","startDateTimeLocal":"2019-08-03T12:41:00+03:00","stageTimeDurationMs":387600,"stageTimeDuration":"00:06:27.6000000","splitPointTimeId":86103,"splitPointId":2591,"entryId":20104,"elapsedDurationMs":120300,"elapsedDuration":"PT2M0.3S","splitDateTime":"2019-08-03T09:43:00.3","splitDateTimeLocal":"2019-08-03T12:43:00.3+03:00"},{"startDateTime":"2019-08-03T09:42:00","startDateTimeLocal":"2019-08-03T12:42:00+03:00","stageTimeDurationMs":441300,"stageTimeDuration":"00:07:21.3000000","splitPointTimeId":86105,"splitPointId":2591,"entryId":20087,"elapsedDurationMs":144800,"elapsedDuration":"PT2M24.8S","splitDateTime":"2019-08-03T09:44:24.8","splitDateTimeLocal":"2019-08-03T12:44:24.8+03:00"},{"startDateTime":"2019-08-03T09:46:00","startDateTimeLocal":"2019-08-03T12:46:00+03:00","stageTimeDurationMs":413900,"stageTimeDuration":"00:06:53.9000000","splitPointTimeId":86109,"splitPointId":2591,"entryId":20112,"elapsedDurationMs":131500,"elapsedDuration":"PT2M11.5S","splitDateTime":"2019-08-03T09:48:11.5","splitDateTimeLocal":"2019-08-03T12:48:11.5+03:00"},{"startDateTime":"2019-08-03T09:48:00","startDateTimeLocal":"2019-08-03T12:48:00+03:00","stageTimeDurationMs":413100,"stageTimeDuration":"00:06:53.1000000","splitPointTimeId":86111,"splitPointId":2591,"entryId":20089,"elapsedDurationMs":131700,"elapsedDuration":"PT2M11.7S","splitDateTime":"2019-08-03T09:50:11.7","splitDateTimeLocal":"2019-08-03T12:50:11.7+03:00"},{"startDateTime":"2019-08-03T09:49:00","startDateTimeLocal":"2019-08-03T12:49:00+03:00","stageTimeDurationMs":414000,"stageTimeDuration":"00:06:54","splitPointTimeId":86113,"splitPointId":2591,"entryId":20105,"elapsedDurationMs":128100,"elapsedDuration":"PT2M8.1S","splitDateTime":"2019-08-03T09:51:08.1","splitDateTimeLocal":"2019-08-03T12:51:08.1+03:00"},{"startDateTime":"2019-08-03T09:50:00","startDateTimeLocal":"2019-08-03T12:50:00+03:00","stageTimeDurationMs":418800,"stageTimeDuration":"00:06:58.8000000","splitPointTimeId":86114,"splitPointId":2591,"entryId":20101,"elapsedDurationMs":129800,"elapsedDuration":"PT2M9.8S","splitDateTime":"2019-08-03T09:52:09.8","splitDateTimeLocal":"2019-08-03T12:52:09.8+03:00"},{"startDateTime":"2019-08-03T09:52:00","startDateTimeLocal":"2019-08-03T12:52:00+03:00","stageTimeDurationMs":391700,"stageTimeDuration":"00:06:31.7000000","splitPointTimeId":86117,"splitPointId":2591,"entryId":20102,"elapsedDurationMs":123700,"elapsedDuration":"PT2M3.7S","splitDateTime":"2019-08-03T09:54:03.7","splitDateTimeLocal":"2019-08-03T12:54:03.7+03:00"},{"startDateTime":"2019-08-03T09:54:00","startDateTimeLocal":"2019-08-03T12:54:00+03:00","stageTimeDurationMs":431800,"stageTimeDuration":"00:07:11.8000000","splitPointTimeId":86119,"splitPointId":2591,"entryId":20113,"elapsedDurationMs":138500,"elapsedDuration":"PT2M18.5S","splitDateTime":"2019-08-03T09:56:18.5","splitDateTimeLocal":"2019-08-03T12:56:18.5+03:00"},{"startDateTime":"2019-08-03T09:55:00","startDateTimeLocal":"2019-08-03T12:55:00+03:00","stageTimeDurationMs":448100,"stageTimeDuration":"00:07:28.1000000","splitPointTimeId":86121,"splitPointId":2591,"entryId":20110,"elapsedDurationMs":142800,"elapsedDuration":"PT2M22.8S","splitDateTime":"2019-08-03T09:57:22.8","splitDateTimeLocal":"2019-08-03T12:57:22.8+03:00"},{"startDateTime":"2019-08-03T09:53:00","startDateTimeLocal":"2019-08-03T12:53:00+03:00","stageTimeDurationMs":413200,"stageTimeDuration":"00:06:53.2000000","splitPointTimeId":86122,"splitPointId":2591,"entryId":20086,"elapsedDurationMs":299100,"elapsedDuration":"PT4M59.1S","splitDateTime":"2019-08-03T09:57:59.1","splitDateTimeLocal":"2019-08-03T12:57:59.1+03:00"},{"startDateTime":"2019-08-03T09:56:00","startDateTimeLocal":"2019-08-03T12:56:00+03:00","stageTimeDurationMs":524600,"stageTimeDuration":"00:08:44.6000000","splitPointTimeId":86125,"splitPointId":2591,"entryId":20114,"elapsedDurationMs":203700,"elapsedDuration":"PT3M23.7S","splitDateTime":"2019-08-03T10:00:23.7","splitDateTimeLocal":"2019-08-03T13:00:23.7+03:00"},{"startDateTime":"2019-08-03T09:58:00","startDateTimeLocal":"2019-08-03T12:58:00+03:00","stageTimeDurationMs":480300,"stageTimeDuration":"00:08:00.3000000","splitPointTimeId":86127,"splitPointId":2591,"entryId":20115,"elapsedDurationMs":154000,"elapsedDuration":"PT2M34S","splitDateTime":"2019-08-03T10:00:34","splitDateTimeLocal":"2019-08-03T13:00:34+03:00"},{"startDateTime":"2019-08-03T09:59:00","startDateTimeLocal":"2019-08-03T12:59:00+03:00","stageTimeDurationMs":488800,"stageTimeDuration":"00:08:08.8000000","splitPointTimeId":86128,"splitPointId":2591,"entryId":20116,"elapsedDurationMs":156800,"elapsedDuration":"PT2M36.8S","splitDateTime":"2019-08-03T10:01:36.8","splitDateTimeLocal":"2019-08-03T13:01:36.8+03:00"},{"startDateTime":"2019-08-03T08:34:00","startDateTimeLocal":"2019-08-03T11:34:00+03:00","stageTimeDurationMs":342100,"stageTimeDuration":"00:05:42.1000000","splitPointTimeId":86024,"splitPointId":2593,"entryId":20062,"elapsedDurationMs":248200,"elapsedDuration":"PT4M8.2S","splitDateTime":"2019-08-03T08:38:08.2","splitDateTimeLocal":"2019-08-03T11:38:08.2+03:00"},{"startDateTime":"2019-08-03T08:36:00","startDateTimeLocal":"2019-08-03T11:36:00+03:00","stageTimeDurationMs":333000,"stageTimeDuration":"00:05:33","splitPointTimeId":86030,"splitPointId":2593,"entryId":20054,"elapsedDurationMs":241200,"elapsedDuration":"PT4M1.2S","splitDateTime":"2019-08-03T08:40:01.2","splitDateTimeLocal":"2019-08-03T11:40:01.2+03:00"},{"startDateTime":"2019-08-03T08:38:00","startDateTimeLocal":"2019-08-03T11:38:00+03:00","stageTimeDurationMs":331800,"stageTimeDuration":"00:05:31.8000000","splitPointTimeId":86036,"splitPointId":2593,"entryId":20059,"elapsedDurationMs":240800,"elapsedDuration":"PT4M0.8S","splitDateTime":"2019-08-03T08:42:00.8","splitDateTimeLocal":"2019-08-03T11:42:00.8+03:00"},{"startDateTime":"2019-08-03T08:40:00","startDateTimeLocal":"2019-08-03T11:40:00+03:00","stageTimeDurationMs":329400,"stageTimeDuration":"00:05:29.4000000","splitPointTimeId":86041,"splitPointId":2593,"entryId":20053,"elapsedDurationMs":238500,"elapsedDuration":"PT3M58.5S","splitDateTime":"2019-08-03T08:43:58.5","splitDateTimeLocal":"2019-08-03T11:43:58.5+03:00"},{"startDateTime":"2019-08-03T08:42:00","startDateTimeLocal":"2019-08-03T11:42:00+03:00","stageTimeDurationMs":330400,"stageTimeDuration":"00:05:30.4000000","splitPointTimeId":86045,"splitPointId":2593,"entryId":20064,"elapsedDurationMs":239100,"elapsedDuration":"PT3M59.1S","splitDateTime":"2019-08-03T08:45:59.1","splitDateTimeLocal":"2019-08-03T11:45:59.1+03:00"},{"startDateTime":"2019-08-03T08:44:00","startDateTimeLocal":"2019-08-03T11:44:00+03:00","stageTimeDurationMs":329600,"stageTimeDuration":"00:05:29.6000000","splitPointTimeId":86048,"splitPointId":2593,"entryId":20063,"elapsedDurationMs":239000,"elapsedDuration":"PT3M59S","splitDateTime":"2019-08-03T08:47:59","splitDateTimeLocal":"2019-08-03T11:47:59+03:00"},{"startDateTime":"2019-08-03T08:46:00","startDateTimeLocal":"2019-08-03T11:46:00+03:00","stageTimeDurationMs":327300,"stageTimeDuration":"00:05:27.3000000","splitPointTimeId":86050,"splitPointId":2593,"entryId":20057,"elapsedDurationMs":237700,"elapsedDuration":"PT3M57.7S","splitDateTime":"2019-08-03T08:49:57.7","splitDateTimeLocal":"2019-08-03T11:49:57.7+03:00"},{"startDateTime":"2019-08-03T08:48:00","startDateTimeLocal":"2019-08-03T11:48:00+03:00","stageTimeDurationMs":329000,"stageTimeDuration":"00:05:29","splitPointTimeId":86051,"splitPointId":2593,"entryId":20055,"elapsedDurationMs":238700,"elapsedDuration":"PT3M58.7S","splitDateTime":"2019-08-03T08:51:58.7","splitDateTimeLocal":"2019-08-03T11:51:58.7+03:00"},{"startDateTime":"2019-08-03T08:52:00","startDateTimeLocal":"2019-08-03T11:52:00+03:00","stageTimeDurationMs":327200,"stageTimeDuration":"00:05:27.2000000","splitPointTimeId":86054,"splitPointId":2593,"entryId":20058,"elapsedDurationMs":237200,"elapsedDuration":"PT3M57.2S","splitDateTime":"2019-08-03T08:55:57.2","splitDateTimeLocal":"2019-08-03T11:55:57.2+03:00"},{"startDateTime":"2019-08-03T08:54:00","startDateTimeLocal":"2019-08-03T11:54:00+03:00","stageTimeDurationMs":344700,"stageTimeDuration":"00:05:44.7000000","splitPointTimeId":86056,"splitPointId":2593,"entryId":20065,"elapsedDurationMs":249600,"elapsedDuration":"PT4M9.6S","splitDateTime":"2019-08-03T08:58:09.6","splitDateTimeLocal":"2019-08-03T11:58:09.6+03:00"},{"startDateTime":"2019-08-03T08:56:00","startDateTimeLocal":"2019-08-03T11:56:00+03:00","stageTimeDurationMs":357600,"stageTimeDuration":"00:05:57.6000000","splitPointTimeId":86058,"splitPointId":2593,"entryId":20067,"elapsedDurationMs":259800,"elapsedDuration":"PT4M19.8S","splitDateTime":"2019-08-03T09:00:19.8","splitDateTimeLocal":"2019-08-03T12:00:19.8+03:00"},{"startDateTime":"2019-08-03T08:58:00","startDateTimeLocal":"2019-08-03T11:58:00+03:00","stageTimeDurationMs":351500,"stageTimeDuration":"00:05:51.5000000","splitPointTimeId":86059,"splitPointId":2593,"entryId":20068,"elapsedDurationMs":255000,"elapsedDuration":"PT4M15S","splitDateTime":"2019-08-03T09:02:15","splitDateTimeLocal":"2019-08-03T12:02:15+03:00"},{"startDateTime":"2019-08-03T09:02:00","startDateTimeLocal":"2019-08-03T12:02:00+03:00","stageTimeDurationMs":352200,"stageTimeDuration":"00:05:52.2000000","splitPointTimeId":86062,"splitPointId":2593,"entryId":20070,"elapsedDurationMs":256000,"elapsedDuration":"PT4M16S","splitDateTime":"2019-08-03T09:06:16","splitDateTimeLocal":"2019-08-03T12:06:16+03:00"},{"startDateTime":"2019-08-03T09:04:00","startDateTimeLocal":"2019-08-03T12:04:00+03:00","stageTimeDurationMs":351300,"stageTimeDuration":"00:05:51.3000000","splitPointTimeId":86064,"splitPointId":2593,"entryId":20092,"elapsedDurationMs":255500,"elapsedDuration":"PT4M15.5S","splitDateTime":"2019-08-03T09:08:15.5","splitDateTimeLocal":"2019-08-03T12:08:15.5+03:00"},{"startDateTime":"2019-08-03T09:06:00","startDateTimeLocal":"2019-08-03T12:06:00+03:00","stageTimeDurationMs":346000,"stageTimeDuration":"00:05:46","splitPointTimeId":86066,"splitPointId":2593,"entryId":20075,"elapsedDurationMs":250400,"elapsedDuration":"PT4M10.4S","splitDateTime":"2019-08-03T09:10:10.4","splitDateTimeLocal":"2019-08-03T12:10:10.4+03:00"},{"startDateTime":"2019-08-03T09:08:00","startDateTimeLocal":"2019-08-03T12:08:00+03:00","stageTimeDurationMs":347300,"stageTimeDuration":"00:05:47.3000000","splitPointTimeId":86068,"splitPointId":2593,"entryId":20073,"elapsedDurationMs":249800,"elapsedDuration":"PT4M9.8S","splitDateTime":"2019-08-03T09:12:09.8","splitDateTimeLocal":"2019-08-03T12:12:09.8+03:00"},{"startDateTime":"2019-08-03T09:10:00","startDateTimeLocal":"2019-08-03T12:10:00+03:00","stageTimeDurationMs":350900,"stageTimeDuration":"00:05:50.9000000","splitPointTimeId":86070,"splitPointId":2593,"entryId":20074,"elapsedDurationMs":255700,"elapsedDuration":"PT4M15.7S","splitDateTime":"2019-08-03T09:14:15.7","splitDateTimeLocal":"2019-08-03T12:14:15.7+03:00"},{"startDateTime":"2019-08-03T09:12:00","startDateTimeLocal":"2019-08-03T12:12:00+03:00","stageTimeDurationMs":353000,"stageTimeDuration":"00:05:53","splitPointTimeId":86071,"splitPointId":2593,"entryId":20071,"elapsedDurationMs":255400,"elapsedDuration":"PT4M15.4S","splitDateTime":"2019-08-03T09:16:15.4","splitDateTimeLocal":"2019-08-03T12:16:15.4+03:00"},{"startDateTime":"2019-08-03T09:16:00","startDateTimeLocal":"2019-08-03T12:16:00+03:00","stageTimeDurationMs":445000,"stageTimeDuration":"00:07:25","splitPointTimeId":86073,"splitPointId":2593,"entryId":20077,"elapsedDurationMs":324600,"elapsedDuration":"PT5M24.6S","splitDateTime":"2019-08-03T09:21:24.6","splitDateTimeLocal":"2019-08-03T12:21:24.6+03:00"},{"startDateTime":"2019-08-03T09:22:00","startDateTimeLocal":"2019-08-03T12:22:00+03:00","stageTimeDurationMs":372300,"stageTimeDuration":"00:06:12.3000000","splitPointTimeId":86076,"splitPointId":2593,"entryId":20060,"elapsedDurationMs":270300,"elapsedDuration":"PT4M30.3S","splitDateTime":"2019-08-03T09:26:30.3","splitDateTimeLocal":"2019-08-03T12:26:30.3+03:00"},{"startDateTime":"2019-08-03T09:24:00","startDateTimeLocal":"2019-08-03T12:24:00+03:00","stageTimeDurationMs":382600,"stageTimeDuration":"00:06:22.6000000","splitPointTimeId":86079,"splitPointId":2593,"entryId":20079,"elapsedDurationMs":279300,"elapsedDuration":"PT4M39.3S","splitDateTime":"2019-08-03T09:28:39.3","splitDateTimeLocal":"2019-08-03T12:28:39.3+03:00"},{"startDateTime":"2019-08-03T09:25:00","startDateTimeLocal":"2019-08-03T12:25:00+03:00","stageTimeDurationMs":380000,"stageTimeDuration":"00:06:20","splitPointTimeId":86081,"splitPointId":2593,"entryId":20078,"elapsedDurationMs":277100,"elapsedDuration":"PT4M37.1S","splitDateTime":"2019-08-03T09:29:37.1","splitDateTimeLocal":"2019-08-03T12:29:37.1+03:00"},{"startDateTime":"2019-08-03T09:26:00","startDateTimeLocal":"2019-08-03T12:26:00+03:00","stageTimeDurationMs":385100,"stageTimeDuration":"00:06:25.1000000","splitPointTimeId":86082,"splitPointId":2593,"entryId":20080,"elapsedDurationMs":280700,"elapsedDuration":"PT4M40.7S","splitDateTime":"2019-08-03T09:30:40.7","splitDateTimeLocal":"2019-08-03T12:30:40.7+03:00"},{"startDateTime":"2019-08-03T09:27:00","startDateTimeLocal":"2019-08-03T12:27:00+03:00","stageTimeDurationMs":381300,"stageTimeDuration":"00:06:21.3000000","splitPointTimeId":86084,"splitPointId":2593,"entryId":20082,"elapsedDurationMs":278400,"elapsedDuration":"PT4M38.4S","splitDateTime":"2019-08-03T09:31:38.4","splitDateTimeLocal":"2019-08-03T12:31:38.4+03:00"},{"startDateTime":"2019-08-03T09:29:00","startDateTimeLocal":"2019-08-03T12:29:00+03:00","stageTimeDurationMs":383300,"stageTimeDuration":"00:06:23.3000000","splitPointTimeId":86087,"splitPointId":2593,"entryId":20090,"elapsedDurationMs":279800,"elapsedDuration":"PT4M39.8S","splitDateTime":"2019-08-03T09:33:39.8","splitDateTimeLocal":"2019-08-03T12:33:39.8+03:00"},{"startDateTime":"2019-08-03T09:30:00","startDateTimeLocal":"2019-08-03T12:30:00+03:00","stageTimeDurationMs":385700,"stageTimeDuration":"00:06:25.7000000","splitPointTimeId":86088,"splitPointId":2593,"entryId":20106,"elapsedDurationMs":280600,"elapsedDuration":"PT4M40.6S","splitDateTime":"2019-08-03T09:34:40.6","splitDateTimeLocal":"2019-08-03T12:34:40.6+03:00"},{"startDateTime":"2019-08-03T09:31:00","startDateTimeLocal":"2019-08-03T12:31:00+03:00","stageTimeDurationMs":378400,"stageTimeDuration":"00:06:18.4000000","splitPointTimeId":86090,"splitPointId":2593,"entryId":20099,"elapsedDurationMs":275400,"elapsedDuration":"PT4M35.4S","splitDateTime":"2019-08-03T09:35:35.4","splitDateTimeLocal":"2019-08-03T12:35:35.4+03:00"},{"startDateTime":"2019-08-03T09:33:00","startDateTimeLocal":"2019-08-03T12:33:00+03:00","stageTimeDurationMs":381500,"stageTimeDuration":"00:06:21.5000000","splitPointTimeId":86093,"splitPointId":2593,"entryId":20098,"elapsedDurationMs":276400,"elapsedDuration":"PT4M36.4S","splitDateTime":"2019-08-03T09:37:36.4","splitDateTimeLocal":"2019-08-03T12:37:36.4+03:00"},{"startDateTime":"2019-08-03T09:34:00","startDateTimeLocal":"2019-08-03T12:34:00+03:00","stageTimeDurationMs":432100,"stageTimeDuration":"00:07:12.1000000","splitPointTimeId":86095,"splitPointId":2593,"entryId":20103,"elapsedDurationMs":311100,"elapsedDuration":"PT5M11.1S","splitDateTime":"2019-08-03T09:39:11.1","splitDateTimeLocal":"2019-08-03T12:39:11.1+03:00"},{"startDateTime":"2019-08-03T09:35:00","startDateTimeLocal":"2019-08-03T12:35:00+03:00","stageTimeDurationMs":388700,"stageTimeDuration":"00:06:28.7000000","splitPointTimeId":86096,"splitPointId":2593,"entryId":20091,"elapsedDurationMs":283200,"elapsedDuration":"PT4M43.2S","splitDateTime":"2019-08-03T09:39:43.2","splitDateTimeLocal":"2019-08-03T12:39:43.2+03:00"},{"startDateTime":"2019-08-03T09:36:00","startDateTimeLocal":"2019-08-03T12:36:00+03:00","stageTimeDurationMs":402700,"stageTimeDuration":"00:06:42.7000000","splitPointTimeId":86098,"splitPointId":2593,"entryId":20072,"elapsedDurationMs":294100,"elapsedDuration":"PT4M54.1S","splitDateTime":"2019-08-03T09:40:54.1","splitDateTimeLocal":"2019-08-03T12:40:54.1+03:00"},{"startDateTime":"2019-08-03T09:38:00","startDateTimeLocal":"2019-08-03T12:38:00+03:00","stageTimeDurationMs":397400,"stageTimeDuration":"00:06:37.4000000","splitPointTimeId":86101,"splitPointId":2593,"entryId":20109,"elapsedDurationMs":290200,"elapsedDuration":"PT4M50.2S","splitDateTime":"2019-08-03T09:42:50.2","splitDateTimeLocal":"2019-08-03T12:42:50.2+03:00"},{"startDateTime":"2019-08-03T09:37:00","startDateTimeLocal":"2019-08-03T12:37:00+03:00","stageTimeDurationMs":390600,"stageTimeDuration":"00:06:30.6000000","splitPointTimeId":86102,"splitPointId":2593,"entryId":20100,"elapsedDurationMs":284600,"elapsedDuration":"PT4M44.6S","splitDateTime":"2019-08-03T09:41:44.6","splitDateTimeLocal":"2019-08-03T12:41:44.6+03:00"},{"startDateTime":"2019-08-03T09:39:00","startDateTimeLocal":"2019-08-03T12:39:00+03:00","stageTimeDurationMs":395000,"stageTimeDuration":"00:06:35","splitPointTimeId":86104,"splitPointId":2593,"entryId":20107,"elapsedDurationMs":288300,"elapsedDuration":"PT4M48.3S","splitDateTime":"2019-08-03T09:43:48.3","splitDateTimeLocal":"2019-08-03T12:43:48.3+03:00"},{"startDateTime":"2019-08-03T09:40:00","startDateTimeLocal":"2019-08-03T12:40:00+03:00","stageTimeDurationMs":387500,"stageTimeDuration":"00:06:27.5000000","splitPointTimeId":86107,"splitPointId":2593,"entryId":20081,"elapsedDurationMs":283300,"elapsedDuration":"PT4M43.3S","splitDateTime":"2019-08-03T09:44:43.3","splitDateTimeLocal":"2019-08-03T12:44:43.3+03:00"},{"startDateTime":"2019-08-03T09:42:00","startDateTimeLocal":"2019-08-03T12:42:00+03:00","stageTimeDurationMs":441300,"stageTimeDuration":"00:07:21.3000000","splitPointTimeId":86108,"splitPointId":2593,"entryId":20087,"elapsedDurationMs":325400,"elapsedDuration":"PT5M25.4S","splitDateTime":"2019-08-03T09:47:25.4","splitDateTimeLocal":"2019-08-03T12:47:25.4+03:00"},{"startDateTime":"2019-08-03T09:41:00","startDateTimeLocal":"2019-08-03T12:41:00+03:00","stageTimeDurationMs":387600,"stageTimeDuration":"00:06:27.6000000","splitPointTimeId":86110,"splitPointId":2593,"entryId":20104,"elapsedDurationMs":282300,"elapsedDuration":"PT4M42.3S","splitDateTime":"2019-08-03T09:45:42.3","splitDateTimeLocal":"2019-08-03T12:45:42.3+03:00"},{"startDateTime":"2019-08-03T09:46:00","startDateTimeLocal":"2019-08-03T12:46:00+03:00","stageTimeDurationMs":413900,"stageTimeDuration":"00:06:53.9000000","splitPointTimeId":86112,"splitPointId":2593,"entryId":20112,"elapsedDurationMs":300100,"elapsedDuration":"PT5M0.1S","splitDateTime":"2019-08-03T09:51:00.1","splitDateTimeLocal":"2019-08-03T12:51:00.1+03:00"},{"startDateTime":"2019-08-03T09:48:00","startDateTimeLocal":"2019-08-03T12:48:00+03:00","stageTimeDurationMs":413100,"stageTimeDuration":"00:06:53.1000000","splitPointTimeId":86115,"splitPointId":2593,"entryId":20089,"elapsedDurationMs":303300,"elapsedDuration":"PT5M3.3S","splitDateTime":"2019-08-03T09:53:03.3","splitDateTimeLocal":"2019-08-03T12:53:03.3+03:00"},{"startDateTime":"2019-08-03T09:49:00","startDateTimeLocal":"2019-08-03T12:49:00+03:00","stageTimeDurationMs":414000,"stageTimeDuration":"00:06:54","splitPointTimeId":86116,"splitPointId":2593,"entryId":20105,"elapsedDurationMs":300700,"elapsedDuration":"PT5M0.7S","splitDateTime":"2019-08-03T09:54:00.7","splitDateTimeLocal":"2019-08-03T12:54:00.7+03:00"},{"startDateTime":"2019-08-03T09:50:00","startDateTimeLocal":"2019-08-03T12:50:00+03:00","stageTimeDurationMs":418800,"stageTimeDuration":"00:06:58.8000000","splitPointTimeId":86118,"splitPointId":2593,"entryId":20101,"elapsedDurationMs":304800,"elapsedDuration":"PT5M4.8S","splitDateTime":"2019-08-03T09:55:04.8","splitDateTimeLocal":"2019-08-03T12:55:04.8+03:00"},{"startDateTime":"2019-08-03T09:52:00","startDateTimeLocal":"2019-08-03T12:52:00+03:00","stageTimeDurationMs":391700,"stageTimeDuration":"00:06:31.7000000","splitPointTimeId":86120,"splitPointId":2593,"entryId":20102,"elapsedDurationMs":286300,"elapsedDuration":"PT4M46.3S","splitDateTime":"2019-08-03T09:56:46.3","splitDateTimeLocal":"2019-08-03T12:56:46.3+03:00"},{"startDateTime":"2019-08-03T09:53:00","startDateTimeLocal":"2019-08-03T12:53:00+03:00","stageTimeDurationMs":413200,"stageTimeDuration":"00:06:53.2000000","splitPointTimeId":86123,"splitPointId":2593,"entryId":20086,"elapsedDurationMs":299100,"elapsedDuration":"PT4M59.1S","splitDateTime":"2019-08-03T09:57:59.1","splitDateTimeLocal":"2019-08-03T12:57:59.1+03:00"},{"startDateTime":"2019-08-03T09:54:00","startDateTimeLocal":"2019-08-03T12:54:00+03:00","stageTimeDurationMs":431800,"stageTimeDuration":"00:07:11.8000000","splitPointTimeId":86124,"splitPointId":2593,"entryId":20113,"elapsedDurationMs":315500,"elapsedDuration":"PT5M15.5S","splitDateTime":"2019-08-03T09:59:15.5","splitDateTimeLocal":"2019-08-03T12:59:15.5+03:00"},{"startDateTime":"2019-08-03T09:55:00","startDateTimeLocal":"2019-08-03T12:55:00+03:00","stageTimeDurationMs":448100,"stageTimeDuration":"00:07:28.1000000","splitPointTimeId":86126,"splitPointId":2593,"entryId":20110,"elapsedDurationMs":326300,"elapsedDuration":"PT5M26.3S","splitDateTime":"2019-08-03T10:00:26.3","splitDateTimeLocal":"2019-08-03T13:00:26.3+03:00"},{"startDateTime":"2019-08-03T09:56:00","startDateTimeLocal":"2019-08-03T12:56:00+03:00","stageTimeDurationMs":524600,"stageTimeDuration":"00:08:44.6000000","splitPointTimeId":86129,"splitPointId":2593,"entryId":20114,"elapsedDurationMs":396300,"elapsedDuration":"PT6M36.3S","splitDateTime":"2019-08-03T10:03:36.3","splitDateTimeLocal":"2019-08-03T13:03:36.3+03:00"},{"startDateTime":"2019-08-03T09:58:00","startDateTimeLocal":"2019-08-03T12:58:00+03:00","stageTimeDurationMs":480300,"stageTimeDuration":"00:08:00.3000000","splitPointTimeId":86130,"splitPointId":2593,"entryId":20115,"elapsedDurationMs":350600,"elapsedDuration":"PT5M50.6S","splitDateTime":"2019-08-03T10:03:50.6","splitDateTimeLocal":"2019-08-03T13:03:50.6+03:00"},{"startDateTime":"2019-08-03T09:59:00","startDateTimeLocal":"2019-08-03T12:59:00+03:00","stageTimeDurationMs":488800,"stageTimeDuration":"00:08:08.8000000","splitPointTimeId":86131,"splitPointId":2593,"entryId":20116,"elapsedDurationMs":357100,"elapsedDuration":"PT5M57.1S","splitDateTime":"2019-08-03T10:04:57.1","splitDateTimeLocal":"2019-08-03T13:04:57.1+03:00"}]