{"splitPoints":[{"splitPointId":2829,"stageId":1380,"number":2,"distance":14.57},{"splitPointId":2833,"stageId":1380,"number":1,"distance":9.42}],"controls":[{"controlId":5840,"eventId":88,"stageId":1380,"type":"FlyingFinish","code":"SF7","location":"Ula 2                  ","timingPrecision":"Tenth","distance":null,"targetDuration":null,"targetDurationMs":null,"firstCarDueDateTime":null,"firstCarDueDateTimeLocal":null,"status":"Completed","controlPenalties":"None","roundingPolicy":"NoRounding","locked":true},{"controlId":5841,"eventId":88,"stageId":1380,"type":"StageStart","code":"SS7","location":"Ula 2                  ","timingPrecision":"Minute","distance":16.57,"targetDuration":"00:03:00","targetDurationMs":180000,"firstCarDueDateTime":"2019-09-13T14:03:00","firstCarDueDateTimeLocal":"2019-09-13T17:03:00+03:00","status":"Completed","controlPenalties":"None","roundingPolicy":"RoundToClosestMinute","locked":true},{"controlId":5842,"eventId":88,"stageId":1380,"type":"TimeControl","code":"TC7","location":"Ula","timingPrecision":"Minute","distance":22.34,"targetDuration":"01:20:00","targetDurationMs":4800000,"firstCarDueDateTime":"2019-09-13T14:00:00","firstCarDueDateTimeLocal":"2019-09-13T17:00:00+03:00","status":"Completed","controlPenalties":"All","roundingPolicy":"NoRounding","locked":true}],"stageId":1380,"eventId":88,"number":7,"name":"Ula 2                  ","distance":16.57,"status":"Completed","stageType":"SpecialStage","timingPrecision":"Tenth","locked":true,"code":"SS7"}