[{"entryId":20122,"stageTimeMs":7432800,"stageTime":"PT2H3M52.8S","penaltyTimeMs":0,"penaltyTime":"PT0S","totalTimeMs":7432800,"totalTime":"PT2H3M52.8S","position":1,"diffFirstMs":0,"diffFirst":"PT0S","diffPrevMs":0,"diffPrev":"PT0S"},{"entryId":20120,"stageTimeMs":7476700,"stageTime":"PT2H4M36.7S","penaltyTimeMs":0,"penaltyTime":"PT0S","totalTimeMs":7476700,"totalTime":"PT2H4M36.7S","position":2,"diffFirstMs":43900,"diffFirst":"PT43.9S","diffPrevMs":43900,"diffPrev":"PT43.9S"},{"entryId":20123,"stageTimeMs":7477900,"stageTime":"PT2H4M37.9S","penaltyTimeMs":0,"penaltyTime":"PT0S","totalTimeMs":7477900,"totalTime":"PT2H4M37.9S","position":3,"diffFirstMs":45100,"diffFirst":"PT45.1S","diffPrevMs":1200,"diffPrev":"PT1.2S"},{"entryId":20117,"stageTimeMs":7480600,"stageTime":"PT2H4M40.6S","penaltyTimeMs":0,"penaltyTime":"PT0S","totalTimeMs":7480600,"totalTime":"PT2H4M40.6S","position":4,"diffFirstMs":47800,"diffFirst":"PT47.8S","diffPrevMs":2700,"diffPrev":"PT2.7S"},{"entryId":20121,"stageTimeMs":7513400,"stageTime":"PT2H5M13.4S","penaltyTimeMs":0,"penaltyTime":"PT0S","totalTimeMs":7513400,"totalTime":"PT2H5M13.4S","position":5,"diffFirstMs":80600,"diffFirst":"PT1M20.6S","diffPrevMs":32800,"diffPrev":"PT32.8S"},{"entryId":20127,"stageTimeMs":7523400,"stageTime":"PT2H5M23.4S","penaltyTimeMs":0,"penaltyTime":"PT0S","totalTimeMs":7523400,"totalTime":"PT2H5M23.4S","position":6,"diffFirstMs":90600,"diffFirst":"PT1M30.6S","diffPrevMs":10000,"diffPrev":"PT10S"},{"entryId":20124,"stageTimeMs":7526200,"stageTime":"PT2H5M26.2S","penaltyTimeMs":0,"penaltyTime":"PT0S","totalTimeMs":7526200,"totalTime":"PT2H5M26.2S","position":7,"diffFirstMs":93400,"diffFirst":"PT1M33.4S","diffPrevMs":2800,"diffPrev":"PT2.8S"},{"entryId":20119,"stageTimeMs":7537500,"stageTime":"PT2H5M37.5S","penaltyTimeMs":0,"penaltyTime":"PT0S","totalTimeMs":7537500,"totalTime":"PT2H5M37.5S","position":8,"diffFirstMs":104700,"diffFirst":"PT1M44.7S","diffPrevMs":11300,"diffPrev":"PT11.3S"},{"entryId":20126,"stageTimeMs":7757700,"stageTime":"PT2H9M17.7S","penaltyTimeMs":20000,"penaltyTime":"PT20S","totalTimeMs":7777700,"totalTime":"PT2H9M37.7S","position":9,"diffFirstMs":344900,"diffFirst":"PT5M44.9S","diffPrevMs":240200,"diffPrev":"PT4M0.2S"},{"entryId":20125,"stageTimeMs":7802200,"stageTime":"PT2H10M2.2S","penaltyTimeMs":0,"penaltyTime":"PT0S","totalTimeMs":7802200,"totalTime":"PT2H10M2.2S","position":10,"diffFirstMs":369400,"diffFirst":"PT6M9.4S","diffPrevMs":24500,"diffPrev":"PT24.5S"},{"entryId":20130,"stageTimeMs":7870900,"stageTime":"PT2H11M10.9S","penaltyTimeMs":0,"penaltyTime":"PT0S","totalTimeMs":7870900,"totalTime":"PT2H11M10.9S","position":11,"diffFirstMs":438100,"diffFirst":"PT7M18.1S","diffPrevMs":68700,"diffPrev":"PT1M8.7S"},{"entryId":20131,"stageTimeMs":7917900,"stageTime":"PT2H11M57.9S","penaltyTimeMs":20000,"penaltyTime":"PT20S","totalTimeMs":7937900,"totalTime":"PT2H12M17.9S","position":12,"diffFirstMs":505100,"diffFirst":"PT8M25.1S","diffPrevMs":67000,"diffPrev":"PT1M7S"},{"entryId":20144,"stageTimeMs":7957500,"stageTime":"PT2H12M37.5S","penaltyTimeMs":0,"penaltyTime":"PT0S","totalTimeMs":7957500,"totalTime":"PT2H12M37.5S","position":13,"diffFirstMs":524700,"diffFirst":"PT8M44.7S","diffPrevMs":19600,"diffPrev":"PT19.6S"},{"entryId":20143,"stageTimeMs":7979500,"stageTime":"PT2H12M59.5S","penaltyTimeMs":0,"penaltyTime":"PT0S","totalTimeMs":7979500,"totalTime":"PT2H12M59.5S","position":14,"diffFirstMs":546700,"diffFirst":"PT9M6.7S","diffPrevMs":22000,"diffPrev":"PT22S"},{"entryId":20133,"stageTimeMs":7982700,"stageTime":"PT2H13M2.7S","penaltyTimeMs":0,"penaltyTime":"PT0S","totalTimeMs":7982700,"totalTime":"PT2H13M2.7S","position":15,"diffFirstMs":549900,"diffFirst":"PT9M9.9S","diffPrevMs":3200,"diffPrev":"PT3.2S"},{"entryId":20134,"stageTimeMs":7999500,"stageTime":"PT2H13M19.5S","penaltyTimeMs":0,"penaltyTime":"PT0S","totalTimeMs":7999500,"totalTime":"PT2H13M19.5S","position":16,"diffFirstMs":566700,"diffFirst":"PT9M26.7S","diffPrevMs":16800,"diffPrev":"PT16.8S"},{"entryId":20129,"stageTimeMs":8029100,"stageTime":"PT2H13M49.1S","penaltyTimeMs":0,"penaltyTime":"PT0S","totalTimeMs":8029100,"totalTime":"PT2H13M49.1S","position":17,"diffFirstMs":596300,"diffFirst":"PT9M56.3S","diffPrevMs":29600,"diffPrev":"PT29.6S"},{"entryId":20151,"stageTimeMs":8049100,"stageTime":"PT2H14M9.1S","penaltyTimeMs":0,"penaltyTime":"PT0S","totalTimeMs":8049100,"totalTime":"PT2H14M9.1S","position":18,"diffFirstMs":616300,"diffFirst":"PT10M16.3S","diffPrevMs":20000,"diffPrev":"PT20S"},{"entryId":20149,"stageTimeMs":8062600,"stageTime":"PT2H14M22.6S","penaltyTimeMs":0,"penaltyTime":"PT0S","totalTimeMs":8062600,"totalTime":"PT2H14M22.6S","position":19,"diffFirstMs":629800,"diffFirst":"PT10M29.8S","diffPrevMs":13500,"diffPrev":"PT13.5S"},{"entryId":20128,"stageTimeMs":8122700,"stageTime":"PT2H15M22.7S","penaltyTimeMs":0,"penaltyTime":"PT0S","totalTimeMs":8122700,"totalTime":"PT2H15M22.7S","position":20,"diffFirstMs":689900,"diffFirst":"PT11M29.9S","diffPrevMs":60100,"diffPrev":"PT1M0.1S"},{"entryId":20145,"stageTimeMs":8172400,"stageTime":"PT2H16M12.4S","penaltyTimeMs":0,"penaltyTime":"PT0S","totalTimeMs":8172400,"totalTime":"PT2H16M12.4S","position":21,"diffFirstMs":739600,"diffFirst":"PT12M19.6S","diffPrevMs":49700,"diffPrev":"PT49.7S"},{"entryId":20135,"stageTimeMs":8182000,"stageTime":"PT2H16M22S","penaltyTimeMs":0,"penaltyTime":"PT0S","totalTimeMs":8182000,"totalTime":"PT2H16M22S","position":22,"diffFirstMs":749200,"diffFirst":"PT12M29.2S","diffPrevMs":9600,"diffPrev":"PT9.6S"},{"entryId":20140,"stageTimeMs":8202300,"stageTime":"PT2H16M42.3S","penaltyTimeMs":0,"penaltyTime":"PT0S","totalTimeMs":8202300,"totalTime":"PT2H16M42.3S","position":23,"diffFirstMs":769500,"diffFirst":"PT12M49.5S","diffPrevMs":20300,"diffPrev":"PT20.3S"},{"entryId":20132,"stageTimeMs":8214800,"stageTime":"PT2H16M54.8S","penaltyTimeMs":0,"penaltyTime":"PT0S","totalTimeMs":8214800,"totalTime":"PT2H16M54.8S","position":24,"diffFirstMs":782000,"diffFirst":"PT13M2S","diffPrevMs":12500,"diffPrev":"PT12.5S"},{"entryId":20137,"stageTimeMs":8227200,"stageTime":"PT2H17M7.2S","penaltyTimeMs":0,"penaltyTime":"PT0S","totalTimeMs":8227200,"totalTime":"PT2H17M7.2S","position":25,"diffFirstMs":794400,"diffFirst":"PT13M14.4S","diffPrevMs":12400,"diffPrev":"PT12.4S"},{"entryId":20150,"stageTimeMs":8262300,"stageTime":"PT2H17M42.3S","penaltyTimeMs":0,"penaltyTime":"PT0S","totalTimeMs":8262300,"totalTime":"PT2H17M42.3S","position":26,"diffFirstMs":829500,"diffFirst":"PT13M49.5S","diffPrevMs":35100,"diffPrev":"PT35.1S"},{"entryId":20157,"stageTimeMs":8333900,"stageTime":"PT2H18M53.9S","penaltyTimeMs":0,"penaltyTime":"PT0S","totalTimeMs":8333900,"totalTime":"PT2H18M53.9S","position":27,"diffFirstMs":901100,"diffFirst":"PT15M1.1S","diffPrevMs":71600,"diffPrev":"PT1M11.6S"},{"entryId":20136,"stageTimeMs":8353700,"stageTime":"PT2H19M13.7S","penaltyTimeMs":0,"penaltyTime":"PT0S","totalTimeMs":8353700,"totalTime":"PT2H19M13.7S","position":28,"diffFirstMs":920900,"diffFirst":"PT15M20.9S","diffPrevMs":19800,"diffPrev":"PT19.8S"},{"entryId":20141,"stageTimeMs":8626800,"stageTime":"PT2H23M46.8S","penaltyTimeMs":0,"penaltyTime":"PT0S","totalTimeMs":8626800,"totalTime":"PT2H23M46.8S","position":29,"diffFirstMs":1194000,"diffFirst":"PT19M54S","diffPrevMs":273100,"diffPrev":"PT4M33.1S"},{"entryId":20156,"stageTimeMs":8677300,"stageTime":"PT2H24M37.3S","penaltyTimeMs":0,"penaltyTime":"PT0S","totalTimeMs":8677300,"totalTime":"PT2H24M37.3S","position":30,"diffFirstMs":1244500,"diffFirst":"PT20M44.5S","diffPrevMs":50500,"diffPrev":"PT50.5S"},{"entryId":20159,"stageTimeMs":8767200,"stageTime":"PT2H26M7.2S","penaltyTimeMs":0,"penaltyTime":"PT0S","totalTimeMs":8767200,"totalTime":"PT2H26M7.2S","position":31,"diffFirstMs":1334400,"diffFirst":"PT22M14.4S","diffPrevMs":89900,"diffPrev":"PT1M29.9S"},{"entryId":20163,"stageTimeMs":9117300,"stageTime":"PT2H31M57.3S","penaltyTimeMs":0,"penaltyTime":"PT0S","totalTimeMs":9117300,"totalTime":"PT2H31M57.3S","position":32,"diffFirstMs":1684500,"diffFirst":"PT28M4.5S","diffPrevMs":350100,"diffPrev":"PT5M50.1S"},{"entryId":20153,"stageTimeMs":9367600,"stageTime":"PT2H36M7.6S","penaltyTimeMs":0,"penaltyTime":"PT0S","totalTimeMs":9367600,"totalTime":"PT2H36M7.6S","position":33,"diffFirstMs":1934800,"diffFirst":"PT32M14.8S","diffPrevMs":250300,"diffPrev":"PT4M10.3S"},{"entryId":20168,"stageTimeMs":9368200,"stageTime":"PT2H36M8.2S","penaltyTimeMs":0,"penaltyTime":"PT0S","totalTimeMs":9368200,"totalTime":"PT2H36M8.2S","position":34,"diffFirstMs":1935400,"diffFirst":"PT32M15.4S","diffPrevMs":600,"diffPrev":"PT0.6S"},{"entryId":20160,"stageTimeMs":9456800,"stageTime":"PT2H37M36.8S","penaltyTimeMs":0,"penaltyTime":"PT0S","totalTimeMs":9456800,"totalTime":"PT2H37M36.8S","position":35,"diffFirstMs":2024000,"diffFirst":"PT33M44S","diffPrevMs":88600,"diffPrev":"PT1M28.6S"},{"entryId":20169,"stageTimeMs":9702200,"stageTime":"PT2H41M42.2S","penaltyTimeMs":0,"penaltyTime":"PT0S","totalTimeMs":9702200,"totalTime":"PT2H41M42.2S","position":36,"diffFirstMs":2269400,"diffFirst":"PT37M49.4S","diffPrevMs":245400,"diffPrev":"PT4M5.4S"},{"entryId":20165,"stageTimeMs":9860200,"stageTime":"PT2H44M20.2S","penaltyTimeMs":0,"penaltyTime":"PT0S","totalTimeMs":9860200,"totalTime":"PT2H44M20.2S","position":37,"diffFirstMs":2427400,"diffFirst":"PT40M27.4S","diffPrevMs":158000,"diffPrev":"PT2M38S"},{"entryId":20155,"stageTimeMs":9884300,"stageTime":"PT2H44M44.3S","penaltyTimeMs":50000,"penaltyTime":"PT50S","totalTimeMs":9934300,"totalTime":"PT2H45M34.3S","position":38,"diffFirstMs":2501500,"diffFirst":"PT41M41.5S","diffPrevMs":74100,"diffPrev":"PT1M14.1S"},{"entryId":20118,"stageTimeMs":9971200,"stageTime":"PT2H46M11.2S","penaltyTimeMs":0,"penaltyTime":"PT0S","totalTimeMs":9971200,"totalTime":"PT2H46M11.2S","position":39,"diffFirstMs":2538400,"diffFirst":"PT42M18.4S","diffPrevMs":36900,"diffPrev":"PT36.9S"},{"entryId":20138,"stageTimeMs":10054800,"stageTime":"PT2H47M34.8S","penaltyTimeMs":20000,"penaltyTime":"PT20S","totalTimeMs":10074800,"totalTime":"PT2H47M54.8S","position":40,"diffFirstMs":2642000,"diffFirst":"PT44M2S","diffPrevMs":103600,"diffPrev":"PT1M43.6S"},{"entryId":20170,"stageTimeMs":10161200,"stageTime":"PT2H49M21.2S","penaltyTimeMs":0,"penaltyTime":"PT0S","totalTimeMs":10161200,"totalTime":"PT2H49M21.2S","position":41,"diffFirstMs":2728400,"diffFirst":"PT45M28.4S","diffPrevMs":86400,"diffPrev":"PT1M26.4S"},{"entryId":20166,"stageTimeMs":10178300,"stageTime":"PT2H49M38.3S","penaltyTimeMs":0,"penaltyTime":"PT0S","totalTimeMs":10178300,"totalTime":"PT2H49M38.3S","position":42,"diffFirstMs":2745500,"diffFirst":"PT45M45.5S","diffPrevMs":17100,"diffPrev":"PT17.1S"},{"entryId":20154,"stageTimeMs":10244400,"stageTime":"PT2H50M44.4S","penaltyTimeMs":0,"penaltyTime":"PT0S","totalTimeMs":10244400,"totalTime":"PT2H50M44.4S","position":43,"diffFirstMs":2811600,"diffFirst":"PT46M51.6S","diffPrevMs":66100,"diffPrev":"PT1M6.1S"},{"entryId":20162,"stageTimeMs":12940600,"stageTime":"PT3H35M40.6S","penaltyTimeMs":0,"penaltyTime":"PT0S","totalTimeMs":12940600,"totalTime":"PT3H35M40.6S","position":44,"diffFirstMs":5507800,"diffFirst":"PT1H31M47.8S","diffPrevMs":2696200,"diffPrev":"PT44M56.2S"}]