[{"entryId":20609,"stageTimeMs":2469700,"stageTime":"PT41M9.7S","penaltyTimeMs":0,"penaltyTime":"PT0S","totalTimeMs":2469700,"totalTime":"PT41M9.7S","position":1,"diffFirstMs":0,"diffFirst":"PT0S","diffPrevMs":0,"diffPrev":"PT0S"},{"entryId":20612,"stageTimeMs":2470700,"stageTime":"PT41M10.7S","penaltyTimeMs":0,"penaltyTime":"PT0S","totalTimeMs":2470700,"totalTime":"PT41M10.7S","position":2,"diffFirstMs":1000,"diffFirst":"PT1S","diffPrevMs":1000,"diffPrev":"PT1S"},{"entryId":20610,"stageTimeMs":2477200,"stageTime":"PT41M17.2S","penaltyTimeMs":0,"penaltyTime":"PT0S","totalTimeMs":2477200,"totalTime":"PT41M17.2S","position":3,"diffFirstMs":7500,"diffFirst":"PT7.5S","diffPrevMs":6500,"diffPrev":"PT6.5S"},{"entryId":20614,"stageTimeMs":2480600,"stageTime":"PT41M20.6S","penaltyTimeMs":0,"penaltyTime":"PT0S","totalTimeMs":2480600,"totalTime":"PT41M20.6S","position":4,"diffFirstMs":10900,"diffFirst":"PT10.9S","diffPrevMs":3400,"diffPrev":"PT3.4S"},{"entryId":20608,"stageTimeMs":2480900,"stageTime":"PT41M20.9S","penaltyTimeMs":0,"penaltyTime":"PT0S","totalTimeMs":2480900,"totalTime":"PT41M20.9S","position":5,"diffFirstMs":11200,"diffFirst":"PT11.2S","diffPrevMs":300,"diffPrev":"PT0.3S"},{"entryId":20613,"stageTimeMs":2481600,"stageTime":"PT41M21.6S","penaltyTimeMs":0,"penaltyTime":"PT0S","totalTimeMs":2481600,"totalTime":"PT41M21.6S","position":6,"diffFirstMs":11900,"diffFirst":"PT11.9S","diffPrevMs":700,"diffPrev":"PT0.7S"},{"entryId":20607,"stageTimeMs":2481700,"stageTime":"PT41M21.7S","penaltyTimeMs":0,"penaltyTime":"PT0S","totalTimeMs":2481700,"totalTime":"PT41M21.7S","position":7,"diffFirstMs":12000,"diffFirst":"PT12S","diffPrevMs":100,"diffPrev":"PT0.1S"},{"entryId":20611,"stageTimeMs":2492200,"stageTime":"PT41M32.2S","penaltyTimeMs":0,"penaltyTime":"PT0S","totalTimeMs":2492200,"totalTime":"PT41M32.2S","position":8,"diffFirstMs":22500,"diffFirst":"PT22.5S","diffPrevMs":10500,"diffPrev":"PT10.5S"},{"entryId":20606,"stageTimeMs":2497000,"stageTime":"PT41M37S","penaltyTimeMs":0,"penaltyTime":"PT0S","totalTimeMs":2497000,"totalTime":"PT41M37S","position":9,"diffFirstMs":27300,"diffFirst":"PT27.3S","diffPrevMs":4800,"diffPrev":"PT4.8S"},{"entryId":20615,"stageTimeMs":2537900,"stageTime":"PT42M17.9S","penaltyTimeMs":0,"penaltyTime":"PT0S","totalTimeMs":2537900,"totalTime":"PT42M17.9S","position":10,"diffFirstMs":68200,"diffFirst":"PT1M8.2S","diffPrevMs":40900,"diffPrev":"PT40.9S"},{"entryId":20618,"stageTimeMs":2547600,"stageTime":"PT42M27.6S","penaltyTimeMs":0,"penaltyTime":"PT0S","totalTimeMs":2547600,"totalTime":"PT42M27.6S","position":11,"diffFirstMs":77900,"diffFirst":"PT1M17.9S","diffPrevMs":9700,"diffPrev":"PT9.7S"},{"entryId":20620,"stageTimeMs":2564800,"stageTime":"PT42M44.8S","penaltyTimeMs":0,"penaltyTime":"PT0S","totalTimeMs":2564800,"totalTime":"PT42M44.8S","position":12,"diffFirstMs":95100,"diffFirst":"PT1M35.1S","diffPrevMs":17200,"diffPrev":"PT17.2S"},{"entryId":20616,"stageTimeMs":2572400,"stageTime":"PT42M52.4S","penaltyTimeMs":0,"penaltyTime":"PT0S","totalTimeMs":2572400,"totalTime":"PT42M52.4S","position":13,"diffFirstMs":102700,"diffFirst":"PT1M42.7S","diffPrevMs":7600,"diffPrev":"PT7.6S"},{"entryId":20626,"stageTimeMs":2572800,"stageTime":"PT42M52.8S","penaltyTimeMs":0,"penaltyTime":"PT0S","totalTimeMs":2572800,"totalTime":"PT42M52.8S","position":14,"diffFirstMs":103100,"diffFirst":"PT1M43.1S","diffPrevMs":400,"diffPrev":"PT0.4S"},{"entryId":20635,"stageTimeMs":2574600,"stageTime":"PT42M54.6S","penaltyTimeMs":0,"penaltyTime":"PT0S","totalTimeMs":2574600,"totalTime":"PT42M54.6S","position":15,"diffFirstMs":104900,"diffFirst":"PT1M44.9S","diffPrevMs":1800,"diffPrev":"PT1.8S"},{"entryId":20631,"stageTimeMs":2577000,"stageTime":"PT42M57S","penaltyTimeMs":0,"penaltyTime":"PT0S","totalTimeMs":2577000,"totalTime":"PT42M57S","position":16,"diffFirstMs":107300,"diffFirst":"PT1M47.3S","diffPrevMs":2400,"diffPrev":"PT2.4S"},{"entryId":20622,"stageTimeMs":2581800,"stageTime":"PT43M1.8S","penaltyTimeMs":0,"penaltyTime":"PT0S","totalTimeMs":2581800,"totalTime":"PT43M1.8S","position":17,"diffFirstMs":112100,"diffFirst":"PT1M52.1S","diffPrevMs":4800,"diffPrev":"PT4.8S"},{"entryId":20625,"stageTimeMs":2586200,"stageTime":"PT43M6.2S","penaltyTimeMs":0,"penaltyTime":"PT0S","totalTimeMs":2586200,"totalTime":"PT43M6.2S","position":18,"diffFirstMs":116500,"diffFirst":"PT1M56.5S","diffPrevMs":4400,"diffPrev":"PT4.4S"},{"entryId":20623,"stageTimeMs":2590600,"stageTime":"PT43M10.6S","penaltyTimeMs":0,"penaltyTime":"PT0S","totalTimeMs":2590600,"totalTime":"PT43M10.6S","position":19,"diffFirstMs":120900,"diffFirst":"PT2M0.9S","diffPrevMs":4400,"diffPrev":"PT4.4S"},{"entryId":20632,"stageTimeMs":2591200,"stageTime":"PT43M11.2S","penaltyTimeMs":0,"penaltyTime":"PT0S","totalTimeMs":2591200,"totalTime":"PT43M11.2S","position":20,"diffFirstMs":121500,"diffFirst":"PT2M1.5S","diffPrevMs":600,"diffPrev":"PT0.6S"},{"entryId":20619,"stageTimeMs":2598500,"stageTime":"PT43M18.5S","penaltyTimeMs":0,"penaltyTime":"PT0S","totalTimeMs":2598500,"totalTime":"PT43M18.5S","position":21,"diffFirstMs":128800,"diffFirst":"PT2M8.8S","diffPrevMs":7300,"diffPrev":"PT7.3S"},{"entryId":20624,"stageTimeMs":2600400,"stageTime":"PT43M20.4S","penaltyTimeMs":0,"penaltyTime":"PT0S","totalTimeMs":2600400,"totalTime":"PT43M20.4S","position":22,"diffFirstMs":130700,"diffFirst":"PT2M10.7S","diffPrevMs":1900,"diffPrev":"PT1.9S"},{"entryId":20638,"stageTimeMs":2635800,"stageTime":"PT43M55.8S","penaltyTimeMs":0,"penaltyTime":"PT0S","totalTimeMs":2635800,"totalTime":"PT43M55.8S","position":23,"diffFirstMs":166100,"diffFirst":"PT2M46.1S","diffPrevMs":35400,"diffPrev":"PT35.4S"},{"entryId":20637,"stageTimeMs":2636600,"stageTime":"PT43M56.6S","penaltyTimeMs":0,"penaltyTime":"PT0S","totalTimeMs":2636600,"totalTime":"PT43M56.6S","position":24,"diffFirstMs":166900,"diffFirst":"PT2M46.9S","diffPrevMs":800,"diffPrev":"PT0.8S"},{"entryId":20633,"stageTimeMs":2650700,"stageTime":"PT44M10.7S","penaltyTimeMs":0,"penaltyTime":"PT0S","totalTimeMs":2650700,"totalTime":"PT44M10.7S","position":25,"diffFirstMs":181000,"diffFirst":"PT3M1S","diffPrevMs":14100,"diffPrev":"PT14.1S"},{"entryId":20617,"stageTimeMs":2659400,"stageTime":"PT44M19.4S","penaltyTimeMs":0,"penaltyTime":"PT0S","totalTimeMs":2659400,"totalTime":"PT44M19.4S","position":26,"diffFirstMs":189700,"diffFirst":"PT3M9.7S","diffPrevMs":8700,"diffPrev":"PT8.7S"},{"entryId":20621,"stageTimeMs":2672400,"stageTime":"PT44M32.4S","penaltyTimeMs":0,"penaltyTime":"PT0S","totalTimeMs":2672400,"totalTime":"PT44M32.4S","position":27,"diffFirstMs":202700,"diffFirst":"PT3M22.7S","diffPrevMs":13000,"diffPrev":"PT13S"},{"entryId":20605,"stageTimeMs":2685700,"stageTime":"PT44M45.7S","penaltyTimeMs":0,"penaltyTime":"PT0S","totalTimeMs":2685700,"totalTime":"PT44M45.7S","position":28,"diffFirstMs":216000,"diffFirst":"PT3M36S","diffPrevMs":13300,"diffPrev":"PT13.3S"},{"entryId":20639,"stageTimeMs":2753700,"stageTime":"PT45M53.7S","penaltyTimeMs":0,"penaltyTime":"PT0S","totalTimeMs":2753700,"totalTime":"PT45M53.7S","position":29,"diffFirstMs":284000,"diffFirst":"PT4M44S","diffPrevMs":68000,"diffPrev":"PT1M8S"},{"entryId":20628,"stageTimeMs":2813300,"stageTime":"PT46M53.3S","penaltyTimeMs":0,"penaltyTime":"PT0S","totalTimeMs":2813300,"totalTime":"PT46M53.3S","position":30,"diffFirstMs":343600,"diffFirst":"PT5M43.6S","diffPrevMs":59600,"diffPrev":"PT59.6S"},{"entryId":20656,"stageTimeMs":2831900,"stageTime":"PT47M11.9S","penaltyTimeMs":0,"penaltyTime":"PT0S","totalTimeMs":2831900,"totalTime":"PT47M11.9S","position":31,"diffFirstMs":362200,"diffFirst":"PT6M2.2S","diffPrevMs":18600,"diffPrev":"PT18.6S"},{"entryId":20652,"stageTimeMs":2897000,"stageTime":"PT48M17S","penaltyTimeMs":0,"penaltyTime":"PT0S","totalTimeMs":2897000,"totalTime":"PT48M17S","position":32,"diffFirstMs":427300,"diffFirst":"PT7M7.3S","diffPrevMs":65100,"diffPrev":"PT1M5.1S"},{"entryId":20645,"stageTimeMs":2898600,"stageTime":"PT48M18.6S","penaltyTimeMs":0,"penaltyTime":"PT0S","totalTimeMs":2898600,"totalTime":"PT48M18.6S","position":33,"diffFirstMs":428900,"diffFirst":"PT7M8.9S","diffPrevMs":1600,"diffPrev":"PT1.6S"},{"entryId":20650,"stageTimeMs":2898900,"stageTime":"PT48M18.9S","penaltyTimeMs":0,"penaltyTime":"PT0S","totalTimeMs":2898900,"totalTime":"PT48M18.9S","position":34,"diffFirstMs":429200,"diffFirst":"PT7M9.2S","diffPrevMs":300,"diffPrev":"PT0.3S"},{"entryId":20646,"stageTimeMs":2907600,"stageTime":"PT48M27.6S","penaltyTimeMs":0,"penaltyTime":"PT0S","totalTimeMs":2907600,"totalTime":"PT48M27.6S","position":35,"diffFirstMs":437900,"diffFirst":"PT7M17.9S","diffPrevMs":8700,"diffPrev":"PT8.7S"},{"entryId":20634,"stageTimeMs":2913900,"stageTime":"PT48M33.9S","penaltyTimeMs":0,"penaltyTime":"PT0S","totalTimeMs":2913900,"totalTime":"PT48M33.9S","position":36,"diffFirstMs":444200,"diffFirst":"PT7M24.2S","diffPrevMs":6300,"diffPrev":"PT6.3S"},{"entryId":20643,"stageTimeMs":2931500,"stageTime":"PT48M51.5S","penaltyTimeMs":0,"penaltyTime":"PT0S","totalTimeMs":2931500,"totalTime":"PT48M51.5S","position":37,"diffFirstMs":461800,"diffFirst":"PT7M41.8S","diffPrevMs":17600,"diffPrev":"PT17.6S"},{"entryId":20648,"stageTimeMs":2946200,"stageTime":"PT49M6.2S","penaltyTimeMs":0,"penaltyTime":"PT0S","totalTimeMs":2946200,"totalTime":"PT49M6.2S","position":38,"diffFirstMs":476500,"diffFirst":"PT7M56.5S","diffPrevMs":14700,"diffPrev":"PT14.7S"},{"entryId":20653,"stageTimeMs":2937200,"stageTime":"PT48M57.2S","penaltyTimeMs":10000,"penaltyTime":"PT10S","totalTimeMs":2947200,"totalTime":"PT49M7.2S","position":39,"diffFirstMs":477500,"diffFirst":"PT7M57.5S","diffPrevMs":1000,"diffPrev":"PT1S"},{"entryId":20666,"stageTimeMs":2954800,"stageTime":"PT49M14.8S","penaltyTimeMs":0,"penaltyTime":"PT0S","totalTimeMs":2954800,"totalTime":"PT49M14.8S","position":40,"diffFirstMs":485100,"diffFirst":"PT8M5.1S","diffPrevMs":7600,"diffPrev":"PT7.6S"},{"entryId":20659,"stageTimeMs":2958500,"stageTime":"PT49M18.5S","penaltyTimeMs":0,"penaltyTime":"PT0S","totalTimeMs":2958500,"totalTime":"PT49M18.5S","position":41,"diffFirstMs":488800,"diffFirst":"PT8M8.8S","diffPrevMs":3700,"diffPrev":"PT3.7S"},{"entryId":20657,"stageTimeMs":2978900,"stageTime":"PT49M38.9S","penaltyTimeMs":0,"penaltyTime":"PT0S","totalTimeMs":2978900,"totalTime":"PT49M38.9S","position":42,"diffFirstMs":509200,"diffFirst":"PT8M29.2S","diffPrevMs":20400,"diffPrev":"PT20.4S"},{"entryId":20651,"stageTimeMs":2980500,"stageTime":"PT49M40.5S","penaltyTimeMs":0,"penaltyTime":"PT0S","totalTimeMs":2980500,"totalTime":"PT49M40.5S","position":43,"diffFirstMs":510800,"diffFirst":"PT8M30.8S","diffPrevMs":1600,"diffPrev":"PT1.6S"},{"entryId":20660,"stageTimeMs":2985300,"stageTime":"PT49M45.3S","penaltyTimeMs":0,"penaltyTime":"PT0S","totalTimeMs":2985300,"totalTime":"PT49M45.3S","position":44,"diffFirstMs":515600,"diffFirst":"PT8M35.6S","diffPrevMs":4800,"diffPrev":"PT4.8S"},{"entryId":20642,"stageTimeMs":2998800,"stageTime":"PT49M58.8S","penaltyTimeMs":0,"penaltyTime":"PT0S","totalTimeMs":2998800,"totalTime":"PT49M58.8S","position":45,"diffFirstMs":529100,"diffFirst":"PT8M49.1S","diffPrevMs":13500,"diffPrev":"PT13.5S"},{"entryId":20647,"stageTimeMs":3022800,"stageTime":"PT50M22.8S","penaltyTimeMs":0,"penaltyTime":"PT0S","totalTimeMs":3022800,"totalTime":"PT50M22.8S","position":46,"diffFirstMs":553100,"diffFirst":"PT9M13.1S","diffPrevMs":24000,"diffPrev":"PT24S"},{"entryId":20644,"stageTimeMs":3035600,"stageTime":"PT50M35.6S","penaltyTimeMs":0,"penaltyTime":"PT0S","totalTimeMs":3035600,"totalTime":"PT50M35.6S","position":47,"diffFirstMs":565900,"diffFirst":"PT9M25.9S","diffPrevMs":12800,"diffPrev":"PT12.8S"},{"entryId":20636,"stageTimeMs":3050200,"stageTime":"PT50M50.2S","penaltyTimeMs":0,"penaltyTime":"PT0S","totalTimeMs":3050200,"totalTime":"PT50M50.2S","position":48,"diffFirstMs":580500,"diffFirst":"PT9M40.5S","diffPrevMs":14600,"diffPrev":"PT14.6S"},{"entryId":20665,"stageTimeMs":3144600,"stageTime":"PT52M24.6S","penaltyTimeMs":0,"penaltyTime":"PT0S","totalTimeMs":3144600,"totalTime":"PT52M24.6S","position":49,"diffFirstMs":674900,"diffFirst":"PT11M14.9S","diffPrevMs":94400,"diffPrev":"PT1M34.4S"},{"entryId":20640,"stageTimeMs":3149100,"stageTime":"PT52M29.1S","penaltyTimeMs":0,"penaltyTime":"PT0S","totalTimeMs":3149100,"totalTime":"PT52M29.1S","position":50,"diffFirstMs":679400,"diffFirst":"PT11M19.4S","diffPrevMs":4500,"diffPrev":"PT4.5S"},{"entryId":20661,"stageTimeMs":3175800,"stageTime":"PT52M55.8S","penaltyTimeMs":0,"penaltyTime":"PT0S","totalTimeMs":3175800,"totalTime":"PT52M55.8S","position":51,"diffFirstMs":706100,"diffFirst":"PT11M46.1S","diffPrevMs":26700,"diffPrev":"PT26.7S"},{"entryId":20667,"stageTimeMs":3197900,"stageTime":"PT53M17.9S","penaltyTimeMs":0,"penaltyTime":"PT0S","totalTimeMs":3197900,"totalTime":"PT53M17.9S","position":52,"diffFirstMs":728200,"diffFirst":"PT12M8.2S","diffPrevMs":22100,"diffPrev":"PT22.1S"},{"entryId":20663,"stageTimeMs":3201700,"stageTime":"PT53M21.7S","penaltyTimeMs":0,"penaltyTime":"PT0S","totalTimeMs":3201700,"totalTime":"PT53M21.7S","position":53,"diffFirstMs":732000,"diffFirst":"PT12M12S","diffPrevMs":3800,"diffPrev":"PT3.8S"},{"entryId":20649,"stageTimeMs":3317500,"stageTime":"PT55M17.5S","penaltyTimeMs":0,"penaltyTime":"PT0S","totalTimeMs":3317500,"totalTime":"PT55M17.5S","position":54,"diffFirstMs":847800,"diffFirst":"PT14M7.8S","diffPrevMs":115800,"diffPrev":"PT1M55.8S"},{"entryId":20664,"stageTimeMs":3329400,"stageTime":"PT55M29.4S","penaltyTimeMs":0,"penaltyTime":"PT0S","totalTimeMs":3329400,"totalTime":"PT55M29.4S","position":55,"diffFirstMs":859700,"diffFirst":"PT14M19.7S","diffPrevMs":11900,"diffPrev":"PT11.9S"},{"entryId":20654,"stageTimeMs":3376200,"stageTime":"PT56M16.2S","penaltyTimeMs":0,"penaltyTime":"PT0S","totalTimeMs":3376200,"totalTime":"PT56M16.2S","position":56,"diffFirstMs":906500,"diffFirst":"PT15M6.5S","diffPrevMs":46800,"diffPrev":"PT46.8S"},{"entryId":20629,"stageTimeMs":3411800,"stageTime":"PT56M51.8S","penaltyTimeMs":0,"penaltyTime":"PT0S","totalTimeMs":3411800,"totalTime":"PT56M51.8S","position":57,"diffFirstMs":942100,"diffFirst":"PT15M42.1S","diffPrevMs":35600,"diffPrev":"PT35.6S"},{"entryId":20668,"stageTimeMs":3714700,"stageTime":"PT1H1M54.7S","penaltyTimeMs":0,"penaltyTime":"PT0S","totalTimeMs":3714700,"totalTime":"PT1H1M54.7S","position":58,"diffFirstMs":1245000,"diffFirst":"PT20M45S","diffPrevMs":302900,"diffPrev":"PT5M2.9S"},{"entryId":20641,"stageTimeMs":3726500,"stageTime":"PT1H2M6.5S","penaltyTimeMs":0,"penaltyTime":"PT0S","totalTimeMs":3726500,"totalTime":"PT1H2M6.5S","position":59,"diffFirstMs":1256800,"diffFirst":"PT20M56.8S","diffPrevMs":11800,"diffPrev":"PT11.8S"},{"entryId":20658,"stageTimeMs":5462500,"stageTime":"PT1H31M2.5S","penaltyTimeMs":0,"penaltyTime":"PT0S","totalTimeMs":5462500,"totalTime":"PT1H31M2.5S","position":60,"diffFirstMs":2992800,"diffFirst":"PT49M52.8S","diffPrevMs":1736000,"diffPrev":"PT28M56S"}]