{"splitPoints":[{"splitPointId":2931,"stageId":1427,"number":1,"distance":6.0},{"splitPointId":2932,"stageId":1427,"number":2,"distance":9.9}],"controls":[{"controlId":6094,"eventId":89,"stageId":1427,"type":"TimeControl","code":"TC6","location":"Elsi","timingPrecision":"Minute","distance":36.82,"targetDuration":"00:48:00","targetDurationMs":2880000,"firstCarDueDateTime":"2019-10-04T13:37:00","firstCarDueDateTimeLocal":"2019-10-04T14:37:00+01:00","status":"Completed","controlPenalties":"All","roundingPolicy":"NoRounding","locked":true},{"controlId":6106,"eventId":89,"stageId":1427,"type":"FlyingFinish","code":"SF6","location":"Elsi 2","timingPrecision":"Tenth","distance":null,"targetDuration":null,"targetDurationMs":null,"firstCarDueDateTime":null,"firstCarDueDateTimeLocal":null,"status":"Completed","controlPenalties":"None","roundingPolicy":"NoRounding","locked":true},{"controlId":6107,"eventId":89,"stageId":1427,"type":"StageStart","code":"SS6","location":"Elsi 2","timingPrecision":"Minute","distance":11.65,"targetDuration":"00:03:00","targetDurationMs":180000,"firstCarDueDateTime":"2019-10-04T13:40:00","firstCarDueDateTimeLocal":"2019-10-04T14:40:00+01:00","status":"Completed","controlPenalties":"None","roundingPolicy":"RoundToClosestMinute","locked":true}],"stageId":1427,"eventId":89,"number":6,"name":"Elsi 2","distance":11.65,"status":"Completed","stageType":"SpecialStage","timingPrecision":"Tenth","locked":true,"code":"SS6"}