{"splitPoints":[{"splitPointId":1983,"stageId":940,"number":2,"distance":6.95},{"splitPointId":1987,"stageId":940,"number":1,"distance":5.7}],"controls":[{"controlId":3914,"eventId":80,"stageId":940,"type":"TimeControl","code":"TC12","location":"Arperos","timingPrecision":"Minute","distance":4.85,"targetDuration":"00:55:00","targetDurationMs":3300000,"firstCarDueDateTime":"2019-03-09T17:01:00","firstCarDueDateTimeLocal":"2019-03-09T11:01:00-06:00","status":"Completed","controlPenalties":"All","roundingPolicy":"NoRounding","locked":false},{"controlId":3915,"eventId":80,"stageId":940,"type":"StageStart","code":"SS12","location":"El Brinco 1 (Live TV)","timingPrecision":"Minute","distance":8.13,"targetDuration":"00:07:00","targetDurationMs":420000,"firstCarDueDateTime":"2019-03-09T17:08:00","firstCarDueDateTimeLocal":"2019-03-09T11:08:00-06:00","status":"Completed","controlPenalties":"None","roundingPolicy":"RoundToClosestMinute","locked":false},{"controlId":3916,"eventId":80,"stageId":940,"type":"FlyingFinish","code":"SF12","location":"El Brinco 1 (Live TV)","timingPrecision":"Tenth","distance":null,"targetDuration":null,"targetDurationMs":null,"firstCarDueDateTime":null,"firstCarDueDateTimeLocal":null,"status":"Completed","controlPenalties":"None","roundingPolicy":"NoRounding","locked":false}],"stageId":940,"eventId":80,"number":12,"name":"El Brinco 1 (Live TV)","distance":8.13,"status":"Completed","stageType":"SpecialStage","timingPrecision":"Tenth","locked":false,"code":"SS12"}