[{"startDateTime":"2019-06-15T15:14:00","startDateTimeLocal":"2019-06-15T17:14:00+02:00","stageTimeDurationMs":1015700,"stageTimeDuration":"00:16:55.7000000","splitPointTimeId":80953,"splitPointId":2494,"entryId":19869,"elapsedDurationMs":358200,"elapsedDuration":"PT5M58.2S","splitDateTime":"2019-06-15T15:19:58.2","splitDateTimeLocal":"2019-06-15T17:19:58.2+02:00"},{"startDateTime":"2019-06-15T15:17:00","startDateTimeLocal":"2019-06-15T17:17:00+02:00","stageTimeDurationMs":1037600,"stageTimeDuration":"00:17:17.6000000","splitPointTimeId":80962,"splitPointId":2494,"entryId":19872,"elapsedDurationMs":367100,"elapsedDuration":"PT6M7.1S","splitDateTime":"2019-06-15T15:23:07.1","splitDateTimeLocal":"2019-06-15T17:23:07.1+02:00"},{"startDateTime":"2019-06-15T15:20:00","startDateTimeLocal":"2019-06-15T17:20:00+02:00","stageTimeDurationMs":1012000,"stageTimeDuration":"00:16:52","splitPointTimeId":80970,"splitPointId":2494,"entryId":19865,"elapsedDurationMs":354800,"elapsedDuration":"PT5M54.8S","splitDateTime":"2019-06-15T15:25:54.8","splitDateTimeLocal":"2019-06-15T17:25:54.8+02:00"},{"startDateTime":"2019-06-15T15:23:00","startDateTimeLocal":"2019-06-15T17:23:00+02:00","stageTimeDurationMs":1008200,"stageTimeDuration":"00:16:48.2000000","splitPointTimeId":80977,"splitPointId":2494,"entryId":19870,"elapsedDurationMs":353800,"elapsedDuration":"PT5M53.8S","splitDateTime":"2019-06-15T15:28:53.8","splitDateTimeLocal":"2019-06-15T17:28:53.8+02:00"},{"startDateTime":"2019-06-15T15:26:00","startDateTimeLocal":"2019-06-15T17:26:00+02:00","stageTimeDurationMs":999500,"stageTimeDuration":"00:16:39.5000000","splitPointTimeId":80986,"splitPointId":2494,"entryId":19866,"elapsedDurationMs":351600,"elapsedDuration":"PT5M51.6S","splitDateTime":"2019-06-15T15:31:51.6","splitDateTimeLocal":"2019-06-15T17:31:51.6+02:00"},{"startDateTime":"2019-06-15T15:29:00","startDateTimeLocal":"2019-06-15T17:29:00+02:00","stageTimeDurationMs":1003100,"stageTimeDuration":"00:16:43.1000000","splitPointTimeId":80999,"splitPointId":2494,"entryId":19871,"elapsedDurationMs":352600,"elapsedDuration":"PT5M52.6S","splitDateTime":"2019-06-15T15:34:52.6","splitDateTimeLocal":"2019-06-15T17:34:52.6+02:00"},{"startDateTime":"2019-06-15T15:32:00","startDateTimeLocal":"2019-06-15T17:32:00+02:00","stageTimeDurationMs":1001800,"stageTimeDuration":"00:16:41.8000000","splitPointTimeId":81017,"splitPointId":2494,"entryId":19873,"elapsedDurationMs":351200,"elapsedDuration":"PT5M51.2S","splitDateTime":"2019-06-15T15:37:51.2","splitDateTimeLocal":"2019-06-15T17:37:51.2+02:00"},{"startDateTime":"2019-06-15T15:35:00","startDateTimeLocal":"2019-06-15T17:35:00+02:00","stageTimeDurationMs":991800,"stageTimeDuration":"00:16:31.8000000","splitPointTimeId":81028,"splitPointId":2494,"entryId":19868,"elapsedDurationMs":348100,"elapsedDuration":"PT5M48.1S","splitDateTime":"2019-06-15T15:40:48.1","splitDateTimeLocal":"2019-06-15T17:40:48.1+02:00"},{"startDateTime":"2019-06-15T15:38:00","startDateTimeLocal":"2019-06-15T17:38:00+02:00","stageTimeDurationMs":1000100,"stageTimeDuration":"00:16:40.1000000","splitPointTimeId":81045,"splitPointId":2494,"entryId":19863,"elapsedDurationMs":350900,"elapsedDuration":"PT5M50.9S","splitDateTime":"2019-06-15T15:43:50.9","splitDateTimeLocal":"2019-06-15T17:43:50.9+02:00"},{"startDateTime":"2019-06-15T15:41:00","startDateTimeLocal":"2019-06-15T17:41:00+02:00","stageTimeDurationMs":998600,"stageTimeDuration":"00:16:38.6000000","splitPointTimeId":81064,"splitPointId":2494,"entryId":19864,"elapsedDurationMs":350600,"elapsedDuration":"PT5M50.6S","splitDateTime":"2019-06-15T15:46:50.6","splitDateTimeLocal":"2019-06-15T17:46:50.6+02:00"},{"startDateTime":"2019-06-15T15:44:00","startDateTimeLocal":"2019-06-15T17:44:00+02:00","stageTimeDurationMs":998900,"stageTimeDuration":"00:16:38.9000000","splitPointTimeId":81081,"splitPointId":2494,"entryId":19867,"elapsedDurationMs":350200,"elapsedDuration":"PT5M50.2S","splitDateTime":"2019-06-15T15:49:50.2","splitDateTimeLocal":"2019-06-15T17:49:50.2+02:00"},{"startDateTime":"2019-06-15T15:46:00","startDateTimeLocal":"2019-06-15T17:46:00+02:00","stageTimeDurationMs":1048600,"stageTimeDuration":"00:17:28.6000000","splitPointTimeId":81090,"splitPointId":2494,"entryId":19875,"elapsedDurationMs":368500,"elapsedDuration":"PT6M8.5S","splitDateTime":"2019-06-15T15:52:08.5","splitDateTimeLocal":"2019-06-15T17:52:08.5+02:00"},{"startDateTime":"2019-06-15T15:48:00","startDateTimeLocal":"2019-06-15T17:48:00+02:00","stageTimeDurationMs":1052500,"stageTimeDuration":"00:17:32.5000000","splitPointTimeId":81102,"splitPointId":2494,"entryId":19876,"elapsedDurationMs":372800,"elapsedDuration":"PT6M12.8S","splitDateTime":"2019-06-15T15:54:12.8","splitDateTimeLocal":"2019-06-15T17:54:12.8+02:00"},{"startDateTime":"2019-06-15T15:50:00","startDateTimeLocal":"2019-06-15T17:50:00+02:00","stageTimeDurationMs":1040900,"stageTimeDuration":"00:17:20.9000000","splitPointTimeId":81113,"splitPointId":2494,"entryId":19874,"elapsedDurationMs":364800,"elapsedDuration":"PT6M4.8S","splitDateTime":"2019-06-15T15:56:04.8","splitDateTimeLocal":"2019-06-15T17:56:04.8+02:00"},{"startDateTime":"2019-06-15T15:52:00","startDateTimeLocal":"2019-06-15T17:52:00+02:00","stageTimeDurationMs":1061700,"stageTimeDuration":"00:17:41.7000000","splitPointTimeId":81121,"splitPointId":2494,"entryId":19888,"elapsedDurationMs":372300,"elapsedDuration":"PT6M12.3S","splitDateTime":"2019-06-15T15:58:12.3","splitDateTimeLocal":"2019-06-15T17:58:12.3+02:00"},{"startDateTime":"2019-06-15T15:54:00","startDateTimeLocal":"2019-06-15T17:54:00+02:00","stageTimeDurationMs":1059500,"stageTimeDuration":"00:17:39.5000000","splitPointTimeId":81137,"splitPointId":2494,"entryId":19880,"elapsedDurationMs":372800,"elapsedDuration":"PT6M12.8S","splitDateTime":"2019-06-15T16:00:12.8","splitDateTimeLocal":"2019-06-15T18:00:12.8+02:00"},{"startDateTime":"2019-06-15T15:56:00","startDateTimeLocal":"2019-06-15T17:56:00+02:00","stageTimeDurationMs":1056500,"stageTimeDuration":"00:17:36.5000000","splitPointTimeId":81143,"splitPointId":2494,"entryId":19889,"elapsedDurationMs":370100,"elapsedDuration":"PT6M10.1S","splitDateTime":"2019-06-15T16:02:10.1","splitDateTimeLocal":"2019-06-15T18:02:10.1+02:00"},{"startDateTime":"2019-06-15T15:58:00","startDateTimeLocal":"2019-06-15T17:58:00+02:00","stageTimeDurationMs":1067400,"stageTimeDuration":"00:17:47.4000000","splitPointTimeId":81159,"splitPointId":2494,"entryId":19885,"elapsedDurationMs":376000,"elapsedDuration":"PT6M16S","splitDateTime":"2019-06-15T16:04:16","splitDateTimeLocal":"2019-06-15T18:04:16+02:00"},{"startDateTime":"2019-06-15T16:00:00","startDateTimeLocal":"2019-06-15T18:00:00+02:00","stageTimeDurationMs":1042800,"stageTimeDuration":"00:17:22.8000000","splitPointTimeId":81166,"splitPointId":2494,"entryId":19881,"elapsedDurationMs":366700,"elapsedDuration":"PT6M6.7S","splitDateTime":"2019-06-15T16:06:06.7","splitDateTimeLocal":"2019-06-15T18:06:06.7+02:00"},{"startDateTime":"2019-06-15T16:02:00","startDateTimeLocal":"2019-06-15T18:02:00+02:00","stageTimeDurationMs":1065600,"stageTimeDuration":"00:17:45.6000000","splitPointTimeId":81178,"splitPointId":2494,"entryId":19884,"elapsedDurationMs":374700,"elapsedDuration":"PT6M14.7S","splitDateTime":"2019-06-15T16:08:14.7","splitDateTimeLocal":"2019-06-15T18:08:14.7+02:00"},{"startDateTime":"2019-06-15T16:04:00","startDateTimeLocal":"2019-06-15T18:04:00+02:00","stageTimeDurationMs":1232200,"stageTimeDuration":"00:20:32.2000000","splitPointTimeId":81191,"splitPointId":2494,"entryId":19890,"elapsedDurationMs":377700,"elapsedDuration":"PT6M17.7S","splitDateTime":"2019-06-15T16:10:17.7","splitDateTimeLocal":"2019-06-15T18:10:17.7+02:00"},{"startDateTime":"2019-06-15T16:06:00","startDateTimeLocal":"2019-06-15T18:06:00+02:00","stageTimeDurationMs":1081000,"stageTimeDuration":"00:18:01","splitPointTimeId":81205,"splitPointId":2494,"entryId":19887,"elapsedDurationMs":383400,"elapsedDuration":"PT6M23.4S","splitDateTime":"2019-06-15T16:12:23.4","splitDateTimeLocal":"2019-06-15T18:12:23.4+02:00"},{"startDateTime":"2019-06-15T16:08:00","startDateTimeLocal":"2019-06-15T18:08:00+02:00","stageTimeDurationMs":1077600,"stageTimeDuration":"00:17:57.6000000","splitPointTimeId":81216,"splitPointId":2494,"entryId":19883,"elapsedDurationMs":378200,"elapsedDuration":"PT6M18.2S","splitDateTime":"2019-06-15T16:14:18.2","splitDateTimeLocal":"2019-06-15T18:14:18.2+02:00"},{"startDateTime":"2019-06-15T16:10:00","startDateTimeLocal":"2019-06-15T18:10:00+02:00","stageTimeDurationMs":1081900,"stageTimeDuration":"00:18:01.9000000","splitPointTimeId":81229,"splitPointId":2494,"entryId":19879,"elapsedDurationMs":381200,"elapsedDuration":"PT6M21.2S","splitDateTime":"2019-06-15T16:16:21.2","splitDateTimeLocal":"2019-06-15T18:16:21.2+02:00"},{"startDateTime":"2019-06-15T16:12:00","startDateTimeLocal":"2019-06-15T18:12:00+02:00","stageTimeDurationMs":1128600,"stageTimeDuration":"00:18:48.6000000","splitPointTimeId":81254,"splitPointId":2494,"entryId":19913,"elapsedDurationMs":402500,"elapsedDuration":"PT6M42.5S","splitDateTime":"2019-06-15T16:18:42.5","splitDateTimeLocal":"2019-06-15T18:18:42.5+02:00"},{"startDateTime":"2019-06-15T16:14:00","startDateTimeLocal":"2019-06-15T18:14:00+02:00","stageTimeDurationMs":1095200,"stageTimeDuration":"00:18:15.2000000","splitPointTimeId":81267,"splitPointId":2494,"entryId":19912,"elapsedDurationMs":382500,"elapsedDuration":"PT6M22.5S","splitDateTime":"2019-06-15T16:20:22.5","splitDateTimeLocal":"2019-06-15T18:20:22.5+02:00"},{"startDateTime":"2019-06-15T16:16:00","startDateTimeLocal":"2019-06-15T18:16:00+02:00","stageTimeDurationMs":1133600,"stageTimeDuration":"00:18:53.6000000","splitPointTimeId":81280,"splitPointId":2494,"entryId":19911,"elapsedDurationMs":384100,"elapsedDuration":"PT6M24.1S","splitDateTime":"2019-06-15T16:22:24.1","splitDateTimeLocal":"2019-06-15T18:22:24.1+02:00"},{"startDateTime":"2019-06-15T16:18:00","startDateTimeLocal":"2019-06-15T18:18:00+02:00","stageTimeDurationMs":1416700,"stageTimeDuration":"00:23:36.7000000","splitPointTimeId":81299,"splitPointId":2494,"entryId":19907,"elapsedDurationMs":403700,"elapsedDuration":"PT6M43.7S","splitDateTime":"2019-06-15T16:24:43.7","splitDateTimeLocal":"2019-06-15T18:24:43.7+02:00"},{"startDateTime":"2019-06-15T16:24:00","startDateTimeLocal":"2019-06-15T18:24:00+02:00","stageTimeDurationMs":1170200,"stageTimeDuration":"00:19:30.2000000","splitPointTimeId":81348,"splitPointId":2494,"entryId":19893,"elapsedDurationMs":408600,"elapsedDuration":"PT6M48.6S","splitDateTime":"2019-06-15T16:30:48.6","splitDateTimeLocal":"2019-06-15T18:30:48.6+02:00"},{"startDateTime":"2019-06-15T16:27:00","startDateTimeLocal":"2019-06-15T18:27:00+02:00","stageTimeDurationMs":1111300,"stageTimeDuration":"00:18:31.3000000","splitPointTimeId":81365,"splitPointId":2494,"entryId":19910,"elapsedDurationMs":391600,"elapsedDuration":"PT6M31.6S","splitDateTime":"2019-06-15T16:33:31.6","splitDateTimeLocal":"2019-06-15T18:33:31.6+02:00"},{"startDateTime":"2019-06-15T16:29:00","startDateTimeLocal":"2019-06-15T18:29:00+02:00","stageTimeDurationMs":1180000,"stageTimeDuration":"00:19:40","splitPointTimeId":81388,"splitPointId":2494,"entryId":19891,"elapsedDurationMs":412500,"elapsedDuration":"PT6M52.5S","splitDateTime":"2019-06-15T16:35:52.5","splitDateTimeLocal":"2019-06-15T18:35:52.5+02:00"},{"startDateTime":"2019-06-15T16:31:00","startDateTimeLocal":"2019-06-15T18:31:00+02:00","stageTimeDurationMs":1163800,"stageTimeDuration":"00:19:23.8000000","splitPointTimeId":81402,"splitPointId":2494,"entryId":19892,"elapsedDurationMs":408300,"elapsedDuration":"PT6M48.3S","splitDateTime":"2019-06-15T16:37:48.3","splitDateTimeLocal":"2019-06-15T18:37:48.3+02:00"},{"startDateTime":"2019-06-15T16:33:00","startDateTimeLocal":"2019-06-15T18:33:00+02:00","stageTimeDurationMs":1186400,"stageTimeDuration":"00:19:46.4000000","splitPointTimeId":81412,"splitPointId":2494,"entryId":19899,"elapsedDurationMs":414100,"elapsedDuration":"PT6M54.1S","splitDateTime":"2019-06-15T16:39:54.1","splitDateTimeLocal":"2019-06-15T18:39:54.1+02:00"},{"startDateTime":"2019-06-15T16:35:00","startDateTimeLocal":"2019-06-15T18:35:00+02:00","stageTimeDurationMs":1182200,"stageTimeDuration":"00:19:42.2000000","splitPointTimeId":81424,"splitPointId":2494,"entryId":19896,"elapsedDurationMs":414800,"elapsedDuration":"PT6M54.8S","splitDateTime":"2019-06-15T16:41:54.8","splitDateTimeLocal":"2019-06-15T18:41:54.8+02:00"},{"startDateTime":"2019-06-15T16:37:00","startDateTimeLocal":"2019-06-15T18:37:00+02:00","stageTimeDurationMs":1251700,"stageTimeDuration":"00:20:51.7000000","splitPointTimeId":81448,"splitPointId":2494,"entryId":19897,"elapsedDurationMs":427400,"elapsedDuration":"PT7M7.4S","splitDateTime":"2019-06-15T16:44:07.4","splitDateTimeLocal":"2019-06-15T18:44:07.4+02:00"},{"startDateTime":"2019-06-15T16:39:00","startDateTimeLocal":"2019-06-15T18:39:00+02:00","stageTimeDurationMs":1216500,"stageTimeDuration":"00:20:16.5000000","splitPointTimeId":81455,"splitPointId":2494,"entryId":19900,"elapsedDurationMs":442500,"elapsedDuration":"PT7M22.5S","splitDateTime":"2019-06-15T16:46:22.5","splitDateTimeLocal":"2019-06-15T18:46:22.5+02:00"},{"startDateTime":"2019-06-15T16:41:00","startDateTimeLocal":"2019-06-15T18:41:00+02:00","stageTimeDurationMs":1227300,"stageTimeDuration":"00:20:27.3000000","splitPointTimeId":81465,"splitPointId":2494,"entryId":19895,"elapsedDurationMs":433100,"elapsedDuration":"PT7M13.1S","splitDateTime":"2019-06-15T16:48:13.1","splitDateTimeLocal":"2019-06-15T18:48:13.1+02:00"},{"startDateTime":"2019-06-15T16:45:00","startDateTimeLocal":"2019-06-15T18:45:00+02:00","stageTimeDurationMs":1515200,"stageTimeDuration":"00:25:15.2000000","splitPointTimeId":81484,"splitPointId":2494,"entryId":19922,"elapsedDurationMs":416200,"elapsedDuration":"PT6M56.2S","splitDateTime":"2019-06-15T16:51:56.2","splitDateTimeLocal":"2019-06-15T18:51:56.2+02:00"},{"startDateTime":"2019-06-15T16:51:00","startDateTimeLocal":"2019-06-15T18:51:00+02:00","stageTimeDurationMs":1278900,"stageTimeDuration":"00:21:18.9000000","splitPointTimeId":81506,"splitPointId":2494,"entryId":19909,"elapsedDurationMs":397500,"elapsedDuration":"PT6M37.5S","splitDateTime":"2019-06-15T16:57:37.5","splitDateTimeLocal":"2019-06-15T18:57:37.5+02:00"},{"startDateTime":"2019-06-15T16:53:00","startDateTimeLocal":"2019-06-15T18:53:00+02:00","stageTimeDurationMs":1273900,"stageTimeDuration":"00:21:13.9000000","splitPointTimeId":81517,"splitPointId":2494,"entryId":19902,"elapsedDurationMs":454400,"elapsedDuration":"PT7M34.4S","splitDateTime":"2019-06-15T17:00:34.4","splitDateTimeLocal":"2019-06-15T19:00:34.4+02:00"},{"startDateTime":"2019-06-15T16:56:00","startDateTimeLocal":"2019-06-15T18:56:00+02:00","stageTimeDurationMs":1172300,"stageTimeDuration":"00:19:32.3000000","splitPointTimeId":81531,"splitPointId":2494,"entryId":19894,"elapsedDurationMs":411300,"elapsedDuration":"PT6M51.3S","splitDateTime":"2019-06-15T17:02:51.3","splitDateTimeLocal":"2019-06-15T19:02:51.3+02:00"},{"startDateTime":"2019-06-15T16:58:00","startDateTimeLocal":"2019-06-15T18:58:00+02:00","stageTimeDurationMs":1318200,"stageTimeDuration":"00:21:58.2000000","splitPointTimeId":81551,"splitPointId":2494,"entryId":19901,"elapsedDurationMs":459300,"elapsedDuration":"PT7M39.3S","splitDateTime":"2019-06-15T17:05:39.3","splitDateTimeLocal":"2019-06-15T19:05:39.3+02:00"},{"startDateTime":"2019-06-15T17:00:00","startDateTimeLocal":"2019-06-15T19:00:00+02:00","stageTimeDurationMs":1257300,"stageTimeDuration":"00:20:57.3000000","splitPointTimeId":81561,"splitPointId":2494,"entryId":19898,"elapsedDurationMs":435400,"elapsedDuration":"PT7M15.4S","splitDateTime":"2019-06-15T17:07:15.4","splitDateTimeLocal":"2019-06-15T19:07:15.4+02:00"},{"startDateTime":"2019-06-15T17:02:00","startDateTimeLocal":"2019-06-15T19:02:00+02:00","stageTimeDurationMs":1278300,"stageTimeDuration":"00:21:18.3000000","splitPointTimeId":81575,"splitPointId":2494,"entryId":19948,"elapsedDurationMs":455200,"elapsedDuration":"PT7M35.2S","splitDateTime":"2019-06-15T17:09:35.2","splitDateTimeLocal":"2019-06-15T19:09:35.2+02:00"},{"startDateTime":"2019-06-15T17:04:00","startDateTimeLocal":"2019-06-15T19:04:00+02:00","stageTimeDurationMs":1373900,"stageTimeDuration":"00:22:53.9000000","splitPointTimeId":81595,"splitPointId":2494,"entryId":19952,"elapsedDurationMs":487600,"elapsedDuration":"PT8M7.6S","splitDateTime":"2019-06-15T17:12:07.6","splitDateTimeLocal":"2019-06-15T19:12:07.6+02:00"},{"startDateTime":"2019-06-15T17:06:00","startDateTimeLocal":"2019-06-15T19:06:00+02:00","stageTimeDurationMs":1362300,"stageTimeDuration":"00:22:42.3000000","splitPointTimeId":81607,"splitPointId":2494,"entryId":19931,"elapsedDurationMs":472500,"elapsedDuration":"PT7M52.5S","splitDateTime":"2019-06-15T17:13:52.5","splitDateTimeLocal":"2019-06-15T19:13:52.5+02:00"},{"startDateTime":"2019-06-15T17:08:00","startDateTimeLocal":"2019-06-15T19:08:00+02:00","stageTimeDurationMs":1468300,"stageTimeDuration":"00:24:28.3000000","splitPointTimeId":81621,"splitPointId":2494,"entryId":19940,"elapsedDurationMs":518700,"elapsedDuration":"PT8M38.7S","splitDateTime":"2019-06-15T17:16:38.7","splitDateTimeLocal":"2019-06-15T19:16:38.7+02:00"},{"startDateTime":"2019-06-15T17:10:00","startDateTimeLocal":"2019-06-15T19:10:00+02:00","stageTimeDurationMs":1572300,"stageTimeDuration":"00:26:12.3000000","splitPointTimeId":81632,"splitPointId":2494,"entryId":19953,"elapsedDurationMs":545800,"elapsedDuration":"PT9M5.8S","splitDateTime":"2019-06-15T17:19:05.8","splitDateTimeLocal":"2019-06-15T19:19:05.8+02:00"},{"startDateTime":"2019-06-15T17:12:00","startDateTimeLocal":"2019-06-15T19:12:00+02:00","stageTimeDurationMs":1471400,"stageTimeDuration":"00:24:31.4000000","splitPointTimeId":81640,"splitPointId":2494,"entryId":19938,"elapsedDurationMs":497600,"elapsedDuration":"PT8M17.6S","splitDateTime":"2019-06-15T17:20:17.6","splitDateTimeLocal":"2019-06-15T19:20:17.6+02:00"},{"startDateTime":"2019-06-15T17:14:00","startDateTimeLocal":"2019-06-15T19:14:00+02:00","stageTimeDurationMs":1392300,"stageTimeDuration":"00:23:12.3000000","splitPointTimeId":81642,"splitPointId":2494,"entryId":19949,"elapsedDurationMs":489100,"elapsedDuration":"PT8M9.1S","splitDateTime":"2019-06-15T17:22:09.1","splitDateTimeLocal":"2019-06-15T19:22:09.1+02:00"},{"startDateTime":"2019-06-15T15:14:00","startDateTimeLocal":"2019-06-15T17:14:00+02:00","stageTimeDurationMs":1015700,"stageTimeDuration":"00:16:55.7000000","splitPointTimeId":80944,"splitPointId":2495,"entryId":19869,"elapsedDurationMs":176900,"elapsedDuration":"PT2M56.9S","splitDateTime":"2019-06-15T15:16:56.9","splitDateTimeLocal":"2019-06-15T17:16:56.9+02:00"},{"startDateTime":"2019-06-15T15:17:00","startDateTimeLocal":"2019-06-15T17:17:00+02:00","stageTimeDurationMs":1037600,"stageTimeDuration":"00:17:17.6000000","splitPointTimeId":80955,"splitPointId":2495,"entryId":19872,"elapsedDurationMs":180400,"elapsedDuration":"PT3M0.4S","splitDateTime":"2019-06-15T15:20:00.4","splitDateTimeLocal":"2019-06-15T17:20:00.4+02:00"},{"startDateTime":"2019-06-15T15:20:00","startDateTimeLocal":"2019-06-15T17:20:00+02:00","stageTimeDurationMs":1012000,"stageTimeDuration":"00:16:52","splitPointTimeId":80961,"splitPointId":2495,"entryId":19865,"elapsedDurationMs":174900,"elapsedDuration":"PT2M54.9S","splitDateTime":"2019-06-15T15:22:54.9","splitDateTimeLocal":"2019-06-15T17:22:54.9+02:00"},{"startDateTime":"2019-06-15T15:23:00","startDateTimeLocal":"2019-06-15T17:23:00+02:00","stageTimeDurationMs":1008200,"stageTimeDuration":"00:16:48.2000000","splitPointTimeId":80971,"splitPointId":2495,"entryId":19870,"elapsedDurationMs":174900,"elapsedDuration":"PT2M54.9S","splitDateTime":"2019-06-15T15:25:54.9","splitDateTimeLocal":"2019-06-15T17:25:54.9+02:00"},{"startDateTime":"2019-06-15T15:26:00","startDateTimeLocal":"2019-06-15T17:26:00+02:00","stageTimeDurationMs":999500,"stageTimeDuration":"00:16:39.5000000","splitPointTimeId":80978,"splitPointId":2495,"entryId":19866,"elapsedDurationMs":173400,"elapsedDuration":"PT2M53.4S","splitDateTime":"2019-06-15T15:28:53.4","splitDateTimeLocal":"2019-06-15T17:28:53.4+02:00"},{"startDateTime":"2019-06-15T15:29:00","startDateTimeLocal":"2019-06-15T17:29:00+02:00","stageTimeDurationMs":1003100,"stageTimeDuration":"00:16:43.1000000","splitPointTimeId":80987,"splitPointId":2495,"entryId":19871,"elapsedDurationMs":174100,"elapsedDuration":"PT2M54.1S","splitDateTime":"2019-06-15T15:31:54.1","splitDateTimeLocal":"2019-06-15T17:31:54.1+02:00"},{"startDateTime":"2019-06-15T15:32:00","startDateTimeLocal":"2019-06-15T17:32:00+02:00","stageTimeDurationMs":1001800,"stageTimeDuration":"00:16:41.8000000","splitPointTimeId":81000,"splitPointId":2495,"entryId":19873,"elapsedDurationMs":173500,"elapsedDuration":"PT2M53.5S","splitDateTime":"2019-06-15T15:34:53.5","splitDateTimeLocal":"2019-06-15T17:34:53.5+02:00"},{"startDateTime":"2019-06-15T15:35:00","startDateTimeLocal":"2019-06-15T17:35:00+02:00","stageTimeDurationMs":991800,"stageTimeDuration":"00:16:31.8000000","splitPointTimeId":81016,"splitPointId":2495,"entryId":19868,"elapsedDurationMs":172700,"elapsedDuration":"PT2M52.7S","splitDateTime":"2019-06-15T15:37:52.7","splitDateTimeLocal":"2019-06-15T17:37:52.7+02:00"},{"startDateTime":"2019-06-15T15:38:00","startDateTimeLocal":"2019-06-15T17:38:00+02:00","stageTimeDurationMs":1000100,"stageTimeDuration":"00:16:40.1000000","splitPointTimeId":81029,"splitPointId":2495,"entryId":19863,"elapsedDurationMs":173000,"elapsedDuration":"PT2M53S","splitDateTime":"2019-06-15T15:40:53","splitDateTimeLocal":"2019-06-15T17:40:53+02:00"},{"startDateTime":"2019-06-15T15:41:00","startDateTimeLocal":"2019-06-15T17:41:00+02:00","stageTimeDurationMs":998600,"stageTimeDuration":"00:16:38.6000000","splitPointTimeId":81046,"splitPointId":2495,"entryId":19864,"elapsedDurationMs":172900,"elapsedDuration":"PT2M52.9S","splitDateTime":"2019-06-15T15:43:52.9","splitDateTimeLocal":"2019-06-15T17:43:52.9+02:00"},{"startDateTime":"2019-06-15T15:44:00","startDateTimeLocal":"2019-06-15T17:44:00+02:00","stageTimeDurationMs":998900,"stageTimeDuration":"00:16:38.9000000","splitPointTimeId":81065,"splitPointId":2495,"entryId":19867,"elapsedDurationMs":173400,"elapsedDuration":"PT2M53.4S","splitDateTime":"2019-06-15T15:46:53.4","splitDateTimeLocal":"2019-06-15T17:46:53.4+02:00"},{"startDateTime":"2019-06-15T15:46:00","startDateTimeLocal":"2019-06-15T17:46:00+02:00","stageTimeDurationMs":1048600,"stageTimeDuration":"00:17:28.6000000","splitPointTimeId":81077,"splitPointId":2495,"entryId":19875,"elapsedDurationMs":181200,"elapsedDuration":"PT3M1.2S","splitDateTime":"2019-06-15T15:49:01.2","splitDateTimeLocal":"2019-06-15T17:49:01.2+02:00"},{"startDateTime":"2019-06-15T15:48:00","startDateTimeLocal":"2019-06-15T17:48:00+02:00","stageTimeDurationMs":1052500,"stageTimeDuration":"00:17:32.5000000","splitPointTimeId":81085,"splitPointId":2495,"entryId":19876,"elapsedDurationMs":183700,"elapsedDuration":"PT3M3.7S","splitDateTime":"2019-06-15T15:51:03.7","splitDateTimeLocal":"2019-06-15T17:51:03.7+02:00"},{"startDateTime":"2019-06-15T15:50:00","startDateTimeLocal":"2019-06-15T17:50:00+02:00","stageTimeDurationMs":1040900,"stageTimeDuration":"00:17:20.9000000","splitPointTimeId":81092,"splitPointId":2495,"entryId":19874,"elapsedDurationMs":178600,"elapsedDuration":"PT2M58.6S","splitDateTime":"2019-06-15T15:52:58.6","splitDateTimeLocal":"2019-06-15T17:52:58.6+02:00"},{"startDateTime":"2019-06-15T15:52:00","startDateTimeLocal":"2019-06-15T17:52:00+02:00","stageTimeDurationMs":1061700,"stageTimeDuration":"00:17:41.7000000","splitPointTimeId":81103,"splitPointId":2495,"entryId":19888,"elapsedDurationMs":183000,"elapsedDuration":"PT3M3S","splitDateTime":"2019-06-15T15:55:03","splitDateTimeLocal":"2019-06-15T17:55:03+02:00"},{"startDateTime":"2019-06-15T15:54:00","startDateTimeLocal":"2019-06-15T17:54:00+02:00","stageTimeDurationMs":1059500,"stageTimeDuration":"00:17:39.5000000","splitPointTimeId":81117,"splitPointId":2495,"entryId":19880,"elapsedDurationMs":182600,"elapsedDuration":"PT3M2.6S","splitDateTime":"2019-06-15T15:57:02.6","splitDateTimeLocal":"2019-06-15T17:57:02.6+02:00"},{"startDateTime":"2019-06-15T15:56:00","startDateTimeLocal":"2019-06-15T17:56:00+02:00","stageTimeDurationMs":1056500,"stageTimeDuration":"00:17:36.5000000","splitPointTimeId":81126,"splitPointId":2495,"entryId":19889,"elapsedDurationMs":180700,"elapsedDuration":"PT3M0.7S","splitDateTime":"2019-06-15T15:59:00.7","splitDateTimeLocal":"2019-06-15T17:59:00.7+02:00"},{"startDateTime":"2019-06-15T15:58:00","startDateTimeLocal":"2019-06-15T17:58:00+02:00","stageTimeDurationMs":1067400,"stageTimeDuration":"00:17:47.4000000","splitPointTimeId":81139,"splitPointId":2495,"entryId":19885,"elapsedDurationMs":184900,"elapsedDuration":"PT3M4.9S","splitDateTime":"2019-06-15T16:01:04.9","splitDateTimeLocal":"2019-06-15T18:01:04.9+02:00"},{"startDateTime":"2019-06-15T16:00:00","startDateTimeLocal":"2019-06-15T18:00:00+02:00","stageTimeDurationMs":1042800,"stageTimeDuration":"00:17:22.8000000","splitPointTimeId":81151,"splitPointId":2495,"entryId":19881,"elapsedDurationMs":180400,"elapsedDuration":"PT3M0.4S","splitDateTime":"2019-06-15T16:03:00.4","splitDateTimeLocal":"2019-06-15T18:03:00.4+02:00"},{"startDateTime":"2019-06-15T16:02:00","startDateTimeLocal":"2019-06-15T18:02:00+02:00","stageTimeDurationMs":1065600,"stageTimeDuration":"00:17:45.6000000","splitPointTimeId":81161,"splitPointId":2495,"entryId":19884,"elapsedDurationMs":184500,"elapsedDuration":"PT3M4.5S","splitDateTime":"2019-06-15T16:05:04.5","splitDateTimeLocal":"2019-06-15T18:05:04.5+02:00"},{"startDateTime":"2019-06-15T16:04:00","startDateTimeLocal":"2019-06-15T18:04:00+02:00","stageTimeDurationMs":1232200,"stageTimeDuration":"00:20:32.2000000","splitPointTimeId":81171,"splitPointId":2495,"entryId":19890,"elapsedDurationMs":183600,"elapsedDuration":"PT3M3.6S","splitDateTime":"2019-06-15T16:07:03.6","splitDateTimeLocal":"2019-06-15T18:07:03.6+02:00"},{"startDateTime":"2019-06-15T16:06:00","startDateTimeLocal":"2019-06-15T18:06:00+02:00","stageTimeDurationMs":1081000,"stageTimeDuration":"00:18:01","splitPointTimeId":81183,"splitPointId":2495,"entryId":19887,"elapsedDurationMs":191500,"elapsedDuration":"PT3M11.5S","splitDateTime":"2019-06-15T16:09:11.5","splitDateTimeLocal":"2019-06-15T18:09:11.5+02:00"},{"startDateTime":"2019-06-15T16:08:00","startDateTimeLocal":"2019-06-15T18:08:00+02:00","stageTimeDurationMs":1077600,"stageTimeDuration":"00:17:57.6000000","splitPointTimeId":81194,"splitPointId":2495,"entryId":19883,"elapsedDurationMs":186900,"elapsedDuration":"PT3M6.9S","splitDateTime":"2019-06-15T16:11:06.9","splitDateTimeLocal":"2019-06-15T18:11:06.9+02:00"},{"startDateTime":"2019-06-15T16:10:00","startDateTimeLocal":"2019-06-15T18:10:00+02:00","stageTimeDurationMs":1081900,"stageTimeDuration":"00:18:01.9000000","splitPointTimeId":81209,"splitPointId":2495,"entryId":19879,"elapsedDurationMs":187400,"elapsedDuration":"PT3M7.4S","splitDateTime":"2019-06-15T16:13:07.4","splitDateTimeLocal":"2019-06-15T18:13:07.4+02:00"},{"startDateTime":"2019-06-15T16:12:00","startDateTimeLocal":"2019-06-15T18:12:00+02:00","stageTimeDurationMs":1128600,"stageTimeDuration":"00:18:48.6000000","splitPointTimeId":81222,"splitPointId":2495,"entryId":19913,"elapsedDurationMs":206100,"elapsedDuration":"PT3M26.1S","splitDateTime":"2019-06-15T16:15:26.1","splitDateTimeLocal":"2019-06-15T18:15:26.1+02:00"},{"startDateTime":"2019-06-15T16:14:00","startDateTimeLocal":"2019-06-15T18:14:00+02:00","stageTimeDurationMs":1095200,"stageTimeDuration":"00:18:15.2000000","splitPointTimeId":81241,"splitPointId":2495,"entryId":19912,"elapsedDurationMs":187800,"elapsedDuration":"PT3M7.8S","splitDateTime":"2019-06-15T16:17:07.8","splitDateTimeLocal":"2019-06-15T18:17:07.8+02:00"},{"startDateTime":"2019-06-15T16:16:00","startDateTimeLocal":"2019-06-15T18:16:00+02:00","stageTimeDurationMs":1133600,"stageTimeDuration":"00:18:53.6000000","splitPointTimeId":81260,"splitPointId":2495,"entryId":19911,"elapsedDurationMs":187400,"elapsedDuration":"PT3M7.4S","splitDateTime":"2019-06-15T16:19:07.4","splitDateTimeLocal":"2019-06-15T18:19:07.4+02:00"},{"startDateTime":"2019-06-15T16:18:00","startDateTimeLocal":"2019-06-15T18:18:00+02:00","stageTimeDurationMs":1416700,"stageTimeDuration":"00:23:36.7000000","splitPointTimeId":81272,"splitPointId":2495,"entryId":19907,"elapsedDurationMs":197700,"elapsedDuration":"PT3M17.7S","splitDateTime":"2019-06-15T16:21:17.7","splitDateTimeLocal":"2019-06-15T18:21:17.7+02:00"},{"startDateTime":"2019-06-15T16:24:00","startDateTimeLocal":"2019-06-15T18:24:00+02:00","stageTimeDurationMs":1170200,"stageTimeDuration":"00:19:30.2000000","splitPointTimeId":81324,"splitPointId":2495,"entryId":19893,"elapsedDurationMs":201000,"elapsedDuration":"PT3M21S","splitDateTime":"2019-06-15T16:27:21","splitDateTimeLocal":"2019-06-15T18:27:21+02:00"},{"startDateTime":"2019-06-15T16:27:00","startDateTimeLocal":"2019-06-15T18:27:00+02:00","stageTimeDurationMs":1111300,"stageTimeDuration":"00:18:31.3000000","splitPointTimeId":81343,"splitPointId":2495,"entryId":19910,"elapsedDurationMs":192100,"elapsedDuration":"PT3M12.1S","splitDateTime":"2019-06-15T16:30:12.1","splitDateTimeLocal":"2019-06-15T18:30:12.1+02:00"},{"startDateTime":"2019-06-15T16:29:00","startDateTimeLocal":"2019-06-15T18:29:00+02:00","stageTimeDurationMs":1180000,"stageTimeDuration":"00:19:40","splitPointTimeId":81358,"splitPointId":2495,"entryId":19891,"elapsedDurationMs":204800,"elapsedDuration":"PT3M24.8S","splitDateTime":"2019-06-15T16:32:24.8","splitDateTimeLocal":"2019-06-15T18:32:24.8+02:00"},{"startDateTime":"2019-06-15T16:31:00","startDateTimeLocal":"2019-06-15T18:31:00+02:00","stageTimeDurationMs":1163800,"stageTimeDuration":"00:19:23.8000000","splitPointTimeId":81374,"splitPointId":2495,"entryId":19892,"elapsedDurationMs":201600,"elapsedDuration":"PT3M21.6S","splitDateTime":"2019-06-15T16:34:21.6","splitDateTimeLocal":"2019-06-15T18:34:21.6+02:00"},{"startDateTime":"2019-06-15T16:33:00","startDateTimeLocal":"2019-06-15T18:33:00+02:00","stageTimeDurationMs":1186400,"stageTimeDuration":"00:19:46.4000000","splitPointTimeId":81391,"splitPointId":2495,"entryId":19899,"elapsedDurationMs":203600,"elapsedDuration":"PT3M23.6S","splitDateTime":"2019-06-15T16:36:23.6","splitDateTimeLocal":"2019-06-15T18:36:23.6+02:00"},{"startDateTime":"2019-06-15T16:35:00","startDateTimeLocal":"2019-06-15T18:35:00+02:00","stageTimeDurationMs":1182200,"stageTimeDuration":"00:19:42.2000000","splitPointTimeId":81406,"splitPointId":2495,"entryId":19896,"elapsedDurationMs":205500,"elapsedDuration":"PT3M25.5S","splitDateTime":"2019-06-15T16:38:25.5","splitDateTimeLocal":"2019-06-15T18:38:25.5+02:00"},{"startDateTime":"2019-06-15T16:37:00","startDateTimeLocal":"2019-06-15T18:37:00+02:00","stageTimeDurationMs":1251700,"stageTimeDuration":"00:20:51.7000000","splitPointTimeId":81416,"splitPointId":2495,"entryId":19897,"elapsedDurationMs":208500,"elapsedDuration":"PT3M28.5S","splitDateTime":"2019-06-15T16:40:28.5","splitDateTimeLocal":"2019-06-15T18:40:28.5+02:00"},{"startDateTime":"2019-06-15T16:39:00","startDateTimeLocal":"2019-06-15T18:39:00+02:00","stageTimeDurationMs":1216500,"stageTimeDuration":"00:20:16.5000000","splitPointTimeId":81429,"splitPointId":2495,"entryId":19900,"elapsedDurationMs":203900,"elapsedDuration":"PT3M23.9S","splitDateTime":"2019-06-15T16:42:23.9","splitDateTimeLocal":"2019-06-15T18:42:23.9+02:00"},{"startDateTime":"2019-06-15T16:41:00","startDateTimeLocal":"2019-06-15T18:41:00+02:00","stageTimeDurationMs":1227300,"stageTimeDuration":"00:20:27.3000000","splitPointTimeId":81450,"splitPointId":2495,"entryId":19895,"elapsedDurationMs":215100,"elapsedDuration":"PT3M35.1S","splitDateTime":"2019-06-15T16:44:35.1","splitDateTimeLocal":"2019-06-15T18:44:35.1+02:00"},{"startDateTime":"2019-06-15T16:45:00","startDateTimeLocal":"2019-06-15T18:45:00+02:00","stageTimeDurationMs":1515200,"stageTimeDuration":"00:25:15.2000000","splitPointTimeId":81466,"splitPointId":2495,"entryId":19922,"elapsedDurationMs":205000,"elapsedDuration":"PT3M25S","splitDateTime":"2019-06-15T16:48:25","splitDateTimeLocal":"2019-06-15T18:48:25+02:00"},{"startDateTime":"2019-06-15T16:51:00","startDateTimeLocal":"2019-06-15T18:51:00+02:00","stageTimeDurationMs":1278900,"stageTimeDuration":"00:21:18.9000000","splitPointTimeId":81492,"splitPointId":2495,"entryId":19909,"elapsedDurationMs":192500,"elapsedDuration":"PT3M12.5S","splitDateTime":"2019-06-15T16:54:12.5","splitDateTimeLocal":"2019-06-15T18:54:12.5+02:00"},{"startDateTime":"2019-06-15T16:53:00","startDateTimeLocal":"2019-06-15T18:53:00+02:00","stageTimeDurationMs":1273900,"stageTimeDuration":"00:21:13.9000000","splitPointTimeId":81500,"splitPointId":2495,"entryId":19902,"elapsedDurationMs":218200,"elapsedDuration":"PT3M38.2S","splitDateTime":"2019-06-15T16:56:38.2","splitDateTimeLocal":"2019-06-15T18:56:38.2+02:00"},{"startDateTime":"2019-06-15T16:56:00","startDateTimeLocal":"2019-06-15T18:56:00+02:00","stageTimeDurationMs":1172300,"stageTimeDuration":"00:19:32.3000000","splitPointTimeId":81513,"splitPointId":2495,"entryId":19894,"elapsedDurationMs":205200,"elapsedDuration":"PT3M25.2S","splitDateTime":"2019-06-15T16:59:25.2","splitDateTimeLocal":"2019-06-15T18:59:25.2+02:00"},{"startDateTime":"2019-06-15T16:58:00","startDateTimeLocal":"2019-06-15T18:58:00+02:00","stageTimeDurationMs":1318200,"stageTimeDuration":"00:21:58.2000000","splitPointTimeId":81524,"splitPointId":2495,"entryId":19901,"elapsedDurationMs":223600,"elapsedDuration":"PT3M43.6S","splitDateTime":"2019-06-15T17:01:43.6","splitDateTimeLocal":"2019-06-15T19:01:43.6+02:00"},{"startDateTime":"2019-06-15T17:00:00","startDateTimeLocal":"2019-06-15T19:00:00+02:00","stageTimeDurationMs":1257300,"stageTimeDuration":"00:20:57.3000000","splitPointTimeId":81537,"splitPointId":2495,"entryId":19898,"elapsedDurationMs":216000,"elapsedDuration":"PT3M36S","splitDateTime":"2019-06-15T17:03:36","splitDateTimeLocal":"2019-06-15T19:03:36+02:00"},{"startDateTime":"2019-06-15T17:02:00","startDateTimeLocal":"2019-06-15T19:02:00+02:00","stageTimeDurationMs":1278300,"stageTimeDuration":"00:21:18.3000000","splitPointTimeId":81552,"splitPointId":2495,"entryId":19948,"elapsedDurationMs":225500,"elapsedDuration":"PT3M45.5S","splitDateTime":"2019-06-15T17:05:45.5","splitDateTimeLocal":"2019-06-15T19:05:45.5+02:00"},{"startDateTime":"2019-06-15T17:04:00","startDateTimeLocal":"2019-06-15T19:04:00+02:00","stageTimeDurationMs":1373900,"stageTimeDuration":"00:22:53.9000000","splitPointTimeId":81569,"splitPointId":2495,"entryId":19952,"elapsedDurationMs":235600,"elapsedDuration":"PT3M55.6S","splitDateTime":"2019-06-15T17:07:55.6","splitDateTimeLocal":"2019-06-15T19:07:55.6+02:00"},{"startDateTime":"2019-06-15T17:06:00","startDateTimeLocal":"2019-06-15T19:06:00+02:00","stageTimeDurationMs":1362300,"stageTimeDuration":"00:22:42.3000000","splitPointTimeId":81577,"splitPointId":2495,"entryId":19931,"elapsedDurationMs":230600,"elapsedDuration":"PT3M50.6S","splitDateTime":"2019-06-15T17:09:50.6","splitDateTimeLocal":"2019-06-15T19:09:50.6+02:00"},{"startDateTime":"2019-06-15T17:08:00","startDateTimeLocal":"2019-06-15T19:08:00+02:00","stageTimeDurationMs":1468300,"stageTimeDuration":"00:24:28.3000000","splitPointTimeId":81596,"splitPointId":2495,"entryId":19940,"elapsedDurationMs":249800,"elapsedDuration":"PT4M9.8S","splitDateTime":"2019-06-15T17:12:09.8","splitDateTimeLocal":"2019-06-15T19:12:09.8+02:00"},{"startDateTime":"2019-06-15T17:10:00","startDateTimeLocal":"2019-06-15T19:10:00+02:00","stageTimeDurationMs":1572300,"stageTimeDuration":"00:26:12.3000000","splitPointTimeId":81610,"splitPointId":2495,"entryId":19953,"elapsedDurationMs":263500,"elapsedDuration":"PT4M23.5S","splitDateTime":"2019-06-15T17:14:23.5","splitDateTimeLocal":"2019-06-15T19:14:23.5+02:00"},{"startDateTime":"2019-06-15T17:12:00","startDateTimeLocal":"2019-06-15T19:12:00+02:00","stageTimeDurationMs":1471400,"stageTimeDuration":"00:24:31.4000000","splitPointTimeId":81617,"splitPointId":2495,"entryId":19938,"elapsedDurationMs":241900,"elapsedDuration":"PT4M1.9S","splitDateTime":"2019-06-15T17:16:01.9","splitDateTimeLocal":"2019-06-15T19:16:01.9+02:00"},{"startDateTime":"2019-06-15T17:14:00","startDateTimeLocal":"2019-06-15T19:14:00+02:00","stageTimeDurationMs":1392300,"stageTimeDuration":"00:23:12.3000000","splitPointTimeId":81624,"splitPointId":2495,"entryId":19949,"elapsedDurationMs":237900,"elapsedDuration":"PT3M57.9S","splitDateTime":"2019-06-15T17:17:57.9","splitDateTimeLocal":"2019-06-15T19:17:57.9+02:00"},{"startDateTime":"2019-06-15T15:14:00","startDateTimeLocal":"2019-06-15T17:14:00+02:00","stageTimeDurationMs":1015700,"stageTimeDuration":"00:16:55.7000000","splitPointTimeId":80964,"splitPointId":2496,"entryId":19869,"elapsedDurationMs":602100,"elapsedDuration":"PT10M2.1S","splitDateTime":"2019-06-15T15:24:02.1","splitDateTimeLocal":"2019-06-15T17:24:02.1+02:00"},{"startDateTime":"2019-06-15T15:17:00","startDateTimeLocal":"2019-06-15T17:17:00+02:00","stageTimeDurationMs":1037600,"stageTimeDuration":"00:17:17.6000000","splitPointTimeId":80975,"splitPointId":2496,"entryId":19872,"elapsedDurationMs":615100,"elapsedDuration":"PT10M15.1S","splitDateTime":"2019-06-15T15:27:15.1","splitDateTimeLocal":"2019-06-15T17:27:15.1+02:00"},{"startDateTime":"2019-06-15T15:20:00","startDateTimeLocal":"2019-06-15T17:20:00+02:00","stageTimeDurationMs":1012000,"stageTimeDuration":"00:16:52","splitPointTimeId":80983,"splitPointId":2496,"entryId":19865,"elapsedDurationMs":598700,"elapsedDuration":"PT9M58.7S","splitDateTime":"2019-06-15T15:29:58.7","splitDateTimeLocal":"2019-06-15T17:29:58.7+02:00"},{"startDateTime":"2019-06-15T15:23:00","startDateTimeLocal":"2019-06-15T17:23:00+02:00","stageTimeDurationMs":1008200,"stageTimeDuration":"00:16:48.2000000","splitPointTimeId":80993,"splitPointId":2496,"entryId":19870,"elapsedDurationMs":595700,"elapsedDuration":"PT9M55.7S","splitDateTime":"2019-06-15T15:32:55.7","splitDateTimeLocal":"2019-06-15T17:32:55.7+02:00"},{"startDateTime":"2019-06-15T15:26:00","startDateTimeLocal":"2019-06-15T17:26:00+02:00","stageTimeDurationMs":999500,"stageTimeDuration":"00:16:39.5000000","splitPointTimeId":81007,"splitPointId":2496,"entryId":19866,"elapsedDurationMs":591600,"elapsedDuration":"PT9M51.6S","splitDateTime":"2019-06-15T15:35:51.6","splitDateTimeLocal":"2019-06-15T17:35:51.6+02:00"},{"startDateTime":"2019-06-15T15:29:00","startDateTimeLocal":"2019-06-15T17:29:00+02:00","stageTimeDurationMs":1003100,"stageTimeDuration":"00:16:43.1000000","splitPointTimeId":81021,"splitPointId":2496,"entryId":19871,"elapsedDurationMs":594600,"elapsedDuration":"PT9M54.6S","splitDateTime":"2019-06-15T15:38:54.6","splitDateTimeLocal":"2019-06-15T17:38:54.6+02:00"},{"startDateTime":"2019-06-15T15:32:00","startDateTimeLocal":"2019-06-15T17:32:00+02:00","stageTimeDurationMs":1001800,"stageTimeDuration":"00:16:41.8000000","splitPointTimeId":81038,"splitPointId":2496,"entryId":19873,"elapsedDurationMs":593600,"elapsedDuration":"PT9M53.6S","splitDateTime":"2019-06-15T15:41:53.6","splitDateTimeLocal":"2019-06-15T17:41:53.6+02:00"},{"startDateTime":"2019-06-15T15:35:00","startDateTimeLocal":"2019-06-15T17:35:00+02:00","stageTimeDurationMs":991800,"stageTimeDuration":"00:16:31.8000000","splitPointTimeId":81052,"splitPointId":2496,"entryId":19868,"elapsedDurationMs":586800,"elapsedDuration":"PT9M46.8S","splitDateTime":"2019-06-15T15:44:46.8","splitDateTimeLocal":"2019-06-15T17:44:46.8+02:00"},{"startDateTime":"2019-06-15T15:38:00","startDateTimeLocal":"2019-06-15T17:38:00+02:00","stageTimeDurationMs":1000100,"stageTimeDuration":"00:16:40.1000000","splitPointTimeId":81071,"splitPointId":2496,"entryId":19863,"elapsedDurationMs":592700,"elapsedDuration":"PT9M52.7S","splitDateTime":"2019-06-15T15:47:52.7","splitDateTimeLocal":"2019-06-15T17:47:52.7+02:00"},{"startDateTime":"2019-06-15T15:41:00","startDateTimeLocal":"2019-06-15T17:41:00+02:00","stageTimeDurationMs":998600,"stageTimeDuration":"00:16:38.6000000","splitPointTimeId":81086,"splitPointId":2496,"entryId":19864,"elapsedDurationMs":590200,"elapsedDuration":"PT9M50.2S","splitDateTime":"2019-06-15T15:50:50.2","splitDateTimeLocal":"2019-06-15T17:50:50.2+02:00"},{"startDateTime":"2019-06-15T15:44:00","startDateTimeLocal":"2019-06-15T17:44:00+02:00","stageTimeDurationMs":998900,"stageTimeDuration":"00:16:38.9000000","splitPointTimeId":81099,"splitPointId":2496,"entryId":19867,"elapsedDurationMs":591900,"elapsedDuration":"PT9M51.9S","splitDateTime":"2019-06-15T15:53:51.9","splitDateTimeLocal":"2019-06-15T17:53:51.9+02:00"},{"startDateTime":"2019-06-15T15:46:00","startDateTimeLocal":"2019-06-15T17:46:00+02:00","stageTimeDurationMs":1048600,"stageTimeDuration":"00:17:28.6000000","splitPointTimeId":81114,"splitPointId":2496,"entryId":19875,"elapsedDurationMs":621000,"elapsedDuration":"PT10M21S","splitDateTime":"2019-06-15T15:56:21","splitDateTimeLocal":"2019-06-15T17:56:21+02:00"},{"startDateTime":"2019-06-15T15:48:00","startDateTimeLocal":"2019-06-15T17:48:00+02:00","stageTimeDurationMs":1052500,"stageTimeDuration":"00:17:32.5000000","splitPointTimeId":81123,"splitPointId":2496,"entryId":19876,"elapsedDurationMs":623600,"elapsedDuration":"PT10M23.6S","splitDateTime":"2019-06-15T15:58:23.6","splitDateTimeLocal":"2019-06-15T17:58:23.6+02:00"},{"startDateTime":"2019-06-15T15:50:00","startDateTimeLocal":"2019-06-15T17:50:00+02:00","stageTimeDurationMs":1040900,"stageTimeDuration":"00:17:20.9000000","splitPointTimeId":81136,"splitPointId":2496,"entryId":19874,"elapsedDurationMs":616000,"elapsedDuration":"PT10M16S","splitDateTime":"2019-06-15T16:00:16","splitDateTimeLocal":"2019-06-15T18:00:16+02:00"},{"startDateTime":"2019-06-15T15:52:00","startDateTimeLocal":"2019-06-15T17:52:00+02:00","stageTimeDurationMs":1061700,"stageTimeDuration":"00:17:41.7000000","splitPointTimeId":81146,"splitPointId":2496,"entryId":19888,"elapsedDurationMs":627600,"elapsedDuration":"PT10M27.6S","splitDateTime":"2019-06-15T16:02:27.6","splitDateTimeLocal":"2019-06-15T18:02:27.6+02:00"},{"startDateTime":"2019-06-15T15:54:00","startDateTimeLocal":"2019-06-15T17:54:00+02:00","stageTimeDurationMs":1059500,"stageTimeDuration":"00:17:39.5000000","splitPointTimeId":81158,"splitPointId":2496,"entryId":19880,"elapsedDurationMs":627400,"elapsedDuration":"PT10M27.4S","splitDateTime":"2019-06-15T16:04:27.4","splitDateTimeLocal":"2019-06-15T18:04:27.4+02:00"},{"startDateTime":"2019-06-15T15:56:00","startDateTimeLocal":"2019-06-15T17:56:00+02:00","stageTimeDurationMs":1056500,"stageTimeDuration":"00:17:36.5000000","splitPointTimeId":81168,"splitPointId":2496,"entryId":19889,"elapsedDurationMs":624300,"elapsedDuration":"PT10M24.3S","splitDateTime":"2019-06-15T16:06:24.3","splitDateTimeLocal":"2019-06-15T18:06:24.3+02:00"},{"startDateTime":"2019-06-15T15:58:00","startDateTimeLocal":"2019-06-15T17:58:00+02:00","stageTimeDurationMs":1067400,"stageTimeDuration":"00:17:47.4000000","splitPointTimeId":81179,"splitPointId":2496,"entryId":19885,"elapsedDurationMs":633300,"elapsedDuration":"PT10M33.3S","splitDateTime":"2019-06-15T16:08:33.3","splitDateTimeLocal":"2019-06-15T18:08:33.3+02:00"},{"startDateTime":"2019-06-15T16:00:00","startDateTimeLocal":"2019-06-15T18:00:00+02:00","stageTimeDurationMs":1042800,"stageTimeDuration":"00:17:22.8000000","splitPointTimeId":81189,"splitPointId":2496,"entryId":19881,"elapsedDurationMs":617200,"elapsedDuration":"PT10M17.2S","splitDateTime":"2019-06-15T16:10:17.2","splitDateTimeLocal":"2019-06-15T18:10:17.2+02:00"},{"startDateTime":"2019-06-15T16:02:00","startDateTimeLocal":"2019-06-15T18:02:00+02:00","stageTimeDurationMs":1065600,"stageTimeDuration":"00:17:45.6000000","splitPointTimeId":81204,"splitPointId":2496,"entryId":19884,"elapsedDurationMs":629700,"elapsedDuration":"PT10M29.7S","splitDateTime":"2019-06-15T16:12:29.7","splitDateTimeLocal":"2019-06-15T18:12:29.7+02:00"},{"startDateTime":"2019-06-15T16:04:00","startDateTimeLocal":"2019-06-15T18:04:00+02:00","stageTimeDurationMs":1232200,"stageTimeDuration":"00:20:32.2000000","splitPointTimeId":81218,"splitPointId":2496,"entryId":19890,"elapsedDurationMs":633500,"elapsedDuration":"PT10M33.5S","splitDateTime":"2019-06-15T16:14:33.5","splitDateTimeLocal":"2019-06-15T18:14:33.5+02:00"},{"startDateTime":"2019-06-15T16:06:00","startDateTimeLocal":"2019-06-15T18:06:00+02:00","stageTimeDurationMs":1081000,"stageTimeDuration":"00:18:01","splitPointTimeId":81235,"splitPointId":2496,"entryId":19887,"elapsedDurationMs":641100,"elapsedDuration":"PT10M41.1S","splitDateTime":"2019-06-15T16:16:41.1","splitDateTimeLocal":"2019-06-15T18:16:41.1+02:00"},{"startDateTime":"2019-06-15T16:08:00","startDateTimeLocal":"2019-06-15T18:08:00+02:00","stageTimeDurationMs":1077600,"stageTimeDuration":"00:17:57.6000000","splitPointTimeId":81252,"splitPointId":2496,"entryId":19883,"elapsedDurationMs":631900,"elapsedDuration":"PT10M31.9S","splitDateTime":"2019-06-15T16:18:31.9","splitDateTimeLocal":"2019-06-15T18:18:31.9+02:00"},{"startDateTime":"2019-06-15T16:10:00","startDateTimeLocal":"2019-06-15T18:10:00+02:00","stageTimeDurationMs":1081900,"stageTimeDuration":"00:18:01.9000000","splitPointTimeId":81269,"splitPointId":2496,"entryId":19879,"elapsedDurationMs":640300,"elapsedDuration":"PT10M40.3S","splitDateTime":"2019-06-15T16:20:40.3","splitDateTimeLocal":"2019-06-15T18:20:40.3+02:00"},{"startDateTime":"2019-06-15T16:12:00","startDateTimeLocal":"2019-06-15T18:12:00+02:00","stageTimeDurationMs":1128600,"stageTimeDuration":"00:18:48.6000000","splitPointTimeId":81288,"splitPointId":2496,"entryId":19913,"elapsedDurationMs":667900,"elapsedDuration":"PT11M7.9S","splitDateTime":"2019-06-15T16:23:07.9","splitDateTimeLocal":"2019-06-15T18:23:07.9+02:00"},{"startDateTime":"2019-06-15T16:14:00","startDateTimeLocal":"2019-06-15T18:14:00+02:00","stageTimeDurationMs":1095200,"stageTimeDuration":"00:18:15.2000000","splitPointTimeId":81297,"splitPointId":2496,"entryId":19912,"elapsedDurationMs":645400,"elapsedDuration":"PT10M45.4S","splitDateTime":"2019-06-15T16:24:45.4","splitDateTimeLocal":"2019-06-15T18:24:45.4+02:00"},{"startDateTime":"2019-06-15T16:16:00","startDateTimeLocal":"2019-06-15T18:16:00+02:00","stageTimeDurationMs":1133600,"stageTimeDuration":"00:18:53.6000000","splitPointTimeId":81322,"splitPointId":2496,"entryId":19911,"elapsedDurationMs":645300,"elapsedDuration":"PT10M45.3S","splitDateTime":"2019-06-15T16:26:45.3","splitDateTimeLocal":"2019-06-15T18:26:45.3+02:00"},{"startDateTime":"2019-06-15T16:18:00","startDateTimeLocal":"2019-06-15T18:18:00+02:00","stageTimeDurationMs":1416700,"stageTimeDuration":"00:23:36.7000000","splitPointTimeId":81340,"splitPointId":2496,"entryId":19907,"elapsedDurationMs":689700,"elapsedDuration":"PT11M29.7S","splitDateTime":"2019-06-15T16:29:29.7","splitDateTimeLocal":"2019-06-15T18:29:29.7+02:00"},{"startDateTime":"2019-06-15T16:24:00","startDateTimeLocal":"2019-06-15T18:24:00+02:00","stageTimeDurationMs":1170200,"stageTimeDuration":"00:19:30.2000000","splitPointTimeId":81386,"splitPointId":2496,"entryId":19893,"elapsedDurationMs":692500,"elapsedDuration":"PT11M32.5S","splitDateTime":"2019-06-15T16:35:32.5","splitDateTimeLocal":"2019-06-15T18:35:32.5+02:00"},{"startDateTime":"2019-06-15T16:27:00","startDateTimeLocal":"2019-06-15T18:27:00+02:00","stageTimeDurationMs":1111300,"stageTimeDuration":"00:18:31.3000000","splitPointTimeId":81403,"splitPointId":2496,"entryId":19910,"elapsedDurationMs":657300,"elapsedDuration":"PT10M57.3S","splitDateTime":"2019-06-15T16:37:57.3","splitDateTimeLocal":"2019-06-15T18:37:57.3+02:00"},{"startDateTime":"2019-06-15T16:29:00","startDateTimeLocal":"2019-06-15T18:29:00+02:00","stageTimeDurationMs":1180000,"stageTimeDuration":"00:19:40","splitPointTimeId":81419,"splitPointId":2496,"entryId":19891,"elapsedDurationMs":697600,"elapsedDuration":"PT11M37.6S","splitDateTime":"2019-06-15T16:40:37.6","splitDateTimeLocal":"2019-06-15T18:40:37.6+02:00"},{"startDateTime":"2019-06-15T16:31:00","startDateTimeLocal":"2019-06-15T18:31:00+02:00","stageTimeDurationMs":1163800,"stageTimeDuration":"00:19:23.8000000","splitPointTimeId":81430,"splitPointId":2496,"entryId":19892,"elapsedDurationMs":688700,"elapsedDuration":"PT11M28.7S","splitDateTime":"2019-06-15T16:42:28.7","splitDateTimeLocal":"2019-06-15T18:42:28.7+02:00"},{"startDateTime":"2019-06-15T16:33:00","startDateTimeLocal":"2019-06-15T18:33:00+02:00","stageTimeDurationMs":1186400,"stageTimeDuration":"00:19:46.4000000","splitPointTimeId":81451,"splitPointId":2496,"entryId":19899,"elapsedDurationMs":697400,"elapsedDuration":"PT11M37.4S","splitDateTime":"2019-06-15T16:44:37.4","splitDateTimeLocal":"2019-06-15T18:44:37.4+02:00"},{"startDateTime":"2019-06-15T16:35:00","startDateTimeLocal":"2019-06-15T18:35:00+02:00","stageTimeDurationMs":1182200,"stageTimeDuration":"00:19:42.2000000","splitPointTimeId":81458,"splitPointId":2496,"entryId":19896,"elapsedDurationMs":699800,"elapsedDuration":"PT11M39.8S","splitDateTime":"2019-06-15T16:46:39.8","splitDateTimeLocal":"2019-06-15T18:46:39.8+02:00"},{"startDateTime":"2019-06-15T16:37:00","startDateTimeLocal":"2019-06-15T18:37:00+02:00","stageTimeDurationMs":1251700,"stageTimeDuration":"00:20:51.7000000","splitPointTimeId":81470,"splitPointId":2496,"entryId":19897,"elapsedDurationMs":718900,"elapsedDuration":"PT11M58.9S","splitDateTime":"2019-06-15T16:48:58.9","splitDateTimeLocal":"2019-06-15T18:48:58.9+02:00"},{"startDateTime":"2019-06-15T16:39:00","startDateTimeLocal":"2019-06-15T18:39:00+02:00","stageTimeDurationMs":1216500,"stageTimeDuration":"00:20:16.5000000","splitPointTimeId":81479,"splitPointId":2496,"entryId":19900,"elapsedDurationMs":730600,"elapsedDuration":"PT12M10.6S","splitDateTime":"2019-06-15T16:51:10.6","splitDateTimeLocal":"2019-06-15T18:51:10.6+02:00"},{"startDateTime":"2019-06-15T16:41:00","startDateTimeLocal":"2019-06-15T18:41:00+02:00","stageTimeDurationMs":1227300,"stageTimeDuration":"00:20:27.3000000","splitPointTimeId":81488,"splitPointId":2496,"entryId":19895,"elapsedDurationMs":725900,"elapsedDuration":"PT12M5.9S","splitDateTime":"2019-06-15T16:53:05.9","splitDateTimeLocal":"2019-06-15T18:53:05.9+02:00"},{"startDateTime":"2019-06-15T16:45:00","startDateTimeLocal":"2019-06-15T18:45:00+02:00","stageTimeDurationMs":1515200,"stageTimeDuration":"00:25:15.2000000","splitPointTimeId":81499,"splitPointId":2496,"entryId":19922,"elapsedDurationMs":694600,"elapsedDuration":"PT11M34.6S","splitDateTime":"2019-06-15T16:56:34.6","splitDateTimeLocal":"2019-06-15T18:56:34.6+02:00"},{"startDateTime":"2019-06-15T16:53:00","startDateTimeLocal":"2019-06-15T18:53:00+02:00","stageTimeDurationMs":1273900,"stageTimeDuration":"00:21:13.9000000","splitPointTimeId":81548,"splitPointId":2496,"entryId":19902,"elapsedDurationMs":753300,"elapsedDuration":"PT12M33.3S","splitDateTime":"2019-06-15T17:05:33.3","splitDateTimeLocal":"2019-06-15T19:05:33.3+02:00"},{"startDateTime":"2019-06-15T16:51:00","startDateTimeLocal":"2019-06-15T18:51:00+02:00","stageTimeDurationMs":1278900,"stageTimeDuration":"00:21:18.9000000","splitPointTimeId":81555,"splitPointId":2496,"entryId":19909,"elapsedDurationMs":672900,"elapsedDuration":"PT11M12.9S","splitDateTime":"2019-06-15T17:02:12.9","splitDateTimeLocal":"2019-06-15T19:02:12.9+02:00"},{"startDateTime":"2019-06-15T16:56:00","startDateTimeLocal":"2019-06-15T18:56:00+02:00","stageTimeDurationMs":1172300,"stageTimeDuration":"00:19:32.3000000","splitPointTimeId":81564,"splitPointId":2496,"entryId":19894,"elapsedDurationMs":692800,"elapsedDuration":"PT11M32.8S","splitDateTime":"2019-06-15T17:07:32.8","splitDateTimeLocal":"2019-06-15T19:07:32.8+02:00"},{"startDateTime":"2019-06-15T16:58:00","startDateTimeLocal":"2019-06-15T18:58:00+02:00","stageTimeDurationMs":1318200,"stageTimeDuration":"00:21:58.2000000","splitPointTimeId":81587,"splitPointId":2496,"entryId":19901,"elapsedDurationMs":772700,"elapsedDuration":"PT12M52.7S","splitDateTime":"2019-06-15T17:10:52.7","splitDateTimeLocal":"2019-06-15T19:10:52.7+02:00"},{"startDateTime":"2019-06-15T17:00:00","startDateTimeLocal":"2019-06-15T19:00:00+02:00","stageTimeDurationMs":1257300,"stageTimeDuration":"00:20:57.3000000","splitPointTimeId":81599,"splitPointId":2496,"entryId":19898,"elapsedDurationMs":741300,"elapsedDuration":"PT12M21.3S","splitDateTime":"2019-06-15T17:12:21.3","splitDateTimeLocal":"2019-06-15T19:12:21.3+02:00"},{"startDateTime":"2019-06-15T17:02:00","startDateTimeLocal":"2019-06-15T19:02:00+02:00","stageTimeDurationMs":1278300,"stageTimeDuration":"00:21:18.3000000","splitPointTimeId":81611,"splitPointId":2496,"entryId":19948,"elapsedDurationMs":761000,"elapsedDuration":"PT12M41S","splitDateTime":"2019-06-15T17:14:41","splitDateTimeLocal":"2019-06-15T19:14:41+02:00"},{"startDateTime":"2019-06-15T17:04:00","startDateTimeLocal":"2019-06-15T19:04:00+02:00","stageTimeDurationMs":1373900,"stageTimeDuration":"00:22:53.9000000","splitPointTimeId":81630,"splitPointId":2496,"entryId":19952,"elapsedDurationMs":817000,"elapsedDuration":"PT13M37S","splitDateTime":"2019-06-15T17:17:37","splitDateTimeLocal":"2019-06-15T19:17:37+02:00"},{"startDateTime":"2019-06-15T17:06:00","startDateTimeLocal":"2019-06-15T19:06:00+02:00","stageTimeDurationMs":1362300,"stageTimeDuration":"00:22:42.3000000","splitPointTimeId":81633,"splitPointId":2496,"entryId":19931,"elapsedDurationMs":796900,"elapsedDuration":"PT13M16.9S","splitDateTime":"2019-06-15T17:19:16.9","splitDateTimeLocal":"2019-06-15T19:19:16.9+02:00"},{"startDateTime":"2019-06-15T17:08:00","startDateTimeLocal":"2019-06-15T19:08:00+02:00","stageTimeDurationMs":1468300,"stageTimeDuration":"00:24:28.3000000","splitPointTimeId":81645,"splitPointId":2496,"entryId":19940,"elapsedDurationMs":868700,"elapsedDuration":"PT14M28.7S","splitDateTime":"2019-06-15T17:22:28.7","splitDateTimeLocal":"2019-06-15T19:22:28.7+02:00"},{"startDateTime":"2019-06-15T17:10:00","startDateTimeLocal":"2019-06-15T19:10:00+02:00","stageTimeDurationMs":1572300,"stageTimeDuration":"00:26:12.3000000","splitPointTimeId":81651,"splitPointId":2496,"entryId":19953,"elapsedDurationMs":920800,"elapsedDuration":"PT15M20.8S","splitDateTime":"2019-06-15T17:25:20.8","splitDateTimeLocal":"2019-06-15T19:25:20.8+02:00"},{"startDateTime":"2019-06-15T17:12:00","startDateTimeLocal":"2019-06-15T19:12:00+02:00","stageTimeDurationMs":1471400,"stageTimeDuration":"00:24:31.4000000","splitPointTimeId":81653,"splitPointId":2496,"entryId":19938,"elapsedDurationMs":846500,"elapsedDuration":"PT14M6.5S","splitDateTime":"2019-06-15T17:26:06.5","splitDateTimeLocal":"2019-06-15T19:26:06.5+02:00"},{"startDateTime":"2019-06-15T17:14:00","startDateTimeLocal":"2019-06-15T19:14:00+02:00","stageTimeDurationMs":1392300,"stageTimeDuration":"00:23:12.3000000","splitPointTimeId":81657,"splitPointId":2496,"entryId":19949,"elapsedDurationMs":823100,"elapsedDuration":"PT13M43.1S","splitDateTime":"2019-06-15T17:27:43.1","splitDateTimeLocal":"2019-06-15T19:27:43.1+02:00"},{"startDateTime":"2019-06-15T15:14:00","startDateTimeLocal":"2019-06-15T17:14:00+02:00","stageTimeDurationMs":1015700,"stageTimeDuration":"00:16:55.7000000","splitPointTimeId":80979,"splitPointId":2499,"entryId":19869,"elapsedDurationMs":920700,"elapsedDuration":"PT15M20.7S","splitDateTime":"2019-06-15T15:29:20.7","splitDateTimeLocal":"2019-06-15T17:29:20.7+02:00"},{"startDateTime":"2019-06-15T15:17:00","startDateTimeLocal":"2019-06-15T17:17:00+02:00","stageTimeDurationMs":1037600,"stageTimeDuration":"00:17:17.6000000","splitPointTimeId":80992,"splitPointId":2499,"entryId":19872,"elapsedDurationMs":940300,"elapsedDuration":"PT15M40.3S","splitDateTime":"2019-06-15T15:32:40.3","splitDateTimeLocal":"2019-06-15T17:32:40.3+02:00"},{"startDateTime":"2019-06-15T15:20:00","startDateTimeLocal":"2019-06-15T17:20:00+02:00","stageTimeDurationMs":1012000,"stageTimeDuration":"00:16:52","splitPointTimeId":81003,"splitPointId":2499,"entryId":19865,"elapsedDurationMs":916600,"elapsedDuration":"PT15M16.6S","splitDateTime":"2019-06-15T15:35:16.6","splitDateTimeLocal":"2019-06-15T17:35:16.6+02:00"},{"startDateTime":"2019-06-15T15:23:00","startDateTimeLocal":"2019-06-15T17:23:00+02:00","stageTimeDurationMs":1008200,"stageTimeDuration":"00:16:48.2000000","splitPointTimeId":81018,"splitPointId":2499,"entryId":19870,"elapsedDurationMs":913300,"elapsedDuration":"PT15M13.3S","splitDateTime":"2019-06-15T15:38:13.3","splitDateTimeLocal":"2019-06-15T17:38:13.3+02:00"},{"startDateTime":"2019-06-15T15:26:00","startDateTimeLocal":"2019-06-15T17:26:00+02:00","stageTimeDurationMs":999500,"stageTimeDuration":"00:16:39.5000000","splitPointTimeId":81031,"splitPointId":2499,"entryId":19866,"elapsedDurationMs":905500,"elapsedDuration":"PT15M5.5S","splitDateTime":"2019-06-15T15:41:05.5","splitDateTimeLocal":"2019-06-15T17:41:05.5+02:00"},{"startDateTime":"2019-06-15T15:29:00","startDateTimeLocal":"2019-06-15T17:29:00+02:00","stageTimeDurationMs":1003100,"stageTimeDuration":"00:16:43.1000000","splitPointTimeId":81047,"splitPointId":2499,"entryId":19871,"elapsedDurationMs":908600,"elapsedDuration":"PT15M8.6S","splitDateTime":"2019-06-15T15:44:08.6","splitDateTimeLocal":"2019-06-15T17:44:08.6+02:00"},{"startDateTime":"2019-06-15T15:32:00","startDateTimeLocal":"2019-06-15T17:32:00+02:00","stageTimeDurationMs":1001800,"stageTimeDuration":"00:16:41.8000000","splitPointTimeId":81067,"splitPointId":2499,"entryId":19873,"elapsedDurationMs":906800,"elapsedDuration":"PT15M6.8S","splitDateTime":"2019-06-15T15:47:06.8","splitDateTimeLocal":"2019-06-15T17:47:06.8+02:00"},{"startDateTime":"2019-06-15T15:35:00","startDateTimeLocal":"2019-06-15T17:35:00+02:00","stageTimeDurationMs":991800,"stageTimeDuration":"00:16:31.8000000","splitPointTimeId":81082,"splitPointId":2499,"entryId":19868,"elapsedDurationMs":897600,"elapsedDuration":"PT14M57.6S","splitDateTime":"2019-06-15T15:49:57.6","splitDateTimeLocal":"2019-06-15T17:49:57.6+02:00"},{"startDateTime":"2019-06-15T15:38:00","startDateTimeLocal":"2019-06-15T17:38:00+02:00","stageTimeDurationMs":1000100,"stageTimeDuration":"00:16:40.1000000","splitPointTimeId":81094,"splitPointId":2499,"entryId":19863,"elapsedDurationMs":906100,"elapsedDuration":"PT15M6.1S","splitDateTime":"2019-06-15T15:53:06.1","splitDateTimeLocal":"2019-06-15T17:53:06.1+02:00"},{"startDateTime":"2019-06-15T15:41:00","startDateTimeLocal":"2019-06-15T17:41:00+02:00","stageTimeDurationMs":998600,"stageTimeDuration":"00:16:38.6000000","splitPointTimeId":81112,"splitPointId":2499,"entryId":19864,"elapsedDurationMs":903200,"elapsedDuration":"PT15M3.2S","splitDateTime":"2019-06-15T15:56:03.2","splitDateTimeLocal":"2019-06-15T17:56:03.2+02:00"},{"startDateTime":"2019-06-15T15:44:00","startDateTimeLocal":"2019-06-15T17:44:00+02:00","stageTimeDurationMs":998900,"stageTimeDuration":"00:16:38.9000000","splitPointTimeId":81128,"splitPointId":2499,"entryId":19867,"elapsedDurationMs":905000,"elapsedDuration":"PT15M5S","splitDateTime":"2019-06-15T15:59:05","splitDateTimeLocal":"2019-06-15T17:59:05+02:00"},{"startDateTime":"2019-06-15T15:46:00","startDateTimeLocal":"2019-06-15T17:46:00+02:00","stageTimeDurationMs":1048600,"stageTimeDuration":"00:17:28.6000000","splitPointTimeId":81140,"splitPointId":2499,"entryId":19875,"elapsedDurationMs":950200,"elapsedDuration":"PT15M50.2S","splitDateTime":"2019-06-15T16:01:50.2","splitDateTimeLocal":"2019-06-15T18:01:50.2+02:00"},{"startDateTime":"2019-06-15T15:48:00","startDateTimeLocal":"2019-06-15T17:48:00+02:00","stageTimeDurationMs":1052500,"stageTimeDuration":"00:17:32.5000000","splitPointTimeId":81155,"splitPointId":2499,"entryId":19876,"elapsedDurationMs":953500,"elapsedDuration":"PT15M53.5S","splitDateTime":"2019-06-15T16:03:53.5","splitDateTimeLocal":"2019-06-15T18:03:53.5+02:00"},{"startDateTime":"2019-06-15T15:50:00","startDateTimeLocal":"2019-06-15T17:50:00+02:00","stageTimeDurationMs":1040900,"stageTimeDuration":"00:17:20.9000000","splitPointTimeId":81164,"splitPointId":2499,"entryId":19874,"elapsedDurationMs":943200,"elapsedDuration":"PT15M43.2S","splitDateTime":"2019-06-15T16:05:43.2","splitDateTimeLocal":"2019-06-15T18:05:43.2+02:00"},{"startDateTime":"2019-06-15T15:52:00","startDateTimeLocal":"2019-06-15T17:52:00+02:00","stageTimeDurationMs":1061700,"stageTimeDuration":"00:17:41.7000000","splitPointTimeId":81176,"splitPointId":2499,"entryId":19888,"elapsedDurationMs":962500,"elapsedDuration":"PT16M2.5S","splitDateTime":"2019-06-15T16:08:02.5","splitDateTimeLocal":"2019-06-15T18:08:02.5+02:00"},{"startDateTime":"2019-06-15T15:54:00","startDateTimeLocal":"2019-06-15T17:54:00+02:00","stageTimeDurationMs":1059500,"stageTimeDuration":"00:17:39.5000000","splitPointTimeId":81187,"splitPointId":2499,"entryId":19880,"elapsedDurationMs":961300,"elapsedDuration":"PT16M1.3S","splitDateTime":"2019-06-15T16:10:01.3","splitDateTimeLocal":"2019-06-15T18:10:01.3+02:00"},{"startDateTime":"2019-06-15T15:56:00","startDateTimeLocal":"2019-06-15T17:56:00+02:00","stageTimeDurationMs":1056500,"stageTimeDuration":"00:17:36.5000000","splitPointTimeId":81198,"splitPointId":2499,"entryId":19889,"elapsedDurationMs":957800,"elapsedDuration":"PT15M57.8S","splitDateTime":"2019-06-15T16:11:57.8","splitDateTimeLocal":"2019-06-15T18:11:57.8+02:00"},{"startDateTime":"2019-06-15T15:58:00","startDateTimeLocal":"2019-06-15T17:58:00+02:00","stageTimeDurationMs":1067400,"stageTimeDuration":"00:17:47.4000000","splitPointTimeId":81215,"splitPointId":2499,"entryId":19885,"elapsedDurationMs":968600,"elapsedDuration":"PT16M8.6S","splitDateTime":"2019-06-15T16:14:08.6","splitDateTimeLocal":"2019-06-15T18:14:08.6+02:00"},{"startDateTime":"2019-06-15T16:00:00","startDateTimeLocal":"2019-06-15T18:00:00+02:00","stageTimeDurationMs":1042800,"stageTimeDuration":"00:17:22.8000000","splitPointTimeId":81225,"splitPointId":2499,"entryId":19881,"elapsedDurationMs":945100,"elapsedDuration":"PT15M45.1S","splitDateTime":"2019-06-15T16:15:45.1","splitDateTimeLocal":"2019-06-15T18:15:45.1+02:00"},{"startDateTime":"2019-06-15T16:02:00","startDateTimeLocal":"2019-06-15T18:02:00+02:00","stageTimeDurationMs":1065600,"stageTimeDuration":"00:17:45.6000000","splitPointTimeId":81249,"splitPointId":2499,"entryId":19884,"elapsedDurationMs":966300,"elapsedDuration":"PT16M6.3S","splitDateTime":"2019-06-15T16:18:06.3","splitDateTimeLocal":"2019-06-15T18:18:06.3+02:00"},{"startDateTime":"2019-06-15T16:06:00","startDateTimeLocal":"2019-06-15T18:06:00+02:00","stageTimeDurationMs":1081000,"stageTimeDuration":"00:18:01","splitPointTimeId":81279,"splitPointId":2499,"entryId":19887,"elapsedDurationMs":981600,"elapsedDuration":"PT16M21.6S","splitDateTime":"2019-06-15T16:22:21.6","splitDateTimeLocal":"2019-06-15T18:22:21.6+02:00"},{"startDateTime":"2019-06-15T16:04:00","startDateTimeLocal":"2019-06-15T18:04:00+02:00","stageTimeDurationMs":1232200,"stageTimeDuration":"00:20:32.2000000","splitPointTimeId":81284,"splitPointId":2499,"entryId":19890,"elapsedDurationMs":1130700,"elapsedDuration":"PT18M50.7S","splitDateTime":"2019-06-15T16:22:50.7","splitDateTimeLocal":"2019-06-15T18:22:50.7+02:00"},{"startDateTime":"2019-06-15T16:08:00","startDateTimeLocal":"2019-06-15T18:08:00+02:00","stageTimeDurationMs":1077600,"stageTimeDuration":"00:17:57.6000000","splitPointTimeId":81292,"splitPointId":2499,"entryId":19883,"elapsedDurationMs":970400,"elapsedDuration":"PT16M10.4S","splitDateTime":"2019-06-15T16:24:10.4","splitDateTimeLocal":"2019-06-15T18:24:10.4+02:00"},{"startDateTime":"2019-06-15T16:10:00","startDateTimeLocal":"2019-06-15T18:10:00+02:00","stageTimeDurationMs":1081900,"stageTimeDuration":"00:18:01.9000000","splitPointTimeId":81318,"splitPointId":2499,"entryId":19879,"elapsedDurationMs":981800,"elapsedDuration":"PT16M21.8S","splitDateTime":"2019-06-15T16:26:21.8","splitDateTimeLocal":"2019-06-15T18:26:21.8+02:00"},{"startDateTime":"2019-06-15T16:12:00","startDateTimeLocal":"2019-06-15T18:12:00+02:00","stageTimeDurationMs":1128600,"stageTimeDuration":"00:18:48.6000000","splitPointTimeId":81337,"splitPointId":2499,"entryId":19913,"elapsedDurationMs":1026000,"elapsedDuration":"PT17M6S","splitDateTime":"2019-06-15T16:29:06","splitDateTimeLocal":"2019-06-15T18:29:06+02:00"},{"startDateTime":"2019-06-15T16:14:00","startDateTimeLocal":"2019-06-15T18:14:00+02:00","stageTimeDurationMs":1095200,"stageTimeDuration":"00:18:15.2000000","splitPointTimeId":81344,"splitPointId":2499,"entryId":19912,"elapsedDurationMs":993800,"elapsedDuration":"PT16M33.8S","splitDateTime":"2019-06-15T16:30:33.8","splitDateTimeLocal":"2019-06-15T18:30:33.8+02:00"},{"startDateTime":"2019-06-15T16:16:00","startDateTimeLocal":"2019-06-15T18:16:00+02:00","stageTimeDurationMs":1133600,"stageTimeDuration":"00:18:53.6000000","splitPointTimeId":81360,"splitPointId":2499,"entryId":19911,"elapsedDurationMs":1013000,"elapsedDuration":"PT16M53S","splitDateTime":"2019-06-15T16:32:53","splitDateTimeLocal":"2019-06-15T18:32:53+02:00"},{"startDateTime":"2019-06-15T16:18:00","startDateTimeLocal":"2019-06-15T18:18:00+02:00","stageTimeDurationMs":1416700,"stageTimeDuration":"00:23:36.7000000","splitPointTimeId":81411,"splitPointId":2499,"entryId":19907,"elapsedDurationMs":1308000,"elapsedDuration":"PT21M48S","splitDateTime":"2019-06-15T16:39:48","splitDateTimeLocal":"2019-06-15T18:39:48+02:00"},{"startDateTime":"2019-06-15T16:24:00","startDateTimeLocal":"2019-06-15T18:24:00+02:00","stageTimeDurationMs":1170200,"stageTimeDuration":"00:19:30.2000000","splitPointTimeId":81422,"splitPointId":2499,"entryId":19893,"elapsedDurationMs":1060900,"elapsedDuration":"PT17M40.9S","splitDateTime":"2019-06-15T16:41:40.9","splitDateTimeLocal":"2019-06-15T18:41:40.9+02:00"},{"startDateTime":"2019-06-15T16:27:00","startDateTimeLocal":"2019-06-15T18:27:00+02:00","stageTimeDurationMs":1111300,"stageTimeDuration":"00:18:31.3000000","splitPointTimeId":81443,"splitPointId":2499,"entryId":19910,"elapsedDurationMs":1009000,"elapsedDuration":"PT16M49S","splitDateTime":"2019-06-15T16:43:49","splitDateTimeLocal":"2019-06-15T18:43:49+02:00"},{"startDateTime":"2019-06-15T16:29:00","startDateTimeLocal":"2019-06-15T18:29:00+02:00","stageTimeDurationMs":1180000,"stageTimeDuration":"00:19:40","splitPointTimeId":81461,"splitPointId":2499,"entryId":19891,"elapsedDurationMs":1070000,"elapsedDuration":"PT17M50S","splitDateTime":"2019-06-15T16:46:50","splitDateTimeLocal":"2019-06-15T18:46:50+02:00"},{"startDateTime":"2019-06-15T16:31:00","startDateTimeLocal":"2019-06-15T18:31:00+02:00","stageTimeDurationMs":1163800,"stageTimeDuration":"00:19:23.8000000","splitPointTimeId":81468,"splitPointId":2499,"entryId":19892,"elapsedDurationMs":1054400,"elapsedDuration":"PT17M34.4S","splitDateTime":"2019-06-15T16:48:34.4","splitDateTimeLocal":"2019-06-15T18:48:34.4+02:00"},{"startDateTime":"2019-06-15T16:33:00","startDateTimeLocal":"2019-06-15T18:33:00+02:00","stageTimeDurationMs":1186400,"stageTimeDuration":"00:19:46.4000000","splitPointTimeId":81477,"splitPointId":2499,"entryId":19899,"elapsedDurationMs":1074200,"elapsedDuration":"PT17M54.2S","splitDateTime":"2019-06-15T16:50:54.2","splitDateTimeLocal":"2019-06-15T18:50:54.2+02:00"},{"startDateTime":"2019-06-15T16:35:00","startDateTimeLocal":"2019-06-15T18:35:00+02:00","stageTimeDurationMs":1182200,"stageTimeDuration":"00:19:42.2000000","splitPointTimeId":81487,"splitPointId":2499,"entryId":19896,"elapsedDurationMs":1073300,"elapsedDuration":"PT17M53.3S","splitDateTime":"2019-06-15T16:52:53.3","splitDateTimeLocal":"2019-06-15T18:52:53.3+02:00"},{"startDateTime":"2019-06-15T16:37:00","startDateTimeLocal":"2019-06-15T18:37:00+02:00","stageTimeDurationMs":1251700,"stageTimeDuration":"00:20:51.7000000","splitPointTimeId":81496,"splitPointId":2499,"entryId":19897,"elapsedDurationMs":1117000,"elapsedDuration":"PT18M37S","splitDateTime":"2019-06-15T16:55:37","splitDateTimeLocal":"2019-06-15T18:55:37+02:00"},{"startDateTime":"2019-06-15T16:39:00","startDateTimeLocal":"2019-06-15T18:39:00+02:00","stageTimeDurationMs":1216500,"stageTimeDuration":"00:20:16.5000000","splitPointTimeId":81503,"splitPointId":2499,"entryId":19900,"elapsedDurationMs":1104300,"elapsedDuration":"PT18M24.3S","splitDateTime":"2019-06-15T16:57:24.3","splitDateTimeLocal":"2019-06-15T18:57:24.3+02:00"},{"startDateTime":"2019-06-15T16:41:00","startDateTimeLocal":"2019-06-15T18:41:00+02:00","stageTimeDurationMs":1227300,"stageTimeDuration":"00:20:27.3000000","splitPointTimeId":81514,"splitPointId":2499,"entryId":19895,"elapsedDurationMs":1114800,"elapsedDuration":"PT18M34.8S","splitDateTime":"2019-06-15T16:59:34.8","splitDateTimeLocal":"2019-06-15T18:59:34.8+02:00"},{"startDateTime":"2019-06-15T16:45:00","startDateTimeLocal":"2019-06-15T18:45:00+02:00","stageTimeDurationMs":1515200,"stageTimeDuration":"00:25:15.2000000","splitPointTimeId":81529,"splitPointId":2499,"entryId":19922,"elapsedDurationMs":1065200,"elapsedDuration":"PT17M45.2S","splitDateTime":"2019-06-15T17:02:45.2","splitDateTimeLocal":"2019-06-15T19:02:45.2+02:00"},{"startDateTime":"2019-06-15T16:51:00","startDateTimeLocal":"2019-06-15T18:51:00+02:00","stageTimeDurationMs":1278900,"stageTimeDuration":"00:21:18.9000000","splitPointTimeId":81585,"splitPointId":2499,"entryId":19909,"elapsedDurationMs":1176400,"elapsedDuration":"PT19M36.4S","splitDateTime":"2019-06-15T17:10:36.4","splitDateTimeLocal":"2019-06-15T19:10:36.4+02:00"},{"startDateTime":"2019-06-15T16:53:00","startDateTimeLocal":"2019-06-15T18:53:00+02:00","stageTimeDurationMs":1273900,"stageTimeDuration":"00:21:13.9000000","splitPointTimeId":81598,"splitPointId":2499,"entryId":19902,"elapsedDurationMs":1162400,"elapsedDuration":"PT19M22.4S","splitDateTime":"2019-06-15T17:12:22.4","splitDateTimeLocal":"2019-06-15T19:12:22.4+02:00"},{"startDateTime":"2019-06-15T16:56:00","startDateTimeLocal":"2019-06-15T18:56:00+02:00","stageTimeDurationMs":1172300,"stageTimeDuration":"00:19:32.3000000","splitPointTimeId":81605,"splitPointId":2499,"entryId":19894,"elapsedDurationMs":1062800,"elapsedDuration":"PT17M42.8S","splitDateTime":"2019-06-15T17:13:42.8","splitDateTimeLocal":"2019-06-15T19:13:42.8+02:00"},{"startDateTime":"2019-06-15T16:58:00","startDateTimeLocal":"2019-06-15T18:58:00+02:00","stageTimeDurationMs":1318200,"stageTimeDuration":"00:21:58.2000000","splitPointTimeId":81628,"splitPointId":2499,"entryId":19901,"elapsedDurationMs":1198500,"elapsedDuration":"PT19M58.5S","splitDateTime":"2019-06-15T17:17:58.5","splitDateTimeLocal":"2019-06-15T19:17:58.5+02:00"},{"startDateTime":"2019-06-15T17:00:00","startDateTimeLocal":"2019-06-15T19:00:00+02:00","stageTimeDurationMs":1257300,"stageTimeDuration":"00:20:57.3000000","splitPointTimeId":81631,"splitPointId":2499,"entryId":19898,"elapsedDurationMs":1142300,"elapsedDuration":"PT19M2.3S","splitDateTime":"2019-06-15T17:19:02.3","splitDateTimeLocal":"2019-06-15T19:19:02.3+02:00"},{"startDateTime":"2019-06-15T17:02:00","startDateTimeLocal":"2019-06-15T19:02:00+02:00","stageTimeDurationMs":1278300,"stageTimeDuration":"00:21:18.3000000","splitPointTimeId":81641,"splitPointId":2499,"entryId":19948,"elapsedDurationMs":1162400,"elapsedDuration":"PT19M22.4S","splitDateTime":"2019-06-15T17:21:22.4","splitDateTimeLocal":"2019-06-15T19:21:22.4+02:00"},{"startDateTime":"2019-06-15T17:04:00","startDateTimeLocal":"2019-06-15T19:04:00+02:00","stageTimeDurationMs":1373900,"stageTimeDuration":"00:22:53.9000000","splitPointTimeId":81649,"splitPointId":2499,"entryId":19952,"elapsedDurationMs":1250500,"elapsedDuration":"PT20M50.5S","splitDateTime":"2019-06-15T17:24:50.5","splitDateTimeLocal":"2019-06-15T19:24:50.5+02:00"},{"startDateTime":"2019-06-15T17:06:00","startDateTimeLocal":"2019-06-15T19:06:00+02:00","stageTimeDurationMs":1362300,"stageTimeDuration":"00:22:42.3000000","splitPointTimeId":81654,"splitPointId":2499,"entryId":19931,"elapsedDurationMs":1234300,"elapsedDuration":"PT20M34.3S","splitDateTime":"2019-06-15T17:26:34.3","splitDateTimeLocal":"2019-06-15T19:26:34.3+02:00"},{"startDateTime":"2019-06-15T17:08:00","startDateTimeLocal":"2019-06-15T19:08:00+02:00","stageTimeDurationMs":1468300,"stageTimeDuration":"00:24:28.3000000","splitPointTimeId":81661,"splitPointId":2499,"entryId":19940,"elapsedDurationMs":1330600,"elapsedDuration":"PT22M10.6S","splitDateTime":"2019-06-15T17:30:10.6","splitDateTimeLocal":"2019-06-15T19:30:10.6+02:00"},{"startDateTime":"2019-06-15T17:10:00","startDateTimeLocal":"2019-06-15T19:10:00+02:00","stageTimeDurationMs":1572300,"stageTimeDuration":"00:26:12.3000000","splitPointTimeId":81668,"splitPointId":2499,"entryId":19953,"elapsedDurationMs":1430300,"elapsedDuration":"PT23M50.3S","splitDateTime":"2019-06-15T17:33:50.3","splitDateTimeLocal":"2019-06-15T19:33:50.3+02:00"},{"startDateTime":"2019-06-15T17:12:00","startDateTimeLocal":"2019-06-15T19:12:00+02:00","stageTimeDurationMs":1471400,"stageTimeDuration":"00:24:31.4000000","splitPointTimeId":81670,"splitPointId":2499,"entryId":19938,"elapsedDurationMs":1329200,"elapsedDuration":"PT22M9.2S","splitDateTime":"2019-06-15T17:34:09.2","splitDateTimeLocal":"2019-06-15T19:34:09.2+02:00"},{"startDateTime":"2019-06-15T17:14:00","startDateTimeLocal":"2019-06-15T19:14:00+02:00","stageTimeDurationMs":1392300,"stageTimeDuration":"00:23:12.3000000","splitPointTimeId":81674,"splitPointId":2499,"entryId":19949,"elapsedDurationMs":1260200,"elapsedDuration":"PT21M0.2S","splitDateTime":"2019-06-15T17:35:00.2","splitDateTimeLocal":"2019-06-15T19:35:00.2+02:00"}]