[{"stageTimeId":71023,"stageId":1222,"entryId":19863,"elapsedDurationMs":120700,"elapsedDuration":"00:02:00.7000000","status":"Completed","source":"Default","position":1,"diffFirstMs":0,"diffFirst":"00:00:00","diffPrevMs":0,"diffPrev":"00:00:00"},{"stageTimeId":71045,"stageId":1222,"entryId":19865,"elapsedDurationMs":120800,"elapsedDuration":"00:02:00.8000000","status":"Completed","source":"Default","position":2,"diffFirstMs":100,"diffFirst":"00:00:00.1000000","diffPrevMs":100,"diffPrev":"00:00:00.1000000"},{"stageTimeId":71022,"stageId":1222,"entryId":19868,"elapsedDurationMs":121000,"elapsedDuration":"00:02:01","status":"Completed","source":"Default","position":3,"diffFirstMs":300,"diffFirst":"00:00:00.3000000","diffPrevMs":200,"diffPrev":"00:00:00.2000000"},{"stageTimeId":71041,"stageId":1222,"entryId":19866,"elapsedDurationMs":121100,"elapsedDuration":"00:02:01.1000000","status":"Completed","source":"Default","position":4,"diffFirstMs":400,"diffFirst":"00:00:00.4000000","diffPrevMs":100,"diffPrev":"00:00:00.1000000"},{"stageTimeId":71042,"stageId":1222,"entryId":19864,"elapsedDurationMs":122300,"elapsedDuration":"00:02:02.3000000","status":"Completed","source":"Default","position":5,"diffFirstMs":1600,"diffFirst":"00:00:01.6000000","diffPrevMs":1200,"diffPrev":"00:00:01.2000000"},{"stageTimeId":71037,"stageId":1222,"entryId":19870,"elapsedDurationMs":122500,"elapsedDuration":"00:02:02.5000000","status":"Completed","source":"Default","position":6,"diffFirstMs":1800,"diffFirst":"00:00:01.8000000","diffPrevMs":200,"diffPrev":"00:00:00.2000000"},{"stageTimeId":71057,"stageId":1222,"entryId":19871,"elapsedDurationMs":122500,"elapsedDuration":"00:02:02.5000000","status":"Completed","source":"Default","position":7,"diffFirstMs":1800,"diffFirst":"00:00:01.8000000","diffPrevMs":0,"diffPrev":"00:00:00"},{"stageTimeId":71046,"stageId":1222,"entryId":19867,"elapsedDurationMs":122700,"elapsedDuration":"00:02:02.7000000","status":"Completed","source":"Default","position":8,"diffFirstMs":2000,"diffFirst":"00:00:02","diffPrevMs":200,"diffPrev":"00:00:00.2000000"},{"stageTimeId":71044,"stageId":1222,"entryId":19873,"elapsedDurationMs":122800,"elapsedDuration":"00:02:02.8000000","status":"Completed","source":"Default","position":9,"diffFirstMs":2100,"diffFirst":"00:00:02.1000000","diffPrevMs":100,"diffPrev":"00:00:00.1000000"},{"stageTimeId":71043,"stageId":1222,"entryId":19869,"elapsedDurationMs":124700,"elapsedDuration":"00:02:04.7000000","status":"Completed","source":"Default","position":10,"diffFirstMs":4000,"diffFirst":"00:00:04","diffPrevMs":1900,"diffPrev":"00:00:01.9000000"},{"stageTimeId":71087,"stageId":1222,"entryId":19882,"elapsedDurationMs":125400,"elapsedDuration":"00:02:05.4000000","status":"Completed","source":"Default","position":11,"diffFirstMs":4700,"diffFirst":"00:00:04.7000000","diffPrevMs":700,"diffPrev":"00:00:00.7000000"},{"stageTimeId":71036,"stageId":1222,"entryId":19889,"elapsedDurationMs":125600,"elapsedDuration":"00:02:05.6000000","status":"Completed","source":"Default","position":12,"diffFirstMs":4900,"diffFirst":"00:00:04.9000000","diffPrevMs":200,"diffPrev":"00:00:00.2000000"},{"stageTimeId":71049,"stageId":1222,"entryId":19875,"elapsedDurationMs":126300,"elapsedDuration":"00:02:06.3000000","status":"Completed","source":"Default","position":13,"diffFirstMs":5600,"diffFirst":"00:00:05.6000000","diffPrevMs":700,"diffPrev":"00:00:00.7000000"},{"stageTimeId":71047,"stageId":1222,"entryId":19872,"elapsedDurationMs":126600,"elapsedDuration":"00:02:06.6000000","status":"Completed","source":"Default","position":14,"diffFirstMs":5900,"diffFirst":"00:00:05.9000000","diffPrevMs":300,"diffPrev":"00:00:00.3000000"},{"stageTimeId":71050,"stageId":1222,"entryId":19874,"elapsedDurationMs":126600,"elapsedDuration":"00:02:06.6000000","status":"Completed","source":"Default","position":15,"diffFirstMs":5900,"diffFirst":"00:00:05.9000000","diffPrevMs":0,"diffPrev":"00:00:00"},{"stageTimeId":71080,"stageId":1222,"entryId":19884,"elapsedDurationMs":127300,"elapsedDuration":"00:02:07.3000000","status":"Completed","source":"Default","position":16,"diffFirstMs":6600,"diffFirst":"00:00:06.6000000","diffPrevMs":700,"diffPrev":"00:00:00.7000000"},{"stageTimeId":71053,"stageId":1222,"entryId":19876,"elapsedDurationMs":127300,"elapsedDuration":"00:02:07.3000000","status":"Completed","source":"Default","position":17,"diffFirstMs":6600,"diffFirst":"00:00:06.6000000","diffPrevMs":0,"diffPrev":"00:00:00"},{"stageTimeId":71051,"stageId":1222,"entryId":19910,"elapsedDurationMs":127500,"elapsedDuration":"00:02:07.5000000","status":"Completed","source":"Default","position":18,"diffFirstMs":6800,"diffFirst":"00:00:06.8000000","diffPrevMs":200,"diffPrev":"00:00:00.2000000"},{"stageTimeId":71048,"stageId":1222,"entryId":19888,"elapsedDurationMs":127500,"elapsedDuration":"00:02:07.5000000","status":"Completed","source":"Default","position":19,"diffFirstMs":6800,"diffFirst":"00:00:06.8000000","diffPrevMs":0,"diffPrev":"00:00:00"},{"stageTimeId":71038,"stageId":1222,"entryId":19877,"elapsedDurationMs":127700,"elapsedDuration":"00:02:07.7000000","status":"Completed","source":"Default","position":20,"diffFirstMs":7000,"diffFirst":"00:00:07","diffPrevMs":200,"diffPrev":"00:00:00.2000000"},{"stageTimeId":71055,"stageId":1222,"entryId":19913,"elapsedDurationMs":127900,"elapsedDuration":"00:02:07.9000000","status":"Completed","source":"Default","position":21,"diffFirstMs":7200,"diffFirst":"00:00:07.2000000","diffPrevMs":200,"diffPrev":"00:00:00.2000000"},{"stageTimeId":71040,"stageId":1222,"entryId":19880,"elapsedDurationMs":127900,"elapsedDuration":"00:02:07.9000000","status":"Completed","source":"Default","position":22,"diffFirstMs":7200,"diffFirst":"00:00:07.2000000","diffPrevMs":0,"diffPrev":"00:00:00"},{"stageTimeId":71012,"stageId":1222,"entryId":19916,"elapsedDurationMs":128900,"elapsedDuration":"00:02:08.9000000","status":"Completed","source":"Default","position":23,"diffFirstMs":8200,"diffFirst":"00:00:08.2000000","diffPrevMs":1000,"diffPrev":"00:00:01"},{"stageTimeId":71039,"stageId":1222,"entryId":19885,"elapsedDurationMs":129000,"elapsedDuration":"00:02:09","status":"Completed","source":"Default","position":24,"diffFirstMs":8300,"diffFirst":"00:00:08.3000000","diffPrevMs":100,"diffPrev":"00:00:00.1000000"},{"stageTimeId":71052,"stageId":1222,"entryId":19911,"elapsedDurationMs":129200,"elapsedDuration":"00:02:09.2000000","status":"Completed","source":"Default","position":25,"diffFirstMs":8500,"diffFirst":"00:00:08.5000000","diffPrevMs":200,"diffPrev":"00:00:00.2000000"},{"stageTimeId":71056,"stageId":1222,"entryId":19912,"elapsedDurationMs":129300,"elapsedDuration":"00:02:09.3000000","status":"Completed","source":"Default","position":26,"diffFirstMs":8600,"diffFirst":"00:00:08.6000000","diffPrevMs":100,"diffPrev":"00:00:00.1000000"},{"stageTimeId":71054,"stageId":1222,"entryId":19883,"elapsedDurationMs":129400,"elapsedDuration":"00:02:09.4000000","status":"Completed","source":"Default","position":27,"diffFirstMs":8700,"diffFirst":"00:00:08.7000000","diffPrevMs":100,"diffPrev":"00:00:00.1000000"},{"stageTimeId":71035,"stageId":1222,"entryId":19890,"elapsedDurationMs":129800,"elapsedDuration":"00:02:09.8000000","status":"Completed","source":"Default","position":28,"diffFirstMs":9100,"diffFirst":"00:00:09.1000000","diffPrevMs":400,"diffPrev":"00:00:00.4000000"},{"stageTimeId":71082,"stageId":1222,"entryId":19914,"elapsedDurationMs":130800,"elapsedDuration":"00:02:10.8000000","status":"Completed","source":"Default","position":29,"diffFirstMs":10100,"diffFirst":"00:00:10.1000000","diffPrevMs":1000,"diffPrev":"00:00:01"},{"stageTimeId":71059,"stageId":1222,"entryId":19887,"elapsedDurationMs":131200,"elapsedDuration":"00:02:11.2000000","status":"Completed","source":"Default","position":30,"diffFirstMs":10500,"diffFirst":"00:00:10.5000000","diffPrevMs":400,"diffPrev":"00:00:00.4000000"},{"stageTimeId":71058,"stageId":1222,"entryId":19907,"elapsedDurationMs":131600,"elapsedDuration":"00:02:11.6000000","status":"Completed","source":"Default","position":31,"diffFirstMs":10900,"diffFirst":"00:00:10.9000000","diffPrevMs":400,"diffPrev":"00:00:00.4000000"},{"stageTimeId":71081,"stageId":1222,"entryId":19879,"elapsedDurationMs":133300,"elapsedDuration":"00:02:13.3000000","status":"Completed","source":"Default","position":32,"diffFirstMs":12600,"diffFirst":"00:00:12.6000000","diffPrevMs":1700,"diffPrev":"00:00:01.7000000"},{"stageTimeId":71011,"stageId":1222,"entryId":19920,"elapsedDurationMs":134200,"elapsedDuration":"00:02:14.2000000","status":"Completed","source":"Default","position":33,"diffFirstMs":13500,"diffFirst":"00:00:13.5000000","diffPrevMs":900,"diffPrev":"00:00:00.9000000"},{"stageTimeId":71083,"stageId":1222,"entryId":19917,"elapsedDurationMs":134200,"elapsedDuration":"00:02:14.2000000","status":"Completed","source":"Default","position":34,"diffFirstMs":13500,"diffFirst":"00:00:13.5000000","diffPrevMs":0,"diffPrev":"00:00:00"},{"stageTimeId":71019,"stageId":1222,"entryId":19918,"elapsedDurationMs":136100,"elapsedDuration":"00:02:16.1000000","status":"Completed","source":"Default","position":35,"diffFirstMs":15400,"diffFirst":"00:00:15.4000000","diffPrevMs":1900,"diffPrev":"00:00:01.9000000"},{"stageTimeId":71009,"stageId":1222,"entryId":19919,"elapsedDurationMs":138200,"elapsedDuration":"00:02:18.2000000","status":"Completed","source":"Default","position":36,"diffFirstMs":17500,"diffFirst":"00:00:17.5000000","diffPrevMs":2100,"diffPrev":"00:00:02.1000000"},{"stageTimeId":71008,"stageId":1222,"entryId":19908,"elapsedDurationMs":138200,"elapsedDuration":"00:02:18.2000000","status":"Completed","source":"Default","position":37,"diffFirstMs":17500,"diffFirst":"00:00:17.5000000","diffPrevMs":0,"diffPrev":"00:00:00"},{"stageTimeId":71015,"stageId":1222,"entryId":19922,"elapsedDurationMs":139300,"elapsedDuration":"00:02:19.3000000","status":"Completed","source":"Default","position":38,"diffFirstMs":18600,"diffFirst":"00:00:18.6000000","diffPrevMs":1100,"diffPrev":"00:00:01.1000000"},{"stageTimeId":71070,"stageId":1222,"entryId":19927,"elapsedDurationMs":141600,"elapsedDuration":"00:02:21.6000000","status":"Completed","source":"Default","position":39,"diffFirstMs":20900,"diffFirst":"00:00:20.9000000","diffPrevMs":2300,"diffPrev":"00:00:02.3000000"},{"stageTimeId":71074,"stageId":1222,"entryId":19904,"elapsedDurationMs":141900,"elapsedDuration":"00:02:21.9000000","status":"Completed","source":"Default","position":40,"diffFirstMs":21200,"diffFirst":"00:00:21.2000000","diffPrevMs":300,"diffPrev":"00:00:00.3000000"},{"stageTimeId":71010,"stageId":1222,"entryId":19915,"elapsedDurationMs":142600,"elapsedDuration":"00:02:22.6000000","status":"Completed","source":"Default","position":41,"diffFirstMs":21900,"diffFirst":"00:00:21.9000000","diffPrevMs":700,"diffPrev":"00:00:00.7000000"},{"stageTimeId":71075,"stageId":1222,"entryId":19905,"elapsedDurationMs":142600,"elapsedDuration":"00:02:22.6000000","status":"Completed","source":"Default","position":42,"diffFirstMs":21900,"diffFirst":"00:00:21.9000000","diffPrevMs":0,"diffPrev":"00:00:00"},{"stageTimeId":71013,"stageId":1222,"entryId":19923,"elapsedDurationMs":142600,"elapsedDuration":"00:02:22.6000000","status":"Completed","source":"Default","position":43,"diffFirstMs":21900,"diffFirst":"00:00:21.9000000","diffPrevMs":0,"diffPrev":"00:00:00"},{"stageTimeId":71018,"stageId":1222,"entryId":19924,"elapsedDurationMs":142600,"elapsedDuration":"00:02:22.6000000","status":"Completed","source":"Default","position":44,"diffFirstMs":21900,"diffFirst":"00:00:21.9000000","diffPrevMs":0,"diffPrev":"00:00:00"},{"stageTimeId":71016,"stageId":1222,"entryId":19930,"elapsedDurationMs":143100,"elapsedDuration":"00:02:23.1000000","status":"Completed","source":"Default","position":45,"diffFirstMs":22400,"diffFirst":"00:00:22.4000000","diffPrevMs":500,"diffPrev":"00:00:00.5000000"},{"stageTimeId":71089,"stageId":1222,"entryId":19892,"elapsedDurationMs":144300,"elapsedDuration":"00:02:24.3000000","status":"Completed","source":"Default","position":46,"diffFirstMs":23600,"diffFirst":"00:00:23.6000000","diffPrevMs":1200,"diffPrev":"00:00:01.2000000"},{"stageTimeId":71090,"stageId":1222,"entryId":19893,"elapsedDurationMs":144400,"elapsedDuration":"00:02:24.4000000","status":"Completed","source":"Default","position":47,"diffFirstMs":23700,"diffFirst":"00:00:23.7000000","diffPrevMs":100,"diffPrev":"00:00:00.1000000"},{"stageTimeId":71096,"stageId":1222,"entryId":19891,"elapsedDurationMs":144600,"elapsedDuration":"00:02:24.6000000","status":"Completed","source":"Default","position":48,"diffFirstMs":23900,"diffFirst":"00:00:23.9000000","diffPrevMs":200,"diffPrev":"00:00:00.2000000"},{"stageTimeId":71034,"stageId":1222,"entryId":19945,"elapsedDurationMs":144600,"elapsedDuration":"00:02:24.6000000","status":"Completed","source":"Default","position":49,"diffFirstMs":23900,"diffFirst":"00:00:23.9000000","diffPrevMs":0,"diffPrev":"00:00:00"},{"stageTimeId":71079,"stageId":1222,"entryId":19899,"elapsedDurationMs":145000,"elapsedDuration":"00:02:25","status":"Completed","source":"Default","position":50,"diffFirstMs":24300,"diffFirst":"00:00:24.3000000","diffPrevMs":400,"diffPrev":"00:00:00.4000000"},{"stageTimeId":71073,"stageId":1222,"entryId":19902,"elapsedDurationMs":145200,"elapsedDuration":"00:02:25.2000000","status":"Completed","source":"Default","position":51,"diffFirstMs":24500,"diffFirst":"00:00:24.5000000","diffPrevMs":200,"diffPrev":"00:00:00.2000000"},{"stageTimeId":71078,"stageId":1222,"entryId":19900,"elapsedDurationMs":145700,"elapsedDuration":"00:02:25.7000000","status":"Completed","source":"Default","position":52,"diffFirstMs":25000,"diffFirst":"00:00:25","diffPrevMs":500,"diffPrev":"00:00:00.5000000"},{"stageTimeId":71091,"stageId":1222,"entryId":19894,"elapsedDurationMs":146000,"elapsedDuration":"00:02:26","status":"Completed","source":"Default","position":53,"diffFirstMs":25300,"diffFirst":"00:00:25.3000000","diffPrevMs":300,"diffPrev":"00:00:00.3000000"},{"stageTimeId":71071,"stageId":1222,"entryId":19926,"elapsedDurationMs":146100,"elapsedDuration":"00:02:26.1000000","status":"Completed","source":"Default","position":54,"diffFirstMs":25400,"diffFirst":"00:00:25.4000000","diffPrevMs":100,"diffPrev":"00:00:00.1000000"},{"stageTimeId":71030,"stageId":1222,"entryId":19950,"elapsedDurationMs":147000,"elapsedDuration":"00:02:27","status":"Completed","source":"Default","position":55,"diffFirstMs":26300,"diffFirst":"00:00:26.3000000","diffPrevMs":900,"diffPrev":"00:00:00.9000000"},{"stageTimeId":71093,"stageId":1222,"entryId":19896,"elapsedDurationMs":148500,"elapsedDuration":"00:02:28.5000000","status":"Completed","source":"Default","position":56,"diffFirstMs":27800,"diffFirst":"00:00:27.8000000","diffPrevMs":1500,"diffPrev":"00:00:01.5000000"},{"stageTimeId":71072,"stageId":1222,"entryId":19925,"elapsedDurationMs":149300,"elapsedDuration":"00:02:29.3000000","status":"Completed","source":"Default","position":57,"diffFirstMs":28600,"diffFirst":"00:00:28.6000000","diffPrevMs":800,"diffPrev":"00:00:00.8000000"},{"stageTimeId":71085,"stageId":1222,"entryId":19928,"elapsedDurationMs":149300,"elapsedDuration":"00:02:29.3000000","status":"Completed","source":"Assessed","position":58,"diffFirstMs":28600,"diffFirst":"00:00:28.6000000","diffPrevMs":0,"diffPrev":"00:00:00"},{"stageTimeId":71094,"stageId":1222,"entryId":19897,"elapsedDurationMs":149500,"elapsedDuration":"00:02:29.5000000","status":"Completed","source":"Default","position":59,"diffFirstMs":28800,"diffFirst":"00:00:28.8000000","diffPrevMs":200,"diffPrev":"00:00:00.2000000"},{"stageTimeId":71031,"stageId":1222,"entryId":19948,"elapsedDurationMs":150500,"elapsedDuration":"00:02:30.5000000","status":"Completed","source":"Default","position":60,"diffFirstMs":29800,"diffFirst":"00:00:29.8000000","diffPrevMs":1000,"diffPrev":"00:00:01"},{"stageTimeId":71092,"stageId":1222,"entryId":19895,"elapsedDurationMs":150500,"elapsedDuration":"00:02:30.5000000","status":"Completed","source":"Default","position":61,"diffFirstMs":29800,"diffFirst":"00:00:29.8000000","diffPrevMs":0,"diffPrev":"00:00:00"},{"stageTimeId":71063,"stageId":1222,"entryId":19934,"elapsedDurationMs":151900,"elapsedDuration":"00:02:31.9000000","status":"Completed","source":"Assessed","position":62,"diffFirstMs":31200,"diffFirst":"00:00:31.2000000","diffPrevMs":1400,"diffPrev":"00:00:01.4000000"},{"stageTimeId":71062,"stageId":1222,"entryId":19933,"elapsedDurationMs":151900,"elapsedDuration":"00:02:31.9000000","status":"Completed","source":"Default","position":63,"diffFirstMs":31200,"diffFirst":"00:00:31.2000000","diffPrevMs":0,"diffPrev":"00:00:00"},{"stageTimeId":71032,"stageId":1222,"entryId":19947,"elapsedDurationMs":152700,"elapsedDuration":"00:02:32.7000000","status":"Completed","source":"Default","position":64,"diffFirstMs":32000,"diffFirst":"00:00:32","diffPrevMs":800,"diffPrev":"00:00:00.8000000"},{"stageTimeId":71077,"stageId":1222,"entryId":19901,"elapsedDurationMs":153500,"elapsedDuration":"00:02:33.5000000","status":"Completed","source":"Assessed","position":65,"diffFirstMs":32800,"diffFirst":"00:00:32.8000000","diffPrevMs":800,"diffPrev":"00:00:00.8000000"},{"stageTimeId":71095,"stageId":1222,"entryId":19898,"elapsedDurationMs":153500,"elapsedDuration":"00:02:33.5000000","status":"Completed","source":"Default","position":66,"diffFirstMs":32800,"diffFirst":"00:00:32.8000000","diffPrevMs":0,"diffPrev":"00:00:00"},{"stageTimeId":71086,"stageId":1222,"entryId":19943,"elapsedDurationMs":154200,"elapsedDuration":"00:02:34.2000000","status":"Completed","source":"Default","position":67,"diffFirstMs":33500,"diffFirst":"00:00:33.5000000","diffPrevMs":700,"diffPrev":"00:00:00.7000000"},{"stageTimeId":71027,"stageId":1222,"entryId":19952,"elapsedDurationMs":154300,"elapsedDuration":"00:02:34.3000000","status":"Completed","source":"Default","position":68,"diffFirstMs":33600,"diffFirst":"00:00:33.6000000","diffPrevMs":100,"diffPrev":"00:00:00.1000000"},{"stageTimeId":71065,"stageId":1222,"entryId":19936,"elapsedDurationMs":155400,"elapsedDuration":"00:02:35.4000000","status":"Completed","source":"Default","position":69,"diffFirstMs":34700,"diffFirst":"00:00:34.7000000","diffPrevMs":1100,"diffPrev":"00:00:01.1000000"},{"stageTimeId":71014,"stageId":1222,"entryId":19939,"elapsedDurationMs":155900,"elapsedDuration":"00:02:35.9000000","status":"Completed","source":"Default","position":70,"diffFirstMs":35200,"diffFirst":"00:00:35.2000000","diffPrevMs":500,"diffPrev":"00:00:00.5000000"},{"stageTimeId":71061,"stageId":1222,"entryId":19932,"elapsedDurationMs":156600,"elapsedDuration":"00:02:36.6000000","status":"Completed","source":"Default","position":71,"diffFirstMs":35900,"diffFirst":"00:00:35.9000000","diffPrevMs":700,"diffPrev":"00:00:00.7000000"},{"stageTimeId":71076,"stageId":1222,"entryId":19931,"elapsedDurationMs":156900,"elapsedDuration":"00:02:36.9000000","status":"Completed","source":"Assessed","position":72,"diffFirstMs":36200,"diffFirst":"00:00:36.2000000","diffPrevMs":300,"diffPrev":"00:00:00.3000000"},{"stageTimeId":71069,"stageId":1222,"entryId":19938,"elapsedDurationMs":159400,"elapsedDuration":"00:02:39.4000000","status":"Completed","source":"Default","position":73,"diffFirstMs":38700,"diffFirst":"00:00:38.7000000","diffPrevMs":2500,"diffPrev":"00:00:02.5000000"},{"stageTimeId":71020,"stageId":1222,"entryId":19937,"elapsedDurationMs":160800,"elapsedDuration":"00:02:40.8000000","status":"Completed","source":"Default","position":74,"diffFirstMs":40100,"diffFirst":"00:00:40.1000000","diffPrevMs":1400,"diffPrev":"00:00:01.4000000"},{"stageTimeId":71064,"stageId":1222,"entryId":19935,"elapsedDurationMs":161200,"elapsedDuration":"00:02:41.2000000","status":"Completed","source":"Default","position":75,"diffFirstMs":40500,"diffFirst":"00:00:40.5000000","diffPrevMs":400,"diffPrev":"00:00:00.4000000"},{"stageTimeId":71021,"stageId":1222,"entryId":19906,"elapsedDurationMs":161500,"elapsedDuration":"00:02:41.5000000","status":"Completed","source":"Default","position":76,"diffFirstMs":40800,"diffFirst":"00:00:40.8000000","diffPrevMs":300,"diffPrev":"00:00:00.3000000"},{"stageTimeId":71033,"stageId":1222,"entryId":19946,"elapsedDurationMs":163100,"elapsedDuration":"00:02:43.1000000","status":"Completed","source":"Default","position":77,"diffFirstMs":42400,"diffFirst":"00:00:42.4000000","diffPrevMs":1600,"diffPrev":"00:00:01.6000000"},{"stageTimeId":71066,"stageId":1222,"entryId":19941,"elapsedDurationMs":164200,"elapsedDuration":"00:02:44.2000000","status":"Completed","source":"Default","position":78,"diffFirstMs":43500,"diffFirst":"00:00:43.5000000","diffPrevMs":1100,"diffPrev":"00:00:01.1000000"},{"stageTimeId":71028,"stageId":1222,"entryId":19951,"elapsedDurationMs":165400,"elapsedDuration":"00:02:45.4000000","status":"Completed","source":"Default","position":79,"diffFirstMs":44700,"diffFirst":"00:00:44.7000000","diffPrevMs":1200,"diffPrev":"00:00:01.2000000"},{"stageTimeId":71068,"stageId":1222,"entryId":19940,"elapsedDurationMs":166400,"elapsedDuration":"00:02:46.4000000","status":"Completed","source":"Default","position":80,"diffFirstMs":45700,"diffFirst":"00:00:45.7000000","diffPrevMs":1000,"diffPrev":"00:00:01"},{"stageTimeId":71026,"stageId":1222,"entryId":19953,"elapsedDurationMs":175800,"elapsedDuration":"00:02:55.8000000","status":"Completed","source":"Default","position":81,"diffFirstMs":55100,"diffFirst":"00:00:55.1000000","diffPrevMs":9400,"diffPrev":"00:00:09.4000000"},{"stageTimeId":71067,"stageId":1222,"entryId":19956,"elapsedDurationMs":190600,"elapsedDuration":"00:03:10.6000000","status":"Completed","source":"Default","position":82,"diffFirstMs":69900,"diffFirst":"00:01:09.9000000","diffPrevMs":14800,"diffPrev":"00:00:14.8000000"},{"stageTimeId":71084,"stageId":1222,"entryId":19929,"elapsedDurationMs":298600,"elapsedDuration":"00:04:58.6000000","status":"Completed","source":"Default","position":83,"diffFirstMs":177900,"diffFirst":"00:02:57.9000000","diffPrevMs":108000,"diffPrev":"00:01:48"},{"stageTimeId":71060,"stageId":1222,"entryId":19881,"elapsedDurationMs":725400,"elapsedDuration":"00:12:05.4000000","status":"Completed","source":"Assessed","position":84,"diffFirstMs":604700,"diffFirst":"00:10:04.7000000","diffPrevMs":426800,"diffPrev":"00:07:06.8000000"},{"stageTimeId":71017,"stageId":1222,"entryId":19909,"elapsedDurationMs":727500,"elapsedDuration":"00:12:07.5000000","status":"Completed","source":"Assessed","position":85,"diffFirstMs":606800,"diffFirst":"00:10:06.8000000","diffPrevMs":2100,"diffPrev":"00:00:02.1000000"},{"stageTimeId":71029,"stageId":1222,"entryId":19949,"elapsedDurationMs":743100,"elapsedDuration":"00:12:23.1000000","status":"Completed","source":"Assessed","position":86,"diffFirstMs":622400,"diffFirst":"00:10:22.4000000","diffPrevMs":15600,"diffPrev":"00:00:15.6000000"},{"stageTimeId":71088,"stageId":1222,"entryId":19944,"elapsedDurationMs":754200,"elapsedDuration":"00:12:34.2000000","status":"Completed","source":"Assessed","position":87,"diffFirstMs":633500,"diffFirst":"00:10:33.5000000","diffPrevMs":11100,"diffPrev":"00:00:11.1000000"},{"stageTimeId":71025,"stageId":1222,"entryId":19954,"elapsedDurationMs":790600,"elapsedDuration":"00:13:10.6000000","status":"Completed","source":"Assessed","position":88,"diffFirstMs":669900,"diffFirst":"00:11:09.9000000","diffPrevMs":36400,"diffPrev":"00:00:36.4000000"},{"stageTimeId":71024,"stageId":1222,"entryId":19955,"elapsedDurationMs":null,"elapsedDuration":null,"status":"DNF","source":"Default","position":null,"diffFirstMs":null,"diffFirst":null,"diffPrevMs":null,"diffPrev":null}]