[{"driver":{"personId":670,"countryId":76,"country":{"countryId":76,"name":"France","iso2":"FR","iso3":"FRA"},"firstName":"Sébastien","lastName":"OGIER","abbvName":"S. OGIER","fullName":"Sébastien OGIER","code":"OGI"},"codriver":{"personId":3027,"countryId":76,"country":{"countryId":76,"name":"France","iso2":"FR","iso3":"FRA"},"firstName":"Julien","lastName":"INGRASSIA","abbvName":"J. INGRASSIA","fullName":"Julien INGRASSIA","code":"ING"},"manufacturer":{"manufacturerId":13,"name":"Citroen","logoFilename":"citroen"},"entrant":{"entrantId":965,"name":"CITROEN TOTAL WRT","logoFilename":""},"group":{"groupId":10,"name":"WRC"},"tag":null,"eventClasses":[{"eventClassId":479,"eventId":85,"name":"RC1"}],"entryId":19863,"eventId":85,"driverId":670,"codriverId":3027,"manufacturerId":13,"entrantId":965,"groupId":10,"tagId":null,"entryListOrder":1,"identifier":"1","vehicleModel":"C3 WRC","eligibility":"M","priority":"P1","status":"Rejoined","tyreManufacturer":"Michelin"},{"driver":{"personId":566,"countryId":75,"country":{"countryId":75,"name":"Finland","iso2":"FI","iso3":"FIN"},"firstName":"Teemu","lastName":"SUNINEN","abbvName":"T. SUNINEN","fullName":"Teemu SUNINEN","code":"SUN"},"codriver":{"personId":2470,"countryId":75,"country":{"countryId":75,"name":"Finland","iso2":"FI","iso3":"FIN"},"firstName":"Jarmo","lastName":"LEHTINEN","abbvName":"J. LEHTINEN","fullName":"Jarmo LEHTINEN","code":"LEH"},"manufacturer":{"manufacturerId":26,"name":"Ford","logoFilename":"ford"},"entrant":{"entrantId":94,"name":"M-SPORT FORD WORLD RALLY TEAM","logoFilename":null},"group":{"groupId":10,"name":"WRC"},"tag":null,"eventClasses":[{"eventClassId":479,"eventId":85,"name":"RC1"}],"entryId":19864,"eventId":85,"driverId":566,"codriverId":2470,"manufacturerId":26,"entrantId":94,"groupId":10,"tagId":null,"entryListOrder":2,"identifier":"3","vehicleModel":"FIESTA WRC","eligibility":"M","priority":"P1","status":"Entry","tyreManufacturer":"Michelin"},{"driver":{"personId":548,"countryId":75,"country":{"countryId":75,"name":"Finland","iso2":"FI","iso3":"FIN"},"firstName":"Esapekka","lastName":"LAPPI","abbvName":"E. LAPPI","fullName":"Esapekka LAPPI","code":"LAP"},"codriver":{"personId":549,"countryId":75,"country":{"countryId":75,"name":"Finland","iso2":"FI","iso3":"FIN"},"firstName":"Janne","lastName":"FERM","abbvName":"J. FERM","fullName":"Janne FERM","code":"FER"},"manufacturer":{"manufacturerId":13,"name":"Citroen","logoFilename":"citroen"},"entrant":{"entrantId":965,"name":"CITROEN TOTAL WRT","logoFilename":""},"group":{"groupId":10,"name":"WRC"},"tag":null,"eventClasses":[{"eventClassId":479,"eventId":85,"name":"RC1"}],"entryId":19865,"eventId":85,"driverId":548,"codriverId":549,"manufacturerId":13,"entrantId":965,"groupId":10,"tagId":null,"entryListOrder":3,"identifier":"4","vehicleModel":"C3 WRC","eligibility":"M","priority":"P1","status":"Entry","tyreManufacturer":"Michelin"},{"driver":{"personId":550,"countryId":235,"country":{"countryId":235,"name":"United Kingdom of Great Britain and Northern Ireland","iso2":"GB","iso3":"GBR"},"firstName":"Kris","lastName":"MEEKE","abbvName":"K. MEEKE","fullName":"Kris MEEKE","code":"MEE"},"codriver":{"personId":765,"countryId":235,"country":{"countryId":235,"name":"United Kingdom of Great Britain and Northern Ireland","iso2":"GB","iso3":"GBR"},"firstName":"Sebastian","lastName":"MARSHALL","abbvName":"S. MARSHALL","fullName":"Sebastian MARSHALL","code":"MAR"},"manufacturer":{"manufacturerId":84,"name":"Toyota","logoFilename":"toyota"},"entrant":{"entrantId":91,"name":"TOYOTA GAZOO RACING WRT","logoFilename":null},"group":{"groupId":10,"name":"WRC"},"tag":null,"eventClasses":[{"eventClassId":479,"eventId":85,"name":"RC1"}],"entryId":19866,"eventId":85,"driverId":550,"codriverId":765,"manufacturerId":84,"entrantId":91,"groupId":10,"tagId":null,"entryListOrder":4,"identifier":"5","vehicleModel":"YARIS WRC","eligibility":"M","priority":"P1","status":"Entry","tyreManufacturer":"Michelin"},{"driver":{"personId":542,"countryId":209,"country":{"countryId":209,"name":"Spain","iso2":"ES","iso3":"ESP"},"firstName":"Dani","lastName":"SORDO","abbvName":"D. SORDO","fullName":"Dani SORDO","code":"SOR"},"codriver":{"personId":543,"countryId":209,"country":{"countryId":209,"name":"Spain","iso2":"ES","iso3":"ESP"},"firstName":"Carlos","lastName":"DEL BARRIO","abbvName":"C. DEL BARRIO","fullName":"Carlos DEL BARRIO","code":"DEL"},"manufacturer":{"manufacturerId":33,"name":"Hyundai","logoFilename":"hyundai"},"entrant":{"entrantId":166,"name":"HYUNDAI SHELL MOBIS WORLD RALLY TEAM","logoFilename":null},"group":{"groupId":10,"name":"WRC"},"tag":null,"eventClasses":[{"eventClassId":479,"eventId":85,"name":"RC1"}],"entryId":19867,"eventId":85,"driverId":542,"codriverId":543,"manufacturerId":33,"entrantId":166,"groupId":10,"tagId":null,"entryListOrder":5,"identifier":"6","vehicleModel":"i20 COUPE WRC","eligibility":"M","priority":"P1","status":"Entry","tyreManufacturer":"Michelin"},{"driver":{"personId":524,"countryId":70,"country":{"countryId":70,"name":"Estonia","iso2":"EE","iso3":"EST"},"firstName":"Ott","lastName":"TÄNAK","abbvName":"O. TÄNAK","fullName":"Ott TÄNAK","code":"TÄN"},"codriver":{"personId":525,"countryId":70,"country":{"countryId":70,"name":"Estonia","iso2":"EE","iso3":"EST"},"firstName":"Martin","lastName":"JÄRVEOJA","abbvName":"M. JÄRVEOJA","fullName":"Martin JÄRVEOJA","code":"JAR"},"manufacturer":{"manufacturerId":84,"name":"Toyota","logoFilename":"toyota"},"entrant":{"entrantId":91,"name":"TOYOTA GAZOO RACING WRT","logoFilename":null},"group":{"groupId":10,"name":"WRC"},"tag":null,"eventClasses":[{"eventClassId":479,"eventId":85,"name":"RC1"}],"entryId":19868,"eventId":85,"driverId":524,"codriverId":525,"manufacturerId":84,"entrantId":91,"groupId":10,"tagId":null,"entryListOrder":6,"identifier":"8","vehicleModel":"YARIS WRC","eligibility":"M","priority":"P1","status":"Entry","tyreManufacturer":"Michelin"},{"driver":{"personId":526,"countryId":75,"country":{"countryId":75,"name":"Finland","iso2":"FI","iso3":"FIN"},"firstName":"Jari-Matti","lastName":"LATVALA","abbvName":"J. LATVALA","fullName":"Jari-Matti LATVALA","code":"LAT"},"codriver":{"personId":1244,"countryId":75,"country":{"countryId":75,"name":"Finland","iso2":"FI","iso3":"FIN"},"firstName":"Miikka","lastName":"ANTTILA","abbvName":"M. ANTTILA","fullName":"Miikka ANTTILA","code":"ANT"},"manufacturer":{"manufacturerId":84,"name":"Toyota","logoFilename":"toyota"},"entrant":{"entrantId":91,"name":"TOYOTA GAZOO RACING WRT","logoFilename":null},"group":{"groupId":10,"name":"WRC"},"tag":null,"eventClasses":[{"eventClassId":479,"eventId":85,"name":"RC1"}],"entryId":19869,"eventId":85,"driverId":526,"codriverId":1244,"manufacturerId":84,"entrantId":91,"groupId":10,"tagId":null,"entryListOrder":7,"identifier":"10","vehicleModel":"YARIS WRC","eligibility":"M","priority":"P1","status":"Rejoined","tyreManufacturer":"Michelin"},{"driver":{"personId":762,"countryId":22,"country":{"countryId":22,"name":"Belgium","iso2":"BE","iso3":"BEL"},"firstName":"Thierry","lastName":"NEUVILLE","abbvName":"T. NEUVILLE","fullName":"Thierry NEUVILLE","code":"NEU"},"codriver":{"personId":4883,"countryId":22,"country":{"countryId":22,"name":"Belgium","iso2":"BE","iso3":"BEL"},"firstName":"Nicolas","lastName":"GILSOUL","abbvName":"N. GILSOUL","fullName":"Nicolas GILSOUL","code":"GIL"},"manufacturer":{"manufacturerId":33,"name":"Hyundai","logoFilename":"hyundai"},"entrant":{"entrantId":166,"name":"HYUNDAI SHELL MOBIS WORLD RALLY TEAM","logoFilename":null},"group":{"groupId":10,"name":"WRC"},"tag":null,"eventClasses":[{"eventClassId":479,"eventId":85,"name":"RC1"}],"entryId":19870,"eventId":85,"driverId":762,"codriverId":4883,"manufacturerId":33,"entrantId":166,"groupId":10,"tagId":null,"entryListOrder":8,"identifier":"11","vehicleModel":"i20 COUPE WRC","eligibility":"M","priority":"P1","status":"Entry","tyreManufacturer":"Michelin"},{"driver":{"personId":534,"countryId":235,"country":{"countryId":235,"name":"United Kingdom of Great Britain and Northern Ireland","iso2":"GB","iso3":"GBR"},"firstName":"Elfyn","lastName":"EVANS","abbvName":"E. EVANS","fullName":"Elfyn EVANS","code":"EVA"},"codriver":{"personId":553,"countryId":235,"country":{"countryId":235,"name":"United Kingdom of Great Britain and Northern Ireland","iso2":"GB","iso3":"GBR"},"firstName":"Scott","lastName":"MARTIN","abbvName":"S. MARTIN","fullName":"Scott MARTIN","code":"MAR"},"manufacturer":{"manufacturerId":26,"name":"Ford","logoFilename":"ford"},"entrant":{"entrantId":94,"name":"M-SPORT FORD WORLD RALLY TEAM","logoFilename":null},"group":{"groupId":10,"name":"WRC"},"tag":null,"eventClasses":[{"eventClassId":479,"eventId":85,"name":"RC1"}],"entryId":19871,"eventId":85,"driverId":534,"codriverId":553,"manufacturerId":26,"entrantId":94,"groupId":10,"tagId":null,"entryListOrder":9,"identifier":"33","vehicleModel":"FIESTA WRC","eligibility":"M","priority":"P1","status":"Entry","tyreManufacturer":"Michelin"},{"driver":{"personId":5173,"countryId":75,"country":{"countryId":75,"name":"Finland","iso2":"FI","iso3":"FIN"},"firstName":"Juho","lastName":"HÄNNINEN","abbvName":"J. HÄNNINEN","fullName":"Juho HÄNNINEN","code":"HÄN"},"codriver":{"personId":5174,"countryId":75,"country":{"countryId":75,"name":"Finland","iso2":"FI","iso3":"FIN"},"firstName":"Tomi","lastName":"TUOMINEN","abbvName":"T. TUOMINEN","fullName":"Tomi TUOMINEN","code":"TUO"},"manufacturer":{"manufacturerId":84,"name":"Toyota","logoFilename":"toyota"},"entrant":{"entrantId":454,"name":"TOMMI MÄKINEN RACING OY","logoFilename":null},"group":{"groupId":10,"name":"WRC"},"tag":null,"eventClasses":[{"eventClassId":479,"eventId":85,"name":"RC1"}],"entryId":19872,"eventId":85,"driverId":5173,"codriverId":5174,"manufacturerId":84,"entrantId":454,"groupId":10,"tagId":null,"entryListOrder":10,"identifier":"69","vehicleModel":"YARIS WRC","eligibility":"None","priority":"P1","status":"Retired","tyreManufacturer":"Michelin"},{"driver":{"personId":538,"countryId":166,"country":{"countryId":166,"name":"Norway","iso2":"NO","iso3":"NOR"},"firstName":"Andreas","lastName":"MIKKELSEN","abbvName":"A. MIKKELSEN","fullName":"Andreas MIKKELSEN","code":"MIK"},"codriver":{"personId":4675,"countryId":166,"country":{"countryId":166,"name":"Norway","iso2":"NO","iso3":"NOR"},"firstName":"Anders","lastName":"JAEGER","abbvName":"A. JAEGER","fullName":"Anders JAEGER","code":"JAE"},"manufacturer":{"manufacturerId":33,"name":"Hyundai","logoFilename":"hyundai"},"entrant":{"entrantId":166,"name":"HYUNDAI SHELL MOBIS WORLD RALLY TEAM","logoFilename":null},"group":{"groupId":10,"name":"WRC"},"tag":null,"eventClasses":[{"eventClassId":479,"eventId":85,"name":"RC1"}],"entryId":19873,"eventId":85,"driverId":538,"codriverId":4675,"manufacturerId":33,"entrantId":166,"groupId":10,"tagId":null,"entryListOrder":11,"identifier":"89","vehicleModel":"i20 COUPE WRC","eligibility":"M","priority":"P1","status":"Entry","tyreManufacturer":"Michelin"},{"driver":{"personId":770,"countryId":166,"country":{"countryId":166,"name":"Norway","iso2":"NO","iso3":"NOR"},"firstName":"Mads","lastName":"OSTBERG","abbvName":"M. OSTBERG","fullName":"Mads OSTBERG","code":"OST"},"codriver":{"personId":771,"countryId":166,"country":{"countryId":166,"name":"Norway","iso2":"NO","iso3":"NOR"},"firstName":"Torstein","lastName":"ERIKSEN","abbvName":"T. ERIKSEN","fullName":"Torstein ERIKSEN","code":"ERI"},"manufacturer":{"manufacturerId":13,"name":"Citroen","logoFilename":"citroen"},"entrant":{"entrantId":366,"name":"CITROEN TOTAL","logoFilename":null},"group":{"groupId":8,"name":"R5"},"tag":null,"eventClasses":[{"eventClassId":480,"eventId":85,"name":"RC2"}],"entryId":19874,"eventId":85,"driverId":770,"codriverId":771,"manufacturerId":13,"entrantId":366,"groupId":8,"tagId":null,"entryListOrder":12,"identifier":"21","vehicleModel":"C3 R5","eligibility":"WRC2PRO","priority":"P2P","status":"Entry","tyreManufacturer":"Michelin"},{"driver":{"personId":700,"countryId":75,"country":{"countryId":75,"name":"Finland","iso2":"FI","iso3":"FIN"},"firstName":"Kalle","lastName":"ROVANPERÄ","abbvName":"K. ROVANPERÄ","fullName":"Kalle ROVANPERÄ","code":"ROV"},"codriver":{"personId":587,"countryId":75,"country":{"countryId":75,"name":"Finland","iso2":"FI","iso3":"FIN"},"firstName":"Jonne","lastName":"HALTTUNEN","abbvName":"J. HALTTUNEN","fullName":"Jonne HALTTUNEN","code":"HAL"},"manufacturer":{"manufacturerId":77,"name":"Skoda","logoFilename":"skoda"},"entrant":{"entrantId":92,"name":"SKODA MOTORSPORT","logoFilename":null},"group":{"groupId":8,"name":"R5"},"tag":null,"eventClasses":[{"eventClassId":480,"eventId":85,"name":"RC2"}],"entryId":19875,"eventId":85,"driverId":700,"codriverId":587,"manufacturerId":77,"entrantId":92,"groupId":8,"tagId":null,"entryListOrder":13,"identifier":"22","vehicleModel":"FABIA R5 EVO","eligibility":"WRC2PRO","priority":"P2P","status":"Entry","tyreManufacturer":"Michelin"},{"driver":{"personId":4509,"countryId":60,"country":{"countryId":60,"name":"Czech Republic","iso2":"CZ","iso3":"CZE"},"firstName":"Jan","lastName":"KOPECKY","abbvName":"J. KOPECKY","fullName":"Jan KOPECKY","code":"KOP"},"codriver":{"personId":565,"countryId":60,"country":{"countryId":60,"name":"Czech Republic","iso2":"CZ","iso3":"CZE"},"firstName":"Pavel","lastName":"DRESLER","abbvName":"P. DRESLER","fullName":"Pavel DRESLER","code":"DRE"},"manufacturer":{"manufacturerId":77,"name":"Skoda","logoFilename":"skoda"},"entrant":{"entrantId":92,"name":"SKODA MOTORSPORT","logoFilename":null},"group":{"groupId":8,"name":"R5"},"tag":null,"eventClasses":[{"eventClassId":480,"eventId":85,"name":"RC2"}],"entryId":19876,"eventId":85,"driverId":4509,"codriverId":565,"manufacturerId":77,"entrantId":92,"groupId":8,"tagId":null,"entryListOrder":14,"identifier":"23","vehicleModel":"FABIA R5 EVO","eligibility":"WRC2PRO","priority":"P2P","status":"Entry","tyreManufacturer":"Michelin"},{"driver":{"personId":628,"countryId":235,"country":{"countryId":235,"name":"United Kingdom of Great Britain and Northern Ireland","iso2":"GB","iso3":"GBR"},"firstName":"Gus","lastName":"GREENSMITH","abbvName":"G. GREENSMITH","fullName":"Gus GREENSMITH","code":"GRE"},"codriver":{"personId":4078,"countryId":235,"country":{"countryId":235,"name":"United Kingdom of Great Britain and Northern Ireland","iso2":"GB","iso3":"GBR"},"firstName":"Elliott","lastName":"EDMONDSON","abbvName":"E. EDMONDSON","fullName":"Elliott EDMONDSON","code":"EDM"},"manufacturer":{"manufacturerId":26,"name":"Ford","logoFilename":"ford"},"entrant":{"entrantId":94,"name":"M-SPORT FORD WORLD RALLY TEAM","logoFilename":null},"group":{"groupId":8,"name":"R5"},"tag":null,"eventClasses":[{"eventClassId":480,"eventId":85,"name":"RC2"}],"entryId":19877,"eventId":85,"driverId":628,"codriverId":4078,"manufacturerId":26,"entrantId":94,"groupId":8,"tagId":null,"entryListOrder":15,"identifier":"24","vehicleModel":"FIESTA R5","eligibility":"WRC2PRO","priority":"P2P","status":"Rejoined","tyreManufacturer":"Michelin"},{"driver":{"personId":781,"countryId":177,"country":{"countryId":177,"name":"Poland","iso2":"PL","iso3":"POL"},"firstName":"Lukasz","lastName":"PIENIAZEK","abbvName":"L. PIENIAZEK","fullName":"Lukasz PIENIAZEK","code":"PIE"},"codriver":{"personId":5134,"countryId":177,"country":{"countryId":177,"name":"Poland","iso2":"PL","iso3":"POL"},"firstName":"Jakub","lastName":"GERBER","abbvName":"J. GERBER","fullName":"Jakub GERBER","code":"GER"},"manufacturer":{"manufacturerId":26,"name":"Ford","logoFilename":"ford"},"entrant":{"entrantId":94,"name":"M-SPORT FORD WORLD RALLY TEAM","logoFilename":null},"group":{"groupId":8,"name":"R5"},"tag":null,"eventClasses":[{"eventClassId":480,"eventId":85,"name":"RC2"}],"entryId":19878,"eventId":85,"driverId":781,"codriverId":5134,"manufacturerId":26,"entrantId":94,"groupId":8,"tagId":null,"entryListOrder":16,"identifier":"25","vehicleModel":"FIESTA R5","eligibility":"WRC2PRO","priority":"P2P","status":"NonStarter","tyreManufacturer":"Michelin"},{"driver":{"personId":2462,"countryId":60,"country":{"countryId":60,"name":"Czech Republic","iso2":"CZ","iso3":"CZE"},"firstName":"Martin","lastName":"PROKOP","abbvName":"M. PROKOP","fullName":"Martin PROKOP","code":"PRO"},"codriver":{"personId":2463,"countryId":60,"country":{"countryId":60,"name":"Czech Republic","iso2":"CZ","iso3":"CZE"},"firstName":"Jan","lastName":"TOMANEK","abbvName":"J. TOMANEK","fullName":"Jan TOMANEK","code":"TOM"},"manufacturer":{"manufacturerId":26,"name":"Ford","logoFilename":"ford"},"entrant":{"entrantId":550,"name":"MP-SPORTS","logoFilename":null},"group":{"groupId":10,"name":"WRC"},"tag":null,"eventClasses":[{"eventClassId":479,"eventId":85,"name":"RC1"}],"entryId":19879,"eventId":85,"driverId":2462,"codriverId":2463,"manufacturerId":26,"entrantId":550,"groupId":10,"tagId":null,"entryListOrder":17,"identifier":"26","vehicleModel":"FIESTA RS WRC","eligibility":"None","priority":"None","status":"Entry","tyreManufacturer":"Michelin"},{"driver":{"personId":785,"countryId":112,"country":{"countryId":112,"name":"Japan","iso2":"JP","iso3":"JPN"},"firstName":"Takamoto","lastName":"KATSUTA","abbvName":"T. KATSUTA","fullName":"Takamoto KATSUTA","code":"KAT"},"codriver":{"personId":535,"countryId":235,"country":{"countryId":235,"name":"United Kingdom of Great Britain and Northern Ireland","iso2":"GB","iso3":"GBR"},"firstName":"Daniel","lastName":"BARRITT","abbvName":"D. BARRITT","fullName":"Daniel BARRITT","code":"BAR"},"manufacturer":{"manufacturerId":26,"name":"Ford","logoFilename":"ford"},"entrant":{"entrantId":1010,"name":"TAKAMOTO KATSUTA","logoFilename":""},"group":{"groupId":8,"name":"R5"},"tag":null,"eventClasses":[{"eventClassId":480,"eventId":85,"name":"RC2"}],"entryId":19880,"eventId":85,"driverId":785,"codriverId":535,"manufacturerId":26,"entrantId":1010,"groupId":8,"tagId":null,"entryListOrder":18,"identifier":"41","vehicleModel":"FIESTA R5","eligibility":"WRC2","priority":"P2","status":"Retired","tyreManufacturer":"Pirelli"},{"driver":{"personId":582,"countryId":166,"country":{"countryId":166,"name":"Norway","iso2":"NO","iso3":"NOR"},"firstName":"Ole Christian","lastName":"VEIBY","abbvName":"O. VEIBY","fullName":"Ole Christian VEIBY","code":"VEI"},"codriver":{"personId":4758,"countryId":215,"country":{"countryId":215,"name":"Sweden","iso2":"SE","iso3":"SWE"},"firstName":"Jonas Anders","lastName":"ANDERSSON","abbvName":"J. ANDERSSON","fullName":"Jonas Anders ANDERSSON","code":"AND"},"manufacturer":{"manufacturerId":87,"name":"Volkswagen","logoFilename":"volkswagen"},"entrant":{"entrantId":821,"name":"OLE CHRISTIAN VEIBY","logoFilename":""},"group":{"groupId":8,"name":"R5"},"tag":null,"eventClasses":[{"eventClassId":480,"eventId":85,"name":"RC2"}],"entryId":19881,"eventId":85,"driverId":582,"codriverId":4758,"manufacturerId":87,"entrantId":821,"groupId":8,"tagId":null,"entryListOrder":19,"identifier":"42","vehicleModel":"POLO GTI R5","eligibility":"WRC2","priority":"P2","status":"Rejoined","tyreManufacturer":"Michelin"},{"driver":{"personId":4759,"countryId":183,"country":{"countryId":183,"name":"Russian Federation","iso2":"RU","iso3":"RUS"},"firstName":"Nikolay","lastName":"GRYAZIN","abbvName":"N. GRYAZIN","fullName":"Nikolay GRYAZIN","code":"GRY"},"codriver":{"personId":4760,"countryId":183,"country":{"countryId":183,"name":"Russian Federation","iso2":"RU","iso3":"RUS"},"firstName":"Yaroslav","lastName":"FEDOROV","abbvName":"Y. FEDOROV","fullName":"Yaroslav FEDOROV","code":"FED"},"manufacturer":{"manufacturerId":77,"name":"Skoda","logoFilename":"skoda"},"entrant":{"entrantId":1011,"name":"NIKOLAY GRYAZIN","logoFilename":""},"group":{"groupId":8,"name":"R5"},"tag":null,"eventClasses":[{"eventClassId":480,"eventId":85,"name":"RC2"}],"entryId":19882,"eventId":85,"driverId":4759,"codriverId":4760,"manufacturerId":77,"entrantId":1011,"groupId":8,"tagId":null,"entryListOrder":20,"identifier":"43","vehicleModel":"FABIA R5","eligibility":"WRC2","priority":"P2","status":"Retired","tyreManufacturer":"Michelin"},{"driver":{"personId":1807,"countryId":110,"country":{"countryId":110,"name":"Italy","iso2":"IT","iso3":"ITA"},"firstName":"Fabio","lastName":"ANDOLFI","abbvName":"F. ANDOLFI","fullName":"Fabio ANDOLFI","code":"AND"},"codriver":{"personId":2467,"countryId":110,"country":{"countryId":110,"name":"Italy","iso2":"IT","iso3":"ITA"},"firstName":"Simone","lastName":"SCATTOLIN","abbvName":"S. SCATTOLIN","fullName":"Simone SCATTOLIN","code":"SCA"},"manufacturer":{"manufacturerId":77,"name":"Skoda","logoFilename":"skoda"},"entrant":{"entrantId":1205,"name":"FABIO ANDOLFI","logoFilename":""},"group":{"groupId":8,"name":"R5"},"tag":null,"eventClasses":[{"eventClassId":480,"eventId":85,"name":"RC2"}],"entryId":19883,"eventId":85,"driverId":1807,"codriverId":2467,"manufacturerId":77,"entrantId":1205,"groupId":8,"tagId":null,"entryListOrder":21,"identifier":"44","vehicleModel":"FABIA R5","eligibility":"WRC2","priority":"P2","status":"Rejoined","tyreManufacturer":"Pirelli"},{"driver":{"personId":1253,"countryId":27,"country":{"countryId":27,"name":"Bolivia (Plurinational State of)","iso2":"BO","iso3":"BOL"},"firstName":"Marco","lastName":"BULACIA","abbvName":"M. BULACIA","fullName":"Marco BULACIA","code":"BUL"},"codriver":{"personId":2051,"countryId":11,"country":{"countryId":11,"name":"Argentina","iso2":"AR","iso3":"ARG"},"firstName":"Fabian","lastName":"CRETU","abbvName":"F. CRETU","fullName":"Fabian CRETU","code":"CRE"},"manufacturer":{"manufacturerId":77,"name":"Skoda","logoFilename":"skoda"},"entrant":{"entrantId":344,"name":"MARCO BULACIA WILKINSON","logoFilename":null},"group":{"groupId":8,"name":"R5"},"tag":null,"eventClasses":[{"eventClassId":480,"eventId":85,"name":"RC2"}],"entryId":19884,"eventId":85,"driverId":1253,"codriverId":2051,"manufacturerId":77,"entrantId":344,"groupId":8,"tagId":null,"entryListOrder":22,"identifier":"45","vehicleModel":"FABIA R5","eligibility":"WRC2","priority":"P2","status":"Entry","tyreManufacturer":"Pirelli"},{"driver":{"personId":2475,"countryId":177,"country":{"countryId":177,"name":"Poland","iso2":"PL","iso3":"POL"},"firstName":"Kajetan","lastName":"KAJETANOWICZ","abbvName":"K. KAJETANOWICZ","fullName":"Kajetan KAJETANOWICZ","code":"KAJ"},"codriver":{"personId":3144,"countryId":177,"country":{"countryId":177,"name":"Poland","iso2":"PL","iso3":"POL"},"firstName":"Maciej","lastName":"SZCZEPANIAK","abbvName":"M. SZCZEPANIAK","fullName":"Maciej SZCZEPANIAK","code":"SZC"},"manufacturer":{"manufacturerId":77,"name":"Skoda","logoFilename":"skoda"},"entrant":{"entrantId":1136,"name":"KAJETAN KAJETANOWICZ","logoFilename":""},"group":{"groupId":8,"name":"R5"},"tag":null,"eventClasses":[{"eventClassId":480,"eventId":85,"name":"RC2"}],"entryId":19885,"eventId":85,"driverId":2475,"codriverId":3144,"manufacturerId":77,"entrantId":1136,"groupId":8,"tagId":null,"entryListOrder":23,"identifier":"46","vehicleModel":"Fabia R5","eligibility":"WRC2","priority":"P2","status":"Entry","tyreManufacturer":"Pirelli"},{"driver":{"personId":3244,"countryId":215,"country":{"countryId":215,"name":"Sweden","iso2":"SE","iso3":"SWE"},"firstName":"Emil","lastName":"BERGKVIST","abbvName":"E. BERGKVIST","fullName":"Emil BERGKVIST","code":"BER"},"codriver":{"personId":874,"countryId":215,"country":{"countryId":215,"name":"Sweden","iso2":"SE","iso3":"SWE"},"firstName":"Patrik","lastName":"BARTH","abbvName":"P. BARTH","fullName":"Patrik BARTH","code":"BAR"},"manufacturer":{"manufacturerId":26,"name":"Ford","logoFilename":"ford"},"entrant":{"entrantId":190,"name":"EMIL BERGKVIST","logoFilename":null},"group":{"groupId":8,"name":"R5"},"tag":null,"eventClasses":[{"eventClassId":480,"eventId":85,"name":"RC2"}],"entryId":19886,"eventId":85,"driverId":3244,"codriverId":874,"manufacturerId":26,"entrantId":190,"groupId":8,"tagId":null,"entryListOrder":24,"identifier":"47","vehicleModel":"FIESTA R5","eligibility":"WRC2","priority":"P2","status":"NonStarter","tyreManufacturer":"None"},{"driver":{"personId":570,"countryId":22,"country":{"countryId":22,"name":"Belgium","iso2":"BE","iso3":"BEL"},"firstName":"Guillaume","lastName":"DE MEVIUS","abbvName":"G. DE MEVIUS","fullName":"Guillaume DE MEVIUS","code":"MEV"},"codriver":{"personId":851,"countryId":22,"country":{"countryId":22,"name":"Belgium","iso2":"BE","iso3":"BEL"},"firstName":"Martijn","lastName":"WYDAEGHE","abbvName":"M. WYDAEGHE","fullName":"Martijn WYDAEGHE","code":"WYD"},"manufacturer":{"manufacturerId":13,"name":"Citroen","logoFilename":"citroen"},"entrant":{"entrantId":365,"name":"GUILLAUME DE MEVIUS","logoFilename":null},"group":{"groupId":8,"name":"R5"},"tag":null,"eventClasses":[{"eventClassId":480,"eventId":85,"name":"RC2"}],"entryId":19887,"eventId":85,"driverId":570,"codriverId":851,"manufacturerId":13,"entrantId":365,"groupId":8,"tagId":null,"entryListOrder":25,"identifier":"48","vehicleModel":"C3 R5","eligibility":"WRC2","priority":"P2","status":"Rejoined","tyreManufacturer":"Michelin"},{"driver":{"personId":2469,"countryId":76,"country":{"countryId":76,"name":"France","iso2":"FR","iso3":"FRA"},"firstName":"Pierre-Louis","lastName":"LOUBET","abbvName":"P. LOUBET","fullName":"Pierre-Louis LOUBET","code":"LOU"},"codriver":{"personId":589,"countryId":76,"country":{"countryId":76,"name":"France","iso2":"FR","iso3":"FRA"},"firstName":"Vincent","lastName":"LANDAIS","abbvName":"V. LANDAIS","fullName":"Vincent LANDAIS","code":"LAN"},"manufacturer":{"manufacturerId":77,"name":"Skoda","logoFilename":"skoda"},"entrant":{"entrantId":1185,"name":"PIERRE-LOUIS LOUBET","logoFilename":""},"group":{"groupId":8,"name":"R5"},"tag":null,"eventClasses":[{"eventClassId":480,"eventId":85,"name":"RC2"}],"entryId":19888,"eventId":85,"driverId":2469,"codriverId":589,"manufacturerId":77,"entrantId":1185,"groupId":8,"tagId":null,"entryListOrder":26,"identifier":"49","vehicleModel":"FABIA R5","eligibility":"WRC2","priority":"P2","status":"Entry","tyreManufacturer":"Michelin"},{"driver":{"personId":3228,"countryId":182,"country":{"countryId":182,"name":"Romania","iso2":"RO","iso3":"ROU"},"firstName":"Simone","lastName":"TEMPESTINI","abbvName":"S. TEMPESTINI","fullName":"Simone TEMPESTINI","code":"TEM"},"codriver":{"personId":3229,"countryId":182,"country":{"countryId":182,"name":"Romania","iso2":"RO","iso3":"ROU"},"firstName":"Sergiu","lastName":"ITU","abbvName":"S. ITU","fullName":"Sergiu ITU","code":"SER"},"manufacturer":{"manufacturerId":33,"name":"Hyundai","logoFilename":"hyundai"},"entrant":{"entrantId":463,"name":"SIMONE TEMPESTINI","logoFilename":null},"group":{"groupId":8,"name":"R5"},"tag":null,"eventClasses":[{"eventClassId":480,"eventId":85,"name":"RC2"}],"entryId":19889,"eventId":85,"driverId":3228,"codriverId":3229,"manufacturerId":33,"entrantId":463,"groupId":8,"tagId":null,"entryListOrder":27,"identifier":"50","vehicleModel":"i20 R5","eligibility":"WRC2","priority":"P2","status":"Entry","tyreManufacturer":"Pirelli"},{"driver":{"personId":3131,"countryId":209,"country":{"countryId":209,"name":"Spain","iso2":"ES","iso3":"ESP"},"firstName":"Nil","lastName":"SOLANS BALDO","abbvName":"N. SOLANS BALDO","fullName":"Nil SOLANS BALDO","code":"BAL"},"codriver":{"personId":1263,"countryId":209,"country":{"countryId":209,"name":"Spain","iso2":"ES","iso3":"ESP"},"firstName":"Marc","lastName":"MARTI","abbvName":"M. MARTI","fullName":"Marc MARTI","code":"MAR"},"manufacturer":{"manufacturerId":26,"name":"Ford","logoFilename":"ford"},"entrant":{"entrantId":426,"name":"NIL SOLANS BALDO","logoFilename":null},"group":{"groupId":8,"name":"R5"},"tag":null,"eventClasses":[{"eventClassId":480,"eventId":85,"name":"RC2"}],"entryId":19890,"eventId":85,"driverId":3131,"codriverId":1263,"manufacturerId":26,"entrantId":426,"groupId":8,"tagId":null,"entryListOrder":28,"identifier":"51","vehicleModel":"FIESTA R5","eligibility":"WRC2","priority":"P2","status":"Retired","tyreManufacturer":"Pirelli"},{"driver":{"personId":3167,"countryId":215,"country":{"countryId":215,"name":"Sweden","iso2":"SE","iso3":"SWE"},"firstName":"Tom","lastName":"KRISTENSSON","abbvName":"T. KRISTENSSON","fullName":"Tom KRISTENSSON","code":"KRI"},"codriver":{"personId":3168,"countryId":215,"country":{"countryId":215,"name":"Sweden","iso2":"SE","iso3":"SWE"},"firstName":"Henrik","lastName":"APPELSKOG","abbvName":"H. APPELSKOG","fullName":"Henrik APPELSKOG","code":"APP"},"manufacturer":{"manufacturerId":26,"name":"Ford","logoFilename":"ford"},"entrant":{"entrantId":1020,"name":"TOM KRISTENSSON","logoFilename":""},"group":{"groupId":4,"name":"R2"},"tag":null,"eventClasses":[{"eventClassId":481,"eventId":85,"name":"RC4"}],"entryId":19891,"eventId":85,"driverId":3167,"codriverId":3168,"manufacturerId":26,"entrantId":1020,"groupId":4,"tagId":null,"entryListOrder":29,"identifier":"71","vehicleModel":"FIESTA R2","eligibility":"JWRC","priority":"P3","status":"Entry","tyreManufacturer":"Pirelli"},{"driver":{"personId":4929,"countryId":209,"country":{"countryId":209,"name":"Spain","iso2":"ES","iso3":"ESP"},"firstName":"Jan","lastName":"SOLANS","abbvName":"J. SOLANS","fullName":"Jan SOLANS","code":"SOL"},"codriver":{"personId":4930,"countryId":209,"country":{"countryId":209,"name":"Spain","iso2":"ES","iso3":"ESP"},"firstName":"Mauro","lastName":"BARREIRO","abbvName":"M. BARREIRO","fullName":"Mauro BARREIRO","code":"BAR"},"manufacturer":{"manufacturerId":26,"name":"Ford","logoFilename":"ford"},"entrant":{"entrantId":1022,"name":"RALLY TEAM SPAIN","logoFilename":""},"group":{"groupId":4,"name":"R2"},"tag":null,"eventClasses":[{"eventClassId":481,"eventId":85,"name":"RC4"}],"entryId":19892,"eventId":85,"driverId":4929,"codriverId":4930,"manufacturerId":26,"entrantId":1022,"groupId":4,"tagId":null,"entryListOrder":30,"identifier":"72","vehicleModel":"FIESTA R2","eligibility":"JWRC","priority":"P3","status":"Entry","tyreManufacturer":"Pirelli"},{"driver":{"personId":3245,"countryId":215,"country":{"countryId":215,"name":"Sweden","iso2":"SE","iso3":"SWE"},"firstName":"Dennis","lastName":"RÅDSTRÖM","abbvName":"D. RÅDSTRÖM","fullName":"Dennis RÅDSTRÖM","code":"RAD"},"codriver":{"personId":2198,"countryId":215,"country":{"countryId":215,"name":"Sweden","iso2":"SE","iso3":"SWE"},"firstName":"Johan","lastName":"JOHANSSON","abbvName":"J. JOHANSSON","fullName":"Johan JOHANSSON","code":"JOH"},"manufacturer":{"manufacturerId":26,"name":"Ford","logoFilename":"ford"},"entrant":{"entrantId":192,"name":"DENNIS RÅDSTRÖM","logoFilename":null},"group":{"groupId":4,"name":"R2"},"tag":null,"eventClasses":[{"eventClassId":481,"eventId":85,"name":"RC4"}],"entryId":19893,"eventId":85,"driverId":3245,"codriverId":2198,"manufacturerId":26,"entrantId":192,"groupId":4,"tagId":null,"entryListOrder":31,"identifier":"73","vehicleModel":"FIESTA R2","eligibility":"JWRC","priority":"P3","status":"Entry","tyreManufacturer":"Pirelli"},{"driver":{"personId":2109,"countryId":83,"country":{"countryId":83,"name":"Germany","iso2":"DE","iso3":"DEU"},"firstName":"Julius","lastName":"TANNERT","abbvName":"J. TANNERT","fullName":"Julius TANNERT","code":"TAN"},"codriver":{"personId":2110,"countryId":15,"country":{"countryId":15,"name":"Austria","iso2":"AT","iso3":"AUT"},"firstName":"Jürgen","lastName":"HEIGL","abbvName":"J. HEIGL","fullName":"Jürgen HEIGL","code":"HEI"},"manufacturer":{"manufacturerId":26,"name":"Ford","logoFilename":"ford"},"entrant":{"entrantId":195,"name":"ADAC SACHSEN E.V.","logoFilename":null},"group":{"groupId":4,"name":"R2"},"tag":null,"eventClasses":[{"eventClassId":481,"eventId":85,"name":"RC4"}],"entryId":19894,"eventId":85,"driverId":2109,"codriverId":2110,"manufacturerId":26,"entrantId":195,"groupId":4,"tagId":null,"entryListOrder":32,"identifier":"74","vehicleModel":"FIESTA R2","eligibility":"JWRC","priority":"P3","status":"Entry","tyreManufacturer":"Pirelli"},{"driver":{"personId":824,"countryId":235,"country":{"countryId":235,"name":"United Kingdom of Great Britain and Northern Ireland","iso2":"GB","iso3":"GBR"},"firstName":"Tom","lastName":"WILLIAMS","abbvName":"T. WILLIAMS","fullName":"Tom WILLIAMS","code":"WIL"},"codriver":{"personId":1261,"countryId":235,"country":{"countryId":235,"name":"United Kingdom of Great Britain and Northern Ireland","iso2":"GB","iso3":"GBR"},"firstName":"Phil","lastName":"HALL","abbvName":"P. HALL","fullName":"Phil HALL","code":"HAL"},"manufacturer":{"manufacturerId":26,"name":"Ford","logoFilename":"ford"},"entrant":{"entrantId":201,"name":"TOM WILLIAMS","logoFilename":null},"group":{"groupId":4,"name":"R2"},"tag":null,"eventClasses":[{"eventClassId":481,"eventId":85,"name":"RC4"}],"entryId":19895,"eventId":85,"driverId":824,"codriverId":1261,"manufacturerId":26,"entrantId":201,"groupId":4,"tagId":null,"entryListOrder":33,"identifier":"75","vehicleModel":"FIESTA R2","eligibility":"JWRC","priority":"P3","status":"Retired","tyreManufacturer":"Pirelli"},{"driver":{"personId":3169,"countryId":123,"country":{"countryId":123,"name":"Latvia","iso2":"LV","iso3":"LVA"},"firstName":"Martins","lastName":"SESKS","abbvName":"M. SESKS","fullName":"Martins SESKS","code":"SES"},"codriver":{"personId":4773,"countryId":123,"country":{"countryId":123,"name":"Latvia","iso2":"LV","iso3":"LVA"},"firstName":"Krisjanis","lastName":"CAUNE","abbvName":"K. CAUNE","fullName":"Krisjanis CAUNE","code":"CAU"},"manufacturer":{"manufacturerId":26,"name":"Ford","logoFilename":"ford"},"entrant":{"entrantId":1021,"name":"LMT AUTOSPORTA AKADEMIJA","logoFilename":""},"group":{"groupId":4,"name":"R2"},"tag":null,"eventClasses":[{"eventClassId":481,"eventId":85,"name":"RC4"}],"entryId":19896,"eventId":85,"driverId":3169,"codriverId":4773,"manufacturerId":26,"entrantId":1021,"groupId":4,"tagId":null,"entryListOrder":34,"identifier":"76","vehicleModel":"FIESTA R2","eligibility":"JWRC","priority":"P3","status":"Entry","tyreManufacturer":"Pirelli"},{"driver":{"personId":4777,"countryId":236,"country":{"countryId":236,"name":"United States of America","iso2":"US","iso3":"USA"},"firstName":"Sean","lastName":"JOHNSTON","abbvName":"S. JOHNSTON","fullName":"Sean JOHNSTON","code":"JOH"},"codriver":{"personId":4778,"countryId":236,"country":{"countryId":236,"name":"United States of America","iso2":"US","iso3":"USA"},"firstName":"Alex","lastName":"KIHURANI","abbvName":"A. KIHURANI","fullName":"Alex KIHURANI","code":"KIH"},"manufacturer":{"manufacturerId":26,"name":"Ford","logoFilename":"ford"},"entrant":{"entrantId":1025,"name":"SEAN JOHNSTON","logoFilename":""},"group":{"groupId":4,"name":"R2"},"tag":null,"eventClasses":[{"eventClassId":481,"eventId":85,"name":"RC4"}],"entryId":19897,"eventId":85,"driverId":4777,"codriverId":4778,"manufacturerId":26,"entrantId":1025,"groupId":4,"tagId":null,"entryListOrder":35,"identifier":"77","vehicleModel":"FIESTA R2","eligibility":"JWRC","priority":"P3","status":"Retired","tyreManufacturer":"Pirelli"},{"driver":{"personId":828,"countryId":110,"country":{"countryId":110,"name":"Italy","iso2":"IT","iso3":"ITA"},"firstName":"Enrico","lastName":"OLDRATI","abbvName":"E. OLDRATI","fullName":"Enrico OLDRATI","code":"OLD"},"codriver":{"personId":3250,"countryId":110,"country":{"countryId":110,"name":"Italy","iso2":"IT","iso3":"ITA"},"firstName":"Elia","lastName":"DE GUIO","abbvName":"E. DE GUIO","fullName":"Elia DE GUIO","code":"DE "},"manufacturer":{"manufacturerId":26,"name":"Ford","logoFilename":"ford"},"entrant":{"entrantId":203,"name":"ENRICO OLDRATI ","logoFilename":null},"group":{"groupId":4,"name":"R2"},"tag":null,"eventClasses":[{"eventClassId":481,"eventId":85,"name":"RC4"}],"entryId":19898,"eventId":85,"driverId":828,"codriverId":3250,"manufacturerId":26,"entrantId":203,"groupId":4,"tagId":null,"entryListOrder":36,"identifier":"78","vehicleModel":"FIESTA R2","eligibility":"JWRC","priority":"P3","status":"Entry","tyreManufacturer":"Pirelli"},{"driver":{"personId":3255,"countryId":182,"country":{"countryId":182,"name":"Romania","iso2":"RO","iso3":"ROU"},"firstName":"Raul","lastName":"BADIU","abbvName":"R. BADIU","fullName":"Raul BADIU","code":"BAD"},"codriver":{"personId":3256,"countryId":182,"country":{"countryId":182,"name":"Romania","iso2":"RO","iso3":"ROU"},"firstName":"Gabriel","lastName":"LAZAR","abbvName":"G. LAZAR","fullName":"Gabriel LAZAR","code":"LAZ"},"manufacturer":{"manufacturerId":26,"name":"Ford","logoFilename":"ford"},"entrant":{"entrantId":690,"name":"RAUL BADIU","logoFilename":null},"group":{"groupId":4,"name":"R2"},"tag":null,"eventClasses":[{"eventClassId":481,"eventId":85,"name":"RC4"}],"entryId":19899,"eventId":85,"driverId":3255,"codriverId":3256,"manufacturerId":26,"entrantId":690,"groupId":4,"tagId":null,"entryListOrder":37,"identifier":"79","vehicleModel":"FIESTA R2","eligibility":"JWRC","priority":"P3","status":"Entry","tyreManufacturer":"Pirelli"},{"driver":{"personId":4776,"countryId":173,"country":{"countryId":173,"name":"Paraguay","iso2":"PY","iso3":"PRY"},"firstName":"Fabrizio","lastName":"ZALDIVAR","abbvName":"F. ZALDIVAR","fullName":"Fabrizio ZALDIVAR","code":"ZAL"},"codriver":{"personId":1254,"countryId":11,"country":{"countryId":11,"name":"Argentina","iso2":"AR","iso3":"ARG"},"firstName":"Fernando","lastName":"MUSSANO","abbvName":"F. MUSSANO","fullName":"Fernando MUSSANO","code":" FE"},"manufacturer":{"manufacturerId":26,"name":"Ford","logoFilename":"ford"},"entrant":{"entrantId":1024,"name":"FABRIZIO ZALDIVAR","logoFilename":""},"group":{"groupId":4,"name":"R2"},"tag":null,"eventClasses":[{"eventClassId":481,"eventId":85,"name":"RC4"}],"entryId":19900,"eventId":85,"driverId":4776,"codriverId":1254,"manufacturerId":26,"entrantId":1024,"groupId":4,"tagId":null,"entryListOrder":38,"identifier":"80","vehicleModel":"FIESTA R2","eligibility":"JWRC","priority":"P3","status":"Entry","tyreManufacturer":"Pirelli"},{"driver":{"personId":4774,"countryId":83,"country":{"countryId":83,"name":"Germany","iso2":"DE","iso3":"DEU"},"firstName":"Nico","lastName":"KNACKER","abbvName":"N. KNACKER","fullName":"Nico KNACKER","code":"KNA"},"codriver":{"personId":5176,"countryId":83,"country":{"countryId":83,"name":"Germany","iso2":"DE","iso3":"DEU"},"firstName":"Anne Katharina","lastName":"STEIN","abbvName":"A. STEIN","fullName":"Anne Katharina STEIN","code":"STE"},"manufacturer":{"manufacturerId":26,"name":"Ford","logoFilename":"ford"},"entrant":{"entrantId":1023,"name":"ADAC WESER-EMS E.V.","logoFilename":""},"group":{"groupId":4,"name":"R2"},"tag":null,"eventClasses":[{"eventClassId":481,"eventId":85,"name":"RC4"}],"entryId":19901,"eventId":85,"driverId":4774,"codriverId":5176,"manufacturerId":26,"entrantId":1023,"groupId":4,"tagId":null,"entryListOrder":39,"identifier":"81","vehicleModel":"FIESTA R2","eligibility":"JWRC","priority":"P3","status":"Entry","tyreManufacturer":"Pirelli"},{"driver":{"personId":2495,"countryId":110,"country":{"countryId":110,"name":"Italy","iso2":"IT","iso3":"ITA"},"firstName":"Fabrizio","lastName":"ARENGI BENTIVOGLIO","abbvName":"F. ARENGI BENTIVOGLIO","fullName":"Fabrizio ARENGI BENTIVOGLIO","code":"ARE"},"codriver":{"personId":5177,"countryId":110,"country":{"countryId":110,"name":"Italy","iso2":"IT","iso3":"ITA"},"firstName":"Filippo Alessandro","lastName":"BORDIGNON","abbvName":"F. BORDIGNON","fullName":"Filippo Alessandro BORDIGNON","code":"BOR"},"manufacturer":{"manufacturerId":77,"name":"Skoda","logoFilename":"skoda"},"entrant":{"entrantId":566,"name":"FABRIZIO ARENGI BENTIVOGLIO","logoFilename":null},"group":{"groupId":8,"name":"R5"},"tag":null,"eventClasses":[{"eventClassId":480,"eventId":85,"name":"RC2"}],"entryId":19902,"eventId":85,"driverId":2495,"codriverId":5177,"manufacturerId":77,"entrantId":566,"groupId":8,"tagId":null,"entryListOrder":40,"identifier":"91","vehicleModel":"FABIA R5","eligibility":"None","priority":"None","status":"Entry","tyreManufacturer":"Michelin"},{"driver":{"personId":2130,"countryId":107,"country":{"countryId":107,"name":"Ireland","iso2":"IE","iso3":"IRL"},"firstName":"Brendan","lastName":"CUMISKEY","abbvName":"B. CUMISKEY","fullName":"Brendan CUMISKEY","code":"CUM"},"codriver":{"personId":5178,"countryId":107,"country":{"countryId":107,"name":"Ireland","iso2":"IE","iso3":"IRL"},"firstName":"Liam","lastName":"MOYNIHAN","abbvName":"L. MOYNIHAN","fullName":"Liam MOYNIHAN","code":"MOY"},"manufacturer":{"manufacturerId":33,"name":"Hyundai","logoFilename":"hyundai"},"entrant":{"entrantId":474,"name":"BRENDAN CUMISKEY","logoFilename":null},"group":{"groupId":8,"name":"R5"},"tag":null,"eventClasses":[{"eventClassId":480,"eventId":85,"name":"RC2"}],"entryId":19903,"eventId":85,"driverId":2130,"codriverId":5178,"manufacturerId":33,"entrantId":474,"groupId":8,"tagId":null,"entryListOrder":41,"identifier":"92","vehicleModel":"I20 R5","eligibility":"None","priority":"None","status":"NonStarter","tyreManufacturer":"Michelin"},{"driver":{"personId":5179,"countryId":110,"country":{"countryId":110,"name":"Italy","iso2":"IT","iso3":"ITA"},"firstName":"Giancarlo","lastName":"PUSCEDDU","abbvName":"G. PUSCEDDU","fullName":"Giancarlo PUSCEDDU","code":"PUS"},"codriver":{"personId":5180,"countryId":110,"country":{"countryId":110,"name":"Italy","iso2":"IT","iso3":"ITA"},"firstName":"Pietro Paolo","lastName":"COTTU","abbvName":"P. COTTU","fullName":"Pietro Paolo COTTU","code":"COT"},"manufacturer":{"manufacturerId":77,"name":"Skoda","logoFilename":"skoda"},"entrant":{"entrantId":1206,"name":"GIANCARLO PUSCEDDU","logoFilename":""},"group":{"groupId":8,"name":"R5"},"tag":null,"eventClasses":[{"eventClassId":480,"eventId":85,"name":"RC2"}],"entryId":19904,"eventId":85,"driverId":5179,"codriverId":5180,"manufacturerId":77,"entrantId":1206,"groupId":8,"tagId":null,"entryListOrder":42,"identifier":"93","vehicleModel":"FABIA R5","eligibility":"None","priority":"None","status":"Retired","tyreManufacturer":"Michelin"},{"driver":{"personId":2485,"countryId":110,"country":{"countryId":110,"name":"Italy","iso2":"IT","iso3":"ITA"},"firstName":"Giovanni","lastName":"BITTI","abbvName":"G. BITTI","fullName":"Giovanni BITTI","code":"BIT"},"codriver":{"personId":5181,"countryId":110,"country":{"countryId":110,"name":"Italy","iso2":"IT","iso3":"ITA"},"firstName":"Massimiliano","lastName":"FRAU","abbvName":"M. FRAU","fullName":"Massimiliano FRAU","code":"FRA"},"manufacturer":{"manufacturerId":77,"name":"Skoda","logoFilename":"skoda"},"entrant":{"entrantId":560,"name":"GIOVANNI BITTI","logoFilename":null},"group":{"groupId":8,"name":"R5"},"tag":null,"eventClasses":[{"eventClassId":480,"eventId":85,"name":"RC2"}],"entryId":19905,"eventId":85,"driverId":2485,"codriverId":5181,"manufacturerId":77,"entrantId":560,"groupId":8,"tagId":null,"entryListOrder":43,"identifier":"94","vehicleModel":"FABIA R5","eligibility":"None","priority":"None","status":"Retired","tyreManufacturer":"Michelin"},{"driver":{"personId":2493,"countryId":110,"country":{"countryId":110,"name":"Italy","iso2":"IT","iso3":"ITA"},"firstName":"Francesco","lastName":"MARRONE","abbvName":"F. MARRONE","fullName":"Francesco MARRONE","code":"MAR"},"codriver":{"personId":2494,"countryId":110,"country":{"countryId":110,"name":"Italy","iso2":"IT","iso3":"ITA"},"firstName":"Francesco","lastName":"FRESU","abbvName":"F. FRESU","fullName":"Francesco FRESU","code":"FRE"},"manufacturer":{"manufacturerId":65,"name":"Peugeot","logoFilename":"peugeot"},"entrant":{"entrantId":565,"name":"FRANCESCO MARRONE","logoFilename":null},"group":{"groupId":8,"name":"R5"},"tag":null,"eventClasses":[{"eventClassId":480,"eventId":85,"name":"RC2"}],"entryId":19906,"eventId":85,"driverId":2493,"codriverId":2494,"manufacturerId":65,"entrantId":565,"groupId":8,"tagId":null,"entryListOrder":44,"identifier":"95","vehicleModel":"208T16","eligibility":"None","priority":"None","status":"Rejoined","tyreManufacturer":"Michelin"},{"driver":{"personId":3152,"countryId":83,"country":{"countryId":83,"name":"Germany","iso2":"DE","iso3":"DEU"},"firstName":"Albert","lastName":"VON THURN UND TAXIS","abbvName":"A. VON THURN UND TAXIS","fullName":"Albert VON THURN UND TAXIS","code":"THU"},"codriver":{"personId":3155,"countryId":15,"country":{"countryId":15,"name":"Austria","iso2":"AT","iso3":"AUT"},"firstName":"Bernhard","lastName":"ETTEL","abbvName":"B. ETTEL","fullName":"Bernhard ETTEL","code":"ETT"},"manufacturer":{"manufacturerId":77,"name":"Skoda","logoFilename":"skoda"},"entrant":{"entrantId":644,"name":"ALBERT VON THURN UND TAXIS","logoFilename":null},"group":{"groupId":8,"name":"R5"},"tag":null,"eventClasses":[{"eventClassId":480,"eventId":85,"name":"RC2"}],"entryId":19907,"eventId":85,"driverId":3152,"codriverId":3155,"manufacturerId":77,"entrantId":644,"groupId":8,"tagId":null,"entryListOrder":45,"identifier":"96","vehicleModel":"FABIA R5","eligibility":"None","priority":"None","status":"Rejoined","tyreManufacturer":"Michelin"},{"driver":{"personId":5182,"countryId":110,"country":{"countryId":110,"name":"Italy","iso2":"IT","iso3":"ITA"},"firstName":"Pablo","lastName":"BIOLGHINI","abbvName":"P. BIOLGHINI","fullName":"Pablo BIOLGHINI","code":"BIO"},"codriver":{"personId":5183,"countryId":110,"country":{"countryId":110,"name":"Italy","iso2":"IT","iso3":"ITA"},"firstName":"Stefano","lastName":"PUDDA","abbvName":"S. PUDDA","fullName":"Stefano PUDDA","code":"PUD"},"manufacturer":{"manufacturerId":77,"name":"Skoda","logoFilename":"skoda"},"entrant":{"entrantId":1207,"name":"PABLO BIOLGHINI","logoFilename":""},"group":{"groupId":8,"name":"R5"},"tag":null,"eventClasses":[{"eventClassId":480,"eventId":85,"name":"RC2"}],"entryId":19908,"eventId":85,"driverId":5182,"codriverId":5183,"manufacturerId":77,"entrantId":1207,"groupId":8,"tagId":null,"entryListOrder":46,"identifier":"97","vehicleModel":"FABIA R5","eligibility":"None","priority":"None","status":"Retired","tyreManufacturer":"Michelin"},{"driver":{"personId":2481,"countryId":110,"country":{"countryId":110,"name":"Italy","iso2":"IT","iso3":"ITA"},"firstName":"Giuseppe","lastName":"DETTORI","abbvName":"G. DETTORI","fullName":"Giuseppe DETTORI","code":"DET"},"codriver":{"personId":2482,"countryId":110,"country":{"countryId":110,"name":"Italy","iso2":"IT","iso3":"ITA"},"firstName":"Carlo","lastName":"PISANO","abbvName":"C. PISANO","fullName":"Carlo PISANO","code":"PIS"},"manufacturer":{"manufacturerId":77,"name":"Skoda","logoFilename":"skoda"},"entrant":{"entrantId":559,"name":"GIUSEPPE DETTORI","logoFilename":null},"group":{"groupId":8,"name":"R5"},"tag":null,"eventClasses":[{"eventClassId":480,"eventId":85,"name":"RC2"}],"entryId":19909,"eventId":85,"driverId":2481,"codriverId":2482,"manufacturerId":77,"entrantId":559,"groupId":8,"tagId":null,"entryListOrder":47,"identifier":"98","vehicleModel":"FABIA R5","eligibility":"None","priority":"None","status":"Retired","tyreManufacturer":"Michelin"},{"driver":{"personId":5184,"countryId":110,"country":{"countryId":110,"name":"Italy","iso2":"IT","iso3":"ITA"},"firstName":"Simone","lastName":"CAMPEDELLI","abbvName":"S. CAMPEDELLI","fullName":"Simone CAMPEDELLI","code":"CAM"},"codriver":{"personId":5185,"countryId":110,"country":{"countryId":110,"name":"Italy","iso2":"IT","iso3":"ITA"},"firstName":"Tania","lastName":"CANTON","abbvName":"T. CANTON","fullName":"Tania CANTON","code":"CAN"},"manufacturer":{"manufacturerId":26,"name":"Ford","logoFilename":"ford"},"entrant":{"entrantId":1208,"name":"ORANGE 1 M-SPORT RALLY TEAM","logoFilename":""},"group":{"groupId":8,"name":"R5"},"tag":null,"eventClasses":[{"eventClassId":480,"eventId":85,"name":"RC2"}],"entryId":19910,"eventId":85,"driverId":5184,"codriverId":5185,"manufacturerId":26,"entrantId":1208,"groupId":8,"tagId":null,"entryListOrder":48,"identifier":"99","vehicleModel":"FIESTA R5","eligibility":"None","priority":"None","status":"Rejoined","tyreManufacturer":"Pirelli"},{"driver":{"personId":5186,"countryId":110,"country":{"countryId":110,"name":"Italy","iso2":"IT","iso3":"ITA"},"firstName":"Giandomenico","lastName":"BASSO","abbvName":"G. BASSO","fullName":"Giandomenico BASSO","code":"BAS"},"codriver":{"personId":4768,"countryId":110,"country":{"countryId":110,"name":"Italy","iso2":"IT","iso3":"ITA"},"firstName":"Lorenzo","lastName":"GRANAI","abbvName":"L. GRANAI","fullName":"Lorenzo GRANAI","code":"GRA"},"manufacturer":{"manufacturerId":77,"name":"Skoda","logoFilename":"skoda"},"entrant":{"entrantId":1209,"name":"LORAN SRL","logoFilename":""},"group":{"groupId":8,"name":"R5"},"tag":null,"eventClasses":[{"eventClassId":480,"eventId":85,"name":"RC2"}],"entryId":19911,"eventId":85,"driverId":5186,"codriverId":4768,"manufacturerId":77,"entrantId":1209,"groupId":8,"tagId":null,"entryListOrder":49,"identifier":"100","vehicleModel":"FABIA R5","eligibility":"None","priority":"None","status":"Entry","tyreManufacturer":"Michelin"},{"driver":{"personId":5187,"countryId":110,"country":{"countryId":110,"name":"Italy","iso2":"IT","iso3":"ITA"},"firstName":"Luca","lastName":"ROSSETTI","abbvName":"L. ROSSETTI","fullName":"Luca ROSSETTI","code":"ROS"},"codriver":{"personId":5188,"countryId":110,"country":{"countryId":110,"name":"Italy","iso2":"IT","iso3":"ITA"},"firstName":"Eleonora","lastName":"MORI","abbvName":"E. MORI","fullName":"Eleonora MORI","code":"MOR"},"manufacturer":{"manufacturerId":13,"name":"Citroen","logoFilename":"citroen"},"entrant":{"entrantId":1210,"name":"F.P.F. SPORT SRL","logoFilename":""},"group":{"groupId":8,"name":"R5"},"tag":null,"eventClasses":[{"eventClassId":480,"eventId":85,"name":"RC2"}],"entryId":19912,"eventId":85,"driverId":5187,"codriverId":5188,"manufacturerId":13,"entrantId":1210,"groupId":8,"tagId":null,"entryListOrder":50,"identifier":"101","vehicleModel":"C3 R5","eligibility":"None","priority":"None","status":"Entry","tyreManufacturer":"Pirelli"},{"driver":{"personId":5189,"countryId":110,"country":{"countryId":110,"name":"Italy","iso2":"IT","iso3":"ITA"},"firstName":"Andrea","lastName":"CRUGNOLA","abbvName":"A. CRUGNOLA","fullName":"Andrea CRUGNOLA","code":"CRU"},"codriver":{"personId":4723,"countryId":110,"country":{"countryId":110,"name":"Italy","iso2":"IT","iso3":"ITA"},"firstName":"Pietro Elia","lastName":"OMETTO","abbvName":"P. OMETTO","fullName":"Pietro Elia OMETTO","code":"OME"},"manufacturer":{"manufacturerId":77,"name":"Skoda","logoFilename":"skoda"},"entrant":{"entrantId":1211,"name":"ANDREA CRUGNOLA","logoFilename":""},"group":{"groupId":8,"name":"R5"},"tag":null,"eventClasses":[{"eventClassId":480,"eventId":85,"name":"RC2"}],"entryId":19913,"eventId":85,"driverId":5189,"codriverId":4723,"manufacturerId":77,"entrantId":1211,"groupId":8,"tagId":null,"entryListOrder":51,"identifier":"102","vehicleModel":"FABIA R5","eligibility":"None","priority":"None","status":"Out","tyreManufacturer":"Pirelli"},{"driver":{"personId":789,"countryId":110,"country":{"countryId":110,"name":"Italy","iso2":"IT","iso3":"ITA"},"firstName":"Umberto","lastName":"SCANDOLA","abbvName":"U. SCANDOLA","fullName":"Umberto SCANDOLA","code":"SCA"},"codriver":{"personId":557,"countryId":110,"country":{"countryId":110,"name":"Italy","iso2":"IT","iso3":"ITA"},"firstName":"Guido","lastName":"D'AMORE","abbvName":"G. D'AMORE","fullName":"Guido D'AMORE","code":"D'A"},"manufacturer":{"manufacturerId":33,"name":"Hyundai","logoFilename":"hyundai"},"entrant":{"entrantId":181,"name":"S.A. MOTORSPORT ITALIA SRL","logoFilename":null},"group":{"groupId":8,"name":"R5"},"tag":null,"eventClasses":[{"eventClassId":480,"eventId":85,"name":"RC2"}],"entryId":19914,"eventId":85,"driverId":789,"codriverId":557,"manufacturerId":33,"entrantId":181,"groupId":8,"tagId":null,"entryListOrder":52,"identifier":"103","vehicleModel":"I20 R5","eligibility":"None","priority":"None","status":"Retired","tyreManufacturer":"Michelin"},{"driver":{"personId":2487,"countryId":110,"country":{"countryId":110,"name":"Italy","iso2":"IT","iso3":"ITA"},"firstName":"Andrea","lastName":"DALMAZZINI","abbvName":"A. DALMAZZINI","fullName":"Andrea DALMAZZINI","code":"DAL"},"codriver":{"personId":2488,"countryId":110,"country":{"countryId":110,"name":"Italy","iso2":"IT","iso3":"ITA"},"firstName":"Giacomo","lastName":"CIUCCI","abbvName":"G. CIUCCI","fullName":"Giacomo CIUCCI","code":"CIU"},"manufacturer":{"manufacturerId":26,"name":"Ford","logoFilename":"ford"},"entrant":{"entrantId":561,"name":"ANDREA DALMAZZINI","logoFilename":null},"group":{"groupId":8,"name":"R5"},"tag":null,"eventClasses":[{"eventClassId":480,"eventId":85,"name":"RC2"}],"entryId":19915,"eventId":85,"driverId":2487,"codriverId":2488,"manufacturerId":26,"entrantId":561,"groupId":8,"tagId":null,"entryListOrder":53,"identifier":"104","vehicleModel":"FIESTA R5","eligibility":"None","priority":"None","status":"Retired","tyreManufacturer":"Michelin"},{"driver":{"personId":5190,"countryId":76,"country":{"countryId":76,"name":"France","iso2":"FR","iso3":"FRA"},"firstName":"Stephane George","lastName":"CONSANI","abbvName":"S. CONSANI","fullName":"Stephane George CONSANI","code":"CON"},"codriver":{"personId":5191,"countryId":76,"country":{"countryId":76,"name":"France","iso2":"FR","iso3":"FRA"},"firstName":"Thibault Jean","lastName":"DE LA HAYE","abbvName":"T. DE LA HAYE","fullName":"Thibault Jean DE LA HAYE","code":"DE "},"manufacturer":{"manufacturerId":77,"name":"Skoda","logoFilename":"skoda"},"entrant":{"entrantId":1212,"name":"STEPHANE GEORGE A. CONSANI","logoFilename":""},"group":{"groupId":8,"name":"R5"},"tag":null,"eventClasses":[{"eventClassId":480,"eventId":85,"name":"RC2"}],"entryId":19916,"eventId":85,"driverId":5190,"codriverId":5191,"manufacturerId":77,"entrantId":1212,"groupId":8,"tagId":null,"entryListOrder":54,"identifier":"105","vehicleModel":"FABIA R5","eligibility":"None","priority":"None","status":"Retired","tyreManufacturer":"Michelin"},{"driver":{"personId":5192,"countryId":110,"country":{"countryId":110,"name":"Italy","iso2":"IT","iso3":"ITA"},"firstName":"Nicolò","lastName":"MARCHIORO","abbvName":"N. MARCHIORO","fullName":"Nicolò MARCHIORO","code":"MAR"},"codriver":{"personId":5193,"countryId":110,"country":{"countryId":110,"name":"Italy","iso2":"IT","iso3":"ITA"},"firstName":"Marco","lastName":"MARCHETTI","abbvName":"M. MARCHETTI","fullName":"Marco MARCHETTI","code":"MAR"},"manufacturer":{"manufacturerId":77,"name":"Skoda","logoFilename":"skoda"},"entrant":{"entrantId":1213,"name":"NICOLO' MARCHIORO","logoFilename":""},"group":{"groupId":8,"name":"R5"},"tag":null,"eventClasses":[{"eventClassId":480,"eventId":85,"name":"RC2"}],"entryId":19917,"eventId":85,"driverId":5192,"codriverId":5193,"manufacturerId":77,"entrantId":1213,"groupId":8,"tagId":null,"entryListOrder":55,"identifier":"106","vehicleModel":"FABIA R5","eligibility":"None","priority":"None","status":"Retired","tyreManufacturer":"Michelin"},{"driver":{"personId":848,"countryId":110,"country":{"countryId":110,"name":"Italy","iso2":"IT","iso3":"ITA"},"firstName":"Luca","lastName":"HOELBLING","abbvName":"L. HOELBLING","fullName":"Luca HOELBLING","code":"HOE"},"codriver":{"personId":5244,"countryId":110,"country":{"countryId":110,"name":"Italy","iso2":"IT","iso3":"ITA"},"firstName":"Federico","lastName":"FIORINI","abbvName":"F. FIORINI","fullName":"Federico FIORINI","code":"ITA"},"manufacturer":{"manufacturerId":33,"name":"Hyundai","logoFilename":"hyundai"},"entrant":{"entrantId":1214,"name":"LUCA HOELBLING","logoFilename":""},"group":{"groupId":8,"name":"R5"},"tag":null,"eventClasses":[{"eventClassId":480,"eventId":85,"name":"RC2"}],"entryId":19918,"eventId":85,"driverId":848,"codriverId":5244,"manufacturerId":33,"entrantId":1214,"groupId":8,"tagId":null,"entryListOrder":56,"identifier":"107","vehicleModel":"I20 R5","eligibility":"None","priority":"None","status":"Retired","tyreManufacturer":"Michelin"},{"driver":{"personId":5194,"countryId":110,"country":{"countryId":110,"name":"Italy","iso2":"IT","iso3":"ITA"},"firstName":"Luciano","lastName":"COBBE","abbvName":"L. COBBE","fullName":"Luciano COBBE","code":"COB"},"codriver":{"personId":5195,"countryId":110,"country":{"countryId":110,"name":"Italy","iso2":"IT","iso3":"ITA"},"firstName":"Fabio","lastName":"TURCO","abbvName":"F. TURCO","fullName":"Fabio TURCO","code":"TUR"},"manufacturer":{"manufacturerId":77,"name":"Skoda","logoFilename":"skoda"},"entrant":{"entrantId":1215,"name":"LUCIANO COBBE","logoFilename":""},"group":{"groupId":8,"name":"R5"},"tag":null,"eventClasses":[{"eventClassId":480,"eventId":85,"name":"RC2"}],"entryId":19919,"eventId":85,"driverId":5194,"codriverId":5195,"manufacturerId":77,"entrantId":1215,"groupId":8,"tagId":null,"entryListOrder":57,"identifier":"108","vehicleModel":"FABIA R5","eligibility":"None","priority":"None","status":"Retired","tyreManufacturer":"Michelin"},{"driver":{"personId":5196,"countryId":110,"country":{"countryId":110,"name":"Italy","iso2":"IT","iso3":"ITA"},"firstName":"Giacomo","lastName":"COSTENARO","abbvName":"G. COSTENARO","fullName":"Giacomo COSTENARO","code":"COS"},"codriver":{"personId":5197,"countryId":110,"country":{"countryId":110,"name":"Italy","iso2":"IT","iso3":"ITA"},"firstName":"Justin","lastName":"BARDINI","abbvName":"J. BARDINI","fullName":"Justin BARDINI","code":"BAR"},"manufacturer":{"manufacturerId":77,"name":"Skoda","logoFilename":"skoda"},"entrant":{"entrantId":1216,"name":"GIACOMO COSTENARO","logoFilename":""},"group":{"groupId":8,"name":"R5"},"tag":null,"eventClasses":[{"eventClassId":480,"eventId":85,"name":"RC2"}],"entryId":19920,"eventId":85,"driverId":5196,"codriverId":5197,"manufacturerId":77,"entrantId":1216,"groupId":8,"tagId":null,"entryListOrder":58,"identifier":"109","vehicleModel":"FABIA R5","eligibility":"None","priority":"None","status":"Out","tyreManufacturer":"Michelin"},{"driver":{"personId":5198,"countryId":110,"country":{"countryId":110,"name":"Italy","iso2":"IT","iso3":"ITA"},"firstName":"Giovanni","lastName":"MANFRINATO","abbvName":"G. MANFRINATO","fullName":"Giovanni MANFRINATO","code":"MAN"},"codriver":{"personId":5199,"countryId":110,"country":{"countryId":110,"name":"Italy","iso2":"IT","iso3":"ITA"},"firstName":"Chiara","lastName":"CORSO","abbvName":"C. CORSO","fullName":"Chiara CORSO","code":"COR"},"manufacturer":{"manufacturerId":77,"name":"Skoda","logoFilename":"skoda"},"entrant":{"entrantId":1217,"name":"GIOVANNI MANFRINATO","logoFilename":""},"group":{"groupId":8,"name":"R5"},"tag":null,"eventClasses":[{"eventClassId":480,"eventId":85,"name":"RC2"}],"entryId":19921,"eventId":85,"driverId":5198,"codriverId":5199,"manufacturerId":77,"entrantId":1217,"groupId":8,"tagId":null,"entryListOrder":59,"identifier":"110","vehicleModel":"FABIA R5","eligibility":"None","priority":"None","status":"NonStarter","tyreManufacturer":"None"},{"driver":{"personId":5200,"countryId":110,"country":{"countryId":110,"name":"Italy","iso2":"IT","iso3":"ITA"},"firstName":"Alessio","lastName":"PROFETA","abbvName":"A. PROFETA","fullName":"Alessio PROFETA","code":"PRO"},"codriver":{"personId":5201,"countryId":110,"country":{"countryId":110,"name":"Italy","iso2":"IT","iso3":"ITA"},"firstName":"Sergio","lastName":"RACCUIA","abbvName":"S. RACCUIA","fullName":"Sergio RACCUIA","code":"RAC"},"manufacturer":{"manufacturerId":77,"name":"Skoda","logoFilename":"skoda"},"entrant":{"entrantId":1218,"name":"ALESSIO PROFETA","logoFilename":""},"group":{"groupId":8,"name":"R5"},"tag":null,"eventClasses":[{"eventClassId":480,"eventId":85,"name":"RC2"}],"entryId":19922,"eventId":85,"driverId":5200,"codriverId":5201,"manufacturerId":77,"entrantId":1218,"groupId":8,"tagId":null,"entryListOrder":60,"identifier":"111","vehicleModel":"FABIA R5","eligibility":"None","priority":"None","status":"Retired","tyreManufacturer":"Michelin"},{"driver":{"personId":5202,"countryId":110,"country":{"countryId":110,"name":"Italy","iso2":"IT","iso3":"ITA"},"firstName":"Massimo","lastName":"SQUARCIALUPI","abbvName":"M. SQUARCIALUPI","fullName":"Massimo SQUARCIALUPI","code":"SQU"},"codriver":{"personId":5203,"countryId":110,"country":{"countryId":110,"name":"Italy","iso2":"IT","iso3":"ITA"},"firstName":"Giovanni","lastName":"SQUARCIALUPI","abbvName":"G. SQUARCIALUPI","fullName":"Giovanni SQUARCIALUPI","code":"SQU"},"manufacturer":{"manufacturerId":26,"name":"Ford","logoFilename":"ford"},"entrant":{"entrantId":1219,"name":"MASSIMO SQUARCIALUPI","logoFilename":""},"group":{"groupId":8,"name":"R5"},"tag":null,"eventClasses":[{"eventClassId":480,"eventId":85,"name":"RC2"}],"entryId":19923,"eventId":85,"driverId":5202,"codriverId":5203,"manufacturerId":26,"entrantId":1219,"groupId":8,"tagId":null,"entryListOrder":61,"identifier":"112","vehicleModel":"FIESTA R5","eligibility":"None","priority":"None","status":"Retired","tyreManufacturer":"Michelin"},{"driver":{"personId":5204,"countryId":110,"country":{"countryId":110,"name":"Italy","iso2":"IT","iso3":"ITA"},"firstName":"Francesco","lastName":"TALI","abbvName":"F. TALI","fullName":"Francesco TALI","code":"TAL"},"codriver":{"personId":2496,"countryId":110,"country":{"countryId":110,"name":"Italy","iso2":"IT","iso3":"ITA"},"firstName":"Fabio","lastName":"SALIS","abbvName":"F. SALIS","fullName":"Fabio SALIS","code":"SAL"},"manufacturer":{"manufacturerId":26,"name":"Ford","logoFilename":"ford"},"entrant":{"entrantId":1220,"name":"FRANCESCO TALI","logoFilename":""},"group":{"groupId":8,"name":"R5"},"tag":null,"eventClasses":[{"eventClassId":480,"eventId":85,"name":"RC2"}],"entryId":19924,"eventId":85,"driverId":5204,"codriverId":2496,"manufacturerId":26,"entrantId":1220,"groupId":8,"tagId":null,"entryListOrder":62,"identifier":"113","vehicleModel":"FIESTA R5","eligibility":"None","priority":"None","status":"Retired","tyreManufacturer":"Michelin"},{"driver":{"personId":5205,"countryId":110,"country":{"countryId":110,"name":"Italy","iso2":"IT","iso3":"ITA"},"firstName":"Mattia","lastName":"CODATO","abbvName":"M. CODATO","fullName":"Mattia CODATO","code":"COD"},"codriver":{"personId":5206,"countryId":110,"country":{"countryId":110,"name":"Italy","iso2":"IT","iso3":"ITA"},"firstName":"Christian","lastName":"DINALE","abbvName":"C. DINALE","fullName":"Christian DINALE","code":"DIN"},"manufacturer":{"manufacturerId":59,"name":"Mitsubishi","logoFilename":"mitsubishi"},"entrant":{"entrantId":1221,"name":"MATTIA CODATO","logoFilename":""},"group":{"groupId":67,"name":""},"tag":null,"eventClasses":[{"eventClassId":482,"eventId":85,"name":"NAT 4"}],"entryId":19925,"eventId":85,"driverId":5205,"codriverId":5206,"manufacturerId":59,"entrantId":1221,"groupId":67,"tagId":null,"entryListOrder":63,"identifier":"114","vehicleModel":"EVO X","eligibility":"None","priority":"None","status":"Retired","tyreManufacturer":"Michelin"},{"driver":{"personId":5207,"countryId":110,"country":{"countryId":110,"name":"Italy","iso2":"IT","iso3":"ITA"},"firstName":"James","lastName":"BARDINI","abbvName":"J. BARDINI","fullName":"James BARDINI","code":"BAR"},"codriver":{"personId":5208,"countryId":110,"country":{"countryId":110,"name":"Italy","iso2":"IT","iso3":"ITA"},"firstName":"Barbara","lastName":"BOGONI","abbvName":"B. BOGONI","fullName":"Barbara BOGONI","code":"BOG"},"manufacturer":{"manufacturerId":59,"name":"Mitsubishi","logoFilename":"mitsubishi"},"entrant":{"entrantId":1222,"name":"JAMES BARDINI","logoFilename":""},"group":{"groupId":67,"name":""},"tag":null,"eventClasses":[{"eventClassId":482,"eventId":85,"name":"NAT 4"}],"entryId":19926,"eventId":85,"driverId":5207,"codriverId":5208,"manufacturerId":59,"entrantId":1222,"groupId":67,"tagId":null,"entryListOrder":64,"identifier":"115","vehicleModel":"EVO VII","eligibility":"None","priority":"None","status":"Retired","tyreManufacturer":"Michelin"},{"driver":{"personId":5209,"countryId":216,"country":{"countryId":216,"name":"Switzerland","iso2":"CH","iso3":"CHE"},"firstName":"Luca","lastName":"MASPOLI","abbvName":"L. MASPOLI","fullName":"Luca MASPOLI","code":"MAS"},"codriver":{"personId":1800,"countryId":216,"country":{"countryId":216,"name":"Switzerland","iso2":"CH","iso3":"CHE"},"firstName":"Marco","lastName":"MENCHINI","abbvName":"M. MENCHINI","fullName":"Marco MENCHINI","code":"MEN"},"manufacturer":{"manufacturerId":59,"name":"Mitsubishi","logoFilename":"mitsubishi"},"entrant":{"entrantId":1223,"name":"LUCA MASPOLI","logoFilename":""},"group":{"groupId":67,"name":""},"tag":null,"eventClasses":[{"eventClassId":482,"eventId":85,"name":"NAT 4"}],"entryId":19927,"eventId":85,"driverId":5209,"codriverId":1800,"manufacturerId":59,"entrantId":1223,"groupId":67,"tagId":null,"entryListOrder":65,"identifier":"116","vehicleModel":"EVO IX","eligibility":"None","priority":"None","status":"Rejoined","tyreManufacturer":"Michelin"},{"driver":{"personId":5210,"countryId":110,"country":{"countryId":110,"name":"Italy","iso2":"IT","iso3":"ITA"},"firstName":"Giuseppe","lastName":"MESSORI","abbvName":"G. MESSORI","fullName":"Giuseppe MESSORI","code":"MES"},"codriver":{"personId":5211,"countryId":110,"country":{"countryId":110,"name":"Italy","iso2":"IT","iso3":"ITA"},"firstName":"Guido","lastName":"PULICI","abbvName":"G. PULICI","fullName":"Guido PULICI","code":"PUL"},"manufacturer":{"manufacturerId":59,"name":"Mitsubishi","logoFilename":"mitsubishi"},"entrant":{"entrantId":1224,"name":"GIUSEPPE MESSORI","logoFilename":""},"group":{"groupId":67,"name":""},"tag":null,"eventClasses":[{"eventClassId":482,"eventId":85,"name":"NAT 4"}],"entryId":19928,"eventId":85,"driverId":5210,"codriverId":5211,"manufacturerId":59,"entrantId":1224,"groupId":67,"tagId":null,"entryListOrder":66,"identifier":"117","vehicleModel":"EVO X","eligibility":"None","priority":"None","status":"Retired","tyreManufacturer":"Michelin"},{"driver":{"personId":5212,"countryId":110,"country":{"countryId":110,"name":"Italy","iso2":"IT","iso3":"ITA"},"firstName":"Gabriele","lastName":"CAMPAGNOLI","abbvName":"G. CAMPAGNOLI","fullName":"Gabriele CAMPAGNOLI","code":"CAM"},"codriver":{"personId":804,"countryId":110,"country":{"countryId":110,"name":"Italy","iso2":"IT","iso3":"ITA"},"firstName":"Nicola","lastName":"ARENA","abbvName":"N. ARENA","fullName":"Nicola ARENA","code":"ARE"},"manufacturer":{"manufacturerId":81,"name":"Subaru","logoFilename":"subaru"},"entrant":{"entrantId":1225,"name":"GABRIELE CAMPAGNOLI","logoFilename":""},"group":{"groupId":67,"name":""},"tag":null,"eventClasses":[{"eventClassId":482,"eventId":85,"name":"NAT 4"}],"entryId":19929,"eventId":85,"driverId":5212,"codriverId":804,"manufacturerId":81,"entrantId":1225,"groupId":67,"tagId":null,"entryListOrder":67,"identifier":"118","vehicleModel":"IMPREZA N15","eligibility":"None","priority":"None","status":"Retired","tyreManufacturer":"Michelin"},{"driver":{"personId":2505,"countryId":110,"country":{"countryId":110,"name":"Italy","iso2":"IT","iso3":"ITA"},"firstName":"Tommaso","lastName":"CIUFFI","abbvName":"T. CIUFFI","fullName":"Tommaso CIUFFI","code":"CIU"},"codriver":{"personId":5213,"countryId":110,"country":{"countryId":110,"name":"Italy","iso2":"IT","iso3":"ITA"},"firstName":"Nicolò","lastName":"GONNELLA","abbvName":"N. GONNELLA","fullName":"Nicolò GONNELLA","code":"GON"},"manufacturer":{"manufacturerId":65,"name":"Peugeot","logoFilename":"peugeot"},"entrant":{"entrantId":1210,"name":"F.P.F. SPORT SRL","logoFilename":""},"group":{"groupId":4,"name":"R2"},"tag":null,"eventClasses":[{"eventClassId":481,"eventId":85,"name":"RC4"}],"entryId":19930,"eventId":85,"driverId":2505,"codriverId":5213,"manufacturerId":65,"entrantId":1210,"groupId":4,"tagId":null,"entryListOrder":68,"identifier":"119","vehicleModel":"208","eligibility":"None","priority":"None","status":"Retired","tyreManufacturer":"Michelin"},{"driver":{"personId":5214,"countryId":110,"country":{"countryId":110,"name":"Italy","iso2":"IT","iso3":"ITA"},"firstName":"Marco","lastName":"POLLARA","abbvName":"M. POLLARA","fullName":"Marco POLLARA","code":"POL"},"codriver":{"personId":5215,"countryId":110,"country":{"countryId":110,"name":"Italy","iso2":"IT","iso3":"ITA"},"firstName":"David","lastName":"CASTIGLIONI","abbvName":"D. CASTIGLIONI","fullName":"David CASTIGLIONI","code":"CAS"},"manufacturer":{"manufacturerId":26,"name":"Ford","logoFilename":"ford"},"entrant":{"entrantId":1226,"name":"MARCO POLLARA","logoFilename":""},"group":{"groupId":4,"name":"R2"},"tag":null,"eventClasses":[{"eventClassId":481,"eventId":85,"name":"RC4"}],"entryId":19931,"eventId":85,"driverId":5214,"codriverId":5215,"manufacturerId":26,"entrantId":1226,"groupId":4,"tagId":null,"entryListOrder":69,"identifier":"120","vehicleModel":"FIESTA R2","eligibility":"None","priority":"None","status":"Entry","tyreManufacturer":"Michelin"},{"driver":{"personId":5216,"countryId":110,"country":{"countryId":110,"name":"Italy","iso2":"IT","iso3":"ITA"},"firstName":"Andrea","lastName":"MAZZOCCHI","abbvName":"A. MAZZOCCHI","fullName":"Andrea MAZZOCCHI","code":"MAZ"},"codriver":{"personId":5217,"countryId":110,"country":{"countryId":110,"name":"Italy","iso2":"IT","iso3":"ITA"},"firstName":"Silvia","lastName":"GALLOTTI","abbvName":"S. GALLOTTI","fullName":"Silvia GALLOTTI","code":"GAL"},"manufacturer":{"manufacturerId":26,"name":"Ford","logoFilename":"ford"},"entrant":{"entrantId":1227,"name":"ANDREA MAZZOCCHI","logoFilename":""},"group":{"groupId":4,"name":"R2"},"tag":null,"eventClasses":[{"eventClassId":481,"eventId":85,"name":"RC4"}],"entryId":19932,"eventId":85,"driverId":5216,"codriverId":5217,"manufacturerId":26,"entrantId":1227,"groupId":4,"tagId":null,"entryListOrder":70,"identifier":"121","vehicleModel":"FIESTA R2","eligibility":"None","priority":"None","status":"Retired","tyreManufacturer":"Michelin"},{"driver":{"personId":5218,"countryId":110,"country":{"countryId":110,"name":"Italy","iso2":"IT","iso3":"ITA"},"firstName":"Mattia","lastName":"VITA","abbvName":"M. VITA","fullName":"Mattia VITA","code":"VIT"},"codriver":{"personId":5219,"countryId":110,"country":{"countryId":110,"name":"Italy","iso2":"IT","iso3":"ITA"},"firstName":"Massimiliano","lastName":"BOSI","abbvName":"M. BOSI","fullName":"Massimiliano BOSI","code":"BOS"},"manufacturer":{"manufacturerId":26,"name":"Ford","logoFilename":"ford"},"entrant":{"entrantId":1228,"name":"MATTIA VITA","logoFilename":""},"group":{"groupId":4,"name":"R2"},"tag":null,"eventClasses":[{"eventClassId":481,"eventId":85,"name":"RC4"}],"entryId":19933,"eventId":85,"driverId":5218,"codriverId":5219,"manufacturerId":26,"entrantId":1228,"groupId":4,"tagId":null,"entryListOrder":71,"identifier":"122","vehicleModel":"FIESTA R2","eligibility":"None","priority":"None","status":"Retired","tyreManufacturer":"Michelin"},{"driver":{"personId":5220,"countryId":110,"country":{"countryId":110,"name":"Italy","iso2":"IT","iso3":"ITA"},"firstName":"Giuseppe","lastName":"TESTA","abbvName":"G. TESTA","fullName":"Giuseppe TESTA","code":"TES"},"codriver":{"personId":5221,"countryId":110,"country":{"countryId":110,"name":"Italy","iso2":"IT","iso3":"ITA"},"firstName":"Massimo","lastName":"BIZZOCCHI","abbvName":"M. BIZZOCCHI","fullName":"Massimo BIZZOCCHI","code":"BIZ"},"manufacturer":{"manufacturerId":26,"name":"Ford","logoFilename":"ford"},"entrant":{"entrantId":1229,"name":"GIUSEPPE TESTA","logoFilename":""},"group":{"groupId":4,"name":"R2"},"tag":null,"eventClasses":[{"eventClassId":481,"eventId":85,"name":"RC4"}],"entryId":19934,"eventId":85,"driverId":5220,"codriverId":5221,"manufacturerId":26,"entrantId":1229,"groupId":4,"tagId":null,"entryListOrder":72,"identifier":"123","vehicleModel":"FIESTA R2","eligibility":"None","priority":"None","status":"Retired","tyreManufacturer":"Michelin"},{"driver":{"personId":5222,"countryId":110,"country":{"countryId":110,"name":"Italy","iso2":"IT","iso3":"ITA"},"firstName":"Giorgio","lastName":"BERNARDI","abbvName":"G. BERNARDI","fullName":"Giorgio BERNARDI","code":"BER"},"codriver":{"personId":2511,"countryId":110,"country":{"countryId":110,"name":"Italy","iso2":"IT","iso3":"ITA"},"firstName":"Giulia","lastName":"ZANCHETTA","abbvName":"G. ZANCHETTA","fullName":"Giulia ZANCHETTA","code":"ZAN"},"manufacturer":{"manufacturerId":26,"name":"Ford","logoFilename":"ford"},"entrant":{"entrantId":1230,"name":"GIORGIO BERNARDI","logoFilename":""},"group":{"groupId":4,"name":"R2"},"tag":null,"eventClasses":[{"eventClassId":481,"eventId":85,"name":"RC4"}],"entryId":19935,"eventId":85,"driverId":5222,"codriverId":2511,"manufacturerId":26,"entrantId":1230,"groupId":4,"tagId":null,"entryListOrder":73,"identifier":"124","vehicleModel":"FIESTA R2","eligibility":"None","priority":"None","status":"Retired","tyreManufacturer":"Michelin"},{"driver":{"personId":821,"countryId":110,"country":{"countryId":110,"name":"Italy","iso2":"IT","iso3":"ITA"},"firstName":"Luca","lastName":"BOTTARELLI","abbvName":"L. BOTTARELLI","fullName":"Luca BOTTARELLI","code":"BOT"},"codriver":{"personId":4741,"countryId":110,"country":{"countryId":110,"name":"Italy","iso2":"IT","iso3":"ITA"},"firstName":"Fabio","lastName":"GRIMALDI","abbvName":"F. GRIMALDI","fullName":"Fabio GRIMALDI","code":"GRI"},"manufacturer":{"manufacturerId":26,"name":"Ford","logoFilename":"ford"},"entrant":{"entrantId":1231,"name":"LUCA BOTTARELLI","logoFilename":""},"group":{"groupId":4,"name":"R2"},"tag":null,"eventClasses":[{"eventClassId":481,"eventId":85,"name":"RC4"}],"entryId":19936,"eventId":85,"driverId":821,"codriverId":4741,"manufacturerId":26,"entrantId":1231,"groupId":4,"tagId":null,"entryListOrder":74,"identifier":"125","vehicleModel":"FIESTA R2","eligibility":"None","priority":"None","status":"Retired","tyreManufacturer":"Michelin"},{"driver":{"personId":5223,"countryId":110,"country":{"countryId":110,"name":"Italy","iso2":"IT","iso3":"ITA"},"firstName":"Pasquale","lastName":"PUCELLA","abbvName":"P. PUCELLA","fullName":"Pasquale PUCELLA","code":"PUC"},"codriver":{"personId":5224,"countryId":110,"country":{"countryId":110,"name":"Italy","iso2":"IT","iso3":"ITA"},"firstName":"Davide","lastName":"GEREMIA","abbvName":"D. GEREMIA","fullName":"Davide GEREMIA","code":"GER"},"manufacturer":{"manufacturerId":26,"name":"Ford","logoFilename":"ford"},"entrant":{"entrantId":1232,"name":"PASQUALE PUCELLA","logoFilename":""},"group":{"groupId":4,"name":"R2"},"tag":null,"eventClasses":[{"eventClassId":481,"eventId":85,"name":"RC4"}],"entryId":19937,"eventId":85,"driverId":5223,"codriverId":5224,"manufacturerId":26,"entrantId":1232,"groupId":4,"tagId":null,"entryListOrder":75,"identifier":"126","vehicleModel":"FIESTA R2","eligibility":"None","priority":"None","status":"Retired","tyreManufacturer":"Michelin"},{"driver":{"personId":5225,"countryId":110,"country":{"countryId":110,"name":"Italy","iso2":"IT","iso3":"ITA"},"firstName":"Michele","lastName":"LICERI","abbvName":"M. LICERI","fullName":"Michele LICERI","code":"LIC"},"codriver":{"personId":5226,"countryId":110,"country":{"countryId":110,"name":"Italy","iso2":"IT","iso3":"ITA"},"firstName":"Salvatore Giulio","lastName":"MENDOLA","abbvName":"S. MENDOLA","fullName":"Salvatore Giulio MENDOLA","code":"MEN"},"manufacturer":{"manufacturerId":65,"name":"Peugeot","logoFilename":"peugeot"},"entrant":{"entrantId":1233,"name":"MICHELE LICERI","logoFilename":""},"group":{"groupId":4,"name":"R2"},"tag":null,"eventClasses":[{"eventClassId":481,"eventId":85,"name":"RC4"}],"entryId":19938,"eventId":85,"driverId":5225,"codriverId":5226,"manufacturerId":65,"entrantId":1233,"groupId":4,"tagId":null,"entryListOrder":76,"identifier":"127","vehicleModel":"208 R2","eligibility":"None","priority":"None","status":"Entry","tyreManufacturer":"Michelin"},{"driver":{"personId":5227,"countryId":110,"country":{"countryId":110,"name":"Italy","iso2":"IT","iso3":"ITA"},"firstName":"Fabio","lastName":"BATTILANI","abbvName":"F. BATTILANI","fullName":"Fabio BATTILANI","code":"BAT"},"codriver":{"personId":5228,"countryId":110,"country":{"countryId":110,"name":"Italy","iso2":"IT","iso3":"ITA"},"firstName":"Jasmine","lastName":"MANFREDI","abbvName":"J. MANFREDI","fullName":"Jasmine MANFREDI","code":"MAN"},"manufacturer":{"manufacturerId":65,"name":"Peugeot","logoFilename":"peugeot"},"entrant":{"entrantId":1234,"name":"FABIO BATTILANI","logoFilename":""},"group":{"groupId":4,"name":"R2"},"tag":null,"eventClasses":[{"eventClassId":481,"eventId":85,"name":"RC4"}],"entryId":19939,"eventId":85,"driverId":5227,"codriverId":5228,"manufacturerId":65,"entrantId":1234,"groupId":4,"tagId":null,"entryListOrder":77,"identifier":"128","vehicleModel":"208 R2","eligibility":"None","priority":"None","status":"Retired","tyreManufacturer":"Michelin"},{"driver":{"personId":5229,"countryId":110,"country":{"countryId":110,"name":"Italy","iso2":"IT","iso3":"ITA"},"firstName":"Andrea","lastName":"GALLU","abbvName":"A. GALLU","fullName":"Andrea GALLU","code":"GAL"},"codriver":{"personId":5230,"countryId":110,"country":{"countryId":110,"name":"Italy","iso2":"IT","iso3":"ITA"},"firstName":"Giuseppe","lastName":"PIRISINU","abbvName":"G. PIRISINU","fullName":"Giuseppe PIRISINU","code":"PIR"},"manufacturer":{"manufacturerId":65,"name":"Peugeot","logoFilename":"peugeot"},"entrant":{"entrantId":1235,"name":"ANDREA GALLU","logoFilename":""},"group":{"groupId":4,"name":"R2"},"tag":null,"eventClasses":[{"eventClassId":481,"eventId":85,"name":"RC4"}],"entryId":19940,"eventId":85,"driverId":5229,"codriverId":5230,"manufacturerId":65,"entrantId":1235,"groupId":4,"tagId":null,"entryListOrder":78,"identifier":"129","vehicleModel":"208 R2","eligibility":"None","priority":"None","status":"Entry","tyreManufacturer":"Michelin"},{"driver":{"personId":5231,"countryId":110,"country":{"countryId":110,"name":"Italy","iso2":"IT","iso3":"ITA"},"firstName":"","lastName":"BARONE JR.","abbvName":". BARONE JR.","fullName":" BARONE JR.","code":"BAR"},"codriver":{"personId":5232,"countryId":110,"country":{"countryId":110,"name":"Italy","iso2":"IT","iso3":"ITA"},"firstName":"Simona","lastName":"RIGHETTI","abbvName":"S. RIGHETTI","fullName":"Simona RIGHETTI","code":"RIG"},"manufacturer":{"manufacturerId":65,"name":"Peugeot","logoFilename":"peugeot"},"entrant":{"entrantId":1236,"name":"\"BARONE JR\"","logoFilename":""},"group":{"groupId":4,"name":"R2"},"tag":null,"eventClasses":[{"eventClassId":481,"eventId":85,"name":"RC4"}],"entryId":19941,"eventId":85,"driverId":5231,"codriverId":5232,"manufacturerId":65,"entrantId":1236,"groupId":4,"tagId":null,"entryListOrder":79,"identifier":"130","vehicleModel":"208","eligibility":"None","priority":"None","status":"Retired","tyreManufacturer":"Michelin"},{"driver":{"personId":4708,"countryId":110,"country":{"countryId":110,"name":"Italy","iso2":"IT","iso3":"ITA"},"firstName":"Rachele","lastName":"SOMASCHINI","abbvName":"R. SOMASCHINI","fullName":"Rachele SOMASCHINI","code":"SOM"},"codriver":{"personId":4709,"countryId":110,"country":{"countryId":110,"name":"Italy","iso2":"IT","iso3":"ITA"},"firstName":"Sergio","lastName":"MARCHETTI","abbvName":"S. MARCHETTI","fullName":"Sergio MARCHETTI","code":"MAR"},"manufacturer":{"manufacturerId":13,"name":"Citroen","logoFilename":"citroen"},"entrant":{"entrantId":1237,"name":"RACHELE SOMASCHINI","logoFilename":""},"group":{"groupId":6,"name":"R3"},"tag":null,"eventClasses":[{"eventClassId":483,"eventId":85,"name":"RC3"}],"entryId":19942,"eventId":85,"driverId":4708,"codriverId":4709,"manufacturerId":13,"entrantId":1237,"groupId":6,"tagId":null,"entryListOrder":80,"identifier":"131","vehicleModel":"DS3","eligibility":"None","priority":"None","status":"NonStarter","tyreManufacturer":"None"},{"driver":{"personId":2503,"countryId":110,"country":{"countryId":110,"name":"Italy","iso2":"IT","iso3":"ITA"},"firstName":"Gianluca","lastName":"LEONI","abbvName":"G. LEONI","fullName":"Gianluca LEONI","code":"LEO"},"codriver":{"personId":5233,"countryId":110,"country":{"countryId":110,"name":"Italy","iso2":"IT","iso3":"ITA"},"firstName":"Nicola","lastName":"TOCCO","abbvName":"N. TOCCO","fullName":"Nicola TOCCO","code":"TOC"},"manufacturer":{"manufacturerId":69,"name":"Renault","logoFilename":"renault"},"entrant":{"entrantId":570,"name":"GIANLUCA LEONI","logoFilename":null},"group":{"groupId":6,"name":"R3"},"tag":null,"eventClasses":[{"eventClassId":483,"eventId":85,"name":"RC3"}],"entryId":19943,"eventId":85,"driverId":2503,"codriverId":5233,"manufacturerId":69,"entrantId":570,"groupId":6,"tagId":null,"entryListOrder":81,"identifier":"132","vehicleModel":"CLIO RS","eligibility":"None","priority":"None","status":"Retired","tyreManufacturer":"Michelin"},{"driver":{"personId":608,"countryId":110,"country":{"countryId":110,"name":"Italy","iso2":"IT","iso3":"ITA"},"firstName":"Andrea","lastName":"COTI ZELATI","abbvName":"A. COTI ZELATI","fullName":"Andrea COTI ZELATI","code":"COT"},"codriver":{"personId":4710,"countryId":110,"country":{"countryId":110,"name":"Italy","iso2":"IT","iso3":"ITA"},"firstName":"Emanuela","lastName":"REVELLO","abbvName":"E. REVELLO","fullName":"Emanuela REVELLO","code":"REV"},"manufacturer":{"manufacturerId":13,"name":"Citroen","logoFilename":"citroen"},"entrant":{"entrantId":1238,"name":"ANDREA COTI ZELATI","logoFilename":""},"group":{"groupId":6,"name":"R3"},"tag":null,"eventClasses":[{"eventClassId":483,"eventId":85,"name":"RC3"}],"entryId":19944,"eventId":85,"driverId":608,"codriverId":4710,"manufacturerId":13,"entrantId":1238,"groupId":6,"tagId":null,"entryListOrder":82,"identifier":"133","vehicleModel":"DS3","eligibility":"None","priority":"None","status":"Retired","tyreManufacturer":"Michelin"},{"driver":{"personId":4676,"countryId":76,"country":{"countryId":76,"name":"France","iso2":"FR","iso3":"FRA"},"firstName":"Adrien","lastName":"FOURMAUX","abbvName":"A. FOURMAUX","fullName":"Adrien FOURMAUX","code":"FOU"},"codriver":{"personId":4677,"countryId":22,"country":{"countryId":22,"name":"Belgium","iso2":"BE","iso3":"BEL"},"firstName":"Renaud","lastName":"JAMOUL","abbvName":"R. JAMOUL","fullName":"Renaud JAMOUL","code":"JAM"},"manufacturer":{"manufacturerId":26,"name":"Ford","logoFilename":"ford"},"entrant":{"entrantId":1032,"name":"ADRIEN FOURMAUX","logoFilename":""},"group":{"groupId":4,"name":"R2"},"tag":null,"eventClasses":[{"eventClassId":481,"eventId":85,"name":"RC4"}],"entryId":19945,"eventId":85,"driverId":4676,"codriverId":4677,"manufacturerId":26,"entrantId":1032,"groupId":4,"tagId":null,"entryListOrder":83,"identifier":"134","vehicleModel":"FIESTA R2","eligibility":"None","priority":"None","status":"Rejoined","tyreManufacturer":"Michelin"},{"driver":{"personId":5234,"countryId":110,"country":{"countryId":110,"name":"Italy","iso2":"IT","iso3":"ITA"},"firstName":"Alessandro","lastName":"LEONI","abbvName":"A. LEONI","fullName":"Alessandro LEONI","code":"LEO"},"codriver":{"personId":2504,"countryId":110,"country":{"countryId":110,"name":"Italy","iso2":"IT","iso3":"ITA"},"firstName":"Loretta","lastName":"ARCA","abbvName":"L. ARCA","fullName":"Loretta ARCA","code":"ARC"},"manufacturer":{"manufacturerId":65,"name":"Peugeot","logoFilename":"peugeot"},"entrant":{"entrantId":1239,"name":"ALESSANDRO LEONI","logoFilename":""},"group":{"groupId":4,"name":"R2"},"tag":null,"eventClasses":[{"eventClassId":481,"eventId":85,"name":"RC4"}],"entryId":19946,"eventId":85,"driverId":5234,"codriverId":2504,"manufacturerId":65,"entrantId":1239,"groupId":4,"tagId":null,"entryListOrder":84,"identifier":"135","vehicleModel":"208 R2","eligibility":"None","priority":"None","status":"Rejoined","tyreManufacturer":"Michelin"},{"driver":{"personId":626,"countryId":110,"country":{"countryId":110,"name":"Italy","iso2":"IT","iso3":"ITA"},"firstName":"Carlo","lastName":"COVI","abbvName":"C. COVI","fullName":"Carlo COVI","code":"COV"},"codriver":{"personId":2507,"countryId":110,"country":{"countryId":110,"name":"Italy","iso2":"IT","iso3":"ITA"},"firstName":"Giorgio","lastName":"CAMPESAN","abbvName":"G. CAMPESAN","fullName":"Giorgio CAMPESAN","code":"CAM"},"manufacturer":{"manufacturerId":65,"name":"Peugeot","logoFilename":"peugeot"},"entrant":{"entrantId":572,"name":"CARLO COVI","logoFilename":null},"group":{"groupId":4,"name":"R2"},"tag":null,"eventClasses":[{"eventClassId":481,"eventId":85,"name":"RC4"}],"entryId":19947,"eventId":85,"driverId":626,"codriverId":2507,"manufacturerId":65,"entrantId":572,"groupId":4,"tagId":null,"entryListOrder":85,"identifier":"136","vehicleModel":"208 R2","eligibility":"None","priority":"None","status":"Retired","tyreManufacturer":"Michelin"},{"driver":{"personId":2508,"countryId":110,"country":{"countryId":110,"name":"Italy","iso2":"IT","iso3":"ITA"},"firstName":"Giovanni","lastName":"MARTINEZ","abbvName":"G. MARTINEZ","fullName":"Giovanni MARTINEZ","code":"MAR"},"codriver":{"personId":2509,"countryId":110,"country":{"countryId":110,"name":"Italy","iso2":"IT","iso3":"ITA"},"firstName":"Marco","lastName":"DEMONTIS","abbvName":"M. DEMONTIS","fullName":"Marco DEMONTIS","code":"DEM"},"manufacturer":{"manufacturerId":26,"name":"Ford","logoFilename":"ford"},"entrant":{"entrantId":573,"name":"GIOVANNI MARTINEZ","logoFilename":null},"group":{"groupId":4,"name":"R2"},"tag":null,"eventClasses":[{"eventClassId":481,"eventId":85,"name":"RC4"}],"entryId":19948,"eventId":85,"driverId":2508,"codriverId":2509,"manufacturerId":26,"entrantId":573,"groupId":4,"tagId":null,"entryListOrder":86,"identifier":"137","vehicleModel":"FIESTA R2","eligibility":"None","priority":"None","status":"Entry","tyreManufacturer":"Michelin"},{"driver":{"personId":5235,"countryId":110,"country":{"countryId":110,"name":"Italy","iso2":"IT","iso3":"ITA"},"firstName":"Massimiliano","lastName":"PEDALA'","abbvName":"M. PEDALA'","fullName":"Massimiliano PEDALA'","code":"PED"},"codriver":{"personId":5236,"countryId":110,"country":{"countryId":110,"name":"Italy","iso2":"IT","iso3":"ITA"},"firstName":"Christian","lastName":"POLLINI","abbvName":"C. POLLINI","fullName":"Christian POLLINI","code":"POL"},"manufacturer":{"manufacturerId":65,"name":"Peugeot","logoFilename":"peugeot"},"entrant":{"entrantId":1240,"name":"MASSIMILIANO PEDALA'","logoFilename":""},"group":{"groupId":4,"name":"R2"},"tag":null,"eventClasses":[{"eventClassId":481,"eventId":85,"name":"RC4"}],"entryId":19949,"eventId":85,"driverId":5235,"codriverId":5236,"manufacturerId":65,"entrantId":1240,"groupId":4,"tagId":null,"entryListOrder":87,"identifier":"140","vehicleModel":"208 R2","eligibility":"None","priority":"None","status":"Rejoined","tyreManufacturer":"Michelin"},{"driver":{"personId":5237,"countryId":173,"country":{"countryId":173,"name":"Paraguay","iso2":"PY","iso3":"PRY"},"firstName":"Miguel","lastName":"ZALDIVAR ZUCOLILLO","abbvName":"M. ZALDIVAR ZUCOLILLO","fullName":"Miguel ZALDIVAR ZUCOLILLO","code":"ZAL"},"codriver":{"personId":5238,"countryId":173,"country":{"countryId":173,"name":"Paraguay","iso2":"PY","iso3":"PRY"},"firstName":"Hernan","lastName":"VARGAS PENA GILL","abbvName":"H. VARGAS PENA GILL","fullName":"Hernan VARGAS PENA GILL","code":"VAR"},"manufacturer":{"manufacturerId":26,"name":"Ford","logoFilename":"ford"},"entrant":{"entrantId":1241,"name":"MIGUEL ZALDIVAR ZUCOLILLO","logoFilename":""},"group":{"groupId":4,"name":"R2"},"tag":null,"eventClasses":[{"eventClassId":481,"eventId":85,"name":"RC4"}],"entryId":19950,"eventId":85,"driverId":5237,"codriverId":5238,"manufacturerId":26,"entrantId":1241,"groupId":4,"tagId":null,"entryListOrder":88,"identifier":"141","vehicleModel":"FIESTA R2","eligibility":"None","priority":"None","status":"Retired","tyreManufacturer":"Michelin"},{"driver":{"personId":5239,"countryId":110,"country":{"countryId":110,"name":"Italy","iso2":"IT","iso3":"ITA"},"firstName":"Pietro Domenico","lastName":"SOMEDA","abbvName":"P. SOMEDA","fullName":"Pietro Domenico SOMEDA","code":"SOM"},"codriver":{"personId":4572,"countryId":110,"country":{"countryId":110,"name":"Italy","iso2":"IT","iso3":"ITA"},"firstName":"Simone","lastName":"ANGI","abbvName":"S. ANGI","fullName":"Simone ANGI","code":"ANG"},"manufacturer":{"manufacturerId":65,"name":"Peugeot","logoFilename":"peugeot"},"entrant":{"entrantId":1242,"name":"PIETRO DOMENICO SOMEDA","logoFilename":""},"group":{"groupId":4,"name":"R2"},"tag":null,"eventClasses":[{"eventClassId":481,"eventId":85,"name":"RC4"}],"entryId":19951,"eventId":85,"driverId":5239,"codriverId":4572,"manufacturerId":65,"entrantId":1242,"groupId":4,"tagId":null,"entryListOrder":89,"identifier":"142","vehicleModel":"208 R2","eligibility":"None","priority":"None","status":"Retired","tyreManufacturer":"Michelin"},{"driver":{"personId":2510,"countryId":110,"country":{"countryId":110,"name":"Italy","iso2":"IT","iso3":"ITA"},"firstName":"Sebastiano","lastName":"CIATO","abbvName":"S. CIATO","fullName":"Sebastiano CIATO","code":"CIA"},"codriver":{"personId":5240,"countryId":110,"country":{"countryId":110,"name":"Italy","iso2":"IT","iso3":"ITA"},"firstName":"Andrea","lastName":"BUDOIA","abbvName":"A. BUDOIA","fullName":"Andrea BUDOIA","code":"BUD"},"manufacturer":{"manufacturerId":65,"name":"Peugeot","logoFilename":"peugeot"},"entrant":{"entrantId":574,"name":"SEBASTIANO CIATO","logoFilename":null},"group":{"groupId":4,"name":"R2"},"tag":null,"eventClasses":[{"eventClassId":481,"eventId":85,"name":"RC4"}],"entryId":19952,"eventId":85,"driverId":2510,"codriverId":5240,"manufacturerId":65,"entrantId":574,"groupId":4,"tagId":null,"entryListOrder":90,"identifier":"143","vehicleModel":"208 R2","eligibility":"None","priority":"None","status":"Entry","tyreManufacturer":"Michelin"},{"driver":{"personId":5241,"countryId":110,"country":{"countryId":110,"name":"Italy","iso2":"IT","iso3":"ITA"},"firstName":"Wiliam","lastName":"TONINELLI","abbvName":"W. TONINELLI","fullName":"Wiliam TONINELLI","code":"TON"},"codriver":{"personId":5242,"countryId":110,"country":{"countryId":110,"name":"Italy","iso2":"IT","iso3":"ITA"},"firstName":"Cinzia","lastName":"TOMASI","abbvName":"C. TOMASI","fullName":"Cinzia TOMASI","code":"TOM"},"manufacturer":{"manufacturerId":69,"name":"Renault","logoFilename":"renault"},"entrant":{"entrantId":1243,"name":"WILIAM TONINELLI","logoFilename":""},"group":{"groupId":4,"name":"R2"},"tag":null,"eventClasses":[{"eventClassId":481,"eventId":85,"name":"RC4"}],"entryId":19953,"eventId":85,"driverId":5241,"codriverId":5242,"manufacturerId":69,"entrantId":1243,"groupId":4,"tagId":null,"entryListOrder":91,"identifier":"144","vehicleModel":"TWINGO R2","eligibility":"None","priority":"None","status":"Entry","tyreManufacturer":"Michelin"},{"driver":{"personId":2071,"countryId":11,"country":{"countryId":11,"name":"Argentina","iso2":"AR","iso3":"ARG"},"firstName":"Sergio Emiliano","lastName":"BIONDI","abbvName":"S. BIONDI","fullName":"Sergio Emiliano BIONDI","code":"BIO"},"codriver":{"personId":5243,"countryId":11,"country":{"countryId":11,"name":"Argentina","iso2":"AR","iso3":"ARG"},"firstName":"Gaston","lastName":"ARGUELLO","abbvName":"G. ARGUELLO","fullName":"Gaston ARGUELLO","code":"ARG"},"manufacturer":{"manufacturerId":13,"name":"Citroen","logoFilename":"citroen"},"entrant":{"entrantId":442,"name":"SERGIO EMILIANO BIONDI","logoFilename":null},"group":{"groupId":3,"name":"R1"},"tag":null,"eventClasses":[{"eventClassId":484,"eventId":85,"name":"RC5"}],"entryId":19954,"eventId":85,"driverId":2071,"codriverId":5243,"manufacturerId":13,"entrantId":442,"groupId":3,"tagId":null,"entryListOrder":92,"identifier":"145","vehicleModel":"DS3 R1","eligibility":"None","priority":"None","status":"Retired","tyreManufacturer":"Michelin"},{"driver":{"personId":2499,"countryId":110,"country":{"countryId":110,"name":"Italy","iso2":"IT","iso3":"ITA"},"firstName":"Giovanni","lastName":"DI LUIGI","abbvName":"G. DI LUIGI","fullName":"Giovanni DI LUIGI","code":"DI "},"codriver":{"personId":2500,"countryId":110,"country":{"countryId":110,"name":"Italy","iso2":"IT","iso3":"ITA"},"firstName":"Barbara","lastName":"DIODATO","abbvName":"B. DIODATO","fullName":"Barbara DIODATO","code":"DIO"},"manufacturer":{"manufacturerId":65,"name":"Peugeot","logoFilename":"peugeot"},"entrant":{"entrantId":568,"name":"GIOVANNI DI LUIGI","logoFilename":null},"group":{"groupId":1,"name":"None"},"tag":null,"eventClasses":[{"eventClassId":485,"eventId":85,"name":"NAT2"}],"entryId":19955,"eventId":85,"driverId":2499,"codriverId":2500,"manufacturerId":65,"entrantId":568,"groupId":1,"tagId":null,"entryListOrder":93,"identifier":"146","vehicleModel":"106","eligibility":"None","priority":"None","status":"NonStarter","tyreManufacturer":"Michelin"},{"driver":{"personId":2512,"countryId":110,"country":{"countryId":110,"name":"Italy","iso2":"IT","iso3":"ITA"},"firstName":"Raffaele","lastName":"DONADIO","abbvName":"R. DONADIO","fullName":"Raffaele DONADIO","code":"DON"},"codriver":{"personId":609,"countryId":110,"country":{"countryId":110,"name":"Italy","iso2":"IT","iso3":"ITA"},"firstName":"Giovanni","lastName":"BARBARO","abbvName":"G. BARBARO","fullName":"Giovanni BARBARO","code":"BAR"},"manufacturer":{"manufacturerId":13,"name":"Citroen","logoFilename":"citroen"},"entrant":{"entrantId":575,"name":"RAFFAELE DONADIO","logoFilename":null},"group":{"groupId":3,"name":"R1"},"tag":null,"eventClasses":[{"eventClassId":484,"eventId":85,"name":"RC5"}],"entryId":19956,"eventId":85,"driverId":2512,"codriverId":609,"manufacturerId":13,"entrantId":575,"groupId":3,"tagId":null,"entryListOrder":94,"identifier":"147","vehicleModel":"DS3 R1","eligibility":"None","priority":"None","status":"Rejoined","tyreManufacturer":"Michelin"}]