[{"entryId":19714,"stageTimeMs":8528200,"stageTime":"PT2H22M8.2S","penaltyTimeMs":0,"penaltyTime":"PT0S","totalTimeMs":8528200,"totalTime":"PT2H22M8.2S","position":1,"diffFirstMs":0,"diffFirst":"PT0S","diffPrevMs":0,"diffPrev":"PT0S"},{"entryId":19716,"stageTimeMs":8543400,"stageTime":"PT2H22M23.4S","penaltyTimeMs":0,"penaltyTime":"PT0S","totalTimeMs":8543400,"totalTime":"PT2H22M23.4S","position":2,"diffFirstMs":15200,"diffFirst":"PT15.2S","diffPrevMs":15200,"diffPrev":"PT15.2S"},{"entryId":19715,"stageTimeMs":8550100,"stageTime":"PT2H22M30.1S","penaltyTimeMs":0,"penaltyTime":"PT0S","totalTimeMs":8550100,"totalTime":"PT2H22M30.1S","position":3,"diffFirstMs":21900,"diffFirst":"PT21.9S","diffPrevMs":6700,"diffPrev":"PT6.7S"},{"entryId":19713,"stageTimeMs":8558400,"stageTime":"PT2H22M38.4S","penaltyTimeMs":0,"penaltyTime":"PT0S","totalTimeMs":8558400,"totalTime":"PT2H22M38.4S","position":4,"diffFirstMs":30200,"diffFirst":"PT30.2S","diffPrevMs":8300,"diffPrev":"PT8.3S"},{"entryId":19720,"stageTimeMs":8593400,"stageTime":"PT2H23M13.4S","penaltyTimeMs":0,"penaltyTime":"PT0S","totalTimeMs":8593400,"totalTime":"PT2H23M13.4S","position":5,"diffFirstMs":65200,"diffFirst":"PT1M5.2S","diffPrevMs":35000,"diffPrev":"PT35S"},{"entryId":19719,"stageTimeMs":8632400,"stageTime":"PT2H23M52.4S","penaltyTimeMs":0,"penaltyTime":"PT0S","totalTimeMs":8632400,"totalTime":"PT2H23M52.4S","position":6,"diffFirstMs":104200,"diffFirst":"PT1M44.2S","diffPrevMs":39000,"diffPrev":"PT39S"},{"entryId":19721,"stageTimeMs":8645000,"stageTime":"PT2H24M5S","penaltyTimeMs":0,"penaltyTime":"PT0S","totalTimeMs":8645000,"totalTime":"PT2H24M5S","position":7,"diffFirstMs":116800,"diffFirst":"PT1M56.8S","diffPrevMs":12600,"diffPrev":"PT12.6S"},{"entryId":19723,"stageTimeMs":8714200,"stageTime":"PT2H25M14.2S","penaltyTimeMs":0,"penaltyTime":"PT0S","totalTimeMs":8714200,"totalTime":"PT2H25M14.2S","position":8,"diffFirstMs":186000,"diffFirst":"PT3M6S","diffPrevMs":69200,"diffPrev":"PT1M9.2S"},{"entryId":19717,"stageTimeMs":8892400,"stageTime":"PT2H28M12.4S","penaltyTimeMs":0,"penaltyTime":"PT0S","totalTimeMs":8892400,"totalTime":"PT2H28M12.4S","position":9,"diffFirstMs":364200,"diffFirst":"PT6M4.2S","diffPrevMs":178200,"diffPrev":"PT2M58.2S"},{"entryId":19726,"stageTimeMs":8985700,"stageTime":"PT2H29M45.7S","penaltyTimeMs":0,"penaltyTime":"PT0S","totalTimeMs":8985700,"totalTime":"PT2H29M45.7S","position":10,"diffFirstMs":457500,"diffFirst":"PT7M37.5S","diffPrevMs":93300,"diffPrev":"PT1M33.3S"},{"entryId":19727,"stageTimeMs":9032100,"stageTime":"PT2H30M32.1S","penaltyTimeMs":0,"penaltyTime":"PT0S","totalTimeMs":9032100,"totalTime":"PT2H30M32.1S","position":11,"diffFirstMs":503900,"diffFirst":"PT8M23.9S","diffPrevMs":46400,"diffPrev":"PT46.4S"},{"entryId":19737,"stageTimeMs":9045500,"stageTime":"PT2H30M45.5S","penaltyTimeMs":0,"penaltyTime":"PT0S","totalTimeMs":9045500,"totalTime":"PT2H30M45.5S","position":12,"diffFirstMs":517300,"diffFirst":"PT8M37.3S","diffPrevMs":13400,"diffPrev":"PT13.4S"},{"entryId":19742,"stageTimeMs":9134000,"stageTime":"PT2H32M14S","penaltyTimeMs":0,"penaltyTime":"PT0S","totalTimeMs":9134000,"totalTime":"PT2H32M14S","position":13,"diffFirstMs":605800,"diffFirst":"PT10M5.8S","diffPrevMs":88500,"diffPrev":"PT1M28.5S"},{"entryId":19733,"stageTimeMs":9158800,"stageTime":"PT2H32M38.8S","penaltyTimeMs":0,"penaltyTime":"PT0S","totalTimeMs":9158800,"totalTime":"PT2H32M38.8S","position":14,"diffFirstMs":630600,"diffFirst":"PT10M30.6S","diffPrevMs":24800,"diffPrev":"PT24.8S"},{"entryId":19735,"stageTimeMs":9186400,"stageTime":"PT2H33M6.4S","penaltyTimeMs":0,"penaltyTime":"PT0S","totalTimeMs":9186400,"totalTime":"PT2H33M6.4S","position":15,"diffFirstMs":658200,"diffFirst":"PT10M58.2S","diffPrevMs":27600,"diffPrev":"PT27.6S"},{"entryId":19731,"stageTimeMs":9209400,"stageTime":"PT2H33M29.4S","penaltyTimeMs":0,"penaltyTime":"PT0S","totalTimeMs":9209400,"totalTime":"PT2H33M29.4S","position":16,"diffFirstMs":681200,"diffFirst":"PT11M21.2S","diffPrevMs":23000,"diffPrev":"PT23S"},{"entryId":19728,"stageTimeMs":9225900,"stageTime":"PT2H33M45.9S","penaltyTimeMs":10000,"penaltyTime":"PT10S","totalTimeMs":9235900,"totalTime":"PT2H33M55.9S","position":17,"diffFirstMs":707700,"diffFirst":"PT11M47.7S","diffPrevMs":26500,"diffPrev":"PT26.5S"},{"entryId":19741,"stageTimeMs":9305300,"stageTime":"PT2H35M5.3S","penaltyTimeMs":0,"penaltyTime":"PT0S","totalTimeMs":9305300,"totalTime":"PT2H35M5.3S","position":18,"diffFirstMs":777100,"diffFirst":"PT12M57.1S","diffPrevMs":69400,"diffPrev":"PT1M9.4S"},{"entryId":19732,"stageTimeMs":9328500,"stageTime":"PT2H35M28.5S","penaltyTimeMs":0,"penaltyTime":"PT0S","totalTimeMs":9328500,"totalTime":"PT2H35M28.5S","position":19,"diffFirstMs":800300,"diffFirst":"PT13M20.3S","diffPrevMs":23200,"diffPrev":"PT23.2S"},{"entryId":19745,"stageTimeMs":9397000,"stageTime":"PT2H36M37S","penaltyTimeMs":0,"penaltyTime":"PT0S","totalTimeMs":9397000,"totalTime":"PT2H36M37S","position":20,"diffFirstMs":868800,"diffFirst":"PT14M28.8S","diffPrevMs":68500,"diffPrev":"PT1M8.5S"},{"entryId":19734,"stageTimeMs":9409400,"stageTime":"PT2H36M49.4S","penaltyTimeMs":0,"penaltyTime":"PT0S","totalTimeMs":9409400,"totalTime":"PT2H36M49.4S","position":21,"diffFirstMs":881200,"diffFirst":"PT14M41.2S","diffPrevMs":12400,"diffPrev":"PT12.4S"},{"entryId":19739,"stageTimeMs":9498500,"stageTime":"PT2H38M18.5S","penaltyTimeMs":0,"penaltyTime":"PT0S","totalTimeMs":9498500,"totalTime":"PT2H38M18.5S","position":22,"diffFirstMs":970300,"diffFirst":"PT16M10.3S","diffPrevMs":89100,"diffPrev":"PT1M29.1S"},{"entryId":19729,"stageTimeMs":9534500,"stageTime":"PT2H38M54.5S","penaltyTimeMs":0,"penaltyTime":"PT0S","totalTimeMs":9534500,"totalTime":"PT2H38M54.5S","position":23,"diffFirstMs":1006300,"diffFirst":"PT16M46.3S","diffPrevMs":36000,"diffPrev":"PT36S"},{"entryId":19747,"stageTimeMs":9670600,"stageTime":"PT2H41M10.6S","penaltyTimeMs":0,"penaltyTime":"PT0S","totalTimeMs":9670600,"totalTime":"PT2H41M10.6S","position":24,"diffFirstMs":1142400,"diffFirst":"PT19M2.4S","diffPrevMs":136100,"diffPrev":"PT2M16.1S"},{"entryId":19718,"stageTimeMs":9583200,"stageTime":"PT2H39M43.2S","penaltyTimeMs":290000,"penaltyTime":"PT4M50S","totalTimeMs":9873200,"totalTime":"PT2H44M33.2S","position":25,"diffFirstMs":1345000,"diffFirst":"PT22M25S","diffPrevMs":202600,"diffPrev":"PT3M22.6S"},{"entryId":19743,"stageTimeMs":9878700,"stageTime":"PT2H44M38.7S","penaltyTimeMs":0,"penaltyTime":"PT0S","totalTimeMs":9878700,"totalTime":"PT2H44M38.7S","position":26,"diffFirstMs":1350500,"diffFirst":"PT22M30.5S","diffPrevMs":5500,"diffPrev":"PT5.5S"},{"entryId":19748,"stageTimeMs":9941300,"stageTime":"PT2H45M41.3S","penaltyTimeMs":0,"penaltyTime":"PT0S","totalTimeMs":9941300,"totalTime":"PT2H45M41.3S","position":27,"diffFirstMs":1413100,"diffFirst":"PT23M33.1S","diffPrevMs":62600,"diffPrev":"PT1M2.6S"},{"entryId":19722,"stageTimeMs":9748200,"stageTime":"PT2H42M28.2S","penaltyTimeMs":290000,"penaltyTime":"PT4M50S","totalTimeMs":10038200,"totalTime":"PT2H47M18.2S","position":28,"diffFirstMs":1510000,"diffFirst":"PT25M10S","diffPrevMs":96900,"diffPrev":"PT1M36.9S"},{"entryId":19724,"stageTimeMs":9894300,"stageTime":"PT2H44M54.3S","penaltyTimeMs":250000,"penaltyTime":"PT4M10S","totalTimeMs":10144300,"totalTime":"PT2H49M4.3S","position":29,"diffFirstMs":1616100,"diffFirst":"PT26M56.1S","diffPrevMs":106100,"diffPrev":"PT1M46.1S"},{"entryId":19750,"stageTimeMs":10157300,"stageTime":"PT2H49M17.3S","penaltyTimeMs":0,"penaltyTime":"PT0S","totalTimeMs":10157300,"totalTime":"PT2H49M17.3S","position":30,"diffFirstMs":1629100,"diffFirst":"PT27M9.1S","diffPrevMs":13000,"diffPrev":"PT13S"},{"entryId":19736,"stageTimeMs":10155700,"stageTime":"PT2H49M15.7S","penaltyTimeMs":10000,"penaltyTime":"PT10S","totalTimeMs":10165700,"totalTime":"PT2H49M25.7S","position":31,"diffFirstMs":1637500,"diffFirst":"PT27M17.5S","diffPrevMs":8400,"diffPrev":"PT8.4S"},{"entryId":19770,"stageTimeMs":10354200,"stageTime":"PT2H52M34.2S","penaltyTimeMs":0,"penaltyTime":"PT0S","totalTimeMs":10354200,"totalTime":"PT2H52M34.2S","position":32,"diffFirstMs":1826000,"diffFirst":"PT30M26S","diffPrevMs":188500,"diffPrev":"PT3M8.5S"},{"entryId":19725,"stageTimeMs":10405200,"stageTime":"PT2H53M25.2S","penaltyTimeMs":0,"penaltyTime":"PT0S","totalTimeMs":10405200,"totalTime":"PT2H53M25.2S","position":33,"diffFirstMs":1877000,"diffFirst":"PT31M17S","diffPrevMs":51000,"diffPrev":"PT51S"},{"entryId":19758,"stageTimeMs":10440400,"stageTime":"PT2H54M0.4S","penaltyTimeMs":0,"penaltyTime":"PT0S","totalTimeMs":10440400,"totalTime":"PT2H54M0.4S","position":34,"diffFirstMs":1912200,"diffFirst":"PT31M52.2S","diffPrevMs":35200,"diffPrev":"PT35.2S"},{"entryId":19749,"stageTimeMs":10417800,"stageTime":"PT2H53M37.8S","penaltyTimeMs":40000,"penaltyTime":"PT40S","totalTimeMs":10457800,"totalTime":"PT2H54M17.8S","position":35,"diffFirstMs":1929600,"diffFirst":"PT32M9.6S","diffPrevMs":17400,"diffPrev":"PT17.4S"},{"entryId":19754,"stageTimeMs":11553600,"stageTime":"PT3H12M33.6S","penaltyTimeMs":0,"penaltyTime":"PT0S","totalTimeMs":11553600,"totalTime":"PT3H12M33.6S","position":36,"diffFirstMs":3025400,"diffFirst":"PT50M25.4S","diffPrevMs":1095800,"diffPrev":"PT18M15.8S"},{"entryId":19765,"stageTimeMs":11657000,"stageTime":"PT3H14M17S","penaltyTimeMs":0,"penaltyTime":"PT0S","totalTimeMs":11657000,"totalTime":"PT3H14M17S","position":37,"diffFirstMs":3128800,"diffFirst":"PT52M8.8S","diffPrevMs":103400,"diffPrev":"PT1M43.4S"},{"entryId":19769,"stageTimeMs":11995100,"stageTime":"PT3H19M55.1S","penaltyTimeMs":0,"penaltyTime":"PT0S","totalTimeMs":11995100,"totalTime":"PT3H19M55.1S","position":38,"diffFirstMs":3466900,"diffFirst":"PT57M46.9S","diffPrevMs":338100,"diffPrev":"PT5M38.1S"},{"entryId":19752,"stageTimeMs":12821100,"stageTime":"PT3H33M41.1S","penaltyTimeMs":70000,"penaltyTime":"PT1M10S","totalTimeMs":12891100,"totalTime":"PT3H34M51.1S","position":39,"diffFirstMs":4362900,"diffFirst":"PT1H12M42.9S","diffPrevMs":896000,"diffPrev":"PT14M56S"},{"entryId":19756,"stageTimeMs":14350200,"stageTime":"PT3H59M10.2S","penaltyTimeMs":0,"penaltyTime":"PT0S","totalTimeMs":14350200,"totalTime":"PT3H59M10.2S","position":40,"diffFirstMs":5822000,"diffFirst":"PT1H37M2S","diffPrevMs":1459100,"diffPrev":"PT24M19.1S"}]