[{"driver":{"personId":670,"countryId":76,"country":{"countryId":76,"name":"France","iso2":"FR","iso3":"FRA"},"firstName":"Sébastien","lastName":"OGIER","abbvName":"S. OGIER","fullName":"Sébastien OGIER","code":"OGI"},"codriver":{"personId":3027,"countryId":76,"country":{"countryId":76,"name":"France","iso2":"FR","iso3":"FRA"},"firstName":"Julien","lastName":"INGRASSIA","abbvName":"J. INGRASSIA","fullName":"Julien INGRASSIA","code":"ING"},"manufacturer":{"manufacturerId":13,"name":"Citroen","logoFilename":"citroen"},"entrant":{"entrantId":965,"name":"CITROEN TOTAL WRT","logoFilename":""},"group":{"groupId":10,"name":"WRC"},"tag":null,"eventClasses":[{"eventClassId":515,"eventId":88,"name":"RC1"}],"entryId":20172,"eventId":88,"driverId":670,"codriverId":3027,"manufacturerId":13,"entrantId":965,"groupId":10,"tagId":null,"entryListOrder":1,"identifier":"1","vehicleModel":"C3 WRC","eligibility":"M","priority":"P1","status":"Entry","tyreManufacturer":"Michelin"},{"driver":{"personId":566,"countryId":75,"country":{"countryId":75,"name":"Finland","iso2":"FI","iso3":"FIN"},"firstName":"Teemu","lastName":"SUNINEN","abbvName":"T. SUNINEN","fullName":"Teemu SUNINEN","code":"SUN"},"codriver":{"personId":2470,"countryId":75,"country":{"countryId":75,"name":"Finland","iso2":"FI","iso3":"FIN"},"firstName":"Jarmo","lastName":"LEHTINEN","abbvName":"J. LEHTINEN","fullName":"Jarmo LEHTINEN","code":"LEH"},"manufacturer":{"manufacturerId":26,"name":"Ford","logoFilename":"ford"},"entrant":{"entrantId":94,"name":"M-SPORT FORD WORLD RALLY TEAM","logoFilename":null},"group":{"groupId":10,"name":"WRC"},"tag":null,"eventClasses":[{"eventClassId":515,"eventId":88,"name":"RC1"}],"entryId":20173,"eventId":88,"driverId":566,"codriverId":2470,"manufacturerId":26,"entrantId":94,"groupId":10,"tagId":null,"entryListOrder":2,"identifier":"3","vehicleModel":"Fiesta WRC","eligibility":"M","priority":"P1","status":"Entry","tyreManufacturer":"Michelin"},{"driver":{"personId":548,"countryId":75,"country":{"countryId":75,"name":"Finland","iso2":"FI","iso3":"FIN"},"firstName":"Esapekka","lastName":"LAPPI","abbvName":"E. LAPPI","fullName":"Esapekka LAPPI","code":"LAP"},"codriver":{"personId":549,"countryId":75,"country":{"countryId":75,"name":"Finland","iso2":"FI","iso3":"FIN"},"firstName":"Janne","lastName":"FERM","abbvName":"J. FERM","fullName":"Janne FERM","code":"FER"},"manufacturer":{"manufacturerId":13,"name":"Citroen","logoFilename":"citroen"},"entrant":{"entrantId":965,"name":"CITROEN TOTAL WRT","logoFilename":""},"group":{"groupId":10,"name":"WRC"},"tag":null,"eventClasses":[{"eventClassId":515,"eventId":88,"name":"RC1"}],"entryId":20174,"eventId":88,"driverId":548,"codriverId":549,"manufacturerId":13,"entrantId":965,"groupId":10,"tagId":null,"entryListOrder":3,"identifier":"4","vehicleModel":"C3 WRC","eligibility":"M","priority":"P1","status":"Entry","tyreManufacturer":"Michelin"},{"driver":{"personId":550,"countryId":235,"country":{"countryId":235,"name":"United Kingdom of Great Britain and Northern Ireland","iso2":"GB","iso3":"GBR"},"firstName":"Kris","lastName":"MEEKE","abbvName":"K. MEEKE","fullName":"Kris MEEKE","code":"MEE"},"codriver":{"personId":765,"countryId":235,"country":{"countryId":235,"name":"United Kingdom of Great Britain and Northern Ireland","iso2":"GB","iso3":"GBR"},"firstName":"Sebastian","lastName":"MARSHALL","abbvName":"S. MARSHALL","fullName":"Sebastian MARSHALL","code":"MAR"},"manufacturer":{"manufacturerId":84,"name":"Toyota","logoFilename":"toyota"},"entrant":{"entrantId":91,"name":"TOYOTA GAZOO RACING WRT","logoFilename":null},"group":{"groupId":10,"name":"WRC"},"tag":null,"eventClasses":[{"eventClassId":515,"eventId":88,"name":"RC1"}],"entryId":20175,"eventId":88,"driverId":550,"codriverId":765,"manufacturerId":84,"entrantId":91,"groupId":10,"tagId":null,"entryListOrder":4,"identifier":"5","vehicleModel":"Yaris WRC","eligibility":"M","priority":"P1","status":"Entry","tyreManufacturer":"Michelin"},{"driver":{"personId":542,"countryId":209,"country":{"countryId":209,"name":"Spain","iso2":"ES","iso3":"ESP"},"firstName":"Dani","lastName":"SORDO","abbvName":"D. SORDO","fullName":"Dani SORDO","code":"SOR"},"codriver":{"personId":543,"countryId":209,"country":{"countryId":209,"name":"Spain","iso2":"ES","iso3":"ESP"},"firstName":"Carlos","lastName":"DEL BARRIO","abbvName":"C. DEL BARRIO","fullName":"Carlos DEL BARRIO","code":"DEL"},"manufacturer":{"manufacturerId":33,"name":"Hyundai","logoFilename":"hyundai"},"entrant":{"entrantId":166,"name":"HYUNDAI SHELL MOBIS WORLD RALLY TEAM","logoFilename":null},"group":{"groupId":10,"name":"WRC"},"tag":null,"eventClasses":[{"eventClassId":515,"eventId":88,"name":"RC1"}],"entryId":20176,"eventId":88,"driverId":542,"codriverId":543,"manufacturerId":33,"entrantId":166,"groupId":10,"tagId":null,"entryListOrder":5,"identifier":"6","vehicleModel":"i20 Coupe WRC","eligibility":"M","priority":"P1","status":"Entry","tyreManufacturer":"Michelin"},{"driver":{"personId":2084,"countryId":215,"country":{"countryId":215,"name":"Sweden","iso2":"SE","iso3":"SWE"},"firstName":"Pontus","lastName":"TIDEMAND","abbvName":"P. TIDEMAND","fullName":"Pontus TIDEMAND","code":"TID"},"codriver":{"personId":1812,"countryId":166,"country":{"countryId":166,"name":"Norway","iso2":"NO","iso3":"NOR"},"firstName":"Ola","lastName":"FLOENE","abbvName":"O. FLOENE","fullName":"Ola FLOENE","code":"FLO"},"manufacturer":{"manufacturerId":26,"name":"Ford","logoFilename":"ford"},"entrant":{"entrantId":94,"name":"M-SPORT FORD WORLD RALLY TEAM","logoFilename":null},"group":{"groupId":10,"name":"WRC"},"tag":null,"eventClasses":[{"eventClassId":515,"eventId":88,"name":"RC1"}],"entryId":20177,"eventId":88,"driverId":2084,"codriverId":1812,"manufacturerId":26,"entrantId":94,"groupId":10,"tagId":null,"entryListOrder":6,"identifier":"7","vehicleModel":"Fiesta WRC","eligibility":"M","priority":"P1","status":"Entry","tyreManufacturer":"Michelin"},{"driver":{"personId":524,"countryId":70,"country":{"countryId":70,"name":"Estonia","iso2":"EE","iso3":"EST"},"firstName":"Ott","lastName":"TÄNAK","abbvName":"O. TÄNAK","fullName":"Ott TÄNAK","code":"TÄN"},"codriver":{"personId":525,"countryId":70,"country":{"countryId":70,"name":"Estonia","iso2":"EE","iso3":"EST"},"firstName":"Martin","lastName":"JÄRVEOJA","abbvName":"M. JÄRVEOJA","fullName":"Martin JÄRVEOJA","code":"JAR"},"manufacturer":{"manufacturerId":84,"name":"Toyota","logoFilename":"toyota"},"entrant":{"entrantId":91,"name":"TOYOTA GAZOO RACING WRT","logoFilename":null},"group":{"groupId":10,"name":"WRC"},"tag":null,"eventClasses":[{"eventClassId":515,"eventId":88,"name":"RC1"}],"entryId":20178,"eventId":88,"driverId":524,"codriverId":525,"manufacturerId":84,"entrantId":91,"groupId":10,"tagId":null,"entryListOrder":7,"identifier":"8","vehicleModel":"Yaris WRC","eligibility":"M","priority":"P1","status":"Rejoined","tyreManufacturer":"Michelin"},{"driver":{"personId":526,"countryId":75,"country":{"countryId":75,"name":"Finland","iso2":"FI","iso3":"FIN"},"firstName":"Jari-Matti","lastName":"LATVALA","abbvName":"J. LATVALA","fullName":"Jari-Matti LATVALA","code":"LAT"},"codriver":{"personId":1244,"countryId":75,"country":{"countryId":75,"name":"Finland","iso2":"FI","iso3":"FIN"},"firstName":"Miikka","lastName":"ANTTILA","abbvName":"M. ANTTILA","fullName":"Miikka ANTTILA","code":"ANT"},"manufacturer":{"manufacturerId":84,"name":"Toyota","logoFilename":"toyota"},"entrant":{"entrantId":91,"name":"TOYOTA GAZOO RACING WRT","logoFilename":null},"group":{"groupId":10,"name":"WRC"},"tag":null,"eventClasses":[{"eventClassId":515,"eventId":88,"name":"RC1"}],"entryId":20179,"eventId":88,"driverId":526,"codriverId":1244,"manufacturerId":84,"entrantId":91,"groupId":10,"tagId":null,"entryListOrder":8,"identifier":"10","vehicleModel":"Yaris WRC","eligibility":"M","priority":"P1","status":"Entry","tyreManufacturer":"Michelin"},{"driver":{"personId":762,"countryId":22,"country":{"countryId":22,"name":"Belgium","iso2":"BE","iso3":"BEL"},"firstName":"Thierry","lastName":"NEUVILLE","abbvName":"T. NEUVILLE","fullName":"Thierry NEUVILLE","code":"NEU"},"codriver":{"personId":4883,"countryId":22,"country":{"countryId":22,"name":"Belgium","iso2":"BE","iso3":"BEL"},"firstName":"Nicolas","lastName":"GILSOUL","abbvName":"N. GILSOUL","fullName":"Nicolas GILSOUL","code":"GIL"},"manufacturer":{"manufacturerId":33,"name":"Hyundai","logoFilename":"hyundai"},"entrant":{"entrantId":166,"name":"HYUNDAI SHELL MOBIS WORLD RALLY TEAM","logoFilename":null},"group":{"groupId":10,"name":"WRC"},"tag":null,"eventClasses":[{"eventClassId":515,"eventId":88,"name":"RC1"}],"entryId":20180,"eventId":88,"driverId":762,"codriverId":4883,"manufacturerId":33,"entrantId":166,"groupId":10,"tagId":null,"entryListOrder":9,"identifier":"11","vehicleModel":"i20 Coupe WRC","eligibility":"M","priority":"P1","status":"Entry","tyreManufacturer":"Michelin"},{"driver":{"personId":534,"countryId":235,"country":{"countryId":235,"name":"United Kingdom of Great Britain and Northern Ireland","iso2":"GB","iso3":"GBR"},"firstName":"Elfyn","lastName":"EVANS","abbvName":"E. EVANS","fullName":"Elfyn EVANS","code":"EVA"},"codriver":{"personId":553,"countryId":235,"country":{"countryId":235,"name":"United Kingdom of Great Britain and Northern Ireland","iso2":"GB","iso3":"GBR"},"firstName":"Scott","lastName":"MARTIN","abbvName":"S. MARTIN","fullName":"Scott MARTIN","code":"MAR"},"manufacturer":{"manufacturerId":26,"name":"Ford","logoFilename":"ford"},"entrant":{"entrantId":94,"name":"M-SPORT FORD WORLD RALLY TEAM","logoFilename":null},"group":{"groupId":10,"name":"WRC"},"tag":null,"eventClasses":[{"eventClassId":515,"eventId":88,"name":"RC1"}],"entryId":20181,"eventId":88,"driverId":534,"codriverId":553,"manufacturerId":26,"entrantId":94,"groupId":10,"tagId":null,"entryListOrder":10,"identifier":"33","vehicleModel":"Fiesta WRC","eligibility":"M","priority":"P1","status":"NonStarter","tyreManufacturer":"Michelin"},{"driver":{"personId":538,"countryId":166,"country":{"countryId":166,"name":"Norway","iso2":"NO","iso3":"NOR"},"firstName":"Andreas","lastName":"MIKKELSEN","abbvName":"A. MIKKELSEN","fullName":"Andreas MIKKELSEN","code":"MIK"},"codriver":{"personId":4675,"countryId":166,"country":{"countryId":166,"name":"Norway","iso2":"NO","iso3":"NOR"},"firstName":"Anders","lastName":"JAEGER","abbvName":"A. JAEGER","fullName":"Anders JAEGER","code":"JAE"},"manufacturer":{"manufacturerId":33,"name":"Hyundai","logoFilename":"hyundai"},"entrant":{"entrantId":166,"name":"HYUNDAI SHELL MOBIS WORLD RALLY TEAM","logoFilename":null},"group":{"groupId":10,"name":"WRC"},"tag":null,"eventClasses":[{"eventClassId":515,"eventId":88,"name":"RC1"}],"entryId":20182,"eventId":88,"driverId":538,"codriverId":4675,"manufacturerId":33,"entrantId":166,"groupId":10,"tagId":null,"entryListOrder":11,"identifier":"89","vehicleModel":"i20 Coupe WRC","eligibility":"M","priority":"P1","status":"Entry","tyreManufacturer":"Michelin"},{"driver":{"personId":700,"countryId":75,"country":{"countryId":75,"name":"Finland","iso2":"FI","iso3":"FIN"},"firstName":"Kalle","lastName":"ROVANPERÄ","abbvName":"K. ROVANPERÄ","fullName":"Kalle ROVANPERÄ","code":"ROV"},"codriver":{"personId":587,"countryId":75,"country":{"countryId":75,"name":"Finland","iso2":"FI","iso3":"FIN"},"firstName":"Jonne","lastName":"HALTTUNEN","abbvName":"J. HALTTUNEN","fullName":"Jonne HALTTUNEN","code":"HAL"},"manufacturer":{"manufacturerId":77,"name":"Skoda","logoFilename":"skoda"},"entrant":{"entrantId":92,"name":"SKODA MOTORSPORT","logoFilename":null},"group":{"groupId":8,"name":"R5"},"tag":null,"eventClasses":[{"eventClassId":516,"eventId":88,"name":"RC2"}],"entryId":20183,"eventId":88,"driverId":700,"codriverId":587,"manufacturerId":77,"entrantId":92,"groupId":8,"tagId":null,"entryListOrder":12,"identifier":"21","vehicleModel":"Fabia R5 Evo","eligibility":"WRC2PRO","priority":"P2P","status":"Rejoined","tyreManufacturer":"Michelin"},{"driver":{"personId":628,"countryId":235,"country":{"countryId":235,"name":"United Kingdom of Great Britain and Northern Ireland","iso2":"GB","iso3":"GBR"},"firstName":"Gus","lastName":"GREENSMITH","abbvName":"G. GREENSMITH","fullName":"Gus GREENSMITH","code":"GRE"},"codriver":{"personId":4078,"countryId":235,"country":{"countryId":235,"name":"United Kingdom of Great Britain and Northern Ireland","iso2":"GB","iso3":"GBR"},"firstName":"Elliott","lastName":"EDMONDSON","abbvName":"E. EDMONDSON","fullName":"Elliott EDMONDSON","code":"EDM"},"manufacturer":{"manufacturerId":26,"name":"Ford","logoFilename":"ford"},"entrant":{"entrantId":94,"name":"M-SPORT FORD WORLD RALLY TEAM","logoFilename":null},"group":{"groupId":8,"name":"R5"},"tag":null,"eventClasses":[{"eventClassId":516,"eventId":88,"name":"RC2"}],"entryId":20184,"eventId":88,"driverId":628,"codriverId":4078,"manufacturerId":26,"entrantId":94,"groupId":8,"tagId":null,"entryListOrder":13,"identifier":"22","vehicleModel":"Fiesta R5 MkII","eligibility":"WRC2PRO","priority":"P2P","status":"Entry","tyreManufacturer":"Michelin"},{"driver":{"personId":4509,"countryId":60,"country":{"countryId":60,"name":"Czech Republic","iso2":"CZ","iso3":"CZE"},"firstName":"Jan","lastName":"KOPECKY","abbvName":"J. KOPECKY","fullName":"Jan KOPECKY","code":"KOP"},"codriver":{"personId":565,"countryId":60,"country":{"countryId":60,"name":"Czech Republic","iso2":"CZ","iso3":"CZE"},"firstName":"Pavel","lastName":"DRESLER","abbvName":"P. DRESLER","fullName":"Pavel DRESLER","code":"DRE"},"manufacturer":{"manufacturerId":77,"name":"Skoda","logoFilename":"skoda"},"entrant":{"entrantId":92,"name":"SKODA MOTORSPORT","logoFilename":null},"group":{"groupId":8,"name":"R5"},"tag":null,"eventClasses":[{"eventClassId":516,"eventId":88,"name":"RC2"}],"entryId":20185,"eventId":88,"driverId":4509,"codriverId":565,"manufacturerId":77,"entrantId":92,"groupId":8,"tagId":null,"entryListOrder":14,"identifier":"23","vehicleModel":"Fabia R5 Evo","eligibility":"WRC2PRO","priority":"P2P","status":"Entry","tyreManufacturer":"Michelin"},{"driver":{"personId":2475,"countryId":177,"country":{"countryId":177,"name":"Poland","iso2":"PL","iso3":"POL"},"firstName":"Kajetan","lastName":"KAJETANOWICZ","abbvName":"K. KAJETANOWICZ","fullName":"Kajetan KAJETANOWICZ","code":"KAJ"},"codriver":{"personId":3144,"countryId":177,"country":{"countryId":177,"name":"Poland","iso2":"PL","iso3":"POL"},"firstName":"Maciej","lastName":"SZCZEPANIAK","abbvName":"M. SZCZEPANIAK","fullName":"Maciej SZCZEPANIAK","code":"SZC"},"manufacturer":{"manufacturerId":77,"name":"Skoda","logoFilename":"skoda"},"entrant":{"entrantId":1136,"name":"KAJETAN KAJETANOWICZ","logoFilename":""},"group":{"groupId":8,"name":"R5"},"tag":null,"eventClasses":[{"eventClassId":516,"eventId":88,"name":"RC2"}],"entryId":20186,"eventId":88,"driverId":2475,"codriverId":3144,"manufacturerId":77,"entrantId":1136,"groupId":8,"tagId":null,"entryListOrder":15,"identifier":"41","vehicleModel":"Fabia R5","eligibility":"WRC2","priority":"P2","status":"Entry","tyreManufacturer":"Pirelli"},{"driver":{"personId":1807,"countryId":110,"country":{"countryId":110,"name":"Italy","iso2":"IT","iso3":"ITA"},"firstName":"Fabio","lastName":"ANDOLFI","abbvName":"F. ANDOLFI","fullName":"Fabio ANDOLFI","code":"AND"},"codriver":{"personId":3115,"countryId":110,"country":{"countryId":110,"name":"Italy","iso2":"IT","iso3":"ITA"},"firstName":"Emanuele","lastName":"INGLESI","abbvName":"E. INGLESI","fullName":"Emanuele INGLESI","code":"ITA"},"manufacturer":{"manufacturerId":77,"name":"Skoda","logoFilename":"skoda"},"entrant":{"entrantId":1205,"name":"FABIO ANDOLFI","logoFilename":""},"group":{"groupId":8,"name":"R5"},"tag":null,"eventClasses":[{"eventClassId":516,"eventId":88,"name":"RC2"}],"entryId":20187,"eventId":88,"driverId":1807,"codriverId":3115,"manufacturerId":77,"entrantId":1205,"groupId":8,"tagId":null,"entryListOrder":16,"identifier":"42","vehicleModel":"Fabia R5","eligibility":"WRC2","priority":"P2","status":"Entry","tyreManufacturer":"Pirelli"},{"driver":{"personId":772,"countryId":166,"country":{"countryId":166,"name":"Norway","iso2":"NO","iso3":"NOR"},"firstName":"Henning","lastName":"SOLBERG","abbvName":"H. SOLBERG","fullName":"Henning SOLBERG","code":"HSO"},"codriver":{"personId":3257,"countryId":15,"country":{"countryId":15,"name":"Austria","iso2":"AT","iso3":"AUT"},"firstName":"Ilka","lastName":"MINOR","abbvName":"I. MINOR","fullName":"Ilka MINOR","code":"MIN"},"manufacturer":{"manufacturerId":77,"name":"Skoda","logoFilename":"skoda"},"entrant":{"entrantId":172,"name":"HENNING SOLBERG","logoFilename":null},"group":{"groupId":8,"name":"R5"},"tag":null,"eventClasses":[{"eventClassId":516,"eventId":88,"name":"RC2"}],"entryId":20188,"eventId":88,"driverId":772,"codriverId":3257,"manufacturerId":77,"entrantId":172,"groupId":8,"tagId":null,"entryListOrder":17,"identifier":"43","vehicleModel":"Fabia R5","eligibility":"WRC2","priority":"P2","status":"Rejoined","tyreManufacturer":"Michelin"},{"driver":{"personId":1253,"countryId":27,"country":{"countryId":27,"name":"Bolivia (Plurinational State of)","iso2":"BO","iso3":"BOL"},"firstName":"Marco","lastName":"BULACIA","abbvName":"M. BULACIA","fullName":"Marco BULACIA","code":"BUL"},"codriver":{"personId":2051,"countryId":11,"country":{"countryId":11,"name":"Argentina","iso2":"AR","iso3":"ARG"},"firstName":"Fabian","lastName":"CRETU","abbvName":"F. CRETU","fullName":"Fabian CRETU","code":"CRE"},"manufacturer":{"manufacturerId":77,"name":"Skoda","logoFilename":"skoda"},"entrant":{"entrantId":344,"name":"MARCO BULACIA WILKINSON","logoFilename":null},"group":{"groupId":8,"name":"R5"},"tag":null,"eventClasses":[{"eventClassId":516,"eventId":88,"name":"RC2"}],"entryId":20189,"eventId":88,"driverId":1253,"codriverId":2051,"manufacturerId":77,"entrantId":344,"groupId":8,"tagId":null,"entryListOrder":18,"identifier":"44","vehicleModel":"Fabia R5","eligibility":"WRC2","priority":"P2","status":"Entry","tyreManufacturer":"Pirelli"},{"driver":{"personId":4088,"countryId":32,"country":{"countryId":32,"name":"Brazil","iso2":"BR","iso3":"BRA"},"firstName":"Paulo","lastName":"NOBRE","abbvName":"P. NOBRE","fullName":"Paulo NOBRE","code":"NOB"},"codriver":{"personId":4089,"countryId":32,"country":{"countryId":32,"name":"Brazil","iso2":"BR","iso3":"BRA"},"firstName":"Gabriel","lastName":"MORALES","abbvName":"G. MORALES","fullName":"Gabriel MORALES","code":"MOR"},"manufacturer":{"manufacturerId":77,"name":"Skoda","logoFilename":"skoda"},"entrant":{"entrantId":1137,"name":"PAULO NOBRE","logoFilename":""},"group":{"groupId":8,"name":"R5"},"tag":null,"eventClasses":[{"eventClassId":516,"eventId":88,"name":"RC2"}],"entryId":20190,"eventId":88,"driverId":4088,"codriverId":4089,"manufacturerId":77,"entrantId":1137,"groupId":8,"tagId":null,"entryListOrder":19,"identifier":"45","vehicleModel":"Fabia R5","eligibility":"WRC2","priority":"P2","status":"Entry","tyreManufacturer":"Pirelli"},{"driver":{"personId":4679,"countryId":110,"country":{"countryId":110,"name":"Italy","iso2":"IT","iso3":"ITA"},"firstName":"","lastName":"“PEDRO”","abbvName":". “PEDRO”","fullName":" “PEDRO”","code":"“PE"},"codriver":{"personId":4680,"countryId":110,"country":{"countryId":110,"name":"Italy","iso2":"IT","iso3":"ITA"},"firstName":"Emanuele","lastName":"BALDACCINI","abbvName":"E. BALDACCINI","fullName":"Emanuele BALDACCINI","code":"BAL"},"manufacturer":{"manufacturerId":26,"name":"Ford","logoFilename":"ford"},"entrant":{"entrantId":969,"name":"PEDRO","logoFilename":""},"group":{"groupId":8,"name":"R5"},"tag":null,"eventClasses":[{"eventClassId":516,"eventId":88,"name":"RC2"}],"entryId":20191,"eventId":88,"driverId":4679,"codriverId":4680,"manufacturerId":26,"entrantId":969,"groupId":8,"tagId":null,"entryListOrder":20,"identifier":"46","vehicleModel":"Fiesta R5 MkII","eligibility":"WRC2","priority":"P2","status":"Rejoined","tyreManufacturer":"Pirelli"},{"driver":{"personId":3260,"countryId":178,"country":{"countryId":178,"name":"Portugal","iso2":"PT","iso3":"PRT"},"firstName":"Diogo","lastName":"SALVI","abbvName":"D. SALVI","fullName":"Diogo SALVI","code":"SAL"},"codriver":{"personId":2127,"countryId":178,"country":{"countryId":178,"name":"Portugal","iso2":"PT","iso3":"PRT"},"firstName":"Hugo","lastName":"MAGALHAES","abbvName":"H. MAGALHAES","fullName":"Hugo MAGALHAES","code":"MAG"},"manufacturer":{"manufacturerId":77,"name":"Skoda","logoFilename":"skoda"},"entrant":{"entrantId":476,"name":"DIOGO SALVI","logoFilename":null},"group":{"groupId":8,"name":"R5"},"tag":null,"eventClasses":[{"eventClassId":516,"eventId":88,"name":"RC2"}],"entryId":20192,"eventId":88,"driverId":3260,"codriverId":2127,"manufacturerId":77,"entrantId":476,"groupId":8,"tagId":null,"entryListOrder":21,"identifier":"47","vehicleModel":"Fabia R5","eligibility":"WRC2","priority":"P2","status":"Rejoined","tyreManufacturer":"Michelin"},{"driver":{"personId":3234,"countryId":228,"country":{"countryId":228,"name":"Turkey","iso2":"TR","iso3":"TUR"},"firstName":"Burak","lastName":"CUKUROVA","abbvName":"B. CUKUROVA","fullName":"Burak CUKUROVA","code":"CUK"},"codriver":{"personId":3235,"countryId":228,"country":{"countryId":228,"name":"Turkey","iso2":"TR","iso3":"TUR"},"firstName":"Vedat","lastName":"BOSTANCI","abbvName":"V. BOSTANCI","fullName":"Vedat BOSTANCI","code":"BOS"},"manufacturer":{"manufacturerId":77,"name":"Skoda","logoFilename":"skoda"},"entrant":{"entrantId":1284,"name":"BURAK CUKUROVA","logoFilename":""},"group":{"groupId":8,"name":"R5"},"tag":null,"eventClasses":[{"eventClassId":516,"eventId":88,"name":"RC2"}],"entryId":20193,"eventId":88,"driverId":3234,"codriverId":3235,"manufacturerId":77,"entrantId":1284,"groupId":8,"tagId":null,"entryListOrder":22,"identifier":"48","vehicleModel":"Fabia R5","eligibility":"WRC2","priority":"P2","status":"Entry","tyreManufacturer":"Pirelli"},{"driver":{"personId":2096,"countryId":228,"country":{"countryId":228,"name":"Turkey","iso2":"TR","iso3":"TUR"},"firstName":"Murat","lastName":"BOSTANCI","abbvName":"M. BOSTANCI","fullName":"Murat BOSTANCI","code":"BOS"},"codriver":{"personId":2097,"countryId":228,"country":{"countryId":228,"name":"Turkey","iso2":"TR","iso3":"TUR"},"firstName":"Onur","lastName":"VATANSEVER","abbvName":"O. VATANSEVER","fullName":"Onur VATANSEVER","code":"VAT"},"manufacturer":{"manufacturerId":26,"name":"Ford","logoFilename":"ford"},"entrant":{"entrantId":1285,"name":"MURAT BOSTANCI","logoFilename":""},"group":{"groupId":8,"name":"R5"},"tag":null,"eventClasses":[{"eventClassId":516,"eventId":88,"name":"RC2"}],"entryId":20194,"eventId":88,"driverId":2096,"codriverId":2097,"manufacturerId":26,"entrantId":1285,"groupId":8,"tagId":null,"entryListOrder":23,"identifier":"49","vehicleModel":"Fiesta R5","eligibility":"WRC2","priority":"P2","status":"Retired","tyreManufacturer":"Pirelli"},{"driver":{"personId":3236,"countryId":228,"country":{"countryId":228,"name":"Turkey","iso2":"TR","iso3":"TUR"},"firstName":"Deniz","lastName":"FAHRI","abbvName":"D. FAHRI","fullName":"Deniz FAHRI","code":"FAH"},"codriver":{"personId":5331,"countryId":228,"country":{"countryId":228,"name":"Turkey","iso2":"TR","iso3":"TUR"},"firstName":"Bahadır","lastName":"GÜCENMEZ","abbvName":"B. GÜCENMEZ","fullName":"Bahadır GÜCENMEZ","code":"GÜC"},"manufacturer":{"manufacturerId":77,"name":"Skoda","logoFilename":"skoda"},"entrant":{"entrantId":1286,"name":"DENIZ FAHRI","logoFilename":""},"group":{"groupId":8,"name":"R5"},"tag":null,"eventClasses":[{"eventClassId":516,"eventId":88,"name":"RC2"}],"entryId":20195,"eventId":88,"driverId":3236,"codriverId":5331,"manufacturerId":77,"entrantId":1286,"groupId":8,"tagId":null,"entryListOrder":24,"identifier":"50","vehicleModel":"Fabia R5","eligibility":"WRC2","priority":"P2","status":"Retired","tyreManufacturer":"Pirelli"},{"driver":{"personId":2489,"countryId":103,"country":{"countryId":103,"name":"India","iso2":"IN","iso3":"IND"},"firstName":"Gaurav","lastName":"GILL","abbvName":"G. GILL","fullName":"Gaurav GILL","code":"GIL"},"codriver":{"personId":788,"countryId":14,"country":{"countryId":14,"name":"Australia","iso2":"AU","iso3":"AUS"},"firstName":"Glenn","lastName":"MACNEALL","abbvName":"G. MACNEALL","fullName":"Glenn MACNEALL","code":"MAC"},"manufacturer":{"manufacturerId":26,"name":"Ford","logoFilename":"ford"},"entrant":{"entrantId":1287,"name":"GAURAV GILL","logoFilename":""},"group":{"groupId":8,"name":"R5"},"tag":null,"eventClasses":[{"eventClassId":516,"eventId":88,"name":"RC2"}],"entryId":20196,"eventId":88,"driverId":2489,"codriverId":788,"manufacturerId":26,"entrantId":1287,"groupId":8,"tagId":null,"entryListOrder":25,"identifier":"51","vehicleModel":"Fiesta R5 MkII","eligibility":"WRC2","priority":"P2","status":"Retired","tyreManufacturer":"Michelin"},{"driver":{"personId":1820,"countryId":228,"country":{"countryId":228,"name":"Turkey","iso2":"TR","iso3":"TUR"},"firstName":"Bugra","lastName":"BANAZ","abbvName":"B. BANAZ","fullName":"Bugra BANAZ","code":"BAN"},"codriver":{"personId":1821,"countryId":228,"country":{"countryId":228,"name":"Turkey","iso2":"TR","iso3":"TUR"},"firstName":"Burak","lastName":"ERDENER","abbvName":"B. ERDENER","fullName":"Burak ERDENER","code":"ERD"},"manufacturer":{"manufacturerId":26,"name":"Ford","logoFilename":"ford"},"entrant":{"entrantId":1288,"name":"BUGRA BANAZ","logoFilename":""},"group":{"groupId":8,"name":"R5"},"tag":null,"eventClasses":[{"eventClassId":516,"eventId":88,"name":"RC2"}],"entryId":20197,"eventId":88,"driverId":1820,"codriverId":1821,"manufacturerId":26,"entrantId":1288,"groupId":8,"tagId":null,"entryListOrder":26,"identifier":"52","vehicleModel":"Fiesta R5","eligibility":"WRC2","priority":"P2","status":"Retired","tyreManufacturer":"Pirelli"},{"driver":{"personId":3238,"countryId":228,"country":{"countryId":228,"name":"Turkey","iso2":"TR","iso3":"TUR"},"firstName":"Bora","lastName":"MANYERA","abbvName":"B. MANYERA","fullName":"Bora MANYERA","code":"MAN"},"codriver":{"personId":3239,"countryId":228,"country":{"countryId":228,"name":"Turkey","iso2":"TR","iso3":"TUR"},"firstName":"Cem","lastName":"CERKEZ","abbvName":"C. CERKEZ","fullName":"Cem CERKEZ","code":"CER"},"manufacturer":{"manufacturerId":77,"name":"Skoda","logoFilename":"skoda"},"entrant":{"entrantId":681,"name":"BORA MANYERA","logoFilename":null},"group":{"groupId":8,"name":"R5"},"tag":null,"eventClasses":[{"eventClassId":516,"eventId":88,"name":"RC2"}],"entryId":20198,"eventId":88,"driverId":3238,"codriverId":3239,"manufacturerId":77,"entrantId":681,"groupId":8,"tagId":null,"entryListOrder":27,"identifier":"53","vehicleModel":"Fabia R5","eligibility":"WRC2","priority":"P2","status":"Entry","tyreManufacturer":"Pirelli"},{"driver":{"personId":4759,"countryId":183,"country":{"countryId":183,"name":"Russian Federation","iso2":"RU","iso3":"RUS"},"firstName":"Nikolay","lastName":"GRYAZIN","abbvName":"N. GRYAZIN","fullName":"Nikolay GRYAZIN","code":"GRY"},"codriver":{"personId":4760,"countryId":183,"country":{"countryId":183,"name":"Russian Federation","iso2":"RU","iso3":"RUS"},"firstName":"Yaroslav","lastName":"FEDOROV","abbvName":"Y. FEDOROV","fullName":"Yaroslav FEDOROV","code":"FED"},"manufacturer":{"manufacturerId":77,"name":"Skoda","logoFilename":"skoda"},"entrant":{"entrantId":1011,"name":"NIKOLAY GRYAZIN","logoFilename":""},"group":{"groupId":8,"name":"R5"},"tag":null,"eventClasses":[{"eventClassId":516,"eventId":88,"name":"RC2"}],"entryId":20199,"eventId":88,"driverId":4759,"codriverId":4760,"manufacturerId":77,"entrantId":1011,"groupId":8,"tagId":null,"entryListOrder":28,"identifier":"71","vehicleModel":"Fabia R5","eligibility":"None","priority":"None","status":"NonStarter","tyreManufacturer":"None"},{"driver":{"personId":2495,"countryId":110,"country":{"countryId":110,"name":"Italy","iso2":"IT","iso3":"ITA"},"firstName":"Fabrizio","lastName":"ARENGI BENTIVOGLIO","abbvName":"F. ARENGI BENTIVOGLIO","fullName":"Fabrizio ARENGI BENTIVOGLIO","code":"ARE"},"codriver":{"personId":5219,"countryId":110,"country":{"countryId":110,"name":"Italy","iso2":"IT","iso3":"ITA"},"firstName":"Massimiliano","lastName":"BOSI","abbvName":"M. BOSI","fullName":"Massimiliano BOSI","code":"BOS"},"manufacturer":{"manufacturerId":77,"name":"Skoda","logoFilename":"skoda"},"entrant":{"entrantId":992,"name":"ARENGI BENTIVOGLIO FABRIZIO","logoFilename":""},"group":{"groupId":8,"name":"R5"},"tag":null,"eventClasses":[{"eventClassId":516,"eventId":88,"name":"RC2"}],"entryId":20200,"eventId":88,"driverId":2495,"codriverId":5219,"manufacturerId":77,"entrantId":992,"groupId":8,"tagId":null,"entryListOrder":29,"identifier":"72","vehicleModel":"Fabia R5","eligibility":"None","priority":"None","status":"Entry","tyreManufacturer":"Pirelli"},{"driver":{"personId":5332,"countryId":228,"country":{"countryId":228,"name":"Turkey","iso2":"TR","iso3":"TUR"},"firstName":"Yıldıray","lastName":"DEMIRCIOGLU","abbvName":"Y. DEMIRCIOGLU","fullName":"Yıldıray DEMIRCIOGLU","code":"DEM"},"codriver":{"personId":5333,"countryId":228,"country":{"countryId":228,"name":"Turkey","iso2":"TR","iso3":"TUR"},"firstName":"Aras","lastName":"DINCER","abbvName":"A. DINCER","fullName":"Aras DINCER","code":"DIN"},"manufacturer":{"manufacturerId":65,"name":"Peugeot","logoFilename":"peugeot"},"entrant":{"entrantId":1289,"name":"YILDIRAY DEMIRCIOGLU","logoFilename":""},"group":{"groupId":4,"name":"R2"},"tag":null,"eventClasses":[{"eventClassId":517,"eventId":88,"name":"RC4"}],"entryId":20201,"eventId":88,"driverId":5332,"codriverId":5333,"manufacturerId":65,"entrantId":1289,"groupId":4,"tagId":null,"entryListOrder":30,"identifier":"73","vehicleModel":"208 R2","eligibility":"None","priority":"None","status":"NonStarter","tyreManufacturer":"None"},{"driver":{"personId":626,"countryId":110,"country":{"countryId":110,"name":"Italy","iso2":"IT","iso3":"ITA"},"firstName":"Carlo","lastName":"COVI","abbvName":"C. COVI","fullName":"Carlo COVI","code":"COV"},"codriver":{"personId":2507,"countryId":110,"country":{"countryId":110,"name":"Italy","iso2":"IT","iso3":"ITA"},"firstName":"Giorgio","lastName":"CAMPESAN","abbvName":"G. CAMPESAN","fullName":"Giorgio CAMPESAN","code":"CAM"},"manufacturer":{"manufacturerId":65,"name":"Peugeot","logoFilename":"peugeot"},"entrant":{"entrantId":138,"name":"COVI CARLO","logoFilename":null},"group":{"groupId":4,"name":"R2"},"tag":null,"eventClasses":[{"eventClassId":517,"eventId":88,"name":"RC4"}],"entryId":20202,"eventId":88,"driverId":626,"codriverId":2507,"manufacturerId":65,"entrantId":138,"groupId":4,"tagId":null,"entryListOrder":31,"identifier":"74","vehicleModel":"208 R2","eligibility":"None","priority":"None","status":"Entry","tyreManufacturer":"Pirelli"}]