[{"entryId":20612,"stageTimeMs":11259600,"stageTime":"PT3H7M39.6S","penaltyTimeMs":0,"penaltyTime":"PT0S","totalTimeMs":11259600,"totalTime":"PT3H7M39.6S","position":1,"diffFirstMs":0,"diffFirst":"PT0S","diffPrevMs":0,"diffPrev":"PT0S"},{"entryId":20610,"stageTimeMs":11276800,"stageTime":"PT3H7M56.8S","penaltyTimeMs":0,"penaltyTime":"PT0S","totalTimeMs":11276800,"totalTime":"PT3H7M56.8S","position":2,"diffFirstMs":17200,"diffFirst":"PT17.2S","diffPrevMs":17200,"diffPrev":"PT17.2S"},{"entryId":20609,"stageTimeMs":11277200,"stageTime":"PT3H7M57.2S","penaltyTimeMs":0,"penaltyTime":"PT0S","totalTimeMs":11277200,"totalTime":"PT3H7M57.2S","position":3,"diffFirstMs":17600,"diffFirst":"PT17.6S","diffPrevMs":400,"diffPrev":"PT0.4S"},{"entryId":20613,"stageTimeMs":11313500,"stageTime":"PT3H8M33.5S","penaltyTimeMs":0,"penaltyTime":"PT0S","totalTimeMs":11313500,"totalTime":"PT3H8M33.5S","position":4,"diffFirstMs":53900,"diffFirst":"PT53.9S","diffPrevMs":36300,"diffPrev":"PT36.3S"},{"entryId":20611,"stageTimeMs":11319800,"stageTime":"PT3H8M39.8S","penaltyTimeMs":0,"penaltyTime":"PT0S","totalTimeMs":11319800,"totalTime":"PT3H8M39.8S","position":5,"diffFirstMs":60200,"diffFirst":"PT1M0.2S","diffPrevMs":6300,"diffPrev":"PT6.3S"},{"entryId":20614,"stageTimeMs":11333800,"stageTime":"PT3H8M53.8S","penaltyTimeMs":0,"penaltyTime":"PT0S","totalTimeMs":11333800,"totalTime":"PT3H8M53.8S","position":6,"diffFirstMs":74200,"diffFirst":"PT1M14.2S","diffPrevMs":14000,"diffPrev":"PT14S"},{"entryId":20606,"stageTimeMs":11367200,"stageTime":"PT3H9M27.2S","penaltyTimeMs":0,"penaltyTime":"PT0S","totalTimeMs":11367200,"totalTime":"PT3H9M27.2S","position":7,"diffFirstMs":107600,"diffFirst":"PT1M47.6S","diffPrevMs":33400,"diffPrev":"PT33.4S"},{"entryId":20605,"stageTimeMs":11520100,"stageTime":"PT3H12M0.1S","penaltyTimeMs":0,"penaltyTime":"PT0S","totalTimeMs":11520100,"totalTime":"PT3H12M0.1S","position":8,"diffFirstMs":260500,"diffFirst":"PT4M20.5S","diffPrevMs":152900,"diffPrev":"PT2M32.9S"},{"entryId":20618,"stageTimeMs":11764200,"stageTime":"PT3H16M4.2S","penaltyTimeMs":0,"penaltyTime":"PT0S","totalTimeMs":11764200,"totalTime":"PT3H16M4.2S","position":9,"diffFirstMs":504600,"diffFirst":"PT8M24.6S","diffPrevMs":244100,"diffPrev":"PT4M4.1S"},{"entryId":20635,"stageTimeMs":11786800,"stageTime":"PT3H16M26.8S","penaltyTimeMs":0,"penaltyTime":"PT0S","totalTimeMs":11786800,"totalTime":"PT3H16M26.8S","position":10,"diffFirstMs":527200,"diffFirst":"PT8M47.2S","diffPrevMs":22600,"diffPrev":"PT22.6S"},{"entryId":20619,"stageTimeMs":11818900,"stageTime":"PT3H16M58.9S","penaltyTimeMs":0,"penaltyTime":"PT0S","totalTimeMs":11818900,"totalTime":"PT3H16M58.9S","position":11,"diffFirstMs":559300,"diffFirst":"PT9M19.3S","diffPrevMs":32100,"diffPrev":"PT32.1S"},{"entryId":20616,"stageTimeMs":11853300,"stageTime":"PT3H17M33.3S","penaltyTimeMs":0,"penaltyTime":"PT0S","totalTimeMs":11853300,"totalTime":"PT3H17M33.3S","position":12,"diffFirstMs":593700,"diffFirst":"PT9M53.7S","diffPrevMs":34400,"diffPrev":"PT34.4S"},{"entryId":20632,"stageTimeMs":11887500,"stageTime":"PT3H18M7.5S","penaltyTimeMs":0,"penaltyTime":"PT0S","totalTimeMs":11887500,"totalTime":"PT3H18M7.5S","position":13,"diffFirstMs":627900,"diffFirst":"PT10M27.9S","diffPrevMs":34200,"diffPrev":"PT34.2S"},{"entryId":20622,"stageTimeMs":11903300,"stageTime":"PT3H18M23.3S","penaltyTimeMs":0,"penaltyTime":"PT0S","totalTimeMs":11903300,"totalTime":"PT3H18M23.3S","position":14,"diffFirstMs":643700,"diffFirst":"PT10M43.7S","diffPrevMs":15800,"diffPrev":"PT15.8S"},{"entryId":20617,"stageTimeMs":11963700,"stageTime":"PT3H19M23.7S","penaltyTimeMs":0,"penaltyTime":"PT0S","totalTimeMs":11963700,"totalTime":"PT3H19M23.7S","position":15,"diffFirstMs":704100,"diffFirst":"PT11M44.1S","diffPrevMs":60400,"diffPrev":"PT1M0.4S"},{"entryId":20626,"stageTimeMs":11977100,"stageTime":"PT3H19M37.1S","penaltyTimeMs":0,"penaltyTime":"PT0S","totalTimeMs":11977100,"totalTime":"PT3H19M37.1S","position":16,"diffFirstMs":717500,"diffFirst":"PT11M57.5S","diffPrevMs":13400,"diffPrev":"PT13.4S"},{"entryId":20620,"stageTimeMs":12009400,"stageTime":"PT3H20M9.4S","penaltyTimeMs":0,"penaltyTime":"PT0S","totalTimeMs":12009400,"totalTime":"PT3H20M9.4S","position":17,"diffFirstMs":749800,"diffFirst":"PT12M29.8S","diffPrevMs":32300,"diffPrev":"PT32.3S"},{"entryId":20625,"stageTimeMs":12020100,"stageTime":"PT3H20M20.1S","penaltyTimeMs":0,"penaltyTime":"PT0S","totalTimeMs":12020100,"totalTime":"PT3H20M20.1S","position":18,"diffFirstMs":760500,"diffFirst":"PT12M40.5S","diffPrevMs":10700,"diffPrev":"PT10.7S"},{"entryId":20637,"stageTimeMs":12021500,"stageTime":"PT3H20M21.5S","penaltyTimeMs":0,"penaltyTime":"PT0S","totalTimeMs":12021500,"totalTime":"PT3H20M21.5S","position":19,"diffFirstMs":761900,"diffFirst":"PT12M41.9S","diffPrevMs":1400,"diffPrev":"PT1.4S"},{"entryId":20633,"stageTimeMs":12170200,"stageTime":"PT3H22M50.2S","penaltyTimeMs":0,"penaltyTime":"PT0S","totalTimeMs":12170200,"totalTime":"PT3H22M50.2S","position":20,"diffFirstMs":910600,"diffFirst":"PT15M10.6S","diffPrevMs":148700,"diffPrev":"PT2M28.7S"},{"entryId":20636,"stageTimeMs":12247900,"stageTime":"PT3H24M7.9S","penaltyTimeMs":0,"penaltyTime":"PT0S","totalTimeMs":12247900,"totalTime":"PT3H24M7.9S","position":21,"diffFirstMs":988300,"diffFirst":"PT16M28.3S","diffPrevMs":77700,"diffPrev":"PT1M17.7S"},{"entryId":20638,"stageTimeMs":12144900,"stageTime":"PT3H22M24.9S","penaltyTimeMs":120000,"penaltyTime":"PT2M","totalTimeMs":12264900,"totalTime":"PT3H24M24.9S","position":22,"diffFirstMs":1005300,"diffFirst":"PT16M45.3S","diffPrevMs":17000,"diffPrev":"PT17S"},{"entryId":20623,"stageTimeMs":12487100,"stageTime":"PT3H28M7.1S","penaltyTimeMs":0,"penaltyTime":"PT0S","totalTimeMs":12487100,"totalTime":"PT3H28M7.1S","position":23,"diffFirstMs":1227500,"diffFirst":"PT20M27.5S","diffPrevMs":222200,"diffPrev":"PT3M42.2S"},{"entryId":20639,"stageTimeMs":12766300,"stageTime":"PT3H32M46.3S","penaltyTimeMs":0,"penaltyTime":"PT0S","totalTimeMs":12766300,"totalTime":"PT3H32M46.3S","position":24,"diffFirstMs":1506700,"diffFirst":"PT25M6.7S","diffPrevMs":279200,"diffPrev":"PT4M39.2S"},{"entryId":20634,"stageTimeMs":13082000,"stageTime":"PT3H38M2S","penaltyTimeMs":0,"penaltyTime":"PT0S","totalTimeMs":13082000,"totalTime":"PT3H38M2S","position":25,"diffFirstMs":1822400,"diffFirst":"PT30M22.4S","diffPrevMs":315700,"diffPrev":"PT5M15.7S"},{"entryId":20647,"stageTimeMs":13411900,"stageTime":"PT3H43M31.9S","penaltyTimeMs":0,"penaltyTime":"PT0S","totalTimeMs":13411900,"totalTime":"PT3H43M31.9S","position":26,"diffFirstMs":2152300,"diffFirst":"PT35M52.3S","diffPrevMs":329900,"diffPrev":"PT5M29.9S"},{"entryId":20660,"stageTimeMs":13509100,"stageTime":"PT3H45M9.1S","penaltyTimeMs":0,"penaltyTime":"PT0S","totalTimeMs":13509100,"totalTime":"PT3H45M9.1S","position":27,"diffFirstMs":2249500,"diffFirst":"PT37M29.5S","diffPrevMs":97200,"diffPrev":"PT1M37.2S"},{"entryId":20650,"stageTimeMs":13534100,"stageTime":"PT3H45M34.1S","penaltyTimeMs":0,"penaltyTime":"PT0S","totalTimeMs":13534100,"totalTime":"PT3H45M34.1S","position":28,"diffFirstMs":2274500,"diffFirst":"PT37M54.5S","diffPrevMs":25000,"diffPrev":"PT25S"},{"entryId":20608,"stageTimeMs":13799600,"stageTime":"PT3H49M59.6S","penaltyTimeMs":0,"penaltyTime":"PT0S","totalTimeMs":13799600,"totalTime":"PT3H49M59.6S","position":29,"diffFirstMs":2540000,"diffFirst":"PT42M20S","diffPrevMs":265500,"diffPrev":"PT4M25.5S"},{"entryId":20659,"stageTimeMs":13673800,"stageTime":"PT3H47M53.8S","penaltyTimeMs":170000,"penaltyTime":"PT2M50S","totalTimeMs":13843800,"totalTime":"PT3H50M43.8S","position":30,"diffFirstMs":2584200,"diffFirst":"PT43M4.2S","diffPrevMs":44200,"diffPrev":"PT44.2S"},{"entryId":20642,"stageTimeMs":13898700,"stageTime":"PT3H51M38.7S","penaltyTimeMs":0,"penaltyTime":"PT0S","totalTimeMs":13898700,"totalTime":"PT3H51M38.7S","position":31,"diffFirstMs":2639100,"diffFirst":"PT43M59.1S","diffPrevMs":54900,"diffPrev":"PT54.9S"},{"entryId":20629,"stageTimeMs":13934300,"stageTime":"PT3H52M14.3S","penaltyTimeMs":0,"penaltyTime":"PT0S","totalTimeMs":13934300,"totalTime":"PT3H52M14.3S","position":32,"diffFirstMs":2674700,"diffFirst":"PT44M34.7S","diffPrevMs":35600,"diffPrev":"PT35.6S"},{"entryId":20648,"stageTimeMs":14007100,"stageTime":"PT3H53M27.1S","penaltyTimeMs":0,"penaltyTime":"PT0S","totalTimeMs":14007100,"totalTime":"PT3H53M27.1S","position":33,"diffFirstMs":2747500,"diffFirst":"PT45M47.5S","diffPrevMs":72800,"diffPrev":"PT1M12.8S"},{"entryId":20663,"stageTimeMs":14299200,"stageTime":"PT3H58M19.2S","penaltyTimeMs":0,"penaltyTime":"PT0S","totalTimeMs":14299200,"totalTime":"PT3H58M19.2S","position":34,"diffFirstMs":3039600,"diffFirst":"PT50M39.6S","diffPrevMs":292100,"diffPrev":"PT4M52.1S"},{"entryId":20652,"stageTimeMs":14314400,"stageTime":"PT3H58M34.4S","penaltyTimeMs":0,"penaltyTime":"PT0S","totalTimeMs":14314400,"totalTime":"PT3H58M34.4S","position":35,"diffFirstMs":3054800,"diffFirst":"PT50M54.8S","diffPrevMs":15200,"diffPrev":"PT15.2S"},{"entryId":20667,"stageTimeMs":14421400,"stageTime":"PT4H21.4S","penaltyTimeMs":10000,"penaltyTime":"PT10S","totalTimeMs":14431400,"totalTime":"PT4H31.4S","position":36,"diffFirstMs":3171800,"diffFirst":"PT52M51.8S","diffPrevMs":117000,"diffPrev":"PT1M57S"},{"entryId":20661,"stageTimeMs":14429600,"stageTime":"PT4H29.6S","penaltyTimeMs":20000,"penaltyTime":"PT20S","totalTimeMs":14449600,"totalTime":"PT4H49.6S","position":37,"diffFirstMs":3190000,"diffFirst":"PT53M10S","diffPrevMs":18200,"diffPrev":"PT18.2S"},{"entryId":20665,"stageTimeMs":14506000,"stageTime":"PT4H1M46S","penaltyTimeMs":0,"penaltyTime":"PT0S","totalTimeMs":14506000,"totalTime":"PT4H1M46S","position":38,"diffFirstMs":3246400,"diffFirst":"PT54M6.4S","diffPrevMs":56400,"diffPrev":"PT56.4S"},{"entryId":20615,"stageTimeMs":12636400,"stageTime":"PT3H30M36.4S","penaltyTimeMs":1980000,"penaltyTime":"PT33M","totalTimeMs":14616400,"totalTime":"PT4H3M36.4S","position":39,"diffFirstMs":3356800,"diffFirst":"PT55M56.8S","diffPrevMs":110400,"diffPrev":"PT1M50.4S"},{"entryId":20664,"stageTimeMs":14808300,"stageTime":"PT4H6M48.3S","penaltyTimeMs":0,"penaltyTime":"PT0S","totalTimeMs":14808300,"totalTime":"PT4H6M48.3S","position":40,"diffFirstMs":3548700,"diffFirst":"PT59M8.7S","diffPrevMs":191900,"diffPrev":"PT3M11.9S"},{"entryId":20668,"stageTimeMs":16338200,"stageTime":"PT4H32M18.2S","penaltyTimeMs":0,"penaltyTime":"PT0S","totalTimeMs":16338200,"totalTime":"PT4H32M18.2S","position":41,"diffFirstMs":5078600,"diffFirst":"PT1H24M38.6S","diffPrevMs":1529900,"diffPrev":"PT25M29.9S"},{"entryId":20640,"stageTimeMs":16412600,"stageTime":"PT4H33M32.6S","penaltyTimeMs":20000,"penaltyTime":"PT20S","totalTimeMs":16432600,"totalTime":"PT4H33M52.6S","position":42,"diffFirstMs":5173000,"diffFirst":"PT1H26M13S","diffPrevMs":94400,"diffPrev":"PT1M34.4S"}]