[{"entryId":20612,"stageTimeMs":6723500,"stageTime":"PT1H52M3.5S","penaltyTimeMs":0,"penaltyTime":"PT0S","totalTimeMs":6723500,"totalTime":"PT1H52M3.5S","position":1,"diffFirstMs":0,"diffFirst":"PT0S","diffPrevMs":0,"diffPrev":"PT0S"},{"entryId":20613,"stageTimeMs":6734900,"stageTime":"PT1H52M14.9S","penaltyTimeMs":0,"penaltyTime":"PT0S","totalTimeMs":6734900,"totalTime":"PT1H52M14.9S","position":2,"diffFirstMs":11400,"diffFirst":"PT11.4S","diffPrevMs":11400,"diffPrev":"PT11.4S"},{"entryId":20609,"stageTimeMs":6740300,"stageTime":"PT1H52M20.3S","penaltyTimeMs":0,"penaltyTime":"PT0S","totalTimeMs":6740300,"totalTime":"PT1H52M20.3S","position":3,"diffFirstMs":16800,"diffFirst":"PT16.8S","diffPrevMs":5400,"diffPrev":"PT5.4S"},{"entryId":20610,"stageTimeMs":6750100,"stageTime":"PT1H52M30.1S","penaltyTimeMs":0,"penaltyTime":"PT0S","totalTimeMs":6750100,"totalTime":"PT1H52M30.1S","position":4,"diffFirstMs":26600,"diffFirst":"PT26.6S","diffPrevMs":9800,"diffPrev":"PT9.8S"},{"entryId":20611,"stageTimeMs":6760900,"stageTime":"PT1H52M40.9S","penaltyTimeMs":0,"penaltyTime":"PT0S","totalTimeMs":6760900,"totalTime":"PT1H52M40.9S","position":5,"diffFirstMs":37400,"diffFirst":"PT37.4S","diffPrevMs":10800,"diffPrev":"PT10.8S"},{"entryId":20614,"stageTimeMs":6779400,"stageTime":"PT1H52M59.4S","penaltyTimeMs":0,"penaltyTime":"PT0S","totalTimeMs":6779400,"totalTime":"PT1H52M59.4S","position":6,"diffFirstMs":55900,"diffFirst":"PT55.9S","diffPrevMs":18500,"diffPrev":"PT18.5S"},{"entryId":20606,"stageTimeMs":6791600,"stageTime":"PT1H53M11.6S","penaltyTimeMs":0,"penaltyTime":"PT0S","totalTimeMs":6791600,"totalTime":"PT1H53M11.6S","position":7,"diffFirstMs":68100,"diffFirst":"PT1M8.1S","diffPrevMs":12200,"diffPrev":"PT12.2S"},{"entryId":20605,"stageTimeMs":6968900,"stageTime":"PT1H56M8.9S","penaltyTimeMs":0,"penaltyTime":"PT0S","totalTimeMs":6968900,"totalTime":"PT1H56M8.9S","position":8,"diffFirstMs":245400,"diffFirst":"PT4M5.4S","diffPrevMs":177300,"diffPrev":"PT2M57.3S"},{"entryId":20618,"stageTimeMs":7015800,"stageTime":"PT1H56M55.8S","penaltyTimeMs":0,"penaltyTime":"PT0S","totalTimeMs":7015800,"totalTime":"PT1H56M55.8S","position":9,"diffFirstMs":292300,"diffFirst":"PT4M52.3S","diffPrevMs":46900,"diffPrev":"PT46.9S"},{"entryId":20635,"stageTimeMs":7026000,"stageTime":"PT1H57M6S","penaltyTimeMs":0,"penaltyTime":"PT0S","totalTimeMs":7026000,"totalTime":"PT1H57M6S","position":10,"diffFirstMs":302500,"diffFirst":"PT5M2.5S","diffPrevMs":10200,"diffPrev":"PT10.2S"},{"entryId":20616,"stageTimeMs":7038300,"stageTime":"PT1H57M18.3S","penaltyTimeMs":0,"penaltyTime":"PT0S","totalTimeMs":7038300,"totalTime":"PT1H57M18.3S","position":11,"diffFirstMs":314800,"diffFirst":"PT5M14.8S","diffPrevMs":12300,"diffPrev":"PT12.3S"},{"entryId":20620,"stageTimeMs":7040500,"stageTime":"PT1H57M20.5S","penaltyTimeMs":0,"penaltyTime":"PT0S","totalTimeMs":7040500,"totalTime":"PT1H57M20.5S","position":12,"diffFirstMs":317000,"diffFirst":"PT5M17S","diffPrevMs":2200,"diffPrev":"PT2.2S"},{"entryId":20619,"stageTimeMs":7066300,"stageTime":"PT1H57M46.3S","penaltyTimeMs":0,"penaltyTime":"PT0S","totalTimeMs":7066300,"totalTime":"PT1H57M46.3S","position":13,"diffFirstMs":342800,"diffFirst":"PT5M42.8S","diffPrevMs":25800,"diffPrev":"PT25.8S"},{"entryId":20622,"stageTimeMs":7069200,"stageTime":"PT1H57M49.2S","penaltyTimeMs":0,"penaltyTime":"PT0S","totalTimeMs":7069200,"totalTime":"PT1H57M49.2S","position":14,"diffFirstMs":345700,"diffFirst":"PT5M45.7S","diffPrevMs":2900,"diffPrev":"PT2.9S"},{"entryId":20632,"stageTimeMs":7093800,"stageTime":"PT1H58M13.8S","penaltyTimeMs":0,"penaltyTime":"PT0S","totalTimeMs":7093800,"totalTime":"PT1H58M13.8S","position":15,"diffFirstMs":370300,"diffFirst":"PT6M10.3S","diffPrevMs":24600,"diffPrev":"PT24.6S"},{"entryId":20623,"stageTimeMs":7098200,"stageTime":"PT1H58M18.2S","penaltyTimeMs":0,"penaltyTime":"PT0S","totalTimeMs":7098200,"totalTime":"PT1H58M18.2S","position":16,"diffFirstMs":374700,"diffFirst":"PT6M14.7S","diffPrevMs":4400,"diffPrev":"PT4.4S"},{"entryId":20625,"stageTimeMs":7159200,"stageTime":"PT1H59M19.2S","penaltyTimeMs":0,"penaltyTime":"PT0S","totalTimeMs":7159200,"totalTime":"PT1H59M19.2S","position":17,"diffFirstMs":435700,"diffFirst":"PT7M15.7S","diffPrevMs":61000,"diffPrev":"PT1M1S"},{"entryId":20617,"stageTimeMs":7170400,"stageTime":"PT1H59M30.4S","penaltyTimeMs":0,"penaltyTime":"PT0S","totalTimeMs":7170400,"totalTime":"PT1H59M30.4S","position":18,"diffFirstMs":446900,"diffFirst":"PT7M26.9S","diffPrevMs":11200,"diffPrev":"PT11.2S"},{"entryId":20626,"stageTimeMs":7177800,"stageTime":"PT1H59M37.8S","penaltyTimeMs":0,"penaltyTime":"PT0S","totalTimeMs":7177800,"totalTime":"PT1H59M37.8S","position":19,"diffFirstMs":454300,"diffFirst":"PT7M34.3S","diffPrevMs":7400,"diffPrev":"PT7.4S"},{"entryId":20638,"stageTimeMs":7182000,"stageTime":"PT1H59M42S","penaltyTimeMs":0,"penaltyTime":"PT0S","totalTimeMs":7182000,"totalTime":"PT1H59M42S","position":20,"diffFirstMs":458500,"diffFirst":"PT7M38.5S","diffPrevMs":4200,"diffPrev":"PT4.2S"},{"entryId":20637,"stageTimeMs":7196700,"stageTime":"PT1H59M56.7S","penaltyTimeMs":0,"penaltyTime":"PT0S","totalTimeMs":7196700,"totalTime":"PT1H59M56.7S","position":21,"diffFirstMs":473200,"diffFirst":"PT7M53.2S","diffPrevMs":14700,"diffPrev":"PT14.7S"},{"entryId":20633,"stageTimeMs":7241900,"stageTime":"PT2H41.9S","penaltyTimeMs":0,"penaltyTime":"PT0S","totalTimeMs":7241900,"totalTime":"PT2H41.9S","position":22,"diffFirstMs":518400,"diffFirst":"PT8M38.4S","diffPrevMs":45200,"diffPrev":"PT45.2S"},{"entryId":20624,"stageTimeMs":7278800,"stageTime":"PT2H1M18.8S","penaltyTimeMs":0,"penaltyTime":"PT0S","totalTimeMs":7278800,"totalTime":"PT2H1M18.8S","position":23,"diffFirstMs":555300,"diffFirst":"PT9M15.3S","diffPrevMs":36900,"diffPrev":"PT36.9S"},{"entryId":20621,"stageTimeMs":7310700,"stageTime":"PT2H1M50.7S","penaltyTimeMs":0,"penaltyTime":"PT0S","totalTimeMs":7310700,"totalTime":"PT2H1M50.7S","position":24,"diffFirstMs":587200,"diffFirst":"PT9M47.2S","diffPrevMs":31900,"diffPrev":"PT31.9S"},{"entryId":20636,"stageTimeMs":7508200,"stageTime":"PT2H5M8.2S","penaltyTimeMs":0,"penaltyTime":"PT0S","totalTimeMs":7508200,"totalTime":"PT2H5M8.2S","position":25,"diffFirstMs":784700,"diffFirst":"PT13M4.7S","diffPrevMs":197500,"diffPrev":"PT3M17.5S"},{"entryId":20608,"stageTimeMs":7572800,"stageTime":"PT2H6M12.8S","penaltyTimeMs":0,"penaltyTime":"PT0S","totalTimeMs":7572800,"totalTime":"PT2H6M12.8S","position":26,"diffFirstMs":849300,"diffFirst":"PT14M9.3S","diffPrevMs":64600,"diffPrev":"PT1M4.6S"},{"entryId":20639,"stageTimeMs":7608600,"stageTime":"PT2H6M48.6S","penaltyTimeMs":0,"penaltyTime":"PT0S","totalTimeMs":7608600,"totalTime":"PT2H6M48.6S","position":27,"diffFirstMs":885100,"diffFirst":"PT14M45.1S","diffPrevMs":35800,"diffPrev":"PT35.8S"},{"entryId":20631,"stageTimeMs":7716700,"stageTime":"PT2H8M36.7S","penaltyTimeMs":0,"penaltyTime":"PT0S","totalTimeMs":7716700,"totalTime":"PT2H8M36.7S","position":28,"diffFirstMs":993200,"diffFirst":"PT16M33.2S","diffPrevMs":108100,"diffPrev":"PT1M48.1S"},{"entryId":20656,"stageTimeMs":7862800,"stageTime":"PT2H11M2.8S","penaltyTimeMs":0,"penaltyTime":"PT0S","totalTimeMs":7862800,"totalTime":"PT2H11M2.8S","position":29,"diffFirstMs":1139300,"diffFirst":"PT18M59.3S","diffPrevMs":146100,"diffPrev":"PT2M26.1S"},{"entryId":20634,"stageTimeMs":7888000,"stageTime":"PT2H11M28S","penaltyTimeMs":0,"penaltyTime":"PT0S","totalTimeMs":7888000,"totalTime":"PT2H11M28S","position":30,"diffFirstMs":1164500,"diffFirst":"PT19M24.5S","diffPrevMs":25200,"diffPrev":"PT25.2S"},{"entryId":20647,"stageTimeMs":8087400,"stageTime":"PT2H14M47.4S","penaltyTimeMs":0,"penaltyTime":"PT0S","totalTimeMs":8087400,"totalTime":"PT2H14M47.4S","position":31,"diffFirstMs":1363900,"diffFirst":"PT22M43.9S","diffPrevMs":199400,"diffPrev":"PT3M19.4S"},{"entryId":20650,"stageTimeMs":8152800,"stageTime":"PT2H15M52.8S","penaltyTimeMs":0,"penaltyTime":"PT0S","totalTimeMs":8152800,"totalTime":"PT2H15M52.8S","position":32,"diffFirstMs":1429300,"diffFirst":"PT23M49.3S","diffPrevMs":65400,"diffPrev":"PT1M5.4S"},{"entryId":20659,"stageTimeMs":8168000,"stageTime":"PT2H16M8S","penaltyTimeMs":0,"penaltyTime":"PT0S","totalTimeMs":8168000,"totalTime":"PT2H16M8S","position":33,"diffFirstMs":1444500,"diffFirst":"PT24M4.5S","diffPrevMs":15200,"diffPrev":"PT15.2S"},{"entryId":20660,"stageTimeMs":8178000,"stageTime":"PT2H16M18S","penaltyTimeMs":0,"penaltyTime":"PT0S","totalTimeMs":8178000,"totalTime":"PT2H16M18S","position":34,"diffFirstMs":1454500,"diffFirst":"PT24M14.5S","diffPrevMs":10000,"diffPrev":"PT10S"},{"entryId":20642,"stageTimeMs":8241400,"stageTime":"PT2H17M21.4S","penaltyTimeMs":0,"penaltyTime":"PT0S","totalTimeMs":8241400,"totalTime":"PT2H17M21.4S","position":35,"diffFirstMs":1517900,"diffFirst":"PT25M17.9S","diffPrevMs":63400,"diffPrev":"PT1M3.4S"},{"entryId":20643,"stageTimeMs":8495300,"stageTime":"PT2H21M35.3S","penaltyTimeMs":0,"penaltyTime":"PT0S","totalTimeMs":8495300,"totalTime":"PT2H21M35.3S","position":36,"diffFirstMs":1771800,"diffFirst":"PT29M31.8S","diffPrevMs":253900,"diffPrev":"PT4M13.9S"},{"entryId":20648,"stageTimeMs":8604900,"stageTime":"PT2H23M24.9S","penaltyTimeMs":0,"penaltyTime":"PT0S","totalTimeMs":8604900,"totalTime":"PT2H23M24.9S","position":37,"diffFirstMs":1881400,"diffFirst":"PT31M21.4S","diffPrevMs":109600,"diffPrev":"PT1M49.6S"},{"entryId":20665,"stageTimeMs":8661100,"stageTime":"PT2H24M21.1S","penaltyTimeMs":0,"penaltyTime":"PT0S","totalTimeMs":8661100,"totalTime":"PT2H24M21.1S","position":38,"diffFirstMs":1937600,"diffFirst":"PT32M17.6S","diffPrevMs":56200,"diffPrev":"PT56.2S"},{"entryId":20663,"stageTimeMs":8677500,"stageTime":"PT2H24M37.5S","penaltyTimeMs":0,"penaltyTime":"PT0S","totalTimeMs":8677500,"totalTime":"PT2H24M37.5S","position":39,"diffFirstMs":1954000,"diffFirst":"PT32M34S","diffPrevMs":16400,"diffPrev":"PT16.4S"},{"entryId":20667,"stageTimeMs":8680000,"stageTime":"PT2H24M40S","penaltyTimeMs":0,"penaltyTime":"PT0S","totalTimeMs":8680000,"totalTime":"PT2H24M40S","position":40,"diffFirstMs":1956500,"diffFirst":"PT32M36.5S","diffPrevMs":2500,"diffPrev":"PT2.5S"},{"entryId":20661,"stageTimeMs":8723200,"stageTime":"PT2H25M23.2S","penaltyTimeMs":20000,"penaltyTime":"PT20S","totalTimeMs":8743200,"totalTime":"PT2H25M43.2S","position":41,"diffFirstMs":2019700,"diffFirst":"PT33M39.7S","diffPrevMs":63200,"diffPrev":"PT1M3.2S"},{"entryId":20628,"stageTimeMs":8781900,"stageTime":"PT2H26M21.9S","penaltyTimeMs":0,"penaltyTime":"PT0S","totalTimeMs":8781900,"totalTime":"PT2H26M21.9S","position":42,"diffFirstMs":2058400,"diffFirst":"PT34M18.4S","diffPrevMs":38700,"diffPrev":"PT38.7S"},{"entryId":20652,"stageTimeMs":8787500,"stageTime":"PT2H26M27.5S","penaltyTimeMs":0,"penaltyTime":"PT0S","totalTimeMs":8787500,"totalTime":"PT2H26M27.5S","position":43,"diffFirstMs":2064000,"diffFirst":"PT34M24S","diffPrevMs":5600,"diffPrev":"PT5.6S"},{"entryId":20664,"stageTimeMs":9017700,"stageTime":"PT2H30M17.7S","penaltyTimeMs":0,"penaltyTime":"PT0S","totalTimeMs":9017700,"totalTime":"PT2H30M17.7S","position":44,"diffFirstMs":2294200,"diffFirst":"PT38M14.2S","diffPrevMs":230200,"diffPrev":"PT3M50.2S"},{"entryId":20629,"stageTimeMs":9149000,"stageTime":"PT2H32M29S","penaltyTimeMs":0,"penaltyTime":"PT0S","totalTimeMs":9149000,"totalTime":"PT2H32M29S","position":45,"diffFirstMs":2425500,"diffFirst":"PT40M25.5S","diffPrevMs":131300,"diffPrev":"PT2M11.3S"},{"entryId":20640,"stageTimeMs":9544000,"stageTime":"PT2H39M4S","penaltyTimeMs":20000,"penaltyTime":"PT20S","totalTimeMs":9564000,"totalTime":"PT2H39M24S","position":46,"diffFirstMs":2840500,"diffFirst":"PT47M20.5S","diffPrevMs":415000,"diffPrev":"PT6M55S"},{"entryId":20641,"stageTimeMs":9804800,"stageTime":"PT2H43M24.8S","penaltyTimeMs":0,"penaltyTime":"PT0S","totalTimeMs":9804800,"totalTime":"PT2H43M24.8S","position":47,"diffFirstMs":3081300,"diffFirst":"PT51M21.3S","diffPrevMs":240800,"diffPrev":"PT4M0.8S"},{"entryId":20615,"stageTimeMs":7987900,"stageTime":"PT2H13M7.9S","penaltyTimeMs":1980000,"penaltyTime":"PT33M","totalTimeMs":9967900,"totalTime":"PT2H46M7.9S","position":48,"diffFirstMs":3244400,"diffFirst":"PT54M4.4S","diffPrevMs":163100,"diffPrev":"PT2M43.1S"},{"entryId":20668,"stageTimeMs":10026000,"stageTime":"PT2H47M6S","penaltyTimeMs":0,"penaltyTime":"PT0S","totalTimeMs":10026000,"totalTime":"PT2H47M6S","position":49,"diffFirstMs":3302500,"diffFirst":"PT55M2.5S","diffPrevMs":58100,"diffPrev":"PT58.1S"}]