[{"entryId":20058,"stageTimeMs":3841100,"stageTime":"PT1H4M1.1S","penaltyTimeMs":0,"penaltyTime":"PT0S","totalTimeMs":3841100,"totalTime":"PT1H4M1.1S","position":1,"diffFirstMs":0,"diffFirst":"PT0S","diffPrevMs":0,"diffPrev":"PT0S"},{"entryId":20056,"stageTimeMs":3842300,"stageTime":"PT1H4M2.3S","penaltyTimeMs":0,"penaltyTime":"PT0S","totalTimeMs":3842300,"totalTime":"PT1H4M2.3S","position":2,"diffFirstMs":1200,"diffFirst":"PT1.2S","diffPrevMs":1200,"diffPrev":"PT1.2S"},{"entryId":20055,"stageTimeMs":3843500,"stageTime":"PT1H4M3.5S","penaltyTimeMs":0,"penaltyTime":"PT0S","totalTimeMs":3843500,"totalTime":"PT1H4M3.5S","position":3,"diffFirstMs":2400,"diffFirst":"PT2.4S","diffPrevMs":1200,"diffPrev":"PT1.2S"},{"entryId":20057,"stageTimeMs":3843700,"stageTime":"PT1H4M3.7S","penaltyTimeMs":0,"penaltyTime":"PT0S","totalTimeMs":3843700,"totalTime":"PT1H4M3.7S","position":4,"diffFirstMs":2600,"diffFirst":"PT2.6S","diffPrevMs":200,"diffPrev":"PT0.2S"},{"entryId":20063,"stageTimeMs":3855300,"stageTime":"PT1H4M15.3S","penaltyTimeMs":0,"penaltyTime":"PT0S","totalTimeMs":3855300,"totalTime":"PT1H4M15.3S","position":5,"diffFirstMs":14200,"diffFirst":"PT14.2S","diffPrevMs":11600,"diffPrev":"PT11.6S"},{"entryId":20064,"stageTimeMs":3855700,"stageTime":"PT1H4M15.7S","penaltyTimeMs":0,"penaltyTime":"PT0S","totalTimeMs":3855700,"totalTime":"PT1H4M15.7S","position":6,"diffFirstMs":14600,"diffFirst":"PT14.6S","diffPrevMs":400,"diffPrev":"PT0.4S"},{"entryId":20053,"stageTimeMs":3856200,"stageTime":"PT1H4M16.2S","penaltyTimeMs":0,"penaltyTime":"PT0S","totalTimeMs":3856200,"totalTime":"PT1H4M16.2S","position":7,"diffFirstMs":15100,"diffFirst":"PT15.1S","diffPrevMs":500,"diffPrev":"PT0.5S"},{"entryId":20059,"stageTimeMs":3872000,"stageTime":"PT1H4M32S","penaltyTimeMs":0,"penaltyTime":"PT0S","totalTimeMs":3872000,"totalTime":"PT1H4M32S","position":8,"diffFirstMs":30900,"diffFirst":"PT30.9S","diffPrevMs":15800,"diffPrev":"PT15.8S"},{"entryId":20054,"stageTimeMs":3893700,"stageTime":"PT1H4M53.7S","penaltyTimeMs":0,"penaltyTime":"PT0S","totalTimeMs":3893700,"totalTime":"PT1H4M53.7S","position":9,"diffFirstMs":52600,"diffFirst":"PT52.6S","diffPrevMs":21700,"diffPrev":"PT21.7S"},{"entryId":20062,"stageTimeMs":3939400,"stageTime":"PT1H5M39.4S","penaltyTimeMs":0,"penaltyTime":"PT0S","totalTimeMs":3939400,"totalTime":"PT1H5M39.4S","position":10,"diffFirstMs":98300,"diffFirst":"PT1M38.3S","diffPrevMs":45700,"diffPrev":"PT45.7S"},{"entryId":20065,"stageTimeMs":4029700,"stageTime":"PT1H7M9.7S","penaltyTimeMs":0,"penaltyTime":"PT0S","totalTimeMs":4029700,"totalTime":"PT1H7M9.7S","position":11,"diffFirstMs":188600,"diffFirst":"PT3M8.6S","diffPrevMs":90300,"diffPrev":"PT1M30.3S"},{"entryId":20068,"stageTimeMs":4061300,"stageTime":"PT1H7M41.3S","penaltyTimeMs":0,"penaltyTime":"PT0S","totalTimeMs":4061300,"totalTime":"PT1H7M41.3S","position":12,"diffFirstMs":220200,"diffFirst":"PT3M40.2S","diffPrevMs":31600,"diffPrev":"PT31.6S"},{"entryId":20092,"stageTimeMs":4082500,"stageTime":"PT1H8M2.5S","penaltyTimeMs":0,"penaltyTime":"PT0S","totalTimeMs":4082500,"totalTime":"PT1H8M2.5S","position":13,"diffFirstMs":241400,"diffFirst":"PT4M1.4S","diffPrevMs":21200,"diffPrev":"PT21.2S"},{"entryId":20070,"stageTimeMs":4110900,"stageTime":"PT1H8M30.9S","penaltyTimeMs":0,"penaltyTime":"PT0S","totalTimeMs":4110900,"totalTime":"PT1H8M30.9S","position":14,"diffFirstMs":269800,"diffFirst":"PT4M29.8S","diffPrevMs":28400,"diffPrev":"PT28.4S"},{"entryId":20069,"stageTimeMs":4111000,"stageTime":"PT1H8M31S","penaltyTimeMs":0,"penaltyTime":"PT0S","totalTimeMs":4111000,"totalTime":"PT1H8M31S","position":15,"diffFirstMs":269900,"diffFirst":"PT4M29.9S","diffPrevMs":100,"diffPrev":"PT0.1S"},{"entryId":20075,"stageTimeMs":4138300,"stageTime":"PT1H8M58.3S","penaltyTimeMs":0,"penaltyTime":"PT0S","totalTimeMs":4138300,"totalTime":"PT1H8M58.3S","position":16,"diffFirstMs":297200,"diffFirst":"PT4M57.2S","diffPrevMs":27300,"diffPrev":"PT27.3S"},{"entryId":20067,"stageTimeMs":4164800,"stageTime":"PT1H9M24.8S","penaltyTimeMs":0,"penaltyTime":"PT0S","totalTimeMs":4164800,"totalTime":"PT1H9M24.8S","position":17,"diffFirstMs":323700,"diffFirst":"PT5M23.7S","diffPrevMs":26500,"diffPrev":"PT26.5S"},{"entryId":20074,"stageTimeMs":4182800,"stageTime":"PT1H9M42.8S","penaltyTimeMs":0,"penaltyTime":"PT0S","totalTimeMs":4182800,"totalTime":"PT1H9M42.8S","position":18,"diffFirstMs":341700,"diffFirst":"PT5M41.7S","diffPrevMs":18000,"diffPrev":"PT18S"},{"entryId":20096,"stageTimeMs":4204100,"stageTime":"PT1H10M4.1S","penaltyTimeMs":0,"penaltyTime":"PT0S","totalTimeMs":4204100,"totalTime":"PT1H10M4.1S","position":19,"diffFirstMs":363000,"diffFirst":"PT6M3S","diffPrevMs":21300,"diffPrev":"PT21.3S"},{"entryId":20093,"stageTimeMs":4262000,"stageTime":"PT1H11M2S","penaltyTimeMs":0,"penaltyTime":"PT0S","totalTimeMs":4262000,"totalTime":"PT1H11M2S","position":20,"diffFirstMs":420900,"diffFirst":"PT7M0.9S","diffPrevMs":57900,"diffPrev":"PT57.9S"},{"entryId":20071,"stageTimeMs":4460100,"stageTime":"PT1H14M20.1S","penaltyTimeMs":0,"penaltyTime":"PT0S","totalTimeMs":4460100,"totalTime":"PT1H14M20.1S","position":21,"diffFirstMs":619000,"diffFirst":"PT10M19S","diffPrevMs":198100,"diffPrev":"PT3M18.1S"},{"entryId":20079,"stageTimeMs":4461900,"stageTime":"PT1H14M21.9S","penaltyTimeMs":0,"penaltyTime":"PT0S","totalTimeMs":4461900,"totalTime":"PT1H14M21.9S","position":22,"diffFirstMs":620800,"diffFirst":"PT10M20.8S","diffPrevMs":1800,"diffPrev":"PT1.8S"},{"entryId":20078,"stageTimeMs":4486100,"stageTime":"PT1H14M46.1S","penaltyTimeMs":0,"penaltyTime":"PT0S","totalTimeMs":4486100,"totalTime":"PT1H14M46.1S","position":23,"diffFirstMs":645000,"diffFirst":"PT10M45S","diffPrevMs":24200,"diffPrev":"PT24.2S"},{"entryId":20080,"stageTimeMs":4489900,"stageTime":"PT1H14M49.9S","penaltyTimeMs":0,"penaltyTime":"PT0S","totalTimeMs":4489900,"totalTime":"PT1H14M49.9S","position":24,"diffFirstMs":648800,"diffFirst":"PT10M48.8S","diffPrevMs":3800,"diffPrev":"PT3.8S"},{"entryId":20082,"stageTimeMs":4504500,"stageTime":"PT1H15M4.5S","penaltyTimeMs":0,"penaltyTime":"PT0S","totalTimeMs":4504500,"totalTime":"PT1H15M4.5S","position":25,"diffFirstMs":663400,"diffFirst":"PT11M3.4S","diffPrevMs":14600,"diffPrev":"PT14.6S"},{"entryId":20084,"stageTimeMs":4516300,"stageTime":"PT1H15M16.3S","penaltyTimeMs":0,"penaltyTime":"PT0S","totalTimeMs":4516300,"totalTime":"PT1H15M16.3S","position":26,"diffFirstMs":675200,"diffFirst":"PT11M15.2S","diffPrevMs":11800,"diffPrev":"PT11.8S"},{"entryId":20090,"stageTimeMs":4518900,"stageTime":"PT1H15M18.9S","penaltyTimeMs":0,"penaltyTime":"PT0S","totalTimeMs":4518900,"totalTime":"PT1H15M18.9S","position":27,"diffFirstMs":677800,"diffFirst":"PT11M17.8S","diffPrevMs":2600,"diffPrev":"PT2.6S"},{"entryId":20106,"stageTimeMs":4527600,"stageTime":"PT1H15M27.6S","penaltyTimeMs":0,"penaltyTime":"PT0S","totalTimeMs":4527600,"totalTime":"PT1H15M27.6S","position":28,"diffFirstMs":686500,"diffFirst":"PT11M26.5S","diffPrevMs":8700,"diffPrev":"PT8.7S"},{"entryId":20099,"stageTimeMs":4543800,"stageTime":"PT1H15M43.8S","penaltyTimeMs":0,"penaltyTime":"PT0S","totalTimeMs":4543800,"totalTime":"PT1H15M43.8S","position":29,"diffFirstMs":702700,"diffFirst":"PT11M42.7S","diffPrevMs":16200,"diffPrev":"PT16.2S"},{"entryId":20103,"stageTimeMs":4547700,"stageTime":"PT1H15M47.7S","penaltyTimeMs":0,"penaltyTime":"PT0S","totalTimeMs":4547700,"totalTime":"PT1H15M47.7S","position":30,"diffFirstMs":706600,"diffFirst":"PT11M46.6S","diffPrevMs":3900,"diffPrev":"PT3.9S"},{"entryId":20098,"stageTimeMs":4550600,"stageTime":"PT1H15M50.6S","penaltyTimeMs":0,"penaltyTime":"PT0S","totalTimeMs":4550600,"totalTime":"PT1H15M50.6S","position":31,"diffFirstMs":709500,"diffFirst":"PT11M49.5S","diffPrevMs":2900,"diffPrev":"PT2.9S"},{"entryId":20091,"stageTimeMs":4562900,"stageTime":"PT1H16M2.9S","penaltyTimeMs":0,"penaltyTime":"PT0S","totalTimeMs":4562900,"totalTime":"PT1H16M2.9S","position":32,"diffFirstMs":721800,"diffFirst":"PT12M1.8S","diffPrevMs":12300,"diffPrev":"PT12.3S"},{"entryId":20072,"stageTimeMs":4577000,"stageTime":"PT1H16M17S","penaltyTimeMs":0,"penaltyTime":"PT0S","totalTimeMs":4577000,"totalTime":"PT1H16M17S","position":33,"diffFirstMs":735900,"diffFirst":"PT12M15.9S","diffPrevMs":14100,"diffPrev":"PT14.1S"},{"entryId":20060,"stageTimeMs":4611800,"stageTime":"PT1H16M51.8S","penaltyTimeMs":0,"penaltyTime":"PT0S","totalTimeMs":4611800,"totalTime":"PT1H16M51.8S","position":34,"diffFirstMs":770700,"diffFirst":"PT12M50.7S","diffPrevMs":34800,"diffPrev":"PT34.8S"},{"entryId":20100,"stageTimeMs":4624600,"stageTime":"PT1H17M4.6S","penaltyTimeMs":0,"penaltyTime":"PT0S","totalTimeMs":4624600,"totalTime":"PT1H17M4.6S","position":35,"diffFirstMs":783500,"diffFirst":"PT13M3.5S","diffPrevMs":12800,"diffPrev":"PT12.8S"},{"entryId":20109,"stageTimeMs":4639600,"stageTime":"PT1H17M19.6S","penaltyTimeMs":0,"penaltyTime":"PT0S","totalTimeMs":4639600,"totalTime":"PT1H17M19.6S","position":36,"diffFirstMs":798500,"diffFirst":"PT13M18.5S","diffPrevMs":15000,"diffPrev":"PT15S"},{"entryId":20107,"stageTimeMs":4646700,"stageTime":"PT1H17M26.7S","penaltyTimeMs":0,"penaltyTime":"PT0S","totalTimeMs":4646700,"totalTime":"PT1H17M26.7S","position":37,"diffFirstMs":805600,"diffFirst":"PT13M25.6S","diffPrevMs":7100,"diffPrev":"PT7.1S"},{"entryId":20081,"stageTimeMs":4647100,"stageTime":"PT1H17M27.1S","penaltyTimeMs":0,"penaltyTime":"PT0S","totalTimeMs":4647100,"totalTime":"PT1H17M27.1S","position":38,"diffFirstMs":806000,"diffFirst":"PT13M26S","diffPrevMs":400,"diffPrev":"PT0.4S"},{"entryId":20088,"stageTimeMs":4700200,"stageTime":"PT1H18M20.2S","penaltyTimeMs":0,"penaltyTime":"PT0S","totalTimeMs":4700200,"totalTime":"PT1H18M20.2S","position":39,"diffFirstMs":859100,"diffFirst":"PT14M19.1S","diffPrevMs":53100,"diffPrev":"PT53.1S"},{"entryId":20104,"stageTimeMs":4724400,"stageTime":"PT1H18M44.4S","penaltyTimeMs":0,"penaltyTime":"PT0S","totalTimeMs":4724400,"totalTime":"PT1H18M44.4S","position":40,"diffFirstMs":883300,"diffFirst":"PT14M43.3S","diffPrevMs":24200,"diffPrev":"PT24.2S"},{"entryId":20087,"stageTimeMs":4807100,"stageTime":"PT1H20M7.1S","penaltyTimeMs":0,"penaltyTime":"PT0S","totalTimeMs":4807100,"totalTime":"PT1H20M7.1S","position":41,"diffFirstMs":966000,"diffFirst":"PT16M6S","diffPrevMs":82700,"diffPrev":"PT1M22.7S"},{"entryId":20108,"stageTimeMs":4816800,"stageTime":"PT1H20M16.8S","penaltyTimeMs":0,"penaltyTime":"PT0S","totalTimeMs":4816800,"totalTime":"PT1H20M16.8S","position":42,"diffFirstMs":975700,"diffFirst":"PT16M15.7S","diffPrevMs":9700,"diffPrev":"PT9.7S"},{"entryId":20112,"stageTimeMs":4831300,"stageTime":"PT1H20M31.3S","penaltyTimeMs":0,"penaltyTime":"PT0S","totalTimeMs":4831300,"totalTime":"PT1H20M31.3S","position":43,"diffFirstMs":990200,"diffFirst":"PT16M30.2S","diffPrevMs":14500,"diffPrev":"PT14.5S"},{"entryId":20111,"stageTimeMs":4851700,"stageTime":"PT1H20M51.7S","penaltyTimeMs":0,"penaltyTime":"PT0S","totalTimeMs":4851700,"totalTime":"PT1H20M51.7S","position":44,"diffFirstMs":1010600,"diffFirst":"PT16M50.6S","diffPrevMs":20400,"diffPrev":"PT20.4S"},{"entryId":20089,"stageTimeMs":4880100,"stageTime":"PT1H21M20.1S","penaltyTimeMs":0,"penaltyTime":"PT0S","totalTimeMs":4880100,"totalTime":"PT1H21M20.1S","position":45,"diffFirstMs":1039000,"diffFirst":"PT17M19S","diffPrevMs":28400,"diffPrev":"PT28.4S"},{"entryId":20105,"stageTimeMs":4917200,"stageTime":"PT1H21M57.2S","penaltyTimeMs":0,"penaltyTime":"PT0S","totalTimeMs":4917200,"totalTime":"PT1H21M57.2S","position":46,"diffFirstMs":1076100,"diffFirst":"PT17M56.1S","diffPrevMs":37100,"diffPrev":"PT37.1S"},{"entryId":20086,"stageTimeMs":5105900,"stageTime":"PT1H25M5.9S","penaltyTimeMs":0,"penaltyTime":"PT0S","totalTimeMs":5105900,"totalTime":"PT1H25M5.9S","position":47,"diffFirstMs":1264800,"diffFirst":"PT21M4.8S","diffPrevMs":188700,"diffPrev":"PT3M8.7S"},{"entryId":20113,"stageTimeMs":5205100,"stageTime":"PT1H26M45.1S","penaltyTimeMs":0,"penaltyTime":"PT0S","totalTimeMs":5205100,"totalTime":"PT1H26M45.1S","position":48,"diffFirstMs":1364000,"diffFirst":"PT22M44S","diffPrevMs":99200,"diffPrev":"PT1M39.2S"},{"entryId":20110,"stageTimeMs":5372200,"stageTime":"PT1H29M32.2S","penaltyTimeMs":0,"penaltyTime":"PT0S","totalTimeMs":5372200,"totalTime":"PT1H29M32.2S","position":49,"diffFirstMs":1531100,"diffFirst":"PT25M31.1S","diffPrevMs":167100,"diffPrev":"PT2M47.1S"},{"entryId":20114,"stageTimeMs":5573700,"stageTime":"PT1H32M53.7S","penaltyTimeMs":0,"penaltyTime":"PT0S","totalTimeMs":5573700,"totalTime":"PT1H32M53.7S","position":50,"diffFirstMs":1732600,"diffFirst":"PT28M52.6S","diffPrevMs":201500,"diffPrev":"PT3M21.5S"},{"entryId":20115,"stageTimeMs":5635700,"stageTime":"PT1H33M55.7S","penaltyTimeMs":20000,"penaltyTime":"PT20S","totalTimeMs":5655700,"totalTime":"PT1H34M15.7S","position":51,"diffFirstMs":1814600,"diffFirst":"PT30M14.6S","diffPrevMs":82000,"diffPrev":"PT1M22S"},{"entryId":20097,"stageTimeMs":6349000,"stageTime":"PT1H45M49S","penaltyTimeMs":0,"penaltyTime":"PT0S","totalTimeMs":6349000,"totalTime":"PT1H45M49S","position":52,"diffFirstMs":2507900,"diffFirst":"PT41M47.9S","diffPrevMs":693300,"diffPrev":"PT11M33.3S"},{"entryId":20083,"stageTimeMs":6671200,"stageTime":"PT1H51M11.2S","penaltyTimeMs":0,"penaltyTime":"PT0S","totalTimeMs":6671200,"totalTime":"PT1H51M11.2S","position":53,"diffFirstMs":2830100,"diffFirst":"PT47M10.1S","diffPrevMs":322200,"diffPrev":"PT5M22.2S"},{"entryId":20077,"stageTimeMs":7471900,"stageTime":"PT2H4M31.9S","penaltyTimeMs":0,"penaltyTime":"PT0S","totalTimeMs":7471900,"totalTime":"PT2H4M31.9S","position":54,"diffFirstMs":3630800,"diffFirst":"PT1H30.8S","diffPrevMs":800700,"diffPrev":"PT13M20.7S"},{"entryId":20073,"stageTimeMs":7828000,"stageTime":"PT2H10M28S","penaltyTimeMs":0,"penaltyTime":"PT0S","totalTimeMs":7828000,"totalTime":"PT2H10M28S","position":55,"diffFirstMs":3986900,"diffFirst":"PT1H6M26.9S","diffPrevMs":356100,"diffPrev":"PT5M56.1S"},{"entryId":20101,"stageTimeMs":7842600,"stageTime":"PT2H10M42.6S","penaltyTimeMs":50000,"penaltyTime":"PT50S","totalTimeMs":7892600,"totalTime":"PT2H11M32.6S","position":56,"diffFirstMs":4051500,"diffFirst":"PT1H7M31.5S","diffPrevMs":64600,"diffPrev":"PT1M4.6S"},{"entryId":20102,"stageTimeMs":8289500,"stageTime":"PT2H18M9.5S","penaltyTimeMs":0,"penaltyTime":"PT0S","totalTimeMs":8289500,"totalTime":"PT2H18M9.5S","position":57,"diffFirstMs":4448400,"diffFirst":"PT1H14M8.4S","diffPrevMs":396900,"diffPrev":"PT6M36.9S"},{"entryId":20116,"stageTimeMs":9458900,"stageTime":"PT2H37M38.9S","penaltyTimeMs":0,"penaltyTime":"PT0S","totalTimeMs":9458900,"totalTime":"PT2H37M38.9S","position":58,"diffFirstMs":5617800,"diffFirst":"PT1H33M37.8S","diffPrevMs":1169400,"diffPrev":"PT19M29.4S"}]