[{"startDateTime":"2019-02-16T07:35:00","startDateTimeLocal":"2019-02-16T08:35:00+01:00","stageTimeDurationMs":775600,"stageTimeDuration":"00:12:55.6000000","splitPointTimeId":63007,"splitPointId":1898,"entryId":3537,"elapsedDurationMs":358100,"elapsedDuration":"PT5M58.1S","splitDateTime":"2019-02-16T07:40:58.1","splitDateTimeLocal":"2019-02-16T08:40:58.1+01:00"},{"startDateTime":"2019-02-16T07:37:00","startDateTimeLocal":"2019-02-16T08:37:00+01:00","stageTimeDurationMs":753100,"stageTimeDuration":"00:12:33.1000000","splitPointTimeId":63008,"splitPointId":1898,"entryId":3526,"elapsedDurationMs":349700,"elapsedDuration":"PT5M49.7S","splitDateTime":"2019-02-16T07:42:49.7","splitDateTimeLocal":"2019-02-16T08:42:49.7+01:00"},{"startDateTime":"2019-02-16T07:39:00","startDateTimeLocal":"2019-02-16T08:39:00+01:00","stageTimeDurationMs":761500,"stageTimeDuration":"00:12:41.5000000","splitPointTimeId":63020,"splitPointId":1898,"entryId":3532,"elapsedDurationMs":351500,"elapsedDuration":"PT5M51.5S","splitDateTime":"2019-02-16T07:44:51.5","splitDateTimeLocal":"2019-02-16T08:44:51.5+01:00"},{"startDateTime":"2019-02-16T07:41:00","startDateTimeLocal":"2019-02-16T08:41:00+01:00","stageTimeDurationMs":801500,"stageTimeDuration":"00:13:21.5000000","splitPointTimeId":63033,"splitPointId":1898,"entryId":3536,"elapsedDurationMs":373600,"elapsedDuration":"PT6M13.6S","splitDateTime":"2019-02-16T07:47:13.6","splitDateTimeLocal":"2019-02-16T08:47:13.6+01:00"},{"startDateTime":"2019-02-16T07:43:00","startDateTimeLocal":"2019-02-16T08:43:00+01:00","stageTimeDurationMs":789500,"stageTimeDuration":"00:13:09.5000000","splitPointTimeId":63041,"splitPointId":1898,"entryId":3539,"elapsedDurationMs":365600,"elapsedDuration":"PT6M5.6S","splitDateTime":"2019-02-16T07:49:05.6","splitDateTimeLocal":"2019-02-16T08:49:05.6+01:00"},{"startDateTime":"2019-02-16T07:45:00","startDateTimeLocal":"2019-02-16T08:45:00+01:00","stageTimeDurationMs":785200,"stageTimeDuration":"00:13:05.2000000","splitPointTimeId":63054,"splitPointId":1898,"entryId":3530,"elapsedDurationMs":363700,"elapsedDuration":"PT6M3.7S","splitDateTime":"2019-02-16T07:51:03.7","splitDateTimeLocal":"2019-02-16T08:51:03.7+01:00"},{"startDateTime":"2019-02-16T07:47:00","startDateTimeLocal":"2019-02-16T08:47:00+01:00","stageTimeDurationMs":760400,"stageTimeDuration":"00:12:40.4000000","splitPointTimeId":63065,"splitPointId":1898,"entryId":3529,"elapsedDurationMs":354700,"elapsedDuration":"PT5M54.7S","splitDateTime":"2019-02-16T07:52:54.7","splitDateTimeLocal":"2019-02-16T08:52:54.7+01:00"},{"startDateTime":"2019-02-16T07:49:00","startDateTimeLocal":"2019-02-16T08:49:00+01:00","stageTimeDurationMs":758500,"stageTimeDuration":"00:12:38.5000000","splitPointTimeId":63075,"splitPointId":1898,"entryId":3533,"elapsedDurationMs":353400,"elapsedDuration":"PT5M53.4S","splitDateTime":"2019-02-16T07:54:53.4","splitDateTimeLocal":"2019-02-16T08:54:53.4+01:00"},{"startDateTime":"2019-02-16T07:51:00","startDateTimeLocal":"2019-02-16T08:51:00+01:00","stageTimeDurationMs":772800,"stageTimeDuration":"00:12:52.8000000","splitPointTimeId":63089,"splitPointId":1898,"entryId":3534,"elapsedDurationMs":359800,"elapsedDuration":"PT5M59.8S","splitDateTime":"2019-02-16T07:56:59.8","splitDateTimeLocal":"2019-02-16T08:56:59.8+01:00"},{"startDateTime":"2019-02-16T07:53:00","startDateTimeLocal":"2019-02-16T08:53:00+01:00","stageTimeDurationMs":762300,"stageTimeDuration":"00:12:42.3000000","splitPointTimeId":63098,"splitPointId":1898,"entryId":3528,"elapsedDurationMs":354700,"elapsedDuration":"PT5M54.7S","splitDateTime":"2019-02-16T07:58:54.7","splitDateTimeLocal":"2019-02-16T08:58:54.7+01:00"},{"startDateTime":"2019-02-16T07:55:00","startDateTimeLocal":"2019-02-16T08:55:00+01:00","stageTimeDurationMs":770800,"stageTimeDuration":"00:12:50.8000000","splitPointTimeId":63109,"splitPointId":1898,"entryId":3535,"elapsedDurationMs":358500,"elapsedDuration":"PT5M58.5S","splitDateTime":"2019-02-16T08:00:58.5","splitDateTimeLocal":"2019-02-16T09:00:58.5+01:00"},{"startDateTime":"2019-02-16T07:57:00","startDateTimeLocal":"2019-02-16T08:57:00+01:00","stageTimeDurationMs":767300,"stageTimeDuration":"00:12:47.3000000","splitPointTimeId":63118,"splitPointId":1898,"entryId":3538,"elapsedDurationMs":355000,"elapsedDuration":"PT5M55S","splitDateTime":"2019-02-16T08:02:55","splitDateTimeLocal":"2019-02-16T09:02:55+01:00"},{"startDateTime":"2019-02-16T07:59:00","startDateTimeLocal":"2019-02-16T08:59:00+01:00","stageTimeDurationMs":755000,"stageTimeDuration":"00:12:35","splitPointTimeId":63125,"splitPointId":1898,"entryId":3531,"elapsedDurationMs":350900,"elapsedDuration":"PT5M50.9S","splitDateTime":"2019-02-16T08:04:50.9","splitDateTimeLocal":"2019-02-16T09:04:50.9+01:00"},{"startDateTime":"2019-02-16T08:01:00","startDateTimeLocal":"2019-02-16T09:01:00+01:00","stageTimeDurationMs":842100,"stageTimeDuration":"00:14:02.1000000","splitPointTimeId":63134,"splitPointId":1898,"entryId":3527,"elapsedDurationMs":353700,"elapsedDuration":"PT5M53.7S","splitDateTime":"2019-02-16T08:06:53.7","splitDateTimeLocal":"2019-02-16T09:06:53.7+01:00"},{"startDateTime":"2019-02-16T08:02:00","startDateTimeLocal":"2019-02-16T09:02:00+01:00","stageTimeDurationMs":795700,"stageTimeDuration":"00:13:15.7000000","splitPointTimeId":63141,"splitPointId":1898,"entryId":3540,"elapsedDurationMs":369400,"elapsedDuration":"PT6M9.4S","splitDateTime":"2019-02-16T08:08:09.4","splitDateTimeLocal":"2019-02-16T09:08:09.4+01:00"},{"startDateTime":"2019-02-16T08:03:00","startDateTimeLocal":"2019-02-16T09:03:00+01:00","stageTimeDurationMs":791800,"stageTimeDuration":"00:13:11.8000000","splitPointTimeId":63145,"splitPointId":1898,"entryId":3541,"elapsedDurationMs":367000,"elapsedDuration":"PT6M7S","splitDateTime":"2019-02-16T08:09:07","splitDateTimeLocal":"2019-02-16T09:09:07+01:00"},{"startDateTime":"2019-02-16T08:04:00","startDateTimeLocal":"2019-02-16T09:04:00+01:00","stageTimeDurationMs":835500,"stageTimeDuration":"00:13:55.5000000","splitPointTimeId":63149,"splitPointId":1898,"entryId":3543,"elapsedDurationMs":374400,"elapsedDuration":"PT6M14.4S","splitDateTime":"2019-02-16T08:10:14.4","splitDateTimeLocal":"2019-02-16T09:10:14.4+01:00"},{"startDateTime":"2019-02-16T08:09:00","startDateTimeLocal":"2019-02-16T09:09:00+01:00","stageTimeDurationMs":795100,"stageTimeDuration":"00:13:15.1000000","splitPointTimeId":63162,"splitPointId":1898,"entryId":3546,"elapsedDurationMs":369400,"elapsedDuration":"PT6M9.4S","splitDateTime":"2019-02-16T08:15:09.4","splitDateTimeLocal":"2019-02-16T09:15:09.4+01:00"},{"startDateTime":"2019-02-16T08:10:00","startDateTimeLocal":"2019-02-16T09:10:00+01:00","stageTimeDurationMs":790700,"stageTimeDuration":"00:13:10.7000000","splitPointTimeId":63164,"splitPointId":1898,"entryId":3551,"elapsedDurationMs":366500,"elapsedDuration":"PT6M6.5S","splitDateTime":"2019-02-16T08:16:06.5","splitDateTimeLocal":"2019-02-16T09:16:06.5+01:00"},{"startDateTime":"2019-02-16T08:11:00","startDateTimeLocal":"2019-02-16T09:11:00+01:00","stageTimeDurationMs":789400,"stageTimeDuration":"00:13:09.4000000","splitPointTimeId":63167,"splitPointId":1898,"entryId":3550,"elapsedDurationMs":365400,"elapsedDuration":"PT6M5.4S","splitDateTime":"2019-02-16T08:17:05.4","splitDateTimeLocal":"2019-02-16T09:17:05.4+01:00"},{"startDateTime":"2019-02-16T08:12:00","startDateTimeLocal":"2019-02-16T09:12:00+01:00","stageTimeDurationMs":798200,"stageTimeDuration":"00:13:18.2000000","splitPointTimeId":63170,"splitPointId":1898,"entryId":3552,"elapsedDurationMs":371100,"elapsedDuration":"PT6M11.1S","splitDateTime":"2019-02-16T08:18:11.1","splitDateTimeLocal":"2019-02-16T09:18:11.1+01:00"},{"startDateTime":"2019-02-16T08:13:00","startDateTimeLocal":"2019-02-16T09:13:00+01:00","stageTimeDurationMs":798900,"stageTimeDuration":"00:13:18.9000000","splitPointTimeId":63173,"splitPointId":1898,"entryId":3549,"elapsedDurationMs":369400,"elapsedDuration":"PT6M9.4S","splitDateTime":"2019-02-16T08:19:09.4","splitDateTimeLocal":"2019-02-16T09:19:09.4+01:00"},{"startDateTime":"2019-02-16T08:14:00","startDateTimeLocal":"2019-02-16T09:14:00+01:00","stageTimeDurationMs":805200,"stageTimeDuration":"00:13:25.2000000","splitPointTimeId":63176,"splitPointId":1898,"entryId":3548,"elapsedDurationMs":373500,"elapsedDuration":"PT6M13.5S","splitDateTime":"2019-02-16T08:20:13.5","splitDateTimeLocal":"2019-02-16T09:20:13.5+01:00"},{"startDateTime":"2019-02-16T08:15:00","startDateTimeLocal":"2019-02-16T09:15:00+01:00","stageTimeDurationMs":812300,"stageTimeDuration":"00:13:32.3000000","splitPointTimeId":63180,"splitPointId":1898,"entryId":3562,"elapsedDurationMs":374200,"elapsedDuration":"PT6M14.2S","splitDateTime":"2019-02-16T08:21:14.2","splitDateTimeLocal":"2019-02-16T09:21:14.2+01:00"},{"startDateTime":"2019-02-16T08:17:00","startDateTimeLocal":"2019-02-16T09:17:00+01:00","stageTimeDurationMs":810500,"stageTimeDuration":"00:13:30.5000000","splitPointTimeId":63187,"splitPointId":1898,"entryId":3547,"elapsedDurationMs":374600,"elapsedDuration":"PT6M14.6S","splitDateTime":"2019-02-16T08:23:14.6","splitDateTimeLocal":"2019-02-16T09:23:14.6+01:00"},{"startDateTime":"2019-02-16T08:16:00","startDateTimeLocal":"2019-02-16T09:16:00+01:00","stageTimeDurationMs":913800,"stageTimeDuration":"00:15:13.8000000","splitPointTimeId":63191,"splitPointId":1898,"entryId":3545,"elapsedDurationMs":480500,"elapsedDuration":"PT8M0.5S","splitDateTime":"2019-02-16T08:24:00.5","splitDateTimeLocal":"2019-02-16T09:24:00.5+01:00"},{"startDateTime":"2019-02-16T08:18:00","startDateTimeLocal":"2019-02-16T09:18:00+01:00","stageTimeDurationMs":810800,"stageTimeDuration":"00:13:30.8000000","splitPointTimeId":63195,"splitPointId":1898,"entryId":3554,"elapsedDurationMs":374300,"elapsedDuration":"PT6M14.3S","splitDateTime":"2019-02-16T08:24:14.3","splitDateTimeLocal":"2019-02-16T09:24:14.3+01:00"},{"startDateTime":"2019-02-16T08:19:00","startDateTimeLocal":"2019-02-16T09:19:00+01:00","stageTimeDurationMs":823900,"stageTimeDuration":"00:13:43.9000000","splitPointTimeId":63196,"splitPointId":1898,"entryId":3555,"elapsedDurationMs":382600,"elapsedDuration":"PT6M22.6S","splitDateTime":"2019-02-16T08:25:22.6","splitDateTimeLocal":"2019-02-16T09:25:22.6+01:00"},{"startDateTime":"2019-02-16T08:20:00","startDateTimeLocal":"2019-02-16T09:20:00+01:00","stageTimeDurationMs":824600,"stageTimeDuration":"00:13:44.6000000","splitPointTimeId":63200,"splitPointId":1898,"entryId":3559,"elapsedDurationMs":379000,"elapsedDuration":"PT6M19S","splitDateTime":"2019-02-16T08:26:19","splitDateTimeLocal":"2019-02-16T09:26:19+01:00"},{"startDateTime":"2019-02-16T08:21:00","startDateTimeLocal":"2019-02-16T09:21:00+01:00","stageTimeDurationMs":853400,"stageTimeDuration":"00:14:13.4000000","splitPointTimeId":63203,"splitPointId":1898,"entryId":3581,"elapsedDurationMs":391500,"elapsedDuration":"PT6M31.5S","splitDateTime":"2019-02-16T08:27:31.5","splitDateTimeLocal":"2019-02-16T09:27:31.5+01:00"},{"startDateTime":"2019-02-16T08:22:00","startDateTimeLocal":"2019-02-16T09:22:00+01:00","stageTimeDurationMs":864100,"stageTimeDuration":"00:14:24.1000000","splitPointTimeId":63211,"splitPointId":1898,"entryId":3561,"elapsedDurationMs":400900,"elapsedDuration":"PT6M40.9S","splitDateTime":"2019-02-16T08:28:40.9","splitDateTimeLocal":"2019-02-16T09:28:40.9+01:00"},{"startDateTime":"2019-02-16T08:23:00","startDateTimeLocal":"2019-02-16T09:23:00+01:00","stageTimeDurationMs":858200,"stageTimeDuration":"00:14:18.2000000","splitPointTimeId":63213,"splitPointId":1898,"entryId":3563,"elapsedDurationMs":398100,"elapsedDuration":"PT6M38.1S","splitDateTime":"2019-02-16T08:29:38.1","splitDateTimeLocal":"2019-02-16T09:29:38.1+01:00"},{"startDateTime":"2019-02-16T08:24:00","startDateTimeLocal":"2019-02-16T09:24:00+01:00","stageTimeDurationMs":848000,"stageTimeDuration":"00:14:08","splitPointTimeId":63217,"splitPointId":1898,"entryId":3576,"elapsedDurationMs":380600,"elapsedDuration":"PT6M20.6S","splitDateTime":"2019-02-16T08:30:20.6","splitDateTimeLocal":"2019-02-16T09:30:20.6+01:00"},{"startDateTime":"2019-02-16T08:25:00","startDateTimeLocal":"2019-02-16T09:25:00+01:00","stageTimeDurationMs":858700,"stageTimeDuration":"00:14:18.7000000","splitPointTimeId":63221,"splitPointId":1898,"entryId":3560,"elapsedDurationMs":391000,"elapsedDuration":"PT6M31S","splitDateTime":"2019-02-16T08:31:31","splitDateTimeLocal":"2019-02-16T09:31:31+01:00"},{"startDateTime":"2019-02-16T08:26:00","startDateTimeLocal":"2019-02-16T09:26:00+01:00","stageTimeDurationMs":866900,"stageTimeDuration":"00:14:26.9000000","splitPointTimeId":63225,"splitPointId":1898,"entryId":3566,"elapsedDurationMs":401800,"elapsedDuration":"PT6M41.8S","splitDateTime":"2019-02-16T08:32:41.8","splitDateTimeLocal":"2019-02-16T09:32:41.8+01:00"},{"startDateTime":"2019-02-16T08:27:00","startDateTimeLocal":"2019-02-16T09:27:00+01:00","stageTimeDurationMs":860000,"stageTimeDuration":"00:14:20","splitPointTimeId":63227,"splitPointId":1898,"entryId":3584,"elapsedDurationMs":391200,"elapsedDuration":"PT6M31.2S","splitDateTime":"2019-02-16T08:33:31.2","splitDateTimeLocal":"2019-02-16T09:33:31.2+01:00"},{"startDateTime":"2019-02-16T08:29:00","startDateTimeLocal":"2019-02-16T09:29:00+01:00","stageTimeDurationMs":842600,"stageTimeDuration":"00:14:02.6000000","splitPointTimeId":63233,"splitPointId":1898,"entryId":3578,"elapsedDurationMs":388100,"elapsedDuration":"PT6M28.1S","splitDateTime":"2019-02-16T08:35:28.1","splitDateTimeLocal":"2019-02-16T09:35:28.1+01:00"},{"startDateTime":"2019-02-16T08:30:00","startDateTimeLocal":"2019-02-16T09:30:00+01:00","stageTimeDurationMs":993600,"stageTimeDuration":"00:16:33.6000000","splitPointTimeId":63238,"splitPointId":1898,"entryId":3565,"elapsedDurationMs":450400,"elapsedDuration":"PT7M30.4S","splitDateTime":"2019-02-16T08:37:30.4","splitDateTimeLocal":"2019-02-16T09:37:30.4+01:00"},{"startDateTime":"2019-02-16T08:31:00","startDateTimeLocal":"2019-02-16T09:31:00+01:00","stageTimeDurationMs":892400,"stageTimeDuration":"00:14:52.4000000","splitPointTimeId":63241,"splitPointId":1898,"entryId":3567,"elapsedDurationMs":407000,"elapsedDuration":"PT6M47S","splitDateTime":"2019-02-16T08:37:47","splitDateTimeLocal":"2019-02-16T09:37:47+01:00"},{"startDateTime":"2019-02-16T08:32:00","startDateTimeLocal":"2019-02-16T09:32:00+01:00","stageTimeDurationMs":882400,"stageTimeDuration":"00:14:42.4000000","splitPointTimeId":63244,"splitPointId":1898,"entryId":3558,"elapsedDurationMs":404900,"elapsedDuration":"PT6M44.9S","splitDateTime":"2019-02-16T08:38:44.9","splitDateTimeLocal":"2019-02-16T09:38:44.9+01:00"},{"startDateTime":"2019-02-16T08:34:00","startDateTimeLocal":"2019-02-16T09:34:00+01:00","stageTimeDurationMs":868300,"stageTimeDuration":"00:14:28.3000000","splitPointTimeId":63246,"splitPointId":1898,"entryId":3568,"elapsedDurationMs":402200,"elapsedDuration":"PT6M42.2S","splitDateTime":"2019-02-16T08:40:42.2","splitDateTimeLocal":"2019-02-16T09:40:42.2+01:00"},{"startDateTime":"2019-02-16T08:35:00","startDateTimeLocal":"2019-02-16T09:35:00+01:00","stageTimeDurationMs":866200,"stageTimeDuration":"00:14:26.2000000","splitPointTimeId":63254,"splitPointId":1898,"entryId":3564,"elapsedDurationMs":402300,"elapsedDuration":"PT6M42.3S","splitDateTime":"2019-02-16T08:41:42.3","splitDateTimeLocal":"2019-02-16T09:41:42.3+01:00"},{"startDateTime":"2019-02-16T08:36:00","startDateTimeLocal":"2019-02-16T09:36:00+01:00","stageTimeDurationMs":887600,"stageTimeDuration":"00:14:47.6000000","splitPointTimeId":63260,"splitPointId":1898,"entryId":3570,"elapsedDurationMs":411100,"elapsedDuration":"PT6M51.1S","splitDateTime":"2019-02-16T08:42:51.1","splitDateTimeLocal":"2019-02-16T09:42:51.1+01:00"},{"startDateTime":"2019-02-16T08:37:00","startDateTimeLocal":"2019-02-16T09:37:00+01:00","stageTimeDurationMs":894700,"stageTimeDuration":"00:14:54.7000000","splitPointTimeId":63263,"splitPointId":1898,"entryId":3571,"elapsedDurationMs":413800,"elapsedDuration":"PT6M53.8S","splitDateTime":"2019-02-16T08:43:53.8","splitDateTimeLocal":"2019-02-16T09:43:53.8+01:00"},{"startDateTime":"2019-02-16T08:38:00","startDateTimeLocal":"2019-02-16T09:38:00+01:00","stageTimeDurationMs":860100,"stageTimeDuration":"00:14:20.1000000","splitPointTimeId":63267,"splitPointId":1898,"entryId":3557,"elapsedDurationMs":395200,"elapsedDuration":"PT6M35.2S","splitDateTime":"2019-02-16T08:44:35.2","splitDateTimeLocal":"2019-02-16T09:44:35.2+01:00"},{"startDateTime":"2019-02-16T08:39:00","startDateTimeLocal":"2019-02-16T09:39:00+01:00","stageTimeDurationMs":868700,"stageTimeDuration":"00:14:28.7000000","splitPointTimeId":63272,"splitPointId":1898,"entryId":3556,"elapsedDurationMs":400500,"elapsedDuration":"PT6M40.5S","splitDateTime":"2019-02-16T08:45:40.5","splitDateTimeLocal":"2019-02-16T09:45:40.5+01:00"},{"startDateTime":"2019-02-16T08:40:00","startDateTimeLocal":"2019-02-16T09:40:00+01:00","stageTimeDurationMs":905900,"stageTimeDuration":"00:15:05.9000000","splitPointTimeId":63279,"splitPointId":1898,"entryId":3585,"elapsedDurationMs":420200,"elapsedDuration":"PT7M0.2S","splitDateTime":"2019-02-16T08:47:00.2","splitDateTimeLocal":"2019-02-16T09:47:00.2+01:00"},{"startDateTime":"2019-02-16T08:41:00","startDateTimeLocal":"2019-02-16T09:41:00+01:00","stageTimeDurationMs":883000,"stageTimeDuration":"00:14:43","splitPointTimeId":63287,"splitPointId":1898,"entryId":3586,"elapsedDurationMs":409500,"elapsedDuration":"PT6M49.5S","splitDateTime":"2019-02-16T08:47:49.5","splitDateTimeLocal":"2019-02-16T09:47:49.5+01:00"},{"startDateTime":"2019-02-16T08:42:00","startDateTimeLocal":"2019-02-16T09:42:00+01:00","stageTimeDurationMs":911300,"stageTimeDuration":"00:15:11.3000000","splitPointTimeId":63293,"splitPointId":1898,"entryId":3580,"elapsedDurationMs":392100,"elapsedDuration":"PT6M32.1S","splitDateTime":"2019-02-16T08:48:32.1","splitDateTimeLocal":"2019-02-16T09:48:32.1+01:00"},{"startDateTime":"2019-02-16T08:43:00","startDateTimeLocal":"2019-02-16T09:43:00+01:00","stageTimeDurationMs":910300,"stageTimeDuration":"00:15:10.3000000","splitPointTimeId":63297,"splitPointId":1898,"entryId":3569,"elapsedDurationMs":420600,"elapsedDuration":"PT7M0.6S","splitDateTime":"2019-02-16T08:50:00.6","splitDateTimeLocal":"2019-02-16T09:50:00.6+01:00"},{"startDateTime":"2019-02-16T08:44:00","startDateTimeLocal":"2019-02-16T09:44:00+01:00","stageTimeDurationMs":903400,"stageTimeDuration":"00:15:03.4000000","splitPointTimeId":63301,"splitPointId":1898,"entryId":3575,"elapsedDurationMs":419000,"elapsedDuration":"PT6M59S","splitDateTime":"2019-02-16T08:50:59","splitDateTimeLocal":"2019-02-16T09:50:59+01:00"},{"startDateTime":"2019-02-16T08:45:00","startDateTimeLocal":"2019-02-16T09:45:00+01:00","stageTimeDurationMs":919800,"stageTimeDuration":"00:15:19.8000000","splitPointTimeId":63303,"splitPointId":1898,"entryId":3574,"elapsedDurationMs":422500,"elapsedDuration":"PT7M2.5S","splitDateTime":"2019-02-16T08:52:02.5","splitDateTimeLocal":"2019-02-16T09:52:02.5+01:00"},{"startDateTime":"2019-02-16T08:46:00","startDateTimeLocal":"2019-02-16T09:46:00+01:00","stageTimeDurationMs":935700,"stageTimeDuration":"00:15:35.7000000","splitPointTimeId":63312,"splitPointId":1898,"entryId":3573,"elapsedDurationMs":430800,"elapsedDuration":"PT7M10.8S","splitDateTime":"2019-02-16T08:53:10.8","splitDateTimeLocal":"2019-02-16T09:53:10.8+01:00"},{"startDateTime":"2019-02-16T08:48:00","startDateTimeLocal":"2019-02-16T09:48:00+01:00","stageTimeDurationMs":918500,"stageTimeDuration":"00:15:18.5000000","splitPointTimeId":63320,"splitPointId":1898,"entryId":3572,"elapsedDurationMs":423000,"elapsedDuration":"PT7M3S","splitDateTime":"2019-02-16T08:55:03","splitDateTimeLocal":"2019-02-16T09:55:03+01:00"},{"startDateTime":"2019-02-16T08:49:00","startDateTimeLocal":"2019-02-16T09:49:00+01:00","stageTimeDurationMs":930300,"stageTimeDuration":"00:15:30.3000000","splitPointTimeId":63325,"splitPointId":1898,"entryId":3587,"elapsedDurationMs":429300,"elapsedDuration":"PT7M9.3S","splitDateTime":"2019-02-16T08:56:09.3","splitDateTimeLocal":"2019-02-16T09:56:09.3+01:00"},{"startDateTime":"2019-02-16T08:50:00","startDateTimeLocal":"2019-02-16T09:50:00+01:00","stageTimeDurationMs":905100,"stageTimeDuration":"00:15:05.1000000","splitPointTimeId":63327,"splitPointId":1898,"entryId":3582,"elapsedDurationMs":415500,"elapsedDuration":"PT6M55.5S","splitDateTime":"2019-02-16T08:56:55.5","splitDateTimeLocal":"2019-02-16T09:56:55.5+01:00"},{"startDateTime":"2019-02-16T07:35:00","startDateTimeLocal":"2019-02-16T08:35:00+01:00","stageTimeDurationMs":775600,"stageTimeDuration":"00:12:55.6000000","splitPointTimeId":63009,"splitPointId":1900,"entryId":3537,"elapsedDurationMs":463100,"elapsedDuration":"PT7M43.1S","splitDateTime":"2019-02-16T07:42:43.1","splitDateTimeLocal":"2019-02-16T08:42:43.1+01:00"},{"startDateTime":"2019-02-16T07:37:00","startDateTimeLocal":"2019-02-16T08:37:00+01:00","stageTimeDurationMs":753100,"stageTimeDuration":"00:12:33.1000000","splitPointTimeId":63019,"splitPointId":1900,"entryId":3526,"elapsedDurationMs":450900,"elapsedDuration":"PT7M30.9S","splitDateTime":"2019-02-16T07:44:30.9","splitDateTimeLocal":"2019-02-16T08:44:30.9+01:00"},{"startDateTime":"2019-02-16T07:39:00","startDateTimeLocal":"2019-02-16T08:39:00+01:00","stageTimeDurationMs":761500,"stageTimeDuration":"00:12:41.5000000","splitPointTimeId":63028,"splitPointId":1900,"entryId":3532,"elapsedDurationMs":453600,"elapsedDuration":"PT7M33.6S","splitDateTime":"2019-02-16T07:46:33.6","splitDateTimeLocal":"2019-02-16T08:46:33.6+01:00"},{"startDateTime":"2019-02-16T07:41:00","startDateTimeLocal":"2019-02-16T08:41:00+01:00","stageTimeDurationMs":801500,"stageTimeDuration":"00:13:21.5000000","splitPointTimeId":63040,"splitPointId":1900,"entryId":3536,"elapsedDurationMs":481400,"elapsedDuration":"PT8M1.4S","splitDateTime":"2019-02-16T07:49:01.4","splitDateTimeLocal":"2019-02-16T08:49:01.4+01:00"},{"startDateTime":"2019-02-16T07:43:00","startDateTimeLocal":"2019-02-16T08:43:00+01:00","stageTimeDurationMs":789500,"stageTimeDuration":"00:13:09.5000000","splitPointTimeId":63053,"splitPointId":1900,"entryId":3539,"elapsedDurationMs":473300,"elapsedDuration":"PT7M53.3S","splitDateTime":"2019-02-16T07:50:53.3","splitDateTimeLocal":"2019-02-16T08:50:53.3+01:00"},{"startDateTime":"2019-02-16T07:45:00","startDateTimeLocal":"2019-02-16T08:45:00+01:00","stageTimeDurationMs":785200,"stageTimeDuration":"00:13:05.2000000","splitPointTimeId":63064,"splitPointId":1900,"entryId":3530,"elapsedDurationMs":471300,"elapsedDuration":"PT7M51.3S","splitDateTime":"2019-02-16T07:52:51.3","splitDateTimeLocal":"2019-02-16T08:52:51.3+01:00"},{"startDateTime":"2019-02-16T07:47:00","startDateTimeLocal":"2019-02-16T08:47:00+01:00","stageTimeDurationMs":760400,"stageTimeDuration":"00:12:40.4000000","splitPointTimeId":63077,"splitPointId":1900,"entryId":3529,"elapsedDurationMs":456400,"elapsedDuration":"PT7M36.4S","splitDateTime":"2019-02-16T07:54:36.4","splitDateTimeLocal":"2019-02-16T08:54:36.4+01:00"},{"startDateTime":"2019-02-16T07:49:00","startDateTimeLocal":"2019-02-16T08:49:00+01:00","stageTimeDurationMs":758500,"stageTimeDuration":"00:12:38.5000000","splitPointTimeId":63084,"splitPointId":1900,"entryId":3533,"elapsedDurationMs":455600,"elapsedDuration":"PT7M35.6S","splitDateTime":"2019-02-16T07:56:35.6","splitDateTimeLocal":"2019-02-16T08:56:35.6+01:00"},{"startDateTime":"2019-02-16T07:51:00","startDateTimeLocal":"2019-02-16T08:51:00+01:00","stageTimeDurationMs":772800,"stageTimeDuration":"00:12:52.8000000","splitPointTimeId":63097,"splitPointId":1900,"entryId":3534,"elapsedDurationMs":463400,"elapsedDuration":"PT7M43.4S","splitDateTime":"2019-02-16T07:58:43.4","splitDateTimeLocal":"2019-02-16T08:58:43.4+01:00"},{"startDateTime":"2019-02-16T07:53:00","startDateTimeLocal":"2019-02-16T08:53:00+01:00","stageTimeDurationMs":762300,"stageTimeDuration":"00:12:42.3000000","splitPointTimeId":63105,"splitPointId":1900,"entryId":3528,"elapsedDurationMs":457400,"elapsedDuration":"PT7M37.4S","splitDateTime":"2019-02-16T08:00:37.4","splitDateTimeLocal":"2019-02-16T09:00:37.4+01:00"},{"startDateTime":"2019-02-16T07:55:00","startDateTimeLocal":"2019-02-16T08:55:00+01:00","stageTimeDurationMs":770800,"stageTimeDuration":"00:12:50.8000000","splitPointTimeId":63113,"splitPointId":1900,"entryId":3535,"elapsedDurationMs":461900,"elapsedDuration":"PT7M41.9S","splitDateTime":"2019-02-16T08:02:41.9","splitDateTimeLocal":"2019-02-16T09:02:41.9+01:00"},{"startDateTime":"2019-02-16T07:57:00","startDateTimeLocal":"2019-02-16T08:57:00+01:00","stageTimeDurationMs":767300,"stageTimeDuration":"00:12:47.3000000","splitPointTimeId":63124,"splitPointId":1900,"entryId":3538,"elapsedDurationMs":458800,"elapsedDuration":"PT7M38.8S","splitDateTime":"2019-02-16T08:04:38.8","splitDateTimeLocal":"2019-02-16T09:04:38.8+01:00"},{"startDateTime":"2019-02-16T07:59:00","startDateTimeLocal":"2019-02-16T08:59:00+01:00","stageTimeDurationMs":755000,"stageTimeDuration":"00:12:35","splitPointTimeId":63131,"splitPointId":1900,"entryId":3531,"elapsedDurationMs":451800,"elapsedDuration":"PT7M31.8S","splitDateTime":"2019-02-16T08:06:31.8","splitDateTimeLocal":"2019-02-16T09:06:31.8+01:00"},{"startDateTime":"2019-02-16T08:01:00","startDateTimeLocal":"2019-02-16T09:01:00+01:00","stageTimeDurationMs":842100,"stageTimeDuration":"00:14:02.1000000","splitPointTimeId":63143,"splitPointId":1900,"entryId":3527,"elapsedDurationMs":456100,"elapsedDuration":"PT7M36.1S","splitDateTime":"2019-02-16T08:08:36.1","splitDateTimeLocal":"2019-02-16T09:08:36.1+01:00"},{"startDateTime":"2019-02-16T08:02:00","startDateTimeLocal":"2019-02-16T09:02:00+01:00","stageTimeDurationMs":795700,"stageTimeDuration":"00:13:15.7000000","splitPointTimeId":63147,"splitPointId":1900,"entryId":3540,"elapsedDurationMs":477400,"elapsedDuration":"PT7M57.4S","splitDateTime":"2019-02-16T08:09:57.4","splitDateTimeLocal":"2019-02-16T09:09:57.4+01:00"},{"startDateTime":"2019-02-16T08:03:00","startDateTimeLocal":"2019-02-16T09:03:00+01:00","stageTimeDurationMs":791800,"stageTimeDuration":"00:13:11.8000000","splitPointTimeId":63152,"splitPointId":1900,"entryId":3541,"elapsedDurationMs":475500,"elapsedDuration":"PT7M55.5S","splitDateTime":"2019-02-16T08:10:55.5","splitDateTimeLocal":"2019-02-16T09:10:55.5+01:00"},{"startDateTime":"2019-02-16T08:04:00","startDateTimeLocal":"2019-02-16T09:04:00+01:00","stageTimeDurationMs":835500,"stageTimeDuration":"00:13:55.5000000","splitPointTimeId":63155,"splitPointId":1900,"entryId":3543,"elapsedDurationMs":484500,"elapsedDuration":"PT8M4.5S","splitDateTime":"2019-02-16T08:12:04.5","splitDateTimeLocal":"2019-02-16T09:12:04.5+01:00"},{"startDateTime":"2019-02-16T08:09:00","startDateTimeLocal":"2019-02-16T09:09:00+01:00","stageTimeDurationMs":795100,"stageTimeDuration":"00:13:15.1000000","splitPointTimeId":63166,"splitPointId":1900,"entryId":3546,"elapsedDurationMs":478000,"elapsedDuration":"PT7M58S","splitDateTime":"2019-02-16T08:16:58","splitDateTimeLocal":"2019-02-16T09:16:58+01:00"},{"startDateTime":"2019-02-16T08:10:00","startDateTimeLocal":"2019-02-16T09:10:00+01:00","stageTimeDurationMs":790700,"stageTimeDuration":"00:13:10.7000000","splitPointTimeId":63169,"splitPointId":1900,"entryId":3551,"elapsedDurationMs":473300,"elapsedDuration":"PT7M53.3S","splitDateTime":"2019-02-16T08:17:53.3","splitDateTimeLocal":"2019-02-16T09:17:53.3+01:00"},{"startDateTime":"2019-02-16T08:11:00","startDateTimeLocal":"2019-02-16T09:11:00+01:00","stageTimeDurationMs":789400,"stageTimeDuration":"00:13:09.4000000","splitPointTimeId":63172,"splitPointId":1900,"entryId":3550,"elapsedDurationMs":472600,"elapsedDuration":"PT7M52.6S","splitDateTime":"2019-02-16T08:18:52.6","splitDateTimeLocal":"2019-02-16T09:18:52.6+01:00"},{"startDateTime":"2019-02-16T08:12:00","startDateTimeLocal":"2019-02-16T09:12:00+01:00","stageTimeDurationMs":798200,"stageTimeDuration":"00:13:18.2000000","splitPointTimeId":63175,"splitPointId":1900,"entryId":3552,"elapsedDurationMs":478700,"elapsedDuration":"PT7M58.7S","splitDateTime":"2019-02-16T08:19:58.7","splitDateTimeLocal":"2019-02-16T09:19:58.7+01:00"},{"startDateTime":"2019-02-16T08:13:00","startDateTimeLocal":"2019-02-16T09:13:00+01:00","stageTimeDurationMs":798900,"stageTimeDuration":"00:13:18.9000000","splitPointTimeId":63179,"splitPointId":1900,"entryId":3549,"elapsedDurationMs":477300,"elapsedDuration":"PT7M57.3S","splitDateTime":"2019-02-16T08:20:57.3","splitDateTimeLocal":"2019-02-16T09:20:57.3+01:00"},{"startDateTime":"2019-02-16T08:14:00","startDateTimeLocal":"2019-02-16T09:14:00+01:00","stageTimeDurationMs":805200,"stageTimeDuration":"00:13:25.2000000","splitPointTimeId":63183,"splitPointId":1900,"entryId":3548,"elapsedDurationMs":483200,"elapsedDuration":"PT8M3.2S","splitDateTime":"2019-02-16T08:22:03.2","splitDateTimeLocal":"2019-02-16T09:22:03.2+01:00"},{"startDateTime":"2019-02-16T08:15:00","startDateTimeLocal":"2019-02-16T09:15:00+01:00","stageTimeDurationMs":812300,"stageTimeDuration":"00:13:32.3000000","splitPointTimeId":63188,"splitPointId":1900,"entryId":3562,"elapsedDurationMs":485800,"elapsedDuration":"PT8M5.8S","splitDateTime":"2019-02-16T08:23:05.8","splitDateTimeLocal":"2019-02-16T09:23:05.8+01:00"},{"startDateTime":"2019-02-16T08:17:00","startDateTimeLocal":"2019-02-16T09:17:00+01:00","stageTimeDurationMs":810500,"stageTimeDuration":"00:13:30.5000000","splitPointTimeId":63194,"splitPointId":1900,"entryId":3547,"elapsedDurationMs":485000,"elapsedDuration":"PT8M5S","splitDateTime":"2019-02-16T08:25:05","splitDateTimeLocal":"2019-02-16T09:25:05+01:00"},{"startDateTime":"2019-02-16T08:16:00","startDateTimeLocal":"2019-02-16T09:16:00+01:00","stageTimeDurationMs":913800,"stageTimeDuration":"00:15:13.8000000","splitPointTimeId":63197,"splitPointId":1900,"entryId":3545,"elapsedDurationMs":591200,"elapsedDuration":"PT9M51.2S","splitDateTime":"2019-02-16T08:25:51.2","splitDateTimeLocal":"2019-02-16T09:25:51.2+01:00"},{"startDateTime":"2019-02-16T08:18:00","startDateTimeLocal":"2019-02-16T09:18:00+01:00","stageTimeDurationMs":810800,"stageTimeDuration":"00:13:30.8000000","splitPointTimeId":63198,"splitPointId":1900,"entryId":3554,"elapsedDurationMs":485700,"elapsedDuration":"PT8M5.7S","splitDateTime":"2019-02-16T08:26:05.7","splitDateTimeLocal":"2019-02-16T09:26:05.7+01:00"},{"startDateTime":"2019-02-16T08:19:00","startDateTimeLocal":"2019-02-16T09:19:00+01:00","stageTimeDurationMs":823900,"stageTimeDuration":"00:13:43.9000000","splitPointTimeId":63205,"splitPointId":1900,"entryId":3555,"elapsedDurationMs":496300,"elapsedDuration":"PT8M16.3S","splitDateTime":"2019-02-16T08:27:16.3","splitDateTimeLocal":"2019-02-16T09:27:16.3+01:00"},{"startDateTime":"2019-02-16T08:20:00","startDateTimeLocal":"2019-02-16T09:20:00+01:00","stageTimeDurationMs":824600,"stageTimeDuration":"00:13:44.6000000","splitPointTimeId":63206,"splitPointId":1900,"entryId":3559,"elapsedDurationMs":492000,"elapsedDuration":"PT8M12S","splitDateTime":"2019-02-16T08:28:12","splitDateTimeLocal":"2019-02-16T09:28:12+01:00"},{"startDateTime":"2019-02-16T08:21:00","startDateTimeLocal":"2019-02-16T09:21:00+01:00","stageTimeDurationMs":853400,"stageTimeDuration":"00:14:13.4000000","splitPointTimeId":63212,"splitPointId":1900,"entryId":3581,"elapsedDurationMs":509600,"elapsedDuration":"PT8M29.6S","splitDateTime":"2019-02-16T08:29:29.6","splitDateTimeLocal":"2019-02-16T09:29:29.6+01:00"},{"startDateTime":"2019-02-16T08:22:00","startDateTimeLocal":"2019-02-16T09:22:00+01:00","stageTimeDurationMs":864100,"stageTimeDuration":"00:14:24.1000000","splitPointTimeId":63216,"splitPointId":1900,"entryId":3561,"elapsedDurationMs":520500,"elapsedDuration":"PT8M40.5S","splitDateTime":"2019-02-16T08:30:40.5","splitDateTimeLocal":"2019-02-16T09:30:40.5+01:00"},{"startDateTime":"2019-02-16T08:23:00","startDateTimeLocal":"2019-02-16T09:23:00+01:00","stageTimeDurationMs":858200,"stageTimeDuration":"00:14:18.2000000","splitPointTimeId":63220,"splitPointId":1900,"entryId":3563,"elapsedDurationMs":514500,"elapsedDuration":"PT8M34.5S","splitDateTime":"2019-02-16T08:31:34.5","splitDateTimeLocal":"2019-02-16T09:31:34.5+01:00"},{"startDateTime":"2019-02-16T08:24:00","startDateTimeLocal":"2019-02-16T09:24:00+01:00","stageTimeDurationMs":848000,"stageTimeDuration":"00:14:08","splitPointTimeId":63222,"splitPointId":1900,"entryId":3576,"elapsedDurationMs":516800,"elapsedDuration":"PT8M36.8S","splitDateTime":"2019-02-16T08:32:36.8","splitDateTimeLocal":"2019-02-16T09:32:36.8+01:00"},{"startDateTime":"2019-02-16T08:26:00","startDateTimeLocal":"2019-02-16T09:26:00+01:00","stageTimeDurationMs":866900,"stageTimeDuration":"00:14:26.9000000","splitPointTimeId":63228,"splitPointId":1900,"entryId":3566,"elapsedDurationMs":518600,"elapsedDuration":"PT8M38.6S","splitDateTime":"2019-02-16T08:34:38.6","splitDateTimeLocal":"2019-02-16T09:34:38.6+01:00"},{"startDateTime":"2019-02-16T08:25:00","startDateTimeLocal":"2019-02-16T09:25:00+01:00","stageTimeDurationMs":858700,"stageTimeDuration":"00:14:18.7000000","splitPointTimeId":63231,"splitPointId":1900,"entryId":3560,"elapsedDurationMs":513100,"elapsedDuration":"PT8M33.1S","splitDateTime":"2019-02-16T08:33:33.1","splitDateTimeLocal":"2019-02-16T09:33:33.1+01:00"},{"startDateTime":"2019-02-16T08:27:00","startDateTimeLocal":"2019-02-16T09:27:00+01:00","stageTimeDurationMs":860000,"stageTimeDuration":"00:14:20","splitPointTimeId":63234,"splitPointId":1900,"entryId":3584,"elapsedDurationMs":510400,"elapsedDuration":"PT8M30.4S","splitDateTime":"2019-02-16T08:35:30.4","splitDateTimeLocal":"2019-02-16T09:35:30.4+01:00"},{"startDateTime":"2019-02-16T08:29:00","startDateTimeLocal":"2019-02-16T09:29:00+01:00","stageTimeDurationMs":842600,"stageTimeDuration":"00:14:02.6000000","splitPointTimeId":63239,"splitPointId":1900,"entryId":3578,"elapsedDurationMs":504600,"elapsedDuration":"PT8M24.6S","splitDateTime":"2019-02-16T08:37:24.6","splitDateTimeLocal":"2019-02-16T09:37:24.6+01:00"},{"startDateTime":"2019-02-16T08:32:00","startDateTimeLocal":"2019-02-16T09:32:00+01:00","stageTimeDurationMs":882400,"stageTimeDuration":"00:14:42.4000000","splitPointTimeId":63247,"splitPointId":1900,"entryId":3558,"elapsedDurationMs":528400,"elapsedDuration":"PT8M48.4S","splitDateTime":"2019-02-16T08:40:48.4","splitDateTimeLocal":"2019-02-16T09:40:48.4+01:00"},{"startDateTime":"2019-02-16T08:31:00","startDateTimeLocal":"2019-02-16T09:31:00+01:00","stageTimeDurationMs":892400,"stageTimeDuration":"00:14:52.4000000","splitPointTimeId":63250,"splitPointId":1900,"entryId":3567,"elapsedDurationMs":530200,"elapsedDuration":"PT8M50.2S","splitDateTime":"2019-02-16T08:39:50.2","splitDateTimeLocal":"2019-02-16T09:39:50.2+01:00"},{"startDateTime":"2019-02-16T08:30:00","startDateTimeLocal":"2019-02-16T09:30:00+01:00","stageTimeDurationMs":993600,"stageTimeDuration":"00:16:33.6000000","splitPointTimeId":63253,"splitPointId":1900,"entryId":3565,"elapsedDurationMs":593900,"elapsedDuration":"PT9M53.9S","splitDateTime":"2019-02-16T08:39:53.9","splitDateTimeLocal":"2019-02-16T09:39:53.9+01:00"},{"startDateTime":"2019-02-16T08:34:00","startDateTimeLocal":"2019-02-16T09:34:00+01:00","stageTimeDurationMs":868300,"stageTimeDuration":"00:14:28.3000000","splitPointTimeId":63256,"splitPointId":1900,"entryId":3568,"elapsedDurationMs":520000,"elapsedDuration":"PT8M40S","splitDateTime":"2019-02-16T08:42:40","splitDateTimeLocal":"2019-02-16T09:42:40+01:00"},{"startDateTime":"2019-02-16T08:35:00","startDateTimeLocal":"2019-02-16T09:35:00+01:00","stageTimeDurationMs":866200,"stageTimeDuration":"00:14:26.2000000","splitPointTimeId":63264,"splitPointId":1900,"entryId":3564,"elapsedDurationMs":520500,"elapsedDuration":"PT8M40.5S","splitDateTime":"2019-02-16T08:43:40.5","splitDateTimeLocal":"2019-02-16T09:43:40.5+01:00"},{"startDateTime":"2019-02-16T08:36:00","startDateTimeLocal":"2019-02-16T09:36:00+01:00","stageTimeDurationMs":887600,"stageTimeDuration":"00:14:47.6000000","splitPointTimeId":63270,"splitPointId":1900,"entryId":3570,"elapsedDurationMs":530700,"elapsedDuration":"PT8M50.7S","splitDateTime":"2019-02-16T08:44:50.7","splitDateTimeLocal":"2019-02-16T09:44:50.7+01:00"},{"startDateTime":"2019-02-16T08:37:00","startDateTimeLocal":"2019-02-16T09:37:00+01:00","stageTimeDurationMs":894700,"stageTimeDuration":"00:14:54.7000000","splitPointTimeId":63274,"splitPointId":1900,"entryId":3571,"elapsedDurationMs":536700,"elapsedDuration":"PT8M56.7S","splitDateTime":"2019-02-16T08:45:56.7","splitDateTimeLocal":"2019-02-16T09:45:56.7+01:00"},{"startDateTime":"2019-02-16T08:38:00","startDateTimeLocal":"2019-02-16T09:38:00+01:00","stageTimeDurationMs":860100,"stageTimeDuration":"00:14:20.1000000","splitPointTimeId":63277,"splitPointId":1900,"entryId":3557,"elapsedDurationMs":513900,"elapsedDuration":"PT8M33.9S","splitDateTime":"2019-02-16T08:46:33.9","splitDateTimeLocal":"2019-02-16T09:46:33.9+01:00"},{"startDateTime":"2019-02-16T08:39:00","startDateTimeLocal":"2019-02-16T09:39:00+01:00","stageTimeDurationMs":868700,"stageTimeDuration":"00:14:28.7000000","splitPointTimeId":63286,"splitPointId":1900,"entryId":3556,"elapsedDurationMs":520600,"elapsedDuration":"PT8M40.6S","splitDateTime":"2019-02-16T08:47:40.6","splitDateTimeLocal":"2019-02-16T09:47:40.6+01:00"},{"startDateTime":"2019-02-16T08:40:00","startDateTimeLocal":"2019-02-16T09:40:00+01:00","stageTimeDurationMs":905900,"stageTimeDuration":"00:15:05.9000000","splitPointTimeId":63296,"splitPointId":1900,"entryId":3585,"elapsedDurationMs":543000,"elapsedDuration":"PT9M3S","splitDateTime":"2019-02-16T08:49:03","splitDateTimeLocal":"2019-02-16T09:49:03+01:00"},{"startDateTime":"2019-02-16T08:41:00","startDateTimeLocal":"2019-02-16T09:41:00+01:00","stageTimeDurationMs":883000,"stageTimeDuration":"00:14:43","splitPointTimeId":63302,"splitPointId":1900,"entryId":3586,"elapsedDurationMs":531400,"elapsedDuration":"PT8M51.4S","splitDateTime":"2019-02-16T08:49:51.4","splitDateTimeLocal":"2019-02-16T09:49:51.4+01:00"},{"startDateTime":"2019-02-16T08:42:00","startDateTimeLocal":"2019-02-16T09:42:00+01:00","stageTimeDurationMs":911300,"stageTimeDuration":"00:15:11.3000000","splitPointTimeId":63306,"splitPointId":1900,"entryId":3580,"elapsedDurationMs":556400,"elapsedDuration":"PT9M16.4S","splitDateTime":"2019-02-16T08:51:16.4","splitDateTimeLocal":"2019-02-16T09:51:16.4+01:00"},{"startDateTime":"2019-02-16T08:43:00","startDateTimeLocal":"2019-02-16T09:43:00+01:00","stageTimeDurationMs":910300,"stageTimeDuration":"00:15:10.3000000","splitPointTimeId":63308,"splitPointId":1900,"entryId":3569,"elapsedDurationMs":545900,"elapsedDuration":"PT9M5.9S","splitDateTime":"2019-02-16T08:52:05.9","splitDateTimeLocal":"2019-02-16T09:52:05.9+01:00"},{"startDateTime":"2019-02-16T08:44:00","startDateTimeLocal":"2019-02-16T09:44:00+01:00","stageTimeDurationMs":903400,"stageTimeDuration":"00:15:03.4000000","splitPointTimeId":63311,"splitPointId":1900,"entryId":3575,"elapsedDurationMs":540600,"elapsedDuration":"PT9M0.6S","splitDateTime":"2019-02-16T08:53:00.6","splitDateTimeLocal":"2019-02-16T09:53:00.6+01:00"},{"startDateTime":"2019-02-16T08:45:00","startDateTimeLocal":"2019-02-16T09:45:00+01:00","stageTimeDurationMs":919800,"stageTimeDuration":"00:15:19.8000000","splitPointTimeId":63316,"splitPointId":1900,"entryId":3574,"elapsedDurationMs":549100,"elapsedDuration":"PT9M9.1S","splitDateTime":"2019-02-16T08:54:09.1","splitDateTimeLocal":"2019-02-16T09:54:09.1+01:00"},{"startDateTime":"2019-02-16T08:46:00","startDateTimeLocal":"2019-02-16T09:46:00+01:00","stageTimeDurationMs":935700,"stageTimeDuration":"00:15:35.7000000","splitPointTimeId":63322,"splitPointId":1900,"entryId":3573,"elapsedDurationMs":559800,"elapsedDuration":"PT9M19.8S","splitDateTime":"2019-02-16T08:55:19.8","splitDateTimeLocal":"2019-02-16T09:55:19.8+01:00"},{"startDateTime":"2019-02-16T08:48:00","startDateTimeLocal":"2019-02-16T09:48:00+01:00","stageTimeDurationMs":918500,"stageTimeDuration":"00:15:18.5000000","splitPointTimeId":63329,"splitPointId":1900,"entryId":3572,"elapsedDurationMs":548300,"elapsedDuration":"PT9M8.3S","splitDateTime":"2019-02-16T08:57:08.3","splitDateTimeLocal":"2019-02-16T09:57:08.3+01:00"},{"startDateTime":"2019-02-16T08:49:00","startDateTimeLocal":"2019-02-16T09:49:00+01:00","stageTimeDurationMs":930300,"stageTimeDuration":"00:15:30.3000000","splitPointTimeId":63332,"splitPointId":1900,"entryId":3587,"elapsedDurationMs":557500,"elapsedDuration":"PT9M17.5S","splitDateTime":"2019-02-16T08:58:17.5","splitDateTimeLocal":"2019-02-16T09:58:17.5+01:00"},{"startDateTime":"2019-02-16T08:50:00","startDateTimeLocal":"2019-02-16T09:50:00+01:00","stageTimeDurationMs":905100,"stageTimeDuration":"00:15:05.1000000","splitPointTimeId":63341,"splitPointId":1900,"entryId":3582,"elapsedDurationMs":541100,"elapsedDuration":"PT9M1.1S","splitDateTime":"2019-02-16T08:59:01.1","splitDateTimeLocal":"2019-02-16T09:59:01.1+01:00"},{"startDateTime":"2019-02-16T07:35:00","startDateTimeLocal":"2019-02-16T08:35:00+01:00","stageTimeDurationMs":775600,"stageTimeDuration":"00:12:55.6000000","splitPointTimeId":63023,"splitPointId":1902,"entryId":3537,"elapsedDurationMs":631200,"elapsedDuration":"PT10M31.2S","splitDateTime":"2019-02-16T07:45:31.2","splitDateTimeLocal":"2019-02-16T08:45:31.2+01:00"},{"startDateTime":"2019-02-16T07:37:00","startDateTimeLocal":"2019-02-16T08:37:00+01:00","stageTimeDurationMs":753100,"stageTimeDuration":"00:12:33.1000000","splitPointTimeId":63032,"splitPointId":1902,"entryId":3526,"elapsedDurationMs":614100,"elapsedDuration":"PT10M14.1S","splitDateTime":"2019-02-16T07:47:14.1","splitDateTimeLocal":"2019-02-16T08:47:14.1+01:00"},{"startDateTime":"2019-02-16T07:39:00","startDateTimeLocal":"2019-02-16T08:39:00+01:00","stageTimeDurationMs":761500,"stageTimeDuration":"00:12:41.5000000","splitPointTimeId":63043,"splitPointId":1902,"entryId":3532,"elapsedDurationMs":620100,"elapsedDuration":"PT10M20.1S","splitDateTime":"2019-02-16T07:49:20.1","splitDateTimeLocal":"2019-02-16T08:49:20.1+01:00"},{"startDateTime":"2019-02-16T07:41:00","startDateTimeLocal":"2019-02-16T08:41:00+01:00","stageTimeDurationMs":801500,"stageTimeDuration":"00:13:21.5000000","splitPointTimeId":63059,"splitPointId":1902,"entryId":3536,"elapsedDurationMs":654600,"elapsedDuration":"PT10M54.6S","splitDateTime":"2019-02-16T07:51:54.6","splitDateTimeLocal":"2019-02-16T08:51:54.6+01:00"},{"startDateTime":"2019-02-16T07:43:00","startDateTimeLocal":"2019-02-16T08:43:00+01:00","stageTimeDurationMs":789500,"stageTimeDuration":"00:13:09.5000000","splitPointTimeId":63068,"splitPointId":1902,"entryId":3539,"elapsedDurationMs":645000,"elapsedDuration":"PT10M45S","splitDateTime":"2019-02-16T07:53:45","splitDateTimeLocal":"2019-02-16T08:53:45+01:00"},{"startDateTime":"2019-02-16T07:45:00","startDateTimeLocal":"2019-02-16T08:45:00+01:00","stageTimeDurationMs":785200,"stageTimeDuration":"00:13:05.2000000","splitPointTimeId":63081,"splitPointId":1902,"entryId":3530,"elapsedDurationMs":643100,"elapsedDuration":"PT10M43.1S","splitDateTime":"2019-02-16T07:55:43.1","splitDateTimeLocal":"2019-02-16T08:55:43.1+01:00"},{"startDateTime":"2019-02-16T07:47:00","startDateTimeLocal":"2019-02-16T08:47:00+01:00","stageTimeDurationMs":760400,"stageTimeDuration":"00:12:40.4000000","splitPointTimeId":63090,"splitPointId":1902,"entryId":3529,"elapsedDurationMs":620300,"elapsedDuration":"PT10M20.3S","splitDateTime":"2019-02-16T07:57:20.3","splitDateTimeLocal":"2019-02-16T08:57:20.3+01:00"},{"startDateTime":"2019-02-16T07:49:00","startDateTimeLocal":"2019-02-16T08:49:00+01:00","stageTimeDurationMs":758500,"stageTimeDuration":"00:12:38.5000000","splitPointTimeId":63100,"splitPointId":1902,"entryId":3533,"elapsedDurationMs":618700,"elapsedDuration":"PT10M18.7S","splitDateTime":"2019-02-16T07:59:18.7","splitDateTimeLocal":"2019-02-16T08:59:18.7+01:00"},{"startDateTime":"2019-02-16T07:51:00","startDateTimeLocal":"2019-02-16T08:51:00+01:00","stageTimeDurationMs":772800,"stageTimeDuration":"00:12:52.8000000","splitPointTimeId":63110,"splitPointId":1902,"entryId":3534,"elapsedDurationMs":630100,"elapsedDuration":"PT10M30.1S","splitDateTime":"2019-02-16T08:01:30.1","splitDateTimeLocal":"2019-02-16T09:01:30.1+01:00"},{"startDateTime":"2019-02-16T07:55:00","startDateTimeLocal":"2019-02-16T08:55:00+01:00","stageTimeDurationMs":770800,"stageTimeDuration":"00:12:50.8000000","splitPointTimeId":63127,"splitPointId":1902,"entryId":3535,"elapsedDurationMs":628400,"elapsedDuration":"PT10M28.4S","splitDateTime":"2019-02-16T08:05:28.4","splitDateTimeLocal":"2019-02-16T09:05:28.4+01:00"},{"startDateTime":"2019-02-16T07:57:00","startDateTimeLocal":"2019-02-16T08:57:00+01:00","stageTimeDurationMs":767300,"stageTimeDuration":"00:12:47.3000000","splitPointTimeId":63137,"splitPointId":1902,"entryId":3538,"elapsedDurationMs":625400,"elapsedDuration":"PT10M25.4S","splitDateTime":"2019-02-16T08:07:25.4","splitDateTimeLocal":"2019-02-16T09:07:25.4+01:00"},{"startDateTime":"2019-02-16T07:59:00","startDateTimeLocal":"2019-02-16T08:59:00+01:00","stageTimeDurationMs":755000,"stageTimeDuration":"00:12:35","splitPointTimeId":63146,"splitPointId":1902,"entryId":3531,"elapsedDurationMs":614300,"elapsedDuration":"PT10M14.3S","splitDateTime":"2019-02-16T08:09:14.3","splitDateTimeLocal":"2019-02-16T09:09:14.3+01:00"},{"startDateTime":"2019-02-16T08:01:00","startDateTimeLocal":"2019-02-16T09:01:00+01:00","stageTimeDurationMs":842100,"stageTimeDuration":"00:14:02.1000000","splitPointTimeId":63153,"splitPointId":1902,"entryId":3527,"elapsedDurationMs":620900,"elapsedDuration":"PT10M20.9S","splitDateTime":"2019-02-16T08:11:20.9","splitDateTimeLocal":"2019-02-16T09:11:20.9+01:00"},{"startDateTime":"2019-02-16T08:03:00","startDateTimeLocal":"2019-02-16T09:03:00+01:00","stageTimeDurationMs":791800,"stageTimeDuration":"00:13:11.8000000","splitPointTimeId":63159,"splitPointId":1902,"entryId":3541,"elapsedDurationMs":649600,"elapsedDuration":"PT10M49.6S","splitDateTime":"2019-02-16T08:13:49.6","splitDateTimeLocal":"2019-02-16T09:13:49.6+01:00"},{"startDateTime":"2019-02-16T08:04:00","startDateTimeLocal":"2019-02-16T09:04:00+01:00","stageTimeDurationMs":835500,"stageTimeDuration":"00:13:55.5000000","splitPointTimeId":63161,"splitPointId":1902,"entryId":3543,"elapsedDurationMs":661300,"elapsedDuration":"PT11M1.3S","splitDateTime":"2019-02-16T08:15:01.3","splitDateTimeLocal":"2019-02-16T09:15:01.3+01:00"},{"startDateTime":"2019-02-16T08:09:00","startDateTimeLocal":"2019-02-16T09:09:00+01:00","stageTimeDurationMs":795100,"stageTimeDuration":"00:13:15.1000000","splitPointTimeId":63174,"splitPointId":1902,"entryId":3546,"elapsedDurationMs":651800,"elapsedDuration":"PT10M51.8S","splitDateTime":"2019-02-16T08:19:51.8","splitDateTimeLocal":"2019-02-16T09:19:51.8+01:00"},{"startDateTime":"2019-02-16T08:10:00","startDateTimeLocal":"2019-02-16T09:10:00+01:00","stageTimeDurationMs":790700,"stageTimeDuration":"00:13:10.7000000","splitPointTimeId":63177,"splitPointId":1902,"entryId":3551,"elapsedDurationMs":646700,"elapsedDuration":"PT10M46.7S","splitDateTime":"2019-02-16T08:20:46.7","splitDateTimeLocal":"2019-02-16T09:20:46.7+01:00"},{"startDateTime":"2019-02-16T08:11:00","startDateTimeLocal":"2019-02-16T09:11:00+01:00","stageTimeDurationMs":789400,"stageTimeDuration":"00:13:09.4000000","splitPointTimeId":63181,"splitPointId":1902,"entryId":3550,"elapsedDurationMs":646300,"elapsedDuration":"PT10M46.3S","splitDateTime":"2019-02-16T08:21:46.3","splitDateTimeLocal":"2019-02-16T09:21:46.3+01:00"},{"startDateTime":"2019-02-16T08:12:00","startDateTimeLocal":"2019-02-16T09:12:00+01:00","stageTimeDurationMs":798200,"stageTimeDuration":"00:13:18.2000000","splitPointTimeId":63185,"splitPointId":1902,"entryId":3552,"elapsedDurationMs":652800,"elapsedDuration":"PT10M52.8S","splitDateTime":"2019-02-16T08:22:52.8","splitDateTimeLocal":"2019-02-16T09:22:52.8+01:00"},{"startDateTime":"2019-02-16T08:13:00","startDateTimeLocal":"2019-02-16T09:13:00+01:00","stageTimeDurationMs":798900,"stageTimeDuration":"00:13:18.9000000","splitPointTimeId":63190,"splitPointId":1902,"entryId":3549,"elapsedDurationMs":654800,"elapsedDuration":"PT10M54.8S","splitDateTime":"2019-02-16T08:23:54.8","splitDateTimeLocal":"2019-02-16T09:23:54.8+01:00"},{"startDateTime":"2019-02-16T08:14:00","startDateTimeLocal":"2019-02-16T09:14:00+01:00","stageTimeDurationMs":805200,"stageTimeDuration":"00:13:25.2000000","splitPointTimeId":63192,"splitPointId":1902,"entryId":3548,"elapsedDurationMs":659700,"elapsedDuration":"PT10M59.7S","splitDateTime":"2019-02-16T08:24:59.7","splitDateTimeLocal":"2019-02-16T09:24:59.7+01:00"},{"startDateTime":"2019-02-16T08:15:00","startDateTimeLocal":"2019-02-16T09:15:00+01:00","stageTimeDurationMs":812300,"stageTimeDuration":"00:13:32.3000000","splitPointTimeId":63201,"splitPointId":1902,"entryId":3562,"elapsedDurationMs":664200,"elapsedDuration":"PT11M4.2S","splitDateTime":"2019-02-16T08:26:04.2","splitDateTimeLocal":"2019-02-16T09:26:04.2+01:00"},{"startDateTime":"2019-02-16T08:17:00","startDateTimeLocal":"2019-02-16T09:17:00+01:00","stageTimeDurationMs":810500,"stageTimeDuration":"00:13:30.5000000","splitPointTimeId":63204,"splitPointId":1902,"entryId":3547,"elapsedDurationMs":662600,"elapsedDuration":"PT11M2.6S","splitDateTime":"2019-02-16T08:28:02.6","splitDateTimeLocal":"2019-02-16T09:28:02.6+01:00"},{"startDateTime":"2019-02-16T08:16:00","startDateTimeLocal":"2019-02-16T09:16:00+01:00","stageTimeDurationMs":913800,"stageTimeDuration":"00:15:13.8000000","splitPointTimeId":63208,"splitPointId":1902,"entryId":3545,"elapsedDurationMs":769700,"elapsedDuration":"PT12M49.7S","splitDateTime":"2019-02-16T08:28:49.7","splitDateTimeLocal":"2019-02-16T09:28:49.7+01:00"},{"startDateTime":"2019-02-16T08:18:00","startDateTimeLocal":"2019-02-16T09:18:00+01:00","stageTimeDurationMs":810800,"stageTimeDuration":"00:13:30.8000000","splitPointTimeId":63210,"splitPointId":1902,"entryId":3554,"elapsedDurationMs":663800,"elapsedDuration":"PT11M3.8S","splitDateTime":"2019-02-16T08:29:03.8","splitDateTimeLocal":"2019-02-16T09:29:03.8+01:00"},{"startDateTime":"2019-02-16T08:19:00","startDateTimeLocal":"2019-02-16T09:19:00+01:00","stageTimeDurationMs":823900,"stageTimeDuration":"00:13:43.9000000","splitPointTimeId":63214,"splitPointId":1902,"entryId":3555,"elapsedDurationMs":676000,"elapsedDuration":"PT11M16S","splitDateTime":"2019-02-16T08:30:16","splitDateTimeLocal":"2019-02-16T09:30:16+01:00"},{"startDateTime":"2019-02-16T08:20:00","startDateTimeLocal":"2019-02-16T09:20:00+01:00","stageTimeDurationMs":824600,"stageTimeDuration":"00:13:44.6000000","splitPointTimeId":63219,"splitPointId":1902,"entryId":3559,"elapsedDurationMs":673300,"elapsedDuration":"PT11M13.3S","splitDateTime":"2019-02-16T08:31:13.3","splitDateTimeLocal":"2019-02-16T09:31:13.3+01:00"},{"startDateTime":"2019-02-16T08:21:00","startDateTimeLocal":"2019-02-16T09:21:00+01:00","stageTimeDurationMs":853400,"stageTimeDuration":"00:14:13.4000000","splitPointTimeId":63223,"splitPointId":1902,"entryId":3581,"elapsedDurationMs":696100,"elapsedDuration":"PT11M36.1S","splitDateTime":"2019-02-16T08:32:36.1","splitDateTimeLocal":"2019-02-16T09:32:36.1+01:00"},{"startDateTime":"2019-02-16T08:23:00","startDateTimeLocal":"2019-02-16T09:23:00+01:00","stageTimeDurationMs":858200,"stageTimeDuration":"00:14:18.2000000","splitPointTimeId":63229,"splitPointId":1902,"entryId":3563,"elapsedDurationMs":701600,"elapsedDuration":"PT11M41.6S","splitDateTime":"2019-02-16T08:34:41.6","splitDateTimeLocal":"2019-02-16T09:34:41.6+01:00"},{"startDateTime":"2019-02-16T08:22:00","startDateTimeLocal":"2019-02-16T09:22:00+01:00","stageTimeDurationMs":864100,"stageTimeDuration":"00:14:24.1000000","splitPointTimeId":63230,"splitPointId":1902,"entryId":3561,"elapsedDurationMs":711500,"elapsedDuration":"PT11M51.5S","splitDateTime":"2019-02-16T08:33:51.5","splitDateTimeLocal":"2019-02-16T09:33:51.5+01:00"},{"startDateTime":"2019-02-16T08:24:00","startDateTimeLocal":"2019-02-16T09:24:00+01:00","stageTimeDurationMs":848000,"stageTimeDuration":"00:14:08","splitPointTimeId":63235,"splitPointId":1902,"entryId":3576,"elapsedDurationMs":696900,"elapsedDuration":"PT11M36.9S","splitDateTime":"2019-02-16T08:35:36.9","splitDateTimeLocal":"2019-02-16T09:35:36.9+01:00"},{"startDateTime":"2019-02-16T08:25:00","startDateTimeLocal":"2019-02-16T09:25:00+01:00","stageTimeDurationMs":858700,"stageTimeDuration":"00:14:18.7000000","splitPointTimeId":63237,"splitPointId":1902,"entryId":3560,"elapsedDurationMs":705400,"elapsedDuration":"PT11M45.4S","splitDateTime":"2019-02-16T08:36:45.4","splitDateTimeLocal":"2019-02-16T09:36:45.4+01:00"},{"startDateTime":"2019-02-16T08:26:00","startDateTimeLocal":"2019-02-16T09:26:00+01:00","stageTimeDurationMs":866900,"stageTimeDuration":"00:14:26.9000000","splitPointTimeId":63240,"splitPointId":1902,"entryId":3566,"elapsedDurationMs":708500,"elapsedDuration":"PT11M48.5S","splitDateTime":"2019-02-16T08:37:48.5","splitDateTimeLocal":"2019-02-16T09:37:48.5+01:00"},{"startDateTime":"2019-02-16T08:27:00","startDateTimeLocal":"2019-02-16T09:27:00+01:00","stageTimeDurationMs":860000,"stageTimeDuration":"00:14:20","splitPointTimeId":63243,"splitPointId":1902,"entryId":3584,"elapsedDurationMs":702700,"elapsedDuration":"PT11M42.7S","splitDateTime":"2019-02-16T08:38:42.7","splitDateTimeLocal":"2019-02-16T09:38:42.7+01:00"},{"startDateTime":"2019-02-16T08:29:00","startDateTimeLocal":"2019-02-16T09:29:00+01:00","stageTimeDurationMs":842600,"stageTimeDuration":"00:14:02.6000000","splitPointTimeId":63251,"splitPointId":1902,"entryId":3578,"elapsedDurationMs":690100,"elapsedDuration":"PT11M30.1S","splitDateTime":"2019-02-16T08:40:30.1","splitDateTimeLocal":"2019-02-16T09:40:30.1+01:00"},{"startDateTime":"2019-02-16T08:31:00","startDateTimeLocal":"2019-02-16T09:31:00+01:00","stageTimeDurationMs":892400,"stageTimeDuration":"00:14:52.4000000","splitPointTimeId":63257,"splitPointId":1902,"entryId":3567,"elapsedDurationMs":725700,"elapsedDuration":"PT12M5.7S","splitDateTime":"2019-02-16T08:43:05.7","splitDateTimeLocal":"2019-02-16T09:43:05.7+01:00"},{"startDateTime":"2019-02-16T08:30:00","startDateTimeLocal":"2019-02-16T09:30:00+01:00","stageTimeDurationMs":993600,"stageTimeDuration":"00:16:33.6000000","splitPointTimeId":63261,"splitPointId":1902,"entryId":3565,"elapsedDurationMs":815900,"elapsedDuration":"PT13M35.9S","splitDateTime":"2019-02-16T08:43:35.9","splitDateTimeLocal":"2019-02-16T09:43:35.9+01:00"},{"startDateTime":"2019-02-16T08:32:00","startDateTimeLocal":"2019-02-16T09:32:00+01:00","stageTimeDurationMs":882400,"stageTimeDuration":"00:14:42.4000000","splitPointTimeId":63262,"splitPointId":1902,"entryId":3558,"elapsedDurationMs":726200,"elapsedDuration":"PT12M6.2S","splitDateTime":"2019-02-16T08:44:06.2","splitDateTimeLocal":"2019-02-16T09:44:06.2+01:00"},{"startDateTime":"2019-02-16T08:34:00","startDateTimeLocal":"2019-02-16T09:34:00+01:00","stageTimeDurationMs":868300,"stageTimeDuration":"00:14:28.3000000","splitPointTimeId":63273,"splitPointId":1902,"entryId":3568,"elapsedDurationMs":710100,"elapsedDuration":"PT11M50.1S","splitDateTime":"2019-02-16T08:45:50.1","splitDateTimeLocal":"2019-02-16T09:45:50.1+01:00"},{"startDateTime":"2019-02-16T08:35:00","startDateTimeLocal":"2019-02-16T09:35:00+01:00","stageTimeDurationMs":866200,"stageTimeDuration":"00:14:26.2000000","splitPointTimeId":63278,"splitPointId":1902,"entryId":3564,"elapsedDurationMs":709300,"elapsedDuration":"PT11M49.3S","splitDateTime":"2019-02-16T08:46:49.3","splitDateTimeLocal":"2019-02-16T09:46:49.3+01:00"},{"startDateTime":"2019-02-16T08:36:00","startDateTimeLocal":"2019-02-16T09:36:00+01:00","stageTimeDurationMs":887600,"stageTimeDuration":"00:14:47.6000000","splitPointTimeId":63283,"splitPointId":1902,"entryId":3570,"elapsedDurationMs":725000,"elapsedDuration":"PT12M5S","splitDateTime":"2019-02-16T08:48:05","splitDateTimeLocal":"2019-02-16T09:48:05+01:00"},{"startDateTime":"2019-02-16T08:37:00","startDateTimeLocal":"2019-02-16T09:37:00+01:00","stageTimeDurationMs":894700,"stageTimeDuration":"00:14:54.7000000","splitPointTimeId":63288,"splitPointId":1902,"entryId":3571,"elapsedDurationMs":732600,"elapsedDuration":"PT12M12.6S","splitDateTime":"2019-02-16T08:49:12.6","splitDateTimeLocal":"2019-02-16T09:49:12.6+01:00"},{"startDateTime":"2019-02-16T08:38:00","startDateTimeLocal":"2019-02-16T09:38:00+01:00","stageTimeDurationMs":860100,"stageTimeDuration":"00:14:20.1000000","splitPointTimeId":63291,"splitPointId":1902,"entryId":3557,"elapsedDurationMs":704900,"elapsedDuration":"PT11M44.9S","splitDateTime":"2019-02-16T08:49:44.9","splitDateTimeLocal":"2019-02-16T09:49:44.9+01:00"},{"startDateTime":"2019-02-16T08:39:00","startDateTimeLocal":"2019-02-16T09:39:00+01:00","stageTimeDurationMs":868700,"stageTimeDuration":"00:14:28.7000000","splitPointTimeId":63295,"splitPointId":1902,"entryId":3556,"elapsedDurationMs":711500,"elapsedDuration":"PT11M51.5S","splitDateTime":"2019-02-16T08:50:51.5","splitDateTimeLocal":"2019-02-16T09:50:51.5+01:00"},{"startDateTime":"2019-02-16T08:40:00","startDateTimeLocal":"2019-02-16T09:40:00+01:00","stageTimeDurationMs":905900,"stageTimeDuration":"00:15:05.9000000","splitPointTimeId":63304,"splitPointId":1902,"entryId":3585,"elapsedDurationMs":741800,"elapsedDuration":"PT12M21.8S","splitDateTime":"2019-02-16T08:52:21.8","splitDateTimeLocal":"2019-02-16T09:52:21.8+01:00"},{"startDateTime":"2019-02-16T08:41:00","startDateTimeLocal":"2019-02-16T09:41:00+01:00","stageTimeDurationMs":883000,"stageTimeDuration":"00:14:43","splitPointTimeId":63309,"splitPointId":1902,"entryId":3586,"elapsedDurationMs":726100,"elapsedDuration":"PT12M6.1S","splitDateTime":"2019-02-16T08:53:06.1","splitDateTimeLocal":"2019-02-16T09:53:06.1+01:00"},{"startDateTime":"2019-02-16T08:42:00","startDateTimeLocal":"2019-02-16T09:42:00+01:00","stageTimeDurationMs":911300,"stageTimeDuration":"00:15:11.3000000","splitPointTimeId":63318,"splitPointId":1902,"entryId":3580,"elapsedDurationMs":750400,"elapsedDuration":"PT12M30.4S","splitDateTime":"2019-02-16T08:54:30.4","splitDateTimeLocal":"2019-02-16T09:54:30.4+01:00"},{"startDateTime":"2019-02-16T08:43:00","startDateTimeLocal":"2019-02-16T09:43:00+01:00","stageTimeDurationMs":910300,"stageTimeDuration":"00:15:10.3000000","splitPointTimeId":63323,"splitPointId":1902,"entryId":3569,"elapsedDurationMs":747300,"elapsedDuration":"PT12M27.3S","splitDateTime":"2019-02-16T08:55:27.3","splitDateTimeLocal":"2019-02-16T09:55:27.3+01:00"},{"startDateTime":"2019-02-16T08:44:00","startDateTimeLocal":"2019-02-16T09:44:00+01:00","stageTimeDurationMs":903400,"stageTimeDuration":"00:15:03.4000000","splitPointTimeId":63326,"splitPointId":1902,"entryId":3575,"elapsedDurationMs":736100,"elapsedDuration":"PT12M16.1S","splitDateTime":"2019-02-16T08:56:16.1","splitDateTimeLocal":"2019-02-16T09:56:16.1+01:00"},{"startDateTime":"2019-02-16T08:45:00","startDateTimeLocal":"2019-02-16T09:45:00+01:00","stageTimeDurationMs":919800,"stageTimeDuration":"00:15:19.8000000","splitPointTimeId":63331,"splitPointId":1902,"entryId":3574,"elapsedDurationMs":750700,"elapsedDuration":"PT12M30.7S","splitDateTime":"2019-02-16T08:57:30.7","splitDateTimeLocal":"2019-02-16T09:57:30.7+01:00"},{"startDateTime":"2019-02-16T08:46:00","startDateTimeLocal":"2019-02-16T09:46:00+01:00","stageTimeDurationMs":935700,"stageTimeDuration":"00:15:35.7000000","splitPointTimeId":63335,"splitPointId":1902,"entryId":3573,"elapsedDurationMs":765900,"elapsedDuration":"PT12M45.9S","splitDateTime":"2019-02-16T08:58:45.9","splitDateTimeLocal":"2019-02-16T09:58:45.9+01:00"},{"startDateTime":"2019-02-16T08:48:00","startDateTimeLocal":"2019-02-16T09:48:00+01:00","stageTimeDurationMs":918500,"stageTimeDuration":"00:15:18.5000000","splitPointTimeId":63338,"splitPointId":1902,"entryId":3572,"elapsedDurationMs":752000,"elapsedDuration":"PT12M32S","splitDateTime":"2019-02-16T09:00:32","splitDateTimeLocal":"2019-02-16T10:00:32+01:00"},{"startDateTime":"2019-02-16T08:49:00","startDateTimeLocal":"2019-02-16T09:49:00+01:00","stageTimeDurationMs":930300,"stageTimeDuration":"00:15:30.3000000","splitPointTimeId":63342,"splitPointId":1902,"entryId":3587,"elapsedDurationMs":763300,"elapsedDuration":"PT12M43.3S","splitDateTime":"2019-02-16T09:01:43.3","splitDateTimeLocal":"2019-02-16T10:01:43.3+01:00"},{"startDateTime":"2019-02-16T08:50:00","startDateTimeLocal":"2019-02-16T09:50:00+01:00","stageTimeDurationMs":905100,"stageTimeDuration":"00:15:05.1000000","splitPointTimeId":63344,"splitPointId":1902,"entryId":3582,"elapsedDurationMs":744800,"elapsedDuration":"PT12M24.8S","splitDateTime":"2019-02-16T09:02:24.8","splitDateTimeLocal":"2019-02-16T10:02:24.8+01:00"},{"startDateTime":"2019-02-16T07:35:00","startDateTimeLocal":"2019-02-16T08:35:00+01:00","stageTimeDurationMs":775600,"stageTimeDuration":"00:12:55.6000000","splitPointTimeId":62991,"splitPointId":1903,"entryId":3537,"elapsedDurationMs":215800,"elapsedDuration":"PT3M35.8S","splitDateTime":"2019-02-16T07:38:35.8","splitDateTimeLocal":"2019-02-16T08:38:35.8+01:00"},{"startDateTime":"2019-02-16T07:37:00","startDateTimeLocal":"2019-02-16T08:37:00+01:00","stageTimeDurationMs":753100,"stageTimeDuration":"00:12:33.1000000","splitPointTimeId":62997,"splitPointId":1903,"entryId":3526,"elapsedDurationMs":209400,"elapsedDuration":"PT3M29.4S","splitDateTime":"2019-02-16T07:40:29.4","splitDateTimeLocal":"2019-02-16T08:40:29.4+01:00"},{"startDateTime":"2019-02-16T07:39:00","startDateTimeLocal":"2019-02-16T08:39:00+01:00","stageTimeDurationMs":761500,"stageTimeDuration":"00:12:41.5000000","splitPointTimeId":63006,"splitPointId":1903,"entryId":3532,"elapsedDurationMs":210400,"elapsedDuration":"PT3M30.4S","splitDateTime":"2019-02-16T07:42:30.4","splitDateTimeLocal":"2019-02-16T08:42:30.4+01:00"},{"startDateTime":"2019-02-16T07:41:00","startDateTimeLocal":"2019-02-16T08:41:00+01:00","stageTimeDurationMs":801500,"stageTimeDuration":"00:13:21.5000000","splitPointTimeId":63018,"splitPointId":1903,"entryId":3536,"elapsedDurationMs":224200,"elapsedDuration":"PT3M44.2S","splitDateTime":"2019-02-16T07:44:44.2","splitDateTimeLocal":"2019-02-16T08:44:44.2+01:00"},{"startDateTime":"2019-02-16T07:43:00","startDateTimeLocal":"2019-02-16T08:43:00+01:00","stageTimeDurationMs":789500,"stageTimeDuration":"00:13:09.5000000","splitPointTimeId":63029,"splitPointId":1903,"entryId":3539,"elapsedDurationMs":219400,"elapsedDuration":"PT3M39.4S","splitDateTime":"2019-02-16T07:46:39.4","splitDateTimeLocal":"2019-02-16T08:46:39.4+01:00"},{"startDateTime":"2019-02-16T07:45:00","startDateTimeLocal":"2019-02-16T08:45:00+01:00","stageTimeDurationMs":785200,"stageTimeDuration":"00:13:05.2000000","splitPointTimeId":63038,"splitPointId":1903,"entryId":3530,"elapsedDurationMs":218000,"elapsedDuration":"PT3M38S","splitDateTime":"2019-02-16T07:48:38","splitDateTimeLocal":"2019-02-16T08:48:38+01:00"},{"startDateTime":"2019-02-16T07:47:00","startDateTimeLocal":"2019-02-16T08:47:00+01:00","stageTimeDurationMs":760400,"stageTimeDuration":"00:12:40.4000000","splitPointTimeId":63051,"splitPointId":1903,"entryId":3529,"elapsedDurationMs":212300,"elapsedDuration":"PT3M32.3S","splitDateTime":"2019-02-16T07:50:32.3","splitDateTimeLocal":"2019-02-16T08:50:32.3+01:00"},{"startDateTime":"2019-02-16T07:49:00","startDateTimeLocal":"2019-02-16T08:49:00+01:00","stageTimeDurationMs":758500,"stageTimeDuration":"00:12:38.5000000","splitPointTimeId":63060,"splitPointId":1903,"entryId":3533,"elapsedDurationMs":212100,"elapsedDuration":"PT3M32.1S","splitDateTime":"2019-02-16T07:52:32.1","splitDateTimeLocal":"2019-02-16T08:52:32.1+01:00"},{"startDateTime":"2019-02-16T07:51:00","startDateTimeLocal":"2019-02-16T08:51:00+01:00","stageTimeDurationMs":772800,"stageTimeDuration":"00:12:52.8000000","splitPointTimeId":63074,"splitPointId":1903,"entryId":3534,"elapsedDurationMs":215800,"elapsedDuration":"PT3M35.8S","splitDateTime":"2019-02-16T07:54:35.8","splitDateTimeLocal":"2019-02-16T08:54:35.8+01:00"},{"startDateTime":"2019-02-16T07:53:00","startDateTimeLocal":"2019-02-16T08:53:00+01:00","stageTimeDurationMs":762300,"stageTimeDuration":"00:12:42.3000000","splitPointTimeId":63086,"splitPointId":1903,"entryId":3528,"elapsedDurationMs":212600,"elapsedDuration":"PT3M32.6S","splitDateTime":"2019-02-16T07:56:32.6","splitDateTimeLocal":"2019-02-16T08:56:32.6+01:00"},{"startDateTime":"2019-02-16T07:55:00","startDateTimeLocal":"2019-02-16T08:55:00+01:00","stageTimeDurationMs":770800,"stageTimeDuration":"00:12:50.8000000","splitPointTimeId":63096,"splitPointId":1903,"entryId":3535,"elapsedDurationMs":215600,"elapsedDuration":"PT3M35.6S","splitDateTime":"2019-02-16T07:58:35.6","splitDateTimeLocal":"2019-02-16T08:58:35.6+01:00"},{"startDateTime":"2019-02-16T07:57:00","startDateTimeLocal":"2019-02-16T08:57:00+01:00","stageTimeDurationMs":767300,"stageTimeDuration":"00:12:47.3000000","splitPointTimeId":63106,"splitPointId":1903,"entryId":3538,"elapsedDurationMs":212800,"elapsedDuration":"PT3M32.8S","splitDateTime":"2019-02-16T08:00:32.8","splitDateTimeLocal":"2019-02-16T09:00:32.8+01:00"},{"startDateTime":"2019-02-16T07:59:00","startDateTimeLocal":"2019-02-16T08:59:00+01:00","stageTimeDurationMs":755000,"stageTimeDuration":"00:12:35","splitPointTimeId":63116,"splitPointId":1903,"entryId":3531,"elapsedDurationMs":211100,"elapsedDuration":"PT3M31.1S","splitDateTime":"2019-02-16T08:02:31.1","splitDateTimeLocal":"2019-02-16T09:02:31.1+01:00"},{"startDateTime":"2019-02-16T08:01:00","startDateTimeLocal":"2019-02-16T09:01:00+01:00","stageTimeDurationMs":842100,"stageTimeDuration":"00:14:02.1000000","splitPointTimeId":63122,"splitPointId":1903,"entryId":3527,"elapsedDurationMs":212300,"elapsedDuration":"PT3M32.3S","splitDateTime":"2019-02-16T08:04:32.3","splitDateTimeLocal":"2019-02-16T09:04:32.3+01:00"},{"startDateTime":"2019-02-16T08:02:00","startDateTimeLocal":"2019-02-16T09:02:00+01:00","stageTimeDurationMs":795700,"stageTimeDuration":"00:13:15.7000000","splitPointTimeId":63128,"splitPointId":1903,"entryId":3540,"elapsedDurationMs":220300,"elapsedDuration":"PT3M40.3S","splitDateTime":"2019-02-16T08:05:40.3","splitDateTimeLocal":"2019-02-16T09:05:40.3+01:00"},{"startDateTime":"2019-02-16T08:03:00","startDateTimeLocal":"2019-02-16T09:03:00+01:00","stageTimeDurationMs":791800,"stageTimeDuration":"00:13:11.8000000","splitPointTimeId":63133,"splitPointId":1903,"entryId":3541,"elapsedDurationMs":218300,"elapsedDuration":"PT3M38.3S","splitDateTime":"2019-02-16T08:06:38.3","splitDateTimeLocal":"2019-02-16T09:06:38.3+01:00"},{"startDateTime":"2019-02-16T08:04:00","startDateTimeLocal":"2019-02-16T09:04:00+01:00","stageTimeDurationMs":835500,"stageTimeDuration":"00:13:55.5000000","splitPointTimeId":63139,"splitPointId":1903,"entryId":3543,"elapsedDurationMs":223600,"elapsedDuration":"PT3M43.6S","splitDateTime":"2019-02-16T08:07:43.6","splitDateTimeLocal":"2019-02-16T09:07:43.6+01:00"},{"startDateTime":"2019-02-16T08:09:00","startDateTimeLocal":"2019-02-16T09:09:00+01:00","stageTimeDurationMs":795100,"stageTimeDuration":"00:13:15.1000000","splitPointTimeId":63156,"splitPointId":1903,"entryId":3546,"elapsedDurationMs":219900,"elapsedDuration":"PT3M39.9S","splitDateTime":"2019-02-16T08:12:39.9","splitDateTimeLocal":"2019-02-16T09:12:39.9+01:00"},{"startDateTime":"2019-02-16T08:10:00","startDateTimeLocal":"2019-02-16T09:10:00+01:00","stageTimeDurationMs":790700,"stageTimeDuration":"00:13:10.7000000","splitPointTimeId":63157,"splitPointId":1903,"entryId":3551,"elapsedDurationMs":219400,"elapsedDuration":"PT3M39.4S","splitDateTime":"2019-02-16T08:13:39.4","splitDateTimeLocal":"2019-02-16T09:13:39.4+01:00"},{"startDateTime":"2019-02-16T08:11:00","startDateTimeLocal":"2019-02-16T09:11:00+01:00","stageTimeDurationMs":789400,"stageTimeDuration":"00:13:09.4000000","splitPointTimeId":63160,"splitPointId":1903,"entryId":3550,"elapsedDurationMs":218400,"elapsedDuration":"PT3M38.4S","splitDateTime":"2019-02-16T08:14:38.4","splitDateTimeLocal":"2019-02-16T09:14:38.4+01:00"},{"startDateTime":"2019-02-16T08:12:00","startDateTimeLocal":"2019-02-16T09:12:00+01:00","stageTimeDurationMs":798200,"stageTimeDuration":"00:13:18.2000000","splitPointTimeId":63163,"splitPointId":1903,"entryId":3552,"elapsedDurationMs":222500,"elapsedDuration":"PT3M42.5S","splitDateTime":"2019-02-16T08:15:42.5","splitDateTimeLocal":"2019-02-16T09:15:42.5+01:00"},{"startDateTime":"2019-02-16T08:13:00","startDateTimeLocal":"2019-02-16T09:13:00+01:00","stageTimeDurationMs":798900,"stageTimeDuration":"00:13:18.9000000","splitPointTimeId":63165,"splitPointId":1903,"entryId":3549,"elapsedDurationMs":221600,"elapsedDuration":"PT3M41.6S","splitDateTime":"2019-02-16T08:16:41.6","splitDateTimeLocal":"2019-02-16T09:16:41.6+01:00"},{"startDateTime":"2019-02-16T08:14:00","startDateTimeLocal":"2019-02-16T09:14:00+01:00","stageTimeDurationMs":805200,"stageTimeDuration":"00:13:25.2000000","splitPointTimeId":63168,"splitPointId":1903,"entryId":3548,"elapsedDurationMs":223500,"elapsedDuration":"PT3M43.5S","splitDateTime":"2019-02-16T08:17:43.5","splitDateTimeLocal":"2019-02-16T09:17:43.5+01:00"},{"startDateTime":"2019-02-16T08:15:00","startDateTimeLocal":"2019-02-16T09:15:00+01:00","stageTimeDurationMs":812300,"stageTimeDuration":"00:13:32.3000000","splitPointTimeId":63171,"splitPointId":1903,"entryId":3562,"elapsedDurationMs":224700,"elapsedDuration":"PT3M44.7S","splitDateTime":"2019-02-16T08:18:44.7","splitDateTimeLocal":"2019-02-16T09:18:44.7+01:00"},{"startDateTime":"2019-02-16T08:17:00","startDateTimeLocal":"2019-02-16T09:17:00+01:00","stageTimeDurationMs":810500,"stageTimeDuration":"00:13:30.5000000","splitPointTimeId":63178,"splitPointId":1903,"entryId":3547,"elapsedDurationMs":223700,"elapsedDuration":"PT3M43.7S","splitDateTime":"2019-02-16T08:20:43.7","splitDateTimeLocal":"2019-02-16T09:20:43.7+01:00"},{"startDateTime":"2019-02-16T08:16:00","startDateTimeLocal":"2019-02-16T09:16:00+01:00","stageTimeDurationMs":913800,"stageTimeDuration":"00:15:13.8000000","splitPointTimeId":63182,"splitPointId":1903,"entryId":3545,"elapsedDurationMs":230400,"elapsedDuration":"PT3M50.4S","splitDateTime":"2019-02-16T08:19:50.4","splitDateTimeLocal":"2019-02-16T09:19:50.4+01:00"},{"startDateTime":"2019-02-16T08:18:00","startDateTimeLocal":"2019-02-16T09:18:00+01:00","stageTimeDurationMs":810800,"stageTimeDuration":"00:13:30.8000000","splitPointTimeId":63184,"splitPointId":1903,"entryId":3554,"elapsedDurationMs":224000,"elapsedDuration":"PT3M44S","splitDateTime":"2019-02-16T08:21:44","splitDateTimeLocal":"2019-02-16T09:21:44+01:00"},{"startDateTime":"2019-02-16T08:19:00","startDateTimeLocal":"2019-02-16T09:19:00+01:00","stageTimeDurationMs":823900,"stageTimeDuration":"00:13:43.9000000","splitPointTimeId":63186,"splitPointId":1903,"entryId":3555,"elapsedDurationMs":229000,"elapsedDuration":"PT3M49S","splitDateTime":"2019-02-16T08:22:49","splitDateTimeLocal":"2019-02-16T09:22:49+01:00"},{"startDateTime":"2019-02-16T08:20:00","startDateTimeLocal":"2019-02-16T09:20:00+01:00","stageTimeDurationMs":824600,"stageTimeDuration":"00:13:44.6000000","splitPointTimeId":63189,"splitPointId":1903,"entryId":3559,"elapsedDurationMs":227600,"elapsedDuration":"PT3M47.6S","splitDateTime":"2019-02-16T08:23:47.6","splitDateTimeLocal":"2019-02-16T09:23:47.6+01:00"},{"startDateTime":"2019-02-16T08:21:00","startDateTimeLocal":"2019-02-16T09:21:00+01:00","stageTimeDurationMs":853400,"stageTimeDuration":"00:14:13.4000000","splitPointTimeId":63193,"splitPointId":1903,"entryId":3581,"elapsedDurationMs":233600,"elapsedDuration":"PT3M53.6S","splitDateTime":"2019-02-16T08:24:53.6","splitDateTimeLocal":"2019-02-16T09:24:53.6+01:00"},{"startDateTime":"2019-02-16T08:22:00","startDateTimeLocal":"2019-02-16T09:22:00+01:00","stageTimeDurationMs":864100,"stageTimeDuration":"00:14:24.1000000","splitPointTimeId":63199,"splitPointId":1903,"entryId":3561,"elapsedDurationMs":241500,"elapsedDuration":"PT4M1.5S","splitDateTime":"2019-02-16T08:26:01.5","splitDateTimeLocal":"2019-02-16T09:26:01.5+01:00"},{"startDateTime":"2019-02-16T08:23:00","startDateTimeLocal":"2019-02-16T09:23:00+01:00","stageTimeDurationMs":858200,"stageTimeDuration":"00:14:18.2000000","splitPointTimeId":63202,"splitPointId":1903,"entryId":3563,"elapsedDurationMs":239400,"elapsedDuration":"PT3M59.4S","splitDateTime":"2019-02-16T08:26:59.4","splitDateTimeLocal":"2019-02-16T09:26:59.4+01:00"},{"startDateTime":"2019-02-16T08:24:00","startDateTimeLocal":"2019-02-16T09:24:00+01:00","stageTimeDurationMs":848000,"stageTimeDuration":"00:14:08","splitPointTimeId":63207,"splitPointId":1903,"entryId":3576,"elapsedDurationMs":227300,"elapsedDuration":"PT3M47.3S","splitDateTime":"2019-02-16T08:27:47.3","splitDateTimeLocal":"2019-02-16T09:27:47.3+01:00"},{"startDateTime":"2019-02-16T08:25:00","startDateTimeLocal":"2019-02-16T09:25:00+01:00","stageTimeDurationMs":858700,"stageTimeDuration":"00:14:18.7000000","splitPointTimeId":63209,"splitPointId":1903,"entryId":3560,"elapsedDurationMs":232900,"elapsedDuration":"PT3M52.9S","splitDateTime":"2019-02-16T08:28:52.9","splitDateTimeLocal":"2019-02-16T09:28:52.9+01:00"},{"startDateTime":"2019-02-16T08:26:00","startDateTimeLocal":"2019-02-16T09:26:00+01:00","stageTimeDurationMs":866900,"stageTimeDuration":"00:14:26.9000000","splitPointTimeId":63215,"splitPointId":1903,"entryId":3566,"elapsedDurationMs":243100,"elapsedDuration":"PT4M3.1S","splitDateTime":"2019-02-16T08:30:03.1","splitDateTimeLocal":"2019-02-16T09:30:03.1+01:00"},{"startDateTime":"2019-02-16T08:27:00","startDateTimeLocal":"2019-02-16T09:27:00+01:00","stageTimeDurationMs":860000,"stageTimeDuration":"00:14:20","splitPointTimeId":63218,"splitPointId":1903,"entryId":3584,"elapsedDurationMs":233200,"elapsedDuration":"PT3M53.2S","splitDateTime":"2019-02-16T08:30:53.2","splitDateTimeLocal":"2019-02-16T09:30:53.2+01:00"},{"startDateTime":"2019-02-16T08:29:00","startDateTimeLocal":"2019-02-16T09:29:00+01:00","stageTimeDurationMs":842600,"stageTimeDuration":"00:14:02.6000000","splitPointTimeId":63224,"splitPointId":1903,"entryId":3578,"elapsedDurationMs":232400,"elapsedDuration":"PT3M52.4S","splitDateTime":"2019-02-16T08:32:52.4","splitDateTimeLocal":"2019-02-16T09:32:52.4+01:00"},{"startDateTime":"2019-02-16T08:30:00","startDateTimeLocal":"2019-02-16T09:30:00+01:00","stageTimeDurationMs":993600,"stageTimeDuration":"00:16:33.6000000","splitPointTimeId":63226,"splitPointId":1903,"entryId":3565,"elapsedDurationMs":258900,"elapsedDuration":"PT4M18.9S","splitDateTime":"2019-02-16T08:34:18.9","splitDateTimeLocal":"2019-02-16T09:34:18.9+01:00"},{"startDateTime":"2019-02-16T08:31:00","startDateTimeLocal":"2019-02-16T09:31:00+01:00","stageTimeDurationMs":892400,"stageTimeDuration":"00:14:52.4000000","splitPointTimeId":63232,"splitPointId":1903,"entryId":3567,"elapsedDurationMs":245000,"elapsedDuration":"PT4M5S","splitDateTime":"2019-02-16T08:35:05","splitDateTimeLocal":"2019-02-16T09:35:05+01:00"},{"startDateTime":"2019-02-16T08:32:00","startDateTimeLocal":"2019-02-16T09:32:00+01:00","stageTimeDurationMs":882400,"stageTimeDuration":"00:14:42.4000000","splitPointTimeId":63236,"splitPointId":1903,"entryId":3558,"elapsedDurationMs":241700,"elapsedDuration":"PT4M1.7S","splitDateTime":"2019-02-16T08:36:01.7","splitDateTimeLocal":"2019-02-16T09:36:01.7+01:00"},{"startDateTime":"2019-02-16T08:34:00","startDateTimeLocal":"2019-02-16T09:34:00+01:00","stageTimeDurationMs":868300,"stageTimeDuration":"00:14:28.3000000","splitPointTimeId":63242,"splitPointId":1903,"entryId":3568,"elapsedDurationMs":241100,"elapsedDuration":"PT4M1.1S","splitDateTime":"2019-02-16T08:38:01.1","splitDateTimeLocal":"2019-02-16T09:38:01.1+01:00"},{"startDateTime":"2019-02-16T08:35:00","startDateTimeLocal":"2019-02-16T09:35:00+01:00","stageTimeDurationMs":866200,"stageTimeDuration":"00:14:26.2000000","splitPointTimeId":63245,"splitPointId":1903,"entryId":3564,"elapsedDurationMs":241500,"elapsedDuration":"PT4M1.5S","splitDateTime":"2019-02-16T08:39:01.5","splitDateTimeLocal":"2019-02-16T09:39:01.5+01:00"},{"startDateTime":"2019-02-16T08:36:00","startDateTimeLocal":"2019-02-16T09:36:00+01:00","stageTimeDurationMs":887600,"stageTimeDuration":"00:14:47.6000000","splitPointTimeId":63248,"splitPointId":1903,"entryId":3570,"elapsedDurationMs":246400,"elapsedDuration":"PT4M6.4S","splitDateTime":"2019-02-16T08:40:06.4","splitDateTimeLocal":"2019-02-16T09:40:06.4+01:00"},{"startDateTime":"2019-02-16T08:37:00","startDateTimeLocal":"2019-02-16T09:37:00+01:00","stageTimeDurationMs":894700,"stageTimeDuration":"00:14:54.7000000","splitPointTimeId":63249,"splitPointId":1903,"entryId":3571,"elapsedDurationMs":247000,"elapsedDuration":"PT4M7S","splitDateTime":"2019-02-16T08:41:07","splitDateTimeLocal":"2019-02-16T09:41:07+01:00"},{"startDateTime":"2019-02-16T08:38:00","startDateTimeLocal":"2019-02-16T09:38:00+01:00","stageTimeDurationMs":860100,"stageTimeDuration":"00:14:20.1000000","splitPointTimeId":63255,"splitPointId":1903,"entryId":3557,"elapsedDurationMs":237100,"elapsedDuration":"PT3M57.1S","splitDateTime":"2019-02-16T08:41:57.1","splitDateTimeLocal":"2019-02-16T09:41:57.1+01:00"},{"startDateTime":"2019-02-16T08:39:00","startDateTimeLocal":"2019-02-16T09:39:00+01:00","stageTimeDurationMs":868700,"stageTimeDuration":"00:14:28.7000000","splitPointTimeId":63258,"splitPointId":1903,"entryId":3556,"elapsedDurationMs":240900,"elapsedDuration":"PT4M0.9S","splitDateTime":"2019-02-16T08:43:00.9","splitDateTimeLocal":"2019-02-16T09:43:00.9+01:00"},{"startDateTime":"2019-02-16T08:40:00","startDateTimeLocal":"2019-02-16T09:40:00+01:00","stageTimeDurationMs":905900,"stageTimeDuration":"00:15:05.9000000","splitPointTimeId":63266,"splitPointId":1903,"entryId":3585,"elapsedDurationMs":253100,"elapsedDuration":"PT4M13.1S","splitDateTime":"2019-02-16T08:44:13.1","splitDateTimeLocal":"2019-02-16T09:44:13.1+01:00"},{"startDateTime":"2019-02-16T08:41:00","startDateTimeLocal":"2019-02-16T09:41:00+01:00","stageTimeDurationMs":883000,"stageTimeDuration":"00:14:43","splitPointTimeId":63268,"splitPointId":1903,"entryId":3586,"elapsedDurationMs":245000,"elapsedDuration":"PT4M5S","splitDateTime":"2019-02-16T08:45:05","splitDateTimeLocal":"2019-02-16T09:45:05+01:00"},{"startDateTime":"2019-02-16T08:42:00","startDateTimeLocal":"2019-02-16T09:42:00+01:00","stageTimeDurationMs":911300,"stageTimeDuration":"00:15:11.3000000","splitPointTimeId":63275,"splitPointId":1903,"entryId":3580,"elapsedDurationMs":233800,"elapsedDuration":"PT3M53.8S","splitDateTime":"2019-02-16T08:45:53.8","splitDateTimeLocal":"2019-02-16T09:45:53.8+01:00"},{"startDateTime":"2019-02-16T08:43:00","startDateTimeLocal":"2019-02-16T09:43:00+01:00","stageTimeDurationMs":910300,"stageTimeDuration":"00:15:10.3000000","splitPointTimeId":63280,"splitPointId":1903,"entryId":3569,"elapsedDurationMs":251600,"elapsedDuration":"PT4M11.6S","splitDateTime":"2019-02-16T08:47:11.6","splitDateTimeLocal":"2019-02-16T09:47:11.6+01:00"},{"startDateTime":"2019-02-16T08:44:00","startDateTimeLocal":"2019-02-16T09:44:00+01:00","stageTimeDurationMs":903400,"stageTimeDuration":"00:15:03.4000000","splitPointTimeId":63285,"splitPointId":1903,"entryId":3575,"elapsedDurationMs":253400,"elapsedDuration":"PT4M13.4S","splitDateTime":"2019-02-16T08:48:13.4","splitDateTimeLocal":"2019-02-16T09:48:13.4+01:00"},{"startDateTime":"2019-02-16T08:45:00","startDateTimeLocal":"2019-02-16T09:45:00+01:00","stageTimeDurationMs":919800,"stageTimeDuration":"00:15:19.8000000","splitPointTimeId":63292,"splitPointId":1903,"entryId":3574,"elapsedDurationMs":252900,"elapsedDuration":"PT4M12.9S","splitDateTime":"2019-02-16T08:49:12.9","splitDateTimeLocal":"2019-02-16T09:49:12.9+01:00"},{"startDateTime":"2019-02-16T08:46:00","startDateTimeLocal":"2019-02-16T09:46:00+01:00","stageTimeDurationMs":935700,"stageTimeDuration":"00:15:35.7000000","splitPointTimeId":63298,"splitPointId":1903,"entryId":3573,"elapsedDurationMs":258900,"elapsedDuration":"PT4M18.9S","splitDateTime":"2019-02-16T08:50:18.9","splitDateTimeLocal":"2019-02-16T09:50:18.9+01:00"},{"startDateTime":"2019-02-16T08:48:00","startDateTimeLocal":"2019-02-16T09:48:00+01:00","stageTimeDurationMs":918500,"stageTimeDuration":"00:15:18.5000000","splitPointTimeId":63305,"splitPointId":1903,"entryId":3572,"elapsedDurationMs":253400,"elapsedDuration":"PT4M13.4S","splitDateTime":"2019-02-16T08:52:13.4","splitDateTimeLocal":"2019-02-16T09:52:13.4+01:00"},{"startDateTime":"2019-02-16T08:49:00","startDateTimeLocal":"2019-02-16T09:49:00+01:00","stageTimeDurationMs":930300,"stageTimeDuration":"00:15:30.3000000","splitPointTimeId":63313,"splitPointId":1903,"entryId":3587,"elapsedDurationMs":256000,"elapsedDuration":"PT4M16S","splitDateTime":"2019-02-16T08:53:16","splitDateTimeLocal":"2019-02-16T09:53:16+01:00"},{"startDateTime":"2019-02-16T08:50:00","startDateTimeLocal":"2019-02-16T09:50:00+01:00","stageTimeDurationMs":905100,"stageTimeDuration":"00:15:05.1000000","splitPointTimeId":63315,"splitPointId":1903,"entryId":3582,"elapsedDurationMs":246900,"elapsedDuration":"PT4M6.9S","splitDateTime":"2019-02-16T08:54:06.9","splitDateTimeLocal":"2019-02-16T09:54:06.9+01:00"}]