[{"entryId":20365,"stageTimeMs":9722700,"stageTime":"PT2H42M2.7S","penaltyTimeMs":0,"penaltyTime":"PT0S","totalTimeMs":9722700,"totalTime":"PT2H42M2.7S","position":1,"diffFirstMs":0,"diffFirst":"PT0S","diffPrevMs":0,"diffPrev":"PT0S"},{"entryId":20367,"stageTimeMs":9733700,"stageTime":"PT2H42M13.7S","penaltyTimeMs":0,"penaltyTime":"PT0S","totalTimeMs":9733700,"totalTime":"PT2H42M13.7S","position":2,"diffFirstMs":11000,"diffFirst":"PT11S","diffPrevMs":11000,"diffPrev":"PT11S"},{"entryId":20360,"stageTimeMs":9740000,"stageTime":"PT2H42M20S","penaltyTimeMs":0,"penaltyTime":"PT0S","totalTimeMs":9740000,"totalTime":"PT2H42M20S","position":3,"diffFirstMs":17300,"diffFirst":"PT17.3S","diffPrevMs":6300,"diffPrev":"PT6.3S"},{"entryId":20363,"stageTimeMs":9749200,"stageTime":"PT2H42M29.2S","penaltyTimeMs":0,"penaltyTime":"PT0S","totalTimeMs":9749200,"totalTime":"PT2H42M29.2S","position":4,"diffFirstMs":26500,"diffFirst":"PT26.5S","diffPrevMs":9200,"diffPrev":"PT9.2S"},{"entryId":20370,"stageTimeMs":9769600,"stageTime":"PT2H42M49.6S","penaltyTimeMs":0,"penaltyTime":"PT0S","totalTimeMs":9769600,"totalTime":"PT2H42M49.6S","position":5,"diffFirstMs":46900,"diffFirst":"PT46.9S","diffPrevMs":20400,"diffPrev":"PT20.4S"},{"entryId":20368,"stageTimeMs":9774100,"stageTime":"PT2H42M54.1S","penaltyTimeMs":0,"penaltyTime":"PT0S","totalTimeMs":9774100,"totalTime":"PT2H42M54.1S","position":6,"diffFirstMs":51400,"diffFirst":"PT51.4S","diffPrevMs":4500,"diffPrev":"PT4.5S"},{"entryId":20361,"stageTimeMs":9910600,"stageTime":"PT2H45M10.6S","penaltyTimeMs":0,"penaltyTime":"PT0S","totalTimeMs":9910600,"totalTime":"PT2H45M10.6S","position":7,"diffFirstMs":187900,"diffFirst":"PT3M7.9S","diffPrevMs":136500,"diffPrev":"PT2M16.5S"},{"entryId":20364,"stageTimeMs":10022300,"stageTime":"PT2H47M2.3S","penaltyTimeMs":0,"penaltyTime":"PT0S","totalTimeMs":10022300,"totalTime":"PT2H47M2.3S","position":8,"diffFirstMs":299600,"diffFirst":"PT4M59.6S","diffPrevMs":111700,"diffPrev":"PT1M51.7S"},{"entryId":20369,"stageTimeMs":10218700,"stageTime":"PT2H50M18.7S","penaltyTimeMs":60000,"penaltyTime":"PT1M","totalTimeMs":10278700,"totalTime":"PT2H51M18.7S","position":9,"diffFirstMs":556000,"diffFirst":"PT9M16S","diffPrevMs":256400,"diffPrev":"PT4M16.4S"},{"entryId":20371,"stageTimeMs":10292900,"stageTime":"PT2H51M32.9S","penaltyTimeMs":0,"penaltyTime":"PT0S","totalTimeMs":10292900,"totalTime":"PT2H51M32.9S","position":10,"diffFirstMs":570200,"diffFirst":"PT9M30.2S","diffPrevMs":14200,"diffPrev":"PT14.2S"},{"entryId":20389,"stageTimeMs":10347700,"stageTime":"PT2H52M27.7S","penaltyTimeMs":0,"penaltyTime":"PT0S","totalTimeMs":10347700,"totalTime":"PT2H52M27.7S","position":11,"diffFirstMs":625000,"diffFirst":"PT10M25S","diffPrevMs":54800,"diffPrev":"PT54.8S"},{"entryId":20403,"stageTimeMs":10359700,"stageTime":"PT2H52M39.7S","penaltyTimeMs":0,"penaltyTime":"PT0S","totalTimeMs":10359700,"totalTime":"PT2H52M39.7S","position":12,"diffFirstMs":637000,"diffFirst":"PT10M37S","diffPrevMs":12000,"diffPrev":"PT12S"},{"entryId":20406,"stageTimeMs":10360000,"stageTime":"PT2H52M40S","penaltyTimeMs":0,"penaltyTime":"PT0S","totalTimeMs":10360000,"totalTime":"PT2H52M40S","position":13,"diffFirstMs":637300,"diffFirst":"PT10M37.3S","diffPrevMs":300,"diffPrev":"PT0.3S"},{"entryId":20377,"stageTimeMs":10360200,"stageTime":"PT2H52M40.2S","penaltyTimeMs":0,"penaltyTime":"PT0S","totalTimeMs":10360200,"totalTime":"PT2H52M40.2S","position":14,"diffFirstMs":637500,"diffFirst":"PT10M37.5S","diffPrevMs":200,"diffPrev":"PT0.2S"},{"entryId":20404,"stageTimeMs":10480600,"stageTime":"PT2H54M40.6S","penaltyTimeMs":0,"penaltyTime":"PT0S","totalTimeMs":10480600,"totalTime":"PT2H54M40.6S","position":15,"diffFirstMs":757900,"diffFirst":"PT12M37.9S","diffPrevMs":120400,"diffPrev":"PT2M0.4S"},{"entryId":20387,"stageTimeMs":10514800,"stageTime":"PT2H55M14.8S","penaltyTimeMs":0,"penaltyTime":"PT0S","totalTimeMs":10514800,"totalTime":"PT2H55M14.8S","position":16,"diffFirstMs":792100,"diffFirst":"PT13M12.1S","diffPrevMs":34200,"diffPrev":"PT34.2S"},{"entryId":20383,"stageTimeMs":10504600,"stageTime":"PT2H55M4.6S","penaltyTimeMs":20000,"penaltyTime":"PT20S","totalTimeMs":10524600,"totalTime":"PT2H55M24.6S","position":17,"diffFirstMs":801900,"diffFirst":"PT13M21.9S","diffPrevMs":9800,"diffPrev":"PT9.8S"},{"entryId":20381,"stageTimeMs":10562100,"stageTime":"PT2H56M2.1S","penaltyTimeMs":0,"penaltyTime":"PT0S","totalTimeMs":10562100,"totalTime":"PT2H56M2.1S","position":18,"diffFirstMs":839400,"diffFirst":"PT13M59.4S","diffPrevMs":37500,"diffPrev":"PT37.5S"},{"entryId":20374,"stageTimeMs":10571600,"stageTime":"PT2H56M11.6S","penaltyTimeMs":0,"penaltyTime":"PT0S","totalTimeMs":10571600,"totalTime":"PT2H56M11.6S","position":19,"diffFirstMs":848900,"diffFirst":"PT14M8.9S","diffPrevMs":9500,"diffPrev":"PT9.5S"},{"entryId":20380,"stageTimeMs":10584300,"stageTime":"PT2H56M24.3S","penaltyTimeMs":0,"penaltyTime":"PT0S","totalTimeMs":10584300,"totalTime":"PT2H56M24.3S","position":20,"diffFirstMs":861600,"diffFirst":"PT14M21.6S","diffPrevMs":12700,"diffPrev":"PT12.7S"},{"entryId":20376,"stageTimeMs":10607000,"stageTime":"PT2H56M47S","penaltyTimeMs":0,"penaltyTime":"PT0S","totalTimeMs":10607000,"totalTime":"PT2H56M47S","position":21,"diffFirstMs":884300,"diffFirst":"PT14M44.3S","diffPrevMs":22700,"diffPrev":"PT22.7S"},{"entryId":20393,"stageTimeMs":11219900,"stageTime":"PT3H6M59.9S","penaltyTimeMs":10000,"penaltyTime":"PT10S","totalTimeMs":11229900,"totalTime":"PT3H7M9.9S","position":22,"diffFirstMs":1507200,"diffFirst":"PT25M7.2S","diffPrevMs":622900,"diffPrev":"PT10M22.9S"},{"entryId":20384,"stageTimeMs":11336400,"stageTime":"PT3H8M56.4S","penaltyTimeMs":0,"penaltyTime":"PT0S","totalTimeMs":11336400,"totalTime":"PT3H8M56.4S","position":23,"diffFirstMs":1613700,"diffFirst":"PT26M53.7S","diffPrevMs":106500,"diffPrev":"PT1M46.5S"},{"entryId":20392,"stageTimeMs":11434300,"stageTime":"PT3H10M34.3S","penaltyTimeMs":0,"penaltyTime":"PT0S","totalTimeMs":11434300,"totalTime":"PT3H10M34.3S","position":24,"diffFirstMs":1711600,"diffFirst":"PT28M31.6S","diffPrevMs":97900,"diffPrev":"PT1M37.9S"},{"entryId":20398,"stageTimeMs":11555000,"stageTime":"PT3H12M35S","penaltyTimeMs":0,"penaltyTime":"PT0S","totalTimeMs":11555000,"totalTime":"PT3H12M35S","position":25,"diffFirstMs":1832300,"diffFirst":"PT30M32.3S","diffPrevMs":120700,"diffPrev":"PT2M0.7S"},{"entryId":20390,"stageTimeMs":11381600,"stageTime":"PT3H9M41.6S","penaltyTimeMs":190000,"penaltyTime":"PT3M10S","totalTimeMs":11571600,"totalTime":"PT3H12M51.6S","position":26,"diffFirstMs":1848900,"diffFirst":"PT30M48.9S","diffPrevMs":16600,"diffPrev":"PT16.6S"},{"entryId":20385,"stageTimeMs":11498700,"stageTime":"PT3H11M38.7S","penaltyTimeMs":90000,"penaltyTime":"PT1M30S","totalTimeMs":11588700,"totalTime":"PT3H13M8.7S","position":27,"diffFirstMs":1866000,"diffFirst":"PT31M6S","diffPrevMs":17100,"diffPrev":"PT17.1S"},{"entryId":20362,"stageTimeMs":11868400,"stageTime":"PT3H17M48.4S","penaltyTimeMs":0,"penaltyTime":"PT0S","totalTimeMs":11868400,"totalTime":"PT3H17M48.4S","position":28,"diffFirstMs":2145700,"diffFirst":"PT35M45.7S","diffPrevMs":279700,"diffPrev":"PT4M39.7S"},{"entryId":20414,"stageTimeMs":11929400,"stageTime":"PT3H18M49.4S","penaltyTimeMs":0,"penaltyTime":"PT0S","totalTimeMs":11929400,"totalTime":"PT3H18M49.4S","position":29,"diffFirstMs":2206700,"diffFirst":"PT36M46.7S","diffPrevMs":61000,"diffPrev":"PT1M1S"},{"entryId":20409,"stageTimeMs":12010100,"stageTime":"PT3H20M10.1S","penaltyTimeMs":70000,"penaltyTime":"PT1M10S","totalTimeMs":12080100,"totalTime":"PT3H21M20.1S","position":30,"diffFirstMs":2357400,"diffFirst":"PT39M17.4S","diffPrevMs":150700,"diffPrev":"PT2M30.7S"},{"entryId":20397,"stageTimeMs":12358800,"stageTime":"PT3H25M58.8S","penaltyTimeMs":0,"penaltyTime":"PT0S","totalTimeMs":12358800,"totalTime":"PT3H25M58.8S","position":31,"diffFirstMs":2636100,"diffFirst":"PT43M56.1S","diffPrevMs":278700,"diffPrev":"PT4M38.7S"},{"entryId":20415,"stageTimeMs":12314000,"stageTime":"PT3H25M14S","penaltyTimeMs":50000,"penaltyTime":"PT50S","totalTimeMs":12364000,"totalTime":"PT3H26M4S","position":32,"diffFirstMs":2641300,"diffFirst":"PT44M1.3S","diffPrevMs":5200,"diffPrev":"PT5.2S"},{"entryId":20399,"stageTimeMs":12622900,"stageTime":"PT3H30M22.9S","penaltyTimeMs":0,"penaltyTime":"PT0S","totalTimeMs":12622900,"totalTime":"PT3H30M22.9S","position":33,"diffFirstMs":2900200,"diffFirst":"PT48M20.2S","diffPrevMs":258900,"diffPrev":"PT4M18.9S"},{"entryId":20401,"stageTimeMs":12820900,"stageTime":"PT3H33M40.9S","penaltyTimeMs":70000,"penaltyTime":"PT1M10S","totalTimeMs":12890900,"totalTime":"PT3H34M50.9S","position":34,"diffFirstMs":3168200,"diffFirst":"PT52M48.2S","diffPrevMs":268000,"diffPrev":"PT4M28S"},{"entryId":20373,"stageTimeMs":12796600,"stageTime":"PT3H33M16.6S","penaltyTimeMs":270000,"penaltyTime":"PT4M30S","totalTimeMs":13066600,"totalTime":"PT3H37M46.6S","position":35,"diffFirstMs":3343900,"diffFirst":"PT55M43.9S","diffPrevMs":175700,"diffPrev":"PT2M55.7S"},{"entryId":20402,"stageTimeMs":13221400,"stageTime":"PT3H40M21.4S","penaltyTimeMs":0,"penaltyTime":"PT0S","totalTimeMs":13221400,"totalTime":"PT3H40M21.4S","position":36,"diffFirstMs":3498700,"diffFirst":"PT58M18.7S","diffPrevMs":154800,"diffPrev":"PT2M34.8S"},{"entryId":20378,"stageTimeMs":13272800,"stageTime":"PT3H41M12.8S","penaltyTimeMs":0,"penaltyTime":"PT0S","totalTimeMs":13272800,"totalTime":"PT3H41M12.8S","position":37,"diffFirstMs":3550100,"diffFirst":"PT59M10.1S","diffPrevMs":51400,"diffPrev":"PT51.4S"},{"entryId":20408,"stageTimeMs":13434300,"stageTime":"PT3H43M54.3S","penaltyTimeMs":70000,"penaltyTime":"PT1M10S","totalTimeMs":13504300,"totalTime":"PT3H45M4.3S","position":38,"diffFirstMs":3781600,"diffFirst":"PT1H3M1.6S","diffPrevMs":231500,"diffPrev":"PT3M51.5S"},{"entryId":20375,"stageTimeMs":13851000,"stageTime":"PT3H50M51S","penaltyTimeMs":0,"penaltyTime":"PT0S","totalTimeMs":13851000,"totalTime":"PT3H50M51S","position":39,"diffFirstMs":4128300,"diffFirst":"PT1H8M48.3S","diffPrevMs":346700,"diffPrev":"PT5M46.7S"},{"entryId":20412,"stageTimeMs":13857300,"stageTime":"PT3H50M57.3S","penaltyTimeMs":40000,"penaltyTime":"PT40S","totalTimeMs":13897300,"totalTime":"PT3H51M37.3S","position":40,"diffFirstMs":4174600,"diffFirst":"PT1H9M34.6S","diffPrevMs":46300,"diffPrev":"PT46.3S"},{"entryId":20396,"stageTimeMs":14315200,"stageTime":"PT3H58M35.2S","penaltyTimeMs":0,"penaltyTime":"PT0S","totalTimeMs":14315200,"totalTime":"PT3H58M35.2S","position":41,"diffFirstMs":4592500,"diffFirst":"PT1H16M32.5S","diffPrevMs":417900,"diffPrev":"PT6M57.9S"},{"entryId":20394,"stageTimeMs":14527100,"stageTime":"PT4H2M7.1S","penaltyTimeMs":0,"penaltyTime":"PT0S","totalTimeMs":14527100,"totalTime":"PT4H2M7.1S","position":42,"diffFirstMs":4804400,"diffFirst":"PT1H20M4.4S","diffPrevMs":211900,"diffPrev":"PT3M31.9S"},{"entryId":20379,"stageTimeMs":14838700,"stageTime":"PT4H7M18.7S","penaltyTimeMs":0,"penaltyTime":"PT0S","totalTimeMs":14838700,"totalTime":"PT4H7M18.7S","position":43,"diffFirstMs":5116000,"diffFirst":"PT1H25M16S","diffPrevMs":311600,"diffPrev":"PT5M11.6S"},{"entryId":20416,"stageTimeMs":14865000,"stageTime":"PT4H7M45S","penaltyTimeMs":10000,"penaltyTime":"PT10S","totalTimeMs":14875000,"totalTime":"PT4H7M55S","position":44,"diffFirstMs":5152300,"diffFirst":"PT1H25M52.3S","diffPrevMs":36300,"diffPrev":"PT36.3S"},{"entryId":20395,"stageTimeMs":15001200,"stageTime":"PT4H10M1.2S","penaltyTimeMs":0,"penaltyTime":"PT0S","totalTimeMs":15001200,"totalTime":"PT4H10M1.2S","position":45,"diffFirstMs":5278500,"diffFirst":"PT1H27M58.5S","diffPrevMs":126200,"diffPrev":"PT2M6.2S"},{"entryId":20372,"stageTimeMs":15244300,"stageTime":"PT4H14M4.3S","penaltyTimeMs":110000,"penaltyTime":"PT1M50S","totalTimeMs":15354300,"totalTime":"PT4H15M54.3S","position":46,"diffFirstMs":5631600,"diffFirst":"PT1H33M51.6S","diffPrevMs":353100,"diffPrev":"PT5M53.1S"},{"entryId":20405,"stageTimeMs":15219800,"stageTime":"PT4H13M39.8S","penaltyTimeMs":270000,"penaltyTime":"PT4M30S","totalTimeMs":15489800,"totalTime":"PT4H18M9.8S","position":47,"diffFirstMs":5767100,"diffFirst":"PT1H36M7.1S","diffPrevMs":135500,"diffPrev":"PT2M15.5S"},{"entryId":20417,"stageTimeMs":15483700,"stageTime":"PT4H18M3.7S","penaltyTimeMs":80000,"penaltyTime":"PT1M20S","totalTimeMs":15563700,"totalTime":"PT4H19M23.7S","position":48,"diffFirstMs":5841000,"diffFirst":"PT1H37M21S","diffPrevMs":73900,"diffPrev":"PT1M13.9S"},{"entryId":20388,"stageTimeMs":16154000,"stageTime":"PT4H29M14S","penaltyTimeMs":0,"penaltyTime":"PT0S","totalTimeMs":16154000,"totalTime":"PT4H29M14S","position":49,"diffFirstMs":6431300,"diffFirst":"PT1H47M11.3S","diffPrevMs":590300,"diffPrev":"PT9M50.3S"}]