[{"stageTimeId":85318,"stageId":1501,"entryId":20610,"elapsedDurationMs":445200,"elapsedDuration":"00:07:25.2000000","status":"Completed","source":"Default","position":1,"diffFirstMs":0,"diffFirst":"00:00:00","diffPrevMs":0,"diffPrev":"00:00:00"},{"stageTimeId":85228,"stageId":1501,"entryId":20612,"elapsedDurationMs":445500,"elapsedDuration":"00:07:25.5000000","status":"Completed","source":"Default","position":2,"diffFirstMs":300,"diffFirst":"00:00:00.3000000","diffPrevMs":300,"diffPrev":"00:00:00.3000000"},{"stageTimeId":85016,"stageId":1501,"entryId":20605,"elapsedDurationMs":446500,"elapsedDuration":"00:07:26.5000000","status":"Completed","source":"Default","position":3,"diffFirstMs":1300,"diffFirst":"00:00:01.3000000","diffPrevMs":1000,"diffPrev":"00:00:01"},{"stageTimeId":85311,"stageId":1501,"entryId":20611,"elapsedDurationMs":447400,"elapsedDuration":"00:07:27.4000000","status":"Completed","source":"Default","position":4,"diffFirstMs":2200,"diffFirst":"00:00:02.2000000","diffPrevMs":900,"diffPrev":"00:00:00.9000000"},{"stageTimeId":85221,"stageId":1501,"entryId":20609,"elapsedDurationMs":447800,"elapsedDuration":"00:07:27.8000000","status":"Completed","source":"Default","position":5,"diffFirstMs":2600,"diffFirst":"00:00:02.6000000","diffPrevMs":400,"diffPrev":"00:00:00.4000000"},{"stageTimeId":85341,"stageId":1501,"entryId":20614,"elapsedDurationMs":448300,"elapsedDuration":"00:07:28.3000000","status":"Completed","source":"Default","position":6,"diffFirstMs":3100,"diffFirst":"00:00:03.1000000","diffPrevMs":500,"diffPrev":"00:00:00.5000000"},{"stageTimeId":85334,"stageId":1501,"entryId":20606,"elapsedDurationMs":449600,"elapsedDuration":"00:07:29.6000000","status":"Completed","source":"Default","position":7,"diffFirstMs":4400,"diffFirst":"00:00:04.4000000","diffPrevMs":1300,"diffPrev":"00:00:01.3000000"},{"stageTimeId":85198,"stageId":1501,"entryId":20613,"elapsedDurationMs":449700,"elapsedDuration":"00:07:29.7000000","status":"Completed","source":"Default","position":8,"diffFirstMs":4500,"diffFirst":"00:00:04.5000000","diffPrevMs":100,"diffPrev":"00:00:00.1000000"},{"stageTimeId":85327,"stageId":1501,"entryId":20615,"elapsedDurationMs":460700,"elapsedDuration":"00:07:40.7000000","status":"Completed","source":"Default","position":9,"diffFirstMs":15500,"diffFirst":"00:00:15.5000000","diffPrevMs":11000,"diffPrev":"00:00:11"},{"stageTimeId":85256,"stageId":1501,"entryId":20616,"elapsedDurationMs":466200,"elapsedDuration":"00:07:46.2000000","status":"Completed","source":"Default","position":10,"diffFirstMs":21000,"diffFirst":"00:00:21","diffPrevMs":5500,"diffPrev":"00:00:05.5000000"},{"stageTimeId":85240,"stageId":1501,"entryId":20635,"elapsedDurationMs":467900,"elapsedDuration":"00:07:47.9000000","status":"Completed","source":"Default","position":11,"diffFirstMs":22700,"diffFirst":"00:00:22.7000000","diffPrevMs":1700,"diffPrev":"00:00:01.7000000"},{"stageTimeId":85009,"stageId":1501,"entryId":20619,"elapsedDurationMs":470000,"elapsedDuration":"00:07:50","status":"Completed","source":"Default","position":12,"diffFirstMs":24800,"diffFirst":"00:00:24.8000000","diffPrevMs":2100,"diffPrev":"00:00:02.1000000"},{"stageTimeId":84995,"stageId":1501,"entryId":20625,"elapsedDurationMs":470500,"elapsedDuration":"00:07:50.5000000","status":"Completed","source":"Default","position":13,"diffFirstMs":25300,"diffFirst":"00:00:25.3000000","diffPrevMs":500,"diffPrev":"00:00:00.5000000"},{"stageTimeId":85212,"stageId":1501,"entryId":20618,"elapsedDurationMs":472000,"elapsedDuration":"00:07:52","status":"Completed","source":"Default","position":14,"diffFirstMs":26800,"diffFirst":"00:00:26.8000000","diffPrevMs":1500,"diffPrev":"00:00:01.5000000"},{"stageTimeId":85030,"stageId":1501,"entryId":20623,"elapsedDurationMs":472400,"elapsedDuration":"00:07:52.4000000","status":"Completed","source":"Default","position":15,"diffFirstMs":27200,"diffFirst":"00:00:27.2000000","diffPrevMs":400,"diffPrev":"00:00:00.4000000"},{"stageTimeId":85084,"stageId":1501,"entryId":20636,"elapsedDurationMs":472500,"elapsedDuration":"00:07:52.5000000","status":"Completed","source":"Default","position":16,"diffFirstMs":27300,"diffFirst":"00:00:27.3000000","diffPrevMs":100,"diffPrev":"00:00:00.1000000"},{"stageTimeId":85152,"stageId":1501,"entryId":20629,"elapsedDurationMs":473900,"elapsedDuration":"00:07:53.9000000","status":"Completed","source":"Default","position":17,"diffFirstMs":28700,"diffFirst":"00:00:28.7000000","diffPrevMs":1400,"diffPrev":"00:00:01.4000000"},{"stageTimeId":85263,"stageId":1501,"entryId":20617,"elapsedDurationMs":474700,"elapsedDuration":"00:07:54.7000000","status":"Completed","source":"Default","position":18,"diffFirstMs":29500,"diffFirst":"00:00:29.5000000","diffPrevMs":800,"diffPrev":"00:00:00.8000000"},{"stageTimeId":85037,"stageId":1501,"entryId":20632,"elapsedDurationMs":474700,"elapsedDuration":"00:07:54.7000000","status":"Completed","source":"Default","position":19,"diffFirstMs":29500,"diffFirst":"00:00:29.5000000","diffPrevMs":0,"diffPrev":"00:00:00"},{"stageTimeId":85250,"stageId":1501,"entryId":20620,"elapsedDurationMs":475400,"elapsedDuration":"00:07:55.4000000","status":"Completed","source":"Default","position":20,"diffFirstMs":30200,"diffFirst":"00:00:30.2000000","diffPrevMs":700,"diffPrev":"00:00:00.7000000"},{"stageTimeId":85002,"stageId":1501,"entryId":20637,"elapsedDurationMs":476100,"elapsedDuration":"00:07:56.1000000","status":"Completed","source":"Default","position":21,"diffFirstMs":30900,"diffFirst":"00:00:30.9000000","diffPrevMs":700,"diffPrev":"00:00:00.7000000"},{"stageTimeId":85023,"stageId":1501,"entryId":20622,"elapsedDurationMs":476200,"elapsedDuration":"00:07:56.2000000","status":"Completed","source":"Default","position":22,"diffFirstMs":31000,"diffFirst":"00:00:31","diffPrevMs":100,"diffPrev":"00:00:00.1000000"},{"stageTimeId":85044,"stageId":1501,"entryId":20638,"elapsedDurationMs":478900,"elapsedDuration":"00:07:58.9000000","status":"Completed","source":"Default","position":23,"diffFirstMs":33700,"diffFirst":"00:00:33.7000000","diffPrevMs":2700,"diffPrev":"00:00:02.7000000"},{"stageTimeId":85231,"stageId":1501,"entryId":20633,"elapsedDurationMs":479000,"elapsedDuration":"00:07:59","status":"Completed","source":"Default","position":24,"diffFirstMs":33800,"diffFirst":"00:00:33.8000000","diffPrevMs":100,"diffPrev":"00:00:00.1000000"},{"stageTimeId":85276,"stageId":1501,"entryId":20621,"elapsedDurationMs":480500,"elapsedDuration":"00:08:00.5000000","status":"Completed","source":"Default","position":25,"diffFirstMs":35300,"diffFirst":"00:00:35.3000000","diffPrevMs":1500,"diffPrev":"00:00:01.5000000"},{"stageTimeId":85247,"stageId":1501,"entryId":20626,"elapsedDurationMs":483700,"elapsedDuration":"00:08:03.7000000","status":"Completed","source":"Default","position":26,"diffFirstMs":38500,"diffFirst":"00:00:38.5000000","diffPrevMs":3200,"diffPrev":"00:00:03.2000000"},{"stageTimeId":85283,"stageId":1501,"entryId":20624,"elapsedDurationMs":485900,"elapsedDuration":"00:08:05.9000000","status":"Completed","source":"Default","position":27,"diffFirstMs":40700,"diffFirst":"00:00:40.7000000","diffPrevMs":2200,"diffPrev":"00:00:02.2000000"},{"stageTimeId":85145,"stageId":1501,"entryId":20631,"elapsedDurationMs":486600,"elapsedDuration":"00:08:06.6000000","status":"Completed","source":"Default","position":28,"diffFirstMs":41400,"diffFirst":"00:00:41.4000000","diffPrevMs":700,"diffPrev":"00:00:00.7000000"},{"stageTimeId":85178,"stageId":1501,"entryId":20641,"elapsedDurationMs":492700,"elapsedDuration":"00:08:12.7000000","status":"Completed","source":"Default","position":29,"diffFirstMs":47500,"diffFirst":"00:00:47.5000000","diffPrevMs":6100,"diffPrev":"00:00:06.1000000"},{"stageTimeId":85139,"stageId":1501,"entryId":20639,"elapsedDurationMs":505700,"elapsedDuration":"00:08:25.7000000","status":"Completed","source":"Default","position":30,"diffFirstMs":60500,"diffFirst":"00:01:00.5000000","diffPrevMs":13000,"diffPrev":"00:00:13"},{"stageTimeId":85180,"stageId":1501,"entryId":20634,"elapsedDurationMs":516100,"elapsedDuration":"00:08:36.1000000","status":"Completed","source":"Default","position":31,"diffFirstMs":70900,"diffFirst":"00:01:10.9000000","diffPrevMs":10400,"diffPrev":"00:00:10.4000000"},{"stageTimeId":85187,"stageId":1501,"entryId":20643,"elapsedDurationMs":516900,"elapsedDuration":"00:08:36.9000000","status":"Completed","source":"Default","position":32,"diffFirstMs":71700,"diffFirst":"00:01:11.7000000","diffPrevMs":800,"diffPrev":"00:00:00.8000000"},{"stageTimeId":85051,"stageId":1501,"entryId":20647,"elapsedDurationMs":523800,"elapsedDuration":"00:08:43.8000000","status":"Completed","source":"Default","position":33,"diffFirstMs":78600,"diffFirst":"00:01:18.6000000","diffPrevMs":6900,"diffPrev":"00:00:06.9000000"},{"stageTimeId":85164,"stageId":1501,"entryId":20650,"elapsedDurationMs":530000,"elapsedDuration":"00:08:50","status":"Completed","source":"Default","position":34,"diffFirstMs":84800,"diffFirst":"00:01:24.8000000","diffPrevMs":6200,"diffPrev":"00:00:06.2000000"},{"stageTimeId":85136,"stageId":1501,"entryId":20656,"elapsedDurationMs":530100,"elapsedDuration":"00:08:50.1000000","status":"Completed","source":"Default","position":35,"diffFirstMs":84900,"diffFirst":"00:01:24.9000000","diffPrevMs":100,"diffPrev":"00:00:00.1000000"},{"stageTimeId":85074,"stageId":1501,"entryId":20648,"elapsedDurationMs":531700,"elapsedDuration":"00:08:51.7000000","status":"Completed","source":"Default","position":36,"diffFirstMs":86500,"diffFirst":"00:01:26.5000000","diffPrevMs":1600,"diffPrev":"00:00:01.6000000"},{"stageTimeId":85058,"stageId":1501,"entryId":20660,"elapsedDurationMs":533700,"elapsedDuration":"00:08:53.7000000","status":"Completed","source":"Default","position":37,"diffFirstMs":88500,"diffFirst":"00:01:28.5000000","diffPrevMs":2000,"diffPrev":"00:00:02"},{"stageTimeId":85171,"stageId":1501,"entryId":20659,"elapsedDurationMs":535600,"elapsedDuration":"00:08:55.6000000","status":"Completed","source":"Default","position":38,"diffFirstMs":90400,"diffFirst":"00:01:30.4000000","diffPrevMs":1900,"diffPrev":"00:00:01.9000000"},{"stageTimeId":85299,"stageId":1501,"entryId":20652,"elapsedDurationMs":535900,"elapsedDuration":"00:08:55.9000000","status":"Completed","source":"Default","position":39,"diffFirstMs":90700,"diffFirst":"00:01:30.7000000","diffPrevMs":300,"diffPrev":"00:00:00.3000000"},{"stageTimeId":85085,"stageId":1501,"entryId":20642,"elapsedDurationMs":544500,"elapsedDuration":"00:09:04.5000000","status":"Completed","source":"Default","position":40,"diffFirstMs":99300,"diffFirst":"00:01:39.3000000","diffPrevMs":8600,"diffPrev":"00:00:08.6000000"},{"stageTimeId":85094,"stageId":1501,"entryId":20663,"elapsedDurationMs":565900,"elapsedDuration":"00:09:25.9000000","status":"Completed","source":"Default","position":41,"diffFirstMs":120700,"diffFirst":"00:02:00.7000000","diffPrevMs":21400,"diffPrev":"00:00:21.4000000"},{"stageTimeId":85116,"stageId":1501,"entryId":20665,"elapsedDurationMs":567600,"elapsedDuration":"00:09:27.6000000","status":"Completed","source":"Default","position":42,"diffFirstMs":122400,"diffFirst":"00:02:02.4000000","diffPrevMs":1700,"diffPrev":"00:00:01.7000000"},{"stageTimeId":85292,"stageId":1501,"entryId":20664,"elapsedDurationMs":574700,"elapsedDuration":"00:09:34.7000000","status":"Completed","source":"Default","position":43,"diffFirstMs":129500,"diffFirst":"00:02:09.5000000","diffPrevMs":7100,"diffPrev":"00:00:07.1000000"},{"stageTimeId":85100,"stageId":1501,"entryId":20667,"elapsedDurationMs":583100,"elapsedDuration":"00:09:43.1000000","status":"Completed","source":"Default","position":44,"diffFirstMs":137900,"diffFirst":"00:02:17.9000000","diffPrevMs":8400,"diffPrev":"00:00:08.4000000"},{"stageTimeId":85093,"stageId":1501,"entryId":20661,"elapsedDurationMs":584100,"elapsedDuration":"00:09:44.1000000","status":"Completed","source":"Default","position":45,"diffFirstMs":138900,"diffFirst":"00:02:18.9000000","diffPrevMs":1000,"diffPrev":"00:00:01"},{"stageTimeId":85288,"stageId":1501,"entryId":20668,"elapsedDurationMs":635000,"elapsedDuration":"00:10:35","status":"Completed","source":"Default","position":46,"diffFirstMs":189800,"diffFirst":"00:03:09.8000000","diffPrevMs":50900,"diffPrev":"00:00:50.9000000"},{"stageTimeId":85270,"stageId":1501,"entryId":20608,"elapsedDurationMs":865200,"elapsedDuration":"00:14:25.2000000","status":"Completed","source":"Assessed","position":47,"diffFirstMs":420000,"diffFirst":"00:07:00","diffPrevMs":230200,"diffPrev":"00:03:50.2000000"},{"stageTimeId":85129,"stageId":1501,"entryId":20628,"elapsedDurationMs":887900,"elapsedDuration":"00:14:47.9000000","status":"Completed","source":"Assessed","position":48,"diffFirstMs":442700,"diffFirst":"00:07:22.7000000","diffPrevMs":22700,"diffPrev":"00:00:22.7000000"},{"stageTimeId":85109,"stageId":1501,"entryId":20640,"elapsedDurationMs":912700,"elapsedDuration":"00:15:12.7000000","status":"Completed","source":"Assessed","position":49,"diffFirstMs":467500,"diffFirst":"00:07:47.5000000","diffPrevMs":24800,"diffPrev":"00:00:24.8000000"},{"stageTimeId":85081,"stageId":1501,"entryId":20666,"elapsedDurationMs":null,"elapsedDuration":null,"status":"DNS","source":"Default","position":null,"diffFirstMs":null,"diffFirst":null,"diffPrevMs":null,"diffPrev":null}]