[{"startDateTime":"2019-10-25T07:23:00","startDateTimeLocal":"2019-10-25T09:23:00+02:00","stageTimeDurationMs":258600,"stageTimeDuration":"00:04:18.6000000","splitPointTimeId":99198,"splitPointId":3023,"entryId":20610,"elapsedDurationMs":179000,"elapsedDuration":"PT2M59S","splitDateTime":"2019-10-25T07:25:59","splitDateTimeLocal":"2019-10-25T09:25:59+02:00"},{"startDateTime":"2019-10-25T07:26:00","startDateTimeLocal":"2019-10-25T09:26:00+02:00","stageTimeDurationMs":256800,"stageTimeDuration":"00:04:16.8000000","splitPointTimeId":99199,"splitPointId":3023,"entryId":20605,"elapsedDurationMs":177100,"elapsedDuration":"PT2M57.1S","splitDateTime":"2019-10-25T07:28:57.1","splitDateTimeLocal":"2019-10-25T09:28:57.1+02:00"},{"startDateTime":"2019-10-25T07:29:00","startDateTimeLocal":"2019-10-25T09:29:00+02:00","stageTimeDurationMs":257800,"stageTimeDuration":"00:04:17.8000000","splitPointTimeId":99200,"splitPointId":3023,"entryId":20612,"elapsedDurationMs":178800,"elapsedDuration":"PT2M58.8S","splitDateTime":"2019-10-25T07:31:58.8","splitDateTimeLocal":"2019-10-25T09:31:58.8+02:00"},{"startDateTime":"2019-10-25T07:32:00","startDateTimeLocal":"2019-10-25T09:32:00+02:00","stageTimeDurationMs":258000,"stageTimeDuration":"00:04:18","splitPointTimeId":99201,"splitPointId":3023,"entryId":20608,"elapsedDurationMs":178900,"elapsedDuration":"PT2M58.9S","splitDateTime":"2019-10-25T07:34:58.9","splitDateTimeLocal":"2019-10-25T09:34:58.9+02:00"},{"startDateTime":"2019-10-25T07:35:00","startDateTimeLocal":"2019-10-25T09:35:00+02:00","stageTimeDurationMs":259300,"stageTimeDuration":"00:04:19.3000000","splitPointTimeId":99202,"splitPointId":3023,"entryId":20614,"elapsedDurationMs":180300,"elapsedDuration":"PT3M0.3S","splitDateTime":"2019-10-25T07:38:00.3","splitDateTimeLocal":"2019-10-25T09:38:00.3+02:00"},{"startDateTime":"2019-10-25T07:38:00","startDateTimeLocal":"2019-10-25T09:38:00+02:00","stageTimeDurationMs":261300,"stageTimeDuration":"00:04:21.3000000","splitPointTimeId":99203,"splitPointId":3023,"entryId":20611,"elapsedDurationMs":181500,"elapsedDuration":"PT3M1.5S","splitDateTime":"2019-10-25T07:41:01.5","splitDateTimeLocal":"2019-10-25T09:41:01.5+02:00"},{"startDateTime":"2019-10-25T07:41:00","startDateTimeLocal":"2019-10-25T09:41:00+02:00","stageTimeDurationMs":261100,"stageTimeDuration":"00:04:21.1000000","splitPointTimeId":99204,"splitPointId":3023,"entryId":20607,"elapsedDurationMs":181300,"elapsedDuration":"PT3M1.3S","splitDateTime":"2019-10-25T07:44:01.3","splitDateTimeLocal":"2019-10-25T09:44:01.3+02:00"},{"startDateTime":"2019-10-25T07:44:00","startDateTimeLocal":"2019-10-25T09:44:00+02:00","stageTimeDurationMs":260400,"stageTimeDuration":"00:04:20.4000000","splitPointTimeId":99205,"splitPointId":3023,"entryId":20606,"elapsedDurationMs":181500,"elapsedDuration":"PT3M1.5S","splitDateTime":"2019-10-25T07:47:01.5","splitDateTimeLocal":"2019-10-25T09:47:01.5+02:00"},{"startDateTime":"2019-10-25T07:47:00","startDateTimeLocal":"2019-10-25T09:47:00+02:00","stageTimeDurationMs":257500,"stageTimeDuration":"00:04:17.5000000","splitPointTimeId":99206,"splitPointId":3023,"entryId":20609,"elapsedDurationMs":178300,"elapsedDuration":"PT2M58.3S","splitDateTime":"2019-10-25T07:49:58.3","splitDateTimeLocal":"2019-10-25T09:49:58.3+02:00"},{"startDateTime":"2019-10-25T07:50:00","startDateTimeLocal":"2019-10-25T09:50:00+02:00","stageTimeDurationMs":261800,"stageTimeDuration":"00:04:21.8000000","splitPointTimeId":99207,"splitPointId":3023,"entryId":20613,"elapsedDurationMs":181000,"elapsedDuration":"PT3M1S","splitDateTime":"2019-10-25T07:53:01","splitDateTimeLocal":"2019-10-25T09:53:01+02:00"},{"startDateTime":"2019-10-25T07:53:00","startDateTimeLocal":"2019-10-25T09:53:00+02:00","stageTimeDurationMs":264200,"stageTimeDuration":"00:04:24.2000000","splitPointTimeId":99208,"splitPointId":3023,"entryId":20615,"elapsedDurationMs":184200,"elapsedDuration":"PT3M4.2S","splitDateTime":"2019-10-25T07:56:04.2","splitDateTimeLocal":"2019-10-25T09:56:04.2+02:00"},{"startDateTime":"2019-10-25T07:55:00","startDateTimeLocal":"2019-10-25T09:55:00+02:00","stageTimeDurationMs":269000,"stageTimeDuration":"00:04:29","splitPointTimeId":99209,"splitPointId":3023,"entryId":20616,"elapsedDurationMs":186500,"elapsedDuration":"PT3M6.5S","splitDateTime":"2019-10-25T07:58:06.5","splitDateTimeLocal":"2019-10-25T09:58:06.5+02:00"},{"startDateTime":"2019-10-25T07:57:00","startDateTimeLocal":"2019-10-25T09:57:00+02:00","stageTimeDurationMs":271300,"stageTimeDuration":"00:04:31.3000000","splitPointTimeId":99210,"splitPointId":3023,"entryId":20617,"elapsedDurationMs":188700,"elapsedDuration":"PT3M8.7S","splitDateTime":"2019-10-25T08:00:08.7","splitDateTimeLocal":"2019-10-25T10:00:08.7+02:00"},{"startDateTime":"2019-10-25T07:59:00","startDateTimeLocal":"2019-10-25T09:59:00+02:00","stageTimeDurationMs":268200,"stageTimeDuration":"00:04:28.2000000","splitPointTimeId":99211,"splitPointId":3023,"entryId":20618,"elapsedDurationMs":186700,"elapsedDuration":"PT3M6.7S","splitDateTime":"2019-10-25T08:02:06.7","splitDateTimeLocal":"2019-10-25T10:02:06.7+02:00"},{"startDateTime":"2019-10-25T08:01:00","startDateTimeLocal":"2019-10-25T10:01:00+02:00","stageTimeDurationMs":271800,"stageTimeDuration":"00:04:31.8000000","splitPointTimeId":99212,"splitPointId":3023,"entryId":20619,"elapsedDurationMs":188700,"elapsedDuration":"PT3M8.7S","splitDateTime":"2019-10-25T08:04:08.7","splitDateTimeLocal":"2019-10-25T10:04:08.7+02:00"},{"startDateTime":"2019-10-25T08:03:00","startDateTimeLocal":"2019-10-25T10:03:00+02:00","stageTimeDurationMs":270100,"stageTimeDuration":"00:04:30.1000000","splitPointTimeId":99213,"splitPointId":3023,"entryId":20620,"elapsedDurationMs":188500,"elapsedDuration":"PT3M8.5S","splitDateTime":"2019-10-25T08:06:08.5","splitDateTimeLocal":"2019-10-25T10:06:08.5+02:00"},{"startDateTime":"2019-10-25T08:05:00","startDateTimeLocal":"2019-10-25T10:05:00+02:00","stageTimeDurationMs":280700,"stageTimeDuration":"00:04:40.7000000","splitPointTimeId":99215,"splitPointId":3023,"entryId":20621,"elapsedDurationMs":197000,"elapsedDuration":"PT3M17S","splitDateTime":"2019-10-25T08:08:17","splitDateTimeLocal":"2019-10-25T10:08:17+02:00"},{"startDateTime":"2019-10-25T08:07:00","startDateTimeLocal":"2019-10-25T10:07:00+02:00","stageTimeDurationMs":270900,"stageTimeDuration":"00:04:30.9000000","splitPointTimeId":99218,"splitPointId":3023,"entryId":20622,"elapsedDurationMs":188500,"elapsedDuration":"PT3M8.5S","splitDateTime":"2019-10-25T08:10:08.5","splitDateTimeLocal":"2019-10-25T10:10:08.5+02:00"},{"startDateTime":"2019-10-25T08:09:00","startDateTimeLocal":"2019-10-25T10:09:00+02:00","stageTimeDurationMs":272000,"stageTimeDuration":"00:04:32","splitPointTimeId":99220,"splitPointId":3023,"entryId":20623,"elapsedDurationMs":190600,"elapsedDuration":"PT3M10.6S","splitDateTime":"2019-10-25T08:12:10.6","splitDateTimeLocal":"2019-10-25T10:12:10.6+02:00"},{"startDateTime":"2019-10-25T08:11:00","startDateTimeLocal":"2019-10-25T10:11:00+02:00","stageTimeDurationMs":272000,"stageTimeDuration":"00:04:32","splitPointTimeId":99223,"splitPointId":3023,"entryId":20624,"elapsedDurationMs":190300,"elapsedDuration":"PT3M10.3S","splitDateTime":"2019-10-25T08:14:10.3","splitDateTimeLocal":"2019-10-25T10:14:10.3+02:00"},{"startDateTime":"2019-10-25T08:13:00","startDateTimeLocal":"2019-10-25T10:13:00+02:00","stageTimeDurationMs":274900,"stageTimeDuration":"00:04:34.9000000","splitPointTimeId":99227,"splitPointId":3023,"entryId":20625,"elapsedDurationMs":191800,"elapsedDuration":"PT3M11.8S","splitDateTime":"2019-10-25T08:16:11.8","splitDateTimeLocal":"2019-10-25T10:16:11.8+02:00"},{"startDateTime":"2019-10-25T08:15:00","startDateTimeLocal":"2019-10-25T10:15:00+02:00","stageTimeDurationMs":269100,"stageTimeDuration":"00:04:29.1000000","splitPointTimeId":99229,"splitPointId":3023,"entryId":20626,"elapsedDurationMs":188000,"elapsedDuration":"PT3M8S","splitDateTime":"2019-10-25T08:18:08","splitDateTimeLocal":"2019-10-25T10:18:08+02:00"},{"startDateTime":"2019-10-25T08:17:00","startDateTimeLocal":"2019-10-25T10:17:00+02:00","stageTimeDurationMs":282700,"stageTimeDuration":"00:04:42.7000000","splitPointTimeId":99232,"splitPointId":3023,"entryId":20629,"elapsedDurationMs":200100,"elapsedDuration":"PT3M20.1S","splitDateTime":"2019-10-25T08:20:20.1","splitDateTimeLocal":"2019-10-25T10:20:20.1+02:00"},{"startDateTime":"2019-10-25T08:19:00","startDateTimeLocal":"2019-10-25T10:19:00+02:00","stageTimeDurationMs":274500,"stageTimeDuration":"00:04:34.5000000","splitPointTimeId":99236,"splitPointId":3023,"entryId":20631,"elapsedDurationMs":192700,"elapsedDuration":"PT3M12.7S","splitDateTime":"2019-10-25T08:22:12.7","splitDateTimeLocal":"2019-10-25T10:22:12.7+02:00"},{"startDateTime":"2019-10-25T08:21:00","startDateTimeLocal":"2019-10-25T10:21:00+02:00","stageTimeDurationMs":270900,"stageTimeDuration":"00:04:30.9000000","splitPointTimeId":99238,"splitPointId":3023,"entryId":20632,"elapsedDurationMs":188800,"elapsedDuration":"PT3M8.8S","splitDateTime":"2019-10-25T08:24:08.8","splitDateTimeLocal":"2019-10-25T10:24:08.8+02:00"},{"startDateTime":"2019-10-25T08:23:00","startDateTimeLocal":"2019-10-25T10:23:00+02:00","stageTimeDurationMs":269000,"stageTimeDuration":"00:04:29","splitPointTimeId":99241,"splitPointId":3023,"entryId":20635,"elapsedDurationMs":187800,"elapsedDuration":"PT3M7.8S","splitDateTime":"2019-10-25T08:26:07.8","splitDateTimeLocal":"2019-10-25T10:26:07.8+02:00"},{"startDateTime":"2019-10-25T08:25:00","startDateTimeLocal":"2019-10-25T10:25:00+02:00","stageTimeDurationMs":268400,"stageTimeDuration":"00:04:28.4000000","splitPointTimeId":99245,"splitPointId":3023,"entryId":20636,"elapsedDurationMs":187000,"elapsedDuration":"PT3M7S","splitDateTime":"2019-10-25T08:28:07","splitDateTimeLocal":"2019-10-25T10:28:07+02:00"},{"startDateTime":"2019-10-25T08:27:00","startDateTimeLocal":"2019-10-25T10:27:00+02:00","stageTimeDurationMs":272400,"stageTimeDuration":"00:04:32.4000000","splitPointTimeId":99247,"splitPointId":3023,"entryId":20637,"elapsedDurationMs":190300,"elapsedDuration":"PT3M10.3S","splitDateTime":"2019-10-25T08:30:10.3","splitDateTimeLocal":"2019-10-25T10:30:10.3+02:00"},{"startDateTime":"2019-10-25T08:29:00","startDateTimeLocal":"2019-10-25T10:29:00+02:00","stageTimeDurationMs":273800,"stageTimeDuration":"00:04:33.8000000","splitPointTimeId":99250,"splitPointId":3023,"entryId":20638,"elapsedDurationMs":191500,"elapsedDuration":"PT3M11.5S","splitDateTime":"2019-10-25T08:32:11.5","splitDateTimeLocal":"2019-10-25T10:32:11.5+02:00"},{"startDateTime":"2019-10-25T08:31:00","startDateTimeLocal":"2019-10-25T10:31:00+02:00","stageTimeDurationMs":281800,"stageTimeDuration":"00:04:41.8000000","splitPointTimeId":99254,"splitPointId":3023,"entryId":20633,"elapsedDurationMs":197400,"elapsedDuration":"PT3M17.4S","splitDateTime":"2019-10-25T08:34:17.4","splitDateTimeLocal":"2019-10-25T10:34:17.4+02:00"},{"startDateTime":"2019-10-25T08:33:00","startDateTimeLocal":"2019-10-25T10:33:00+02:00","stageTimeDurationMs":300100,"stageTimeDuration":"00:05:00.1000000","splitPointTimeId":99257,"splitPointId":3023,"entryId":20628,"elapsedDurationMs":212300,"elapsedDuration":"PT3M32.3S","splitDateTime":"2019-10-25T08:36:32.3","splitDateTimeLocal":"2019-10-25T10:36:32.3+02:00"},{"startDateTime":"2019-10-25T08:35:00","startDateTimeLocal":"2019-10-25T10:35:00+02:00","stageTimeDurationMs":312600,"stageTimeDuration":"00:05:12.6000000","splitPointTimeId":99260,"splitPointId":3023,"entryId":20634,"elapsedDurationMs":218900,"elapsedDuration":"PT3M38.9S","splitDateTime":"2019-10-25T08:38:38.9","splitDateTimeLocal":"2019-10-25T10:38:38.9+02:00"},{"startDateTime":"2019-10-25T08:37:00","startDateTimeLocal":"2019-10-25T10:37:00+02:00","stageTimeDurationMs":287400,"stageTimeDuration":"00:04:47.4000000","splitPointTimeId":99264,"splitPointId":3023,"entryId":20639,"elapsedDurationMs":200900,"elapsedDuration":"PT3M20.9S","splitDateTime":"2019-10-25T08:40:20.9","splitDateTimeLocal":"2019-10-25T10:40:20.9+02:00"},{"startDateTime":"2019-10-25T08:39:00","startDateTimeLocal":"2019-10-25T10:39:00+02:00","stageTimeDurationMs":339900,"stageTimeDuration":"00:05:39.9000000","splitPointTimeId":99268,"splitPointId":3023,"entryId":20640,"elapsedDurationMs":239200,"elapsedDuration":"PT3M59.2S","splitDateTime":"2019-10-25T08:42:59.2","splitDateTimeLocal":"2019-10-25T10:42:59.2+02:00"},{"startDateTime":"2019-10-25T08:41:00","startDateTimeLocal":"2019-10-25T10:41:00+02:00","stageTimeDurationMs":300100,"stageTimeDuration":"00:05:00.1000000","splitPointTimeId":99272,"splitPointId":3023,"entryId":20641,"elapsedDurationMs":209800,"elapsedDuration":"PT3M29.8S","splitDateTime":"2019-10-25T08:44:29.8","splitDateTimeLocal":"2019-10-25T10:44:29.8+02:00"},{"startDateTime":"2019-10-25T08:43:00","startDateTimeLocal":"2019-10-25T10:43:00+02:00","stageTimeDurationMs":321000,"stageTimeDuration":"00:05:21","splitPointTimeId":99276,"splitPointId":3023,"entryId":20642,"elapsedDurationMs":228100,"elapsedDuration":"PT3M48.1S","splitDateTime":"2019-10-25T08:46:48.1","splitDateTimeLocal":"2019-10-25T10:46:48.1+02:00"},{"startDateTime":"2019-10-25T08:45:00","startDateTimeLocal":"2019-10-25T10:45:00+02:00","stageTimeDurationMs":307600,"stageTimeDuration":"00:05:07.6000000","splitPointTimeId":99280,"splitPointId":3023,"entryId":20643,"elapsedDurationMs":217100,"elapsedDuration":"PT3M37.1S","splitDateTime":"2019-10-25T08:48:37.1","splitDateTimeLocal":"2019-10-25T10:48:37.1+02:00"},{"startDateTime":"2019-10-25T08:47:00","startDateTimeLocal":"2019-10-25T10:47:00+02:00","stageTimeDurationMs":308500,"stageTimeDuration":"00:05:08.5000000","splitPointTimeId":99284,"splitPointId":3023,"entryId":20644,"elapsedDurationMs":216000,"elapsedDuration":"PT3M36S","splitDateTime":"2019-10-25T08:50:36","splitDateTimeLocal":"2019-10-25T10:50:36+02:00"},{"startDateTime":"2019-10-25T08:49:00","startDateTimeLocal":"2019-10-25T10:49:00+02:00","stageTimeDurationMs":309500,"stageTimeDuration":"00:05:09.5000000","splitPointTimeId":99288,"splitPointId":3023,"entryId":20645,"elapsedDurationMs":217400,"elapsedDuration":"PT3M37.4S","splitDateTime":"2019-10-25T08:52:37.4","splitDateTimeLocal":"2019-10-25T10:52:37.4+02:00"},{"startDateTime":"2019-10-25T08:51:00","startDateTimeLocal":"2019-10-25T10:51:00+02:00","stageTimeDurationMs":307100,"stageTimeDuration":"00:05:07.1000000","splitPointTimeId":99291,"splitPointId":3023,"entryId":20646,"elapsedDurationMs":214300,"elapsedDuration":"PT3M34.3S","splitDateTime":"2019-10-25T08:54:34.3","splitDateTimeLocal":"2019-10-25T10:54:34.3+02:00"},{"startDateTime":"2019-10-25T08:53:00","startDateTimeLocal":"2019-10-25T10:53:00+02:00","stageTimeDurationMs":300600,"stageTimeDuration":"00:05:00.6000000","splitPointTimeId":99296,"splitPointId":3023,"entryId":20647,"elapsedDurationMs":210000,"elapsedDuration":"PT3M30S","splitDateTime":"2019-10-25T08:56:30","splitDateTimeLocal":"2019-10-25T10:56:30+02:00"},{"startDateTime":"2019-10-25T08:55:00","startDateTimeLocal":"2019-10-25T10:55:00+02:00","stageTimeDurationMs":307300,"stageTimeDuration":"00:05:07.3000000","splitPointTimeId":99300,"splitPointId":3023,"entryId":20648,"elapsedDurationMs":215100,"elapsedDuration":"PT3M35.1S","splitDateTime":"2019-10-25T08:58:35.1","splitDateTimeLocal":"2019-10-25T10:58:35.1+02:00"},{"startDateTime":"2019-10-25T08:57:00","startDateTimeLocal":"2019-10-25T10:57:00+02:00","stageTimeDurationMs":337800,"stageTimeDuration":"00:05:37.8000000","splitPointTimeId":99304,"splitPointId":3023,"entryId":20649,"elapsedDurationMs":238300,"elapsedDuration":"PT3M58.3S","splitDateTime":"2019-10-25T09:00:58.3","splitDateTimeLocal":"2019-10-25T11:00:58.3+02:00"},{"startDateTime":"2019-10-25T08:59:00","startDateTimeLocal":"2019-10-25T10:59:00+02:00","stageTimeDurationMs":309300,"stageTimeDuration":"00:05:09.3000000","splitPointTimeId":99307,"splitPointId":3023,"entryId":20666,"elapsedDurationMs":216600,"elapsedDuration":"PT3M36.6S","splitDateTime":"2019-10-25T09:02:36.6","splitDateTimeLocal":"2019-10-25T11:02:36.6+02:00"},{"startDateTime":"2019-10-25T09:01:00","startDateTimeLocal":"2019-10-25T11:01:00+02:00","stageTimeDurationMs":308000,"stageTimeDuration":"00:05:08","splitPointTimeId":99310,"splitPointId":3023,"entryId":20650,"elapsedDurationMs":216300,"elapsedDuration":"PT3M36.3S","splitDateTime":"2019-10-25T09:04:36.3","splitDateTimeLocal":"2019-10-25T11:04:36.3+02:00"},{"startDateTime":"2019-10-25T09:03:00","startDateTimeLocal":"2019-10-25T11:03:00+02:00","stageTimeDurationMs":297800,"stageTimeDuration":"00:04:57.8000000","splitPointTimeId":99313,"splitPointId":3023,"entryId":20651,"elapsedDurationMs":207600,"elapsedDuration":"PT3M27.6S","splitDateTime":"2019-10-25T09:06:27.6","splitDateTimeLocal":"2019-10-25T11:06:27.6+02:00"},{"startDateTime":"2019-10-25T09:05:00","startDateTimeLocal":"2019-10-25T11:05:00+02:00","stageTimeDurationMs":301900,"stageTimeDuration":"00:05:01.9000000","splitPointTimeId":99317,"splitPointId":3023,"entryId":20652,"elapsedDurationMs":210700,"elapsedDuration":"PT3M30.7S","splitDateTime":"2019-10-25T09:08:30.7","splitDateTimeLocal":"2019-10-25T11:08:30.7+02:00"},{"startDateTime":"2019-10-25T09:07:00","startDateTimeLocal":"2019-10-25T11:07:00+02:00","stageTimeDurationMs":308400,"stageTimeDuration":"00:05:08.4000000","splitPointTimeId":99321,"splitPointId":3023,"entryId":20653,"elapsedDurationMs":215500,"elapsedDuration":"PT3M35.5S","splitDateTime":"2019-10-25T09:10:35.5","splitDateTimeLocal":"2019-10-25T11:10:35.5+02:00"},{"startDateTime":"2019-10-25T09:09:00","startDateTimeLocal":"2019-10-25T11:09:00+02:00","stageTimeDurationMs":323300,"stageTimeDuration":"00:05:23.3000000","splitPointTimeId":99324,"splitPointId":3023,"entryId":20654,"elapsedDurationMs":225300,"elapsedDuration":"PT3M45.3S","splitDateTime":"2019-10-25T09:12:45.3","splitDateTimeLocal":"2019-10-25T11:12:45.3+02:00"},{"startDateTime":"2019-10-25T09:11:00","startDateTimeLocal":"2019-10-25T11:11:00+02:00","stageTimeDurationMs":298100,"stageTimeDuration":"00:04:58.1000000","splitPointTimeId":99329,"splitPointId":3023,"entryId":20656,"elapsedDurationMs":208500,"elapsedDuration":"PT3M28.5S","splitDateTime":"2019-10-25T09:14:28.5","splitDateTimeLocal":"2019-10-25T11:14:28.5+02:00"},{"startDateTime":"2019-10-25T09:13:00","startDateTimeLocal":"2019-10-25T11:13:00+02:00","stageTimeDurationMs":314300,"stageTimeDuration":"00:05:14.3000000","splitPointTimeId":99333,"splitPointId":3023,"entryId":20657,"elapsedDurationMs":219600,"elapsedDuration":"PT3M39.6S","splitDateTime":"2019-10-25T09:16:39.6","splitDateTimeLocal":"2019-10-25T11:16:39.6+02:00"},{"startDateTime":"2019-10-25T09:15:00","startDateTimeLocal":"2019-10-25T11:15:00+02:00","stageTimeDurationMs":307000,"stageTimeDuration":"00:05:07","splitPointTimeId":99336,"splitPointId":3023,"entryId":20658,"elapsedDurationMs":214800,"elapsedDuration":"PT3M34.8S","splitDateTime":"2019-10-25T09:18:34.8","splitDateTimeLocal":"2019-10-25T11:18:34.8+02:00"},{"startDateTime":"2019-10-25T09:17:00","startDateTimeLocal":"2019-10-25T11:17:00+02:00","stageTimeDurationMs":323000,"stageTimeDuration":"00:05:23","splitPointTimeId":99338,"splitPointId":3023,"entryId":20659,"elapsedDurationMs":225800,"elapsedDuration":"PT3M45.8S","splitDateTime":"2019-10-25T09:20:45.8","splitDateTimeLocal":"2019-10-25T11:20:45.8+02:00"},{"startDateTime":"2019-10-25T09:19:00","startDateTimeLocal":"2019-10-25T11:19:00+02:00","stageTimeDurationMs":311000,"stageTimeDuration":"00:05:11","splitPointTimeId":99342,"splitPointId":3023,"entryId":20660,"elapsedDurationMs":218600,"elapsedDuration":"PT3M38.6S","splitDateTime":"2019-10-25T09:22:38.6","splitDateTimeLocal":"2019-10-25T11:22:38.6+02:00"},{"startDateTime":"2019-10-25T09:21:00","startDateTimeLocal":"2019-10-25T11:21:00+02:00","stageTimeDurationMs":333400,"stageTimeDuration":"00:05:33.4000000","splitPointTimeId":99347,"splitPointId":3023,"entryId":20661,"elapsedDurationMs":234400,"elapsedDuration":"PT3M54.4S","splitDateTime":"2019-10-25T09:24:54.4","splitDateTimeLocal":"2019-10-25T11:24:54.4+02:00"},{"startDateTime":"2019-10-25T09:23:00","startDateTimeLocal":"2019-10-25T11:23:00+02:00","stageTimeDurationMs":338300,"stageTimeDuration":"00:05:38.3000000","splitPointTimeId":99351,"splitPointId":3023,"entryId":20662,"elapsedDurationMs":237500,"elapsedDuration":"PT3M57.5S","splitDateTime":"2019-10-25T09:26:57.5","splitDateTimeLocal":"2019-10-25T11:26:57.5+02:00"},{"startDateTime":"2019-10-25T09:25:00","startDateTimeLocal":"2019-10-25T11:25:00+02:00","stageTimeDurationMs":339200,"stageTimeDuration":"00:05:39.2000000","splitPointTimeId":99355,"splitPointId":3023,"entryId":20663,"elapsedDurationMs":240500,"elapsedDuration":"PT4M0.5S","splitDateTime":"2019-10-25T09:29:00.5","splitDateTimeLocal":"2019-10-25T11:29:00.5+02:00"},{"startDateTime":"2019-10-25T09:27:00","startDateTimeLocal":"2019-10-25T11:27:00+02:00","stageTimeDurationMs":357200,"stageTimeDuration":"00:05:57.2000000","splitPointTimeId":99358,"splitPointId":3023,"entryId":20664,"elapsedDurationMs":251900,"elapsedDuration":"PT4M11.9S","splitDateTime":"2019-10-25T09:31:11.9","splitDateTimeLocal":"2019-10-25T11:31:11.9+02:00"},{"startDateTime":"2019-10-25T09:29:00","startDateTimeLocal":"2019-10-25T11:29:00+02:00","stageTimeDurationMs":330400,"stageTimeDuration":"00:05:30.4000000","splitPointTimeId":99363,"splitPointId":3023,"entryId":20665,"elapsedDurationMs":233000,"elapsedDuration":"PT3M53S","splitDateTime":"2019-10-25T09:32:53","splitDateTimeLocal":"2019-10-25T11:32:53+02:00"},{"startDateTime":"2019-10-25T09:31:00","startDateTimeLocal":"2019-10-25T11:31:00+02:00","stageTimeDurationMs":340300,"stageTimeDuration":"00:05:40.3000000","splitPointTimeId":99368,"splitPointId":3023,"entryId":20667,"elapsedDurationMs":240900,"elapsedDuration":"PT4M0.9S","splitDateTime":"2019-10-25T09:35:00.9","splitDateTimeLocal":"2019-10-25T11:35:00.9+02:00"},{"startDateTime":"2019-10-25T09:33:00","startDateTimeLocal":"2019-10-25T11:33:00+02:00","stageTimeDurationMs":400900,"stageTimeDuration":"00:06:40.9000000","splitPointTimeId":99373,"splitPointId":3023,"entryId":20668,"elapsedDurationMs":283500,"elapsedDuration":"PT4M43.5S","splitDateTime":"2019-10-25T09:37:43.5","splitDateTimeLocal":"2019-10-25T11:37:43.5+02:00"}]