[{"startDateTime":"2019-09-13T05:09:00","startDateTimeLocal":"2019-09-13T08:09:00+03:00","stageTimeDurationMs":1100300,"stageTimeDuration":"00:18:20.3000000","splitPointTimeId":90133,"splitPointId":2808,"entryId":20178,"elapsedDurationMs":468700,"elapsedDuration":"PT7M48.7S","splitDateTime":"2019-09-13T05:16:48.7","splitDateTimeLocal":"2019-09-13T08:16:48.7+03:00"},{"startDateTime":"2019-09-13T05:13:00","startDateTimeLocal":"2019-09-13T08:13:00+03:00","stageTimeDurationMs":1107700,"stageTimeDuration":"00:18:27.7000000","splitPointTimeId":90135,"splitPointId":2808,"entryId":20180,"elapsedDurationMs":474700,"elapsedDuration":"PT7M54.7S","splitDateTime":"2019-09-13T05:20:54.7","splitDateTimeLocal":"2019-09-13T08:20:54.7+03:00"},{"startDateTime":"2019-09-13T05:17:00","startDateTimeLocal":"2019-09-13T08:17:00+03:00","stageTimeDurationMs":1105500,"stageTimeDuration":"00:18:25.5000000","splitPointTimeId":90138,"splitPointId":2808,"entryId":20172,"elapsedDurationMs":472200,"elapsedDuration":"PT7M52.2S","splitDateTime":"2019-09-13T05:24:52.2","splitDateTimeLocal":"2019-09-13T08:24:52.2+03:00"},{"startDateTime":"2019-09-13T05:21:00","startDateTimeLocal":"2019-09-13T08:21:00+03:00","stageTimeDurationMs":1102800,"stageTimeDuration":"00:18:22.8000000","splitPointTimeId":90142,"splitPointId":2808,"entryId":20175,"elapsedDurationMs":469200,"elapsedDuration":"PT7M49.2S","splitDateTime":"2019-09-13T05:28:49.2","splitDateTimeLocal":"2019-09-13T08:28:49.2+03:00"},{"startDateTime":"2019-09-13T05:25:00","startDateTimeLocal":"2019-09-13T08:25:00+03:00","stageTimeDurationMs":1098100,"stageTimeDuration":"00:18:18.1000000","splitPointTimeId":90146,"splitPointId":2808,"entryId":20182,"elapsedDurationMs":469700,"elapsedDuration":"PT7M49.7S","splitDateTime":"2019-09-13T05:32:49.7","splitDateTimeLocal":"2019-09-13T08:32:49.7+03:00"},{"startDateTime":"2019-09-13T05:29:00","startDateTimeLocal":"2019-09-13T08:29:00+03:00","stageTimeDurationMs":1092400,"stageTimeDuration":"00:18:12.4000000","splitPointTimeId":90150,"splitPointId":2808,"entryId":20179,"elapsedDurationMs":469200,"elapsedDuration":"PT7M49.2S","splitDateTime":"2019-09-13T05:36:49.2","splitDateTimeLocal":"2019-09-13T08:36:49.2+03:00"},{"startDateTime":"2019-09-13T05:33:00","startDateTimeLocal":"2019-09-13T08:33:00+03:00","stageTimeDurationMs":1098100,"stageTimeDuration":"00:18:18.1000000","splitPointTimeId":90154,"splitPointId":2808,"entryId":20173,"elapsedDurationMs":467200,"elapsedDuration":"PT7M47.2S","splitDateTime":"2019-09-13T05:40:47.2","splitDateTimeLocal":"2019-09-13T08:40:47.2+03:00"},{"startDateTime":"2019-09-13T05:37:00","startDateTimeLocal":"2019-09-13T08:37:00+03:00","stageTimeDurationMs":1139400,"stageTimeDuration":"00:18:59.4000000","splitPointTimeId":90158,"splitPointId":2808,"entryId":20176,"elapsedDurationMs":476200,"elapsedDuration":"PT7M56.2S","splitDateTime":"2019-09-13T05:44:56.2","splitDateTimeLocal":"2019-09-13T08:44:56.2+03:00"},{"startDateTime":"2019-09-13T05:41:00","startDateTimeLocal":"2019-09-13T08:41:00+03:00","stageTimeDurationMs":1097700,"stageTimeDuration":"00:18:17.7000000","splitPointTimeId":90162,"splitPointId":2808,"entryId":20174,"elapsedDurationMs":468700,"elapsedDuration":"PT7M48.7S","splitDateTime":"2019-09-13T05:48:48.7","splitDateTimeLocal":"2019-09-13T08:48:48.7+03:00"},{"startDateTime":"2019-09-13T05:45:00","startDateTimeLocal":"2019-09-13T08:45:00+03:00","stageTimeDurationMs":1143800,"stageTimeDuration":"00:19:03.8000000","splitPointTimeId":90167,"splitPointId":2808,"entryId":20177,"elapsedDurationMs":485200,"elapsedDuration":"PT8M5.2S","splitDateTime":"2019-09-13T05:53:05.2","splitDateTimeLocal":"2019-09-13T08:53:05.2+03:00"},{"startDateTime":"2019-09-13T05:48:00","startDateTimeLocal":"2019-09-13T08:48:00+03:00","stageTimeDurationMs":1385200,"stageTimeDuration":"00:23:05.2000000","splitPointTimeId":90171,"splitPointId":2808,"entryId":20183,"elapsedDurationMs":489700,"elapsedDuration":"PT8M9.7S","splitDateTime":"2019-09-13T05:56:09.7","splitDateTimeLocal":"2019-09-13T08:56:09.7+03:00"},{"startDateTime":"2019-09-13T05:51:00","startDateTimeLocal":"2019-09-13T08:51:00+03:00","stageTimeDurationMs":1148500,"stageTimeDuration":"00:19:08.5000000","splitPointTimeId":90175,"splitPointId":2808,"entryId":20184,"elapsedDurationMs":491200,"elapsedDuration":"PT8M11.2S","splitDateTime":"2019-09-13T05:59:11.2","splitDateTimeLocal":"2019-09-13T08:59:11.2+03:00"},{"startDateTime":"2019-09-13T05:54:00","startDateTimeLocal":"2019-09-13T08:54:00+03:00","stageTimeDurationMs":1144300,"stageTimeDuration":"00:19:04.3000000","splitPointTimeId":90177,"splitPointId":2808,"entryId":20185,"elapsedDurationMs":490200,"elapsedDuration":"PT8M10.2S","splitDateTime":"2019-09-13T06:02:10.2","splitDateTimeLocal":"2019-09-13T09:02:10.2+03:00"},{"startDateTime":"2019-09-13T05:57:00","startDateTimeLocal":"2019-09-13T08:57:00+03:00","stageTimeDurationMs":1145800,"stageTimeDuration":"00:19:05.8000000","splitPointTimeId":90181,"splitPointId":2808,"entryId":20186,"elapsedDurationMs":495200,"elapsedDuration":"PT8M15.2S","splitDateTime":"2019-09-13T06:05:15.2","splitDateTimeLocal":"2019-09-13T09:05:15.2+03:00"},{"startDateTime":"2019-09-13T06:00:00","startDateTimeLocal":"2019-09-13T09:00:00+03:00","stageTimeDurationMs":1302600,"stageTimeDuration":"00:21:42.6000000","splitPointTimeId":90186,"splitPointId":2808,"entryId":20187,"elapsedDurationMs":643700,"elapsedDuration":"PT10M43.7S","splitDateTime":"2019-09-13T06:10:43.7","splitDateTimeLocal":"2019-09-13T09:10:43.7+03:00"},{"startDateTime":"2019-09-13T06:03:00","startDateTimeLocal":"2019-09-13T09:03:00+03:00","stageTimeDurationMs":1163900,"stageTimeDuration":"00:19:23.9000000","splitPointTimeId":90189,"splitPointId":2808,"entryId":20188,"elapsedDurationMs":503200,"elapsedDuration":"PT8M23.2S","splitDateTime":"2019-09-13T06:11:23.2","splitDateTimeLocal":"2019-09-13T09:11:23.2+03:00"},{"startDateTime":"2019-09-13T06:06:00","startDateTimeLocal":"2019-09-13T09:06:00+03:00","stageTimeDurationMs":1162600,"stageTimeDuration":"00:19:22.6000000","splitPointTimeId":90192,"splitPointId":2808,"entryId":20189,"elapsedDurationMs":506200,"elapsedDuration":"PT8M26.2S","splitDateTime":"2019-09-13T06:14:26.2","splitDateTimeLocal":"2019-09-13T09:14:26.2+03:00"},{"startDateTime":"2019-09-13T06:09:00","startDateTimeLocal":"2019-09-13T09:09:00+03:00","stageTimeDurationMs":1185100,"stageTimeDuration":"00:19:45.1000000","splitPointTimeId":90196,"splitPointId":2808,"entryId":20196,"elapsedDurationMs":514300,"elapsedDuration":"PT8M34.3S","splitDateTime":"2019-09-13T06:17:34.3","splitDateTimeLocal":"2019-09-13T09:17:34.3+03:00"},{"startDateTime":"2019-09-13T06:12:00","startDateTimeLocal":"2019-09-13T09:12:00+03:00","stageTimeDurationMs":1226500,"stageTimeDuration":"00:20:26.5000000","splitPointTimeId":90201,"splitPointId":2808,"entryId":20190,"elapsedDurationMs":524700,"elapsedDuration":"PT8M44.7S","splitDateTime":"2019-09-13T06:20:44.7","splitDateTimeLocal":"2019-09-13T09:20:44.7+03:00"},{"startDateTime":"2019-09-13T06:15:00","startDateTimeLocal":"2019-09-13T09:15:00+03:00","stageTimeDurationMs":1240500,"stageTimeDuration":"00:20:40.5000000","splitPointTimeId":90205,"splitPointId":2808,"entryId":20192,"elapsedDurationMs":529200,"elapsedDuration":"PT8M49.2S","splitDateTime":"2019-09-13T06:23:49.2","splitDateTimeLocal":"2019-09-13T09:23:49.2+03:00"},{"startDateTime":"2019-09-13T06:18:00","startDateTimeLocal":"2019-09-13T09:18:00+03:00","stageTimeDurationMs":1243100,"stageTimeDuration":"00:20:43.1000000","splitPointTimeId":90208,"splitPointId":2808,"entryId":20193,"elapsedDurationMs":534700,"elapsedDuration":"PT8M54.7S","splitDateTime":"2019-09-13T06:26:54.7","splitDateTimeLocal":"2019-09-13T09:26:54.7+03:00"},{"startDateTime":"2019-09-13T06:21:00","startDateTimeLocal":"2019-09-13T09:21:00+03:00","stageTimeDurationMs":1200300,"stageTimeDuration":"00:20:00.3000000","splitPointTimeId":90211,"splitPointId":2808,"entryId":20194,"elapsedDurationMs":518200,"elapsedDuration":"PT8M38.2S","splitDateTime":"2019-09-13T06:29:38.2","splitDateTimeLocal":"2019-09-13T09:29:38.2+03:00"},{"startDateTime":"2019-09-13T06:24:00","startDateTimeLocal":"2019-09-13T09:24:00+03:00","stageTimeDurationMs":1381300,"stageTimeDuration":"00:23:01.3000000","splitPointTimeId":90217,"splitPointId":2808,"entryId":20191,"elapsedDurationMs":578200,"elapsedDuration":"PT9M38.2S","splitDateTime":"2019-09-13T06:33:38.2","splitDateTimeLocal":"2019-09-13T09:33:38.2+03:00"},{"startDateTime":"2019-09-13T06:27:00","startDateTimeLocal":"2019-09-13T09:27:00+03:00","stageTimeDurationMs":1261200,"stageTimeDuration":"00:21:01.2000000","splitPointTimeId":90221,"splitPointId":2808,"entryId":20195,"elapsedDurationMs":538200,"elapsedDuration":"PT8M58.2S","splitDateTime":"2019-09-13T06:35:58.2","splitDateTimeLocal":"2019-09-13T09:35:58.2+03:00"},{"startDateTime":"2019-09-13T06:30:00","startDateTimeLocal":"2019-09-13T09:30:00+03:00","stageTimeDurationMs":1250100,"stageTimeDuration":"00:20:50.1000000","splitPointTimeId":90225,"splitPointId":2808,"entryId":20197,"elapsedDurationMs":541700,"elapsedDuration":"PT9M1.7S","splitDateTime":"2019-09-13T06:39:01.7","splitDateTimeLocal":"2019-09-13T09:39:01.7+03:00"},{"startDateTime":"2019-09-13T06:33:00","startDateTimeLocal":"2019-09-13T09:33:00+03:00","stageTimeDurationMs":1307800,"stageTimeDuration":"00:21:47.8000000","splitPointTimeId":90231,"splitPointId":2808,"entryId":20198,"elapsedDurationMs":564200,"elapsedDuration":"PT9M24.2S","splitDateTime":"2019-09-13T06:42:24.2","splitDateTimeLocal":"2019-09-13T09:42:24.2+03:00"},{"startDateTime":"2019-09-13T06:36:00","startDateTimeLocal":"2019-09-13T09:36:00+03:00","stageTimeDurationMs":1341100,"stageTimeDuration":"00:22:21.1000000","splitPointTimeId":90236,"splitPointId":2808,"entryId":20200,"elapsedDurationMs":564700,"elapsedDuration":"PT9M24.7S","splitDateTime":"2019-09-13T06:45:24.7","splitDateTimeLocal":"2019-09-13T09:45:24.7+03:00"},{"startDateTime":"2019-09-13T06:39:00","startDateTimeLocal":"2019-09-13T09:39:00+03:00","stageTimeDurationMs":1519700,"stageTimeDuration":"00:25:19.7000000","splitPointTimeId":90245,"splitPointId":2808,"entryId":20202,"elapsedDurationMs":652700,"elapsedDuration":"PT10M52.7S","splitDateTime":"2019-09-13T06:49:52.7","splitDateTimeLocal":"2019-09-13T09:49:52.7+03:00"},{"startDateTime":"2019-09-13T05:09:00","startDateTimeLocal":"2019-09-13T08:09:00+03:00","stageTimeDurationMs":1100300,"stageTimeDuration":"00:18:20.3000000","splitPointTimeId":90139,"splitPointId":2809,"entryId":20178,"elapsedDurationMs":973500,"elapsedDuration":"PT16M13.5S","splitDateTime":"2019-09-13T05:25:13.5","splitDateTimeLocal":"2019-09-13T08:25:13.5+03:00"},{"startDateTime":"2019-09-13T05:13:00","startDateTimeLocal":"2019-09-13T08:13:00+03:00","stageTimeDurationMs":1107700,"stageTimeDuration":"00:18:27.7000000","splitPointTimeId":90143,"splitPointId":2809,"entryId":20180,"elapsedDurationMs":980900,"elapsedDuration":"PT16M20.9S","splitDateTime":"2019-09-13T05:29:20.9","splitDateTimeLocal":"2019-09-13T08:29:20.9+03:00"},{"startDateTime":"2019-09-13T05:17:00","startDateTimeLocal":"2019-09-13T08:17:00+03:00","stageTimeDurationMs":1105500,"stageTimeDuration":"00:18:25.5000000","splitPointTimeId":90147,"splitPointId":2809,"entryId":20172,"elapsedDurationMs":976700,"elapsedDuration":"PT16M16.7S","splitDateTime":"2019-09-13T05:33:16.7","splitDateTimeLocal":"2019-09-13T08:33:16.7+03:00"},{"startDateTime":"2019-09-13T05:21:00","startDateTimeLocal":"2019-09-13T08:21:00+03:00","stageTimeDurationMs":1102800,"stageTimeDuration":"00:18:22.8000000","splitPointTimeId":90151,"splitPointId":2809,"entryId":20175,"elapsedDurationMs":977200,"elapsedDuration":"PT16M17.2S","splitDateTime":"2019-09-13T05:37:17.2","splitDateTimeLocal":"2019-09-13T08:37:17.2+03:00"},{"startDateTime":"2019-09-13T05:25:00","startDateTimeLocal":"2019-09-13T08:25:00+03:00","stageTimeDurationMs":1098100,"stageTimeDuration":"00:18:18.1000000","splitPointTimeId":90155,"splitPointId":2809,"entryId":20182,"elapsedDurationMs":973200,"elapsedDuration":"PT16M13.2S","splitDateTime":"2019-09-13T05:41:13.2","splitDateTimeLocal":"2019-09-13T08:41:13.2+03:00"},{"startDateTime":"2019-09-13T05:29:00","startDateTimeLocal":"2019-09-13T08:29:00+03:00","stageTimeDurationMs":1092400,"stageTimeDuration":"00:18:12.4000000","splitPointTimeId":90159,"splitPointId":2809,"entryId":20179,"elapsedDurationMs":969100,"elapsedDuration":"PT16M9.1S","splitDateTime":"2019-09-13T05:45:09.1","splitDateTimeLocal":"2019-09-13T08:45:09.1+03:00"},{"startDateTime":"2019-09-13T05:33:00","startDateTimeLocal":"2019-09-13T08:33:00+03:00","stageTimeDurationMs":1098100,"stageTimeDuration":"00:18:18.1000000","splitPointTimeId":90163,"splitPointId":2809,"entryId":20173,"elapsedDurationMs":973000,"elapsedDuration":"PT16M13S","splitDateTime":"2019-09-13T05:49:13","splitDateTimeLocal":"2019-09-13T08:49:13+03:00"},{"startDateTime":"2019-09-13T05:37:00","startDateTimeLocal":"2019-09-13T08:37:00+03:00","stageTimeDurationMs":1139400,"stageTimeDuration":"00:18:59.4000000","splitPointTimeId":90169,"splitPointId":2809,"entryId":20176,"elapsedDurationMs":1006200,"elapsedDuration":"PT16M46.2S","splitDateTime":"2019-09-13T05:53:46.2","splitDateTimeLocal":"2019-09-13T08:53:46.2+03:00"},{"startDateTime":"2019-09-13T05:41:00","startDateTimeLocal":"2019-09-13T08:41:00+03:00","stageTimeDurationMs":1097700,"stageTimeDuration":"00:18:17.7000000","splitPointTimeId":90172,"splitPointId":2809,"entryId":20174,"elapsedDurationMs":971700,"elapsedDuration":"PT16M11.7S","splitDateTime":"2019-09-13T05:57:11.7","splitDateTimeLocal":"2019-09-13T08:57:11.7+03:00"},{"startDateTime":"2019-09-13T05:45:00","startDateTimeLocal":"2019-09-13T08:45:00+03:00","stageTimeDurationMs":1143800,"stageTimeDuration":"00:19:03.8000000","splitPointTimeId":90176,"splitPointId":2809,"entryId":20177,"elapsedDurationMs":1009400,"elapsedDuration":"PT16M49.4S","splitDateTime":"2019-09-13T06:01:49.4","splitDateTimeLocal":"2019-09-13T09:01:49.4+03:00"},{"startDateTime":"2019-09-13T05:51:00","startDateTimeLocal":"2019-09-13T08:51:00+03:00","stageTimeDurationMs":1148500,"stageTimeDuration":"00:19:08.5000000","splitPointTimeId":90183,"splitPointId":2809,"entryId":20184,"elapsedDurationMs":1020200,"elapsedDuration":"PT17M0.2S","splitDateTime":"2019-09-13T06:08:00.2","splitDateTimeLocal":"2019-09-13T09:08:00.2+03:00"},{"startDateTime":"2019-09-13T05:54:00","startDateTimeLocal":"2019-09-13T08:54:00+03:00","stageTimeDurationMs":1144300,"stageTimeDuration":"00:19:04.3000000","splitPointTimeId":90187,"splitPointId":2809,"entryId":20185,"elapsedDurationMs":1016000,"elapsedDuration":"PT16M56S","splitDateTime":"2019-09-13T06:10:56","splitDateTimeLocal":"2019-09-13T09:10:56+03:00"},{"startDateTime":"2019-09-13T05:57:00","startDateTimeLocal":"2019-09-13T08:57:00+03:00","stageTimeDurationMs":1145800,"stageTimeDuration":"00:19:05.8000000","splitPointTimeId":90190,"splitPointId":2809,"entryId":20186,"elapsedDurationMs":1020200,"elapsedDuration":"PT17M0.2S","splitDateTime":"2019-09-13T06:14:00.2","splitDateTimeLocal":"2019-09-13T09:14:00.2+03:00"},{"startDateTime":"2019-09-13T06:00:00","startDateTimeLocal":"2019-09-13T09:00:00+03:00","stageTimeDurationMs":1302600,"stageTimeDuration":"00:21:42.6000000","splitPointTimeId":90198,"splitPointId":2809,"entryId":20187,"elapsedDurationMs":1176700,"elapsedDuration":"PT19M36.7S","splitDateTime":"2019-09-13T06:19:36.7","splitDateTimeLocal":"2019-09-13T09:19:36.7+03:00"},{"startDateTime":"2019-09-13T06:03:00","startDateTimeLocal":"2019-09-13T09:03:00+03:00","stageTimeDurationMs":1163900,"stageTimeDuration":"00:19:23.9000000","splitPointTimeId":90200,"splitPointId":2809,"entryId":20188,"elapsedDurationMs":1056600,"elapsedDuration":"PT17M36.6S","splitDateTime":"2019-09-13T06:20:36.6","splitDateTimeLocal":"2019-09-13T09:20:36.6+03:00"},{"startDateTime":"2019-09-13T06:06:00","startDateTimeLocal":"2019-09-13T09:06:00+03:00","stageTimeDurationMs":1162600,"stageTimeDuration":"00:19:22.6000000","splitPointTimeId":90203,"splitPointId":2809,"entryId":20189,"elapsedDurationMs":1038000,"elapsedDuration":"PT17M18S","splitDateTime":"2019-09-13T06:23:18","splitDateTimeLocal":"2019-09-13T09:23:18+03:00"},{"startDateTime":"2019-09-13T06:09:00","startDateTimeLocal":"2019-09-13T09:09:00+03:00","stageTimeDurationMs":1185100,"stageTimeDuration":"00:19:45.1000000","splitPointTimeId":90209,"splitPointId":2809,"entryId":20196,"elapsedDurationMs":1056200,"elapsedDuration":"PT17M36.2S","splitDateTime":"2019-09-13T06:26:36.2","splitDateTimeLocal":"2019-09-13T09:26:36.2+03:00"},{"startDateTime":"2019-09-13T06:12:00","startDateTimeLocal":"2019-09-13T09:12:00+03:00","stageTimeDurationMs":1226500,"stageTimeDuration":"00:20:26.5000000","splitPointTimeId":90213,"splitPointId":2809,"entryId":20190,"elapsedDurationMs":1091400,"elapsedDuration":"PT18M11.4S","splitDateTime":"2019-09-13T06:30:11.4","splitDateTimeLocal":"2019-09-13T09:30:11.4+03:00"},{"startDateTime":"2019-09-13T06:15:00","startDateTimeLocal":"2019-09-13T09:15:00+03:00","stageTimeDurationMs":1240500,"stageTimeDuration":"00:20:40.5000000","splitPointTimeId":90216,"splitPointId":2809,"entryId":20192,"elapsedDurationMs":1104100,"elapsedDuration":"PT18M24.1S","splitDateTime":"2019-09-13T06:33:24.1","splitDateTimeLocal":"2019-09-13T09:33:24.1+03:00"},{"startDateTime":"2019-09-13T06:18:00","startDateTimeLocal":"2019-09-13T09:18:00+03:00","stageTimeDurationMs":1243100,"stageTimeDuration":"00:20:43.1000000","splitPointTimeId":90222,"splitPointId":2809,"entryId":20193,"elapsedDurationMs":1108300,"elapsedDuration":"PT18M28.3S","splitDateTime":"2019-09-13T06:36:28.3","splitDateTimeLocal":"2019-09-13T09:36:28.3+03:00"},{"startDateTime":"2019-09-13T06:21:00","startDateTimeLocal":"2019-09-13T09:21:00+03:00","stageTimeDurationMs":1200300,"stageTimeDuration":"00:20:00.3000000","splitPointTimeId":90223,"splitPointId":2809,"entryId":20194,"elapsedDurationMs":1068500,"elapsedDuration":"PT17M48.5S","splitDateTime":"2019-09-13T06:38:48.5","splitDateTimeLocal":"2019-09-13T09:38:48.5+03:00"},{"startDateTime":"2019-09-13T06:27:00","startDateTimeLocal":"2019-09-13T09:27:00+03:00","stageTimeDurationMs":1261200,"stageTimeDuration":"00:21:01.2000000","splitPointTimeId":90237,"splitPointId":2809,"entryId":20195,"elapsedDurationMs":1114200,"elapsedDuration":"PT18M34.2S","splitDateTime":"2019-09-13T06:45:34.2","splitDateTimeLocal":"2019-09-13T09:45:34.2+03:00"},{"startDateTime":"2019-09-13T06:24:00","startDateTimeLocal":"2019-09-13T09:24:00+03:00","stageTimeDurationMs":1381300,"stageTimeDuration":"00:23:01.3000000","splitPointTimeId":90239,"splitPointId":2809,"entryId":20191,"elapsedDurationMs":1234400,"elapsedDuration":"PT20M34.4S","splitDateTime":"2019-09-13T06:44:34.4","splitDateTimeLocal":"2019-09-13T09:44:34.4+03:00"},{"startDateTime":"2019-09-13T06:30:00","startDateTimeLocal":"2019-09-13T09:30:00+03:00","stageTimeDurationMs":1250100,"stageTimeDuration":"00:20:50.1000000","splitPointTimeId":90242,"splitPointId":2809,"entryId":20197,"elapsedDurationMs":1116600,"elapsedDuration":"PT18M36.6S","splitDateTime":"2019-09-13T06:48:36.6","splitDateTimeLocal":"2019-09-13T09:48:36.6+03:00"},{"startDateTime":"2019-09-13T06:33:00","startDateTimeLocal":"2019-09-13T09:33:00+03:00","stageTimeDurationMs":1307800,"stageTimeDuration":"00:21:47.8000000","splitPointTimeId":90249,"splitPointId":2809,"entryId":20198,"elapsedDurationMs":1168200,"elapsedDuration":"PT19M28.2S","splitDateTime":"2019-09-13T06:52:28.2","splitDateTimeLocal":"2019-09-13T09:52:28.2+03:00"},{"startDateTime":"2019-09-13T06:36:00","startDateTimeLocal":"2019-09-13T09:36:00+03:00","stageTimeDurationMs":1341100,"stageTimeDuration":"00:22:21.1000000","splitPointTimeId":90255,"splitPointId":2809,"entryId":20200,"elapsedDurationMs":1182600,"elapsedDuration":"PT19M42.6S","splitDateTime":"2019-09-13T06:55:42.6","splitDateTimeLocal":"2019-09-13T09:55:42.6+03:00"},{"startDateTime":"2019-09-13T06:39:00","startDateTimeLocal":"2019-09-13T09:39:00+03:00","stageTimeDurationMs":1519700,"stageTimeDuration":"00:25:19.7000000","splitPointTimeId":90265,"splitPointId":2809,"entryId":20202,"elapsedDurationMs":1361200,"elapsedDuration":"PT22M41.2S","splitDateTime":"2019-09-13T07:01:41.2","splitDateTimeLocal":"2019-09-13T10:01:41.2+03:00"},{"startDateTime":"2019-09-13T05:09:00","startDateTimeLocal":"2019-09-13T08:09:00+03:00","stageTimeDurationMs":1100300,"stageTimeDuration":"00:18:20.3000000","splitPointTimeId":90136,"splitPointId":2813,"entryId":20178,"elapsedDurationMs":753700,"elapsedDuration":"PT12M33.7S","splitDateTime":"2019-09-13T05:21:33.7","splitDateTimeLocal":"2019-09-13T08:21:33.7+03:00"},{"startDateTime":"2019-09-13T05:13:00","startDateTimeLocal":"2019-09-13T08:13:00+03:00","stageTimeDurationMs":1107700,"stageTimeDuration":"00:18:27.7000000","splitPointTimeId":90140,"splitPointId":2813,"entryId":20180,"elapsedDurationMs":760000,"elapsedDuration":"PT12M40S","splitDateTime":"2019-09-13T05:25:40","splitDateTimeLocal":"2019-09-13T08:25:40+03:00"},{"startDateTime":"2019-09-13T05:17:00","startDateTimeLocal":"2019-09-13T08:17:00+03:00","stageTimeDurationMs":1105500,"stageTimeDuration":"00:18:25.5000000","splitPointTimeId":90144,"splitPointId":2813,"entryId":20172,"elapsedDurationMs":757700,"elapsedDuration":"PT12M37.7S","splitDateTime":"2019-09-13T05:29:37.7","splitDateTimeLocal":"2019-09-13T08:29:37.7+03:00"},{"startDateTime":"2019-09-13T05:21:00","startDateTimeLocal":"2019-09-13T08:21:00+03:00","stageTimeDurationMs":1102800,"stageTimeDuration":"00:18:22.8000000","splitPointTimeId":90148,"splitPointId":2813,"entryId":20175,"elapsedDurationMs":756700,"elapsedDuration":"PT12M36.7S","splitDateTime":"2019-09-13T05:33:36.7","splitDateTimeLocal":"2019-09-13T08:33:36.7+03:00"},{"startDateTime":"2019-09-13T05:25:00","startDateTimeLocal":"2019-09-13T08:25:00+03:00","stageTimeDurationMs":1098100,"stageTimeDuration":"00:18:18.1000000","splitPointTimeId":90152,"splitPointId":2813,"entryId":20182,"elapsedDurationMs":755100,"elapsedDuration":"PT12M35.1S","splitDateTime":"2019-09-13T05:37:35.1","splitDateTimeLocal":"2019-09-13T08:37:35.1+03:00"},{"startDateTime":"2019-09-13T05:29:00","startDateTimeLocal":"2019-09-13T08:29:00+03:00","stageTimeDurationMs":1092400,"stageTimeDuration":"00:18:12.4000000","splitPointTimeId":90156,"splitPointId":2813,"entryId":20179,"elapsedDurationMs":753700,"elapsedDuration":"PT12M33.7S","splitDateTime":"2019-09-13T05:41:33.7","splitDateTimeLocal":"2019-09-13T08:41:33.7+03:00"},{"startDateTime":"2019-09-13T05:33:00","startDateTimeLocal":"2019-09-13T08:33:00+03:00","stageTimeDurationMs":1098100,"stageTimeDuration":"00:18:18.1000000","splitPointTimeId":90160,"splitPointId":2813,"entryId":20173,"elapsedDurationMs":754700,"elapsedDuration":"PT12M34.7S","splitDateTime":"2019-09-13T05:45:34.7","splitDateTimeLocal":"2019-09-13T08:45:34.7+03:00"},{"startDateTime":"2019-09-13T05:37:00","startDateTimeLocal":"2019-09-13T08:37:00+03:00","stageTimeDurationMs":1139400,"stageTimeDuration":"00:18:59.4000000","splitPointTimeId":90164,"splitPointId":2813,"entryId":20176,"elapsedDurationMs":768700,"elapsedDuration":"PT12M48.7S","splitDateTime":"2019-09-13T05:49:48.7","splitDateTimeLocal":"2019-09-13T08:49:48.7+03:00"},{"startDateTime":"2019-09-13T05:41:00","startDateTimeLocal":"2019-09-13T08:41:00+03:00","stageTimeDurationMs":1097700,"stageTimeDuration":"00:18:17.7000000","splitPointTimeId":90168,"splitPointId":2813,"entryId":20174,"elapsedDurationMs":754700,"elapsedDuration":"PT12M34.7S","splitDateTime":"2019-09-13T05:53:34.7","splitDateTimeLocal":"2019-09-13T08:53:34.7+03:00"},{"startDateTime":"2019-09-13T05:45:00","startDateTimeLocal":"2019-09-13T08:45:00+03:00","stageTimeDurationMs":1143800,"stageTimeDuration":"00:19:03.8000000","splitPointTimeId":90173,"splitPointId":2813,"entryId":20177,"elapsedDurationMs":780700,"elapsedDuration":"PT13M0.7S","splitDateTime":"2019-09-13T05:58:00.7","splitDateTimeLocal":"2019-09-13T08:58:00.7+03:00"},{"startDateTime":"2019-09-13T05:51:00","startDateTimeLocal":"2019-09-13T08:51:00+03:00","stageTimeDurationMs":1148500,"stageTimeDuration":"00:19:08.5000000","splitPointTimeId":90179,"splitPointId":2813,"entryId":20184,"elapsedDurationMs":791700,"elapsedDuration":"PT13M11.7S","splitDateTime":"2019-09-13T06:04:11.7","splitDateTimeLocal":"2019-09-13T09:04:11.7+03:00"},{"startDateTime":"2019-09-13T05:54:00","startDateTimeLocal":"2019-09-13T08:54:00+03:00","stageTimeDurationMs":1144300,"stageTimeDuration":"00:19:04.3000000","splitPointTimeId":90182,"splitPointId":2813,"entryId":20185,"elapsedDurationMs":788700,"elapsedDuration":"PT13M8.7S","splitDateTime":"2019-09-13T06:07:08.7","splitDateTimeLocal":"2019-09-13T09:07:08.7+03:00"},{"startDateTime":"2019-09-13T05:57:00","startDateTimeLocal":"2019-09-13T08:57:00+03:00","stageTimeDurationMs":1145800,"stageTimeDuration":"00:19:05.8000000","splitPointTimeId":90185,"splitPointId":2813,"entryId":20186,"elapsedDurationMs":795100,"elapsedDuration":"PT13M15.1S","splitDateTime":"2019-09-13T06:10:15.1","splitDateTimeLocal":"2019-09-13T09:10:15.1+03:00"},{"startDateTime":"2019-09-13T06:00:00","startDateTimeLocal":"2019-09-13T09:00:00+03:00","stageTimeDurationMs":1302600,"stageTimeDuration":"00:21:42.6000000","splitPointTimeId":90193,"splitPointId":2813,"entryId":20187,"elapsedDurationMs":949200,"elapsedDuration":"PT15M49.2S","splitDateTime":"2019-09-13T06:15:49.2","splitDateTimeLocal":"2019-09-13T09:15:49.2+03:00"},{"startDateTime":"2019-09-13T06:03:00","startDateTimeLocal":"2019-09-13T09:03:00+03:00","stageTimeDurationMs":1163900,"stageTimeDuration":"00:19:23.9000000","splitPointTimeId":90194,"splitPointId":2813,"entryId":20188,"elapsedDurationMs":820700,"elapsedDuration":"PT13M40.7S","splitDateTime":"2019-09-13T06:16:40.7","splitDateTimeLocal":"2019-09-13T09:16:40.7+03:00"},{"startDateTime":"2019-09-13T06:06:00","startDateTimeLocal":"2019-09-13T09:06:00+03:00","stageTimeDurationMs":1162600,"stageTimeDuration":"00:19:22.6000000","splitPointTimeId":90197,"splitPointId":2813,"entryId":20189,"elapsedDurationMs":809800,"elapsedDuration":"PT13M29.8S","splitDateTime":"2019-09-13T06:19:29.8","splitDateTimeLocal":"2019-09-13T09:19:29.8+03:00"},{"startDateTime":"2019-09-13T06:09:00","startDateTimeLocal":"2019-09-13T09:09:00+03:00","stageTimeDurationMs":1185100,"stageTimeDuration":"00:19:45.1000000","splitPointTimeId":90202,"splitPointId":2813,"entryId":20196,"elapsedDurationMs":824700,"elapsedDuration":"PT13M44.7S","splitDateTime":"2019-09-13T06:22:44.7","splitDateTimeLocal":"2019-09-13T09:22:44.7+03:00"},{"startDateTime":"2019-09-13T06:12:00","startDateTimeLocal":"2019-09-13T09:12:00+03:00","stageTimeDurationMs":1226500,"stageTimeDuration":"00:20:26.5000000","splitPointTimeId":90206,"splitPointId":2813,"entryId":20190,"elapsedDurationMs":850200,"elapsedDuration":"PT14M10.2S","splitDateTime":"2019-09-13T06:26:10.2","splitDateTimeLocal":"2019-09-13T09:26:10.2+03:00"},{"startDateTime":"2019-09-13T06:15:00","startDateTimeLocal":"2019-09-13T09:15:00+03:00","stageTimeDurationMs":1240500,"stageTimeDuration":"00:20:40.5000000","splitPointTimeId":90210,"splitPointId":2813,"entryId":20192,"elapsedDurationMs":859600,"elapsedDuration":"PT14M19.6S","splitDateTime":"2019-09-13T06:29:19.6","splitDateTimeLocal":"2019-09-13T09:29:19.6+03:00"},{"startDateTime":"2019-09-13T06:18:00","startDateTimeLocal":"2019-09-13T09:18:00+03:00","stageTimeDurationMs":1243100,"stageTimeDuration":"00:20:43.1000000","splitPointTimeId":90214,"splitPointId":2813,"entryId":20193,"elapsedDurationMs":867700,"elapsedDuration":"PT14M27.7S","splitDateTime":"2019-09-13T06:32:27.7","splitDateTimeLocal":"2019-09-13T09:32:27.7+03:00"},{"startDateTime":"2019-09-13T06:21:00","startDateTimeLocal":"2019-09-13T09:21:00+03:00","stageTimeDurationMs":1200300,"stageTimeDuration":"00:20:00.3000000","splitPointTimeId":90218,"splitPointId":2813,"entryId":20194,"elapsedDurationMs":838200,"elapsedDuration":"PT13M58.2S","splitDateTime":"2019-09-13T06:34:58.2","splitDateTimeLocal":"2019-09-13T09:34:58.2+03:00"},{"startDateTime":"2019-09-13T06:24:00","startDateTimeLocal":"2019-09-13T09:24:00+03:00","stageTimeDurationMs":1381300,"stageTimeDuration":"00:23:01.3000000","splitPointTimeId":90227,"splitPointId":2813,"entryId":20191,"elapsedDurationMs":948700,"elapsedDuration":"PT15M48.7S","splitDateTime":"2019-09-13T06:39:48.7","splitDateTimeLocal":"2019-09-13T09:39:48.7+03:00"},{"startDateTime":"2019-09-13T06:27:00","startDateTimeLocal":"2019-09-13T09:27:00+03:00","stageTimeDurationMs":1261200,"stageTimeDuration":"00:21:01.2000000","splitPointTimeId":90229,"splitPointId":2813,"entryId":20195,"elapsedDurationMs":868200,"elapsedDuration":"PT14M28.2S","splitDateTime":"2019-09-13T06:41:28.2","splitDateTimeLocal":"2019-09-13T09:41:28.2+03:00"},{"startDateTime":"2019-09-13T06:30:00","startDateTimeLocal":"2019-09-13T09:30:00+03:00","stageTimeDurationMs":1250100,"stageTimeDuration":"00:20:50.1000000","splitPointTimeId":90233,"splitPointId":2813,"entryId":20197,"elapsedDurationMs":872200,"elapsedDuration":"PT14M32.2S","splitDateTime":"2019-09-13T06:44:32.2","splitDateTimeLocal":"2019-09-13T09:44:32.2+03:00"},{"startDateTime":"2019-09-13T06:33:00","startDateTimeLocal":"2019-09-13T09:33:00+03:00","stageTimeDurationMs":1307800,"stageTimeDuration":"00:21:47.8000000","splitPointTimeId":90241,"splitPointId":2813,"entryId":20198,"elapsedDurationMs":913700,"elapsedDuration":"PT15M13.7S","splitDateTime":"2019-09-13T06:48:13.7","splitDateTimeLocal":"2019-09-13T09:48:13.7+03:00"},{"startDateTime":"2019-09-13T06:36:00","startDateTimeLocal":"2019-09-13T09:36:00+03:00","stageTimeDurationMs":1341100,"stageTimeDuration":"00:22:21.1000000","splitPointTimeId":90248,"splitPointId":2813,"entryId":20200,"elapsedDurationMs":922700,"elapsedDuration":"PT15M22.7S","splitDateTime":"2019-09-13T06:51:22.7","splitDateTimeLocal":"2019-09-13T09:51:22.7+03:00"},{"startDateTime":"2019-09-13T06:39:00","startDateTimeLocal":"2019-09-13T09:39:00+03:00","stageTimeDurationMs":1519700,"stageTimeDuration":"00:25:19.7000000","splitPointTimeId":90256,"splitPointId":2813,"entryId":20202,"elapsedDurationMs":1063200,"elapsedDuration":"PT17M43.2S","splitDateTime":"2019-09-13T06:56:43.2","splitDateTimeLocal":"2019-09-13T09:56:43.2+03:00"},{"startDateTime":"2019-09-13T05:09:00","startDateTimeLocal":"2019-09-13T08:09:00+03:00","stageTimeDurationMs":1100300,"stageTimeDuration":"00:18:20.3000000","splitPointTimeId":90132,"splitPointId":2816,"entryId":20178,"elapsedDurationMs":285700,"elapsedDuration":"PT4M45.7S","splitDateTime":"2019-09-13T05:13:45.7","splitDateTimeLocal":"2019-09-13T08:13:45.7+03:00"},{"startDateTime":"2019-09-13T05:13:00","startDateTimeLocal":"2019-09-13T08:13:00+03:00","stageTimeDurationMs":1107700,"stageTimeDuration":"00:18:27.7000000","splitPointTimeId":90134,"splitPointId":2816,"entryId":20180,"elapsedDurationMs":290600,"elapsedDuration":"PT4M50.6S","splitDateTime":"2019-09-13T05:17:50.6","splitDateTimeLocal":"2019-09-13T08:17:50.6+03:00"},{"startDateTime":"2019-09-13T05:17:00","startDateTimeLocal":"2019-09-13T08:17:00+03:00","stageTimeDurationMs":1105500,"stageTimeDuration":"00:18:25.5000000","splitPointTimeId":90137,"splitPointId":2816,"entryId":20172,"elapsedDurationMs":288000,"elapsedDuration":"PT4M48S","splitDateTime":"2019-09-13T05:21:48","splitDateTimeLocal":"2019-09-13T08:21:48+03:00"},{"startDateTime":"2019-09-13T05:21:00","startDateTimeLocal":"2019-09-13T08:21:00+03:00","stageTimeDurationMs":1102800,"stageTimeDuration":"00:18:22.8000000","splitPointTimeId":90141,"splitPointId":2816,"entryId":20175,"elapsedDurationMs":284100,"elapsedDuration":"PT4M44.1S","splitDateTime":"2019-09-13T05:25:44.1","splitDateTimeLocal":"2019-09-13T08:25:44.1+03:00"},{"startDateTime":"2019-09-13T05:25:00","startDateTimeLocal":"2019-09-13T08:25:00+03:00","stageTimeDurationMs":1098100,"stageTimeDuration":"00:18:18.1000000","splitPointTimeId":90145,"splitPointId":2816,"entryId":20182,"elapsedDurationMs":285000,"elapsedDuration":"PT4M45S","splitDateTime":"2019-09-13T05:29:45","splitDateTimeLocal":"2019-09-13T08:29:45+03:00"},{"startDateTime":"2019-09-13T05:29:00","startDateTimeLocal":"2019-09-13T08:29:00+03:00","stageTimeDurationMs":1092400,"stageTimeDuration":"00:18:12.4000000","splitPointTimeId":90149,"splitPointId":2816,"entryId":20179,"elapsedDurationMs":285900,"elapsedDuration":"PT4M45.9S","splitDateTime":"2019-09-13T05:33:45.9","splitDateTimeLocal":"2019-09-13T08:33:45.9+03:00"},{"startDateTime":"2019-09-13T05:33:00","startDateTimeLocal":"2019-09-13T08:33:00+03:00","stageTimeDurationMs":1098100,"stageTimeDuration":"00:18:18.1000000","splitPointTimeId":90153,"splitPointId":2816,"entryId":20173,"elapsedDurationMs":283200,"elapsedDuration":"PT4M43.2S","splitDateTime":"2019-09-13T05:37:43.2","splitDateTimeLocal":"2019-09-13T08:37:43.2+03:00"},{"startDateTime":"2019-09-13T05:37:00","startDateTimeLocal":"2019-09-13T08:37:00+03:00","stageTimeDurationMs":1139400,"stageTimeDuration":"00:18:59.4000000","splitPointTimeId":90157,"splitPointId":2816,"entryId":20176,"elapsedDurationMs":285500,"elapsedDuration":"PT4M45.5S","splitDateTime":"2019-09-13T05:41:45.5","splitDateTimeLocal":"2019-09-13T08:41:45.5+03:00"},{"startDateTime":"2019-09-13T05:41:00","startDateTimeLocal":"2019-09-13T08:41:00+03:00","stageTimeDurationMs":1097700,"stageTimeDuration":"00:18:17.7000000","splitPointTimeId":90161,"splitPointId":2816,"entryId":20174,"elapsedDurationMs":284100,"elapsedDuration":"PT4M44.1S","splitDateTime":"2019-09-13T05:45:44.1","splitDateTimeLocal":"2019-09-13T08:45:44.1+03:00"},{"startDateTime":"2019-09-13T05:45:00","startDateTimeLocal":"2019-09-13T08:45:00+03:00","stageTimeDurationMs":1143800,"stageTimeDuration":"00:19:03.8000000","splitPointTimeId":90165,"splitPointId":2816,"entryId":20177,"elapsedDurationMs":296400,"elapsedDuration":"PT4M56.4S","splitDateTime":"2019-09-13T05:49:56.4","splitDateTimeLocal":"2019-09-13T08:49:56.4+03:00"},{"startDateTime":"2019-09-13T05:48:00","startDateTimeLocal":"2019-09-13T08:48:00+03:00","stageTimeDurationMs":1385200,"stageTimeDuration":"00:23:05.2000000","splitPointTimeId":90166,"splitPointId":2816,"entryId":20183,"elapsedDurationMs":300500,"elapsedDuration":"PT5M0.5S","splitDateTime":"2019-09-13T05:53:00.5","splitDateTimeLocal":"2019-09-13T08:53:00.5+03:00"},{"startDateTime":"2019-09-13T05:51:00","startDateTimeLocal":"2019-09-13T08:51:00+03:00","stageTimeDurationMs":1148500,"stageTimeDuration":"00:19:08.5000000","splitPointTimeId":90170,"splitPointId":2816,"entryId":20184,"elapsedDurationMs":300200,"elapsedDuration":"PT5M0.2S","splitDateTime":"2019-09-13T05:56:00.2","splitDateTimeLocal":"2019-09-13T08:56:00.2+03:00"},{"startDateTime":"2019-09-13T05:54:00","startDateTimeLocal":"2019-09-13T08:54:00+03:00","stageTimeDurationMs":1144300,"stageTimeDuration":"00:19:04.3000000","splitPointTimeId":90174,"splitPointId":2816,"entryId":20185,"elapsedDurationMs":298100,"elapsedDuration":"PT4M58.1S","splitDateTime":"2019-09-13T05:58:58.1","splitDateTimeLocal":"2019-09-13T08:58:58.1+03:00"},{"startDateTime":"2019-09-13T05:57:00","startDateTimeLocal":"2019-09-13T08:57:00+03:00","stageTimeDurationMs":1145800,"stageTimeDuration":"00:19:05.8000000","splitPointTimeId":90178,"splitPointId":2816,"entryId":20186,"elapsedDurationMs":302200,"elapsedDuration":"PT5M2.2S","splitDateTime":"2019-09-13T06:02:02.2","splitDateTimeLocal":"2019-09-13T09:02:02.2+03:00"},{"startDateTime":"2019-09-13T06:00:00","startDateTimeLocal":"2019-09-13T09:00:00+03:00","stageTimeDurationMs":1302600,"stageTimeDuration":"00:21:42.6000000","splitPointTimeId":90180,"splitPointId":2816,"entryId":20187,"elapsedDurationMs":301000,"elapsedDuration":"PT5M1S","splitDateTime":"2019-09-13T06:05:01","splitDateTimeLocal":"2019-09-13T09:05:01+03:00"},{"startDateTime":"2019-09-13T06:03:00","startDateTimeLocal":"2019-09-13T09:03:00+03:00","stageTimeDurationMs":1163900,"stageTimeDuration":"00:19:23.9000000","splitPointTimeId":90184,"splitPointId":2816,"entryId":20188,"elapsedDurationMs":306900,"elapsedDuration":"PT5M6.9S","splitDateTime":"2019-09-13T06:08:06.9","splitDateTimeLocal":"2019-09-13T09:08:06.9+03:00"},{"startDateTime":"2019-09-13T06:06:00","startDateTimeLocal":"2019-09-13T09:06:00+03:00","stageTimeDurationMs":1162600,"stageTimeDuration":"00:19:22.6000000","splitPointTimeId":90188,"splitPointId":2816,"entryId":20189,"elapsedDurationMs":311400,"elapsedDuration":"PT5M11.4S","splitDateTime":"2019-09-13T06:11:11.4","splitDateTimeLocal":"2019-09-13T09:11:11.4+03:00"},{"startDateTime":"2019-09-13T06:09:00","startDateTimeLocal":"2019-09-13T09:09:00+03:00","stageTimeDurationMs":1185100,"stageTimeDuration":"00:19:45.1000000","splitPointTimeId":90191,"splitPointId":2816,"entryId":20196,"elapsedDurationMs":320200,"elapsedDuration":"PT5M20.2S","splitDateTime":"2019-09-13T06:14:20.2","splitDateTimeLocal":"2019-09-13T09:14:20.2+03:00"},{"startDateTime":"2019-09-13T06:12:00","startDateTimeLocal":"2019-09-13T09:12:00+03:00","stageTimeDurationMs":1226500,"stageTimeDuration":"00:20:26.5000000","splitPointTimeId":90195,"splitPointId":2816,"entryId":20190,"elapsedDurationMs":323200,"elapsedDuration":"PT5M23.2S","splitDateTime":"2019-09-13T06:17:23.2","splitDateTimeLocal":"2019-09-13T09:17:23.2+03:00"},{"startDateTime":"2019-09-13T06:15:00","startDateTimeLocal":"2019-09-13T09:15:00+03:00","stageTimeDurationMs":1240500,"stageTimeDuration":"00:20:40.5000000","splitPointTimeId":90199,"splitPointId":2816,"entryId":20192,"elapsedDurationMs":325700,"elapsedDuration":"PT5M25.7S","splitDateTime":"2019-09-13T06:20:25.7","splitDateTimeLocal":"2019-09-13T09:20:25.7+03:00"},{"startDateTime":"2019-09-13T06:18:00","startDateTimeLocal":"2019-09-13T09:18:00+03:00","stageTimeDurationMs":1243100,"stageTimeDuration":"00:20:43.1000000","splitPointTimeId":90204,"splitPointId":2816,"entryId":20193,"elapsedDurationMs":331700,"elapsedDuration":"PT5M31.7S","splitDateTime":"2019-09-13T06:23:31.7","splitDateTimeLocal":"2019-09-13T09:23:31.7+03:00"},{"startDateTime":"2019-09-13T06:21:00","startDateTimeLocal":"2019-09-13T09:21:00+03:00","stageTimeDurationMs":1200300,"stageTimeDuration":"00:20:00.3000000","splitPointTimeId":90207,"splitPointId":2816,"entryId":20194,"elapsedDurationMs":325600,"elapsedDuration":"PT5M25.6S","splitDateTime":"2019-09-13T06:26:25.6","splitDateTimeLocal":"2019-09-13T09:26:25.6+03:00"},{"startDateTime":"2019-09-13T06:24:00","startDateTimeLocal":"2019-09-13T09:24:00+03:00","stageTimeDurationMs":1381300,"stageTimeDuration":"00:23:01.3000000","splitPointTimeId":90212,"splitPointId":2816,"entryId":20191,"elapsedDurationMs":354700,"elapsedDuration":"PT5M54.7S","splitDateTime":"2019-09-13T06:29:54.7","splitDateTimeLocal":"2019-09-13T09:29:54.7+03:00"},{"startDateTime":"2019-09-13T06:27:00","startDateTimeLocal":"2019-09-13T09:27:00+03:00","stageTimeDurationMs":1261200,"stageTimeDuration":"00:21:01.2000000","splitPointTimeId":90215,"splitPointId":2816,"entryId":20195,"elapsedDurationMs":333200,"elapsedDuration":"PT5M33.2S","splitDateTime":"2019-09-13T06:32:33.2","splitDateTimeLocal":"2019-09-13T09:32:33.2+03:00"},{"startDateTime":"2019-09-13T06:30:00","startDateTimeLocal":"2019-09-13T09:30:00+03:00","stageTimeDurationMs":1250100,"stageTimeDuration":"00:20:50.1000000","splitPointTimeId":90220,"splitPointId":2816,"entryId":20197,"elapsedDurationMs":336500,"elapsedDuration":"PT5M36.5S","splitDateTime":"2019-09-13T06:35:36.5","splitDateTimeLocal":"2019-09-13T09:35:36.5+03:00"},{"startDateTime":"2019-09-13T06:33:00","startDateTimeLocal":"2019-09-13T09:33:00+03:00","stageTimeDurationMs":1307800,"stageTimeDuration":"00:21:47.8000000","splitPointTimeId":90224,"splitPointId":2816,"entryId":20198,"elapsedDurationMs":349600,"elapsedDuration":"PT5M49.6S","splitDateTime":"2019-09-13T06:38:49.6","splitDateTimeLocal":"2019-09-13T09:38:49.6+03:00"},{"startDateTime":"2019-09-13T06:36:00","startDateTimeLocal":"2019-09-13T09:36:00+03:00","stageTimeDurationMs":1341100,"stageTimeDuration":"00:22:21.1000000","splitPointTimeId":90230,"splitPointId":2816,"entryId":20200,"elapsedDurationMs":347500,"elapsedDuration":"PT5M47.5S","splitDateTime":"2019-09-13T06:41:47.5","splitDateTimeLocal":"2019-09-13T09:41:47.5+03:00"},{"startDateTime":"2019-09-13T06:39:00","startDateTimeLocal":"2019-09-13T09:39:00+03:00","stageTimeDurationMs":1519700,"stageTimeDuration":"00:25:19.7000000","splitPointTimeId":90238,"splitPointId":2816,"entryId":20202,"elapsedDurationMs":408600,"elapsedDuration":"PT6M48.6S","splitDateTime":"2019-09-13T06:45:48.6","splitDateTimeLocal":"2019-09-13T09:45:48.6+03:00"}]