{"splitPoints":[{"splitPointId":1878,"stageId":907,"number":3,"distance":8.87},{"splitPointId":1880,"stageId":907,"number":4,"distance":13.25},{"splitPointId":1883,"stageId":907,"number":2,"distance":5.82},{"splitPointId":1885,"stageId":907,"number":5,"distance":17.5},{"splitPointId":1895,"stageId":907,"number":1,"distance":2.74}],"controls":[{"controlId":3831,"eventId":79,"stageId":907,"type":"StageStart","code":"SS5","location":"Hof-Finnskog 2","timingPrecision":"Minute","distance":21.26,"targetDuration":"00:03:00","targetDurationMs":180000,"firstCarDueDateTime":"2019-02-15T12:54:00","firstCarDueDateTimeLocal":"2019-02-15T13:54:00+01:00","status":"Completed","controlPenalties":"None","roundingPolicy":"RoundToClosestMinute","locked":false},{"controlId":3832,"eventId":79,"stageId":907,"type":"FlyingFinish","code":"SF5","location":"Hof-Finnskog 2","timingPrecision":"Tenth","distance":null,"targetDuration":null,"targetDurationMs":null,"firstCarDueDateTime":null,"firstCarDueDateTimeLocal":null,"status":"Completed","controlPenalties":"None","roundingPolicy":"NoRounding","locked":false},{"controlId":3842,"eventId":79,"stageId":907,"type":"TimeControl","code":"TC5","location":"Hof-Finnskog","timingPrecision":"Minute","distance":92.23,"targetDuration":"01:37:00","targetDurationMs":5820000,"firstCarDueDateTime":"2019-02-15T12:51:00","firstCarDueDateTimeLocal":"2019-02-15T13:51:00+01:00","status":"Completed","controlPenalties":"All","roundingPolicy":"NoRounding","locked":false}],"stageId":907,"eventId":79,"number":5,"name":"Hof-Finnskog 2","distance":21.26,"status":"Completed","stageType":"SpecialStage","timingPrecision":"Tenth","locked":false,"code":"SS5"}