[{"startDateTime":"2019-06-01T14:08:00","startDateTimeLocal":"2019-06-01T15:08:00+01:00","stageTimeDurationMs":797100,"stageTimeDuration":"00:13:17.1000000","splitPointTimeId":76793,"splitPointId":2393,"entryId":19717,"elapsedDurationMs":221000,"elapsedDuration":"PT3M41S","splitDateTime":"2019-06-01T14:11:41","splitDateTimeLocal":"2019-06-01T15:11:41+01:00"},{"startDateTime":"2019-06-01T14:11:00","startDateTimeLocal":"2019-06-01T15:11:00+01:00","stageTimeDurationMs":779600,"stageTimeDuration":"00:12:59.6000000","splitPointTimeId":76794,"splitPointId":2393,"entryId":19719,"elapsedDurationMs":211400,"elapsedDuration":"PT3M31.4S","splitDateTime":"2019-06-01T14:14:31.4","splitDateTimeLocal":"2019-06-01T15:14:31.4+01:00"},{"startDateTime":"2019-06-01T14:14:00","startDateTimeLocal":"2019-06-01T15:14:00+01:00","stageTimeDurationMs":783600,"stageTimeDuration":"00:13:03.6000000","splitPointTimeId":76796,"splitPointId":2393,"entryId":19723,"elapsedDurationMs":214400,"elapsedDuration":"PT3M34.4S","splitDateTime":"2019-06-01T14:17:34.4","splitDateTimeLocal":"2019-06-01T15:17:34.4+01:00"},{"startDateTime":"2019-06-01T14:17:00","startDateTimeLocal":"2019-06-01T15:17:00+01:00","stageTimeDurationMs":780300,"stageTimeDuration":"00:13:00.3000000","splitPointTimeId":76799,"splitPointId":2393,"entryId":19721,"elapsedDurationMs":211700,"elapsedDuration":"PT3M31.7S","splitDateTime":"2019-06-01T14:20:31.7","splitDateTimeLocal":"2019-06-01T15:20:31.7+01:00"},{"startDateTime":"2019-06-01T14:20:00","startDateTimeLocal":"2019-06-01T15:20:00+01:00","stageTimeDurationMs":776900,"stageTimeDuration":"00:12:56.9000000","splitPointTimeId":76805,"splitPointId":2393,"entryId":19713,"elapsedDurationMs":212100,"elapsedDuration":"PT3M32.1S","splitDateTime":"2019-06-01T14:23:32.1","splitDateTimeLocal":"2019-06-01T15:23:32.1+01:00"},{"startDateTime":"2019-06-01T14:23:00","startDateTimeLocal":"2019-06-01T15:23:00+01:00","stageTimeDurationMs":787100,"stageTimeDuration":"00:13:07.1000000","splitPointTimeId":76809,"splitPointId":2393,"entryId":19718,"elapsedDurationMs":215300,"elapsedDuration":"PT3M35.3S","splitDateTime":"2019-06-01T14:26:35.3","splitDateTimeLocal":"2019-06-01T15:26:35.3+01:00"},{"startDateTime":"2019-06-01T14:26:00","startDateTimeLocal":"2019-06-01T15:26:00+01:00","stageTimeDurationMs":781200,"stageTimeDuration":"00:13:01.2000000","splitPointTimeId":76813,"splitPointId":2393,"entryId":19722,"elapsedDurationMs":211400,"elapsedDuration":"PT3M31.4S","splitDateTime":"2019-06-01T14:29:31.4","splitDateTimeLocal":"2019-06-01T15:29:31.4+01:00"},{"startDateTime":"2019-06-01T14:29:00","startDateTimeLocal":"2019-06-01T15:29:00+01:00","stageTimeDurationMs":776000,"stageTimeDuration":"00:12:56","splitPointTimeId":76817,"splitPointId":2393,"entryId":19715,"elapsedDurationMs":212600,"elapsedDuration":"PT3M32.6S","splitDateTime":"2019-06-01T14:32:32.6","splitDateTimeLocal":"2019-06-01T15:32:32.6+01:00"},{"startDateTime":"2019-06-01T14:32:00","startDateTimeLocal":"2019-06-01T15:32:00+01:00","stageTimeDurationMs":772500,"stageTimeDuration":"00:12:52.5000000","splitPointTimeId":76821,"splitPointId":2393,"entryId":19716,"elapsedDurationMs":210100,"elapsedDuration":"PT3M30.1S","splitDateTime":"2019-06-01T14:35:30.1","splitDateTimeLocal":"2019-06-01T15:35:30.1+01:00"},{"startDateTime":"2019-06-01T14:35:00","startDateTimeLocal":"2019-06-01T15:35:00+01:00","stageTimeDurationMs":781200,"stageTimeDuration":"00:13:01.2000000","splitPointTimeId":76825,"splitPointId":2393,"entryId":19720,"elapsedDurationMs":213400,"elapsedDuration":"PT3M33.4S","splitDateTime":"2019-06-01T14:38:33.4","splitDateTimeLocal":"2019-06-01T15:38:33.4+01:00"},{"startDateTime":"2019-06-01T14:38:00","startDateTimeLocal":"2019-06-01T15:38:00+01:00","stageTimeDurationMs":771500,"stageTimeDuration":"00:12:51.5000000","splitPointTimeId":76829,"splitPointId":2393,"entryId":19714,"elapsedDurationMs":211600,"elapsedDuration":"PT3M31.6S","splitDateTime":"2019-06-01T14:41:31.6","splitDateTimeLocal":"2019-06-01T15:41:31.6+01:00"},{"startDateTime":"2019-06-01T14:41:00","startDateTimeLocal":"2019-06-01T15:41:00+01:00","stageTimeDurationMs":825400,"stageTimeDuration":"00:13:45.4000000","splitPointTimeId":76834,"splitPointId":2393,"entryId":19727,"elapsedDurationMs":227200,"elapsedDuration":"PT3M47.2S","splitDateTime":"2019-06-01T14:44:47.2","splitDateTimeLocal":"2019-06-01T15:44:47.2+01:00"},{"startDateTime":"2019-06-01T14:44:00","startDateTimeLocal":"2019-06-01T15:44:00+01:00","stageTimeDurationMs":811700,"stageTimeDuration":"00:13:31.7000000","splitPointTimeId":76837,"splitPointId":2393,"entryId":19726,"elapsedDurationMs":221400,"elapsedDuration":"PT3M41.4S","splitDateTime":"2019-06-01T14:47:41.4","splitDateTimeLocal":"2019-06-01T15:47:41.4+01:00"},{"startDateTime":"2019-06-01T14:47:00","startDateTimeLocal":"2019-06-01T15:47:00+01:00","stageTimeDurationMs":813400,"stageTimeDuration":"00:13:33.4000000","splitPointTimeId":76841,"splitPointId":2393,"entryId":19724,"elapsedDurationMs":222100,"elapsedDuration":"PT3M42.1S","splitDateTime":"2019-06-01T14:50:42.1","splitDateTimeLocal":"2019-06-01T15:50:42.1+01:00"},{"startDateTime":"2019-06-01T14:50:00","startDateTimeLocal":"2019-06-01T15:50:00+01:00","stageTimeDurationMs":823600,"stageTimeDuration":"00:13:43.6000000","splitPointTimeId":76844,"splitPointId":2393,"entryId":19731,"elapsedDurationMs":226500,"elapsedDuration":"PT3M46.5S","splitDateTime":"2019-06-01T14:53:46.5","splitDateTimeLocal":"2019-06-01T15:53:46.5+01:00"},{"startDateTime":"2019-06-01T14:53:00","startDateTimeLocal":"2019-06-01T15:53:00+01:00","stageTimeDurationMs":817900,"stageTimeDuration":"00:13:37.9000000","splitPointTimeId":76849,"splitPointId":2393,"entryId":19737,"elapsedDurationMs":222400,"elapsedDuration":"PT3M42.4S","splitDateTime":"2019-06-01T14:56:42.4","splitDateTimeLocal":"2019-06-01T15:56:42.4+01:00"},{"startDateTime":"2019-06-01T14:56:00","startDateTimeLocal":"2019-06-01T15:56:00+01:00","stageTimeDurationMs":828400,"stageTimeDuration":"00:13:48.4000000","splitPointTimeId":76852,"splitPointId":2393,"entryId":19742,"elapsedDurationMs":226700,"elapsedDuration":"PT3M46.7S","splitDateTime":"2019-06-01T14:59:46.7","splitDateTimeLocal":"2019-06-01T15:59:46.7+01:00"},{"startDateTime":"2019-06-01T14:59:00","startDateTimeLocal":"2019-06-01T15:59:00+01:00","stageTimeDurationMs":830100,"stageTimeDuration":"00:13:50.1000000","splitPointTimeId":76856,"splitPointId":2393,"entryId":19729,"elapsedDurationMs":228800,"elapsedDuration":"PT3M48.8S","splitDateTime":"2019-06-01T15:02:48.8","splitDateTimeLocal":"2019-06-01T16:02:48.8+01:00"},{"startDateTime":"2019-06-01T15:02:00","startDateTimeLocal":"2019-06-01T16:02:00+01:00","stageTimeDurationMs":828000,"stageTimeDuration":"00:13:48","splitPointTimeId":76861,"splitPointId":2393,"entryId":19733,"elapsedDurationMs":227500,"elapsedDuration":"PT3M47.5S","splitDateTime":"2019-06-01T15:05:47.5","splitDateTimeLocal":"2019-06-01T16:05:47.5+01:00"},{"startDateTime":"2019-06-01T15:05:00","startDateTimeLocal":"2019-06-01T16:05:00+01:00","stageTimeDurationMs":827500,"stageTimeDuration":"00:13:47.5000000","splitPointTimeId":76867,"splitPointId":2393,"entryId":19735,"elapsedDurationMs":223800,"elapsedDuration":"PT3M43.8S","splitDateTime":"2019-06-01T15:08:43.8","splitDateTimeLocal":"2019-06-01T16:08:43.8+01:00"},{"startDateTime":"2019-06-01T15:08:00","startDateTimeLocal":"2019-06-01T16:08:00+01:00","stageTimeDurationMs":839700,"stageTimeDuration":"00:13:59.7000000","splitPointTimeId":76876,"splitPointId":2393,"entryId":19732,"elapsedDurationMs":229900,"elapsedDuration":"PT3M49.9S","splitDateTime":"2019-06-01T15:11:49.9","splitDateTimeLocal":"2019-06-01T16:11:49.9+01:00"},{"startDateTime":"2019-06-01T15:11:00","startDateTimeLocal":"2019-06-01T16:11:00+01:00","stageTimeDurationMs":846900,"stageTimeDuration":"00:14:06.9000000","splitPointTimeId":76886,"splitPointId":2393,"entryId":19750,"elapsedDurationMs":231300,"elapsedDuration":"PT3M51.3S","splitDateTime":"2019-06-01T15:14:51.3","splitDateTimeLocal":"2019-06-01T16:14:51.3+01:00"},{"startDateTime":"2019-06-01T15:14:00","startDateTimeLocal":"2019-06-01T16:14:00+01:00","stageTimeDurationMs":833500,"stageTimeDuration":"00:13:53.5000000","splitPointTimeId":76894,"splitPointId":2393,"entryId":19728,"elapsedDurationMs":227900,"elapsedDuration":"PT3M47.9S","splitDateTime":"2019-06-01T15:17:47.9","splitDateTimeLocal":"2019-06-01T16:17:47.9+01:00"},{"startDateTime":"2019-06-01T15:17:00","startDateTimeLocal":"2019-06-01T16:17:00+01:00","stageTimeDurationMs":849500,"stageTimeDuration":"00:14:09.5000000","splitPointTimeId":76903,"splitPointId":2393,"entryId":19741,"elapsedDurationMs":233500,"elapsedDuration":"PT3M53.5S","splitDateTime":"2019-06-01T15:20:53.5","splitDateTimeLocal":"2019-06-01T16:20:53.5+01:00"},{"startDateTime":"2019-06-01T15:20:00","startDateTimeLocal":"2019-06-01T16:20:00+01:00","stageTimeDurationMs":845200,"stageTimeDuration":"00:14:05.2000000","splitPointTimeId":76912,"splitPointId":2393,"entryId":19734,"elapsedDurationMs":233000,"elapsedDuration":"PT3M53S","splitDateTime":"2019-06-01T15:23:53","splitDateTimeLocal":"2019-06-01T16:23:53+01:00"},{"startDateTime":"2019-06-01T15:23:00","startDateTimeLocal":"2019-06-01T16:23:00+01:00","stageTimeDurationMs":841800,"stageTimeDuration":"00:14:01.8000000","splitPointTimeId":76921,"splitPointId":2393,"entryId":19745,"elapsedDurationMs":229100,"elapsedDuration":"PT3M49.1S","splitDateTime":"2019-06-01T15:26:49.1","splitDateTimeLocal":"2019-06-01T16:26:49.1+01:00"},{"startDateTime":"2019-06-01T15:26:00","startDateTimeLocal":"2019-06-01T16:26:00+01:00","stageTimeDurationMs":828200,"stageTimeDuration":"00:13:48.2000000","splitPointTimeId":76930,"splitPointId":2393,"entryId":19739,"elapsedDurationMs":226800,"elapsedDuration":"PT3M46.8S","splitDateTime":"2019-06-01T15:29:46.8","splitDateTimeLocal":"2019-06-01T16:29:46.8+01:00"},{"startDateTime":"2019-06-01T15:29:00","startDateTimeLocal":"2019-06-01T16:29:00+01:00","stageTimeDurationMs":852500,"stageTimeDuration":"00:14:12.5000000","splitPointTimeId":76939,"splitPointId":2393,"entryId":19743,"elapsedDurationMs":230900,"elapsedDuration":"PT3M50.9S","splitDateTime":"2019-06-01T15:32:50.9","splitDateTimeLocal":"2019-06-01T16:32:50.9+01:00"},{"startDateTime":"2019-06-01T15:32:00","startDateTimeLocal":"2019-06-01T16:32:00+01:00","stageTimeDurationMs":1237900,"stageTimeDuration":"00:20:37.9000000","splitPointTimeId":76949,"splitPointId":2393,"entryId":19749,"elapsedDurationMs":249600,"elapsedDuration":"PT4M9.6S","splitDateTime":"2019-06-01T15:36:09.6","splitDateTimeLocal":"2019-06-01T16:36:09.6+01:00"},{"startDateTime":"2019-06-01T15:35:00","startDateTimeLocal":"2019-06-01T16:35:00+01:00","stageTimeDurationMs":910200,"stageTimeDuration":"00:15:10.2000000","splitPointTimeId":76958,"splitPointId":2393,"entryId":19748,"elapsedDurationMs":247900,"elapsedDuration":"PT4M7.9S","splitDateTime":"2019-06-01T15:39:07.9","splitDateTimeLocal":"2019-06-01T16:39:07.9+01:00"},{"startDateTime":"2019-06-01T15:38:00","startDateTimeLocal":"2019-06-01T16:38:00+01:00","stageTimeDurationMs":882400,"stageTimeDuration":"00:14:42.4000000","splitPointTimeId":76966,"splitPointId":2393,"entryId":19747,"elapsedDurationMs":239700,"elapsedDuration":"PT3M59.7S","splitDateTime":"2019-06-01T15:41:59.7","splitDateTimeLocal":"2019-06-01T16:41:59.7+01:00"},{"startDateTime":"2019-06-01T15:41:00","startDateTimeLocal":"2019-06-01T16:41:00+01:00","stageTimeDurationMs":932700,"stageTimeDuration":"00:15:32.7000000","splitPointTimeId":76989,"splitPointId":2393,"entryId":19736,"elapsedDurationMs":570100,"elapsedDuration":"PT9M30.1S","splitDateTime":"2019-06-01T15:50:30.1","splitDateTimeLocal":"2019-06-01T16:50:30.1+01:00"},{"startDateTime":"2019-06-01T15:44:00","startDateTimeLocal":"2019-06-01T16:44:00+01:00","stageTimeDurationMs":939900,"stageTimeDuration":"00:15:39.9000000","splitPointTimeId":76991,"splitPointId":2393,"entryId":19758,"elapsedDurationMs":415900,"elapsedDuration":"PT6M55.9S","splitDateTime":"2019-06-01T15:50:55.9","splitDateTimeLocal":"2019-06-01T16:50:55.9+01:00"},{"startDateTime":"2019-06-01T15:52:00","startDateTimeLocal":"2019-06-01T16:52:00+01:00","stageTimeDurationMs":1036100,"stageTimeDuration":"00:17:16.1000000","splitPointTimeId":77008,"splitPointId":2393,"entryId":19754,"elapsedDurationMs":421500,"elapsedDuration":"PT7M1.5S","splitDateTime":"2019-06-01T15:59:01.5","splitDateTimeLocal":"2019-06-01T16:59:01.5+01:00"},{"startDateTime":"2019-06-01T15:55:00","startDateTimeLocal":"2019-06-01T16:55:00+01:00","stageTimeDurationMs":932400,"stageTimeDuration":"00:15:32.4000000","splitPointTimeId":77015,"splitPointId":2393,"entryId":19770,"elapsedDurationMs":413600,"elapsedDuration":"PT6M53.6S","splitDateTime":"2019-06-01T16:01:53.6","splitDateTimeLocal":"2019-06-01T17:01:53.6+01:00"},{"startDateTime":"2019-06-01T15:58:00","startDateTimeLocal":"2019-06-01T16:58:00+01:00","stageTimeDurationMs":1066100,"stageTimeDuration":"00:17:46.1000000","splitPointTimeId":77022,"splitPointId":2393,"entryId":19769,"elapsedDurationMs":372800,"elapsedDuration":"PT6M12.8S","splitDateTime":"2019-06-01T16:04:12.8","splitDateTimeLocal":"2019-06-01T17:04:12.8+01:00"},{"startDateTime":"2019-06-01T14:08:00","startDateTimeLocal":"2019-06-01T15:08:00+01:00","stageTimeDurationMs":797100,"stageTimeDuration":"00:13:17.1000000","splitPointTimeId":76795,"splitPointId":2394,"entryId":19717,"elapsedDurationMs":412000,"elapsedDuration":"PT6M52S","splitDateTime":"2019-06-01T14:14:52","splitDateTimeLocal":"2019-06-01T15:14:52+01:00"},{"startDateTime":"2019-06-01T14:11:00","startDateTimeLocal":"2019-06-01T15:11:00+01:00","stageTimeDurationMs":779600,"stageTimeDuration":"00:12:59.6000000","splitPointTimeId":76797,"splitPointId":2394,"entryId":19719,"elapsedDurationMs":398800,"elapsedDuration":"PT6M38.8S","splitDateTime":"2019-06-01T14:17:38.8","splitDateTimeLocal":"2019-06-01T15:17:38.8+01:00"},{"startDateTime":"2019-06-01T14:14:00","startDateTimeLocal":"2019-06-01T15:14:00+01:00","stageTimeDurationMs":783600,"stageTimeDuration":"00:13:03.6000000","splitPointTimeId":76800,"splitPointId":2394,"entryId":19723,"elapsedDurationMs":402900,"elapsedDuration":"PT6M42.9S","splitDateTime":"2019-06-01T14:20:42.9","splitDateTimeLocal":"2019-06-01T15:20:42.9+01:00"},{"startDateTime":"2019-06-01T14:17:00","startDateTimeLocal":"2019-06-01T15:17:00+01:00","stageTimeDurationMs":780300,"stageTimeDuration":"00:13:00.3000000","splitPointTimeId":76806,"splitPointId":2394,"entryId":19721,"elapsedDurationMs":399500,"elapsedDuration":"PT6M39.5S","splitDateTime":"2019-06-01T14:23:39.5","splitDateTimeLocal":"2019-06-01T15:23:39.5+01:00"},{"startDateTime":"2019-06-01T14:20:00","startDateTimeLocal":"2019-06-01T15:20:00+01:00","stageTimeDurationMs":776900,"stageTimeDuration":"00:12:56.9000000","splitPointTimeId":76810,"splitPointId":2394,"entryId":19713,"elapsedDurationMs":399000,"elapsedDuration":"PT6M39S","splitDateTime":"2019-06-01T14:26:39","splitDateTimeLocal":"2019-06-01T15:26:39+01:00"},{"startDateTime":"2019-06-01T14:23:00","startDateTimeLocal":"2019-06-01T15:23:00+01:00","stageTimeDurationMs":787100,"stageTimeDuration":"00:13:07.1000000","splitPointTimeId":76814,"splitPointId":2394,"entryId":19718,"elapsedDurationMs":403900,"elapsedDuration":"PT6M43.9S","splitDateTime":"2019-06-01T14:29:43.9","splitDateTimeLocal":"2019-06-01T15:29:43.9+01:00"},{"startDateTime":"2019-06-01T14:26:00","startDateTimeLocal":"2019-06-01T15:26:00+01:00","stageTimeDurationMs":781200,"stageTimeDuration":"00:13:01.2000000","splitPointTimeId":76818,"splitPointId":2394,"entryId":19722,"elapsedDurationMs":401500,"elapsedDuration":"PT6M41.5S","splitDateTime":"2019-06-01T14:32:41.5","splitDateTimeLocal":"2019-06-01T15:32:41.5+01:00"},{"startDateTime":"2019-06-01T14:29:00","startDateTimeLocal":"2019-06-01T15:29:00+01:00","stageTimeDurationMs":776000,"stageTimeDuration":"00:12:56","splitPointTimeId":76822,"splitPointId":2394,"entryId":19715,"elapsedDurationMs":399900,"elapsedDuration":"PT6M39.9S","splitDateTime":"2019-06-01T14:35:39.9","splitDateTimeLocal":"2019-06-01T15:35:39.9+01:00"},{"startDateTime":"2019-06-01T14:32:00","startDateTimeLocal":"2019-06-01T15:32:00+01:00","stageTimeDurationMs":772500,"stageTimeDuration":"00:12:52.5000000","splitPointTimeId":76826,"splitPointId":2394,"entryId":19716,"elapsedDurationMs":397800,"elapsedDuration":"PT6M37.8S","splitDateTime":"2019-06-01T14:38:37.8","splitDateTimeLocal":"2019-06-01T15:38:37.8+01:00"},{"startDateTime":"2019-06-01T14:35:00","startDateTimeLocal":"2019-06-01T15:35:00+01:00","stageTimeDurationMs":781200,"stageTimeDuration":"00:13:01.2000000","splitPointTimeId":76830,"splitPointId":2394,"entryId":19720,"elapsedDurationMs":401300,"elapsedDuration":"PT6M41.3S","splitDateTime":"2019-06-01T14:41:41.3","splitDateTimeLocal":"2019-06-01T15:41:41.3+01:00"},{"startDateTime":"2019-06-01T14:38:00","startDateTimeLocal":"2019-06-01T15:38:00+01:00","stageTimeDurationMs":771500,"stageTimeDuration":"00:12:51.5000000","splitPointTimeId":76833,"splitPointId":2394,"entryId":19714,"elapsedDurationMs":396400,"elapsedDuration":"PT6M36.4S","splitDateTime":"2019-06-01T14:44:36.4","splitDateTimeLocal":"2019-06-01T15:44:36.4+01:00"},{"startDateTime":"2019-06-01T14:41:00","startDateTimeLocal":"2019-06-01T15:41:00+01:00","stageTimeDurationMs":825400,"stageTimeDuration":"00:13:45.4000000","splitPointTimeId":76838,"splitPointId":2394,"entryId":19727,"elapsedDurationMs":424900,"elapsedDuration":"PT7M4.9S","splitDateTime":"2019-06-01T14:48:04.9","splitDateTimeLocal":"2019-06-01T15:48:04.9+01:00"},{"startDateTime":"2019-06-01T14:44:00","startDateTimeLocal":"2019-06-01T15:44:00+01:00","stageTimeDurationMs":811700,"stageTimeDuration":"00:13:31.7000000","splitPointTimeId":76842,"splitPointId":2394,"entryId":19726,"elapsedDurationMs":416400,"elapsedDuration":"PT6M56.4S","splitDateTime":"2019-06-01T14:50:56.4","splitDateTimeLocal":"2019-06-01T15:50:56.4+01:00"},{"startDateTime":"2019-06-01T14:47:00","startDateTimeLocal":"2019-06-01T15:47:00+01:00","stageTimeDurationMs":813400,"stageTimeDuration":"00:13:33.4000000","splitPointTimeId":76845,"splitPointId":2394,"entryId":19724,"elapsedDurationMs":417300,"elapsedDuration":"PT6M57.3S","splitDateTime":"2019-06-01T14:53:57.3","splitDateTimeLocal":"2019-06-01T15:53:57.3+01:00"},{"startDateTime":"2019-06-01T14:50:00","startDateTimeLocal":"2019-06-01T15:50:00+01:00","stageTimeDurationMs":823600,"stageTimeDuration":"00:13:43.6000000","splitPointTimeId":76850,"splitPointId":2394,"entryId":19731,"elapsedDurationMs":425900,"elapsedDuration":"PT7M5.9S","splitDateTime":"2019-06-01T14:57:05.9","splitDateTimeLocal":"2019-06-01T15:57:05.9+01:00"},{"startDateTime":"2019-06-01T14:53:00","startDateTimeLocal":"2019-06-01T15:53:00+01:00","stageTimeDurationMs":817900,"stageTimeDuration":"00:13:37.9000000","splitPointTimeId":76854,"splitPointId":2394,"entryId":19737,"elapsedDurationMs":419300,"elapsedDuration":"PT6M59.3S","splitDateTime":"2019-06-01T14:59:59.3","splitDateTimeLocal":"2019-06-01T15:59:59.3+01:00"},{"startDateTime":"2019-06-01T14:56:00","startDateTimeLocal":"2019-06-01T15:56:00+01:00","stageTimeDurationMs":828400,"stageTimeDuration":"00:13:48.4000000","splitPointTimeId":76858,"splitPointId":2394,"entryId":19742,"elapsedDurationMs":425500,"elapsedDuration":"PT7M5.5S","splitDateTime":"2019-06-01T15:03:05.5","splitDateTimeLocal":"2019-06-01T16:03:05.5+01:00"},{"startDateTime":"2019-06-01T14:59:00","startDateTimeLocal":"2019-06-01T15:59:00+01:00","stageTimeDurationMs":830100,"stageTimeDuration":"00:13:50.1000000","splitPointTimeId":76863,"splitPointId":2394,"entryId":19729,"elapsedDurationMs":428300,"elapsedDuration":"PT7M8.3S","splitDateTime":"2019-06-01T15:06:08.3","splitDateTimeLocal":"2019-06-01T16:06:08.3+01:00"},{"startDateTime":"2019-06-01T15:02:00","startDateTimeLocal":"2019-06-01T16:02:00+01:00","stageTimeDurationMs":828000,"stageTimeDuration":"00:13:48","splitPointTimeId":76869,"splitPointId":2394,"entryId":19733,"elapsedDurationMs":426400,"elapsedDuration":"PT7M6.4S","splitDateTime":"2019-06-01T15:09:06.4","splitDateTimeLocal":"2019-06-01T16:09:06.4+01:00"},{"startDateTime":"2019-06-01T15:05:00","startDateTimeLocal":"2019-06-01T16:05:00+01:00","stageTimeDurationMs":827500,"stageTimeDuration":"00:13:47.5000000","splitPointTimeId":76878,"splitPointId":2394,"entryId":19735,"elapsedDurationMs":423900,"elapsedDuration":"PT7M3.9S","splitDateTime":"2019-06-01T15:12:03.9","splitDateTimeLocal":"2019-06-01T16:12:03.9+01:00"},{"startDateTime":"2019-06-01T15:08:00","startDateTimeLocal":"2019-06-01T16:08:00+01:00","stageTimeDurationMs":839700,"stageTimeDuration":"00:13:59.7000000","splitPointTimeId":76887,"splitPointId":2394,"entryId":19732,"elapsedDurationMs":433200,"elapsedDuration":"PT7M13.2S","splitDateTime":"2019-06-01T15:15:13.2","splitDateTimeLocal":"2019-06-01T16:15:13.2+01:00"},{"startDateTime":"2019-06-01T15:11:00","startDateTimeLocal":"2019-06-01T16:11:00+01:00","stageTimeDurationMs":846900,"stageTimeDuration":"00:14:06.9000000","splitPointTimeId":76897,"splitPointId":2394,"entryId":19750,"elapsedDurationMs":434800,"elapsedDuration":"PT7M14.8S","splitDateTime":"2019-06-01T15:18:14.8","splitDateTimeLocal":"2019-06-01T16:18:14.8+01:00"},{"startDateTime":"2019-06-01T15:14:00","startDateTimeLocal":"2019-06-01T16:14:00+01:00","stageTimeDurationMs":833500,"stageTimeDuration":"00:13:53.5000000","splitPointTimeId":76905,"splitPointId":2394,"entryId":19728,"elapsedDurationMs":427400,"elapsedDuration":"PT7M7.4S","splitDateTime":"2019-06-01T15:21:07.4","splitDateTimeLocal":"2019-06-01T16:21:07.4+01:00"},{"startDateTime":"2019-06-01T15:17:00","startDateTimeLocal":"2019-06-01T16:17:00+01:00","stageTimeDurationMs":849500,"stageTimeDuration":"00:14:09.5000000","splitPointTimeId":76916,"splitPointId":2394,"entryId":19741,"elapsedDurationMs":438200,"elapsedDuration":"PT7M18.2S","splitDateTime":"2019-06-01T15:24:18.2","splitDateTimeLocal":"2019-06-01T16:24:18.2+01:00"},{"startDateTime":"2019-06-01T15:20:00","startDateTimeLocal":"2019-06-01T16:20:00+01:00","stageTimeDurationMs":845200,"stageTimeDuration":"00:14:05.2000000","splitPointTimeId":76924,"splitPointId":2394,"entryId":19734,"elapsedDurationMs":434400,"elapsedDuration":"PT7M14.4S","splitDateTime":"2019-06-01T15:27:14.4","splitDateTimeLocal":"2019-06-01T16:27:14.4+01:00"},{"startDateTime":"2019-06-01T15:23:00","startDateTimeLocal":"2019-06-01T16:23:00+01:00","stageTimeDurationMs":841800,"stageTimeDuration":"00:14:01.8000000","splitPointTimeId":76931,"splitPointId":2394,"entryId":19745,"elapsedDurationMs":431400,"elapsedDuration":"PT7M11.4S","splitDateTime":"2019-06-01T15:30:11.4","splitDateTimeLocal":"2019-06-01T16:30:11.4+01:00"},{"startDateTime":"2019-06-01T15:26:00","startDateTimeLocal":"2019-06-01T16:26:00+01:00","stageTimeDurationMs":828200,"stageTimeDuration":"00:13:48.2000000","splitPointTimeId":76940,"splitPointId":2394,"entryId":19739,"elapsedDurationMs":426500,"elapsedDuration":"PT7M6.5S","splitDateTime":"2019-06-01T15:33:06.5","splitDateTimeLocal":"2019-06-01T16:33:06.5+01:00"},{"startDateTime":"2019-06-01T15:29:00","startDateTimeLocal":"2019-06-01T16:29:00+01:00","stageTimeDurationMs":852500,"stageTimeDuration":"00:14:12.5000000","splitPointTimeId":76951,"splitPointId":2394,"entryId":19743,"elapsedDurationMs":436900,"elapsedDuration":"PT7M16.9S","splitDateTime":"2019-06-01T15:36:16.9","splitDateTimeLocal":"2019-06-01T16:36:16.9+01:00"},{"startDateTime":"2019-06-01T15:32:00","startDateTimeLocal":"2019-06-01T16:32:00+01:00","stageTimeDurationMs":1237900,"stageTimeDuration":"00:20:37.9000000","splitPointTimeId":76961,"splitPointId":2394,"entryId":19749,"elapsedDurationMs":482000,"elapsedDuration":"PT8M2S","splitDateTime":"2019-06-01T15:40:02","splitDateTimeLocal":"2019-06-01T16:40:02+01:00"},{"startDateTime":"2019-06-01T15:35:00","startDateTimeLocal":"2019-06-01T16:35:00+01:00","stageTimeDurationMs":910200,"stageTimeDuration":"00:15:10.2000000","splitPointTimeId":76970,"splitPointId":2394,"entryId":19748,"elapsedDurationMs":465500,"elapsedDuration":"PT7M45.5S","splitDateTime":"2019-06-01T15:42:45.5","splitDateTimeLocal":"2019-06-01T16:42:45.5+01:00"},{"startDateTime":"2019-06-01T15:38:00","startDateTimeLocal":"2019-06-01T16:38:00+01:00","stageTimeDurationMs":882400,"stageTimeDuration":"00:14:42.4000000","splitPointTimeId":76976,"splitPointId":2394,"entryId":19747,"elapsedDurationMs":452100,"elapsedDuration":"PT7M32.1S","splitDateTime":"2019-06-01T15:45:32.1","splitDateTimeLocal":"2019-06-01T16:45:32.1+01:00"},{"startDateTime":"2019-06-01T15:41:00","startDateTimeLocal":"2019-06-01T16:41:00+01:00","stageTimeDurationMs":932700,"stageTimeDuration":"00:15:32.7000000","splitPointTimeId":77000,"splitPointId":2394,"entryId":19736,"elapsedDurationMs":856500,"elapsedDuration":"PT14M16.5S","splitDateTime":"2019-06-01T15:55:16.5","splitDateTimeLocal":"2019-06-01T16:55:16.5+01:00"},{"startDateTime":"2019-06-01T15:44:00","startDateTimeLocal":"2019-06-01T16:44:00+01:00","stageTimeDurationMs":939900,"stageTimeDuration":"00:15:39.9000000","splitPointTimeId":77002,"splitPointId":2394,"entryId":19758,"elapsedDurationMs":706900,"elapsedDuration":"PT11M46.9S","splitDateTime":"2019-06-01T15:55:46.9","splitDateTimeLocal":"2019-06-01T16:55:46.9+01:00"},{"startDateTime":"2019-06-01T15:52:00","startDateTimeLocal":"2019-06-01T16:52:00+01:00","stageTimeDurationMs":1036100,"stageTimeDuration":"00:17:16.1000000","splitPointTimeId":77023,"splitPointId":2394,"entryId":19754,"elapsedDurationMs":736400,"elapsedDuration":"PT12M16.4S","splitDateTime":"2019-06-01T16:04:16.4","splitDateTimeLocal":"2019-06-01T17:04:16.4+01:00"},{"startDateTime":"2019-06-01T15:55:00","startDateTimeLocal":"2019-06-01T16:55:00+01:00","stageTimeDurationMs":932400,"stageTimeDuration":"00:15:32.4000000","splitPointTimeId":77029,"splitPointId":2394,"entryId":19770,"elapsedDurationMs":736000,"elapsedDuration":"PT12M16S","splitDateTime":"2019-06-01T16:07:16","splitDateTimeLocal":"2019-06-01T17:07:16+01:00"},{"startDateTime":"2019-06-01T15:58:00","startDateTimeLocal":"2019-06-01T16:58:00+01:00","stageTimeDurationMs":1066100,"stageTimeDuration":"00:17:46.1000000","splitPointTimeId":77033,"splitPointId":2394,"entryId":19769,"elapsedDurationMs":697900,"elapsedDuration":"PT11M37.9S","splitDateTime":"2019-06-01T16:09:37.9","splitDateTimeLocal":"2019-06-01T17:09:37.9+01:00"},{"startDateTime":"2019-06-01T14:08:00","startDateTimeLocal":"2019-06-01T15:08:00+01:00","stageTimeDurationMs":797100,"stageTimeDuration":"00:13:17.1000000","splitPointTimeId":76798,"splitPointId":2395,"entryId":19717,"elapsedDurationMs":688800,"elapsedDuration":"PT11M28.8S","splitDateTime":"2019-06-01T14:19:28.8","splitDateTimeLocal":"2019-06-01T15:19:28.8+01:00"},{"startDateTime":"2019-06-01T14:11:00","startDateTimeLocal":"2019-06-01T15:11:00+01:00","stageTimeDurationMs":779600,"stageTimeDuration":"00:12:59.6000000","splitPointTimeId":76803,"splitPointId":2395,"entryId":19719,"elapsedDurationMs":673200,"elapsedDuration":"PT11M13.2S","splitDateTime":"2019-06-01T14:22:13.2","splitDateTimeLocal":"2019-06-01T15:22:13.2+01:00"},{"startDateTime":"2019-06-01T14:14:00","startDateTimeLocal":"2019-06-01T15:14:00+01:00","stageTimeDurationMs":783600,"stageTimeDuration":"00:13:03.6000000","splitPointTimeId":76807,"splitPointId":2395,"entryId":19723,"elapsedDurationMs":675800,"elapsedDuration":"PT11M15.8S","splitDateTime":"2019-06-01T14:25:15.8","splitDateTimeLocal":"2019-06-01T15:25:15.8+01:00"},{"startDateTime":"2019-06-01T14:17:00","startDateTimeLocal":"2019-06-01T15:17:00+01:00","stageTimeDurationMs":780300,"stageTimeDuration":"00:13:00.3000000","splitPointTimeId":76811,"splitPointId":2395,"entryId":19721,"elapsedDurationMs":672800,"elapsedDuration":"PT11M12.8S","splitDateTime":"2019-06-01T14:28:12.8","splitDateTimeLocal":"2019-06-01T15:28:12.8+01:00"},{"startDateTime":"2019-06-01T14:20:00","startDateTimeLocal":"2019-06-01T15:20:00+01:00","stageTimeDurationMs":776900,"stageTimeDuration":"00:12:56.9000000","splitPointTimeId":76815,"splitPointId":2395,"entryId":19713,"elapsedDurationMs":670300,"elapsedDuration":"PT11M10.3S","splitDateTime":"2019-06-01T14:31:10.3","splitDateTimeLocal":"2019-06-01T15:31:10.3+01:00"},{"startDateTime":"2019-06-01T14:23:00","startDateTimeLocal":"2019-06-01T15:23:00+01:00","stageTimeDurationMs":787100,"stageTimeDuration":"00:13:07.1000000","splitPointTimeId":76819,"splitPointId":2395,"entryId":19718,"elapsedDurationMs":678900,"elapsedDuration":"PT11M18.9S","splitDateTime":"2019-06-01T14:34:18.9","splitDateTimeLocal":"2019-06-01T15:34:18.9+01:00"},{"startDateTime":"2019-06-01T14:26:00","startDateTimeLocal":"2019-06-01T15:26:00+01:00","stageTimeDurationMs":781200,"stageTimeDuration":"00:13:01.2000000","splitPointTimeId":76823,"splitPointId":2395,"entryId":19722,"elapsedDurationMs":674500,"elapsedDuration":"PT11M14.5S","splitDateTime":"2019-06-01T14:37:14.5","splitDateTimeLocal":"2019-06-01T15:37:14.5+01:00"},{"startDateTime":"2019-06-01T14:29:00","startDateTimeLocal":"2019-06-01T15:29:00+01:00","stageTimeDurationMs":776000,"stageTimeDuration":"00:12:56","splitPointTimeId":76827,"splitPointId":2395,"entryId":19715,"elapsedDurationMs":670600,"elapsedDuration":"PT11M10.6S","splitDateTime":"2019-06-01T14:40:10.6","splitDateTimeLocal":"2019-06-01T15:40:10.6+01:00"},{"startDateTime":"2019-06-01T14:32:00","startDateTimeLocal":"2019-06-01T15:32:00+01:00","stageTimeDurationMs":772500,"stageTimeDuration":"00:12:52.5000000","splitPointTimeId":76831,"splitPointId":2395,"entryId":19716,"elapsedDurationMs":666800,"elapsedDuration":"PT11M6.8S","splitDateTime":"2019-06-01T14:43:06.8","splitDateTimeLocal":"2019-06-01T15:43:06.8+01:00"},{"startDateTime":"2019-06-01T14:35:00","startDateTimeLocal":"2019-06-01T15:35:00+01:00","stageTimeDurationMs":781200,"stageTimeDuration":"00:13:01.2000000","splitPointTimeId":76835,"splitPointId":2395,"entryId":19720,"elapsedDurationMs":673700,"elapsedDuration":"PT11M13.7S","splitDateTime":"2019-06-01T14:46:13.7","splitDateTimeLocal":"2019-06-01T15:46:13.7+01:00"},{"startDateTime":"2019-06-01T14:38:00","startDateTimeLocal":"2019-06-01T15:38:00+01:00","stageTimeDurationMs":771500,"stageTimeDuration":"00:12:51.5000000","splitPointTimeId":76839,"splitPointId":2395,"entryId":19714,"elapsedDurationMs":666600,"elapsedDuration":"PT11M6.6S","splitDateTime":"2019-06-01T14:49:06.6","splitDateTimeLocal":"2019-06-01T15:49:06.6+01:00"},{"startDateTime":"2019-06-01T14:41:00","startDateTimeLocal":"2019-06-01T15:41:00+01:00","stageTimeDurationMs":825400,"stageTimeDuration":"00:13:45.4000000","splitPointTimeId":76843,"splitPointId":2395,"entryId":19727,"elapsedDurationMs":712100,"elapsedDuration":"PT11M52.1S","splitDateTime":"2019-06-01T14:52:52.1","splitDateTimeLocal":"2019-06-01T15:52:52.1+01:00"},{"startDateTime":"2019-06-01T14:44:00","startDateTimeLocal":"2019-06-01T15:44:00+01:00","stageTimeDurationMs":811700,"stageTimeDuration":"00:13:31.7000000","splitPointTimeId":76847,"splitPointId":2395,"entryId":19726,"elapsedDurationMs":700400,"elapsedDuration":"PT11M40.4S","splitDateTime":"2019-06-01T14:55:40.4","splitDateTimeLocal":"2019-06-01T15:55:40.4+01:00"},{"startDateTime":"2019-06-01T14:47:00","startDateTimeLocal":"2019-06-01T15:47:00+01:00","stageTimeDurationMs":813400,"stageTimeDuration":"00:13:33.4000000","splitPointTimeId":76851,"splitPointId":2395,"entryId":19724,"elapsedDurationMs":702400,"elapsedDuration":"PT11M42.4S","splitDateTime":"2019-06-01T14:58:42.4","splitDateTimeLocal":"2019-06-01T15:58:42.4+01:00"},{"startDateTime":"2019-06-01T14:50:00","startDateTimeLocal":"2019-06-01T15:50:00+01:00","stageTimeDurationMs":823600,"stageTimeDuration":"00:13:43.6000000","splitPointTimeId":76855,"splitPointId":2395,"entryId":19731,"elapsedDurationMs":711300,"elapsedDuration":"PT11M51.3S","splitDateTime":"2019-06-01T15:01:51.3","splitDateTimeLocal":"2019-06-01T16:01:51.3+01:00"},{"startDateTime":"2019-06-01T14:53:00","startDateTimeLocal":"2019-06-01T15:53:00+01:00","stageTimeDurationMs":817900,"stageTimeDuration":"00:13:37.9000000","splitPointTimeId":76860,"splitPointId":2395,"entryId":19737,"elapsedDurationMs":704800,"elapsedDuration":"PT11M44.8S","splitDateTime":"2019-06-01T15:04:44.8","splitDateTimeLocal":"2019-06-01T16:04:44.8+01:00"},{"startDateTime":"2019-06-01T14:56:00","startDateTimeLocal":"2019-06-01T15:56:00+01:00","stageTimeDurationMs":828400,"stageTimeDuration":"00:13:48.4000000","splitPointTimeId":76866,"splitPointId":2395,"entryId":19742,"elapsedDurationMs":715700,"elapsedDuration":"PT11M55.7S","splitDateTime":"2019-06-01T15:07:55.7","splitDateTimeLocal":"2019-06-01T16:07:55.7+01:00"},{"startDateTime":"2019-06-01T14:59:00","startDateTimeLocal":"2019-06-01T15:59:00+01:00","stageTimeDurationMs":830100,"stageTimeDuration":"00:13:50.1000000","splitPointTimeId":76874,"splitPointId":2395,"entryId":19729,"elapsedDurationMs":717100,"elapsedDuration":"PT11M57.1S","splitDateTime":"2019-06-01T15:10:57.1","splitDateTimeLocal":"2019-06-01T16:10:57.1+01:00"},{"startDateTime":"2019-06-01T15:02:00","startDateTimeLocal":"2019-06-01T16:02:00+01:00","stageTimeDurationMs":828000,"stageTimeDuration":"00:13:48","splitPointTimeId":76882,"splitPointId":2395,"entryId":19733,"elapsedDurationMs":715300,"elapsedDuration":"PT11M55.3S","splitDateTime":"2019-06-01T15:13:55.3","splitDateTimeLocal":"2019-06-01T16:13:55.3+01:00"},{"startDateTime":"2019-06-01T15:05:00","startDateTimeLocal":"2019-06-01T16:05:00+01:00","stageTimeDurationMs":827500,"stageTimeDuration":"00:13:47.5000000","splitPointTimeId":76893,"splitPointId":2395,"entryId":19735,"elapsedDurationMs":714300,"elapsedDuration":"PT11M54.3S","splitDateTime":"2019-06-01T15:16:54.3","splitDateTimeLocal":"2019-06-01T16:16:54.3+01:00"},{"startDateTime":"2019-06-01T15:08:00","startDateTimeLocal":"2019-06-01T16:08:00+01:00","stageTimeDurationMs":839700,"stageTimeDuration":"00:13:59.7000000","splitPointTimeId":76902,"splitPointId":2395,"entryId":19732,"elapsedDurationMs":726100,"elapsedDuration":"PT12M6.1S","splitDateTime":"2019-06-01T15:20:06.1","splitDateTimeLocal":"2019-06-01T16:20:06.1+01:00"},{"startDateTime":"2019-06-01T15:11:00","startDateTimeLocal":"2019-06-01T16:11:00+01:00","stageTimeDurationMs":846900,"stageTimeDuration":"00:14:06.9000000","splitPointTimeId":76911,"splitPointId":2395,"entryId":19750,"elapsedDurationMs":731200,"elapsedDuration":"PT12M11.2S","splitDateTime":"2019-06-01T15:23:11.2","splitDateTimeLocal":"2019-06-01T16:23:11.2+01:00"},{"startDateTime":"2019-06-01T15:14:00","startDateTimeLocal":"2019-06-01T16:14:00+01:00","stageTimeDurationMs":833500,"stageTimeDuration":"00:13:53.5000000","splitPointTimeId":76920,"splitPointId":2395,"entryId":19728,"elapsedDurationMs":719600,"elapsedDuration":"PT11M59.6S","splitDateTime":"2019-06-01T15:25:59.6","splitDateTimeLocal":"2019-06-01T16:25:59.6+01:00"},{"startDateTime":"2019-06-01T15:17:00","startDateTimeLocal":"2019-06-01T16:17:00+01:00","stageTimeDurationMs":849500,"stageTimeDuration":"00:14:09.5000000","splitPointTimeId":76929,"splitPointId":2395,"entryId":19741,"elapsedDurationMs":734600,"elapsedDuration":"PT12M14.6S","splitDateTime":"2019-06-01T15:29:14.6","splitDateTimeLocal":"2019-06-01T16:29:14.6+01:00"},{"startDateTime":"2019-06-01T15:20:00","startDateTimeLocal":"2019-06-01T16:20:00+01:00","stageTimeDurationMs":845200,"stageTimeDuration":"00:14:05.2000000","splitPointTimeId":76938,"splitPointId":2395,"entryId":19734,"elapsedDurationMs":729200,"elapsedDuration":"PT12M9.2S","splitDateTime":"2019-06-01T15:32:09.2","splitDateTimeLocal":"2019-06-01T16:32:09.2+01:00"},{"startDateTime":"2019-06-01T15:23:00","startDateTimeLocal":"2019-06-01T16:23:00+01:00","stageTimeDurationMs":841800,"stageTimeDuration":"00:14:01.8000000","splitPointTimeId":76946,"splitPointId":2395,"entryId":19745,"elapsedDurationMs":726500,"elapsedDuration":"PT12M6.5S","splitDateTime":"2019-06-01T15:35:06.5","splitDateTimeLocal":"2019-06-01T16:35:06.5+01:00"},{"startDateTime":"2019-06-01T15:26:00","startDateTimeLocal":"2019-06-01T16:26:00+01:00","stageTimeDurationMs":828200,"stageTimeDuration":"00:13:48.2000000","splitPointTimeId":76955,"splitPointId":2395,"entryId":19739,"elapsedDurationMs":715000,"elapsedDuration":"PT11M55S","splitDateTime":"2019-06-01T15:37:55","splitDateTimeLocal":"2019-06-01T16:37:55+01:00"},{"startDateTime":"2019-06-01T15:29:00","startDateTimeLocal":"2019-06-01T16:29:00+01:00","stageTimeDurationMs":852500,"stageTimeDuration":"00:14:12.5000000","splitPointTimeId":76965,"splitPointId":2395,"entryId":19743,"elapsedDurationMs":736300,"elapsedDuration":"PT12M16.3S","splitDateTime":"2019-06-01T15:41:16.3","splitDateTimeLocal":"2019-06-01T16:41:16.3+01:00"},{"startDateTime":"2019-06-01T15:32:00","startDateTimeLocal":"2019-06-01T16:32:00+01:00","stageTimeDurationMs":1237900,"stageTimeDuration":"00:20:37.9000000","splitPointTimeId":76977,"splitPointId":2395,"entryId":19749,"elapsedDurationMs":817100,"elapsedDuration":"PT13M37.1S","splitDateTime":"2019-06-01T15:45:37.1","splitDateTimeLocal":"2019-06-01T16:45:37.1+01:00"},{"startDateTime":"2019-06-01T15:35:00","startDateTimeLocal":"2019-06-01T16:35:00+01:00","stageTimeDurationMs":910200,"stageTimeDuration":"00:15:10.2000000","splitPointTimeId":76982,"splitPointId":2395,"entryId":19748,"elapsedDurationMs":786900,"elapsedDuration":"PT13M6.9S","splitDateTime":"2019-06-01T15:48:06.9","splitDateTimeLocal":"2019-06-01T16:48:06.9+01:00"},{"startDateTime":"2019-06-01T15:38:00","startDateTimeLocal":"2019-06-01T16:38:00+01:00","stageTimeDurationMs":882400,"stageTimeDuration":"00:14:42.4000000","splitPointTimeId":76990,"splitPointId":2395,"entryId":19747,"elapsedDurationMs":760900,"elapsedDuration":"PT12M40.9S","splitDateTime":"2019-06-01T15:50:40.9","splitDateTimeLocal":"2019-06-01T16:50:40.9+01:00"},{"startDateTime":"2019-06-01T15:41:00","startDateTimeLocal":"2019-06-01T16:41:00+01:00","stageTimeDurationMs":932700,"stageTimeDuration":"00:15:32.7000000","splitPointTimeId":77016,"splitPointId":2395,"entryId":19736,"elapsedDurationMs":1277300,"elapsedDuration":"PT21M17.3S","splitDateTime":"2019-06-01T16:02:17.3","splitDateTimeLocal":"2019-06-01T17:02:17.3+01:00"},{"startDateTime":"2019-06-01T15:44:00","startDateTimeLocal":"2019-06-01T16:44:00+01:00","stageTimeDurationMs":939900,"stageTimeDuration":"00:15:39.9000000","splitPointTimeId":77018,"splitPointId":2395,"entryId":19758,"elapsedDurationMs":1137300,"elapsedDuration":"PT18M57.3S","splitDateTime":"2019-06-01T16:02:57.3","splitDateTimeLocal":"2019-06-01T17:02:57.3+01:00"},{"startDateTime":"2019-06-01T15:52:00","startDateTimeLocal":"2019-06-01T16:52:00+01:00","stageTimeDurationMs":1036100,"stageTimeDuration":"00:17:16.1000000","splitPointTimeId":77039,"splitPointId":2395,"entryId":19754,"elapsedDurationMs":1202300,"elapsedDuration":"PT20M2.3S","splitDateTime":"2019-06-01T16:12:02.3","splitDateTimeLocal":"2019-06-01T17:12:02.3+01:00"},{"startDateTime":"2019-06-01T15:55:00","startDateTimeLocal":"2019-06-01T16:55:00+01:00","stageTimeDurationMs":932400,"stageTimeDuration":"00:15:32.4000000","splitPointTimeId":77047,"splitPointId":2395,"entryId":19770,"elapsedDurationMs":1211600,"elapsedDuration":"PT20M11.6S","splitDateTime":"2019-06-01T16:15:11.6","splitDateTimeLocal":"2019-06-01T17:15:11.6+01:00"},{"startDateTime":"2019-06-01T15:58:00","startDateTimeLocal":"2019-06-01T16:58:00+01:00","stageTimeDurationMs":1066100,"stageTimeDuration":"00:17:46.1000000","splitPointTimeId":77053,"splitPointId":2395,"entryId":19769,"elapsedDurationMs":1175100,"elapsedDuration":"PT19M35.1S","splitDateTime":"2019-06-01T16:17:35.1","splitDateTimeLocal":"2019-06-01T17:17:35.1+01:00"},{"startDateTime":"2019-06-01T14:08:00","startDateTimeLocal":"2019-06-01T15:08:00+01:00","stageTimeDurationMs":797100,"stageTimeDuration":"00:13:17.1000000","splitPointTimeId":76802,"splitPointId":2396,"entryId":19717,"elapsedDurationMs":751000,"elapsedDuration":"PT12M31S","splitDateTime":"2019-06-01T14:20:31","splitDateTimeLocal":"2019-06-01T15:20:31+01:00"},{"startDateTime":"2019-06-01T14:11:00","startDateTimeLocal":"2019-06-01T15:11:00+01:00","stageTimeDurationMs":779600,"stageTimeDuration":"00:12:59.6000000","splitPointTimeId":76804,"splitPointId":2396,"entryId":19719,"elapsedDurationMs":734600,"elapsedDuration":"PT12M14.6S","splitDateTime":"2019-06-01T14:23:14.6","splitDateTimeLocal":"2019-06-01T15:23:14.6+01:00"},{"startDateTime":"2019-06-01T14:14:00","startDateTimeLocal":"2019-06-01T15:14:00+01:00","stageTimeDurationMs":783600,"stageTimeDuration":"00:13:03.6000000","splitPointTimeId":76808,"splitPointId":2396,"entryId":19723,"elapsedDurationMs":737600,"elapsedDuration":"PT12M17.6S","splitDateTime":"2019-06-01T14:26:17.6","splitDateTimeLocal":"2019-06-01T15:26:17.6+01:00"},{"startDateTime":"2019-06-01T14:17:00","startDateTimeLocal":"2019-06-01T15:17:00+01:00","stageTimeDurationMs":780300,"stageTimeDuration":"00:13:00.3000000","splitPointTimeId":76812,"splitPointId":2396,"entryId":19721,"elapsedDurationMs":734800,"elapsedDuration":"PT12M14.8S","splitDateTime":"2019-06-01T14:29:14.8","splitDateTimeLocal":"2019-06-01T15:29:14.8+01:00"},{"startDateTime":"2019-06-01T14:20:00","startDateTimeLocal":"2019-06-01T15:20:00+01:00","stageTimeDurationMs":776900,"stageTimeDuration":"00:12:56.9000000","splitPointTimeId":76816,"splitPointId":2396,"entryId":19713,"elapsedDurationMs":731100,"elapsedDuration":"PT12M11.1S","splitDateTime":"2019-06-01T14:32:11.1","splitDateTimeLocal":"2019-06-01T15:32:11.1+01:00"},{"startDateTime":"2019-06-01T14:23:00","startDateTimeLocal":"2019-06-01T15:23:00+01:00","stageTimeDurationMs":787100,"stageTimeDuration":"00:13:07.1000000","splitPointTimeId":76820,"splitPointId":2396,"entryId":19718,"elapsedDurationMs":740900,"elapsedDuration":"PT12M20.9S","splitDateTime":"2019-06-01T14:35:20.9","splitDateTimeLocal":"2019-06-01T15:35:20.9+01:00"},{"startDateTime":"2019-06-01T14:26:00","startDateTimeLocal":"2019-06-01T15:26:00+01:00","stageTimeDurationMs":781200,"stageTimeDuration":"00:13:01.2000000","splitPointTimeId":76824,"splitPointId":2396,"entryId":19722,"elapsedDurationMs":735700,"elapsedDuration":"PT12M15.7S","splitDateTime":"2019-06-01T14:38:15.7","splitDateTimeLocal":"2019-06-01T15:38:15.7+01:00"},{"startDateTime":"2019-06-01T14:29:00","startDateTimeLocal":"2019-06-01T15:29:00+01:00","stageTimeDurationMs":776000,"stageTimeDuration":"00:12:56","splitPointTimeId":76828,"splitPointId":2396,"entryId":19715,"elapsedDurationMs":731000,"elapsedDuration":"PT12M11S","splitDateTime":"2019-06-01T14:41:11","splitDateTimeLocal":"2019-06-01T15:41:11+01:00"},{"startDateTime":"2019-06-01T14:32:00","startDateTimeLocal":"2019-06-01T15:32:00+01:00","stageTimeDurationMs":772500,"stageTimeDuration":"00:12:52.5000000","splitPointTimeId":76832,"splitPointId":2396,"entryId":19716,"elapsedDurationMs":727000,"elapsedDuration":"PT12M7S","splitDateTime":"2019-06-01T14:44:07","splitDateTimeLocal":"2019-06-01T15:44:07+01:00"},{"startDateTime":"2019-06-01T14:35:00","startDateTimeLocal":"2019-06-01T15:35:00+01:00","stageTimeDurationMs":781200,"stageTimeDuration":"00:13:01.2000000","splitPointTimeId":76836,"splitPointId":2396,"entryId":19720,"elapsedDurationMs":735800,"elapsedDuration":"PT12M15.8S","splitDateTime":"2019-06-01T14:47:15.8","splitDateTimeLocal":"2019-06-01T15:47:15.8+01:00"},{"startDateTime":"2019-06-01T14:38:00","startDateTimeLocal":"2019-06-01T15:38:00+01:00","stageTimeDurationMs":771500,"stageTimeDuration":"00:12:51.5000000","splitPointTimeId":76840,"splitPointId":2396,"entryId":19714,"elapsedDurationMs":726800,"elapsedDuration":"PT12M6.8S","splitDateTime":"2019-06-01T14:50:06.8","splitDateTimeLocal":"2019-06-01T15:50:06.8+01:00"},{"startDateTime":"2019-06-01T14:41:00","startDateTimeLocal":"2019-06-01T15:41:00+01:00","stageTimeDurationMs":825400,"stageTimeDuration":"00:13:45.4000000","splitPointTimeId":76846,"splitPointId":2396,"entryId":19727,"elapsedDurationMs":777400,"elapsedDuration":"PT12M57.4S","splitDateTime":"2019-06-01T14:53:57.4","splitDateTimeLocal":"2019-06-01T15:53:57.4+01:00"},{"startDateTime":"2019-06-01T14:44:00","startDateTimeLocal":"2019-06-01T15:44:00+01:00","stageTimeDurationMs":811700,"stageTimeDuration":"00:13:31.7000000","splitPointTimeId":76848,"splitPointId":2396,"entryId":19726,"elapsedDurationMs":764400,"elapsedDuration":"PT12M44.4S","splitDateTime":"2019-06-01T14:56:44.4","splitDateTimeLocal":"2019-06-01T15:56:44.4+01:00"},{"startDateTime":"2019-06-01T14:47:00","startDateTimeLocal":"2019-06-01T15:47:00+01:00","stageTimeDurationMs":813400,"stageTimeDuration":"00:13:33.4000000","splitPointTimeId":76853,"splitPointId":2396,"entryId":19724,"elapsedDurationMs":766400,"elapsedDuration":"PT12M46.4S","splitDateTime":"2019-06-01T14:59:46.4","splitDateTimeLocal":"2019-06-01T15:59:46.4+01:00"},{"startDateTime":"2019-06-01T14:50:00","startDateTimeLocal":"2019-06-01T15:50:00+01:00","stageTimeDurationMs":823600,"stageTimeDuration":"00:13:43.6000000","splitPointTimeId":76857,"splitPointId":2396,"entryId":19731,"elapsedDurationMs":775500,"elapsedDuration":"PT12M55.5S","splitDateTime":"2019-06-01T15:02:55.5","splitDateTimeLocal":"2019-06-01T16:02:55.5+01:00"},{"startDateTime":"2019-06-01T14:53:00","startDateTimeLocal":"2019-06-01T15:53:00+01:00","stageTimeDurationMs":817900,"stageTimeDuration":"00:13:37.9000000","splitPointTimeId":76862,"splitPointId":2396,"entryId":19737,"elapsedDurationMs":769600,"elapsedDuration":"PT12M49.6S","splitDateTime":"2019-06-01T15:05:49.6","splitDateTimeLocal":"2019-06-01T16:05:49.6+01:00"},{"startDateTime":"2019-06-01T14:56:00","startDateTimeLocal":"2019-06-01T15:56:00+01:00","stageTimeDurationMs":828400,"stageTimeDuration":"00:13:48.4000000","splitPointTimeId":76868,"splitPointId":2396,"entryId":19742,"elapsedDurationMs":781200,"elapsedDuration":"PT13M1.2S","splitDateTime":"2019-06-01T15:09:01.2","splitDateTimeLocal":"2019-06-01T16:09:01.2+01:00"},{"startDateTime":"2019-06-01T14:59:00","startDateTimeLocal":"2019-06-01T15:59:00+01:00","stageTimeDurationMs":830100,"stageTimeDuration":"00:13:50.1000000","splitPointTimeId":76877,"splitPointId":2396,"entryId":19729,"elapsedDurationMs":782200,"elapsedDuration":"PT13M2.2S","splitDateTime":"2019-06-01T15:12:02.2","splitDateTimeLocal":"2019-06-01T16:12:02.2+01:00"},{"startDateTime":"2019-06-01T15:02:00","startDateTimeLocal":"2019-06-01T16:02:00+01:00","stageTimeDurationMs":828000,"stageTimeDuration":"00:13:48","splitPointTimeId":76885,"splitPointId":2396,"entryId":19733,"elapsedDurationMs":780500,"elapsedDuration":"PT13M0.5S","splitDateTime":"2019-06-01T15:15:00.5","splitDateTimeLocal":"2019-06-01T16:15:00.5+01:00"},{"startDateTime":"2019-06-01T15:05:00","startDateTimeLocal":"2019-06-01T16:05:00+01:00","stageTimeDurationMs":827500,"stageTimeDuration":"00:13:47.5000000","splitPointTimeId":76895,"splitPointId":2396,"entryId":19735,"elapsedDurationMs":779700,"elapsedDuration":"PT12M59.7S","splitDateTime":"2019-06-01T15:17:59.7","splitDateTimeLocal":"2019-06-01T16:17:59.7+01:00"},{"startDateTime":"2019-06-01T15:08:00","startDateTimeLocal":"2019-06-01T16:08:00+01:00","stageTimeDurationMs":839700,"stageTimeDuration":"00:13:59.7000000","splitPointTimeId":76906,"splitPointId":2396,"entryId":19732,"elapsedDurationMs":791300,"elapsedDuration":"PT13M11.3S","splitDateTime":"2019-06-01T15:21:11.3","splitDateTimeLocal":"2019-06-01T16:21:11.3+01:00"},{"startDateTime":"2019-06-01T15:11:00","startDateTimeLocal":"2019-06-01T16:11:00+01:00","stageTimeDurationMs":846900,"stageTimeDuration":"00:14:06.9000000","splitPointTimeId":76915,"splitPointId":2396,"entryId":19750,"elapsedDurationMs":798000,"elapsedDuration":"PT13M18S","splitDateTime":"2019-06-01T15:24:18","splitDateTimeLocal":"2019-06-01T16:24:18+01:00"},{"startDateTime":"2019-06-01T15:14:00","startDateTimeLocal":"2019-06-01T16:14:00+01:00","stageTimeDurationMs":833500,"stageTimeDuration":"00:13:53.5000000","splitPointTimeId":76922,"splitPointId":2396,"entryId":19728,"elapsedDurationMs":785500,"elapsedDuration":"PT13M5.5S","splitDateTime":"2019-06-01T15:27:05.5","splitDateTimeLocal":"2019-06-01T16:27:05.5+01:00"},{"startDateTime":"2019-06-01T15:17:00","startDateTimeLocal":"2019-06-01T16:17:00+01:00","stageTimeDurationMs":849500,"stageTimeDuration":"00:14:09.5000000","splitPointTimeId":76933,"splitPointId":2396,"entryId":19741,"elapsedDurationMs":801400,"elapsedDuration":"PT13M21.4S","splitDateTime":"2019-06-01T15:30:21.4","splitDateTimeLocal":"2019-06-01T16:30:21.4+01:00"},{"startDateTime":"2019-06-01T15:20:00","startDateTimeLocal":"2019-06-01T16:20:00+01:00","stageTimeDurationMs":845200,"stageTimeDuration":"00:14:05.2000000","splitPointTimeId":76941,"splitPointId":2396,"entryId":19734,"elapsedDurationMs":796300,"elapsedDuration":"PT13M16.3S","splitDateTime":"2019-06-01T15:33:16.3","splitDateTimeLocal":"2019-06-01T16:33:16.3+01:00"},{"startDateTime":"2019-06-01T15:23:00","startDateTimeLocal":"2019-06-01T16:23:00+01:00","stageTimeDurationMs":841800,"stageTimeDuration":"00:14:01.8000000","splitPointTimeId":76950,"splitPointId":2396,"entryId":19745,"elapsedDurationMs":793500,"elapsedDuration":"PT13M13.5S","splitDateTime":"2019-06-01T15:36:13.5","splitDateTimeLocal":"2019-06-01T16:36:13.5+01:00"},{"startDateTime":"2019-06-01T15:26:00","startDateTimeLocal":"2019-06-01T16:26:00+01:00","stageTimeDurationMs":828200,"stageTimeDuration":"00:13:48.2000000","splitPointTimeId":76957,"splitPointId":2396,"entryId":19739,"elapsedDurationMs":780700,"elapsedDuration":"PT13M0.7S","splitDateTime":"2019-06-01T15:39:00.7","splitDateTimeLocal":"2019-06-01T16:39:00.7+01:00"},{"startDateTime":"2019-06-01T15:29:00","startDateTimeLocal":"2019-06-01T16:29:00+01:00","stageTimeDurationMs":852500,"stageTimeDuration":"00:14:12.5000000","splitPointTimeId":76967,"splitPointId":2396,"entryId":19743,"elapsedDurationMs":802700,"elapsedDuration":"PT13M22.7S","splitDateTime":"2019-06-01T15:42:22.7","splitDateTimeLocal":"2019-06-01T16:42:22.7+01:00"},{"startDateTime":"2019-06-01T15:32:00","startDateTimeLocal":"2019-06-01T16:32:00+01:00","stageTimeDurationMs":1237900,"stageTimeDuration":"00:20:37.9000000","splitPointTimeId":76979,"splitPointId":2396,"entryId":19749,"elapsedDurationMs":893100,"elapsedDuration":"PT14M53.1S","splitDateTime":"2019-06-01T15:46:53.1","splitDateTimeLocal":"2019-06-01T16:46:53.1+01:00"},{"startDateTime":"2019-06-01T15:35:00","startDateTimeLocal":"2019-06-01T16:35:00+01:00","stageTimeDurationMs":910200,"stageTimeDuration":"00:15:10.2000000","splitPointTimeId":76985,"splitPointId":2396,"entryId":19748,"elapsedDurationMs":857700,"elapsedDuration":"PT14M17.7S","splitDateTime":"2019-06-01T15:49:17.7","splitDateTimeLocal":"2019-06-01T16:49:17.7+01:00"},{"startDateTime":"2019-06-01T15:38:00","startDateTimeLocal":"2019-06-01T16:38:00+01:00","stageTimeDurationMs":882400,"stageTimeDuration":"00:14:42.4000000","splitPointTimeId":76994,"splitPointId":2396,"entryId":19747,"elapsedDurationMs":831100,"elapsedDuration":"PT13M51.1S","splitDateTime":"2019-06-01T15:51:51.1","splitDateTimeLocal":"2019-06-01T16:51:51.1+01:00"},{"startDateTime":"2019-06-01T15:41:00","startDateTimeLocal":"2019-06-01T16:41:00+01:00","stageTimeDurationMs":932700,"stageTimeDuration":"00:15:32.7000000","splitPointTimeId":77021,"splitPointId":2396,"entryId":19736,"elapsedDurationMs":1371500,"elapsedDuration":"PT22M51.5S","splitDateTime":"2019-06-01T16:03:51.5","splitDateTimeLocal":"2019-06-01T17:03:51.5+01:00"},{"startDateTime":"2019-06-01T15:44:00","startDateTimeLocal":"2019-06-01T16:44:00+01:00","stageTimeDurationMs":939900,"stageTimeDuration":"00:15:39.9000000","splitPointTimeId":77024,"splitPointId":2396,"entryId":19758,"elapsedDurationMs":1233700,"elapsedDuration":"PT20M33.7S","splitDateTime":"2019-06-01T16:04:33.7","splitDateTimeLocal":"2019-06-01T17:04:33.7+01:00"},{"startDateTime":"2019-06-01T15:52:00","startDateTimeLocal":"2019-06-01T16:52:00+01:00","stageTimeDurationMs":1036100,"stageTimeDuration":"00:17:16.1000000","splitPointTimeId":77041,"splitPointId":2396,"entryId":19754,"elapsedDurationMs":1306400,"elapsedDuration":"PT21M46.4S","splitDateTime":"2019-06-01T16:13:46.4","splitDateTimeLocal":"2019-06-01T17:13:46.4+01:00"},{"startDateTime":"2019-06-01T15:55:00","startDateTimeLocal":"2019-06-01T16:55:00+01:00","stageTimeDurationMs":932400,"stageTimeDuration":"00:15:32.4000000","splitPointTimeId":77048,"splitPointId":2396,"entryId":19770,"elapsedDurationMs":1314100,"elapsedDuration":"PT21M54.1S","splitDateTime":"2019-06-01T16:16:54.1","splitDateTimeLocal":"2019-06-01T17:16:54.1+01:00"},{"startDateTime":"2019-06-01T15:58:00","startDateTimeLocal":"2019-06-01T16:58:00+01:00","stageTimeDurationMs":1066100,"stageTimeDuration":"00:17:46.1000000","splitPointTimeId":77056,"splitPointId":2396,"entryId":19769,"elapsedDurationMs":1285900,"elapsedDuration":"PT21M25.9S","splitDateTime":"2019-06-01T16:19:25.9","splitDateTimeLocal":"2019-06-01T17:19:25.9+01:00"}]