[{"stageTimeId":78783,"stageId":1316,"entryId":20124,"elapsedDurationMs":450217,"elapsedDuration":"00:07:30.2170000","status":"Completed","source":"Default","position":1,"diffFirstMs":0,"diffFirst":"00:00:00","diffPrevMs":0,"diffPrev":"00:00:00"},{"stageTimeId":78696,"stageId":1316,"entryId":20118,"elapsedDurationMs":451501,"elapsedDuration":"00:07:31.5010000","status":"Completed","source":"Default","position":2,"diffFirstMs":1284,"diffFirst":"00:00:01.2840000","diffPrevMs":1284,"diffPrev":"00:00:01.2840000"},{"stageTimeId":78775,"stageId":1316,"entryId":20123,"elapsedDurationMs":452724,"elapsedDuration":"00:07:32.7240000","status":"Completed","source":"Default","position":3,"diffFirstMs":2507,"diffFirst":"00:00:02.5070000","diffPrevMs":1223,"diffPrev":"00:00:01.2230000"},{"stageTimeId":78788,"stageId":1316,"entryId":20120,"elapsedDurationMs":453198,"elapsedDuration":"00:07:33.1980000","status":"Completed","source":"Default","position":4,"diffFirstMs":2981,"diffFirst":"00:00:02.9810000","diffPrevMs":474,"diffPrev":"00:00:00.4740000"},{"stageTimeId":78831,"stageId":1316,"entryId":20117,"elapsedDurationMs":453440,"elapsedDuration":"00:07:33.4400000","status":"Completed","source":"Default","position":5,"diffFirstMs":3223,"diffFirst":"00:00:03.2230000","diffPrevMs":242,"diffPrev":"00:00:00.2420000"},{"stageTimeId":78779,"stageId":1316,"entryId":20121,"elapsedDurationMs":453516,"elapsedDuration":"00:07:33.5160000","status":"Completed","source":"Default","position":6,"diffFirstMs":3299,"diffFirst":"00:00:03.2990000","diffPrevMs":76,"diffPrev":"00:00:00.0760000"},{"stageTimeId":78827,"stageId":1316,"entryId":20119,"elapsedDurationMs":455512,"elapsedDuration":"00:07:35.5120000","status":"Completed","source":"Default","position":7,"diffFirstMs":5295,"diffFirst":"00:00:05.2950000","diffPrevMs":1996,"diffPrev":"00:00:01.9960000"},{"stageTimeId":78674,"stageId":1316,"entryId":20122,"elapsedDurationMs":457498,"elapsedDuration":"00:07:37.4980000","status":"Completed","source":"Default","position":8,"diffFirstMs":7281,"diffFirst":"00:00:07.2810000","diffPrevMs":1986,"diffPrev":"00:00:01.9860000"},{"stageTimeId":78805,"stageId":1316,"entryId":20127,"elapsedDurationMs":457768,"elapsedDuration":"00:07:37.7680000","status":"Completed","source":"Default","position":9,"diffFirstMs":7551,"diffFirst":"00:00:07.5510000","diffPrevMs":270,"diffPrev":"00:00:00.2700000"},{"stageTimeId":78835,"stageId":1316,"entryId":20126,"elapsedDurationMs":458332,"elapsedDuration":"00:07:38.3320000","status":"Completed","source":"Default","position":10,"diffFirstMs":8115,"diffFirst":"00:00:08.1150000","diffPrevMs":564,"diffPrev":"00:00:00.5640000"},{"stageTimeId":78839,"stageId":1316,"entryId":20125,"elapsedDurationMs":467753,"elapsedDuration":"00:07:47.7530000","status":"Completed","source":"Default","position":11,"diffFirstMs":17536,"diffFirst":"00:00:17.5360000","diffPrevMs":9421,"diffPrev":"00:00:09.4210000"},{"stageTimeId":78673,"stageId":1316,"entryId":20143,"elapsedDurationMs":473078,"elapsedDuration":"00:07:53.0780000","status":"Completed","source":"Default","position":12,"diffFirstMs":22861,"diffFirst":"00:00:22.8610000","diffPrevMs":5325,"diffPrev":"00:00:05.3250000"},{"stageTimeId":78768,"stageId":1316,"entryId":20129,"elapsedDurationMs":476406,"elapsedDuration":"00:07:56.4060000","status":"Completed","source":"Default","position":13,"diffFirstMs":26189,"diffFirst":"00:00:26.1890000","diffPrevMs":3328,"diffPrev":"00:00:03.3280000"},{"stageTimeId":78791,"stageId":1316,"entryId":20128,"elapsedDurationMs":477016,"elapsedDuration":"00:07:57.0160000","status":"Completed","source":"Default","position":14,"diffFirstMs":26799,"diffFirst":"00:00:26.7990000","diffPrevMs":610,"diffPrev":"00:00:00.6100000"},{"stageTimeId":78771,"stageId":1316,"entryId":20132,"elapsedDurationMs":477369,"elapsedDuration":"00:07:57.3690000","status":"Completed","source":"Default","position":15,"diffFirstMs":27152,"diffFirst":"00:00:27.1520000","diffPrevMs":353,"diffPrev":"00:00:00.3530000"},{"stageTimeId":78694,"stageId":1316,"entryId":20133,"elapsedDurationMs":478020,"elapsedDuration":"00:07:58.0200000","status":"Completed","source":"Default","position":16,"diffFirstMs":27803,"diffFirst":"00:00:27.8030000","diffPrevMs":651,"diffPrev":"00:00:00.6510000"},{"stageTimeId":78799,"stageId":1316,"entryId":20130,"elapsedDurationMs":478695,"elapsedDuration":"00:07:58.6950000","status":"Completed","source":"Default","position":17,"diffFirstMs":28478,"diffFirst":"00:00:28.4780000","diffPrevMs":675,"diffPrev":"00:00:00.6750000"},{"stageTimeId":78741,"stageId":1316,"entryId":20137,"elapsedDurationMs":480002,"elapsedDuration":"00:08:00.0020000","status":"Completed","source":"Default","position":18,"diffFirstMs":29785,"diffFirst":"00:00:29.7850000","diffPrevMs":1307,"diffPrev":"00:00:01.3070000"},{"stageTimeId":78678,"stageId":1316,"entryId":20144,"elapsedDurationMs":482522,"elapsedDuration":"00:08:02.5220000","status":"Completed","source":"Default","position":19,"diffFirstMs":32305,"diffFirst":"00:00:32.3050000","diffPrevMs":2520,"diffPrev":"00:00:02.5200000"},{"stageTimeId":78736,"stageId":1316,"entryId":20136,"elapsedDurationMs":483961,"elapsedDuration":"00:08:03.9610000","status":"Completed","source":"Default","position":20,"diffFirstMs":33744,"diffFirst":"00:00:33.7440000","diffPrevMs":1439,"diffPrev":"00:00:01.4390000"},{"stageTimeId":78744,"stageId":1316,"entryId":20135,"elapsedDurationMs":487989,"elapsedDuration":"00:08:07.9890000","status":"Completed","source":"Default","position":21,"diffFirstMs":37772,"diffFirst":"00:00:37.7720000","diffPrevMs":4028,"diffPrev":"00:00:04.0280000"},{"stageTimeId":78695,"stageId":1316,"entryId":20145,"elapsedDurationMs":489049,"elapsedDuration":"00:08:09.0490000","status":"Completed","source":"Default","position":22,"diffFirstMs":38832,"diffFirst":"00:00:38.8320000","diffPrevMs":1060,"diffPrev":"00:00:01.0600000"},{"stageTimeId":78731,"stageId":1316,"entryId":20138,"elapsedDurationMs":490137,"elapsedDuration":"00:08:10.1370000","status":"Completed","source":"Default","position":23,"diffFirstMs":39920,"diffFirst":"00:00:39.9200000","diffPrevMs":1088,"diffPrev":"00:00:01.0880000"},{"stageTimeId":78796,"stageId":1316,"entryId":20131,"elapsedDurationMs":490840,"elapsedDuration":"00:08:10.8400000","status":"Completed","source":"Default","position":24,"diffFirstMs":40623,"diffFirst":"00:00:40.6230000","diffPrevMs":703,"diffPrev":"00:00:00.7030000"},{"stageTimeId":78813,"stageId":1316,"entryId":20151,"elapsedDurationMs":492266,"elapsedDuration":"00:08:12.2660000","status":"Completed","source":"Default","position":25,"diffFirstMs":42049,"diffFirst":"00:00:42.0490000","diffPrevMs":1426,"diffPrev":"00:00:01.4260000"},{"stageTimeId":78765,"stageId":1316,"entryId":20157,"elapsedDurationMs":494393,"elapsedDuration":"00:08:14.3930000","status":"Completed","source":"Default","position":26,"diffFirstMs":44176,"diffFirst":"00:00:44.1760000","diffPrevMs":2127,"diffPrev":"00:00:02.1270000"},{"stageTimeId":78749,"stageId":1316,"entryId":20150,"elapsedDurationMs":504090,"elapsedDuration":"00:08:24.0900000","status":"Completed","source":"Default","position":27,"diffFirstMs":53873,"diffFirst":"00:00:53.8730000","diffPrevMs":9697,"diffPrev":"00:00:09.6970000"},{"stageTimeId":78753,"stageId":1316,"entryId":20159,"elapsedDurationMs":527022,"elapsedDuration":"00:08:47.0220000","status":"Completed","source":"Default","position":28,"diffFirstMs":76805,"diffFirst":"00:01:16.8050000","diffPrevMs":22932,"diffPrev":"00:00:22.9320000"},{"stageTimeId":78712,"stageId":1316,"entryId":20153,"elapsedDurationMs":527623,"elapsedDuration":"00:08:47.6230000","status":"Completed","source":"Default","position":29,"diffFirstMs":77406,"diffFirst":"00:01:17.4060000","diffPrevMs":601,"diffPrev":"00:00:00.6010000"},{"stageTimeId":78709,"stageId":1316,"entryId":20155,"elapsedDurationMs":535267,"elapsedDuration":"00:08:55.2670000","status":"Completed","source":"Default","position":30,"diffFirstMs":85050,"diffFirst":"00:01:25.0500000","diffPrevMs":7644,"diffPrev":"00:00:07.6440000"},{"stageTimeId":78757,"stageId":1316,"entryId":20156,"elapsedDurationMs":545187,"elapsedDuration":"00:09:05.1870000","status":"Completed","source":"Default","position":31,"diffFirstMs":94970,"diffFirst":"00:01:34.9700000","diffPrevMs":9920,"diffPrev":"00:00:09.9200000"},{"stageTimeId":78818,"stageId":1316,"entryId":20163,"elapsedDurationMs":547227,"elapsedDuration":"00:09:07.2270000","status":"Completed","source":"Default","position":32,"diffFirstMs":97010,"diffFirst":"00:01:37.0100000","diffPrevMs":2040,"diffPrev":"00:00:02.0400000"},{"stageTimeId":78761,"stageId":1316,"entryId":20141,"elapsedDurationMs":556479,"elapsedDuration":"00:09:16.4790000","status":"Completed","source":"Assessed","position":33,"diffFirstMs":106262,"diffFirst":"00:01:46.2620000","diffPrevMs":9252,"diffPrev":"00:00:09.2520000"},{"stageTimeId":78729,"stageId":1316,"entryId":20166,"elapsedDurationMs":565170,"elapsedDuration":"00:09:25.1700000","status":"Completed","source":"Default","position":34,"diffFirstMs":114953,"diffFirst":"00:01:54.9530000","diffPrevMs":8691,"diffPrev":"00:00:08.6910000"},{"stageTimeId":78704,"stageId":1316,"entryId":20154,"elapsedDurationMs":569394,"elapsedDuration":"00:09:29.3940000","status":"Completed","source":"Default","position":35,"diffFirstMs":119177,"diffFirst":"00:01:59.1770000","diffPrevMs":4224,"diffPrev":"00:00:04.2240000"},{"stageTimeId":78725,"stageId":1316,"entryId":20160,"elapsedDurationMs":576343,"elapsedDuration":"00:09:36.3430000","status":"Completed","source":"Default","position":36,"diffFirstMs":126126,"diffFirst":"00:02:06.1260000","diffPrevMs":6949,"diffPrev":"00:00:06.9490000"},{"stageTimeId":78721,"stageId":1316,"entryId":20169,"elapsedDurationMs":592873,"elapsedDuration":"00:09:52.8730000","status":"Completed","source":"Default","position":37,"diffFirstMs":142656,"diffFirst":"00:02:22.6560000","diffPrevMs":16530,"diffPrev":"00:00:16.5300000"},{"stageTimeId":78840,"stageId":1316,"entryId":20165,"elapsedDurationMs":604300,"elapsedDuration":"00:10:04.3000000","status":"Completed","source":"Default","position":38,"diffFirstMs":154083,"diffFirst":"00:02:34.0830000","diffPrevMs":11427,"diffPrev":"00:00:11.4270000"},{"stageTimeId":78821,"stageId":1316,"entryId":20170,"elapsedDurationMs":631297,"elapsedDuration":"00:10:31.2970000","status":"Completed","source":"Default","position":39,"diffFirstMs":181080,"diffFirst":"00:03:01.0800000","diffPrevMs":26997,"diffPrev":"00:00:26.9970000"},{"stageTimeId":78717,"stageId":1316,"entryId":20162,"elapsedDurationMs":656166,"elapsedDuration":"00:10:56.1660000","status":"Completed","source":"Default","position":40,"diffFirstMs":205949,"diffFirst":"00:03:25.9490000","diffPrevMs":24869,"diffPrev":"00:00:24.8690000"},{"stageTimeId":78701,"stageId":1316,"entryId":20168,"elapsedDurationMs":679526,"elapsedDuration":"00:11:19.5260000","status":"Completed","source":"Default","position":41,"diffFirstMs":229309,"diffFirst":"00:03:49.3090000","diffPrevMs":23360,"diffPrev":"00:00:23.3600000"},{"stageTimeId":78682,"stageId":1316,"entryId":20134,"elapsedDurationMs":null,"elapsedDuration":null,"status":"DNS","source":"Default","position":null,"diffFirstMs":null,"diffFirst":null,"diffPrevMs":null,"diffPrev":null}]