{"splitPoints":[],"controls":[{"controlId":5032,"eventId":84,"stageId":1205,"type":"TimeControl","code":"TC7C","location":"Flexi Service OUT - Parc Fermé IN","timingPrecision":"Minute","distance":null,"targetDuration":null,"targetDurationMs":null,"firstCarDueDateTime":null,"firstCarDueDateTimeLocal":null,"status":"Completed","controlPenalties":"None","roundingPolicy":"NoRounding","locked":false},{"controlId":5075,"eventId":84,"stageId":1205,"type":"StageStart","code":"SS7","location":"Lousada (SSS)","timingPrecision":"Minute","distance":3.36,"targetDuration":"00:40:00","targetDurationMs":2400000,"firstCarDueDateTime":"2019-05-31T18:03:00","firstCarDueDateTimeLocal":"2019-05-31T19:03:00+01:00","status":"Completed","controlPenalties":"None","roundingPolicy":"RoundToClosestMinute","locked":false},{"controlId":5095,"eventId":84,"stageId":1205,"type":"TimeControl","code":"TC7","location":"Lousada","timingPrecision":"Minute","distance":203.49,"targetDuration":"03:00:00","targetDurationMs":10800000,"firstCarDueDateTime":"2019-05-31T17:23:00","firstCarDueDateTimeLocal":"2019-05-31T18:23:00+01:00","status":"Completed","controlPenalties":"All","roundingPolicy":"NoRounding","locked":false},{"controlId":5097,"eventId":84,"stageId":1205,"type":"FlyingFinish","code":"SF7","location":"Lousada (SSS)","timingPrecision":"Tenth","distance":null,"targetDuration":null,"targetDurationMs":null,"firstCarDueDateTime":null,"firstCarDueDateTimeLocal":null,"status":"Completed","controlPenalties":"None","roundingPolicy":"NoRounding","locked":false}],"stageId":1205,"eventId":84,"number":7,"name":"Lousada (SSS)","distance":3.36,"status":"Completed","stageType":"HeadToHeadSuperSpecialStage","timingPrecision":"Tenth","locked":false,"code":"SS7"}