[{"stageTimeId":77648,"stageId":1286,"entryId":20064,"elapsedDurationMs":322900,"elapsedDuration":"00:05:22.9000000","status":"Completed","source":"Default","position":1,"diffFirstMs":0,"diffFirst":"00:00:00","diffPrevMs":0,"diffPrev":"00:00:00"},{"stageTimeId":77593,"stageId":1286,"entryId":20057,"elapsedDurationMs":323000,"elapsedDuration":"00:05:23","status":"Completed","source":"Default","position":2,"diffFirstMs":100,"diffFirst":"00:00:00.1000000","diffPrevMs":100,"diffPrev":"00:00:00.1000000"},{"stageTimeId":77681,"stageId":1286,"entryId":20059,"elapsedDurationMs":323500,"elapsedDuration":"00:05:23.5000000","status":"Completed","source":"Default","position":3,"diffFirstMs":600,"diffFirst":"00:00:00.6000000","diffPrevMs":500,"diffPrev":"00:00:00.5000000"},{"stageTimeId":77532,"stageId":1286,"entryId":20058,"elapsedDurationMs":324300,"elapsedDuration":"00:05:24.3000000","status":"Completed","source":"Default","position":4,"diffFirstMs":1400,"diffFirst":"00:00:01.4000000","diffPrevMs":800,"diffPrev":"00:00:00.8000000"},{"stageTimeId":77665,"stageId":1286,"entryId":20053,"elapsedDurationMs":325100,"elapsedDuration":"00:05:25.1000000","status":"Completed","source":"Default","position":5,"diffFirstMs":2200,"diffFirst":"00:00:02.2000000","diffPrevMs":800,"diffPrev":"00:00:00.8000000"},{"stageTimeId":77528,"stageId":1286,"entryId":20055,"elapsedDurationMs":325500,"elapsedDuration":"00:05:25.5000000","status":"Completed","source":"Default","position":6,"diffFirstMs":2600,"diffFirst":"00:00:02.6000000","diffPrevMs":400,"diffPrev":"00:00:00.4000000"},{"stageTimeId":77656,"stageId":1286,"entryId":20063,"elapsedDurationMs":326400,"elapsedDuration":"00:05:26.4000000","status":"Completed","source":"Default","position":7,"diffFirstMs":3500,"diffFirst":"00:00:03.5000000","diffPrevMs":900,"diffPrev":"00:00:00.9000000"},{"stageTimeId":77673,"stageId":1286,"entryId":20054,"elapsedDurationMs":328400,"elapsedDuration":"00:05:28.4000000","status":"Completed","source":"Default","position":8,"diffFirstMs":5500,"diffFirst":"00:00:05.5000000","diffPrevMs":2000,"diffPrev":"00:00:02"},{"stageTimeId":77304,"stageId":1286,"entryId":20062,"elapsedDurationMs":333100,"elapsedDuration":"00:05:33.1000000","status":"Completed","source":"Default","position":9,"diffFirstMs":10200,"diffFirst":"00:00:10.2000000","diffPrevMs":4700,"diffPrev":"00:00:04.7000000"},{"stageTimeId":77504,"stageId":1286,"entryId":20065,"elapsedDurationMs":340500,"elapsedDuration":"00:05:40.5000000","status":"Completed","source":"Default","position":10,"diffFirstMs":17600,"diffFirst":"00:00:17.6000000","diffPrevMs":7400,"diffPrev":"00:00:07.4000000"},{"stageTimeId":77264,"stageId":1286,"entryId":20070,"elapsedDurationMs":346200,"elapsedDuration":"00:05:46.2000000","status":"Completed","source":"Default","position":11,"diffFirstMs":23300,"diffFirst":"00:00:23.3000000","diffPrevMs":5700,"diffPrev":"00:00:05.7000000"},{"stageTimeId":77552,"stageId":1286,"entryId":20075,"elapsedDurationMs":346700,"elapsedDuration":"00:05:46.7000000","status":"Completed","source":"Default","position":12,"diffFirstMs":23800,"diffFirst":"00:00:23.8000000","diffPrevMs":500,"diffPrev":"00:00:00.5000000"},{"stageTimeId":77496,"stageId":1286,"entryId":20074,"elapsedDurationMs":350800,"elapsedDuration":"00:05:50.8000000","status":"Completed","source":"Default","position":13,"diffFirstMs":27900,"diffFirst":"00:00:27.9000000","diffPrevMs":4100,"diffPrev":"00:00:04.1000000"},{"stageTimeId":77512,"stageId":1286,"entryId":20067,"elapsedDurationMs":352200,"elapsedDuration":"00:05:52.2000000","status":"Completed","source":"Default","position":14,"diffFirstMs":29300,"diffFirst":"00:00:29.3000000","diffPrevMs":1400,"diffPrev":"00:00:01.4000000"},{"stageTimeId":77584,"stageId":1286,"entryId":20092,"elapsedDurationMs":354400,"elapsedDuration":"00:05:54.4000000","status":"Completed","source":"Default","position":15,"diffFirstMs":31500,"diffFirst":"00:00:31.5000000","diffPrevMs":2200,"diffPrev":"00:00:02.2000000"},{"stageTimeId":77255,"stageId":1286,"entryId":20071,"elapsedDurationMs":356700,"elapsedDuration":"00:05:56.7000000","status":"Completed","source":"Default","position":16,"diffFirstMs":33800,"diffFirst":"00:00:33.8000000","diffPrevMs":2300,"diffPrev":"00:00:02.3000000"},{"stageTimeId":77247,"stageId":1286,"entryId":20077,"elapsedDurationMs":364100,"elapsedDuration":"00:06:04.1000000","status":"Completed","source":"Default","position":17,"diffFirstMs":41200,"diffFirst":"00:00:41.2000000","diffPrevMs":7400,"diffPrev":"00:00:07.4000000"},{"stageTimeId":77244,"stageId":1286,"entryId":20060,"elapsedDurationMs":375900,"elapsedDuration":"00:06:15.9000000","status":"Completed","source":"Default","position":18,"diffFirstMs":53000,"diffFirst":"00:00:53","diffPrevMs":11800,"diffPrev":"00:00:11.8000000"},{"stageTimeId":77242,"stageId":1286,"entryId":20079,"elapsedDurationMs":379700,"elapsedDuration":"00:06:19.7000000","status":"Completed","source":"Default","position":19,"diffFirstMs":56800,"diffFirst":"00:00:56.8000000","diffPrevMs":3800,"diffPrev":"00:00:03.8000000"},{"stageTimeId":77259,"stageId":1286,"entryId":20078,"elapsedDurationMs":381900,"elapsedDuration":"00:06:21.9000000","status":"Completed","source":"Default","position":20,"diffFirstMs":59000,"diffFirst":"00:00:59","diffPrevMs":2200,"diffPrev":"00:00:02.2000000"},{"stageTimeId":77641,"stageId":1286,"entryId":20080,"elapsedDurationMs":384200,"elapsedDuration":"00:06:24.2000000","status":"Completed","source":"Default","position":21,"diffFirstMs":61300,"diffFirst":"00:01:01.3000000","diffPrevMs":2300,"diffPrev":"00:00:02.3000000"},{"stageTimeId":77449,"stageId":1286,"entryId":20072,"elapsedDurationMs":387800,"elapsedDuration":"00:06:27.8000000","status":"Completed","source":"Default","position":22,"diffFirstMs":64900,"diffFirst":"00:01:04.9000000","diffPrevMs":3600,"diffPrev":"00:00:03.6000000"},{"stageTimeId":77433,"stageId":1286,"entryId":20106,"elapsedDurationMs":389900,"elapsedDuration":"00:06:29.9000000","status":"Completed","source":"Default","position":23,"diffFirstMs":67000,"diffFirst":"00:01:07","diffPrevMs":2100,"diffPrev":"00:00:02.1000000"},{"stageTimeId":77441,"stageId":1286,"entryId":20099,"elapsedDurationMs":390300,"elapsedDuration":"00:06:30.3000000","status":"Completed","source":"Default","position":24,"diffFirstMs":67400,"diffFirst":"00:01:07.4000000","diffPrevMs":400,"diffPrev":"00:00:00.4000000"},{"stageTimeId":77376,"stageId":1286,"entryId":20102,"elapsedDurationMs":392700,"elapsedDuration":"00:06:32.7000000","status":"Completed","source":"Default","position":25,"diffFirstMs":69800,"diffFirst":"00:01:09.8000000","diffPrevMs":2400,"diffPrev":"00:00:02.4000000"},{"stageTimeId":77411,"stageId":1286,"entryId":20103,"elapsedDurationMs":394600,"elapsedDuration":"00:06:34.6000000","status":"Completed","source":"Default","position":26,"diffFirstMs":71700,"diffFirst":"00:01:11.7000000","diffPrevMs":1900,"diffPrev":"00:00:01.9000000"},{"stageTimeId":77489,"stageId":1286,"entryId":20109,"elapsedDurationMs":396600,"elapsedDuration":"00:06:36.6000000","status":"Completed","source":"Default","position":27,"diffFirstMs":73700,"diffFirst":"00:01:13.7000000","diffPrevMs":2000,"diffPrev":"00:00:02"},{"stageTimeId":77471,"stageId":1286,"entryId":20107,"elapsedDurationMs":398100,"elapsedDuration":"00:06:38.1000000","status":"Completed","source":"Default","position":28,"diffFirstMs":75200,"diffFirst":"00:01:15.2000000","diffPrevMs":1500,"diffPrev":"00:00:01.5000000"},{"stageTimeId":77344,"stageId":1286,"entryId":20087,"elapsedDurationMs":400500,"elapsedDuration":"00:06:40.5000000","status":"Completed","source":"Default","position":29,"diffFirstMs":77600,"diffFirst":"00:01:17.6000000","diffPrevMs":2400,"diffPrev":"00:00:02.4000000"},{"stageTimeId":77375,"stageId":1286,"entryId":20089,"elapsedDurationMs":408600,"elapsedDuration":"00:06:48.6000000","status":"Completed","source":"Default","position":30,"diffFirstMs":85700,"diffFirst":"00:01:25.7000000","diffPrevMs":8100,"diffPrev":"00:00:08.1000000"},{"stageTimeId":77384,"stageId":1286,"entryId":20105,"elapsedDurationMs":415200,"elapsedDuration":"00:06:55.2000000","status":"Completed","source":"Default","position":31,"diffFirstMs":92300,"diffFirst":"00:01:32.3000000","diffPrevMs":6600,"diffPrev":"00:00:06.6000000"},{"stageTimeId":77392,"stageId":1286,"entryId":20101,"elapsedDurationMs":417100,"elapsedDuration":"00:06:57.1000000","status":"Completed","source":"Default","position":32,"diffFirstMs":94200,"diffFirst":"00:01:34.2000000","diffPrevMs":1900,"diffPrev":"00:00:01.9000000"},{"stageTimeId":77312,"stageId":1286,"entryId":20112,"elapsedDurationMs":419300,"elapsedDuration":"00:06:59.3000000","status":"Completed","source":"Default","position":33,"diffFirstMs":96400,"diffFirst":"00:01:36.4000000","diffPrevMs":2200,"diffPrev":"00:00:02.2000000"},{"stageTimeId":77399,"stageId":1286,"entryId":20104,"elapsedDurationMs":419600,"elapsedDuration":"00:06:59.6000000","status":"Completed","source":"Default","position":34,"diffFirstMs":96700,"diffFirst":"00:01:36.7000000","diffPrevMs":300,"diffPrev":"00:00:00.3000000"},{"stageTimeId":77360,"stageId":1286,"entryId":20086,"elapsedDurationMs":425100,"elapsedDuration":"00:07:05.1000000","status":"Completed","source":"Default","position":35,"diffFirstMs":102200,"diffFirst":"00:01:42.2000000","diffPrevMs":5500,"diffPrev":"00:00:05.5000000"},{"stageTimeId":77368,"stageId":1286,"entryId":20113,"elapsedDurationMs":464200,"elapsedDuration":"00:07:44.2000000","status":"Completed","source":"Default","position":36,"diffFirstMs":141300,"diffFirst":"00:02:21.3000000","diffPrevMs":39100,"diffPrev":"00:00:39.1000000"},{"stageTimeId":77633,"stageId":1286,"entryId":20115,"elapsedDurationMs":506200,"elapsedDuration":"00:08:26.2000000","status":"Completed","source":"Default","position":37,"diffFirstMs":183300,"diffFirst":"00:03:03.3000000","diffPrevMs":42000,"diffPrev":"00:00:42"},{"stageTimeId":77601,"stageId":1286,"entryId":20116,"elapsedDurationMs":508700,"elapsedDuration":"00:08:28.7000000","status":"Completed","source":"Default","position":38,"diffFirstMs":185800,"diffFirst":"00:03:05.8000000","diffPrevMs":2500,"diffPrev":"00:00:02.5000000"},{"stageTimeId":77625,"stageId":1286,"entryId":20114,"elapsedDurationMs":520700,"elapsedDuration":"00:08:40.7000000","status":"Completed","source":"Default","position":39,"diffFirstMs":197800,"diffFirst":"00:03:17.8000000","diffPrevMs":12000,"diffPrev":"00:00:12"},{"stageTimeId":77536,"stageId":1286,"entryId":20056,"elapsedDurationMs":742900,"elapsedDuration":"00:12:22.9000000","status":"Completed","source":"Assessed","position":40,"diffFirstMs":420000,"diffFirst":"00:07:00","diffPrevMs":222200,"diffPrev":"00:03:42.2000000"},{"stageTimeId":77234,"stageId":1286,"entryId":20093,"elapsedDurationMs":774400,"elapsedDuration":"00:12:54.4000000","status":"Completed","source":"Assessed","position":41,"diffFirstMs":451500,"diffFirst":"00:07:31.5000000","diffPrevMs":31500,"diffPrev":"00:00:31.5000000"},{"stageTimeId":77262,"stageId":1286,"entryId":20096,"elapsedDurationMs":774400,"elapsedDuration":"00:12:54.4000000","status":"Completed","source":"Assessed","position":42,"diffFirstMs":451500,"diffFirst":"00:07:31.5000000","diffPrevMs":0,"diffPrev":"00:00:00"},{"stageTimeId":77409,"stageId":1286,"entryId":20098,"elapsedDurationMs":774400,"elapsedDuration":"00:12:54.4000000","status":"Completed","source":"Assessed","position":43,"diffFirstMs":451500,"diffFirst":"00:07:31.5000000","diffPrevMs":0,"diffPrev":"00:00:00"},{"stageTimeId":77481,"stageId":1286,"entryId":20100,"elapsedDurationMs":774400,"elapsedDuration":"00:12:54.4000000","status":"Completed","source":"Assessed","position":44,"diffFirstMs":451500,"diffFirst":"00:07:31.5000000","diffPrevMs":0,"diffPrev":"00:00:00"},{"stageTimeId":77545,"stageId":1286,"entryId":20068,"elapsedDurationMs":790500,"elapsedDuration":"00:13:10.5000000","status":"Completed","source":"Default","position":45,"diffFirstMs":467600,"diffFirst":"00:07:47.6000000","diffPrevMs":16100,"diffPrev":"00:00:16.1000000"},{"stageTimeId":77456,"stageId":1286,"entryId":20081,"elapsedDurationMs":799700,"elapsedDuration":"00:13:19.7000000","status":"Completed","source":"Assessed","position":46,"diffFirstMs":476800,"diffFirst":"00:07:56.8000000","diffPrevMs":9200,"diffPrev":"00:00:09.2000000"},{"stageTimeId":77617,"stageId":1286,"entryId":20083,"elapsedDurationMs":799700,"elapsedDuration":"00:13:19.7000000","status":"Completed","source":"Assessed","position":47,"diffFirstMs":476800,"diffFirst":"00:07:56.8000000","diffPrevMs":0,"diffPrev":"00:00:00"},{"stageTimeId":77303,"stageId":1286,"entryId":20084,"elapsedDurationMs":799700,"elapsedDuration":"00:13:19.7000000","status":"Completed","source":"Assessed","position":48,"diffFirstMs":476800,"diffFirst":"00:07:56.8000000","diffPrevMs":0,"diffPrev":"00:00:00"},{"stageTimeId":77464,"stageId":1286,"entryId":20088,"elapsedDurationMs":799700,"elapsedDuration":"00:13:19.7000000","status":"Completed","source":"Assessed","position":49,"diffFirstMs":476800,"diffFirst":"00:07:56.8000000","diffPrevMs":0,"diffPrev":"00:00:00"},{"stageTimeId":77336,"stageId":1286,"entryId":20090,"elapsedDurationMs":799700,"elapsedDuration":"00:13:19.7000000","status":"Completed","source":"Assessed","position":50,"diffFirstMs":476800,"diffFirst":"00:07:56.8000000","diffPrevMs":0,"diffPrev":"00:00:00"},{"stageTimeId":77320,"stageId":1286,"entryId":20111,"elapsedDurationMs":809900,"elapsedDuration":"00:13:29.9000000","status":"Completed","source":"Assessed","position":51,"diffFirstMs":487000,"diffFirst":"00:08:07","diffPrevMs":10200,"diffPrev":"00:00:10.2000000"},{"stageTimeId":77560,"stageId":1286,"entryId":20073,"elapsedDurationMs":946200,"elapsedDuration":"00:15:46.2000000","status":"Completed","source":"Assessed","position":52,"diffFirstMs":623300,"diffFirst":"00:10:23.3000000","diffPrevMs":136300,"diffPrev":"00:02:16.3000000"},{"stageTimeId":77576,"stageId":1286,"entryId":20082,"elapsedDurationMs":979700,"elapsedDuration":"00:16:19.7000000","status":"Completed","source":"Assessed","position":53,"diffFirstMs":656800,"diffFirst":"00:10:56.8000000","diffPrevMs":33500,"diffPrev":"00:00:33.5000000"},{"stageTimeId":77417,"stageId":1286,"entryId":20091,"elapsedDurationMs":979700,"elapsedDuration":"00:16:19.7000000","status":"Completed","source":"Assessed","position":54,"diffFirstMs":656800,"diffFirst":"00:10:56.8000000","diffPrevMs":0,"diffPrev":"00:00:00"},{"stageTimeId":77688,"stageId":1286,"entryId":20110,"elapsedDurationMs":1013300,"elapsedDuration":"00:16:53.3000000","status":"Completed","source":"Default","position":55,"diffFirstMs":690400,"diffFirst":"00:11:30.4000000","diffPrevMs":33600,"diffPrev":"00:00:33.6000000"},{"stageTimeId":77284,"stageId":1286,"entryId":20097,"elapsedDurationMs":null,"elapsedDuration":null,"status":"DNS","source":"Default","position":null,"diffFirstMs":null,"diffFirst":null,"diffPrevMs":null,"diffPrev":null},{"stageTimeId":77328,"stageId":1286,"entryId":20108,"elapsedDurationMs":null,"elapsedDuration":null,"status":"DNS","source":"Default","position":null,"diffFirstMs":null,"diffFirst":null,"diffPrevMs":null,"diffPrev":null},{"stageTimeId":77580,"stageId":1286,"entryId":20069,"elapsedDurationMs":null,"elapsedDuration":null,"status":"DNS","source":"Default","position":null,"diffFirstMs":null,"diffFirst":null,"diffPrevMs":null,"diffPrev":null}]