[{"stageTimeId":79275,"stageId":1367,"entryId":20179,"elapsedDurationMs":514100,"elapsedDuration":"00:08:34.1000000","status":"Completed","source":"Default","position":1,"diffFirstMs":0,"diffFirst":"00:00:00","diffPrevMs":0,"diffPrev":"00:00:00"},{"stageTimeId":79263,"stageId":1367,"entryId":20182,"elapsedDurationMs":515300,"elapsedDuration":"00:08:35.3000000","status":"Completed","source":"Default","position":2,"diffFirstMs":1200,"diffFirst":"00:00:01.2000000","diffPrevMs":1200,"diffPrev":"00:00:01.2000000"},{"stageTimeId":79271,"stageId":1367,"entryId":20176,"elapsedDurationMs":519900,"elapsedDuration":"00:08:39.9000000","status":"Completed","source":"Default","position":3,"diffFirstMs":5800,"diffFirst":"00:00:05.8000000","diffPrevMs":4600,"diffPrev":"00:00:04.6000000"},{"stageTimeId":79267,"stageId":1367,"entryId":20173,"elapsedDurationMs":525200,"elapsedDuration":"00:08:45.2000000","status":"Completed","source":"Default","position":4,"diffFirstMs":11100,"diffFirst":"00:00:11.1000000","diffPrevMs":5300,"diffPrev":"00:00:05.3000000"},{"stageTimeId":79277,"stageId":1367,"entryId":20174,"elapsedDurationMs":525300,"elapsedDuration":"00:08:45.3000000","status":"Completed","source":"Default","position":5,"diffFirstMs":11200,"diffFirst":"00:00:11.2000000","diffPrevMs":100,"diffPrev":"00:00:00.1000000"},{"stageTimeId":79297,"stageId":1367,"entryId":20172,"elapsedDurationMs":525300,"elapsedDuration":"00:08:45.3000000","status":"Completed","source":"Default","position":6,"diffFirstMs":11200,"diffFirst":"00:00:11.2000000","diffPrevMs":0,"diffPrev":"00:00:00"},{"stageTimeId":79284,"stageId":1367,"entryId":20183,"elapsedDurationMs":530600,"elapsedDuration":"00:08:50.6000000","status":"Completed","source":"Default","position":7,"diffFirstMs":16500,"diffFirst":"00:00:16.5000000","diffPrevMs":5300,"diffPrev":"00:00:05.3000000"},{"stageTimeId":79207,"stageId":1367,"entryId":20177,"elapsedDurationMs":531000,"elapsedDuration":"00:08:51","status":"Completed","source":"Default","position":8,"diffFirstMs":16900,"diffFirst":"00:00:16.9000000","diffPrevMs":400,"diffPrev":"00:00:00.4000000"},{"stageTimeId":79209,"stageId":1367,"entryId":20175,"elapsedDurationMs":532400,"elapsedDuration":"00:08:52.4000000","status":"Completed","source":"Default","position":9,"diffFirstMs":18300,"diffFirst":"00:00:18.3000000","diffPrevMs":1400,"diffPrev":"00:00:01.4000000"},{"stageTimeId":79289,"stageId":1367,"entryId":20185,"elapsedDurationMs":538200,"elapsedDuration":"00:08:58.2000000","status":"Completed","source":"Default","position":10,"diffFirstMs":24100,"diffFirst":"00:00:24.1000000","diffPrevMs":5800,"diffPrev":"00:00:05.8000000"},{"stageTimeId":79226,"stageId":1367,"entryId":20188,"elapsedDurationMs":538800,"elapsedDuration":"00:08:58.8000000","status":"Completed","source":"Default","position":11,"diffFirstMs":24700,"diffFirst":"00:00:24.7000000","diffPrevMs":600,"diffPrev":"00:00:00.6000000"},{"stageTimeId":79203,"stageId":1367,"entryId":20180,"elapsedDurationMs":541400,"elapsedDuration":"00:09:01.4000000","status":"Completed","source":"Default","position":12,"diffFirstMs":27300,"diffFirst":"00:00:27.3000000","diffPrevMs":2600,"diffPrev":"00:00:02.6000000"},{"stageTimeId":79234,"stageId":1367,"entryId":20189,"elapsedDurationMs":542500,"elapsedDuration":"00:09:02.5000000","status":"Completed","source":"Default","position":13,"diffFirstMs":28400,"diffFirst":"00:00:28.4000000","diffPrevMs":1100,"diffPrev":"00:00:01.1000000"},{"stageTimeId":79218,"stageId":1367,"entryId":20196,"elapsedDurationMs":542900,"elapsedDuration":"00:09:02.9000000","status":"Completed","source":"Default","position":14,"diffFirstMs":28800,"diffFirst":"00:00:28.8000000","diffPrevMs":400,"diffPrev":"00:00:00.4000000"},{"stageTimeId":79259,"stageId":1367,"entryId":20186,"elapsedDurationMs":543900,"elapsedDuration":"00:09:03.9000000","status":"Completed","source":"Default","position":15,"diffFirstMs":29800,"diffFirst":"00:00:29.8000000","diffPrevMs":1000,"diffPrev":"00:00:01"},{"stageTimeId":79293,"stageId":1367,"entryId":20184,"elapsedDurationMs":546000,"elapsedDuration":"00:09:06","status":"Completed","source":"Default","position":16,"diffFirstMs":31900,"diffFirst":"00:00:31.9000000","diffPrevMs":2100,"diffPrev":"00:00:02.1000000"},{"stageTimeId":79230,"stageId":1367,"entryId":20187,"elapsedDurationMs":562100,"elapsedDuration":"00:09:22.1000000","status":"Completed","source":"Default","position":17,"diffFirstMs":48000,"diffFirst":"00:00:48","diffPrevMs":16100,"diffPrev":"00:00:16.1000000"},{"stageTimeId":79238,"stageId":1367,"entryId":20190,"elapsedDurationMs":566100,"elapsedDuration":"00:09:26.1000000","status":"Completed","source":"Default","position":18,"diffFirstMs":52000,"diffFirst":"00:00:52","diffPrevMs":4000,"diffPrev":"00:00:04"},{"stageTimeId":79222,"stageId":1367,"entryId":20193,"elapsedDurationMs":575200,"elapsedDuration":"00:09:35.2000000","status":"Completed","source":"Default","position":19,"diffFirstMs":61100,"diffFirst":"00:01:01.1000000","diffPrevMs":9100,"diffPrev":"00:00:09.1000000"},{"stageTimeId":79212,"stageId":1367,"entryId":20178,"elapsedDurationMs":581600,"elapsedDuration":"00:09:41.6000000","status":"Completed","source":"Default","position":20,"diffFirstMs":67500,"diffFirst":"00:01:07.5000000","diffPrevMs":6400,"diffPrev":"00:00:06.4000000"},{"stageTimeId":79248,"stageId":1367,"entryId":20198,"elapsedDurationMs":605300,"elapsedDuration":"00:10:05.3000000","status":"Completed","source":"Default","position":21,"diffFirstMs":91200,"diffFirst":"00:01:31.2000000","diffPrevMs":23700,"diffPrev":"00:00:23.7000000"},{"stageTimeId":79244,"stageId":1367,"entryId":20200,"elapsedDurationMs":606800,"elapsedDuration":"00:10:06.8000000","status":"Completed","source":"Default","position":22,"diffFirstMs":92700,"diffFirst":"00:01:32.7000000","diffPrevMs":1500,"diffPrev":"00:00:01.5000000"},{"stageTimeId":79240,"stageId":1367,"entryId":20191,"elapsedDurationMs":617000,"elapsedDuration":"00:10:17","status":"Completed","source":"Default","position":23,"diffFirstMs":102900,"diffFirst":"00:01:42.9000000","diffPrevMs":10200,"diffPrev":"00:00:10.2000000"},{"stageTimeId":79252,"stageId":1367,"entryId":20192,"elapsedDurationMs":622700,"elapsedDuration":"00:10:22.7000000","status":"Completed","source":"Default","position":24,"diffFirstMs":108600,"diffFirst":"00:01:48.6000000","diffPrevMs":5700,"diffPrev":"00:00:05.7000000"},{"stageTimeId":79215,"stageId":1367,"entryId":20202,"elapsedDurationMs":681200,"elapsedDuration":"00:11:21.2000000","status":"Completed","source":"Default","position":25,"diffFirstMs":167100,"diffFirst":"00:02:47.1000000","diffPrevMs":58500,"diffPrev":"00:00:58.5000000"}]