{"itineraryLegs":[{"itinerarySections":[{"controls":[{"controlId":4322,"eventId":81,"stageId":null,"type":"TimeControl","code":"TC0","location":"Parc Fermé OUT - Porto-Vecchio - ","timingPrecision":"Minute","distance":null,"targetDuration":null,"targetDurationMs":null,"firstCarDueDateTime":"2019-03-29T06:00:00","firstCarDueDateTimeLocal":"2019-03-29T07:00:00+01:00","status":"Completed","controlPenalties":"All","roundingPolicy":"NoRounding","locked":false},{"controlId":4323,"eventId":81,"stageId":null,"type":"TimeControl","code":"TC0A","location":"TFZ IN","timingPrecision":"Minute","distance":0.3,"targetDuration":"00:05:00","targetDurationMs":300000,"firstCarDueDateTime":"2019-03-29T06:05:00","firstCarDueDateTimeLocal":"2019-03-29T07:05:00+01:00","status":"Completed","controlPenalties":"All","roundingPolicy":"NoRounding","locked":false},{"controlId":4324,"eventId":81,"stageId":null,"type":"TimeControl","code":"TC0B","location":"TFZ OUT","timingPrecision":"Minute","distance":null,"targetDuration":"00:15:00","targetDurationMs":900000,"firstCarDueDateTime":"2019-03-29T06:20:00","firstCarDueDateTimeLocal":"2019-03-29T07:20:00+01:00","status":"Completed","controlPenalties":"All","roundingPolicy":"NoRounding","locked":false},{"controlId":4362,"eventId":81,"stageId":1034,"type":"TimeControl","code":"TC1","location":"Pont de Fiumicelli","timingPrecision":"Minute","distance":51.12,"targetDuration":"01:06:00","targetDurationMs":3960000,"firstCarDueDateTime":"2019-03-29T07:26:00","firstCarDueDateTimeLocal":"2019-03-29T08:26:00+01:00","status":"Completed","controlPenalties":"All","roundingPolicy":"NoRounding","locked":false},{"controlId":4366,"eventId":81,"stageId":1034,"type":"StageStart","code":"SS1","location":"Bavella 1","timingPrecision":"Minute","distance":17.6,"targetDuration":"00:03:00","targetDurationMs":180000,"firstCarDueDateTime":"2019-03-29T07:29:00","firstCarDueDateTimeLocal":"2019-03-29T08:29:00+01:00","status":"Completed","controlPenalties":"None","roundingPolicy":"RoundToClosestMinute","locked":false},{"controlId":4363,"eventId":81,"stageId":1034,"type":"FlyingFinish","code":"SF1","location":"Bavella 1","timingPrecision":"Tenth","distance":null,"targetDuration":null,"targetDurationMs":null,"firstCarDueDateTime":null,"firstCarDueDateTimeLocal":null,"status":"Completed","controlPenalties":"None","roundingPolicy":"NoRounding","locked":false},{"controlId":4364,"eventId":81,"stageId":1033,"type":"TimeControl","code":"TC2","location":"Zerubia","timingPrecision":"Minute","distance":25.89,"targetDuration":"00:52:00","targetDurationMs":3120000,"firstCarDueDateTime":"2019-03-29T08:21:00","firstCarDueDateTimeLocal":"2019-03-29T09:21:00+01:00","status":"Completed","controlPenalties":"All","roundingPolicy":"NoRounding","locked":false},{"controlId":4365,"eventId":81,"stageId":1033,"type":"StageStart","code":"SS2","location":"Valinco 1","timingPrecision":"Minute","distance":25.94,"targetDuration":"00:03:00","targetDurationMs":180000,"firstCarDueDateTime":"2019-03-29T08:24:00","firstCarDueDateTimeLocal":"2019-03-29T09:24:00+01:00","status":"Completed","controlPenalties":"None","roundingPolicy":"RoundToClosestMinute","locked":false},{"controlId":4371,"eventId":81,"stageId":1033,"type":"FlyingFinish","code":"SF2","location":"Valinco 1","timingPrecision":"Tenth","distance":null,"targetDuration":null,"targetDurationMs":null,"firstCarDueDateTime":null,"firstCarDueDateTimeLocal":null,"status":"Completed","controlPenalties":"None","roundingPolicy":"NoRounding","locked":false},{"controlId":4367,"eventId":81,"stageId":1032,"type":"TimeControl","code":"TC3","location":"Chialza","timingPrecision":"Minute","distance":24.78,"targetDuration":"01:05:00","targetDurationMs":3900000,"firstCarDueDateTime":"2019-03-29T09:29:00","firstCarDueDateTimeLocal":"2019-03-29T10:29:00+01:00","status":"Completed","controlPenalties":"All","roundingPolicy":"NoRounding","locked":false},{"controlId":4368,"eventId":81,"stageId":1032,"type":"StageStart","code":"SS3","location":"Alta-Rocca 1","timingPrecision":"Minute","distance":17.37,"targetDuration":"00:03:00","targetDurationMs":180000,"firstCarDueDateTime":"2019-03-29T09:32:00","firstCarDueDateTimeLocal":"2019-03-29T10:32:00+01:00","status":"Completed","controlPenalties":"None","roundingPolicy":"RoundToClosestMinute","locked":false},{"controlId":4369,"eventId":81,"stageId":1032,"type":"FlyingFinish","code":"SF3","location":"Alta-Rocca 1","timingPrecision":"Tenth","distance":null,"targetDuration":null,"targetDurationMs":null,"firstCarDueDateTime":null,"firstCarDueDateTimeLocal":null,"status":"Completed","controlPenalties":"None","roundingPolicy":"NoRounding","locked":false},{"controlId":4325,"eventId":81,"stageId":null,"type":"RegroupIn","code":"TC3A","location":"Regroup & Technical zone IN - Porto-Vecchio","timingPrecision":"Minute","distance":29.89,"targetDuration":"00:59:00","targetDurationMs":3540000,"firstCarDueDateTime":"2019-03-29T10:31:00","firstCarDueDateTimeLocal":"2019-03-29T11:31:00+01:00","status":"Completed","controlPenalties":"All","roundingPolicy":"NoRounding","locked":false}],"stages":[{"stageId":1034,"eventId":81,"number":1,"name":"Bavella 1","distance":17.6,"status":"Completed","stageType":"SpecialStage","timingPrecision":"Tenth","locked":false,"code":"SS1"},{"stageId":1033,"eventId":81,"number":2,"name":"Valinco 1","distance":25.94,"status":"Completed","stageType":"SpecialStage","timingPrecision":"Tenth","locked":false,"code":"SS2"},{"stageId":1032,"eventId":81,"number":3,"name":"Alta-Rocca 1","distance":17.37,"status":"Completed","stageType":"SpecialStage","timingPrecision":"Tenth","locked":false,"code":"SS3"}],"itinerarySectionId":419,"itineraryLegId":182,"order":1,"name":"Section 1"},{"controls":[{"controlId":4326,"eventId":81,"stageId":null,"type":"RegroupOut","code":"TC3B","location":"Regroup OUT - TFZ IN","timingPrecision":"Minute","distance":null,"targetDuration":"01:10:00","targetDurationMs":4200000,"firstCarDueDateTime":"2019-03-29T11:41:00","firstCarDueDateTimeLocal":"2019-03-29T12:41:00+01:00","status":"Completed","controlPenalties":"None","roundingPolicy":"NoRounding","locked":false},{"controlId":4328,"eventId":81,"stageId":null,"type":"TimeControl","code":"TC3C","location":"TFZ OUT","timingPrecision":"Minute","distance":null,"targetDuration":"00:15:00","targetDurationMs":900000,"firstCarDueDateTime":"2019-03-29T11:56:00","firstCarDueDateTimeLocal":"2019-03-29T12:56:00+01:00","status":"Completed","controlPenalties":"All","roundingPolicy":"NoRounding","locked":false},{"controlId":4370,"eventId":81,"stageId":1039,"type":"TimeControl","code":"TC4","location":"Pont de Fiumicelli","timingPrecision":"Minute","distance":51.12,"targetDuration":"01:06:00","targetDurationMs":3960000,"firstCarDueDateTime":"2019-03-29T13:02:00","firstCarDueDateTimeLocal":"2019-03-29T14:02:00+01:00","status":"Completed","controlPenalties":"All","roundingPolicy":"NoRounding","locked":false},{"controlId":4360,"eventId":81,"stageId":1039,"type":"StageStart","code":"SS4","location":"Bavella 2","timingPrecision":"Minute","distance":17.6,"targetDuration":"00:03:00","targetDurationMs":180000,"firstCarDueDateTime":"2019-03-29T13:05:00","firstCarDueDateTimeLocal":"2019-03-29T14:05:00+01:00","status":"Completed","controlPenalties":"None","roundingPolicy":"RoundToClosestMinute","locked":false},{"controlId":4361,"eventId":81,"stageId":1039,"type":"FlyingFinish","code":"SF4","location":"Bavella 2","timingPrecision":"Tenth","distance":null,"targetDuration":null,"targetDurationMs":null,"firstCarDueDateTime":null,"firstCarDueDateTimeLocal":null,"status":"Completed","controlPenalties":"None","roundingPolicy":"NoRounding","locked":false},{"controlId":4330,"eventId":81,"stageId":1029,"type":"TimeControl","code":"TC5","location":"Zerubia","timingPrecision":"Minute","distance":25.89,"targetDuration":"00:52:00","targetDurationMs":3120000,"firstCarDueDateTime":"2019-03-29T13:57:00","firstCarDueDateTimeLocal":"2019-03-29T14:57:00+01:00","status":"Completed","controlPenalties":"All","roundingPolicy":"NoRounding","locked":false},{"controlId":4343,"eventId":81,"stageId":1029,"type":"StageStart","code":"SS5","location":"Valinco 2","timingPrecision":"Minute","distance":25.94,"targetDuration":"00:03:00","targetDurationMs":180000,"firstCarDueDateTime":"2019-03-29T14:00:00","firstCarDueDateTimeLocal":"2019-03-29T15:00:00+01:00","status":"Completed","controlPenalties":"None","roundingPolicy":"RoundToClosestMinute","locked":false},{"controlId":4331,"eventId":81,"stageId":1029,"type":"FlyingFinish","code":"SF5","location":"Valinco 2","timingPrecision":"Tenth","distance":null,"targetDuration":null,"targetDurationMs":null,"firstCarDueDateTime":null,"firstCarDueDateTimeLocal":null,"status":"Completed","controlPenalties":"None","roundingPolicy":"NoRounding","locked":false},{"controlId":4332,"eventId":81,"stageId":1030,"type":"TimeControl","code":"TC6","location":"Chialza","timingPrecision":"Minute","distance":24.78,"targetDuration":"01:05:00","targetDurationMs":3900000,"firstCarDueDateTime":"2019-03-29T15:05:00","firstCarDueDateTimeLocal":"2019-03-29T16:05:00+01:00","status":"Completed","controlPenalties":"All","roundingPolicy":"NoRounding","locked":false},{"controlId":4333,"eventId":81,"stageId":1030,"type":"StageStart","code":"SS6","location":"Alta-Rocca 2","timingPrecision":"Minute","distance":17.37,"targetDuration":"00:03:00","targetDurationMs":180000,"firstCarDueDateTime":"2019-03-29T15:08:00","firstCarDueDateTimeLocal":"2019-03-29T16:08:00+01:00","status":"Completed","controlPenalties":"None","roundingPolicy":"RoundToClosestMinute","locked":false},{"controlId":4334,"eventId":81,"stageId":1030,"type":"FlyingFinish","code":"SF6","location":"Alta-Rocca 2","timingPrecision":"Tenth","distance":null,"targetDuration":null,"targetDurationMs":null,"firstCarDueDateTime":null,"firstCarDueDateTimeLocal":null,"status":"Completed","controlPenalties":"None","roundingPolicy":"NoRounding","locked":false},{"controlId":4320,"eventId":81,"stageId":null,"type":"TimeControl","code":"TC6A","location":"Technical Zone IN - Bastia airport","timingPrecision":"Minute","distance":155.09,"targetDuration":"03:20:00","targetDurationMs":12000000,"firstCarDueDateTime":"2019-03-29T18:28:00","firstCarDueDateTimeLocal":"2019-03-29T19:28:00+01:00","status":"Completed","controlPenalties":"All","roundingPolicy":"NoRounding","locked":false},{"controlId":4321,"eventId":81,"stageId":null,"type":"TimeControl","code":"TC6B","location":"Technical Zone OUT - Flexi Service IN","timingPrecision":"Minute","distance":null,"targetDuration":"00:10:00","targetDurationMs":600000,"firstCarDueDateTime":"2019-03-29T18:38:00","firstCarDueDateTimeLocal":"2019-03-29T19:38:00+01:00","status":"Completed","controlPenalties":"None","roundingPolicy":"NoRounding","locked":false},{"controlId":4327,"eventId":81,"stageId":null,"type":"TimeControl","code":"TC6C","location":"Flexi Service OUT & Parc Fermé IN - Bastia airport (early check-in allowed)","timingPrecision":"Minute","distance":null,"targetDuration":null,"targetDurationMs":null,"firstCarDueDateTime":null,"firstCarDueDateTimeLocal":null,"status":"Completed","controlPenalties":"None","roundingPolicy":"NoRounding","locked":false}],"stages":[{"stageId":1039,"eventId":81,"number":4,"name":"Bavella 2","distance":17.6,"status":"Completed","stageType":"SpecialStage","timingPrecision":"Tenth","locked":false,"code":"SS4"},{"stageId":1029,"eventId":81,"number":5,"name":"Valinco 2","distance":25.94,"status":"Completed","stageType":"SpecialStage","timingPrecision":"Tenth","locked":false,"code":"SS5"},{"stageId":1030,"eventId":81,"number":6,"name":"Alta-Rocca 2","distance":17.37,"status":"Completed","stageType":"SpecialStage","timingPrecision":"Tenth","locked":false,"code":"SS6"}],"itinerarySectionId":420,"itineraryLegId":182,"order":2,"name":"Section 2"}],"itineraryLegId":182,"itineraryId":161,"startListId":304,"name":"Friday 29th March","legDate":"2019-03-29","order":1,"status":"Completed"},{"itinerarySections":[{"controls":[{"controlId":4319,"eventId":81,"stageId":null,"type":"TimeControl","code":"TC6D","location":"Parc Fermé OUT & Service IN - Bastia airport","timingPrecision":"Minute","distance":null,"targetDuration":null,"targetDurationMs":null,"firstCarDueDateTime":"2019-03-30T05:05:00","firstCarDueDateTimeLocal":"2019-03-30T06:05:00+01:00","status":"Completed","controlPenalties":"All","roundingPolicy":"NoRounding","locked":false},{"controlId":4317,"eventId":81,"stageId":null,"type":"TimeControl","code":"TC6E","location":"Service OUT","timingPrecision":"Minute","distance":null,"targetDuration":"00:15:00","targetDurationMs":900000,"firstCarDueDateTime":"2019-03-30T05:20:00","firstCarDueDateTimeLocal":"2019-03-30T06:20:00+01:00","status":"Completed","controlPenalties":"All","roundingPolicy":"NoRounding","locked":false},{"controlId":4335,"eventId":81,"stageId":1036,"type":"TimeControl","code":"TC7","location":"Luri","timingPrecision":"Minute","distance":54.88,"targetDuration":"01:15:00","targetDurationMs":4500000,"firstCarDueDateTime":"2019-03-30T06:35:00","firstCarDueDateTimeLocal":"2019-03-30T07:35:00+01:00","status":"Completed","controlPenalties":"All","roundingPolicy":"NoRounding","locked":false},{"controlId":4336,"eventId":81,"stageId":1036,"type":"StageStart","code":"SS7","location":"Cap Corse 1","timingPrecision":"Minute","distance":25.62,"targetDuration":"00:03:00","targetDurationMs":180000,"firstCarDueDateTime":"2019-03-30T06:38:00","firstCarDueDateTimeLocal":"2019-03-30T07:38:00+01:00","status":"Completed","controlPenalties":"None","roundingPolicy":"RoundToClosestMinute","locked":false},{"controlId":4337,"eventId":81,"stageId":1036,"type":"FlyingFinish","code":"SF7","location":"Cap Corse 1","timingPrecision":"Tenth","distance":null,"targetDuration":null,"targetDurationMs":null,"firstCarDueDateTime":null,"firstCarDueDateTimeLocal":null,"status":"Completed","controlPenalties":"None","roundingPolicy":"NoRounding","locked":false},{"controlId":4338,"eventId":81,"stageId":1035,"type":"TimeControl","code":"TC8","location":"Casta","timingPrecision":"Minute","distance":43.55,"targetDuration":"01:24:00","targetDurationMs":5040000,"firstCarDueDateTime":"2019-03-30T08:02:00","firstCarDueDateTimeLocal":"2019-03-30T09:02:00+01:00","status":"Completed","controlPenalties":"All","roundingPolicy":"NoRounding","locked":false},{"controlId":4339,"eventId":81,"stageId":1035,"type":"StageStart","code":"SS8","location":"Désert des Agriates 1","timingPrecision":"Minute","distance":14.45,"targetDuration":"00:06:00","targetDurationMs":360000,"firstCarDueDateTime":"2019-03-30T08:08:00","firstCarDueDateTimeLocal":"2019-03-30T09:08:00+01:00","status":"Completed","controlPenalties":"None","roundingPolicy":"RoundToClosestMinute","locked":false},{"controlId":4340,"eventId":81,"stageId":1035,"type":"FlyingFinish","code":"SF8","location":"Désert des Agriates 1","timingPrecision":"Tenth","distance":null,"targetDuration":null,"targetDurationMs":null,"firstCarDueDateTime":null,"firstCarDueDateTimeLocal":null,"status":"Completed","controlPenalties":"None","roundingPolicy":"NoRounding","locked":false},{"controlId":4341,"eventId":81,"stageId":1031,"type":"TimeControl","code":"TC9","location":"Ponte-Leccia","timingPrecision":"Minute","distance":26.19,"targetDuration":"01:03:00","targetDurationMs":3780000,"firstCarDueDateTime":"2019-03-30T09:11:00","firstCarDueDateTimeLocal":"2019-03-30T10:11:00+01:00","status":"Completed","controlPenalties":"All","roundingPolicy":"NoRounding","locked":false},{"controlId":4342,"eventId":81,"stageId":1031,"type":"StageStart","code":"SS9","location":"Castagniccia 1","timingPrecision":"Minute","distance":47.18,"targetDuration":"00:03:00","targetDurationMs":180000,"firstCarDueDateTime":"2019-03-30T09:14:00","firstCarDueDateTimeLocal":"2019-03-30T10:14:00+01:00","status":"Interrupted","controlPenalties":"None","roundingPolicy":"RoundToClosestMinute","locked":false},{"controlId":4344,"eventId":81,"stageId":1031,"type":"FlyingFinish","code":"SF9","location":"Castagniccia 1","timingPrecision":"Tenth","distance":null,"targetDuration":null,"targetDurationMs":null,"firstCarDueDateTime":null,"firstCarDueDateTimeLocal":null,"status":"Interrupted","controlPenalties":"None","roundingPolicy":"NoRounding","locked":false},{"controlId":4305,"eventId":81,"stageId":null,"type":"RegroupIn","code":"TC9A","location":"Regroup & Technical zone IN - Bastia airport","timingPrecision":"Minute","distance":20.76,"targetDuration":"01:10:00","targetDurationMs":4200000,"firstCarDueDateTime":"2019-03-30T10:24:00","firstCarDueDateTimeLocal":"2019-03-30T11:24:00+01:00","status":"Completed","controlPenalties":"All","roundingPolicy":"NoRounding","locked":false}],"stages":[{"stageId":1036,"eventId":81,"number":7,"name":"Cap Corse 1","distance":25.62,"status":"Completed","stageType":"SpecialStage","timingPrecision":"Tenth","locked":false,"code":"SS7"},{"stageId":1035,"eventId":81,"number":8,"name":"Désert des Agriates 1","distance":14.45,"status":"Completed","stageType":"SpecialStage","timingPrecision":"Tenth","locked":false,"code":"SS8"},{"stageId":1031,"eventId":81,"number":9,"name":"Castagniccia 1","distance":47.18,"status":"Interrupted","stageType":"SpecialStage","timingPrecision":"Tenth","locked":false,"code":"SS9"}],"itinerarySectionId":421,"itineraryLegId":181,"order":3,"name":"Section 3"},{"controls":[{"controlId":4306,"eventId":81,"stageId":null,"type":"RegroupOut","code":"TC9B","location":"Regroup OUT - Service IN","timingPrecision":"Minute","distance":null,"targetDuration":"01:08:00","targetDurationMs":4080000,"firstCarDueDateTime":"2019-03-30T11:32:00","firstCarDueDateTimeLocal":"2019-03-30T12:32:00+01:00","status":"Completed","controlPenalties":"None","roundingPolicy":"NoRounding","locked":false},{"controlId":4307,"eventId":81,"stageId":null,"type":"TimeControl","code":"TC9C","location":"Service OUT","timingPrecision":"Minute","distance":null,"targetDuration":"00:40:00","targetDurationMs":2400000,"firstCarDueDateTime":"2019-03-30T12:12:00","firstCarDueDateTimeLocal":"2019-03-30T13:12:00+01:00","status":"Completed","controlPenalties":"All","roundingPolicy":"NoRounding","locked":false},{"controlId":4357,"eventId":81,"stageId":1026,"type":"TimeControl","code":"TC10","location":"Luri","timingPrecision":"Minute","distance":55.64,"targetDuration":"01:23:00","targetDurationMs":4980000,"firstCarDueDateTime":"2019-03-30T13:35:00","firstCarDueDateTimeLocal":"2019-03-30T14:35:00+01:00","status":"Completed","controlPenalties":"All","roundingPolicy":"NoRounding","locked":false},{"controlId":4345,"eventId":81,"stageId":1026,"type":"StageStart","code":"SS10","location":"Cap Corse 2","timingPrecision":"Minute","distance":25.62,"targetDuration":"00:03:00","targetDurationMs":180000,"firstCarDueDateTime":"2019-03-30T13:38:00","firstCarDueDateTimeLocal":"2019-03-30T14:38:00+01:00","status":"Completed","controlPenalties":"None","roundingPolicy":"RoundToClosestMinute","locked":false},{"controlId":4346,"eventId":81,"stageId":1026,"type":"FlyingFinish","code":"SF10","location":"Cap Corse 2","timingPrecision":"Tenth","distance":null,"targetDuration":null,"targetDurationMs":null,"firstCarDueDateTime":null,"firstCarDueDateTimeLocal":null,"status":"Completed","controlPenalties":"None","roundingPolicy":"NoRounding","locked":false},{"controlId":4347,"eventId":81,"stageId":1027,"type":"TimeControl","code":"TC11","location":"Casta","timingPrecision":"Minute","distance":43.55,"targetDuration":"01:24:00","targetDurationMs":5040000,"firstCarDueDateTime":"2019-03-30T15:02:00","firstCarDueDateTimeLocal":"2019-03-30T16:02:00+01:00","status":"Completed","controlPenalties":"All","roundingPolicy":"NoRounding","locked":false},{"controlId":4348,"eventId":81,"stageId":1027,"type":"StageStart","code":"SS11","location":"Désert des Agriates 2","timingPrecision":"Minute","distance":14.45,"targetDuration":"00:06:00","targetDurationMs":360000,"firstCarDueDateTime":"2019-03-30T15:08:00","firstCarDueDateTimeLocal":"2019-03-30T16:08:00+01:00","status":"Completed","controlPenalties":"None","roundingPolicy":"RoundToClosestMinute","locked":false},{"controlId":4349,"eventId":81,"stageId":1027,"type":"FlyingFinish","code":"SF11","location":"Désert des Agriates 2","timingPrecision":"Tenth","distance":null,"targetDuration":null,"targetDurationMs":null,"firstCarDueDateTime":null,"firstCarDueDateTimeLocal":null,"status":"Completed","controlPenalties":"None","roundingPolicy":"NoRounding","locked":false},{"controlId":4350,"eventId":81,"stageId":1028,"type":"TimeControl","code":"TC12","location":"Ponte-Leccia","timingPrecision":"Minute","distance":26.19,"targetDuration":"01:03:00","targetDurationMs":3780000,"firstCarDueDateTime":"2019-03-30T16:11:00","firstCarDueDateTimeLocal":"2019-03-30T17:11:00+01:00","status":"Completed","controlPenalties":"All","roundingPolicy":"NoRounding","locked":false},{"controlId":4351,"eventId":81,"stageId":1028,"type":"StageStart","code":"SS12","location":"Castagniccia 2","timingPrecision":"Minute","distance":47.18,"targetDuration":"00:03:00","targetDurationMs":180000,"firstCarDueDateTime":"2019-03-30T16:14:00","firstCarDueDateTimeLocal":"2019-03-30T17:14:00+01:00","status":"Interrupted","controlPenalties":"None","roundingPolicy":"RoundToClosestMinute","locked":false},{"controlId":4352,"eventId":81,"stageId":1028,"type":"FlyingFinish","code":"SF12","location":"Castagniccia 2","timingPrecision":"Tenth","distance":null,"targetDuration":null,"targetDurationMs":null,"firstCarDueDateTime":null,"firstCarDueDateTimeLocal":null,"status":"Interrupted","controlPenalties":"None","roundingPolicy":"NoRounding","locked":false},{"controlId":4308,"eventId":81,"stageId":null,"type":"TimeControl","code":"TC12A","location":"Technical Zone IN - Bastia airport","timingPrecision":"Minute","distance":20.76,"targetDuration":"01:10:00","targetDurationMs":4200000,"firstCarDueDateTime":"2019-03-30T17:24:00","firstCarDueDateTimeLocal":"2019-03-30T18:24:00+01:00","status":"Completed","controlPenalties":"All","roundingPolicy":"NoRounding","locked":false}],"stages":[{"stageId":1026,"eventId":81,"number":10,"name":"Cap Corse 2","distance":25.62,"status":"Completed","stageType":"SpecialStage","timingPrecision":"Tenth","locked":false,"code":"SS10"},{"stageId":1027,"eventId":81,"number":11,"name":"Désert des Agriates 2","distance":14.45,"status":"Completed","stageType":"SpecialStage","timingPrecision":"Tenth","locked":false,"code":"SS11"},{"stageId":1028,"eventId":81,"number":12,"name":"Castagniccia 2","distance":47.18,"status":"Interrupted","stageType":"SpecialStage","timingPrecision":"Tenth","locked":false,"code":"SS12"}],"itinerarySectionId":422,"itineraryLegId":181,"order":4,"name":"Section 4"},{"controls":[{"controlId":4309,"eventId":81,"stageId":1028,"type":"TimeControl","code":"TC12B","location":"Technical Zone OUT - Flexi Service IN","timingPrecision":"Minute","distance":null,"targetDuration":"00:10:00","targetDurationMs":600000,"firstCarDueDateTime":"2019-03-30T17:34:00","firstCarDueDateTimeLocal":"2019-03-30T18:34:00+01:00","status":"Completed","controlPenalties":"None","roundingPolicy":"NoRounding","locked":false},{"controlId":4310,"eventId":81,"stageId":null,"type":"TimeControl","code":"TC12C","location":"Flexi Service OUT","timingPrecision":"Minute","distance":null,"targetDuration":"00:45:00","targetDurationMs":2700000,"firstCarDueDateTime":"2019-03-30T18:19:00","firstCarDueDateTimeLocal":"2019-03-30T19:19:00+01:00","status":"Completed","controlPenalties":"None","roundingPolicy":"NoRounding","locked":false},{"controlId":4318,"eventId":81,"stageId":null,"type":"TimeControl","code":"TC12D","location":"Neutralisation IN - Bastia place Saint-Nicolas ","timingPrecision":"Minute","distance":23.16,"targetDuration":"00:45:00","targetDurationMs":2700000,"firstCarDueDateTime":"2019-03-30T19:04:00","firstCarDueDateTimeLocal":"2019-03-30T20:04:00+01:00","status":"Completed","controlPenalties":"None","roundingPolicy":"NoRounding","locked":false},{"controlId":4312,"eventId":81,"stageId":null,"type":"TimeControl","code":"TC12E","location":"Neutralisation OUT & Parc Fermé IN","timingPrecision":"Minute","distance":null,"targetDuration":"00:20:00","targetDurationMs":1200000,"firstCarDueDateTime":"2019-03-30T19:24:00","firstCarDueDateTimeLocal":"2019-03-30T20:24:00+01:00","status":"Completed","controlPenalties":"None","roundingPolicy":"NoRounding","locked":false}],"stages":[],"itinerarySectionId":423,"itineraryLegId":181,"order":5,"name":"Section 5"}],"itineraryLegId":181,"itineraryId":161,"startListId":308,"name":"Saturday 30th March","legDate":"2019-03-30","order":2,"status":"Completed"},{"itinerarySections":[{"controls":[{"controlId":4313,"eventId":81,"stageId":null,"type":"TimeControl","code":"TC12F","location":"Parc Fermé OUT - Bastia place Saint-Nicolas","timingPrecision":"Minute","distance":null,"targetDuration":null,"targetDurationMs":null,"firstCarDueDateTime":"2019-03-31T05:30:00","firstCarDueDateTimeLocal":"2019-03-31T07:30:00+02:00","status":"Completed","controlPenalties":"All","roundingPolicy":"NoRounding","locked":false},{"controlId":4314,"eventId":81,"stageId":null,"type":"TimeControl","code":"TC12G","location":"Service IN - Bastia airport","timingPrecision":"Minute","distance":22.93,"targetDuration":"00:40:00","targetDurationMs":2400000,"firstCarDueDateTime":"2019-03-31T06:10:00","firstCarDueDateTimeLocal":"2019-03-31T08:10:00+02:00","status":"Completed","controlPenalties":"All","roundingPolicy":"NoRounding","locked":false},{"controlId":4315,"eventId":81,"stageId":null,"type":"TimeControl","code":"TC12H","location":"Service OUT","timingPrecision":"Minute","distance":null,"targetDuration":"00:15:00","targetDurationMs":900000,"firstCarDueDateTime":"2019-03-31T06:25:00","firstCarDueDateTimeLocal":"2019-03-31T08:25:00+02:00","status":"Completed","controlPenalties":"All","roundingPolicy":"NoRounding","locked":false},{"controlId":4353,"eventId":81,"stageId":1037,"type":"TimeControl","code":"TC13","location":"Tesa","timingPrecision":"Minute","distance":67.15,"targetDuration":"01:17:00","targetDurationMs":4620000,"firstCarDueDateTime":"2019-03-31T07:42:00","firstCarDueDateTimeLocal":"2019-03-31T09:42:00+02:00","status":"Completed","controlPenalties":"All","roundingPolicy":"NoRounding","locked":false},{"controlId":4354,"eventId":81,"stageId":1037,"type":"StageStart","code":"SS13","location":"Eaux de Zilia","timingPrecision":"Minute","distance":31.85,"targetDuration":"00:03:00","targetDurationMs":180000,"firstCarDueDateTime":"2019-03-31T07:45:00","firstCarDueDateTimeLocal":"2019-03-31T09:45:00+02:00","status":"Completed","controlPenalties":"None","roundingPolicy":"RoundToClosestMinute","locked":false},{"controlId":4355,"eventId":81,"stageId":1037,"type":"FlyingFinish","code":"SF13","location":"Eaux de Zilia","timingPrecision":"Tenth","distance":null,"targetDuration":null,"targetDurationMs":null,"firstCarDueDateTime":null,"firstCarDueDateTimeLocal":null,"status":"Completed","controlPenalties":"None","roundingPolicy":"NoRounding","locked":false},{"controlId":4316,"eventId":81,"stageId":null,"type":"RegroupIn","code":"TC13A","location":"Regroup & Technical zone IN - Calvi Port","timingPrecision":"Minute","distance":11.71,"targetDuration":"01:00:00","targetDurationMs":3600000,"firstCarDueDateTime":"2019-03-31T08:45:00","firstCarDueDateTimeLocal":"2019-03-31T10:45:00+02:00","status":"Completed","controlPenalties":"All","roundingPolicy":"NoRounding","locked":false}],"stages":[{"stageId":1037,"eventId":81,"number":13,"name":"Eaux de Zilia","distance":31.85,"status":"Completed","stageType":"SpecialStage","timingPrecision":"Tenth","locked":false,"code":"SS13"}],"itinerarySectionId":424,"itineraryLegId":180,"order":6,"name":"Section 6"},{"controls":[{"controlId":4311,"eventId":81,"stageId":null,"type":"RegroupOut","code":"TC13B","location":"Regroup OUT","timingPrecision":"Minute","distance":null,"targetDuration":"00:45:00","targetDurationMs":2700000,"firstCarDueDateTime":"2019-03-31T09:30:00","firstCarDueDateTimeLocal":"2019-03-31T11:30:00+02:00","status":"Completed","controlPenalties":"None","roundingPolicy":"NoRounding","locked":false},{"controlId":4356,"eventId":81,"stageId":1038,"type":"TimeControl","code":"TC14","location":"L'Argentella","timingPrecision":"Minute","distance":38.43,"targetDuration":"00:45:00","targetDurationMs":2700000,"firstCarDueDateTime":"2019-03-31T10:15:00","firstCarDueDateTimeLocal":"2019-03-31T12:15:00+02:00","status":"Completed","controlPenalties":"All","roundingPolicy":"NoRounding","locked":false},{"controlId":4358,"eventId":81,"stageId":1038,"type":"StageStart","code":"SS14","location":"Calvi ( Power Stage )","timingPrecision":"Minute","distance":19.34,"targetDuration":"00:03:00","targetDurationMs":180000,"firstCarDueDateTime":"2019-03-31T10:18:00","firstCarDueDateTimeLocal":"2019-03-31T12:18:00+02:00","status":"Completed","controlPenalties":"None","roundingPolicy":"RoundToClosestMinute","locked":false},{"controlId":4359,"eventId":81,"stageId":1038,"type":"FlyingFinish","code":"SF14","location":"Calvi ( Power Stage )","timingPrecision":"Thousandth","distance":null,"targetDuration":null,"targetDurationMs":null,"firstCarDueDateTime":null,"firstCarDueDateTimeLocal":null,"status":"Completed","controlPenalties":"None","roundingPolicy":"NoRounding","locked":false},{"controlId":4329,"eventId":81,"stageId":null,"type":"TimeControl","code":"TC14A","location":"Finish - Holding IN - Calvi Citadelle - (early check-in allowed)","timingPrecision":"Minute","distance":2.79,"targetDuration":"01:00:00","targetDurationMs":3600000,"firstCarDueDateTime":"2019-03-31T11:18:00","firstCarDueDateTimeLocal":"2019-03-31T13:18:00+02:00","status":"Completed","controlPenalties":"Late","roundingPolicy":"NoRounding","locked":false}],"stages":[{"stageId":1038,"eventId":81,"number":14,"name":"Calvi ( Power Stage )","distance":19.34,"status":"Completed","stageType":"PowerStage","timingPrecision":"Thousandth","locked":false,"code":"SS14"}],"itinerarySectionId":425,"itineraryLegId":180,"order":7,"name":"Section 7"}],"itineraryLegId":180,"itineraryId":161,"startListId":311,"name":"Sunday 31st March","legDate":"2019-03-31","order":3,"status":"Completed"}],"itineraryId":161,"eventId":81,"name":"Itinerary","priority":1}