[{"startDateTime":"2019-06-16T09:15:00","startDateTimeLocal":"2019-06-16T11:15:00+02:00","stageTimeDurationMs":569200,"stageTimeDuration":"00:09:29.2000000","splitPointTimeId":82028,"splitPointId":2508,"entryId":19869,"elapsedDurationMs":368500,"elapsedDuration":"PT6M8.5S","splitDateTime":"2019-06-16T09:21:08.5","splitDateTimeLocal":"2019-06-16T11:21:08.5+02:00"},{"startDateTime":"2019-06-16T09:18:00","startDateTimeLocal":"2019-06-16T11:18:00+02:00","stageTimeDurationMs":542200,"stageTimeDuration":"00:09:02.2000000","splitPointTimeId":82031,"splitPointId":2508,"entryId":19872,"elapsedDurationMs":350100,"elapsedDuration":"PT5M50.1S","splitDateTime":"2019-06-16T09:23:50.1","splitDateTimeLocal":"2019-06-16T11:23:50.1+02:00"},{"startDateTime":"2019-06-16T09:21:00","startDateTimeLocal":"2019-06-16T11:21:00+02:00","stageTimeDurationMs":535200,"stageTimeDuration":"00:08:55.2000000","splitPointTimeId":82034,"splitPointId":2508,"entryId":19866,"elapsedDurationMs":345600,"elapsedDuration":"PT5M45.6S","splitDateTime":"2019-06-16T09:26:45.6","splitDateTimeLocal":"2019-06-16T11:26:45.6+02:00"},{"startDateTime":"2019-06-16T09:24:00","startDateTimeLocal":"2019-06-16T11:24:00+02:00","stageTimeDurationMs":589800,"stageTimeDuration":"00:09:49.8000000","splitPointTimeId":82038,"splitPointId":2508,"entryId":19863,"elapsedDurationMs":378700,"elapsedDuration":"PT6M18.7S","splitDateTime":"2019-06-16T09:30:18.7","splitDateTimeLocal":"2019-06-16T11:30:18.7+02:00"},{"startDateTime":"2019-06-16T09:27:00","startDateTimeLocal":"2019-06-16T11:27:00+02:00","stageTimeDurationMs":535300,"stageTimeDuration":"00:08:55.3000000","splitPointTimeId":82040,"splitPointId":2508,"entryId":19865,"elapsedDurationMs":344000,"elapsedDuration":"PT5M44S","splitDateTime":"2019-06-16T09:32:44","splitDateTimeLocal":"2019-06-16T11:32:44+02:00"},{"startDateTime":"2019-06-16T09:30:00","startDateTimeLocal":"2019-06-16T11:30:00+02:00","stageTimeDurationMs":533800,"stageTimeDuration":"00:08:53.8000000","splitPointTimeId":82043,"splitPointId":2508,"entryId":19870,"elapsedDurationMs":342500,"elapsedDuration":"PT5M42.5S","splitDateTime":"2019-06-16T09:35:42.5","splitDateTimeLocal":"2019-06-16T11:35:42.5+02:00"},{"startDateTime":"2019-06-16T09:33:00","startDateTimeLocal":"2019-06-16T11:33:00+02:00","stageTimeDurationMs":514800,"stageTimeDuration":"00:08:34.8000000","splitPointTimeId":82046,"splitPointId":2508,"entryId":19873,"elapsedDurationMs":332800,"elapsedDuration":"PT5M32.8S","splitDateTime":"2019-06-16T09:38:32.8","splitDateTimeLocal":"2019-06-16T11:38:32.8+02:00"},{"startDateTime":"2019-06-16T09:36:00","startDateTimeLocal":"2019-06-16T11:36:00+02:00","stageTimeDurationMs":518100,"stageTimeDuration":"00:08:38.1000000","splitPointTimeId":82049,"splitPointId":2508,"entryId":19871,"elapsedDurationMs":335100,"elapsedDuration":"PT5M35.1S","splitDateTime":"2019-06-16T09:41:35.1","splitDateTimeLocal":"2019-06-16T11:41:35.1+02:00"},{"startDateTime":"2019-06-16T09:39:00","startDateTimeLocal":"2019-06-16T11:39:00+02:00","stageTimeDurationMs":526600,"stageTimeDuration":"00:08:46.6000000","splitPointTimeId":82053,"splitPointId":2508,"entryId":19864,"elapsedDurationMs":340500,"elapsedDuration":"PT5M40.5S","splitDateTime":"2019-06-16T09:44:40.5","splitDateTimeLocal":"2019-06-16T11:44:40.5+02:00"},{"startDateTime":"2019-06-16T09:42:00","startDateTimeLocal":"2019-06-16T11:42:00+02:00","stageTimeDurationMs":518200,"stageTimeDuration":"00:08:38.2000000","splitPointTimeId":82055,"splitPointId":2508,"entryId":19867,"elapsedDurationMs":332700,"elapsedDuration":"PT5M32.7S","splitDateTime":"2019-06-16T09:47:32.7","splitDateTimeLocal":"2019-06-16T11:47:32.7+02:00"},{"startDateTime":"2019-06-16T09:45:00","startDateTimeLocal":"2019-06-16T11:45:00+02:00","stageTimeDurationMs":520200,"stageTimeDuration":"00:08:40.2000000","splitPointTimeId":82059,"splitPointId":2508,"entryId":19868,"elapsedDurationMs":334400,"elapsedDuration":"PT5M34.4S","splitDateTime":"2019-06-16T09:50:34.4","splitDateTimeLocal":"2019-06-16T11:50:34.4+02:00"},{"startDateTime":"2019-06-16T09:47:00","startDateTimeLocal":"2019-06-16T11:47:00+02:00","stageTimeDurationMs":546200,"stageTimeDuration":"00:09:06.2000000","splitPointTimeId":82062,"splitPointId":2508,"entryId":19875,"elapsedDurationMs":352300,"elapsedDuration":"PT5M52.3S","splitDateTime":"2019-06-16T09:52:52.3","splitDateTimeLocal":"2019-06-16T11:52:52.3+02:00"},{"startDateTime":"2019-06-16T09:49:00","startDateTimeLocal":"2019-06-16T11:49:00+02:00","stageTimeDurationMs":545300,"stageTimeDuration":"00:09:05.3000000","splitPointTimeId":82065,"splitPointId":2508,"entryId":19876,"elapsedDurationMs":351600,"elapsedDuration":"PT5M51.6S","splitDateTime":"2019-06-16T09:54:51.6","splitDateTimeLocal":"2019-06-16T11:54:51.6+02:00"},{"startDateTime":"2019-06-16T09:51:00","startDateTimeLocal":"2019-06-16T11:51:00+02:00","stageTimeDurationMs":538400,"stageTimeDuration":"00:08:58.4000000","splitPointTimeId":82068,"splitPointId":2508,"entryId":19874,"elapsedDurationMs":346000,"elapsedDuration":"PT5M46S","splitDateTime":"2019-06-16T09:56:46","splitDateTimeLocal":"2019-06-16T11:56:46+02:00"},{"startDateTime":"2019-06-16T09:53:00","startDateTimeLocal":"2019-06-16T11:53:00+02:00","stageTimeDurationMs":559100,"stageTimeDuration":"00:09:19.1000000","splitPointTimeId":82071,"splitPointId":2508,"entryId":19877,"elapsedDurationMs":359200,"elapsedDuration":"PT5M59.2S","splitDateTime":"2019-06-16T09:58:59.2","splitDateTimeLocal":"2019-06-16T11:58:59.2+02:00"},{"startDateTime":"2019-06-16T09:55:00","startDateTimeLocal":"2019-06-16T11:55:00+02:00","stageTimeDurationMs":566600,"stageTimeDuration":"00:09:26.6000000","splitPointTimeId":82074,"splitPointId":2508,"entryId":19888,"elapsedDurationMs":365800,"elapsedDuration":"PT6M5.8S","splitDateTime":"2019-06-16T10:01:05.8","splitDateTimeLocal":"2019-06-16T12:01:05.8+02:00"},{"startDateTime":"2019-06-16T09:57:00","startDateTimeLocal":"2019-06-16T11:57:00+02:00","stageTimeDurationMs":555100,"stageTimeDuration":"00:09:15.1000000","splitPointTimeId":82077,"splitPointId":2508,"entryId":19885,"elapsedDurationMs":358200,"elapsedDuration":"PT5M58.2S","splitDateTime":"2019-06-16T10:02:58.2","splitDateTimeLocal":"2019-06-16T12:02:58.2+02:00"},{"startDateTime":"2019-06-16T09:59:00","startDateTimeLocal":"2019-06-16T11:59:00+02:00","stageTimeDurationMs":556100,"stageTimeDuration":"00:09:16.1000000","splitPointTimeId":82080,"splitPointId":2508,"entryId":19889,"elapsedDurationMs":359200,"elapsedDuration":"PT5M59.2S","splitDateTime":"2019-06-16T10:04:59.2","splitDateTimeLocal":"2019-06-16T12:04:59.2+02:00"},{"startDateTime":"2019-06-16T10:01:00","startDateTimeLocal":"2019-06-16T12:01:00+02:00","stageTimeDurationMs":554700,"stageTimeDuration":"00:09:14.7000000","splitPointTimeId":82083,"splitPointId":2508,"entryId":19884,"elapsedDurationMs":357800,"elapsedDuration":"PT5M57.8S","splitDateTime":"2019-06-16T10:06:57.8","splitDateTimeLocal":"2019-06-16T12:06:57.8+02:00"},{"startDateTime":"2019-06-16T10:03:00","startDateTimeLocal":"2019-06-16T12:03:00+02:00","stageTimeDurationMs":563300,"stageTimeDuration":"00:09:23.3000000","splitPointTimeId":82086,"splitPointId":2508,"entryId":19879,"elapsedDurationMs":363500,"elapsedDuration":"PT6M3.5S","splitDateTime":"2019-06-16T10:09:03.5","splitDateTimeLocal":"2019-06-16T12:09:03.5+02:00"},{"startDateTime":"2019-06-16T10:05:00","startDateTimeLocal":"2019-06-16T12:05:00+02:00","stageTimeDurationMs":561100,"stageTimeDuration":"00:09:21.1000000","splitPointTimeId":82089,"splitPointId":2508,"entryId":19912,"elapsedDurationMs":362100,"elapsedDuration":"PT6M2.1S","splitDateTime":"2019-06-16T10:11:02.1","splitDateTimeLocal":"2019-06-16T12:11:02.1+02:00"},{"startDateTime":"2019-06-16T10:07:00","startDateTimeLocal":"2019-06-16T12:07:00+02:00","stageTimeDurationMs":552500,"stageTimeDuration":"00:09:12.5000000","splitPointTimeId":82092,"splitPointId":2508,"entryId":19911,"elapsedDurationMs":355100,"elapsedDuration":"PT5M55.1S","splitDateTime":"2019-06-16T10:12:55.1","splitDateTimeLocal":"2019-06-16T12:12:55.1+02:00"},{"startDateTime":"2019-06-16T10:09:00","startDateTimeLocal":"2019-06-16T12:09:00+02:00","stageTimeDurationMs":545900,"stageTimeDuration":"00:09:05.9000000","splitPointTimeId":82095,"splitPointId":2508,"entryId":19881,"elapsedDurationMs":351700,"elapsedDuration":"PT5M51.7S","splitDateTime":"2019-06-16T10:14:51.7","splitDateTimeLocal":"2019-06-16T12:14:51.7+02:00"},{"startDateTime":"2019-06-16T10:11:00","startDateTimeLocal":"2019-06-16T12:11:00+02:00","stageTimeDurationMs":600800,"stageTimeDuration":"00:10:00.8000000","splitPointTimeId":82098,"splitPointId":2508,"entryId":19893,"elapsedDurationMs":388800,"elapsedDuration":"PT6M28.8S","splitDateTime":"2019-06-16T10:17:28.8","splitDateTimeLocal":"2019-06-16T12:17:28.8+02:00"},{"startDateTime":"2019-06-16T10:13:00","startDateTimeLocal":"2019-06-16T12:13:00+02:00","stageTimeDurationMs":598800,"stageTimeDuration":"00:09:58.8000000","splitPointTimeId":82101,"splitPointId":2508,"entryId":19892,"elapsedDurationMs":385900,"elapsedDuration":"PT6M25.9S","splitDateTime":"2019-06-16T10:19:25.9","splitDateTimeLocal":"2019-06-16T12:19:25.9+02:00"},{"startDateTime":"2019-06-16T10:15:00","startDateTimeLocal":"2019-06-16T12:15:00+02:00","stageTimeDurationMs":620600,"stageTimeDuration":"00:10:20.6000000","splitPointTimeId":82105,"splitPointId":2508,"entryId":19891,"elapsedDurationMs":398300,"elapsedDuration":"PT6M38.3S","splitDateTime":"2019-06-16T10:21:38.3","splitDateTimeLocal":"2019-06-16T12:21:38.3+02:00"},{"startDateTime":"2019-06-16T10:17:00","startDateTimeLocal":"2019-06-16T12:17:00+02:00","stageTimeDurationMs":624300,"stageTimeDuration":"00:10:24.3000000","splitPointTimeId":82109,"splitPointId":2508,"entryId":19899,"elapsedDurationMs":401200,"elapsedDuration":"PT6M41.2S","splitDateTime":"2019-06-16T10:23:41.2","splitDateTimeLocal":"2019-06-16T12:23:41.2+02:00"},{"startDateTime":"2019-06-16T10:19:00","startDateTimeLocal":"2019-06-16T12:19:00+02:00","stageTimeDurationMs":616700,"stageTimeDuration":"00:10:16.7000000","splitPointTimeId":82113,"splitPointId":2508,"entryId":19894,"elapsedDurationMs":399400,"elapsedDuration":"PT6M39.4S","splitDateTime":"2019-06-16T10:25:39.4","splitDateTimeLocal":"2019-06-16T12:25:39.4+02:00"},{"startDateTime":"2019-06-16T10:21:00","startDateTimeLocal":"2019-06-16T12:21:00+02:00","stageTimeDurationMs":622100,"stageTimeDuration":"00:10:22.1000000","splitPointTimeId":82117,"splitPointId":2508,"entryId":19896,"elapsedDurationMs":404700,"elapsedDuration":"PT6M44.7S","splitDateTime":"2019-06-16T10:27:44.7","splitDateTimeLocal":"2019-06-16T12:27:44.7+02:00"},{"startDateTime":"2019-06-16T10:23:00","startDateTimeLocal":"2019-06-16T12:23:00+02:00","stageTimeDurationMs":627600,"stageTimeDuration":"00:10:27.6000000","splitPointTimeId":82121,"splitPointId":2508,"entryId":19900,"elapsedDurationMs":402900,"elapsedDuration":"PT6M42.9S","splitDateTime":"2019-06-16T10:29:42.9","splitDateTimeLocal":"2019-06-16T12:29:42.9+02:00"},{"startDateTime":"2019-06-16T10:25:00","startDateTimeLocal":"2019-06-16T12:25:00+02:00","stageTimeDurationMs":666500,"stageTimeDuration":"00:11:06.5000000","splitPointTimeId":82125,"splitPointId":2508,"entryId":19895,"elapsedDurationMs":430100,"elapsedDuration":"PT7M10.1S","splitDateTime":"2019-06-16T10:32:10.1","splitDateTimeLocal":"2019-06-16T12:32:10.1+02:00"},{"startDateTime":"2019-06-16T10:27:00","startDateTimeLocal":"2019-06-16T12:27:00+02:00","stageTimeDurationMs":656400,"stageTimeDuration":"00:10:56.4000000","splitPointTimeId":82127,"splitPointId":2508,"entryId":19898,"elapsedDurationMs":423700,"elapsedDuration":"PT7M3.7S","splitDateTime":"2019-06-16T10:34:03.7","splitDateTimeLocal":"2019-06-16T12:34:03.7+02:00"},{"startDateTime":"2019-06-16T10:30:00","startDateTimeLocal":"2019-06-16T12:30:00+02:00","stageTimeDurationMs":654800,"stageTimeDuration":"00:10:54.8000000","splitPointTimeId":82134,"splitPointId":2508,"entryId":19901,"elapsedDurationMs":421800,"elapsedDuration":"PT7M1.8S","splitDateTime":"2019-06-16T10:37:01.8","splitDateTimeLocal":"2019-06-16T12:37:01.8+02:00"},{"startDateTime":"2019-06-16T10:32:00","startDateTimeLocal":"2019-06-16T12:32:00+02:00","stageTimeDurationMs":611600,"stageTimeDuration":"00:10:11.6000000","splitPointTimeId":82137,"splitPointId":2508,"entryId":19945,"elapsedDurationMs":394200,"elapsedDuration":"PT6M34.2S","splitDateTime":"2019-06-16T10:38:34.2","splitDateTimeLocal":"2019-06-16T12:38:34.2+02:00"},{"startDateTime":"2019-06-16T10:34:00","startDateTimeLocal":"2019-06-16T12:34:00+02:00","stageTimeDurationMs":598100,"stageTimeDuration":"00:09:58.1000000","splitPointTimeId":82141,"splitPointId":2508,"entryId":19907,"elapsedDurationMs":378200,"elapsedDuration":"PT6M18.2S","splitDateTime":"2019-06-16T10:40:18.2","splitDateTimeLocal":"2019-06-16T12:40:18.2+02:00"},{"startDateTime":"2019-06-16T10:36:00","startDateTimeLocal":"2019-06-16T12:36:00+02:00","stageTimeDurationMs":618700,"stageTimeDuration":"00:10:18.7000000","splitPointTimeId":82146,"splitPointId":2508,"entryId":19906,"elapsedDurationMs":399500,"elapsedDuration":"PT6M39.5S","splitDateTime":"2019-06-16T10:42:39.5","splitDateTimeLocal":"2019-06-16T12:42:39.5+02:00"},{"startDateTime":"2019-06-16T10:38:00","startDateTimeLocal":"2019-06-16T12:38:00+02:00","stageTimeDurationMs":653000,"stageTimeDuration":"00:10:53","splitPointTimeId":82150,"splitPointId":2508,"entryId":19902,"elapsedDurationMs":421900,"elapsedDuration":"PT7M1.9S","splitDateTime":"2019-06-16T10:45:01.9","splitDateTimeLocal":"2019-06-16T12:45:01.9+02:00"},{"startDateTime":"2019-06-16T10:40:00","startDateTimeLocal":"2019-06-16T12:40:00+02:00","stageTimeDurationMs":654200,"stageTimeDuration":"00:10:54.2000000","splitPointTimeId":82154,"splitPointId":2508,"entryId":19948,"elapsedDurationMs":423000,"elapsedDuration":"PT7M3S","splitDateTime":"2019-06-16T10:47:03","splitDateTimeLocal":"2019-06-16T12:47:03+02:00"},{"startDateTime":"2019-06-16T10:43:00","startDateTimeLocal":"2019-06-16T12:43:00+02:00","stageTimeDurationMs":567200,"stageTimeDuration":"00:09:27.2000000","splitPointTimeId":82158,"splitPointId":2508,"entryId":19887,"elapsedDurationMs":365000,"elapsedDuration":"PT6M5S","splitDateTime":"2019-06-16T10:49:05","splitDateTimeLocal":"2019-06-16T12:49:05+02:00"},{"startDateTime":"2019-06-16T10:45:00","startDateTimeLocal":"2019-06-16T12:45:00+02:00","stageTimeDurationMs":548200,"stageTimeDuration":"00:09:08.2000000","splitPointTimeId":82162,"splitPointId":2508,"entryId":19883,"elapsedDurationMs":350900,"elapsedDuration":"PT5M50.9S","splitDateTime":"2019-06-16T10:50:50.9","splitDateTimeLocal":"2019-06-16T12:50:50.9+02:00"},{"startDateTime":"2019-06-16T10:47:00","startDateTimeLocal":"2019-06-16T12:47:00+02:00","stageTimeDurationMs":574600,"stageTimeDuration":"00:09:34.6000000","splitPointTimeId":82166,"splitPointId":2508,"entryId":19910,"elapsedDurationMs":370000,"elapsedDuration":"PT6M10S","splitDateTime":"2019-06-16T10:53:10","splitDateTimeLocal":"2019-06-16T12:53:10+02:00"},{"startDateTime":"2019-06-16T10:49:00","startDateTimeLocal":"2019-06-16T12:49:00+02:00","stageTimeDurationMs":559700,"stageTimeDuration":"00:09:19.7000000","splitPointTimeId":82169,"splitPointId":2508,"entryId":19913,"elapsedDurationMs":361000,"elapsedDuration":"PT6M1S","splitDateTime":"2019-06-16T10:55:01","splitDateTimeLocal":"2019-06-16T12:55:01+02:00"},{"startDateTime":"2019-06-16T10:51:00","startDateTimeLocal":"2019-06-16T12:51:00+02:00","stageTimeDurationMs":706000,"stageTimeDuration":"00:11:46","splitPointTimeId":82175,"splitPointId":2508,"entryId":19952,"elapsedDurationMs":455600,"elapsedDuration":"PT7M35.6S","splitDateTime":"2019-06-16T10:58:35.6","splitDateTimeLocal":"2019-06-16T12:58:35.6+02:00"},{"startDateTime":"2019-06-16T10:53:00","startDateTimeLocal":"2019-06-16T12:53:00+02:00","stageTimeDurationMs":784800,"stageTimeDuration":"00:13:04.8000000","splitPointTimeId":82180,"splitPointId":2508,"entryId":19931,"elapsedDurationMs":508500,"elapsedDuration":"PT8M28.5S","splitDateTime":"2019-06-16T11:01:28.5","splitDateTimeLocal":"2019-06-16T13:01:28.5+02:00"},{"startDateTime":"2019-06-16T10:55:00","startDateTimeLocal":"2019-06-16T12:55:00+02:00","stageTimeDurationMs":806000,"stageTimeDuration":"00:13:26","splitPointTimeId":82182,"splitPointId":2508,"entryId":19953,"elapsedDurationMs":518100,"elapsedDuration":"PT8M38.1S","splitDateTime":"2019-06-16T11:03:38.1","splitDateTimeLocal":"2019-06-16T13:03:38.1+02:00"},{"startDateTime":"2019-06-16T10:57:00","startDateTimeLocal":"2019-06-16T12:57:00+02:00","stageTimeDurationMs":694900,"stageTimeDuration":"00:11:34.9000000","splitPointTimeId":82185,"splitPointId":2508,"entryId":19927,"elapsedDurationMs":441300,"elapsedDuration":"PT7M21.3S","splitDateTime":"2019-06-16T11:04:21.3","splitDateTimeLocal":"2019-06-16T13:04:21.3+02:00"},{"startDateTime":"2019-06-16T10:59:00","startDateTimeLocal":"2019-06-16T12:59:00+02:00","stageTimeDurationMs":754500,"stageTimeDuration":"00:12:34.5000000","splitPointTimeId":82191,"splitPointId":2508,"entryId":19938,"elapsedDurationMs":489100,"elapsedDuration":"PT8M9.1S","splitDateTime":"2019-06-16T11:07:09.1","splitDateTimeLocal":"2019-06-16T13:07:09.1+02:00"},{"startDateTime":"2019-06-16T11:01:00","startDateTimeLocal":"2019-06-16T13:01:00+02:00","stageTimeDurationMs":755600,"stageTimeDuration":"00:12:35.6000000","splitPointTimeId":82194,"splitPointId":2508,"entryId":19940,"elapsedDurationMs":490300,"elapsedDuration":"PT8M10.3S","splitDateTime":"2019-06-16T11:09:10.3","splitDateTimeLocal":"2019-06-16T13:09:10.3+02:00"},{"startDateTime":"2019-06-16T11:03:00","startDateTimeLocal":"2019-06-16T13:03:00+02:00","stageTimeDurationMs":757100,"stageTimeDuration":"00:12:37.1000000","splitPointTimeId":82198,"splitPointId":2508,"entryId":19946,"elapsedDurationMs":491400,"elapsedDuration":"PT8M11.4S","splitDateTime":"2019-06-16T11:11:11.4","splitDateTimeLocal":"2019-06-16T13:11:11.4+02:00"},{"startDateTime":"2019-06-16T11:05:00","startDateTimeLocal":"2019-06-16T13:05:00+02:00","stageTimeDurationMs":689100,"stageTimeDuration":"00:11:29.1000000","splitPointTimeId":82200,"splitPointId":2508,"entryId":19949,"elapsedDurationMs":448700,"elapsedDuration":"PT7M28.7S","splitDateTime":"2019-06-16T11:12:28.7","splitDateTimeLocal":"2019-06-16T13:12:28.7+02:00"},{"startDateTime":"2019-06-16T11:07:00","startDateTimeLocal":"2019-06-16T13:07:00+02:00","stageTimeDurationMs":904800,"stageTimeDuration":"00:15:04.8000000","splitPointTimeId":82209,"splitPointId":2508,"entryId":19956,"elapsedDurationMs":579000,"elapsedDuration":"PT9M39S","splitDateTime":"2019-06-16T11:16:39","splitDateTimeLocal":"2019-06-16T13:16:39+02:00"},{"startDateTime":"2019-06-16T09:15:00","startDateTimeLocal":"2019-06-16T11:15:00+02:00","stageTimeDurationMs":569200,"stageTimeDuration":"00:09:29.2000000","splitPointTimeId":82030,"splitPointId":2509,"entryId":19869,"elapsedDurationMs":465000,"elapsedDuration":"PT7M45S","splitDateTime":"2019-06-16T09:22:45","splitDateTimeLocal":"2019-06-16T11:22:45+02:00"},{"startDateTime":"2019-06-16T09:18:00","startDateTimeLocal":"2019-06-16T11:18:00+02:00","stageTimeDurationMs":542200,"stageTimeDuration":"00:09:02.2000000","splitPointTimeId":82033,"splitPointId":2509,"entryId":19872,"elapsedDurationMs":440700,"elapsedDuration":"PT7M20.7S","splitDateTime":"2019-06-16T09:25:20.7","splitDateTimeLocal":"2019-06-16T11:25:20.7+02:00"},{"startDateTime":"2019-06-16T09:21:00","startDateTimeLocal":"2019-06-16T11:21:00+02:00","stageTimeDurationMs":535200,"stageTimeDuration":"00:08:55.2000000","splitPointTimeId":82036,"splitPointId":2509,"entryId":19866,"elapsedDurationMs":435300,"elapsedDuration":"PT7M15.3S","splitDateTime":"2019-06-16T09:28:15.3","splitDateTimeLocal":"2019-06-16T11:28:15.3+02:00"},{"startDateTime":"2019-06-16T09:24:00","startDateTimeLocal":"2019-06-16T11:24:00+02:00","stageTimeDurationMs":589800,"stageTimeDuration":"00:09:49.8000000","splitPointTimeId":82039,"splitPointId":2509,"entryId":19863,"elapsedDurationMs":478800,"elapsedDuration":"PT7M58.8S","splitDateTime":"2019-06-16T09:31:58.8","splitDateTimeLocal":"2019-06-16T11:31:58.8+02:00"},{"startDateTime":"2019-06-16T09:27:00","startDateTimeLocal":"2019-06-16T11:27:00+02:00","stageTimeDurationMs":535300,"stageTimeDuration":"00:08:55.3000000","splitPointTimeId":82042,"splitPointId":2509,"entryId":19865,"elapsedDurationMs":433500,"elapsedDuration":"PT7M13.5S","splitDateTime":"2019-06-16T09:34:13.5","splitDateTimeLocal":"2019-06-16T11:34:13.5+02:00"},{"startDateTime":"2019-06-16T09:30:00","startDateTimeLocal":"2019-06-16T11:30:00+02:00","stageTimeDurationMs":533800,"stageTimeDuration":"00:08:53.8000000","splitPointTimeId":82045,"splitPointId":2509,"entryId":19870,"elapsedDurationMs":432600,"elapsedDuration":"PT7M12.6S","splitDateTime":"2019-06-16T09:37:12.6","splitDateTimeLocal":"2019-06-16T11:37:12.6+02:00"},{"startDateTime":"2019-06-16T09:33:00","startDateTimeLocal":"2019-06-16T11:33:00+02:00","stageTimeDurationMs":514800,"stageTimeDuration":"00:08:34.8000000","splitPointTimeId":82048,"splitPointId":2509,"entryId":19873,"elapsedDurationMs":419700,"elapsedDuration":"PT6M59.7S","splitDateTime":"2019-06-16T09:39:59.7","splitDateTimeLocal":"2019-06-16T11:39:59.7+02:00"},{"startDateTime":"2019-06-16T09:36:00","startDateTimeLocal":"2019-06-16T11:36:00+02:00","stageTimeDurationMs":518100,"stageTimeDuration":"00:08:38.1000000","splitPointTimeId":82051,"splitPointId":2509,"entryId":19871,"elapsedDurationMs":421500,"elapsedDuration":"PT7M1.5S","splitDateTime":"2019-06-16T09:43:01.5","splitDateTimeLocal":"2019-06-16T11:43:01.5+02:00"},{"startDateTime":"2019-06-16T09:39:00","startDateTimeLocal":"2019-06-16T11:39:00+02:00","stageTimeDurationMs":526600,"stageTimeDuration":"00:08:46.6000000","splitPointTimeId":82054,"splitPointId":2509,"entryId":19864,"elapsedDurationMs":428900,"elapsedDuration":"PT7M8.9S","splitDateTime":"2019-06-16T09:46:08.9","splitDateTimeLocal":"2019-06-16T11:46:08.9+02:00"},{"startDateTime":"2019-06-16T09:42:00","startDateTimeLocal":"2019-06-16T11:42:00+02:00","stageTimeDurationMs":518200,"stageTimeDuration":"00:08:38.2000000","splitPointTimeId":82057,"splitPointId":2509,"entryId":19867,"elapsedDurationMs":420700,"elapsedDuration":"PT7M0.7S","splitDateTime":"2019-06-16T09:49:00.7","splitDateTimeLocal":"2019-06-16T11:49:00.7+02:00"},{"startDateTime":"2019-06-16T09:45:00","startDateTimeLocal":"2019-06-16T11:45:00+02:00","stageTimeDurationMs":520200,"stageTimeDuration":"00:08:40.2000000","splitPointTimeId":82060,"splitPointId":2509,"entryId":19868,"elapsedDurationMs":421600,"elapsedDuration":"PT7M1.6S","splitDateTime":"2019-06-16T09:52:01.6","splitDateTimeLocal":"2019-06-16T11:52:01.6+02:00"},{"startDateTime":"2019-06-16T09:47:00","startDateTimeLocal":"2019-06-16T11:47:00+02:00","stageTimeDurationMs":546200,"stageTimeDuration":"00:09:06.2000000","splitPointTimeId":82064,"splitPointId":2509,"entryId":19875,"elapsedDurationMs":444900,"elapsedDuration":"PT7M24.9S","splitDateTime":"2019-06-16T09:54:24.9","splitDateTimeLocal":"2019-06-16T11:54:24.9+02:00"},{"startDateTime":"2019-06-16T09:49:00","startDateTimeLocal":"2019-06-16T11:49:00+02:00","stageTimeDurationMs":545300,"stageTimeDuration":"00:09:05.3000000","splitPointTimeId":82066,"splitPointId":2509,"entryId":19876,"elapsedDurationMs":443200,"elapsedDuration":"PT7M23.2S","splitDateTime":"2019-06-16T09:56:23.2","splitDateTimeLocal":"2019-06-16T11:56:23.2+02:00"},{"startDateTime":"2019-06-16T09:51:00","startDateTimeLocal":"2019-06-16T11:51:00+02:00","stageTimeDurationMs":538400,"stageTimeDuration":"00:08:58.4000000","splitPointTimeId":82069,"splitPointId":2509,"entryId":19874,"elapsedDurationMs":437500,"elapsedDuration":"PT7M17.5S","splitDateTime":"2019-06-16T09:58:17.5","splitDateTimeLocal":"2019-06-16T11:58:17.5+02:00"},{"startDateTime":"2019-06-16T09:53:00","startDateTimeLocal":"2019-06-16T11:53:00+02:00","stageTimeDurationMs":559100,"stageTimeDuration":"00:09:19.1000000","splitPointTimeId":82073,"splitPointId":2509,"entryId":19877,"elapsedDurationMs":453600,"elapsedDuration":"PT7M33.6S","splitDateTime":"2019-06-16T10:00:33.6","splitDateTimeLocal":"2019-06-16T12:00:33.6+02:00"},{"startDateTime":"2019-06-16T09:55:00","startDateTimeLocal":"2019-06-16T11:55:00+02:00","stageTimeDurationMs":566600,"stageTimeDuration":"00:09:26.6000000","splitPointTimeId":82076,"splitPointId":2509,"entryId":19888,"elapsedDurationMs":461600,"elapsedDuration":"PT7M41.6S","splitDateTime":"2019-06-16T10:02:41.6","splitDateTimeLocal":"2019-06-16T12:02:41.6+02:00"},{"startDateTime":"2019-06-16T09:57:00","startDateTimeLocal":"2019-06-16T11:57:00+02:00","stageTimeDurationMs":555100,"stageTimeDuration":"00:09:15.1000000","splitPointTimeId":82079,"splitPointId":2509,"entryId":19885,"elapsedDurationMs":451900,"elapsedDuration":"PT7M31.9S","splitDateTime":"2019-06-16T10:04:31.9","splitDateTimeLocal":"2019-06-16T12:04:31.9+02:00"},{"startDateTime":"2019-06-16T09:59:00","startDateTimeLocal":"2019-06-16T11:59:00+02:00","stageTimeDurationMs":556100,"stageTimeDuration":"00:09:16.1000000","splitPointTimeId":82082,"splitPointId":2509,"entryId":19889,"elapsedDurationMs":452800,"elapsedDuration":"PT7M32.8S","splitDateTime":"2019-06-16T10:06:32.8","splitDateTimeLocal":"2019-06-16T12:06:32.8+02:00"},{"startDateTime":"2019-06-16T10:01:00","startDateTimeLocal":"2019-06-16T12:01:00+02:00","stageTimeDurationMs":554700,"stageTimeDuration":"00:09:14.7000000","splitPointTimeId":82084,"splitPointId":2509,"entryId":19884,"elapsedDurationMs":451600,"elapsedDuration":"PT7M31.6S","splitDateTime":"2019-06-16T10:08:31.6","splitDateTimeLocal":"2019-06-16T12:08:31.6+02:00"},{"startDateTime":"2019-06-16T10:03:00","startDateTimeLocal":"2019-06-16T12:03:00+02:00","stageTimeDurationMs":563300,"stageTimeDuration":"00:09:23.3000000","splitPointTimeId":82088,"splitPointId":2509,"entryId":19879,"elapsedDurationMs":458300,"elapsedDuration":"PT7M38.3S","splitDateTime":"2019-06-16T10:10:38.3","splitDateTimeLocal":"2019-06-16T12:10:38.3+02:00"},{"startDateTime":"2019-06-16T10:05:00","startDateTimeLocal":"2019-06-16T12:05:00+02:00","stageTimeDurationMs":561100,"stageTimeDuration":"00:09:21.1000000","splitPointTimeId":82091,"splitPointId":2509,"entryId":19912,"elapsedDurationMs":456700,"elapsedDuration":"PT7M36.7S","splitDateTime":"2019-06-16T10:12:36.7","splitDateTimeLocal":"2019-06-16T12:12:36.7+02:00"},{"startDateTime":"2019-06-16T10:07:00","startDateTimeLocal":"2019-06-16T12:07:00+02:00","stageTimeDurationMs":552500,"stageTimeDuration":"00:09:12.5000000","splitPointTimeId":82093,"splitPointId":2509,"entryId":19911,"elapsedDurationMs":447700,"elapsedDuration":"PT7M27.7S","splitDateTime":"2019-06-16T10:14:27.7","splitDateTimeLocal":"2019-06-16T12:14:27.7+02:00"},{"startDateTime":"2019-06-16T10:09:00","startDateTimeLocal":"2019-06-16T12:09:00+02:00","stageTimeDurationMs":545900,"stageTimeDuration":"00:09:05.9000000","splitPointTimeId":82096,"splitPointId":2509,"entryId":19881,"elapsedDurationMs":443800,"elapsedDuration":"PT7M23.8S","splitDateTime":"2019-06-16T10:16:23.8","splitDateTimeLocal":"2019-06-16T12:16:23.8+02:00"},{"startDateTime":"2019-06-16T10:11:00","startDateTimeLocal":"2019-06-16T12:11:00+02:00","stageTimeDurationMs":600800,"stageTimeDuration":"00:10:00.8000000","splitPointTimeId":82100,"splitPointId":2509,"entryId":19893,"elapsedDurationMs":490500,"elapsedDuration":"PT8M10.5S","splitDateTime":"2019-06-16T10:19:10.5","splitDateTimeLocal":"2019-06-16T12:19:10.5+02:00"},{"startDateTime":"2019-06-16T10:13:00","startDateTimeLocal":"2019-06-16T12:13:00+02:00","stageTimeDurationMs":598800,"stageTimeDuration":"00:09:58.8000000","splitPointTimeId":82104,"splitPointId":2509,"entryId":19892,"elapsedDurationMs":488200,"elapsedDuration":"PT8M8.2S","splitDateTime":"2019-06-16T10:21:08.2","splitDateTimeLocal":"2019-06-16T12:21:08.2+02:00"},{"startDateTime":"2019-06-16T10:15:00","startDateTimeLocal":"2019-06-16T12:15:00+02:00","stageTimeDurationMs":620600,"stageTimeDuration":"00:10:20.6000000","splitPointTimeId":82108,"splitPointId":2509,"entryId":19891,"elapsedDurationMs":504600,"elapsedDuration":"PT8M24.6S","splitDateTime":"2019-06-16T10:23:24.6","splitDateTimeLocal":"2019-06-16T12:23:24.6+02:00"},{"startDateTime":"2019-06-16T10:17:00","startDateTimeLocal":"2019-06-16T12:17:00+02:00","stageTimeDurationMs":624300,"stageTimeDuration":"00:10:24.3000000","splitPointTimeId":82112,"splitPointId":2509,"entryId":19899,"elapsedDurationMs":507100,"elapsedDuration":"PT8M27.1S","splitDateTime":"2019-06-16T10:25:27.1","splitDateTimeLocal":"2019-06-16T12:25:27.1+02:00"},{"startDateTime":"2019-06-16T10:19:00","startDateTimeLocal":"2019-06-16T12:19:00+02:00","stageTimeDurationMs":616700,"stageTimeDuration":"00:10:16.7000000","splitPointTimeId":82116,"splitPointId":2509,"entryId":19894,"elapsedDurationMs":503000,"elapsedDuration":"PT8M23S","splitDateTime":"2019-06-16T10:27:23","splitDateTimeLocal":"2019-06-16T12:27:23+02:00"},{"startDateTime":"2019-06-16T10:21:00","startDateTimeLocal":"2019-06-16T12:21:00+02:00","stageTimeDurationMs":622100,"stageTimeDuration":"00:10:22.1000000","splitPointTimeId":82120,"splitPointId":2509,"entryId":19896,"elapsedDurationMs":509000,"elapsedDuration":"PT8M29S","splitDateTime":"2019-06-16T10:29:29","splitDateTimeLocal":"2019-06-16T12:29:29+02:00"},{"startDateTime":"2019-06-16T10:23:00","startDateTimeLocal":"2019-06-16T12:23:00+02:00","stageTimeDurationMs":627600,"stageTimeDuration":"00:10:27.6000000","splitPointTimeId":82124,"splitPointId":2509,"entryId":19900,"elapsedDurationMs":510600,"elapsedDuration":"PT8M30.6S","splitDateTime":"2019-06-16T10:31:30.6","splitDateTimeLocal":"2019-06-16T12:31:30.6+02:00"},{"startDateTime":"2019-06-16T10:25:00","startDateTimeLocal":"2019-06-16T12:25:00+02:00","stageTimeDurationMs":666500,"stageTimeDuration":"00:11:06.5000000","splitPointTimeId":82128,"splitPointId":2509,"entryId":19895,"elapsedDurationMs":542400,"elapsedDuration":"PT9M2.4S","splitDateTime":"2019-06-16T10:34:02.4","splitDateTimeLocal":"2019-06-16T12:34:02.4+02:00"},{"startDateTime":"2019-06-16T10:27:00","startDateTimeLocal":"2019-06-16T12:27:00+02:00","stageTimeDurationMs":656400,"stageTimeDuration":"00:10:56.4000000","splitPointTimeId":82132,"splitPointId":2509,"entryId":19898,"elapsedDurationMs":534100,"elapsedDuration":"PT8M54.1S","splitDateTime":"2019-06-16T10:35:54.1","splitDateTimeLocal":"2019-06-16T12:35:54.1+02:00"},{"startDateTime":"2019-06-16T10:30:00","startDateTimeLocal":"2019-06-16T12:30:00+02:00","stageTimeDurationMs":654800,"stageTimeDuration":"00:10:54.8000000","splitPointTimeId":82138,"splitPointId":2509,"entryId":19901,"elapsedDurationMs":534200,"elapsedDuration":"PT8M54.2S","splitDateTime":"2019-06-16T10:38:54.2","splitDateTimeLocal":"2019-06-16T12:38:54.2+02:00"},{"startDateTime":"2019-06-16T10:32:00","startDateTimeLocal":"2019-06-16T12:32:00+02:00","stageTimeDurationMs":611600,"stageTimeDuration":"00:10:11.6000000","splitPointTimeId":82140,"splitPointId":2509,"entryId":19945,"elapsedDurationMs":497500,"elapsedDuration":"PT8M17.5S","splitDateTime":"2019-06-16T10:40:17.5","splitDateTimeLocal":"2019-06-16T12:40:17.5+02:00"},{"startDateTime":"2019-06-16T10:34:00","startDateTimeLocal":"2019-06-16T12:34:00+02:00","stageTimeDurationMs":598100,"stageTimeDuration":"00:09:58.1000000","splitPointTimeId":82143,"splitPointId":2509,"entryId":19907,"elapsedDurationMs":477300,"elapsedDuration":"PT7M57.3S","splitDateTime":"2019-06-16T10:41:57.3","splitDateTimeLocal":"2019-06-16T12:41:57.3+02:00"},{"startDateTime":"2019-06-16T10:36:00","startDateTimeLocal":"2019-06-16T12:36:00+02:00","stageTimeDurationMs":618700,"stageTimeDuration":"00:10:18.7000000","splitPointTimeId":82148,"splitPointId":2509,"entryId":19906,"elapsedDurationMs":504000,"elapsedDuration":"PT8M24S","splitDateTime":"2019-06-16T10:44:24","splitDateTimeLocal":"2019-06-16T12:44:24+02:00"},{"startDateTime":"2019-06-16T10:38:00","startDateTimeLocal":"2019-06-16T12:38:00+02:00","stageTimeDurationMs":653000,"stageTimeDuration":"00:10:53","splitPointTimeId":82153,"splitPointId":2509,"entryId":19902,"elapsedDurationMs":533400,"elapsedDuration":"PT8M53.4S","splitDateTime":"2019-06-16T10:46:53.4","splitDateTimeLocal":"2019-06-16T12:46:53.4+02:00"},{"startDateTime":"2019-06-16T10:40:00","startDateTimeLocal":"2019-06-16T12:40:00+02:00","stageTimeDurationMs":654200,"stageTimeDuration":"00:10:54.2000000","splitPointTimeId":82157,"splitPointId":2509,"entryId":19948,"elapsedDurationMs":533200,"elapsedDuration":"PT8M53.2S","splitDateTime":"2019-06-16T10:48:53.2","splitDateTimeLocal":"2019-06-16T12:48:53.2+02:00"},{"startDateTime":"2019-06-16T10:43:00","startDateTimeLocal":"2019-06-16T12:43:00+02:00","stageTimeDurationMs":567200,"stageTimeDuration":"00:09:27.2000000","splitPointTimeId":82161,"splitPointId":2509,"entryId":19887,"elapsedDurationMs":460600,"elapsedDuration":"PT7M40.6S","splitDateTime":"2019-06-16T10:50:40.6","splitDateTimeLocal":"2019-06-16T12:50:40.6+02:00"},{"startDateTime":"2019-06-16T10:45:00","startDateTimeLocal":"2019-06-16T12:45:00+02:00","stageTimeDurationMs":548200,"stageTimeDuration":"00:09:08.2000000","splitPointTimeId":82163,"splitPointId":2509,"entryId":19883,"elapsedDurationMs":444300,"elapsedDuration":"PT7M24.3S","splitDateTime":"2019-06-16T10:52:24.3","splitDateTimeLocal":"2019-06-16T12:52:24.3+02:00"},{"startDateTime":"2019-06-16T10:47:00","startDateTimeLocal":"2019-06-16T12:47:00+02:00","stageTimeDurationMs":574600,"stageTimeDuration":"00:09:34.6000000","splitPointTimeId":82168,"splitPointId":2509,"entryId":19910,"elapsedDurationMs":467100,"elapsedDuration":"PT7M47.1S","splitDateTime":"2019-06-16T10:54:47.1","splitDateTimeLocal":"2019-06-16T12:54:47.1+02:00"},{"startDateTime":"2019-06-16T10:49:00","startDateTimeLocal":"2019-06-16T12:49:00+02:00","stageTimeDurationMs":559700,"stageTimeDuration":"00:09:19.7000000","splitPointTimeId":82171,"splitPointId":2509,"entryId":19913,"elapsedDurationMs":454700,"elapsedDuration":"PT7M34.7S","splitDateTime":"2019-06-16T10:56:34.7","splitDateTimeLocal":"2019-06-16T12:56:34.7+02:00"},{"startDateTime":"2019-06-16T10:51:00","startDateTimeLocal":"2019-06-16T12:51:00+02:00","stageTimeDurationMs":706000,"stageTimeDuration":"00:11:46","splitPointTimeId":82177,"splitPointId":2509,"entryId":19952,"elapsedDurationMs":577300,"elapsedDuration":"PT9M37.3S","splitDateTime":"2019-06-16T11:00:37.3","splitDateTimeLocal":"2019-06-16T13:00:37.3+02:00"},{"startDateTime":"2019-06-16T10:53:00","startDateTimeLocal":"2019-06-16T12:53:00+02:00","stageTimeDurationMs":784800,"stageTimeDuration":"00:13:04.8000000","splitPointTimeId":82183,"splitPointId":2509,"entryId":19931,"elapsedDurationMs":640000,"elapsedDuration":"PT10M40S","splitDateTime":"2019-06-16T11:03:40","splitDateTimeLocal":"2019-06-16T13:03:40+02:00"},{"startDateTime":"2019-06-16T10:55:00","startDateTimeLocal":"2019-06-16T12:55:00+02:00","stageTimeDurationMs":806000,"stageTimeDuration":"00:13:26","splitPointTimeId":82188,"splitPointId":2509,"entryId":19953,"elapsedDurationMs":657100,"elapsedDuration":"PT10M57.1S","splitDateTime":"2019-06-16T11:05:57.1","splitDateTimeLocal":"2019-06-16T13:05:57.1+02:00"},{"startDateTime":"2019-06-16T10:57:00","startDateTimeLocal":"2019-06-16T12:57:00+02:00","stageTimeDurationMs":694900,"stageTimeDuration":"00:11:34.9000000","splitPointTimeId":82189,"splitPointId":2509,"entryId":19927,"elapsedDurationMs":557400,"elapsedDuration":"PT9M17.4S","splitDateTime":"2019-06-16T11:06:17.4","splitDateTimeLocal":"2019-06-16T13:06:17.4+02:00"},{"startDateTime":"2019-06-16T10:59:00","startDateTimeLocal":"2019-06-16T12:59:00+02:00","stageTimeDurationMs":754500,"stageTimeDuration":"00:12:34.5000000","splitPointTimeId":82195,"splitPointId":2509,"entryId":19938,"elapsedDurationMs":615200,"elapsedDuration":"PT10M15.2S","splitDateTime":"2019-06-16T11:09:15.2","splitDateTimeLocal":"2019-06-16T13:09:15.2+02:00"},{"startDateTime":"2019-06-16T11:01:00","startDateTimeLocal":"2019-06-16T13:01:00+02:00","stageTimeDurationMs":755600,"stageTimeDuration":"00:12:35.6000000","splitPointTimeId":82199,"splitPointId":2509,"entryId":19940,"elapsedDurationMs":616700,"elapsedDuration":"PT10M16.7S","splitDateTime":"2019-06-16T11:11:16.7","splitDateTimeLocal":"2019-06-16T13:11:16.7+02:00"},{"startDateTime":"2019-06-16T11:03:00","startDateTimeLocal":"2019-06-16T13:03:00+02:00","stageTimeDurationMs":757100,"stageTimeDuration":"00:12:37.1000000","splitPointTimeId":82202,"splitPointId":2509,"entryId":19946,"elapsedDurationMs":618900,"elapsedDuration":"PT10M18.9S","splitDateTime":"2019-06-16T11:13:18.9","splitDateTimeLocal":"2019-06-16T13:13:18.9+02:00"},{"startDateTime":"2019-06-16T11:05:00","startDateTimeLocal":"2019-06-16T13:05:00+02:00","stageTimeDurationMs":689100,"stageTimeDuration":"00:11:29.1000000","splitPointTimeId":82204,"splitPointId":2509,"entryId":19949,"elapsedDurationMs":564200,"elapsedDuration":"PT9M24.2S","splitDateTime":"2019-06-16T11:14:24.2","splitDateTimeLocal":"2019-06-16T13:14:24.2+02:00"},{"startDateTime":"2019-06-16T11:07:00","startDateTimeLocal":"2019-06-16T13:07:00+02:00","stageTimeDurationMs":904800,"stageTimeDuration":"00:15:04.8000000","splitPointTimeId":82213,"splitPointId":2509,"entryId":19956,"elapsedDurationMs":733900,"elapsedDuration":"PT12M13.9S","splitDateTime":"2019-06-16T11:19:13.9","splitDateTimeLocal":"2019-06-16T13:19:13.9+02:00"},{"startDateTime":"2019-06-16T09:15:00","startDateTimeLocal":"2019-06-16T11:15:00+02:00","stageTimeDurationMs":569200,"stageTimeDuration":"00:09:29.2000000","splitPointTimeId":82026,"splitPointId":2511,"entryId":19869,"elapsedDurationMs":217300,"elapsedDuration":"PT3M37.3S","splitDateTime":"2019-06-16T09:18:37.3","splitDateTimeLocal":"2019-06-16T11:18:37.3+02:00"},{"startDateTime":"2019-06-16T09:18:00","startDateTimeLocal":"2019-06-16T11:18:00+02:00","stageTimeDurationMs":542200,"stageTimeDuration":"00:09:02.2000000","splitPointTimeId":82029,"splitPointId":2511,"entryId":19872,"elapsedDurationMs":203800,"elapsedDuration":"PT3M23.8S","splitDateTime":"2019-06-16T09:21:23.8","splitDateTimeLocal":"2019-06-16T11:21:23.8+02:00"},{"startDateTime":"2019-06-16T09:21:00","startDateTimeLocal":"2019-06-16T11:21:00+02:00","stageTimeDurationMs":535200,"stageTimeDuration":"00:08:55.2000000","splitPointTimeId":82032,"splitPointId":2511,"entryId":19866,"elapsedDurationMs":201400,"elapsedDuration":"PT3M21.4S","splitDateTime":"2019-06-16T09:24:21.4","splitDateTimeLocal":"2019-06-16T11:24:21.4+02:00"},{"startDateTime":"2019-06-16T09:24:00","startDateTimeLocal":"2019-06-16T11:24:00+02:00","stageTimeDurationMs":589800,"stageTimeDuration":"00:09:49.8000000","splitPointTimeId":82035,"splitPointId":2511,"entryId":19863,"elapsedDurationMs":223700,"elapsedDuration":"PT3M43.7S","splitDateTime":"2019-06-16T09:27:43.7","splitDateTimeLocal":"2019-06-16T11:27:43.7+02:00"},{"startDateTime":"2019-06-16T09:27:00","startDateTimeLocal":"2019-06-16T11:27:00+02:00","stageTimeDurationMs":535300,"stageTimeDuration":"00:08:55.3000000","splitPointTimeId":82037,"splitPointId":2511,"entryId":19865,"elapsedDurationMs":199900,"elapsedDuration":"PT3M19.9S","splitDateTime":"2019-06-16T09:30:19.9","splitDateTimeLocal":"2019-06-16T11:30:19.9+02:00"},{"startDateTime":"2019-06-16T09:30:00","startDateTimeLocal":"2019-06-16T11:30:00+02:00","stageTimeDurationMs":533800,"stageTimeDuration":"00:08:53.8000000","splitPointTimeId":82041,"splitPointId":2511,"entryId":19870,"elapsedDurationMs":200600,"elapsedDuration":"PT3M20.6S","splitDateTime":"2019-06-16T09:33:20.6","splitDateTimeLocal":"2019-06-16T11:33:20.6+02:00"},{"startDateTime":"2019-06-16T09:33:00","startDateTimeLocal":"2019-06-16T11:33:00+02:00","stageTimeDurationMs":514800,"stageTimeDuration":"00:08:34.8000000","splitPointTimeId":82044,"splitPointId":2511,"entryId":19873,"elapsedDurationMs":193600,"elapsedDuration":"PT3M13.6S","splitDateTime":"2019-06-16T09:36:13.6","splitDateTimeLocal":"2019-06-16T11:36:13.6+02:00"},{"startDateTime":"2019-06-16T09:36:00","startDateTimeLocal":"2019-06-16T11:36:00+02:00","stageTimeDurationMs":518100,"stageTimeDuration":"00:08:38.1000000","splitPointTimeId":82047,"splitPointId":2511,"entryId":19871,"elapsedDurationMs":195500,"elapsedDuration":"PT3M15.5S","splitDateTime":"2019-06-16T09:39:15.5","splitDateTimeLocal":"2019-06-16T11:39:15.5+02:00"},{"startDateTime":"2019-06-16T09:39:00","startDateTimeLocal":"2019-06-16T11:39:00+02:00","stageTimeDurationMs":526600,"stageTimeDuration":"00:08:46.6000000","splitPointTimeId":82050,"splitPointId":2511,"entryId":19864,"elapsedDurationMs":201500,"elapsedDuration":"PT3M21.5S","splitDateTime":"2019-06-16T09:42:21.5","splitDateTimeLocal":"2019-06-16T11:42:21.5+02:00"},{"startDateTime":"2019-06-16T09:42:00","startDateTimeLocal":"2019-06-16T11:42:00+02:00","stageTimeDurationMs":518200,"stageTimeDuration":"00:08:38.2000000","splitPointTimeId":82052,"splitPointId":2511,"entryId":19867,"elapsedDurationMs":194100,"elapsedDuration":"PT3M14.1S","splitDateTime":"2019-06-16T09:45:14.1","splitDateTimeLocal":"2019-06-16T11:45:14.1+02:00"},{"startDateTime":"2019-06-16T09:45:00","startDateTimeLocal":"2019-06-16T11:45:00+02:00","stageTimeDurationMs":520200,"stageTimeDuration":"00:08:40.2000000","splitPointTimeId":82056,"splitPointId":2511,"entryId":19868,"elapsedDurationMs":195000,"elapsedDuration":"PT3M15S","splitDateTime":"2019-06-16T09:48:15","splitDateTimeLocal":"2019-06-16T11:48:15+02:00"},{"startDateTime":"2019-06-16T09:47:00","startDateTimeLocal":"2019-06-16T11:47:00+02:00","stageTimeDurationMs":546200,"stageTimeDuration":"00:09:06.2000000","splitPointTimeId":82058,"splitPointId":2511,"entryId":19875,"elapsedDurationMs":204500,"elapsedDuration":"PT3M24.5S","splitDateTime":"2019-06-16T09:50:24.5","splitDateTimeLocal":"2019-06-16T11:50:24.5+02:00"},{"startDateTime":"2019-06-16T09:49:00","startDateTimeLocal":"2019-06-16T11:49:00+02:00","stageTimeDurationMs":545300,"stageTimeDuration":"00:09:05.3000000","splitPointTimeId":82061,"splitPointId":2511,"entryId":19876,"elapsedDurationMs":203300,"elapsedDuration":"PT3M23.3S","splitDateTime":"2019-06-16T09:52:23.3","splitDateTimeLocal":"2019-06-16T11:52:23.3+02:00"},{"startDateTime":"2019-06-16T09:51:00","startDateTimeLocal":"2019-06-16T11:51:00+02:00","stageTimeDurationMs":538400,"stageTimeDuration":"00:08:58.4000000","splitPointTimeId":82063,"splitPointId":2511,"entryId":19874,"elapsedDurationMs":201700,"elapsedDuration":"PT3M21.7S","splitDateTime":"2019-06-16T09:54:21.7","splitDateTimeLocal":"2019-06-16T11:54:21.7+02:00"},{"startDateTime":"2019-06-16T09:53:00","startDateTimeLocal":"2019-06-16T11:53:00+02:00","stageTimeDurationMs":559100,"stageTimeDuration":"00:09:19.1000000","splitPointTimeId":82067,"splitPointId":2511,"entryId":19877,"elapsedDurationMs":209400,"elapsedDuration":"PT3M29.4S","splitDateTime":"2019-06-16T09:56:29.4","splitDateTimeLocal":"2019-06-16T11:56:29.4+02:00"},{"startDateTime":"2019-06-16T09:55:00","startDateTimeLocal":"2019-06-16T11:55:00+02:00","stageTimeDurationMs":566600,"stageTimeDuration":"00:09:26.6000000","splitPointTimeId":82070,"splitPointId":2511,"entryId":19888,"elapsedDurationMs":213400,"elapsedDuration":"PT3M33.4S","splitDateTime":"2019-06-16T09:58:33.4","splitDateTimeLocal":"2019-06-16T11:58:33.4+02:00"},{"startDateTime":"2019-06-16T09:57:00","startDateTimeLocal":"2019-06-16T11:57:00+02:00","stageTimeDurationMs":555100,"stageTimeDuration":"00:09:15.1000000","splitPointTimeId":82072,"splitPointId":2511,"entryId":19885,"elapsedDurationMs":208300,"elapsedDuration":"PT3M28.3S","splitDateTime":"2019-06-16T10:00:28.3","splitDateTimeLocal":"2019-06-16T12:00:28.3+02:00"},{"startDateTime":"2019-06-16T09:59:00","startDateTimeLocal":"2019-06-16T11:59:00+02:00","stageTimeDurationMs":556100,"stageTimeDuration":"00:09:16.1000000","splitPointTimeId":82075,"splitPointId":2511,"entryId":19889,"elapsedDurationMs":209800,"elapsedDuration":"PT3M29.8S","splitDateTime":"2019-06-16T10:02:29.8","splitDateTimeLocal":"2019-06-16T12:02:29.8+02:00"},{"startDateTime":"2019-06-16T10:01:00","startDateTimeLocal":"2019-06-16T12:01:00+02:00","stageTimeDurationMs":554700,"stageTimeDuration":"00:09:14.7000000","splitPointTimeId":82078,"splitPointId":2511,"entryId":19884,"elapsedDurationMs":207300,"elapsedDuration":"PT3M27.3S","splitDateTime":"2019-06-16T10:04:27.3","splitDateTimeLocal":"2019-06-16T12:04:27.3+02:00"},{"startDateTime":"2019-06-16T10:03:00","startDateTimeLocal":"2019-06-16T12:03:00+02:00","stageTimeDurationMs":563300,"stageTimeDuration":"00:09:23.3000000","splitPointTimeId":82081,"splitPointId":2511,"entryId":19879,"elapsedDurationMs":211300,"elapsedDuration":"PT3M31.3S","splitDateTime":"2019-06-16T10:06:31.3","splitDateTimeLocal":"2019-06-16T12:06:31.3+02:00"},{"startDateTime":"2019-06-16T10:05:00","startDateTimeLocal":"2019-06-16T12:05:00+02:00","stageTimeDurationMs":561100,"stageTimeDuration":"00:09:21.1000000","splitPointTimeId":82085,"splitPointId":2511,"entryId":19912,"elapsedDurationMs":210800,"elapsedDuration":"PT3M30.8S","splitDateTime":"2019-06-16T10:08:30.8","splitDateTimeLocal":"2019-06-16T12:08:30.8+02:00"},{"startDateTime":"2019-06-16T10:07:00","startDateTimeLocal":"2019-06-16T12:07:00+02:00","stageTimeDurationMs":552500,"stageTimeDuration":"00:09:12.5000000","splitPointTimeId":82087,"splitPointId":2511,"entryId":19911,"elapsedDurationMs":206300,"elapsedDuration":"PT3M26.3S","splitDateTime":"2019-06-16T10:10:26.3","splitDateTimeLocal":"2019-06-16T12:10:26.3+02:00"},{"startDateTime":"2019-06-16T10:09:00","startDateTimeLocal":"2019-06-16T12:09:00+02:00","stageTimeDurationMs":545900,"stageTimeDuration":"00:09:05.9000000","splitPointTimeId":82090,"splitPointId":2511,"entryId":19881,"elapsedDurationMs":203400,"elapsedDuration":"PT3M23.4S","splitDateTime":"2019-06-16T10:12:23.4","splitDateTimeLocal":"2019-06-16T12:12:23.4+02:00"},{"startDateTime":"2019-06-16T10:11:00","startDateTimeLocal":"2019-06-16T12:11:00+02:00","stageTimeDurationMs":600800,"stageTimeDuration":"00:10:00.8000000","splitPointTimeId":82094,"splitPointId":2511,"entryId":19893,"elapsedDurationMs":227300,"elapsedDuration":"PT3M47.3S","splitDateTime":"2019-06-16T10:14:47.3","splitDateTimeLocal":"2019-06-16T12:14:47.3+02:00"},{"startDateTime":"2019-06-16T10:13:00","startDateTimeLocal":"2019-06-16T12:13:00+02:00","stageTimeDurationMs":598800,"stageTimeDuration":"00:09:58.8000000","splitPointTimeId":82097,"splitPointId":2511,"entryId":19892,"elapsedDurationMs":225300,"elapsedDuration":"PT3M45.3S","splitDateTime":"2019-06-16T10:16:45.3","splitDateTimeLocal":"2019-06-16T12:16:45.3+02:00"},{"startDateTime":"2019-06-16T10:15:00","startDateTimeLocal":"2019-06-16T12:15:00+02:00","stageTimeDurationMs":620600,"stageTimeDuration":"00:10:20.6000000","splitPointTimeId":82099,"splitPointId":2511,"entryId":19891,"elapsedDurationMs":233900,"elapsedDuration":"PT3M53.9S","splitDateTime":"2019-06-16T10:18:53.9","splitDateTimeLocal":"2019-06-16T12:18:53.9+02:00"},{"startDateTime":"2019-06-16T10:17:00","startDateTimeLocal":"2019-06-16T12:17:00+02:00","stageTimeDurationMs":624300,"stageTimeDuration":"00:10:24.3000000","splitPointTimeId":82102,"splitPointId":2511,"entryId":19899,"elapsedDurationMs":233900,"elapsedDuration":"PT3M53.9S","splitDateTime":"2019-06-16T10:20:53.9","splitDateTimeLocal":"2019-06-16T12:20:53.9+02:00"},{"startDateTime":"2019-06-16T10:19:00","startDateTimeLocal":"2019-06-16T12:19:00+02:00","stageTimeDurationMs":616700,"stageTimeDuration":"00:10:16.7000000","splitPointTimeId":82107,"splitPointId":2511,"entryId":19894,"elapsedDurationMs":236200,"elapsedDuration":"PT3M56.2S","splitDateTime":"2019-06-16T10:22:56.2","splitDateTimeLocal":"2019-06-16T12:22:56.2+02:00"},{"startDateTime":"2019-06-16T10:21:00","startDateTimeLocal":"2019-06-16T12:21:00+02:00","stageTimeDurationMs":622100,"stageTimeDuration":"00:10:22.1000000","splitPointTimeId":82110,"splitPointId":2511,"entryId":19896,"elapsedDurationMs":237600,"elapsedDuration":"PT3M57.6S","splitDateTime":"2019-06-16T10:24:57.6","splitDateTimeLocal":"2019-06-16T12:24:57.6+02:00"},{"startDateTime":"2019-06-16T10:23:00","startDateTimeLocal":"2019-06-16T12:23:00+02:00","stageTimeDurationMs":627600,"stageTimeDuration":"00:10:27.6000000","splitPointTimeId":82115,"splitPointId":2511,"entryId":19900,"elapsedDurationMs":236300,"elapsedDuration":"PT3M56.3S","splitDateTime":"2019-06-16T10:26:56.3","splitDateTimeLocal":"2019-06-16T12:26:56.3+02:00"},{"startDateTime":"2019-06-16T10:25:00","startDateTimeLocal":"2019-06-16T12:25:00+02:00","stageTimeDurationMs":666500,"stageTimeDuration":"00:11:06.5000000","splitPointTimeId":82119,"splitPointId":2511,"entryId":19895,"elapsedDurationMs":254700,"elapsedDuration":"PT4M14.7S","splitDateTime":"2019-06-16T10:29:14.7","splitDateTimeLocal":"2019-06-16T12:29:14.7+02:00"},{"startDateTime":"2019-06-16T10:27:00","startDateTimeLocal":"2019-06-16T12:27:00+02:00","stageTimeDurationMs":656400,"stageTimeDuration":"00:10:56.4000000","splitPointTimeId":82123,"splitPointId":2511,"entryId":19898,"elapsedDurationMs":247700,"elapsedDuration":"PT4M7.7S","splitDateTime":"2019-06-16T10:31:07.7","splitDateTimeLocal":"2019-06-16T12:31:07.7+02:00"},{"startDateTime":"2019-06-16T10:30:00","startDateTimeLocal":"2019-06-16T12:30:00+02:00","stageTimeDurationMs":654800,"stageTimeDuration":"00:10:54.8000000","splitPointTimeId":82129,"splitPointId":2511,"entryId":19901,"elapsedDurationMs":246100,"elapsedDuration":"PT4M6.1S","splitDateTime":"2019-06-16T10:34:06.1","splitDateTimeLocal":"2019-06-16T12:34:06.1+02:00"},{"startDateTime":"2019-06-16T10:32:00","startDateTimeLocal":"2019-06-16T12:32:00+02:00","stageTimeDurationMs":611600,"stageTimeDuration":"00:10:11.6000000","splitPointTimeId":82131,"splitPointId":2511,"entryId":19945,"elapsedDurationMs":230100,"elapsedDuration":"PT3M50.1S","splitDateTime":"2019-06-16T10:35:50.1","splitDateTimeLocal":"2019-06-16T12:35:50.1+02:00"},{"startDateTime":"2019-06-16T10:34:00","startDateTimeLocal":"2019-06-16T12:34:00+02:00","stageTimeDurationMs":598100,"stageTimeDuration":"00:09:58.1000000","splitPointTimeId":82135,"splitPointId":2511,"entryId":19907,"elapsedDurationMs":220800,"elapsedDuration":"PT3M40.8S","splitDateTime":"2019-06-16T10:37:40.8","splitDateTimeLocal":"2019-06-16T12:37:40.8+02:00"},{"startDateTime":"2019-06-16T10:36:00","startDateTimeLocal":"2019-06-16T12:36:00+02:00","stageTimeDurationMs":618700,"stageTimeDuration":"00:10:18.7000000","splitPointTimeId":82139,"splitPointId":2511,"entryId":19906,"elapsedDurationMs":232400,"elapsedDuration":"PT3M52.4S","splitDateTime":"2019-06-16T10:39:52.4","splitDateTimeLocal":"2019-06-16T12:39:52.4+02:00"},{"startDateTime":"2019-06-16T10:38:00","startDateTimeLocal":"2019-06-16T12:38:00+02:00","stageTimeDurationMs":653000,"stageTimeDuration":"00:10:53","splitPointTimeId":82145,"splitPointId":2511,"entryId":19902,"elapsedDurationMs":241800,"elapsedDuration":"PT4M1.8S","splitDateTime":"2019-06-16T10:42:01.8","splitDateTimeLocal":"2019-06-16T12:42:01.8+02:00"},{"startDateTime":"2019-06-16T10:40:00","startDateTimeLocal":"2019-06-16T12:40:00+02:00","stageTimeDurationMs":654200,"stageTimeDuration":"00:10:54.2000000","splitPointTimeId":82147,"splitPointId":2511,"entryId":19948,"elapsedDurationMs":248300,"elapsedDuration":"PT4M8.3S","splitDateTime":"2019-06-16T10:44:08.3","splitDateTimeLocal":"2019-06-16T12:44:08.3+02:00"},{"startDateTime":"2019-06-16T10:43:00","startDateTimeLocal":"2019-06-16T12:43:00+02:00","stageTimeDurationMs":567200,"stageTimeDuration":"00:09:27.2000000","splitPointTimeId":82152,"splitPointId":2511,"entryId":19887,"elapsedDurationMs":212000,"elapsedDuration":"PT3M32S","splitDateTime":"2019-06-16T10:46:32","splitDateTimeLocal":"2019-06-16T12:46:32+02:00"},{"startDateTime":"2019-06-16T10:45:00","startDateTimeLocal":"2019-06-16T12:45:00+02:00","stageTimeDurationMs":548200,"stageTimeDuration":"00:09:08.2000000","splitPointTimeId":82155,"splitPointId":2511,"entryId":19883,"elapsedDurationMs":202800,"elapsedDuration":"PT3M22.8S","splitDateTime":"2019-06-16T10:48:22.8","splitDateTimeLocal":"2019-06-16T12:48:22.8+02:00"},{"startDateTime":"2019-06-16T10:47:00","startDateTimeLocal":"2019-06-16T12:47:00+02:00","stageTimeDurationMs":574600,"stageTimeDuration":"00:09:34.6000000","splitPointTimeId":82160,"splitPointId":2511,"entryId":19910,"elapsedDurationMs":214900,"elapsedDuration":"PT3M34.9S","splitDateTime":"2019-06-16T10:50:34.9","splitDateTimeLocal":"2019-06-16T12:50:34.9+02:00"},{"startDateTime":"2019-06-16T10:49:00","startDateTimeLocal":"2019-06-16T12:49:00+02:00","stageTimeDurationMs":559700,"stageTimeDuration":"00:09:19.7000000","splitPointTimeId":82164,"splitPointId":2511,"entryId":19913,"elapsedDurationMs":209800,"elapsedDuration":"PT3M29.8S","splitDateTime":"2019-06-16T10:52:29.8","splitDateTimeLocal":"2019-06-16T12:52:29.8+02:00"},{"startDateTime":"2019-06-16T10:51:00","startDateTimeLocal":"2019-06-16T12:51:00+02:00","stageTimeDurationMs":706000,"stageTimeDuration":"00:11:46","splitPointTimeId":82170,"splitPointId":2511,"entryId":19952,"elapsedDurationMs":266000,"elapsedDuration":"PT4M26S","splitDateTime":"2019-06-16T10:55:26","splitDateTimeLocal":"2019-06-16T12:55:26+02:00"},{"startDateTime":"2019-06-16T10:53:00","startDateTimeLocal":"2019-06-16T12:53:00+02:00","stageTimeDurationMs":784800,"stageTimeDuration":"00:13:04.8000000","splitPointTimeId":82173,"splitPointId":2511,"entryId":19931,"elapsedDurationMs":302200,"elapsedDuration":"PT5M2.2S","splitDateTime":"2019-06-16T10:58:02.2","splitDateTimeLocal":"2019-06-16T12:58:02.2+02:00"},{"startDateTime":"2019-06-16T10:55:00","startDateTimeLocal":"2019-06-16T12:55:00+02:00","stageTimeDurationMs":806000,"stageTimeDuration":"00:13:26","splitPointTimeId":82176,"splitPointId":2511,"entryId":19953,"elapsedDurationMs":298800,"elapsedDuration":"PT4M58.8S","splitDateTime":"2019-06-16T10:59:58.8","splitDateTimeLocal":"2019-06-16T12:59:58.8+02:00"},{"startDateTime":"2019-06-16T10:57:00","startDateTimeLocal":"2019-06-16T12:57:00+02:00","stageTimeDurationMs":694900,"stageTimeDuration":"00:11:34.9000000","splitPointTimeId":82179,"splitPointId":2511,"entryId":19927,"elapsedDurationMs":255900,"elapsedDuration":"PT4M15.9S","splitDateTime":"2019-06-16T11:01:15.9","splitDateTimeLocal":"2019-06-16T13:01:15.9+02:00"},{"startDateTime":"2019-06-16T10:59:00","startDateTimeLocal":"2019-06-16T12:59:00+02:00","stageTimeDurationMs":754500,"stageTimeDuration":"00:12:34.5000000","splitPointTimeId":82184,"splitPointId":2511,"entryId":19938,"elapsedDurationMs":287800,"elapsedDuration":"PT4M47.8S","splitDateTime":"2019-06-16T11:03:47.8","splitDateTimeLocal":"2019-06-16T13:03:47.8+02:00"},{"startDateTime":"2019-06-16T11:01:00","startDateTimeLocal":"2019-06-16T13:01:00+02:00","stageTimeDurationMs":755600,"stageTimeDuration":"00:12:35.6000000","splitPointTimeId":82187,"splitPointId":2511,"entryId":19940,"elapsedDurationMs":283300,"elapsedDuration":"PT4M43.3S","splitDateTime":"2019-06-16T11:05:43.3","splitDateTimeLocal":"2019-06-16T13:05:43.3+02:00"},{"startDateTime":"2019-06-16T11:03:00","startDateTimeLocal":"2019-06-16T13:03:00+02:00","stageTimeDurationMs":757100,"stageTimeDuration":"00:12:37.1000000","splitPointTimeId":82192,"splitPointId":2511,"entryId":19946,"elapsedDurationMs":286300,"elapsedDuration":"PT4M46.3S","splitDateTime":"2019-06-16T11:07:46.3","splitDateTimeLocal":"2019-06-16T13:07:46.3+02:00"},{"startDateTime":"2019-06-16T11:05:00","startDateTimeLocal":"2019-06-16T13:05:00+02:00","stageTimeDurationMs":689100,"stageTimeDuration":"00:11:29.1000000","splitPointTimeId":82196,"splitPointId":2511,"entryId":19949,"elapsedDurationMs":262600,"elapsedDuration":"PT4M22.6S","splitDateTime":"2019-06-16T11:09:22.6","splitDateTimeLocal":"2019-06-16T13:09:22.6+02:00"},{"startDateTime":"2019-06-16T11:07:00","startDateTimeLocal":"2019-06-16T13:07:00+02:00","stageTimeDurationMs":904800,"stageTimeDuration":"00:15:04.8000000","splitPointTimeId":82201,"splitPointId":2511,"entryId":19956,"elapsedDurationMs":337700,"elapsedDuration":"PT5M37.7S","splitDateTime":"2019-06-16T11:12:37.7","splitDateTimeLocal":"2019-06-16T13:12:37.7+02:00"},{"startDateTime":"2019-06-16T11:09:00","startDateTimeLocal":"2019-06-16T13:09:00+02:00","stageTimeDurationMs":null,"stageTimeDuration":null,"splitPointTimeId":82205,"splitPointId":2511,"entryId":19954,"elapsedDurationMs":350900,"elapsedDuration":"PT5M50.9S","splitDateTime":"2019-06-16T11:14:50.9","splitDateTimeLocal":"2019-06-16T13:14:50.9+02:00"}]