[{"entryId":19572,"stageTimeMs":10165700,"stageTime":"PT2H49M25.7S","penaltyTimeMs":0,"penaltyTime":"PT0S","totalTimeMs":10165700,"totalTime":"PT2H49M25.7S","position":1,"diffFirstMs":0,"diffFirst":"PT0S","diffPrevMs":0,"diffPrev":"PT0S"},{"entryId":19568,"stageTimeMs":10195500,"stageTime":"PT2H49M55.5S","penaltyTimeMs":0,"penaltyTime":"PT0S","totalTimeMs":10195500,"totalTime":"PT2H49M55.5S","position":2,"diffFirstMs":29800,"diffFirst":"PT29.8S","diffPrevMs":29800,"diffPrev":"PT29.8S"},{"entryId":19575,"stageTimeMs":10196600,"stageTime":"PT2H49M56.6S","penaltyTimeMs":0,"penaltyTime":"PT0S","totalTimeMs":10196600,"totalTime":"PT2H49M56.6S","position":3,"diffFirstMs":30900,"diffFirst":"PT30.9S","diffPrevMs":1100,"diffPrev":"PT1.1S"},{"entryId":19576,"stageTimeMs":10236800,"stageTime":"PT2H50M36.8S","penaltyTimeMs":0,"penaltyTime":"PT0S","totalTimeMs":10236800,"totalTime":"PT2H50M36.8S","position":4,"diffFirstMs":71100,"diffFirst":"PT1M11.1S","diffPrevMs":40200,"diffPrev":"PT40.2S"},{"entryId":19569,"stageTimeMs":10348300,"stageTime":"PT2H52M28.3S","penaltyTimeMs":0,"penaltyTime":"PT0S","totalTimeMs":10348300,"totalTime":"PT2H52M28.3S","position":5,"diffFirstMs":182600,"diffFirst":"PT3M2.6S","diffPrevMs":111500,"diffPrev":"PT1M51.5S"},{"entryId":19570,"stageTimeMs":10362100,"stageTime":"PT2H52M42.1S","penaltyTimeMs":0,"penaltyTime":"PT0S","totalTimeMs":10362100,"totalTime":"PT2H52M42.1S","position":6,"diffFirstMs":196400,"diffFirst":"PT3M16.4S","diffPrevMs":13800,"diffPrev":"PT13.8S"},{"entryId":19578,"stageTimeMs":10393100,"stageTime":"PT2H53M13.1S","penaltyTimeMs":0,"penaltyTime":"PT0S","totalTimeMs":10393100,"totalTime":"PT2H53M13.1S","position":7,"diffFirstMs":227400,"diffFirst":"PT3M47.4S","diffPrevMs":31000,"diffPrev":"PT31S"},{"entryId":19580,"stageTimeMs":10565300,"stageTime":"PT2H56M5.3S","penaltyTimeMs":0,"penaltyTime":"PT0S","totalTimeMs":10565300,"totalTime":"PT2H56M5.3S","position":8,"diffFirstMs":399600,"diffFirst":"PT6M39.6S","diffPrevMs":172200,"diffPrev":"PT2M52.2S"},{"entryId":19581,"stageTimeMs":10598100,"stageTime":"PT2H56M38.1S","penaltyTimeMs":0,"penaltyTime":"PT0S","totalTimeMs":10598100,"totalTime":"PT2H56M38.1S","position":9,"diffFirstMs":432400,"diffFirst":"PT7M12.4S","diffPrevMs":32800,"diffPrev":"PT32.8S"},{"entryId":19571,"stageTimeMs":10601900,"stageTime":"PT2H56M41.9S","penaltyTimeMs":0,"penaltyTime":"PT0S","totalTimeMs":10601900,"totalTime":"PT2H56M41.9S","position":10,"diffFirstMs":436200,"diffFirst":"PT7M16.2S","diffPrevMs":3800,"diffPrev":"PT3.8S"},{"entryId":19577,"stageTimeMs":10758200,"stageTime":"PT2H59M18.2S","penaltyTimeMs":0,"penaltyTime":"PT0S","totalTimeMs":10758200,"totalTime":"PT2H59M18.2S","position":11,"diffFirstMs":592500,"diffFirst":"PT9M52.5S","diffPrevMs":156300,"diffPrev":"PT2M36.3S"},{"entryId":19579,"stageTimeMs":10765100,"stageTime":"PT2H59M25.1S","penaltyTimeMs":0,"penaltyTime":"PT0S","totalTimeMs":10765100,"totalTime":"PT2H59M25.1S","position":12,"diffFirstMs":599400,"diffFirst":"PT9M59.4S","diffPrevMs":6900,"diffPrev":"PT6.9S"},{"entryId":19573,"stageTimeMs":10791900,"stageTime":"PT2H59M51.9S","penaltyTimeMs":0,"penaltyTime":"PT0S","totalTimeMs":10791900,"totalTime":"PT2H59M51.9S","position":13,"diffFirstMs":626200,"diffFirst":"PT10M26.2S","diffPrevMs":26800,"diffPrev":"PT26.8S"},{"entryId":19586,"stageTimeMs":10843600,"stageTime":"PT3H43.6S","penaltyTimeMs":0,"penaltyTime":"PT0S","totalTimeMs":10843600,"totalTime":"PT3H43.6S","position":14,"diffFirstMs":677900,"diffFirst":"PT11M17.9S","diffPrevMs":51700,"diffPrev":"PT51.7S"},{"entryId":19582,"stageTimeMs":10851800,"stageTime":"PT3H51.8S","penaltyTimeMs":0,"penaltyTime":"PT0S","totalTimeMs":10851800,"totalTime":"PT3H51.8S","position":15,"diffFirstMs":686100,"diffFirst":"PT11M26.1S","diffPrevMs":8200,"diffPrev":"PT8.2S"},{"entryId":19584,"stageTimeMs":10860000,"stageTime":"PT3H1M","penaltyTimeMs":0,"penaltyTime":"PT0S","totalTimeMs":10860000,"totalTime":"PT3H1M","position":16,"diffFirstMs":694300,"diffFirst":"PT11M34.3S","diffPrevMs":8200,"diffPrev":"PT8.2S"},{"entryId":19583,"stageTimeMs":11011900,"stageTime":"PT3H3M31.9S","penaltyTimeMs":0,"penaltyTime":"PT0S","totalTimeMs":11011900,"totalTime":"PT3H3M31.9S","position":17,"diffFirstMs":846200,"diffFirst":"PT14M6.2S","diffPrevMs":151900,"diffPrev":"PT2M31.9S"},{"entryId":19600,"stageTimeMs":11017300,"stageTime":"PT3H3M37.3S","penaltyTimeMs":80000,"penaltyTime":"PT1M20S","totalTimeMs":11097300,"totalTime":"PT3H4M57.3S","position":18,"diffFirstMs":931600,"diffFirst":"PT15M31.6S","diffPrevMs":85400,"diffPrev":"PT1M25.4S"},{"entryId":19594,"stageTimeMs":11111900,"stageTime":"PT3H5M11.9S","penaltyTimeMs":0,"penaltyTime":"PT0S","totalTimeMs":11111900,"totalTime":"PT3H5M11.9S","position":19,"diffFirstMs":946200,"diffFirst":"PT15M46.2S","diffPrevMs":14600,"diffPrev":"PT14.6S"},{"entryId":19595,"stageTimeMs":11135100,"stageTime":"PT3H5M35.1S","penaltyTimeMs":0,"penaltyTime":"PT0S","totalTimeMs":11135100,"totalTime":"PT3H5M35.1S","position":20,"diffFirstMs":969400,"diffFirst":"PT16M9.4S","diffPrevMs":23200,"diffPrev":"PT23.2S"},{"entryId":19592,"stageTimeMs":11202700,"stageTime":"PT3H6M42.7S","penaltyTimeMs":0,"penaltyTime":"PT0S","totalTimeMs":11202700,"totalTime":"PT3H6M42.7S","position":21,"diffFirstMs":1037000,"diffFirst":"PT17M17S","diffPrevMs":67600,"diffPrev":"PT1M7.6S"},{"entryId":19591,"stageTimeMs":11272800,"stageTime":"PT3H7M52.8S","penaltyTimeMs":0,"penaltyTime":"PT0S","totalTimeMs":11272800,"totalTime":"PT3H7M52.8S","position":22,"diffFirstMs":1107100,"diffFirst":"PT18M27.1S","diffPrevMs":70100,"diffPrev":"PT1M10.1S"},{"entryId":19588,"stageTimeMs":11636900,"stageTime":"PT3H13M56.9S","penaltyTimeMs":0,"penaltyTime":"PT0S","totalTimeMs":11636900,"totalTime":"PT3H13M56.9S","position":23,"diffFirstMs":1471200,"diffFirst":"PT24M31.2S","diffPrevMs":364100,"diffPrev":"PT6M4.1S"},{"entryId":19599,"stageTimeMs":11816000,"stageTime":"PT3H16M56S","penaltyTimeMs":20000,"penaltyTime":"PT20S","totalTimeMs":11836000,"totalTime":"PT3H17M16S","position":24,"diffFirstMs":1670300,"diffFirst":"PT27M50.3S","diffPrevMs":199100,"diffPrev":"PT3M19.1S"},{"entryId":19602,"stageTimeMs":11922300,"stageTime":"PT3H18M42.3S","penaltyTimeMs":0,"penaltyTime":"PT0S","totalTimeMs":11922300,"totalTime":"PT3H18M42.3S","position":25,"diffFirstMs":1756600,"diffFirst":"PT29M16.6S","diffPrevMs":86300,"diffPrev":"PT1M26.3S"},{"entryId":19597,"stageTimeMs":12379600,"stageTime":"PT3H26M19.6S","penaltyTimeMs":0,"penaltyTime":"PT0S","totalTimeMs":12379600,"totalTime":"PT3H26M19.6S","position":26,"diffFirstMs":2213900,"diffFirst":"PT36M53.9S","diffPrevMs":457300,"diffPrev":"PT7M37.3S"},{"entryId":19625,"stageTimeMs":12746600,"stageTime":"PT3H32M26.6S","penaltyTimeMs":0,"penaltyTime":"PT0S","totalTimeMs":12746600,"totalTime":"PT3H32M26.6S","position":27,"diffFirstMs":2580900,"diffFirst":"PT43M0.9S","diffPrevMs":367000,"diffPrev":"PT6M7S"},{"entryId":19601,"stageTimeMs":12787700,"stageTime":"PT3H33M7.7S","penaltyTimeMs":0,"penaltyTime":"PT0S","totalTimeMs":12787700,"totalTime":"PT3H33M7.7S","position":28,"diffFirstMs":2622000,"diffFirst":"PT43M42S","diffPrevMs":41100,"diffPrev":"PT41.1S"},{"entryId":19624,"stageTimeMs":12799000,"stageTime":"PT3H33M19S","penaltyTimeMs":0,"penaltyTime":"PT0S","totalTimeMs":12799000,"totalTime":"PT3H33M19S","position":29,"diffFirstMs":2633300,"diffFirst":"PT43M53.3S","diffPrevMs":11300,"diffPrev":"PT11.3S"},{"entryId":19618,"stageTimeMs":13008700,"stageTime":"PT3H36M48.7S","penaltyTimeMs":0,"penaltyTime":"PT0S","totalTimeMs":13008700,"totalTime":"PT3H36M48.7S","position":30,"diffFirstMs":2843000,"diffFirst":"PT47M23S","diffPrevMs":209700,"diffPrev":"PT3M29.7S"},{"entryId":19612,"stageTimeMs":13090800,"stageTime":"PT3H38M10.8S","penaltyTimeMs":0,"penaltyTime":"PT0S","totalTimeMs":13090800,"totalTime":"PT3H38M10.8S","position":31,"diffFirstMs":2925100,"diffFirst":"PT48M45.1S","diffPrevMs":82100,"diffPrev":"PT1M22.1S"},{"entryId":19620,"stageTimeMs":13091600,"stageTime":"PT3H38M11.6S","penaltyTimeMs":0,"penaltyTime":"PT0S","totalTimeMs":13091600,"totalTime":"PT3H38M11.6S","position":32,"diffFirstMs":2925900,"diffFirst":"PT48M45.9S","diffPrevMs":800,"diffPrev":"PT0.8S"},{"entryId":19627,"stageTimeMs":13436400,"stageTime":"PT3H43M56.4S","penaltyTimeMs":0,"penaltyTime":"PT0S","totalTimeMs":13436400,"totalTime":"PT3H43M56.4S","position":33,"diffFirstMs":3270700,"diffFirst":"PT54M30.7S","diffPrevMs":344800,"diffPrev":"PT5M44.8S"},{"entryId":19587,"stageTimeMs":13583600,"stageTime":"PT3H46M23.6S","penaltyTimeMs":0,"penaltyTime":"PT0S","totalTimeMs":13583600,"totalTime":"PT3H46M23.6S","position":34,"diffFirstMs":3417900,"diffFirst":"PT56M57.9S","diffPrevMs":147200,"diffPrev":"PT2M27.2S"},{"entryId":19610,"stageTimeMs":13575500,"stageTime":"PT3H46M15.5S","penaltyTimeMs":10000,"penaltyTime":"PT10S","totalTimeMs":13585500,"totalTime":"PT3H46M25.5S","position":35,"diffFirstMs":3419800,"diffFirst":"PT56M59.8S","diffPrevMs":1900,"diffPrev":"PT1.9S"},{"entryId":19608,"stageTimeMs":13635700,"stageTime":"PT3H47M15.7S","penaltyTimeMs":0,"penaltyTime":"PT0S","totalTimeMs":13635700,"totalTime":"PT3H47M15.7S","position":36,"diffFirstMs":3470000,"diffFirst":"PT57M50S","diffPrevMs":50200,"diffPrev":"PT50.2S"},{"entryId":19593,"stageTimeMs":13899000,"stageTime":"PT3H51M39S","penaltyTimeMs":0,"penaltyTime":"PT0S","totalTimeMs":13899000,"totalTime":"PT3H51M39S","position":37,"diffFirstMs":3733300,"diffFirst":"PT1H2M13.3S","diffPrevMs":263300,"diffPrev":"PT4M23.3S"},{"entryId":19617,"stageTimeMs":14038700,"stageTime":"PT3H53M58.7S","penaltyTimeMs":60000,"penaltyTime":"PT1M","totalTimeMs":14098700,"totalTime":"PT3H54M58.7S","position":38,"diffFirstMs":3933000,"diffFirst":"PT1H5M33S","diffPrevMs":199700,"diffPrev":"PT3M19.7S"},{"entryId":19596,"stageTimeMs":14415400,"stageTime":"PT4H15.4S","penaltyTimeMs":0,"penaltyTime":"PT0S","totalTimeMs":14415400,"totalTime":"PT4H15.4S","position":39,"diffFirstMs":4249700,"diffFirst":"PT1H10M49.7S","diffPrevMs":316700,"diffPrev":"PT5M16.7S"},{"entryId":19629,"stageTimeMs":14739700,"stageTime":"PT4H5M39.7S","penaltyTimeMs":10000,"penaltyTime":"PT10S","totalTimeMs":14749700,"totalTime":"PT4H5M49.7S","position":40,"diffFirstMs":4584000,"diffFirst":"PT1H16M24S","diffPrevMs":334300,"diffPrev":"PT5M34.3S"}]