[{"stageTimeId":67919,"stageId":1127,"entryId":19575,"elapsedDurationMs":868300,"elapsedDuration":"00:14:28.3000000","status":"Completed","source":"Default","position":1,"diffFirstMs":0,"diffFirst":"00:00:00","diffPrevMs":0,"diffPrev":"00:00:00"},{"stageTimeId":67834,"stageId":1127,"entryId":19573,"elapsedDurationMs":868500,"elapsedDuration":"00:14:28.5000000","status":"Completed","source":"Default","position":2,"diffFirstMs":200,"diffFirst":"00:00:00.2000000","diffPrevMs":200,"diffPrev":"00:00:00.2000000"},{"stageTimeId":67822,"stageId":1127,"entryId":19572,"elapsedDurationMs":869500,"elapsedDuration":"00:14:29.5000000","status":"Completed","source":"Default","position":3,"diffFirstMs":1200,"diffFirst":"00:00:01.2000000","diffPrevMs":1000,"diffPrev":"00:00:01"},{"stageTimeId":67913,"stageId":1127,"entryId":19571,"elapsedDurationMs":872000,"elapsedDuration":"00:14:32","status":"Completed","source":"Default","position":4,"diffFirstMs":3700,"diffFirst":"00:00:03.7000000","diffPrevMs":2500,"diffPrev":"00:00:02.5000000"},{"stageTimeId":67828,"stageId":1127,"entryId":19568,"elapsedDurationMs":872600,"elapsedDuration":"00:14:32.6000000","status":"Completed","source":"Default","position":5,"diffFirstMs":4300,"diffFirst":"00:00:04.3000000","diffPrevMs":600,"diffPrev":"00:00:00.6000000"},{"stageTimeId":67925,"stageId":1127,"entryId":19576,"elapsedDurationMs":872800,"elapsedDuration":"00:14:32.8000000","status":"Completed","source":"Default","position":6,"diffFirstMs":4500,"diffFirst":"00:00:04.5000000","diffPrevMs":200,"diffPrev":"00:00:00.2000000"},{"stageTimeId":67931,"stageId":1127,"entryId":19569,"elapsedDurationMs":879100,"elapsedDuration":"00:14:39.1000000","status":"Completed","source":"Default","position":7,"diffFirstMs":10800,"diffFirst":"00:00:10.8000000","diffPrevMs":6300,"diffPrev":"00:00:06.3000000"},{"stageTimeId":67910,"stageId":1127,"entryId":19570,"elapsedDurationMs":882200,"elapsedDuration":"00:14:42.2000000","status":"Completed","source":"Default","position":8,"diffFirstMs":13900,"diffFirst":"00:00:13.9000000","diffPrevMs":3100,"diffPrev":"00:00:03.1000000"},{"stageTimeId":67871,"stageId":1127,"entryId":19581,"elapsedDurationMs":886100,"elapsedDuration":"00:14:46.1000000","status":"Completed","source":"Assessed","position":9,"diffFirstMs":17800,"diffFirst":"00:00:17.8000000","diffPrevMs":3900,"diffPrev":"00:00:03.9000000"},{"stageTimeId":67816,"stageId":1127,"entryId":19580,"elapsedDurationMs":888300,"elapsedDuration":"00:14:48.3000000","status":"Completed","source":"Assessed","position":10,"diffFirstMs":20000,"diffFirst":"00:00:20","diffPrevMs":2200,"diffPrev":"00:00:02.2000000"},{"stageTimeId":67937,"stageId":1127,"entryId":19578,"elapsedDurationMs":895500,"elapsedDuration":"00:14:55.5000000","status":"Completed","source":"Default","position":11,"diffFirstMs":27200,"diffFirst":"00:00:27.2000000","diffPrevMs":7200,"diffPrev":"00:00:07.2000000"},{"stageTimeId":67853,"stageId":1127,"entryId":19586,"elapsedDurationMs":901700,"elapsedDuration":"00:15:01.7000000","status":"Completed","source":"Assessed","position":12,"diffFirstMs":33400,"diffFirst":"00:00:33.4000000","diffPrevMs":6200,"diffPrev":"00:00:06.2000000"},{"stageTimeId":67662,"stageId":1127,"entryId":19579,"elapsedDurationMs":907000,"elapsedDuration":"00:15:07","status":"Completed","source":"Assessed","position":13,"diffFirstMs":38700,"diffFirst":"00:00:38.7000000","diffPrevMs":5300,"diffPrev":"00:00:05.3000000"},{"stageTimeId":67860,"stageId":1127,"entryId":19584,"elapsedDurationMs":908500,"elapsedDuration":"00:15:08.5000000","status":"Completed","source":"Assessed","position":14,"diffFirstMs":40200,"diffFirst":"00:00:40.2000000","diffPrevMs":1500,"diffPrev":"00:00:01.5000000"},{"stageTimeId":67629,"stageId":1127,"entryId":19577,"elapsedDurationMs":909100,"elapsedDuration":"00:15:09.1000000","status":"Completed","source":"Default","position":15,"diffFirstMs":40800,"diffFirst":"00:00:40.8000000","diffPrevMs":600,"diffPrev":"00:00:00.6000000"},{"stageTimeId":67772,"stageId":1127,"entryId":19593,"elapsedDurationMs":911600,"elapsedDuration":"00:15:11.6000000","status":"Completed","source":"Assessed","position":16,"diffFirstMs":43300,"diffFirst":"00:00:43.3000000","diffPrevMs":2500,"diffPrev":"00:00:02.5000000"},{"stageTimeId":67865,"stageId":1127,"entryId":19582,"elapsedDurationMs":913100,"elapsedDuration":"00:15:13.1000000","status":"Completed","source":"Assessed","position":17,"diffFirstMs":44800,"diffFirst":"00:00:44.8000000","diffPrevMs":1500,"diffPrev":"00:00:01.5000000"},{"stageTimeId":67675,"stageId":1127,"entryId":19594,"elapsedDurationMs":915900,"elapsedDuration":"00:15:15.9000000","status":"Completed","source":"Assessed","position":18,"diffFirstMs":47600,"diffFirst":"00:00:47.6000000","diffPrevMs":2800,"diffPrev":"00:00:02.8000000"},{"stageTimeId":67847,"stageId":1127,"entryId":19600,"elapsedDurationMs":922600,"elapsedDuration":"00:15:22.6000000","status":"Completed","source":"Assessed","position":19,"diffFirstMs":54300,"diffFirst":"00:00:54.3000000","diffPrevMs":6700,"diffPrev":"00:00:06.7000000"},{"stageTimeId":67664,"stageId":1127,"entryId":19583,"elapsedDurationMs":924200,"elapsedDuration":"00:15:24.2000000","status":"Completed","source":"Assessed","position":20,"diffFirstMs":55900,"diffFirst":"00:00:55.9000000","diffPrevMs":1600,"diffPrev":"00:00:01.6000000"},{"stageTimeId":67642,"stageId":1127,"entryId":19592,"elapsedDurationMs":924400,"elapsedDuration":"00:15:24.4000000","status":"Completed","source":"Assessed","position":21,"diffFirstMs":56100,"diffFirst":"00:00:56.1000000","diffPrevMs":200,"diffPrev":"00:00:00.2000000"},{"stageTimeId":67654,"stageId":1127,"entryId":19595,"elapsedDurationMs":930400,"elapsedDuration":"00:15:30.4000000","status":"Completed","source":"Assessed","position":22,"diffFirstMs":62100,"diffFirst":"00:01:02.1000000","diffPrevMs":6000,"diffPrev":"00:00:06"},{"stageTimeId":67889,"stageId":1127,"entryId":19591,"elapsedDurationMs":933000,"elapsedDuration":"00:15:33","status":"Completed","source":"Assessed","position":23,"diffFirstMs":64700,"diffFirst":"00:01:04.7000000","diffPrevMs":2600,"diffPrev":"00:00:02.6000000"},{"stageTimeId":67754,"stageId":1127,"entryId":19587,"elapsedDurationMs":938300,"elapsedDuration":"00:15:38.3000000","status":"Completed","source":"Assessed","position":24,"diffFirstMs":70000,"diffFirst":"00:01:10","diffPrevMs":5300,"diffPrev":"00:00:05.3000000"},{"stageTimeId":67895,"stageId":1127,"entryId":19601,"elapsedDurationMs":939400,"elapsedDuration":"00:15:39.4000000","status":"Completed","source":"Assessed","position":25,"diffFirstMs":71100,"diffFirst":"00:01:11.1000000","diffPrevMs":1100,"diffPrev":"00:00:01.1000000"},{"stageTimeId":67649,"stageId":1127,"entryId":19588,"elapsedDurationMs":957100,"elapsedDuration":"00:15:57.1000000","status":"Completed","source":"Assessed","position":26,"diffFirstMs":88800,"diffFirst":"00:01:28.8000000","diffPrevMs":17700,"diffPrev":"00:00:17.7000000"},{"stageTimeId":67766,"stageId":1127,"entryId":19596,"elapsedDurationMs":960000,"elapsedDuration":"00:16:00","status":"Completed","source":"Assessed","position":27,"diffFirstMs":91700,"diffFirst":"00:01:31.7000000","diffPrevMs":2900,"diffPrev":"00:00:02.9000000"},{"stageTimeId":67652,"stageId":1127,"entryId":19597,"elapsedDurationMs":964500,"elapsedDuration":"00:16:04.5000000","status":"Completed","source":"Assessed","position":28,"diffFirstMs":96200,"diffFirst":"00:01:36.2000000","diffPrevMs":4500,"diffPrev":"00:00:04.5000000"},{"stageTimeId":67731,"stageId":1127,"entryId":19615,"elapsedDurationMs":975000,"elapsedDuration":"00:16:15","status":"Completed","source":"Assessed","position":29,"diffFirstMs":106700,"diffFirst":"00:01:46.7000000","diffPrevMs":10500,"diffPrev":"00:00:10.5000000"},{"stageTimeId":67882,"stageId":1127,"entryId":19602,"elapsedDurationMs":986800,"elapsedDuration":"00:16:26.8000000","status":"Completed","source":"Assessed","position":30,"diffFirstMs":118500,"diffFirst":"00:01:58.5000000","diffPrevMs":11800,"diffPrev":"00:00:11.8000000"},{"stageTimeId":67760,"stageId":1127,"entryId":19598,"elapsedDurationMs":988800,"elapsedDuration":"00:16:28.8000000","status":"Completed","source":"Assessed","position":31,"diffFirstMs":120500,"diffFirst":"00:02:00.5000000","diffPrevMs":2000,"diffPrev":"00:00:02"},{"stageTimeId":67640,"stageId":1127,"entryId":19599,"elapsedDurationMs":989700,"elapsedDuration":"00:16:29.7000000","status":"Completed","source":"Assessed","position":32,"diffFirstMs":121400,"diffFirst":"00:02:01.4000000","diffPrevMs":900,"diffPrev":"00:00:00.9000000"},{"stageTimeId":67748,"stageId":1127,"entryId":19606,"elapsedDurationMs":1064300,"elapsedDuration":"00:17:44.3000000","status":"Completed","source":"Assessed","position":33,"diffFirstMs":196000,"diffFirst":"00:03:16","diffPrevMs":74600,"diffPrev":"00:01:14.6000000"},{"stageTimeId":67803,"stageId":1127,"entryId":19624,"elapsedDurationMs":1080100,"elapsedDuration":"00:18:00.1000000","status":"Completed","source":"Assessed","position":34,"diffFirstMs":211800,"diffFirst":"00:03:31.8000000","diffPrevMs":15800,"diffPrev":"00:00:15.8000000"},{"stageTimeId":67776,"stageId":1127,"entryId":19625,"elapsedDurationMs":1083900,"elapsedDuration":"00:18:03.9000000","status":"Completed","source":"Assessed","position":35,"diffFirstMs":215600,"diffFirst":"00:03:35.6000000","diffPrevMs":3800,"diffPrev":"00:00:03.8000000"},{"stageTimeId":67785,"stageId":1127,"entryId":19612,"elapsedDurationMs":1094900,"elapsedDuration":"00:18:14.9000000","status":"Completed","source":"Assessed","position":36,"diffFirstMs":226600,"diffFirst":"00:03:46.6000000","diffPrevMs":11000,"diffPrev":"00:00:11"},{"stageTimeId":67791,"stageId":1127,"entryId":19618,"elapsedDurationMs":1099200,"elapsedDuration":"00:18:19.2000000","status":"Completed","source":"Assessed","position":37,"diffFirstMs":230900,"diffFirst":"00:03:50.9000000","diffPrevMs":4300,"diffPrev":"00:00:04.3000000"},{"stageTimeId":67842,"stageId":1127,"entryId":19623,"elapsedDurationMs":1100000,"elapsedDuration":"00:18:20","status":"Completed","source":"Assessed","position":38,"diffFirstMs":231700,"diffFirst":"00:03:51.7000000","diffPrevMs":800,"diffPrev":"00:00:00.8000000"},{"stageTimeId":67725,"stageId":1127,"entryId":19619,"elapsedDurationMs":1110000,"elapsedDuration":"00:18:30","status":"Completed","source":"Assessed","position":39,"diffFirstMs":241700,"diffFirst":"00:04:01.7000000","diffPrevMs":10000,"diffPrev":"00:00:10"},{"stageTimeId":67797,"stageId":1127,"entryId":19620,"elapsedDurationMs":1136700,"elapsedDuration":"00:18:56.7000000","status":"Completed","source":"Assessed","position":40,"diffFirstMs":268400,"diffFirst":"00:04:28.4000000","diffPrevMs":26700,"diffPrev":"00:00:26.7000000"},{"stageTimeId":67689,"stageId":1127,"entryId":19608,"elapsedDurationMs":1140100,"elapsedDuration":"00:19:00.1000000","status":"Completed","source":"Assessed","position":41,"diffFirstMs":271800,"diffFirst":"00:04:31.8000000","diffPrevMs":3400,"diffPrev":"00:00:03.4000000"},{"stageTimeId":67695,"stageId":1127,"entryId":19610,"elapsedDurationMs":1143200,"elapsedDuration":"00:19:03.2000000","status":"Completed","source":"Assessed","position":42,"diffFirstMs":274900,"diffFirst":"00:04:34.9000000","diffPrevMs":3100,"diffPrev":"00:00:03.1000000"},{"stageTimeId":67719,"stageId":1127,"entryId":19629,"elapsedDurationMs":1143700,"elapsedDuration":"00:19:03.7000000","status":"Completed","source":"Assessed","position":43,"diffFirstMs":275400,"diffFirst":"00:04:35.4000000","diffPrevMs":500,"diffPrev":"00:00:00.5000000"},{"stageTimeId":67707,"stageId":1127,"entryId":19617,"elapsedDurationMs":1156300,"elapsedDuration":"00:19:16.3000000","status":"Completed","source":"Assessed","position":44,"diffFirstMs":288000,"diffFirst":"00:04:48","diffPrevMs":12600,"diffPrev":"00:00:12.6000000"},{"stageTimeId":67779,"stageId":1127,"entryId":19627,"elapsedDurationMs":1160300,"elapsedDuration":"00:19:20.3000000","status":"Completed","source":"Assessed","position":45,"diffFirstMs":292000,"diffFirst":"00:04:52","diffPrevMs":4000,"diffPrev":"00:00:04"},{"stageTimeId":67907,"stageId":1127,"entryId":19622,"elapsedDurationMs":1395000,"elapsedDuration":"00:23:15","status":"Completed","source":"Assessed","position":46,"diffFirstMs":526700,"diffFirst":"00:08:46.7000000","diffPrevMs":234700,"diffPrev":"00:03:54.7000000"},{"stageTimeId":67701,"stageId":1127,"entryId":19604,"elapsedDurationMs":1484300,"elapsedDuration":"00:24:44.3000000","status":"Completed","source":"Assessed","position":47,"diffFirstMs":616000,"diffFirst":"00:10:16","diffPrevMs":89300,"diffPrev":"00:01:29.3000000"},{"stageTimeId":67683,"stageId":1127,"entryId":19621,"elapsedDurationMs":null,"elapsedDuration":null,"status":"DNS","source":"Default","position":null,"diffFirstMs":null,"diffFirst":null,"diffPrevMs":null,"diffPrev":null},{"stageTimeId":67710,"stageId":1127,"entryId":19616,"elapsedDurationMs":null,"elapsedDuration":null,"status":"DNS","source":"Default","position":null,"diffFirstMs":null,"diffFirst":null,"diffPrevMs":null,"diffPrev":null},{"stageTimeId":67713,"stageId":1127,"entryId":19605,"elapsedDurationMs":null,"elapsedDuration":null,"status":"DNS","source":"Default","position":null,"diffFirstMs":null,"diffFirst":null,"diffPrevMs":null,"diffPrev":null},{"stageTimeId":67737,"stageId":1127,"entryId":19607,"elapsedDurationMs":null,"elapsedDuration":null,"status":"DNS","source":"Default","position":null,"diffFirstMs":null,"diffFirst":null,"diffPrevMs":null,"diffPrev":null},{"stageTimeId":67840,"stageId":1127,"entryId":19574,"elapsedDurationMs":null,"elapsedDuration":null,"status":"DNS","source":"Default","position":null,"diffFirstMs":null,"diffFirst":null,"diffPrevMs":null,"diffPrev":null},{"stageTimeId":67901,"stageId":1127,"entryId":19590,"elapsedDurationMs":null,"elapsedDuration":null,"status":"DNS","source":"Default","position":null,"diffFirstMs":null,"diffFirst":null,"diffPrevMs":null,"diffPrev":null}]