[{"entryId":19189,"stageTimeMs":1491300,"stageTime":"PT24M51.3S","penaltyTimeMs":0,"penaltyTime":"PT0S","totalTimeMs":1491300,"totalTime":"PT24M51.3S","position":1,"diffFirstMs":0,"diffFirst":"PT0S","diffPrevMs":0,"diffPrev":"PT0S"},{"entryId":19180,"stageTimeMs":1494200,"stageTime":"PT24M54.2S","penaltyTimeMs":0,"penaltyTime":"PT0S","totalTimeMs":1494200,"totalTime":"PT24M54.2S","position":2,"diffFirstMs":2900,"diffFirst":"PT2.9S","diffPrevMs":2900,"diffPrev":"PT2.9S"},{"entryId":19184,"stageTimeMs":1495300,"stageTime":"PT24M55.3S","penaltyTimeMs":0,"penaltyTime":"PT0S","totalTimeMs":1495300,"totalTime":"PT24M55.3S","position":3,"diffFirstMs":4000,"diffFirst":"PT4S","diffPrevMs":1100,"diffPrev":"PT1.1S"},{"entryId":19183,"stageTimeMs":1499900,"stageTime":"PT24M59.9S","penaltyTimeMs":0,"penaltyTime":"PT0S","totalTimeMs":1499900,"totalTime":"PT24M59.9S","position":4,"diffFirstMs":8600,"diffFirst":"PT8.6S","diffPrevMs":4600,"diffPrev":"PT4.6S"},{"entryId":19188,"stageTimeMs":1500200,"stageTime":"PT25M0.2S","penaltyTimeMs":0,"penaltyTime":"PT0S","totalTimeMs":1500200,"totalTime":"PT25M0.2S","position":5,"diffFirstMs":8900,"diffFirst":"PT8.9S","diffPrevMs":300,"diffPrev":"PT0.3S"},{"entryId":19186,"stageTimeMs":1509600,"stageTime":"PT25M9.6S","penaltyTimeMs":0,"penaltyTime":"PT0S","totalTimeMs":1509600,"totalTime":"PT25M9.6S","position":6,"diffFirstMs":18300,"diffFirst":"PT18.3S","diffPrevMs":9400,"diffPrev":"PT9.4S"},{"entryId":19182,"stageTimeMs":1510700,"stageTime":"PT25M10.7S","penaltyTimeMs":0,"penaltyTime":"PT0S","totalTimeMs":1510700,"totalTime":"PT25M10.7S","position":7,"diffFirstMs":19400,"diffFirst":"PT19.4S","diffPrevMs":1100,"diffPrev":"PT1.1S"},{"entryId":19185,"stageTimeMs":1513200,"stageTime":"PT25M13.2S","penaltyTimeMs":0,"penaltyTime":"PT0S","totalTimeMs":1513200,"totalTime":"PT25M13.2S","position":8,"diffFirstMs":21900,"diffFirst":"PT21.9S","diffPrevMs":2500,"diffPrev":"PT2.5S"},{"entryId":19187,"stageTimeMs":1535900,"stageTime":"PT25M35.9S","penaltyTimeMs":0,"penaltyTime":"PT0S","totalTimeMs":1535900,"totalTime":"PT25M35.9S","position":9,"diffFirstMs":44600,"diffFirst":"PT44.6S","diffPrevMs":22700,"diffPrev":"PT22.7S"},{"entryId":19192,"stageTimeMs":1578600,"stageTime":"PT26M18.6S","penaltyTimeMs":0,"penaltyTime":"PT0S","totalTimeMs":1578600,"totalTime":"PT26M18.6S","position":10,"diffFirstMs":87300,"diffFirst":"PT1M27.3S","diffPrevMs":42700,"diffPrev":"PT42.7S"},{"entryId":19191,"stageTimeMs":1582000,"stageTime":"PT26M22S","penaltyTimeMs":0,"penaltyTime":"PT0S","totalTimeMs":1582000,"totalTime":"PT26M22S","position":11,"diffFirstMs":90700,"diffFirst":"PT1M30.7S","diffPrevMs":3400,"diffPrev":"PT3.4S"},{"entryId":19190,"stageTimeMs":1599400,"stageTime":"PT26M39.4S","penaltyTimeMs":0,"penaltyTime":"PT0S","totalTimeMs":1599400,"totalTime":"PT26M39.4S","position":12,"diffFirstMs":108100,"diffFirst":"PT1M48.1S","diffPrevMs":17400,"diffPrev":"PT17.4S"},{"entryId":19194,"stageTimeMs":1600400,"stageTime":"PT26M40.4S","penaltyTimeMs":0,"penaltyTime":"PT0S","totalTimeMs":1600400,"totalTime":"PT26M40.4S","position":13,"diffFirstMs":109100,"diffFirst":"PT1M49.1S","diffPrevMs":1000,"diffPrev":"PT1S"},{"entryId":19193,"stageTimeMs":1601500,"stageTime":"PT26M41.5S","penaltyTimeMs":0,"penaltyTime":"PT0S","totalTimeMs":1601500,"totalTime":"PT26M41.5S","position":14,"diffFirstMs":110200,"diffFirst":"PT1M50.2S","diffPrevMs":1100,"diffPrev":"PT1.1S"},{"entryId":19195,"stageTimeMs":1625100,"stageTime":"PT27M5.1S","penaltyTimeMs":0,"penaltyTime":"PT0S","totalTimeMs":1625100,"totalTime":"PT27M5.1S","position":15,"diffFirstMs":133800,"diffFirst":"PT2M13.8S","diffPrevMs":23600,"diffPrev":"PT23.6S"},{"entryId":19196,"stageTimeMs":1625100,"stageTime":"PT27M5.1S","penaltyTimeMs":0,"penaltyTime":"PT0S","totalTimeMs":1625100,"totalTime":"PT27M5.1S","position":16,"diffFirstMs":133800,"diffFirst":"PT2M13.8S","diffPrevMs":0,"diffPrev":"PT0S"},{"entryId":19199,"stageTimeMs":1625100,"stageTime":"PT27M5.1S","penaltyTimeMs":0,"penaltyTime":"PT0S","totalTimeMs":1625100,"totalTime":"PT27M5.1S","position":17,"diffFirstMs":133800,"diffFirst":"PT2M13.8S","diffPrevMs":0,"diffPrev":"PT0S"},{"entryId":19201,"stageTimeMs":1625100,"stageTime":"PT27M5.1S","penaltyTimeMs":0,"penaltyTime":"PT0S","totalTimeMs":1625100,"totalTime":"PT27M5.1S","position":18,"diffFirstMs":133800,"diffFirst":"PT2M13.8S","diffPrevMs":0,"diffPrev":"PT0S"},{"entryId":19202,"stageTimeMs":1625100,"stageTime":"PT27M5.1S","penaltyTimeMs":0,"penaltyTime":"PT0S","totalTimeMs":1625100,"totalTime":"PT27M5.1S","position":19,"diffFirstMs":133800,"diffFirst":"PT2M13.8S","diffPrevMs":0,"diffPrev":"PT0S"},{"entryId":19200,"stageTimeMs":1625100,"stageTime":"PT27M5.1S","penaltyTimeMs":120000,"penaltyTime":"PT2M","totalTimeMs":1745100,"totalTime":"PT29M5.1S","position":20,"diffFirstMs":253800,"diffFirst":"PT4M13.8S","diffPrevMs":120000,"diffPrev":"PT2M"},{"entryId":19203,"stageTimeMs":2645100,"stageTime":"PT44M5.1S","penaltyTimeMs":0,"penaltyTime":"PT0S","totalTimeMs":2645100,"totalTime":"PT44M5.1S","position":21,"diffFirstMs":1153800,"diffFirst":"PT19M13.8S","diffPrevMs":900000,"diffPrev":"PT15M"}]