[{"entryId":20122,"stageTimeMs":3552400,"stageTime":"PT59M12.4S","penaltyTimeMs":0,"penaltyTime":"PT0S","totalTimeMs":3552400,"totalTime":"PT59M12.4S","position":1,"diffFirstMs":0,"diffFirst":"PT0S","diffPrevMs":0,"diffPrev":"PT0S"},{"entryId":20124,"stageTimeMs":3555200,"stageTime":"PT59M15.2S","penaltyTimeMs":0,"penaltyTime":"PT0S","totalTimeMs":3555200,"totalTime":"PT59M15.2S","position":2,"diffFirstMs":2800,"diffFirst":"PT2.8S","diffPrevMs":2800,"diffPrev":"PT2.8S"},{"entryId":20117,"stageTimeMs":3574500,"stageTime":"PT59M34.5S","penaltyTimeMs":0,"penaltyTime":"PT0S","totalTimeMs":3574500,"totalTime":"PT59M34.5S","position":3,"diffFirstMs":22100,"diffFirst":"PT22.1S","diffPrevMs":19300,"diffPrev":"PT19.3S"},{"entryId":20120,"stageTimeMs":3578000,"stageTime":"PT59M38S","penaltyTimeMs":0,"penaltyTime":"PT0S","totalTimeMs":3578000,"totalTime":"PT59M38S","position":4,"diffFirstMs":25600,"diffFirst":"PT25.6S","diffPrevMs":3500,"diffPrev":"PT3.5S"},{"entryId":20123,"stageTimeMs":3580200,"stageTime":"PT59M40.2S","penaltyTimeMs":0,"penaltyTime":"PT0S","totalTimeMs":3580200,"totalTime":"PT59M40.2S","position":5,"diffFirstMs":27800,"diffFirst":"PT27.8S","diffPrevMs":2200,"diffPrev":"PT2.2S"},{"entryId":20127,"stageTimeMs":3592400,"stageTime":"PT59M52.4S","penaltyTimeMs":0,"penaltyTime":"PT0S","totalTimeMs":3592400,"totalTime":"PT59M52.4S","position":6,"diffFirstMs":40000,"diffFirst":"PT40S","diffPrevMs":12200,"diffPrev":"PT12.2S"},{"entryId":20119,"stageTimeMs":3605300,"stageTime":"PT1H5.3S","penaltyTimeMs":0,"penaltyTime":"PT0S","totalTimeMs":3605300,"totalTime":"PT1H5.3S","position":7,"diffFirstMs":52900,"diffFirst":"PT52.9S","diffPrevMs":12900,"diffPrev":"PT12.9S"},{"entryId":20126,"stageTimeMs":3617900,"stageTime":"PT1H17.9S","penaltyTimeMs":0,"penaltyTime":"PT0S","totalTimeMs":3617900,"totalTime":"PT1H17.9S","position":8,"diffFirstMs":65500,"diffFirst":"PT1M5.5S","diffPrevMs":12600,"diffPrev":"PT12.6S"},{"entryId":20121,"stageTimeMs":3627500,"stageTime":"PT1H27.5S","penaltyTimeMs":0,"penaltyTime":"PT0S","totalTimeMs":3627500,"totalTime":"PT1H27.5S","position":9,"diffFirstMs":75100,"diffFirst":"PT1M15.1S","diffPrevMs":9600,"diffPrev":"PT9.6S"},{"entryId":20128,"stageTimeMs":3730900,"stageTime":"PT1H2M10.9S","penaltyTimeMs":0,"penaltyTime":"PT0S","totalTimeMs":3730900,"totalTime":"PT1H2M10.9S","position":10,"diffFirstMs":178500,"diffFirst":"PT2M58.5S","diffPrevMs":103400,"diffPrev":"PT1M43.4S"},{"entryId":20125,"stageTimeMs":3735500,"stageTime":"PT1H2M15.5S","penaltyTimeMs":0,"penaltyTime":"PT0S","totalTimeMs":3735500,"totalTime":"PT1H2M15.5S","position":11,"diffFirstMs":183100,"diffFirst":"PT3M3.1S","diffPrevMs":4600,"diffPrev":"PT4.6S"},{"entryId":20130,"stageTimeMs":3750500,"stageTime":"PT1H2M30.5S","penaltyTimeMs":0,"penaltyTime":"PT0S","totalTimeMs":3750500,"totalTime":"PT1H2M30.5S","position":12,"diffFirstMs":198100,"diffFirst":"PT3M18.1S","diffPrevMs":15000,"diffPrev":"PT15S"},{"entryId":20142,"stageTimeMs":3751000,"stageTime":"PT1H2M31S","penaltyTimeMs":0,"penaltyTime":"PT0S","totalTimeMs":3751000,"totalTime":"PT1H2M31S","position":13,"diffFirstMs":198600,"diffFirst":"PT3M18.6S","diffPrevMs":500,"diffPrev":"PT0.5S"},{"entryId":20139,"stageTimeMs":3759100,"stageTime":"PT1H2M39.1S","penaltyTimeMs":0,"penaltyTime":"PT0S","totalTimeMs":3759100,"totalTime":"PT1H2M39.1S","position":14,"diffFirstMs":206700,"diffFirst":"PT3M26.7S","diffPrevMs":8100,"diffPrev":"PT8.1S"},{"entryId":20144,"stageTimeMs":3783100,"stageTime":"PT1H3M3.1S","penaltyTimeMs":0,"penaltyTime":"PT0S","totalTimeMs":3783100,"totalTime":"PT1H3M3.1S","position":15,"diffFirstMs":230700,"diffFirst":"PT3M50.7S","diffPrevMs":24000,"diffPrev":"PT24S"},{"entryId":20129,"stageTimeMs":3787300,"stageTime":"PT1H3M7.3S","penaltyTimeMs":0,"penaltyTime":"PT0S","totalTimeMs":3787300,"totalTime":"PT1H3M7.3S","position":16,"diffFirstMs":234900,"diffFirst":"PT3M54.9S","diffPrevMs":4200,"diffPrev":"PT4.2S"},{"entryId":20143,"stageTimeMs":3802900,"stageTime":"PT1H3M22.9S","penaltyTimeMs":0,"penaltyTime":"PT0S","totalTimeMs":3802900,"totalTime":"PT1H3M22.9S","position":17,"diffFirstMs":250500,"diffFirst":"PT4M10.5S","diffPrevMs":15600,"diffPrev":"PT15.6S"},{"entryId":20131,"stageTimeMs":3788100,"stageTime":"PT1H3M8.1S","penaltyTimeMs":20000,"penaltyTime":"PT20S","totalTimeMs":3808100,"totalTime":"PT1H3M28.1S","position":18,"diffFirstMs":255700,"diffFirst":"PT4M15.7S","diffPrevMs":5200,"diffPrev":"PT5.2S"},{"entryId":20134,"stageTimeMs":3813500,"stageTime":"PT1H3M33.5S","penaltyTimeMs":0,"penaltyTime":"PT0S","totalTimeMs":3813500,"totalTime":"PT1H3M33.5S","position":19,"diffFirstMs":261100,"diffFirst":"PT4M21.1S","diffPrevMs":5400,"diffPrev":"PT5.4S"},{"entryId":20133,"stageTimeMs":3817100,"stageTime":"PT1H3M37.1S","penaltyTimeMs":0,"penaltyTime":"PT0S","totalTimeMs":3817100,"totalTime":"PT1H3M37.1S","position":20,"diffFirstMs":264700,"diffFirst":"PT4M24.7S","diffPrevMs":3600,"diffPrev":"PT3.6S"},{"entryId":20151,"stageTimeMs":3833100,"stageTime":"PT1H3M53.1S","penaltyTimeMs":0,"penaltyTime":"PT0S","totalTimeMs":3833100,"totalTime":"PT1H3M53.1S","position":21,"diffFirstMs":280700,"diffFirst":"PT4M40.7S","diffPrevMs":16000,"diffPrev":"PT16S"},{"entryId":20136,"stageTimeMs":3852400,"stageTime":"PT1H4M12.4S","penaltyTimeMs":0,"penaltyTime":"PT0S","totalTimeMs":3852400,"totalTime":"PT1H4M12.4S","position":22,"diffFirstMs":300000,"diffFirst":"PT5M","diffPrevMs":19300,"diffPrev":"PT19.3S"},{"entryId":20138,"stageTimeMs":3852900,"stageTime":"PT1H4M12.9S","penaltyTimeMs":0,"penaltyTime":"PT0S","totalTimeMs":3852900,"totalTime":"PT1H4M12.9S","position":23,"diffFirstMs":300500,"diffFirst":"PT5M0.5S","diffPrevMs":500,"diffPrev":"PT0.5S"},{"entryId":20149,"stageTimeMs":3855200,"stageTime":"PT1H4M15.2S","penaltyTimeMs":0,"penaltyTime":"PT0S","totalTimeMs":3855200,"totalTime":"PT1H4M15.2S","position":24,"diffFirstMs":302800,"diffFirst":"PT5M2.8S","diffPrevMs":2300,"diffPrev":"PT2.3S"},{"entryId":20140,"stageTimeMs":3857800,"stageTime":"PT1H4M17.8S","penaltyTimeMs":0,"penaltyTime":"PT0S","totalTimeMs":3857800,"totalTime":"PT1H4M17.8S","position":25,"diffFirstMs":305400,"diffFirst":"PT5M5.4S","diffPrevMs":2600,"diffPrev":"PT2.6S"},{"entryId":20145,"stageTimeMs":3884000,"stageTime":"PT1H4M44S","penaltyTimeMs":0,"penaltyTime":"PT0S","totalTimeMs":3884000,"totalTime":"PT1H4M44S","position":26,"diffFirstMs":331600,"diffFirst":"PT5M31.6S","diffPrevMs":26200,"diffPrev":"PT26.2S"},{"entryId":20135,"stageTimeMs":3905600,"stageTime":"PT1H5M5.6S","penaltyTimeMs":0,"penaltyTime":"PT0S","totalTimeMs":3905600,"totalTime":"PT1H5M5.6S","position":27,"diffFirstMs":353200,"diffFirst":"PT5M53.2S","diffPrevMs":21600,"diffPrev":"PT21.6S"},{"entryId":20132,"stageTimeMs":3915000,"stageTime":"PT1H5M15S","penaltyTimeMs":0,"penaltyTime":"PT0S","totalTimeMs":3915000,"totalTime":"PT1H5M15S","position":28,"diffFirstMs":362600,"diffFirst":"PT6M2.6S","diffPrevMs":9400,"diffPrev":"PT9.4S"},{"entryId":20150,"stageTimeMs":3936400,"stageTime":"PT1H5M36.4S","penaltyTimeMs":0,"penaltyTime":"PT0S","totalTimeMs":3936400,"totalTime":"PT1H5M36.4S","position":29,"diffFirstMs":384000,"diffFirst":"PT6M24S","diffPrevMs":21400,"diffPrev":"PT21.4S"},{"entryId":20157,"stageTimeMs":3982200,"stageTime":"PT1H6M22.2S","penaltyTimeMs":0,"penaltyTime":"PT0S","totalTimeMs":3982200,"totalTime":"PT1H6M22.2S","position":30,"diffFirstMs":429800,"diffFirst":"PT7M9.8S","diffPrevMs":45800,"diffPrev":"PT45.8S"},{"entryId":20137,"stageTimeMs":4031400,"stageTime":"PT1H7M11.4S","penaltyTimeMs":0,"penaltyTime":"PT0S","totalTimeMs":4031400,"totalTime":"PT1H7M11.4S","position":31,"diffFirstMs":479000,"diffFirst":"PT7M59S","diffPrevMs":49200,"diffPrev":"PT49.2S"},{"entryId":20141,"stageTimeMs":4090800,"stageTime":"PT1H8M10.8S","penaltyTimeMs":0,"penaltyTime":"PT0S","totalTimeMs":4090800,"totalTime":"PT1H8M10.8S","position":32,"diffFirstMs":538400,"diffFirst":"PT8M58.4S","diffPrevMs":59400,"diffPrev":"PT59.4S"},{"entryId":20156,"stageTimeMs":4153100,"stageTime":"PT1H9M13.1S","penaltyTimeMs":0,"penaltyTime":"PT0S","totalTimeMs":4153100,"totalTime":"PT1H9M13.1S","position":33,"diffFirstMs":600700,"diffFirst":"PT10M0.7S","diffPrevMs":62300,"diffPrev":"PT1M2.3S"},{"entryId":20155,"stageTimeMs":4157800,"stageTime":"PT1H9M17.8S","penaltyTimeMs":0,"penaltyTime":"PT0S","totalTimeMs":4157800,"totalTime":"PT1H9M17.8S","position":34,"diffFirstMs":605400,"diffFirst":"PT10M5.4S","diffPrevMs":4700,"diffPrev":"PT4.7S"},{"entryId":20159,"stageTimeMs":4163700,"stageTime":"PT1H9M23.7S","penaltyTimeMs":0,"penaltyTime":"PT0S","totalTimeMs":4163700,"totalTime":"PT1H9M23.7S","position":35,"diffFirstMs":611300,"diffFirst":"PT10M11.3S","diffPrevMs":5900,"diffPrev":"PT5.9S"},{"entryId":20153,"stageTimeMs":4170600,"stageTime":"PT1H9M30.6S","penaltyTimeMs":0,"penaltyTime":"PT0S","totalTimeMs":4170600,"totalTime":"PT1H9M30.6S","position":36,"diffFirstMs":618200,"diffFirst":"PT10M18.2S","diffPrevMs":6900,"diffPrev":"PT6.9S"},{"entryId":20163,"stageTimeMs":4298500,"stageTime":"PT1H11M38.5S","penaltyTimeMs":0,"penaltyTime":"PT0S","totalTimeMs":4298500,"totalTime":"PT1H11M38.5S","position":37,"diffFirstMs":746100,"diffFirst":"PT12M26.1S","diffPrevMs":127900,"diffPrev":"PT2M7.9S"},{"entryId":20147,"stageTimeMs":4306300,"stageTime":"PT1H11M46.3S","penaltyTimeMs":0,"penaltyTime":"PT0S","totalTimeMs":4306300,"totalTime":"PT1H11M46.3S","position":38,"diffFirstMs":753900,"diffFirst":"PT12M33.9S","diffPrevMs":7800,"diffPrev":"PT7.8S"},{"entryId":20166,"stageTimeMs":4456400,"stageTime":"PT1H14M16.4S","penaltyTimeMs":0,"penaltyTime":"PT0S","totalTimeMs":4456400,"totalTime":"PT1H14M16.4S","position":39,"diffFirstMs":904000,"diffFirst":"PT15M4S","diffPrevMs":150100,"diffPrev":"PT2M30.1S"},{"entryId":20160,"stageTimeMs":4511000,"stageTime":"PT1H15M11S","penaltyTimeMs":0,"penaltyTime":"PT0S","totalTimeMs":4511000,"totalTime":"PT1H15M11S","position":40,"diffFirstMs":958600,"diffFirst":"PT15M58.6S","diffPrevMs":54600,"diffPrev":"PT54.6S"},{"entryId":20168,"stageTimeMs":4560100,"stageTime":"PT1H16M0.1S","penaltyTimeMs":0,"penaltyTime":"PT0S","totalTimeMs":4560100,"totalTime":"PT1H16M0.1S","position":41,"diffFirstMs":1007700,"diffFirst":"PT16M47.7S","diffPrevMs":49100,"diffPrev":"PT49.1S"},{"entryId":20169,"stageTimeMs":4605400,"stageTime":"PT1H16M45.4S","penaltyTimeMs":0,"penaltyTime":"PT0S","totalTimeMs":4605400,"totalTime":"PT1H16M45.4S","position":42,"diffFirstMs":1053000,"diffFirst":"PT17M33S","diffPrevMs":45300,"diffPrev":"PT45.3S"},{"entryId":20165,"stageTimeMs":4685700,"stageTime":"PT1H18M5.7S","penaltyTimeMs":0,"penaltyTime":"PT0S","totalTimeMs":4685700,"totalTime":"PT1H18M5.7S","position":43,"diffFirstMs":1133300,"diffFirst":"PT18M53.3S","diffPrevMs":80300,"diffPrev":"PT1M20.3S"},{"entryId":20170,"stageTimeMs":4933000,"stageTime":"PT1H22M13S","penaltyTimeMs":0,"penaltyTime":"PT0S","totalTimeMs":4933000,"totalTime":"PT1H22M13S","position":44,"diffFirstMs":1380600,"diffFirst":"PT23M0.6S","diffPrevMs":247300,"diffPrev":"PT4M7.3S"},{"entryId":20154,"stageTimeMs":5040800,"stageTime":"PT1H24M0.8S","penaltyTimeMs":0,"penaltyTime":"PT0S","totalTimeMs":5040800,"totalTime":"PT1H24M0.8S","position":45,"diffFirstMs":1488400,"diffFirst":"PT24M48.4S","diffPrevMs":107800,"diffPrev":"PT1M47.8S"},{"entryId":20164,"stageTimeMs":5690800,"stageTime":"PT1H34M50.8S","penaltyTimeMs":0,"penaltyTime":"PT0S","totalTimeMs":5690800,"totalTime":"PT1H34M50.8S","position":46,"diffFirstMs":2138400,"diffFirst":"PT35M38.4S","diffPrevMs":650000,"diffPrev":"PT10M50S"},{"entryId":20118,"stageTimeMs":6071000,"stageTime":"PT1H41M11S","penaltyTimeMs":0,"penaltyTime":"PT0S","totalTimeMs":6071000,"totalTime":"PT1H41M11S","position":47,"diffFirstMs":2518600,"diffFirst":"PT41M58.6S","diffPrevMs":380200,"diffPrev":"PT6M20.2S"},{"entryId":20146,"stageTimeMs":6132700,"stageTime":"PT1H42M12.7S","penaltyTimeMs":0,"penaltyTime":"PT0S","totalTimeMs":6132700,"totalTime":"PT1H42M12.7S","position":48,"diffFirstMs":2580300,"diffFirst":"PT43M0.3S","diffPrevMs":61700,"diffPrev":"PT1M1.7S"},{"entryId":20171,"stageTimeMs":6498700,"stageTime":"PT1H48M18.7S","penaltyTimeMs":0,"penaltyTime":"PT0S","totalTimeMs":6498700,"totalTime":"PT1H48M18.7S","position":49,"diffFirstMs":2946300,"diffFirst":"PT49M6.3S","diffPrevMs":366000,"diffPrev":"PT6M6S"},{"entryId":20162,"stageTimeMs":6700400,"stageTime":"PT1H51M40.4S","penaltyTimeMs":0,"penaltyTime":"PT0S","totalTimeMs":6700400,"totalTime":"PT1H51M40.4S","position":50,"diffFirstMs":3148000,"diffFirst":"PT52M28S","diffPrevMs":201700,"diffPrev":"PT3M21.7S"}]