[{"entryId":19572,"stageTimeMs":10784400,"stageTime":"PT2H59M44.4S","penaltyTimeMs":0,"penaltyTime":"PT0S","totalTimeMs":10784400,"totalTime":"PT2H59M44.4S","position":1,"diffFirstMs":0,"diffFirst":"PT0S","diffPrevMs":0,"diffPrev":"PT0S"},{"entryId":19568,"stageTimeMs":10809000,"stageTime":"PT3H9S","penaltyTimeMs":0,"penaltyTime":"PT0S","totalTimeMs":10809000,"totalTime":"PT3H9S","position":2,"diffFirstMs":24600,"diffFirst":"PT24.6S","diffPrevMs":24600,"diffPrev":"PT24.6S"},{"entryId":19575,"stageTimeMs":10814300,"stageTime":"PT3H14.3S","penaltyTimeMs":0,"penaltyTime":"PT0S","totalTimeMs":10814300,"totalTime":"PT3H14.3S","position":3,"diffFirstMs":29900,"diffFirst":"PT29.9S","diffPrevMs":5300,"diffPrev":"PT5.3S"},{"entryId":19576,"stageTimeMs":10865300,"stageTime":"PT3H1M5.3S","penaltyTimeMs":0,"penaltyTime":"PT0S","totalTimeMs":10865300,"totalTime":"PT3H1M5.3S","position":4,"diffFirstMs":80900,"diffFirst":"PT1M20.9S","diffPrevMs":51000,"diffPrev":"PT51S"},{"entryId":19569,"stageTimeMs":10969300,"stageTime":"PT3H2M49.3S","penaltyTimeMs":0,"penaltyTime":"PT0S","totalTimeMs":10969300,"totalTime":"PT3H2M49.3S","position":5,"diffFirstMs":184900,"diffFirst":"PT3M4.9S","diffPrevMs":104000,"diffPrev":"PT1M44S"},{"entryId":19570,"stageTimeMs":10983200,"stageTime":"PT3H3M3.2S","penaltyTimeMs":0,"penaltyTime":"PT0S","totalTimeMs":10983200,"totalTime":"PT3H3M3.2S","position":6,"diffFirstMs":198800,"diffFirst":"PT3M18.8S","diffPrevMs":13900,"diffPrev":"PT13.9S"},{"entryId":19578,"stageTimeMs":11037500,"stageTime":"PT3H3M57.5S","penaltyTimeMs":0,"penaltyTime":"PT0S","totalTimeMs":11037500,"totalTime":"PT3H3M57.5S","position":7,"diffFirstMs":253100,"diffFirst":"PT4M13.1S","diffPrevMs":54300,"diffPrev":"PT54.3S"},{"entryId":19580,"stageTimeMs":11208500,"stageTime":"PT3H6M48.5S","penaltyTimeMs":0,"penaltyTime":"PT0S","totalTimeMs":11208500,"totalTime":"PT3H6M48.5S","position":8,"diffFirstMs":424100,"diffFirst":"PT7M4.1S","diffPrevMs":171000,"diffPrev":"PT2M51S"},{"entryId":19571,"stageTimeMs":11228000,"stageTime":"PT3H7M8S","penaltyTimeMs":0,"penaltyTime":"PT0S","totalTimeMs":11228000,"totalTime":"PT3H7M8S","position":9,"diffFirstMs":443600,"diffFirst":"PT7M23.6S","diffPrevMs":19500,"diffPrev":"PT19.5S"},{"entryId":19581,"stageTimeMs":11237600,"stageTime":"PT3H7M17.6S","penaltyTimeMs":0,"penaltyTime":"PT0S","totalTimeMs":11237600,"totalTime":"PT3H7M17.6S","position":10,"diffFirstMs":453200,"diffFirst":"PT7M33.2S","diffPrevMs":9600,"diffPrev":"PT9.6S"},{"entryId":19577,"stageTimeMs":11420300,"stageTime":"PT3H10M20.3S","penaltyTimeMs":0,"penaltyTime":"PT0S","totalTimeMs":11420300,"totalTime":"PT3H10M20.3S","position":11,"diffFirstMs":635900,"diffFirst":"PT10M35.9S","diffPrevMs":182700,"diffPrev":"PT3M2.7S"},{"entryId":19579,"stageTimeMs":11421400,"stageTime":"PT3H10M21.4S","penaltyTimeMs":0,"penaltyTime":"PT0S","totalTimeMs":11421400,"totalTime":"PT3H10M21.4S","position":12,"diffFirstMs":637000,"diffFirst":"PT10M37S","diffPrevMs":1100,"diffPrev":"PT1.1S"},{"entryId":19573,"stageTimeMs":11427200,"stageTime":"PT3H10M27.2S","penaltyTimeMs":0,"penaltyTime":"PT0S","totalTimeMs":11427200,"totalTime":"PT3H10M27.2S","position":13,"diffFirstMs":642800,"diffFirst":"PT10M42.8S","diffPrevMs":5800,"diffPrev":"PT5.8S"},{"entryId":19586,"stageTimeMs":11509400,"stageTime":"PT3H11M49.4S","penaltyTimeMs":0,"penaltyTime":"PT0S","totalTimeMs":11509400,"totalTime":"PT3H11M49.4S","position":14,"diffFirstMs":725000,"diffFirst":"PT12M5S","diffPrevMs":82200,"diffPrev":"PT1M22.2S"},{"entryId":19582,"stageTimeMs":11519300,"stageTime":"PT3H11M59.3S","penaltyTimeMs":0,"penaltyTime":"PT0S","totalTimeMs":11519300,"totalTime":"PT3H11M59.3S","position":15,"diffFirstMs":734900,"diffFirst":"PT12M14.9S","diffPrevMs":9900,"diffPrev":"PT9.9S"},{"entryId":19583,"stageTimeMs":11683900,"stageTime":"PT3H14M43.9S","penaltyTimeMs":0,"penaltyTime":"PT0S","totalTimeMs":11683900,"totalTime":"PT3H14M43.9S","position":16,"diffFirstMs":899500,"diffFirst":"PT14M59.5S","diffPrevMs":164600,"diffPrev":"PT2M44.6S"},{"entryId":19600,"stageTimeMs":11710300,"stageTime":"PT3H15M10.3S","penaltyTimeMs":80000,"penaltyTime":"PT1M20S","totalTimeMs":11790300,"totalTime":"PT3H16M30.3S","position":17,"diffFirstMs":1005900,"diffFirst":"PT16M45.9S","diffPrevMs":106400,"diffPrev":"PT1M46.4S"},{"entryId":19594,"stageTimeMs":11794800,"stageTime":"PT3H16M34.8S","penaltyTimeMs":0,"penaltyTime":"PT0S","totalTimeMs":11794800,"totalTime":"PT3H16M34.8S","position":18,"diffFirstMs":1010400,"diffFirst":"PT16M50.4S","diffPrevMs":4500,"diffPrev":"PT4.5S"},{"entryId":19595,"stageTimeMs":11817900,"stageTime":"PT3H16M57.9S","penaltyTimeMs":0,"penaltyTime":"PT0S","totalTimeMs":11817900,"totalTime":"PT3H16M57.9S","position":19,"diffFirstMs":1033500,"diffFirst":"PT17M13.5S","diffPrevMs":23100,"diffPrev":"PT23.1S"},{"entryId":19592,"stageTimeMs":11891600,"stageTime":"PT3H18M11.6S","penaltyTimeMs":0,"penaltyTime":"PT0S","totalTimeMs":11891600,"totalTime":"PT3H18M11.6S","position":20,"diffFirstMs":1107200,"diffFirst":"PT18M27.2S","diffPrevMs":73700,"diffPrev":"PT1M13.7S"},{"entryId":19591,"stageTimeMs":11959400,"stageTime":"PT3H19M19.4S","penaltyTimeMs":0,"penaltyTime":"PT0S","totalTimeMs":11959400,"totalTime":"PT3H19M19.4S","position":21,"diffFirstMs":1175000,"diffFirst":"PT19M35S","diffPrevMs":67800,"diffPrev":"PT1M7.8S"},{"entryId":19588,"stageTimeMs":12369800,"stageTime":"PT3H26M9.8S","penaltyTimeMs":0,"penaltyTime":"PT0S","totalTimeMs":12369800,"totalTime":"PT3H26M9.8S","position":22,"diffFirstMs":1585400,"diffFirst":"PT26M25.4S","diffPrevMs":410400,"diffPrev":"PT6M50.4S"},{"entryId":19599,"stageTimeMs":12535300,"stageTime":"PT3H28M55.3S","penaltyTimeMs":20000,"penaltyTime":"PT20S","totalTimeMs":12555300,"totalTime":"PT3H29M15.3S","position":23,"diffFirstMs":1770900,"diffFirst":"PT29M30.9S","diffPrevMs":185500,"diffPrev":"PT3M5.5S"},{"entryId":19602,"stageTimeMs":12654100,"stageTime":"PT3H30M54.1S","penaltyTimeMs":0,"penaltyTime":"PT0S","totalTimeMs":12654100,"totalTime":"PT3H30M54.1S","position":24,"diffFirstMs":1869700,"diffFirst":"PT31M9.7S","diffPrevMs":98800,"diffPrev":"PT1M38.8S"},{"entryId":19597,"stageTimeMs":13090500,"stageTime":"PT3H38M10.5S","penaltyTimeMs":0,"penaltyTime":"PT0S","totalTimeMs":13090500,"totalTime":"PT3H38M10.5S","position":25,"diffFirstMs":2306100,"diffFirst":"PT38M26.1S","diffPrevMs":436400,"diffPrev":"PT7M16.4S"},{"entryId":19625,"stageTimeMs":13522800,"stageTime":"PT3H45M22.8S","penaltyTimeMs":0,"penaltyTime":"PT0S","totalTimeMs":13522800,"totalTime":"PT3H45M22.8S","position":26,"diffFirstMs":2738400,"diffFirst":"PT45M38.4S","diffPrevMs":432300,"diffPrev":"PT7M12.3S"},{"entryId":19618,"stageTimeMs":13812300,"stageTime":"PT3H50M12.3S","penaltyTimeMs":0,"penaltyTime":"PT0S","totalTimeMs":13812300,"totalTime":"PT3H50M12.3S","position":27,"diffFirstMs":3027900,"diffFirst":"PT50M27.9S","diffPrevMs":289500,"diffPrev":"PT4M49.5S"},{"entryId":19612,"stageTimeMs":13896500,"stageTime":"PT3H51M36.5S","penaltyTimeMs":0,"penaltyTime":"PT0S","totalTimeMs":13896500,"totalTime":"PT3H51M36.5S","position":28,"diffFirstMs":3112100,"diffFirst":"PT51M52.1S","diffPrevMs":84200,"diffPrev":"PT1M24.2S"},{"entryId":19620,"stageTimeMs":13898000,"stageTime":"PT3H51M38S","penaltyTimeMs":0,"penaltyTime":"PT0S","totalTimeMs":13898000,"totalTime":"PT3H51M38S","position":29,"diffFirstMs":3113600,"diffFirst":"PT51M53.6S","diffPrevMs":1500,"diffPrev":"PT1.5S"},{"entryId":19627,"stageTimeMs":14244500,"stageTime":"PT3H57M24.5S","penaltyTimeMs":0,"penaltyTime":"PT0S","totalTimeMs":14244500,"totalTime":"PT3H57M24.5S","position":30,"diffFirstMs":3460100,"diffFirst":"PT57M40.1S","diffPrevMs":346500,"diffPrev":"PT5M46.5S"},{"entryId":19587,"stageTimeMs":14265600,"stageTime":"PT3H57M45.6S","penaltyTimeMs":0,"penaltyTime":"PT0S","totalTimeMs":14265600,"totalTime":"PT3H57M45.6S","position":31,"diffFirstMs":3481200,"diffFirst":"PT58M1.2S","diffPrevMs":21100,"diffPrev":"PT21.1S"},{"entryId":19624,"stageTimeMs":14288800,"stageTime":"PT3H58M8.8S","penaltyTimeMs":0,"penaltyTime":"PT0S","totalTimeMs":14288800,"totalTime":"PT3H58M8.8S","position":32,"diffFirstMs":3504400,"diffFirst":"PT58M24.4S","diffPrevMs":23200,"diffPrev":"PT23.2S"},{"entryId":19608,"stageTimeMs":14457100,"stageTime":"PT4H57.1S","penaltyTimeMs":0,"penaltyTime":"PT0S","totalTimeMs":14457100,"totalTime":"PT4H57.1S","position":33,"diffFirstMs":3672700,"diffFirst":"PT1H1M12.7S","diffPrevMs":168300,"diffPrev":"PT2M48.3S"},{"entryId":19610,"stageTimeMs":14457900,"stageTime":"PT4H57.9S","penaltyTimeMs":10000,"penaltyTime":"PT10S","totalTimeMs":14467900,"totalTime":"PT4H1M7.9S","position":34,"diffFirstMs":3683500,"diffFirst":"PT1H1M23.5S","diffPrevMs":10800,"diffPrev":"PT10.8S"},{"entryId":19593,"stageTimeMs":14562700,"stageTime":"PT4H2M42.7S","penaltyTimeMs":0,"penaltyTime":"PT0S","totalTimeMs":14562700,"totalTime":"PT4H2M42.7S","position":35,"diffFirstMs":3778300,"diffFirst":"PT1H2M58.3S","diffPrevMs":94800,"diffPrev":"PT1M34.8S"},{"entryId":19617,"stageTimeMs":14860800,"stageTime":"PT4H7M40.8S","penaltyTimeMs":60000,"penaltyTime":"PT1M","totalTimeMs":14920800,"totalTime":"PT4H8M40.8S","position":36,"diffFirstMs":4136400,"diffFirst":"PT1H8M56.4S","diffPrevMs":358100,"diffPrev":"PT5M58.1S"},{"entryId":19596,"stageTimeMs":15170700,"stageTime":"PT4H12M50.7S","penaltyTimeMs":0,"penaltyTime":"PT0S","totalTimeMs":15170700,"totalTime":"PT4H12M50.7S","position":37,"diffFirstMs":4386300,"diffFirst":"PT1H13M6.3S","diffPrevMs":249900,"diffPrev":"PT4M9.9S"}]