{"splitPoints":[{"splitPointId":1821,"stageId":887,"number":1,"distance":3.97},{"splitPointId":1822,"stageId":887,"number":3,"distance":9.93},{"splitPointId":1823,"stageId":887,"number":2,"distance":7.01},{"splitPointId":1824,"stageId":887,"number":4,"distance":14.3},{"splitPointId":1825,"stageId":887,"number":5,"distance":16.22}],"controls":[{"controlId":3693,"eventId":78,"stageId":887,"type":"FlyingFinish","code":"SF8","location":"CURBANS - PIEGUT 2","timingPrecision":"Tenth","distance":null,"targetDuration":null,"targetDurationMs":null,"firstCarDueDateTime":null,"firstCarDueDateTimeLocal":null,"status":"Completed","controlPenalties":"None","roundingPolicy":"NoRounding","locked":false},{"controlId":3709,"eventId":78,"stageId":887,"type":"StageStart","code":"SS8","location":"CURBANS - PIEGUT 2","timingPrecision":"Minute","distance":18.47,"targetDuration":"00:03:00","targetDurationMs":180000,"firstCarDueDateTime":"2019-01-25T15:49:00","firstCarDueDateTimeLocal":"2019-01-25T16:49:00+01:00","status":"Completed","controlPenalties":"None","roundingPolicy":"RoundToClosestMinute","locked":false},{"controlId":3717,"eventId":78,"stageId":887,"type":"TimeControl","code":"TC8","location":"CURBANS","timingPrecision":"Minute","distance":47.29,"targetDuration":"01:20:00","targetDurationMs":4800000,"firstCarDueDateTime":"2019-01-25T15:46:00","firstCarDueDateTimeLocal":"2019-01-25T16:46:00+01:00","status":"Completed","controlPenalties":"All","roundingPolicy":"NoRounding","locked":false}],"stageId":887,"eventId":78,"number":8,"name":"CURBANS - PIEGUT 2","distance":18.47,"status":"Completed","stageType":"SpecialStage","timingPrecision":"Tenth","locked":false,"code":"SS8"}