[{"startDateTime":"2019-05-11T20:20:00","startDateTimeLocal":"2019-05-11T16:20:00-04:00","stageTimeDurationMs":637300,"stageTimeDuration":"00:10:37.3000000","splitPointTimeId":73314,"splitPointId":2311,"entryId":19577,"elapsedDurationMs":189300,"elapsedDuration":"PT3M9.3S","splitDateTime":"2019-05-11T20:23:09.3","splitDateTimeLocal":"2019-05-11T16:23:09.3-04:00"},{"startDateTime":"2019-05-11T20:23:00","startDateTimeLocal":"2019-05-11T16:23:00-04:00","stageTimeDurationMs":605300,"stageTimeDuration":"00:10:05.3000000","splitPointTimeId":73323,"splitPointId":2311,"entryId":19570,"elapsedDurationMs":178700,"elapsedDuration":"PT2M58.7S","splitDateTime":"2019-05-11T20:25:58.7","splitDateTimeLocal":"2019-05-11T16:25:58.7-04:00"},{"startDateTime":"2019-05-11T20:26:00","startDateTimeLocal":"2019-05-11T16:26:00-04:00","stageTimeDurationMs":613300,"stageTimeDuration":"00:10:13.3000000","splitPointTimeId":73332,"splitPointId":2311,"entryId":19578,"elapsedDurationMs":182500,"elapsedDuration":"PT3M2.5S","splitDateTime":"2019-05-11T20:29:02.5","splitDateTimeLocal":"2019-05-11T16:29:02.5-04:00"},{"startDateTime":"2019-05-11T20:29:00","startDateTimeLocal":"2019-05-11T16:29:00-04:00","stageTimeDurationMs":615600,"stageTimeDuration":"00:10:15.6000000","splitPointTimeId":73341,"splitPointId":2311,"entryId":19569,"elapsedDurationMs":184200,"elapsedDuration":"PT3M4.2S","splitDateTime":"2019-05-11T20:32:04.2","splitDateTimeLocal":"2019-05-11T16:32:04.2-04:00"},{"startDateTime":"2019-05-11T20:32:00","startDateTimeLocal":"2019-05-11T16:32:00-04:00","stageTimeDurationMs":601300,"stageTimeDuration":"00:10:01.3000000","splitPointTimeId":73352,"splitPointId":2311,"entryId":19576,"elapsedDurationMs":179300,"elapsedDuration":"PT2M59.3S","splitDateTime":"2019-05-11T20:34:59.3","splitDateTimeLocal":"2019-05-11T16:34:59.3-04:00"},{"startDateTime":"2019-05-11T20:35:00","startDateTimeLocal":"2019-05-11T16:35:00-04:00","stageTimeDurationMs":600600,"stageTimeDuration":"00:10:00.6000000","splitPointTimeId":73363,"splitPointId":2311,"entryId":19575,"elapsedDurationMs":179700,"elapsedDuration":"PT2M59.7S","splitDateTime":"2019-05-11T20:37:59.7","splitDateTimeLocal":"2019-05-11T16:37:59.7-04:00"},{"startDateTime":"2019-05-11T20:38:00","startDateTimeLocal":"2019-05-11T16:38:00-04:00","stageTimeDurationMs":614000,"stageTimeDuration":"00:10:14","splitPointTimeId":73374,"splitPointId":2311,"entryId":19571,"elapsedDurationMs":186700,"elapsedDuration":"PT3M6.7S","splitDateTime":"2019-05-11T20:41:06.7","splitDateTimeLocal":"2019-05-11T16:41:06.7-04:00"},{"startDateTime":"2019-05-11T20:41:00","startDateTimeLocal":"2019-05-11T16:41:00-04:00","stageTimeDurationMs":1200600,"stageTimeDuration":"00:20:00.6000000","splitPointTimeId":73382,"splitPointId":2311,"entryId":19573,"elapsedDurationMs":183400,"elapsedDuration":"PT3M3.4S","splitDateTime":"2019-05-11T20:44:03.4","splitDateTimeLocal":"2019-05-11T16:44:03.4-04:00"},{"startDateTime":"2019-05-11T20:44:00","startDateTimeLocal":"2019-05-11T16:44:00-04:00","stageTimeDurationMs":611600,"stageTimeDuration":"00:10:11.6000000","splitPointTimeId":73387,"splitPointId":2311,"entryId":19568,"elapsedDurationMs":185000,"elapsedDuration":"PT3M5S","splitDateTime":"2019-05-11T20:47:05","splitDateTimeLocal":"2019-05-11T16:47:05-04:00"},{"startDateTime":"2019-05-11T20:47:00","startDateTimeLocal":"2019-05-11T16:47:00-04:00","stageTimeDurationMs":614500,"stageTimeDuration":"00:10:14.5000000","splitPointTimeId":73396,"splitPointId":2311,"entryId":19572,"elapsedDurationMs":185700,"elapsedDuration":"PT3M5.7S","splitDateTime":"2019-05-11T20:50:05.7","splitDateTimeLocal":"2019-05-11T16:50:05.7-04:00"},{"startDateTime":"2019-05-11T20:49:00","startDateTimeLocal":"2019-05-11T16:49:00-04:00","stageTimeDurationMs":632500,"stageTimeDuration":"00:10:32.5000000","splitPointTimeId":73399,"splitPointId":2311,"entryId":19580,"elapsedDurationMs":192800,"elapsedDuration":"PT3M12.8S","splitDateTime":"2019-05-11T20:52:12.8","splitDateTimeLocal":"2019-05-11T16:52:12.8-04:00"},{"startDateTime":"2019-05-11T20:51:00","startDateTimeLocal":"2019-05-11T16:51:00-04:00","stageTimeDurationMs":636700,"stageTimeDuration":"00:10:36.7000000","splitPointTimeId":73404,"splitPointId":2311,"entryId":19581,"elapsedDurationMs":193700,"elapsedDuration":"PT3M13.7S","splitDateTime":"2019-05-11T20:54:13.7","splitDateTimeLocal":"2019-05-11T16:54:13.7-04:00"},{"startDateTime":"2019-05-11T20:53:00","startDateTimeLocal":"2019-05-11T16:53:00-04:00","stageTimeDurationMs":644200,"stageTimeDuration":"00:10:44.2000000","splitPointTimeId":73408,"splitPointId":2311,"entryId":19579,"elapsedDurationMs":197700,"elapsedDuration":"PT3M17.7S","splitDateTime":"2019-05-11T20:56:17.7","splitDateTimeLocal":"2019-05-11T16:56:17.7-04:00"},{"startDateTime":"2019-05-11T20:55:00","startDateTimeLocal":"2019-05-11T16:55:00-04:00","stageTimeDurationMs":658300,"stageTimeDuration":"00:10:58.3000000","splitPointTimeId":73412,"splitPointId":2311,"entryId":19582,"elapsedDurationMs":203700,"elapsedDuration":"PT3M23.7S","splitDateTime":"2019-05-11T20:58:23.7","splitDateTimeLocal":"2019-05-11T16:58:23.7-04:00"},{"startDateTime":"2019-05-11T20:57:00","startDateTimeLocal":"2019-05-11T16:57:00-04:00","stageTimeDurationMs":660500,"stageTimeDuration":"00:11:00.5000000","splitPointTimeId":73415,"splitPointId":2311,"entryId":19584,"elapsedDurationMs":197900,"elapsedDuration":"PT3M17.9S","splitDateTime":"2019-05-11T21:00:17.9","splitDateTimeLocal":"2019-05-11T17:00:17.9-04:00"},{"startDateTime":"2019-05-11T20:59:00","startDateTimeLocal":"2019-05-11T16:59:00-04:00","stageTimeDurationMs":647200,"stageTimeDuration":"00:10:47.2000000","splitPointTimeId":73417,"splitPointId":2311,"entryId":19586,"elapsedDurationMs":200000,"elapsedDuration":"PT3M20S","splitDateTime":"2019-05-11T21:02:20","splitDateTimeLocal":"2019-05-11T17:02:20-04:00"},{"startDateTime":"2019-05-11T21:01:00","startDateTimeLocal":"2019-05-11T17:01:00-04:00","stageTimeDurationMs":664800,"stageTimeDuration":"00:11:04.8000000","splitPointTimeId":73420,"splitPointId":2311,"entryId":19583,"elapsedDurationMs":203200,"elapsedDuration":"PT3M23.2S","splitDateTime":"2019-05-11T21:04:23.2","splitDateTimeLocal":"2019-05-11T17:04:23.2-04:00"},{"startDateTime":"2019-05-11T21:03:00","startDateTimeLocal":"2019-05-11T17:03:00-04:00","stageTimeDurationMs":680100,"stageTimeDuration":"00:11:20.1000000","splitPointTimeId":73424,"splitPointId":2311,"entryId":19594,"elapsedDurationMs":207100,"elapsedDuration":"PT3M27.1S","splitDateTime":"2019-05-11T21:06:27.1","splitDateTimeLocal":"2019-05-11T17:06:27.1-04:00"},{"startDateTime":"2019-05-11T21:05:00","startDateTimeLocal":"2019-05-11T17:05:00-04:00","stageTimeDurationMs":672100,"stageTimeDuration":"00:11:12.1000000","splitPointTimeId":73427,"splitPointId":2311,"entryId":19595,"elapsedDurationMs":205200,"elapsedDuration":"PT3M25.2S","splitDateTime":"2019-05-11T21:08:25.2","splitDateTimeLocal":"2019-05-11T17:08:25.2-04:00"},{"startDateTime":"2019-05-11T21:07:00","startDateTimeLocal":"2019-05-11T17:07:00-04:00","stageTimeDurationMs":672000,"stageTimeDuration":"00:11:12","splitPointTimeId":73429,"splitPointId":2311,"entryId":19600,"elapsedDurationMs":203700,"elapsedDuration":"PT3M23.7S","splitDateTime":"2019-05-11T21:10:23.7","splitDateTimeLocal":"2019-05-11T17:10:23.7-04:00"},{"startDateTime":"2019-05-11T21:09:00","startDateTimeLocal":"2019-05-11T17:09:00-04:00","stageTimeDurationMs":705300,"stageTimeDuration":"00:11:45.3000000","splitPointTimeId":73432,"splitPointId":2311,"entryId":19592,"elapsedDurationMs":209700,"elapsedDuration":"PT3M29.7S","splitDateTime":"2019-05-11T21:12:29.7","splitDateTimeLocal":"2019-05-11T17:12:29.7-04:00"},{"startDateTime":"2019-05-11T21:11:00","startDateTimeLocal":"2019-05-11T17:11:00-04:00","stageTimeDurationMs":727000,"stageTimeDuration":"00:12:07","splitPointTimeId":73434,"splitPointId":2311,"entryId":19588,"elapsedDurationMs":226700,"elapsedDuration":"PT3M46.7S","splitDateTime":"2019-05-11T21:14:46.7","splitDateTimeLocal":"2019-05-11T17:14:46.7-04:00"},{"startDateTime":"2019-05-11T21:13:00","startDateTimeLocal":"2019-05-11T17:13:00-04:00","stageTimeDurationMs":721200,"stageTimeDuration":"00:12:01.2000000","splitPointTimeId":73437,"splitPointId":2311,"entryId":19599,"elapsedDurationMs":220500,"elapsedDuration":"PT3M40.5S","splitDateTime":"2019-05-11T21:16:40.5","splitDateTimeLocal":"2019-05-11T17:16:40.5-04:00"},{"startDateTime":"2019-05-11T21:15:00","startDateTimeLocal":"2019-05-11T17:15:00-04:00","stageTimeDurationMs":711200,"stageTimeDuration":"00:11:51.2000000","splitPointTimeId":73441,"splitPointId":2311,"entryId":19597,"elapsedDurationMs":220600,"elapsedDuration":"PT3M40.6S","splitDateTime":"2019-05-11T21:18:40.6","splitDateTimeLocal":"2019-05-11T17:18:40.6-04:00"},{"startDateTime":"2019-05-11T21:17:00","startDateTimeLocal":"2019-05-11T17:17:00-04:00","stageTimeDurationMs":737600,"stageTimeDuration":"00:12:17.6000000","splitPointTimeId":73444,"splitPointId":2311,"entryId":19602,"elapsedDurationMs":228200,"elapsedDuration":"PT3M48.2S","splitDateTime":"2019-05-11T21:20:48.2","splitDateTimeLocal":"2019-05-11T17:20:48.2-04:00"},{"startDateTime":"2019-05-11T21:19:00","startDateTimeLocal":"2019-05-11T17:19:00-04:00","stageTimeDurationMs":760500,"stageTimeDuration":"00:12:40.5000000","splitPointTimeId":73447,"splitPointId":2311,"entryId":19591,"elapsedDurationMs":206000,"elapsedDuration":"PT3M26S","splitDateTime":"2019-05-11T21:22:26","splitDateTimeLocal":"2019-05-11T17:22:26-04:00"},{"startDateTime":"2019-05-11T21:21:00","startDateTimeLocal":"2019-05-11T17:21:00-04:00","stageTimeDurationMs":711700,"stageTimeDuration":"00:11:51.7000000","splitPointTimeId":73448,"splitPointId":2311,"entryId":19601,"elapsedDurationMs":206500,"elapsedDuration":"PT3M26.5S","splitDateTime":"2019-05-11T21:24:26.5","splitDateTimeLocal":"2019-05-11T17:24:26.5-04:00"},{"startDateTime":"2019-05-11T21:23:00","startDateTimeLocal":"2019-05-11T17:23:00-04:00","stageTimeDurationMs":665400,"stageTimeDuration":"00:11:05.4000000","splitPointTimeId":73453,"splitPointId":2311,"entryId":19593,"elapsedDurationMs":200000,"elapsedDuration":"PT3M20S","splitDateTime":"2019-05-11T21:26:20","splitDateTimeLocal":"2019-05-11T17:26:20-04:00"},{"startDateTime":"2019-05-11T21:25:00","startDateTimeLocal":"2019-05-11T17:25:00-04:00","stageTimeDurationMs":740200,"stageTimeDuration":"00:12:20.2000000","splitPointTimeId":73456,"splitPointId":2311,"entryId":19598,"elapsedDurationMs":226600,"elapsedDuration":"PT3M46.6S","splitDateTime":"2019-05-11T21:28:46.6","splitDateTimeLocal":"2019-05-11T17:28:46.6-04:00"},{"startDateTime":"2019-05-11T21:27:00","startDateTimeLocal":"2019-05-11T17:27:00-04:00","stageTimeDurationMs":734300,"stageTimeDuration":"00:12:14.3000000","splitPointTimeId":73459,"splitPointId":2311,"entryId":19587,"elapsedDurationMs":204000,"elapsedDuration":"PT3M24S","splitDateTime":"2019-05-11T21:30:24","splitDateTimeLocal":"2019-05-11T17:30:24-04:00"},{"startDateTime":"2019-05-11T21:29:00","startDateTimeLocal":"2019-05-11T17:29:00-04:00","stageTimeDurationMs":749900,"stageTimeDuration":"00:12:29.9000000","splitPointTimeId":73461,"splitPointId":2311,"entryId":19606,"elapsedDurationMs":226200,"elapsedDuration":"PT3M46.2S","splitDateTime":"2019-05-11T21:32:46.2","splitDateTimeLocal":"2019-05-11T17:32:46.2-04:00"},{"startDateTime":"2019-05-11T21:31:00","startDateTimeLocal":"2019-05-11T17:31:00-04:00","stageTimeDurationMs":751600,"stageTimeDuration":"00:12:31.6000000","splitPointTimeId":73467,"splitPointId":2311,"entryId":19625,"elapsedDurationMs":348200,"elapsedDuration":"PT5M48.2S","splitDateTime":"2019-05-11T21:36:48.2","splitDateTimeLocal":"2019-05-11T17:36:48.2-04:00"},{"startDateTime":"2019-05-11T21:33:00","startDateTimeLocal":"2019-05-11T17:33:00-04:00","stageTimeDurationMs":725600,"stageTimeDuration":"00:12:05.6000000","splitPointTimeId":73470,"splitPointId":2311,"entryId":19624,"elapsedDurationMs":299200,"elapsedDuration":"PT4M59.2S","splitDateTime":"2019-05-11T21:37:59.2","splitDateTimeLocal":"2019-05-11T17:37:59.2-04:00"},{"startDateTime":"2019-05-11T21:35:00","startDateTimeLocal":"2019-05-11T17:35:00-04:00","stageTimeDurationMs":770400,"stageTimeDuration":"00:12:50.4000000","splitPointTimeId":73472,"splitPointId":2311,"entryId":19620,"elapsedDurationMs":324200,"elapsedDuration":"PT5M24.2S","splitDateTime":"2019-05-11T21:40:24.2","splitDateTimeLocal":"2019-05-11T17:40:24.2-04:00"},{"startDateTime":"2019-05-11T21:37:00","startDateTimeLocal":"2019-05-11T17:37:00-04:00","stageTimeDurationMs":757000,"stageTimeDuration":"00:12:37","splitPointTimeId":73474,"splitPointId":2311,"entryId":19618,"elapsedDurationMs":316000,"elapsedDuration":"PT5M16S","splitDateTime":"2019-05-11T21:42:16","splitDateTimeLocal":"2019-05-11T17:42:16-04:00"},{"startDateTime":"2019-05-11T21:39:00","startDateTimeLocal":"2019-05-11T17:39:00-04:00","stageTimeDurationMs":760500,"stageTimeDuration":"00:12:40.5000000","splitPointTimeId":73476,"splitPointId":2311,"entryId":19612,"elapsedDurationMs":340500,"elapsedDuration":"PT5M40.5S","splitDateTime":"2019-05-11T21:44:40.5","splitDateTimeLocal":"2019-05-11T17:44:40.5-04:00"},{"startDateTime":"2019-05-11T21:41:00","startDateTimeLocal":"2019-05-11T17:41:00-04:00","stageTimeDurationMs":769100,"stageTimeDuration":"00:12:49.1000000","splitPointTimeId":73481,"splitPointId":2311,"entryId":19627,"elapsedDurationMs":383900,"elapsedDuration":"PT6M23.9S","splitDateTime":"2019-05-11T21:47:23.9","splitDateTimeLocal":"2019-05-11T17:47:23.9-04:00"},{"startDateTime":"2019-05-11T21:43:00","startDateTimeLocal":"2019-05-11T17:43:00-04:00","stageTimeDurationMs":794700,"stageTimeDuration":"00:13:14.7000000","splitPointTimeId":73482,"splitPointId":2311,"entryId":19617,"elapsedDurationMs":349600,"elapsedDuration":"PT5M49.6S","splitDateTime":"2019-05-11T21:48:49.6","splitDateTimeLocal":"2019-05-11T17:48:49.6-04:00"},{"startDateTime":"2019-05-11T21:45:00","startDateTimeLocal":"2019-05-11T17:45:00-04:00","stageTimeDurationMs":754800,"stageTimeDuration":"00:12:34.8000000","splitPointTimeId":73485,"splitPointId":2311,"entryId":19610,"elapsedDurationMs":345400,"elapsedDuration":"PT5M45.4S","splitDateTime":"2019-05-11T21:50:45.4","splitDateTimeLocal":"2019-05-11T17:50:45.4-04:00"},{"startDateTime":"2019-05-11T21:47:00","startDateTimeLocal":"2019-05-11T17:47:00-04:00","stageTimeDurationMs":760800,"stageTimeDuration":"00:12:40.8000000","splitPointTimeId":73488,"splitPointId":2311,"entryId":19608,"elapsedDurationMs":365700,"elapsedDuration":"PT6M5.7S","splitDateTime":"2019-05-11T21:53:05.7","splitDateTimeLocal":"2019-05-11T17:53:05.7-04:00"},{"startDateTime":"2019-05-11T21:51:00","startDateTimeLocal":"2019-05-11T17:51:00-04:00","stageTimeDurationMs":755300,"stageTimeDuration":"00:12:35.3000000","splitPointTimeId":73493,"splitPointId":2311,"entryId":19629,"elapsedDurationMs":394400,"elapsedDuration":"PT6M34.4S","splitDateTime":"2019-05-11T21:57:34.4","splitDateTimeLocal":"2019-05-11T17:57:34.4-04:00"},{"startDateTime":"2019-05-11T20:20:00","startDateTimeLocal":"2019-05-11T16:20:00-04:00","stageTimeDurationMs":637300,"stageTimeDuration":"00:10:37.3000000","splitPointTimeId":73322,"splitPointId":2314,"entryId":19577,"elapsedDurationMs":349600,"elapsedDuration":"PT5M49.6S","splitDateTime":"2019-05-11T20:25:49.6","splitDateTimeLocal":"2019-05-11T16:25:49.6-04:00"},{"startDateTime":"2019-05-11T20:23:00","startDateTimeLocal":"2019-05-11T16:23:00-04:00","stageTimeDurationMs":605300,"stageTimeDuration":"00:10:05.3000000","splitPointTimeId":73329,"splitPointId":2314,"entryId":19570,"elapsedDurationMs":328200,"elapsedDuration":"PT5M28.2S","splitDateTime":"2019-05-11T20:28:28.2","splitDateTimeLocal":"2019-05-11T16:28:28.2-04:00"},{"startDateTime":"2019-05-11T20:26:00","startDateTimeLocal":"2019-05-11T16:26:00-04:00","stageTimeDurationMs":613300,"stageTimeDuration":"00:10:13.3000000","splitPointTimeId":73340,"splitPointId":2314,"entryId":19578,"elapsedDurationMs":336000,"elapsedDuration":"PT5M36S","splitDateTime":"2019-05-11T20:31:36","splitDateTimeLocal":"2019-05-11T16:31:36-04:00"},{"startDateTime":"2019-05-11T20:29:00","startDateTimeLocal":"2019-05-11T16:29:00-04:00","stageTimeDurationMs":615600,"stageTimeDuration":"00:10:15.6000000","splitPointTimeId":73348,"splitPointId":2314,"entryId":19569,"elapsedDurationMs":337700,"elapsedDuration":"PT5M37.7S","splitDateTime":"2019-05-11T20:34:37.7","splitDateTimeLocal":"2019-05-11T16:34:37.7-04:00"},{"startDateTime":"2019-05-11T20:32:00","startDateTimeLocal":"2019-05-11T16:32:00-04:00","stageTimeDurationMs":601300,"stageTimeDuration":"00:10:01.3000000","splitPointTimeId":73358,"splitPointId":2314,"entryId":19576,"elapsedDurationMs":328000,"elapsedDuration":"PT5M28S","splitDateTime":"2019-05-11T20:37:28","splitDateTimeLocal":"2019-05-11T16:37:28-04:00"},{"startDateTime":"2019-05-11T20:35:00","startDateTimeLocal":"2019-05-11T16:35:00-04:00","stageTimeDurationMs":600600,"stageTimeDuration":"00:10:00.6000000","splitPointTimeId":73368,"splitPointId":2314,"entryId":19575,"elapsedDurationMs":327800,"elapsedDuration":"PT5M27.8S","splitDateTime":"2019-05-11T20:40:27.8","splitDateTimeLocal":"2019-05-11T16:40:27.8-04:00"},{"startDateTime":"2019-05-11T20:38:00","startDateTimeLocal":"2019-05-11T16:38:00-04:00","stageTimeDurationMs":614000,"stageTimeDuration":"00:10:14","splitPointTimeId":73381,"splitPointId":2314,"entryId":19571,"elapsedDurationMs":337900,"elapsedDuration":"PT5M37.9S","splitDateTime":"2019-05-11T20:43:37.9","splitDateTimeLocal":"2019-05-11T16:43:37.9-04:00"},{"startDateTime":"2019-05-11T20:44:00","startDateTimeLocal":"2019-05-11T16:44:00-04:00","stageTimeDurationMs":611600,"stageTimeDuration":"00:10:11.6000000","splitPointTimeId":73395,"splitPointId":2314,"entryId":19568,"elapsedDurationMs":338700,"elapsedDuration":"PT5M38.7S","splitDateTime":"2019-05-11T20:49:38.7","splitDateTimeLocal":"2019-05-11T16:49:38.7-04:00"},{"startDateTime":"2019-05-11T20:47:00","startDateTimeLocal":"2019-05-11T16:47:00-04:00","stageTimeDurationMs":614500,"stageTimeDuration":"00:10:14.5000000","splitPointTimeId":73401,"splitPointId":2314,"entryId":19572,"elapsedDurationMs":341000,"elapsedDuration":"PT5M41S","splitDateTime":"2019-05-11T20:52:41","splitDateTimeLocal":"2019-05-11T16:52:41-04:00"},{"startDateTime":"2019-05-11T20:49:00","startDateTimeLocal":"2019-05-11T16:49:00-04:00","stageTimeDurationMs":632500,"stageTimeDuration":"00:10:32.5000000","splitPointTimeId":73405,"splitPointId":2314,"entryId":19580,"elapsedDurationMs":351800,"elapsedDuration":"PT5M51.8S","splitDateTime":"2019-05-11T20:54:51.8","splitDateTimeLocal":"2019-05-11T16:54:51.8-04:00"},{"startDateTime":"2019-05-11T20:51:00","startDateTimeLocal":"2019-05-11T16:51:00-04:00","stageTimeDurationMs":636700,"stageTimeDuration":"00:10:36.7000000","splitPointTimeId":73410,"splitPointId":2314,"entryId":19581,"elapsedDurationMs":354700,"elapsedDuration":"PT5M54.7S","splitDateTime":"2019-05-11T20:56:54.7","splitDateTimeLocal":"2019-05-11T16:56:54.7-04:00"},{"startDateTime":"2019-05-11T20:53:00","startDateTimeLocal":"2019-05-11T16:53:00-04:00","stageTimeDurationMs":644200,"stageTimeDuration":"00:10:44.2000000","splitPointTimeId":73413,"splitPointId":2314,"entryId":19579,"elapsedDurationMs":361200,"elapsedDuration":"PT6M1.2S","splitDateTime":"2019-05-11T20:59:01.2","splitDateTimeLocal":"2019-05-11T16:59:01.2-04:00"},{"startDateTime":"2019-05-11T20:55:00","startDateTimeLocal":"2019-05-11T16:55:00-04:00","stageTimeDurationMs":658300,"stageTimeDuration":"00:10:58.3000000","splitPointTimeId":73416,"splitPointId":2314,"entryId":19582,"elapsedDurationMs":370900,"elapsedDuration":"PT6M10.9S","splitDateTime":"2019-05-11T21:01:10.9","splitDateTimeLocal":"2019-05-11T17:01:10.9-04:00"},{"startDateTime":"2019-05-11T20:57:00","startDateTimeLocal":"2019-05-11T16:57:00-04:00","stageTimeDurationMs":660500,"stageTimeDuration":"00:11:00.5000000","splitPointTimeId":73419,"splitPointId":2314,"entryId":19584,"elapsedDurationMs":363400,"elapsedDuration":"PT6M3.4S","splitDateTime":"2019-05-11T21:03:03.4","splitDateTimeLocal":"2019-05-11T17:03:03.4-04:00"},{"startDateTime":"2019-05-11T20:59:00","startDateTimeLocal":"2019-05-11T16:59:00-04:00","stageTimeDurationMs":647200,"stageTimeDuration":"00:10:47.2000000","splitPointTimeId":73422,"splitPointId":2314,"entryId":19586,"elapsedDurationMs":366700,"elapsedDuration":"PT6M6.7S","splitDateTime":"2019-05-11T21:05:06.7","splitDateTimeLocal":"2019-05-11T17:05:06.7-04:00"},{"startDateTime":"2019-05-11T21:01:00","startDateTimeLocal":"2019-05-11T17:01:00-04:00","stageTimeDurationMs":664800,"stageTimeDuration":"00:11:04.8000000","splitPointTimeId":73425,"splitPointId":2314,"entryId":19583,"elapsedDurationMs":374500,"elapsedDuration":"PT6M14.5S","splitDateTime":"2019-05-11T21:07:14.5","splitDateTimeLocal":"2019-05-11T17:07:14.5-04:00"},{"startDateTime":"2019-05-11T21:03:00","startDateTimeLocal":"2019-05-11T17:03:00-04:00","stageTimeDurationMs":680100,"stageTimeDuration":"00:11:20.1000000","splitPointTimeId":73428,"splitPointId":2314,"entryId":19594,"elapsedDurationMs":383700,"elapsedDuration":"PT6M23.7S","splitDateTime":"2019-05-11T21:09:23.7","splitDateTimeLocal":"2019-05-11T17:09:23.7-04:00"},{"startDateTime":"2019-05-11T21:05:00","startDateTimeLocal":"2019-05-11T17:05:00-04:00","stageTimeDurationMs":672100,"stageTimeDuration":"00:11:12.1000000","splitPointTimeId":73431,"splitPointId":2314,"entryId":19595,"elapsedDurationMs":379700,"elapsedDuration":"PT6M19.7S","splitDateTime":"2019-05-11T21:11:19.7","splitDateTimeLocal":"2019-05-11T17:11:19.7-04:00"},{"startDateTime":"2019-05-11T21:07:00","startDateTimeLocal":"2019-05-11T17:07:00-04:00","stageTimeDurationMs":672000,"stageTimeDuration":"00:11:12","splitPointTimeId":73436,"splitPointId":2314,"entryId":19600,"elapsedDurationMs":380600,"elapsedDuration":"PT6M20.6S","splitDateTime":"2019-05-11T21:13:20.6","splitDateTimeLocal":"2019-05-11T17:13:20.6-04:00"},{"startDateTime":"2019-05-11T21:09:00","startDateTimeLocal":"2019-05-11T17:09:00-04:00","stageTimeDurationMs":705300,"stageTimeDuration":"00:11:45.3000000","splitPointTimeId":73439,"splitPointId":2314,"entryId":19592,"elapsedDurationMs":405800,"elapsedDuration":"PT6M45.8S","splitDateTime":"2019-05-11T21:15:45.8","splitDateTimeLocal":"2019-05-11T17:15:45.8-04:00"},{"startDateTime":"2019-05-11T21:11:00","startDateTimeLocal":"2019-05-11T17:11:00-04:00","stageTimeDurationMs":727000,"stageTimeDuration":"00:12:07","splitPointTimeId":73440,"splitPointId":2314,"entryId":19588,"elapsedDurationMs":423200,"elapsedDuration":"PT7M3.2S","splitDateTime":"2019-05-11T21:18:03.2","splitDateTimeLocal":"2019-05-11T17:18:03.2-04:00"},{"startDateTime":"2019-05-11T21:13:00","startDateTimeLocal":"2019-05-11T17:13:00-04:00","stageTimeDurationMs":721200,"stageTimeDuration":"00:12:01.2000000","splitPointTimeId":73443,"splitPointId":2314,"entryId":19599,"elapsedDurationMs":414700,"elapsedDuration":"PT6M54.7S","splitDateTime":"2019-05-11T21:19:54.7","splitDateTimeLocal":"2019-05-11T17:19:54.7-04:00"},{"startDateTime":"2019-05-11T21:15:00","startDateTimeLocal":"2019-05-11T17:15:00-04:00","stageTimeDurationMs":711200,"stageTimeDuration":"00:11:51.2000000","splitPointTimeId":73446,"splitPointId":2314,"entryId":19597,"elapsedDurationMs":408400,"elapsedDuration":"PT6M48.4S","splitDateTime":"2019-05-11T21:21:48.4","splitDateTimeLocal":"2019-05-11T17:21:48.4-04:00"},{"startDateTime":"2019-05-11T21:17:00","startDateTimeLocal":"2019-05-11T17:17:00-04:00","stageTimeDurationMs":737600,"stageTimeDuration":"00:12:17.6000000","splitPointTimeId":73450,"splitPointId":2314,"entryId":19602,"elapsedDurationMs":422500,"elapsedDuration":"PT7M2.5S","splitDateTime":"2019-05-11T21:24:02.5","splitDateTimeLocal":"2019-05-11T17:24:02.5-04:00"},{"startDateTime":"2019-05-11T21:19:00","startDateTimeLocal":"2019-05-11T17:19:00-04:00","stageTimeDurationMs":760500,"stageTimeDuration":"00:12:40.5000000","splitPointTimeId":73452,"splitPointId":2314,"entryId":19591,"elapsedDurationMs":396200,"elapsedDuration":"PT6M36.2S","splitDateTime":"2019-05-11T21:25:36.2","splitDateTimeLocal":"2019-05-11T17:25:36.2-04:00"},{"startDateTime":"2019-05-11T21:21:00","startDateTimeLocal":"2019-05-11T17:21:00-04:00","stageTimeDurationMs":711700,"stageTimeDuration":"00:11:51.7000000","splitPointTimeId":73454,"splitPointId":2314,"entryId":19601,"elapsedDurationMs":383300,"elapsedDuration":"PT6M23.3S","splitDateTime":"2019-05-11T21:27:23.3","splitDateTimeLocal":"2019-05-11T17:27:23.3-04:00"},{"startDateTime":"2019-05-11T21:23:00","startDateTimeLocal":"2019-05-11T17:23:00-04:00","stageTimeDurationMs":665400,"stageTimeDuration":"00:11:05.4000000","splitPointTimeId":73457,"splitPointId":2314,"entryId":19593,"elapsedDurationMs":375700,"elapsedDuration":"PT6M15.7S","splitDateTime":"2019-05-11T21:29:15.7","splitDateTimeLocal":"2019-05-11T17:29:15.7-04:00"},{"startDateTime":"2019-05-11T21:25:00","startDateTimeLocal":"2019-05-11T17:25:00-04:00","stageTimeDurationMs":740200,"stageTimeDuration":"00:12:20.2000000","splitPointTimeId":73462,"splitPointId":2314,"entryId":19598,"elapsedDurationMs":422200,"elapsedDuration":"PT7M2.2S","splitDateTime":"2019-05-11T21:32:02.2","splitDateTimeLocal":"2019-05-11T17:32:02.2-04:00"},{"startDateTime":"2019-05-11T21:27:00","startDateTimeLocal":"2019-05-11T17:27:00-04:00","stageTimeDurationMs":734300,"stageTimeDuration":"00:12:14.3000000","splitPointTimeId":73464,"splitPointId":2314,"entryId":19587,"elapsedDurationMs":395700,"elapsedDuration":"PT6M35.7S","splitDateTime":"2019-05-11T21:33:35.7","splitDateTimeLocal":"2019-05-11T17:33:35.7-04:00"},{"startDateTime":"2019-05-11T21:29:00","startDateTimeLocal":"2019-05-11T17:29:00-04:00","stageTimeDurationMs":749900,"stageTimeDuration":"00:12:29.9000000","splitPointTimeId":73468,"splitPointId":2314,"entryId":19606,"elapsedDurationMs":431000,"elapsedDuration":"PT7M11S","splitDateTime":"2019-05-11T21:36:11","splitDateTimeLocal":"2019-05-11T17:36:11-04:00"},{"startDateTime":"2019-05-11T21:31:00","startDateTimeLocal":"2019-05-11T17:31:00-04:00","stageTimeDurationMs":751600,"stageTimeDuration":"00:12:31.6000000","splitPointTimeId":73473,"splitPointId":2314,"entryId":19625,"elapsedDurationMs":641100,"elapsedDuration":"PT10M41.1S","splitDateTime":"2019-05-11T21:41:41.1","splitDateTimeLocal":"2019-05-11T17:41:41.1-04:00"},{"startDateTime":"2019-05-11T21:33:00","startDateTimeLocal":"2019-05-11T17:33:00-04:00","stageTimeDurationMs":725600,"stageTimeDuration":"00:12:05.6000000","splitPointTimeId":73475,"splitPointId":2314,"entryId":19624,"elapsedDurationMs":554500,"elapsedDuration":"PT9M14.5S","splitDateTime":"2019-05-11T21:42:14.5","splitDateTimeLocal":"2019-05-11T17:42:14.5-04:00"},{"startDateTime":"2019-05-11T21:35:00","startDateTimeLocal":"2019-05-11T17:35:00-04:00","stageTimeDurationMs":770400,"stageTimeDuration":"00:12:50.4000000","splitPointTimeId":73477,"splitPointId":2314,"entryId":19620,"elapsedDurationMs":617200,"elapsedDuration":"PT10M17.2S","splitDateTime":"2019-05-11T21:45:17.2","splitDateTimeLocal":"2019-05-11T17:45:17.2-04:00"},{"startDateTime":"2019-05-11T21:37:00","startDateTimeLocal":"2019-05-11T17:37:00-04:00","stageTimeDurationMs":757000,"stageTimeDuration":"00:12:37","splitPointTimeId":73479,"splitPointId":2314,"entryId":19618,"elapsedDurationMs":600700,"elapsedDuration":"PT10M0.7S","splitDateTime":"2019-05-11T21:47:00.7","splitDateTimeLocal":"2019-05-11T17:47:00.7-04:00"},{"startDateTime":"2019-05-11T21:39:00","startDateTimeLocal":"2019-05-11T17:39:00-04:00","stageTimeDurationMs":760500,"stageTimeDuration":"00:12:40.5000000","splitPointTimeId":73483,"splitPointId":2314,"entryId":19612,"elapsedDurationMs":659000,"elapsedDuration":"PT10M59S","splitDateTime":"2019-05-11T21:49:59","splitDateTimeLocal":"2019-05-11T17:49:59-04:00"},{"startDateTime":"2019-05-11T21:41:00","startDateTimeLocal":"2019-05-11T17:41:00-04:00","stageTimeDurationMs":769100,"stageTimeDuration":"00:12:49.1000000","splitPointTimeId":73489,"splitPointId":2314,"entryId":19627,"elapsedDurationMs":725500,"elapsedDuration":"PT12M5.5S","splitDateTime":"2019-05-11T21:53:05.5","splitDateTimeLocal":"2019-05-11T17:53:05.5-04:00"},{"startDateTime":"2019-05-11T21:43:00","startDateTimeLocal":"2019-05-11T17:43:00-04:00","stageTimeDurationMs":794700,"stageTimeDuration":"00:13:14.7000000","splitPointTimeId":73490,"splitPointId":2314,"entryId":19617,"elapsedDurationMs":662200,"elapsedDuration":"PT11M2.2S","splitDateTime":"2019-05-11T21:54:02.2","splitDateTimeLocal":"2019-05-11T17:54:02.2-04:00"},{"startDateTime":"2019-05-11T21:45:00","startDateTimeLocal":"2019-05-11T17:45:00-04:00","stageTimeDurationMs":754800,"stageTimeDuration":"00:12:34.8000000","splitPointTimeId":73492,"splitPointId":2314,"entryId":19610,"elapsedDurationMs":647700,"elapsedDuration":"PT10M47.7S","splitDateTime":"2019-05-11T21:55:47.7","splitDateTimeLocal":"2019-05-11T17:55:47.7-04:00"},{"startDateTime":"2019-05-11T21:47:00","startDateTimeLocal":"2019-05-11T17:47:00-04:00","stageTimeDurationMs":760800,"stageTimeDuration":"00:12:40.8000000","splitPointTimeId":73494,"splitPointId":2314,"entryId":19608,"elapsedDurationMs":692200,"elapsedDuration":"PT11M32.2S","splitDateTime":"2019-05-11T21:58:32.2","splitDateTimeLocal":"2019-05-11T17:58:32.2-04:00"},{"startDateTime":"2019-05-11T21:51:00","startDateTimeLocal":"2019-05-11T17:51:00-04:00","stageTimeDurationMs":755300,"stageTimeDuration":"00:12:35.3000000","splitPointTimeId":73498,"splitPointId":2314,"entryId":19629,"elapsedDurationMs":741100,"elapsedDuration":"PT12M21.1S","splitDateTime":"2019-05-11T22:03:21.1","splitDateTimeLocal":"2019-05-11T18:03:21.1-04:00"},{"startDateTime":"2019-05-11T20:20:00","startDateTimeLocal":"2019-05-11T16:20:00-04:00","stageTimeDurationMs":637300,"stageTimeDuration":"00:10:37.3000000","splitPointTimeId":73333,"splitPointId":2316,"entryId":19577,"elapsedDurationMs":550800,"elapsedDuration":"PT9M10.8S","splitDateTime":"2019-05-11T20:29:10.8","splitDateTimeLocal":"2019-05-11T16:29:10.8-04:00"},{"startDateTime":"2019-05-11T20:23:00","startDateTimeLocal":"2019-05-11T16:23:00-04:00","stageTimeDurationMs":605300,"stageTimeDuration":"00:10:05.3000000","splitPointTimeId":73339,"splitPointId":2316,"entryId":19570,"elapsedDurationMs":521000,"elapsedDuration":"PT8M41S","splitDateTime":"2019-05-11T20:31:41","splitDateTimeLocal":"2019-05-11T16:31:41-04:00"},{"startDateTime":"2019-05-11T20:26:00","startDateTimeLocal":"2019-05-11T16:26:00-04:00","stageTimeDurationMs":613300,"stageTimeDuration":"00:10:13.3000000","splitPointTimeId":73350,"splitPointId":2316,"entryId":19578,"elapsedDurationMs":529300,"elapsedDuration":"PT8M49.3S","splitDateTime":"2019-05-11T20:34:49.3","splitDateTimeLocal":"2019-05-11T16:34:49.3-04:00"},{"startDateTime":"2019-05-11T20:29:00","startDateTimeLocal":"2019-05-11T16:29:00-04:00","stageTimeDurationMs":615600,"stageTimeDuration":"00:10:15.6000000","splitPointTimeId":73362,"splitPointId":2316,"entryId":19569,"elapsedDurationMs":530900,"elapsedDuration":"PT8M50.9S","splitDateTime":"2019-05-11T20:37:50.9","splitDateTimeLocal":"2019-05-11T16:37:50.9-04:00"},{"startDateTime":"2019-05-11T20:32:00","startDateTimeLocal":"2019-05-11T16:32:00-04:00","stageTimeDurationMs":601300,"stageTimeDuration":"00:10:01.3000000","splitPointTimeId":73371,"splitPointId":2316,"entryId":19576,"elapsedDurationMs":518000,"elapsedDuration":"PT8M38S","splitDateTime":"2019-05-11T20:40:38","splitDateTimeLocal":"2019-05-11T16:40:38-04:00"},{"startDateTime":"2019-05-11T20:35:00","startDateTimeLocal":"2019-05-11T16:35:00-04:00","stageTimeDurationMs":600600,"stageTimeDuration":"00:10:00.6000000","splitPointTimeId":73379,"splitPointId":2316,"entryId":19575,"elapsedDurationMs":517200,"elapsedDuration":"PT8M37.2S","splitDateTime":"2019-05-11T20:43:37.2","splitDateTimeLocal":"2019-05-11T16:43:37.2-04:00"},{"startDateTime":"2019-05-11T20:38:00","startDateTimeLocal":"2019-05-11T16:38:00-04:00","stageTimeDurationMs":614000,"stageTimeDuration":"00:10:14","splitPointTimeId":73386,"splitPointId":2316,"entryId":19571,"elapsedDurationMs":530500,"elapsedDuration":"PT8M50.5S","splitDateTime":"2019-05-11T20:46:50.5","splitDateTimeLocal":"2019-05-11T16:46:50.5-04:00"},{"startDateTime":"2019-05-11T20:44:00","startDateTimeLocal":"2019-05-11T16:44:00-04:00","stageTimeDurationMs":611600,"stageTimeDuration":"00:10:11.6000000","splitPointTimeId":73402,"splitPointId":2316,"entryId":19568,"elapsedDurationMs":528800,"elapsedDuration":"PT8M48.8S","splitDateTime":"2019-05-11T20:52:48.8","splitDateTimeLocal":"2019-05-11T16:52:48.8-04:00"},{"startDateTime":"2019-05-11T20:47:00","startDateTimeLocal":"2019-05-11T16:47:00-04:00","stageTimeDurationMs":614500,"stageTimeDuration":"00:10:14.5000000","splitPointTimeId":73407,"splitPointId":2316,"entryId":19572,"elapsedDurationMs":532600,"elapsedDuration":"PT8M52.6S","splitDateTime":"2019-05-11T20:55:52.6","splitDateTimeLocal":"2019-05-11T16:55:52.6-04:00"},{"startDateTime":"2019-05-11T20:49:00","startDateTimeLocal":"2019-05-11T16:49:00-04:00","stageTimeDurationMs":632500,"stageTimeDuration":"00:10:32.5000000","splitPointTimeId":73411,"splitPointId":2316,"entryId":19580,"elapsedDurationMs":547500,"elapsedDuration":"PT9M7.5S","splitDateTime":"2019-05-11T20:58:07.5","splitDateTimeLocal":"2019-05-11T16:58:07.5-04:00"},{"startDateTime":"2019-05-11T20:51:00","startDateTimeLocal":"2019-05-11T16:51:00-04:00","stageTimeDurationMs":636700,"stageTimeDuration":"00:10:36.7000000","splitPointTimeId":73414,"splitPointId":2316,"entryId":19581,"elapsedDurationMs":552300,"elapsedDuration":"PT9M12.3S","splitDateTime":"2019-05-11T21:00:12.3","splitDateTimeLocal":"2019-05-11T17:00:12.3-04:00"},{"startDateTime":"2019-05-11T20:53:00","startDateTimeLocal":"2019-05-11T16:53:00-04:00","stageTimeDurationMs":644200,"stageTimeDuration":"00:10:44.2000000","splitPointTimeId":73418,"splitPointId":2316,"entryId":19579,"elapsedDurationMs":559400,"elapsedDuration":"PT9M19.4S","splitDateTime":"2019-05-11T21:02:19.4","splitDateTimeLocal":"2019-05-11T17:02:19.4-04:00"},{"startDateTime":"2019-05-11T20:55:00","startDateTimeLocal":"2019-05-11T16:55:00-04:00","stageTimeDurationMs":658300,"stageTimeDuration":"00:10:58.3000000","splitPointTimeId":73421,"splitPointId":2316,"entryId":19582,"elapsedDurationMs":569300,"elapsedDuration":"PT9M29.3S","splitDateTime":"2019-05-11T21:04:29.3","splitDateTimeLocal":"2019-05-11T17:04:29.3-04:00"},{"startDateTime":"2019-05-11T20:57:00","startDateTimeLocal":"2019-05-11T16:57:00-04:00","stageTimeDurationMs":660500,"stageTimeDuration":"00:11:00.5000000","splitPointTimeId":73423,"splitPointId":2316,"entryId":19584,"elapsedDurationMs":564100,"elapsedDuration":"PT9M24.1S","splitDateTime":"2019-05-11T21:06:24.1","splitDateTimeLocal":"2019-05-11T17:06:24.1-04:00"},{"startDateTime":"2019-05-11T20:59:00","startDateTimeLocal":"2019-05-11T16:59:00-04:00","stageTimeDurationMs":647200,"stageTimeDuration":"00:10:47.2000000","splitPointTimeId":73426,"splitPointId":2316,"entryId":19586,"elapsedDurationMs":562600,"elapsedDuration":"PT9M22.6S","splitDateTime":"2019-05-11T21:08:22.6","splitDateTimeLocal":"2019-05-11T17:08:22.6-04:00"},{"startDateTime":"2019-05-11T21:01:00","startDateTimeLocal":"2019-05-11T17:01:00-04:00","stageTimeDurationMs":664800,"stageTimeDuration":"00:11:04.8000000","splitPointTimeId":73430,"splitPointId":2316,"entryId":19583,"elapsedDurationMs":576800,"elapsedDuration":"PT9M36.8S","splitDateTime":"2019-05-11T21:10:36.8","splitDateTimeLocal":"2019-05-11T17:10:36.8-04:00"},{"startDateTime":"2019-05-11T21:03:00","startDateTimeLocal":"2019-05-11T17:03:00-04:00","stageTimeDurationMs":680100,"stageTimeDuration":"00:11:20.1000000","splitPointTimeId":73433,"splitPointId":2316,"entryId":19594,"elapsedDurationMs":591600,"elapsedDuration":"PT9M51.6S","splitDateTime":"2019-05-11T21:12:51.6","splitDateTimeLocal":"2019-05-11T17:12:51.6-04:00"},{"startDateTime":"2019-05-11T21:05:00","startDateTimeLocal":"2019-05-11T17:05:00-04:00","stageTimeDurationMs":672100,"stageTimeDuration":"00:11:12.1000000","splitPointTimeId":73435,"splitPointId":2316,"entryId":19595,"elapsedDurationMs":584500,"elapsedDuration":"PT9M44.5S","splitDateTime":"2019-05-11T21:14:44.5","splitDateTimeLocal":"2019-05-11T17:14:44.5-04:00"},{"startDateTime":"2019-05-11T21:07:00","startDateTimeLocal":"2019-05-11T17:07:00-04:00","stageTimeDurationMs":672000,"stageTimeDuration":"00:11:12","splitPointTimeId":73438,"splitPointId":2316,"entryId":19600,"elapsedDurationMs":585900,"elapsedDuration":"PT9M45.9S","splitDateTime":"2019-05-11T21:16:45.9","splitDateTimeLocal":"2019-05-11T17:16:45.9-04:00"},{"startDateTime":"2019-05-11T21:09:00","startDateTimeLocal":"2019-05-11T17:09:00-04:00","stageTimeDurationMs":705300,"stageTimeDuration":"00:11:45.3000000","splitPointTimeId":73442,"splitPointId":2316,"entryId":19592,"elapsedDurationMs":616500,"elapsedDuration":"PT10M16.5S","splitDateTime":"2019-05-11T21:19:16.5","splitDateTimeLocal":"2019-05-11T17:19:16.5-04:00"},{"startDateTime":"2019-05-11T21:11:00","startDateTimeLocal":"2019-05-11T17:11:00-04:00","stageTimeDurationMs":727000,"stageTimeDuration":"00:12:07","splitPointTimeId":73445,"splitPointId":2316,"entryId":19588,"elapsedDurationMs":636800,"elapsedDuration":"PT10M36.8S","splitDateTime":"2019-05-11T21:21:36.8","splitDateTimeLocal":"2019-05-11T17:21:36.8-04:00"},{"startDateTime":"2019-05-11T21:13:00","startDateTimeLocal":"2019-05-11T17:13:00-04:00","stageTimeDurationMs":721200,"stageTimeDuration":"00:12:01.2000000","splitPointTimeId":73449,"splitPointId":2316,"entryId":19599,"elapsedDurationMs":631300,"elapsedDuration":"PT10M31.3S","splitDateTime":"2019-05-11T21:23:31.3","splitDateTimeLocal":"2019-05-11T17:23:31.3-04:00"},{"startDateTime":"2019-05-11T21:15:00","startDateTimeLocal":"2019-05-11T17:15:00-04:00","stageTimeDurationMs":711200,"stageTimeDuration":"00:11:51.2000000","splitPointTimeId":73451,"splitPointId":2316,"entryId":19597,"elapsedDurationMs":620900,"elapsedDuration":"PT10M20.9S","splitDateTime":"2019-05-11T21:25:20.9","splitDateTimeLocal":"2019-05-11T17:25:20.9-04:00"},{"startDateTime":"2019-05-11T21:17:00","startDateTimeLocal":"2019-05-11T17:17:00-04:00","stageTimeDurationMs":737600,"stageTimeDuration":"00:12:17.6000000","splitPointTimeId":73455,"splitPointId":2316,"entryId":19602,"elapsedDurationMs":644700,"elapsedDuration":"PT10M44.7S","splitDateTime":"2019-05-11T21:27:44.7","splitDateTimeLocal":"2019-05-11T17:27:44.7-04:00"},{"startDateTime":"2019-05-11T21:19:00","startDateTimeLocal":"2019-05-11T17:19:00-04:00","stageTimeDurationMs":760500,"stageTimeDuration":"00:12:40.5000000","splitPointTimeId":73458,"splitPointId":2316,"entryId":19591,"elapsedDurationMs":643300,"elapsedDuration":"PT10M43.3S","splitDateTime":"2019-05-11T21:29:43.3","splitDateTimeLocal":"2019-05-11T17:29:43.3-04:00"},{"startDateTime":"2019-05-11T21:21:00","startDateTimeLocal":"2019-05-11T17:21:00-04:00","stageTimeDurationMs":711700,"stageTimeDuration":"00:11:51.7000000","splitPointTimeId":73460,"splitPointId":2316,"entryId":19601,"elapsedDurationMs":609900,"elapsedDuration":"PT10M9.9S","splitDateTime":"2019-05-11T21:31:09.9","splitDateTimeLocal":"2019-05-11T17:31:09.9-04:00"},{"startDateTime":"2019-05-11T21:23:00","startDateTimeLocal":"2019-05-11T17:23:00-04:00","stageTimeDurationMs":665400,"stageTimeDuration":"00:11:05.4000000","splitPointTimeId":73463,"splitPointId":2316,"entryId":19593,"elapsedDurationMs":579200,"elapsedDuration":"PT9M39.2S","splitDateTime":"2019-05-11T21:32:39.2","splitDateTimeLocal":"2019-05-11T17:32:39.2-04:00"},{"startDateTime":"2019-05-11T21:25:00","startDateTimeLocal":"2019-05-11T17:25:00-04:00","stageTimeDurationMs":740200,"stageTimeDuration":"00:12:20.2000000","splitPointTimeId":73466,"splitPointId":2316,"entryId":19598,"elapsedDurationMs":644500,"elapsedDuration":"PT10M44.5S","splitDateTime":"2019-05-11T21:35:44.5","splitDateTimeLocal":"2019-05-11T17:35:44.5-04:00"},{"startDateTime":"2019-05-11T21:27:00","startDateTimeLocal":"2019-05-11T17:27:00-04:00","stageTimeDurationMs":734300,"stageTimeDuration":"00:12:14.3000000","splitPointTimeId":73469,"splitPointId":2316,"entryId":19587,"elapsedDurationMs":637800,"elapsedDuration":"PT10M37.8S","splitDateTime":"2019-05-11T21:37:37.8","splitDateTimeLocal":"2019-05-11T17:37:37.8-04:00"},{"startDateTime":"2019-05-11T21:29:00","startDateTimeLocal":"2019-05-11T17:29:00-04:00","stageTimeDurationMs":749900,"stageTimeDuration":"00:12:29.9000000","splitPointTimeId":73471,"splitPointId":2316,"entryId":19606,"elapsedDurationMs":655600,"elapsedDuration":"PT10M55.6S","splitDateTime":"2019-05-11T21:39:55.6","splitDateTimeLocal":"2019-05-11T17:39:55.6-04:00"},{"startDateTime":"2019-05-11T21:31:00","startDateTimeLocal":"2019-05-11T17:31:00-04:00","stageTimeDurationMs":751600,"stageTimeDuration":"00:12:31.6000000","splitPointTimeId":73478,"splitPointId":2316,"entryId":19625,"elapsedDurationMs":950800,"elapsedDuration":"PT15M50.8S","splitDateTime":"2019-05-11T21:46:50.8","splitDateTimeLocal":"2019-05-11T17:46:50.8-04:00"},{"startDateTime":"2019-05-11T21:33:00","startDateTimeLocal":"2019-05-11T17:33:00-04:00","stageTimeDurationMs":725600,"stageTimeDuration":"00:12:05.6000000","splitPointTimeId":73480,"splitPointId":2316,"entryId":19624,"elapsedDurationMs":855300,"elapsedDuration":"PT14M15.3S","splitDateTime":"2019-05-11T21:47:15.3","splitDateTimeLocal":"2019-05-11T17:47:15.3-04:00"},{"startDateTime":"2019-05-11T21:35:00","startDateTimeLocal":"2019-05-11T17:35:00-04:00","stageTimeDurationMs":770400,"stageTimeDuration":"00:12:50.4000000","splitPointTimeId":73484,"splitPointId":2316,"entryId":19620,"elapsedDurationMs":908800,"elapsedDuration":"PT15M8.8S","splitDateTime":"2019-05-11T21:50:08.8","splitDateTimeLocal":"2019-05-11T17:50:08.8-04:00"},{"startDateTime":"2019-05-11T21:37:00","startDateTimeLocal":"2019-05-11T17:37:00-04:00","stageTimeDurationMs":757000,"stageTimeDuration":"00:12:37","splitPointTimeId":73486,"splitPointId":2316,"entryId":19618,"elapsedDurationMs":900100,"elapsedDuration":"PT15M0.1S","splitDateTime":"2019-05-11T21:52:00.1","splitDateTimeLocal":"2019-05-11T17:52:00.1-04:00"},{"startDateTime":"2019-05-11T21:39:00","startDateTimeLocal":"2019-05-11T17:39:00-04:00","stageTimeDurationMs":760500,"stageTimeDuration":"00:12:40.5000000","splitPointTimeId":73491,"splitPointId":2316,"entryId":19612,"elapsedDurationMs":989900,"elapsedDuration":"PT16M29.9S","splitDateTime":"2019-05-11T21:55:29.9","splitDateTimeLocal":"2019-05-11T17:55:29.9-04:00"},{"startDateTime":"2019-05-11T21:41:00","startDateTimeLocal":"2019-05-11T17:41:00-04:00","stageTimeDurationMs":769100,"stageTimeDuration":"00:12:49.1000000","splitPointTimeId":73495,"splitPointId":2316,"entryId":19627,"elapsedDurationMs":1082800,"elapsedDuration":"PT18M2.8S","splitDateTime":"2019-05-11T21:59:02.8","splitDateTimeLocal":"2019-05-11T17:59:02.8-04:00"},{"startDateTime":"2019-05-11T21:43:00","startDateTimeLocal":"2019-05-11T17:43:00-04:00","stageTimeDurationMs":794700,"stageTimeDuration":"00:13:14.7000000","splitPointTimeId":73496,"splitPointId":2316,"entryId":19617,"elapsedDurationMs":1017500,"elapsedDuration":"PT16M57.5S","splitDateTime":"2019-05-11T21:59:57.5","splitDateTimeLocal":"2019-05-11T17:59:57.5-04:00"},{"startDateTime":"2019-05-11T21:45:00","startDateTimeLocal":"2019-05-11T17:45:00-04:00","stageTimeDurationMs":754800,"stageTimeDuration":"00:12:34.8000000","splitPointTimeId":73497,"splitPointId":2316,"entryId":19610,"elapsedDurationMs":960400,"elapsedDuration":"PT16M0.4S","splitDateTime":"2019-05-11T22:01:00.4","splitDateTimeLocal":"2019-05-11T18:01:00.4-04:00"},{"startDateTime":"2019-05-11T21:47:00","startDateTimeLocal":"2019-05-11T17:47:00-04:00","stageTimeDurationMs":760800,"stageTimeDuration":"00:12:40.8000000","splitPointTimeId":73499,"splitPointId":2316,"entryId":19608,"elapsedDurationMs":1000700,"elapsedDuration":"PT16M40.7S","splitDateTime":"2019-05-11T22:03:40.7","splitDateTimeLocal":"2019-05-11T18:03:40.7-04:00"},{"startDateTime":"2019-05-11T21:51:00","startDateTimeLocal":"2019-05-11T17:51:00-04:00","stageTimeDurationMs":755300,"stageTimeDuration":"00:12:35.3000000","splitPointTimeId":73500,"splitPointId":2316,"entryId":19629,"elapsedDurationMs":1125800,"elapsedDuration":"PT18M45.8S","splitDateTime":"2019-05-11T22:09:45.8","splitDateTimeLocal":"2019-05-11T18:09:45.8-04:00"}]