[{"retirementId":721,"controlId":4319,"entryId":19386,"reason":"MECHANICAL","retirementDateTime":"2019-03-29T09:19:00Z","retirementDateTimeLocal":"2019-03-29T10:19:00+01:00","status":"Rejoined"},{"retirementId":722,"controlId":4363,"entryId":19415,"reason":"MECHANICAL","retirementDateTime":"2019-03-29T10:05:00Z","retirementDateTimeLocal":"2019-03-29T11:05:00+01:00","status":"Permanent"},{"retirementId":723,"controlId":4327,"entryId":19376,"reason":"MECHANICAL","retirementDateTime":"2019-03-29T10:29:00Z","retirementDateTimeLocal":"2019-03-29T11:29:00+01:00","status":"Permanent"},{"retirementId":724,"controlId":4327,"entryId":19425,"reason":"MECHANICAL","retirementDateTime":"2019-03-29T10:55:00Z","retirementDateTimeLocal":"2019-03-29T11:55:00+01:00","status":"Permanent"},{"retirementId":725,"controlId":4319,"entryId":19369,"reason":"MECHANICAL","retirementDateTime":"2019-03-29T11:09:00Z","retirementDateTimeLocal":"2019-03-29T12:09:00+01:00","status":"Rejoined"},{"retirementId":726,"controlId":4327,"entryId":19375,"reason":"MECHANICAL","retirementDateTime":"2019-03-29T11:26:00Z","retirementDateTimeLocal":"2019-03-29T12:26:00+01:00","status":"Permanent"},{"retirementId":727,"controlId":4319,"entryId":19362,"reason":"MECHANICAL","retirementDateTime":"2019-03-29T11:29:00Z","retirementDateTimeLocal":"2019-03-29T12:29:00+01:00","status":"Rejoined"},{"retirementId":728,"controlId":4327,"entryId":19363,"reason":"MECHANICAL","retirementDateTime":"2019-03-29T11:30:00Z","retirementDateTimeLocal":"2019-03-29T12:30:00+01:00","status":"Permanent"},{"retirementId":729,"controlId":4327,"entryId":19393,"reason":"MECHANICAL","retirementDateTime":"2019-03-29T11:30:00Z","retirementDateTimeLocal":"2019-03-29T12:30:00+01:00","status":"Permanent"},{"retirementId":730,"controlId":4327,"entryId":19414,"reason":"MECHANICAL","retirementDateTime":"2019-03-29T11:30:00Z","retirementDateTimeLocal":"2019-03-29T12:30:00+01:00","status":"Permanent"},{"retirementId":731,"controlId":4319,"entryId":19421,"reason":"MECHANICAL","retirementDateTime":"2019-03-29T11:31:00Z","retirementDateTimeLocal":"2019-03-29T12:31:00+01:00","status":"Rejoined"},{"retirementId":732,"controlId":4319,"entryId":19424,"reason":"MECHANICAL","retirementDateTime":"2019-03-29T11:52:00Z","retirementDateTimeLocal":"2019-03-29T12:52:00+01:00","status":"Rejoined"},{"retirementId":733,"controlId":4327,"entryId":19399,"reason":"MECHANICAL","retirementDateTime":"2019-03-29T11:53:00Z","retirementDateTimeLocal":"2019-03-29T12:53:00+01:00","status":"Permanent"},{"retirementId":734,"controlId":4319,"entryId":19352,"reason":"MECHANICAL","retirementDateTime":"2019-03-29T14:28:00Z","retirementDateTimeLocal":"2019-03-29T15:28:00+01:00","status":"Rejoined"},{"retirementId":735,"controlId":4327,"entryId":19409,"reason":"MECHANICAL","retirementDateTime":"2019-03-29T15:26:00Z","retirementDateTimeLocal":"2019-03-29T16:26:00+01:00","status":"Permanent"},{"retirementId":736,"controlId":4327,"entryId":19417,"reason":"MECHANICAL","retirementDateTime":"2019-03-29T16:15:00Z","retirementDateTimeLocal":"2019-03-29T17:15:00+01:00","status":"Permanent"},{"retirementId":737,"controlId":4327,"entryId":19406,"reason":"MECHANICAL","retirementDateTime":"2019-03-29T17:00:00Z","retirementDateTimeLocal":"2019-03-29T18:00:00+01:00","status":"Permanent"},{"retirementId":738,"controlId":4319,"entryId":19428,"reason":"MECHANICAL","retirementDateTime":"2019-03-29T17:10:00Z","retirementDateTimeLocal":"2019-03-29T18:10:00+01:00","status":"Rejoined"},{"retirementId":739,"controlId":4327,"entryId":19378,"reason":"MECHANICAL","retirementDateTime":"2019-03-29T17:18:00Z","retirementDateTimeLocal":"2019-03-29T18:18:00+01:00","status":"Permanent"},{"retirementId":740,"controlId":4312,"entryId":19398,"reason":"MECHANICAL","retirementDateTime":"2019-03-30T07:28:00Z","retirementDateTimeLocal":"2019-03-30T08:28:00+01:00","status":"Permanent"},{"retirementId":741,"controlId":4313,"entryId":19426,"reason":"MECHANICAL","retirementDateTime":"2019-03-30T08:39:00Z","retirementDateTimeLocal":"2019-03-30T09:39:00+01:00","status":"Rejoined"},{"retirementId":742,"controlId":4313,"entryId":19351,"reason":"MECHANICAL","retirementDateTime":"2019-03-30T09:38:00Z","retirementDateTimeLocal":"2019-03-30T10:38:00+01:00","status":"Rejoined"},{"retirementId":743,"controlId":4313,"entryId":19403,"reason":"MECHANICAL","retirementDateTime":"2019-03-30T10:00:00Z","retirementDateTimeLocal":"2019-03-30T11:00:00+01:00","status":"Rejoined"},{"retirementId":744,"controlId":4344,"entryId":19348,"reason":"MECHANICAL","retirementDateTime":"2019-03-30T10:17:00Z","retirementDateTimeLocal":"2019-03-30T11:17:00+01:00","status":"Permanent"},{"retirementId":745,"controlId":4312,"entryId":19354,"reason":"MECHANICAL","retirementDateTime":"2019-03-30T10:18:00Z","retirementDateTimeLocal":"2019-03-30T11:18:00+01:00","status":"Permanent"},{"retirementId":746,"controlId":4312,"entryId":19387,"reason":"MECHANICAL","retirementDateTime":"2019-03-30T10:38:00Z","retirementDateTimeLocal":"2019-03-30T11:38:00+01:00","status":"Permanent"},{"retirementId":747,"controlId":4344,"entryId":19396,"reason":"MECHANICAL","retirementDateTime":"2019-03-30T11:11:00Z","retirementDateTimeLocal":"2019-03-30T12:11:00+01:00","status":"Permanent"},{"retirementId":748,"controlId":4313,"entryId":19360,"reason":"MECHANICAL","retirementDateTime":"2019-03-30T11:53:00Z","retirementDateTimeLocal":"2019-03-30T12:53:00+01:00","status":"Rejoined"},{"retirementId":749,"controlId":4312,"entryId":19388,"reason":"MECHANICAL","retirementDateTime":"2019-03-30T14:32:00Z","retirementDateTimeLocal":"2019-03-30T15:32:00+01:00","status":"Permanent"},{"retirementId":750,"controlId":4312,"entryId":19404,"reason":"MECHANICAL","retirementDateTime":"2019-03-30T15:24:00Z","retirementDateTimeLocal":"2019-03-30T16:24:00+01:00","status":"Permanent"},{"retirementId":751,"controlId":4312,"entryId":19408,"reason":"MECHANICAL","retirementDateTime":"2019-03-30T16:22:00Z","retirementDateTimeLocal":"2019-03-30T17:22:00+01:00","status":"Permanent"},{"retirementId":752,"controlId":4313,"entryId":19428,"reason":"MECHANICAL","retirementDateTime":"2019-03-30T16:56:00Z","retirementDateTimeLocal":"2019-03-30T17:56:00+01:00","status":"Rejoined"},{"retirementId":753,"controlId":4313,"entryId":19349,"reason":"MECHANICAL","retirementDateTime":"2019-03-30T18:31:00Z","retirementDateTimeLocal":"2019-03-30T19:31:00+01:00","status":"Rejoined"},{"retirementId":754,"controlId":4352,"entryId":19359,"reason":"MECHANICAL","retirementDateTime":"2019-03-30T18:31:00Z","retirementDateTimeLocal":"2019-03-30T19:31:00+01:00","status":"Permanent"},{"retirementId":755,"controlId":4313,"entryId":19431,"reason":"MECHANICAL","retirementDateTime":"2019-03-30T20:57:00Z","retirementDateTimeLocal":"2019-03-30T21:57:00+01:00","status":"Rejoined"},{"retirementId":756,"controlId":4315,"entryId":19426,"reason":"MECHANICAL","retirementDateTime":"2019-03-31T07:42:00Z","retirementDateTimeLocal":"2019-03-31T09:42:00+02:00","status":"Permanent"},{"retirementId":757,"controlId":4355,"entryId":19350,"reason":"MECHANICAL","retirementDateTime":"2019-03-31T08:45:00Z","retirementDateTimeLocal":"2019-03-31T10:45:00+02:00","status":"Permanent"},{"retirementId":758,"controlId":4353,"entryId":19421,"reason":"MECHANICAL","retirementDateTime":"2019-03-31T09:03:00Z","retirementDateTimeLocal":"2019-03-31T11:03:00+02:00","status":"Permanent"},{"retirementId":759,"controlId":4355,"entryId":19433,"reason":"MECHANICAL","retirementDateTime":"2019-03-31T09:21:00Z","retirementDateTimeLocal":"2019-03-31T11:21:00+02:00","status":"Permanent"},{"retirementId":760,"controlId":4359,"entryId":19401,"reason":"MECANICAL","retirementDateTime":"2019-03-31T12:19:00Z","retirementDateTimeLocal":"2019-03-31T14:19:00+02:00","status":"Permanent"}]