[{"entryId":19714,"stageTimeMs":11278400,"stageTime":"PT3H7M58.4S","penaltyTimeMs":0,"penaltyTime":"PT0S","totalTimeMs":11278400,"totalTime":"PT3H7M58.4S","position":1,"diffFirstMs":0,"diffFirst":"PT0S","diffPrevMs":0,"diffPrev":"PT0S"},{"entryId":19716,"stageTimeMs":11286500,"stageTime":"PT3H8M6.5S","penaltyTimeMs":0,"penaltyTime":"PT0S","totalTimeMs":11286500,"totalTime":"PT3H8M6.5S","position":2,"diffFirstMs":8100,"diffFirst":"PT8.1S","diffPrevMs":8100,"diffPrev":"PT8.1S"},{"entryId":19715,"stageTimeMs":11296500,"stageTime":"PT3H8M16.5S","penaltyTimeMs":0,"penaltyTime":"PT0S","totalTimeMs":11296500,"totalTime":"PT3H8M16.5S","position":3,"diffFirstMs":18100,"diffFirst":"PT18.1S","diffPrevMs":10000,"diffPrev":"PT10S"},{"entryId":19713,"stageTimeMs":11336200,"stageTime":"PT3H8M56.2S","penaltyTimeMs":0,"penaltyTime":"PT0S","totalTimeMs":11336200,"totalTime":"PT3H8M56.2S","position":4,"diffFirstMs":57800,"diffFirst":"PT57.8S","diffPrevMs":39700,"diffPrev":"PT39.7S"},{"entryId":19721,"stageTimeMs":11436600,"stageTime":"PT3H10M36.6S","penaltyTimeMs":0,"penaltyTime":"PT0S","totalTimeMs":11436600,"totalTime":"PT3H10M36.6S","position":5,"diffFirstMs":158200,"diffFirst":"PT2M38.2S","diffPrevMs":100400,"diffPrev":"PT1M40.4S"},{"entryId":19717,"stageTimeMs":11692100,"stageTime":"PT3H14M52.1S","penaltyTimeMs":0,"penaltyTime":"PT0S","totalTimeMs":11692100,"totalTime":"PT3H14M52.1S","position":6,"diffFirstMs":413700,"diffFirst":"PT6M53.7S","diffPrevMs":255500,"diffPrev":"PT4M15.5S"},{"entryId":19726,"stageTimeMs":11869100,"stageTime":"PT3H17M49.1S","penaltyTimeMs":0,"penaltyTime":"PT0S","totalTimeMs":11869100,"totalTime":"PT3H17M49.1S","position":7,"diffFirstMs":590700,"diffFirst":"PT9M50.7S","diffPrevMs":177000,"diffPrev":"PT2M57S"},{"entryId":19727,"stageTimeMs":11932300,"stageTime":"PT3H18M52.3S","penaltyTimeMs":0,"penaltyTime":"PT0S","totalTimeMs":11932300,"totalTime":"PT3H18M52.3S","position":8,"diffFirstMs":653900,"diffFirst":"PT10M53.9S","diffPrevMs":63200,"diffPrev":"PT1M3.2S"},{"entryId":19720,"stageTimeMs":11959800,"stageTime":"PT3H19M19.8S","penaltyTimeMs":0,"penaltyTime":"PT0S","totalTimeMs":11959800,"totalTime":"PT3H19M19.8S","position":9,"diffFirstMs":681400,"diffFirst":"PT11M21.4S","diffPrevMs":27500,"diffPrev":"PT27.5S"},{"entryId":19737,"stageTimeMs":11989000,"stageTime":"PT3H19M49S","penaltyTimeMs":0,"penaltyTime":"PT0S","totalTimeMs":11989000,"totalTime":"PT3H19M49S","position":10,"diffFirstMs":710600,"diffFirst":"PT11M50.6S","diffPrevMs":29200,"diffPrev":"PT29.2S"},{"entryId":19733,"stageTimeMs":12089800,"stageTime":"PT3H21M29.8S","penaltyTimeMs":0,"penaltyTime":"PT0S","totalTimeMs":12089800,"totalTime":"PT3H21M29.8S","position":11,"diffFirstMs":811400,"diffFirst":"PT13M31.4S","diffPrevMs":100800,"diffPrev":"PT1M40.8S"},{"entryId":19723,"stageTimeMs":12101500,"stageTime":"PT3H21M41.5S","penaltyTimeMs":0,"penaltyTime":"PT0S","totalTimeMs":12101500,"totalTime":"PT3H21M41.5S","position":12,"diffFirstMs":823100,"diffFirst":"PT13M43.1S","diffPrevMs":11700,"diffPrev":"PT11.7S"},{"entryId":19735,"stageTimeMs":12114100,"stageTime":"PT3H21M54.1S","penaltyTimeMs":0,"penaltyTime":"PT0S","totalTimeMs":12114100,"totalTime":"PT3H21M54.1S","position":13,"diffFirstMs":835700,"diffFirst":"PT13M55.7S","diffPrevMs":12600,"diffPrev":"PT12.6S"},{"entryId":19742,"stageTimeMs":12129400,"stageTime":"PT3H22M9.4S","penaltyTimeMs":0,"penaltyTime":"PT0S","totalTimeMs":12129400,"totalTime":"PT3H22M9.4S","position":14,"diffFirstMs":851000,"diffFirst":"PT14M11S","diffPrevMs":15300,"diffPrev":"PT15.3S"},{"entryId":19731,"stageTimeMs":12146200,"stageTime":"PT3H22M26.2S","penaltyTimeMs":0,"penaltyTime":"PT0S","totalTimeMs":12146200,"totalTime":"PT3H22M26.2S","position":15,"diffFirstMs":867800,"diffFirst":"PT14M27.8S","diffPrevMs":16800,"diffPrev":"PT16.8S"},{"entryId":19728,"stageTimeMs":12173300,"stageTime":"PT3H22M53.3S","penaltyTimeMs":10000,"penaltyTime":"PT10S","totalTimeMs":12183300,"totalTime":"PT3H23M3.3S","position":16,"diffFirstMs":904900,"diffFirst":"PT15M4.9S","diffPrevMs":37100,"diffPrev":"PT37.1S"},{"entryId":19732,"stageTimeMs":12281000,"stageTime":"PT3H24M41S","penaltyTimeMs":0,"penaltyTime":"PT0S","totalTimeMs":12281000,"totalTime":"PT3H24M41S","position":17,"diffFirstMs":1002600,"diffFirst":"PT16M42.6S","diffPrevMs":97700,"diffPrev":"PT1M37.7S"},{"entryId":19741,"stageTimeMs":12302600,"stageTime":"PT3H25M2.6S","penaltyTimeMs":0,"penaltyTime":"PT0S","totalTimeMs":12302600,"totalTime":"PT3H25M2.6S","position":18,"diffFirstMs":1024200,"diffFirst":"PT17M4.2S","diffPrevMs":21600,"diffPrev":"PT21.6S"},{"entryId":19734,"stageTimeMs":12382000,"stageTime":"PT3H26M22S","penaltyTimeMs":0,"penaltyTime":"PT0S","totalTimeMs":12382000,"totalTime":"PT3H26M22S","position":19,"diffFirstMs":1103600,"diffFirst":"PT18M23.6S","diffPrevMs":79400,"diffPrev":"PT1M19.4S"},{"entryId":19739,"stageTimeMs":12423700,"stageTime":"PT3H27M3.7S","penaltyTimeMs":0,"penaltyTime":"PT0S","totalTimeMs":12423700,"totalTime":"PT3H27M3.7S","position":20,"diffFirstMs":1145300,"diffFirst":"PT19M5.3S","diffPrevMs":41700,"diffPrev":"PT41.7S"},{"entryId":19745,"stageTimeMs":12443700,"stageTime":"PT3H27M23.7S","penaltyTimeMs":0,"penaltyTime":"PT0S","totalTimeMs":12443700,"totalTime":"PT3H27M23.7S","position":21,"diffFirstMs":1165300,"diffFirst":"PT19M25.3S","diffPrevMs":20000,"diffPrev":"PT20S"},{"entryId":19718,"stageTimeMs":12358100,"stageTime":"PT3H25M58.1S","penaltyTimeMs":380000,"penaltyTime":"PT6M20S","totalTimeMs":12738100,"totalTime":"PT3H32M18.1S","position":22,"diffFirstMs":1459700,"diffFirst":"PT24M19.7S","diffPrevMs":294400,"diffPrev":"PT4M54.4S"},{"entryId":19747,"stageTimeMs":12760100,"stageTime":"PT3H32M40.1S","penaltyTimeMs":0,"penaltyTime":"PT0S","totalTimeMs":12760100,"totalTime":"PT3H32M40.1S","position":23,"diffFirstMs":1481700,"diffFirst":"PT24M41.7S","diffPrevMs":22000,"diffPrev":"PT22S"},{"entryId":19743,"stageTimeMs":12862500,"stageTime":"PT3H34M22.5S","penaltyTimeMs":0,"penaltyTime":"PT0S","totalTimeMs":12862500,"totalTime":"PT3H34M22.5S","position":24,"diffFirstMs":1584100,"diffFirst":"PT26M24.1S","diffPrevMs":102400,"diffPrev":"PT1M42.4S"},{"entryId":19729,"stageTimeMs":12863000,"stageTime":"PT3H34M23S","penaltyTimeMs":0,"penaltyTime":"PT0S","totalTimeMs":12863000,"totalTime":"PT3H34M23S","position":25,"diffFirstMs":1584600,"diffFirst":"PT26M24.6S","diffPrevMs":500,"diffPrev":"PT0.5S"},{"entryId":19722,"stageTimeMs":12513900,"stageTime":"PT3H28M33.9S","penaltyTimeMs":400000,"penaltyTime":"PT6M40S","totalTimeMs":12913900,"totalTime":"PT3H35M13.9S","position":26,"diffFirstMs":1635500,"diffFirst":"PT27M15.5S","diffPrevMs":50900,"diffPrev":"PT50.9S"},{"entryId":19724,"stageTimeMs":12768800,"stageTime":"PT3H32M48.8S","penaltyTimeMs":250000,"penaltyTime":"PT4M10S","totalTimeMs":13018800,"totalTime":"PT3H36M58.8S","position":27,"diffFirstMs":1740400,"diffFirst":"PT29M0.4S","diffPrevMs":104900,"diffPrev":"PT1M44.9S"},{"entryId":19750,"stageTimeMs":13090900,"stageTime":"PT3H38M10.9S","penaltyTimeMs":0,"penaltyTime":"PT0S","totalTimeMs":13090900,"totalTime":"PT3H38M10.9S","position":28,"diffFirstMs":1812500,"diffFirst":"PT30M12.5S","diffPrevMs":72100,"diffPrev":"PT1M12.1S"},{"entryId":19736,"stageTimeMs":13390100,"stageTime":"PT3H43M10.1S","penaltyTimeMs":10000,"penaltyTime":"PT10S","totalTimeMs":13400100,"totalTime":"PT3H43M20.1S","position":29,"diffFirstMs":2121700,"diffFirst":"PT35M21.7S","diffPrevMs":309200,"diffPrev":"PT5M9.2S"},{"entryId":19725,"stageTimeMs":13716600,"stageTime":"PT3H48M36.6S","penaltyTimeMs":0,"penaltyTime":"PT0S","totalTimeMs":13716600,"totalTime":"PT3H48M36.6S","position":30,"diffFirstMs":2438200,"diffFirst":"PT40M38.2S","diffPrevMs":316500,"diffPrev":"PT5M16.5S"},{"entryId":19758,"stageTimeMs":13790100,"stageTime":"PT3H49M50.1S","penaltyTimeMs":0,"penaltyTime":"PT0S","totalTimeMs":13790100,"totalTime":"PT3H49M50.1S","position":31,"diffFirstMs":2511700,"diffFirst":"PT41M51.7S","diffPrevMs":73500,"diffPrev":"PT1M13.5S"},{"entryId":19770,"stageTimeMs":13823200,"stageTime":"PT3H50M23.2S","penaltyTimeMs":0,"penaltyTime":"PT0S","totalTimeMs":13823200,"totalTime":"PT3H50M23.2S","position":32,"diffFirstMs":2544800,"diffFirst":"PT42M24.8S","diffPrevMs":33100,"diffPrev":"PT33.1S"},{"entryId":19749,"stageTimeMs":13815700,"stageTime":"PT3H50M15.7S","penaltyTimeMs":40000,"penaltyTime":"PT40S","totalTimeMs":13855700,"totalTime":"PT3H50M55.7S","position":33,"diffFirstMs":2577300,"diffFirst":"PT42M57.3S","diffPrevMs":32500,"diffPrev":"PT32.5S"},{"entryId":19754,"stageTimeMs":15279900,"stageTime":"PT4H14M39.9S","penaltyTimeMs":0,"penaltyTime":"PT0S","totalTimeMs":15279900,"totalTime":"PT4H14M39.9S","position":34,"diffFirstMs":4001500,"diffFirst":"PT1H6M41.5S","diffPrevMs":1424200,"diffPrev":"PT23M44.2S"},{"entryId":19765,"stageTimeMs":15427000,"stageTime":"PT4H17M7S","penaltyTimeMs":0,"penaltyTime":"PT0S","totalTimeMs":15427000,"totalTime":"PT4H17M7S","position":35,"diffFirstMs":4148600,"diffFirst":"PT1H9M8.6S","diffPrevMs":147100,"diffPrev":"PT2M27.1S"},{"entryId":19769,"stageTimeMs":15825600,"stageTime":"PT4H23M45.6S","penaltyTimeMs":0,"penaltyTime":"PT0S","totalTimeMs":15825600,"totalTime":"PT4H23M45.6S","position":36,"diffFirstMs":4547200,"diffFirst":"PT1H15M47.2S","diffPrevMs":398600,"diffPrev":"PT6M38.6S"},{"entryId":19752,"stageTimeMs":16677300,"stageTime":"PT4H37M57.3S","penaltyTimeMs":70000,"penaltyTime":"PT1M10S","totalTimeMs":16747300,"totalTime":"PT4H39M7.3S","position":37,"diffFirstMs":5468900,"diffFirst":"PT1H31M8.9S","diffPrevMs":921700,"diffPrev":"PT15M21.7S"},{"entryId":19756,"stageTimeMs":18339300,"stageTime":"PT5H5M39.3S","penaltyTimeMs":0,"penaltyTime":"PT0S","totalTimeMs":18339300,"totalTime":"PT5H5M39.3S","position":38,"diffFirstMs":7060900,"diffFirst":"PT1H57M40.9S","diffPrevMs":1592000,"diffPrev":"PT26M32S"}]