{"splitPoints":[{"splitPointId":2485,"stageId":1239,"number":2,"distance":11.13},{"splitPointId":2486,"stageId":1239,"number":3,"distance":17.51},{"splitPointId":2487,"stageId":1239,"number":1,"distance":4.42},{"splitPointId":2490,"stageId":1239,"number":4,"distance":26.01}],"controls":[{"controlId":5189,"eventId":85,"stageId":1239,"type":"TimeControl","code":"TC12","location":"S'Agrostu","timingPrecision":"Minute","distance":1.78,"targetDuration":"00:49:00","targetDurationMs":2940000,"firstCarDueDateTime":"2019-06-15T08:00:00","firstCarDueDateTimeLocal":"2019-06-15T10:00:00+02:00","status":"Completed","controlPenalties":"All","roundingPolicy":"NoRounding","locked":false},{"controlId":5190,"eventId":85,"stageId":1239,"type":"StageStart","code":"SS12","location":"MONTE LERNO 1","timingPrecision":"Minute","distance":28.03,"targetDuration":"00:03:00","targetDurationMs":180000,"firstCarDueDateTime":"2019-06-15T08:03:00","firstCarDueDateTimeLocal":"2019-06-15T10:03:00+02:00","status":"Completed","controlPenalties":"None","roundingPolicy":"RoundToClosestMinute","locked":false},{"controlId":5191,"eventId":85,"stageId":1239,"type":"FlyingFinish","code":"SF12","location":"MONTE LERNO 1","timingPrecision":"Tenth","distance":null,"targetDuration":null,"targetDurationMs":null,"firstCarDueDateTime":null,"firstCarDueDateTimeLocal":null,"status":"Completed","controlPenalties":"None","roundingPolicy":"NoRounding","locked":false}],"stageId":1239,"eventId":85,"number":12,"name":"MONTE LERNO 1","distance":28.03,"status":"Completed","stageType":"SpecialStage","timingPrecision":"Tenth","locked":false,"code":"SS12"}