[{"entryId":19714,"stageTimeMs":4595000,"stageTime":"PT1H16M35S","penaltyTimeMs":0,"penaltyTime":"PT0S","totalTimeMs":4595000,"totalTime":"PT1H16M35S","position":1,"diffFirstMs":0,"diffFirst":"PT0S","diffPrevMs":0,"diffPrev":"PT0S"},{"entryId":19720,"stageTimeMs":4606300,"stageTime":"PT1H16M46.3S","penaltyTimeMs":0,"penaltyTime":"PT0S","totalTimeMs":4606300,"totalTime":"PT1H16M46.3S","position":2,"diffFirstMs":11300,"diffFirst":"PT11.3S","diffPrevMs":11300,"diffPrev":"PT11.3S"},{"entryId":19716,"stageTimeMs":4608800,"stageTime":"PT1H16M48.8S","penaltyTimeMs":0,"penaltyTime":"PT0S","totalTimeMs":4608800,"totalTime":"PT1H16M48.8S","position":3,"diffFirstMs":13800,"diffFirst":"PT13.8S","diffPrevMs":2500,"diffPrev":"PT2.5S"},{"entryId":19715,"stageTimeMs":4615900,"stageTime":"PT1H16M55.9S","penaltyTimeMs":0,"penaltyTime":"PT0S","totalTimeMs":4615900,"totalTime":"PT1H16M55.9S","position":4,"diffFirstMs":20900,"diffFirst":"PT20.9S","diffPrevMs":7100,"diffPrev":"PT7.1S"},{"entryId":19713,"stageTimeMs":4616400,"stageTime":"PT1H16M56.4S","penaltyTimeMs":0,"penaltyTime":"PT0S","totalTimeMs":4616400,"totalTime":"PT1H16M56.4S","position":5,"diffFirstMs":21400,"diffFirst":"PT21.4S","diffPrevMs":500,"diffPrev":"PT0.5S"},{"entryId":19721,"stageTimeMs":4676800,"stageTime":"PT1H17M56.8S","penaltyTimeMs":0,"penaltyTime":"PT0S","totalTimeMs":4676800,"totalTime":"PT1H17M56.8S","position":6,"diffFirstMs":81800,"diffFirst":"PT1M21.8S","diffPrevMs":60400,"diffPrev":"PT1M0.4S"},{"entryId":19719,"stageTimeMs":4684700,"stageTime":"PT1H18M4.7S","penaltyTimeMs":0,"penaltyTime":"PT0S","totalTimeMs":4684700,"totalTime":"PT1H18M4.7S","position":7,"diffFirstMs":89700,"diffFirst":"PT1M29.7S","diffPrevMs":7900,"diffPrev":"PT7.9S"},{"entryId":19723,"stageTimeMs":4685700,"stageTime":"PT1H18M5.7S","penaltyTimeMs":0,"penaltyTime":"PT0S","totalTimeMs":4685700,"totalTime":"PT1H18M5.7S","position":8,"diffFirstMs":90700,"diffFirst":"PT1M30.7S","diffPrevMs":1000,"diffPrev":"PT1S"},{"entryId":19726,"stageTimeMs":4854400,"stageTime":"PT1H20M54.4S","penaltyTimeMs":0,"penaltyTime":"PT0S","totalTimeMs":4854400,"totalTime":"PT1H20M54.4S","position":9,"diffFirstMs":259400,"diffFirst":"PT4M19.4S","diffPrevMs":168700,"diffPrev":"PT2M48.7S"},{"entryId":19730,"stageTimeMs":4855400,"stageTime":"PT1H20M55.4S","penaltyTimeMs":0,"penaltyTime":"PT0S","totalTimeMs":4855400,"totalTime":"PT1H20M55.4S","position":10,"diffFirstMs":260400,"diffFirst":"PT4M20.4S","diffPrevMs":1000,"diffPrev":"PT1S"},{"entryId":19727,"stageTimeMs":4867600,"stageTime":"PT1H21M7.6S","penaltyTimeMs":0,"penaltyTime":"PT0S","totalTimeMs":4867600,"totalTime":"PT1H21M7.6S","position":11,"diffFirstMs":272600,"diffFirst":"PT4M32.6S","diffPrevMs":12200,"diffPrev":"PT12.2S"},{"entryId":19717,"stageTimeMs":4875600,"stageTime":"PT1H21M15.6S","penaltyTimeMs":0,"penaltyTime":"PT0S","totalTimeMs":4875600,"totalTime":"PT1H21M15.6S","position":12,"diffFirstMs":280600,"diffFirst":"PT4M40.6S","diffPrevMs":8000,"diffPrev":"PT8S"},{"entryId":19737,"stageTimeMs":4880500,"stageTime":"PT1H21M20.5S","penaltyTimeMs":0,"penaltyTime":"PT0S","totalTimeMs":4880500,"totalTime":"PT1H21M20.5S","position":13,"diffFirstMs":285500,"diffFirst":"PT4M45.5S","diffPrevMs":4900,"diffPrev":"PT4.9S"},{"entryId":19731,"stageTimeMs":4899200,"stageTime":"PT1H21M39.2S","penaltyTimeMs":0,"penaltyTime":"PT0S","totalTimeMs":4899200,"totalTime":"PT1H21M39.2S","position":14,"diffFirstMs":304200,"diffFirst":"PT5M4.2S","diffPrevMs":18700,"diffPrev":"PT18.7S"},{"entryId":19729,"stageTimeMs":4924400,"stageTime":"PT1H22M4.4S","penaltyTimeMs":0,"penaltyTime":"PT0S","totalTimeMs":4924400,"totalTime":"PT1H22M4.4S","position":15,"diffFirstMs":329400,"diffFirst":"PT5M29.4S","diffPrevMs":25200,"diffPrev":"PT25.2S"},{"entryId":19733,"stageTimeMs":4935200,"stageTime":"PT1H22M15.2S","penaltyTimeMs":0,"penaltyTime":"PT0S","totalTimeMs":4935200,"totalTime":"PT1H22M15.2S","position":16,"diffFirstMs":340200,"diffFirst":"PT5M40.2S","diffPrevMs":10800,"diffPrev":"PT10.8S"},{"entryId":19742,"stageTimeMs":4938500,"stageTime":"PT1H22M18.5S","penaltyTimeMs":0,"penaltyTime":"PT0S","totalTimeMs":4938500,"totalTime":"PT1H22M18.5S","position":17,"diffFirstMs":343500,"diffFirst":"PT5M43.5S","diffPrevMs":3300,"diffPrev":"PT3.3S"},{"entryId":19735,"stageTimeMs":4964900,"stageTime":"PT1H22M44.9S","penaltyTimeMs":0,"penaltyTime":"PT0S","totalTimeMs":4964900,"totalTime":"PT1H22M44.9S","position":18,"diffFirstMs":369900,"diffFirst":"PT6M9.9S","diffPrevMs":26400,"diffPrev":"PT26.4S"},{"entryId":19728,"stageTimeMs":4977600,"stageTime":"PT1H22M57.6S","penaltyTimeMs":10000,"penaltyTime":"PT10S","totalTimeMs":4987600,"totalTime":"PT1H23M7.6S","position":19,"diffFirstMs":392600,"diffFirst":"PT6M32.6S","diffPrevMs":22700,"diffPrev":"PT22.7S"},{"entryId":19725,"stageTimeMs":4996500,"stageTime":"PT1H23M16.5S","penaltyTimeMs":0,"penaltyTime":"PT0S","totalTimeMs":4996500,"totalTime":"PT1H23M16.5S","position":20,"diffFirstMs":401500,"diffFirst":"PT6M41.5S","diffPrevMs":8900,"diffPrev":"PT8.9S"},{"entryId":19732,"stageTimeMs":4998000,"stageTime":"PT1H23M18S","penaltyTimeMs":0,"penaltyTime":"PT0S","totalTimeMs":4998000,"totalTime":"PT1H23M18S","position":21,"diffFirstMs":403000,"diffFirst":"PT6M43S","diffPrevMs":1500,"diffPrev":"PT1.5S"},{"entryId":19741,"stageTimeMs":5006100,"stageTime":"PT1H23M26.1S","penaltyTimeMs":0,"penaltyTime":"PT0S","totalTimeMs":5006100,"totalTime":"PT1H23M26.1S","position":22,"diffFirstMs":411100,"diffFirst":"PT6M51.1S","diffPrevMs":8100,"diffPrev":"PT8.1S"},{"entryId":19738,"stageTimeMs":5048600,"stageTime":"PT1H24M8.6S","penaltyTimeMs":10000,"penaltyTime":"PT10S","totalTimeMs":5058600,"totalTime":"PT1H24M18.6S","position":23,"diffFirstMs":463600,"diffFirst":"PT7M43.6S","diffPrevMs":52500,"diffPrev":"PT52.5S"},{"entryId":19734,"stageTimeMs":5071900,"stageTime":"PT1H24M31.9S","penaltyTimeMs":0,"penaltyTime":"PT0S","totalTimeMs":5071900,"totalTime":"PT1H24M31.9S","position":24,"diffFirstMs":476900,"diffFirst":"PT7M56.9S","diffPrevMs":13300,"diffPrev":"PT13.3S"},{"entryId":19745,"stageTimeMs":5111100,"stageTime":"PT1H25M11.1S","penaltyTimeMs":0,"penaltyTime":"PT0S","totalTimeMs":5111100,"totalTime":"PT1H25M11.1S","position":25,"diffFirstMs":516100,"diffFirst":"PT8M36.1S","diffPrevMs":39200,"diffPrev":"PT39.2S"},{"entryId":19739,"stageTimeMs":5112500,"stageTime":"PT1H25M12.5S","penaltyTimeMs":0,"penaltyTime":"PT0S","totalTimeMs":5112500,"totalTime":"PT1H25M12.5S","position":26,"diffFirstMs":517500,"diffFirst":"PT8M37.5S","diffPrevMs":1400,"diffPrev":"PT1.4S"},{"entryId":19747,"stageTimeMs":5210700,"stageTime":"PT1H26M50.7S","penaltyTimeMs":0,"penaltyTime":"PT0S","totalTimeMs":5210700,"totalTime":"PT1H26M50.7S","position":27,"diffFirstMs":615700,"diffFirst":"PT10M15.7S","diffPrevMs":98200,"diffPrev":"PT1M38.2S"},{"entryId":19743,"stageTimeMs":5236800,"stageTime":"PT1H27M16.8S","penaltyTimeMs":0,"penaltyTime":"PT0S","totalTimeMs":5236800,"totalTime":"PT1H27M16.8S","position":28,"diffFirstMs":641800,"diffFirst":"PT10M41.8S","diffPrevMs":26100,"diffPrev":"PT26.1S"},{"entryId":19749,"stageTimeMs":5281200,"stageTime":"PT1H28M1.2S","penaltyTimeMs":10000,"penaltyTime":"PT10S","totalTimeMs":5291200,"totalTime":"PT1H28M11.2S","position":29,"diffFirstMs":696200,"diffFirst":"PT11M36.2S","diffPrevMs":54400,"diffPrev":"PT54.4S"},{"entryId":19748,"stageTimeMs":5323500,"stageTime":"PT1H28M43.5S","penaltyTimeMs":0,"penaltyTime":"PT0S","totalTimeMs":5323500,"totalTime":"PT1H28M43.5S","position":30,"diffFirstMs":728500,"diffFirst":"PT12M8.5S","diffPrevMs":32300,"diffPrev":"PT32.3S"},{"entryId":19736,"stageTimeMs":5468100,"stageTime":"PT1H31M8.1S","penaltyTimeMs":10000,"penaltyTime":"PT10S","totalTimeMs":5478100,"totalTime":"PT1H31M18.1S","position":31,"diffFirstMs":883100,"diffFirst":"PT14M43.1S","diffPrevMs":154600,"diffPrev":"PT2M34.6S"},{"entryId":19767,"stageTimeMs":5562000,"stageTime":"PT1H32M42S","penaltyTimeMs":0,"penaltyTime":"PT0S","totalTimeMs":5562000,"totalTime":"PT1H32M42S","position":32,"diffFirstMs":967000,"diffFirst":"PT16M7S","diffPrevMs":83900,"diffPrev":"PT1M23.9S"},{"entryId":19770,"stageTimeMs":5563100,"stageTime":"PT1H32M43.1S","penaltyTimeMs":0,"penaltyTime":"PT0S","totalTimeMs":5563100,"totalTime":"PT1H32M43.1S","position":33,"diffFirstMs":968100,"diffFirst":"PT16M8.1S","diffPrevMs":1100,"diffPrev":"PT1.1S"},{"entryId":19765,"stageTimeMs":5579500,"stageTime":"PT1H32M59.5S","penaltyTimeMs":0,"penaltyTime":"PT0S","totalTimeMs":5579500,"totalTime":"PT1H32M59.5S","position":34,"diffFirstMs":984500,"diffFirst":"PT16M24.5S","diffPrevMs":16400,"diffPrev":"PT16.4S"},{"entryId":19758,"stageTimeMs":5646400,"stageTime":"PT1H34M6.4S","penaltyTimeMs":0,"penaltyTime":"PT0S","totalTimeMs":5646400,"totalTime":"PT1H34M6.4S","position":35,"diffFirstMs":1051400,"diffFirst":"PT17M31.4S","diffPrevMs":66900,"diffPrev":"PT1M6.9S"},{"entryId":19718,"stageTimeMs":5587300,"stageTime":"PT1H33M7.3S","penaltyTimeMs":70000,"penaltyTime":"PT1M10S","totalTimeMs":5657300,"totalTime":"PT1H34M17.3S","position":36,"diffFirstMs":1062300,"diffFirst":"PT17M42.3S","diffPrevMs":10900,"diffPrev":"PT10.9S"},{"entryId":19760,"stageTimeMs":5689800,"stageTime":"PT1H34M49.8S","penaltyTimeMs":0,"penaltyTime":"PT0S","totalTimeMs":5689800,"totalTime":"PT1H34M49.8S","position":37,"diffFirstMs":1094800,"diffFirst":"PT18M14.8S","diffPrevMs":32500,"diffPrev":"PT32.5S"},{"entryId":19750,"stageTimeMs":5832100,"stageTime":"PT1H37M12.1S","penaltyTimeMs":0,"penaltyTime":"PT0S","totalTimeMs":5832100,"totalTime":"PT1H37M12.1S","position":38,"diffFirstMs":1237100,"diffFirst":"PT20M37.1S","diffPrevMs":142300,"diffPrev":"PT2M22.3S"},{"entryId":19752,"stageTimeMs":5838300,"stageTime":"PT1H37M18.3S","penaltyTimeMs":70000,"penaltyTime":"PT1M10S","totalTimeMs":5908300,"totalTime":"PT1H38M28.3S","position":39,"diffFirstMs":1313300,"diffFirst":"PT21M53.3S","diffPrevMs":76200,"diffPrev":"PT1M16.2S"},{"entryId":19724,"stageTimeMs":5755500,"stageTime":"PT1H35M55.5S","penaltyTimeMs":250000,"penaltyTime":"PT4M10S","totalTimeMs":6005500,"totalTime":"PT1H40M5.5S","position":40,"diffFirstMs":1410500,"diffFirst":"PT23M30.5S","diffPrevMs":97200,"diffPrev":"PT1M37.2S"},{"entryId":19744,"stageTimeMs":5936700,"stageTime":"PT1H38M56.7S","penaltyTimeMs":100000,"penaltyTime":"PT1M40S","totalTimeMs":6036700,"totalTime":"PT1H40M36.7S","position":41,"diffFirstMs":1441700,"diffFirst":"PT24M1.7S","diffPrevMs":31200,"diffPrev":"PT31.2S"},{"entryId":19722,"stageTimeMs":5802200,"stageTime":"PT1H36M42.2S","penaltyTimeMs":290000,"penaltyTime":"PT4M50S","totalTimeMs":6092200,"totalTime":"PT1H41M32.2S","position":42,"diffFirstMs":1497200,"diffFirst":"PT24M57.2S","diffPrevMs":55500,"diffPrev":"PT55.5S"},{"entryId":19766,"stageTimeMs":5883300,"stageTime":"PT1H38M3.3S","penaltyTimeMs":220000,"penaltyTime":"PT3M40S","totalTimeMs":6103300,"totalTime":"PT1H41M43.3S","position":43,"diffFirstMs":1508300,"diffFirst":"PT25M8.3S","diffPrevMs":11100,"diffPrev":"PT11.1S"},{"entryId":19769,"stageTimeMs":6207200,"stageTime":"PT1H43M27.2S","penaltyTimeMs":0,"penaltyTime":"PT0S","totalTimeMs":6207200,"totalTime":"PT1H43M27.2S","position":44,"diffFirstMs":1612200,"diffFirst":"PT26M52.2S","diffPrevMs":103900,"diffPrev":"PT1M43.9S"},{"entryId":19754,"stageTimeMs":6250800,"stageTime":"PT1H44M10.8S","penaltyTimeMs":0,"penaltyTime":"PT0S","totalTimeMs":6250800,"totalTime":"PT1H44M10.8S","position":45,"diffFirstMs":1655800,"diffFirst":"PT27M35.8S","diffPrevMs":43600,"diffPrev":"PT43.6S"},{"entryId":19756,"stageTimeMs":7367400,"stageTime":"PT2H2M47.4S","penaltyTimeMs":0,"penaltyTime":"PT0S","totalTimeMs":7367400,"totalTime":"PT2H2M47.4S","position":46,"diffFirstMs":2772400,"diffFirst":"PT46M12.4S","diffPrevMs":1116600,"diffPrev":"PT18M36.6S"}]