{"splitPoints":[{"splitPointId":1786,"stageId":881,"number":1,"distance":3.42},{"splitPointId":1787,"stageId":881,"number":6,"distance":19.7},{"splitPointId":1788,"stageId":881,"number":3,"distance":11.83},{"splitPointId":1789,"stageId":881,"number":5,"distance":17.9},{"splitPointId":1790,"stageId":881,"number":4,"distance":15.54},{"splitPointId":1791,"stageId":881,"number":2,"distance":7.49}],"controls":[{"controlId":3720,"eventId":78,"stageId":881,"type":"TimeControl","code":"TC1","location":"LA BREOLE","timingPrecision":"Minute","distance":32.52,"targetDuration":"00:45:00","targetDurationMs":2700000,"firstCarDueDateTime":"2019-01-24T18:35:00","firstCarDueDateTimeLocal":"2019-01-24T19:35:00+01:00","status":"Completed","controlPenalties":"All","roundingPolicy":"NoRounding","locked":false},{"controlId":3721,"eventId":78,"stageId":881,"type":"StageStart","code":"SS1","location":"LA BREOLE - SELONNET","timingPrecision":"Minute","distance":20.76,"targetDuration":"00:03:00","targetDurationMs":180000,"firstCarDueDateTime":"2019-01-24T18:38:00","firstCarDueDateTimeLocal":"2019-01-24T19:38:00+01:00","status":"Completed","controlPenalties":"None","roundingPolicy":"RoundToClosestMinute","locked":false},{"controlId":3722,"eventId":78,"stageId":881,"type":"FlyingFinish","code":"SF1","location":"LA BREOLE - SELONNET","timingPrecision":"Tenth","distance":null,"targetDuration":null,"targetDurationMs":null,"firstCarDueDateTime":null,"firstCarDueDateTimeLocal":null,"status":"Completed","controlPenalties":"None","roundingPolicy":"NoRounding","locked":false}],"stageId":881,"eventId":78,"number":1,"name":"LA BREOLE - SELONNET","distance":20.76,"status":"Completed","stageType":"SpecialStage","timingPrecision":"Tenth","locked":false,"code":"SS1"}