[{"stageTimeId":57078,"stageId":929,"entryId":19180,"elapsedDurationMs":390483,"elapsedDuration":"00:06:30.4830000","status":"Completed","source":"Default","position":1,"diffFirstMs":0,"diffFirst":"00:00:00","diffPrevMs":0,"diffPrev":"00:00:00"},{"stageTimeId":57039,"stageId":929,"entryId":19183,"elapsedDurationMs":390508,"elapsedDuration":"00:06:30.5080000","status":"Completed","source":"Default","position":2,"diffFirstMs":25,"diffFirst":"00:00:00.0250000","diffPrevMs":25,"diffPrev":"00:00:00.0250000"},{"stageTimeId":57036,"stageId":929,"entryId":19187,"elapsedDurationMs":391040,"elapsedDuration":"00:06:31.0400000","status":"Completed","source":"Default","position":3,"diffFirstMs":557,"diffFirst":"00:00:00.5570000","diffPrevMs":532,"diffPrev":"00:00:00.5320000"},{"stageTimeId":57045,"stageId":929,"entryId":19184,"elapsedDurationMs":395320,"elapsedDuration":"00:06:35.3200000","status":"Completed","source":"Default","position":4,"diffFirstMs":4837,"diffFirst":"00:00:04.8370000","diffPrevMs":4280,"diffPrev":"00:00:04.2800000"},{"stageTimeId":57051,"stageId":929,"entryId":19182,"elapsedDurationMs":395439,"elapsedDuration":"00:06:35.4390000","status":"Completed","source":"Default","position":5,"diffFirstMs":4956,"diffFirst":"00:00:04.9560000","diffPrevMs":119,"diffPrev":"00:00:00.1190000"},{"stageTimeId":57033,"stageId":929,"entryId":19185,"elapsedDurationMs":396214,"elapsedDuration":"00:06:36.2140000","status":"Completed","source":"Default","position":6,"diffFirstMs":5731,"diffFirst":"00:00:05.7310000","diffPrevMs":775,"diffPrev":"00:00:00.7750000"},{"stageTimeId":57048,"stageId":929,"entryId":19189,"elapsedDurationMs":397058,"elapsedDuration":"00:06:37.0580000","status":"Completed","source":"Default","position":7,"diffFirstMs":6575,"diffFirst":"00:00:06.5750000","diffPrevMs":844,"diffPrev":"00:00:00.8440000"},{"stageTimeId":57056,"stageId":929,"entryId":19188,"elapsedDurationMs":398790,"elapsedDuration":"00:06:38.7900000","status":"Completed","source":"Default","position":8,"diffFirstMs":8307,"diffFirst":"00:00:08.3070000","diffPrevMs":1732,"diffPrev":"00:00:01.7320000"},{"stageTimeId":57042,"stageId":929,"entryId":19186,"elapsedDurationMs":416657,"elapsedDuration":"00:06:56.6570000","status":"Completed","source":"Default","position":9,"diffFirstMs":26174,"diffFirst":"00:00:26.1740000","diffPrevMs":17867,"diffPrev":"00:00:17.8670000"},{"stageTimeId":57071,"stageId":929,"entryId":19191,"elapsedDurationMs":431169,"elapsedDuration":"00:07:11.1690000","status":"Completed","source":"Default","position":10,"diffFirstMs":40686,"diffFirst":"00:00:40.6860000","diffPrevMs":14512,"diffPrev":"00:00:14.5120000"},{"stageTimeId":57074,"stageId":929,"entryId":19190,"elapsedDurationMs":431748,"elapsedDuration":"00:07:11.7480000","status":"Completed","source":"Default","position":11,"diffFirstMs":41265,"diffFirst":"00:00:41.2650000","diffPrevMs":579,"diffPrev":"00:00:00.5790000"},{"stageTimeId":57062,"stageId":929,"entryId":19194,"elapsedDurationMs":438225,"elapsedDuration":"00:07:18.2250000","status":"Completed","source":"Default","position":12,"diffFirstMs":47742,"diffFirst":"00:00:47.7420000","diffPrevMs":6477,"diffPrev":"00:00:06.4770000"},{"stageTimeId":57065,"stageId":929,"entryId":19195,"elapsedDurationMs":446345,"elapsedDuration":"00:07:26.3450000","status":"Completed","source":"Default","position":13,"diffFirstMs":55862,"diffFirst":"00:00:55.8620000","diffPrevMs":8120,"diffPrev":"00:00:08.1200000"},{"stageTimeId":57069,"stageId":929,"entryId":19192,"elapsedDurationMs":448930,"elapsedDuration":"00:07:28.9300000","status":"Completed","source":"Default","position":14,"diffFirstMs":58447,"diffFirst":"00:00:58.4470000","diffPrevMs":2585,"diffPrev":"00:00:02.5850000"},{"stageTimeId":57031,"stageId":929,"entryId":19201,"elapsedDurationMs":522947,"elapsedDuration":"00:08:42.9470000","status":"Completed","source":"Default","position":15,"diffFirstMs":132464,"diffFirst":"00:02:12.4640000","diffPrevMs":74017,"diffPrev":"00:01:14.0170000"},{"stageTimeId":57030,"stageId":929,"entryId":19200,"elapsedDurationMs":568880,"elapsedDuration":"00:09:28.8800000","status":"Completed","source":"Default","position":16,"diffFirstMs":178397,"diffFirst":"00:02:58.3970000","diffPrevMs":45933,"diffPrev":"00:00:45.9330000"},{"stageTimeId":57024,"stageId":929,"entryId":19199,"elapsedDurationMs":null,"elapsedDuration":null,"status":"DNS","source":"Default","position":null,"diffFirstMs":null,"diffFirst":null,"diffPrevMs":null,"diffPrev":null},{"stageTimeId":57059,"stageId":929,"entryId":19193,"elapsedDurationMs":null,"elapsedDuration":null,"status":"DNS","source":"Default","position":null,"diffFirstMs":null,"diffFirst":null,"diffPrevMs":null,"diffPrev":null},{"stageTimeId":57068,"stageId":929,"entryId":19202,"elapsedDurationMs":null,"elapsedDuration":null,"status":"DNS","source":"Default","position":null,"diffFirstMs":null,"diffFirst":null,"diffPrevMs":null,"diffPrev":null}]