[{"startDateTime":"2019-05-10T14:57:00","startDateTimeLocal":"2019-05-10T10:57:00-04:00","stageTimeDurationMs":863700,"stageTimeDuration":"00:14:23.7000000","splitPointTimeId":71470,"splitPointId":2272,"entryId":19574,"elapsedDurationMs":387800,"elapsedDuration":"PT6M27.8S","splitDateTime":"2019-05-10T15:03:27.8","splitDateTimeLocal":"2019-05-10T11:03:27.8-04:00"},{"startDateTime":"2019-05-10T14:59:00","startDateTimeLocal":"2019-05-10T10:59:00-04:00","stageTimeDurationMs":867600,"stageTimeDuration":"00:14:27.6000000","splitPointTimeId":71473,"splitPointId":2272,"entryId":19568,"elapsedDurationMs":390800,"elapsedDuration":"PT6M30.8S","splitDateTime":"2019-05-10T15:05:30.8","splitDateTimeLocal":"2019-05-10T11:05:30.8-04:00"},{"startDateTime":"2019-05-10T15:01:00","startDateTimeLocal":"2019-05-10T11:01:00-04:00","stageTimeDurationMs":864400,"stageTimeDuration":"00:14:24.4000000","splitPointTimeId":71482,"splitPointId":2272,"entryId":19572,"elapsedDurationMs":389500,"elapsedDuration":"PT6M29.5S","splitDateTime":"2019-05-10T15:07:29.5","splitDateTimeLocal":"2019-05-10T11:07:29.5-04:00"},{"startDateTime":"2019-05-10T15:03:00","startDateTimeLocal":"2019-05-10T11:03:00-04:00","stageTimeDurationMs":879800,"stageTimeDuration":"00:14:39.8000000","splitPointTimeId":71491,"splitPointId":2272,"entryId":19571,"elapsedDurationMs":395000,"elapsedDuration":"PT6M35S","splitDateTime":"2019-05-10T15:09:35","splitDateTimeLocal":"2019-05-10T11:09:35-04:00"},{"startDateTime":"2019-05-10T15:05:00","startDateTimeLocal":"2019-05-10T11:05:00-04:00","stageTimeDurationMs":878100,"stageTimeDuration":"00:14:38.1000000","splitPointTimeId":71497,"splitPointId":2272,"entryId":19576,"elapsedDurationMs":396300,"elapsedDuration":"PT6M36.3S","splitDateTime":"2019-05-10T15:11:36.3","splitDateTimeLocal":"2019-05-10T11:11:36.3-04:00"},{"startDateTime":"2019-05-10T15:07:00","startDateTimeLocal":"2019-05-10T11:07:00-04:00","stageTimeDurationMs":891500,"stageTimeDuration":"00:14:51.5000000","splitPointTimeId":71502,"splitPointId":2272,"entryId":19578,"elapsedDurationMs":400400,"elapsedDuration":"PT6M40.4S","splitDateTime":"2019-05-10T15:13:40.4","splitDateTimeLocal":"2019-05-10T11:13:40.4-04:00"},{"startDateTime":"2019-05-10T15:09:00","startDateTimeLocal":"2019-05-10T11:09:00-04:00","stageTimeDurationMs":863900,"stageTimeDuration":"00:14:23.9000000","splitPointTimeId":71511,"splitPointId":2272,"entryId":19573,"elapsedDurationMs":389800,"elapsedDuration":"PT6M29.8S","splitDateTime":"2019-05-10T15:15:29.8","splitDateTimeLocal":"2019-05-10T11:15:29.8-04:00"},{"startDateTime":"2019-05-10T15:11:00","startDateTimeLocal":"2019-05-10T11:11:00-04:00","stageTimeDurationMs":902800,"stageTimeDuration":"00:15:02.8000000","splitPointTimeId":71520,"splitPointId":2272,"entryId":19570,"elapsedDurationMs":405300,"elapsedDuration":"PT6M45.3S","splitDateTime":"2019-05-10T15:17:45.3","splitDateTimeLocal":"2019-05-10T11:17:45.3-04:00"},{"startDateTime":"2019-05-10T15:13:00","startDateTimeLocal":"2019-05-10T11:13:00-04:00","stageTimeDurationMs":874900,"stageTimeDuration":"00:14:34.9000000","splitPointTimeId":71529,"splitPointId":2272,"entryId":19575,"elapsedDurationMs":395300,"elapsedDuration":"PT6M35.3S","splitDateTime":"2019-05-10T15:19:35.3","splitDateTimeLocal":"2019-05-10T11:19:35.3-04:00"},{"startDateTime":"2019-05-10T15:17:00","startDateTimeLocal":"2019-05-10T11:17:00-04:00","stageTimeDurationMs":893400,"stageTimeDuration":"00:14:53.4000000","splitPointTimeId":71543,"splitPointId":2272,"entryId":19569,"elapsedDurationMs":403300,"elapsedDuration":"PT6M43.3S","splitDateTime":"2019-05-10T15:23:43.3","splitDateTimeLocal":"2019-05-10T11:23:43.3-04:00"},{"startDateTime":"2019-05-10T15:19:00","startDateTimeLocal":"2019-05-10T11:19:00-04:00","stageTimeDurationMs":928800,"stageTimeDuration":"00:15:28.8000000","splitPointTimeId":71554,"splitPointId":2272,"entryId":19577,"elapsedDurationMs":417900,"elapsedDuration":"PT6M57.9S","splitDateTime":"2019-05-10T15:25:57.9","splitDateTimeLocal":"2019-05-10T11:25:57.9-04:00"},{"startDateTime":"2019-05-10T15:21:00","startDateTimeLocal":"2019-05-10T11:21:00-04:00","stageTimeDurationMs":926300,"stageTimeDuration":"00:15:26.3000000","splitPointTimeId":71565,"splitPointId":2272,"entryId":19579,"elapsedDurationMs":418300,"elapsedDuration":"PT6M58.3S","splitDateTime":"2019-05-10T15:27:58.3","splitDateTimeLocal":"2019-05-10T11:27:58.3-04:00"},{"startDateTime":"2019-05-10T15:23:00","startDateTimeLocal":"2019-05-10T11:23:00-04:00","stageTimeDurationMs":908300,"stageTimeDuration":"00:15:08.3000000","splitPointTimeId":71576,"splitPointId":2272,"entryId":19581,"elapsedDurationMs":410900,"elapsedDuration":"PT6M50.9S","splitDateTime":"2019-05-10T15:29:50.9","splitDateTimeLocal":"2019-05-10T11:29:50.9-04:00"},{"startDateTime":"2019-05-10T15:25:00","startDateTimeLocal":"2019-05-10T11:25:00-04:00","stageTimeDurationMs":915200,"stageTimeDuration":"00:15:15.2000000","splitPointTimeId":71587,"splitPointId":2272,"entryId":19580,"elapsedDurationMs":412800,"elapsedDuration":"PT6M52.8S","splitDateTime":"2019-05-10T15:31:52.8","splitDateTimeLocal":"2019-05-10T11:31:52.8-04:00"},{"startDateTime":"2019-05-10T15:27:00","startDateTimeLocal":"2019-05-10T11:27:00-04:00","stageTimeDurationMs":943600,"stageTimeDuration":"00:15:43.6000000","splitPointTimeId":71598,"splitPointId":2272,"entryId":19582,"elapsedDurationMs":425500,"elapsedDuration":"PT7M5.5S","splitDateTime":"2019-05-10T15:34:05.5","splitDateTimeLocal":"2019-05-10T11:34:05.5-04:00"},{"startDateTime":"2019-05-10T15:30:00","startDateTimeLocal":"2019-05-10T11:30:00-04:00","stageTimeDurationMs":960600,"stageTimeDuration":"00:16:00.6000000","splitPointTimeId":71617,"splitPointId":2272,"entryId":19583,"elapsedDurationMs":430400,"elapsedDuration":"PT7M10.4S","splitDateTime":"2019-05-10T15:37:10.4","splitDateTimeLocal":"2019-05-10T11:37:10.4-04:00"},{"startDateTime":"2019-05-10T15:33:00","startDateTimeLocal":"2019-05-10T11:33:00-04:00","stageTimeDurationMs":946900,"stageTimeDuration":"00:15:46.9000000","splitPointTimeId":71633,"splitPointId":2272,"entryId":19584,"elapsedDurationMs":428800,"elapsedDuration":"PT7M8.8S","splitDateTime":"2019-05-10T15:40:08.8","splitDateTimeLocal":"2019-05-10T11:40:08.8-04:00"},{"startDateTime":"2019-05-10T15:36:00","startDateTimeLocal":"2019-05-10T11:36:00-04:00","stageTimeDurationMs":946000,"stageTimeDuration":"00:15:46","splitPointTimeId":71641,"splitPointId":2272,"entryId":19586,"elapsedDurationMs":428400,"elapsedDuration":"PT7M8.4S","splitDateTime":"2019-05-10T15:43:08.4","splitDateTimeLocal":"2019-05-10T11:43:08.4-04:00"},{"startDateTime":"2019-05-10T15:39:00","startDateTimeLocal":"2019-05-10T11:39:00-04:00","stageTimeDurationMs":1027100,"stageTimeDuration":"00:17:07.1000000","splitPointTimeId":71663,"splitPointId":2272,"entryId":19588,"elapsedDurationMs":464300,"elapsedDuration":"PT7M44.3S","splitDateTime":"2019-05-10T15:46:44.3","splitDateTimeLocal":"2019-05-10T11:46:44.3-04:00"},{"startDateTime":"2019-05-10T15:42:00","startDateTimeLocal":"2019-05-10T11:42:00-04:00","stageTimeDurationMs":969100,"stageTimeDuration":"00:16:09.1000000","splitPointTimeId":71675,"splitPointId":2272,"entryId":19594,"elapsedDurationMs":436800,"elapsedDuration":"PT7M16.8S","splitDateTime":"2019-05-10T15:49:16.8","splitDateTimeLocal":"2019-05-10T11:49:16.8-04:00"},{"startDateTime":"2019-05-10T15:45:00","startDateTimeLocal":"2019-05-10T11:45:00-04:00","stageTimeDurationMs":965200,"stageTimeDuration":"00:16:05.2000000","splitPointTimeId":71684,"splitPointId":2272,"entryId":19595,"elapsedDurationMs":436500,"elapsedDuration":"PT7M16.5S","splitDateTime":"2019-05-10T15:52:16.5","splitDateTimeLocal":"2019-05-10T11:52:16.5-04:00"},{"startDateTime":"2019-05-10T15:48:00","startDateTimeLocal":"2019-05-10T11:48:00-04:00","stageTimeDurationMs":1366000,"stageTimeDuration":"00:22:46","splitPointTimeId":71702,"splitPointId":2272,"entryId":19601,"elapsedDurationMs":429300,"elapsedDuration":"PT7M9.3S","splitDateTime":"2019-05-10T15:55:09.3","splitDateTimeLocal":"2019-05-10T11:55:09.3-04:00"},{"startDateTime":"2019-05-10T15:51:00","startDateTimeLocal":"2019-05-10T11:51:00-04:00","stageTimeDurationMs":971100,"stageTimeDuration":"00:16:11.1000000","splitPointTimeId":71715,"splitPointId":2272,"entryId":19591,"elapsedDurationMs":440500,"elapsedDuration":"PT7M20.5S","splitDateTime":"2019-05-10T15:58:20.5","splitDateTimeLocal":"2019-05-10T11:58:20.5-04:00"},{"startDateTime":"2019-05-10T15:54:00","startDateTimeLocal":"2019-05-10T11:54:00-04:00","stageTimeDurationMs":958100,"stageTimeDuration":"00:15:58.1000000","splitPointTimeId":71727,"splitPointId":2272,"entryId":19600,"elapsedDurationMs":433400,"elapsedDuration":"PT7M13.4S","splitDateTime":"2019-05-10T16:01:13.4","splitDateTimeLocal":"2019-05-10T12:01:13.4-04:00"},{"startDateTime":"2019-05-10T15:57:00","startDateTimeLocal":"2019-05-10T11:57:00-04:00","stageTimeDurationMs":988900,"stageTimeDuration":"00:16:28.9000000","splitPointTimeId":71732,"splitPointId":2272,"entryId":19597,"elapsedDurationMs":449300,"elapsedDuration":"PT7M29.3S","splitDateTime":"2019-05-10T16:04:29.3","splitDateTimeLocal":"2019-05-10T12:04:29.3-04:00"},{"startDateTime":"2019-05-10T16:00:00","startDateTimeLocal":"2019-05-10T12:00:00-04:00","stageTimeDurationMs":1020800,"stageTimeDuration":"00:17:00.8000000","splitPointTimeId":71738,"splitPointId":2272,"entryId":19599,"elapsedDurationMs":466800,"elapsedDuration":"PT7M46.8S","splitDateTime":"2019-05-10T16:07:46.8","splitDateTimeLocal":"2019-05-10T12:07:46.8-04:00"},{"startDateTime":"2019-05-10T16:03:00","startDateTimeLocal":"2019-05-10T12:03:00-04:00","stageTimeDurationMs":966600,"stageTimeDuration":"00:16:06.6000000","splitPointTimeId":71745,"splitPointId":2272,"entryId":19592,"elapsedDurationMs":437300,"elapsedDuration":"PT7M17.3S","splitDateTime":"2019-05-10T16:10:17.3","splitDateTimeLocal":"2019-05-10T12:10:17.3-04:00"},{"startDateTime":"2019-05-10T16:06:00","startDateTimeLocal":"2019-05-10T12:06:00-04:00","stageTimeDurationMs":1048800,"stageTimeDuration":"00:17:28.8000000","splitPointTimeId":71751,"splitPointId":2272,"entryId":19602,"elapsedDurationMs":475900,"elapsedDuration":"PT7M55.9S","splitDateTime":"2019-05-10T16:13:55.9","splitDateTimeLocal":"2019-05-10T12:13:55.9-04:00"},{"startDateTime":"2019-05-10T16:09:00","startDateTimeLocal":"2019-05-10T12:09:00-04:00","stageTimeDurationMs":1093600,"stageTimeDuration":"00:18:13.6000000","splitPointTimeId":71756,"splitPointId":2272,"entryId":19606,"elapsedDurationMs":495300,"elapsedDuration":"PT8M15.3S","splitDateTime":"2019-05-10T16:17:15.3","splitDateTimeLocal":"2019-05-10T12:17:15.3-04:00"},{"startDateTime":"2019-05-10T16:12:00","startDateTimeLocal":"2019-05-10T12:12:00-04:00","stageTimeDurationMs":1188600,"stageTimeDuration":"00:19:48.6000000","splitPointTimeId":71760,"splitPointId":2272,"entryId":19608,"elapsedDurationMs":539400,"elapsedDuration":"PT8M59.4S","splitDateTime":"2019-05-10T16:20:59.4","splitDateTimeLocal":"2019-05-10T12:20:59.4-04:00"},{"startDateTime":"2019-05-10T16:25:00","startDateTimeLocal":"2019-05-10T12:25:00-04:00","stageTimeDurationMs":1177100,"stageTimeDuration":"00:19:37.1000000","splitPointTimeId":71769,"splitPointId":2272,"entryId":19610,"elapsedDurationMs":542400,"elapsedDuration":"PT9M2.4S","splitDateTime":"2019-05-10T16:34:02.4","splitDateTimeLocal":"2019-05-10T12:34:02.4-04:00"},{"startDateTime":"2019-05-10T16:34:00","startDateTimeLocal":"2019-05-10T12:34:00-04:00","stageTimeDurationMs":1137300,"stageTimeDuration":"00:18:57.3000000","splitPointTimeId":71776,"splitPointId":2272,"entryId":19604,"elapsedDurationMs":518500,"elapsedDuration":"PT8M38.5S","splitDateTime":"2019-05-10T16:42:38.5","splitDateTimeLocal":"2019-05-10T12:42:38.5-04:00"},{"startDateTime":"2019-05-10T16:32:00","startDateTimeLocal":"2019-05-10T12:32:00-04:00","stageTimeDurationMs":1513600,"stageTimeDuration":"00:25:13.6000000","splitPointTimeId":71777,"splitPointId":2272,"entryId":19607,"elapsedDurationMs":546100,"elapsedDuration":"PT9M6.1S","splitDateTime":"2019-05-10T16:41:06.1","splitDateTimeLocal":"2019-05-10T12:41:06.1-04:00"},{"startDateTime":"2019-05-10T16:38:00","startDateTimeLocal":"2019-05-10T12:38:00-04:00","stageTimeDurationMs":1095500,"stageTimeDuration":"00:18:15.5000000","splitPointTimeId":71783,"splitPointId":2272,"entryId":19625,"elapsedDurationMs":494100,"elapsedDuration":"PT8M14.1S","splitDateTime":"2019-05-10T16:46:14.1","splitDateTimeLocal":"2019-05-10T12:46:14.1-04:00"},{"startDateTime":"2019-05-10T16:40:00","startDateTimeLocal":"2019-05-10T12:40:00-04:00","stageTimeDurationMs":1112700,"stageTimeDuration":"00:18:32.7000000","splitPointTimeId":71785,"splitPointId":2272,"entryId":19620,"elapsedDurationMs":506600,"elapsedDuration":"PT8M26.6S","splitDateTime":"2019-05-10T16:48:26.6","splitDateTimeLocal":"2019-05-10T12:48:26.6-04:00"},{"startDateTime":"2019-05-10T16:42:00","startDateTimeLocal":"2019-05-10T12:42:00-04:00","stageTimeDurationMs":1110700,"stageTimeDuration":"00:18:30.7000000","splitPointTimeId":71786,"splitPointId":2272,"entryId":19621,"elapsedDurationMs":505900,"elapsedDuration":"PT8M25.9S","splitDateTime":"2019-05-10T16:50:25.9","splitDateTimeLocal":"2019-05-10T12:50:25.9-04:00"},{"startDateTime":"2019-05-10T16:44:00","startDateTimeLocal":"2019-05-10T12:44:00-04:00","stageTimeDurationMs":1147000,"stageTimeDuration":"00:19:07","splitPointTimeId":71790,"splitPointId":2272,"entryId":19627,"elapsedDurationMs":512100,"elapsedDuration":"PT8M32.1S","splitDateTime":"2019-05-10T16:52:32.1","splitDateTimeLocal":"2019-05-10T12:52:32.1-04:00"},{"startDateTime":"2019-05-10T16:36:00","startDateTimeLocal":"2019-05-10T12:36:00-04:00","stageTimeDurationMs":1605600,"stageTimeDuration":"00:26:45.6000000","splitPointTimeId":71791,"splitPointId":2272,"entryId":19629,"elapsedDurationMs":1003500,"elapsedDuration":"PT16M43.5S","splitDateTime":"2019-05-10T16:52:43.5","splitDateTimeLocal":"2019-05-10T12:52:43.5-04:00"},{"startDateTime":"2019-05-10T16:46:00","startDateTimeLocal":"2019-05-10T12:46:00-04:00","stageTimeDurationMs":1117900,"stageTimeDuration":"00:18:37.9000000","splitPointTimeId":71796,"splitPointId":2272,"entryId":19624,"elapsedDurationMs":522500,"elapsedDuration":"PT8M42.5S","splitDateTime":"2019-05-10T16:54:42.5","splitDateTimeLocal":"2019-05-10T12:54:42.5-04:00"},{"startDateTime":"2019-05-10T16:48:00","startDateTimeLocal":"2019-05-10T12:48:00-04:00","stageTimeDurationMs":1100400,"stageTimeDuration":"00:18:20.4000000","splitPointTimeId":71801,"splitPointId":2272,"entryId":19618,"elapsedDurationMs":502000,"elapsedDuration":"PT8M22S","splitDateTime":"2019-05-10T16:56:22","splitDateTimeLocal":"2019-05-10T12:56:22-04:00"},{"startDateTime":"2019-05-10T16:52:00","startDateTimeLocal":"2019-05-10T12:52:00-04:00","stageTimeDurationMs":2291800,"stageTimeDuration":"00:38:11.8000000","splitPointTimeId":71812,"splitPointId":2272,"entryId":19615,"elapsedDurationMs":501300,"elapsedDuration":"PT8M21.3S","splitDateTime":"2019-05-10T17:00:21.3","splitDateTimeLocal":"2019-05-10T13:00:21.3-04:00"},{"startDateTime":"2019-05-10T16:54:00","startDateTimeLocal":"2019-05-10T12:54:00-04:00","stageTimeDurationMs":1155800,"stageTimeDuration":"00:19:15.8000000","splitPointTimeId":71818,"splitPointId":2272,"entryId":19617,"elapsedDurationMs":524700,"elapsedDuration":"PT8M44.7S","splitDateTime":"2019-05-10T17:02:44.7","splitDateTimeLocal":"2019-05-10T13:02:44.7-04:00"},{"startDateTime":"2019-05-10T16:56:00","startDateTimeLocal":"2019-05-10T12:56:00-04:00","stageTimeDurationMs":1135100,"stageTimeDuration":"00:18:55.1000000","splitPointTimeId":71822,"splitPointId":2272,"entryId":19623,"elapsedDurationMs":510000,"elapsedDuration":"PT8M30S","splitDateTime":"2019-05-10T17:04:30","splitDateTimeLocal":"2019-05-10T13:04:30-04:00"},{"startDateTime":"2019-05-10T16:58:00","startDateTimeLocal":"2019-05-10T12:58:00-04:00","stageTimeDurationMs":1134200,"stageTimeDuration":"00:18:54.2000000","splitPointTimeId":71824,"splitPointId":2272,"entryId":19612,"elapsedDurationMs":522800,"elapsedDuration":"PT8M42.8S","splitDateTime":"2019-05-10T17:06:42.8","splitDateTimeLocal":"2019-05-10T13:06:42.8-04:00"},{"startDateTime":"2019-05-10T17:00:00","startDateTimeLocal":"2019-05-10T13:00:00-04:00","stageTimeDurationMs":1151800,"stageTimeDuration":"00:19:11.8000000","splitPointTimeId":71825,"splitPointId":2272,"entryId":19616,"elapsedDurationMs":516900,"elapsedDuration":"PT8M36.9S","splitDateTime":"2019-05-10T17:08:36.9","splitDateTimeLocal":"2019-05-10T13:08:36.9-04:00"},{"startDateTime":"2019-05-10T17:02:00","startDateTimeLocal":"2019-05-10T13:02:00-04:00","stageTimeDurationMs":null,"stageTimeDuration":null,"splitPointTimeId":71833,"splitPointId":2272,"entryId":19613,"elapsedDurationMs":643300,"elapsedDuration":"PT10M43.3S","splitDateTime":"2019-05-10T17:12:43.3","splitDateTimeLocal":"2019-05-10T13:12:43.3-04:00"},{"startDateTime":"2019-05-10T14:57:00","startDateTimeLocal":"2019-05-10T10:57:00-04:00","stageTimeDurationMs":863700,"stageTimeDuration":"00:14:23.7000000","splitPointTimeId":71460,"splitPointId":2273,"entryId":19574,"elapsedDurationMs":152600,"elapsedDuration":"PT2M32.6S","splitDateTime":"2019-05-10T14:59:32.6","splitDateTimeLocal":"2019-05-10T10:59:32.6-04:00"},{"startDateTime":"2019-05-10T14:59:00","startDateTimeLocal":"2019-05-10T10:59:00-04:00","stageTimeDurationMs":867600,"stageTimeDuration":"00:14:27.6000000","splitPointTimeId":71467,"splitPointId":2273,"entryId":19568,"elapsedDurationMs":152400,"elapsedDuration":"PT2M32.4S","splitDateTime":"2019-05-10T15:01:32.4","splitDateTimeLocal":"2019-05-10T11:01:32.4-04:00"},{"startDateTime":"2019-05-10T15:01:00","startDateTimeLocal":"2019-05-10T11:01:00-04:00","stageTimeDurationMs":864400,"stageTimeDuration":"00:14:24.4000000","splitPointTimeId":71471,"splitPointId":2273,"entryId":19572,"elapsedDurationMs":152000,"elapsedDuration":"PT2M32S","splitDateTime":"2019-05-10T15:03:32","splitDateTimeLocal":"2019-05-10T11:03:32-04:00"},{"startDateTime":"2019-05-10T15:03:00","startDateTimeLocal":"2019-05-10T11:03:00-04:00","stageTimeDurationMs":879800,"stageTimeDuration":"00:14:39.8000000","splitPointTimeId":71474,"splitPointId":2273,"entryId":19571,"elapsedDurationMs":154400,"elapsedDuration":"PT2M34.4S","splitDateTime":"2019-05-10T15:05:34.4","splitDateTimeLocal":"2019-05-10T11:05:34.4-04:00"},{"startDateTime":"2019-05-10T15:05:00","startDateTimeLocal":"2019-05-10T11:05:00-04:00","stageTimeDurationMs":878100,"stageTimeDuration":"00:14:38.1000000","splitPointTimeId":71483,"splitPointId":2273,"entryId":19576,"elapsedDurationMs":154200,"elapsedDuration":"PT2M34.2S","splitDateTime":"2019-05-10T15:07:34.2","splitDateTimeLocal":"2019-05-10T11:07:34.2-04:00"},{"startDateTime":"2019-05-10T15:07:00","startDateTimeLocal":"2019-05-10T11:07:00-04:00","stageTimeDurationMs":891500,"stageTimeDuration":"00:14:51.5000000","splitPointTimeId":71492,"splitPointId":2273,"entryId":19578,"elapsedDurationMs":156700,"elapsedDuration":"PT2M36.7S","splitDateTime":"2019-05-10T15:09:36.7","splitDateTimeLocal":"2019-05-10T11:09:36.7-04:00"},{"startDateTime":"2019-05-10T15:09:00","startDateTimeLocal":"2019-05-10T11:09:00-04:00","stageTimeDurationMs":863900,"stageTimeDuration":"00:14:23.9000000","splitPointTimeId":71496,"splitPointId":2273,"entryId":19573,"elapsedDurationMs":151400,"elapsedDuration":"PT2M31.4S","splitDateTime":"2019-05-10T15:11:31.4","splitDateTimeLocal":"2019-05-10T11:11:31.4-04:00"},{"startDateTime":"2019-05-10T15:11:00","startDateTimeLocal":"2019-05-10T11:11:00-04:00","stageTimeDurationMs":902800,"stageTimeDuration":"00:15:02.8000000","splitPointTimeId":71503,"splitPointId":2273,"entryId":19570,"elapsedDurationMs":156500,"elapsedDuration":"PT2M36.5S","splitDateTime":"2019-05-10T15:13:36.5","splitDateTimeLocal":"2019-05-10T11:13:36.5-04:00"},{"startDateTime":"2019-05-10T15:13:00","startDateTimeLocal":"2019-05-10T11:13:00-04:00","stageTimeDurationMs":874900,"stageTimeDuration":"00:14:34.9000000","splitPointTimeId":71513,"splitPointId":2273,"entryId":19575,"elapsedDurationMs":155100,"elapsedDuration":"PT2M35.1S","splitDateTime":"2019-05-10T15:15:35.1","splitDateTimeLocal":"2019-05-10T11:15:35.1-04:00"},{"startDateTime":"2019-05-10T15:17:00","startDateTimeLocal":"2019-05-10T11:17:00-04:00","stageTimeDurationMs":893400,"stageTimeDuration":"00:14:53.4000000","splitPointTimeId":71530,"splitPointId":2273,"entryId":19569,"elapsedDurationMs":159200,"elapsedDuration":"PT2M39.2S","splitDateTime":"2019-05-10T15:19:39.2","splitDateTimeLocal":"2019-05-10T11:19:39.2-04:00"},{"startDateTime":"2019-05-10T15:19:00","startDateTimeLocal":"2019-05-10T11:19:00-04:00","stageTimeDurationMs":928800,"stageTimeDuration":"00:15:28.8000000","splitPointTimeId":71536,"splitPointId":2273,"entryId":19577,"elapsedDurationMs":162700,"elapsedDuration":"PT2M42.7S","splitDateTime":"2019-05-10T15:21:42.7","splitDateTimeLocal":"2019-05-10T11:21:42.7-04:00"},{"startDateTime":"2019-05-10T15:21:00","startDateTimeLocal":"2019-05-10T11:21:00-04:00","stageTimeDurationMs":926300,"stageTimeDuration":"00:15:26.3000000","splitPointTimeId":71544,"splitPointId":2273,"entryId":19579,"elapsedDurationMs":163400,"elapsedDuration":"PT2M43.4S","splitDateTime":"2019-05-10T15:23:43.4","splitDateTimeLocal":"2019-05-10T11:23:43.4-04:00"},{"startDateTime":"2019-05-10T15:23:00","startDateTimeLocal":"2019-05-10T11:23:00-04:00","stageTimeDurationMs":908300,"stageTimeDuration":"00:15:08.3000000","splitPointTimeId":71553,"splitPointId":2273,"entryId":19581,"elapsedDurationMs":161500,"elapsedDuration":"PT2M41.5S","splitDateTime":"2019-05-10T15:25:41.5","splitDateTimeLocal":"2019-05-10T11:25:41.5-04:00"},{"startDateTime":"2019-05-10T15:25:00","startDateTimeLocal":"2019-05-10T11:25:00-04:00","stageTimeDurationMs":915200,"stageTimeDuration":"00:15:15.2000000","splitPointTimeId":71563,"splitPointId":2273,"entryId":19580,"elapsedDurationMs":162200,"elapsedDuration":"PT2M42.2S","splitDateTime":"2019-05-10T15:27:42.2","splitDateTimeLocal":"2019-05-10T11:27:42.2-04:00"},{"startDateTime":"2019-05-10T15:27:00","startDateTimeLocal":"2019-05-10T11:27:00-04:00","stageTimeDurationMs":943600,"stageTimeDuration":"00:15:43.6000000","splitPointTimeId":71575,"splitPointId":2273,"entryId":19582,"elapsedDurationMs":167700,"elapsedDuration":"PT2M47.7S","splitDateTime":"2019-05-10T15:29:47.7","splitDateTimeLocal":"2019-05-10T11:29:47.7-04:00"},{"startDateTime":"2019-05-10T15:30:00","startDateTimeLocal":"2019-05-10T11:30:00-04:00","stageTimeDurationMs":960600,"stageTimeDuration":"00:16:00.6000000","splitPointTimeId":71591,"splitPointId":2273,"entryId":19583,"elapsedDurationMs":166000,"elapsedDuration":"PT2M46S","splitDateTime":"2019-05-10T15:32:46","splitDateTimeLocal":"2019-05-10T11:32:46-04:00"},{"startDateTime":"2019-05-10T15:33:00","startDateTimeLocal":"2019-05-10T11:33:00-04:00","stageTimeDurationMs":946900,"stageTimeDuration":"00:15:46.9000000","splitPointTimeId":71612,"splitPointId":2273,"entryId":19584,"elapsedDurationMs":169400,"elapsedDuration":"PT2M49.4S","splitDateTime":"2019-05-10T15:35:49.4","splitDateTimeLocal":"2019-05-10T11:35:49.4-04:00"},{"startDateTime":"2019-05-10T15:36:00","startDateTimeLocal":"2019-05-10T11:36:00-04:00","stageTimeDurationMs":946000,"stageTimeDuration":"00:15:46","splitPointTimeId":71627,"splitPointId":2273,"entryId":19586,"elapsedDurationMs":167700,"elapsedDuration":"PT2M47.7S","splitDateTime":"2019-05-10T15:38:47.7","splitDateTimeLocal":"2019-05-10T11:38:47.7-04:00"},{"startDateTime":"2019-05-10T15:39:00","startDateTimeLocal":"2019-05-10T11:39:00-04:00","stageTimeDurationMs":1027100,"stageTimeDuration":"00:17:07.1000000","splitPointTimeId":71636,"splitPointId":2273,"entryId":19588,"elapsedDurationMs":183200,"elapsedDuration":"PT3M3.2S","splitDateTime":"2019-05-10T15:42:03.2","splitDateTimeLocal":"2019-05-10T11:42:03.2-04:00"},{"startDateTime":"2019-05-10T15:42:00","startDateTimeLocal":"2019-05-10T11:42:00-04:00","stageTimeDurationMs":969100,"stageTimeDuration":"00:16:09.1000000","splitPointTimeId":71654,"splitPointId":2273,"entryId":19594,"elapsedDurationMs":172300,"elapsedDuration":"PT2M52.3S","splitDateTime":"2019-05-10T15:44:52.3","splitDateTimeLocal":"2019-05-10T11:44:52.3-04:00"},{"startDateTime":"2019-05-10T15:45:00","startDateTimeLocal":"2019-05-10T11:45:00-04:00","stageTimeDurationMs":965200,"stageTimeDuration":"00:16:05.2000000","splitPointTimeId":71676,"splitPointId":2273,"entryId":19595,"elapsedDurationMs":172200,"elapsedDuration":"PT2M52.2S","splitDateTime":"2019-05-10T15:47:52.2","splitDateTimeLocal":"2019-05-10T11:47:52.2-04:00"},{"startDateTime":"2019-05-10T15:48:00","startDateTimeLocal":"2019-05-10T11:48:00-04:00","stageTimeDurationMs":1366000,"stageTimeDuration":"00:22:46","splitPointTimeId":71681,"splitPointId":2273,"entryId":19601,"elapsedDurationMs":166200,"elapsedDuration":"PT2M46.2S","splitDateTime":"2019-05-10T15:50:46.2","splitDateTimeLocal":"2019-05-10T11:50:46.2-04:00"},{"startDateTime":"2019-05-10T15:51:00","startDateTimeLocal":"2019-05-10T11:51:00-04:00","stageTimeDurationMs":971100,"stageTimeDuration":"00:16:11.1000000","splitPointTimeId":71692,"splitPointId":2273,"entryId":19591,"elapsedDurationMs":171900,"elapsedDuration":"PT2M51.9S","splitDateTime":"2019-05-10T15:53:51.9","splitDateTimeLocal":"2019-05-10T11:53:51.9-04:00"},{"startDateTime":"2019-05-10T15:54:00","startDateTimeLocal":"2019-05-10T11:54:00-04:00","stageTimeDurationMs":958100,"stageTimeDuration":"00:15:58.1000000","splitPointTimeId":71711,"splitPointId":2273,"entryId":19600,"elapsedDurationMs":171500,"elapsedDuration":"PT2M51.5S","splitDateTime":"2019-05-10T15:56:51.5","splitDateTimeLocal":"2019-05-10T11:56:51.5-04:00"},{"startDateTime":"2019-05-10T15:57:00","startDateTimeLocal":"2019-05-10T11:57:00-04:00","stageTimeDurationMs":988900,"stageTimeDuration":"00:16:28.9000000","splitPointTimeId":71725,"splitPointId":2273,"entryId":19597,"elapsedDurationMs":177200,"elapsedDuration":"PT2M57.2S","splitDateTime":"2019-05-10T15:59:57.2","splitDateTimeLocal":"2019-05-10T11:59:57.2-04:00"},{"startDateTime":"2019-05-10T16:00:00","startDateTimeLocal":"2019-05-10T12:00:00-04:00","stageTimeDurationMs":1020800,"stageTimeDuration":"00:17:00.8000000","splitPointTimeId":71729,"splitPointId":2273,"entryId":19599,"elapsedDurationMs":186900,"elapsedDuration":"PT3M6.9S","splitDateTime":"2019-05-10T16:03:06.9","splitDateTimeLocal":"2019-05-10T12:03:06.9-04:00"},{"startDateTime":"2019-05-10T16:03:00","startDateTimeLocal":"2019-05-10T12:03:00-04:00","stageTimeDurationMs":966600,"stageTimeDuration":"00:16:06.6000000","splitPointTimeId":71739,"splitPointId":2273,"entryId":19592,"elapsedDurationMs":174100,"elapsedDuration":"PT2M54.1S","splitDateTime":"2019-05-10T16:05:54.1","splitDateTimeLocal":"2019-05-10T12:05:54.1-04:00"},{"startDateTime":"2019-05-10T16:06:00","startDateTimeLocal":"2019-05-10T12:06:00-04:00","stageTimeDurationMs":1048800,"stageTimeDuration":"00:17:28.8000000","splitPointTimeId":71746,"splitPointId":2273,"entryId":19602,"elapsedDurationMs":190700,"elapsedDuration":"PT3M10.7S","splitDateTime":"2019-05-10T16:09:10.7","splitDateTimeLocal":"2019-05-10T12:09:10.7-04:00"},{"startDateTime":"2019-05-10T16:09:00","startDateTimeLocal":"2019-05-10T12:09:00-04:00","stageTimeDurationMs":1093600,"stageTimeDuration":"00:18:13.6000000","splitPointTimeId":71748,"splitPointId":2273,"entryId":19606,"elapsedDurationMs":197400,"elapsedDuration":"PT3M17.4S","splitDateTime":"2019-05-10T16:12:17.4","splitDateTimeLocal":"2019-05-10T12:12:17.4-04:00"},{"startDateTime":"2019-05-10T16:12:00","startDateTimeLocal":"2019-05-10T12:12:00-04:00","stageTimeDurationMs":1188600,"stageTimeDuration":"00:19:48.6000000","splitPointTimeId":71754,"splitPointId":2273,"entryId":19608,"elapsedDurationMs":215200,"elapsedDuration":"PT3M35.2S","splitDateTime":"2019-05-10T16:15:35.2","splitDateTimeLocal":"2019-05-10T12:15:35.2-04:00"},{"startDateTime":"2019-05-10T16:25:00","startDateTimeLocal":"2019-05-10T12:25:00-04:00","stageTimeDurationMs":1177100,"stageTimeDuration":"00:19:37.1000000","splitPointTimeId":71768,"splitPointId":2273,"entryId":19610,"elapsedDurationMs":226100,"elapsedDuration":"PT3M46.1S","splitDateTime":"2019-05-10T16:28:46.1","splitDateTimeLocal":"2019-05-10T12:28:46.1-04:00"},{"startDateTime":"2019-05-10T16:32:00","startDateTimeLocal":"2019-05-10T12:32:00-04:00","stageTimeDurationMs":1513600,"stageTimeDuration":"00:25:13.6000000","splitPointTimeId":71771,"splitPointId":2273,"entryId":19607,"elapsedDurationMs":207100,"elapsedDuration":"PT3M27.1S","splitDateTime":"2019-05-10T16:35:27.1","splitDateTimeLocal":"2019-05-10T12:35:27.1-04:00"},{"startDateTime":"2019-05-10T16:38:00","startDateTimeLocal":"2019-05-10T12:38:00-04:00","stageTimeDurationMs":1095500,"stageTimeDuration":"00:18:15.5000000","splitPointTimeId":71773,"splitPointId":2273,"entryId":19625,"elapsedDurationMs":192500,"elapsedDuration":"PT3M12.5S","splitDateTime":"2019-05-10T16:41:12.5","splitDateTimeLocal":"2019-05-10T12:41:12.5-04:00"},{"startDateTime":"2019-05-10T16:34:00","startDateTimeLocal":"2019-05-10T12:34:00-04:00","stageTimeDurationMs":1137300,"stageTimeDuration":"00:18:57.3000000","splitPointTimeId":71774,"splitPointId":2273,"entryId":19604,"elapsedDurationMs":201100,"elapsedDuration":"PT3M21.1S","splitDateTime":"2019-05-10T16:37:21.1","splitDateTimeLocal":"2019-05-10T12:37:21.1-04:00"},{"startDateTime":"2019-05-10T16:42:00","startDateTimeLocal":"2019-05-10T12:42:00-04:00","stageTimeDurationMs":1110700,"stageTimeDuration":"00:18:30.7000000","splitPointTimeId":71779,"splitPointId":2273,"entryId":19621,"elapsedDurationMs":201200,"elapsedDuration":"PT3M21.2S","splitDateTime":"2019-05-10T16:45:21.2","splitDateTimeLocal":"2019-05-10T12:45:21.2-04:00"},{"startDateTime":"2019-05-10T16:40:00","startDateTimeLocal":"2019-05-10T12:40:00-04:00","stageTimeDurationMs":1112700,"stageTimeDuration":"00:18:32.7000000","splitPointTimeId":71780,"splitPointId":2273,"entryId":19620,"elapsedDurationMs":201500,"elapsedDuration":"PT3M21.5S","splitDateTime":"2019-05-10T16:43:21.5","splitDateTimeLocal":"2019-05-10T12:43:21.5-04:00"},{"startDateTime":"2019-05-10T16:44:00","startDateTimeLocal":"2019-05-10T12:44:00-04:00","stageTimeDurationMs":1147000,"stageTimeDuration":"00:19:07","splitPointTimeId":71781,"splitPointId":2273,"entryId":19627,"elapsedDurationMs":200900,"elapsedDuration":"PT3M20.9S","splitDateTime":"2019-05-10T16:47:20.9","splitDateTimeLocal":"2019-05-10T12:47:20.9-04:00"},{"startDateTime":"2019-05-10T16:36:00","startDateTimeLocal":"2019-05-10T12:36:00-04:00","stageTimeDurationMs":1605600,"stageTimeDuration":"00:26:45.6000000","splitPointTimeId":71782,"splitPointId":2273,"entryId":19629,"elapsedDurationMs":199600,"elapsedDuration":"PT3M19.6S","splitDateTime":"2019-05-10T16:39:19.6","splitDateTimeLocal":"2019-05-10T12:39:19.6-04:00"},{"startDateTime":"2019-05-10T16:46:00","startDateTimeLocal":"2019-05-10T12:46:00-04:00","stageTimeDurationMs":1117900,"stageTimeDuration":"00:18:37.9000000","splitPointTimeId":71787,"splitPointId":2273,"entryId":19624,"elapsedDurationMs":198200,"elapsedDuration":"PT3M18.2S","splitDateTime":"2019-05-10T16:49:18.2","splitDateTimeLocal":"2019-05-10T12:49:18.2-04:00"},{"startDateTime":"2019-05-10T16:48:00","startDateTimeLocal":"2019-05-10T12:48:00-04:00","stageTimeDurationMs":1100400,"stageTimeDuration":"00:18:20.4000000","splitPointTimeId":71789,"splitPointId":2273,"entryId":19618,"elapsedDurationMs":196600,"elapsedDuration":"PT3M16.6S","splitDateTime":"2019-05-10T16:51:16.6","splitDateTimeLocal":"2019-05-10T12:51:16.6-04:00"},{"startDateTime":"2019-05-10T16:52:00","startDateTimeLocal":"2019-05-10T12:52:00-04:00","stageTimeDurationMs":2291800,"stageTimeDuration":"00:38:11.8000000","splitPointTimeId":71799,"splitPointId":2273,"entryId":19615,"elapsedDurationMs":195700,"elapsedDuration":"PT3M15.7S","splitDateTime":"2019-05-10T16:55:15.7","splitDateTimeLocal":"2019-05-10T12:55:15.7-04:00"},{"startDateTime":"2019-05-10T16:54:00","startDateTimeLocal":"2019-05-10T12:54:00-04:00","stageTimeDurationMs":1155800,"stageTimeDuration":"00:19:15.8000000","splitPointTimeId":71806,"splitPointId":2273,"entryId":19617,"elapsedDurationMs":207400,"elapsedDuration":"PT3M27.4S","splitDateTime":"2019-05-10T16:57:27.4","splitDateTimeLocal":"2019-05-10T12:57:27.4-04:00"},{"startDateTime":"2019-05-10T16:56:00","startDateTimeLocal":"2019-05-10T12:56:00-04:00","stageTimeDurationMs":1135100,"stageTimeDuration":"00:18:55.1000000","splitPointTimeId":71807,"splitPointId":2273,"entryId":19623,"elapsedDurationMs":199500,"elapsedDuration":"PT3M19.5S","splitDateTime":"2019-05-10T16:59:19.5","splitDateTimeLocal":"2019-05-10T12:59:19.5-04:00"},{"startDateTime":"2019-05-10T16:58:00","startDateTimeLocal":"2019-05-10T12:58:00-04:00","stageTimeDurationMs":1134200,"stageTimeDuration":"00:18:54.2000000","splitPointTimeId":71815,"splitPointId":2273,"entryId":19612,"elapsedDurationMs":207900,"elapsedDuration":"PT3M27.9S","splitDateTime":"2019-05-10T17:01:27.9","splitDateTimeLocal":"2019-05-10T13:01:27.9-04:00"},{"startDateTime":"2019-05-10T17:00:00","startDateTimeLocal":"2019-05-10T13:00:00-04:00","stageTimeDurationMs":1151800,"stageTimeDuration":"00:19:11.8000000","splitPointTimeId":71820,"splitPointId":2273,"entryId":19616,"elapsedDurationMs":216000,"elapsedDuration":"PT3M36S","splitDateTime":"2019-05-10T17:03:36","splitDateTimeLocal":"2019-05-10T13:03:36-04:00"},{"startDateTime":"2019-05-10T17:02:00","startDateTimeLocal":"2019-05-10T13:02:00-04:00","stageTimeDurationMs":null,"stageTimeDuration":null,"splitPointTimeId":71823,"splitPointId":2273,"entryId":19613,"elapsedDurationMs":200000,"elapsedDuration":"PT3M20S","splitDateTime":"2019-05-10T17:05:20","splitDateTimeLocal":"2019-05-10T13:05:20-04:00"},{"startDateTime":"2019-05-10T16:50:00","startDateTimeLocal":"2019-05-10T12:50:00-04:00","stageTimeDurationMs":1515500,"stageTimeDuration":"00:25:15.5000000","splitPointTimeId":71840,"splitPointId":2273,"entryId":19619,"elapsedDurationMs":1773900,"elapsedDuration":"PT29M33.9S","splitDateTime":"2019-05-10T17:19:33.9","splitDateTimeLocal":"2019-05-10T13:19:33.9-04:00"},{"startDateTime":"2019-05-10T14:57:00","startDateTimeLocal":"2019-05-10T10:57:00-04:00","stageTimeDurationMs":863700,"stageTimeDuration":"00:14:23.7000000","splitPointTimeId":71489,"splitPointId":2274,"entryId":19574,"elapsedDurationMs":717700,"elapsedDuration":"PT11M57.7S","splitDateTime":"2019-05-10T15:08:57.7","splitDateTimeLocal":"2019-05-10T11:08:57.7-04:00"},{"startDateTime":"2019-05-10T14:59:00","startDateTimeLocal":"2019-05-10T10:59:00-04:00","stageTimeDurationMs":867600,"stageTimeDuration":"00:14:27.6000000","splitPointTimeId":71495,"splitPointId":2274,"entryId":19568,"elapsedDurationMs":721600,"elapsedDuration":"PT12M1.6S","splitDateTime":"2019-05-10T15:11:01.6","splitDateTimeLocal":"2019-05-10T11:11:01.6-04:00"},{"startDateTime":"2019-05-10T15:01:00","startDateTimeLocal":"2019-05-10T11:01:00-04:00","stageTimeDurationMs":864400,"stageTimeDuration":"00:14:24.4000000","splitPointTimeId":71500,"splitPointId":2274,"entryId":19572,"elapsedDurationMs":719500,"elapsedDuration":"PT11M59.5S","splitDateTime":"2019-05-10T15:12:59.5","splitDateTimeLocal":"2019-05-10T11:12:59.5-04:00"},{"startDateTime":"2019-05-10T15:03:00","startDateTimeLocal":"2019-05-10T11:03:00-04:00","stageTimeDurationMs":879800,"stageTimeDuration":"00:14:39.8000000","splitPointTimeId":71508,"splitPointId":2274,"entryId":19571,"elapsedDurationMs":731300,"elapsedDuration":"PT12M11.3S","splitDateTime":"2019-05-10T15:15:11.3","splitDateTimeLocal":"2019-05-10T11:15:11.3-04:00"},{"startDateTime":"2019-05-10T15:05:00","startDateTimeLocal":"2019-05-10T11:05:00-04:00","stageTimeDurationMs":878100,"stageTimeDuration":"00:14:38.1000000","splitPointTimeId":71518,"splitPointId":2274,"entryId":19576,"elapsedDurationMs":728800,"elapsedDuration":"PT12M8.8S","splitDateTime":"2019-05-10T15:17:08.8","splitDateTimeLocal":"2019-05-10T11:17:08.8-04:00"},{"startDateTime":"2019-05-10T15:07:00","startDateTimeLocal":"2019-05-10T11:07:00-04:00","stageTimeDurationMs":891500,"stageTimeDuration":"00:14:51.5000000","splitPointTimeId":71528,"splitPointId":2274,"entryId":19578,"elapsedDurationMs":740000,"elapsedDuration":"PT12M20S","splitDateTime":"2019-05-10T15:19:20","splitDateTimeLocal":"2019-05-10T11:19:20-04:00"},{"startDateTime":"2019-05-10T15:09:00","startDateTimeLocal":"2019-05-10T11:09:00-04:00","stageTimeDurationMs":863900,"stageTimeDuration":"00:14:23.9000000","splitPointTimeId":71534,"splitPointId":2274,"entryId":19573,"elapsedDurationMs":718800,"elapsedDuration":"PT11M58.8S","splitDateTime":"2019-05-10T15:20:58.8","splitDateTimeLocal":"2019-05-10T11:20:58.8-04:00"},{"startDateTime":"2019-05-10T15:11:00","startDateTimeLocal":"2019-05-10T11:11:00-04:00","stageTimeDurationMs":902800,"stageTimeDuration":"00:15:02.8000000","splitPointTimeId":71541,"splitPointId":2274,"entryId":19570,"elapsedDurationMs":748900,"elapsedDuration":"PT12M28.9S","splitDateTime":"2019-05-10T15:23:28.9","splitDateTimeLocal":"2019-05-10T11:23:28.9-04:00"},{"startDateTime":"2019-05-10T15:13:00","startDateTimeLocal":"2019-05-10T11:13:00-04:00","stageTimeDurationMs":874900,"stageTimeDuration":"00:14:34.9000000","splitPointTimeId":71550,"splitPointId":2274,"entryId":19575,"elapsedDurationMs":725300,"elapsedDuration":"PT12M5.3S","splitDateTime":"2019-05-10T15:25:05.3","splitDateTimeLocal":"2019-05-10T11:25:05.3-04:00"},{"startDateTime":"2019-05-10T15:17:00","startDateTimeLocal":"2019-05-10T11:17:00-04:00","stageTimeDurationMs":893400,"stageTimeDuration":"00:14:53.4000000","splitPointTimeId":71573,"splitPointId":2274,"entryId":19569,"elapsedDurationMs":743300,"elapsedDuration":"PT12M23.3S","splitDateTime":"2019-05-10T15:29:23.3","splitDateTimeLocal":"2019-05-10T11:29:23.3-04:00"},{"startDateTime":"2019-05-10T15:19:00","startDateTimeLocal":"2019-05-10T11:19:00-04:00","stageTimeDurationMs":928800,"stageTimeDuration":"00:15:28.8000000","splitPointTimeId":71588,"splitPointId":2274,"entryId":19577,"elapsedDurationMs":771800,"elapsedDuration":"PT12M51.8S","splitDateTime":"2019-05-10T15:31:51.8","splitDateTimeLocal":"2019-05-10T11:31:51.8-04:00"},{"startDateTime":"2019-05-10T15:21:00","startDateTimeLocal":"2019-05-10T11:21:00-04:00","stageTimeDurationMs":926300,"stageTimeDuration":"00:15:26.3000000","splitPointTimeId":71596,"splitPointId":2274,"entryId":19579,"elapsedDurationMs":770500,"elapsedDuration":"PT12M50.5S","splitDateTime":"2019-05-10T15:33:50.5","splitDateTimeLocal":"2019-05-10T11:33:50.5-04:00"},{"startDateTime":"2019-05-10T15:23:00","startDateTimeLocal":"2019-05-10T11:23:00-04:00","stageTimeDurationMs":908300,"stageTimeDuration":"00:15:08.3000000","splitPointTimeId":71610,"splitPointId":2274,"entryId":19581,"elapsedDurationMs":755000,"elapsedDuration":"PT12M35S","splitDateTime":"2019-05-10T15:35:35","splitDateTimeLocal":"2019-05-10T11:35:35-04:00"},{"startDateTime":"2019-05-10T15:25:00","startDateTimeLocal":"2019-05-10T11:25:00-04:00","stageTimeDurationMs":915200,"stageTimeDuration":"00:15:15.2000000","splitPointTimeId":71620,"splitPointId":2274,"entryId":19580,"elapsedDurationMs":760800,"elapsedDuration":"PT12M40.8S","splitDateTime":"2019-05-10T15:37:40.8","splitDateTimeLocal":"2019-05-10T11:37:40.8-04:00"},{"startDateTime":"2019-05-10T15:27:00","startDateTimeLocal":"2019-05-10T11:27:00-04:00","stageTimeDurationMs":943600,"stageTimeDuration":"00:15:43.6000000","splitPointTimeId":71632,"splitPointId":2274,"entryId":19582,"elapsedDurationMs":783800,"elapsedDuration":"PT13M3.8S","splitDateTime":"2019-05-10T15:40:03.8","splitDateTimeLocal":"2019-05-10T11:40:03.8-04:00"},{"startDateTime":"2019-05-10T15:30:00","startDateTimeLocal":"2019-05-10T11:30:00-04:00","stageTimeDurationMs":960600,"stageTimeDuration":"00:16:00.6000000","splitPointTimeId":71642,"splitPointId":2274,"entryId":19583,"elapsedDurationMs":797000,"elapsedDuration":"PT13M17S","splitDateTime":"2019-05-10T15:43:17","splitDateTimeLocal":"2019-05-10T11:43:17-04:00"},{"startDateTime":"2019-05-10T15:33:00","startDateTimeLocal":"2019-05-10T11:33:00-04:00","stageTimeDurationMs":946900,"stageTimeDuration":"00:15:46.9000000","splitPointTimeId":71662,"splitPointId":2274,"entryId":19584,"elapsedDurationMs":786600,"elapsedDuration":"PT13M6.6S","splitDateTime":"2019-05-10T15:46:06.6","splitDateTimeLocal":"2019-05-10T11:46:06.6-04:00"},{"startDateTime":"2019-05-10T15:36:00","startDateTimeLocal":"2019-05-10T11:36:00-04:00","stageTimeDurationMs":946000,"stageTimeDuration":"00:15:46","splitPointTimeId":71673,"splitPointId":2274,"entryId":19586,"elapsedDurationMs":785100,"elapsedDuration":"PT13M5.1S","splitDateTime":"2019-05-10T15:49:05.1","splitDateTimeLocal":"2019-05-10T11:49:05.1-04:00"},{"startDateTime":"2019-05-10T15:39:00","startDateTimeLocal":"2019-05-10T11:39:00-04:00","stageTimeDurationMs":1027100,"stageTimeDuration":"00:17:07.1000000","splitPointTimeId":71691,"splitPointId":2274,"entryId":19588,"elapsedDurationMs":854700,"elapsedDuration":"PT14M14.7S","splitDateTime":"2019-05-10T15:53:14.7","splitDateTimeLocal":"2019-05-10T11:53:14.7-04:00"},{"startDateTime":"2019-05-10T15:42:00","startDateTimeLocal":"2019-05-10T11:42:00-04:00","stageTimeDurationMs":969100,"stageTimeDuration":"00:16:09.1000000","splitPointTimeId":71703,"splitPointId":2274,"entryId":19594,"elapsedDurationMs":804800,"elapsedDuration":"PT13M24.8S","splitDateTime":"2019-05-10T15:55:24.8","splitDateTimeLocal":"2019-05-10T11:55:24.8-04:00"},{"startDateTime":"2019-05-10T15:45:00","startDateTimeLocal":"2019-05-10T11:45:00-04:00","stageTimeDurationMs":965200,"stageTimeDuration":"00:16:05.2000000","splitPointTimeId":71721,"splitPointId":2274,"entryId":19595,"elapsedDurationMs":803300,"elapsedDuration":"PT13M23.3S","splitDateTime":"2019-05-10T15:58:23.3","splitDateTimeLocal":"2019-05-10T11:58:23.3-04:00"},{"startDateTime":"2019-05-10T15:48:00","startDateTimeLocal":"2019-05-10T11:48:00-04:00","stageTimeDurationMs":1366000,"stageTimeDuration":"00:22:46","splitPointTimeId":71726,"splitPointId":2274,"entryId":19601,"elapsedDurationMs":788900,"elapsedDuration":"PT13M8.9S","splitDateTime":"2019-05-10T16:01:08.9","splitDateTimeLocal":"2019-05-10T12:01:08.9-04:00"},{"startDateTime":"2019-05-10T15:51:00","startDateTimeLocal":"2019-05-10T11:51:00-04:00","stageTimeDurationMs":971100,"stageTimeDuration":"00:16:11.1000000","splitPointTimeId":71733,"splitPointId":2274,"entryId":19591,"elapsedDurationMs":807600,"elapsedDuration":"PT13M27.6S","splitDateTime":"2019-05-10T16:04:27.6","splitDateTimeLocal":"2019-05-10T12:04:27.6-04:00"},{"startDateTime":"2019-05-10T15:54:00","startDateTimeLocal":"2019-05-10T11:54:00-04:00","stageTimeDurationMs":958100,"stageTimeDuration":"00:15:58.1000000","splitPointTimeId":71742,"splitPointId":2274,"entryId":19600,"elapsedDurationMs":795300,"elapsedDuration":"PT13M15.3S","splitDateTime":"2019-05-10T16:07:15.3","splitDateTimeLocal":"2019-05-10T12:07:15.3-04:00"},{"startDateTime":"2019-05-10T15:57:00","startDateTimeLocal":"2019-05-10T11:57:00-04:00","stageTimeDurationMs":988900,"stageTimeDuration":"00:16:28.9000000","splitPointTimeId":71747,"splitPointId":2274,"entryId":19597,"elapsedDurationMs":822400,"elapsedDuration":"PT13M42.4S","splitDateTime":"2019-05-10T16:10:42.4","splitDateTimeLocal":"2019-05-10T12:10:42.4-04:00"},{"startDateTime":"2019-05-10T16:03:00","startDateTimeLocal":"2019-05-10T12:03:00-04:00","stageTimeDurationMs":966600,"stageTimeDuration":"00:16:06.6000000","splitPointTimeId":71755,"splitPointId":2274,"entryId":19592,"elapsedDurationMs":804300,"elapsedDuration":"PT13M24.3S","splitDateTime":"2019-05-10T16:16:24.3","splitDateTimeLocal":"2019-05-10T12:16:24.3-04:00"},{"startDateTime":"2019-05-10T16:00:00","startDateTimeLocal":"2019-05-10T12:00:00-04:00","stageTimeDurationMs":1020800,"stageTimeDuration":"00:17:00.8000000","splitPointTimeId":71757,"splitPointId":2274,"entryId":19599,"elapsedDurationMs":852000,"elapsedDuration":"PT14M12S","splitDateTime":"2019-05-10T16:14:12","splitDateTimeLocal":"2019-05-10T12:14:12-04:00"},{"startDateTime":"2019-05-10T16:06:00","startDateTimeLocal":"2019-05-10T12:06:00-04:00","stageTimeDurationMs":1048800,"stageTimeDuration":"00:17:28.8000000","splitPointTimeId":71762,"splitPointId":2274,"entryId":19602,"elapsedDurationMs":868800,"elapsedDuration":"PT14M28.8S","splitDateTime":"2019-05-10T16:20:28.8","splitDateTimeLocal":"2019-05-10T12:20:28.8-04:00"},{"startDateTime":"2019-05-10T16:09:00","startDateTimeLocal":"2019-05-10T12:09:00-04:00","stageTimeDurationMs":1093600,"stageTimeDuration":"00:18:13.6000000","splitPointTimeId":71764,"splitPointId":2274,"entryId":19606,"elapsedDurationMs":909500,"elapsedDuration":"PT15M9.5S","splitDateTime":"2019-05-10T16:24:09.5","splitDateTimeLocal":"2019-05-10T12:24:09.5-04:00"},{"startDateTime":"2019-05-10T16:12:00","startDateTimeLocal":"2019-05-10T12:12:00-04:00","stageTimeDurationMs":1188600,"stageTimeDuration":"00:19:48.6000000","splitPointTimeId":71767,"splitPointId":2274,"entryId":19608,"elapsedDurationMs":988400,"elapsedDuration":"PT16M28.4S","splitDateTime":"2019-05-10T16:28:28.4","splitDateTimeLocal":"2019-05-10T12:28:28.4-04:00"},{"startDateTime":"2019-05-10T16:25:00","startDateTimeLocal":"2019-05-10T12:25:00-04:00","stageTimeDurationMs":1177100,"stageTimeDuration":"00:19:37.1000000","splitPointTimeId":71775,"splitPointId":2274,"entryId":19610,"elapsedDurationMs":983300,"elapsedDuration":"PT16M23.3S","splitDateTime":"2019-05-10T16:41:23.3","splitDateTimeLocal":"2019-05-10T12:41:23.3-04:00"},{"startDateTime":"2019-05-10T16:34:00","startDateTimeLocal":"2019-05-10T12:34:00-04:00","stageTimeDurationMs":1137300,"stageTimeDuration":"00:18:57.3000000","splitPointTimeId":71792,"splitPointId":2274,"entryId":19604,"elapsedDurationMs":945000,"elapsedDuration":"PT15M45S","splitDateTime":"2019-05-10T16:49:45","splitDateTimeLocal":"2019-05-10T12:49:45-04:00"},{"startDateTime":"2019-05-10T16:38:00","startDateTimeLocal":"2019-05-10T12:38:00-04:00","stageTimeDurationMs":1095500,"stageTimeDuration":"00:18:15.5000000","splitPointTimeId":71794,"splitPointId":2274,"entryId":19625,"elapsedDurationMs":911800,"elapsedDuration":"PT15M11.8S","splitDateTime":"2019-05-10T16:53:11.8","splitDateTimeLocal":"2019-05-10T12:53:11.8-04:00"},{"startDateTime":"2019-05-10T16:40:00","startDateTimeLocal":"2019-05-10T12:40:00-04:00","stageTimeDurationMs":1112700,"stageTimeDuration":"00:18:32.7000000","splitPointTimeId":71798,"splitPointId":2274,"entryId":19620,"elapsedDurationMs":928000,"elapsedDuration":"PT15M28S","splitDateTime":"2019-05-10T16:55:28","splitDateTimeLocal":"2019-05-10T12:55:28-04:00"},{"startDateTime":"2019-05-10T16:42:00","startDateTimeLocal":"2019-05-10T12:42:00-04:00","stageTimeDurationMs":1110700,"stageTimeDuration":"00:18:30.7000000","splitPointTimeId":71802,"splitPointId":2274,"entryId":19621,"elapsedDurationMs":928900,"elapsedDuration":"PT15M28.9S","splitDateTime":"2019-05-10T16:57:28.9","splitDateTimeLocal":"2019-05-10T12:57:28.9-04:00"},{"startDateTime":"2019-05-10T16:44:00","startDateTimeLocal":"2019-05-10T12:44:00-04:00","stageTimeDurationMs":1147000,"stageTimeDuration":"00:19:07","splitPointTimeId":71809,"splitPointId":2274,"entryId":19627,"elapsedDurationMs":953800,"elapsedDuration":"PT15M53.8S","splitDateTime":"2019-05-10T16:59:53.8","splitDateTimeLocal":"2019-05-10T12:59:53.8-04:00"},{"startDateTime":"2019-05-10T16:36:00","startDateTimeLocal":"2019-05-10T12:36:00-04:00","stageTimeDurationMs":1605600,"stageTimeDuration":"00:26:45.6000000","splitPointTimeId":71810,"splitPointId":2274,"entryId":19629,"elapsedDurationMs":1425900,"elapsedDuration":"PT23M45.9S","splitDateTime":"2019-05-10T16:59:45.9","splitDateTimeLocal":"2019-05-10T12:59:45.9-04:00"},{"startDateTime":"2019-05-10T16:46:00","startDateTimeLocal":"2019-05-10T12:46:00-04:00","stageTimeDurationMs":1117900,"stageTimeDuration":"00:18:37.9000000","splitPointTimeId":71817,"splitPointId":2274,"entryId":19624,"elapsedDurationMs":938400,"elapsedDuration":"PT15M38.4S","splitDateTime":"2019-05-10T17:01:38.4","splitDateTimeLocal":"2019-05-10T13:01:38.4-04:00"},{"startDateTime":"2019-05-10T16:48:00","startDateTimeLocal":"2019-05-10T12:48:00-04:00","stageTimeDurationMs":1100400,"stageTimeDuration":"00:18:20.4000000","splitPointTimeId":71821,"splitPointId":2274,"entryId":19618,"elapsedDurationMs":921100,"elapsedDuration":"PT15M21.1S","splitDateTime":"2019-05-10T17:03:21.1","splitDateTimeLocal":"2019-05-10T13:03:21.1-04:00"},{"startDateTime":"2019-05-10T16:54:00","startDateTimeLocal":"2019-05-10T12:54:00-04:00","stageTimeDurationMs":1155800,"stageTimeDuration":"00:19:15.8000000","splitPointTimeId":71829,"splitPointId":2274,"entryId":19617,"elapsedDurationMs":964100,"elapsedDuration":"PT16M4.1S","splitDateTime":"2019-05-10T17:10:04.1","splitDateTimeLocal":"2019-05-10T13:10:04.1-04:00"},{"startDateTime":"2019-05-10T16:56:00","startDateTimeLocal":"2019-05-10T12:56:00-04:00","stageTimeDurationMs":1135100,"stageTimeDuration":"00:18:55.1000000","splitPointTimeId":71830,"splitPointId":2274,"entryId":19623,"elapsedDurationMs":943400,"elapsedDuration":"PT15M43.4S","splitDateTime":"2019-05-10T17:11:43.4","splitDateTimeLocal":"2019-05-10T13:11:43.4-04:00"},{"startDateTime":"2019-05-10T16:58:00","startDateTimeLocal":"2019-05-10T12:58:00-04:00","stageTimeDurationMs":1134200,"stageTimeDuration":"00:18:54.2000000","splitPointTimeId":71835,"splitPointId":2274,"entryId":19612,"elapsedDurationMs":947700,"elapsedDuration":"PT15M47.7S","splitDateTime":"2019-05-10T17:13:47.7","splitDateTimeLocal":"2019-05-10T13:13:47.7-04:00"},{"startDateTime":"2019-05-10T17:00:00","startDateTimeLocal":"2019-05-10T13:00:00-04:00","stageTimeDurationMs":1151800,"stageTimeDuration":"00:19:11.8000000","splitPointTimeId":71837,"splitPointId":2274,"entryId":19616,"elapsedDurationMs":969500,"elapsedDuration":"PT16M9.5S","splitDateTime":"2019-05-10T17:16:09.5","splitDateTimeLocal":"2019-05-10T13:16:09.5-04:00"},{"startDateTime":"2019-05-10T16:52:00","startDateTimeLocal":"2019-05-10T12:52:00-04:00","stageTimeDurationMs":2291800,"stageTimeDuration":"00:38:11.8000000","splitPointTimeId":71842,"splitPointId":2274,"entryId":19615,"elapsedDurationMs":2103400,"elapsedDuration":"PT35M3.4S","splitDateTime":"2019-05-10T17:27:03.4","splitDateTimeLocal":"2019-05-10T13:27:03.4-04:00"},{"startDateTime":"2019-05-10T17:02:00","startDateTimeLocal":"2019-05-10T13:02:00-04:00","stageTimeDurationMs":null,"stageTimeDuration":null,"splitPointTimeId":71845,"splitPointId":2274,"entryId":19613,"elapsedDurationMs":3438400,"elapsedDuration":"PT57M18.4S","splitDateTime":"2019-05-10T17:59:18.4","splitDateTimeLocal":"2019-05-10T13:59:18.4-04:00"},{"startDateTime":"2019-05-10T14:57:00","startDateTimeLocal":"2019-05-10T10:57:00-04:00","stageTimeDurationMs":863700,"stageTimeDuration":"00:14:23.7000000","splitPointTimeId":71486,"splitPointId":2275,"entryId":19574,"elapsedDurationMs":662000,"elapsedDuration":"PT11M2S","splitDateTime":"2019-05-10T15:08:02","splitDateTimeLocal":"2019-05-10T11:08:02-04:00"},{"startDateTime":"2019-05-10T14:59:00","startDateTimeLocal":"2019-05-10T10:59:00-04:00","stageTimeDurationMs":867600,"stageTimeDuration":"00:14:27.6000000","splitPointTimeId":71493,"splitPointId":2275,"entryId":19568,"elapsedDurationMs":667200,"elapsedDuration":"PT11M7.2S","splitDateTime":"2019-05-10T15:10:07.2","splitDateTimeLocal":"2019-05-10T11:10:07.2-04:00"},{"startDateTime":"2019-05-10T15:01:00","startDateTimeLocal":"2019-05-10T11:01:00-04:00","stageTimeDurationMs":864400,"stageTimeDuration":"00:14:24.4000000","splitPointTimeId":71498,"splitPointId":2275,"entryId":19572,"elapsedDurationMs":662900,"elapsedDuration":"PT11M2.9S","splitDateTime":"2019-05-10T15:12:02.9","splitDateTimeLocal":"2019-05-10T11:12:02.9-04:00"},{"startDateTime":"2019-05-10T15:03:00","startDateTimeLocal":"2019-05-10T11:03:00-04:00","stageTimeDurationMs":879800,"stageTimeDuration":"00:14:39.8000000","splitPointTimeId":71504,"splitPointId":2275,"entryId":19571,"elapsedDurationMs":673700,"elapsedDuration":"PT11M13.7S","splitDateTime":"2019-05-10T15:14:13.7","splitDateTimeLocal":"2019-05-10T11:14:13.7-04:00"},{"startDateTime":"2019-05-10T15:05:00","startDateTimeLocal":"2019-05-10T11:05:00-04:00","stageTimeDurationMs":878100,"stageTimeDuration":"00:14:38.1000000","splitPointTimeId":71516,"splitPointId":2275,"entryId":19576,"elapsedDurationMs":672200,"elapsedDuration":"PT11M12.2S","splitDateTime":"2019-05-10T15:16:12.2","splitDateTimeLocal":"2019-05-10T11:16:12.2-04:00"},{"startDateTime":"2019-05-10T15:07:00","startDateTimeLocal":"2019-05-10T11:07:00-04:00","stageTimeDurationMs":891500,"stageTimeDuration":"00:14:51.5000000","splitPointTimeId":71525,"splitPointId":2275,"entryId":19578,"elapsedDurationMs":681600,"elapsedDuration":"PT11M21.6S","splitDateTime":"2019-05-10T15:18:21.6","splitDateTimeLocal":"2019-05-10T11:18:21.6-04:00"},{"startDateTime":"2019-05-10T15:09:00","startDateTimeLocal":"2019-05-10T11:09:00-04:00","stageTimeDurationMs":863900,"stageTimeDuration":"00:14:23.9000000","splitPointTimeId":71531,"splitPointId":2275,"entryId":19573,"elapsedDurationMs":664000,"elapsedDuration":"PT11M4S","splitDateTime":"2019-05-10T15:20:04","splitDateTimeLocal":"2019-05-10T11:20:04-04:00"},{"startDateTime":"2019-05-10T15:11:00","startDateTimeLocal":"2019-05-10T11:11:00-04:00","stageTimeDurationMs":902800,"stageTimeDuration":"00:15:02.8000000","splitPointTimeId":71539,"splitPointId":2275,"entryId":19570,"elapsedDurationMs":690700,"elapsedDuration":"PT11M30.7S","splitDateTime":"2019-05-10T15:22:30.7","splitDateTimeLocal":"2019-05-10T11:22:30.7-04:00"},{"startDateTime":"2019-05-10T15:13:00","startDateTimeLocal":"2019-05-10T11:13:00-04:00","stageTimeDurationMs":874900,"stageTimeDuration":"00:14:34.9000000","splitPointTimeId":71545,"splitPointId":2275,"entryId":19575,"elapsedDurationMs":670600,"elapsedDuration":"PT11M10.6S","splitDateTime":"2019-05-10T15:24:10.6","splitDateTimeLocal":"2019-05-10T11:24:10.6-04:00"},{"startDateTime":"2019-05-10T15:17:00","startDateTimeLocal":"2019-05-10T11:17:00-04:00","stageTimeDurationMs":893400,"stageTimeDuration":"00:14:53.4000000","splitPointTimeId":71568,"splitPointId":2275,"entryId":19569,"elapsedDurationMs":685600,"elapsedDuration":"PT11M25.6S","splitDateTime":"2019-05-10T15:28:25.6","splitDateTimeLocal":"2019-05-10T11:28:25.6-04:00"},{"startDateTime":"2019-05-10T15:19:00","startDateTimeLocal":"2019-05-10T11:19:00-04:00","stageTimeDurationMs":928800,"stageTimeDuration":"00:15:28.8000000","splitPointTimeId":71581,"splitPointId":2275,"entryId":19577,"elapsedDurationMs":712000,"elapsedDuration":"PT11M52S","splitDateTime":"2019-05-10T15:30:52","splitDateTimeLocal":"2019-05-10T11:30:52-04:00"},{"startDateTime":"2019-05-10T15:21:00","startDateTimeLocal":"2019-05-10T11:21:00-04:00","stageTimeDurationMs":926300,"stageTimeDuration":"00:15:26.3000000","splitPointTimeId":71590,"splitPointId":2275,"entryId":19579,"elapsedDurationMs":709700,"elapsedDuration":"PT11M49.7S","splitDateTime":"2019-05-10T15:32:49.7","splitDateTimeLocal":"2019-05-10T11:32:49.7-04:00"},{"startDateTime":"2019-05-10T15:23:00","startDateTimeLocal":"2019-05-10T11:23:00-04:00","stageTimeDurationMs":908300,"stageTimeDuration":"00:15:08.3000000","splitPointTimeId":71601,"splitPointId":2275,"entryId":19581,"elapsedDurationMs":696200,"elapsedDuration":"PT11M36.2S","splitDateTime":"2019-05-10T15:34:36.2","splitDateTimeLocal":"2019-05-10T11:34:36.2-04:00"},{"startDateTime":"2019-05-10T15:25:00","startDateTimeLocal":"2019-05-10T11:25:00-04:00","stageTimeDurationMs":915200,"stageTimeDuration":"00:15:15.2000000","splitPointTimeId":71615,"splitPointId":2275,"entryId":19580,"elapsedDurationMs":701200,"elapsedDuration":"PT11M41.2S","splitDateTime":"2019-05-10T15:36:41.2","splitDateTimeLocal":"2019-05-10T11:36:41.2-04:00"},{"startDateTime":"2019-05-10T15:27:00","startDateTimeLocal":"2019-05-10T11:27:00-04:00","stageTimeDurationMs":943600,"stageTimeDuration":"00:15:43.6000000","splitPointTimeId":71628,"splitPointId":2275,"entryId":19582,"elapsedDurationMs":720900,"elapsedDuration":"PT12M0.9S","splitDateTime":"2019-05-10T15:39:00.9","splitDateTimeLocal":"2019-05-10T11:39:00.9-04:00"},{"startDateTime":"2019-05-10T15:30:00","startDateTimeLocal":"2019-05-10T11:30:00-04:00","stageTimeDurationMs":960600,"stageTimeDuration":"00:16:00.6000000","splitPointTimeId":71637,"splitPointId":2275,"entryId":19583,"elapsedDurationMs":733600,"elapsedDuration":"PT12M13.6S","splitDateTime":"2019-05-10T15:42:13.6","splitDateTimeLocal":"2019-05-10T11:42:13.6-04:00"},{"startDateTime":"2019-05-10T15:33:00","startDateTimeLocal":"2019-05-10T11:33:00-04:00","stageTimeDurationMs":946900,"stageTimeDuration":"00:15:46.9000000","splitPointTimeId":71656,"splitPointId":2275,"entryId":19584,"elapsedDurationMs":724100,"elapsedDuration":"PT12M4.1S","splitDateTime":"2019-05-10T15:45:04.1","splitDateTimeLocal":"2019-05-10T11:45:04.1-04:00"},{"startDateTime":"2019-05-10T15:36:00","startDateTimeLocal":"2019-05-10T11:36:00-04:00","stageTimeDurationMs":946000,"stageTimeDuration":"00:15:46","splitPointTimeId":71669,"splitPointId":2275,"entryId":19586,"elapsedDurationMs":723000,"elapsedDuration":"PT12M3S","splitDateTime":"2019-05-10T15:48:03","splitDateTimeLocal":"2019-05-10T11:48:03-04:00"},{"startDateTime":"2019-05-10T15:39:00","startDateTimeLocal":"2019-05-10T11:39:00-04:00","stageTimeDurationMs":1027100,"stageTimeDuration":"00:17:07.1000000","splitPointTimeId":71679,"splitPointId":2275,"entryId":19588,"elapsedDurationMs":784700,"elapsedDuration":"PT13M4.7S","splitDateTime":"2019-05-10T15:52:04.7","splitDateTimeLocal":"2019-05-10T11:52:04.7-04:00"},{"startDateTime":"2019-05-10T15:42:00","startDateTimeLocal":"2019-05-10T11:42:00-04:00","stageTimeDurationMs":969100,"stageTimeDuration":"00:16:09.1000000","splitPointTimeId":71698,"splitPointId":2275,"entryId":19594,"elapsedDurationMs":741100,"elapsedDuration":"PT12M21.1S","splitDateTime":"2019-05-10T15:54:21.1","splitDateTimeLocal":"2019-05-10T11:54:21.1-04:00"},{"startDateTime":"2019-05-10T15:45:00","startDateTimeLocal":"2019-05-10T11:45:00-04:00","stageTimeDurationMs":965200,"stageTimeDuration":"00:16:05.2000000","splitPointTimeId":71713,"splitPointId":2275,"entryId":19595,"elapsedDurationMs":739200,"elapsedDuration":"PT12M19.2S","splitDateTime":"2019-05-10T15:57:19.2","splitDateTimeLocal":"2019-05-10T11:57:19.2-04:00"},{"startDateTime":"2019-05-10T15:48:00","startDateTimeLocal":"2019-05-10T11:48:00-04:00","stageTimeDurationMs":1366000,"stageTimeDuration":"00:22:46","splitPointTimeId":71719,"splitPointId":2275,"entryId":19601,"elapsedDurationMs":726100,"elapsedDuration":"PT12M6.1S","splitDateTime":"2019-05-10T16:00:06.1","splitDateTimeLocal":"2019-05-10T12:00:06.1-04:00"},{"startDateTime":"2019-05-10T15:51:00","startDateTimeLocal":"2019-05-10T11:51:00-04:00","stageTimeDurationMs":971100,"stageTimeDuration":"00:16:11.1000000","splitPointTimeId":71730,"splitPointId":2275,"entryId":19591,"elapsedDurationMs":743700,"elapsedDuration":"PT12M23.7S","splitDateTime":"2019-05-10T16:03:23.7","splitDateTimeLocal":"2019-05-10T12:03:23.7-04:00"},{"startDateTime":"2019-05-10T15:57:00","startDateTimeLocal":"2019-05-10T11:57:00-04:00","stageTimeDurationMs":988900,"stageTimeDuration":"00:16:28.9000000","splitPointTimeId":71740,"splitPointId":2275,"entryId":19597,"elapsedDurationMs":756400,"elapsedDuration":"PT12M36.4S","splitDateTime":"2019-05-10T16:09:36.4","splitDateTimeLocal":"2019-05-10T12:09:36.4-04:00"},{"startDateTime":"2019-05-10T15:54:00","startDateTimeLocal":"2019-05-10T11:54:00-04:00","stageTimeDurationMs":958100,"stageTimeDuration":"00:15:58.1000000","splitPointTimeId":71741,"splitPointId":2275,"entryId":19600,"elapsedDurationMs":733000,"elapsedDuration":"PT12M13S","splitDateTime":"2019-05-10T16:06:13","splitDateTimeLocal":"2019-05-10T12:06:13-04:00"},{"startDateTime":"2019-05-10T16:00:00","startDateTimeLocal":"2019-05-10T12:00:00-04:00","stageTimeDurationMs":1020800,"stageTimeDuration":"00:17:00.8000000","splitPointTimeId":71749,"splitPointId":2275,"entryId":19599,"elapsedDurationMs":784700,"elapsedDuration":"PT13M4.7S","splitDateTime":"2019-05-10T16:13:04.7","splitDateTimeLocal":"2019-05-10T12:13:04.7-04:00"},{"startDateTime":"2019-05-10T16:03:00","startDateTimeLocal":"2019-05-10T12:03:00-04:00","stageTimeDurationMs":966600,"stageTimeDuration":"00:16:06.6000000","splitPointTimeId":71750,"splitPointId":2275,"entryId":19592,"elapsedDurationMs":738200,"elapsedDuration":"PT12M18.2S","splitDateTime":"2019-05-10T16:15:18.2","splitDateTimeLocal":"2019-05-10T12:15:18.2-04:00"},{"startDateTime":"2019-05-10T16:06:00","startDateTimeLocal":"2019-05-10T12:06:00-04:00","stageTimeDurationMs":1048800,"stageTimeDuration":"00:17:28.8000000","splitPointTimeId":71758,"splitPointId":2275,"entryId":19602,"elapsedDurationMs":799500,"elapsedDuration":"PT13M19.5S","splitDateTime":"2019-05-10T16:19:19.5","splitDateTimeLocal":"2019-05-10T12:19:19.5-04:00"},{"startDateTime":"2019-05-10T16:09:00","startDateTimeLocal":"2019-05-10T12:09:00-04:00","stageTimeDurationMs":1093600,"stageTimeDuration":"00:18:13.6000000","splitPointTimeId":71761,"splitPointId":2275,"entryId":19606,"elapsedDurationMs":837400,"elapsedDuration":"PT13M57.4S","splitDateTime":"2019-05-10T16:22:57.4","splitDateTimeLocal":"2019-05-10T12:22:57.4-04:00"},{"startDateTime":"2019-05-10T16:12:00","startDateTimeLocal":"2019-05-10T12:12:00-04:00","stageTimeDurationMs":1188600,"stageTimeDuration":"00:19:48.6000000","splitPointTimeId":71766,"splitPointId":2275,"entryId":19608,"elapsedDurationMs":906100,"elapsedDuration":"PT15M6.1S","splitDateTime":"2019-05-10T16:27:06.1","splitDateTimeLocal":"2019-05-10T12:27:06.1-04:00"},{"startDateTime":"2019-05-10T16:25:00","startDateTimeLocal":"2019-05-10T12:25:00-04:00","stageTimeDurationMs":1177100,"stageTimeDuration":"00:19:37.1000000","splitPointTimeId":71772,"splitPointId":2275,"entryId":19610,"elapsedDurationMs":903100,"elapsedDuration":"PT15M3.1S","splitDateTime":"2019-05-10T16:40:03.1","splitDateTimeLocal":"2019-05-10T12:40:03.1-04:00"},{"startDateTime":"2019-05-10T16:34:00","startDateTimeLocal":"2019-05-10T12:34:00-04:00","stageTimeDurationMs":1137300,"stageTimeDuration":"00:18:57.3000000","splitPointTimeId":71784,"splitPointId":2275,"entryId":19604,"elapsedDurationMs":868800,"elapsedDuration":"PT14M28.8S","splitDateTime":"2019-05-10T16:48:28.8","splitDateTimeLocal":"2019-05-10T12:48:28.8-04:00"},{"startDateTime":"2019-05-10T16:38:00","startDateTimeLocal":"2019-05-10T12:38:00-04:00","stageTimeDurationMs":1095500,"stageTimeDuration":"00:18:15.5000000","splitPointTimeId":71788,"splitPointId":2275,"entryId":19625,"elapsedDurationMs":837700,"elapsedDuration":"PT13M57.7S","splitDateTime":"2019-05-10T16:51:57.7","splitDateTimeLocal":"2019-05-10T12:51:57.7-04:00"},{"startDateTime":"2019-05-10T16:40:00","startDateTimeLocal":"2019-05-10T12:40:00-04:00","stageTimeDurationMs":1112700,"stageTimeDuration":"00:18:32.7000000","splitPointTimeId":71795,"splitPointId":2275,"entryId":19620,"elapsedDurationMs":855200,"elapsedDuration":"PT14M15.2S","splitDateTime":"2019-05-10T16:54:15.2","splitDateTimeLocal":"2019-05-10T12:54:15.2-04:00"},{"startDateTime":"2019-05-10T16:42:00","startDateTimeLocal":"2019-05-10T12:42:00-04:00","stageTimeDurationMs":1110700,"stageTimeDuration":"00:18:30.7000000","splitPointTimeId":71800,"splitPointId":2275,"entryId":19621,"elapsedDurationMs":857700,"elapsedDuration":"PT14M17.7S","splitDateTime":"2019-05-10T16:56:17.7","splitDateTimeLocal":"2019-05-10T12:56:17.7-04:00"},{"startDateTime":"2019-05-10T16:36:00","startDateTimeLocal":"2019-05-10T12:36:00-04:00","stageTimeDurationMs":1605600,"stageTimeDuration":"00:26:45.6000000","splitPointTimeId":71804,"splitPointId":2275,"entryId":19629,"elapsedDurationMs":1353700,"elapsedDuration":"PT22M33.7S","splitDateTime":"2019-05-10T16:58:33.7","splitDateTimeLocal":"2019-05-10T12:58:33.7-04:00"},{"startDateTime":"2019-05-10T16:44:00","startDateTimeLocal":"2019-05-10T12:44:00-04:00","stageTimeDurationMs":1147000,"stageTimeDuration":"00:19:07","splitPointTimeId":71805,"splitPointId":2275,"entryId":19627,"elapsedDurationMs":875500,"elapsedDuration":"PT14M35.5S","splitDateTime":"2019-05-10T16:58:35.5","splitDateTimeLocal":"2019-05-10T12:58:35.5-04:00"},{"startDateTime":"2019-05-10T16:46:00","startDateTimeLocal":"2019-05-10T12:46:00-04:00","stageTimeDurationMs":1117900,"stageTimeDuration":"00:18:37.9000000","splitPointTimeId":71811,"splitPointId":2275,"entryId":19624,"elapsedDurationMs":866400,"elapsedDuration":"PT14M26.4S","splitDateTime":"2019-05-10T17:00:26.4","splitDateTimeLocal":"2019-05-10T13:00:26.4-04:00"},{"startDateTime":"2019-05-10T16:48:00","startDateTimeLocal":"2019-05-10T12:48:00-04:00","stageTimeDurationMs":1100400,"stageTimeDuration":"00:18:20.4000000","splitPointTimeId":71816,"splitPointId":2275,"entryId":19618,"elapsedDurationMs":849200,"elapsedDuration":"PT14M9.2S","splitDateTime":"2019-05-10T17:02:09.2","splitDateTimeLocal":"2019-05-10T13:02:09.2-04:00"},{"startDateTime":"2019-05-10T16:54:00","startDateTimeLocal":"2019-05-10T12:54:00-04:00","stageTimeDurationMs":1155800,"stageTimeDuration":"00:19:15.8000000","splitPointTimeId":71826,"splitPointId":2275,"entryId":19617,"elapsedDurationMs":885500,"elapsedDuration":"PT14M45.5S","splitDateTime":"2019-05-10T17:08:45.5","splitDateTimeLocal":"2019-05-10T13:08:45.5-04:00"},{"startDateTime":"2019-05-10T16:56:00","startDateTimeLocal":"2019-05-10T12:56:00-04:00","stageTimeDurationMs":1135100,"stageTimeDuration":"00:18:55.1000000","splitPointTimeId":71828,"splitPointId":2275,"entryId":19623,"elapsedDurationMs":868200,"elapsedDuration":"PT14M28.2S","splitDateTime":"2019-05-10T17:10:28.2","splitDateTimeLocal":"2019-05-10T13:10:28.2-04:00"},{"startDateTime":"2019-05-10T16:58:00","startDateTimeLocal":"2019-05-10T12:58:00-04:00","stageTimeDurationMs":1134200,"stageTimeDuration":"00:18:54.2000000","splitPointTimeId":71832,"splitPointId":2275,"entryId":19612,"elapsedDurationMs":873700,"elapsedDuration":"PT14M33.7S","splitDateTime":"2019-05-10T17:12:33.7","splitDateTimeLocal":"2019-05-10T13:12:33.7-04:00"},{"startDateTime":"2019-05-10T17:00:00","startDateTimeLocal":"2019-05-10T13:00:00-04:00","stageTimeDurationMs":1151800,"stageTimeDuration":"00:19:11.8000000","splitPointTimeId":71836,"splitPointId":2275,"entryId":19616,"elapsedDurationMs":892500,"elapsedDuration":"PT14M52.5S","splitDateTime":"2019-05-10T17:14:52.5","splitDateTimeLocal":"2019-05-10T13:14:52.5-04:00"},{"startDateTime":"2019-05-10T16:52:00","startDateTimeLocal":"2019-05-10T12:52:00-04:00","stageTimeDurationMs":2291800,"stageTimeDuration":"00:38:11.8000000","splitPointTimeId":71841,"splitPointId":2275,"entryId":19615,"elapsedDurationMs":2023000,"elapsedDuration":"PT33M43S","splitDateTime":"2019-05-10T17:25:43","splitDateTimeLocal":"2019-05-10T13:25:43-04:00"},{"startDateTime":"2019-05-10T17:02:00","startDateTimeLocal":"2019-05-10T13:02:00-04:00","stageTimeDurationMs":null,"stageTimeDuration":null,"splitPointTimeId":71844,"splitPointId":2275,"entryId":19613,"elapsedDurationMs":3233200,"elapsedDuration":"PT53M53.2S","splitDateTime":"2019-05-10T17:55:53.2","splitDateTimeLocal":"2019-05-10T13:55:53.2-04:00"},{"startDateTime":"2019-05-10T16:32:00","startDateTimeLocal":"2019-05-10T12:32:00-04:00","stageTimeDurationMs":1513600,"stageTimeDuration":"00:25:13.6000000","splitPointTimeId":71846,"splitPointId":2275,"entryId":19607,"elapsedDurationMs":7320000,"elapsedDuration":"PT2H2M","splitDateTime":"2019-05-10T18:34:00","splitDateTimeLocal":"2019-05-10T14:34:00-04:00"},{"startDateTime":"2019-05-10T14:57:00","startDateTimeLocal":"2019-05-10T10:57:00-04:00","stageTimeDurationMs":863700,"stageTimeDuration":"00:14:23.7000000","splitPointTimeId":71494,"splitPointId":2276,"entryId":19574,"elapsedDurationMs":805100,"elapsedDuration":"PT13M25.1S","splitDateTime":"2019-05-10T15:10:25.1","splitDateTimeLocal":"2019-05-10T11:10:25.1-04:00"},{"startDateTime":"2019-05-10T14:59:00","startDateTimeLocal":"2019-05-10T10:59:00-04:00","stageTimeDurationMs":867600,"stageTimeDuration":"00:14:27.6000000","splitPointTimeId":71499,"splitPointId":2276,"entryId":19568,"elapsedDurationMs":809400,"elapsedDuration":"PT13M29.4S","splitDateTime":"2019-05-10T15:12:29.4","splitDateTimeLocal":"2019-05-10T11:12:29.4-04:00"},{"startDateTime":"2019-05-10T15:01:00","startDateTimeLocal":"2019-05-10T11:01:00-04:00","stageTimeDurationMs":864400,"stageTimeDuration":"00:14:24.4000000","splitPointTimeId":71505,"splitPointId":2276,"entryId":19572,"elapsedDurationMs":806700,"elapsedDuration":"PT13M26.7S","splitDateTime":"2019-05-10T15:14:26.7","splitDateTimeLocal":"2019-05-10T11:14:26.7-04:00"},{"startDateTime":"2019-05-10T15:03:00","startDateTimeLocal":"2019-05-10T11:03:00-04:00","stageTimeDurationMs":879800,"stageTimeDuration":"00:14:39.8000000","splitPointTimeId":71519,"splitPointId":2276,"entryId":19571,"elapsedDurationMs":819400,"elapsedDuration":"PT13M39.4S","splitDateTime":"2019-05-10T15:16:39.4","splitDateTimeLocal":"2019-05-10T11:16:39.4-04:00"},{"startDateTime":"2019-05-10T15:05:00","startDateTimeLocal":"2019-05-10T11:05:00-04:00","stageTimeDurationMs":878100,"stageTimeDuration":"00:14:38.1000000","splitPointTimeId":71527,"splitPointId":2276,"entryId":19576,"elapsedDurationMs":818200,"elapsedDuration":"PT13M38.2S","splitDateTime":"2019-05-10T15:18:38.2","splitDateTimeLocal":"2019-05-10T11:18:38.2-04:00"},{"startDateTime":"2019-05-10T15:07:00","startDateTimeLocal":"2019-05-10T11:07:00-04:00","stageTimeDurationMs":891500,"stageTimeDuration":"00:14:51.5000000","splitPointTimeId":71533,"splitPointId":2276,"entryId":19578,"elapsedDurationMs":830500,"elapsedDuration":"PT13M50.5S","splitDateTime":"2019-05-10T15:20:50.5","splitDateTimeLocal":"2019-05-10T11:20:50.5-04:00"},{"startDateTime":"2019-05-10T15:09:00","startDateTimeLocal":"2019-05-10T11:09:00-04:00","stageTimeDurationMs":863900,"stageTimeDuration":"00:14:23.9000000","splitPointTimeId":71538,"splitPointId":2276,"entryId":19573,"elapsedDurationMs":806100,"elapsedDuration":"PT13M26.1S","splitDateTime":"2019-05-10T15:22:26.1","splitDateTimeLocal":"2019-05-10T11:22:26.1-04:00"},{"startDateTime":"2019-05-10T15:11:00","startDateTimeLocal":"2019-05-10T11:11:00-04:00","stageTimeDurationMs":902800,"stageTimeDuration":"00:15:02.8000000","splitPointTimeId":71548,"splitPointId":2276,"entryId":19570,"elapsedDurationMs":841900,"elapsedDuration":"PT14M1.9S","splitDateTime":"2019-05-10T15:25:01.9","splitDateTimeLocal":"2019-05-10T11:25:01.9-04:00"},{"startDateTime":"2019-05-10T15:13:00","startDateTimeLocal":"2019-05-10T11:13:00-04:00","stageTimeDurationMs":874900,"stageTimeDuration":"00:14:34.9000000","splitPointTimeId":71558,"splitPointId":2276,"entryId":19575,"elapsedDurationMs":815800,"elapsedDuration":"PT13M35.8S","splitDateTime":"2019-05-10T15:26:35.8","splitDateTimeLocal":"2019-05-10T11:26:35.8-04:00"},{"startDateTime":"2019-05-10T15:17:00","startDateTimeLocal":"2019-05-10T11:17:00-04:00","stageTimeDurationMs":893400,"stageTimeDuration":"00:14:53.4000000","splitPointTimeId":71582,"splitPointId":2276,"entryId":19569,"elapsedDurationMs":833100,"elapsedDuration":"PT13M53.1S","splitDateTime":"2019-05-10T15:30:53.1","splitDateTimeLocal":"2019-05-10T11:30:53.1-04:00"},{"startDateTime":"2019-05-10T15:19:00","startDateTimeLocal":"2019-05-10T11:19:00-04:00","stageTimeDurationMs":928800,"stageTimeDuration":"00:15:28.8000000","splitPointTimeId":71595,"splitPointId":2276,"entryId":19577,"elapsedDurationMs":865000,"elapsedDuration":"PT14M25S","splitDateTime":"2019-05-10T15:33:25","splitDateTimeLocal":"2019-05-10T11:33:25-04:00"},{"startDateTime":"2019-05-10T15:21:00","startDateTimeLocal":"2019-05-10T11:21:00-04:00","stageTimeDurationMs":926300,"stageTimeDuration":"00:15:26.3000000","splitPointTimeId":71608,"splitPointId":2276,"entryId":19579,"elapsedDurationMs":863000,"elapsedDuration":"PT14M23S","splitDateTime":"2019-05-10T15:35:23","splitDateTimeLocal":"2019-05-10T11:35:23-04:00"},{"startDateTime":"2019-05-10T15:23:00","startDateTimeLocal":"2019-05-10T11:23:00-04:00","stageTimeDurationMs":908300,"stageTimeDuration":"00:15:08.3000000","splitPointTimeId":71616,"splitPointId":2276,"entryId":19581,"elapsedDurationMs":846500,"elapsedDuration":"PT14M6.5S","splitDateTime":"2019-05-10T15:37:06.5","splitDateTimeLocal":"2019-05-10T11:37:06.5-04:00"},{"startDateTime":"2019-05-10T15:25:00","startDateTimeLocal":"2019-05-10T11:25:00-04:00","stageTimeDurationMs":915200,"stageTimeDuration":"00:15:15.2000000","splitPointTimeId":71630,"splitPointId":2276,"entryId":19580,"elapsedDurationMs":852700,"elapsedDuration":"PT14M12.7S","splitDateTime":"2019-05-10T15:39:12.7","splitDateTimeLocal":"2019-05-10T11:39:12.7-04:00"},{"startDateTime":"2019-05-10T15:27:00","startDateTimeLocal":"2019-05-10T11:27:00-04:00","stageTimeDurationMs":943600,"stageTimeDuration":"00:15:43.6000000","splitPointTimeId":71635,"splitPointId":2276,"entryId":19582,"elapsedDurationMs":877900,"elapsedDuration":"PT14M37.9S","splitDateTime":"2019-05-10T15:41:37.9","splitDateTimeLocal":"2019-05-10T11:41:37.9-04:00"},{"startDateTime":"2019-05-10T15:30:00","startDateTimeLocal":"2019-05-10T11:30:00-04:00","stageTimeDurationMs":960600,"stageTimeDuration":"00:16:00.6000000","splitPointTimeId":71655,"splitPointId":2276,"entryId":19583,"elapsedDurationMs":894000,"elapsedDuration":"PT14M54S","splitDateTime":"2019-05-10T15:44:54","splitDateTimeLocal":"2019-05-10T11:44:54-04:00"},{"startDateTime":"2019-05-10T15:33:00","startDateTimeLocal":"2019-05-10T11:33:00-04:00","stageTimeDurationMs":946900,"stageTimeDuration":"00:15:46.9000000","splitPointTimeId":71670,"splitPointId":2276,"entryId":19584,"elapsedDurationMs":881000,"elapsedDuration":"PT14M41S","splitDateTime":"2019-05-10T15:47:41","splitDateTimeLocal":"2019-05-10T11:47:41-04:00"},{"startDateTime":"2019-05-10T15:36:00","startDateTimeLocal":"2019-05-10T11:36:00-04:00","stageTimeDurationMs":946000,"stageTimeDuration":"00:15:46","splitPointTimeId":71677,"splitPointId":2276,"entryId":19586,"elapsedDurationMs":880300,"elapsedDuration":"PT14M40.3S","splitDateTime":"2019-05-10T15:50:40.3","splitDateTimeLocal":"2019-05-10T11:50:40.3-04:00"},{"startDateTime":"2019-05-10T15:39:00","startDateTimeLocal":"2019-05-10T11:39:00-04:00","stageTimeDurationMs":1027100,"stageTimeDuration":"00:17:07.1000000","splitPointTimeId":71701,"splitPointId":2276,"entryId":19588,"elapsedDurationMs":956300,"elapsedDuration":"PT15M56.3S","splitDateTime":"2019-05-10T15:54:56.3","splitDateTimeLocal":"2019-05-10T11:54:56.3-04:00"},{"startDateTime":"2019-05-10T15:42:00","startDateTimeLocal":"2019-05-10T11:42:00-04:00","stageTimeDurationMs":969100,"stageTimeDuration":"00:16:09.1000000","splitPointTimeId":71716,"splitPointId":2276,"entryId":19594,"elapsedDurationMs":900500,"elapsedDuration":"PT15M0.5S","splitDateTime":"2019-05-10T15:57:00.5","splitDateTimeLocal":"2019-05-10T11:57:00.5-04:00"},{"startDateTime":"2019-05-10T15:45:00","startDateTimeLocal":"2019-05-10T11:45:00-04:00","stageTimeDurationMs":965200,"stageTimeDuration":"00:16:05.2000000","splitPointTimeId":71723,"splitPointId":2276,"entryId":19595,"elapsedDurationMs":897700,"elapsedDuration":"PT14M57.7S","splitDateTime":"2019-05-10T15:59:57.7","splitDateTimeLocal":"2019-05-10T11:59:57.7-04:00"},{"startDateTime":"2019-05-10T15:51:00","startDateTimeLocal":"2019-05-10T11:51:00-04:00","stageTimeDurationMs":971100,"stageTimeDuration":"00:16:11.1000000","splitPointTimeId":71736,"splitPointId":2276,"entryId":19591,"elapsedDurationMs":903200,"elapsedDuration":"PT15M3.2S","splitDateTime":"2019-05-10T16:06:03.2","splitDateTimeLocal":"2019-05-10T12:06:03.2-04:00"},{"startDateTime":"2019-05-10T15:54:00","startDateTimeLocal":"2019-05-10T11:54:00-04:00","stageTimeDurationMs":958100,"stageTimeDuration":"00:15:58.1000000","splitPointTimeId":71743,"splitPointId":2276,"entryId":19600,"elapsedDurationMs":891200,"elapsedDuration":"PT14M51.2S","splitDateTime":"2019-05-10T16:08:51.2","splitDateTimeLocal":"2019-05-10T12:08:51.2-04:00"},{"startDateTime":"2019-05-10T16:00:00","startDateTimeLocal":"2019-05-10T12:00:00-04:00","stageTimeDurationMs":1020800,"stageTimeDuration":"00:17:00.8000000","splitPointTimeId":71752,"splitPointId":2276,"entryId":19599,"elapsedDurationMs":950500,"elapsedDuration":"PT15M50.5S","splitDateTime":"2019-05-10T16:15:50.5","splitDateTimeLocal":"2019-05-10T12:15:50.5-04:00"},{"startDateTime":"2019-05-10T15:57:00","startDateTimeLocal":"2019-05-10T11:57:00-04:00","stageTimeDurationMs":988900,"stageTimeDuration":"00:16:28.9000000","splitPointTimeId":71753,"splitPointId":2276,"entryId":19597,"elapsedDurationMs":920000,"elapsedDuration":"PT15M20S","splitDateTime":"2019-05-10T16:12:20","splitDateTimeLocal":"2019-05-10T12:12:20-04:00"},{"startDateTime":"2019-05-10T16:03:00","startDateTimeLocal":"2019-05-10T12:03:00-04:00","stageTimeDurationMs":966600,"stageTimeDuration":"00:16:06.6000000","splitPointTimeId":71759,"splitPointId":2276,"entryId":19592,"elapsedDurationMs":900000,"elapsedDuration":"PT15M","splitDateTime":"2019-05-10T16:18:00","splitDateTimeLocal":"2019-05-10T12:18:00-04:00"},{"startDateTime":"2019-05-10T16:06:00","startDateTimeLocal":"2019-05-10T12:06:00-04:00","stageTimeDurationMs":1048800,"stageTimeDuration":"00:17:28.8000000","splitPointTimeId":71763,"splitPointId":2276,"entryId":19602,"elapsedDurationMs":973400,"elapsedDuration":"PT16M13.4S","splitDateTime":"2019-05-10T16:22:13.4","splitDateTimeLocal":"2019-05-10T12:22:13.4-04:00"},{"startDateTime":"2019-05-10T16:09:00","startDateTimeLocal":"2019-05-10T12:09:00-04:00","stageTimeDurationMs":1093600,"stageTimeDuration":"00:18:13.6000000","splitPointTimeId":71765,"splitPointId":2276,"entryId":19606,"elapsedDurationMs":1016900,"elapsedDuration":"PT16M56.9S","splitDateTime":"2019-05-10T16:25:56.9","splitDateTimeLocal":"2019-05-10T12:25:56.9-04:00"},{"startDateTime":"2019-05-10T16:12:00","startDateTimeLocal":"2019-05-10T12:12:00-04:00","stageTimeDurationMs":1188600,"stageTimeDuration":"00:19:48.6000000","splitPointTimeId":71770,"splitPointId":2276,"entryId":19608,"elapsedDurationMs":1104800,"elapsedDuration":"PT18M24.8S","splitDateTime":"2019-05-10T16:30:24.8","splitDateTimeLocal":"2019-05-10T12:30:24.8-04:00"},{"startDateTime":"2019-05-10T16:25:00","startDateTimeLocal":"2019-05-10T12:25:00-04:00","stageTimeDurationMs":1177100,"stageTimeDuration":"00:19:37.1000000","splitPointTimeId":71778,"splitPointId":2276,"entryId":19610,"elapsedDurationMs":1096300,"elapsedDuration":"PT18M16.3S","splitDateTime":"2019-05-10T16:43:16.3","splitDateTimeLocal":"2019-05-10T12:43:16.3-04:00"},{"startDateTime":"2019-05-10T16:34:00","startDateTimeLocal":"2019-05-10T12:34:00-04:00","stageTimeDurationMs":1137300,"stageTimeDuration":"00:18:57.3000000","splitPointTimeId":71793,"splitPointId":2276,"entryId":19604,"elapsedDurationMs":1056600,"elapsedDuration":"PT17M36.6S","splitDateTime":"2019-05-10T16:51:36.6","splitDateTimeLocal":"2019-05-10T12:51:36.6-04:00"},{"startDateTime":"2019-05-10T16:38:00","startDateTimeLocal":"2019-05-10T12:38:00-04:00","stageTimeDurationMs":1095500,"stageTimeDuration":"00:18:15.5000000","splitPointTimeId":71797,"splitPointId":2276,"entryId":19625,"elapsedDurationMs":1018800,"elapsedDuration":"PT16M58.8S","splitDateTime":"2019-05-10T16:54:58.8","splitDateTimeLocal":"2019-05-10T12:54:58.8-04:00"},{"startDateTime":"2019-05-10T16:40:00","startDateTimeLocal":"2019-05-10T12:40:00-04:00","stageTimeDurationMs":1112700,"stageTimeDuration":"00:18:32.7000000","splitPointTimeId":71803,"splitPointId":2276,"entryId":19620,"elapsedDurationMs":1036300,"elapsedDuration":"PT17M16.3S","splitDateTime":"2019-05-10T16:57:16.3","splitDateTimeLocal":"2019-05-10T12:57:16.3-04:00"},{"startDateTime":"2019-05-10T16:42:00","startDateTimeLocal":"2019-05-10T12:42:00-04:00","stageTimeDurationMs":1110700,"stageTimeDuration":"00:18:30.7000000","splitPointTimeId":71808,"splitPointId":2276,"entryId":19621,"elapsedDurationMs":1035300,"elapsedDuration":"PT17M15.3S","splitDateTime":"2019-05-10T16:59:15.3","splitDateTimeLocal":"2019-05-10T12:59:15.3-04:00"},{"startDateTime":"2019-05-10T16:36:00","startDateTimeLocal":"2019-05-10T12:36:00-04:00","stageTimeDurationMs":1605600,"stageTimeDuration":"00:26:45.6000000","splitPointTimeId":71813,"splitPointId":2276,"entryId":19629,"elapsedDurationMs":1530700,"elapsedDuration":"PT25M30.7S","splitDateTime":"2019-05-10T17:01:30.7","splitDateTimeLocal":"2019-05-10T13:01:30.7-04:00"},{"startDateTime":"2019-05-10T16:44:00","startDateTimeLocal":"2019-05-10T12:44:00-04:00","stageTimeDurationMs":1147000,"stageTimeDuration":"00:19:07","splitPointTimeId":71814,"splitPointId":2276,"entryId":19627,"elapsedDurationMs":1064200,"elapsedDuration":"PT17M44.2S","splitDateTime":"2019-05-10T17:01:44.2","splitDateTimeLocal":"2019-05-10T13:01:44.2-04:00"},{"startDateTime":"2019-05-10T16:46:00","startDateTimeLocal":"2019-05-10T12:46:00-04:00","stageTimeDurationMs":1117900,"stageTimeDuration":"00:18:37.9000000","splitPointTimeId":71819,"splitPointId":2276,"entryId":19624,"elapsedDurationMs":1044900,"elapsedDuration":"PT17M24.9S","splitDateTime":"2019-05-10T17:03:24.9","splitDateTimeLocal":"2019-05-10T13:03:24.9-04:00"},{"startDateTime":"2019-05-10T16:48:00","startDateTimeLocal":"2019-05-10T12:48:00-04:00","stageTimeDurationMs":1100400,"stageTimeDuration":"00:18:20.4000000","splitPointTimeId":71827,"splitPointId":2276,"entryId":19618,"elapsedDurationMs":1025400,"elapsedDuration":"PT17M5.4S","splitDateTime":"2019-05-10T17:05:05.4","splitDateTimeLocal":"2019-05-10T13:05:05.4-04:00"},{"startDateTime":"2019-05-10T16:54:00","startDateTimeLocal":"2019-05-10T12:54:00-04:00","stageTimeDurationMs":1155800,"stageTimeDuration":"00:19:15.8000000","splitPointTimeId":71831,"splitPointId":2276,"entryId":19617,"elapsedDurationMs":1074400,"elapsedDuration":"PT17M54.4S","splitDateTime":"2019-05-10T17:11:54.4","splitDateTimeLocal":"2019-05-10T13:11:54.4-04:00"},{"startDateTime":"2019-05-10T16:56:00","startDateTimeLocal":"2019-05-10T12:56:00-04:00","stageTimeDurationMs":1135100,"stageTimeDuration":"00:18:55.1000000","splitPointTimeId":71834,"splitPointId":2276,"entryId":19623,"elapsedDurationMs":1056500,"elapsedDuration":"PT17M36.5S","splitDateTime":"2019-05-10T17:13:36.5","splitDateTimeLocal":"2019-05-10T13:13:36.5-04:00"},{"startDateTime":"2019-05-10T16:58:00","startDateTimeLocal":"2019-05-10T12:58:00-04:00","stageTimeDurationMs":1134200,"stageTimeDuration":"00:18:54.2000000","splitPointTimeId":71838,"splitPointId":2276,"entryId":19612,"elapsedDurationMs":1056100,"elapsedDuration":"PT17M36.1S","splitDateTime":"2019-05-10T17:15:36.1","splitDateTimeLocal":"2019-05-10T13:15:36.1-04:00"},{"startDateTime":"2019-05-10T17:00:00","startDateTimeLocal":"2019-05-10T13:00:00-04:00","stageTimeDurationMs":1151800,"stageTimeDuration":"00:19:11.8000000","splitPointTimeId":71839,"splitPointId":2276,"entryId":19616,"elapsedDurationMs":1077700,"elapsedDuration":"PT17M57.7S","splitDateTime":"2019-05-10T17:17:57.7","splitDateTimeLocal":"2019-05-10T13:17:57.7-04:00"},{"startDateTime":"2019-05-10T16:52:00","startDateTimeLocal":"2019-05-10T12:52:00-04:00","stageTimeDurationMs":2291800,"stageTimeDuration":"00:38:11.8000000","splitPointTimeId":71843,"splitPointId":2276,"entryId":19615,"elapsedDurationMs":2212100,"elapsedDuration":"PT36M52.1S","splitDateTime":"2019-05-10T17:28:52.1","splitDateTimeLocal":"2019-05-10T13:28:52.1-04:00"}]