[{"stageTimeId":78778,"stageId":1314,"entryId":20123,"elapsedDurationMs":455100,"elapsedDuration":"00:07:35.1000000","status":"Completed","source":"Default","position":1,"diffFirstMs":0,"diffFirst":"00:00:00","diffPrevMs":0,"diffPrev":"00:00:00"},{"stageTimeId":78781,"stageId":1314,"entryId":20121,"elapsedDurationMs":455500,"elapsedDuration":"00:07:35.5000000","status":"Completed","source":"Default","position":2,"diffFirstMs":400,"diffFirst":"00:00:00.4000000","diffPrevMs":400,"diffPrev":"00:00:00.4000000"},{"stageTimeId":78786,"stageId":1314,"entryId":20124,"elapsedDurationMs":456000,"elapsedDuration":"00:07:36","status":"Completed","source":"Default","position":3,"diffFirstMs":900,"diffFirst":"00:00:00.9000000","diffPrevMs":500,"diffPrev":"00:00:00.5000000"},{"stageTimeId":78689,"stageId":1314,"entryId":20118,"elapsedDurationMs":456700,"elapsedDuration":"00:07:36.7000000","status":"Completed","source":"Default","position":4,"diffFirstMs":1600,"diffFirst":"00:00:01.6000000","diffPrevMs":700,"diffPrev":"00:00:00.7000000"},{"stageTimeId":78676,"stageId":1314,"entryId":20122,"elapsedDurationMs":457500,"elapsedDuration":"00:07:37.5000000","status":"Completed","source":"Default","position":5,"diffFirstMs":2400,"diffFirst":"00:00:02.4000000","diffPrevMs":800,"diffPrev":"00:00:00.8000000"},{"stageTimeId":78787,"stageId":1314,"entryId":20120,"elapsedDurationMs":459300,"elapsedDuration":"00:07:39.3000000","status":"Completed","source":"Default","position":6,"diffFirstMs":4200,"diffFirst":"00:00:04.2000000","diffPrevMs":1800,"diffPrev":"00:00:01.8000000"},{"stageTimeId":78833,"stageId":1314,"entryId":20117,"elapsedDurationMs":459400,"elapsedDuration":"00:07:39.4000000","status":"Completed","source":"Default","position":7,"diffFirstMs":4300,"diffFirst":"00:00:04.3000000","diffPrevMs":100,"diffPrev":"00:00:00.1000000"},{"stageTimeId":78825,"stageId":1314,"entryId":20127,"elapsedDurationMs":460100,"elapsedDuration":"00:07:40.1000000","status":"Completed","source":"Default","position":8,"diffFirstMs":5000,"diffFirst":"00:00:05","diffPrevMs":700,"diffPrev":"00:00:00.7000000"},{"stageTimeId":78837,"stageId":1314,"entryId":20126,"elapsedDurationMs":463600,"elapsedDuration":"00:07:43.6000000","status":"Completed","source":"Default","position":9,"diffFirstMs":8500,"diffFirst":"00:00:08.5000000","diffPrevMs":3500,"diffPrev":"00:00:03.5000000"},{"stageTimeId":78829,"stageId":1314,"entryId":20119,"elapsedDurationMs":465700,"elapsedDuration":"00:07:45.7000000","status":"Completed","source":"Default","position":10,"diffFirstMs":10600,"diffFirst":"00:00:10.6000000","diffPrevMs":2100,"diffPrev":"00:00:02.1000000"},{"stageTimeId":78789,"stageId":1314,"entryId":20129,"elapsedDurationMs":475800,"elapsedDuration":"00:07:55.8000000","status":"Completed","source":"Default","position":11,"diffFirstMs":20700,"diffFirst":"00:00:20.7000000","diffPrevMs":10100,"diffPrev":"00:00:10.1000000"},{"stageTimeId":78823,"stageId":1314,"entryId":20125,"elapsedDurationMs":476500,"elapsedDuration":"00:07:56.5000000","status":"Completed","source":"Default","position":12,"diffFirstMs":21400,"diffFirst":"00:00:21.4000000","diffPrevMs":700,"diffPrev":"00:00:00.7000000"},{"stageTimeId":78797,"stageId":1314,"entryId":20131,"elapsedDurationMs":478600,"elapsedDuration":"00:07:58.6000000","status":"Completed","source":"Default","position":13,"diffFirstMs":23500,"diffFirst":"00:00:23.5000000","diffPrevMs":2100,"diffPrev":"00:00:02.1000000"},{"stageTimeId":78684,"stageId":1314,"entryId":20144,"elapsedDurationMs":479700,"elapsedDuration":"00:07:59.7000000","status":"Completed","source":"Default","position":14,"diffFirstMs":24600,"diffFirst":"00:00:24.6000000","diffPrevMs":1100,"diffPrev":"00:00:01.1000000"},{"stageTimeId":78691,"stageId":1314,"entryId":20143,"elapsedDurationMs":480800,"elapsedDuration":"00:08:00.8000000","status":"Completed","source":"Default","position":15,"diffFirstMs":25700,"diffFirst":"00:00:25.7000000","diffPrevMs":1100,"diffPrev":"00:00:01.1000000"},{"stageTimeId":78680,"stageId":1314,"entryId":20134,"elapsedDurationMs":480900,"elapsedDuration":"00:08:00.9000000","status":"Completed","source":"Default","position":16,"diffFirstMs":25800,"diffFirst":"00:00:25.8000000","diffPrevMs":100,"diffPrev":"00:00:00.1000000"},{"stageTimeId":78742,"stageId":1314,"entryId":20137,"elapsedDurationMs":482200,"elapsedDuration":"00:08:02.2000000","status":"Completed","source":"Default","position":17,"diffFirstMs":27100,"diffFirst":"00:00:27.1000000","diffPrevMs":1300,"diffPrev":"00:00:01.3000000"},{"stageTimeId":78793,"stageId":1314,"entryId":20128,"elapsedDurationMs":482400,"elapsedDuration":"00:08:02.4000000","status":"Completed","source":"Default","position":18,"diffFirstMs":27300,"diffFirst":"00:00:27.3000000","diffPrevMs":200,"diffPrev":"00:00:00.2000000"},{"stageTimeId":78687,"stageId":1314,"entryId":20133,"elapsedDurationMs":485200,"elapsedDuration":"00:08:05.2000000","status":"Completed","source":"Default","position":19,"diffFirstMs":30100,"diffFirst":"00:00:30.1000000","diffPrevMs":2800,"diffPrev":"00:00:02.8000000"},{"stageTimeId":78801,"stageId":1314,"entryId":20130,"elapsedDurationMs":488100,"elapsedDuration":"00:08:08.1000000","status":"Completed","source":"Default","position":20,"diffFirstMs":33000,"diffFirst":"00:00:33","diffPrevMs":2900,"diffPrev":"00:00:02.9000000"},{"stageTimeId":78773,"stageId":1314,"entryId":20132,"elapsedDurationMs":488500,"elapsedDuration":"00:08:08.5000000","status":"Completed","source":"Default","position":21,"diffFirstMs":33400,"diffFirst":"00:00:33.4000000","diffPrevMs":400,"diffPrev":"00:00:00.4000000"},{"stageTimeId":78738,"stageId":1314,"entryId":20136,"elapsedDurationMs":491900,"elapsedDuration":"00:08:11.9000000","status":"Completed","source":"Default","position":22,"diffFirstMs":36800,"diffFirst":"00:00:36.8000000","diffPrevMs":3400,"diffPrev":"00:00:03.4000000"},{"stageTimeId":78812,"stageId":1314,"entryId":20145,"elapsedDurationMs":497700,"elapsedDuration":"00:08:17.7000000","status":"Completed","source":"Default","position":23,"diffFirstMs":42600,"diffFirst":"00:00:42.6000000","diffPrevMs":5800,"diffPrev":"00:00:05.8000000"},{"stageTimeId":78751,"stageId":1314,"entryId":20157,"elapsedDurationMs":497800,"elapsedDuration":"00:08:17.8000000","status":"Completed","source":"Default","position":24,"diffFirstMs":42700,"diffFirst":"00:00:42.7000000","diffPrevMs":100,"diffPrev":"00:00:00.1000000"},{"stageTimeId":78746,"stageId":1314,"entryId":20135,"elapsedDurationMs":499800,"elapsedDuration":"00:08:19.8000000","status":"Completed","source":"Default","position":25,"diffFirstMs":44700,"diffFirst":"00:00:44.7000000","diffPrevMs":2000,"diffPrev":"00:00:02"},{"stageTimeId":78733,"stageId":1314,"entryId":20138,"elapsedDurationMs":500500,"elapsedDuration":"00:08:20.5000000","status":"Completed","source":"Default","position":26,"diffFirstMs":45400,"diffFirst":"00:00:45.4000000","diffPrevMs":700,"diffPrev":"00:00:00.7000000"},{"stageTimeId":78808,"stageId":1314,"entryId":20151,"elapsedDurationMs":504800,"elapsedDuration":"00:08:24.8000000","status":"Completed","source":"Default","position":27,"diffFirstMs":49700,"diffFirst":"00:00:49.7000000","diffPrevMs":4300,"diffPrev":"00:00:04.3000000"},{"stageTimeId":78734,"stageId":1314,"entryId":20150,"elapsedDurationMs":506100,"elapsedDuration":"00:08:26.1000000","status":"Completed","source":"Default","position":28,"diffFirstMs":51000,"diffFirst":"00:00:51","diffPrevMs":1300,"diffPrev":"00:00:01.3000000"},{"stageTimeId":78707,"stageId":1314,"entryId":20153,"elapsedDurationMs":529600,"elapsedDuration":"00:08:49.6000000","status":"Completed","source":"Default","position":29,"diffFirstMs":74500,"diffFirst":"00:01:14.5000000","diffPrevMs":23500,"diffPrev":"00:00:23.5000000"},{"stageTimeId":78755,"stageId":1314,"entryId":20159,"elapsedDurationMs":536300,"elapsedDuration":"00:08:56.3000000","status":"Completed","source":"Default","position":30,"diffFirstMs":81200,"diffFirst":"00:01:21.2000000","diffPrevMs":6700,"diffPrev":"00:00:06.7000000"},{"stageTimeId":78711,"stageId":1314,"entryId":20155,"elapsedDurationMs":543800,"elapsedDuration":"00:09:03.8000000","status":"Completed","source":"Default","position":31,"diffFirstMs":88700,"diffFirst":"00:01:28.7000000","diffPrevMs":7500,"diffPrev":"00:00:07.5000000"},{"stageTimeId":78820,"stageId":1314,"entryId":20163,"elapsedDurationMs":551500,"elapsedDuration":"00:09:11.5000000","status":"Completed","source":"Default","position":32,"diffFirstMs":96400,"diffFirst":"00:01:36.4000000","diffPrevMs":7700,"diffPrev":"00:00:07.7000000"},{"stageTimeId":78763,"stageId":1314,"entryId":20141,"elapsedDurationMs":551800,"elapsedDuration":"00:09:11.8000000","status":"Completed","source":"Default","position":33,"diffFirstMs":96700,"diffFirst":"00:01:36.7000000","diffPrevMs":300,"diffPrev":"00:00:00.3000000"},{"stageTimeId":78759,"stageId":1314,"entryId":20156,"elapsedDurationMs":555500,"elapsedDuration":"00:09:15.5000000","status":"Completed","source":"Default","position":34,"diffFirstMs":100400,"diffFirst":"00:01:40.4000000","diffPrevMs":3700,"diffPrev":"00:00:03.7000000"},{"stageTimeId":78703,"stageId":1314,"entryId":20168,"elapsedDurationMs":557600,"elapsedDuration":"00:09:17.6000000","status":"Completed","source":"Default","position":35,"diffFirstMs":102500,"diffFirst":"00:01:42.5000000","diffPrevMs":2100,"diffPrev":"00:00:02.1000000"},{"stageTimeId":78699,"stageId":1314,"entryId":20154,"elapsedDurationMs":571700,"elapsedDuration":"00:09:31.7000000","status":"Completed","source":"Default","position":36,"diffFirstMs":116600,"diffFirst":"00:01:56.6000000","diffPrevMs":14100,"diffPrev":"00:00:14.1000000"},{"stageTimeId":78722,"stageId":1314,"entryId":20166,"elapsedDurationMs":580800,"elapsedDuration":"00:09:40.8000000","status":"Completed","source":"Default","position":37,"diffFirstMs":125700,"diffFirst":"00:02:05.7000000","diffPrevMs":9100,"diffPrev":"00:00:09.1000000"},{"stageTimeId":78719,"stageId":1314,"entryId":20162,"elapsedDurationMs":586900,"elapsedDuration":"00:09:46.9000000","status":"Completed","source":"Default","position":38,"diffFirstMs":131800,"diffFirst":"00:02:11.8000000","diffPrevMs":6100,"diffPrev":"00:00:06.1000000"},{"stageTimeId":78727,"stageId":1314,"entryId":20160,"elapsedDurationMs":589000,"elapsedDuration":"00:09:49","status":"Completed","source":"Default","position":39,"diffFirstMs":133900,"diffFirst":"00:02:13.9000000","diffPrevMs":2100,"diffPrev":"00:00:02.1000000"},{"stageTimeId":78767,"stageId":1314,"entryId":20165,"elapsedDurationMs":598300,"elapsedDuration":"00:09:58.3000000","status":"Completed","source":"Default","position":40,"diffFirstMs":143200,"diffFirst":"00:02:23.2000000","diffPrevMs":9300,"diffPrev":"00:00:09.3000000"},{"stageTimeId":78730,"stageId":1314,"entryId":20169,"elapsedDurationMs":603200,"elapsedDuration":"00:10:03.2000000","status":"Completed","source":"Default","position":41,"diffFirstMs":148100,"diffFirst":"00:02:28.1000000","diffPrevMs":4900,"diffPrev":"00:00:04.9000000"},{"stageTimeId":78816,"stageId":1314,"entryId":20170,"elapsedDurationMs":637400,"elapsedDuration":"00:10:37.4000000","status":"Completed","source":"Default","position":42,"diffFirstMs":182300,"diffFirst":"00:03:02.3000000","diffPrevMs":34200,"diffPrev":"00:00:34.2000000"}]