[{"entryId":20612,"stageTimeMs":8560100,"stageTime":"PT2H22M40.1S","penaltyTimeMs":0,"penaltyTime":"PT0S","totalTimeMs":8560100,"totalTime":"PT2H22M40.1S","position":1,"diffFirstMs":0,"diffFirst":"PT0S","diffPrevMs":0,"diffPrev":"PT0S"},{"entryId":20609,"stageTimeMs":8580700,"stageTime":"PT2H23M0.7S","penaltyTimeMs":0,"penaltyTime":"PT0S","totalTimeMs":8580700,"totalTime":"PT2H23M0.7S","position":2,"diffFirstMs":20600,"diffFirst":"PT20.6S","diffPrevMs":20600,"diffPrev":"PT20.6S"},{"entryId":20613,"stageTimeMs":8582200,"stageTime":"PT2H23M2.2S","penaltyTimeMs":0,"penaltyTime":"PT0S","totalTimeMs":8582200,"totalTime":"PT2H23M2.2S","position":3,"diffFirstMs":22100,"diffFirst":"PT22.1S","diffPrevMs":1500,"diffPrev":"PT1.5S"},{"entryId":20610,"stageTimeMs":8583600,"stageTime":"PT2H23M3.6S","penaltyTimeMs":0,"penaltyTime":"PT0S","totalTimeMs":8583600,"totalTime":"PT2H23M3.6S","position":4,"diffFirstMs":23500,"diffFirst":"PT23.5S","diffPrevMs":1400,"diffPrev":"PT1.4S"},{"entryId":20611,"stageTimeMs":8604100,"stageTime":"PT2H23M24.1S","penaltyTimeMs":0,"penaltyTime":"PT0S","totalTimeMs":8604100,"totalTime":"PT2H23M24.1S","position":5,"diffFirstMs":44000,"diffFirst":"PT44S","diffPrevMs":20500,"diffPrev":"PT20.5S"},{"entryId":20614,"stageTimeMs":8625500,"stageTime":"PT2H23M45.5S","penaltyTimeMs":0,"penaltyTime":"PT0S","totalTimeMs":8625500,"totalTime":"PT2H23M45.5S","position":6,"diffFirstMs":65400,"diffFirst":"PT1M5.4S","diffPrevMs":21400,"diffPrev":"PT21.4S"},{"entryId":20606,"stageTimeMs":8639400,"stageTime":"PT2H23M59.4S","penaltyTimeMs":0,"penaltyTime":"PT0S","totalTimeMs":8639400,"totalTime":"PT2H23M59.4S","position":7,"diffFirstMs":79300,"diffFirst":"PT1M19.3S","diffPrevMs":13900,"diffPrev":"PT13.9S"},{"entryId":20605,"stageTimeMs":8807300,"stageTime":"PT2H26M47.3S","penaltyTimeMs":0,"penaltyTime":"PT0S","totalTimeMs":8807300,"totalTime":"PT2H26M47.3S","position":8,"diffFirstMs":247200,"diffFirst":"PT4M7.2S","diffPrevMs":167900,"diffPrev":"PT2M47.9S"},{"entryId":20618,"stageTimeMs":8950700,"stageTime":"PT2H29M10.7S","penaltyTimeMs":0,"penaltyTime":"PT0S","totalTimeMs":8950700,"totalTime":"PT2H29M10.7S","position":9,"diffFirstMs":390600,"diffFirst":"PT6M30.6S","diffPrevMs":143400,"diffPrev":"PT2M23.4S"},{"entryId":20635,"stageTimeMs":8953800,"stageTime":"PT2H29M13.8S","penaltyTimeMs":0,"penaltyTime":"PT0S","totalTimeMs":8953800,"totalTime":"PT2H29M13.8S","position":10,"diffFirstMs":393700,"diffFirst":"PT6M33.7S","diffPrevMs":3100,"diffPrev":"PT3.1S"},{"entryId":20616,"stageTimeMs":8960500,"stageTime":"PT2H29M20.5S","penaltyTimeMs":0,"penaltyTime":"PT0S","totalTimeMs":8960500,"totalTime":"PT2H29M20.5S","position":11,"diffFirstMs":400400,"diffFirst":"PT6M40.4S","diffPrevMs":6700,"diffPrev":"PT6.7S"},{"entryId":20619,"stageTimeMs":8994300,"stageTime":"PT2H29M54.3S","penaltyTimeMs":0,"penaltyTime":"PT0S","totalTimeMs":8994300,"totalTime":"PT2H29M54.3S","position":12,"diffFirstMs":434200,"diffFirst":"PT7M14.2S","diffPrevMs":33800,"diffPrev":"PT33.8S"},{"entryId":20620,"stageTimeMs":8999200,"stageTime":"PT2H29M59.2S","penaltyTimeMs":0,"penaltyTime":"PT0S","totalTimeMs":8999200,"totalTime":"PT2H29M59.2S","position":13,"diffFirstMs":439100,"diffFirst":"PT7M19.1S","diffPrevMs":4900,"diffPrev":"PT4.9S"},{"entryId":20622,"stageTimeMs":9034100,"stageTime":"PT2H30M34.1S","penaltyTimeMs":0,"penaltyTime":"PT0S","totalTimeMs":9034100,"totalTime":"PT2H30M34.1S","position":14,"diffFirstMs":474000,"diffFirst":"PT7M54S","diffPrevMs":34900,"diffPrev":"PT34.9S"},{"entryId":20632,"stageTimeMs":9039700,"stageTime":"PT2H30M39.7S","penaltyTimeMs":0,"penaltyTime":"PT0S","totalTimeMs":9039700,"totalTime":"PT2H30M39.7S","position":15,"diffFirstMs":479600,"diffFirst":"PT7M59.6S","diffPrevMs":5600,"diffPrev":"PT5.6S"},{"entryId":20623,"stageTimeMs":9043900,"stageTime":"PT2H30M43.9S","penaltyTimeMs":0,"penaltyTime":"PT0S","totalTimeMs":9043900,"totalTime":"PT2H30M43.9S","position":16,"diffFirstMs":483800,"diffFirst":"PT8M3.8S","diffPrevMs":4200,"diffPrev":"PT4.2S"},{"entryId":20625,"stageTimeMs":9115800,"stageTime":"PT2H31M55.8S","penaltyTimeMs":0,"penaltyTime":"PT0S","totalTimeMs":9115800,"totalTime":"PT2H31M55.8S","position":17,"diffFirstMs":555700,"diffFirst":"PT9M15.7S","diffPrevMs":71900,"diffPrev":"PT1M11.9S"},{"entryId":20617,"stageTimeMs":9122700,"stageTime":"PT2H32M2.7S","penaltyTimeMs":0,"penaltyTime":"PT0S","totalTimeMs":9122700,"totalTime":"PT2H32M2.7S","position":18,"diffFirstMs":562600,"diffFirst":"PT9M22.6S","diffPrevMs":6900,"diffPrev":"PT6.9S"},{"entryId":20626,"stageTimeMs":9136900,"stageTime":"PT2H32M16.9S","penaltyTimeMs":0,"penaltyTime":"PT0S","totalTimeMs":9136900,"totalTime":"PT2H32M16.9S","position":19,"diffFirstMs":576800,"diffFirst":"PT9M36.8S","diffPrevMs":14200,"diffPrev":"PT14.2S"},{"entryId":20638,"stageTimeMs":9149500,"stageTime":"PT2H32M29.5S","penaltyTimeMs":0,"penaltyTime":"PT0S","totalTimeMs":9149500,"totalTime":"PT2H32M29.5S","position":20,"diffFirstMs":589400,"diffFirst":"PT9M49.4S","diffPrevMs":12600,"diffPrev":"PT12.6S"},{"entryId":20637,"stageTimeMs":9152200,"stageTime":"PT2H32M32.2S","penaltyTimeMs":0,"penaltyTime":"PT0S","totalTimeMs":9152200,"totalTime":"PT2H32M32.2S","position":21,"diffFirstMs":592100,"diffFirst":"PT9M52.1S","diffPrevMs":2700,"diffPrev":"PT2.7S"},{"entryId":20633,"stageTimeMs":9217600,"stageTime":"PT2H33M37.6S","penaltyTimeMs":0,"penaltyTime":"PT0S","totalTimeMs":9217600,"totalTime":"PT2H33M37.6S","position":22,"diffFirstMs":657500,"diffFirst":"PT10M57.5S","diffPrevMs":65400,"diffPrev":"PT1M5.4S"},{"entryId":20624,"stageTimeMs":9278600,"stageTime":"PT2H34M38.6S","penaltyTimeMs":0,"penaltyTime":"PT0S","totalTimeMs":9278600,"totalTime":"PT2H34M38.6S","position":23,"diffFirstMs":718500,"diffFirst":"PT11M58.5S","diffPrevMs":61000,"diffPrev":"PT1M1S"},{"entryId":20636,"stageTimeMs":9437700,"stageTime":"PT2H37M17.7S","penaltyTimeMs":0,"penaltyTime":"PT0S","totalTimeMs":9437700,"totalTime":"PT2H37M17.7S","position":24,"diffFirstMs":877600,"diffFirst":"PT14M37.6S","diffPrevMs":159100,"diffPrev":"PT2M39.1S"},{"entryId":20639,"stageTimeMs":9703300,"stageTime":"PT2H41M43.3S","penaltyTimeMs":0,"penaltyTime":"PT0S","totalTimeMs":9703300,"totalTime":"PT2H41M43.3S","position":25,"diffFirstMs":1143200,"diffFirst":"PT19M3.2S","diffPrevMs":265600,"diffPrev":"PT4M25.6S"},{"entryId":20631,"stageTimeMs":9725300,"stageTime":"PT2H42M5.3S","penaltyTimeMs":0,"penaltyTime":"PT0S","totalTimeMs":9725300,"totalTime":"PT2H42M5.3S","position":26,"diffFirstMs":1165200,"diffFirst":"PT19M25.2S","diffPrevMs":22000,"diffPrev":"PT22S"},{"entryId":20634,"stageTimeMs":10008600,"stageTime":"PT2H46M48.6S","penaltyTimeMs":0,"penaltyTime":"PT0S","totalTimeMs":10008600,"totalTime":"PT2H46M48.6S","position":27,"diffFirstMs":1448500,"diffFirst":"PT24M8.5S","diffPrevMs":283300,"diffPrev":"PT4M43.3S"},{"entryId":20656,"stageTimeMs":10028100,"stageTime":"PT2H47M8.1S","penaltyTimeMs":0,"penaltyTime":"PT0S","totalTimeMs":10028100,"totalTime":"PT2H47M8.1S","position":28,"diffFirstMs":1468000,"diffFirst":"PT24M28S","diffPrevMs":19500,"diffPrev":"PT19.5S"},{"entryId":20647,"stageTimeMs":10248900,"stageTime":"PT2H50M48.9S","penaltyTimeMs":0,"penaltyTime":"PT0S","totalTimeMs":10248900,"totalTime":"PT2H50M48.9S","position":29,"diffFirstMs":1688800,"diffFirst":"PT28M8.8S","diffPrevMs":220800,"diffPrev":"PT3M40.8S"},{"entryId":20650,"stageTimeMs":10340100,"stageTime":"PT2H52M20.1S","penaltyTimeMs":0,"penaltyTime":"PT0S","totalTimeMs":10340100,"totalTime":"PT2H52M20.1S","position":30,"diffFirstMs":1780000,"diffFirst":"PT29M40S","diffPrevMs":91200,"diffPrev":"PT1M31.2S"},{"entryId":20660,"stageTimeMs":10362600,"stageTime":"PT2H52M42.6S","penaltyTimeMs":0,"penaltyTime":"PT0S","totalTimeMs":10362600,"totalTime":"PT2H52M42.6S","position":31,"diffFirstMs":1802500,"diffFirst":"PT30M2.5S","diffPrevMs":22500,"diffPrev":"PT22.5S"},{"entryId":20659,"stageTimeMs":10382600,"stageTime":"PT2H53M2.6S","penaltyTimeMs":60000,"penaltyTime":"PT1M","totalTimeMs":10442600,"totalTime":"PT2H54M2.6S","position":32,"diffFirstMs":1882500,"diffFirst":"PT31M22.5S","diffPrevMs":80000,"diffPrev":"PT1M20S"},{"entryId":20643,"stageTimeMs":10622900,"stageTime":"PT2H57M2.9S","penaltyTimeMs":0,"penaltyTime":"PT0S","totalTimeMs":10622900,"totalTime":"PT2H57M2.9S","position":33,"diffFirstMs":2062800,"diffFirst":"PT34M22.8S","diffPrevMs":180300,"diffPrev":"PT3M0.3S"},{"entryId":20608,"stageTimeMs":10666300,"stageTime":"PT2H57M46.3S","penaltyTimeMs":0,"penaltyTime":"PT0S","totalTimeMs":10666300,"totalTime":"PT2H57M46.3S","position":34,"diffFirstMs":2106200,"diffFirst":"PT35M6.2S","diffPrevMs":43400,"diffPrev":"PT43.4S"},{"entryId":20642,"stageTimeMs":10671000,"stageTime":"PT2H57M51S","penaltyTimeMs":0,"penaltyTime":"PT0S","totalTimeMs":10671000,"totalTime":"PT2H57M51S","position":35,"diffFirstMs":2110900,"diffFirst":"PT35M10.9S","diffPrevMs":4700,"diffPrev":"PT4.7S"},{"entryId":20648,"stageTimeMs":10808700,"stageTime":"PT3H8.7S","penaltyTimeMs":0,"penaltyTime":"PT0S","totalTimeMs":10808700,"totalTime":"PT3H8.7S","position":36,"diffFirstMs":2248600,"diffFirst":"PT37M28.6S","diffPrevMs":137700,"diffPrev":"PT2M17.7S"},{"entryId":20663,"stageTimeMs":10972400,"stageTime":"PT3H2M52.4S","penaltyTimeMs":0,"penaltyTime":"PT0S","totalTimeMs":10972400,"totalTime":"PT3H2M52.4S","position":37,"diffFirstMs":2412300,"diffFirst":"PT40M12.3S","diffPrevMs":163700,"diffPrev":"PT2M43.7S"},{"entryId":20652,"stageTimeMs":10975600,"stageTime":"PT3H2M55.6S","penaltyTimeMs":0,"penaltyTime":"PT0S","totalTimeMs":10975600,"totalTime":"PT3H2M55.6S","position":38,"diffFirstMs":2415500,"diffFirst":"PT40M15.5S","diffPrevMs":3200,"diffPrev":"PT3.2S"},{"entryId":20667,"stageTimeMs":11080700,"stageTime":"PT3H4M40.7S","penaltyTimeMs":10000,"penaltyTime":"PT10S","totalTimeMs":11090700,"totalTime":"PT3H4M50.7S","position":39,"diffFirstMs":2530600,"diffFirst":"PT42M10.6S","diffPrevMs":115100,"diffPrev":"PT1M55.1S"},{"entryId":20629,"stageTimeMs":11091100,"stageTime":"PT3H4M51.1S","penaltyTimeMs":0,"penaltyTime":"PT0S","totalTimeMs":11091100,"totalTime":"PT3H4M51.1S","position":40,"diffFirstMs":2531000,"diffFirst":"PT42M11S","diffPrevMs":400,"diffPrev":"PT0.4S"},{"entryId":20661,"stageTimeMs":11104600,"stageTime":"PT3H5M4.6S","penaltyTimeMs":20000,"penaltyTime":"PT20S","totalTimeMs":11124600,"totalTime":"PT3H5M24.6S","position":41,"diffFirstMs":2564500,"diffFirst":"PT42M44.5S","diffPrevMs":33500,"diffPrev":"PT33.5S"},{"entryId":20665,"stageTimeMs":11134300,"stageTime":"PT3H5M34.3S","penaltyTimeMs":0,"penaltyTime":"PT0S","totalTimeMs":11134300,"totalTime":"PT3H5M34.3S","position":42,"diffFirstMs":2574200,"diffFirst":"PT42M54.2S","diffPrevMs":9700,"diffPrev":"PT9.7S"},{"entryId":20664,"stageTimeMs":11401300,"stageTime":"PT3H10M1.3S","penaltyTimeMs":0,"penaltyTime":"PT0S","totalTimeMs":11401300,"totalTime":"PT3H10M1.3S","position":43,"diffFirstMs":2841200,"diffFirst":"PT47M21.2S","diffPrevMs":267000,"diffPrev":"PT4M27S"},{"entryId":20615,"stageTimeMs":9877000,"stageTime":"PT2H44M37S","penaltyTimeMs":1980000,"penaltyTime":"PT33M","totalTimeMs":11857000,"totalTime":"PT3H17M37S","position":44,"diffFirstMs":3296900,"diffFirst":"PT54M56.9S","diffPrevMs":455700,"diffPrev":"PT7M35.7S"},{"entryId":20628,"stageTimeMs":11966800,"stageTime":"PT3H19M26.8S","penaltyTimeMs":0,"penaltyTime":"PT0S","totalTimeMs":11966800,"totalTime":"PT3H19M26.8S","position":45,"diffFirstMs":3406700,"diffFirst":"PT56M46.7S","diffPrevMs":109800,"diffPrev":"PT1M49.8S"},{"entryId":20641,"stageTimeMs":12033300,"stageTime":"PT3H20M33.3S","penaltyTimeMs":10000,"penaltyTime":"PT10S","totalTimeMs":12043300,"totalTime":"PT3H20M43.3S","position":46,"diffFirstMs":3483200,"diffFirst":"PT58M3.2S","diffPrevMs":76500,"diffPrev":"PT1M16.5S"},{"entryId":20668,"stageTimeMs":12630400,"stageTime":"PT3H30M30.4S","penaltyTimeMs":0,"penaltyTime":"PT0S","totalTimeMs":12630400,"totalTime":"PT3H30M30.4S","position":47,"diffFirstMs":4070300,"diffFirst":"PT1H7M50.3S","diffPrevMs":587100,"diffPrev":"PT9M47.1S"},{"entryId":20640,"stageTimeMs":12861600,"stageTime":"PT3H34M21.6S","penaltyTimeMs":20000,"penaltyTime":"PT20S","totalTimeMs":12881600,"totalTime":"PT3H34M41.6S","position":48,"diffFirstMs":4321500,"diffFirst":"PT1H12M1.5S","diffPrevMs":251200,"diffPrev":"PT4M11.2S"}]