[{"startDateTime":"2019-02-16T08:38:00","startDateTimeLocal":"2019-02-16T09:38:00+01:00","stageTimeDurationMs":511300,"stageTimeDuration":"00:08:31.3000000","splitPointTimeId":63252,"splitPointId":1904,"entryId":3537,"elapsedDurationMs":194200,"elapsedDuration":"PT3M14.2S","splitDateTime":"2019-02-16T08:41:14.2","splitDateTimeLocal":"2019-02-16T09:41:14.2+01:00"},{"startDateTime":"2019-02-16T08:40:00","startDateTimeLocal":"2019-02-16T09:40:00+01:00","stageTimeDurationMs":494900,"stageTimeDuration":"00:08:14.9000000","splitPointTimeId":63259,"splitPointId":1904,"entryId":3526,"elapsedDurationMs":188100,"elapsedDuration":"PT3M8.1S","splitDateTime":"2019-02-16T08:43:08.1","splitDateTimeLocal":"2019-02-16T09:43:08.1+01:00"},{"startDateTime":"2019-02-16T08:42:00","startDateTimeLocal":"2019-02-16T09:42:00+01:00","stageTimeDurationMs":502000,"stageTimeDuration":"00:08:22","splitPointTimeId":63269,"splitPointId":1904,"entryId":3532,"elapsedDurationMs":190700,"elapsedDuration":"PT3M10.7S","splitDateTime":"2019-02-16T08:45:10.7","splitDateTimeLocal":"2019-02-16T09:45:10.7+01:00"},{"startDateTime":"2019-02-16T08:44:00","startDateTimeLocal":"2019-02-16T09:44:00+01:00","stageTimeDurationMs":523500,"stageTimeDuration":"00:08:43.5000000","splitPointTimeId":63282,"splitPointId":1904,"entryId":3536,"elapsedDurationMs":196700,"elapsedDuration":"PT3M16.7S","splitDateTime":"2019-02-16T08:47:16.7","splitDateTimeLocal":"2019-02-16T09:47:16.7+01:00"},{"startDateTime":"2019-02-16T08:46:00","startDateTimeLocal":"2019-02-16T09:46:00+01:00","stageTimeDurationMs":520500,"stageTimeDuration":"00:08:40.5000000","splitPointTimeId":63289,"splitPointId":1904,"entryId":3539,"elapsedDurationMs":196200,"elapsedDuration":"PT3M16.2S","splitDateTime":"2019-02-16T08:49:16.2","splitDateTimeLocal":"2019-02-16T09:49:16.2+01:00"},{"startDateTime":"2019-02-16T08:48:00","startDateTimeLocal":"2019-02-16T09:48:00+01:00","stageTimeDurationMs":504900,"stageTimeDuration":"00:08:24.9000000","splitPointTimeId":63299,"splitPointId":1904,"entryId":3530,"elapsedDurationMs":189300,"elapsedDuration":"PT3M9.3S","splitDateTime":"2019-02-16T08:51:09.3","splitDateTimeLocal":"2019-02-16T09:51:09.3+01:00"},{"startDateTime":"2019-02-16T08:50:00","startDateTimeLocal":"2019-02-16T09:50:00+01:00","stageTimeDurationMs":500300,"stageTimeDuration":"00:08:20.3000000","splitPointTimeId":63310,"splitPointId":1904,"entryId":3529,"elapsedDurationMs":188700,"elapsedDuration":"PT3M8.7S","splitDateTime":"2019-02-16T08:53:08.7","splitDateTimeLocal":"2019-02-16T09:53:08.7+01:00"},{"startDateTime":"2019-02-16T08:52:00","startDateTimeLocal":"2019-02-16T09:52:00+01:00","stageTimeDurationMs":495000,"stageTimeDuration":"00:08:15","splitPointTimeId":63319,"splitPointId":1904,"entryId":3533,"elapsedDurationMs":187700,"elapsedDuration":"PT3M7.7S","splitDateTime":"2019-02-16T08:55:07.7","splitDateTimeLocal":"2019-02-16T09:55:07.7+01:00"},{"startDateTime":"2019-02-16T08:54:00","startDateTimeLocal":"2019-02-16T09:54:00+01:00","stageTimeDurationMs":501000,"stageTimeDuration":"00:08:21","splitPointTimeId":63328,"splitPointId":1904,"entryId":3534,"elapsedDurationMs":189800,"elapsedDuration":"PT3M9.8S","splitDateTime":"2019-02-16T08:57:09.8","splitDateTimeLocal":"2019-02-16T09:57:09.8+01:00"},{"startDateTime":"2019-02-16T08:56:00","startDateTimeLocal":"2019-02-16T09:56:00+01:00","stageTimeDurationMs":500300,"stageTimeDuration":"00:08:20.3000000","splitPointTimeId":63334,"splitPointId":1904,"entryId":3528,"elapsedDurationMs":189200,"elapsedDuration":"PT3M9.2S","splitDateTime":"2019-02-16T08:59:09.2","splitDateTimeLocal":"2019-02-16T09:59:09.2+01:00"},{"startDateTime":"2019-02-16T08:58:00","startDateTimeLocal":"2019-02-16T09:58:00+01:00","stageTimeDurationMs":503800,"stageTimeDuration":"00:08:23.8000000","splitPointTimeId":63339,"splitPointId":1904,"entryId":3535,"elapsedDurationMs":189500,"elapsedDuration":"PT3M9.5S","splitDateTime":"2019-02-16T09:01:09.5","splitDateTimeLocal":"2019-02-16T10:01:09.5+01:00"},{"startDateTime":"2019-02-16T09:00:00","startDateTimeLocal":"2019-02-16T10:00:00+01:00","stageTimeDurationMs":501700,"stageTimeDuration":"00:08:21.7000000","splitPointTimeId":63345,"splitPointId":1904,"entryId":3538,"elapsedDurationMs":189300,"elapsedDuration":"PT3M9.3S","splitDateTime":"2019-02-16T09:03:09.3","splitDateTimeLocal":"2019-02-16T10:03:09.3+01:00"},{"startDateTime":"2019-02-16T09:02:00","startDateTimeLocal":"2019-02-16T10:02:00+01:00","stageTimeDurationMs":502100,"stageTimeDuration":"00:08:22.1000000","splitPointTimeId":63348,"splitPointId":1904,"entryId":3531,"elapsedDurationMs":189000,"elapsedDuration":"PT3M9S","splitDateTime":"2019-02-16T09:05:09","splitDateTimeLocal":"2019-02-16T10:05:09+01:00"},{"startDateTime":"2019-02-16T09:04:00","startDateTimeLocal":"2019-02-16T10:04:00+01:00","stageTimeDurationMs":497300,"stageTimeDuration":"00:08:17.3000000","splitPointTimeId":63352,"splitPointId":1904,"entryId":3527,"elapsedDurationMs":188600,"elapsedDuration":"PT3M8.6S","splitDateTime":"2019-02-16T09:07:08.6","splitDateTimeLocal":"2019-02-16T10:07:08.6+01:00"},{"startDateTime":"2019-02-16T09:05:00","startDateTimeLocal":"2019-02-16T10:05:00+01:00","stageTimeDurationMs":519000,"stageTimeDuration":"00:08:39","splitPointTimeId":63354,"splitPointId":1904,"entryId":3540,"elapsedDurationMs":196200,"elapsedDuration":"PT3M16.2S","splitDateTime":"2019-02-16T09:08:16.2","splitDateTimeLocal":"2019-02-16T10:08:16.2+01:00"},{"startDateTime":"2019-02-16T09:06:00","startDateTimeLocal":"2019-02-16T10:06:00+01:00","stageTimeDurationMs":512400,"stageTimeDuration":"00:08:32.4000000","splitPointTimeId":63356,"splitPointId":1904,"entryId":3541,"elapsedDurationMs":193000,"elapsedDuration":"PT3M13S","splitDateTime":"2019-02-16T09:09:13","splitDateTimeLocal":"2019-02-16T10:09:13+01:00"},{"startDateTime":"2019-02-16T09:07:00","startDateTimeLocal":"2019-02-16T10:07:00+01:00","stageTimeDurationMs":532700,"stageTimeDuration":"00:08:52.7000000","splitPointTimeId":63360,"splitPointId":1904,"entryId":3543,"elapsedDurationMs":203400,"elapsedDuration":"PT3M23.4S","splitDateTime":"2019-02-16T09:10:23.4","splitDateTimeLocal":"2019-02-16T10:10:23.4+01:00"},{"startDateTime":"2019-02-16T09:12:00","startDateTimeLocal":"2019-02-16T10:12:00+01:00","stageTimeDurationMs":512200,"stageTimeDuration":"00:08:32.2000000","splitPointTimeId":63378,"splitPointId":1904,"entryId":3546,"elapsedDurationMs":192400,"elapsedDuration":"PT3M12.4S","splitDateTime":"2019-02-16T09:15:12.4","splitDateTimeLocal":"2019-02-16T10:15:12.4+01:00"},{"startDateTime":"2019-02-16T09:13:00","startDateTimeLocal":"2019-02-16T10:13:00+01:00","stageTimeDurationMs":513000,"stageTimeDuration":"00:08:33","splitPointTimeId":63380,"splitPointId":1904,"entryId":3551,"elapsedDurationMs":191900,"elapsedDuration":"PT3M11.9S","splitDateTime":"2019-02-16T09:16:11.9","splitDateTimeLocal":"2019-02-16T10:16:11.9+01:00"},{"startDateTime":"2019-02-16T09:14:00","startDateTimeLocal":"2019-02-16T10:14:00+01:00","stageTimeDurationMs":514200,"stageTimeDuration":"00:08:34.2000000","splitPointTimeId":63383,"splitPointId":1904,"entryId":3550,"elapsedDurationMs":193800,"elapsedDuration":"PT3M13.8S","splitDateTime":"2019-02-16T09:17:13.8","splitDateTimeLocal":"2019-02-16T10:17:13.8+01:00"},{"startDateTime":"2019-02-16T09:15:00","startDateTimeLocal":"2019-02-16T10:15:00+01:00","stageTimeDurationMs":520200,"stageTimeDuration":"00:08:40.2000000","splitPointTimeId":63388,"splitPointId":1904,"entryId":3552,"elapsedDurationMs":196400,"elapsedDuration":"PT3M16.4S","splitDateTime":"2019-02-16T09:18:16.4","splitDateTimeLocal":"2019-02-16T10:18:16.4+01:00"},{"startDateTime":"2019-02-16T09:16:00","startDateTimeLocal":"2019-02-16T10:16:00+01:00","stageTimeDurationMs":521800,"stageTimeDuration":"00:08:41.8000000","splitPointTimeId":63393,"splitPointId":1904,"entryId":3549,"elapsedDurationMs":197700,"elapsedDuration":"PT3M17.7S","splitDateTime":"2019-02-16T09:19:17.7","splitDateTimeLocal":"2019-02-16T10:19:17.7+01:00"},{"startDateTime":"2019-02-16T09:17:00","startDateTimeLocal":"2019-02-16T10:17:00+01:00","stageTimeDurationMs":525700,"stageTimeDuration":"00:08:45.7000000","splitPointTimeId":63400,"splitPointId":1904,"entryId":3548,"elapsedDurationMs":197900,"elapsedDuration":"PT3M17.9S","splitDateTime":"2019-02-16T09:20:17.9","splitDateTimeLocal":"2019-02-16T10:20:17.9+01:00"},{"startDateTime":"2019-02-16T09:18:00","startDateTimeLocal":"2019-02-16T10:18:00+01:00","stageTimeDurationMs":523300,"stageTimeDuration":"00:08:43.3000000","splitPointTimeId":63410,"splitPointId":1904,"entryId":3562,"elapsedDurationMs":196200,"elapsedDuration":"PT3M16.2S","splitDateTime":"2019-02-16T09:21:16.2","splitDateTimeLocal":"2019-02-16T10:21:16.2+01:00"},{"startDateTime":"2019-02-16T09:19:00","startDateTimeLocal":"2019-02-16T10:19:00+01:00","stageTimeDurationMs":519600,"stageTimeDuration":"00:08:39.6000000","splitPointTimeId":63415,"splitPointId":1904,"entryId":3545,"elapsedDurationMs":194700,"elapsedDuration":"PT3M14.7S","splitDateTime":"2019-02-16T09:22:14.7","splitDateTimeLocal":"2019-02-16T10:22:14.7+01:00"},{"startDateTime":"2019-02-16T09:20:00","startDateTimeLocal":"2019-02-16T10:20:00+01:00","stageTimeDurationMs":528900,"stageTimeDuration":"00:08:48.9000000","splitPointTimeId":63422,"splitPointId":1904,"entryId":3547,"elapsedDurationMs":197500,"elapsedDuration":"PT3M17.5S","splitDateTime":"2019-02-16T09:23:17.5","splitDateTimeLocal":"2019-02-16T10:23:17.5+01:00"},{"startDateTime":"2019-02-16T09:21:00","startDateTimeLocal":"2019-02-16T10:21:00+01:00","stageTimeDurationMs":526800,"stageTimeDuration":"00:08:46.8000000","splitPointTimeId":63430,"splitPointId":1904,"entryId":3554,"elapsedDurationMs":199000,"elapsedDuration":"PT3M19S","splitDateTime":"2019-02-16T09:24:19","splitDateTimeLocal":"2019-02-16T10:24:19+01:00"},{"startDateTime":"2019-02-16T09:22:00","startDateTimeLocal":"2019-02-16T10:22:00+01:00","stageTimeDurationMs":531200,"stageTimeDuration":"00:08:51.2000000","splitPointTimeId":63435,"splitPointId":1904,"entryId":3555,"elapsedDurationMs":198700,"elapsedDuration":"PT3M18.7S","splitDateTime":"2019-02-16T09:25:18.7","splitDateTimeLocal":"2019-02-16T10:25:18.7+01:00"},{"startDateTime":"2019-02-16T09:23:00","startDateTimeLocal":"2019-02-16T10:23:00+01:00","stageTimeDurationMs":539100,"stageTimeDuration":"00:08:59.1000000","splitPointTimeId":63440,"splitPointId":1904,"entryId":3559,"elapsedDurationMs":201900,"elapsedDuration":"PT3M21.9S","splitDateTime":"2019-02-16T09:26:21.9","splitDateTimeLocal":"2019-02-16T10:26:21.9+01:00"},{"startDateTime":"2019-02-16T09:24:00","startDateTimeLocal":"2019-02-16T10:24:00+01:00","stageTimeDurationMs":551800,"stageTimeDuration":"00:09:11.8000000","splitPointTimeId":63448,"splitPointId":1904,"entryId":3581,"elapsedDurationMs":206300,"elapsedDuration":"PT3M26.3S","splitDateTime":"2019-02-16T09:27:26.3","splitDateTimeLocal":"2019-02-16T10:27:26.3+01:00"},{"startDateTime":"2019-02-16T09:25:00","startDateTimeLocal":"2019-02-16T10:25:00+01:00","stageTimeDurationMs":552200,"stageTimeDuration":"00:09:12.2000000","splitPointTimeId":63457,"splitPointId":1904,"entryId":3561,"elapsedDurationMs":209900,"elapsedDuration":"PT3M29.9S","splitDateTime":"2019-02-16T09:28:29.9","splitDateTimeLocal":"2019-02-16T10:28:29.9+01:00"},{"startDateTime":"2019-02-16T09:26:00","startDateTimeLocal":"2019-02-16T10:26:00+01:00","stageTimeDurationMs":562200,"stageTimeDuration":"00:09:22.2000000","splitPointTimeId":63464,"splitPointId":1904,"entryId":3563,"elapsedDurationMs":212500,"elapsedDuration":"PT3M32.5S","splitDateTime":"2019-02-16T09:29:32.5","splitDateTimeLocal":"2019-02-16T10:29:32.5+01:00"},{"startDateTime":"2019-02-16T09:27:00","startDateTimeLocal":"2019-02-16T10:27:00+01:00","stageTimeDurationMs":536500,"stageTimeDuration":"00:08:56.5000000","splitPointTimeId":63472,"splitPointId":1904,"entryId":3576,"elapsedDurationMs":202600,"elapsedDuration":"PT3M22.6S","splitDateTime":"2019-02-16T09:30:22.6","splitDateTimeLocal":"2019-02-16T10:30:22.6+01:00"},{"startDateTime":"2019-02-16T09:28:00","startDateTimeLocal":"2019-02-16T10:28:00+01:00","stageTimeDurationMs":549400,"stageTimeDuration":"00:09:09.4000000","splitPointTimeId":63477,"splitPointId":1904,"entryId":3560,"elapsedDurationMs":203700,"elapsedDuration":"PT3M23.7S","splitDateTime":"2019-02-16T09:31:23.7","splitDateTimeLocal":"2019-02-16T10:31:23.7+01:00"},{"startDateTime":"2019-02-16T09:29:00","startDateTimeLocal":"2019-02-16T10:29:00+01:00","stageTimeDurationMs":567100,"stageTimeDuration":"00:09:27.1000000","splitPointTimeId":63485,"splitPointId":1904,"entryId":3566,"elapsedDurationMs":214800,"elapsedDuration":"PT3M34.8S","splitDateTime":"2019-02-16T09:32:34.8","splitDateTimeLocal":"2019-02-16T10:32:34.8+01:00"},{"startDateTime":"2019-02-16T09:30:00","startDateTimeLocal":"2019-02-16T10:30:00+01:00","stageTimeDurationMs":555400,"stageTimeDuration":"00:09:15.4000000","splitPointTimeId":63492,"splitPointId":1904,"entryId":3584,"elapsedDurationMs":206100,"elapsedDuration":"PT3M26.1S","splitDateTime":"2019-02-16T09:33:26.1","splitDateTimeLocal":"2019-02-16T10:33:26.1+01:00"},{"startDateTime":"2019-02-16T09:31:00","startDateTimeLocal":"2019-02-16T10:31:00+01:00","stageTimeDurationMs":541500,"stageTimeDuration":"00:09:01.5000000","splitPointTimeId":63502,"splitPointId":1904,"entryId":3578,"elapsedDurationMs":202200,"elapsedDuration":"PT3M22.2S","splitDateTime":"2019-02-16T09:34:22.2","splitDateTimeLocal":"2019-02-16T10:34:22.2+01:00"},{"startDateTime":"2019-02-16T09:34:00","startDateTimeLocal":"2019-02-16T10:34:00+01:00","stageTimeDurationMs":606800,"stageTimeDuration":"00:10:06.8000000","splitPointTimeId":63514,"splitPointId":1904,"entryId":3565,"elapsedDurationMs":216000,"elapsedDuration":"PT3M36S","splitDateTime":"2019-02-16T09:37:36","splitDateTimeLocal":"2019-02-16T10:37:36+01:00"},{"startDateTime":"2019-02-16T09:36:00","startDateTimeLocal":"2019-02-16T10:36:00+01:00","stageTimeDurationMs":560000,"stageTimeDuration":"00:09:20","splitPointTimeId":63525,"splitPointId":1904,"entryId":3558,"elapsedDurationMs":207600,"elapsedDuration":"PT3M27.6S","splitDateTime":"2019-02-16T09:39:27.6","splitDateTimeLocal":"2019-02-16T10:39:27.6+01:00"},{"startDateTime":"2019-02-16T09:39:00","startDateTimeLocal":"2019-02-16T10:39:00+01:00","stageTimeDurationMs":563400,"stageTimeDuration":"00:09:23.4000000","splitPointTimeId":63536,"splitPointId":1904,"entryId":3564,"elapsedDurationMs":212000,"elapsedDuration":"PT3M32S","splitDateTime":"2019-02-16T09:42:32","splitDateTimeLocal":"2019-02-16T10:42:32+01:00"},{"startDateTime":"2019-02-16T09:40:00","startDateTimeLocal":"2019-02-16T10:40:00+01:00","stageTimeDurationMs":574600,"stageTimeDuration":"00:09:34.6000000","splitPointTimeId":63545,"splitPointId":1904,"entryId":3570,"elapsedDurationMs":216700,"elapsedDuration":"PT3M36.7S","splitDateTime":"2019-02-16T09:43:36.7","splitDateTimeLocal":"2019-02-16T10:43:36.7+01:00"},{"startDateTime":"2019-02-16T09:38:00","startDateTimeLocal":"2019-02-16T10:38:00+01:00","stageTimeDurationMs":742300,"stageTimeDuration":"00:12:22.3000000","splitPointTimeId":63547,"splitPointId":1904,"entryId":3568,"elapsedDurationMs":278600,"elapsedDuration":"PT4M38.6S","splitDateTime":"2019-02-16T09:42:38.6","splitDateTimeLocal":"2019-02-16T10:42:38.6+01:00"},{"startDateTime":"2019-02-16T09:41:00","startDateTimeLocal":"2019-02-16T10:41:00+01:00","stageTimeDurationMs":826100,"stageTimeDuration":"00:13:46.1000000","splitPointTimeId":63550,"splitPointId":1904,"entryId":3571,"elapsedDurationMs":222600,"elapsedDuration":"PT3M42.6S","splitDateTime":"2019-02-16T09:44:42.6","splitDateTimeLocal":"2019-02-16T10:44:42.6+01:00"},{"startDateTime":"2019-02-16T09:42:00","startDateTimeLocal":"2019-02-16T10:42:00+01:00","stageTimeDurationMs":932200,"stageTimeDuration":"00:15:32.2000000","splitPointTimeId":63554,"splitPointId":1904,"entryId":3557,"elapsedDurationMs":208500,"elapsedDuration":"PT3M28.5S","splitDateTime":"2019-02-16T09:45:28.5","splitDateTimeLocal":"2019-02-16T10:45:28.5+01:00"},{"startDateTime":"2019-02-16T09:43:00","startDateTimeLocal":"2019-02-16T10:43:00+01:00","stageTimeDurationMs":565800,"stageTimeDuration":"00:09:25.8000000","splitPointTimeId":63559,"splitPointId":1904,"entryId":3556,"elapsedDurationMs":210100,"elapsedDuration":"PT3M30.1S","splitDateTime":"2019-02-16T09:46:30.1","splitDateTimeLocal":"2019-02-16T10:46:30.1+01:00"},{"startDateTime":"2019-02-16T09:45:00","startDateTimeLocal":"2019-02-16T10:45:00+01:00","stageTimeDurationMs":566600,"stageTimeDuration":"00:09:26.6000000","splitPointTimeId":63572,"splitPointId":1904,"entryId":3586,"elapsedDurationMs":214000,"elapsedDuration":"PT3M34S","splitDateTime":"2019-02-16T09:48:34","splitDateTimeLocal":"2019-02-16T10:48:34+01:00"},{"startDateTime":"2019-02-16T09:46:00","startDateTimeLocal":"2019-02-16T10:46:00+01:00","stageTimeDurationMs":558800,"stageTimeDuration":"00:09:18.8000000","splitPointTimeId":63578,"splitPointId":1904,"entryId":3580,"elapsedDurationMs":208400,"elapsedDuration":"PT3M28.4S","splitDateTime":"2019-02-16T09:49:28.4","splitDateTimeLocal":"2019-02-16T10:49:28.4+01:00"},{"startDateTime":"2019-02-16T09:47:00","startDateTimeLocal":"2019-02-16T10:47:00+01:00","stageTimeDurationMs":583300,"stageTimeDuration":"00:09:43.3000000","splitPointTimeId":63582,"splitPointId":1904,"entryId":3569,"elapsedDurationMs":216500,"elapsedDuration":"PT3M36.5S","splitDateTime":"2019-02-16T09:50:36.5","splitDateTimeLocal":"2019-02-16T10:50:36.5+01:00"},{"startDateTime":"2019-02-16T09:48:00","startDateTimeLocal":"2019-02-16T10:48:00+01:00","stageTimeDurationMs":585400,"stageTimeDuration":"00:09:45.4000000","splitPointTimeId":63586,"splitPointId":1904,"entryId":3575,"elapsedDurationMs":221100,"elapsedDuration":"PT3M41.1S","splitDateTime":"2019-02-16T09:51:41.1","splitDateTimeLocal":"2019-02-16T10:51:41.1+01:00"},{"startDateTime":"2019-02-16T09:44:00","startDateTimeLocal":"2019-02-16T10:44:00+01:00","stageTimeDurationMs":845300,"stageTimeDuration":"00:14:05.3000000","splitPointTimeId":63589,"splitPointId":1904,"entryId":3585,"elapsedDurationMs":483400,"elapsedDuration":"PT8M3.4S","splitDateTime":"2019-02-16T09:52:03.4","splitDateTimeLocal":"2019-02-16T10:52:03.4+01:00"},{"startDateTime":"2019-02-16T09:49:00","startDateTimeLocal":"2019-02-16T10:49:00+01:00","stageTimeDurationMs":590900,"stageTimeDuration":"00:09:50.9000000","splitPointTimeId":63596,"splitPointId":1904,"entryId":3574,"elapsedDurationMs":222000,"elapsedDuration":"PT3M42S","splitDateTime":"2019-02-16T09:52:42","splitDateTimeLocal":"2019-02-16T10:52:42+01:00"},{"startDateTime":"2019-02-16T09:50:00","startDateTimeLocal":"2019-02-16T10:50:00+01:00","stageTimeDurationMs":609600,"stageTimeDuration":"00:10:09.6000000","splitPointTimeId":63603,"splitPointId":1904,"entryId":3573,"elapsedDurationMs":230400,"elapsedDuration":"PT3M50.4S","splitDateTime":"2019-02-16T09:53:50.4","splitDateTimeLocal":"2019-02-16T10:53:50.4+01:00"},{"startDateTime":"2019-02-16T09:52:00","startDateTimeLocal":"2019-02-16T10:52:00+01:00","stageTimeDurationMs":595800,"stageTimeDuration":"00:09:55.8000000","splitPointTimeId":63611,"splitPointId":1904,"entryId":3572,"elapsedDurationMs":224400,"elapsedDuration":"PT3M44.4S","splitDateTime":"2019-02-16T09:55:44.4","splitDateTimeLocal":"2019-02-16T10:55:44.4+01:00"},{"startDateTime":"2019-02-16T09:53:00","startDateTimeLocal":"2019-02-16T10:53:00+01:00","stageTimeDurationMs":592400,"stageTimeDuration":"00:09:52.4000000","splitPointTimeId":63617,"splitPointId":1904,"entryId":3587,"elapsedDurationMs":222400,"elapsedDuration":"PT3M42.4S","splitDateTime":"2019-02-16T09:56:42.4","splitDateTimeLocal":"2019-02-16T10:56:42.4+01:00"},{"startDateTime":"2019-02-16T09:54:00","startDateTimeLocal":"2019-02-16T10:54:00+01:00","stageTimeDurationMs":648400,"stageTimeDuration":"00:10:48.4000000","splitPointTimeId":63621,"splitPointId":1904,"entryId":3582,"elapsedDurationMs":214100,"elapsedDuration":"PT3M34.1S","splitDateTime":"2019-02-16T09:57:34.1","splitDateTimeLocal":"2019-02-16T10:57:34.1+01:00"},{"startDateTime":"2019-02-16T08:38:00","startDateTimeLocal":"2019-02-16T09:38:00+01:00","stageTimeDurationMs":511300,"stageTimeDuration":"00:08:31.3000000","splitPointTimeId":63265,"splitPointId":1905,"entryId":3537,"elapsedDurationMs":381400,"elapsedDuration":"PT6M21.4S","splitDateTime":"2019-02-16T08:44:21.4","splitDateTimeLocal":"2019-02-16T09:44:21.4+01:00"},{"startDateTime":"2019-02-16T08:40:00","startDateTimeLocal":"2019-02-16T09:40:00+01:00","stageTimeDurationMs":494900,"stageTimeDuration":"00:08:14.9000000","splitPointTimeId":63276,"splitPointId":1905,"entryId":3526,"elapsedDurationMs":369300,"elapsedDuration":"PT6M9.3S","splitDateTime":"2019-02-16T08:46:09.3","splitDateTimeLocal":"2019-02-16T09:46:09.3+01:00"},{"startDateTime":"2019-02-16T08:42:00","startDateTimeLocal":"2019-02-16T09:42:00+01:00","stageTimeDurationMs":502000,"stageTimeDuration":"00:08:22","splitPointTimeId":63284,"splitPointId":1905,"entryId":3532,"elapsedDurationMs":374900,"elapsedDuration":"PT6M14.9S","splitDateTime":"2019-02-16T08:48:14.9","splitDateTimeLocal":"2019-02-16T09:48:14.9+01:00"},{"startDateTime":"2019-02-16T08:44:00","startDateTimeLocal":"2019-02-16T09:44:00+01:00","stageTimeDurationMs":523500,"stageTimeDuration":"00:08:43.5000000","splitPointTimeId":63294,"splitPointId":1905,"entryId":3536,"elapsedDurationMs":390400,"elapsedDuration":"PT6M30.4S","splitDateTime":"2019-02-16T08:50:30.4","splitDateTimeLocal":"2019-02-16T09:50:30.4+01:00"},{"startDateTime":"2019-02-16T08:46:00","startDateTimeLocal":"2019-02-16T09:46:00+01:00","stageTimeDurationMs":520500,"stageTimeDuration":"00:08:40.5000000","splitPointTimeId":63307,"splitPointId":1905,"entryId":3539,"elapsedDurationMs":388200,"elapsedDuration":"PT6M28.2S","splitDateTime":"2019-02-16T08:52:28.2","splitDateTimeLocal":"2019-02-16T09:52:28.2+01:00"},{"startDateTime":"2019-02-16T08:48:00","startDateTimeLocal":"2019-02-16T09:48:00+01:00","stageTimeDurationMs":504900,"stageTimeDuration":"00:08:24.9000000","splitPointTimeId":63317,"splitPointId":1905,"entryId":3530,"elapsedDurationMs":375600,"elapsedDuration":"PT6M15.6S","splitDateTime":"2019-02-16T08:54:15.6","splitDateTimeLocal":"2019-02-16T09:54:15.6+01:00"},{"startDateTime":"2019-02-16T08:50:00","startDateTimeLocal":"2019-02-16T09:50:00+01:00","stageTimeDurationMs":500300,"stageTimeDuration":"00:08:20.3000000","splitPointTimeId":63324,"splitPointId":1905,"entryId":3529,"elapsedDurationMs":373300,"elapsedDuration":"PT6M13.3S","splitDateTime":"2019-02-16T08:56:13.3","splitDateTimeLocal":"2019-02-16T09:56:13.3+01:00"},{"startDateTime":"2019-02-16T08:52:00","startDateTimeLocal":"2019-02-16T09:52:00+01:00","stageTimeDurationMs":495000,"stageTimeDuration":"00:08:15","splitPointTimeId":63333,"splitPointId":1905,"entryId":3533,"elapsedDurationMs":369100,"elapsedDuration":"PT6M9.1S","splitDateTime":"2019-02-16T08:58:09.1","splitDateTimeLocal":"2019-02-16T09:58:09.1+01:00"},{"startDateTime":"2019-02-16T08:54:00","startDateTimeLocal":"2019-02-16T09:54:00+01:00","stageTimeDurationMs":501000,"stageTimeDuration":"00:08:21","splitPointTimeId":63337,"splitPointId":1905,"entryId":3534,"elapsedDurationMs":372100,"elapsedDuration":"PT6M12.1S","splitDateTime":"2019-02-16T09:00:12.1","splitDateTimeLocal":"2019-02-16T10:00:12.1+01:00"},{"startDateTime":"2019-02-16T08:56:00","startDateTimeLocal":"2019-02-16T09:56:00+01:00","stageTimeDurationMs":500300,"stageTimeDuration":"00:08:20.3000000","splitPointTimeId":63343,"splitPointId":1905,"entryId":3528,"elapsedDurationMs":372800,"elapsedDuration":"PT6M12.8S","splitDateTime":"2019-02-16T09:02:12.8","splitDateTimeLocal":"2019-02-16T10:02:12.8+01:00"},{"startDateTime":"2019-02-16T08:58:00","startDateTimeLocal":"2019-02-16T09:58:00+01:00","stageTimeDurationMs":503800,"stageTimeDuration":"00:08:23.8000000","splitPointTimeId":63347,"splitPointId":1905,"entryId":3535,"elapsedDurationMs":374800,"elapsedDuration":"PT6M14.8S","splitDateTime":"2019-02-16T09:04:14.8","splitDateTimeLocal":"2019-02-16T10:04:14.8+01:00"},{"startDateTime":"2019-02-16T09:00:00","startDateTimeLocal":"2019-02-16T10:00:00+01:00","stageTimeDurationMs":501700,"stageTimeDuration":"00:08:21.7000000","splitPointTimeId":63350,"splitPointId":1905,"entryId":3538,"elapsedDurationMs":372900,"elapsedDuration":"PT6M12.9S","splitDateTime":"2019-02-16T09:06:12.9","splitDateTimeLocal":"2019-02-16T10:06:12.9+01:00"},{"startDateTime":"2019-02-16T09:02:00","startDateTimeLocal":"2019-02-16T10:02:00+01:00","stageTimeDurationMs":502100,"stageTimeDuration":"00:08:22.1000000","splitPointTimeId":63353,"splitPointId":1905,"entryId":3531,"elapsedDurationMs":373700,"elapsedDuration":"PT6M13.7S","splitDateTime":"2019-02-16T09:08:13.7","splitDateTimeLocal":"2019-02-16T10:08:13.7+01:00"},{"startDateTime":"2019-02-16T09:04:00","startDateTimeLocal":"2019-02-16T10:04:00+01:00","stageTimeDurationMs":497300,"stageTimeDuration":"00:08:17.3000000","splitPointTimeId":63359,"splitPointId":1905,"entryId":3527,"elapsedDurationMs":370100,"elapsedDuration":"PT6M10.1S","splitDateTime":"2019-02-16T09:10:10.1","splitDateTimeLocal":"2019-02-16T10:10:10.1+01:00"},{"startDateTime":"2019-02-16T09:05:00","startDateTimeLocal":"2019-02-16T10:05:00+01:00","stageTimeDurationMs":519000,"stageTimeDuration":"00:08:39","splitPointTimeId":63364,"splitPointId":1905,"entryId":3540,"elapsedDurationMs":385800,"elapsedDuration":"PT6M25.8S","splitDateTime":"2019-02-16T09:11:25.8","splitDateTimeLocal":"2019-02-16T10:11:25.8+01:00"},{"startDateTime":"2019-02-16T09:06:00","startDateTimeLocal":"2019-02-16T10:06:00+01:00","stageTimeDurationMs":512400,"stageTimeDuration":"00:08:32.4000000","splitPointTimeId":63366,"splitPointId":1905,"entryId":3541,"elapsedDurationMs":380400,"elapsedDuration":"PT6M20.4S","splitDateTime":"2019-02-16T09:12:20.4","splitDateTimeLocal":"2019-02-16T10:12:20.4+01:00"},{"startDateTime":"2019-02-16T09:07:00","startDateTimeLocal":"2019-02-16T10:07:00+01:00","stageTimeDurationMs":532700,"stageTimeDuration":"00:08:52.7000000","splitPointTimeId":63371,"splitPointId":1905,"entryId":3543,"elapsedDurationMs":396600,"elapsedDuration":"PT6M36.6S","splitDateTime":"2019-02-16T09:13:36.6","splitDateTimeLocal":"2019-02-16T10:13:36.6+01:00"},{"startDateTime":"2019-02-16T09:12:00","startDateTimeLocal":"2019-02-16T10:12:00+01:00","stageTimeDurationMs":512200,"stageTimeDuration":"00:08:32.2000000","splitPointTimeId":63387,"splitPointId":1905,"entryId":3546,"elapsedDurationMs":380600,"elapsedDuration":"PT6M20.6S","splitDateTime":"2019-02-16T09:18:20.6","splitDateTimeLocal":"2019-02-16T10:18:20.6+01:00"},{"startDateTime":"2019-02-16T09:13:00","startDateTimeLocal":"2019-02-16T10:13:00+01:00","stageTimeDurationMs":513000,"stageTimeDuration":"00:08:33","splitPointTimeId":63394,"splitPointId":1905,"entryId":3551,"elapsedDurationMs":381300,"elapsedDuration":"PT6M21.3S","splitDateTime":"2019-02-16T09:19:21.3","splitDateTimeLocal":"2019-02-16T10:19:21.3+01:00"},{"startDateTime":"2019-02-16T09:14:00","startDateTimeLocal":"2019-02-16T10:14:00+01:00","stageTimeDurationMs":514200,"stageTimeDuration":"00:08:34.2000000","splitPointTimeId":63402,"splitPointId":1905,"entryId":3550,"elapsedDurationMs":381900,"elapsedDuration":"PT6M21.9S","splitDateTime":"2019-02-16T09:20:21.9","splitDateTimeLocal":"2019-02-16T10:20:21.9+01:00"},{"startDateTime":"2019-02-16T09:15:00","startDateTimeLocal":"2019-02-16T10:15:00+01:00","stageTimeDurationMs":520200,"stageTimeDuration":"00:08:40.2000000","splitPointTimeId":63411,"splitPointId":1905,"entryId":3552,"elapsedDurationMs":386800,"elapsedDuration":"PT6M26.8S","splitDateTime":"2019-02-16T09:21:26.8","splitDateTimeLocal":"2019-02-16T10:21:26.8+01:00"},{"startDateTime":"2019-02-16T09:16:00","startDateTimeLocal":"2019-02-16T10:16:00+01:00","stageTimeDurationMs":521800,"stageTimeDuration":"00:08:41.8000000","splitPointTimeId":63417,"splitPointId":1905,"entryId":3549,"elapsedDurationMs":388900,"elapsedDuration":"PT6M28.9S","splitDateTime":"2019-02-16T09:22:28.9","splitDateTimeLocal":"2019-02-16T10:22:28.9+01:00"},{"startDateTime":"2019-02-16T09:17:00","startDateTimeLocal":"2019-02-16T10:17:00+01:00","stageTimeDurationMs":525700,"stageTimeDuration":"00:08:45.7000000","splitPointTimeId":63423,"splitPointId":1905,"entryId":3548,"elapsedDurationMs":390800,"elapsedDuration":"PT6M30.8S","splitDateTime":"2019-02-16T09:23:30.8","splitDateTimeLocal":"2019-02-16T10:23:30.8+01:00"},{"startDateTime":"2019-02-16T09:18:00","startDateTimeLocal":"2019-02-16T10:18:00+01:00","stageTimeDurationMs":523300,"stageTimeDuration":"00:08:43.3000000","splitPointTimeId":63429,"splitPointId":1905,"entryId":3562,"elapsedDurationMs":388500,"elapsedDuration":"PT6M28.5S","splitDateTime":"2019-02-16T09:24:28.5","splitDateTimeLocal":"2019-02-16T10:24:28.5+01:00"},{"startDateTime":"2019-02-16T09:19:00","startDateTimeLocal":"2019-02-16T10:19:00+01:00","stageTimeDurationMs":519600,"stageTimeDuration":"00:08:39.6000000","splitPointTimeId":63436,"splitPointId":1905,"entryId":3545,"elapsedDurationMs":384500,"elapsedDuration":"PT6M24.5S","splitDateTime":"2019-02-16T09:25:24.5","splitDateTimeLocal":"2019-02-16T10:25:24.5+01:00"},{"startDateTime":"2019-02-16T09:20:00","startDateTimeLocal":"2019-02-16T10:20:00+01:00","stageTimeDurationMs":528900,"stageTimeDuration":"00:08:48.9000000","splitPointTimeId":63441,"splitPointId":1905,"entryId":3547,"elapsedDurationMs":391800,"elapsedDuration":"PT6M31.8S","splitDateTime":"2019-02-16T09:26:31.8","splitDateTimeLocal":"2019-02-16T10:26:31.8+01:00"},{"startDateTime":"2019-02-16T09:21:00","startDateTimeLocal":"2019-02-16T10:21:00+01:00","stageTimeDurationMs":526800,"stageTimeDuration":"00:08:46.8000000","splitPointTimeId":63451,"splitPointId":1905,"entryId":3554,"elapsedDurationMs":393000,"elapsedDuration":"PT6M33S","splitDateTime":"2019-02-16T09:27:33","splitDateTimeLocal":"2019-02-16T10:27:33+01:00"},{"startDateTime":"2019-02-16T09:22:00","startDateTimeLocal":"2019-02-16T10:22:00+01:00","stageTimeDurationMs":531200,"stageTimeDuration":"00:08:51.2000000","splitPointTimeId":63458,"splitPointId":1905,"entryId":3555,"elapsedDurationMs":393700,"elapsedDuration":"PT6M33.7S","splitDateTime":"2019-02-16T09:28:33.7","splitDateTimeLocal":"2019-02-16T10:28:33.7+01:00"},{"startDateTime":"2019-02-16T09:23:00","startDateTimeLocal":"2019-02-16T10:23:00+01:00","stageTimeDurationMs":539100,"stageTimeDuration":"00:08:59.1000000","splitPointTimeId":63467,"splitPointId":1905,"entryId":3559,"elapsedDurationMs":400900,"elapsedDuration":"PT6M40.9S","splitDateTime":"2019-02-16T09:29:40.9","splitDateTimeLocal":"2019-02-16T10:29:40.9+01:00"},{"startDateTime":"2019-02-16T09:24:00","startDateTimeLocal":"2019-02-16T10:24:00+01:00","stageTimeDurationMs":551800,"stageTimeDuration":"00:09:11.8000000","splitPointTimeId":63473,"splitPointId":1905,"entryId":3581,"elapsedDurationMs":409500,"elapsedDuration":"PT6M49.5S","splitDateTime":"2019-02-16T09:30:49.5","splitDateTimeLocal":"2019-02-16T10:30:49.5+01:00"},{"startDateTime":"2019-02-16T09:25:00","startDateTimeLocal":"2019-02-16T10:25:00+01:00","stageTimeDurationMs":552200,"stageTimeDuration":"00:09:12.2000000","splitPointTimeId":63480,"splitPointId":1905,"entryId":3561,"elapsedDurationMs":411200,"elapsedDuration":"PT6M51.2S","splitDateTime":"2019-02-16T09:31:51.2","splitDateTimeLocal":"2019-02-16T10:31:51.2+01:00"},{"startDateTime":"2019-02-16T09:26:00","startDateTimeLocal":"2019-02-16T10:26:00+01:00","stageTimeDurationMs":562200,"stageTimeDuration":"00:09:22.2000000","splitPointTimeId":63486,"splitPointId":1905,"entryId":3563,"elapsedDurationMs":416900,"elapsedDuration":"PT6M56.9S","splitDateTime":"2019-02-16T09:32:56.9","splitDateTimeLocal":"2019-02-16T10:32:56.9+01:00"},{"startDateTime":"2019-02-16T09:27:00","startDateTimeLocal":"2019-02-16T10:27:00+01:00","stageTimeDurationMs":536500,"stageTimeDuration":"00:08:56.5000000","splitPointTimeId":63493,"splitPointId":1905,"entryId":3576,"elapsedDurationMs":399500,"elapsedDuration":"PT6M39.5S","splitDateTime":"2019-02-16T09:33:39.5","splitDateTimeLocal":"2019-02-16T10:33:39.5+01:00"},{"startDateTime":"2019-02-16T09:28:00","startDateTimeLocal":"2019-02-16T10:28:00+01:00","stageTimeDurationMs":549400,"stageTimeDuration":"00:09:09.4000000","splitPointTimeId":63497,"splitPointId":1905,"entryId":3560,"elapsedDurationMs":406000,"elapsedDuration":"PT6M46S","splitDateTime":"2019-02-16T09:34:46","splitDateTimeLocal":"2019-02-16T10:34:46+01:00"},{"startDateTime":"2019-02-16T09:29:00","startDateTimeLocal":"2019-02-16T10:29:00+01:00","stageTimeDurationMs":567100,"stageTimeDuration":"00:09:27.1000000","splitPointTimeId":63504,"splitPointId":1905,"entryId":3566,"elapsedDurationMs":420800,"elapsedDuration":"PT7M0.8S","splitDateTime":"2019-02-16T09:36:00.8","splitDateTimeLocal":"2019-02-16T10:36:00.8+01:00"},{"startDateTime":"2019-02-16T09:30:00","startDateTimeLocal":"2019-02-16T10:30:00+01:00","stageTimeDurationMs":555400,"stageTimeDuration":"00:09:15.4000000","splitPointTimeId":63507,"splitPointId":1905,"entryId":3584,"elapsedDurationMs":411100,"elapsedDuration":"PT6M51.1S","splitDateTime":"2019-02-16T09:36:51.1","splitDateTimeLocal":"2019-02-16T10:36:51.1+01:00"},{"startDateTime":"2019-02-16T09:31:00","startDateTimeLocal":"2019-02-16T10:31:00+01:00","stageTimeDurationMs":541500,"stageTimeDuration":"00:09:01.5000000","splitPointTimeId":63519,"splitPointId":1905,"entryId":3578,"elapsedDurationMs":403000,"elapsedDuration":"PT6M43S","splitDateTime":"2019-02-16T09:37:43","splitDateTimeLocal":"2019-02-16T10:37:43+01:00"},{"startDateTime":"2019-02-16T09:34:00","startDateTimeLocal":"2019-02-16T10:34:00+01:00","stageTimeDurationMs":606800,"stageTimeDuration":"00:10:06.8000000","splitPointTimeId":63533,"splitPointId":1905,"entryId":3565,"elapsedDurationMs":445400,"elapsedDuration":"PT7M25.4S","splitDateTime":"2019-02-16T09:41:25.4","splitDateTimeLocal":"2019-02-16T10:41:25.4+01:00"},{"startDateTime":"2019-02-16T09:36:00","startDateTimeLocal":"2019-02-16T10:36:00+01:00","stageTimeDurationMs":560000,"stageTimeDuration":"00:09:20","splitPointTimeId":63538,"splitPointId":1905,"entryId":3558,"elapsedDurationMs":414800,"elapsedDuration":"PT6M54.8S","splitDateTime":"2019-02-16T09:42:54.8","splitDateTimeLocal":"2019-02-16T10:42:54.8+01:00"},{"startDateTime":"2019-02-16T09:39:00","startDateTimeLocal":"2019-02-16T10:39:00+01:00","stageTimeDurationMs":563400,"stageTimeDuration":"00:09:23.4000000","splitPointTimeId":63552,"splitPointId":1905,"entryId":3564,"elapsedDurationMs":417700,"elapsedDuration":"PT6M57.7S","splitDateTime":"2019-02-16T09:45:57.7","splitDateTimeLocal":"2019-02-16T10:45:57.7+01:00"},{"startDateTime":"2019-02-16T09:40:00","startDateTimeLocal":"2019-02-16T10:40:00+01:00","stageTimeDurationMs":574600,"stageTimeDuration":"00:09:34.6000000","splitPointTimeId":63566,"splitPointId":1905,"entryId":3570,"elapsedDurationMs":426300,"elapsedDuration":"PT7M6.3S","splitDateTime":"2019-02-16T09:47:06.3","splitDateTimeLocal":"2019-02-16T10:47:06.3+01:00"},{"startDateTime":"2019-02-16T09:38:00","startDateTimeLocal":"2019-02-16T10:38:00+01:00","stageTimeDurationMs":742300,"stageTimeDuration":"00:12:22.3000000","splitPointTimeId":63568,"splitPointId":1905,"entryId":3568,"elapsedDurationMs":592300,"elapsedDuration":"PT9M52.3S","splitDateTime":"2019-02-16T09:47:52.3","splitDateTimeLocal":"2019-02-16T10:47:52.3+01:00"},{"startDateTime":"2019-02-16T09:43:00","startDateTimeLocal":"2019-02-16T10:43:00+01:00","stageTimeDurationMs":565800,"stageTimeDuration":"00:09:25.8000000","splitPointTimeId":63579,"splitPointId":1905,"entryId":3556,"elapsedDurationMs":421600,"elapsedDuration":"PT7M1.6S","splitDateTime":"2019-02-16T09:50:01.6","splitDateTimeLocal":"2019-02-16T10:50:01.6+01:00"},{"startDateTime":"2019-02-16T09:45:00","startDateTimeLocal":"2019-02-16T10:45:00+01:00","stageTimeDurationMs":566600,"stageTimeDuration":"00:09:26.6000000","splitPointTimeId":63588,"splitPointId":1905,"entryId":3586,"elapsedDurationMs":420800,"elapsedDuration":"PT7M0.8S","splitDateTime":"2019-02-16T09:52:00.8","splitDateTimeLocal":"2019-02-16T10:52:00.8+01:00"},{"startDateTime":"2019-02-16T09:41:00","startDateTimeLocal":"2019-02-16T10:41:00+01:00","stageTimeDurationMs":826100,"stageTimeDuration":"00:13:46.1000000","splitPointTimeId":63590,"splitPointId":1905,"entryId":3571,"elapsedDurationMs":675100,"elapsedDuration":"PT11M15.1S","splitDateTime":"2019-02-16T09:52:15.1","splitDateTimeLocal":"2019-02-16T10:52:15.1+01:00"},{"startDateTime":"2019-02-16T09:46:00","startDateTimeLocal":"2019-02-16T10:46:00+01:00","stageTimeDurationMs":558800,"stageTimeDuration":"00:09:18.8000000","splitPointTimeId":63595,"splitPointId":1905,"entryId":3580,"elapsedDurationMs":414400,"elapsedDuration":"PT6M54.4S","splitDateTime":"2019-02-16T09:52:54.4","splitDateTimeLocal":"2019-02-16T10:52:54.4+01:00"},{"startDateTime":"2019-02-16T09:47:00","startDateTimeLocal":"2019-02-16T10:47:00+01:00","stageTimeDurationMs":583300,"stageTimeDuration":"00:09:43.3000000","splitPointTimeId":63602,"splitPointId":1905,"entryId":3569,"elapsedDurationMs":429700,"elapsedDuration":"PT7M9.7S","splitDateTime":"2019-02-16T09:54:09.7","splitDateTimeLocal":"2019-02-16T10:54:09.7+01:00"},{"startDateTime":"2019-02-16T09:48:00","startDateTimeLocal":"2019-02-16T10:48:00+01:00","stageTimeDurationMs":585400,"stageTimeDuration":"00:09:45.4000000","splitPointTimeId":63606,"splitPointId":1905,"entryId":3575,"elapsedDurationMs":435600,"elapsedDuration":"PT7M15.6S","splitDateTime":"2019-02-16T09:55:15.6","splitDateTimeLocal":"2019-02-16T10:55:15.6+01:00"},{"startDateTime":"2019-02-16T09:44:00","startDateTimeLocal":"2019-02-16T10:44:00+01:00","stageTimeDurationMs":845300,"stageTimeDuration":"00:14:05.3000000","splitPointTimeId":63608,"splitPointId":1905,"entryId":3585,"elapsedDurationMs":696700,"elapsedDuration":"PT11M36.7S","splitDateTime":"2019-02-16T09:55:36.7","splitDateTimeLocal":"2019-02-16T10:55:36.7+01:00"},{"startDateTime":"2019-02-16T09:49:00","startDateTimeLocal":"2019-02-16T10:49:00+01:00","stageTimeDurationMs":590900,"stageTimeDuration":"00:09:50.9000000","splitPointTimeId":63612,"splitPointId":1905,"entryId":3574,"elapsedDurationMs":440500,"elapsedDuration":"PT7M20.5S","splitDateTime":"2019-02-16T09:56:20.5","splitDateTimeLocal":"2019-02-16T10:56:20.5+01:00"},{"startDateTime":"2019-02-16T09:50:00","startDateTimeLocal":"2019-02-16T10:50:00+01:00","stageTimeDurationMs":609600,"stageTimeDuration":"00:10:09.6000000","splitPointTimeId":63618,"splitPointId":1905,"entryId":3573,"elapsedDurationMs":454100,"elapsedDuration":"PT7M34.1S","splitDateTime":"2019-02-16T09:57:34.1","splitDateTimeLocal":"2019-02-16T10:57:34.1+01:00"},{"startDateTime":"2019-02-16T09:52:00","startDateTimeLocal":"2019-02-16T10:52:00+01:00","stageTimeDurationMs":595800,"stageTimeDuration":"00:09:55.8000000","splitPointTimeId":63624,"splitPointId":1905,"entryId":3572,"elapsedDurationMs":440500,"elapsedDuration":"PT7M20.5S","splitDateTime":"2019-02-16T09:59:20.5","splitDateTimeLocal":"2019-02-16T10:59:20.5+01:00"},{"startDateTime":"2019-02-16T09:53:00","startDateTimeLocal":"2019-02-16T10:53:00+01:00","stageTimeDurationMs":592400,"stageTimeDuration":"00:09:52.4000000","splitPointTimeId":63626,"splitPointId":1905,"entryId":3587,"elapsedDurationMs":440400,"elapsedDuration":"PT7M20.4S","splitDateTime":"2019-02-16T10:00:20.4","splitDateTimeLocal":"2019-02-16T11:00:20.4+01:00"},{"startDateTime":"2019-02-16T09:54:00","startDateTimeLocal":"2019-02-16T10:54:00+01:00","stageTimeDurationMs":648400,"stageTimeDuration":"00:10:48.4000000","splitPointTimeId":63628,"splitPointId":1905,"entryId":3582,"elapsedDurationMs":431100,"elapsedDuration":"PT7M11.1S","splitDateTime":"2019-02-16T10:01:11.1","splitDateTimeLocal":"2019-02-16T11:01:11.1+01:00"},{"startDateTime":"2019-02-16T08:38:00","startDateTimeLocal":"2019-02-16T09:38:00+01:00","stageTimeDurationMs":511300,"stageTimeDuration":"00:08:31.3000000","splitPointTimeId":63271,"splitPointId":1908,"entryId":3537,"elapsedDurationMs":447800,"elapsedDuration":"PT7M27.8S","splitDateTime":"2019-02-16T08:45:27.8","splitDateTimeLocal":"2019-02-16T09:45:27.8+01:00"},{"startDateTime":"2019-02-16T08:40:00","startDateTimeLocal":"2019-02-16T09:40:00+01:00","stageTimeDurationMs":494900,"stageTimeDuration":"00:08:14.9000000","splitPointTimeId":63281,"splitPointId":1908,"entryId":3526,"elapsedDurationMs":433900,"elapsedDuration":"PT7M13.9S","splitDateTime":"2019-02-16T08:47:13.9","splitDateTimeLocal":"2019-02-16T09:47:13.9+01:00"},{"startDateTime":"2019-02-16T08:42:00","startDateTimeLocal":"2019-02-16T09:42:00+01:00","stageTimeDurationMs":502000,"stageTimeDuration":"00:08:22","splitPointTimeId":63290,"splitPointId":1908,"entryId":3532,"elapsedDurationMs":440300,"elapsedDuration":"PT7M20.3S","splitDateTime":"2019-02-16T08:49:20.3","splitDateTimeLocal":"2019-02-16T09:49:20.3+01:00"},{"startDateTime":"2019-02-16T08:44:00","startDateTimeLocal":"2019-02-16T09:44:00+01:00","stageTimeDurationMs":523500,"stageTimeDuration":"00:08:43.5000000","splitPointTimeId":63300,"splitPointId":1908,"entryId":3536,"elapsedDurationMs":458300,"elapsedDuration":"PT7M38.3S","splitDateTime":"2019-02-16T08:51:38.3","splitDateTimeLocal":"2019-02-16T09:51:38.3+01:00"},{"startDateTime":"2019-02-16T08:46:00","startDateTimeLocal":"2019-02-16T09:46:00+01:00","stageTimeDurationMs":520500,"stageTimeDuration":"00:08:40.5000000","splitPointTimeId":63314,"splitPointId":1908,"entryId":3539,"elapsedDurationMs":455600,"elapsedDuration":"PT7M35.6S","splitDateTime":"2019-02-16T08:53:35.6","splitDateTimeLocal":"2019-02-16T09:53:35.6+01:00"},{"startDateTime":"2019-02-16T08:48:00","startDateTimeLocal":"2019-02-16T09:48:00+01:00","stageTimeDurationMs":504900,"stageTimeDuration":"00:08:24.9000000","splitPointTimeId":63321,"splitPointId":1908,"entryId":3530,"elapsedDurationMs":441700,"elapsedDuration":"PT7M21.7S","splitDateTime":"2019-02-16T08:55:21.7","splitDateTimeLocal":"2019-02-16T09:55:21.7+01:00"},{"startDateTime":"2019-02-16T08:50:00","startDateTimeLocal":"2019-02-16T09:50:00+01:00","stageTimeDurationMs":500300,"stageTimeDuration":"00:08:20.3000000","splitPointTimeId":63330,"splitPointId":1908,"entryId":3529,"elapsedDurationMs":438800,"elapsedDuration":"PT7M18.8S","splitDateTime":"2019-02-16T08:57:18.8","splitDateTimeLocal":"2019-02-16T09:57:18.8+01:00"},{"startDateTime":"2019-02-16T08:52:00","startDateTimeLocal":"2019-02-16T09:52:00+01:00","stageTimeDurationMs":495000,"stageTimeDuration":"00:08:15","splitPointTimeId":63336,"splitPointId":1908,"entryId":3533,"elapsedDurationMs":433700,"elapsedDuration":"PT7M13.7S","splitDateTime":"2019-02-16T08:59:13.7","splitDateTimeLocal":"2019-02-16T09:59:13.7+01:00"},{"startDateTime":"2019-02-16T08:54:00","startDateTimeLocal":"2019-02-16T09:54:00+01:00","stageTimeDurationMs":501000,"stageTimeDuration":"00:08:21","splitPointTimeId":63340,"splitPointId":1908,"entryId":3534,"elapsedDurationMs":438100,"elapsedDuration":"PT7M18.1S","splitDateTime":"2019-02-16T09:01:18.1","splitDateTimeLocal":"2019-02-16T10:01:18.1+01:00"},{"startDateTime":"2019-02-16T08:56:00","startDateTimeLocal":"2019-02-16T09:56:00+01:00","stageTimeDurationMs":500300,"stageTimeDuration":"00:08:20.3000000","splitPointTimeId":63346,"splitPointId":1908,"entryId":3528,"elapsedDurationMs":438000,"elapsedDuration":"PT7M18S","splitDateTime":"2019-02-16T09:03:18","splitDateTimeLocal":"2019-02-16T10:03:18+01:00"},{"startDateTime":"2019-02-16T08:58:00","startDateTimeLocal":"2019-02-16T09:58:00+01:00","stageTimeDurationMs":503800,"stageTimeDuration":"00:08:23.8000000","splitPointTimeId":63349,"splitPointId":1908,"entryId":3535,"elapsedDurationMs":440400,"elapsedDuration":"PT7M20.4S","splitDateTime":"2019-02-16T09:05:20.4","splitDateTimeLocal":"2019-02-16T10:05:20.4+01:00"},{"startDateTime":"2019-02-16T09:00:00","startDateTimeLocal":"2019-02-16T10:00:00+01:00","stageTimeDurationMs":501700,"stageTimeDuration":"00:08:21.7000000","splitPointTimeId":63351,"splitPointId":1908,"entryId":3538,"elapsedDurationMs":438900,"elapsedDuration":"PT7M18.9S","splitDateTime":"2019-02-16T09:07:18.9","splitDateTimeLocal":"2019-02-16T10:07:18.9+01:00"},{"startDateTime":"2019-02-16T09:02:00","startDateTimeLocal":"2019-02-16T10:02:00+01:00","stageTimeDurationMs":502100,"stageTimeDuration":"00:08:22.1000000","splitPointTimeId":63357,"splitPointId":1908,"entryId":3531,"elapsedDurationMs":439500,"elapsedDuration":"PT7M19.5S","splitDateTime":"2019-02-16T09:09:19.5","splitDateTimeLocal":"2019-02-16T10:09:19.5+01:00"},{"startDateTime":"2019-02-16T09:04:00","startDateTimeLocal":"2019-02-16T10:04:00+01:00","stageTimeDurationMs":497300,"stageTimeDuration":"00:08:17.3000000","splitPointTimeId":63362,"splitPointId":1908,"entryId":3527,"elapsedDurationMs":435400,"elapsedDuration":"PT7M15.4S","splitDateTime":"2019-02-16T09:11:15.4","splitDateTimeLocal":"2019-02-16T10:11:15.4+01:00"},{"startDateTime":"2019-02-16T09:05:00","startDateTimeLocal":"2019-02-16T10:05:00+01:00","stageTimeDurationMs":519000,"stageTimeDuration":"00:08:39","splitPointTimeId":63367,"splitPointId":1908,"entryId":3540,"elapsedDurationMs":453900,"elapsedDuration":"PT7M33.9S","splitDateTime":"2019-02-16T09:12:33.9","splitDateTimeLocal":"2019-02-16T10:12:33.9+01:00"},{"startDateTime":"2019-02-16T09:06:00","startDateTimeLocal":"2019-02-16T10:06:00+01:00","stageTimeDurationMs":512400,"stageTimeDuration":"00:08:32.4000000","splitPointTimeId":63370,"splitPointId":1908,"entryId":3541,"elapsedDurationMs":448100,"elapsedDuration":"PT7M28.1S","splitDateTime":"2019-02-16T09:13:28.1","splitDateTimeLocal":"2019-02-16T10:13:28.1+01:00"},{"startDateTime":"2019-02-16T09:07:00","startDateTimeLocal":"2019-02-16T10:07:00+01:00","stageTimeDurationMs":532700,"stageTimeDuration":"00:08:52.7000000","splitPointTimeId":63375,"splitPointId":1908,"entryId":3543,"elapsedDurationMs":466600,"elapsedDuration":"PT7M46.6S","splitDateTime":"2019-02-16T09:14:46.6","splitDateTimeLocal":"2019-02-16T10:14:46.6+01:00"},{"startDateTime":"2019-02-16T09:12:00","startDateTimeLocal":"2019-02-16T10:12:00+01:00","stageTimeDurationMs":512200,"stageTimeDuration":"00:08:32.2000000","splitPointTimeId":63396,"splitPointId":1908,"entryId":3546,"elapsedDurationMs":448200,"elapsedDuration":"PT7M28.2S","splitDateTime":"2019-02-16T09:19:28.2","splitDateTimeLocal":"2019-02-16T10:19:28.2+01:00"},{"startDateTime":"2019-02-16T09:13:00","startDateTimeLocal":"2019-02-16T10:13:00+01:00","stageTimeDurationMs":513000,"stageTimeDuration":"00:08:33","splitPointTimeId":63403,"splitPointId":1908,"entryId":3551,"elapsedDurationMs":448400,"elapsedDuration":"PT7M28.4S","splitDateTime":"2019-02-16T09:20:28.4","splitDateTimeLocal":"2019-02-16T10:20:28.4+01:00"},{"startDateTime":"2019-02-16T09:14:00","startDateTimeLocal":"2019-02-16T10:14:00+01:00","stageTimeDurationMs":514200,"stageTimeDuration":"00:08:34.2000000","splitPointTimeId":63412,"splitPointId":1908,"entryId":3550,"elapsedDurationMs":449200,"elapsedDuration":"PT7M29.2S","splitDateTime":"2019-02-16T09:21:29.2","splitDateTimeLocal":"2019-02-16T10:21:29.2+01:00"},{"startDateTime":"2019-02-16T09:15:00","startDateTimeLocal":"2019-02-16T10:15:00+01:00","stageTimeDurationMs":520200,"stageTimeDuration":"00:08:40.2000000","splitPointTimeId":63416,"splitPointId":1908,"entryId":3552,"elapsedDurationMs":454300,"elapsedDuration":"PT7M34.3S","splitDateTime":"2019-02-16T09:22:34.3","splitDateTimeLocal":"2019-02-16T10:22:34.3+01:00"},{"startDateTime":"2019-02-16T09:16:00","startDateTimeLocal":"2019-02-16T10:16:00+01:00","stageTimeDurationMs":521800,"stageTimeDuration":"00:08:41.8000000","splitPointTimeId":63425,"splitPointId":1908,"entryId":3549,"elapsedDurationMs":456900,"elapsedDuration":"PT7M36.9S","splitDateTime":"2019-02-16T09:23:36.9","splitDateTimeLocal":"2019-02-16T10:23:36.9+01:00"},{"startDateTime":"2019-02-16T09:17:00","startDateTimeLocal":"2019-02-16T10:17:00+01:00","stageTimeDurationMs":525700,"stageTimeDuration":"00:08:45.7000000","splitPointTimeId":63433,"splitPointId":1908,"entryId":3548,"elapsedDurationMs":459700,"elapsedDuration":"PT7M39.7S","splitDateTime":"2019-02-16T09:24:39.7","splitDateTimeLocal":"2019-02-16T10:24:39.7+01:00"},{"startDateTime":"2019-02-16T09:18:00","startDateTimeLocal":"2019-02-16T10:18:00+01:00","stageTimeDurationMs":523300,"stageTimeDuration":"00:08:43.3000000","splitPointTimeId":63438,"splitPointId":1908,"entryId":3562,"elapsedDurationMs":458600,"elapsedDuration":"PT7M38.6S","splitDateTime":"2019-02-16T09:25:38.6","splitDateTimeLocal":"2019-02-16T10:25:38.6+01:00"},{"startDateTime":"2019-02-16T09:19:00","startDateTimeLocal":"2019-02-16T10:19:00+01:00","stageTimeDurationMs":519600,"stageTimeDuration":"00:08:39.6000000","splitPointTimeId":63443,"splitPointId":1908,"entryId":3545,"elapsedDurationMs":453900,"elapsedDuration":"PT7M33.9S","splitDateTime":"2019-02-16T09:26:33.9","splitDateTimeLocal":"2019-02-16T10:26:33.9+01:00"},{"startDateTime":"2019-02-16T09:20:00","startDateTimeLocal":"2019-02-16T10:20:00+01:00","stageTimeDurationMs":528900,"stageTimeDuration":"00:08:48.9000000","splitPointTimeId":63453,"splitPointId":1908,"entryId":3547,"elapsedDurationMs":462100,"elapsedDuration":"PT7M42.1S","splitDateTime":"2019-02-16T09:27:42.1","splitDateTimeLocal":"2019-02-16T10:27:42.1+01:00"},{"startDateTime":"2019-02-16T09:21:00","startDateTimeLocal":"2019-02-16T10:21:00+01:00","stageTimeDurationMs":526800,"stageTimeDuration":"00:08:46.8000000","splitPointTimeId":63459,"splitPointId":1908,"entryId":3554,"elapsedDurationMs":464200,"elapsedDuration":"PT7M44.2S","splitDateTime":"2019-02-16T09:28:44.2","splitDateTimeLocal":"2019-02-16T10:28:44.2+01:00"},{"startDateTime":"2019-02-16T09:22:00","startDateTimeLocal":"2019-02-16T10:22:00+01:00","stageTimeDurationMs":531200,"stageTimeDuration":"00:08:51.2000000","splitPointTimeId":63465,"splitPointId":1908,"entryId":3555,"elapsedDurationMs":463800,"elapsedDuration":"PT7M43.8S","splitDateTime":"2019-02-16T09:29:43.8","splitDateTimeLocal":"2019-02-16T10:29:43.8+01:00"},{"startDateTime":"2019-02-16T09:23:00","startDateTimeLocal":"2019-02-16T10:23:00+01:00","stageTimeDurationMs":539100,"stageTimeDuration":"00:08:59.1000000","splitPointTimeId":63475,"splitPointId":1908,"entryId":3559,"elapsedDurationMs":471900,"elapsedDuration":"PT7M51.9S","splitDateTime":"2019-02-16T09:30:51.9","splitDateTimeLocal":"2019-02-16T10:30:51.9+01:00"},{"startDateTime":"2019-02-16T09:24:00","startDateTimeLocal":"2019-02-16T10:24:00+01:00","stageTimeDurationMs":551800,"stageTimeDuration":"00:09:11.8000000","splitPointTimeId":63482,"splitPointId":1908,"entryId":3581,"elapsedDurationMs":481800,"elapsedDuration":"PT8M1.8S","splitDateTime":"2019-02-16T09:32:01.8","splitDateTimeLocal":"2019-02-16T10:32:01.8+01:00"},{"startDateTime":"2019-02-16T09:25:00","startDateTimeLocal":"2019-02-16T10:25:00+01:00","stageTimeDurationMs":552200,"stageTimeDuration":"00:09:12.2000000","splitPointTimeId":63489,"splitPointId":1908,"entryId":3561,"elapsedDurationMs":483700,"elapsedDuration":"PT8M3.7S","splitDateTime":"2019-02-16T09:33:03.7","splitDateTimeLocal":"2019-02-16T10:33:03.7+01:00"},{"startDateTime":"2019-02-16T09:26:00","startDateTimeLocal":"2019-02-16T10:26:00+01:00","stageTimeDurationMs":562200,"stageTimeDuration":"00:09:22.2000000","splitPointTimeId":63495,"splitPointId":1908,"entryId":3563,"elapsedDurationMs":492500,"elapsedDuration":"PT8M12.5S","splitDateTime":"2019-02-16T09:34:12.5","splitDateTimeLocal":"2019-02-16T10:34:12.5+01:00"},{"startDateTime":"2019-02-16T09:27:00","startDateTimeLocal":"2019-02-16T10:27:00+01:00","stageTimeDurationMs":536500,"stageTimeDuration":"00:08:56.5000000","splitPointTimeId":63498,"splitPointId":1908,"entryId":3576,"elapsedDurationMs":469600,"elapsedDuration":"PT7M49.6S","splitDateTime":"2019-02-16T09:34:49.6","splitDateTimeLocal":"2019-02-16T10:34:49.6+01:00"},{"startDateTime":"2019-02-16T09:28:00","startDateTimeLocal":"2019-02-16T10:28:00+01:00","stageTimeDurationMs":549400,"stageTimeDuration":"00:09:09.4000000","splitPointTimeId":63503,"splitPointId":1908,"entryId":3560,"elapsedDurationMs":479100,"elapsedDuration":"PT7M59.1S","splitDateTime":"2019-02-16T09:35:59.1","splitDateTimeLocal":"2019-02-16T10:35:59.1+01:00"},{"startDateTime":"2019-02-16T09:29:00","startDateTimeLocal":"2019-02-16T10:29:00+01:00","stageTimeDurationMs":567100,"stageTimeDuration":"00:09:27.1000000","splitPointTimeId":63511,"splitPointId":1908,"entryId":3566,"elapsedDurationMs":495300,"elapsedDuration":"PT8M15.3S","splitDateTime":"2019-02-16T09:37:15.3","splitDateTimeLocal":"2019-02-16T10:37:15.3+01:00"},{"startDateTime":"2019-02-16T09:30:00","startDateTimeLocal":"2019-02-16T10:30:00+01:00","stageTimeDurationMs":555400,"stageTimeDuration":"00:09:15.4000000","splitPointTimeId":63517,"splitPointId":1908,"entryId":3584,"elapsedDurationMs":485400,"elapsedDuration":"PT8M5.4S","splitDateTime":"2019-02-16T09:38:05.4","splitDateTimeLocal":"2019-02-16T10:38:05.4+01:00"},{"startDateTime":"2019-02-16T09:31:00","startDateTimeLocal":"2019-02-16T10:31:00+01:00","stageTimeDurationMs":541500,"stageTimeDuration":"00:09:01.5000000","splitPointTimeId":63521,"splitPointId":1908,"entryId":3578,"elapsedDurationMs":474000,"elapsedDuration":"PT7M54S","splitDateTime":"2019-02-16T09:38:54","splitDateTimeLocal":"2019-02-16T10:38:54+01:00"},{"startDateTime":"2019-02-16T09:34:00","startDateTimeLocal":"2019-02-16T10:34:00+01:00","stageTimeDurationMs":606800,"stageTimeDuration":"00:10:06.8000000","splitPointTimeId":63537,"splitPointId":1908,"entryId":3565,"elapsedDurationMs":528500,"elapsedDuration":"PT8M48.5S","splitDateTime":"2019-02-16T09:42:48.5","splitDateTimeLocal":"2019-02-16T10:42:48.5+01:00"},{"startDateTime":"2019-02-16T09:35:00","startDateTimeLocal":"2019-02-16T10:35:00+01:00","stageTimeDurationMs":577400,"stageTimeDuration":"00:09:37.4000000","splitPointTimeId":63544,"splitPointId":1908,"entryId":3567,"elapsedDurationMs":503900,"elapsedDuration":"PT8M23.9S","splitDateTime":"2019-02-16T09:43:23.9","splitDateTimeLocal":"2019-02-16T10:43:23.9+01:00"},{"startDateTime":"2019-02-16T09:36:00","startDateTimeLocal":"2019-02-16T10:36:00+01:00","stageTimeDurationMs":560000,"stageTimeDuration":"00:09:20","splitPointTimeId":63548,"splitPointId":1908,"entryId":3558,"elapsedDurationMs":490000,"elapsedDuration":"PT8M10S","splitDateTime":"2019-02-16T09:44:10","splitDateTimeLocal":"2019-02-16T10:44:10+01:00"},{"startDateTime":"2019-02-16T09:39:00","startDateTimeLocal":"2019-02-16T10:39:00+01:00","stageTimeDurationMs":563400,"stageTimeDuration":"00:09:23.4000000","splitPointTimeId":63565,"splitPointId":1908,"entryId":3564,"elapsedDurationMs":491900,"elapsedDuration":"PT8M11.9S","splitDateTime":"2019-02-16T09:47:11.9","splitDateTimeLocal":"2019-02-16T10:47:11.9+01:00"},{"startDateTime":"2019-02-16T09:40:00","startDateTimeLocal":"2019-02-16T10:40:00+01:00","stageTimeDurationMs":574600,"stageTimeDuration":"00:09:34.6000000","splitPointTimeId":63570,"splitPointId":1908,"entryId":3570,"elapsedDurationMs":501000,"elapsedDuration":"PT8M21S","splitDateTime":"2019-02-16T09:48:21","splitDateTimeLocal":"2019-02-16T10:48:21+01:00"},{"startDateTime":"2019-02-16T09:38:00","startDateTimeLocal":"2019-02-16T10:38:00+01:00","stageTimeDurationMs":742300,"stageTimeDuration":"00:12:22.3000000","splitPointTimeId":63576,"splitPointId":1908,"entryId":3568,"elapsedDurationMs":668600,"elapsedDuration":"PT11M8.6S","splitDateTime":"2019-02-16T09:49:08.6","splitDateTimeLocal":"2019-02-16T10:49:08.6+01:00"},{"startDateTime":"2019-02-16T09:43:00","startDateTimeLocal":"2019-02-16T10:43:00+01:00","stageTimeDurationMs":565800,"stageTimeDuration":"00:09:25.8000000","splitPointTimeId":63584,"splitPointId":1908,"entryId":3556,"elapsedDurationMs":495600,"elapsedDuration":"PT8M15.6S","splitDateTime":"2019-02-16T09:51:15.6","splitDateTimeLocal":"2019-02-16T10:51:15.6+01:00"},{"startDateTime":"2019-02-16T09:41:00","startDateTimeLocal":"2019-02-16T10:41:00+01:00","stageTimeDurationMs":826100,"stageTimeDuration":"00:13:46.1000000","splitPointTimeId":63598,"splitPointId":1908,"entryId":3571,"elapsedDurationMs":752000,"elapsedDuration":"PT12M32S","splitDateTime":"2019-02-16T09:53:32","splitDateTimeLocal":"2019-02-16T10:53:32+01:00"},{"startDateTime":"2019-02-16T09:45:00","startDateTimeLocal":"2019-02-16T10:45:00+01:00","stageTimeDurationMs":566600,"stageTimeDuration":"00:09:26.6000000","splitPointTimeId":63600,"splitPointId":1908,"entryId":3586,"elapsedDurationMs":495600,"elapsedDuration":"PT8M15.6S","splitDateTime":"2019-02-16T09:53:15.6","splitDateTimeLocal":"2019-02-16T10:53:15.6+01:00"},{"startDateTime":"2019-02-16T09:46:00","startDateTimeLocal":"2019-02-16T10:46:00+01:00","stageTimeDurationMs":558800,"stageTimeDuration":"00:09:18.8000000","splitPointTimeId":63601,"splitPointId":1908,"entryId":3580,"elapsedDurationMs":488900,"elapsedDuration":"PT8M8.9S","splitDateTime":"2019-02-16T09:54:08.9","splitDateTimeLocal":"2019-02-16T10:54:08.9+01:00"},{"startDateTime":"2019-02-16T09:47:00","startDateTimeLocal":"2019-02-16T10:47:00+01:00","stageTimeDurationMs":583300,"stageTimeDuration":"00:09:43.3000000","splitPointTimeId":63607,"splitPointId":1908,"entryId":3569,"elapsedDurationMs":507000,"elapsedDuration":"PT8M27S","splitDateTime":"2019-02-16T09:55:27","splitDateTimeLocal":"2019-02-16T10:55:27+01:00"},{"startDateTime":"2019-02-16T09:48:00","startDateTimeLocal":"2019-02-16T10:48:00+01:00","stageTimeDurationMs":585400,"stageTimeDuration":"00:09:45.4000000","splitPointTimeId":63614,"splitPointId":1908,"entryId":3575,"elapsedDurationMs":511900,"elapsedDuration":"PT8M31.9S","splitDateTime":"2019-02-16T09:56:31.9","splitDateTimeLocal":"2019-02-16T10:56:31.9+01:00"},{"startDateTime":"2019-02-16T09:44:00","startDateTimeLocal":"2019-02-16T10:44:00+01:00","stageTimeDurationMs":845300,"stageTimeDuration":"00:14:05.3000000","splitPointTimeId":63616,"splitPointId":1908,"entryId":3585,"elapsedDurationMs":772600,"elapsedDuration":"PT12M52.6S","splitDateTime":"2019-02-16T09:56:52.6","splitDateTimeLocal":"2019-02-16T10:56:52.6+01:00"},{"startDateTime":"2019-02-16T09:49:00","startDateTimeLocal":"2019-02-16T10:49:00+01:00","stageTimeDurationMs":590900,"stageTimeDuration":"00:09:50.9000000","splitPointTimeId":63620,"splitPointId":1908,"entryId":3574,"elapsedDurationMs":517600,"elapsedDuration":"PT8M37.6S","splitDateTime":"2019-02-16T09:57:37.6","splitDateTimeLocal":"2019-02-16T10:57:37.6+01:00"},{"startDateTime":"2019-02-16T09:50:00","startDateTimeLocal":"2019-02-16T10:50:00+01:00","stageTimeDurationMs":609600,"stageTimeDuration":"00:10:09.6000000","splitPointTimeId":63623,"splitPointId":1908,"entryId":3573,"elapsedDurationMs":533100,"elapsedDuration":"PT8M53.1S","splitDateTime":"2019-02-16T09:58:53.1","splitDateTimeLocal":"2019-02-16T10:58:53.1+01:00"},{"startDateTime":"2019-02-16T09:52:00","startDateTimeLocal":"2019-02-16T10:52:00+01:00","stageTimeDurationMs":595800,"stageTimeDuration":"00:09:55.8000000","splitPointTimeId":63627,"splitPointId":1908,"entryId":3572,"elapsedDurationMs":520500,"elapsedDuration":"PT8M40.5S","splitDateTime":"2019-02-16T10:00:40.5","splitDateTimeLocal":"2019-02-16T11:00:40.5+01:00"},{"startDateTime":"2019-02-16T09:53:00","startDateTimeLocal":"2019-02-16T10:53:00+01:00","stageTimeDurationMs":592400,"stageTimeDuration":"00:09:52.4000000","splitPointTimeId":63629,"splitPointId":1908,"entryId":3587,"elapsedDurationMs":518400,"elapsedDuration":"PT8M38.4S","splitDateTime":"2019-02-16T10:01:38.4","splitDateTimeLocal":"2019-02-16T11:01:38.4+01:00"},{"startDateTime":"2019-02-16T09:54:00","startDateTimeLocal":"2019-02-16T10:54:00+01:00","stageTimeDurationMs":648400,"stageTimeDuration":"00:10:48.4000000","splitPointTimeId":63630,"splitPointId":1908,"entryId":3582,"elapsedDurationMs":508100,"elapsedDuration":"PT8M28.1S","splitDateTime":"2019-02-16T10:02:28.1","splitDateTimeLocal":"2019-02-16T11:02:28.1+01:00"}]