[{"entryId":20612,"stageTimeMs":9329300,"stageTime":"PT2H35M29.3S","penaltyTimeMs":0,"penaltyTime":"PT0S","totalTimeMs":9329300,"totalTime":"PT2H35M29.3S","position":1,"diffFirstMs":0,"diffFirst":"PT0S","diffPrevMs":0,"diffPrev":"PT0S"},{"entryId":20609,"stageTimeMs":9351500,"stageTime":"PT2H35M51.5S","penaltyTimeMs":0,"penaltyTime":"PT0S","totalTimeMs":9351500,"totalTime":"PT2H35M51.5S","position":2,"diffFirstMs":22200,"diffFirst":"PT22.2S","diffPrevMs":22200,"diffPrev":"PT22.2S"},{"entryId":20610,"stageTimeMs":9355000,"stageTime":"PT2H35M55S","penaltyTimeMs":0,"penaltyTime":"PT0S","totalTimeMs":9355000,"totalTime":"PT2H35M55S","position":3,"diffFirstMs":25700,"diffFirst":"PT25.7S","diffPrevMs":3500,"diffPrev":"PT3.5S"},{"entryId":20613,"stageTimeMs":9363100,"stageTime":"PT2H36M3.1S","penaltyTimeMs":0,"penaltyTime":"PT0S","totalTimeMs":9363100,"totalTime":"PT2H36M3.1S","position":4,"diffFirstMs":33800,"diffFirst":"PT33.8S","diffPrevMs":8100,"diffPrev":"PT8.1S"},{"entryId":20611,"stageTimeMs":9381800,"stageTime":"PT2H36M21.8S","penaltyTimeMs":0,"penaltyTime":"PT0S","totalTimeMs":9381800,"totalTime":"PT2H36M21.8S","position":5,"diffFirstMs":52500,"diffFirst":"PT52.5S","diffPrevMs":18700,"diffPrev":"PT18.7S"},{"entryId":20614,"stageTimeMs":9400200,"stageTime":"PT2H36M40.2S","penaltyTimeMs":0,"penaltyTime":"PT0S","totalTimeMs":9400200,"totalTime":"PT2H36M40.2S","position":6,"diffFirstMs":70900,"diffFirst":"PT1M10.9S","diffPrevMs":18400,"diffPrev":"PT18.4S"},{"entryId":20606,"stageTimeMs":9419900,"stageTime":"PT2H36M59.9S","penaltyTimeMs":0,"penaltyTime":"PT0S","totalTimeMs":9419900,"totalTime":"PT2H36M59.9S","position":7,"diffFirstMs":90600,"diffFirst":"PT1M30.6S","diffPrevMs":19700,"diffPrev":"PT19.7S"},{"entryId":20605,"stageTimeMs":9582300,"stageTime":"PT2H39M42.3S","penaltyTimeMs":0,"penaltyTime":"PT0S","totalTimeMs":9582300,"totalTime":"PT2H39M42.3S","position":8,"diffFirstMs":253000,"diffFirst":"PT4M13S","diffPrevMs":162400,"diffPrev":"PT2M42.4S"},{"entryId":20618,"stageTimeMs":9750300,"stageTime":"PT2H42M30.3S","penaltyTimeMs":0,"penaltyTime":"PT0S","totalTimeMs":9750300,"totalTime":"PT2H42M30.3S","position":9,"diffFirstMs":421000,"diffFirst":"PT7M1S","diffPrevMs":168000,"diffPrev":"PT2M48S"},{"entryId":20635,"stageTimeMs":9753300,"stageTime":"PT2H42M33.3S","penaltyTimeMs":0,"penaltyTime":"PT0S","totalTimeMs":9753300,"totalTime":"PT2H42M33.3S","position":10,"diffFirstMs":424000,"diffFirst":"PT7M4S","diffPrevMs":3000,"diffPrev":"PT3S"},{"entryId":20619,"stageTimeMs":9791300,"stageTime":"PT2H43M11.3S","penaltyTimeMs":0,"penaltyTime":"PT0S","totalTimeMs":9791300,"totalTime":"PT2H43M11.3S","position":11,"diffFirstMs":462000,"diffFirst":"PT7M42S","diffPrevMs":38000,"diffPrev":"PT38S"},{"entryId":20616,"stageTimeMs":9805400,"stageTime":"PT2H43M25.4S","penaltyTimeMs":0,"penaltyTime":"PT0S","totalTimeMs":9805400,"totalTime":"PT2H43M25.4S","position":12,"diffFirstMs":476100,"diffFirst":"PT7M56.1S","diffPrevMs":14100,"diffPrev":"PT14.1S"},{"entryId":20620,"stageTimeMs":9821600,"stageTime":"PT2H43M41.6S","penaltyTimeMs":0,"penaltyTime":"PT0S","totalTimeMs":9821600,"totalTime":"PT2H43M41.6S","position":13,"diffFirstMs":492300,"diffFirst":"PT8M12.3S","diffPrevMs":16200,"diffPrev":"PT16.2S"},{"entryId":20622,"stageTimeMs":9837300,"stageTime":"PT2H43M57.3S","penaltyTimeMs":0,"penaltyTime":"PT0S","totalTimeMs":9837300,"totalTime":"PT2H43M57.3S","position":14,"diffFirstMs":508000,"diffFirst":"PT8M28S","diffPrevMs":15700,"diffPrev":"PT15.7S"},{"entryId":20632,"stageTimeMs":9844300,"stageTime":"PT2H44M4.3S","penaltyTimeMs":0,"penaltyTime":"PT0S","totalTimeMs":9844300,"totalTime":"PT2H44M4.3S","position":15,"diffFirstMs":515000,"diffFirst":"PT8M35S","diffPrevMs":7000,"diffPrev":"PT7S"},{"entryId":20617,"stageTimeMs":9924600,"stageTime":"PT2H45M24.6S","penaltyTimeMs":0,"penaltyTime":"PT0S","totalTimeMs":9924600,"totalTime":"PT2H45M24.6S","position":16,"diffFirstMs":595300,"diffFirst":"PT9M55.3S","diffPrevMs":80300,"diffPrev":"PT1M20.3S"},{"entryId":20626,"stageTimeMs":9940400,"stageTime":"PT2H45M40.4S","penaltyTimeMs":0,"penaltyTime":"PT0S","totalTimeMs":9940400,"totalTime":"PT2H45M40.4S","position":17,"diffFirstMs":611100,"diffFirst":"PT10M11.1S","diffPrevMs":15800,"diffPrev":"PT15.8S"},{"entryId":20637,"stageTimeMs":9953600,"stageTime":"PT2H45M53.6S","penaltyTimeMs":0,"penaltyTime":"PT0S","totalTimeMs":9953600,"totalTime":"PT2H45M53.6S","position":18,"diffFirstMs":624300,"diffFirst":"PT10M24.3S","diffPrevMs":13200,"diffPrev":"PT13.2S"},{"entryId":20625,"stageTimeMs":9959000,"stageTime":"PT2H45M59S","penaltyTimeMs":0,"penaltyTime":"PT0S","totalTimeMs":9959000,"totalTime":"PT2H45M59S","position":19,"diffFirstMs":629700,"diffFirst":"PT10M29.7S","diffPrevMs":5400,"diffPrev":"PT5.4S"},{"entryId":20638,"stageTimeMs":9974600,"stageTime":"PT2H46M14.6S","penaltyTimeMs":120000,"penaltyTime":"PT2M","totalTimeMs":10094600,"totalTime":"PT2H48M14.6S","position":20,"diffFirstMs":765300,"diffFirst":"PT12M45.3S","diffPrevMs":135600,"diffPrev":"PT2M15.6S"},{"entryId":20633,"stageTimeMs":10099600,"stageTime":"PT2H48M19.6S","penaltyTimeMs":0,"penaltyTime":"PT0S","totalTimeMs":10099600,"totalTime":"PT2H48M19.6S","position":21,"diffFirstMs":770300,"diffFirst":"PT12M50.3S","diffPrevMs":5000,"diffPrev":"PT5S"},{"entryId":20636,"stageTimeMs":10236600,"stageTime":"PT2H50M36.6S","penaltyTimeMs":0,"penaltyTime":"PT0S","totalTimeMs":10236600,"totalTime":"PT2H50M36.6S","position":22,"diffFirstMs":907300,"diffFirst":"PT15M7.3S","diffPrevMs":137000,"diffPrev":"PT2M17S"},{"entryId":20623,"stageTimeMs":10445000,"stageTime":"PT2H54M5S","penaltyTimeMs":0,"penaltyTime":"PT0S","totalTimeMs":10445000,"totalTime":"PT2H54M5S","position":23,"diffFirstMs":1115700,"diffFirst":"PT18M35.7S","diffPrevMs":208400,"diffPrev":"PT3M28.4S"},{"entryId":20639,"stageTimeMs":10550300,"stageTime":"PT2H55M50.3S","penaltyTimeMs":0,"penaltyTime":"PT0S","totalTimeMs":10550300,"totalTime":"PT2H55M50.3S","position":24,"diffFirstMs":1221000,"diffFirst":"PT20M21S","diffPrevMs":105300,"diffPrev":"PT1M45.3S"},{"entryId":20634,"stageTimeMs":10866400,"stageTime":"PT3H1M6.4S","penaltyTimeMs":0,"penaltyTime":"PT0S","totalTimeMs":10866400,"totalTime":"PT3H1M6.4S","position":25,"diffFirstMs":1537100,"diffFirst":"PT25M37.1S","diffPrevMs":316100,"diffPrev":"PT5M16.1S"},{"entryId":20647,"stageTimeMs":11138400,"stageTime":"PT3H5M38.4S","penaltyTimeMs":0,"penaltyTime":"PT0S","totalTimeMs":11138400,"totalTime":"PT3H5M38.4S","position":26,"diffFirstMs":1809100,"diffFirst":"PT30M9.1S","diffPrevMs":272000,"diffPrev":"PT4M32S"},{"entryId":20650,"stageTimeMs":11245800,"stageTime":"PT3H7M25.8S","penaltyTimeMs":0,"penaltyTime":"PT0S","totalTimeMs":11245800,"totalTime":"PT3H7M25.8S","position":27,"diffFirstMs":1916500,"diffFirst":"PT31M56.5S","diffPrevMs":107400,"diffPrev":"PT1M47.4S"},{"entryId":20660,"stageTimeMs":11252400,"stageTime":"PT3H7M32.4S","penaltyTimeMs":0,"penaltyTime":"PT0S","totalTimeMs":11252400,"totalTime":"PT3H7M32.4S","position":28,"diffFirstMs":1923100,"diffFirst":"PT32M3.1S","diffPrevMs":6600,"diffPrev":"PT6.6S"},{"entryId":20659,"stageTimeMs":11299200,"stageTime":"PT3H8M19.2S","penaltyTimeMs":170000,"penaltyTime":"PT2M50S","totalTimeMs":11469200,"totalTime":"PT3H11M9.2S","position":29,"diffFirstMs":2139900,"diffFirst":"PT35M39.9S","diffPrevMs":216800,"diffPrev":"PT3M36.8S"},{"entryId":20643,"stageTimeMs":11481800,"stageTime":"PT3H11M21.8S","penaltyTimeMs":10000,"penaltyTime":"PT10S","totalTimeMs":11491800,"totalTime":"PT3H11M31.8S","position":30,"diffFirstMs":2162500,"diffFirst":"PT36M2.5S","diffPrevMs":22600,"diffPrev":"PT22.6S"},{"entryId":20642,"stageTimeMs":11579400,"stageTime":"PT3H12M59.4S","penaltyTimeMs":0,"penaltyTime":"PT0S","totalTimeMs":11579400,"totalTime":"PT3H12M59.4S","position":31,"diffFirstMs":2250100,"diffFirst":"PT37M30.1S","diffPrevMs":87600,"diffPrev":"PT1M27.6S"},{"entryId":20648,"stageTimeMs":11743200,"stageTime":"PT3H15M43.2S","penaltyTimeMs":0,"penaltyTime":"PT0S","totalTimeMs":11743200,"totalTime":"PT3H15M43.2S","position":32,"diffFirstMs":2413900,"diffFirst":"PT40M13.9S","diffPrevMs":163800,"diffPrev":"PT2M43.8S"},{"entryId":20608,"stageTimeMs":11857900,"stageTime":"PT3H17M37.9S","penaltyTimeMs":0,"penaltyTime":"PT0S","totalTimeMs":11857900,"totalTime":"PT3H17M37.9S","position":33,"diffFirstMs":2528600,"diffFirst":"PT42M8.6S","diffPrevMs":114700,"diffPrev":"PT1M54.7S"},{"entryId":20652,"stageTimeMs":11870100,"stageTime":"PT3H17M50.1S","penaltyTimeMs":0,"penaltyTime":"PT0S","totalTimeMs":11870100,"totalTime":"PT3H17M50.1S","position":34,"diffFirstMs":2540800,"diffFirst":"PT42M20.8S","diffPrevMs":12200,"diffPrev":"PT12.2S"},{"entryId":20629,"stageTimeMs":11894300,"stageTime":"PT3H18M14.3S","penaltyTimeMs":0,"penaltyTime":"PT0S","totalTimeMs":11894300,"totalTime":"PT3H18M14.3S","position":35,"diffFirstMs":2565000,"diffFirst":"PT42M45S","diffPrevMs":24200,"diffPrev":"PT24.2S"},{"entryId":20663,"stageTimeMs":11895600,"stageTime":"PT3H18M15.6S","penaltyTimeMs":0,"penaltyTime":"PT0S","totalTimeMs":11895600,"totalTime":"PT3H18M15.6S","position":36,"diffFirstMs":2566300,"diffFirst":"PT42M46.3S","diffPrevMs":1300,"diffPrev":"PT1.3S"},{"entryId":20667,"stageTimeMs":12016000,"stageTime":"PT3H20M16S","penaltyTimeMs":10000,"penaltyTime":"PT10S","totalTimeMs":12026000,"totalTime":"PT3H20M26S","position":37,"diffFirstMs":2696700,"diffFirst":"PT44M56.7S","diffPrevMs":130400,"diffPrev":"PT2M10.4S"},{"entryId":20661,"stageTimeMs":12035000,"stageTime":"PT3H20M35S","penaltyTimeMs":20000,"penaltyTime":"PT20S","totalTimeMs":12055000,"totalTime":"PT3H20M55S","position":38,"diffFirstMs":2725700,"diffFirst":"PT45M25.7S","diffPrevMs":29000,"diffPrev":"PT29S"},{"entryId":20665,"stageTimeMs":12098100,"stageTime":"PT3H21M38.1S","penaltyTimeMs":0,"penaltyTime":"PT0S","totalTimeMs":12098100,"totalTime":"PT3H21M38.1S","position":39,"diffFirstMs":2768800,"diffFirst":"PT46M8.8S","diffPrevMs":43100,"diffPrev":"PT43.1S"},{"entryId":20664,"stageTimeMs":12359600,"stageTime":"PT3H25M59.6S","penaltyTimeMs":0,"penaltyTime":"PT0S","totalTimeMs":12359600,"totalTime":"PT3H25M59.6S","position":40,"diffFirstMs":3030300,"diffFirst":"PT50M30.3S","diffPrevMs":261500,"diffPrev":"PT4M21.5S"},{"entryId":20615,"stageTimeMs":10665800,"stageTime":"PT2H57M45.8S","penaltyTimeMs":1980000,"penaltyTime":"PT33M","totalTimeMs":12645800,"totalTime":"PT3H30M45.8S","position":41,"diffFirstMs":3316500,"diffFirst":"PT55M16.5S","diffPrevMs":286200,"diffPrev":"PT4M46.2S"},{"entryId":20641,"stageTimeMs":12861100,"stageTime":"PT3H34M21.1S","penaltyTimeMs":10000,"penaltyTime":"PT10S","totalTimeMs":12871100,"totalTime":"PT3H34M31.1S","position":42,"diffFirstMs":3541800,"diffFirst":"PT59M1.8S","diffPrevMs":225300,"diffPrev":"PT3M45.3S"},{"entryId":20668,"stageTimeMs":13647700,"stageTime":"PT3H47M27.7S","penaltyTimeMs":0,"penaltyTime":"PT0S","totalTimeMs":13647700,"totalTime":"PT3H47M27.7S","position":43,"diffFirstMs":4318400,"diffFirst":"PT1H11M58.4S","diffPrevMs":776600,"diffPrev":"PT12M56.6S"},{"entryId":20640,"stageTimeMs":14158400,"stageTime":"PT3H55M58.4S","penaltyTimeMs":20000,"penaltyTime":"PT20S","totalTimeMs":14178400,"totalTime":"PT3H56M18.4S","position":44,"diffFirstMs":4849100,"diffFirst":"PT1H20M49.1S","diffPrevMs":530700,"diffPrev":"PT8M50.7S"}]