[{"stageTimeId":73631,"stageId":1223,"entryId":19873,"elapsedDurationMs":294084,"elapsedDuration":"00:04:54.0840000","status":"Completed","source":"Default","position":1,"diffFirstMs":0,"diffFirst":"00:00:00","diffPrevMs":0,"diffPrev":"00:00:00"},{"stageTimeId":73428,"stageId":1223,"entryId":19863,"elapsedDurationMs":296128,"elapsedDuration":"00:04:56.1280000","status":"Completed","source":"Default","position":2,"diffFirstMs":2044,"diffFirst":"00:00:02.0440000","diffPrevMs":2044,"diffPrev":"00:00:02.0440000"},{"stageTimeId":73636,"stageId":1223,"entryId":19870,"elapsedDurationMs":298149,"elapsedDuration":"00:04:58.1490000","status":"Completed","source":"Default","position":3,"diffFirstMs":4065,"diffFirst":"00:00:04.0650000","diffPrevMs":2021,"diffPrev":"00:00:02.0210000"},{"stageTimeId":73607,"stageId":1223,"entryId":19869,"elapsedDurationMs":298769,"elapsedDuration":"00:04:58.7690000","status":"Completed","source":"Default","position":4,"diffFirstMs":4685,"diffFirst":"00:00:04.6850000","diffPrevMs":620,"diffPrev":"00:00:00.6200000"},{"stageTimeId":73627,"stageId":1223,"entryId":19871,"elapsedDurationMs":300874,"elapsedDuration":"00:05:00.8740000","status":"Completed","source":"Default","position":5,"diffFirstMs":6790,"diffFirst":"00:00:06.7900000","diffPrevMs":2105,"diffPrev":"00:00:02.1050000"},{"stageTimeId":73639,"stageId":1223,"entryId":19865,"elapsedDurationMs":301125,"elapsedDuration":"00:05:01.1250000","status":"Completed","source":"Default","position":6,"diffFirstMs":7041,"diffFirst":"00:00:07.0410000","diffPrevMs":251,"diffPrev":"00:00:00.2510000"},{"stageTimeId":73595,"stageId":1223,"entryId":19864,"elapsedDurationMs":301400,"elapsedDuration":"00:05:01.4000000","status":"Completed","source":"Default","position":7,"diffFirstMs":7316,"diffFirst":"00:00:07.3160000","diffPrevMs":275,"diffPrev":"00:00:00.2750000"},{"stageTimeId":73643,"stageId":1223,"entryId":19866,"elapsedDurationMs":305561,"elapsedDuration":"00:05:05.5610000","status":"Completed","source":"Default","position":8,"diffFirstMs":11477,"diffFirst":"00:00:11.4770000","diffPrevMs":4161,"diffPrev":"00:00:04.1610000"},{"stageTimeId":73563,"stageId":1223,"entryId":19867,"elapsedDurationMs":310052,"elapsedDuration":"00:05:10.0520000","status":"Completed","source":"Default","position":9,"diffFirstMs":15968,"diffFirst":"00:00:15.9680000","diffPrevMs":4491,"diffPrev":"00:00:04.4910000"},{"stageTimeId":73547,"stageId":1223,"entryId":19874,"elapsedDurationMs":312689,"elapsedDuration":"00:05:12.6890000","status":"Completed","source":"Default","position":10,"diffFirstMs":18605,"diffFirst":"00:00:18.6050000","diffPrevMs":2637,"diffPrev":"00:00:02.6370000"},{"stageTimeId":73578,"stageId":1223,"entryId":19884,"elapsedDurationMs":317276,"elapsedDuration":"00:05:17.2760000","status":"Completed","source":"Default","position":11,"diffFirstMs":23192,"diffFirst":"00:00:23.1920000","diffPrevMs":4587,"diffPrev":"00:00:04.5870000"},{"stageTimeId":73555,"stageId":1223,"entryId":19875,"elapsedDurationMs":320326,"elapsedDuration":"00:05:20.3260000","status":"Completed","source":"Default","position":12,"diffFirstMs":26242,"diffFirst":"00:00:26.2420000","diffPrevMs":3050,"diffPrev":"00:00:03.0500000"},{"stageTimeId":73422,"stageId":1223,"entryId":19881,"elapsedDurationMs":321289,"elapsedDuration":"00:05:21.2890000","status":"Completed","source":"Default","position":13,"diffFirstMs":27205,"diffFirst":"00:00:27.2050000","diffPrevMs":963,"diffPrev":"00:00:00.9630000"},{"stageTimeId":73551,"stageId":1223,"entryId":19876,"elapsedDurationMs":323006,"elapsedDuration":"00:05:23.0060000","status":"Completed","source":"Default","position":14,"diffFirstMs":28922,"diffFirst":"00:00:28.9220000","diffPrevMs":1717,"diffPrev":"00:00:01.7170000"},{"stageTimeId":73538,"stageId":1223,"entryId":19911,"elapsedDurationMs":325579,"elapsedDuration":"00:05:25.5790000","status":"Completed","source":"Default","position":15,"diffFirstMs":31495,"diffFirst":"00:00:31.4950000","diffPrevMs":2573,"diffPrev":"00:00:02.5730000"},{"stageTimeId":73537,"stageId":1223,"entryId":19883,"elapsedDurationMs":326749,"elapsedDuration":"00:05:26.7490000","status":"Completed","source":"Default","position":16,"diffFirstMs":32665,"diffFirst":"00:00:32.6650000","diffPrevMs":1170,"diffPrev":"00:00:01.1700000"},{"stageTimeId":73582,"stageId":1223,"entryId":19889,"elapsedDurationMs":328285,"elapsedDuration":"00:05:28.2850000","status":"Completed","source":"Default","position":17,"diffFirstMs":34201,"diffFirst":"00:00:34.2010000","diffPrevMs":1536,"diffPrev":"00:00:01.5360000"},{"stageTimeId":73543,"stageId":1223,"entryId":19877,"elapsedDurationMs":330069,"elapsedDuration":"00:05:30.0690000","status":"Completed","source":"Default","position":18,"diffFirstMs":35985,"diffFirst":"00:00:35.9850000","diffPrevMs":1784,"diffPrev":"00:00:01.7840000"},{"stageTimeId":73529,"stageId":1223,"entryId":19887,"elapsedDurationMs":330133,"elapsedDuration":"00:05:30.1330000","status":"Completed","source":"Default","position":19,"diffFirstMs":36049,"diffFirst":"00:00:36.0490000","diffPrevMs":64,"diffPrev":"00:00:00.0640000"},{"stageTimeId":73574,"stageId":1223,"entryId":19879,"elapsedDurationMs":331096,"elapsedDuration":"00:05:31.0960000","status":"Completed","source":"Default","position":20,"diffFirstMs":37012,"diffFirst":"00:00:37.0120000","diffPrevMs":963,"diffPrev":"00:00:00.9630000"},{"stageTimeId":73590,"stageId":1223,"entryId":19888,"elapsedDurationMs":333323,"elapsedDuration":"00:05:33.3230000","status":"Completed","source":"Default","position":21,"diffFirstMs":39239,"diffFirst":"00:00:39.2390000","diffPrevMs":2227,"diffPrev":"00:00:02.2270000"},{"stageTimeId":73521,"stageId":1223,"entryId":19910,"elapsedDurationMs":335487,"elapsedDuration":"00:05:35.4870000","status":"Completed","source":"Default","position":22,"diffFirstMs":41403,"diffFirst":"00:00:41.4030000","diffPrevMs":2164,"diffPrev":"00:00:02.1640000"},{"stageTimeId":73570,"stageId":1223,"entryId":19912,"elapsedDurationMs":336850,"elapsedDuration":"00:05:36.8500000","status":"Completed","source":"Default","position":23,"diffFirstMs":42766,"diffFirst":"00:00:42.7660000","diffPrevMs":1363,"diffPrev":"00:00:01.3630000"},{"stageTimeId":73586,"stageId":1223,"entryId":19885,"elapsedDurationMs":341528,"elapsedDuration":"00:05:41.5280000","status":"Completed","source":"Default","position":24,"diffFirstMs":47444,"diffFirst":"00:00:47.4440000","diffPrevMs":4678,"diffPrev":"00:00:04.6780000"},{"stageTimeId":73517,"stageId":1223,"entryId":19913,"elapsedDurationMs":344472,"elapsedDuration":"00:05:44.4720000","status":"Completed","source":"Default","position":25,"diffFirstMs":50388,"diffFirst":"00:00:50.3880000","diffPrevMs":2944,"diffPrev":"00:00:02.9440000"},{"stageTimeId":73489,"stageId":1223,"entryId":19907,"elapsedDurationMs":345426,"elapsedDuration":"00:05:45.4260000","status":"Completed","source":"Default","position":26,"diffFirstMs":51342,"diffFirst":"00:00:51.3420000","diffPrevMs":954,"diffPrev":"00:00:00.9540000"},{"stageTimeId":73411,"stageId":1223,"entryId":19892,"elapsedDurationMs":352298,"elapsedDuration":"00:05:52.2980000","status":"Completed","source":"Default","position":27,"diffFirstMs":58214,"diffFirst":"00:00:58.2140000","diffPrevMs":6872,"diffPrev":"00:00:06.8720000"},{"stageTimeId":73414,"stageId":1223,"entryId":19893,"elapsedDurationMs":363834,"elapsedDuration":"00:06:03.8340000","status":"Completed","source":"Default","position":28,"diffFirstMs":69750,"diffFirst":"00:01:09.7500000","diffPrevMs":11536,"diffPrev":"00:00:11.5360000"},{"stageTimeId":73399,"stageId":1223,"entryId":19894,"elapsedDurationMs":364555,"elapsedDuration":"00:06:04.5550000","status":"Completed","source":"Default","position":29,"diffFirstMs":70471,"diffFirst":"00:01:10.4710000","diffPrevMs":721,"diffPrev":"00:00:00.7210000"},{"stageTimeId":73599,"stageId":1223,"entryId":19896,"elapsedDurationMs":366828,"elapsedDuration":"00:06:06.8280000","status":"Completed","source":"Default","position":30,"diffFirstMs":72744,"diffFirst":"00:01:12.7440000","diffPrevMs":2273,"diffPrev":"00:00:02.2730000"},{"stageTimeId":73493,"stageId":1223,"entryId":19945,"elapsedDurationMs":374852,"elapsedDuration":"00:06:14.8520000","status":"Completed","source":"Default","position":31,"diffFirstMs":80768,"diffFirst":"00:01:20.7680000","diffPrevMs":8024,"diffPrev":"00:00:08.0240000"},{"stageTimeId":73407,"stageId":1223,"entryId":19891,"elapsedDurationMs":375542,"elapsedDuration":"00:06:15.5420000","status":"Completed","source":"Default","position":32,"diffFirstMs":81458,"diffFirst":"00:01:21.4580000","diffPrevMs":690,"diffPrev":"00:00:00.6900000"},{"stageTimeId":73501,"stageId":1223,"entryId":19901,"elapsedDurationMs":377702,"elapsedDuration":"00:06:17.7020000","status":"Completed","source":"Default","position":33,"diffFirstMs":83618,"diffFirst":"00:01:23.6180000","diffPrevMs":2160,"diffPrev":"00:00:02.1600000"},{"stageTimeId":73485,"stageId":1223,"entryId":19906,"elapsedDurationMs":382042,"elapsedDuration":"00:06:22.0420000","status":"Completed","source":"Default","position":34,"diffFirstMs":87958,"diffFirst":"00:01:27.9580000","diffPrevMs":4340,"diffPrev":"00:00:04.3400000"},{"stageTimeId":73403,"stageId":1223,"entryId":19899,"elapsedDurationMs":387277,"elapsedDuration":"00:06:27.2770000","status":"Completed","source":"Default","position":35,"diffFirstMs":93193,"diffFirst":"00:01:33.1930000","diffPrevMs":5235,"diffPrev":"00:00:05.2350000"},{"stageTimeId":73427,"stageId":1223,"entryId":19900,"elapsedDurationMs":387794,"elapsedDuration":"00:06:27.7940000","status":"Completed","source":"Default","position":36,"diffFirstMs":93710,"diffFirst":"00:01:33.7100000","diffPrevMs":517,"diffPrev":"00:00:00.5170000"},{"stageTimeId":73512,"stageId":1223,"entryId":19902,"elapsedDurationMs":393252,"elapsedDuration":"00:06:33.2520000","status":"Completed","source":"Default","position":37,"diffFirstMs":99168,"diffFirst":"00:01:39.1680000","diffPrevMs":5458,"diffPrev":"00:00:05.4580000"},{"stageTimeId":73505,"stageId":1223,"entryId":19898,"elapsedDurationMs":394987,"elapsedDuration":"00:06:34.9870000","status":"Completed","source":"Default","position":38,"diffFirstMs":100903,"diffFirst":"00:01:40.9030000","diffPrevMs":1735,"diffPrev":"00:00:01.7350000"},{"stageTimeId":73611,"stageId":1223,"entryId":19895,"elapsedDurationMs":403580,"elapsedDuration":"00:06:43.5800000","status":"Completed","source":"Default","position":39,"diffFirstMs":109496,"diffFirst":"00:01:49.4960000","diffPrevMs":8593,"diffPrev":"00:00:08.5930000"},{"stageTimeId":73513,"stageId":1223,"entryId":19952,"elapsedDurationMs":418388,"elapsedDuration":"00:06:58.3880000","status":"Completed","source":"Default","position":40,"diffFirstMs":124304,"diffFirst":"00:02:04.3040000","diffPrevMs":14808,"diffPrev":"00:00:14.8080000"},{"stageTimeId":73533,"stageId":1223,"entryId":19948,"elapsedDurationMs":421781,"elapsedDuration":"00:07:01.7810000","status":"Completed","source":"Default","position":41,"diffFirstMs":127697,"diffFirst":"00:02:07.6970000","diffPrevMs":3393,"diffPrev":"00:00:03.3930000"},{"stageTimeId":73510,"stageId":1223,"entryId":19949,"elapsedDurationMs":426664,"elapsedDuration":"00:07:06.6640000","status":"Completed","source":"Default","position":42,"diffFirstMs":132580,"diffFirst":"00:02:12.5800000","diffPrevMs":4883,"diffPrev":"00:00:04.8830000"},{"stageTimeId":73559,"stageId":1223,"entryId":19868,"elapsedDurationMs":426880,"elapsedDuration":"00:07:06.8800000","status":"Completed","source":"Default","position":43,"diffFirstMs":132796,"diffFirst":"00:02:12.7960000","diffPrevMs":216,"diffPrev":"00:00:00.2160000"},{"stageTimeId":73453,"stageId":1223,"entryId":19927,"elapsedDurationMs":428205,"elapsedDuration":"00:07:08.2050000","status":"Completed","source":"Default","position":44,"diffFirstMs":134121,"diffFirst":"00:02:14.1210000","diffPrevMs":1325,"diffPrev":"00:00:01.3250000"},{"stageTimeId":73472,"stageId":1223,"entryId":19940,"elapsedDurationMs":455519,"elapsedDuration":"00:07:35.5190000","status":"Completed","source":"Default","position":45,"diffFirstMs":161435,"diffFirst":"00:02:41.4350000","diffPrevMs":27314,"diffPrev":"00:00:27.3140000"},{"stageTimeId":73480,"stageId":1223,"entryId":19938,"elapsedDurationMs":465534,"elapsedDuration":"00:07:45.5340000","status":"Completed","source":"Default","position":46,"diffFirstMs":171450,"diffFirst":"00:02:51.4500000","diffPrevMs":10015,"diffPrev":"00:00:10.0150000"},{"stageTimeId":73464,"stageId":1223,"entryId":19946,"elapsedDurationMs":470896,"elapsedDuration":"00:07:50.8960000","status":"Completed","source":"Default","position":47,"diffFirstMs":176812,"diffFirst":"00:02:56.8120000","diffPrevMs":5362,"diffPrev":"00:00:05.3620000"},{"stageTimeId":73468,"stageId":1223,"entryId":19931,"elapsedDurationMs":509727,"elapsedDuration":"00:08:29.7270000","status":"Completed","source":"Default","position":48,"diffFirstMs":215643,"diffFirst":"00:03:35.6430000","diffPrevMs":38831,"diffPrev":"00:00:38.8310000"},{"stageTimeId":73441,"stageId":1223,"entryId":19953,"elapsedDurationMs":511186,"elapsedDuration":"00:08:31.1860000","status":"Completed","source":"Default","position":49,"diffFirstMs":217102,"diffFirst":"00:03:37.1020000","diffPrevMs":1459,"diffPrev":"00:00:01.4590000"},{"stageTimeId":73460,"stageId":1223,"entryId":19956,"elapsedDurationMs":1005525,"elapsedDuration":"00:16:45.5250000","status":"Completed","source":"Default","position":50,"diffFirstMs":711441,"diffFirst":"00:11:51.4410000","diffPrevMs":494339,"diffPrev":"00:08:14.3390000"},{"stageTimeId":73396,"stageId":1223,"entryId":19890,"elapsedDurationMs":null,"elapsedDuration":null,"status":"DNS","source":"Assessed","position":null,"diffFirstMs":null,"diffFirst":null,"diffPrevMs":null,"diffPrev":null},{"stageTimeId":73418,"stageId":1223,"entryId":19909,"elapsedDurationMs":null,"elapsedDuration":null,"status":"DNS","source":"Default","position":null,"diffFirstMs":null,"diffFirst":null,"diffPrevMs":null,"diffPrev":null},{"stageTimeId":73433,"stageId":1223,"entryId":19951,"elapsedDurationMs":null,"elapsedDuration":null,"status":"DNS","source":"Default","position":null,"diffFirstMs":null,"diffFirst":null,"diffPrevMs":null,"diffPrev":null},{"stageTimeId":73437,"stageId":1223,"entryId":19944,"elapsedDurationMs":null,"elapsedDuration":null,"status":"DNS","source":"Default","position":null,"diffFirstMs":null,"diffFirst":null,"diffPrevMs":null,"diffPrev":null},{"stageTimeId":73445,"stageId":1223,"entryId":19947,"elapsedDurationMs":null,"elapsedDuration":null,"status":"DNS","source":"Default","position":null,"diffFirstMs":null,"diffFirst":null,"diffPrevMs":null,"diffPrev":null},{"stageTimeId":73449,"stageId":1223,"entryId":19933,"elapsedDurationMs":null,"elapsedDuration":null,"status":"DNS","source":"Default","position":null,"diffFirstMs":null,"diffFirst":null,"diffPrevMs":null,"diffPrev":null},{"stageTimeId":73469,"stageId":1223,"entryId":19930,"elapsedDurationMs":null,"elapsedDuration":null,"status":"DNS","source":"Default","position":null,"diffFirstMs":null,"diffFirst":null,"diffPrevMs":null,"diffPrev":null},{"stageTimeId":73476,"stageId":1223,"entryId":19922,"elapsedDurationMs":null,"elapsedDuration":null,"status":"DNS","source":"Default","position":null,"diffFirstMs":null,"diffFirst":null,"diffPrevMs":null,"diffPrev":null},{"stageTimeId":73509,"stageId":1223,"entryId":19897,"elapsedDurationMs":null,"elapsedDuration":null,"status":"DNS","source":"Default","position":null,"diffFirstMs":null,"diffFirst":null,"diffPrevMs":null,"diffPrev":null},{"stageTimeId":73565,"stageId":1223,"entryId":19880,"elapsedDurationMs":null,"elapsedDuration":null,"status":"DNS","source":"Default","position":null,"diffFirstMs":null,"diffFirst":null,"diffPrevMs":null,"diffPrev":null},{"stageTimeId":73608,"stageId":1223,"entryId":19954,"elapsedDurationMs":null,"elapsedDuration":null,"status":"DNS","source":"Default","position":null,"diffFirstMs":null,"diffFirst":null,"diffPrevMs":null,"diffPrev":null},{"stageTimeId":73615,"stageId":1223,"entryId":19929,"elapsedDurationMs":null,"elapsedDuration":null,"status":"DNS","source":"Default","position":null,"diffFirstMs":null,"diffFirst":null,"diffPrevMs":null,"diffPrev":null},{"stageTimeId":73619,"stageId":1223,"entryId":19943,"elapsedDurationMs":null,"elapsedDuration":null,"status":"DNS","source":"Default","position":null,"diffFirstMs":null,"diffFirst":null,"diffPrevMs":null,"diffPrev":null},{"stageTimeId":73647,"stageId":1223,"entryId":19872,"elapsedDurationMs":null,"elapsedDuration":null,"status":"DNF","source":"Assessed","position":null,"diffFirstMs":null,"diffFirst":null,"diffPrevMs":null,"diffPrev":null}]