[{"startDateTime":"2019-08-02T06:21:00","startDateTimeLocal":"2019-08-02T09:21:00+03:00","stageTimeDurationMs":596400,"stageTimeDuration":"00:09:56.4000000","splitPointTimeId":84560,"splitPointId":2564,"entryId":20057,"elapsedDurationMs":506500,"elapsedDuration":"PT8M26.5S","splitDateTime":"2019-08-02T06:29:26.5","splitDateTimeLocal":"2019-08-02T09:29:26.5+03:00"},{"startDateTime":"2019-08-02T06:23:00","startDateTimeLocal":"2019-08-02T09:23:00+03:00","stageTimeDurationMs":600500,"stageTimeDuration":"00:10:00.5000000","splitPointTimeId":84564,"splitPointId":2564,"entryId":20053,"elapsedDurationMs":510700,"elapsedDuration":"PT8M30.7S","splitDateTime":"2019-08-02T06:31:30.7","splitDateTimeLocal":"2019-08-02T09:31:30.7+03:00"},{"startDateTime":"2019-08-02T06:25:00","startDateTimeLocal":"2019-08-02T09:25:00+03:00","stageTimeDurationMs":603500,"stageTimeDuration":"00:10:03.5000000","splitPointTimeId":84572,"splitPointId":2564,"entryId":20059,"elapsedDurationMs":513300,"elapsedDuration":"PT8M33.3S","splitDateTime":"2019-08-02T06:33:33.3","splitDateTimeLocal":"2019-08-02T09:33:33.3+03:00"},{"startDateTime":"2019-08-02T06:27:00","startDateTimeLocal":"2019-08-02T09:27:00+03:00","stageTimeDurationMs":603700,"stageTimeDuration":"00:10:03.7000000","splitPointTimeId":84576,"splitPointId":2564,"entryId":20054,"elapsedDurationMs":512500,"elapsedDuration":"PT8M32.5S","splitDateTime":"2019-08-02T06:35:32.5","splitDateTimeLocal":"2019-08-02T09:35:32.5+03:00"},{"startDateTime":"2019-08-02T06:29:00","startDateTimeLocal":"2019-08-02T09:29:00+03:00","stageTimeDurationMs":596300,"stageTimeDuration":"00:09:56.3000000","splitPointTimeId":84582,"splitPointId":2564,"entryId":20056,"elapsedDurationMs":506200,"elapsedDuration":"PT8M26.2S","splitDateTime":"2019-08-02T06:37:26.2","splitDateTimeLocal":"2019-08-02T09:37:26.2+03:00"},{"startDateTime":"2019-08-02T06:31:00","startDateTimeLocal":"2019-08-02T09:31:00+03:00","stageTimeDurationMs":600300,"stageTimeDuration":"00:10:00.3000000","splitPointTimeId":84589,"splitPointId":2564,"entryId":20064,"elapsedDurationMs":510600,"elapsedDuration":"PT8M30.6S","splitDateTime":"2019-08-02T06:39:30.6","splitDateTimeLocal":"2019-08-02T09:39:30.6+03:00"},{"startDateTime":"2019-08-02T06:33:00","startDateTimeLocal":"2019-08-02T09:33:00+03:00","stageTimeDurationMs":599500,"stageTimeDuration":"00:09:59.5000000","splitPointTimeId":84596,"splitPointId":2564,"entryId":20055,"elapsedDurationMs":509000,"elapsedDuration":"PT8M29S","splitDateTime":"2019-08-02T06:41:29","splitDateTimeLocal":"2019-08-02T09:41:29+03:00"},{"startDateTime":"2019-08-02T06:35:00","startDateTimeLocal":"2019-08-02T09:35:00+03:00","stageTimeDurationMs":599300,"stageTimeDuration":"00:09:59.3000000","splitPointTimeId":84601,"splitPointId":2564,"entryId":20058,"elapsedDurationMs":508800,"elapsedDuration":"PT8M28.8S","splitDateTime":"2019-08-02T06:43:28.8","splitDateTimeLocal":"2019-08-02T09:43:28.8+03:00"},{"startDateTime":"2019-08-02T06:37:00","startDateTimeLocal":"2019-08-02T09:37:00+03:00","stageTimeDurationMs":608300,"stageTimeDuration":"00:10:08.3000000","splitPointTimeId":84606,"splitPointId":2564,"entryId":20062,"elapsedDurationMs":516100,"elapsedDuration":"PT8M36.1S","splitDateTime":"2019-08-02T06:45:36.1","splitDateTimeLocal":"2019-08-02T09:45:36.1+03:00"},{"startDateTime":"2019-08-02T06:39:00","startDateTimeLocal":"2019-08-02T09:39:00+03:00","stageTimeDurationMs":600200,"stageTimeDuration":"00:10:00.2000000","splitPointTimeId":84611,"splitPointId":2564,"entryId":20063,"elapsedDurationMs":510200,"elapsedDuration":"PT8M30.2S","splitDateTime":"2019-08-02T06:47:30.2","splitDateTimeLocal":"2019-08-02T09:47:30.2+03:00"},{"startDateTime":"2019-08-02T06:44:00","startDateTimeLocal":"2019-08-02T09:44:00+03:00","stageTimeDurationMs":626300,"stageTimeDuration":"00:10:26.3000000","splitPointTimeId":84626,"splitPointId":2564,"entryId":20065,"elapsedDurationMs":532800,"elapsedDuration":"PT8M52.8S","splitDateTime":"2019-08-02T06:52:52.8","splitDateTimeLocal":"2019-08-02T09:52:52.8+03:00"},{"startDateTime":"2019-08-02T06:41:00","startDateTimeLocal":"2019-08-02T09:41:00+03:00","stageTimeDurationMs":837300,"stageTimeDuration":"00:13:57.3000000","splitPointTimeId":84627,"splitPointId":2564,"entryId":20060,"elapsedDurationMs":733000,"elapsedDuration":"PT12M13S","splitDateTime":"2019-08-02T06:53:13","splitDateTimeLocal":"2019-08-02T09:53:13+03:00"},{"startDateTime":"2019-08-02T06:48:00","startDateTimeLocal":"2019-08-02T09:48:00+03:00","stageTimeDurationMs":653300,"stageTimeDuration":"00:10:53.3000000","splitPointTimeId":84640,"splitPointId":2564,"entryId":20067,"elapsedDurationMs":554700,"elapsedDuration":"PT9M14.7S","splitDateTime":"2019-08-02T06:57:14.7","splitDateTimeLocal":"2019-08-02T09:57:14.7+03:00"},{"startDateTime":"2019-08-02T06:50:00","startDateTimeLocal":"2019-08-02T09:50:00+03:00","stageTimeDurationMs":629200,"stageTimeDuration":"00:10:29.2000000","splitPointTimeId":84643,"splitPointId":2564,"entryId":20068,"elapsedDurationMs":534300,"elapsedDuration":"PT8M54.3S","splitDateTime":"2019-08-02T06:58:54.3","splitDateTimeLocal":"2019-08-02T09:58:54.3+03:00"},{"startDateTime":"2019-08-02T06:52:00","startDateTimeLocal":"2019-08-02T09:52:00+03:00","stageTimeDurationMs":637700,"stageTimeDuration":"00:10:37.7000000","splitPointTimeId":84648,"splitPointId":2564,"entryId":20069,"elapsedDurationMs":542400,"elapsedDuration":"PT9M2.4S","splitDateTime":"2019-08-02T07:01:02.4","splitDateTimeLocal":"2019-08-02T10:01:02.4+03:00"},{"startDateTime":"2019-08-02T06:54:00","startDateTimeLocal":"2019-08-02T09:54:00+03:00","stageTimeDurationMs":645200,"stageTimeDuration":"00:10:45.2000000","splitPointTimeId":84653,"splitPointId":2564,"entryId":20070,"elapsedDurationMs":548000,"elapsedDuration":"PT9M8S","splitDateTime":"2019-08-02T07:03:08","splitDateTimeLocal":"2019-08-02T10:03:08+03:00"},{"startDateTime":"2019-08-02T06:56:00","startDateTimeLocal":"2019-08-02T09:56:00+03:00","stageTimeDurationMs":652300,"stageTimeDuration":"00:10:52.3000000","splitPointTimeId":84655,"splitPointId":2564,"entryId":20071,"elapsedDurationMs":553400,"elapsedDuration":"PT9M13.4S","splitDateTime":"2019-08-02T07:05:13.4","splitDateTimeLocal":"2019-08-02T10:05:13.4+03:00"},{"startDateTime":"2019-08-02T07:00:00","startDateTimeLocal":"2019-08-02T10:00:00+03:00","stageTimeDurationMs":665600,"stageTimeDuration":"00:11:05.6000000","splitPointTimeId":84660,"splitPointId":2564,"entryId":20074,"elapsedDurationMs":552900,"elapsedDuration":"PT9M12.9S","splitDateTime":"2019-08-02T07:09:12.9","splitDateTimeLocal":"2019-08-02T10:09:12.9+03:00"},{"startDateTime":"2019-08-02T07:02:00","startDateTimeLocal":"2019-08-02T10:02:00+03:00","stageTimeDurationMs":637600,"stageTimeDuration":"00:10:37.6000000","splitPointTimeId":84661,"splitPointId":2564,"entryId":20075,"elapsedDurationMs":541900,"elapsedDuration":"PT9M1.9S","splitDateTime":"2019-08-02T07:11:01.9","splitDateTimeLocal":"2019-08-02T10:11:01.9+03:00"},{"startDateTime":"2019-08-02T07:04:00","startDateTimeLocal":"2019-08-02T10:04:00+03:00","stageTimeDurationMs":684700,"stageTimeDuration":"00:11:24.7000000","splitPointTimeId":84666,"splitPointId":2564,"entryId":20076,"elapsedDurationMs":584500,"elapsedDuration":"PT9M44.5S","splitDateTime":"2019-08-02T07:13:44.5","splitDateTimeLocal":"2019-08-02T10:13:44.5+03:00"},{"startDateTime":"2019-08-02T07:06:00","startDateTimeLocal":"2019-08-02T10:06:00+03:00","stageTimeDurationMs":659100,"stageTimeDuration":"00:10:59.1000000","splitPointTimeId":84668,"splitPointId":2564,"entryId":20077,"elapsedDurationMs":560400,"elapsedDuration":"PT9M20.4S","splitDateTime":"2019-08-02T07:15:20.4","splitDateTimeLocal":"2019-08-02T10:15:20.4+03:00"},{"startDateTime":"2019-08-02T07:08:00","startDateTimeLocal":"2019-08-02T10:08:00+03:00","stageTimeDurationMs":712900,"stageTimeDuration":"00:11:52.9000000","splitPointTimeId":84678,"splitPointId":2564,"entryId":20072,"elapsedDurationMs":607600,"elapsedDuration":"PT10M7.6S","splitDateTime":"2019-08-02T07:18:07.6","splitDateTimeLocal":"2019-08-02T10:18:07.6+03:00"},{"startDateTime":"2019-08-02T07:10:00","startDateTimeLocal":"2019-08-02T10:10:00+03:00","stageTimeDurationMs":696600,"stageTimeDuration":"00:11:36.6000000","splitPointTimeId":84679,"splitPointId":2564,"entryId":20078,"elapsedDurationMs":592600,"elapsedDuration":"PT9M52.6S","splitDateTime":"2019-08-02T07:19:52.6","splitDateTimeLocal":"2019-08-02T10:19:52.6+03:00"},{"startDateTime":"2019-08-02T07:11:00","startDateTimeLocal":"2019-08-02T10:11:00+03:00","stageTimeDurationMs":695700,"stageTimeDuration":"00:11:35.7000000","splitPointTimeId":84682,"splitPointId":2564,"entryId":20079,"elapsedDurationMs":591800,"elapsedDuration":"PT9M51.8S","splitDateTime":"2019-08-02T07:20:51.8","splitDateTimeLocal":"2019-08-02T10:20:51.8+03:00"},{"startDateTime":"2019-08-02T07:12:00","startDateTimeLocal":"2019-08-02T10:12:00+03:00","stageTimeDurationMs":692200,"stageTimeDuration":"00:11:32.2000000","splitPointTimeId":84685,"splitPointId":2564,"entryId":20080,"elapsedDurationMs":587400,"elapsedDuration":"PT9M47.4S","splitDateTime":"2019-08-02T07:21:47.4","splitDateTimeLocal":"2019-08-02T10:21:47.4+03:00"},{"startDateTime":"2019-08-02T07:13:00","startDateTimeLocal":"2019-08-02T10:13:00+03:00","stageTimeDurationMs":698000,"stageTimeDuration":"00:11:38","splitPointTimeId":84688,"splitPointId":2564,"entryId":20081,"elapsedDurationMs":593500,"elapsedDuration":"PT9M53.5S","splitDateTime":"2019-08-02T07:22:53.5","splitDateTimeLocal":"2019-08-02T10:22:53.5+03:00"},{"startDateTime":"2019-08-02T07:14:00","startDateTimeLocal":"2019-08-02T10:14:00+03:00","stageTimeDurationMs":698300,"stageTimeDuration":"00:11:38.3000000","splitPointTimeId":84691,"splitPointId":2564,"entryId":20082,"elapsedDurationMs":593100,"elapsedDuration":"PT9M53.1S","splitDateTime":"2019-08-02T07:23:53.1","splitDateTimeLocal":"2019-08-02T10:23:53.1+03:00"},{"startDateTime":"2019-08-02T07:15:00","startDateTimeLocal":"2019-08-02T10:15:00+03:00","stageTimeDurationMs":721100,"stageTimeDuration":"00:12:01.1000000","splitPointTimeId":84694,"splitPointId":2564,"entryId":20083,"elapsedDurationMs":610500,"elapsedDuration":"PT10M10.5S","splitDateTime":"2019-08-02T07:25:10.5","splitDateTimeLocal":"2019-08-02T10:25:10.5+03:00"},{"startDateTime":"2019-08-02T07:16:00","startDateTimeLocal":"2019-08-02T10:16:00+03:00","stageTimeDurationMs":693300,"stageTimeDuration":"00:11:33.3000000","splitPointTimeId":84695,"splitPointId":2564,"entryId":20084,"elapsedDurationMs":589100,"elapsedDuration":"PT9M49.1S","splitDateTime":"2019-08-02T07:25:49.1","splitDateTimeLocal":"2019-08-02T10:25:49.1+03:00"},{"startDateTime":"2019-08-02T07:17:00","startDateTimeLocal":"2019-08-02T10:17:00+03:00","stageTimeDurationMs":701700,"stageTimeDuration":"00:11:41.7000000","splitPointTimeId":84699,"splitPointId":2564,"entryId":20085,"elapsedDurationMs":595100,"elapsedDuration":"PT9M55.1S","splitDateTime":"2019-08-02T07:26:55.1","splitDateTimeLocal":"2019-08-02T10:26:55.1+03:00"},{"startDateTime":"2019-08-02T07:18:00","startDateTimeLocal":"2019-08-02T10:18:00+03:00","stageTimeDurationMs":733800,"stageTimeDuration":"00:12:13.8000000","splitPointTimeId":84704,"splitPointId":2564,"entryId":20086,"elapsedDurationMs":622900,"elapsedDuration":"PT10M22.9S","splitDateTime":"2019-08-02T07:28:22.9","splitDateTimeLocal":"2019-08-02T10:28:22.9+03:00"},{"startDateTime":"2019-08-02T07:19:00","startDateTimeLocal":"2019-08-02T10:19:00+03:00","stageTimeDurationMs":711500,"stageTimeDuration":"00:11:51.5000000","splitPointTimeId":84706,"splitPointId":2564,"entryId":20087,"elapsedDurationMs":602900,"elapsedDuration":"PT10M2.9S","splitDateTime":"2019-08-02T07:29:02.9","splitDateTimeLocal":"2019-08-02T10:29:02.9+03:00"},{"startDateTime":"2019-08-02T07:20:00","startDateTimeLocal":"2019-08-02T10:20:00+03:00","stageTimeDurationMs":732200,"stageTimeDuration":"00:12:12.2000000","splitPointTimeId":84711,"splitPointId":2564,"entryId":20088,"elapsedDurationMs":618900,"elapsedDuration":"PT10M18.9S","splitDateTime":"2019-08-02T07:30:18.9","splitDateTimeLocal":"2019-08-02T10:30:18.9+03:00"},{"startDateTime":"2019-08-02T07:21:00","startDateTimeLocal":"2019-08-02T10:21:00+03:00","stageTimeDurationMs":759900,"stageTimeDuration":"00:12:39.9000000","splitPointTimeId":84713,"splitPointId":2564,"entryId":20089,"elapsedDurationMs":635400,"elapsedDuration":"PT10M35.4S","splitDateTime":"2019-08-02T07:31:35.4","splitDateTimeLocal":"2019-08-02T10:31:35.4+03:00"},{"startDateTime":"2019-08-02T07:24:00","startDateTimeLocal":"2019-08-02T10:24:00+03:00","stageTimeDurationMs":690100,"stageTimeDuration":"00:11:30.1000000","splitPointTimeId":84718,"splitPointId":2564,"entryId":20090,"elapsedDurationMs":585900,"elapsedDuration":"PT9M45.9S","splitDateTime":"2019-08-02T07:33:45.9","splitDateTimeLocal":"2019-08-02T10:33:45.9+03:00"},{"startDateTime":"2019-08-02T07:25:00","startDateTimeLocal":"2019-08-02T10:25:00+03:00","stageTimeDurationMs":700500,"stageTimeDuration":"00:11:40.5000000","splitPointTimeId":84723,"splitPointId":2564,"entryId":20091,"elapsedDurationMs":594900,"elapsedDuration":"PT9M54.9S","splitDateTime":"2019-08-02T07:34:54.9","splitDateTimeLocal":"2019-08-02T10:34:54.9+03:00"},{"startDateTime":"2019-08-02T07:26:00","startDateTimeLocal":"2019-08-02T10:26:00+03:00","stageTimeDurationMs":693400,"stageTimeDuration":"00:11:33.4000000","splitPointTimeId":84726,"splitPointId":2564,"entryId":20106,"elapsedDurationMs":588100,"elapsedDuration":"PT9M48.1S","splitDateTime":"2019-08-02T07:35:48.1","splitDateTimeLocal":"2019-08-02T10:35:48.1+03:00"},{"startDateTime":"2019-08-02T07:30:00","startDateTimeLocal":"2019-08-02T10:30:00+03:00","stageTimeDurationMs":631600,"stageTimeDuration":"00:10:31.6000000","splitPointTimeId":84736,"splitPointId":2564,"entryId":20092,"elapsedDurationMs":536200,"elapsedDuration":"PT8M56.2S","splitDateTime":"2019-08-02T07:38:56.2","splitDateTimeLocal":"2019-08-02T10:38:56.2+03:00"},{"startDateTime":"2019-08-02T07:31:00","startDateTimeLocal":"2019-08-02T10:31:00+03:00","stageTimeDurationMs":652900,"stageTimeDuration":"00:10:52.9000000","splitPointTimeId":84742,"splitPointId":2564,"entryId":20093,"elapsedDurationMs":553800,"elapsedDuration":"PT9M13.8S","splitDateTime":"2019-08-02T07:40:13.8","splitDateTimeLocal":"2019-08-02T10:40:13.8+03:00"},{"startDateTime":"2019-08-02T07:32:00","startDateTimeLocal":"2019-08-02T10:32:00+03:00","stageTimeDurationMs":646200,"stageTimeDuration":"00:10:46.2000000","splitPointTimeId":84743,"splitPointId":2564,"entryId":20096,"elapsedDurationMs":548200,"elapsedDuration":"PT9M8.2S","splitDateTime":"2019-08-02T07:41:08.2","splitDateTimeLocal":"2019-08-02T10:41:08.2+03:00"},{"startDateTime":"2019-08-02T07:33:00","startDateTimeLocal":"2019-08-02T10:33:00+03:00","stageTimeDurationMs":695000,"stageTimeDuration":"00:11:35","splitPointTimeId":84749,"splitPointId":2564,"entryId":20097,"elapsedDurationMs":590200,"elapsedDuration":"PT9M50.2S","splitDateTime":"2019-08-02T07:42:50.2","splitDateTimeLocal":"2019-08-02T10:42:50.2+03:00"},{"startDateTime":"2019-08-02T07:34:00","startDateTimeLocal":"2019-08-02T10:34:00+03:00","stageTimeDurationMs":683800,"stageTimeDuration":"00:11:23.8000000","splitPointTimeId":84750,"splitPointId":2564,"entryId":20098,"elapsedDurationMs":581800,"elapsedDuration":"PT9M41.8S","splitDateTime":"2019-08-02T07:43:41.8","splitDateTimeLocal":"2019-08-02T10:43:41.8+03:00"},{"startDateTime":"2019-08-02T07:35:00","startDateTimeLocal":"2019-08-02T10:35:00+03:00","stageTimeDurationMs":696800,"stageTimeDuration":"00:11:36.8000000","splitPointTimeId":84755,"splitPointId":2564,"entryId":20099,"elapsedDurationMs":592000,"elapsedDuration":"PT9M52S","splitDateTime":"2019-08-02T07:44:52","splitDateTimeLocal":"2019-08-02T10:44:52+03:00"},{"startDateTime":"2019-08-02T07:36:00","startDateTimeLocal":"2019-08-02T10:36:00+03:00","stageTimeDurationMs":721500,"stageTimeDuration":"00:12:01.5000000","splitPointTimeId":84757,"splitPointId":2564,"entryId":20100,"elapsedDurationMs":614900,"elapsedDuration":"PT10M14.9S","splitDateTime":"2019-08-02T07:46:14.9","splitDateTimeLocal":"2019-08-02T10:46:14.9+03:00"},{"startDateTime":"2019-08-02T07:39:00","startDateTimeLocal":"2019-08-02T10:39:00+03:00","stageTimeDurationMs":703000,"stageTimeDuration":"00:11:43","splitPointTimeId":84764,"splitPointId":2564,"entryId":20103,"elapsedDurationMs":599800,"elapsedDuration":"PT9M59.8S","splitDateTime":"2019-08-02T07:48:59.8","splitDateTimeLocal":"2019-08-02T10:48:59.8+03:00"},{"startDateTime":"2019-08-02T07:40:00","startDateTimeLocal":"2019-08-02T10:40:00+03:00","stageTimeDurationMs":723700,"stageTimeDuration":"00:12:03.7000000","splitPointTimeId":84770,"splitPointId":2564,"entryId":20104,"elapsedDurationMs":613900,"elapsedDuration":"PT10M13.9S","splitDateTime":"2019-08-02T07:50:13.9","splitDateTimeLocal":"2019-08-02T10:50:13.9+03:00"},{"startDateTime":"2019-08-02T07:41:00","startDateTimeLocal":"2019-08-02T10:41:00+03:00","stageTimeDurationMs":765500,"stageTimeDuration":"00:12:45.5000000","splitPointTimeId":84777,"splitPointId":2564,"entryId":20105,"elapsedDurationMs":647500,"elapsedDuration":"PT10M47.5S","splitDateTime":"2019-08-02T07:51:47.5","splitDateTimeLocal":"2019-08-02T10:51:47.5+03:00"},{"startDateTime":"2019-08-02T07:45:00","startDateTimeLocal":"2019-08-02T10:45:00+03:00","stageTimeDurationMs":709900,"stageTimeDuration":"00:11:49.9000000","splitPointTimeId":84783,"splitPointId":2564,"entryId":20107,"elapsedDurationMs":603400,"elapsedDuration":"PT10M3.4S","splitDateTime":"2019-08-02T07:55:03.4","splitDateTimeLocal":"2019-08-02T10:55:03.4+03:00"},{"startDateTime":"2019-08-02T07:43:00","startDateTimeLocal":"2019-08-02T10:43:00+03:00","stageTimeDurationMs":853900,"stageTimeDuration":"00:14:13.9000000","splitPointTimeId":84784,"splitPointId":2564,"entryId":20101,"elapsedDurationMs":725200,"elapsedDuration":"PT12M5.2S","splitDateTime":"2019-08-02T07:55:05.2","splitDateTimeLocal":"2019-08-02T10:55:05.2+03:00"},{"startDateTime":"2019-08-02T07:46:00","startDateTimeLocal":"2019-08-02T10:46:00+03:00","stageTimeDurationMs":713000,"stageTimeDuration":"00:11:53","splitPointTimeId":84789,"splitPointId":2564,"entryId":20108,"elapsedDurationMs":605000,"elapsedDuration":"PT10M5S","splitDateTime":"2019-08-02T07:56:05","splitDateTimeLocal":"2019-08-02T10:56:05+03:00"},{"startDateTime":"2019-08-02T07:47:00","startDateTimeLocal":"2019-08-02T10:47:00+03:00","stageTimeDurationMs":708900,"stageTimeDuration":"00:11:48.9000000","splitPointTimeId":84793,"splitPointId":2564,"entryId":20109,"elapsedDurationMs":602100,"elapsedDuration":"PT10M2.1S","splitDateTime":"2019-08-02T07:57:02.1","splitDateTimeLocal":"2019-08-02T10:57:02.1+03:00"},{"startDateTime":"2019-08-02T07:48:00","startDateTimeLocal":"2019-08-02T10:48:00+03:00","stageTimeDurationMs":818700,"stageTimeDuration":"00:13:38.7000000","splitPointTimeId":84797,"splitPointId":2564,"entryId":20110,"elapsedDurationMs":689900,"elapsedDuration":"PT11M29.9S","splitDateTime":"2019-08-02T07:59:29.9","splitDateTimeLocal":"2019-08-02T10:59:29.9+03:00"},{"startDateTime":"2019-08-02T07:49:00","startDateTimeLocal":"2019-08-02T10:49:00+03:00","stageTimeDurationMs":752500,"stageTimeDuration":"00:12:32.5000000","splitPointTimeId":84800,"splitPointId":2564,"entryId":20111,"elapsedDurationMs":631100,"elapsedDuration":"PT10M31.1S","splitDateTime":"2019-08-02T07:59:31.1","splitDateTimeLocal":"2019-08-02T10:59:31.1+03:00"},{"startDateTime":"2019-08-02T07:50:00","startDateTimeLocal":"2019-08-02T10:50:00+03:00","stageTimeDurationMs":742500,"stageTimeDuration":"00:12:22.5000000","splitPointTimeId":84802,"splitPointId":2564,"entryId":20112,"elapsedDurationMs":629500,"elapsedDuration":"PT10M29.5S","splitDateTime":"2019-08-02T08:00:29.5","splitDateTimeLocal":"2019-08-02T11:00:29.5+03:00"},{"startDateTime":"2019-08-02T07:51:00","startDateTimeLocal":"2019-08-02T10:51:00+03:00","stageTimeDurationMs":784600,"stageTimeDuration":"00:13:04.6000000","splitPointTimeId":84805,"splitPointId":2564,"entryId":20113,"elapsedDurationMs":664500,"elapsedDuration":"PT11M4.5S","splitDateTime":"2019-08-02T08:02:04.5","splitDateTimeLocal":"2019-08-02T11:02:04.5+03:00"},{"startDateTime":"2019-08-02T07:52:00","startDateTimeLocal":"2019-08-02T10:52:00+03:00","stageTimeDurationMs":841100,"stageTimeDuration":"00:14:01.1000000","splitPointTimeId":84809,"splitPointId":2564,"entryId":20114,"elapsedDurationMs":713300,"elapsedDuration":"PT11M53.3S","splitDateTime":"2019-08-02T08:03:53.3","splitDateTimeLocal":"2019-08-02T11:03:53.3+03:00"},{"startDateTime":"2019-08-02T07:53:00","startDateTimeLocal":"2019-08-02T10:53:00+03:00","stageTimeDurationMs":869300,"stageTimeDuration":"00:14:29.3000000","splitPointTimeId":84810,"splitPointId":2564,"entryId":20115,"elapsedDurationMs":734700,"elapsedDuration":"PT12M14.7S","splitDateTime":"2019-08-02T08:05:14.7","splitDateTimeLocal":"2019-08-02T11:05:14.7+03:00"},{"startDateTime":"2019-08-02T06:21:00","startDateTimeLocal":"2019-08-02T09:21:00+03:00","stageTimeDurationMs":596400,"stageTimeDuration":"00:09:56.4000000","splitPointTimeId":84555,"splitPointId":2566,"entryId":20057,"elapsedDurationMs":386600,"elapsedDuration":"PT6M26.6S","splitDateTime":"2019-08-02T06:27:26.6","splitDateTimeLocal":"2019-08-02T09:27:26.6+03:00"},{"startDateTime":"2019-08-02T06:23:00","startDateTimeLocal":"2019-08-02T09:23:00+03:00","stageTimeDurationMs":600500,"stageTimeDuration":"00:10:00.5000000","splitPointTimeId":84561,"splitPointId":2566,"entryId":20053,"elapsedDurationMs":390000,"elapsedDuration":"PT6M30S","splitDateTime":"2019-08-02T06:29:30","splitDateTimeLocal":"2019-08-02T09:29:30+03:00"},{"startDateTime":"2019-08-02T06:25:00","startDateTimeLocal":"2019-08-02T09:25:00+03:00","stageTimeDurationMs":603500,"stageTimeDuration":"00:10:03.5000000","splitPointTimeId":84565,"splitPointId":2566,"entryId":20059,"elapsedDurationMs":391400,"elapsedDuration":"PT6M31.4S","splitDateTime":"2019-08-02T06:31:31.4","splitDateTimeLocal":"2019-08-02T09:31:31.4+03:00"},{"startDateTime":"2019-08-02T06:27:00","startDateTimeLocal":"2019-08-02T09:27:00+03:00","stageTimeDurationMs":603700,"stageTimeDuration":"00:10:03.7000000","splitPointTimeId":84571,"splitPointId":2566,"entryId":20054,"elapsedDurationMs":390900,"elapsedDuration":"PT6M30.9S","splitDateTime":"2019-08-02T06:33:30.9","splitDateTimeLocal":"2019-08-02T09:33:30.9+03:00"},{"startDateTime":"2019-08-02T06:29:00","startDateTimeLocal":"2019-08-02T09:29:00+03:00","stageTimeDurationMs":596300,"stageTimeDuration":"00:09:56.3000000","splitPointTimeId":84575,"splitPointId":2566,"entryId":20056,"elapsedDurationMs":387000,"elapsedDuration":"PT6M27S","splitDateTime":"2019-08-02T06:35:27","splitDateTimeLocal":"2019-08-02T09:35:27+03:00"},{"startDateTime":"2019-08-02T06:31:00","startDateTimeLocal":"2019-08-02T09:31:00+03:00","stageTimeDurationMs":600300,"stageTimeDuration":"00:10:00.3000000","splitPointTimeId":84583,"splitPointId":2566,"entryId":20064,"elapsedDurationMs":389400,"elapsedDuration":"PT6M29.4S","splitDateTime":"2019-08-02T06:37:29.4","splitDateTimeLocal":"2019-08-02T09:37:29.4+03:00"},{"startDateTime":"2019-08-02T06:33:00","startDateTimeLocal":"2019-08-02T09:33:00+03:00","stageTimeDurationMs":599500,"stageTimeDuration":"00:09:59.5000000","splitPointTimeId":84588,"splitPointId":2566,"entryId":20055,"elapsedDurationMs":388100,"elapsedDuration":"PT6M28.1S","splitDateTime":"2019-08-02T06:39:28.1","splitDateTimeLocal":"2019-08-02T09:39:28.1+03:00"},{"startDateTime":"2019-08-02T06:35:00","startDateTimeLocal":"2019-08-02T09:35:00+03:00","stageTimeDurationMs":599300,"stageTimeDuration":"00:09:59.3000000","splitPointTimeId":84594,"splitPointId":2566,"entryId":20058,"elapsedDurationMs":388400,"elapsedDuration":"PT6M28.4S","splitDateTime":"2019-08-02T06:41:28.4","splitDateTimeLocal":"2019-08-02T09:41:28.4+03:00"},{"startDateTime":"2019-08-02T06:37:00","startDateTimeLocal":"2019-08-02T09:37:00+03:00","stageTimeDurationMs":608300,"stageTimeDuration":"00:10:08.3000000","splitPointTimeId":84602,"splitPointId":2566,"entryId":20062,"elapsedDurationMs":393600,"elapsedDuration":"PT6M33.6S","splitDateTime":"2019-08-02T06:43:33.6","splitDateTimeLocal":"2019-08-02T09:43:33.6+03:00"},{"startDateTime":"2019-08-02T06:39:00","startDateTimeLocal":"2019-08-02T09:39:00+03:00","stageTimeDurationMs":600200,"stageTimeDuration":"00:10:00.2000000","splitPointTimeId":84605,"splitPointId":2566,"entryId":20063,"elapsedDurationMs":389900,"elapsedDuration":"PT6M29.9S","splitDateTime":"2019-08-02T06:45:29.9","splitDateTimeLocal":"2019-08-02T09:45:29.9+03:00"},{"startDateTime":"2019-08-02T06:41:00","startDateTimeLocal":"2019-08-02T09:41:00+03:00","stageTimeDurationMs":837300,"stageTimeDuration":"00:13:57.3000000","splitPointTimeId":84614,"splitPointId":2566,"entryId":20060,"elapsedDurationMs":472600,"elapsedDuration":"PT7M52.6S","splitDateTime":"2019-08-02T06:48:52.6","splitDateTimeLocal":"2019-08-02T09:48:52.6+03:00"},{"startDateTime":"2019-08-02T06:44:00","startDateTimeLocal":"2019-08-02T09:44:00+03:00","stageTimeDurationMs":626300,"stageTimeDuration":"00:10:26.3000000","splitPointTimeId":84620,"splitPointId":2566,"entryId":20065,"elapsedDurationMs":407400,"elapsedDuration":"PT6M47.4S","splitDateTime":"2019-08-02T06:50:47.4","splitDateTimeLocal":"2019-08-02T09:50:47.4+03:00"},{"startDateTime":"2019-08-02T06:48:00","startDateTimeLocal":"2019-08-02T09:48:00+03:00","stageTimeDurationMs":653300,"stageTimeDuration":"00:10:53.3000000","splitPointTimeId":84633,"splitPointId":2566,"entryId":20067,"elapsedDurationMs":423900,"elapsedDuration":"PT7M3.9S","splitDateTime":"2019-08-02T06:55:03.9","splitDateTimeLocal":"2019-08-02T09:55:03.9+03:00"},{"startDateTime":"2019-08-02T06:50:00","startDateTimeLocal":"2019-08-02T09:50:00+03:00","stageTimeDurationMs":629200,"stageTimeDuration":"00:10:29.2000000","splitPointTimeId":84638,"splitPointId":2566,"entryId":20068,"elapsedDurationMs":407100,"elapsedDuration":"PT6M47.1S","splitDateTime":"2019-08-02T06:56:47.1","splitDateTimeLocal":"2019-08-02T09:56:47.1+03:00"},{"startDateTime":"2019-08-02T06:52:00","startDateTimeLocal":"2019-08-02T09:52:00+03:00","stageTimeDurationMs":637700,"stageTimeDuration":"00:10:37.7000000","splitPointTimeId":84644,"splitPointId":2566,"entryId":20069,"elapsedDurationMs":414200,"elapsedDuration":"PT6M54.2S","splitDateTime":"2019-08-02T06:58:54.2","splitDateTimeLocal":"2019-08-02T09:58:54.2+03:00"},{"startDateTime":"2019-08-02T06:54:00","startDateTimeLocal":"2019-08-02T09:54:00+03:00","stageTimeDurationMs":645200,"stageTimeDuration":"00:10:45.2000000","splitPointTimeId":84649,"splitPointId":2566,"entryId":20070,"elapsedDurationMs":418900,"elapsedDuration":"PT6M58.9S","splitDateTime":"2019-08-02T07:00:58.9","splitDateTimeLocal":"2019-08-02T10:00:58.9+03:00"},{"startDateTime":"2019-08-02T06:56:00","startDateTimeLocal":"2019-08-02T09:56:00+03:00","stageTimeDurationMs":652300,"stageTimeDuration":"00:10:52.3000000","splitPointTimeId":84652,"splitPointId":2566,"entryId":20071,"elapsedDurationMs":422100,"elapsedDuration":"PT7M2.1S","splitDateTime":"2019-08-02T07:03:02.1","splitDateTimeLocal":"2019-08-02T10:03:02.1+03:00"},{"startDateTime":"2019-08-02T07:00:00","startDateTimeLocal":"2019-08-02T10:00:00+03:00","stageTimeDurationMs":665600,"stageTimeDuration":"00:11:05.6000000","splitPointTimeId":84656,"splitPointId":2566,"entryId":20074,"elapsedDurationMs":422500,"elapsedDuration":"PT7M2.5S","splitDateTime":"2019-08-02T07:07:02.5","splitDateTimeLocal":"2019-08-02T10:07:02.5+03:00"},{"startDateTime":"2019-08-02T07:02:00","startDateTimeLocal":"2019-08-02T10:02:00+03:00","stageTimeDurationMs":637600,"stageTimeDuration":"00:10:37.6000000","splitPointTimeId":84658,"splitPointId":2566,"entryId":20075,"elapsedDurationMs":413900,"elapsedDuration":"PT6M53.9S","splitDateTime":"2019-08-02T07:08:53.9","splitDateTimeLocal":"2019-08-02T10:08:53.9+03:00"},{"startDateTime":"2019-08-02T07:04:00","startDateTimeLocal":"2019-08-02T10:04:00+03:00","stageTimeDurationMs":684700,"stageTimeDuration":"00:11:24.7000000","splitPointTimeId":84662,"splitPointId":2566,"entryId":20076,"elapsedDurationMs":450900,"elapsedDuration":"PT7M30.9S","splitDateTime":"2019-08-02T07:11:30.9","splitDateTimeLocal":"2019-08-02T10:11:30.9+03:00"},{"startDateTime":"2019-08-02T07:06:00","startDateTimeLocal":"2019-08-02T10:06:00+03:00","stageTimeDurationMs":659100,"stageTimeDuration":"00:10:59.1000000","splitPointTimeId":84665,"splitPointId":2566,"entryId":20077,"elapsedDurationMs":429400,"elapsedDuration":"PT7M9.4S","splitDateTime":"2019-08-02T07:13:09.4","splitDateTimeLocal":"2019-08-02T10:13:09.4+03:00"},{"startDateTime":"2019-08-02T07:08:00","startDateTimeLocal":"2019-08-02T10:08:00+03:00","stageTimeDurationMs":712900,"stageTimeDuration":"00:11:52.9000000","splitPointTimeId":84671,"splitPointId":2566,"entryId":20072,"elapsedDurationMs":463500,"elapsedDuration":"PT7M43.5S","splitDateTime":"2019-08-02T07:15:43.5","splitDateTimeLocal":"2019-08-02T10:15:43.5+03:00"},{"startDateTime":"2019-08-02T07:10:00","startDateTimeLocal":"2019-08-02T10:10:00+03:00","stageTimeDurationMs":696600,"stageTimeDuration":"00:11:36.6000000","splitPointTimeId":84673,"splitPointId":2566,"entryId":20078,"elapsedDurationMs":454700,"elapsedDuration":"PT7M34.7S","splitDateTime":"2019-08-02T07:17:34.7","splitDateTimeLocal":"2019-08-02T10:17:34.7+03:00"},{"startDateTime":"2019-08-02T07:11:00","startDateTimeLocal":"2019-08-02T10:11:00+03:00","stageTimeDurationMs":695700,"stageTimeDuration":"00:11:35.7000000","splitPointTimeId":84675,"splitPointId":2566,"entryId":20079,"elapsedDurationMs":453200,"elapsedDuration":"PT7M33.2S","splitDateTime":"2019-08-02T07:18:33.2","splitDateTimeLocal":"2019-08-02T10:18:33.2+03:00"},{"startDateTime":"2019-08-02T07:12:00","startDateTimeLocal":"2019-08-02T10:12:00+03:00","stageTimeDurationMs":692200,"stageTimeDuration":"00:11:32.2000000","splitPointTimeId":84677,"splitPointId":2566,"entryId":20080,"elapsedDurationMs":448900,"elapsedDuration":"PT7M28.9S","splitDateTime":"2019-08-02T07:19:28.9","splitDateTimeLocal":"2019-08-02T10:19:28.9+03:00"},{"startDateTime":"2019-08-02T07:13:00","startDateTimeLocal":"2019-08-02T10:13:00+03:00","stageTimeDurationMs":698000,"stageTimeDuration":"00:11:38","splitPointTimeId":84680,"splitPointId":2566,"entryId":20081,"elapsedDurationMs":454700,"elapsedDuration":"PT7M34.7S","splitDateTime":"2019-08-02T07:20:34.7","splitDateTimeLocal":"2019-08-02T10:20:34.7+03:00"},{"startDateTime":"2019-08-02T07:14:00","startDateTimeLocal":"2019-08-02T10:14:00+03:00","stageTimeDurationMs":698300,"stageTimeDuration":"00:11:38.3000000","splitPointTimeId":84684,"splitPointId":2566,"entryId":20082,"elapsedDurationMs":453600,"elapsedDuration":"PT7M33.6S","splitDateTime":"2019-08-02T07:21:33.6","splitDateTimeLocal":"2019-08-02T10:21:33.6+03:00"},{"startDateTime":"2019-08-02T07:15:00","startDateTimeLocal":"2019-08-02T10:15:00+03:00","stageTimeDurationMs":721100,"stageTimeDuration":"00:12:01.1000000","splitPointTimeId":84687,"splitPointId":2566,"entryId":20083,"elapsedDurationMs":466500,"elapsedDuration":"PT7M46.5S","splitDateTime":"2019-08-02T07:22:46.5","splitDateTimeLocal":"2019-08-02T10:22:46.5+03:00"},{"startDateTime":"2019-08-02T07:16:00","startDateTimeLocal":"2019-08-02T10:16:00+03:00","stageTimeDurationMs":693300,"stageTimeDuration":"00:11:33.3000000","splitPointTimeId":84690,"splitPointId":2566,"entryId":20084,"elapsedDurationMs":450500,"elapsedDuration":"PT7M30.5S","splitDateTime":"2019-08-02T07:23:30.5","splitDateTimeLocal":"2019-08-02T10:23:30.5+03:00"},{"startDateTime":"2019-08-02T07:17:00","startDateTimeLocal":"2019-08-02T10:17:00+03:00","stageTimeDurationMs":701700,"stageTimeDuration":"00:11:41.7000000","splitPointTimeId":84693,"splitPointId":2566,"entryId":20085,"elapsedDurationMs":456900,"elapsedDuration":"PT7M36.9S","splitDateTime":"2019-08-02T07:24:36.9","splitDateTimeLocal":"2019-08-02T10:24:36.9+03:00"},{"startDateTime":"2019-08-02T07:18:00","startDateTimeLocal":"2019-08-02T10:18:00+03:00","stageTimeDurationMs":733800,"stageTimeDuration":"00:12:13.8000000","splitPointTimeId":84696,"splitPointId":2566,"entryId":20086,"elapsedDurationMs":475600,"elapsedDuration":"PT7M55.6S","splitDateTime":"2019-08-02T07:25:55.6","splitDateTimeLocal":"2019-08-02T10:25:55.6+03:00"},{"startDateTime":"2019-08-02T07:19:00","startDateTimeLocal":"2019-08-02T10:19:00+03:00","stageTimeDurationMs":711500,"stageTimeDuration":"00:11:51.5000000","splitPointTimeId":84698,"splitPointId":2566,"entryId":20087,"elapsedDurationMs":461900,"elapsedDuration":"PT7M41.9S","splitDateTime":"2019-08-02T07:26:41.9","splitDateTimeLocal":"2019-08-02T10:26:41.9+03:00"},{"startDateTime":"2019-08-02T07:20:00","startDateTimeLocal":"2019-08-02T10:20:00+03:00","stageTimeDurationMs":732200,"stageTimeDuration":"00:12:12.2000000","splitPointTimeId":84701,"splitPointId":2566,"entryId":20088,"elapsedDurationMs":473900,"elapsedDuration":"PT7M53.9S","splitDateTime":"2019-08-02T07:27:53.9","splitDateTimeLocal":"2019-08-02T10:27:53.9+03:00"},{"startDateTime":"2019-08-02T07:21:00","startDateTimeLocal":"2019-08-02T10:21:00+03:00","stageTimeDurationMs":759900,"stageTimeDuration":"00:12:39.9000000","splitPointTimeId":84707,"splitPointId":2566,"entryId":20089,"elapsedDurationMs":487600,"elapsedDuration":"PT8M7.6S","splitDateTime":"2019-08-02T07:29:07.6","splitDateTimeLocal":"2019-08-02T10:29:07.6+03:00"},{"startDateTime":"2019-08-02T07:24:00","startDateTimeLocal":"2019-08-02T10:24:00+03:00","stageTimeDurationMs":690100,"stageTimeDuration":"00:11:30.1000000","splitPointTimeId":84712,"splitPointId":2566,"entryId":20090,"elapsedDurationMs":448500,"elapsedDuration":"PT7M28.5S","splitDateTime":"2019-08-02T07:31:28.5","splitDateTimeLocal":"2019-08-02T10:31:28.5+03:00"},{"startDateTime":"2019-08-02T07:25:00","startDateTimeLocal":"2019-08-02T10:25:00+03:00","stageTimeDurationMs":700500,"stageTimeDuration":"00:11:40.5000000","splitPointTimeId":84716,"splitPointId":2566,"entryId":20091,"elapsedDurationMs":456500,"elapsedDuration":"PT7M36.5S","splitDateTime":"2019-08-02T07:32:36.5","splitDateTimeLocal":"2019-08-02T10:32:36.5+03:00"},{"startDateTime":"2019-08-02T07:26:00","startDateTimeLocal":"2019-08-02T10:26:00+03:00","stageTimeDurationMs":693400,"stageTimeDuration":"00:11:33.4000000","splitPointTimeId":84720,"splitPointId":2566,"entryId":20106,"elapsedDurationMs":449600,"elapsedDuration":"PT7M29.6S","splitDateTime":"2019-08-02T07:33:29.6","splitDateTimeLocal":"2019-08-02T10:33:29.6+03:00"},{"startDateTime":"2019-08-02T07:30:00","startDateTimeLocal":"2019-08-02T10:30:00+03:00","stageTimeDurationMs":631600,"stageTimeDuration":"00:10:31.6000000","splitPointTimeId":84730,"splitPointId":2566,"entryId":20092,"elapsedDurationMs":410000,"elapsedDuration":"PT6M50S","splitDateTime":"2019-08-02T07:36:50","splitDateTimeLocal":"2019-08-02T10:36:50+03:00"},{"startDateTime":"2019-08-02T07:31:00","startDateTimeLocal":"2019-08-02T10:31:00+03:00","stageTimeDurationMs":652900,"stageTimeDuration":"00:10:52.9000000","splitPointTimeId":84732,"splitPointId":2566,"entryId":20093,"elapsedDurationMs":420400,"elapsedDuration":"PT7M0.4S","splitDateTime":"2019-08-02T07:38:00.4","splitDateTimeLocal":"2019-08-02T10:38:00.4+03:00"},{"startDateTime":"2019-08-02T07:32:00","startDateTimeLocal":"2019-08-02T10:32:00+03:00","stageTimeDurationMs":646200,"stageTimeDuration":"00:10:46.2000000","splitPointTimeId":84737,"splitPointId":2566,"entryId":20096,"elapsedDurationMs":418600,"elapsedDuration":"PT6M58.6S","splitDateTime":"2019-08-02T07:38:58.6","splitDateTimeLocal":"2019-08-02T10:38:58.6+03:00"},{"startDateTime":"2019-08-02T07:33:00","startDateTimeLocal":"2019-08-02T10:33:00+03:00","stageTimeDurationMs":695000,"stageTimeDuration":"00:11:35","splitPointTimeId":84741,"splitPointId":2566,"entryId":20097,"elapsedDurationMs":451600,"elapsedDuration":"PT7M31.6S","splitDateTime":"2019-08-02T07:40:31.6","splitDateTimeLocal":"2019-08-02T10:40:31.6+03:00"},{"startDateTime":"2019-08-02T07:34:00","startDateTimeLocal":"2019-08-02T10:34:00+03:00","stageTimeDurationMs":683800,"stageTimeDuration":"00:11:23.8000000","splitPointTimeId":84744,"splitPointId":2566,"entryId":20098,"elapsedDurationMs":445400,"elapsedDuration":"PT7M25.4S","splitDateTime":"2019-08-02T07:41:25.4","splitDateTimeLocal":"2019-08-02T10:41:25.4+03:00"},{"startDateTime":"2019-08-02T07:35:00","startDateTimeLocal":"2019-08-02T10:35:00+03:00","stageTimeDurationMs":696800,"stageTimeDuration":"00:11:36.8000000","splitPointTimeId":84747,"splitPointId":2566,"entryId":20099,"elapsedDurationMs":453000,"elapsedDuration":"PT7M33S","splitDateTime":"2019-08-02T07:42:33","splitDateTimeLocal":"2019-08-02T10:42:33+03:00"},{"startDateTime":"2019-08-02T07:36:00","startDateTimeLocal":"2019-08-02T10:36:00+03:00","stageTimeDurationMs":721500,"stageTimeDuration":"00:12:01.5000000","splitPointTimeId":84756,"splitPointId":2566,"entryId":20100,"elapsedDurationMs":473500,"elapsedDuration":"PT7M53.5S","splitDateTime":"2019-08-02T07:43:53.5","splitDateTimeLocal":"2019-08-02T10:43:53.5+03:00"},{"startDateTime":"2019-08-02T07:39:00","startDateTimeLocal":"2019-08-02T10:39:00+03:00","stageTimeDurationMs":703000,"stageTimeDuration":"00:11:43","splitPointTimeId":84759,"splitPointId":2566,"entryId":20103,"elapsedDurationMs":458600,"elapsedDuration":"PT7M38.6S","splitDateTime":"2019-08-02T07:46:38.6","splitDateTimeLocal":"2019-08-02T10:46:38.6+03:00"},{"startDateTime":"2019-08-02T07:40:00","startDateTimeLocal":"2019-08-02T10:40:00+03:00","stageTimeDurationMs":723700,"stageTimeDuration":"00:12:03.7000000","splitPointTimeId":84762,"splitPointId":2566,"entryId":20104,"elapsedDurationMs":468900,"elapsedDuration":"PT7M48.9S","splitDateTime":"2019-08-02T07:47:48.9","splitDateTimeLocal":"2019-08-02T10:47:48.9+03:00"},{"startDateTime":"2019-08-02T07:41:00","startDateTimeLocal":"2019-08-02T10:41:00+03:00","stageTimeDurationMs":765500,"stageTimeDuration":"00:12:45.5000000","splitPointTimeId":84768,"splitPointId":2566,"entryId":20105,"elapsedDurationMs":494900,"elapsedDuration":"PT8M14.9S","splitDateTime":"2019-08-02T07:49:14.9","splitDateTimeLocal":"2019-08-02T10:49:14.9+03:00"},{"startDateTime":"2019-08-02T07:43:00","startDateTimeLocal":"2019-08-02T10:43:00+03:00","stageTimeDurationMs":853900,"stageTimeDuration":"00:14:13.9000000","splitPointTimeId":84774,"splitPointId":2566,"entryId":20101,"elapsedDurationMs":553200,"elapsedDuration":"PT9M13.2S","splitDateTime":"2019-08-02T07:52:13.2","splitDateTimeLocal":"2019-08-02T10:52:13.2+03:00"},{"startDateTime":"2019-08-02T07:45:00","startDateTimeLocal":"2019-08-02T10:45:00+03:00","stageTimeDurationMs":709900,"stageTimeDuration":"00:11:49.9000000","splitPointTimeId":84776,"splitPointId":2566,"entryId":20107,"elapsedDurationMs":461400,"elapsedDuration":"PT7M41.4S","splitDateTime":"2019-08-02T07:52:41.4","splitDateTimeLocal":"2019-08-02T10:52:41.4+03:00"},{"startDateTime":"2019-08-02T07:46:00","startDateTimeLocal":"2019-08-02T10:46:00+03:00","stageTimeDurationMs":713000,"stageTimeDuration":"00:11:53","splitPointTimeId":84780,"splitPointId":2566,"entryId":20108,"elapsedDurationMs":461400,"elapsedDuration":"PT7M41.4S","splitDateTime":"2019-08-02T07:53:41.4","splitDateTimeLocal":"2019-08-02T10:53:41.4+03:00"},{"startDateTime":"2019-08-02T07:47:00","startDateTimeLocal":"2019-08-02T10:47:00+03:00","stageTimeDurationMs":708900,"stageTimeDuration":"00:11:48.9000000","splitPointTimeId":84782,"splitPointId":2566,"entryId":20109,"elapsedDurationMs":461100,"elapsedDuration":"PT7M41.1S","splitDateTime":"2019-08-02T07:54:41.1","splitDateTimeLocal":"2019-08-02T10:54:41.1+03:00"},{"startDateTime":"2019-08-02T07:48:00","startDateTimeLocal":"2019-08-02T10:48:00+03:00","stageTimeDurationMs":818700,"stageTimeDuration":"00:13:38.7000000","splitPointTimeId":84790,"splitPointId":2566,"entryId":20110,"elapsedDurationMs":529400,"elapsedDuration":"PT8M49.4S","splitDateTime":"2019-08-02T07:56:49.4","splitDateTimeLocal":"2019-08-02T10:56:49.4+03:00"},{"startDateTime":"2019-08-02T07:49:00","startDateTimeLocal":"2019-08-02T10:49:00+03:00","stageTimeDurationMs":752500,"stageTimeDuration":"00:12:32.5000000","splitPointTimeId":84792,"splitPointId":2566,"entryId":20111,"elapsedDurationMs":483000,"elapsedDuration":"PT8M3S","splitDateTime":"2019-08-02T07:57:03","splitDateTimeLocal":"2019-08-02T10:57:03+03:00"},{"startDateTime":"2019-08-02T07:50:00","startDateTimeLocal":"2019-08-02T10:50:00+03:00","stageTimeDurationMs":742500,"stageTimeDuration":"00:12:22.5000000","splitPointTimeId":84796,"splitPointId":2566,"entryId":20112,"elapsedDurationMs":481500,"elapsedDuration":"PT8M1.5S","splitDateTime":"2019-08-02T07:58:01.5","splitDateTimeLocal":"2019-08-02T10:58:01.5+03:00"},{"startDateTime":"2019-08-02T07:51:00","startDateTimeLocal":"2019-08-02T10:51:00+03:00","stageTimeDurationMs":784600,"stageTimeDuration":"00:13:04.6000000","splitPointTimeId":84799,"splitPointId":2566,"entryId":20113,"elapsedDurationMs":510900,"elapsedDuration":"PT8M30.9S","splitDateTime":"2019-08-02T07:59:30.9","splitDateTimeLocal":"2019-08-02T10:59:30.9+03:00"},{"startDateTime":"2019-08-02T07:53:00","startDateTimeLocal":"2019-08-02T10:53:00+03:00","stageTimeDurationMs":869300,"stageTimeDuration":"00:14:29.3000000","splitPointTimeId":84806,"splitPointId":2566,"entryId":20115,"elapsedDurationMs":562000,"elapsedDuration":"PT9M22S","splitDateTime":"2019-08-02T08:02:22","splitDateTimeLocal":"2019-08-02T11:02:22+03:00"},{"startDateTime":"2019-08-02T07:52:00","startDateTimeLocal":"2019-08-02T10:52:00+03:00","stageTimeDurationMs":841100,"stageTimeDuration":"00:14:01.1000000","splitPointTimeId":84807,"splitPointId":2566,"entryId":20114,"elapsedDurationMs":547100,"elapsedDuration":"PT9M7.1S","splitDateTime":"2019-08-02T08:01:07.1","splitDateTimeLocal":"2019-08-02T11:01:07.1+03:00"},{"startDateTime":"2019-08-02T06:21:00","startDateTimeLocal":"2019-08-02T09:21:00+03:00","stageTimeDurationMs":596400,"stageTimeDuration":"00:09:56.4000000","splitPointTimeId":84547,"splitPointId":2568,"entryId":20057,"elapsedDurationMs":158000,"elapsedDuration":"PT2M38S","splitDateTime":"2019-08-02T06:23:38","splitDateTimeLocal":"2019-08-02T09:23:38+03:00"},{"startDateTime":"2019-08-02T06:23:00","startDateTimeLocal":"2019-08-02T09:23:00+03:00","stageTimeDurationMs":600500,"stageTimeDuration":"00:10:00.5000000","splitPointTimeId":84551,"splitPointId":2568,"entryId":20053,"elapsedDurationMs":158600,"elapsedDuration":"PT2M38.6S","splitDateTime":"2019-08-02T06:25:38.6","splitDateTimeLocal":"2019-08-02T09:25:38.6+03:00"},{"startDateTime":"2019-08-02T06:25:00","startDateTimeLocal":"2019-08-02T09:25:00+03:00","stageTimeDurationMs":603500,"stageTimeDuration":"00:10:03.5000000","splitPointTimeId":84557,"splitPointId":2568,"entryId":20059,"elapsedDurationMs":159500,"elapsedDuration":"PT2M39.5S","splitDateTime":"2019-08-02T06:27:39.5","splitDateTimeLocal":"2019-08-02T09:27:39.5+03:00"},{"startDateTime":"2019-08-02T06:27:00","startDateTimeLocal":"2019-08-02T09:27:00+03:00","stageTimeDurationMs":603700,"stageTimeDuration":"00:10:03.7000000","splitPointTimeId":84562,"splitPointId":2568,"entryId":20054,"elapsedDurationMs":158800,"elapsedDuration":"PT2M38.8S","splitDateTime":"2019-08-02T06:29:38.8","splitDateTimeLocal":"2019-08-02T09:29:38.8+03:00"},{"startDateTime":"2019-08-02T06:29:00","startDateTimeLocal":"2019-08-02T09:29:00+03:00","stageTimeDurationMs":596300,"stageTimeDuration":"00:09:56.3000000","splitPointTimeId":84566,"splitPointId":2568,"entryId":20056,"elapsedDurationMs":157800,"elapsedDuration":"PT2M37.8S","splitDateTime":"2019-08-02T06:31:37.8","splitDateTimeLocal":"2019-08-02T09:31:37.8+03:00"},{"startDateTime":"2019-08-02T06:31:00","startDateTimeLocal":"2019-08-02T09:31:00+03:00","stageTimeDurationMs":600300,"stageTimeDuration":"00:10:00.3000000","splitPointTimeId":84573,"splitPointId":2568,"entryId":20064,"elapsedDurationMs":159400,"elapsedDuration":"PT2M39.4S","splitDateTime":"2019-08-02T06:33:39.4","splitDateTimeLocal":"2019-08-02T09:33:39.4+03:00"},{"startDateTime":"2019-08-02T06:33:00","startDateTimeLocal":"2019-08-02T09:33:00+03:00","stageTimeDurationMs":599500,"stageTimeDuration":"00:09:59.5000000","splitPointTimeId":84578,"splitPointId":2568,"entryId":20055,"elapsedDurationMs":158300,"elapsedDuration":"PT2M38.3S","splitDateTime":"2019-08-02T06:35:38.3","splitDateTimeLocal":"2019-08-02T09:35:38.3+03:00"},{"startDateTime":"2019-08-02T06:35:00","startDateTimeLocal":"2019-08-02T09:35:00+03:00","stageTimeDurationMs":599300,"stageTimeDuration":"00:09:59.3000000","splitPointTimeId":84584,"splitPointId":2568,"entryId":20058,"elapsedDurationMs":159500,"elapsedDuration":"PT2M39.5S","splitDateTime":"2019-08-02T06:37:39.5","splitDateTimeLocal":"2019-08-02T09:37:39.5+03:00"},{"startDateTime":"2019-08-02T06:37:00","startDateTimeLocal":"2019-08-02T09:37:00+03:00","stageTimeDurationMs":608300,"stageTimeDuration":"00:10:08.3000000","splitPointTimeId":84590,"splitPointId":2568,"entryId":20062,"elapsedDurationMs":161200,"elapsedDuration":"PT2M41.2S","splitDateTime":"2019-08-02T06:39:41.2","splitDateTimeLocal":"2019-08-02T09:39:41.2+03:00"},{"startDateTime":"2019-08-02T06:39:00","startDateTimeLocal":"2019-08-02T09:39:00+03:00","stageTimeDurationMs":600200,"stageTimeDuration":"00:10:00.2000000","splitPointTimeId":84597,"splitPointId":2568,"entryId":20063,"elapsedDurationMs":159200,"elapsedDuration":"PT2M39.2S","splitDateTime":"2019-08-02T06:41:39.2","splitDateTimeLocal":"2019-08-02T09:41:39.2+03:00"},{"startDateTime":"2019-08-02T06:41:00","startDateTimeLocal":"2019-08-02T09:41:00+03:00","stageTimeDurationMs":837300,"stageTimeDuration":"00:13:57.3000000","splitPointTimeId":84604,"splitPointId":2568,"entryId":20060,"elapsedDurationMs":184700,"elapsedDuration":"PT3M4.7S","splitDateTime":"2019-08-02T06:44:04.7","splitDateTimeLocal":"2019-08-02T09:44:04.7+03:00"},{"startDateTime":"2019-08-02T06:44:00","startDateTimeLocal":"2019-08-02T09:44:00+03:00","stageTimeDurationMs":626300,"stageTimeDuration":"00:10:26.3000000","splitPointTimeId":84608,"splitPointId":2568,"entryId":20065,"elapsedDurationMs":167000,"elapsedDuration":"PT2M47S","splitDateTime":"2019-08-02T06:46:47","splitDateTimeLocal":"2019-08-02T09:46:47+03:00"},{"startDateTime":"2019-08-02T06:48:00","startDateTimeLocal":"2019-08-02T09:48:00+03:00","stageTimeDurationMs":653300,"stageTimeDuration":"00:10:53.3000000","splitPointTimeId":84621,"splitPointId":2568,"entryId":20067,"elapsedDurationMs":173700,"elapsedDuration":"PT2M53.7S","splitDateTime":"2019-08-02T06:50:53.7","splitDateTimeLocal":"2019-08-02T09:50:53.7+03:00"},{"startDateTime":"2019-08-02T06:50:00","startDateTimeLocal":"2019-08-02T09:50:00+03:00","stageTimeDurationMs":629200,"stageTimeDuration":"00:10:29.2000000","splitPointTimeId":84625,"splitPointId":2568,"entryId":20068,"elapsedDurationMs":167200,"elapsedDuration":"PT2M47.2S","splitDateTime":"2019-08-02T06:52:47.2","splitDateTimeLocal":"2019-08-02T09:52:47.2+03:00"},{"startDateTime":"2019-08-02T06:52:00","startDateTimeLocal":"2019-08-02T09:52:00+03:00","stageTimeDurationMs":637700,"stageTimeDuration":"00:10:37.7000000","splitPointTimeId":84631,"splitPointId":2568,"entryId":20069,"elapsedDurationMs":168600,"elapsedDuration":"PT2M48.6S","splitDateTime":"2019-08-02T06:54:48.6","splitDateTimeLocal":"2019-08-02T09:54:48.6+03:00"},{"startDateTime":"2019-08-02T06:54:00","startDateTimeLocal":"2019-08-02T09:54:00+03:00","stageTimeDurationMs":645200,"stageTimeDuration":"00:10:45.2000000","splitPointTimeId":84639,"splitPointId":2568,"entryId":20070,"elapsedDurationMs":170500,"elapsedDuration":"PT2M50.5S","splitDateTime":"2019-08-02T06:56:50.5","splitDateTimeLocal":"2019-08-02T09:56:50.5+03:00"},{"startDateTime":"2019-08-02T06:56:00","startDateTimeLocal":"2019-08-02T09:56:00+03:00","stageTimeDurationMs":652300,"stageTimeDuration":"00:10:52.3000000","splitPointTimeId":84642,"splitPointId":2568,"entryId":20071,"elapsedDurationMs":172400,"elapsedDuration":"PT2M52.4S","splitDateTime":"2019-08-02T06:58:52.4","splitDateTimeLocal":"2019-08-02T09:58:52.4+03:00"},{"startDateTime":"2019-08-02T06:58:00","startDateTimeLocal":"2019-08-02T09:58:00+03:00","stageTimeDurationMs":1049200,"stageTimeDuration":"00:17:29.2000000","splitPointTimeId":84647,"splitPointId":2568,"entryId":20073,"elapsedDurationMs":167200,"elapsedDuration":"PT2M47.2S","splitDateTime":"2019-08-02T07:00:47.2","splitDateTimeLocal":"2019-08-02T10:00:47.2+03:00"},{"startDateTime":"2019-08-02T07:00:00","startDateTimeLocal":"2019-08-02T10:00:00+03:00","stageTimeDurationMs":665600,"stageTimeDuration":"00:11:05.6000000","splitPointTimeId":84651,"splitPointId":2568,"entryId":20074,"elapsedDurationMs":172500,"elapsedDuration":"PT2M52.5S","splitDateTime":"2019-08-02T07:02:52.5","splitDateTimeLocal":"2019-08-02T10:02:52.5+03:00"},{"startDateTime":"2019-08-02T07:02:00","startDateTimeLocal":"2019-08-02T10:02:00+03:00","stageTimeDurationMs":637600,"stageTimeDuration":"00:10:37.6000000","splitPointTimeId":84654,"splitPointId":2568,"entryId":20075,"elapsedDurationMs":169900,"elapsedDuration":"PT2M49.9S","splitDateTime":"2019-08-02T07:04:49.9","splitDateTimeLocal":"2019-08-02T10:04:49.9+03:00"},{"startDateTime":"2019-08-02T07:04:00","startDateTimeLocal":"2019-08-02T10:04:00+03:00","stageTimeDurationMs":684700,"stageTimeDuration":"00:11:24.7000000","splitPointTimeId":84657,"splitPointId":2568,"entryId":20076,"elapsedDurationMs":192200,"elapsedDuration":"PT3M12.2S","splitDateTime":"2019-08-02T07:07:12.2","splitDateTimeLocal":"2019-08-02T10:07:12.2+03:00"},{"startDateTime":"2019-08-02T07:06:00","startDateTimeLocal":"2019-08-02T10:06:00+03:00","stageTimeDurationMs":659100,"stageTimeDuration":"00:10:59.1000000","splitPointTimeId":84659,"splitPointId":2568,"entryId":20077,"elapsedDurationMs":176700,"elapsedDuration":"PT2M56.7S","splitDateTime":"2019-08-02T07:08:56.7","splitDateTimeLocal":"2019-08-02T10:08:56.7+03:00"},{"startDateTime":"2019-08-02T07:08:00","startDateTimeLocal":"2019-08-02T10:08:00+03:00","stageTimeDurationMs":712900,"stageTimeDuration":"00:11:52.9000000","splitPointTimeId":84663,"splitPointId":2568,"entryId":20072,"elapsedDurationMs":189000,"elapsedDuration":"PT3M9S","splitDateTime":"2019-08-02T07:11:09","splitDateTimeLocal":"2019-08-02T10:11:09+03:00"},{"startDateTime":"2019-08-02T07:10:00","startDateTimeLocal":"2019-08-02T10:10:00+03:00","stageTimeDurationMs":696600,"stageTimeDuration":"00:11:36.6000000","splitPointTimeId":84664,"splitPointId":2568,"entryId":20078,"elapsedDurationMs":184200,"elapsedDuration":"PT3M4.2S","splitDateTime":"2019-08-02T07:13:04.2","splitDateTimeLocal":"2019-08-02T10:13:04.2+03:00"},{"startDateTime":"2019-08-02T07:11:00","startDateTimeLocal":"2019-08-02T10:11:00+03:00","stageTimeDurationMs":695700,"stageTimeDuration":"00:11:35.7000000","splitPointTimeId":84667,"splitPointId":2568,"entryId":20079,"elapsedDurationMs":185500,"elapsedDuration":"PT3M5.5S","splitDateTime":"2019-08-02T07:14:05.5","splitDateTimeLocal":"2019-08-02T10:14:05.5+03:00"},{"startDateTime":"2019-08-02T07:12:00","startDateTimeLocal":"2019-08-02T10:12:00+03:00","stageTimeDurationMs":692200,"stageTimeDuration":"00:11:32.2000000","splitPointTimeId":84669,"splitPointId":2568,"entryId":20080,"elapsedDurationMs":184800,"elapsedDuration":"PT3M4.8S","splitDateTime":"2019-08-02T07:15:04.8","splitDateTimeLocal":"2019-08-02T10:15:04.8+03:00"},{"startDateTime":"2019-08-02T07:13:00","startDateTimeLocal":"2019-08-02T10:13:00+03:00","stageTimeDurationMs":698000,"stageTimeDuration":"00:11:38","splitPointTimeId":84670,"splitPointId":2568,"entryId":20081,"elapsedDurationMs":186000,"elapsedDuration":"PT3M6S","splitDateTime":"2019-08-02T07:16:06","splitDateTimeLocal":"2019-08-02T10:16:06+03:00"},{"startDateTime":"2019-08-02T07:14:00","startDateTimeLocal":"2019-08-02T10:14:00+03:00","stageTimeDurationMs":698300,"stageTimeDuration":"00:11:38.3000000","splitPointTimeId":84672,"splitPointId":2568,"entryId":20082,"elapsedDurationMs":187200,"elapsedDuration":"PT3M7.2S","splitDateTime":"2019-08-02T07:17:07.2","splitDateTimeLocal":"2019-08-02T10:17:07.2+03:00"},{"startDateTime":"2019-08-02T07:15:00","startDateTimeLocal":"2019-08-02T10:15:00+03:00","stageTimeDurationMs":721100,"stageTimeDuration":"00:12:01.1000000","splitPointTimeId":84674,"splitPointId":2568,"entryId":20083,"elapsedDurationMs":190600,"elapsedDuration":"PT3M10.6S","splitDateTime":"2019-08-02T07:18:10.6","splitDateTimeLocal":"2019-08-02T10:18:10.6+03:00"},{"startDateTime":"2019-08-02T07:16:00","startDateTimeLocal":"2019-08-02T10:16:00+03:00","stageTimeDurationMs":693300,"stageTimeDuration":"00:11:33.3000000","splitPointTimeId":84676,"splitPointId":2568,"entryId":20084,"elapsedDurationMs":185900,"elapsedDuration":"PT3M5.9S","splitDateTime":"2019-08-02T07:19:05.9","splitDateTimeLocal":"2019-08-02T10:19:05.9+03:00"},{"startDateTime":"2019-08-02T07:17:00","startDateTimeLocal":"2019-08-02T10:17:00+03:00","stageTimeDurationMs":701700,"stageTimeDuration":"00:11:41.7000000","splitPointTimeId":84681,"splitPointId":2568,"entryId":20085,"elapsedDurationMs":184200,"elapsedDuration":"PT3M4.2S","splitDateTime":"2019-08-02T07:20:04.2","splitDateTimeLocal":"2019-08-02T10:20:04.2+03:00"},{"startDateTime":"2019-08-02T07:18:00","startDateTimeLocal":"2019-08-02T10:18:00+03:00","stageTimeDurationMs":733800,"stageTimeDuration":"00:12:13.8000000","splitPointTimeId":84683,"splitPointId":2568,"entryId":20086,"elapsedDurationMs":198100,"elapsedDuration":"PT3M18.1S","splitDateTime":"2019-08-02T07:21:18.1","splitDateTimeLocal":"2019-08-02T10:21:18.1+03:00"},{"startDateTime":"2019-08-02T07:19:00","startDateTimeLocal":"2019-08-02T10:19:00+03:00","stageTimeDurationMs":711500,"stageTimeDuration":"00:11:51.5000000","splitPointTimeId":84686,"splitPointId":2568,"entryId":20087,"elapsedDurationMs":188700,"elapsedDuration":"PT3M8.7S","splitDateTime":"2019-08-02T07:22:08.7","splitDateTimeLocal":"2019-08-02T10:22:08.7+03:00"},{"startDateTime":"2019-08-02T07:20:00","startDateTimeLocal":"2019-08-02T10:20:00+03:00","stageTimeDurationMs":732200,"stageTimeDuration":"00:12:12.2000000","splitPointTimeId":84689,"splitPointId":2568,"entryId":20088,"elapsedDurationMs":195400,"elapsedDuration":"PT3M15.4S","splitDateTime":"2019-08-02T07:23:15.4","splitDateTimeLocal":"2019-08-02T10:23:15.4+03:00"},{"startDateTime":"2019-08-02T07:21:00","startDateTimeLocal":"2019-08-02T10:21:00+03:00","stageTimeDurationMs":759900,"stageTimeDuration":"00:12:39.9000000","splitPointTimeId":84692,"splitPointId":2568,"entryId":20089,"elapsedDurationMs":204200,"elapsedDuration":"PT3M24.2S","splitDateTime":"2019-08-02T07:24:24.2","splitDateTimeLocal":"2019-08-02T10:24:24.2+03:00"},{"startDateTime":"2019-08-02T07:24:00","startDateTimeLocal":"2019-08-02T10:24:00+03:00","stageTimeDurationMs":690100,"stageTimeDuration":"00:11:30.1000000","splitPointTimeId":84700,"splitPointId":2568,"entryId":20090,"elapsedDurationMs":185300,"elapsedDuration":"PT3M5.3S","splitDateTime":"2019-08-02T07:27:05.3","splitDateTimeLocal":"2019-08-02T10:27:05.3+03:00"},{"startDateTime":"2019-08-02T07:25:00","startDateTimeLocal":"2019-08-02T10:25:00+03:00","stageTimeDurationMs":700500,"stageTimeDuration":"00:11:40.5000000","splitPointTimeId":84702,"splitPointId":2568,"entryId":20091,"elapsedDurationMs":188900,"elapsedDuration":"PT3M8.9S","splitDateTime":"2019-08-02T07:28:08.9","splitDateTimeLocal":"2019-08-02T10:28:08.9+03:00"},{"startDateTime":"2019-08-02T07:26:00","startDateTimeLocal":"2019-08-02T10:26:00+03:00","stageTimeDurationMs":693400,"stageTimeDuration":"00:11:33.4000000","splitPointTimeId":84708,"splitPointId":2568,"entryId":20106,"elapsedDurationMs":185300,"elapsedDuration":"PT3M5.3S","splitDateTime":"2019-08-02T07:29:05.3","splitDateTimeLocal":"2019-08-02T10:29:05.3+03:00"},{"startDateTime":"2019-08-02T07:30:00","startDateTimeLocal":"2019-08-02T10:30:00+03:00","stageTimeDurationMs":631600,"stageTimeDuration":"00:10:31.6000000","splitPointTimeId":84717,"splitPointId":2568,"entryId":20092,"elapsedDurationMs":168100,"elapsedDuration":"PT2M48.1S","splitDateTime":"2019-08-02T07:32:48.1","splitDateTimeLocal":"2019-08-02T10:32:48.1+03:00"},{"startDateTime":"2019-08-02T07:31:00","startDateTimeLocal":"2019-08-02T10:31:00+03:00","stageTimeDurationMs":652900,"stageTimeDuration":"00:10:52.9000000","splitPointTimeId":84719,"splitPointId":2568,"entryId":20093,"elapsedDurationMs":173200,"elapsedDuration":"PT2M53.2S","splitDateTime":"2019-08-02T07:33:53.2","splitDateTimeLocal":"2019-08-02T10:33:53.2+03:00"},{"startDateTime":"2019-08-02T07:32:00","startDateTimeLocal":"2019-08-02T10:32:00+03:00","stageTimeDurationMs":646200,"stageTimeDuration":"00:10:46.2000000","splitPointTimeId":84724,"splitPointId":2568,"entryId":20096,"elapsedDurationMs":171000,"elapsedDuration":"PT2M51S","splitDateTime":"2019-08-02T07:34:51","splitDateTimeLocal":"2019-08-02T10:34:51+03:00"},{"startDateTime":"2019-08-02T07:33:00","startDateTimeLocal":"2019-08-02T10:33:00+03:00","stageTimeDurationMs":695000,"stageTimeDuration":"00:11:35","splitPointTimeId":84729,"splitPointId":2568,"entryId":20097,"elapsedDurationMs":186600,"elapsedDuration":"PT3M6.6S","splitDateTime":"2019-08-02T07:36:06.6","splitDateTimeLocal":"2019-08-02T10:36:06.6+03:00"},{"startDateTime":"2019-08-02T07:34:00","startDateTimeLocal":"2019-08-02T10:34:00+03:00","stageTimeDurationMs":683800,"stageTimeDuration":"00:11:23.8000000","splitPointTimeId":84731,"splitPointId":2568,"entryId":20098,"elapsedDurationMs":184200,"elapsedDuration":"PT3M4.2S","splitDateTime":"2019-08-02T07:37:04.2","splitDateTimeLocal":"2019-08-02T10:37:04.2+03:00"},{"startDateTime":"2019-08-02T07:35:00","startDateTimeLocal":"2019-08-02T10:35:00+03:00","stageTimeDurationMs":696800,"stageTimeDuration":"00:11:36.8000000","splitPointTimeId":84734,"splitPointId":2568,"entryId":20099,"elapsedDurationMs":187200,"elapsedDuration":"PT3M7.2S","splitDateTime":"2019-08-02T07:38:07.2","splitDateTimeLocal":"2019-08-02T10:38:07.2+03:00"},{"startDateTime":"2019-08-02T07:36:00","startDateTimeLocal":"2019-08-02T10:36:00+03:00","stageTimeDurationMs":721500,"stageTimeDuration":"00:12:01.5000000","splitPointTimeId":84738,"splitPointId":2568,"entryId":20100,"elapsedDurationMs":207100,"elapsedDuration":"PT3M27.1S","splitDateTime":"2019-08-02T07:39:27.1","splitDateTimeLocal":"2019-08-02T10:39:27.1+03:00"},{"startDateTime":"2019-08-02T07:39:00","startDateTimeLocal":"2019-08-02T10:39:00+03:00","stageTimeDurationMs":703000,"stageTimeDuration":"00:11:43","splitPointTimeId":84745,"splitPointId":2568,"entryId":20103,"elapsedDurationMs":192000,"elapsedDuration":"PT3M12S","splitDateTime":"2019-08-02T07:42:12","splitDateTimeLocal":"2019-08-02T10:42:12+03:00"},{"startDateTime":"2019-08-02T07:40:00","startDateTimeLocal":"2019-08-02T10:40:00+03:00","stageTimeDurationMs":723700,"stageTimeDuration":"00:12:03.7000000","splitPointTimeId":84753,"splitPointId":2568,"entryId":20104,"elapsedDurationMs":193600,"elapsedDuration":"PT3M13.6S","splitDateTime":"2019-08-02T07:43:13.6","splitDateTimeLocal":"2019-08-02T10:43:13.6+03:00"},{"startDateTime":"2019-08-02T07:41:00","startDateTimeLocal":"2019-08-02T10:41:00+03:00","stageTimeDurationMs":765500,"stageTimeDuration":"00:12:45.5000000","splitPointTimeId":84754,"splitPointId":2568,"entryId":20105,"elapsedDurationMs":202600,"elapsedDuration":"PT3M22.6S","splitDateTime":"2019-08-02T07:44:22.6","splitDateTimeLocal":"2019-08-02T10:44:22.6+03:00"},{"startDateTime":"2019-08-02T07:43:00","startDateTimeLocal":"2019-08-02T10:43:00+03:00","stageTimeDurationMs":853900,"stageTimeDuration":"00:14:13.9000000","splitPointTimeId":84761,"splitPointId":2568,"entryId":20101,"elapsedDurationMs":227000,"elapsedDuration":"PT3M47S","splitDateTime":"2019-08-02T07:46:47","splitDateTimeLocal":"2019-08-02T10:46:47+03:00"},{"startDateTime":"2019-08-02T07:45:00","startDateTimeLocal":"2019-08-02T10:45:00+03:00","stageTimeDurationMs":709900,"stageTimeDuration":"00:11:49.9000000","splitPointTimeId":84763,"splitPointId":2568,"entryId":20107,"elapsedDurationMs":191600,"elapsedDuration":"PT3M11.6S","splitDateTime":"2019-08-02T07:48:11.6","splitDateTimeLocal":"2019-08-02T10:48:11.6+03:00"},{"startDateTime":"2019-08-02T07:46:00","startDateTimeLocal":"2019-08-02T10:46:00+03:00","stageTimeDurationMs":713000,"stageTimeDuration":"00:11:53","splitPointTimeId":84766,"splitPointId":2568,"entryId":20108,"elapsedDurationMs":189600,"elapsedDuration":"PT3M9.6S","splitDateTime":"2019-08-02T07:49:09.6","splitDateTimeLocal":"2019-08-02T10:49:09.6+03:00"},{"startDateTime":"2019-08-02T07:47:00","startDateTimeLocal":"2019-08-02T10:47:00+03:00","stageTimeDurationMs":708900,"stageTimeDuration":"00:11:48.9000000","splitPointTimeId":84771,"splitPointId":2568,"entryId":20109,"elapsedDurationMs":192100,"elapsedDuration":"PT3M12.1S","splitDateTime":"2019-08-02T07:50:12.1","splitDateTimeLocal":"2019-08-02T10:50:12.1+03:00"},{"startDateTime":"2019-08-02T07:48:00","startDateTimeLocal":"2019-08-02T10:48:00+03:00","stageTimeDurationMs":818700,"stageTimeDuration":"00:13:38.7000000","splitPointTimeId":84773,"splitPointId":2568,"entryId":20110,"elapsedDurationMs":215200,"elapsedDuration":"PT3M35.2S","splitDateTime":"2019-08-02T07:51:35.2","splitDateTimeLocal":"2019-08-02T10:51:35.2+03:00"},{"startDateTime":"2019-08-02T07:49:00","startDateTimeLocal":"2019-08-02T10:49:00+03:00","stageTimeDurationMs":752500,"stageTimeDuration":"00:12:32.5000000","splitPointTimeId":84775,"splitPointId":2568,"entryId":20111,"elapsedDurationMs":201200,"elapsedDuration":"PT3M21.2S","splitDateTime":"2019-08-02T07:52:21.2","splitDateTimeLocal":"2019-08-02T10:52:21.2+03:00"},{"startDateTime":"2019-08-02T07:50:00","startDateTimeLocal":"2019-08-02T10:50:00+03:00","stageTimeDurationMs":742500,"stageTimeDuration":"00:12:22.5000000","splitPointTimeId":84778,"splitPointId":2568,"entryId":20112,"elapsedDurationMs":198500,"elapsedDuration":"PT3M18.5S","splitDateTime":"2019-08-02T07:53:18.5","splitDateTimeLocal":"2019-08-02T10:53:18.5+03:00"},{"startDateTime":"2019-08-02T07:51:00","startDateTimeLocal":"2019-08-02T10:51:00+03:00","stageTimeDurationMs":784600,"stageTimeDuration":"00:13:04.6000000","splitPointTimeId":84781,"splitPointId":2568,"entryId":20113,"elapsedDurationMs":212900,"elapsedDuration":"PT3M32.9S","splitDateTime":"2019-08-02T07:54:32.9","splitDateTimeLocal":"2019-08-02T10:54:32.9+03:00"},{"startDateTime":"2019-08-02T07:52:00","startDateTimeLocal":"2019-08-02T10:52:00+03:00","stageTimeDurationMs":841100,"stageTimeDuration":"00:14:01.1000000","splitPointTimeId":84787,"splitPointId":2568,"entryId":20114,"elapsedDurationMs":226100,"elapsedDuration":"PT3M46.1S","splitDateTime":"2019-08-02T07:55:46.1","splitDateTimeLocal":"2019-08-02T10:55:46.1+03:00"},{"startDateTime":"2019-08-02T07:53:00","startDateTimeLocal":"2019-08-02T10:53:00+03:00","stageTimeDurationMs":869300,"stageTimeDuration":"00:14:29.3000000","splitPointTimeId":84791,"splitPointId":2568,"entryId":20115,"elapsedDurationMs":231300,"elapsedDuration":"PT3M51.3S","splitDateTime":"2019-08-02T07:56:51.3","splitDateTimeLocal":"2019-08-02T10:56:51.3+03:00"}]