{"splitPoints":[{"splitPointId":2502,"stageId":1232,"number":1,"distance":4.99},{"splitPointId":2504,"stageId":1232,"number":3,"distance":11.7},{"splitPointId":2505,"stageId":1232,"number":2,"distance":9.3}],"controls":[{"controlId":5158,"eventId":85,"stageId":1232,"type":"TimeControl","code":"TC15B","location":"Parc Fermé OUT / Flexi Service IN","timingPrecision":"Minute","distance":null,"targetDuration":null,"targetDurationMs":null,"firstCarDueDateTime":null,"firstCarDueDateTimeLocal":null,"status":"Completed","controlPenalties":"None","roundingPolicy":"NoRounding","locked":false},{"controlId":5159,"eventId":85,"stageId":1232,"type":"TimeControl","code":"TC15C","location":"Flexi Service OUT - Parc Fermé IN","timingPrecision":"Minute","distance":null,"targetDuration":null,"targetDurationMs":null,"firstCarDueDateTime":null,"firstCarDueDateTimeLocal":null,"status":"Completed","controlPenalties":"None","roundingPolicy":"NoRounding","locked":false},{"controlId":5165,"eventId":85,"stageId":1232,"type":"TimeControl","code":"TC15D","location":"Parc Fermé OUT - Service IN","timingPrecision":"Minute","distance":null,"targetDuration":null,"targetDurationMs":null,"firstCarDueDateTime":"2019-06-16T05:15:00","firstCarDueDateTimeLocal":"2019-06-16T07:15:00+02:00","status":"Completed","controlPenalties":"All","roundingPolicy":"NoRounding","locked":false},{"controlId":5166,"eventId":85,"stageId":1232,"type":"TimeControl","code":"TC15E","location":"Service OUT","timingPrecision":"Minute","distance":null,"targetDuration":"00:15:00","targetDurationMs":900000,"firstCarDueDateTime":"2019-06-16T05:30:00","firstCarDueDateTimeLocal":"2019-06-16T07:30:00+02:00","status":"Completed","controlPenalties":"All","roundingPolicy":"NoRounding","locked":false},{"controlId":5168,"eventId":85,"stageId":1232,"type":"RegroupIn","code":"TC16A","location":"Regroup IN","timingPrecision":"Minute","distance":3.1,"targetDuration":"00:21:00","targetDurationMs":1260000,"firstCarDueDateTime":"2019-06-16T06:36:00","firstCarDueDateTimeLocal":"2019-06-16T08:36:00+02:00","status":"Completed","controlPenalties":"None","roundingPolicy":"NoRounding","locked":false},{"controlId":5172,"eventId":85,"stageId":1232,"type":"RegroupIn","code":"TC17A","location":"Regroup IN","timingPrecision":"Minute","distance":32.19,"targetDuration":"00:48:00","targetDurationMs":2880000,"firstCarDueDateTime":"2019-06-16T07:56:00","firstCarDueDateTimeLocal":"2019-06-16T09:56:00+02:00","status":"Completed","controlPenalties":"All","roundingPolicy":"NoRounding","locked":false},{"controlId":5173,"eventId":85,"stageId":1232,"type":"RegroupOut","code":"TC17B","location":"Regroup OUT","timingPrecision":"Minute","distance":null,"targetDuration":"00:45:00","targetDurationMs":2700000,"firstCarDueDateTime":"2019-06-16T08:41:00","firstCarDueDateTimeLocal":"2019-06-16T10:41:00+02:00","status":"Completed","controlPenalties":"None","roundingPolicy":"NoRounding","locked":false},{"controlId":5174,"eventId":85,"stageId":1232,"type":"RegroupIn","code":"TC18A","location":"Regroup IN","timingPrecision":"Minute","distance":3.1,"targetDuration":"00:21:00","targetDurationMs":1260000,"firstCarDueDateTime":"2019-06-16T09:36:00","firstCarDueDateTimeLocal":"2019-06-16T11:36:00+02:00","status":"Completed","controlPenalties":"All","roundingPolicy":"NoRounding","locked":false},{"controlId":5181,"eventId":85,"stageId":1232,"type":"RegroupOut","code":"TC16B","location":"Regroup OUT","timingPrecision":"Minute","distance":null,"targetDuration":"00:20:00","targetDurationMs":1200000,"firstCarDueDateTime":"2019-06-16T06:56:00","firstCarDueDateTimeLocal":"2019-06-16T08:56:00+02:00","status":"Completed","controlPenalties":"None","roundingPolicy":"NoRounding","locked":false},{"controlId":5182,"eventId":85,"stageId":1232,"type":"TimeControl","code":"TC15A","location":"Technical Zone & Parc Fermé IN","timingPrecision":"Minute","distance":97.49,"targetDuration":"02:32:00","targetDurationMs":9120000,"firstCarDueDateTime":"2019-06-15T18:35:00","firstCarDueDateTimeLocal":"2019-06-15T20:35:00+02:00","status":"Completed","controlPenalties":"All","roundingPolicy":"NoRounding","locked":false},{"controlId":5201,"eventId":85,"stageId":1232,"type":"TimeControl","code":"TC16","location":"Canaglia","timingPrecision":"Minute","distance":34.91,"targetDuration":"00:42:00","targetDurationMs":2520000,"firstCarDueDateTime":"2019-06-16T06:12:00","firstCarDueDateTimeLocal":"2019-06-16T08:12:00+02:00","status":"Completed","controlPenalties":"All","roundingPolicy":"NoRounding","locked":false},{"controlId":5202,"eventId":85,"stageId":1232,"type":"StageStart","code":"SS16","location":"CALA FLUMINI 1","timingPrecision":"Minute","distance":14.06,"targetDuration":"00:03:00","targetDurationMs":180000,"firstCarDueDateTime":"2019-06-16T06:15:00","firstCarDueDateTimeLocal":"2019-06-16T08:15:00+02:00","status":"Interrupted","controlPenalties":"None","roundingPolicy":"RoundToClosestMinute","locked":false},{"controlId":5203,"eventId":85,"stageId":1232,"type":"FlyingFinish","code":"SF16","location":"CALA FLUMINI 1","timingPrecision":"Tenth","distance":null,"targetDuration":null,"targetDurationMs":null,"firstCarDueDateTime":null,"firstCarDueDateTimeLocal":null,"status":"Interrupted","controlPenalties":"None","roundingPolicy":"NoRounding","locked":false}],"stageId":1232,"eventId":85,"number":16,"name":"CALA FLUMINI 1","distance":14.06,"status":"Interrupted","stageType":"SpecialStage","timingPrecision":"Tenth","locked":false,"code":"SS16"}