[{"startDateTime":"2019-10-25T15:16:00","startDateTimeLocal":"2019-10-25T17:16:00+02:00","stageTimeDurationMs":1565500,"stageTimeDuration":"00:26:05.5000000","splitPointTimeId":99917,"splitPointId":3032,"entryId":20610,"elapsedDurationMs":203800,"elapsedDuration":"PT3M23.8S","splitDateTime":"2019-10-25T15:19:23.8","splitDateTimeLocal":"2019-10-25T17:19:23.8+02:00"},{"startDateTime":"2019-10-25T15:19:00","startDateTimeLocal":"2019-10-25T17:19:00+02:00","stageTimeDurationMs":1573700,"stageTimeDuration":"00:26:13.7000000","splitPointTimeId":99923,"splitPointId":3032,"entryId":20605,"elapsedDurationMs":206800,"elapsedDuration":"PT3M26.8S","splitDateTime":"2019-10-25T15:22:26.8","splitDateTimeLocal":"2019-10-25T17:22:26.8+02:00"},{"startDateTime":"2019-10-25T15:22:00","startDateTimeLocal":"2019-10-25T17:22:00+02:00","stageTimeDurationMs":1558000,"stageTimeDuration":"00:25:58","splitPointTimeId":99932,"splitPointId":3032,"entryId":20612,"elapsedDurationMs":202800,"elapsedDuration":"PT3M22.8S","splitDateTime":"2019-10-25T15:25:22.8","splitDateTimeLocal":"2019-10-25T17:25:22.8+02:00"},{"startDateTime":"2019-10-25T15:25:00","startDateTimeLocal":"2019-10-25T17:25:00+02:00","stageTimeDurationMs":1555700,"stageTimeDuration":"00:25:55.7000000","splitPointTimeId":99937,"splitPointId":3032,"entryId":20608,"elapsedDurationMs":201400,"elapsedDuration":"PT3M21.4S","splitDateTime":"2019-10-25T15:28:21.4","splitDateTimeLocal":"2019-10-25T17:28:21.4+02:00"},{"startDateTime":"2019-10-25T15:28:00","startDateTimeLocal":"2019-10-25T17:28:00+02:00","stageTimeDurationMs":1585200,"stageTimeDuration":"00:26:25.2000000","splitPointTimeId":99946,"splitPointId":3032,"entryId":20614,"elapsedDurationMs":203800,"elapsedDuration":"PT3M23.8S","splitDateTime":"2019-10-25T15:31:23.8","splitDateTimeLocal":"2019-10-25T17:31:23.8+02:00"},{"startDateTime":"2019-10-25T15:31:00","startDateTimeLocal":"2019-10-25T17:31:00+02:00","stageTimeDurationMs":1564700,"stageTimeDuration":"00:26:04.7000000","splitPointTimeId":99956,"splitPointId":3032,"entryId":20611,"elapsedDurationMs":202000,"elapsedDuration":"PT3M22S","splitDateTime":"2019-10-25T15:34:22","splitDateTimeLocal":"2019-10-25T17:34:22+02:00"},{"startDateTime":"2019-10-25T15:37:00","startDateTimeLocal":"2019-10-25T17:37:00+02:00","stageTimeDurationMs":1579200,"stageTimeDuration":"00:26:19.2000000","splitPointTimeId":99975,"splitPointId":3032,"entryId":20606,"elapsedDurationMs":204300,"elapsedDuration":"PT3M24.3S","splitDateTime":"2019-10-25T15:40:24.3","splitDateTimeLocal":"2019-10-25T17:40:24.3+02:00"},{"startDateTime":"2019-10-25T15:40:00","startDateTimeLocal":"2019-10-25T17:40:00+02:00","stageTimeDurationMs":1568500,"stageTimeDuration":"00:26:08.5000000","splitPointTimeId":99982,"splitPointId":3032,"entryId":20609,"elapsedDurationMs":202900,"elapsedDuration":"PT3M22.9S","splitDateTime":"2019-10-25T15:43:22.9","splitDateTimeLocal":"2019-10-25T17:43:22.9+02:00"},{"startDateTime":"2019-10-25T15:43:00","startDateTimeLocal":"2019-10-25T17:43:00+02:00","stageTimeDurationMs":1546800,"stageTimeDuration":"00:25:46.8000000","splitPointTimeId":99991,"splitPointId":3032,"entryId":20613,"elapsedDurationMs":201300,"elapsedDuration":"PT3M21.3S","splitDateTime":"2019-10-25T15:46:21.3","splitDateTimeLocal":"2019-10-25T17:46:21.3+02:00"},{"startDateTime":"2019-10-25T15:46:00","startDateTimeLocal":"2019-10-25T17:46:00+02:00","stageTimeDurationMs":1588800,"stageTimeDuration":"00:26:28.8000000","splitPointTimeId":100001,"splitPointId":3032,"entryId":20615,"elapsedDurationMs":206300,"elapsedDuration":"PT3M26.3S","splitDateTime":"2019-10-25T15:49:26.3","splitDateTimeLocal":"2019-10-25T17:49:26.3+02:00"},{"startDateTime":"2019-10-25T15:48:00","startDateTimeLocal":"2019-10-25T17:48:00+02:00","stageTimeDurationMs":1632400,"stageTimeDuration":"00:27:12.4000000","splitPointTimeId":100008,"splitPointId":3032,"entryId":20616,"elapsedDurationMs":210900,"elapsedDuration":"PT3M30.9S","splitDateTime":"2019-10-25T15:51:30.9","splitDateTimeLocal":"2019-10-25T17:51:30.9+02:00"},{"startDateTime":"2019-10-25T15:50:00","startDateTimeLocal":"2019-10-25T17:50:00+02:00","stageTimeDurationMs":1640500,"stageTimeDuration":"00:27:20.5000000","splitPointTimeId":100014,"splitPointId":3032,"entryId":20617,"elapsedDurationMs":211800,"elapsedDuration":"PT3M31.8S","splitDateTime":"2019-10-25T15:53:31.8","splitDateTimeLocal":"2019-10-25T17:53:31.8+02:00"},{"startDateTime":"2019-10-25T15:52:00","startDateTimeLocal":"2019-10-25T17:52:00+02:00","stageTimeDurationMs":1628200,"stageTimeDuration":"00:27:08.2000000","splitPointTimeId":100018,"splitPointId":3032,"entryId":20618,"elapsedDurationMs":207800,"elapsedDuration":"PT3M27.8S","splitDateTime":"2019-10-25T15:55:27.8","splitDateTimeLocal":"2019-10-25T17:55:27.8+02:00"},{"startDateTime":"2019-10-25T15:54:00","startDateTimeLocal":"2019-10-25T17:54:00+02:00","stageTimeDurationMs":1634600,"stageTimeDuration":"00:27:14.6000000","splitPointTimeId":100025,"splitPointId":3032,"entryId":20619,"elapsedDurationMs":210900,"elapsedDuration":"PT3M30.9S","splitDateTime":"2019-10-25T15:57:30.9","splitDateTimeLocal":"2019-10-25T17:57:30.9+02:00"},{"startDateTime":"2019-10-25T15:56:00","startDateTimeLocal":"2019-10-25T17:56:00+02:00","stageTimeDurationMs":1625100,"stageTimeDuration":"00:27:05.1000000","splitPointTimeId":100031,"splitPointId":3032,"entryId":20620,"elapsedDurationMs":208000,"elapsedDuration":"PT3M28S","splitDateTime":"2019-10-25T15:59:28","splitDateTimeLocal":"2019-10-25T17:59:28+02:00"},{"startDateTime":"2019-10-25T15:58:00","startDateTimeLocal":"2019-10-25T17:58:00+02:00","stageTimeDurationMs":1689900,"stageTimeDuration":"00:28:09.9000000","splitPointTimeId":100039,"splitPointId":3032,"entryId":20621,"elapsedDurationMs":222400,"elapsedDuration":"PT3M42.4S","splitDateTime":"2019-10-25T16:01:42.4","splitDateTimeLocal":"2019-10-25T18:01:42.4+02:00"},{"startDateTime":"2019-10-25T16:00:00","startDateTimeLocal":"2019-10-25T18:00:00+02:00","stageTimeDurationMs":1633000,"stageTimeDuration":"00:27:13","splitPointTimeId":100047,"splitPointId":3032,"entryId":20622,"elapsedDurationMs":210800,"elapsedDuration":"PT3M30.8S","splitDateTime":"2019-10-25T16:03:30.8","splitDateTimeLocal":"2019-10-25T18:03:30.8+02:00"},{"startDateTime":"2019-10-25T16:02:00","startDateTimeLocal":"2019-10-25T18:02:00+02:00","stageTimeDurationMs":1629300,"stageTimeDuration":"00:27:09.3000000","splitPointTimeId":100055,"splitPointId":3032,"entryId":20623,"elapsedDurationMs":209300,"elapsedDuration":"PT3M29.3S","splitDateTime":"2019-10-25T16:05:29.3","splitDateTimeLocal":"2019-10-25T18:05:29.3+02:00"},{"startDateTime":"2019-10-25T16:04:00","startDateTimeLocal":"2019-10-25T18:04:00+02:00","stageTimeDurationMs":1719000,"stageTimeDuration":"00:28:39","splitPointTimeId":100062,"splitPointId":3032,"entryId":20624,"elapsedDurationMs":213000,"elapsedDuration":"PT3M33S","splitDateTime":"2019-10-25T16:07:33","splitDateTimeLocal":"2019-10-25T18:07:33+02:00"},{"startDateTime":"2019-10-25T16:06:00","startDateTimeLocal":"2019-10-25T18:06:00+02:00","stageTimeDurationMs":1704000,"stageTimeDuration":"00:28:24","splitPointTimeId":100070,"splitPointId":3032,"entryId":20625,"elapsedDurationMs":213000,"elapsedDuration":"PT3M33S","splitDateTime":"2019-10-25T16:09:33","splitDateTimeLocal":"2019-10-25T18:09:33+02:00"},{"startDateTime":"2019-10-25T16:08:00","startDateTimeLocal":"2019-10-25T18:08:00+02:00","stageTimeDurationMs":1631600,"stageTimeDuration":"00:27:11.6000000","splitPointTimeId":100077,"splitPointId":3032,"entryId":20626,"elapsedDurationMs":209000,"elapsedDuration":"PT3M29S","splitDateTime":"2019-10-25T16:11:29","splitDateTimeLocal":"2019-10-25T18:11:29+02:00"},{"startDateTime":"2019-10-25T16:11:00","startDateTimeLocal":"2019-10-25T18:11:00+02:00","stageTimeDurationMs":2218000,"stageTimeDuration":"00:36:58","splitPointTimeId":100088,"splitPointId":3032,"entryId":20631,"elapsedDurationMs":213300,"elapsedDuration":"PT3M33.3S","splitDateTime":"2019-10-25T16:14:33.3","splitDateTimeLocal":"2019-10-25T18:14:33.3+02:00"},{"startDateTime":"2019-10-25T16:13:00","startDateTimeLocal":"2019-10-25T18:13:00+02:00","stageTimeDurationMs":1651300,"stageTimeDuration":"00:27:31.3000000","splitPointTimeId":100098,"splitPointId":3032,"entryId":20632,"elapsedDurationMs":213300,"elapsedDuration":"PT3M33.3S","splitDateTime":"2019-10-25T16:16:33.3","splitDateTimeLocal":"2019-10-25T18:16:33.3+02:00"},{"startDateTime":"2019-10-25T16:15:00","startDateTimeLocal":"2019-10-25T18:15:00+02:00","stageTimeDurationMs":1618000,"stageTimeDuration":"00:26:58","splitPointTimeId":100106,"splitPointId":3032,"entryId":20635,"elapsedDurationMs":209300,"elapsedDuration":"PT3M29.3S","splitDateTime":"2019-10-25T16:18:29.3","splitDateTimeLocal":"2019-10-25T18:18:29.3+02:00"},{"startDateTime":"2019-10-25T16:17:00","startDateTimeLocal":"2019-10-25T18:17:00+02:00","stageTimeDurationMs":1622500,"stageTimeDuration":"00:27:02.5000000","splitPointTimeId":100114,"splitPointId":3032,"entryId":20636,"elapsedDurationMs":209600,"elapsedDuration":"PT3M29.6S","splitDateTime":"2019-10-25T16:20:29.6","splitDateTimeLocal":"2019-10-25T18:20:29.6+02:00"},{"startDateTime":"2019-10-25T16:19:00","startDateTimeLocal":"2019-10-25T18:19:00+02:00","stageTimeDurationMs":1665600,"stageTimeDuration":"00:27:45.6000000","splitPointTimeId":100121,"splitPointId":3032,"entryId":20637,"elapsedDurationMs":215800,"elapsedDuration":"PT3M35.8S","splitDateTime":"2019-10-25T16:22:35.8","splitDateTimeLocal":"2019-10-25T18:22:35.8+02:00"},{"startDateTime":"2019-10-25T16:21:00","startDateTimeLocal":"2019-10-25T18:21:00+02:00","stageTimeDurationMs":1651100,"stageTimeDuration":"00:27:31.1000000","splitPointTimeId":100129,"splitPointId":3032,"entryId":20638,"elapsedDurationMs":215800,"elapsedDuration":"PT3M35.8S","splitDateTime":"2019-10-25T16:24:35.8","splitDateTimeLocal":"2019-10-25T18:24:35.8+02:00"},{"startDateTime":"2019-10-25T16:23:00","startDateTimeLocal":"2019-10-25T18:23:00+02:00","stageTimeDurationMs":1664400,"stageTimeDuration":"00:27:44.4000000","splitPointTimeId":100136,"splitPointId":3032,"entryId":20633,"elapsedDurationMs":216300,"elapsedDuration":"PT3M36.3S","splitDateTime":"2019-10-25T16:26:36.3","splitDateTimeLocal":"2019-10-25T18:26:36.3+02:00"},{"startDateTime":"2019-10-25T16:25:00","startDateTimeLocal":"2019-10-25T18:25:00+02:00","stageTimeDurationMs":1780000,"stageTimeDuration":"00:29:40","splitPointTimeId":100140,"splitPointId":3032,"entryId":20628,"elapsedDurationMs":234900,"elapsedDuration":"PT3M54.9S","splitDateTime":"2019-10-25T16:28:54.9","splitDateTimeLocal":"2019-10-25T18:28:54.9+02:00"},{"startDateTime":"2019-10-25T16:27:00","startDateTimeLocal":"2019-10-25T18:27:00+02:00","stageTimeDurationMs":1830100,"stageTimeDuration":"00:30:30.1000000","splitPointTimeId":100144,"splitPointId":3032,"entryId":20634,"elapsedDurationMs":240800,"elapsedDuration":"PT4M0.8S","splitDateTime":"2019-10-25T16:31:00.8","splitDateTimeLocal":"2019-10-25T18:31:00.8+02:00"},{"startDateTime":"2019-10-25T16:30:00","startDateTimeLocal":"2019-10-25T18:30:00+02:00","stageTimeDurationMs":1763200,"stageTimeDuration":"00:29:23.2000000","splitPointTimeId":100154,"splitPointId":3032,"entryId":20639,"elapsedDurationMs":225300,"elapsedDuration":"PT3M45.3S","splitDateTime":"2019-10-25T16:33:45.3","splitDateTimeLocal":"2019-10-25T18:33:45.3+02:00"},{"startDateTime":"2019-10-25T16:32:00","startDateTimeLocal":"2019-10-25T18:32:00+02:00","stageTimeDurationMs":1929000,"stageTimeDuration":"00:32:09","splitPointTimeId":100158,"splitPointId":3032,"entryId":20640,"elapsedDurationMs":257900,"elapsedDuration":"PT4M17.9S","splitDateTime":"2019-10-25T16:36:17.9","splitDateTimeLocal":"2019-10-25T18:36:17.9+02:00"},{"startDateTime":"2019-10-25T16:34:00","startDateTimeLocal":"2019-10-25T18:34:00+02:00","stageTimeDurationMs":1903000,"stageTimeDuration":"00:31:43","splitPointTimeId":100164,"splitPointId":3032,"entryId":20642,"elapsedDurationMs":256500,"elapsedDuration":"PT4M16.5S","splitDateTime":"2019-10-25T16:38:16.5","splitDateTimeLocal":"2019-10-25T18:38:16.5+02:00"},{"startDateTime":"2019-10-25T16:36:00","startDateTimeLocal":"2019-10-25T18:36:00+02:00","stageTimeDurationMs":2363200,"stageTimeDuration":"00:39:23.2000000","splitPointTimeId":100173,"splitPointId":3032,"entryId":20643,"elapsedDurationMs":343000,"elapsedDuration":"PT5M43S","splitDateTime":"2019-10-25T16:41:43","splitDateTimeLocal":"2019-10-25T18:41:43+02:00"},{"startDateTime":"2019-10-25T16:38:00","startDateTimeLocal":"2019-10-25T18:38:00+02:00","stageTimeDurationMs":1844300,"stageTimeDuration":"00:30:44.3000000","splitPointTimeId":100175,"splitPointId":3032,"entryId":20644,"elapsedDurationMs":242500,"elapsedDuration":"PT4M2.5S","splitDateTime":"2019-10-25T16:42:02.5","splitDateTimeLocal":"2019-10-25T18:42:02.5+02:00"},{"startDateTime":"2019-10-25T16:40:00","startDateTimeLocal":"2019-10-25T18:40:00+02:00","stageTimeDurationMs":1864200,"stageTimeDuration":"00:31:04.2000000","splitPointTimeId":100180,"splitPointId":3032,"entryId":20645,"elapsedDurationMs":247400,"elapsedDuration":"PT4M7.4S","splitDateTime":"2019-10-25T16:44:07.4","splitDateTimeLocal":"2019-10-25T18:44:07.4+02:00"},{"startDateTime":"2019-10-25T16:42:00","startDateTimeLocal":"2019-10-25T18:42:00+02:00","stageTimeDurationMs":1834700,"stageTimeDuration":"00:30:34.7000000","splitPointTimeId":100185,"splitPointId":3032,"entryId":20646,"elapsedDurationMs":238800,"elapsedDuration":"PT3M58.8S","splitDateTime":"2019-10-25T16:45:58.8","splitDateTimeLocal":"2019-10-25T18:45:58.8+02:00"},{"startDateTime":"2019-10-25T16:44:00","startDateTimeLocal":"2019-10-25T18:44:00+02:00","stageTimeDurationMs":1868300,"stageTimeDuration":"00:31:08.3000000","splitPointTimeId":100190,"splitPointId":3032,"entryId":20647,"elapsedDurationMs":243400,"elapsedDuration":"PT4M3.4S","splitDateTime":"2019-10-25T16:48:03.4","splitDateTimeLocal":"2019-10-25T18:48:03.4+02:00"},{"startDateTime":"2019-10-25T16:46:00","startDateTimeLocal":"2019-10-25T18:46:00+02:00","stageTimeDurationMs":2409500,"stageTimeDuration":"00:40:09.5000000","splitPointTimeId":100196,"splitPointId":3032,"entryId":20648,"elapsedDurationMs":242800,"elapsedDuration":"PT4M2.8S","splitDateTime":"2019-10-25T16:50:02.8","splitDateTimeLocal":"2019-10-25T18:50:02.8+02:00"},{"startDateTime":"2019-10-25T16:48:00","startDateTimeLocal":"2019-10-25T18:48:00+02:00","stageTimeDurationMs":null,"stageTimeDuration":null,"splitPointTimeId":100200,"splitPointId":3032,"entryId":20649,"elapsedDurationMs":276800,"elapsedDuration":"PT4M36.8S","splitDateTime":"2019-10-25T16:52:36.8","splitDateTimeLocal":"2019-10-25T18:52:36.8+02:00"},{"startDateTime":"2019-10-25T16:53:00","startDateTimeLocal":"2019-10-25T18:53:00+02:00","stageTimeDurationMs":1843800,"stageTimeDuration":"00:30:43.8000000","splitPointTimeId":100209,"splitPointId":3032,"entryId":20650,"elapsedDurationMs":241400,"elapsedDuration":"PT4M1.4S","splitDateTime":"2019-10-25T16:57:01.4","splitDateTimeLocal":"2019-10-25T18:57:01.4+02:00"},{"startDateTime":"2019-10-25T16:55:00","startDateTimeLocal":"2019-10-25T18:55:00+02:00","stageTimeDurationMs":2409500,"stageTimeDuration":"00:40:09.5000000","splitPointTimeId":100213,"splitPointId":3032,"entryId":20651,"elapsedDurationMs":236900,"elapsedDuration":"PT3M56.9S","splitDateTime":"2019-10-25T16:58:56.9","splitDateTimeLocal":"2019-10-25T18:58:56.9+02:00"},{"startDateTime":"2019-10-25T16:58:00","startDateTimeLocal":"2019-10-25T18:58:00+02:00","stageTimeDurationMs":1848600,"stageTimeDuration":"00:30:48.6000000","splitPointTimeId":100219,"splitPointId":3032,"entryId":20653,"elapsedDurationMs":247300,"elapsedDuration":"PT4M7.3S","splitDateTime":"2019-10-25T17:02:07.3","splitDateTimeLocal":"2019-10-25T19:02:07.3+02:00"},{"startDateTime":"2019-10-25T17:03:00","startDateTimeLocal":"2019-10-25T19:03:00+02:00","stageTimeDurationMs":1809500,"stageTimeDuration":"00:30:09.5000000","splitPointTimeId":100229,"splitPointId":3032,"entryId":20656,"elapsedDurationMs":238300,"elapsedDuration":"PT3M58.3S","splitDateTime":"2019-10-25T17:06:58.3","splitDateTimeLocal":"2019-10-25T19:06:58.3+02:00"},{"startDateTime":"2019-10-25T17:05:00","startDateTimeLocal":"2019-10-25T19:05:00+02:00","stageTimeDurationMs":1894600,"stageTimeDuration":"00:31:34.6000000","splitPointTimeId":100235,"splitPointId":3032,"entryId":20657,"elapsedDurationMs":299800,"elapsedDuration":"PT4M59.8S","splitDateTime":"2019-10-25T17:09:59.8","splitDateTimeLocal":"2019-10-25T19:09:59.8+02:00"},{"startDateTime":"2019-10-25T17:07:00","startDateTimeLocal":"2019-10-25T19:07:00+02:00","stageTimeDurationMs":1880700,"stageTimeDuration":"00:31:20.7000000","splitPointTimeId":100238,"splitPointId":3032,"entryId":20659,"elapsedDurationMs":348300,"elapsedDuration":"PT5M48.3S","splitDateTime":"2019-10-25T17:12:48.3","splitDateTimeLocal":"2019-10-25T19:12:48.3+02:00"},{"startDateTime":"2019-10-25T15:16:00","startDateTimeLocal":"2019-10-25T17:16:00+02:00","stageTimeDurationMs":1565500,"stageTimeDuration":"00:26:05.5000000","splitPointTimeId":99952,"splitPointId":3034,"entryId":20610,"elapsedDurationMs":1040100,"elapsedDuration":"PT17M20.1S","splitDateTime":"2019-10-25T15:33:20.1","splitDateTimeLocal":"2019-10-25T17:33:20.1+02:00"},{"startDateTime":"2019-10-25T15:19:00","startDateTimeLocal":"2019-10-25T17:19:00+02:00","stageTimeDurationMs":1573700,"stageTimeDuration":"00:26:13.7000000","splitPointTimeId":99961,"splitPointId":3034,"entryId":20605,"elapsedDurationMs":1047200,"elapsedDuration":"PT17M27.2S","splitDateTime":"2019-10-25T15:36:27.2","splitDateTimeLocal":"2019-10-25T17:36:27.2+02:00"},{"startDateTime":"2019-10-25T15:22:00","startDateTimeLocal":"2019-10-25T17:22:00+02:00","stageTimeDurationMs":1558000,"stageTimeDuration":"00:25:58","splitPointTimeId":99970,"splitPointId":3034,"entryId":20612,"elapsedDurationMs":1034700,"elapsedDuration":"PT17M14.7S","splitDateTime":"2019-10-25T15:39:14.7","splitDateTimeLocal":"2019-10-25T17:39:14.7+02:00"},{"startDateTime":"2019-10-25T15:25:00","startDateTimeLocal":"2019-10-25T17:25:00+02:00","stageTimeDurationMs":1555700,"stageTimeDuration":"00:25:55.7000000","splitPointTimeId":99979,"splitPointId":3034,"entryId":20608,"elapsedDurationMs":1033100,"elapsedDuration":"PT17M13.1S","splitDateTime":"2019-10-25T15:42:13.1","splitDateTimeLocal":"2019-10-25T17:42:13.1+02:00"},{"startDateTime":"2019-10-25T15:28:00","startDateTimeLocal":"2019-10-25T17:28:00+02:00","stageTimeDurationMs":1585200,"stageTimeDuration":"00:26:25.2000000","splitPointTimeId":99990,"splitPointId":3034,"entryId":20614,"elapsedDurationMs":1046000,"elapsedDuration":"PT17M26S","splitDateTime":"2019-10-25T15:45:26","splitDateTimeLocal":"2019-10-25T17:45:26+02:00"},{"startDateTime":"2019-10-25T15:31:00","startDateTimeLocal":"2019-10-25T17:31:00+02:00","stageTimeDurationMs":1564700,"stageTimeDuration":"00:26:04.7000000","splitPointTimeId":99998,"splitPointId":3034,"entryId":20611,"elapsedDurationMs":1039600,"elapsedDuration":"PT17M19.6S","splitDateTime":"2019-10-25T15:48:19.6","splitDateTimeLocal":"2019-10-25T17:48:19.6+02:00"},{"startDateTime":"2019-10-25T15:37:00","startDateTimeLocal":"2019-10-25T17:37:00+02:00","stageTimeDurationMs":1579200,"stageTimeDuration":"00:26:19.2000000","splitPointTimeId":100017,"splitPointId":3034,"entryId":20606,"elapsedDurationMs":1049000,"elapsedDuration":"PT17M29S","splitDateTime":"2019-10-25T15:54:29","splitDateTimeLocal":"2019-10-25T17:54:29+02:00"},{"startDateTime":"2019-10-25T15:40:00","startDateTimeLocal":"2019-10-25T17:40:00+02:00","stageTimeDurationMs":1568500,"stageTimeDuration":"00:26:08.5000000","splitPointTimeId":100024,"splitPointId":3034,"entryId":20609,"elapsedDurationMs":1043700,"elapsedDuration":"PT17M23.7S","splitDateTime":"2019-10-25T15:57:23.7","splitDateTimeLocal":"2019-10-25T17:57:23.7+02:00"},{"startDateTime":"2019-10-25T15:43:00","startDateTimeLocal":"2019-10-25T17:43:00+02:00","stageTimeDurationMs":1546800,"stageTimeDuration":"00:25:46.8000000","splitPointTimeId":100034,"splitPointId":3034,"entryId":20613,"elapsedDurationMs":1029200,"elapsedDuration":"PT17M9.2S","splitDateTime":"2019-10-25T16:00:09.2","splitDateTimeLocal":"2019-10-25T18:00:09.2+02:00"},{"startDateTime":"2019-10-25T15:46:00","startDateTimeLocal":"2019-10-25T17:46:00+02:00","stageTimeDurationMs":1588800,"stageTimeDuration":"00:26:28.8000000","splitPointTimeId":100048,"splitPointId":3034,"entryId":20615,"elapsedDurationMs":1056700,"elapsedDuration":"PT17M36.7S","splitDateTime":"2019-10-25T16:03:36.7","splitDateTimeLocal":"2019-10-25T18:03:36.7+02:00"},{"startDateTime":"2019-10-25T15:48:00","startDateTimeLocal":"2019-10-25T17:48:00+02:00","stageTimeDurationMs":1632400,"stageTimeDuration":"00:27:12.4000000","splitPointTimeId":100057,"splitPointId":3034,"entryId":20616,"elapsedDurationMs":1088200,"elapsedDuration":"PT18M8.2S","splitDateTime":"2019-10-25T16:06:08.2","splitDateTimeLocal":"2019-10-25T18:06:08.2+02:00"},{"startDateTime":"2019-10-25T15:50:00","startDateTimeLocal":"2019-10-25T17:50:00+02:00","stageTimeDurationMs":1640500,"stageTimeDuration":"00:27:20.5000000","splitPointTimeId":100064,"splitPointId":3034,"entryId":20617,"elapsedDurationMs":1089600,"elapsedDuration":"PT18M9.6S","splitDateTime":"2019-10-25T16:08:09.6","splitDateTimeLocal":"2019-10-25T18:08:09.6+02:00"},{"startDateTime":"2019-10-25T15:52:00","startDateTimeLocal":"2019-10-25T17:52:00+02:00","stageTimeDurationMs":1628200,"stageTimeDuration":"00:27:08.2000000","splitPointTimeId":100071,"splitPointId":3034,"entryId":20618,"elapsedDurationMs":1080700,"elapsedDuration":"PT18M0.7S","splitDateTime":"2019-10-25T16:10:00.7","splitDateTimeLocal":"2019-10-25T18:10:00.7+02:00"},{"startDateTime":"2019-10-25T15:54:00","startDateTimeLocal":"2019-10-25T17:54:00+02:00","stageTimeDurationMs":1634600,"stageTimeDuration":"00:27:14.6000000","splitPointTimeId":100080,"splitPointId":3034,"entryId":20619,"elapsedDurationMs":1082500,"elapsedDuration":"PT18M2.5S","splitDateTime":"2019-10-25T16:12:02.5","splitDateTimeLocal":"2019-10-25T18:12:02.5+02:00"},{"startDateTime":"2019-10-25T15:56:00","startDateTimeLocal":"2019-10-25T17:56:00+02:00","stageTimeDurationMs":1625100,"stageTimeDuration":"00:27:05.1000000","splitPointTimeId":100086,"splitPointId":3034,"entryId":20620,"elapsedDurationMs":1080500,"elapsedDuration":"PT18M0.5S","splitDateTime":"2019-10-25T16:14:00.5","splitDateTimeLocal":"2019-10-25T18:14:00.5+02:00"},{"startDateTime":"2019-10-25T15:58:00","startDateTimeLocal":"2019-10-25T17:58:00+02:00","stageTimeDurationMs":1689900,"stageTimeDuration":"00:28:09.9000000","splitPointTimeId":100099,"splitPointId":3034,"entryId":20621,"elapsedDurationMs":1119800,"elapsedDuration":"PT18M39.8S","splitDateTime":"2019-10-25T16:16:39.8","splitDateTimeLocal":"2019-10-25T18:16:39.8+02:00"},{"startDateTime":"2019-10-25T16:00:00","startDateTimeLocal":"2019-10-25T18:00:00+02:00","stageTimeDurationMs":1633000,"stageTimeDuration":"00:27:13","splitPointTimeId":100105,"splitPointId":3034,"entryId":20622,"elapsedDurationMs":1087200,"elapsedDuration":"PT18M7.2S","splitDateTime":"2019-10-25T16:18:07.2","splitDateTimeLocal":"2019-10-25T18:18:07.2+02:00"},{"startDateTime":"2019-10-25T16:02:00","startDateTimeLocal":"2019-10-25T18:02:00+02:00","stageTimeDurationMs":1629300,"stageTimeDuration":"00:27:09.3000000","splitPointTimeId":100112,"splitPointId":3034,"entryId":20623,"elapsedDurationMs":1079700,"elapsedDuration":"PT17M59.7S","splitDateTime":"2019-10-25T16:19:59.7","splitDateTimeLocal":"2019-10-25T18:19:59.7+02:00"},{"startDateTime":"2019-10-25T16:04:00","startDateTimeLocal":"2019-10-25T18:04:00+02:00","stageTimeDurationMs":1719000,"stageTimeDuration":"00:28:39","splitPointTimeId":100123,"splitPointId":3034,"entryId":20624,"elapsedDurationMs":1128900,"elapsedDuration":"PT18M48.9S","splitDateTime":"2019-10-25T16:22:48.9","splitDateTimeLocal":"2019-10-25T18:22:48.9+02:00"},{"startDateTime":"2019-10-25T16:06:00","startDateTimeLocal":"2019-10-25T18:06:00+02:00","stageTimeDurationMs":1704000,"stageTimeDuration":"00:28:24","splitPointTimeId":100126,"splitPointId":3034,"entryId":20625,"elapsedDurationMs":1096400,"elapsedDuration":"PT18M16.4S","splitDateTime":"2019-10-25T16:24:16.4","splitDateTimeLocal":"2019-10-25T18:24:16.4+02:00"},{"startDateTime":"2019-10-25T16:08:00","startDateTimeLocal":"2019-10-25T18:08:00+02:00","stageTimeDurationMs":1631600,"stageTimeDuration":"00:27:11.6000000","splitPointTimeId":100133,"splitPointId":3034,"entryId":20626,"elapsedDurationMs":1083200,"elapsedDuration":"PT18M3.2S","splitDateTime":"2019-10-25T16:26:03.2","splitDateTimeLocal":"2019-10-25T18:26:03.2+02:00"},{"startDateTime":"2019-10-25T16:13:00","startDateTimeLocal":"2019-10-25T18:13:00+02:00","stageTimeDurationMs":1651300,"stageTimeDuration":"00:27:31.3000000","splitPointTimeId":100146,"splitPointId":3034,"entryId":20632,"elapsedDurationMs":1099200,"elapsedDuration":"PT18M19.2S","splitDateTime":"2019-10-25T16:31:19.2","splitDateTimeLocal":"2019-10-25T18:31:19.2+02:00"},{"startDateTime":"2019-10-25T16:15:00","startDateTimeLocal":"2019-10-25T18:15:00+02:00","stageTimeDurationMs":1618000,"stageTimeDuration":"00:26:58","splitPointTimeId":100152,"splitPointId":3034,"entryId":20635,"elapsedDurationMs":1074100,"elapsedDuration":"PT17M54.1S","splitDateTime":"2019-10-25T16:32:54.1","splitDateTimeLocal":"2019-10-25T18:32:54.1+02:00"},{"startDateTime":"2019-10-25T16:17:00","startDateTimeLocal":"2019-10-25T18:17:00+02:00","stageTimeDurationMs":1622500,"stageTimeDuration":"00:27:02.5000000","splitPointTimeId":100157,"splitPointId":3034,"entryId":20636,"elapsedDurationMs":1079600,"elapsedDuration":"PT17M59.6S","splitDateTime":"2019-10-25T16:34:59.6","splitDateTimeLocal":"2019-10-25T18:34:59.6+02:00"},{"startDateTime":"2019-10-25T16:19:00","startDateTimeLocal":"2019-10-25T18:19:00+02:00","stageTimeDurationMs":1665600,"stageTimeDuration":"00:27:45.6000000","splitPointTimeId":100162,"splitPointId":3034,"entryId":20637,"elapsedDurationMs":1104700,"elapsedDuration":"PT18M24.7S","splitDateTime":"2019-10-25T16:37:24.7","splitDateTimeLocal":"2019-10-25T18:37:24.7+02:00"},{"startDateTime":"2019-10-25T16:21:00","startDateTimeLocal":"2019-10-25T18:21:00+02:00","stageTimeDurationMs":1651100,"stageTimeDuration":"00:27:31.1000000","splitPointTimeId":100167,"splitPointId":3034,"entryId":20638,"elapsedDurationMs":1103100,"elapsedDuration":"PT18M23.1S","splitDateTime":"2019-10-25T16:39:23.1","splitDateTimeLocal":"2019-10-25T18:39:23.1+02:00"},{"startDateTime":"2019-10-25T16:23:00","startDateTimeLocal":"2019-10-25T18:23:00+02:00","stageTimeDurationMs":1664400,"stageTimeDuration":"00:27:44.4000000","splitPointTimeId":100172,"splitPointId":3034,"entryId":20633,"elapsedDurationMs":1109500,"elapsedDuration":"PT18M29.5S","splitDateTime":"2019-10-25T16:41:29.5","splitDateTimeLocal":"2019-10-25T18:41:29.5+02:00"},{"startDateTime":"2019-10-25T16:25:00","startDateTimeLocal":"2019-10-25T18:25:00+02:00","stageTimeDurationMs":1780000,"stageTimeDuration":"00:29:40","splitPointTimeId":100183,"splitPointId":3034,"entryId":20628,"elapsedDurationMs":1183900,"elapsedDuration":"PT19M43.9S","splitDateTime":"2019-10-25T16:44:43.9","splitDateTimeLocal":"2019-10-25T18:44:43.9+02:00"},{"startDateTime":"2019-10-25T16:27:00","startDateTimeLocal":"2019-10-25T18:27:00+02:00","stageTimeDurationMs":1830100,"stageTimeDuration":"00:30:30.1000000","splitPointTimeId":100189,"splitPointId":3034,"entryId":20634,"elapsedDurationMs":1212200,"elapsedDuration":"PT20M12.2S","splitDateTime":"2019-10-25T16:47:12.2","splitDateTimeLocal":"2019-10-25T18:47:12.2+02:00"},{"startDateTime":"2019-10-25T16:30:00","startDateTimeLocal":"2019-10-25T18:30:00+02:00","stageTimeDurationMs":1763200,"stageTimeDuration":"00:29:23.2000000","splitPointTimeId":100195,"splitPointId":3034,"entryId":20639,"elapsedDurationMs":1173400,"elapsedDuration":"PT19M33.4S","splitDateTime":"2019-10-25T16:49:33.4","splitDateTimeLocal":"2019-10-25T18:49:33.4+02:00"},{"startDateTime":"2019-10-25T16:32:00","startDateTimeLocal":"2019-10-25T18:32:00+02:00","stageTimeDurationMs":1929000,"stageTimeDuration":"00:32:09","splitPointTimeId":100204,"splitPointId":3034,"entryId":20640,"elapsedDurationMs":1281500,"elapsedDuration":"PT21M21.5S","splitDateTime":"2019-10-25T16:53:21.5","splitDateTimeLocal":"2019-10-25T18:53:21.5+02:00"},{"startDateTime":"2019-10-25T16:34:00","startDateTimeLocal":"2019-10-25T18:34:00+02:00","stageTimeDurationMs":1903000,"stageTimeDuration":"00:31:43","splitPointTimeId":100205,"splitPointId":3034,"entryId":20642,"elapsedDurationMs":1263700,"elapsedDuration":"PT21M3.7S","splitDateTime":"2019-10-25T16:55:03.7","splitDateTimeLocal":"2019-10-25T18:55:03.7+02:00"},{"startDateTime":"2019-10-25T16:38:00","startDateTimeLocal":"2019-10-25T18:38:00+02:00","stageTimeDurationMs":1844300,"stageTimeDuration":"00:30:44.3000000","splitPointTimeId":100212,"splitPointId":3034,"entryId":20644,"elapsedDurationMs":1228600,"elapsedDuration":"PT20M28.6S","splitDateTime":"2019-10-25T16:58:28.6","splitDateTimeLocal":"2019-10-25T18:58:28.6+02:00"},{"startDateTime":"2019-10-25T16:42:00","startDateTimeLocal":"2019-10-25T18:42:00+02:00","stageTimeDurationMs":1834700,"stageTimeDuration":"00:30:34.7000000","splitPointTimeId":100217,"splitPointId":3034,"entryId":20646,"elapsedDurationMs":1201000,"elapsedDuration":"PT20M1S","splitDateTime":"2019-10-25T17:02:01","splitDateTimeLocal":"2019-10-25T19:02:01+02:00"},{"startDateTime":"2019-10-25T16:40:00","startDateTimeLocal":"2019-10-25T18:40:00+02:00","stageTimeDurationMs":1864200,"stageTimeDuration":"00:31:04.2000000","splitPointTimeId":100218,"splitPointId":3034,"entryId":20645,"elapsedDurationMs":1238400,"elapsedDuration":"PT20M38.4S","splitDateTime":"2019-10-25T17:00:38.4","splitDateTimeLocal":"2019-10-25T19:00:38.4+02:00"},{"startDateTime":"2019-10-25T16:44:00","startDateTimeLocal":"2019-10-25T18:44:00+02:00","stageTimeDurationMs":1868300,"stageTimeDuration":"00:31:08.3000000","splitPointTimeId":100226,"splitPointId":3034,"entryId":20647,"elapsedDurationMs":1234700,"elapsedDuration":"PT20M34.7S","splitDateTime":"2019-10-25T17:04:34.7","splitDateTimeLocal":"2019-10-25T19:04:34.7+02:00"},{"startDateTime":"2019-10-25T16:46:00","startDateTimeLocal":"2019-10-25T18:46:00+02:00","stageTimeDurationMs":2409500,"stageTimeDuration":"00:40:09.5000000","splitPointTimeId":100228,"splitPointId":3034,"entryId":20648,"elapsedDurationMs":1243200,"elapsedDuration":"PT20M43.2S","splitDateTime":"2019-10-25T17:06:43.2","splitDateTimeLocal":"2019-10-25T19:06:43.2+02:00"},{"startDateTime":"2019-10-25T16:53:00","startDateTimeLocal":"2019-10-25T18:53:00+02:00","stageTimeDurationMs":1843800,"stageTimeDuration":"00:30:43.8000000","splitPointTimeId":100240,"splitPointId":3034,"entryId":20650,"elapsedDurationMs":1224700,"elapsedDuration":"PT20M24.7S","splitDateTime":"2019-10-25T17:13:24.7","splitDateTimeLocal":"2019-10-25T19:13:24.7+02:00"},{"startDateTime":"2019-10-25T16:55:00","startDateTimeLocal":"2019-10-25T18:55:00+02:00","stageTimeDurationMs":2409500,"stageTimeDuration":"00:40:09.5000000","splitPointTimeId":100241,"splitPointId":3034,"entryId":20651,"elapsedDurationMs":1204300,"elapsedDuration":"PT20M4.3S","splitDateTime":"2019-10-25T17:15:04.3","splitDateTimeLocal":"2019-10-25T19:15:04.3+02:00"},{"startDateTime":"2019-10-25T17:05:00","startDateTimeLocal":"2019-10-25T19:05:00+02:00","stageTimeDurationMs":1894600,"stageTimeDuration":"00:31:34.6000000","splitPointTimeId":100246,"splitPointId":3034,"entryId":20657,"elapsedDurationMs":1885200,"elapsedDuration":"PT31M25.2S","splitDateTime":"2019-10-25T17:36:25.2","splitDateTimeLocal":"2019-10-25T19:36:25.2+02:00"},{"startDateTime":"2019-10-25T16:11:00","startDateTimeLocal":"2019-10-25T18:11:00+02:00","stageTimeDurationMs":2218000,"stageTimeDuration":"00:36:58","splitPointTimeId":100247,"splitPointId":3034,"entryId":20631,"elapsedDurationMs":5248100,"elapsedDuration":"PT1H27M28.1S","splitDateTime":"2019-10-25T17:38:28.1","splitDateTimeLocal":"2019-10-25T19:38:28.1+02:00"},{"startDateTime":"2019-10-25T16:58:00","startDateTimeLocal":"2019-10-25T18:58:00+02:00","stageTimeDurationMs":1848600,"stageTimeDuration":"00:30:48.6000000","splitPointTimeId":100255,"splitPointId":3034,"entryId":20653,"elapsedDurationMs":4665200,"elapsedDuration":"PT1H17M45.2S","splitDateTime":"2019-10-25T18:15:45.2","splitDateTimeLocal":"2019-10-25T20:15:45.2+02:00"},{"startDateTime":"2019-10-25T15:16:00","startDateTimeLocal":"2019-10-25T17:16:00+02:00","stageTimeDurationMs":1565500,"stageTimeDuration":"00:26:05.5000000","splitPointTimeId":99938,"splitPointId":3035,"entryId":20610,"elapsedDurationMs":771000,"elapsedDuration":"PT12M51S","splitDateTime":"2019-10-25T15:28:51","splitDateTimeLocal":"2019-10-25T17:28:51+02:00"},{"startDateTime":"2019-10-25T15:19:00","startDateTimeLocal":"2019-10-25T17:19:00+02:00","stageTimeDurationMs":1573700,"stageTimeDuration":"00:26:13.7000000","splitPointTimeId":99948,"splitPointId":3035,"entryId":20605,"elapsedDurationMs":777100,"elapsedDuration":"PT12M57.1S","splitDateTime":"2019-10-25T15:31:57.1","splitDateTimeLocal":"2019-10-25T17:31:57.1+02:00"},{"startDateTime":"2019-10-25T15:22:00","startDateTimeLocal":"2019-10-25T17:22:00+02:00","stageTimeDurationMs":1558000,"stageTimeDuration":"00:25:58","splitPointTimeId":99957,"splitPointId":3035,"entryId":20612,"elapsedDurationMs":766000,"elapsedDuration":"PT12M46S","splitDateTime":"2019-10-25T15:34:46","splitDateTimeLocal":"2019-10-25T17:34:46+02:00"},{"startDateTime":"2019-10-25T15:25:00","startDateTimeLocal":"2019-10-25T17:25:00+02:00","stageTimeDurationMs":1555700,"stageTimeDuration":"00:25:55.7000000","splitPointTimeId":99965,"splitPointId":3035,"entryId":20608,"elapsedDurationMs":766400,"elapsedDuration":"PT12M46.4S","splitDateTime":"2019-10-25T15:37:46.4","splitDateTimeLocal":"2019-10-25T17:37:46.4+02:00"},{"startDateTime":"2019-10-25T15:28:00","startDateTimeLocal":"2019-10-25T17:28:00+02:00","stageTimeDurationMs":1585200,"stageTimeDuration":"00:26:25.2000000","splitPointTimeId":99977,"splitPointId":3035,"entryId":20614,"elapsedDurationMs":776400,"elapsedDuration":"PT12M56.4S","splitDateTime":"2019-10-25T15:40:56.4","splitDateTimeLocal":"2019-10-25T17:40:56.4+02:00"},{"startDateTime":"2019-10-25T15:31:00","startDateTimeLocal":"2019-10-25T17:31:00+02:00","stageTimeDurationMs":1564700,"stageTimeDuration":"00:26:04.7000000","splitPointTimeId":99985,"splitPointId":3035,"entryId":20611,"elapsedDurationMs":770300,"elapsedDuration":"PT12M50.3S","splitDateTime":"2019-10-25T15:43:50.3","splitDateTimeLocal":"2019-10-25T17:43:50.3+02:00"},{"startDateTime":"2019-10-25T15:37:00","startDateTimeLocal":"2019-10-25T17:37:00+02:00","stageTimeDurationMs":1579200,"stageTimeDuration":"00:26:19.2000000","splitPointTimeId":100006,"splitPointId":3035,"entryId":20606,"elapsedDurationMs":779500,"elapsedDuration":"PT12M59.5S","splitDateTime":"2019-10-25T15:49:59.5","splitDateTimeLocal":"2019-10-25T17:49:59.5+02:00"},{"startDateTime":"2019-10-25T15:40:00","startDateTimeLocal":"2019-10-25T17:40:00+02:00","stageTimeDurationMs":1568500,"stageTimeDuration":"00:26:08.5000000","splitPointTimeId":100011,"splitPointId":3035,"entryId":20609,"elapsedDurationMs":776000,"elapsedDuration":"PT12M56S","splitDateTime":"2019-10-25T15:52:56","splitDateTimeLocal":"2019-10-25T17:52:56+02:00"},{"startDateTime":"2019-10-25T15:43:00","startDateTimeLocal":"2019-10-25T17:43:00+02:00","stageTimeDurationMs":1546800,"stageTimeDuration":"00:25:46.8000000","splitPointTimeId":100020,"splitPointId":3035,"entryId":20613,"elapsedDurationMs":764600,"elapsedDuration":"PT12M44.6S","splitDateTime":"2019-10-25T15:55:44.6","splitDateTimeLocal":"2019-10-25T17:55:44.6+02:00"},{"startDateTime":"2019-10-25T15:46:00","startDateTimeLocal":"2019-10-25T17:46:00+02:00","stageTimeDurationMs":1588800,"stageTimeDuration":"00:26:28.8000000","splitPointTimeId":100030,"splitPointId":3035,"entryId":20615,"elapsedDurationMs":784000,"elapsedDuration":"PT13M4S","splitDateTime":"2019-10-25T15:59:04","splitDateTimeLocal":"2019-10-25T17:59:04+02:00"},{"startDateTime":"2019-10-25T15:48:00","startDateTimeLocal":"2019-10-25T17:48:00+02:00","stageTimeDurationMs":1632400,"stageTimeDuration":"00:27:12.4000000","splitPointTimeId":100038,"splitPointId":3035,"entryId":20616,"elapsedDurationMs":808900,"elapsedDuration":"PT13M28.9S","splitDateTime":"2019-10-25T16:01:28.9","splitDateTimeLocal":"2019-10-25T18:01:28.9+02:00"},{"startDateTime":"2019-10-25T15:50:00","startDateTimeLocal":"2019-10-25T17:50:00+02:00","stageTimeDurationMs":1640500,"stageTimeDuration":"00:27:20.5000000","splitPointTimeId":100046,"splitPointId":3035,"entryId":20617,"elapsedDurationMs":808500,"elapsedDuration":"PT13M28.5S","splitDateTime":"2019-10-25T16:03:28.5","splitDateTimeLocal":"2019-10-25T18:03:28.5+02:00"},{"startDateTime":"2019-10-25T15:52:00","startDateTimeLocal":"2019-10-25T17:52:00+02:00","stageTimeDurationMs":1628200,"stageTimeDuration":"00:27:08.2000000","splitPointTimeId":100053,"splitPointId":3035,"entryId":20618,"elapsedDurationMs":800000,"elapsedDuration":"PT13M20S","splitDateTime":"2019-10-25T16:05:20","splitDateTimeLocal":"2019-10-25T18:05:20+02:00"},{"startDateTime":"2019-10-25T15:54:00","startDateTimeLocal":"2019-10-25T17:54:00+02:00","stageTimeDurationMs":1634600,"stageTimeDuration":"00:27:14.6000000","splitPointTimeId":100065,"splitPointId":3035,"entryId":20619,"elapsedDurationMs":802500,"elapsedDuration":"PT13M22.5S","splitDateTime":"2019-10-25T16:07:22.5","splitDateTimeLocal":"2019-10-25T18:07:22.5+02:00"},{"startDateTime":"2019-10-25T15:56:00","startDateTimeLocal":"2019-10-25T17:56:00+02:00","stageTimeDurationMs":1625100,"stageTimeDuration":"00:27:05.1000000","splitPointTimeId":100069,"splitPointId":3035,"entryId":20620,"elapsedDurationMs":802500,"elapsedDuration":"PT13M22.5S","splitDateTime":"2019-10-25T16:09:22.5","splitDateTimeLocal":"2019-10-25T18:09:22.5+02:00"},{"startDateTime":"2019-10-25T15:58:00","startDateTimeLocal":"2019-10-25T17:58:00+02:00","stageTimeDurationMs":1689900,"stageTimeDuration":"00:28:09.9000000","splitPointTimeId":100078,"splitPointId":3035,"entryId":20621,"elapsedDurationMs":832000,"elapsedDuration":"PT13M52S","splitDateTime":"2019-10-25T16:11:52","splitDateTimeLocal":"2019-10-25T18:11:52+02:00"},{"startDateTime":"2019-10-25T16:00:00","startDateTimeLocal":"2019-10-25T18:00:00+02:00","stageTimeDurationMs":1633000,"stageTimeDuration":"00:27:13","splitPointTimeId":100084,"splitPointId":3035,"entryId":20622,"elapsedDurationMs":809000,"elapsedDuration":"PT13M29S","splitDateTime":"2019-10-25T16:13:29","splitDateTimeLocal":"2019-10-25T18:13:29+02:00"},{"startDateTime":"2019-10-25T16:02:00","startDateTimeLocal":"2019-10-25T18:02:00+02:00","stageTimeDurationMs":1629300,"stageTimeDuration":"00:27:09.3000000","splitPointTimeId":100094,"splitPointId":3035,"entryId":20623,"elapsedDurationMs":800500,"elapsedDuration":"PT13M20.5S","splitDateTime":"2019-10-25T16:15:20.5","splitDateTimeLocal":"2019-10-25T18:15:20.5+02:00"},{"startDateTime":"2019-10-25T16:04:00","startDateTimeLocal":"2019-10-25T18:04:00+02:00","stageTimeDurationMs":1719000,"stageTimeDuration":"00:28:39","splitPointTimeId":100104,"splitPointId":3035,"entryId":20624,"elapsedDurationMs":832200,"elapsedDuration":"PT13M52.2S","splitDateTime":"2019-10-25T16:17:52.2","splitDateTimeLocal":"2019-10-25T18:17:52.2+02:00"},{"startDateTime":"2019-10-25T16:06:00","startDateTimeLocal":"2019-10-25T18:06:00+02:00","stageTimeDurationMs":1704000,"stageTimeDuration":"00:28:24","splitPointTimeId":100115,"splitPointId":3035,"entryId":20625,"elapsedDurationMs":813900,"elapsedDuration":"PT13M33.9S","splitDateTime":"2019-10-25T16:19:33.9","splitDateTimeLocal":"2019-10-25T18:19:33.9+02:00"},{"startDateTime":"2019-10-25T16:08:00","startDateTimeLocal":"2019-10-25T18:08:00+02:00","stageTimeDurationMs":1631600,"stageTimeDuration":"00:27:11.6000000","splitPointTimeId":100117,"splitPointId":3035,"entryId":20626,"elapsedDurationMs":803300,"elapsedDuration":"PT13M23.3S","splitDateTime":"2019-10-25T16:21:23.3","splitDateTimeLocal":"2019-10-25T18:21:23.3+02:00"},{"startDateTime":"2019-10-25T16:11:00","startDateTimeLocal":"2019-10-25T18:11:00+02:00","stageTimeDurationMs":2218000,"stageTimeDuration":"00:36:58","splitPointTimeId":100128,"splitPointId":3035,"entryId":20631,"elapsedDurationMs":810400,"elapsedDuration":"PT13M30.4S","splitDateTime":"2019-10-25T16:24:30.4","splitDateTimeLocal":"2019-10-25T18:24:30.4+02:00"},{"startDateTime":"2019-10-25T16:13:00","startDateTimeLocal":"2019-10-25T18:13:00+02:00","stageTimeDurationMs":1651300,"stageTimeDuration":"00:27:31.3000000","splitPointTimeId":100135,"splitPointId":3035,"entryId":20632,"elapsedDurationMs":815200,"elapsedDuration":"PT13M35.2S","splitDateTime":"2019-10-25T16:26:35.2","splitDateTimeLocal":"2019-10-25T18:26:35.2+02:00"},{"startDateTime":"2019-10-25T16:15:00","startDateTimeLocal":"2019-10-25T18:15:00+02:00","stageTimeDurationMs":1618000,"stageTimeDuration":"00:26:58","splitPointTimeId":100139,"splitPointId":3035,"entryId":20635,"elapsedDurationMs":797200,"elapsedDuration":"PT13M17.2S","splitDateTime":"2019-10-25T16:28:17.2","splitDateTimeLocal":"2019-10-25T18:28:17.2+02:00"},{"startDateTime":"2019-10-25T16:17:00","startDateTimeLocal":"2019-10-25T18:17:00+02:00","stageTimeDurationMs":1622500,"stageTimeDuration":"00:27:02.5000000","splitPointTimeId":100149,"splitPointId":3035,"entryId":20636,"elapsedDurationMs":802500,"elapsedDuration":"PT13M22.5S","splitDateTime":"2019-10-25T16:30:22.5","splitDateTimeLocal":"2019-10-25T18:30:22.5+02:00"},{"startDateTime":"2019-10-25T16:19:00","startDateTimeLocal":"2019-10-25T18:19:00+02:00","stageTimeDurationMs":1665600,"stageTimeDuration":"00:27:45.6000000","splitPointTimeId":100151,"splitPointId":3035,"entryId":20637,"elapsedDurationMs":821400,"elapsedDuration":"PT13M41.4S","splitDateTime":"2019-10-25T16:32:41.4","splitDateTimeLocal":"2019-10-25T18:32:41.4+02:00"},{"startDateTime":"2019-10-25T16:21:00","startDateTimeLocal":"2019-10-25T18:21:00+02:00","stageTimeDurationMs":1651100,"stageTimeDuration":"00:27:31.1000000","splitPointTimeId":100156,"splitPointId":3035,"entryId":20638,"elapsedDurationMs":822300,"elapsedDuration":"PT13M42.3S","splitDateTime":"2019-10-25T16:34:42.3","splitDateTimeLocal":"2019-10-25T18:34:42.3+02:00"},{"startDateTime":"2019-10-25T16:23:00","startDateTimeLocal":"2019-10-25T18:23:00+02:00","stageTimeDurationMs":1664400,"stageTimeDuration":"00:27:44.4000000","splitPointTimeId":100160,"splitPointId":3035,"entryId":20633,"elapsedDurationMs":823700,"elapsedDuration":"PT13M43.7S","splitDateTime":"2019-10-25T16:36:43.7","splitDateTimeLocal":"2019-10-25T18:36:43.7+02:00"},{"startDateTime":"2019-10-25T16:25:00","startDateTimeLocal":"2019-10-25T18:25:00+02:00","stageTimeDurationMs":1780000,"stageTimeDuration":"00:29:40","splitPointTimeId":100170,"splitPointId":3035,"entryId":20628,"elapsedDurationMs":881500,"elapsedDuration":"PT14M41.5S","splitDateTime":"2019-10-25T16:39:41.5","splitDateTimeLocal":"2019-10-25T18:39:41.5+02:00"},{"startDateTime":"2019-10-25T16:27:00","startDateTimeLocal":"2019-10-25T18:27:00+02:00","stageTimeDurationMs":1830100,"stageTimeDuration":"00:30:30.1000000","splitPointTimeId":100174,"splitPointId":3035,"entryId":20634,"elapsedDurationMs":894200,"elapsedDuration":"PT14M54.2S","splitDateTime":"2019-10-25T16:41:54.2","splitDateTimeLocal":"2019-10-25T18:41:54.2+02:00"},{"startDateTime":"2019-10-25T16:30:00","startDateTimeLocal":"2019-10-25T18:30:00+02:00","stageTimeDurationMs":1763200,"stageTimeDuration":"00:29:23.2000000","splitPointTimeId":100181,"splitPointId":3035,"entryId":20639,"elapsedDurationMs":873000,"elapsedDuration":"PT14M33S","splitDateTime":"2019-10-25T16:44:33","splitDateTimeLocal":"2019-10-25T18:44:33+02:00"},{"startDateTime":"2019-10-25T16:32:00","startDateTimeLocal":"2019-10-25T18:32:00+02:00","stageTimeDurationMs":1929000,"stageTimeDuration":"00:32:09","splitPointTimeId":100191,"splitPointId":3035,"entryId":20640,"elapsedDurationMs":950300,"elapsedDuration":"PT15M50.3S","splitDateTime":"2019-10-25T16:47:50.3","splitDateTimeLocal":"2019-10-25T18:47:50.3+02:00"},{"startDateTime":"2019-10-25T16:34:00","startDateTimeLocal":"2019-10-25T18:34:00+02:00","stageTimeDurationMs":1903000,"stageTimeDuration":"00:31:43","splitPointTimeId":100194,"splitPointId":3035,"entryId":20642,"elapsedDurationMs":932200,"elapsedDuration":"PT15M32.2S","splitDateTime":"2019-10-25T16:49:32.2","splitDateTimeLocal":"2019-10-25T18:49:32.2+02:00"},{"startDateTime":"2019-10-25T16:38:00","startDateTimeLocal":"2019-10-25T18:38:00+02:00","stageTimeDurationMs":1844300,"stageTimeDuration":"00:30:44.3000000","splitPointTimeId":100203,"splitPointId":3035,"entryId":20644,"elapsedDurationMs":906500,"elapsedDuration":"PT15M6.5S","splitDateTime":"2019-10-25T16:53:06.5","splitDateTimeLocal":"2019-10-25T18:53:06.5+02:00"},{"startDateTime":"2019-10-25T16:42:00","startDateTimeLocal":"2019-10-25T18:42:00+02:00","stageTimeDurationMs":1834700,"stageTimeDuration":"00:30:34.7000000","splitPointTimeId":100211,"splitPointId":3035,"entryId":20646,"elapsedDurationMs":886700,"elapsedDuration":"PT14M46.7S","splitDateTime":"2019-10-25T16:56:46.7","splitDateTimeLocal":"2019-10-25T18:56:46.7+02:00"},{"startDateTime":"2019-10-25T16:46:00","startDateTimeLocal":"2019-10-25T18:46:00+02:00","stageTimeDurationMs":2409500,"stageTimeDuration":"00:40:09.5000000","splitPointTimeId":100216,"splitPointId":3035,"entryId":20648,"elapsedDurationMs":921100,"elapsedDuration":"PT15M21.1S","splitDateTime":"2019-10-25T17:01:21.1","splitDateTimeLocal":"2019-10-25T19:01:21.1+02:00"},{"startDateTime":"2019-10-25T16:44:00","startDateTimeLocal":"2019-10-25T18:44:00+02:00","stageTimeDurationMs":1868300,"stageTimeDuration":"00:31:08.3000000","splitPointTimeId":100223,"splitPointId":3035,"entryId":20647,"elapsedDurationMs":913300,"elapsedDuration":"PT15M13.3S","splitDateTime":"2019-10-25T16:59:13.3","splitDateTimeLocal":"2019-10-25T18:59:13.3+02:00"},{"startDateTime":"2019-10-25T16:53:00","startDateTimeLocal":"2019-10-25T18:53:00+02:00","stageTimeDurationMs":1843800,"stageTimeDuration":"00:30:43.8000000","splitPointTimeId":100232,"splitPointId":3035,"entryId":20650,"elapsedDurationMs":906500,"elapsedDuration":"PT15M6.5S","splitDateTime":"2019-10-25T17:08:06.5","splitDateTimeLocal":"2019-10-25T19:08:06.5+02:00"},{"startDateTime":"2019-10-25T16:55:00","startDateTimeLocal":"2019-10-25T18:55:00+02:00","stageTimeDurationMs":2409500,"stageTimeDuration":"00:40:09.5000000","splitPointTimeId":100234,"splitPointId":3035,"entryId":20651,"elapsedDurationMs":884800,"elapsedDuration":"PT14M44.8S","splitDateTime":"2019-10-25T17:09:44.8","splitDateTimeLocal":"2019-10-25T19:09:44.8+02:00"},{"startDateTime":"2019-10-25T17:05:00","startDateTimeLocal":"2019-10-25T19:05:00+02:00","stageTimeDurationMs":1894600,"stageTimeDuration":"00:31:34.6000000","splitPointTimeId":100245,"splitPointId":3035,"entryId":20657,"elapsedDurationMs":1368700,"elapsedDuration":"PT22M48.7S","splitDateTime":"2019-10-25T17:27:48.7","splitDateTimeLocal":"2019-10-25T19:27:48.7+02:00"},{"startDateTime":"2019-10-25T16:58:00","startDateTimeLocal":"2019-10-25T18:58:00+02:00","stageTimeDurationMs":1848600,"stageTimeDuration":"00:30:48.6000000","splitPointTimeId":100254,"splitPointId":3035,"entryId":20653,"elapsedDurationMs":4158200,"elapsedDuration":"PT1H9M18.2S","splitDateTime":"2019-10-25T18:07:18.2","splitDateTimeLocal":"2019-10-25T20:07:18.2+02:00"},{"startDateTime":"2019-10-25T15:16:00","startDateTimeLocal":"2019-10-25T17:16:00+02:00","stageTimeDurationMs":1565500,"stageTimeDuration":"00:26:05.5000000","splitPointTimeId":99927,"splitPointId":3036,"entryId":20610,"elapsedDurationMs":479200,"elapsedDuration":"PT7M59.2S","splitDateTime":"2019-10-25T15:23:59.2","splitDateTimeLocal":"2019-10-25T17:23:59.2+02:00"},{"startDateTime":"2019-10-25T15:19:00","startDateTimeLocal":"2019-10-25T17:19:00+02:00","stageTimeDurationMs":1573700,"stageTimeDuration":"00:26:13.7000000","splitPointTimeId":99934,"splitPointId":3036,"entryId":20605,"elapsedDurationMs":486700,"elapsedDuration":"PT8M6.7S","splitDateTime":"2019-10-25T15:27:06.7","splitDateTimeLocal":"2019-10-25T17:27:06.7+02:00"},{"startDateTime":"2019-10-25T15:22:00","startDateTimeLocal":"2019-10-25T17:22:00+02:00","stageTimeDurationMs":1558000,"stageTimeDuration":"00:25:58","splitPointTimeId":99941,"splitPointId":3036,"entryId":20612,"elapsedDurationMs":476700,"elapsedDuration":"PT7M56.7S","splitDateTime":"2019-10-25T15:29:56.7","splitDateTimeLocal":"2019-10-25T17:29:56.7+02:00"},{"startDateTime":"2019-10-25T15:25:00","startDateTimeLocal":"2019-10-25T17:25:00+02:00","stageTimeDurationMs":1555700,"stageTimeDuration":"00:25:55.7000000","splitPointTimeId":99950,"splitPointId":3036,"entryId":20608,"elapsedDurationMs":476200,"elapsedDuration":"PT7M56.2S","splitDateTime":"2019-10-25T15:32:56.2","splitDateTimeLocal":"2019-10-25T17:32:56.2+02:00"},{"startDateTime":"2019-10-25T15:28:00","startDateTimeLocal":"2019-10-25T17:28:00+02:00","stageTimeDurationMs":1585200,"stageTimeDuration":"00:26:25.2000000","splitPointTimeId":99959,"splitPointId":3036,"entryId":20614,"elapsedDurationMs":481700,"elapsedDuration":"PT8M1.7S","splitDateTime":"2019-10-25T15:36:01.7","splitDateTimeLocal":"2019-10-25T17:36:01.7+02:00"},{"startDateTime":"2019-10-25T15:31:00","startDateTimeLocal":"2019-10-25T17:31:00+02:00","stageTimeDurationMs":1564700,"stageTimeDuration":"00:26:04.7000000","splitPointTimeId":99969,"splitPointId":3036,"entryId":20611,"elapsedDurationMs":477700,"elapsedDuration":"PT7M57.7S","splitDateTime":"2019-10-25T15:38:57.7","splitDateTimeLocal":"2019-10-25T17:38:57.7+02:00"},{"startDateTime":"2019-10-25T15:37:00","startDateTimeLocal":"2019-10-25T17:37:00+02:00","stageTimeDurationMs":1579200,"stageTimeDuration":"00:26:19.2000000","splitPointTimeId":99989,"splitPointId":3036,"entryId":20606,"elapsedDurationMs":480200,"elapsedDuration":"PT8M0.2S","splitDateTime":"2019-10-25T15:45:00.2","splitDateTimeLocal":"2019-10-25T17:45:00.2+02:00"},{"startDateTime":"2019-10-25T15:40:00","startDateTimeLocal":"2019-10-25T17:40:00+02:00","stageTimeDurationMs":1568500,"stageTimeDuration":"00:26:08.5000000","splitPointTimeId":99997,"splitPointId":3036,"entryId":20609,"elapsedDurationMs":482700,"elapsedDuration":"PT8M2.7S","splitDateTime":"2019-10-25T15:48:02.7","splitDateTimeLocal":"2019-10-25T17:48:02.7+02:00"},{"startDateTime":"2019-10-25T15:43:00","startDateTimeLocal":"2019-10-25T17:43:00+02:00","stageTimeDurationMs":1546800,"stageTimeDuration":"00:25:46.8000000","splitPointTimeId":100005,"splitPointId":3036,"entryId":20613,"elapsedDurationMs":474200,"elapsedDuration":"PT7M54.2S","splitDateTime":"2019-10-25T15:50:54.2","splitDateTimeLocal":"2019-10-25T17:50:54.2+02:00"},{"startDateTime":"2019-10-25T15:46:00","startDateTimeLocal":"2019-10-25T17:46:00+02:00","stageTimeDurationMs":1588800,"stageTimeDuration":"00:26:28.8000000","splitPointTimeId":100016,"splitPointId":3036,"entryId":20615,"elapsedDurationMs":491200,"elapsedDuration":"PT8M11.2S","splitDateTime":"2019-10-25T15:54:11.2","splitDateTimeLocal":"2019-10-25T17:54:11.2+02:00"},{"startDateTime":"2019-10-25T15:48:00","startDateTimeLocal":"2019-10-25T17:48:00+02:00","stageTimeDurationMs":1632400,"stageTimeDuration":"00:27:12.4000000","splitPointTimeId":100023,"splitPointId":3036,"entryId":20616,"elapsedDurationMs":500200,"elapsedDuration":"PT8M20.2S","splitDateTime":"2019-10-25T15:56:20.2","splitDateTimeLocal":"2019-10-25T17:56:20.2+02:00"},{"startDateTime":"2019-10-25T15:50:00","startDateTimeLocal":"2019-10-25T17:50:00+02:00","stageTimeDurationMs":1640500,"stageTimeDuration":"00:27:20.5000000","splitPointTimeId":100028,"splitPointId":3036,"entryId":20617,"elapsedDurationMs":503500,"elapsedDuration":"PT8M23.5S","splitDateTime":"2019-10-25T15:58:23.5","splitDateTimeLocal":"2019-10-25T17:58:23.5+02:00"},{"startDateTime":"2019-10-25T15:52:00","startDateTimeLocal":"2019-10-25T17:52:00+02:00","stageTimeDurationMs":1628200,"stageTimeDuration":"00:27:08.2000000","splitPointTimeId":100035,"splitPointId":3036,"entryId":20618,"elapsedDurationMs":493200,"elapsedDuration":"PT8M13.2S","splitDateTime":"2019-10-25T16:00:13.2","splitDateTimeLocal":"2019-10-25T18:00:13.2+02:00"},{"startDateTime":"2019-10-25T15:54:00","startDateTimeLocal":"2019-10-25T17:54:00+02:00","stageTimeDurationMs":1634600,"stageTimeDuration":"00:27:14.6000000","splitPointTimeId":100042,"splitPointId":3036,"entryId":20619,"elapsedDurationMs":499700,"elapsedDuration":"PT8M19.7S","splitDateTime":"2019-10-25T16:02:19.7","splitDateTimeLocal":"2019-10-25T18:02:19.7+02:00"},{"startDateTime":"2019-10-25T15:56:00","startDateTimeLocal":"2019-10-25T17:56:00+02:00","stageTimeDurationMs":1625100,"stageTimeDuration":"00:27:05.1000000","splitPointTimeId":100050,"splitPointId":3036,"entryId":20620,"elapsedDurationMs":499300,"elapsedDuration":"PT8M19.3S","splitDateTime":"2019-10-25T16:04:19.3","splitDateTimeLocal":"2019-10-25T18:04:19.3+02:00"},{"startDateTime":"2019-10-25T15:58:00","startDateTimeLocal":"2019-10-25T17:58:00+02:00","stageTimeDurationMs":1689900,"stageTimeDuration":"00:28:09.9000000","splitPointTimeId":100058,"splitPointId":3036,"entryId":20621,"elapsedDurationMs":522600,"elapsedDuration":"PT8M42.6S","splitDateTime":"2019-10-25T16:06:42.6","splitDateTimeLocal":"2019-10-25T18:06:42.6+02:00"},{"startDateTime":"2019-10-25T16:00:00","startDateTimeLocal":"2019-10-25T18:00:00+02:00","stageTimeDurationMs":1633000,"stageTimeDuration":"00:27:13","splitPointTimeId":100066,"splitPointId":3036,"entryId":20622,"elapsedDurationMs":501200,"elapsedDuration":"PT8M21.2S","splitDateTime":"2019-10-25T16:08:21.2","splitDateTimeLocal":"2019-10-25T18:08:21.2+02:00"},{"startDateTime":"2019-10-25T16:02:00","startDateTimeLocal":"2019-10-25T18:02:00+02:00","stageTimeDurationMs":1629300,"stageTimeDuration":"00:27:09.3000000","splitPointTimeId":100074,"splitPointId":3036,"entryId":20623,"elapsedDurationMs":496700,"elapsedDuration":"PT8M16.7S","splitDateTime":"2019-10-25T16:10:16.7","splitDateTimeLocal":"2019-10-25T18:10:16.7+02:00"},{"startDateTime":"2019-10-25T16:04:00","startDateTimeLocal":"2019-10-25T18:04:00+02:00","stageTimeDurationMs":1719000,"stageTimeDuration":"00:28:39","splitPointTimeId":100081,"splitPointId":3036,"entryId":20624,"elapsedDurationMs":518200,"elapsedDuration":"PT8M38.2S","splitDateTime":"2019-10-25T16:12:38.2","splitDateTimeLocal":"2019-10-25T18:12:38.2+02:00"},{"startDateTime":"2019-10-25T16:06:00","startDateTimeLocal":"2019-10-25T18:06:00+02:00","stageTimeDurationMs":1704000,"stageTimeDuration":"00:28:24","splitPointTimeId":100087,"splitPointId":3036,"entryId":20625,"elapsedDurationMs":508600,"elapsedDuration":"PT8M28.6S","splitDateTime":"2019-10-25T16:14:28.6","splitDateTimeLocal":"2019-10-25T18:14:28.6+02:00"},{"startDateTime":"2019-10-25T16:08:00","startDateTimeLocal":"2019-10-25T18:08:00+02:00","stageTimeDurationMs":1631600,"stageTimeDuration":"00:27:11.6000000","splitPointTimeId":100097,"splitPointId":3036,"entryId":20626,"elapsedDurationMs":499700,"elapsedDuration":"PT8M19.7S","splitDateTime":"2019-10-25T16:16:19.7","splitDateTimeLocal":"2019-10-25T18:16:19.7+02:00"},{"startDateTime":"2019-10-25T16:11:00","startDateTimeLocal":"2019-10-25T18:11:00+02:00","stageTimeDurationMs":2218000,"stageTimeDuration":"00:36:58","splitPointTimeId":100113,"splitPointId":3036,"entryId":20631,"elapsedDurationMs":505700,"elapsedDuration":"PT8M25.7S","splitDateTime":"2019-10-25T16:19:25.7","splitDateTimeLocal":"2019-10-25T18:19:25.7+02:00"},{"startDateTime":"2019-10-25T16:13:00","startDateTimeLocal":"2019-10-25T18:13:00+02:00","stageTimeDurationMs":1651300,"stageTimeDuration":"00:27:31.3000000","splitPointTimeId":100116,"splitPointId":3036,"entryId":20632,"elapsedDurationMs":506200,"elapsedDuration":"PT8M26.2S","splitDateTime":"2019-10-25T16:21:26.2","splitDateTimeLocal":"2019-10-25T18:21:26.2+02:00"},{"startDateTime":"2019-10-25T16:15:00","startDateTimeLocal":"2019-10-25T18:15:00+02:00","stageTimeDurationMs":1618000,"stageTimeDuration":"00:26:58","splitPointTimeId":100124,"splitPointId":3036,"entryId":20635,"elapsedDurationMs":496200,"elapsedDuration":"PT8M16.2S","splitDateTime":"2019-10-25T16:23:16.2","splitDateTimeLocal":"2019-10-25T18:23:16.2+02:00"},{"startDateTime":"2019-10-25T16:17:00","startDateTimeLocal":"2019-10-25T18:17:00+02:00","stageTimeDurationMs":1622500,"stageTimeDuration":"00:27:02.5000000","splitPointTimeId":100131,"splitPointId":3036,"entryId":20636,"elapsedDurationMs":499700,"elapsedDuration":"PT8M19.7S","splitDateTime":"2019-10-25T16:25:19.7","splitDateTimeLocal":"2019-10-25T18:25:19.7+02:00"},{"startDateTime":"2019-10-25T16:19:00","startDateTimeLocal":"2019-10-25T18:19:00+02:00","stageTimeDurationMs":1665600,"stageTimeDuration":"00:27:45.6000000","splitPointTimeId":100137,"splitPointId":3036,"entryId":20637,"elapsedDurationMs":514200,"elapsedDuration":"PT8M34.2S","splitDateTime":"2019-10-25T16:27:34.2","splitDateTimeLocal":"2019-10-25T18:27:34.2+02:00"},{"startDateTime":"2019-10-25T16:21:00","startDateTimeLocal":"2019-10-25T18:21:00+02:00","stageTimeDurationMs":1651100,"stageTimeDuration":"00:27:31.1000000","splitPointTimeId":100142,"splitPointId":3036,"entryId":20638,"elapsedDurationMs":507700,"elapsedDuration":"PT8M27.7S","splitDateTime":"2019-10-25T16:29:27.7","splitDateTimeLocal":"2019-10-25T18:29:27.7+02:00"},{"startDateTime":"2019-10-25T16:23:00","startDateTimeLocal":"2019-10-25T18:23:00+02:00","stageTimeDurationMs":1664400,"stageTimeDuration":"00:27:44.4000000","splitPointTimeId":100148,"splitPointId":3036,"entryId":20633,"elapsedDurationMs":513200,"elapsedDuration":"PT8M33.2S","splitDateTime":"2019-10-25T16:31:33.2","splitDateTimeLocal":"2019-10-25T18:31:33.2+02:00"},{"startDateTime":"2019-10-25T16:25:00","startDateTimeLocal":"2019-10-25T18:25:00+02:00","stageTimeDurationMs":1780000,"stageTimeDuration":"00:29:40","splitPointTimeId":100155,"splitPointId":3036,"entryId":20628,"elapsedDurationMs":559400,"elapsedDuration":"PT9M19.4S","splitDateTime":"2019-10-25T16:34:19.4","splitDateTimeLocal":"2019-10-25T18:34:19.4+02:00"},{"startDateTime":"2019-10-25T16:27:00","startDateTimeLocal":"2019-10-25T18:27:00+02:00","stageTimeDurationMs":1830100,"stageTimeDuration":"00:30:30.1000000","splitPointTimeId":100159,"splitPointId":3036,"entryId":20634,"elapsedDurationMs":572200,"elapsedDuration":"PT9M32.2S","splitDateTime":"2019-10-25T16:36:32.2","splitDateTimeLocal":"2019-10-25T18:36:32.2+02:00"},{"startDateTime":"2019-10-25T16:30:00","startDateTimeLocal":"2019-10-25T18:30:00+02:00","stageTimeDurationMs":1763200,"stageTimeDuration":"00:29:23.2000000","splitPointTimeId":100171,"splitPointId":3036,"entryId":20639,"elapsedDurationMs":541700,"elapsedDuration":"PT9M1.7S","splitDateTime":"2019-10-25T16:39:01.7","splitDateTimeLocal":"2019-10-25T18:39:01.7+02:00"},{"startDateTime":"2019-10-25T16:32:00","startDateTimeLocal":"2019-10-25T18:32:00+02:00","stageTimeDurationMs":1929000,"stageTimeDuration":"00:32:09","splitPointTimeId":100176,"splitPointId":3036,"entryId":20640,"elapsedDurationMs":620500,"elapsedDuration":"PT10M20.5S","splitDateTime":"2019-10-25T16:42:20.5","splitDateTimeLocal":"2019-10-25T18:42:20.5+02:00"},{"startDateTime":"2019-10-25T16:34:00","startDateTimeLocal":"2019-10-25T18:34:00+02:00","stageTimeDurationMs":1903000,"stageTimeDuration":"00:31:43","splitPointTimeId":100179,"splitPointId":3036,"entryId":20642,"elapsedDurationMs":601700,"elapsedDuration":"PT10M1.7S","splitDateTime":"2019-10-25T16:44:01.7","splitDateTimeLocal":"2019-10-25T18:44:01.7+02:00"},{"startDateTime":"2019-10-25T16:38:00","startDateTimeLocal":"2019-10-25T18:38:00+02:00","stageTimeDurationMs":1844300,"stageTimeDuration":"00:30:44.3000000","splitPointTimeId":100192,"splitPointId":3036,"entryId":20644,"elapsedDurationMs":574900,"elapsedDuration":"PT9M34.9S","splitDateTime":"2019-10-25T16:47:34.9","splitDateTimeLocal":"2019-10-25T18:47:34.9+02:00"},{"startDateTime":"2019-10-25T16:36:00","startDateTimeLocal":"2019-10-25T18:36:00+02:00","stageTimeDurationMs":2363200,"stageTimeDuration":"00:39:23.2000000","splitPointTimeId":100197,"splitPointId":3036,"entryId":20643,"elapsedDurationMs":783900,"elapsedDuration":"PT13M3.9S","splitDateTime":"2019-10-25T16:49:03.9","splitDateTimeLocal":"2019-10-25T18:49:03.9+02:00"},{"startDateTime":"2019-10-25T16:42:00","startDateTimeLocal":"2019-10-25T18:42:00+02:00","stageTimeDurationMs":1834700,"stageTimeDuration":"00:30:34.7000000","splitPointTimeId":100199,"splitPointId":3036,"entryId":20646,"elapsedDurationMs":559300,"elapsedDuration":"PT9M19.3S","splitDateTime":"2019-10-25T16:51:19.3","splitDateTimeLocal":"2019-10-25T18:51:19.3+02:00"},{"startDateTime":"2019-10-25T16:40:00","startDateTimeLocal":"2019-10-25T18:40:00+02:00","stageTimeDurationMs":1864200,"stageTimeDuration":"00:31:04.2000000","splitPointTimeId":100201,"splitPointId":3036,"entryId":20645,"elapsedDurationMs":581200,"elapsedDuration":"PT9M41.2S","splitDateTime":"2019-10-25T16:49:41.2","splitDateTimeLocal":"2019-10-25T18:49:41.2+02:00"},{"startDateTime":"2019-10-25T16:46:00","startDateTimeLocal":"2019-10-25T18:46:00+02:00","stageTimeDurationMs":2409500,"stageTimeDuration":"00:40:09.5000000","splitPointTimeId":100207,"splitPointId":3036,"entryId":20648,"elapsedDurationMs":578500,"elapsedDuration":"PT9M38.5S","splitDateTime":"2019-10-25T16:55:38.5","splitDateTimeLocal":"2019-10-25T18:55:38.5+02:00"},{"startDateTime":"2019-10-25T16:44:00","startDateTimeLocal":"2019-10-25T18:44:00+02:00","stageTimeDurationMs":1868300,"stageTimeDuration":"00:31:08.3000000","splitPointTimeId":100208,"splitPointId":3036,"entryId":20647,"elapsedDurationMs":573700,"elapsedDuration":"PT9M33.7S","splitDateTime":"2019-10-25T16:53:33.7","splitDateTimeLocal":"2019-10-25T18:53:33.7+02:00"},{"startDateTime":"2019-10-25T16:53:00","startDateTimeLocal":"2019-10-25T18:53:00+02:00","stageTimeDurationMs":1843800,"stageTimeDuration":"00:30:43.8000000","splitPointTimeId":100221,"splitPointId":3036,"entryId":20650,"elapsedDurationMs":568500,"elapsedDuration":"PT9M28.5S","splitDateTime":"2019-10-25T17:02:28.5","splitDateTimeLocal":"2019-10-25T19:02:28.5+02:00"},{"startDateTime":"2019-10-25T16:55:00","startDateTimeLocal":"2019-10-25T18:55:00+02:00","stageTimeDurationMs":2409500,"stageTimeDuration":"00:40:09.5000000","splitPointTimeId":100225,"splitPointId":3036,"entryId":20651,"elapsedDurationMs":557700,"elapsedDuration":"PT9M17.7S","splitDateTime":"2019-10-25T17:04:17.7","splitDateTimeLocal":"2019-10-25T19:04:17.7+02:00"},{"startDateTime":"2019-10-25T17:05:00","startDateTimeLocal":"2019-10-25T19:05:00+02:00","stageTimeDurationMs":1894600,"stageTimeDuration":"00:31:34.6000000","splitPointTimeId":100243,"splitPointId":3036,"entryId":20657,"elapsedDurationMs":866700,"elapsedDuration":"PT14M26.7S","splitDateTime":"2019-10-25T17:19:26.7","splitDateTimeLocal":"2019-10-25T19:19:26.7+02:00"},{"startDateTime":"2019-10-25T16:58:00","startDateTimeLocal":"2019-10-25T18:58:00+02:00","stageTimeDurationMs":1848600,"stageTimeDuration":"00:30:48.6000000","splitPointTimeId":100252,"splitPointId":3036,"entryId":20653,"elapsedDurationMs":3644800,"elapsedDuration":"PT1H44.8S","splitDateTime":"2019-10-25T17:58:44.8","splitDateTimeLocal":"2019-10-25T19:58:44.8+02:00"},{"startDateTime":"2019-10-25T17:03:00","startDateTimeLocal":"2019-10-25T19:03:00+02:00","stageTimeDurationMs":1809500,"stageTimeDuration":"00:30:09.5000000","splitPointTimeId":100253,"splitPointId":3036,"entryId":20656,"elapsedDurationMs":3348700,"elapsedDuration":"PT55M48.7S","splitDateTime":"2019-10-25T17:58:48.7","splitDateTimeLocal":"2019-10-25T19:58:48.7+02:00"},{"startDateTime":"2019-10-25T15:16:00","startDateTimeLocal":"2019-10-25T17:16:00+02:00","stageTimeDurationMs":1565500,"stageTimeDuration":"00:26:05.5000000","splitPointTimeId":99967,"splitPointId":3037,"entryId":20610,"elapsedDurationMs":1345400,"elapsedDuration":"PT22M25.4S","splitDateTime":"2019-10-25T15:38:25.4","splitDateTimeLocal":"2019-10-25T17:38:25.4+02:00"},{"startDateTime":"2019-10-25T15:19:00","startDateTimeLocal":"2019-10-25T17:19:00+02:00","stageTimeDurationMs":1573700,"stageTimeDuration":"00:26:13.7000000","splitPointTimeId":99978,"splitPointId":3037,"entryId":20605,"elapsedDurationMs":1352800,"elapsedDuration":"PT22M32.8S","splitDateTime":"2019-10-25T15:41:32.8","splitDateTimeLocal":"2019-10-25T17:41:32.8+02:00"},{"startDateTime":"2019-10-25T15:22:00","startDateTimeLocal":"2019-10-25T17:22:00+02:00","stageTimeDurationMs":1558000,"stageTimeDuration":"00:25:58","splitPointTimeId":99987,"splitPointId":3037,"entryId":20612,"elapsedDurationMs":1338500,"elapsedDuration":"PT22M18.5S","splitDateTime":"2019-10-25T15:44:18.5","splitDateTimeLocal":"2019-10-25T17:44:18.5+02:00"},{"startDateTime":"2019-10-25T15:25:00","startDateTimeLocal":"2019-10-25T17:25:00+02:00","stageTimeDurationMs":1555700,"stageTimeDuration":"00:25:55.7000000","splitPointTimeId":99994,"splitPointId":3037,"entryId":20608,"elapsedDurationMs":1337000,"elapsedDuration":"PT22M17S","splitDateTime":"2019-10-25T15:47:17","splitDateTimeLocal":"2019-10-25T17:47:17+02:00"},{"startDateTime":"2019-10-25T15:28:00","startDateTimeLocal":"2019-10-25T17:28:00+02:00","stageTimeDurationMs":1585200,"stageTimeDuration":"00:26:25.2000000","splitPointTimeId":100004,"splitPointId":3037,"entryId":20614,"elapsedDurationMs":1355600,"elapsedDuration":"PT22M35.6S","splitDateTime":"2019-10-25T15:50:35.6","splitDateTimeLocal":"2019-10-25T17:50:35.6+02:00"},{"startDateTime":"2019-10-25T15:31:00","startDateTimeLocal":"2019-10-25T17:31:00+02:00","stageTimeDurationMs":1564700,"stageTimeDuration":"00:26:04.7000000","splitPointTimeId":100013,"splitPointId":3037,"entryId":20611,"elapsedDurationMs":1345300,"elapsedDuration":"PT22M25.3S","splitDateTime":"2019-10-25T15:53:25.3","splitDateTimeLocal":"2019-10-25T17:53:25.3+02:00"},{"startDateTime":"2019-10-25T15:37:00","startDateTimeLocal":"2019-10-25T17:37:00+02:00","stageTimeDurationMs":1579200,"stageTimeDuration":"00:26:19.2000000","splitPointTimeId":100032,"splitPointId":3037,"entryId":20606,"elapsedDurationMs":1358300,"elapsedDuration":"PT22M38.3S","splitDateTime":"2019-10-25T15:59:38.3","splitDateTimeLocal":"2019-10-25T17:59:38.3+02:00"},{"startDateTime":"2019-10-25T15:40:00","startDateTimeLocal":"2019-10-25T17:40:00+02:00","stageTimeDurationMs":1568500,"stageTimeDuration":"00:26:08.5000000","splitPointTimeId":100043,"splitPointId":3037,"entryId":20609,"elapsedDurationMs":1349300,"elapsedDuration":"PT22M29.3S","splitDateTime":"2019-10-25T16:02:29.3","splitDateTimeLocal":"2019-10-25T18:02:29.3+02:00"},{"startDateTime":"2019-10-25T15:43:00","startDateTimeLocal":"2019-10-25T17:43:00+02:00","stageTimeDurationMs":1546800,"stageTimeDuration":"00:25:46.8000000","splitPointTimeId":100051,"splitPointId":3037,"entryId":20613,"elapsedDurationMs":1329700,"elapsedDuration":"PT22M9.7S","splitDateTime":"2019-10-25T16:05:09.7","splitDateTimeLocal":"2019-10-25T18:05:09.7+02:00"},{"startDateTime":"2019-10-25T15:46:00","startDateTimeLocal":"2019-10-25T17:46:00+02:00","stageTimeDurationMs":1588800,"stageTimeDuration":"00:26:28.8000000","splitPointTimeId":100068,"splitPointId":3037,"entryId":20615,"elapsedDurationMs":1366300,"elapsedDuration":"PT22M46.3S","splitDateTime":"2019-10-25T16:08:46.3","splitDateTimeLocal":"2019-10-25T18:08:46.3+02:00"},{"startDateTime":"2019-10-25T15:48:00","startDateTimeLocal":"2019-10-25T17:48:00+02:00","stageTimeDurationMs":1632400,"stageTimeDuration":"00:27:12.4000000","splitPointTimeId":100076,"splitPointId":3037,"entryId":20616,"elapsedDurationMs":1403700,"elapsedDuration":"PT23M23.7S","splitDateTime":"2019-10-25T16:11:23.7","splitDateTimeLocal":"2019-10-25T18:11:23.7+02:00"},{"startDateTime":"2019-10-25T15:50:00","startDateTimeLocal":"2019-10-25T17:50:00+02:00","stageTimeDurationMs":1640500,"stageTimeDuration":"00:27:20.5000000","splitPointTimeId":100083,"splitPointId":3037,"entryId":20617,"elapsedDurationMs":1407700,"elapsedDuration":"PT23M27.7S","splitDateTime":"2019-10-25T16:13:27.7","splitDateTimeLocal":"2019-10-25T18:13:27.7+02:00"},{"startDateTime":"2019-10-25T15:52:00","startDateTimeLocal":"2019-10-25T17:52:00+02:00","stageTimeDurationMs":1628200,"stageTimeDuration":"00:27:08.2000000","splitPointTimeId":100093,"splitPointId":3037,"entryId":20618,"elapsedDurationMs":1396800,"elapsedDuration":"PT23M16.8S","splitDateTime":"2019-10-25T16:15:16.8","splitDateTimeLocal":"2019-10-25T18:15:16.8+02:00"},{"startDateTime":"2019-10-25T15:54:00","startDateTimeLocal":"2019-10-25T17:54:00+02:00","stageTimeDurationMs":1634600,"stageTimeDuration":"00:27:14.6000000","splitPointTimeId":100101,"splitPointId":3037,"entryId":20619,"elapsedDurationMs":1402400,"elapsedDuration":"PT23M22.4S","splitDateTime":"2019-10-25T16:17:22.4","splitDateTimeLocal":"2019-10-25T18:17:22.4+02:00"},{"startDateTime":"2019-10-25T15:56:00","startDateTimeLocal":"2019-10-25T17:56:00+02:00","stageTimeDurationMs":1625100,"stageTimeDuration":"00:27:05.1000000","splitPointTimeId":100108,"splitPointId":3037,"entryId":20620,"elapsedDurationMs":1394100,"elapsedDuration":"PT23M14.1S","splitDateTime":"2019-10-25T16:19:14.1","splitDateTimeLocal":"2019-10-25T18:19:14.1+02:00"},{"startDateTime":"2019-10-25T15:58:00","startDateTimeLocal":"2019-10-25T17:58:00+02:00","stageTimeDurationMs":1689900,"stageTimeDuration":"00:28:09.9000000","splitPointTimeId":100120,"splitPointId":3037,"entryId":20621,"elapsedDurationMs":1449000,"elapsedDuration":"PT24M9S","splitDateTime":"2019-10-25T16:22:09","splitDateTimeLocal":"2019-10-25T18:22:09+02:00"},{"startDateTime":"2019-10-25T16:00:00","startDateTimeLocal":"2019-10-25T18:00:00+02:00","stageTimeDurationMs":1633000,"stageTimeDuration":"00:27:13","splitPointTimeId":100125,"splitPointId":3037,"entryId":20622,"elapsedDurationMs":1403100,"elapsedDuration":"PT23M23.1S","splitDateTime":"2019-10-25T16:23:23.1","splitDateTimeLocal":"2019-10-25T18:23:23.1+02:00"},{"startDateTime":"2019-10-25T16:02:00","startDateTimeLocal":"2019-10-25T18:02:00+02:00","stageTimeDurationMs":1629300,"stageTimeDuration":"00:27:09.3000000","splitPointTimeId":100130,"splitPointId":3037,"entryId":20623,"elapsedDurationMs":1398000,"elapsedDuration":"PT23M18S","splitDateTime":"2019-10-25T16:25:18","splitDateTimeLocal":"2019-10-25T18:25:18+02:00"},{"startDateTime":"2019-10-25T16:04:00","startDateTimeLocal":"2019-10-25T18:04:00+02:00","stageTimeDurationMs":1719000,"stageTimeDuration":"00:28:39","splitPointTimeId":100141,"splitPointId":3037,"entryId":20624,"elapsedDurationMs":1468300,"elapsedDuration":"PT24M28.3S","splitDateTime":"2019-10-25T16:28:28.3","splitDateTimeLocal":"2019-10-25T18:28:28.3+02:00"},{"startDateTime":"2019-10-25T16:06:00","startDateTimeLocal":"2019-10-25T18:06:00+02:00","stageTimeDurationMs":1704000,"stageTimeDuration":"00:28:24","splitPointTimeId":100145,"splitPointId":3037,"entryId":20625,"elapsedDurationMs":1430500,"elapsedDuration":"PT23M50.5S","splitDateTime":"2019-10-25T16:29:50.5","splitDateTimeLocal":"2019-10-25T18:29:50.5+02:00"},{"startDateTime":"2019-10-25T16:08:00","startDateTimeLocal":"2019-10-25T18:08:00+02:00","stageTimeDurationMs":1631600,"stageTimeDuration":"00:27:11.6000000","splitPointTimeId":100147,"splitPointId":3037,"entryId":20626,"elapsedDurationMs":1398800,"elapsedDuration":"PT23M18.8S","splitDateTime":"2019-10-25T16:31:18.8","splitDateTimeLocal":"2019-10-25T18:31:18.8+02:00"},{"startDateTime":"2019-10-25T16:13:00","startDateTimeLocal":"2019-10-25T18:13:00+02:00","stageTimeDurationMs":1651300,"stageTimeDuration":"00:27:31.3000000","splitPointTimeId":100161,"splitPointId":3037,"entryId":20632,"elapsedDurationMs":1419200,"elapsedDuration":"PT23M39.2S","splitDateTime":"2019-10-25T16:36:39.2","splitDateTimeLocal":"2019-10-25T18:36:39.2+02:00"},{"startDateTime":"2019-10-25T16:15:00","startDateTimeLocal":"2019-10-25T18:15:00+02:00","stageTimeDurationMs":1618000,"stageTimeDuration":"00:26:58","splitPointTimeId":100163,"splitPointId":3037,"entryId":20635,"elapsedDurationMs":1388500,"elapsedDuration":"PT23M8.5S","splitDateTime":"2019-10-25T16:38:08.5","splitDateTimeLocal":"2019-10-25T18:38:08.5+02:00"},{"startDateTime":"2019-10-25T16:17:00","startDateTimeLocal":"2019-10-25T18:17:00+02:00","stageTimeDurationMs":1622500,"stageTimeDuration":"00:27:02.5000000","splitPointTimeId":100168,"splitPointId":3037,"entryId":20636,"elapsedDurationMs":1394500,"elapsedDuration":"PT23M14.5S","splitDateTime":"2019-10-25T16:40:14.5","splitDateTimeLocal":"2019-10-25T18:40:14.5+02:00"},{"startDateTime":"2019-10-25T16:19:00","startDateTimeLocal":"2019-10-25T18:19:00+02:00","stageTimeDurationMs":1665600,"stageTimeDuration":"00:27:45.6000000","splitPointTimeId":100178,"splitPointId":3037,"entryId":20637,"elapsedDurationMs":1427800,"elapsedDuration":"PT23M47.8S","splitDateTime":"2019-10-25T16:42:47.8","splitDateTimeLocal":"2019-10-25T18:42:47.8+02:00"},{"startDateTime":"2019-10-25T16:21:00","startDateTimeLocal":"2019-10-25T18:21:00+02:00","stageTimeDurationMs":1651100,"stageTimeDuration":"00:27:31.1000000","splitPointTimeId":100182,"splitPointId":3037,"entryId":20638,"elapsedDurationMs":1418900,"elapsedDuration":"PT23M38.9S","splitDateTime":"2019-10-25T16:44:38.9","splitDateTimeLocal":"2019-10-25T18:44:38.9+02:00"},{"startDateTime":"2019-10-25T16:23:00","startDateTimeLocal":"2019-10-25T18:23:00+02:00","stageTimeDurationMs":1664400,"stageTimeDuration":"00:27:44.4000000","splitPointTimeId":100188,"splitPointId":3037,"entryId":20633,"elapsedDurationMs":1429300,"elapsedDuration":"PT23M49.3S","splitDateTime":"2019-10-25T16:46:49.3","splitDateTimeLocal":"2019-10-25T18:46:49.3+02:00"},{"startDateTime":"2019-10-25T16:25:00","startDateTimeLocal":"2019-10-25T18:25:00+02:00","stageTimeDurationMs":1780000,"stageTimeDuration":"00:29:40","splitPointTimeId":100198,"splitPointId":3037,"entryId":20628,"elapsedDurationMs":1524100,"elapsedDuration":"PT25M24.1S","splitDateTime":"2019-10-25T16:50:24.1","splitDateTimeLocal":"2019-10-25T18:50:24.1+02:00"},{"startDateTime":"2019-10-25T16:30:00","startDateTimeLocal":"2019-10-25T18:30:00+02:00","stageTimeDurationMs":1763200,"stageTimeDuration":"00:29:23.2000000","splitPointTimeId":100206,"splitPointId":3037,"entryId":20639,"elapsedDurationMs":1511500,"elapsedDuration":"PT25M11.5S","splitDateTime":"2019-10-25T16:55:11.5","splitDateTimeLocal":"2019-10-25T18:55:11.5+02:00"},{"startDateTime":"2019-10-25T16:32:00","startDateTimeLocal":"2019-10-25T18:32:00+02:00","stageTimeDurationMs":1929000,"stageTimeDuration":"00:32:09","splitPointTimeId":100214,"splitPointId":3037,"entryId":20640,"elapsedDurationMs":1660000,"elapsedDuration":"PT27M40S","splitDateTime":"2019-10-25T16:59:40","splitDateTimeLocal":"2019-10-25T18:59:40+02:00"},{"startDateTime":"2019-10-25T16:34:00","startDateTimeLocal":"2019-10-25T18:34:00+02:00","stageTimeDurationMs":1903000,"stageTimeDuration":"00:31:43","splitPointTimeId":100215,"splitPointId":3037,"entryId":20642,"elapsedDurationMs":1632900,"elapsedDuration":"PT27M12.9S","splitDateTime":"2019-10-25T17:01:12.9","splitDateTimeLocal":"2019-10-25T19:01:12.9+02:00"},{"startDateTime":"2019-10-25T16:38:00","startDateTimeLocal":"2019-10-25T18:38:00+02:00","stageTimeDurationMs":1844300,"stageTimeDuration":"00:30:44.3000000","splitPointTimeId":100224,"splitPointId":3037,"entryId":20644,"elapsedDurationMs":1583800,"elapsedDuration":"PT26M23.8S","splitDateTime":"2019-10-25T17:04:23.8","splitDateTimeLocal":"2019-10-25T19:04:23.8+02:00"},{"startDateTime":"2019-10-25T16:40:00","startDateTimeLocal":"2019-10-25T18:40:00+02:00","stageTimeDurationMs":1864200,"stageTimeDuration":"00:31:04.2000000","splitPointTimeId":100227,"splitPointId":3037,"entryId":20645,"elapsedDurationMs":1599200,"elapsedDuration":"PT26M39.2S","splitDateTime":"2019-10-25T17:06:39.2","splitDateTimeLocal":"2019-10-25T19:06:39.2+02:00"},{"startDateTime":"2019-10-25T16:42:00","startDateTimeLocal":"2019-10-25T18:42:00+02:00","stageTimeDurationMs":1834700,"stageTimeDuration":"00:30:34.7000000","splitPointTimeId":100231,"splitPointId":3037,"entryId":20646,"elapsedDurationMs":1547000,"elapsedDuration":"PT25M47S","splitDateTime":"2019-10-25T17:07:47","splitDateTimeLocal":"2019-10-25T19:07:47+02:00"},{"startDateTime":"2019-10-25T16:44:00","startDateTimeLocal":"2019-10-25T18:44:00+02:00","stageTimeDurationMs":1868300,"stageTimeDuration":"00:31:08.3000000","splitPointTimeId":100237,"splitPointId":3037,"entryId":20647,"elapsedDurationMs":1598800,"elapsedDuration":"PT26M38.8S","splitDateTime":"2019-10-25T17:10:38.8","splitDateTimeLocal":"2019-10-25T19:10:38.8+02:00"},{"startDateTime":"2019-10-25T16:53:00","startDateTimeLocal":"2019-10-25T18:53:00+02:00","stageTimeDurationMs":1843800,"stageTimeDuration":"00:30:43.8000000","splitPointTimeId":100242,"splitPointId":3037,"entryId":20650,"elapsedDurationMs":1581900,"elapsedDuration":"PT26M21.9S","splitDateTime":"2019-10-25T17:19:21.9","splitDateTimeLocal":"2019-10-25T19:19:21.9+02:00"},{"startDateTime":"2019-10-25T17:05:00","startDateTimeLocal":"2019-10-25T19:05:00+02:00","stageTimeDurationMs":1894600,"stageTimeDuration":"00:31:34.6000000","splitPointTimeId":100248,"splitPointId":3037,"entryId":20657,"elapsedDurationMs":2447300,"elapsedDuration":"PT40M47.3S","splitDateTime":"2019-10-25T17:45:47.3","splitDateTimeLocal":"2019-10-25T19:45:47.3+02:00"},{"startDateTime":"2019-10-25T16:11:00","startDateTimeLocal":"2019-10-25T18:11:00+02:00","stageTimeDurationMs":2218000,"stageTimeDuration":"00:36:58","splitPointTimeId":100249,"splitPointId":3037,"entryId":20631,"elapsedDurationMs":5751300,"elapsedDuration":"PT1H35M51.3S","splitDateTime":"2019-10-25T17:46:51.3","splitDateTimeLocal":"2019-10-25T19:46:51.3+02:00"},{"startDateTime":"2019-10-25T16:58:00","startDateTimeLocal":"2019-10-25T18:58:00+02:00","stageTimeDurationMs":1848600,"stageTimeDuration":"00:30:48.6000000","splitPointTimeId":100256,"splitPointId":3037,"entryId":20653,"elapsedDurationMs":5269200,"elapsedDuration":"PT1H27M49.2S","splitDateTime":"2019-10-25T18:25:49.2","splitDateTimeLocal":"2019-10-25T20:25:49.2+02:00"},{"startDateTime":"2019-10-25T15:16:00","startDateTimeLocal":"2019-10-25T17:16:00+02:00","stageTimeDurationMs":1565500,"stageTimeDuration":"00:26:05.5000000","splitPointTimeId":99973,"splitPointId":3044,"entryId":20610,"elapsedDurationMs":1475900,"elapsedDuration":"PT24M35.9S","splitDateTime":"2019-10-25T15:40:35.9","splitDateTimeLocal":"2019-10-25T17:40:35.9+02:00"},{"startDateTime":"2019-10-25T15:19:00","startDateTimeLocal":"2019-10-25T17:19:00+02:00","stageTimeDurationMs":1573700,"stageTimeDuration":"00:26:13.7000000","splitPointTimeId":99983,"splitPointId":3044,"entryId":20605,"elapsedDurationMs":1484100,"elapsedDuration":"PT24M44.1S","splitDateTime":"2019-10-25T15:43:44.1","splitDateTimeLocal":"2019-10-25T17:43:44.1+02:00"},{"startDateTime":"2019-10-25T15:22:00","startDateTimeLocal":"2019-10-25T17:22:00+02:00","stageTimeDurationMs":1558000,"stageTimeDuration":"00:25:58","splitPointTimeId":99992,"splitPointId":3044,"entryId":20612,"elapsedDurationMs":1468500,"elapsedDuration":"PT24M28.5S","splitDateTime":"2019-10-25T15:46:28.5","splitDateTimeLocal":"2019-10-25T17:46:28.5+02:00"},{"startDateTime":"2019-10-25T15:25:00","startDateTimeLocal":"2019-10-25T17:25:00+02:00","stageTimeDurationMs":1555700,"stageTimeDuration":"00:25:55.7000000","splitPointTimeId":100000,"splitPointId":3044,"entryId":20608,"elapsedDurationMs":1467000,"elapsedDuration":"PT24M27S","splitDateTime":"2019-10-25T15:49:27","splitDateTimeLocal":"2019-10-25T17:49:27+02:00"},{"startDateTime":"2019-10-25T15:28:00","startDateTimeLocal":"2019-10-25T17:28:00+02:00","stageTimeDurationMs":1585200,"stageTimeDuration":"00:26:25.2000000","splitPointTimeId":100010,"splitPointId":3044,"entryId":20614,"elapsedDurationMs":1492400,"elapsedDuration":"PT24M52.4S","splitDateTime":"2019-10-25T15:52:52.4","splitDateTimeLocal":"2019-10-25T17:52:52.4+02:00"},{"startDateTime":"2019-10-25T15:31:00","startDateTimeLocal":"2019-10-25T17:31:00+02:00","stageTimeDurationMs":1564700,"stageTimeDuration":"00:26:04.7000000","splitPointTimeId":100019,"splitPointId":3044,"entryId":20611,"elapsedDurationMs":1475300,"elapsedDuration":"PT24M35.3S","splitDateTime":"2019-10-25T15:55:35.3","splitDateTimeLocal":"2019-10-25T17:55:35.3+02:00"},{"startDateTime":"2019-10-25T15:37:00","startDateTimeLocal":"2019-10-25T17:37:00+02:00","stageTimeDurationMs":1579200,"stageTimeDuration":"00:26:19.2000000","splitPointTimeId":100040,"splitPointId":3044,"entryId":20606,"elapsedDurationMs":1488900,"elapsedDuration":"PT24M48.9S","splitDateTime":"2019-10-25T16:01:48.9","splitDateTimeLocal":"2019-10-25T18:01:48.9+02:00"},{"startDateTime":"2019-10-25T15:40:00","startDateTimeLocal":"2019-10-25T17:40:00+02:00","stageTimeDurationMs":1568500,"stageTimeDuration":"00:26:08.5000000","splitPointTimeId":100049,"splitPointId":3044,"entryId":20609,"elapsedDurationMs":1479200,"elapsedDuration":"PT24M39.2S","splitDateTime":"2019-10-25T16:04:39.2","splitDateTimeLocal":"2019-10-25T18:04:39.2+02:00"},{"startDateTime":"2019-10-25T15:43:00","startDateTimeLocal":"2019-10-25T17:43:00+02:00","stageTimeDurationMs":1546800,"stageTimeDuration":"00:25:46.8000000","splitPointTimeId":100063,"splitPointId":3044,"entryId":20613,"elapsedDurationMs":1458500,"elapsedDuration":"PT24M18.5S","splitDateTime":"2019-10-25T16:07:18.5","splitDateTimeLocal":"2019-10-25T18:07:18.5+02:00"},{"startDateTime":"2019-10-25T15:46:00","startDateTimeLocal":"2019-10-25T17:46:00+02:00","stageTimeDurationMs":1588800,"stageTimeDuration":"00:26:28.8000000","splitPointTimeId":100075,"splitPointId":3044,"entryId":20615,"elapsedDurationMs":1498300,"elapsedDuration":"PT24M58.3S","splitDateTime":"2019-10-25T16:10:58.3","splitDateTimeLocal":"2019-10-25T18:10:58.3+02:00"},{"startDateTime":"2019-10-25T15:48:00","startDateTimeLocal":"2019-10-25T17:48:00+02:00","stageTimeDurationMs":1632400,"stageTimeDuration":"00:27:12.4000000","splitPointTimeId":100085,"splitPointId":3044,"entryId":20616,"elapsedDurationMs":1540300,"elapsedDuration":"PT25M40.3S","splitDateTime":"2019-10-25T16:13:40.3","splitDateTimeLocal":"2019-10-25T18:13:40.3+02:00"},{"startDateTime":"2019-10-25T15:50:00","startDateTimeLocal":"2019-10-25T17:50:00+02:00","stageTimeDurationMs":1640500,"stageTimeDuration":"00:27:20.5000000","splitPointTimeId":100095,"splitPointId":3044,"entryId":20617,"elapsedDurationMs":1546800,"elapsedDuration":"PT25M46.8S","splitDateTime":"2019-10-25T16:15:46.8","splitDateTimeLocal":"2019-10-25T18:15:46.8+02:00"},{"startDateTime":"2019-10-25T15:52:00","startDateTimeLocal":"2019-10-25T17:52:00+02:00","stageTimeDurationMs":1628200,"stageTimeDuration":"00:27:08.2000000","splitPointTimeId":100103,"splitPointId":3044,"entryId":20618,"elapsedDurationMs":1535200,"elapsedDuration":"PT25M35.2S","splitDateTime":"2019-10-25T16:17:35.2","splitDateTimeLocal":"2019-10-25T18:17:35.2+02:00"},{"startDateTime":"2019-10-25T15:54:00","startDateTimeLocal":"2019-10-25T17:54:00+02:00","stageTimeDurationMs":1634600,"stageTimeDuration":"00:27:14.6000000","splitPointTimeId":100111,"splitPointId":3044,"entryId":20619,"elapsedDurationMs":1540700,"elapsedDuration":"PT25M40.7S","splitDateTime":"2019-10-25T16:19:40.7","splitDateTimeLocal":"2019-10-25T18:19:40.7+02:00"},{"startDateTime":"2019-10-25T15:56:00","startDateTimeLocal":"2019-10-25T17:56:00+02:00","stageTimeDurationMs":1625100,"stageTimeDuration":"00:27:05.1000000","splitPointTimeId":100118,"splitPointId":3044,"entryId":20620,"elapsedDurationMs":1531100,"elapsedDuration":"PT25M31.1S","splitDateTime":"2019-10-25T16:21:31.1","splitDateTimeLocal":"2019-10-25T18:21:31.1+02:00"},{"startDateTime":"2019-10-25T15:58:00","startDateTimeLocal":"2019-10-25T17:58:00+02:00","stageTimeDurationMs":1689900,"stageTimeDuration":"00:28:09.9000000","splitPointTimeId":100127,"splitPointId":3044,"entryId":20621,"elapsedDurationMs":1593400,"elapsedDuration":"PT26M33.4S","splitDateTime":"2019-10-25T16:24:33.4","splitDateTimeLocal":"2019-10-25T18:24:33.4+02:00"},{"startDateTime":"2019-10-25T16:00:00","startDateTimeLocal":"2019-10-25T18:00:00+02:00","stageTimeDurationMs":1633000,"stageTimeDuration":"00:27:13","splitPointTimeId":100132,"splitPointId":3044,"entryId":20622,"elapsedDurationMs":1540500,"elapsedDuration":"PT25M40.5S","splitDateTime":"2019-10-25T16:25:40.5","splitDateTimeLocal":"2019-10-25T18:25:40.5+02:00"},{"startDateTime":"2019-10-25T16:02:00","startDateTimeLocal":"2019-10-25T18:02:00+02:00","stageTimeDurationMs":1629300,"stageTimeDuration":"00:27:09.3000000","splitPointTimeId":100138,"splitPointId":3044,"entryId":20623,"elapsedDurationMs":1536400,"elapsedDuration":"PT25M36.4S","splitDateTime":"2019-10-25T16:27:36.4","splitDateTimeLocal":"2019-10-25T18:27:36.4+02:00"},{"startDateTime":"2019-10-25T16:04:00","startDateTimeLocal":"2019-10-25T18:04:00+02:00","stageTimeDurationMs":1719000,"stageTimeDuration":"00:28:39","splitPointTimeId":100143,"splitPointId":3044,"entryId":20624,"elapsedDurationMs":1616500,"elapsedDuration":"PT26M56.5S","splitDateTime":"2019-10-25T16:30:56.5","splitDateTimeLocal":"2019-10-25T18:30:56.5+02:00"},{"startDateTime":"2019-10-25T16:06:00","startDateTimeLocal":"2019-10-25T18:06:00+02:00","stageTimeDurationMs":1704000,"stageTimeDuration":"00:28:24","splitPointTimeId":100150,"splitPointId":3044,"entryId":20625,"elapsedDurationMs":1596100,"elapsedDuration":"PT26M36.1S","splitDateTime":"2019-10-25T16:32:36.1","splitDateTimeLocal":"2019-10-25T18:32:36.1+02:00"},{"startDateTime":"2019-10-25T16:08:00","startDateTimeLocal":"2019-10-25T18:08:00+02:00","stageTimeDurationMs":1631600,"stageTimeDuration":"00:27:11.6000000","splitPointTimeId":100153,"splitPointId":3044,"entryId":20626,"elapsedDurationMs":1537700,"elapsedDuration":"PT25M37.7S","splitDateTime":"2019-10-25T16:33:37.7","splitDateTimeLocal":"2019-10-25T18:33:37.7+02:00"},{"startDateTime":"2019-10-25T16:13:00","startDateTimeLocal":"2019-10-25T18:13:00+02:00","stageTimeDurationMs":1651300,"stageTimeDuration":"00:27:31.3000000","splitPointTimeId":100166,"splitPointId":3044,"entryId":20632,"elapsedDurationMs":1557800,"elapsedDuration":"PT25M57.8S","splitDateTime":"2019-10-25T16:38:57.8","splitDateTimeLocal":"2019-10-25T18:38:57.8+02:00"},{"startDateTime":"2019-10-25T16:15:00","startDateTimeLocal":"2019-10-25T18:15:00+02:00","stageTimeDurationMs":1618000,"stageTimeDuration":"00:26:58","splitPointTimeId":100169,"splitPointId":3044,"entryId":20635,"elapsedDurationMs":1525900,"elapsedDuration":"PT25M25.9S","splitDateTime":"2019-10-25T16:40:25.9","splitDateTimeLocal":"2019-10-25T18:40:25.9+02:00"},{"startDateTime":"2019-10-25T16:17:00","startDateTimeLocal":"2019-10-25T18:17:00+02:00","stageTimeDurationMs":1622500,"stageTimeDuration":"00:27:02.5000000","splitPointTimeId":100177,"splitPointId":3044,"entryId":20636,"elapsedDurationMs":1531500,"elapsedDuration":"PT25M31.5S","splitDateTime":"2019-10-25T16:42:31.5","splitDateTimeLocal":"2019-10-25T18:42:31.5+02:00"},{"startDateTime":"2019-10-25T16:19:00","startDateTimeLocal":"2019-10-25T18:19:00+02:00","stageTimeDurationMs":1665600,"stageTimeDuration":"00:27:45.6000000","splitPointTimeId":100184,"splitPointId":3044,"entryId":20637,"elapsedDurationMs":1570900,"elapsedDuration":"PT26M10.9S","splitDateTime":"2019-10-25T16:45:10.9","splitDateTimeLocal":"2019-10-25T18:45:10.9+02:00"},{"startDateTime":"2019-10-25T16:21:00","startDateTimeLocal":"2019-10-25T18:21:00+02:00","stageTimeDurationMs":1651100,"stageTimeDuration":"00:27:31.1000000","splitPointTimeId":100187,"splitPointId":3044,"entryId":20638,"elapsedDurationMs":1558500,"elapsedDuration":"PT25M58.5S","splitDateTime":"2019-10-25T16:46:58.5","splitDateTimeLocal":"2019-10-25T18:46:58.5+02:00"},{"startDateTime":"2019-10-25T16:23:00","startDateTimeLocal":"2019-10-25T18:23:00+02:00","stageTimeDurationMs":1664400,"stageTimeDuration":"00:27:44.4000000","splitPointTimeId":100193,"splitPointId":3044,"entryId":20633,"elapsedDurationMs":1570600,"elapsedDuration":"PT26M10.6S","splitDateTime":"2019-10-25T16:49:10.6","splitDateTimeLocal":"2019-10-25T18:49:10.6+02:00"},{"startDateTime":"2019-10-25T16:25:00","startDateTimeLocal":"2019-10-25T18:25:00+02:00","stageTimeDurationMs":1780000,"stageTimeDuration":"00:29:40","splitPointTimeId":100202,"splitPointId":3044,"entryId":20628,"elapsedDurationMs":1680200,"elapsedDuration":"PT28M0.2S","splitDateTime":"2019-10-25T16:53:00.2","splitDateTimeLocal":"2019-10-25T18:53:00.2+02:00"},{"startDateTime":"2019-10-25T16:30:00","startDateTimeLocal":"2019-10-25T18:30:00+02:00","stageTimeDurationMs":1763200,"stageTimeDuration":"00:29:23.2000000","splitPointTimeId":100210,"splitPointId":3044,"entryId":20639,"elapsedDurationMs":1664900,"elapsedDuration":"PT27M44.9S","splitDateTime":"2019-10-25T16:57:44.9","splitDateTimeLocal":"2019-10-25T18:57:44.9+02:00"},{"startDateTime":"2019-10-25T16:32:00","startDateTimeLocal":"2019-10-25T18:32:00+02:00","stageTimeDurationMs":1929000,"stageTimeDuration":"00:32:09","splitPointTimeId":100220,"splitPointId":3044,"entryId":20640,"elapsedDurationMs":1824100,"elapsedDuration":"PT30M24.1S","splitDateTime":"2019-10-25T17:02:24.1","splitDateTimeLocal":"2019-10-25T19:02:24.1+02:00"},{"startDateTime":"2019-10-25T16:34:00","startDateTimeLocal":"2019-10-25T18:34:00+02:00","stageTimeDurationMs":1903000,"stageTimeDuration":"00:31:43","splitPointTimeId":100222,"splitPointId":3044,"entryId":20642,"elapsedDurationMs":1797800,"elapsedDuration":"PT29M57.8S","splitDateTime":"2019-10-25T17:03:57.8","splitDateTimeLocal":"2019-10-25T19:03:57.8+02:00"},{"startDateTime":"2019-10-25T16:38:00","startDateTimeLocal":"2019-10-25T18:38:00+02:00","stageTimeDurationMs":1844300,"stageTimeDuration":"00:30:44.3000000","splitPointTimeId":100230,"splitPointId":3044,"entryId":20644,"elapsedDurationMs":1739400,"elapsedDuration":"PT28M59.4S","splitDateTime":"2019-10-25T17:06:59.4","splitDateTimeLocal":"2019-10-25T19:06:59.4+02:00"},{"startDateTime":"2019-10-25T16:40:00","startDateTimeLocal":"2019-10-25T18:40:00+02:00","stageTimeDurationMs":1864200,"stageTimeDuration":"00:31:04.2000000","splitPointTimeId":100233,"splitPointId":3044,"entryId":20645,"elapsedDurationMs":1758600,"elapsedDuration":"PT29M18.6S","splitDateTime":"2019-10-25T17:09:18.6","splitDateTimeLocal":"2019-10-25T19:09:18.6+02:00"},{"startDateTime":"2019-10-25T16:42:00","startDateTimeLocal":"2019-10-25T18:42:00+02:00","stageTimeDurationMs":1834700,"stageTimeDuration":"00:30:34.7000000","splitPointTimeId":100236,"splitPointId":3044,"entryId":20646,"elapsedDurationMs":1732300,"elapsedDuration":"PT28M52.3S","splitDateTime":"2019-10-25T17:10:52.3","splitDateTimeLocal":"2019-10-25T19:10:52.3+02:00"},{"startDateTime":"2019-10-25T16:44:00","startDateTimeLocal":"2019-10-25T18:44:00+02:00","stageTimeDurationMs":1868300,"stageTimeDuration":"00:31:08.3000000","splitPointTimeId":100239,"splitPointId":3044,"entryId":20647,"elapsedDurationMs":1763500,"elapsedDuration":"PT29M23.5S","splitDateTime":"2019-10-25T17:13:23.5","splitDateTimeLocal":"2019-10-25T19:13:23.5+02:00"},{"startDateTime":"2019-10-25T16:53:00","startDateTimeLocal":"2019-10-25T18:53:00+02:00","stageTimeDurationMs":1843800,"stageTimeDuration":"00:30:43.8000000","splitPointTimeId":100244,"splitPointId":3044,"entryId":20650,"elapsedDurationMs":1739600,"elapsedDuration":"PT28M59.6S","splitDateTime":"2019-10-25T17:21:59.6","splitDateTimeLocal":"2019-10-25T19:21:59.6+02:00"},{"startDateTime":"2019-10-25T17:05:00","startDateTimeLocal":"2019-10-25T19:05:00+02:00","stageTimeDurationMs":1894600,"stageTimeDuration":"00:31:34.6000000","splitPointTimeId":100250,"splitPointId":3044,"entryId":20657,"elapsedDurationMs":2706400,"elapsedDuration":"PT45M6.4S","splitDateTime":"2019-10-25T17:50:06.4","splitDateTimeLocal":"2019-10-25T19:50:06.4+02:00"},{"startDateTime":"2019-10-25T16:11:00","startDateTimeLocal":"2019-10-25T18:11:00+02:00","stageTimeDurationMs":2218000,"stageTimeDuration":"00:36:58","splitPointTimeId":100251,"splitPointId":3044,"entryId":20631,"elapsedDurationMs":5999900,"elapsedDuration":"PT1H39M59.9S","splitDateTime":"2019-10-25T17:50:59.9","splitDateTimeLocal":"2019-10-25T19:50:59.9+02:00"}]