[{"entryId":20172,"stageTimeMs":13812100,"stageTime":"PT3H50M12.1S","penaltyTimeMs":0,"penaltyTime":"PT0S","totalTimeMs":13812100,"totalTime":"PT3H50M12.1S","position":1,"diffFirstMs":0,"diffFirst":"PT0S","diffPrevMs":0,"diffPrev":"PT0S"},{"entryId":20174,"stageTimeMs":13846800,"stageTime":"PT3H50M46.8S","penaltyTimeMs":0,"penaltyTime":"PT0S","totalTimeMs":13846800,"totalTime":"PT3H50M46.8S","position":2,"diffFirstMs":34700,"diffFirst":"PT34.7S","diffPrevMs":34700,"diffPrev":"PT34.7S"},{"entryId":20182,"stageTimeMs":13876600,"stageTime":"PT3H51M16.6S","penaltyTimeMs":0,"penaltyTime":"PT0S","totalTimeMs":13876600,"totalTime":"PT3H51M16.6S","position":3,"diffFirstMs":64500,"diffFirst":"PT1M4.5S","diffPrevMs":29800,"diffPrev":"PT29.8S"},{"entryId":20173,"stageTimeMs":13907200,"stageTime":"PT3H51M47.2S","penaltyTimeMs":0,"penaltyTime":"PT0S","totalTimeMs":13907200,"totalTime":"PT3H51M47.2S","position":4,"diffFirstMs":95100,"diffFirst":"PT1M35.1S","diffPrevMs":30600,"diffPrev":"PT30.6S"},{"entryId":20176,"stageTimeMs":13958000,"stageTime":"PT3H52M38S","penaltyTimeMs":0,"penaltyTime":"PT0S","totalTimeMs":13958000,"totalTime":"PT3H52M38S","position":5,"diffFirstMs":145900,"diffFirst":"PT2M25.9S","diffPrevMs":50800,"diffPrev":"PT50.8S"},{"entryId":20179,"stageTimeMs":13991200,"stageTime":"PT3H53M11.2S","penaltyTimeMs":0,"penaltyTime":"PT0S","totalTimeMs":13991200,"totalTime":"PT3H53M11.2S","position":6,"diffFirstMs":179100,"diffFirst":"PT2M59.1S","diffPrevMs":33200,"diffPrev":"PT33.2S"},{"entryId":20175,"stageTimeMs":14045400,"stageTime":"PT3H54M5.4S","penaltyTimeMs":0,"penaltyTime":"PT0S","totalTimeMs":14045400,"totalTime":"PT3H54M5.4S","position":7,"diffFirstMs":233300,"diffFirst":"PT3M53.3S","diffPrevMs":54200,"diffPrev":"PT54.2S"},{"entryId":20180,"stageTimeMs":14146900,"stageTime":"PT3H55M46.9S","penaltyTimeMs":0,"penaltyTime":"PT0S","totalTimeMs":14146900,"totalTime":"PT3H55M46.9S","position":8,"diffFirstMs":334800,"diffFirst":"PT5M34.8S","diffPrevMs":101500,"diffPrev":"PT1M41.5S"},{"entryId":20177,"stageTimeMs":14255000,"stageTime":"PT3H57M35S","penaltyTimeMs":0,"penaltyTime":"PT0S","totalTimeMs":14255000,"totalTime":"PT3H57M35S","position":9,"diffFirstMs":442900,"diffFirst":"PT7M22.9S","diffPrevMs":108100,"diffPrev":"PT1M48.1S"},{"entryId":20184,"stageTimeMs":14730800,"stageTime":"PT4H5M30.8S","penaltyTimeMs":0,"penaltyTime":"PT0S","totalTimeMs":14730800,"totalTime":"PT4H5M30.8S","position":10,"diffFirstMs":918700,"diffFirst":"PT15M18.7S","diffPrevMs":475800,"diffPrev":"PT7M55.8S"},{"entryId":20185,"stageTimeMs":14760200,"stageTime":"PT4H6M0.2S","penaltyTimeMs":0,"penaltyTime":"PT0S","totalTimeMs":14760200,"totalTime":"PT4H6M0.2S","position":11,"diffFirstMs":948100,"diffFirst":"PT15M48.1S","diffPrevMs":29400,"diffPrev":"PT29.4S"},{"entryId":20186,"stageTimeMs":14760400,"stageTime":"PT4H6M0.4S","penaltyTimeMs":0,"penaltyTime":"PT0S","totalTimeMs":14760400,"totalTime":"PT4H6M0.4S","position":12,"diffFirstMs":948300,"diffFirst":"PT15M48.3S","diffPrevMs":200,"diffPrev":"PT0.2S"},{"entryId":20189,"stageTimeMs":14860300,"stageTime":"PT4H7M40.3S","penaltyTimeMs":0,"penaltyTime":"PT0S","totalTimeMs":14860300,"totalTime":"PT4H7M40.3S","position":13,"diffFirstMs":1048200,"diffFirst":"PT17M28.2S","diffPrevMs":99900,"diffPrev":"PT1M39.9S"},{"entryId":20187,"stageTimeMs":15314200,"stageTime":"PT4H15M14.2S","penaltyTimeMs":0,"penaltyTime":"PT0S","totalTimeMs":15314200,"totalTime":"PT4H15M14.2S","position":14,"diffFirstMs":1502100,"diffFirst":"PT25M2.1S","diffPrevMs":453900,"diffPrev":"PT7M33.9S"},{"entryId":20188,"stageTimeMs":15631400,"stageTime":"PT4H20M31.4S","penaltyTimeMs":0,"penaltyTime":"PT0S","totalTimeMs":15631400,"totalTime":"PT4H20M31.4S","position":15,"diffFirstMs":1819300,"diffFirst":"PT30M19.3S","diffPrevMs":317200,"diffPrev":"PT5M17.2S"},{"entryId":20178,"stageTimeMs":16162300,"stageTime":"PT4H29M22.3S","penaltyTimeMs":0,"penaltyTime":"PT0S","totalTimeMs":16162300,"totalTime":"PT4H29M22.3S","position":16,"diffFirstMs":2350200,"diffFirst":"PT39M10.2S","diffPrevMs":530900,"diffPrev":"PT8M50.9S"},{"entryId":20193,"stageTimeMs":16177500,"stageTime":"PT4H29M37.5S","penaltyTimeMs":0,"penaltyTime":"PT0S","totalTimeMs":16177500,"totalTime":"PT4H29M37.5S","position":17,"diffFirstMs":2365400,"diffFirst":"PT39M25.4S","diffPrevMs":15200,"diffPrev":"PT15.2S"},{"entryId":20183,"stageTimeMs":16401200,"stageTime":"PT4H33M21.2S","penaltyTimeMs":0,"penaltyTime":"PT0S","totalTimeMs":16401200,"totalTime":"PT4H33M21.2S","position":18,"diffFirstMs":2589100,"diffFirst":"PT43M9.1S","diffPrevMs":223700,"diffPrev":"PT3M43.7S"},{"entryId":20190,"stageTimeMs":16457500,"stageTime":"PT4H34M17.5S","penaltyTimeMs":0,"penaltyTime":"PT0S","totalTimeMs":16457500,"totalTime":"PT4H34M17.5S","position":19,"diffFirstMs":2645400,"diffFirst":"PT44M5.4S","diffPrevMs":56300,"diffPrev":"PT56.3S"},{"entryId":20198,"stageTimeMs":16983500,"stageTime":"PT4H43M3.5S","penaltyTimeMs":0,"penaltyTime":"PT0S","totalTimeMs":16983500,"totalTime":"PT4H43M3.5S","position":20,"diffFirstMs":3171400,"diffFirst":"PT52M51.4S","diffPrevMs":526000,"diffPrev":"PT8M46S"},{"entryId":20200,"stageTimeMs":17329400,"stageTime":"PT4H48M49.4S","penaltyTimeMs":0,"penaltyTime":"PT0S","totalTimeMs":17329400,"totalTime":"PT4H48M49.4S","position":21,"diffFirstMs":3517300,"diffFirst":"PT58M37.3S","diffPrevMs":345900,"diffPrev":"PT5M45.9S"},{"entryId":20192,"stageTimeMs":17350500,"stageTime":"PT4H49M10.5S","penaltyTimeMs":10000,"penaltyTime":"PT10S","totalTimeMs":17360500,"totalTime":"PT4H49M20.5S","position":22,"diffFirstMs":3548400,"diffFirst":"PT59M8.4S","diffPrevMs":31100,"diffPrev":"PT31.1S"},{"entryId":20191,"stageTimeMs":19702800,"stageTime":"PT5H28M22.8S","penaltyTimeMs":0,"penaltyTime":"PT0S","totalTimeMs":19702800,"totalTime":"PT5H28M22.8S","position":23,"diffFirstMs":5890700,"diffFirst":"PT1H38M10.7S","diffPrevMs":2342300,"diffPrev":"PT39M2.3S"},{"entryId":20202,"stageTimeMs":19662900,"stageTime":"PT5H27M42.9S","penaltyTimeMs":60000,"penaltyTime":"PT1M","totalTimeMs":19722900,"totalTime":"PT5H28M42.9S","position":24,"diffFirstMs":5910800,"diffFirst":"PT1H38M30.8S","diffPrevMs":20100,"diffPrev":"PT20.1S"}]