{"splitPoints":[{"splitPointId":2840,"stageId":1374,"number":1,"distance":8.73},{"splitPointId":2841,"stageId":1374,"number":2,"distance":11.3}],"controls":[{"controlId":5831,"eventId":88,"stageId":1374,"type":"FlyingFinish","code":"SF10","location":"Kızlan 1                        ","timingPrecision":"Tenth","distance":null,"targetDuration":null,"targetDurationMs":null,"firstCarDueDateTime":null,"firstCarDueDateTimeLocal":null,"status":"Completed","controlPenalties":"None","roundingPolicy":"NoRounding","locked":true},{"controlId":5832,"eventId":88,"stageId":1374,"type":"StageStart","code":"SS10","location":"Kızlan 1                        ","timingPrecision":"Minute","distance":13.15,"targetDuration":"00:03:00","targetDurationMs":180000,"firstCarDueDateTime":"2019-09-14T08:06:00","firstCarDueDateTimeLocal":"2019-09-14T11:06:00+03:00","status":"Completed","controlPenalties":"None","roundingPolicy":"RoundToClosestMinute","locked":true},{"controlId":5833,"eventId":88,"stageId":1374,"type":"TimeControl","code":"TC10","location":"Kızlan","timingPrecision":"Minute","distance":10.6,"targetDuration":"00:55:00","targetDurationMs":3300000,"firstCarDueDateTime":"2019-09-14T08:03:00","firstCarDueDateTimeLocal":"2019-09-14T11:03:00+03:00","status":"Completed","controlPenalties":"All","roundingPolicy":"NoRounding","locked":true}],"stageId":1374,"eventId":88,"number":10,"name":"Kızlan 1                        ","distance":13.15,"status":"Completed","stageType":"SpecialStage","timingPrecision":"Tenth","locked":true,"code":"SS10"}