[{"penaltyId":682,"controlId":6053,"entryId":20369,"penaltyDurationMs":60000,"penaltyDuration":"PT1M","reason":"6 MINS LATE"},{"penaltyId":674,"controlId":6041,"entryId":20372,"penaltyDurationMs":110000,"penaltyDuration":"PT1M50S","reason":"11 MINS LATE"},{"penaltyId":694,"controlId":6091,"entryId":20372,"penaltyDurationMs":10000,"penaltyDuration":"PT10S","reason":"Jumpstart"},{"penaltyId":676,"controlId":6101,"entryId":20373,"penaltyDurationMs":270000,"penaltyDuration":"PT4M30S","reason":"27 MINS LATE"},{"penaltyId":686,"controlId":6056,"entryId":20383,"penaltyDurationMs":20000,"penaltyDuration":"PT20S","reason":"2 MINS LATE"},{"penaltyId":666,"controlId":6038,"entryId":20385,"penaltyDurationMs":50000,"penaltyDuration":"PT50S","reason":"5 MINS LATE"},{"penaltyId":680,"controlId":6011,"entryId":20385,"penaltyDurationMs":40000,"penaltyDuration":"PT40S","reason":"4 MINS LATE"},{"penaltyId":677,"controlId":6096,"entryId":20390,"penaltyDurationMs":190000,"penaltyDuration":"PT3M10S","reason":"19 MINS LATE"},{"penaltyId":687,"controlId":6056,"entryId":20393,"penaltyDurationMs":10000,"penaltyDuration":"PT10S","reason":"1 MIN LATE"},{"penaltyId":679,"controlId":6007,"entryId":20401,"penaltyDurationMs":70000,"penaltyDuration":"PT1M10S","reason":"Late"},{"penaltyId":673,"controlId":6039,"entryId":20405,"penaltyDurationMs":250000,"penaltyDuration":"PT4M10S","reason":"25 MINS LATE"},{"penaltyId":684,"controlId":6056,"entryId":20405,"penaltyDurationMs":20000,"penaltyDuration":"PT20S","reason":"2 MINS LATE"},{"penaltyId":665,"controlId":6035,"entryId":20408,"penaltyDurationMs":20000,"penaltyDuration":"PT20S","reason":"2 MINS LATE"},{"penaltyId":670,"controlId":6085,"entryId":20408,"penaltyDurationMs":50000,"penaltyDuration":"PT50S","reason":"5 MINS LATE"},{"penaltyId":663,"controlId":6035,"entryId":20409,"penaltyDurationMs":60000,"penaltyDuration":"PT1M","reason":"6 MINS LATE"},{"penaltyId":683,"controlId":6014,"entryId":20409,"penaltyDurationMs":10000,"penaltyDuration":"PT10S","reason":"1 MIN LATE"},{"penaltyId":659,"controlId":6035,"entryId":20412,"penaltyDurationMs":40000,"penaltyDuration":"PT40S","reason":"4 MINS LATE"},{"penaltyId":660,"controlId":6035,"entryId":20413,"penaltyDurationMs":40000,"penaltyDuration":"PT40S","reason":"4 MINS LATE"},{"penaltyId":675,"controlId":6105,"entryId":20413,"penaltyDurationMs":50000,"penaltyDuration":"PT50S","reason":"5 MINS LATE"},{"penaltyId":678,"controlId":6028,"entryId":20413,"penaltyDurationMs":10000,"penaltyDuration":"PT10S","reason":"1 MIN LATE"},{"penaltyId":662,"controlId":6035,"entryId":20415,"penaltyDurationMs":10000,"penaltyDuration":"PT10S","reason":"1 MIN LATE"},{"penaltyId":667,"controlId":6038,"entryId":20415,"penaltyDurationMs":10000,"penaltyDuration":"PT10S","reason":"1 MIN LATE"},{"penaltyId":672,"controlId":6039,"entryId":20415,"penaltyDurationMs":30000,"penaltyDuration":"PT30S","reason":"3 MINS LATE"},{"penaltyId":691,"controlId":6070,"entryId":20415,"penaltyDurationMs":90000,"penaltyDuration":"PT1M30S","reason":"9 MINS LATE"},{"penaltyId":664,"controlId":6035,"entryId":20416,"penaltyDurationMs":10000,"penaltyDuration":"PT10S","reason":"1 MIN LATE"},{"penaltyId":689,"controlId":6018,"entryId":20416,"penaltyDurationMs":240000,"penaltyDuration":"PT4M","reason":"Late"},{"penaltyId":661,"controlId":6035,"entryId":20417,"penaltyDurationMs":70000,"penaltyDuration":"PT1M10S","reason":"7 MINS LATE"},{"penaltyId":671,"controlId":6039,"entryId":20417,"penaltyDurationMs":10000,"penaltyDuration":"PT10S","reason":"1 MIN LATE"}]