{"splitPoints":[{"splitPointId":3041,"stageId":1504,"number":3,"distance":18.56},{"splitPointId":3042,"stageId":1504,"number":1,"distance":5.79},{"splitPointId":3049,"stageId":1504,"number":2,"distance":13.54}],"controls":[{"controlId":6386,"eventId":90,"stageId":1504,"type":"StageStart","code":"SS8","location":"Querol 1 (asphalt)","timingPrecision":"Minute","distance":21.26,"targetDuration":"00:03:00","targetDurationMs":180000,"firstCarDueDateTime":"2019-10-26T07:41:00","firstCarDueDateTimeLocal":"2019-10-26T09:41:00+02:00","status":"Completed","controlPenalties":"None","roundingPolicy":"RoundToClosestMinute","locked":true},{"controlId":6387,"eventId":90,"stageId":1504,"type":"TimeControl","code":"TC8","location":"Querol","timingPrecision":"Minute","distance":14.11,"targetDuration":"00:38:00","targetDurationMs":2280000,"firstCarDueDateTime":"2019-10-26T07:38:00","firstCarDueDateTimeLocal":"2019-10-26T09:38:00+02:00","status":"Completed","controlPenalties":"All","roundingPolicy":"NoRounding","locked":true},{"controlId":6392,"eventId":90,"stageId":1504,"type":"FlyingFinish","code":"SF8","location":"Querol 1 (asphalt)","timingPrecision":"Tenth","distance":null,"targetDuration":null,"targetDurationMs":null,"firstCarDueDateTime":null,"firstCarDueDateTimeLocal":null,"status":"Completed","controlPenalties":"None","roundingPolicy":"NoRounding","locked":true}],"stageId":1504,"eventId":90,"number":8,"name":"Querol 1 (asphalt)","distance":21.26,"status":"Completed","stageType":"SpecialStage","timingPrecision":"Tenth","locked":true,"code":"SS8"}