[{"penaltyId":490,"controlId":3934,"entryId":19184,"penaltyDurationMs":10000,"penaltyDuration":"PT10S","reason":"LATE"},{"penaltyId":478,"controlId":3897,"entryId":19186,"penaltyDurationMs":40000,"penaltyDuration":"PT40S","reason":"Late"},{"penaltyId":483,"controlId":3944,"entryId":19186,"penaltyDurationMs":100000,"penaltyDuration":"PT1M40S","reason":"LATE"},{"penaltyId":486,"controlId":3926,"entryId":19186,"penaltyDurationMs":10000,"penaltyDuration":"PT10S","reason":"LATE"},{"penaltyId":488,"controlId":3888,"entryId":19186,"penaltyDurationMs":60000,"penaltyDuration":"PT1M","reason":"Stewards decision 9"},{"penaltyId":492,"controlId":3891,"entryId":19186,"penaltyDurationMs":40000,"penaltyDuration":"PT40S","reason":"LATE"},{"penaltyId":493,"controlId":3940,"entryId":19188,"penaltyDurationMs":10000,"penaltyDuration":"PT10S","reason":"LATE"},{"penaltyId":489,"controlId":3890,"entryId":19190,"penaltyDurationMs":10000,"penaltyDuration":"PT10S","reason":"LATE"},{"penaltyId":487,"controlId":3888,"entryId":19192,"penaltyDurationMs":10000,"penaltyDuration":"PT10S","reason":"Stewards decision 8"},{"penaltyId":477,"controlId":3970,"entryId":19193,"penaltyDurationMs":120000,"penaltyDuration":"PT2M","reason":"LATE"},{"penaltyId":481,"controlId":3894,"entryId":19195,"penaltyDurationMs":60000,"penaltyDuration":"PT1M","reason":"Early"},{"penaltyId":485,"controlId":3921,"entryId":19195,"penaltyDurationMs":10000,"penaltyDuration":"PT10S","reason":"FALSE START"},{"penaltyId":479,"controlId":3895,"entryId":19196,"penaltyDurationMs":30000,"penaltyDuration":"PT30S","reason":"Late"},{"penaltyId":484,"controlId":3914,"entryId":19196,"penaltyDurationMs":40000,"penaltyDuration":"PT40S","reason":"Late"},{"penaltyId":480,"controlId":3895,"entryId":19199,"penaltyDurationMs":40000,"penaltyDuration":"PT40S","reason":"Late"},{"penaltyId":482,"controlId":3877,"entryId":19199,"penaltyDurationMs":10000,"penaltyDuration":"PT10S","reason":"LATE"},{"penaltyId":491,"controlId":3889,"entryId":19199,"penaltyDurationMs":60000,"penaltyDuration":"PT1M","reason":"Stewards decision 10"},{"penaltyId":475,"controlId":3945,"entryId":19200,"penaltyDurationMs":120000,"penaltyDuration":"PT2M","reason":"LATE"}]