{"splitPoints":[{"splitPointId":2837,"stageId":1375,"number":3,"distance":7.7},{"splitPointId":2838,"stageId":1375,"number":2,"distance":6.85},{"splitPointId":2839,"stageId":1375,"number":1,"distance":4.2}],"controls":[{"controlId":5834,"eventId":88,"stageId":1375,"type":"FlyingFinish","code":"SF9","location":"Datça 1","timingPrecision":"Tenth","distance":null,"targetDuration":null,"targetDurationMs":null,"firstCarDueDateTime":null,"firstCarDueDateTimeLocal":null,"status":"Completed","controlPenalties":"None","roundingPolicy":"NoRounding","locked":true},{"controlId":5835,"eventId":88,"stageId":1375,"type":"StageStart","code":"SS9","location":"Datça 1","timingPrecision":"Minute","distance":8.75,"targetDuration":"00:08:00","targetDurationMs":480000,"firstCarDueDateTime":"2019-09-14T07:08:00","firstCarDueDateTimeLocal":"2019-09-14T10:08:00+03:00","status":"Completed","controlPenalties":"None","roundingPolicy":"RoundToClosestMinute","locked":true},{"controlId":5837,"eventId":88,"stageId":1375,"type":"TimeControl","code":"TC9","location":"Emecik","timingPrecision":"Minute","distance":29.0,"targetDuration":"01:17:00","targetDurationMs":4620000,"firstCarDueDateTime":"2019-09-14T07:00:00","firstCarDueDateTimeLocal":"2019-09-14T10:00:00+03:00","status":"Completed","controlPenalties":"All","roundingPolicy":"NoRounding","locked":true}],"stageId":1375,"eventId":88,"number":9,"name":"Datça 1","distance":8.75,"status":"Completed","stageType":"SpecialStage","timingPrecision":"Tenth","locked":true,"code":"SS9"}