{"splitPoints":[{"splitPointId":1988,"stageId":937,"number":3,"distance":18.44},{"splitPointId":1989,"stageId":937,"number":1,"distance":6.49},{"splitPointId":1990,"stageId":937,"number":4,"distance":26.37},{"splitPointId":1991,"stageId":937,"number":5,"distance":30.27},{"splitPointId":1992,"stageId":937,"number":2,"distance":12.09}],"controls":[{"controlId":3920,"eventId":80,"stageId":937,"type":"TimeControl","code":"TC14","location":"Sauz Seco","timingPrecision":"Minute","distance":36.2,"targetDuration":"01:55:00","targetDurationMs":6900000,"firstCarDueDateTime":"2019-03-09T22:26:00","firstCarDueDateTimeLocal":"2019-03-09T16:26:00-06:00","status":"Completed","controlPenalties":"All","roundingPolicy":"NoRounding","locked":false},{"controlId":3921,"eventId":80,"stageId":937,"type":"StageStart","code":"SS14","location":"Otates 2","timingPrecision":"Minute","distance":32.27,"targetDuration":"00:03:00","targetDurationMs":180000,"firstCarDueDateTime":"2019-03-09T22:29:00","firstCarDueDateTimeLocal":"2019-03-09T16:29:00-06:00","status":"Completed","controlPenalties":"None","roundingPolicy":"RoundToClosestMinute","locked":false},{"controlId":3922,"eventId":80,"stageId":937,"type":"FlyingFinish","code":"SF14","location":"Otates 2","timingPrecision":"Tenth","distance":null,"targetDuration":null,"targetDurationMs":null,"firstCarDueDateTime":null,"firstCarDueDateTimeLocal":null,"status":"Completed","controlPenalties":"None","roundingPolicy":"NoRounding","locked":false}],"stageId":937,"eventId":80,"number":14,"name":"Otates 2","distance":32.27,"status":"Completed","stageType":"SpecialStage","timingPrecision":"Tenth","locked":false,"code":"SS14"}