[{"startDateTime":"2019-08-24T10:10:00","startDateTimeLocal":"2019-08-24T12:10:00+02:00","stageTimeDurationMs":363200,"stageTimeDuration":"00:06:03.2000000","splitPointTimeId":88649,"splitPointId":2691,"entryId":20118,"elapsedDurationMs":270200,"elapsedDuration":"PT4M30.2S","splitDateTime":"2019-08-24T10:14:30.2","splitDateTimeLocal":"2019-08-24T12:14:30.2+02:00"},{"startDateTime":"2019-08-24T10:12:00","startDateTimeLocal":"2019-08-24T12:12:00+02:00","stageTimeDurationMs":373400,"stageTimeDuration":"00:06:13.4000000","splitPointTimeId":88654,"splitPointId":2691,"entryId":20125,"elapsedDurationMs":279400,"elapsedDuration":"PT4M39.4S","splitDateTime":"2019-08-24T10:16:39.4","splitDateTimeLocal":"2019-08-24T12:16:39.4+02:00"},{"startDateTime":"2019-08-24T10:14:00","startDateTimeLocal":"2019-08-24T12:14:00+02:00","stageTimeDurationMs":361400,"stageTimeDuration":"00:06:01.4000000","splitPointTimeId":88657,"splitPointId":2691,"entryId":20121,"elapsedDurationMs":270300,"elapsedDuration":"PT4M30.3S","splitDateTime":"2019-08-24T10:18:30.3","splitDateTimeLocal":"2019-08-24T12:18:30.3+02:00"},{"startDateTime":"2019-08-24T10:16:00","startDateTimeLocal":"2019-08-24T12:16:00+02:00","stageTimeDurationMs":361000,"stageTimeDuration":"00:06:01","splitPointTimeId":88659,"splitPointId":2691,"entryId":20119,"elapsedDurationMs":270700,"elapsedDuration":"PT4M30.7S","splitDateTime":"2019-08-24T10:20:30.7","splitDateTimeLocal":"2019-08-24T12:20:30.7+02:00"},{"startDateTime":"2019-08-24T10:18:00","startDateTimeLocal":"2019-08-24T12:18:00+02:00","stageTimeDurationMs":365700,"stageTimeDuration":"00:06:05.7000000","splitPointTimeId":88661,"splitPointId":2691,"entryId":20126,"elapsedDurationMs":273500,"elapsedDuration":"PT4M33.5S","splitDateTime":"2019-08-24T10:22:33.5","splitDateTimeLocal":"2019-08-24T12:22:33.5+02:00"},{"startDateTime":"2019-08-24T10:20:00","startDateTimeLocal":"2019-08-24T12:20:00+02:00","stageTimeDurationMs":365900,"stageTimeDuration":"00:06:05.9000000","splitPointTimeId":88663,"splitPointId":2691,"entryId":20127,"elapsedDurationMs":273900,"elapsedDuration":"PT4M33.9S","splitDateTime":"2019-08-24T10:24:33.9","splitDateTimeLocal":"2019-08-24T12:24:33.9+02:00"},{"startDateTime":"2019-08-24T10:22:00","startDateTimeLocal":"2019-08-24T12:22:00+02:00","stageTimeDurationMs":361100,"stageTimeDuration":"00:06:01.1000000","splitPointTimeId":88665,"splitPointId":2691,"entryId":20123,"elapsedDurationMs":271100,"elapsedDuration":"PT4M31.1S","splitDateTime":"2019-08-24T10:26:31.1","splitDateTimeLocal":"2019-08-24T12:26:31.1+02:00"},{"startDateTime":"2019-08-24T10:24:00","startDateTimeLocal":"2019-08-24T12:24:00+02:00","stageTimeDurationMs":362100,"stageTimeDuration":"00:06:02.1000000","splitPointTimeId":88667,"splitPointId":2691,"entryId":20120,"elapsedDurationMs":271100,"elapsedDuration":"PT4M31.1S","splitDateTime":"2019-08-24T10:28:31.1","splitDateTimeLocal":"2019-08-24T12:28:31.1+02:00"},{"startDateTime":"2019-08-24T10:26:00","startDateTimeLocal":"2019-08-24T12:26:00+02:00","stageTimeDurationMs":361600,"stageTimeDuration":"00:06:01.6000000","splitPointTimeId":88669,"splitPointId":2691,"entryId":20117,"elapsedDurationMs":270800,"elapsedDuration":"PT4M30.8S","splitDateTime":"2019-08-24T10:30:30.8","splitDateTimeLocal":"2019-08-24T12:30:30.8+02:00"},{"startDateTime":"2019-08-24T10:28:00","startDateTimeLocal":"2019-08-24T12:28:00+02:00","stageTimeDurationMs":359900,"stageTimeDuration":"00:05:59.9000000","splitPointTimeId":88671,"splitPointId":2691,"entryId":20124,"elapsedDurationMs":269300,"elapsedDuration":"PT4M29.3S","splitDateTime":"2019-08-24T10:32:29.3","splitDateTimeLocal":"2019-08-24T12:32:29.3+02:00"},{"startDateTime":"2019-08-24T10:30:00","startDateTimeLocal":"2019-08-24T12:30:00+02:00","stageTimeDurationMs":361400,"stageTimeDuration":"00:06:01.4000000","splitPointTimeId":88673,"splitPointId":2691,"entryId":20122,"elapsedDurationMs":270600,"elapsedDuration":"PT4M30.6S","splitDateTime":"2019-08-24T10:34:30.6","splitDateTimeLocal":"2019-08-24T12:34:30.6+02:00"},{"startDateTime":"2019-08-24T10:32:00","startDateTimeLocal":"2019-08-24T12:32:00+02:00","stageTimeDurationMs":388200,"stageTimeDuration":"00:06:28.2000000","splitPointTimeId":88675,"splitPointId":2691,"entryId":20128,"elapsedDurationMs":290000,"elapsedDuration":"PT4M50S","splitDateTime":"2019-08-24T10:36:50","splitDateTimeLocal":"2019-08-24T12:36:50+02:00"},{"startDateTime":"2019-08-24T10:34:00","startDateTimeLocal":"2019-08-24T12:34:00+02:00","stageTimeDurationMs":385100,"stageTimeDuration":"00:06:25.1000000","splitPointTimeId":88677,"splitPointId":2691,"entryId":20130,"elapsedDurationMs":288000,"elapsedDuration":"PT4M48S","splitDateTime":"2019-08-24T10:38:48","splitDateTimeLocal":"2019-08-24T12:38:48+02:00"},{"startDateTime":"2019-08-24T10:36:00","startDateTimeLocal":"2019-08-24T12:36:00+02:00","stageTimeDurationMs":387200,"stageTimeDuration":"00:06:27.2000000","splitPointTimeId":88679,"splitPointId":2691,"entryId":20129,"elapsedDurationMs":289800,"elapsedDuration":"PT4M49.8S","splitDateTime":"2019-08-24T10:40:49.8","splitDateTimeLocal":"2019-08-24T12:40:49.8+02:00"},{"startDateTime":"2019-08-24T10:38:00","startDateTimeLocal":"2019-08-24T12:38:00+02:00","stageTimeDurationMs":389900,"stageTimeDuration":"00:06:29.9000000","splitPointTimeId":88681,"splitPointId":2691,"entryId":20131,"elapsedDurationMs":292600,"elapsedDuration":"PT4M52.6S","splitDateTime":"2019-08-24T10:42:52.6","splitDateTimeLocal":"2019-08-24T12:42:52.6+02:00"},{"startDateTime":"2019-08-24T10:41:00","startDateTimeLocal":"2019-08-24T12:41:00+02:00","stageTimeDurationMs":386100,"stageTimeDuration":"00:06:26.1000000","splitPointTimeId":88684,"splitPointId":2691,"entryId":20144,"elapsedDurationMs":288200,"elapsedDuration":"PT4M48.2S","splitDateTime":"2019-08-24T10:45:48.2","splitDateTimeLocal":"2019-08-24T12:45:48.2+02:00"},{"startDateTime":"2019-08-24T10:42:00","startDateTimeLocal":"2019-08-24T12:42:00+02:00","stageTimeDurationMs":386400,"stageTimeDuration":"00:06:26.4000000","splitPointTimeId":88687,"splitPointId":2691,"entryId":20143,"elapsedDurationMs":289500,"elapsedDuration":"PT4M49.5S","splitDateTime":"2019-08-24T10:46:49.5","splitDateTimeLocal":"2019-08-24T12:46:49.5+02:00"},{"startDateTime":"2019-08-24T10:43:00","startDateTimeLocal":"2019-08-24T12:43:00+02:00","stageTimeDurationMs":387500,"stageTimeDuration":"00:06:27.5000000","splitPointTimeId":88688,"splitPointId":2691,"entryId":20134,"elapsedDurationMs":288900,"elapsedDuration":"PT4M48.9S","splitDateTime":"2019-08-24T10:47:48.9","splitDateTimeLocal":"2019-08-24T12:47:48.9+02:00"},{"startDateTime":"2019-08-24T10:44:00","startDateTimeLocal":"2019-08-24T12:44:00+02:00","stageTimeDurationMs":387900,"stageTimeDuration":"00:06:27.9000000","splitPointTimeId":88690,"splitPointId":2691,"entryId":20133,"elapsedDurationMs":290500,"elapsedDuration":"PT4M50.5S","splitDateTime":"2019-08-24T10:48:50.5","splitDateTimeLocal":"2019-08-24T12:48:50.5+02:00"},{"startDateTime":"2019-08-24T10:45:00","startDateTimeLocal":"2019-08-24T12:45:00+02:00","stageTimeDurationMs":388000,"stageTimeDuration":"00:06:28","splitPointTimeId":88693,"splitPointId":2691,"entryId":20132,"elapsedDurationMs":290700,"elapsedDuration":"PT4M50.7S","splitDateTime":"2019-08-24T10:49:50.7","splitDateTimeLocal":"2019-08-24T12:49:50.7+02:00"},{"startDateTime":"2019-08-24T10:46:00","startDateTimeLocal":"2019-08-24T12:46:00+02:00","stageTimeDurationMs":392600,"stageTimeDuration":"00:06:32.6000000","splitPointTimeId":88695,"splitPointId":2691,"entryId":20151,"elapsedDurationMs":293700,"elapsedDuration":"PT4M53.7S","splitDateTime":"2019-08-24T10:50:53.7","splitDateTimeLocal":"2019-08-24T12:50:53.7+02:00"},{"startDateTime":"2019-08-24T10:47:00","startDateTimeLocal":"2019-08-24T12:47:00+02:00","stageTimeDurationMs":395300,"stageTimeDuration":"00:06:35.3000000","splitPointTimeId":88697,"splitPointId":2691,"entryId":20136,"elapsedDurationMs":295900,"elapsedDuration":"PT4M55.9S","splitDateTime":"2019-08-24T10:51:55.9","splitDateTimeLocal":"2019-08-24T12:51:55.9+02:00"},{"startDateTime":"2019-08-24T10:48:00","startDateTimeLocal":"2019-08-24T12:48:00+02:00","stageTimeDurationMs":391900,"stageTimeDuration":"00:06:31.9000000","splitPointTimeId":88699,"splitPointId":2691,"entryId":20149,"elapsedDurationMs":292000,"elapsedDuration":"PT4M52S","splitDateTime":"2019-08-24T10:52:52","splitDateTimeLocal":"2019-08-24T12:52:52+02:00"},{"startDateTime":"2019-08-24T10:49:00","startDateTimeLocal":"2019-08-24T12:49:00+02:00","stageTimeDurationMs":394100,"stageTimeDuration":"00:06:34.1000000","splitPointTimeId":88701,"splitPointId":2691,"entryId":20137,"elapsedDurationMs":294800,"elapsedDuration":"PT4M54.8S","splitDateTime":"2019-08-24T10:53:54.8","splitDateTimeLocal":"2019-08-24T12:53:54.8+02:00"},{"startDateTime":"2019-08-24T10:51:00","startDateTimeLocal":"2019-08-24T12:51:00+02:00","stageTimeDurationMs":392200,"stageTimeDuration":"00:06:32.2000000","splitPointTimeId":88704,"splitPointId":2691,"entryId":20140,"elapsedDurationMs":292500,"elapsedDuration":"PT4M52.5S","splitDateTime":"2019-08-24T10:55:52.5","splitDateTimeLocal":"2019-08-24T12:55:52.5+02:00"},{"startDateTime":"2019-08-24T10:50:00","startDateTimeLocal":"2019-08-24T12:50:00+02:00","stageTimeDurationMs":394900,"stageTimeDuration":"00:06:34.9000000","splitPointTimeId":88706,"splitPointId":2691,"entryId":20138,"elapsedDurationMs":295900,"elapsedDuration":"PT4M55.9S","splitDateTime":"2019-08-24T10:54:55.9","splitDateTimeLocal":"2019-08-24T12:54:55.9+02:00"},{"startDateTime":"2019-08-24T10:52:00","startDateTimeLocal":"2019-08-24T12:52:00+02:00","stageTimeDurationMs":397000,"stageTimeDuration":"00:06:37","splitPointTimeId":88708,"splitPointId":2691,"entryId":20145,"elapsedDurationMs":297000,"elapsedDuration":"PT4M57S","splitDateTime":"2019-08-24T10:56:57","splitDateTimeLocal":"2019-08-24T12:56:57+02:00"},{"startDateTime":"2019-08-24T10:53:00","startDateTimeLocal":"2019-08-24T12:53:00+02:00","stageTimeDurationMs":397400,"stageTimeDuration":"00:06:37.4000000","splitPointTimeId":88709,"splitPointId":2691,"entryId":20135,"elapsedDurationMs":297200,"elapsedDuration":"PT4M57.2S","splitDateTime":"2019-08-24T10:57:57.2","splitDateTimeLocal":"2019-08-24T12:57:57.2+02:00"},{"startDateTime":"2019-08-24T10:54:00","startDateTimeLocal":"2019-08-24T12:54:00+02:00","stageTimeDurationMs":400800,"stageTimeDuration":"00:06:40.8000000","splitPointTimeId":88712,"splitPointId":2691,"entryId":20150,"elapsedDurationMs":297800,"elapsedDuration":"PT4M57.8S","splitDateTime":"2019-08-24T10:58:57.8","splitDateTimeLocal":"2019-08-24T12:58:57.8+02:00"},{"startDateTime":"2019-08-24T10:55:00","startDateTimeLocal":"2019-08-24T12:55:00+02:00","stageTimeDurationMs":401400,"stageTimeDuration":"00:06:41.4000000","splitPointTimeId":88714,"splitPointId":2691,"entryId":20157,"elapsedDurationMs":299000,"elapsedDuration":"PT4M59S","splitDateTime":"2019-08-24T10:59:59","splitDateTimeLocal":"2019-08-24T12:59:59+02:00"},{"startDateTime":"2019-08-24T10:57:00","startDateTimeLocal":"2019-08-24T12:57:00+02:00","stageTimeDurationMs":414700,"stageTimeDuration":"00:06:54.7000000","splitPointTimeId":88717,"splitPointId":2691,"entryId":20156,"elapsedDurationMs":310200,"elapsedDuration":"PT5M10.2S","splitDateTime":"2019-08-24T11:02:10.2","splitDateTimeLocal":"2019-08-24T13:02:10.2+02:00"},{"startDateTime":"2019-08-24T10:58:00","startDateTimeLocal":"2019-08-24T12:58:00+02:00","stageTimeDurationMs":418200,"stageTimeDuration":"00:06:58.2000000","splitPointTimeId":88719,"splitPointId":2691,"entryId":20159,"elapsedDurationMs":313400,"elapsedDuration":"PT5M13.4S","splitDateTime":"2019-08-24T11:03:13.4","splitDateTimeLocal":"2019-08-24T13:03:13.4+02:00"},{"startDateTime":"2019-08-24T10:59:00","startDateTimeLocal":"2019-08-24T12:59:00+02:00","stageTimeDurationMs":421700,"stageTimeDuration":"00:07:01.7000000","splitPointTimeId":88721,"splitPointId":2691,"entryId":20153,"elapsedDurationMs":315500,"elapsedDuration":"PT5M15.5S","splitDateTime":"2019-08-24T11:04:15.5","splitDateTimeLocal":"2019-08-24T13:04:15.5+02:00"},{"startDateTime":"2019-08-24T11:00:00","startDateTimeLocal":"2019-08-24T13:00:00+02:00","stageTimeDurationMs":442900,"stageTimeDuration":"00:07:22.9000000","splitPointTimeId":88724,"splitPointId":2691,"entryId":20154,"elapsedDurationMs":330300,"elapsedDuration":"PT5M30.3S","splitDateTime":"2019-08-24T11:05:30.3","splitDateTimeLocal":"2019-08-24T13:05:30.3+02:00"},{"startDateTime":"2019-08-24T11:01:00","startDateTimeLocal":"2019-08-24T13:01:00+02:00","stageTimeDurationMs":429800,"stageTimeDuration":"00:07:09.8000000","splitPointTimeId":88725,"splitPointId":2691,"entryId":20163,"elapsedDurationMs":321200,"elapsedDuration":"PT5M21.2S","splitDateTime":"2019-08-24T11:06:21.2","splitDateTimeLocal":"2019-08-24T13:06:21.2+02:00"},{"startDateTime":"2019-08-24T11:02:00","startDateTimeLocal":"2019-08-24T13:02:00+02:00","stageTimeDurationMs":432600,"stageTimeDuration":"00:07:12.6000000","splitPointTimeId":88727,"splitPointId":2691,"entryId":20155,"elapsedDurationMs":321400,"elapsedDuration":"PT5M21.4S","splitDateTime":"2019-08-24T11:07:21.4","splitDateTimeLocal":"2019-08-24T13:07:21.4+02:00"},{"startDateTime":"2019-08-24T11:03:00","startDateTimeLocal":"2019-08-24T13:03:00+02:00","stageTimeDurationMs":466000,"stageTimeDuration":"00:07:46","splitPointTimeId":88729,"splitPointId":2691,"entryId":20162,"elapsedDurationMs":348900,"elapsedDuration":"PT5M48.9S","splitDateTime":"2019-08-24T11:08:48.9","splitDateTimeLocal":"2019-08-24T13:08:48.9+02:00"},{"startDateTime":"2019-08-24T11:05:00","startDateTimeLocal":"2019-08-24T13:05:00+02:00","stageTimeDurationMs":450700,"stageTimeDuration":"00:07:30.7000000","splitPointTimeId":88730,"splitPointId":2691,"entryId":20166,"elapsedDurationMs":338000,"elapsedDuration":"PT5M38S","splitDateTime":"2019-08-24T11:10:38","splitDateTimeLocal":"2019-08-24T13:10:38+02:00"},{"startDateTime":"2019-08-24T11:06:00","startDateTimeLocal":"2019-08-24T13:06:00+02:00","stageTimeDurationMs":446900,"stageTimeDuration":"00:07:26.9000000","splitPointTimeId":88733,"splitPointId":2691,"entryId":20160,"elapsedDurationMs":332300,"elapsedDuration":"PT5M32.3S","splitDateTime":"2019-08-24T11:11:32.3","splitDateTimeLocal":"2019-08-24T13:11:32.3+02:00"},{"startDateTime":"2019-08-24T10:56:00","startDateTimeLocal":"2019-08-24T12:56:00+02:00","stageTimeDurationMs":420500,"stageTimeDuration":"00:07:00.5000000","splitPointTimeId":88736,"splitPointId":2691,"entryId":20141,"elapsedDurationMs":313100,"elapsedDuration":"PT5M13.1S","splitDateTime":"2019-08-24T11:01:13.1","splitDateTimeLocal":"2019-08-24T13:01:13.1+02:00"},{"startDateTime":"2019-08-24T11:07:00","startDateTimeLocal":"2019-08-24T13:07:00+02:00","stageTimeDurationMs":442900,"stageTimeDuration":"00:07:22.9000000","splitPointTimeId":88737,"splitPointId":2691,"entryId":20168,"elapsedDurationMs":330700,"elapsedDuration":"PT5M30.7S","splitDateTime":"2019-08-24T11:12:30.7","splitDateTimeLocal":"2019-08-24T13:12:30.7+02:00"},{"startDateTime":"2019-08-24T11:04:00","startDateTimeLocal":"2019-08-24T13:04:00+02:00","stageTimeDurationMs":849800,"stageTimeDuration":"00:14:09.8000000","splitPointTimeId":88738,"splitPointId":2691,"entryId":20147,"elapsedDurationMs":321100,"elapsedDuration":"PT5M21.1S","splitDateTime":"2019-08-24T11:09:21.1","splitDateTimeLocal":"2019-08-24T13:09:21.1+02:00"},{"startDateTime":"2019-08-24T11:08:00","startDateTimeLocal":"2019-08-24T13:08:00+02:00","stageTimeDurationMs":463400,"stageTimeDuration":"00:07:43.4000000","splitPointTimeId":88739,"splitPointId":2691,"entryId":20169,"elapsedDurationMs":345300,"elapsedDuration":"PT5M45.3S","splitDateTime":"2019-08-24T11:13:45.3","splitDateTimeLocal":"2019-08-24T13:13:45.3+02:00"},{"startDateTime":"2019-08-24T11:09:00","startDateTimeLocal":"2019-08-24T13:09:00+02:00","stageTimeDurationMs":477400,"stageTimeDuration":"00:07:57.4000000","splitPointTimeId":88740,"splitPointId":2691,"entryId":20165,"elapsedDurationMs":355100,"elapsedDuration":"PT5M55.1S","splitDateTime":"2019-08-24T11:14:55.1","splitDateTimeLocal":"2019-08-24T13:14:55.1+02:00"},{"startDateTime":"2019-08-24T11:10:00","startDateTimeLocal":"2019-08-24T13:10:00+02:00","stageTimeDurationMs":481100,"stageTimeDuration":"00:08:01.1000000","splitPointTimeId":88741,"splitPointId":2691,"entryId":20170,"elapsedDurationMs":357900,"elapsedDuration":"PT5M57.9S","splitDateTime":"2019-08-24T11:15:57.9","splitDateTimeLocal":"2019-08-24T13:15:57.9+02:00"},{"startDateTime":"2019-08-24T10:10:00","startDateTimeLocal":"2019-08-24T12:10:00+02:00","stageTimeDurationMs":363200,"stageTimeDuration":"00:06:03.2000000","splitPointTimeId":88643,"splitPointId":2692,"entryId":20118,"elapsedDurationMs":103300,"elapsedDuration":"PT1M43.3S","splitDateTime":"2019-08-24T10:11:43.3","splitDateTimeLocal":"2019-08-24T12:11:43.3+02:00"},{"startDateTime":"2019-08-24T10:12:00","startDateTimeLocal":"2019-08-24T12:12:00+02:00","stageTimeDurationMs":373400,"stageTimeDuration":"00:06:13.4000000","splitPointTimeId":88647,"splitPointId":2692,"entryId":20125,"elapsedDurationMs":106300,"elapsedDuration":"PT1M46.3S","splitDateTime":"2019-08-24T10:13:46.3","splitDateTimeLocal":"2019-08-24T12:13:46.3+02:00"},{"startDateTime":"2019-08-24T10:14:00","startDateTimeLocal":"2019-08-24T12:14:00+02:00","stageTimeDurationMs":361400,"stageTimeDuration":"00:06:01.4000000","splitPointTimeId":88652,"splitPointId":2692,"entryId":20121,"elapsedDurationMs":102800,"elapsedDuration":"PT1M42.8S","splitDateTime":"2019-08-24T10:15:42.8","splitDateTimeLocal":"2019-08-24T12:15:42.8+02:00"},{"startDateTime":"2019-08-24T10:16:00","startDateTimeLocal":"2019-08-24T12:16:00+02:00","stageTimeDurationMs":361000,"stageTimeDuration":"00:06:01","splitPointTimeId":88656,"splitPointId":2692,"entryId":20119,"elapsedDurationMs":103300,"elapsedDuration":"PT1M43.3S","splitDateTime":"2019-08-24T10:17:43.3","splitDateTimeLocal":"2019-08-24T12:17:43.3+02:00"},{"startDateTime":"2019-08-24T10:18:00","startDateTimeLocal":"2019-08-24T12:18:00+02:00","stageTimeDurationMs":365700,"stageTimeDuration":"00:06:05.7000000","splitPointTimeId":88658,"splitPointId":2692,"entryId":20126,"elapsedDurationMs":104700,"elapsedDuration":"PT1M44.7S","splitDateTime":"2019-08-24T10:19:44.7","splitDateTimeLocal":"2019-08-24T12:19:44.7+02:00"},{"startDateTime":"2019-08-24T10:20:00","startDateTimeLocal":"2019-08-24T12:20:00+02:00","stageTimeDurationMs":365900,"stageTimeDuration":"00:06:05.9000000","splitPointTimeId":88660,"splitPointId":2692,"entryId":20127,"elapsedDurationMs":105200,"elapsedDuration":"PT1M45.2S","splitDateTime":"2019-08-24T10:21:45.2","splitDateTimeLocal":"2019-08-24T12:21:45.2+02:00"},{"startDateTime":"2019-08-24T10:22:00","startDateTimeLocal":"2019-08-24T12:22:00+02:00","stageTimeDurationMs":361100,"stageTimeDuration":"00:06:01.1000000","splitPointTimeId":88662,"splitPointId":2692,"entryId":20123,"elapsedDurationMs":104300,"elapsedDuration":"PT1M44.3S","splitDateTime":"2019-08-24T10:23:44.3","splitDateTimeLocal":"2019-08-24T12:23:44.3+02:00"},{"startDateTime":"2019-08-24T10:24:00","startDateTimeLocal":"2019-08-24T12:24:00+02:00","stageTimeDurationMs":362100,"stageTimeDuration":"00:06:02.1000000","splitPointTimeId":88664,"splitPointId":2692,"entryId":20120,"elapsedDurationMs":103800,"elapsedDuration":"PT1M43.8S","splitDateTime":"2019-08-24T10:25:43.8","splitDateTimeLocal":"2019-08-24T12:25:43.8+02:00"},{"startDateTime":"2019-08-24T10:26:00","startDateTimeLocal":"2019-08-24T12:26:00+02:00","stageTimeDurationMs":361600,"stageTimeDuration":"00:06:01.6000000","splitPointTimeId":88666,"splitPointId":2692,"entryId":20117,"elapsedDurationMs":103800,"elapsedDuration":"PT1M43.8S","splitDateTime":"2019-08-24T10:27:43.8","splitDateTimeLocal":"2019-08-24T12:27:43.8+02:00"},{"startDateTime":"2019-08-24T10:28:00","startDateTimeLocal":"2019-08-24T12:28:00+02:00","stageTimeDurationMs":359900,"stageTimeDuration":"00:05:59.9000000","splitPointTimeId":88668,"splitPointId":2692,"entryId":20124,"elapsedDurationMs":102800,"elapsedDuration":"PT1M42.8S","splitDateTime":"2019-08-24T10:29:42.8","splitDateTimeLocal":"2019-08-24T12:29:42.8+02:00"},{"startDateTime":"2019-08-24T10:30:00","startDateTimeLocal":"2019-08-24T12:30:00+02:00","stageTimeDurationMs":361400,"stageTimeDuration":"00:06:01.4000000","splitPointTimeId":88670,"splitPointId":2692,"entryId":20122,"elapsedDurationMs":103800,"elapsedDuration":"PT1M43.8S","splitDateTime":"2019-08-24T10:31:43.8","splitDateTimeLocal":"2019-08-24T12:31:43.8+02:00"},{"startDateTime":"2019-08-24T10:32:00","startDateTimeLocal":"2019-08-24T12:32:00+02:00","stageTimeDurationMs":388200,"stageTimeDuration":"00:06:28.2000000","splitPointTimeId":88672,"splitPointId":2692,"entryId":20128,"elapsedDurationMs":111200,"elapsedDuration":"PT1M51.2S","splitDateTime":"2019-08-24T10:33:51.2","splitDateTimeLocal":"2019-08-24T12:33:51.2+02:00"},{"startDateTime":"2019-08-24T10:34:00","startDateTimeLocal":"2019-08-24T12:34:00+02:00","stageTimeDurationMs":385100,"stageTimeDuration":"00:06:25.1000000","splitPointTimeId":88674,"splitPointId":2692,"entryId":20130,"elapsedDurationMs":109800,"elapsedDuration":"PT1M49.8S","splitDateTime":"2019-08-24T10:35:49.8","splitDateTimeLocal":"2019-08-24T12:35:49.8+02:00"},{"startDateTime":"2019-08-24T10:36:00","startDateTimeLocal":"2019-08-24T12:36:00+02:00","stageTimeDurationMs":387200,"stageTimeDuration":"00:06:27.2000000","splitPointTimeId":88676,"splitPointId":2692,"entryId":20129,"elapsedDurationMs":110800,"elapsedDuration":"PT1M50.8S","splitDateTime":"2019-08-24T10:37:50.8","splitDateTimeLocal":"2019-08-24T12:37:50.8+02:00"},{"startDateTime":"2019-08-24T10:38:00","startDateTimeLocal":"2019-08-24T12:38:00+02:00","stageTimeDurationMs":389900,"stageTimeDuration":"00:06:29.9000000","splitPointTimeId":88678,"splitPointId":2692,"entryId":20131,"elapsedDurationMs":111300,"elapsedDuration":"PT1M51.3S","splitDateTime":"2019-08-24T10:39:51.3","splitDateTimeLocal":"2019-08-24T12:39:51.3+02:00"},{"startDateTime":"2019-08-24T10:41:00","startDateTimeLocal":"2019-08-24T12:41:00+02:00","stageTimeDurationMs":386100,"stageTimeDuration":"00:06:26.1000000","splitPointTimeId":88680,"splitPointId":2692,"entryId":20144,"elapsedDurationMs":109800,"elapsedDuration":"PT1M49.8S","splitDateTime":"2019-08-24T10:42:49.8","splitDateTimeLocal":"2019-08-24T12:42:49.8+02:00"},{"startDateTime":"2019-08-24T10:42:00","startDateTimeLocal":"2019-08-24T12:42:00+02:00","stageTimeDurationMs":386400,"stageTimeDuration":"00:06:26.4000000","splitPointTimeId":88682,"splitPointId":2692,"entryId":20143,"elapsedDurationMs":111300,"elapsedDuration":"PT1M51.3S","splitDateTime":"2019-08-24T10:43:51.3","splitDateTimeLocal":"2019-08-24T12:43:51.3+02:00"},{"startDateTime":"2019-08-24T10:43:00","startDateTimeLocal":"2019-08-24T12:43:00+02:00","stageTimeDurationMs":387500,"stageTimeDuration":"00:06:27.5000000","splitPointTimeId":88683,"splitPointId":2692,"entryId":20134,"elapsedDurationMs":109800,"elapsedDuration":"PT1M49.8S","splitDateTime":"2019-08-24T10:44:49.8","splitDateTimeLocal":"2019-08-24T12:44:49.8+02:00"},{"startDateTime":"2019-08-24T10:44:00","startDateTimeLocal":"2019-08-24T12:44:00+02:00","stageTimeDurationMs":387900,"stageTimeDuration":"00:06:27.9000000","splitPointTimeId":88685,"splitPointId":2692,"entryId":20133,"elapsedDurationMs":111600,"elapsedDuration":"PT1M51.6S","splitDateTime":"2019-08-24T10:45:51.6","splitDateTimeLocal":"2019-08-24T12:45:51.6+02:00"},{"startDateTime":"2019-08-24T10:45:00","startDateTimeLocal":"2019-08-24T12:45:00+02:00","stageTimeDurationMs":388000,"stageTimeDuration":"00:06:28","splitPointTimeId":88686,"splitPointId":2692,"entryId":20132,"elapsedDurationMs":110300,"elapsedDuration":"PT1M50.3S","splitDateTime":"2019-08-24T10:46:50.3","splitDateTimeLocal":"2019-08-24T12:46:50.3+02:00"},{"startDateTime":"2019-08-24T10:46:00","startDateTimeLocal":"2019-08-24T12:46:00+02:00","stageTimeDurationMs":392600,"stageTimeDuration":"00:06:32.6000000","splitPointTimeId":88689,"splitPointId":2692,"entryId":20151,"elapsedDurationMs":112800,"elapsedDuration":"PT1M52.8S","splitDateTime":"2019-08-24T10:47:52.8","splitDateTimeLocal":"2019-08-24T12:47:52.8+02:00"},{"startDateTime":"2019-08-24T10:47:00","startDateTimeLocal":"2019-08-24T12:47:00+02:00","stageTimeDurationMs":395300,"stageTimeDuration":"00:06:35.3000000","splitPointTimeId":88691,"splitPointId":2692,"entryId":20136,"elapsedDurationMs":113700,"elapsedDuration":"PT1M53.7S","splitDateTime":"2019-08-24T10:48:53.7","splitDateTimeLocal":"2019-08-24T12:48:53.7+02:00"},{"startDateTime":"2019-08-24T10:48:00","startDateTimeLocal":"2019-08-24T12:48:00+02:00","stageTimeDurationMs":391900,"stageTimeDuration":"00:06:31.9000000","splitPointTimeId":88692,"splitPointId":2692,"entryId":20149,"elapsedDurationMs":110800,"elapsedDuration":"PT1M50.8S","splitDateTime":"2019-08-24T10:49:50.8","splitDateTimeLocal":"2019-08-24T12:49:50.8+02:00"},{"startDateTime":"2019-08-24T10:49:00","startDateTimeLocal":"2019-08-24T12:49:00+02:00","stageTimeDurationMs":394100,"stageTimeDuration":"00:06:34.1000000","splitPointTimeId":88694,"splitPointId":2692,"entryId":20137,"elapsedDurationMs":111800,"elapsedDuration":"PT1M51.8S","splitDateTime":"2019-08-24T10:50:51.8","splitDateTimeLocal":"2019-08-24T12:50:51.8+02:00"},{"startDateTime":"2019-08-24T10:50:00","startDateTimeLocal":"2019-08-24T12:50:00+02:00","stageTimeDurationMs":394900,"stageTimeDuration":"00:06:34.9000000","splitPointTimeId":88696,"splitPointId":2692,"entryId":20138,"elapsedDurationMs":113800,"elapsedDuration":"PT1M53.8S","splitDateTime":"2019-08-24T10:51:53.8","splitDateTimeLocal":"2019-08-24T12:51:53.8+02:00"},{"startDateTime":"2019-08-24T10:51:00","startDateTimeLocal":"2019-08-24T12:51:00+02:00","stageTimeDurationMs":392200,"stageTimeDuration":"00:06:32.2000000","splitPointTimeId":88698,"splitPointId":2692,"entryId":20140,"elapsedDurationMs":112300,"elapsedDuration":"PT1M52.3S","splitDateTime":"2019-08-24T10:52:52.3","splitDateTimeLocal":"2019-08-24T12:52:52.3+02:00"},{"startDateTime":"2019-08-24T10:52:00","startDateTimeLocal":"2019-08-24T12:52:00+02:00","stageTimeDurationMs":397000,"stageTimeDuration":"00:06:37","splitPointTimeId":88700,"splitPointId":2692,"entryId":20145,"elapsedDurationMs":114200,"elapsedDuration":"PT1M54.2S","splitDateTime":"2019-08-24T10:53:54.2","splitDateTimeLocal":"2019-08-24T12:53:54.2+02:00"},{"startDateTime":"2019-08-24T10:53:00","startDateTimeLocal":"2019-08-24T12:53:00+02:00","stageTimeDurationMs":397400,"stageTimeDuration":"00:06:37.4000000","splitPointTimeId":88702,"splitPointId":2692,"entryId":20135,"elapsedDurationMs":114200,"elapsedDuration":"PT1M54.2S","splitDateTime":"2019-08-24T10:54:54.2","splitDateTimeLocal":"2019-08-24T12:54:54.2+02:00"},{"startDateTime":"2019-08-24T10:54:00","startDateTimeLocal":"2019-08-24T12:54:00+02:00","stageTimeDurationMs":400800,"stageTimeDuration":"00:06:40.8000000","splitPointTimeId":88703,"splitPointId":2692,"entryId":20150,"elapsedDurationMs":113700,"elapsedDuration":"PT1M53.7S","splitDateTime":"2019-08-24T10:55:53.7","splitDateTimeLocal":"2019-08-24T12:55:53.7+02:00"},{"startDateTime":"2019-08-24T10:55:00","startDateTimeLocal":"2019-08-24T12:55:00+02:00","stageTimeDurationMs":401400,"stageTimeDuration":"00:06:41.4000000","splitPointTimeId":88707,"splitPointId":2692,"entryId":20157,"elapsedDurationMs":114200,"elapsedDuration":"PT1M54.2S","splitDateTime":"2019-08-24T10:56:54.2","splitDateTimeLocal":"2019-08-24T12:56:54.2+02:00"},{"startDateTime":"2019-08-24T10:56:00","startDateTimeLocal":"2019-08-24T12:56:00+02:00","stageTimeDurationMs":420500,"stageTimeDuration":"00:07:00.5000000","splitPointTimeId":88710,"splitPointId":2692,"entryId":20141,"elapsedDurationMs":120300,"elapsedDuration":"PT2M0.3S","splitDateTime":"2019-08-24T10:58:00.3","splitDateTimeLocal":"2019-08-24T12:58:00.3+02:00"},{"startDateTime":"2019-08-24T10:57:00","startDateTimeLocal":"2019-08-24T12:57:00+02:00","stageTimeDurationMs":414700,"stageTimeDuration":"00:06:54.7000000","splitPointTimeId":88711,"splitPointId":2692,"entryId":20156,"elapsedDurationMs":117800,"elapsedDuration":"PT1M57.8S","splitDateTime":"2019-08-24T10:58:57.8","splitDateTimeLocal":"2019-08-24T12:58:57.8+02:00"},{"startDateTime":"2019-08-24T10:58:00","startDateTimeLocal":"2019-08-24T12:58:00+02:00","stageTimeDurationMs":418200,"stageTimeDuration":"00:06:58.2000000","splitPointTimeId":88713,"splitPointId":2692,"entryId":20159,"elapsedDurationMs":119800,"elapsedDuration":"PT1M59.8S","splitDateTime":"2019-08-24T10:59:59.8","splitDateTimeLocal":"2019-08-24T12:59:59.8+02:00"},{"startDateTime":"2019-08-24T10:59:00","startDateTimeLocal":"2019-08-24T12:59:00+02:00","stageTimeDurationMs":421700,"stageTimeDuration":"00:07:01.7000000","splitPointTimeId":88715,"splitPointId":2692,"entryId":20153,"elapsedDurationMs":121700,"elapsedDuration":"PT2M1.7S","splitDateTime":"2019-08-24T11:01:01.7","splitDateTimeLocal":"2019-08-24T13:01:01.7+02:00"},{"startDateTime":"2019-08-24T11:00:00","startDateTimeLocal":"2019-08-24T13:00:00+02:00","stageTimeDurationMs":442900,"stageTimeDuration":"00:07:22.9000000","splitPointTimeId":88716,"splitPointId":2692,"entryId":20154,"elapsedDurationMs":126300,"elapsedDuration":"PT2M6.3S","splitDateTime":"2019-08-24T11:02:06.3","splitDateTimeLocal":"2019-08-24T13:02:06.3+02:00"},{"startDateTime":"2019-08-24T11:01:00","startDateTimeLocal":"2019-08-24T13:01:00+02:00","stageTimeDurationMs":429800,"stageTimeDuration":"00:07:09.8000000","splitPointTimeId":88718,"splitPointId":2692,"entryId":20163,"elapsedDurationMs":121300,"elapsedDuration":"PT2M1.3S","splitDateTime":"2019-08-24T11:03:01.3","splitDateTimeLocal":"2019-08-24T13:03:01.3+02:00"},{"startDateTime":"2019-08-24T11:02:00","startDateTimeLocal":"2019-08-24T13:02:00+02:00","stageTimeDurationMs":432600,"stageTimeDuration":"00:07:12.6000000","splitPointTimeId":88720,"splitPointId":2692,"entryId":20155,"elapsedDurationMs":121200,"elapsedDuration":"PT2M1.2S","splitDateTime":"2019-08-24T11:04:01.2","splitDateTimeLocal":"2019-08-24T13:04:01.2+02:00"},{"startDateTime":"2019-08-24T11:03:00","startDateTimeLocal":"2019-08-24T13:03:00+02:00","stageTimeDurationMs":466000,"stageTimeDuration":"00:07:46","splitPointTimeId":88722,"splitPointId":2692,"entryId":20162,"elapsedDurationMs":131700,"elapsedDuration":"PT2M11.7S","splitDateTime":"2019-08-24T11:05:11.7","splitDateTimeLocal":"2019-08-24T13:05:11.7+02:00"},{"startDateTime":"2019-08-24T11:04:00","startDateTimeLocal":"2019-08-24T13:04:00+02:00","stageTimeDurationMs":849800,"stageTimeDuration":"00:14:09.8000000","splitPointTimeId":88723,"splitPointId":2692,"entryId":20147,"elapsedDurationMs":121700,"elapsedDuration":"PT2M1.7S","splitDateTime":"2019-08-24T11:06:01.7","splitDateTimeLocal":"2019-08-24T13:06:01.7+02:00"},{"startDateTime":"2019-08-24T11:05:00","startDateTimeLocal":"2019-08-24T13:05:00+02:00","stageTimeDurationMs":450700,"stageTimeDuration":"00:07:30.7000000","splitPointTimeId":88726,"splitPointId":2692,"entryId":20166,"elapsedDurationMs":127300,"elapsedDuration":"PT2M7.3S","splitDateTime":"2019-08-24T11:07:07.3","splitDateTimeLocal":"2019-08-24T13:07:07.3+02:00"},{"startDateTime":"2019-08-24T11:06:00","startDateTimeLocal":"2019-08-24T13:06:00+02:00","stageTimeDurationMs":446900,"stageTimeDuration":"00:07:26.9000000","splitPointTimeId":88728,"splitPointId":2692,"entryId":20160,"elapsedDurationMs":125700,"elapsedDuration":"PT2M5.7S","splitDateTime":"2019-08-24T11:08:05.7","splitDateTimeLocal":"2019-08-24T13:08:05.7+02:00"},{"startDateTime":"2019-08-24T11:08:00","startDateTimeLocal":"2019-08-24T13:08:00+02:00","stageTimeDurationMs":463400,"stageTimeDuration":"00:07:43.4000000","splitPointTimeId":88731,"splitPointId":2692,"entryId":20169,"elapsedDurationMs":131800,"elapsedDuration":"PT2M11.8S","splitDateTime":"2019-08-24T11:10:11.8","splitDateTimeLocal":"2019-08-24T13:10:11.8+02:00"},{"startDateTime":"2019-08-24T11:09:00","startDateTimeLocal":"2019-08-24T13:09:00+02:00","stageTimeDurationMs":477400,"stageTimeDuration":"00:07:57.4000000","splitPointTimeId":88732,"splitPointId":2692,"entryId":20165,"elapsedDurationMs":137300,"elapsedDuration":"PT2M17.3S","splitDateTime":"2019-08-24T11:11:17.3","splitDateTimeLocal":"2019-08-24T13:11:17.3+02:00"},{"startDateTime":"2019-08-24T11:07:00","startDateTimeLocal":"2019-08-24T13:07:00+02:00","stageTimeDurationMs":442900,"stageTimeDuration":"00:07:22.9000000","splitPointTimeId":88734,"splitPointId":2692,"entryId":20168,"elapsedDurationMs":126300,"elapsedDuration":"PT2M6.3S","splitDateTime":"2019-08-24T11:09:06.3","splitDateTimeLocal":"2019-08-24T13:09:06.3+02:00"},{"startDateTime":"2019-08-24T11:10:00","startDateTimeLocal":"2019-08-24T13:10:00+02:00","stageTimeDurationMs":481100,"stageTimeDuration":"00:08:01.1000000","splitPointTimeId":88735,"splitPointId":2692,"entryId":20170,"elapsedDurationMs":135800,"elapsedDuration":"PT2M15.8S","splitDateTime":"2019-08-24T11:12:15.8","splitDateTimeLocal":"2019-08-24T13:12:15.8+02:00"}]