[{"stageTimeId":77525,"stageId":1289,"entryId":20055,"elapsedDurationMs":441500,"elapsedDuration":"00:07:21.5000000","status":"Completed","source":"Default","position":1,"diffFirstMs":0,"diffFirst":"00:00:00","diffPrevMs":0,"diffPrev":"00:00:00"},{"stageTimeId":77686,"stageId":1289,"entryId":20053,"elapsedDurationMs":443600,"elapsedDuration":"00:07:23.6000000","status":"Completed","source":"Default","position":2,"diffFirstMs":2100,"diffFirst":"00:00:02.1000000","diffPrevMs":2100,"diffPrev":"00:00:02.1000000"},{"stageTimeId":77661,"stageId":1289,"entryId":20057,"elapsedDurationMs":445200,"elapsedDuration":"00:07:25.2000000","status":"Completed","source":"Default","position":3,"diffFirstMs":3700,"diffFirst":"00:00:03.7000000","diffPrevMs":1600,"diffPrev":"00:00:01.6000000"},{"stageTimeId":77678,"stageId":1289,"entryId":20059,"elapsedDurationMs":445300,"elapsedDuration":"00:07:25.3000000","status":"Completed","source":"Default","position":4,"diffFirstMs":3800,"diffFirst":"00:00:03.8000000","diffPrevMs":100,"diffPrev":"00:00:00.1000000"},{"stageTimeId":77645,"stageId":1289,"entryId":20064,"elapsedDurationMs":446600,"elapsedDuration":"00:07:26.6000000","status":"Completed","source":"Default","position":5,"diffFirstMs":5100,"diffFirst":"00:00:05.1000000","diffPrevMs":1300,"diffPrev":"00:00:01.3000000"},{"stageTimeId":77663,"stageId":1289,"entryId":20063,"elapsedDurationMs":447100,"elapsedDuration":"00:07:27.1000000","status":"Completed","source":"Default","position":6,"diffFirstMs":5600,"diffFirst":"00:00:05.6000000","diffPrevMs":500,"diffPrev":"00:00:00.5000000"},{"stageTimeId":77541,"stageId":1289,"entryId":20058,"elapsedDurationMs":447900,"elapsedDuration":"00:07:27.9000000","status":"Completed","source":"Default","position":7,"diffFirstMs":6400,"diffFirst":"00:00:06.4000000","diffPrevMs":800,"diffPrev":"00:00:00.8000000"},{"stageTimeId":77670,"stageId":1289,"entryId":20054,"elapsedDurationMs":451600,"elapsedDuration":"00:07:31.6000000","status":"Completed","source":"Default","position":8,"diffFirstMs":10100,"diffFirst":"00:00:10.1000000","diffPrevMs":3700,"diffPrev":"00:00:03.7000000"},{"stageTimeId":77235,"stageId":1289,"entryId":20062,"elapsedDurationMs":459800,"elapsedDuration":"00:07:39.8000000","status":"Completed","source":"Default","position":9,"diffFirstMs":18300,"diffFirst":"00:00:18.3000000","diffPrevMs":8200,"diffPrev":"00:00:08.2000000"},{"stageTimeId":77501,"stageId":1289,"entryId":20065,"elapsedDurationMs":463900,"elapsedDuration":"00:07:43.9000000","status":"Completed","source":"Default","position":10,"diffFirstMs":22400,"diffFirst":"00:00:22.4000000","diffPrevMs":4100,"diffPrev":"00:00:04.1000000"},{"stageTimeId":77567,"stageId":1289,"entryId":20073,"elapsedDurationMs":465200,"elapsedDuration":"00:07:45.2000000","status":"Completed","source":"Default","position":11,"diffFirstMs":23700,"diffFirst":"00:00:23.7000000","diffPrevMs":1300,"diffPrev":"00:00:01.3000000"},{"stageTimeId":77302,"stageId":1289,"entryId":20070,"elapsedDurationMs":467700,"elapsedDuration":"00:07:47.7000000","status":"Completed","source":"Default","position":12,"diffFirstMs":26200,"diffFirst":"00:00:26.2000000","diffPrevMs":2500,"diffPrev":"00:00:02.5000000"},{"stageTimeId":77517,"stageId":1289,"entryId":20068,"elapsedDurationMs":470400,"elapsedDuration":"00:07:50.4000000","status":"Completed","source":"Default","position":13,"diffFirstMs":28900,"diffFirst":"00:00:28.9000000","diffPrevMs":2700,"diffPrev":"00:00:02.7000000"},{"stageTimeId":77549,"stageId":1289,"entryId":20075,"elapsedDurationMs":474400,"elapsedDuration":"00:07:54.4000000","status":"Completed","source":"Default","position":14,"diffFirstMs":32900,"diffFirst":"00:00:32.9000000","diffPrevMs":4000,"diffPrev":"00:00:04"},{"stageTimeId":77519,"stageId":1289,"entryId":20067,"elapsedDurationMs":478800,"elapsedDuration":"00:07:58.8000000","status":"Completed","source":"Default","position":15,"diffFirstMs":37300,"diffFirst":"00:00:37.3000000","diffPrevMs":4400,"diffPrev":"00:00:04.4000000"},{"stageTimeId":77565,"stageId":1289,"entryId":20074,"elapsedDurationMs":480600,"elapsedDuration":"00:08:00.6000000","status":"Completed","source":"Default","position":16,"diffFirstMs":39100,"diffFirst":"00:00:39.1000000","diffPrevMs":1800,"diffPrev":"00:00:01.8000000"},{"stageTimeId":77273,"stageId":1289,"entryId":20071,"elapsedDurationMs":490200,"elapsedDuration":"00:08:10.2000000","status":"Completed","source":"Default","position":17,"diffFirstMs":48700,"diffFirst":"00:00:48.7000000","diffPrevMs":9600,"diffPrev":"00:00:09.6000000"},{"stageTimeId":77591,"stageId":1289,"entryId":20092,"elapsedDurationMs":491900,"elapsedDuration":"00:08:11.9000000","status":"Completed","source":"Default","position":18,"diffFirstMs":50400,"diffFirst":"00:00:50.4000000","diffPrevMs":1700,"diffPrev":"00:00:01.7000000"},{"stageTimeId":77252,"stageId":1289,"entryId":20077,"elapsedDurationMs":495100,"elapsedDuration":"00:08:15.1000000","status":"Completed","source":"Default","position":19,"diffFirstMs":53600,"diffFirst":"00:00:53.6000000","diffPrevMs":3200,"diffPrev":"00:00:03.2000000"},{"stageTimeId":77614,"stageId":1289,"entryId":20080,"elapsedDurationMs":512800,"elapsedDuration":"00:08:32.8000000","status":"Completed","source":"Default","position":20,"diffFirstMs":71300,"diffFirst":"00:01:11.3000000","diffPrevMs":17700,"diffPrev":"00:00:17.7000000"},{"stageTimeId":77298,"stageId":1289,"entryId":20078,"elapsedDurationMs":516300,"elapsedDuration":"00:08:36.3000000","status":"Completed","source":"Default","position":21,"diffFirstMs":74800,"diffFirst":"00:01:14.8000000","diffPrevMs":3500,"diffPrev":"00:00:03.5000000"},{"stageTimeId":77573,"stageId":1289,"entryId":20082,"elapsedDurationMs":519900,"elapsedDuration":"00:08:39.9000000","status":"Completed","source":"Default","position":22,"diffFirstMs":78400,"diffFirst":"00:01:18.4000000","diffPrevMs":3600,"diffPrev":"00:00:03.6000000"},{"stageTimeId":77279,"stageId":1289,"entryId":20079,"elapsedDurationMs":524300,"elapsedDuration":"00:08:44.3000000","status":"Completed","source":"Default","position":23,"diffFirstMs":82800,"diffFirst":"00:01:22.8000000","diffPrevMs":4400,"diffPrev":"00:00:04.4000000"},{"stageTimeId":77453,"stageId":1289,"entryId":20081,"elapsedDurationMs":525300,"elapsedDuration":"00:08:45.3000000","status":"Completed","source":"Default","position":24,"diffFirstMs":83800,"diffFirst":"00:01:23.8000000","diffPrevMs":1000,"diffPrev":"00:00:01"},{"stageTimeId":77414,"stageId":1289,"entryId":20091,"elapsedDurationMs":526100,"elapsedDuration":"00:08:46.1000000","status":"Completed","source":"Default","position":25,"diffFirstMs":84600,"diffFirst":"00:01:24.6000000","diffPrevMs":800,"diffPrev":"00:00:00.8000000"},{"stageTimeId":77406,"stageId":1289,"entryId":20098,"elapsedDurationMs":526600,"elapsedDuration":"00:08:46.6000000","status":"Completed","source":"Default","position":26,"diffFirstMs":85100,"diffFirst":"00:01:25.1000000","diffPrevMs":500,"diffPrev":"00:00:00.5000000"},{"stageTimeId":77430,"stageId":1289,"entryId":20106,"elapsedDurationMs":526800,"elapsedDuration":"00:08:46.8000000","status":"Completed","source":"Default","position":27,"diffFirstMs":85300,"diffFirst":"00:01:25.3000000","diffPrevMs":200,"diffPrev":"00:00:00.2000000"},{"stageTimeId":77283,"stageId":1289,"entryId":20060,"elapsedDurationMs":529600,"elapsedDuration":"00:08:49.6000000","status":"Completed","source":"Default","position":28,"diffFirstMs":88100,"diffFirst":"00:01:28.1000000","diffPrevMs":2800,"diffPrev":"00:00:02.8000000"},{"stageTimeId":77438,"stageId":1289,"entryId":20099,"elapsedDurationMs":536600,"elapsedDuration":"00:08:56.6000000","status":"Completed","source":"Default","position":29,"diffFirstMs":95100,"diffFirst":"00:01:35.1000000","diffPrevMs":7000,"diffPrev":"00:00:07"},{"stageTimeId":77423,"stageId":1289,"entryId":20072,"elapsedDurationMs":537600,"elapsedDuration":"00:08:57.6000000","status":"Completed","source":"Default","position":30,"diffFirstMs":96100,"diffFirst":"00:01:36.1000000","diffPrevMs":1000,"diffPrev":"00:00:01"},{"stageTimeId":77486,"stageId":1289,"entryId":20109,"elapsedDurationMs":539000,"elapsedDuration":"00:08:59","status":"Completed","source":"Default","position":31,"diffFirstMs":97500,"diffFirst":"00:01:37.5000000","diffPrevMs":1400,"diffPrev":"00:00:01.4000000"},{"stageTimeId":77494,"stageId":1289,"entryId":20107,"elapsedDurationMs":539200,"elapsedDuration":"00:08:59.2000000","status":"Completed","source":"Default","position":32,"diffFirstMs":97700,"diffFirst":"00:01:37.7000000","diffPrevMs":200,"diffPrev":"00:00:00.2000000"},{"stageTimeId":77341,"stageId":1289,"entryId":20087,"elapsedDurationMs":553500,"elapsedDuration":"00:09:13.5000000","status":"Completed","source":"Default","position":33,"diffFirstMs":112000,"diffFirst":"00:01:52","diffPrevMs":14300,"diffPrev":"00:00:14.3000000"},{"stageTimeId":77425,"stageId":1289,"entryId":20103,"elapsedDurationMs":554200,"elapsedDuration":"00:09:14.2000000","status":"Completed","source":"Default","position":34,"diffFirstMs":112700,"diffFirst":"00:01:52.7000000","diffPrevMs":700,"diffPrev":"00:00:00.7000000"},{"stageTimeId":77357,"stageId":1289,"entryId":20086,"elapsedDurationMs":579400,"elapsedDuration":"00:09:39.4000000","status":"Completed","source":"Default","position":35,"diffFirstMs":137900,"diffFirst":"00:02:17.9000000","diffPrevMs":25200,"diffPrev":"00:00:25.2000000"},{"stageTimeId":77325,"stageId":1289,"entryId":20089,"elapsedDurationMs":588600,"elapsedDuration":"00:09:48.6000000","status":"Completed","source":"Default","position":36,"diffFirstMs":147100,"diffFirst":"00:02:27.1000000","diffPrevMs":9200,"diffPrev":"00:00:09.2000000"},{"stageTimeId":77309,"stageId":1289,"entryId":20112,"elapsedDurationMs":589900,"elapsedDuration":"00:09:49.9000000","status":"Completed","source":"Default","position":37,"diffFirstMs":148400,"diffFirst":"00:02:28.4000000","diffPrevMs":1300,"diffPrev":"00:00:01.3000000"},{"stageTimeId":77389,"stageId":1289,"entryId":20101,"elapsedDurationMs":603600,"elapsedDuration":"00:10:03.6000000","status":"Completed","source":"Default","position":38,"diffFirstMs":162100,"diffFirst":"00:02:42.1000000","diffPrevMs":13700,"diffPrev":"00:00:13.7000000"},{"stageTimeId":77381,"stageId":1289,"entryId":20105,"elapsedDurationMs":606900,"elapsedDuration":"00:10:06.9000000","status":"Completed","source":"Default","position":39,"diffFirstMs":165400,"diffFirst":"00:02:45.4000000","diffPrevMs":3300,"diffPrev":"00:00:03.3000000"},{"stageTimeId":77365,"stageId":1289,"entryId":20113,"elapsedDurationMs":636000,"elapsedDuration":"00:10:36","status":"Completed","source":"Default","position":40,"diffFirstMs":194500,"diffFirst":"00:03:14.5000000","diffPrevMs":29100,"diffPrev":"00:00:29.1000000"},{"stageTimeId":77373,"stageId":1289,"entryId":20110,"elapsedDurationMs":645100,"elapsedDuration":"00:10:45.1000000","status":"Completed","source":"Default","position":41,"diffFirstMs":203600,"diffFirst":"00:03:23.6000000","diffPrevMs":9100,"diffPrev":"00:00:09.1000000"},{"stageTimeId":77630,"stageId":1289,"entryId":20115,"elapsedDurationMs":673500,"elapsedDuration":"00:11:13.5000000","status":"Completed","source":"Default","position":42,"diffFirstMs":232000,"diffFirst":"00:03:52","diffPrevMs":28400,"diffPrev":"00:00:28.4000000"},{"stageTimeId":77622,"stageId":1289,"entryId":20114,"elapsedDurationMs":690000,"elapsedDuration":"00:11:30","status":"Completed","source":"Default","position":43,"diffFirstMs":248500,"diffFirst":"00:04:08.5000000","diffPrevMs":16500,"diffPrev":"00:00:16.5000000"},{"stageTimeId":77598,"stageId":1289,"entryId":20116,"elapsedDurationMs":692200,"elapsedDuration":"00:11:32.2000000","status":"Completed","source":"Default","position":44,"diffFirstMs":250700,"diffFirst":"00:04:10.7000000","diffPrevMs":2200,"diffPrev":"00:00:02.2000000"},{"stageTimeId":77469,"stageId":1289,"entryId":20104,"elapsedDurationMs":807200,"elapsedDuration":"00:13:27.2000000","status":"Completed","source":"Default","position":45,"diffFirstMs":365700,"diffFirst":"00:06:05.7000000","diffPrevMs":115000,"diffPrev":"00:01:55"},{"stageTimeId":77543,"stageId":1289,"entryId":20056,"elapsedDurationMs":861500,"elapsedDuration":"00:14:21.5000000","status":"Completed","source":"Assessed","position":46,"diffFirstMs":420000,"diffFirst":"00:07:00","diffPrevMs":54300,"diffPrev":"00:00:54.3000000"},{"stageTimeId":77589,"stageId":1289,"entryId":20069,"elapsedDurationMs":885200,"elapsedDuration":"00:14:45.2000000","status":"Completed","source":"Assessed","position":47,"diffFirstMs":443700,"diffFirst":"00:07:23.7000000","diffPrevMs":23700,"diffPrev":"00:00:23.7000000"},{"stageTimeId":77287,"stageId":1289,"entryId":20093,"elapsedDurationMs":911900,"elapsedDuration":"00:15:11.9000000","status":"Completed","source":"Assessed","position":48,"diffFirstMs":470400,"diffFirst":"00:07:50.4000000","diffPrevMs":26700,"diffPrev":"00:00:26.7000000"},{"stageTimeId":77236,"stageId":1289,"entryId":20096,"elapsedDurationMs":911900,"elapsedDuration":"00:15:11.9000000","status":"Completed","source":"Assessed","position":49,"diffFirstMs":470400,"diffFirst":"00:07:50.4000000","diffPrevMs":0,"diffPrev":"00:00:00"},{"stageTimeId":77478,"stageId":1289,"entryId":20100,"elapsedDurationMs":911900,"elapsedDuration":"00:15:11.9000000","status":"Completed","source":"Assessed","position":50,"diffFirstMs":470400,"diffFirst":"00:07:50.4000000","diffPrevMs":0,"diffPrev":"00:00:00"},{"stageTimeId":77638,"stageId":1289,"entryId":20083,"elapsedDurationMs":932800,"elapsedDuration":"00:15:32.8000000","status":"Completed","source":"Assessed","position":51,"diffFirstMs":491300,"diffFirst":"00:08:11.3000000","diffPrevMs":20900,"diffPrev":"00:00:20.9000000"},{"stageTimeId":77606,"stageId":1289,"entryId":20084,"elapsedDurationMs":932800,"elapsedDuration":"00:15:32.8000000","status":"Completed","source":"Assessed","position":52,"diffFirstMs":491300,"diffFirst":"00:08:11.3000000","diffPrevMs":0,"diffPrev":"00:00:00"},{"stageTimeId":77461,"stageId":1289,"entryId":20088,"elapsedDurationMs":932800,"elapsedDuration":"00:15:32.8000000","status":"Completed","source":"Assessed","position":53,"diffFirstMs":491300,"diffFirst":"00:08:11.3000000","diffPrevMs":0,"diffPrev":"00:00:00"},{"stageTimeId":77333,"stageId":1289,"entryId":20090,"elapsedDurationMs":932800,"elapsedDuration":"00:15:32.8000000","status":"Completed","source":"Assessed","position":54,"diffFirstMs":491300,"diffFirst":"00:08:11.3000000","diffPrevMs":0,"diffPrev":"00:00:00"},{"stageTimeId":77317,"stageId":1289,"entryId":20111,"elapsedDurationMs":946800,"elapsedDuration":"00:15:46.8000000","status":"Completed","source":"Assessed","position":55,"diffFirstMs":505300,"diffFirst":"00:08:25.3000000","diffPrevMs":14000,"diffPrev":"00:00:14"},{"stageTimeId":77397,"stageId":1289,"entryId":20102,"elapsedDurationMs":1040800,"elapsedDuration":"00:17:20.8000000","status":"Completed","source":"Default","position":56,"diffFirstMs":599300,"diffFirst":"00:09:59.3000000","diffPrevMs":94000,"diffPrev":"00:01:34"},{"stageTimeId":77267,"stageId":1289,"entryId":20097,"elapsedDurationMs":null,"elapsedDuration":null,"status":"DNS","source":"Default","position":null,"diffFirstMs":null,"diffFirst":null,"diffPrevMs":null,"diffPrev":null},{"stageTimeId":77349,"stageId":1289,"entryId":20108,"elapsedDurationMs":null,"elapsedDuration":null,"status":"DNS","source":"Default","position":null,"diffFirstMs":null,"diffFirst":null,"diffPrevMs":null,"diffPrev":null}]