[{"stageTimeId":84860,"stageId":1493,"entryId":20609,"elapsedDurationMs":252000,"elapsedDuration":"00:04:12","status":"Completed","source":"Default","position":1,"diffFirstMs":0,"diffFirst":"00:00:00","diffPrevMs":0,"diffPrev":"00:00:00"},{"stageTimeId":84970,"stageId":1493,"entryId":20606,"elapsedDurationMs":254700,"elapsedDuration":"00:04:14.7000000","status":"Completed","source":"Default","position":2,"diffFirstMs":2700,"diffFirst":"00:00:02.7000000","diffPrevMs":2700,"diffPrev":"00:00:02.7000000"},{"stageTimeId":84866,"stageId":1493,"entryId":20613,"elapsedDurationMs":254800,"elapsedDuration":"00:04:14.8000000","status":"Completed","source":"Default","position":3,"diffFirstMs":2800,"diffFirst":"00:00:02.8000000","diffPrevMs":100,"diffPrev":"00:00:00.1000000"},{"stageTimeId":84979,"stageId":1493,"entryId":20612,"elapsedDurationMs":255200,"elapsedDuration":"00:04:15.2000000","status":"Completed","source":"Default","position":4,"diffFirstMs":3200,"diffFirst":"00:00:03.2000000","diffPrevMs":400,"diffPrev":"00:00:00.4000000"},{"stageTimeId":84964,"stageId":1493,"entryId":20607,"elapsedDurationMs":255700,"elapsedDuration":"00:04:15.7000000","status":"Completed","source":"Default","position":5,"diffFirstMs":3700,"diffFirst":"00:00:03.7000000","diffPrevMs":500,"diffPrev":"00:00:00.5000000"},{"stageTimeId":84958,"stageId":1493,"entryId":20611,"elapsedDurationMs":255800,"elapsedDuration":"00:04:15.8000000","status":"Completed","source":"Default","position":6,"diffFirstMs":3800,"diffFirst":"00:00:03.8000000","diffPrevMs":100,"diffPrev":"00:00:00.1000000"},{"stageTimeId":84985,"stageId":1493,"entryId":20608,"elapsedDurationMs":255900,"elapsedDuration":"00:04:15.9000000","status":"Completed","source":"Default","position":7,"diffFirstMs":3900,"diffFirst":"00:00:03.9000000","diffPrevMs":100,"diffPrev":"00:00:00.1000000"},{"stageTimeId":84991,"stageId":1493,"entryId":20614,"elapsedDurationMs":255900,"elapsedDuration":"00:04:15.9000000","status":"Completed","source":"Default","position":8,"diffFirstMs":3900,"diffFirst":"00:00:03.9000000","diffPrevMs":0,"diffPrev":"00:00:00"},{"stageTimeId":84639,"stageId":1493,"entryId":20610,"elapsedDurationMs":256200,"elapsedDuration":"00:04:16.2000000","status":"Completed","source":"Default","position":9,"diffFirstMs":4200,"diffFirst":"00:00:04.2000000","diffPrevMs":300,"diffPrev":"00:00:00.3000000"},{"stageTimeId":84872,"stageId":1493,"entryId":20615,"elapsedDurationMs":256300,"elapsedDuration":"00:04:16.3000000","status":"Completed","source":"Default","position":10,"diffFirstMs":4300,"diffFirst":"00:00:04.3000000","diffPrevMs":100,"diffPrev":"00:00:00.1000000"},{"stageTimeId":84955,"stageId":1493,"entryId":20605,"elapsedDurationMs":256700,"elapsedDuration":"00:04:16.7000000","status":"Completed","source":"Default","position":11,"diffFirstMs":4700,"diffFirst":"00:00:04.7000000","diffPrevMs":400,"diffPrev":"00:00:00.4000000"},{"stageTimeId":84667,"stageId":1493,"entryId":20620,"elapsedDurationMs":262400,"elapsedDuration":"00:04:22.4000000","status":"Completed","source":"Default","position":12,"diffFirstMs":10400,"diffFirst":"00:00:10.4000000","diffPrevMs":5700,"diffPrev":"00:00:05.7000000"},{"stageTimeId":84881,"stageId":1493,"entryId":20623,"elapsedDurationMs":263100,"elapsedDuration":"00:04:23.1000000","status":"Completed","source":"Default","position":13,"diffFirstMs":11100,"diffFirst":"00:00:11.1000000","diffPrevMs":700,"diffPrev":"00:00:00.7000000"},{"stageTimeId":84852,"stageId":1493,"entryId":20618,"elapsedDurationMs":263500,"elapsedDuration":"00:04:23.5000000","status":"Completed","source":"Default","position":14,"diffFirstMs":11500,"diffFirst":"00:00:11.5000000","diffPrevMs":400,"diffPrev":"00:00:00.4000000"},{"stageTimeId":84632,"stageId":1493,"entryId":20635,"elapsedDurationMs":264300,"elapsedDuration":"00:04:24.3000000","status":"Completed","source":"Default","position":15,"diffFirstMs":12300,"diffFirst":"00:00:12.3000000","diffPrevMs":800,"diffPrev":"00:00:00.8000000"},{"stageTimeId":84635,"stageId":1493,"entryId":20632,"elapsedDurationMs":264300,"elapsedDuration":"00:04:24.3000000","status":"Completed","source":"Default","position":16,"diffFirstMs":12300,"diffFirst":"00:00:12.3000000","diffPrevMs":0,"diffPrev":"00:00:00"},{"stageTimeId":84856,"stageId":1493,"entryId":20616,"elapsedDurationMs":264300,"elapsedDuration":"00:04:24.3000000","status":"Completed","source":"Default","position":17,"diffFirstMs":12300,"diffFirst":"00:00:12.3000000","diffPrevMs":0,"diffPrev":"00:00:00"},{"stageTimeId":84846,"stageId":1493,"entryId":20617,"elapsedDurationMs":264300,"elapsedDuration":"00:04:24.3000000","status":"Completed","source":"Default","position":18,"diffFirstMs":12300,"diffFirst":"00:00:12.3000000","diffPrevMs":0,"diffPrev":"00:00:00"},{"stageTimeId":84897,"stageId":1493,"entryId":20622,"elapsedDurationMs":264500,"elapsedDuration":"00:04:24.5000000","status":"Completed","source":"Default","position":19,"diffFirstMs":12500,"diffFirst":"00:00:12.5000000","diffPrevMs":200,"diffPrev":"00:00:00.2000000"},{"stageTimeId":84649,"stageId":1493,"entryId":20636,"elapsedDurationMs":265200,"elapsedDuration":"00:04:25.2000000","status":"Completed","source":"Default","position":20,"diffFirstMs":13200,"diffFirst":"00:00:13.2000000","diffPrevMs":700,"diffPrev":"00:00:00.7000000"},{"stageTimeId":84902,"stageId":1493,"entryId":20619,"elapsedDurationMs":265500,"elapsedDuration":"00:04:25.5000000","status":"Completed","source":"Default","position":21,"diffFirstMs":13500,"diffFirst":"00:00:13.5000000","diffPrevMs":300,"diffPrev":"00:00:00.3000000"},{"stageTimeId":84887,"stageId":1493,"entryId":20624,"elapsedDurationMs":265700,"elapsedDuration":"00:04:25.7000000","status":"Completed","source":"Default","position":22,"diffFirstMs":13700,"diffFirst":"00:00:13.7000000","diffPrevMs":200,"diffPrev":"00:00:00.2000000"},{"stageTimeId":84674,"stageId":1493,"entryId":20626,"elapsedDurationMs":265700,"elapsedDuration":"00:04:25.7000000","status":"Completed","source":"Default","position":23,"diffFirstMs":13700,"diffFirst":"00:00:13.7000000","diffPrevMs":0,"diffPrev":"00:00:00"},{"stageTimeId":84643,"stageId":1493,"entryId":20631,"elapsedDurationMs":267400,"elapsedDuration":"00:04:27.4000000","status":"Completed","source":"Default","position":24,"diffFirstMs":15400,"diffFirst":"00:00:15.4000000","diffPrevMs":1700,"diffPrev":"00:00:01.7000000"},{"stageTimeId":84678,"stageId":1493,"entryId":20638,"elapsedDurationMs":270300,"elapsedDuration":"00:04:30.3000000","status":"Completed","source":"Default","position":25,"diffFirstMs":18300,"diffFirst":"00:00:18.3000000","diffPrevMs":2900,"diffPrev":"00:00:02.9000000"},{"stageTimeId":84662,"stageId":1493,"entryId":20637,"elapsedDurationMs":270500,"elapsedDuration":"00:04:30.5000000","status":"Completed","source":"Default","position":26,"diffFirstMs":18500,"diffFirst":"00:00:18.5000000","diffPrevMs":200,"diffPrev":"00:00:00.2000000"},{"stageTimeId":84893,"stageId":1493,"entryId":20625,"elapsedDurationMs":270800,"elapsedDuration":"00:04:30.8000000","status":"Completed","source":"Default","position":27,"diffFirstMs":18800,"diffFirst":"00:00:18.8000000","diffPrevMs":300,"diffPrev":"00:00:00.3000000"},{"stageTimeId":84928,"stageId":1493,"entryId":20633,"elapsedDurationMs":271600,"elapsedDuration":"00:04:31.6000000","status":"Completed","source":"Default","position":28,"diffFirstMs":19600,"diffFirst":"00:00:19.6000000","diffPrevMs":800,"diffPrev":"00:00:00.8000000"},{"stageTimeId":84908,"stageId":1493,"entryId":20621,"elapsedDurationMs":273400,"elapsedDuration":"00:04:33.4000000","status":"Completed","source":"Default","position":29,"diffFirstMs":21400,"diffFirst":"00:00:21.4000000","diffPrevMs":1800,"diffPrev":"00:00:01.8000000"},{"stageTimeId":84921,"stageId":1493,"entryId":20628,"elapsedDurationMs":287800,"elapsedDuration":"00:04:47.8000000","status":"Completed","source":"Default","position":30,"diffFirstMs":35800,"diffFirst":"00:00:35.8000000","diffPrevMs":14400,"diffPrev":"00:00:14.4000000"},{"stageTimeId":84948,"stageId":1493,"entryId":20639,"elapsedDurationMs":288100,"elapsedDuration":"00:04:48.1000000","status":"Completed","source":"Default","position":31,"diffFirstMs":36100,"diffFirst":"00:00:36.1000000","diffPrevMs":300,"diffPrev":"00:00:00.3000000"},{"stageTimeId":84762,"stageId":1493,"entryId":20651,"elapsedDurationMs":295400,"elapsedDuration":"00:04:55.4000000","status":"Completed","source":"Default","position":32,"diffFirstMs":43400,"diffFirst":"00:00:43.4000000","diffPrevMs":7300,"diffPrev":"00:00:07.3000000"},{"stageTimeId":84935,"stageId":1493,"entryId":20634,"elapsedDurationMs":296400,"elapsedDuration":"00:04:56.4000000","status":"Completed","source":"Default","position":33,"diffFirstMs":44400,"diffFirst":"00:00:44.4000000","diffPrevMs":1000,"diffPrev":"00:00:01"},{"stageTimeId":84690,"stageId":1493,"entryId":20656,"elapsedDurationMs":296900,"elapsedDuration":"00:04:56.9000000","status":"Completed","source":"Default","position":34,"diffFirstMs":44900,"diffFirst":"00:00:44.9000000","diffPrevMs":500,"diffPrev":"00:00:00.5000000"},{"stageTimeId":84829,"stageId":1493,"entryId":20647,"elapsedDurationMs":298100,"elapsedDuration":"00:04:58.1000000","status":"Completed","source":"Default","position":35,"diffFirstMs":46100,"diffFirst":"00:00:46.1000000","diffPrevMs":1200,"diffPrev":"00:00:01.2000000"},{"stageTimeId":84710,"stageId":1493,"entryId":20652,"elapsedDurationMs":298200,"elapsedDuration":"00:04:58.2000000","status":"Completed","source":"Default","position":36,"diffFirstMs":46200,"diffFirst":"00:00:46.2000000","diffPrevMs":100,"diffPrev":"00:00:00.1000000"},{"stageTimeId":84834,"stageId":1493,"entryId":20648,"elapsedDurationMs":298200,"elapsedDuration":"00:04:58.2000000","status":"Completed","source":"Default","position":37,"diffFirstMs":46200,"diffFirst":"00:00:46.2000000","diffPrevMs":0,"diffPrev":"00:00:00"},{"stageTimeId":84772,"stageId":1493,"entryId":20644,"elapsedDurationMs":301700,"elapsedDuration":"00:05:01.7000000","status":"Completed","source":"Default","position":38,"diffFirstMs":49700,"diffFirst":"00:00:49.7000000","diffPrevMs":3500,"diffPrev":"00:00:03.5000000"},{"stageTimeId":84778,"stageId":1493,"entryId":20645,"elapsedDurationMs":302400,"elapsedDuration":"00:05:02.4000000","status":"Completed","source":"Default","position":39,"diffFirstMs":50400,"diffFirst":"00:00:50.4000000","diffPrevMs":700,"diffPrev":"00:00:00.7000000"},{"stageTimeId":84766,"stageId":1493,"entryId":20643,"elapsedDurationMs":304600,"elapsedDuration":"00:05:04.6000000","status":"Completed","source":"Default","position":40,"diffFirstMs":52600,"diffFirst":"00:00:52.6000000","diffPrevMs":2200,"diffPrev":"00:00:02.2000000"},{"stageTimeId":84813,"stageId":1493,"entryId":20650,"elapsedDurationMs":305000,"elapsedDuration":"00:05:05","status":"Completed","source":"Default","position":41,"diffFirstMs":53000,"diffFirst":"00:00:53","diffPrevMs":400,"diffPrev":"00:00:00.4000000"},{"stageTimeId":84716,"stageId":1493,"entryId":20653,"elapsedDurationMs":305700,"elapsedDuration":"00:05:05.7000000","status":"Completed","source":"Default","position":42,"diffFirstMs":53700,"diffFirst":"00:00:53.7000000","diffPrevMs":700,"diffPrev":"00:00:00.7000000"},{"stageTimeId":84696,"stageId":1493,"entryId":20657,"elapsedDurationMs":305900,"elapsedDuration":"00:05:05.9000000","status":"Completed","source":"Default","position":43,"diffFirstMs":53900,"diffFirst":"00:00:53.9000000","diffPrevMs":200,"diffPrev":"00:00:00.2000000"},{"stageTimeId":84746,"stageId":1493,"entryId":20659,"elapsedDurationMs":309900,"elapsedDuration":"00:05:09.9000000","status":"Completed","source":"Default","position":44,"diffFirstMs":57900,"diffFirst":"00:00:57.9000000","diffPrevMs":4000,"diffPrev":"00:00:04"},{"stageTimeId":84760,"stageId":1493,"entryId":20660,"elapsedDurationMs":312300,"elapsedDuration":"00:05:12.3000000","status":"Completed","source":"Default","position":45,"diffFirstMs":60300,"diffFirst":"00:01:00.3000000","diffPrevMs":2400,"diffPrev":"00:00:02.4000000"},{"stageTimeId":84822,"stageId":1493,"entryId":20646,"elapsedDurationMs":317500,"elapsedDuration":"00:05:17.5000000","status":"Completed","source":"Default","position":46,"diffFirstMs":65500,"diffFirst":"00:01:05.5000000","diffPrevMs":5200,"diffPrev":"00:00:05.2000000"},{"stageTimeId":84721,"stageId":1493,"entryId":20654,"elapsedDurationMs":318000,"elapsedDuration":"00:05:18","status":"Completed","source":"Assessed","position":47,"diffFirstMs":66000,"diffFirst":"00:01:06","diffPrevMs":500,"diffPrev":"00:00:00.5000000"},{"stageTimeId":84782,"stageId":1493,"entryId":20642,"elapsedDurationMs":320900,"elapsedDuration":"00:05:20.9000000","status":"Completed","source":"Default","position":48,"diffFirstMs":68900,"diffFirst":"00:01:08.9000000","diffPrevMs":2900,"diffPrev":"00:00:02.9000000"},{"stageTimeId":84840,"stageId":1493,"entryId":20665,"elapsedDurationMs":328500,"elapsedDuration":"00:05:28.5000000","status":"Completed","source":"Default","position":49,"diffFirstMs":76500,"diffFirst":"00:01:16.5000000","diffPrevMs":7600,"diffPrev":"00:00:07.6000000"},{"stageTimeId":84758,"stageId":1493,"entryId":20661,"elapsedDurationMs":331300,"elapsedDuration":"00:05:31.3000000","status":"Completed","source":"Default","position":50,"diffFirstMs":79300,"diffFirst":"00:01:19.3000000","diffPrevMs":2800,"diffPrev":"00:00:02.8000000"},{"stageTimeId":84786,"stageId":1493,"entryId":20640,"elapsedDurationMs":331900,"elapsedDuration":"00:05:31.9000000","status":"Completed","source":"Default","position":51,"diffFirstMs":79900,"diffFirst":"00:01:19.9000000","diffPrevMs":600,"diffPrev":"00:00:00.6000000"},{"stageTimeId":84731,"stageId":1493,"entryId":20663,"elapsedDurationMs":331900,"elapsedDuration":"00:05:31.9000000","status":"Completed","source":"Default","position":52,"diffFirstMs":79900,"diffFirst":"00:01:19.9000000","diffPrevMs":0,"diffPrev":"00:00:00"},{"stageTimeId":84942,"stageId":1493,"entryId":20667,"elapsedDurationMs":335900,"elapsedDuration":"00:05:35.9000000","status":"Completed","source":"Default","position":53,"diffFirstMs":83900,"diffFirst":"00:01:23.9000000","diffPrevMs":4000,"diffPrev":"00:00:04"},{"stageTimeId":84817,"stageId":1493,"entryId":20649,"elapsedDurationMs":338600,"elapsedDuration":"00:05:38.6000000","status":"Completed","source":"Default","position":54,"diffFirstMs":86600,"diffFirst":"00:01:26.6000000","diffPrevMs":2700,"diffPrev":"00:00:02.7000000"},{"stageTimeId":84737,"stageId":1493,"entryId":20664,"elapsedDurationMs":350800,"elapsedDuration":"00:05:50.8000000","status":"Completed","source":"Default","position":55,"diffFirstMs":98800,"diffFirst":"00:01:38.8000000","diffPrevMs":12200,"diffPrev":"00:00:12.2000000"},{"stageTimeId":84877,"stageId":1493,"entryId":20668,"elapsedDurationMs":391300,"elapsedDuration":"00:06:31.3000000","status":"Completed","source":"Default","position":56,"diffFirstMs":139300,"diffFirst":"00:02:19.3000000","diffPrevMs":40500,"diffPrev":"00:00:40.5000000"},{"stageTimeId":84663,"stageId":1493,"entryId":20629,"elapsedDurationMs":682400,"elapsedDuration":"00:11:22.4000000","status":"Completed","source":"Assessed","position":57,"diffFirstMs":430400,"diffFirst":"00:07:10.4000000","diffPrevMs":291100,"diffPrev":"00:04:51.1000000"},{"stageTimeId":84792,"stageId":1493,"entryId":20641,"elapsedDurationMs":708100,"elapsedDuration":"00:11:48.1000000","status":"Completed","source":"Assessed","position":58,"diffFirstMs":456100,"diffFirst":"00:07:36.1000000","diffPrevMs":25700,"diffPrev":"00:00:25.7000000"},{"stageTimeId":84725,"stageId":1493,"entryId":20662,"elapsedDurationMs":715400,"elapsedDuration":"00:11:55.4000000","status":"Completed","source":"Assessed","position":59,"diffFirstMs":463400,"diffFirst":"00:07:43.4000000","diffPrevMs":7300,"diffPrev":"00:00:07.3000000"},{"stageTimeId":84807,"stageId":1493,"entryId":20666,"elapsedDurationMs":715400,"elapsedDuration":"00:11:55.4000000","status":"Completed","source":"Assessed","position":60,"diffFirstMs":463400,"diffFirst":"00:07:43.4000000","diffPrevMs":0,"diffPrev":"00:00:00"},{"stageTimeId":84703,"stageId":1493,"entryId":20658,"elapsedDurationMs":null,"elapsedDuration":null,"status":"DNS","source":"Default","position":null,"diffFirstMs":null,"diffFirst":null,"diffPrevMs":null,"diffPrev":null}]