[{"startDateTime":"2019-08-23T16:17:01.2","startDateTimeLocal":"2019-08-23T18:17:01.2+02:00","stageTimeDurationMs":305300,"stageTimeDuration":"00:05:05.3000000","splitPointTimeId":88140,"splitPointId":2744,"entryId":20122,"elapsedDurationMs":140600,"elapsedDuration":"PT2M20.6S","splitDateTime":"2019-08-23T16:19:21.8","splitDateTimeLocal":"2019-08-23T18:19:21.8+02:00"},{"startDateTime":"2019-08-23T16:19:00.7","startDateTimeLocal":"2019-08-23T18:19:00.7+02:00","stageTimeDurationMs":309500,"stageTimeDuration":"00:05:09.5000000","splitPointTimeId":88143,"splitPointId":2744,"entryId":20117,"elapsedDurationMs":141400,"elapsedDuration":"PT2M21.4S","splitDateTime":"2019-08-23T16:21:22.1","splitDateTimeLocal":"2019-08-23T18:21:22.1+02:00"},{"startDateTime":"2019-08-23T16:21:01.1","startDateTimeLocal":"2019-08-23T18:21:01.1+02:00","stageTimeDurationMs":305500,"stageTimeDuration":"00:05:05.5000000","splitPointTimeId":88146,"splitPointId":2744,"entryId":20124,"elapsedDurationMs":140800,"elapsedDuration":"PT2M20.8S","splitDateTime":"2019-08-23T16:23:21.9","splitDateTimeLocal":"2019-08-23T18:23:21.9+02:00"},{"startDateTime":"2019-08-23T16:23:01.1","startDateTimeLocal":"2019-08-23T18:23:01.1+02:00","stageTimeDurationMs":307500,"stageTimeDuration":"00:05:07.5000000","splitPointTimeId":88149,"splitPointId":2744,"entryId":20127,"elapsedDurationMs":141600,"elapsedDuration":"PT2M21.6S","splitDateTime":"2019-08-23T16:25:22.7","splitDateTimeLocal":"2019-08-23T18:25:22.7+02:00"},{"startDateTime":"2019-08-23T16:25:01.6","startDateTimeLocal":"2019-08-23T18:25:01.6+02:00","stageTimeDurationMs":310100,"stageTimeDuration":"00:05:10.1000000","splitPointTimeId":88152,"splitPointId":2744,"entryId":20120,"elapsedDurationMs":143500,"elapsedDuration":"PT2M23.5S","splitDateTime":"2019-08-23T16:27:25.1","splitDateTimeLocal":"2019-08-23T18:27:25.1+02:00"},{"startDateTime":"2019-08-23T16:27:01.3","startDateTimeLocal":"2019-08-23T18:27:01.3+02:00","stageTimeDurationMs":307700,"stageTimeDuration":"00:05:07.7000000","splitPointTimeId":88155,"splitPointId":2744,"entryId":20119,"elapsedDurationMs":142100,"elapsedDuration":"PT2M22.1S","splitDateTime":"2019-08-23T16:29:23.4","splitDateTimeLocal":"2019-08-23T18:29:23.4+02:00"},{"startDateTime":"2019-08-23T16:29:01.2","startDateTimeLocal":"2019-08-23T18:29:01.2+02:00","stageTimeDurationMs":309900,"stageTimeDuration":"00:05:09.9000000","splitPointTimeId":88158,"splitPointId":2744,"entryId":20123,"elapsedDurationMs":142500,"elapsedDuration":"PT2M22.5S","splitDateTime":"2019-08-23T16:31:23.7","splitDateTimeLocal":"2019-08-23T18:31:23.7+02:00"},{"startDateTime":"2019-08-23T16:31:01","startDateTimeLocal":"2019-08-23T18:31:01+02:00","stageTimeDurationMs":359700,"stageTimeDuration":"00:05:59.7000000","splitPointTimeId":88161,"splitPointId":2744,"entryId":20121,"elapsedDurationMs":141000,"elapsedDuration":"PT2M21S","splitDateTime":"2019-08-23T16:33:22","splitDateTimeLocal":"2019-08-23T18:33:22+02:00"},{"startDateTime":"2019-08-23T16:36:01.3","startDateTimeLocal":"2019-08-23T18:36:01.3+02:00","stageTimeDurationMs":309500,"stageTimeDuration":"00:05:09.5000000","splitPointTimeId":88164,"splitPointId":2744,"entryId":20126,"elapsedDurationMs":142200,"elapsedDuration":"PT2M22.2S","splitDateTime":"2019-08-23T16:38:23.5","splitDateTimeLocal":"2019-08-23T18:38:23.5+02:00"},{"startDateTime":"2019-08-23T16:38:01.2","startDateTimeLocal":"2019-08-23T18:38:01.2+02:00","stageTimeDurationMs":312000,"stageTimeDuration":"00:05:12","splitPointTimeId":88167,"splitPointId":2744,"entryId":20125,"elapsedDurationMs":144100,"elapsedDuration":"PT2M24.1S","splitDateTime":"2019-08-23T16:40:25.3","splitDateTimeLocal":"2019-08-23T18:40:25.3+02:00"},{"startDateTime":"2019-08-23T16:39:01.5","startDateTimeLocal":"2019-08-23T18:39:01.5+02:00","stageTimeDurationMs":323900,"stageTimeDuration":"00:05:23.9000000","splitPointTimeId":88169,"splitPointId":2744,"entryId":20128,"elapsedDurationMs":149900,"elapsedDuration":"PT2M29.9S","splitDateTime":"2019-08-23T16:41:31.4","splitDateTimeLocal":"2019-08-23T18:41:31.4+02:00"},{"startDateTime":"2019-08-23T16:40:01","startDateTimeLocal":"2019-08-23T18:40:01+02:00","stageTimeDurationMs":328700,"stageTimeDuration":"00:05:28.7000000","splitPointTimeId":88172,"splitPointId":2744,"entryId":20129,"elapsedDurationMs":152000,"elapsedDuration":"PT2M32S","splitDateTime":"2019-08-23T16:42:33","splitDateTimeLocal":"2019-08-23T18:42:33+02:00"},{"startDateTime":"2019-08-23T16:41:14.9","startDateTimeLocal":"2019-08-23T18:41:14.9+02:00","stageTimeDurationMs":323500,"stageTimeDuration":"00:05:23.5000000","splitPointTimeId":88175,"splitPointId":2744,"entryId":20130,"elapsedDurationMs":149300,"elapsedDuration":"PT2M29.3S","splitDateTime":"2019-08-23T16:43:44.2","splitDateTimeLocal":"2019-08-23T18:43:44.2+02:00"},{"startDateTime":"2019-08-23T16:54:00.6","startDateTimeLocal":"2019-08-23T18:54:00.6+02:00","stageTimeDurationMs":327700,"stageTimeDuration":"00:05:27.7000000","splitPointTimeId":88180,"splitPointId":2744,"entryId":20132,"elapsedDurationMs":151500,"elapsedDuration":"PT2M31.5S","splitDateTime":"2019-08-23T16:56:32.1","splitDateTimeLocal":"2019-08-23T18:56:32.1+02:00"},{"startDateTime":"2019-08-23T16:55:01.4","startDateTimeLocal":"2019-08-23T18:55:01.4+02:00","stageTimeDurationMs":325900,"stageTimeDuration":"00:05:25.9000000","splitPointTimeId":88181,"splitPointId":2744,"entryId":20133,"elapsedDurationMs":150200,"elapsedDuration":"PT2M30.2S","splitDateTime":"2019-08-23T16:57:31.6","splitDateTimeLocal":"2019-08-23T18:57:31.6+02:00"},{"startDateTime":"2019-08-23T16:56:01.2","startDateTimeLocal":"2019-08-23T18:56:01.2+02:00","stageTimeDurationMs":326800,"stageTimeDuration":"00:05:26.8000000","splitPointTimeId":88186,"splitPointId":2744,"entryId":20131,"elapsedDurationMs":151700,"elapsedDuration":"PT2M31.7S","splitDateTime":"2019-08-23T16:58:32.9","splitDateTimeLocal":"2019-08-23T18:58:32.9+02:00"},{"startDateTime":"2019-08-23T16:57:01","startDateTimeLocal":"2019-08-23T18:57:01+02:00","stageTimeDurationMs":325000,"stageTimeDuration":"00:05:25","splitPointTimeId":88187,"splitPointId":2744,"entryId":20134,"elapsedDurationMs":149700,"elapsedDuration":"PT2M29.7S","splitDateTime":"2019-08-23T16:59:31.5","splitDateTimeLocal":"2019-08-23T18:59:31.5+02:00"},{"startDateTime":"2019-08-23T16:58:01.2","startDateTimeLocal":"2019-08-23T18:58:01.2+02:00","stageTimeDurationMs":327700,"stageTimeDuration":"00:05:27.7000000","splitPointTimeId":88190,"splitPointId":2744,"entryId":20135,"elapsedDurationMs":151200,"elapsedDuration":"PT2M31.2S","splitDateTime":"2019-08-23T17:00:32.4","splitDateTimeLocal":"2019-08-23T19:00:32.4+02:00"},{"startDateTime":"2019-08-23T16:59:01.1","startDateTimeLocal":"2019-08-23T18:59:01.1+02:00","stageTimeDurationMs":327500,"stageTimeDuration":"00:05:27.5000000","splitPointTimeId":88194,"splitPointId":2744,"entryId":20136,"elapsedDurationMs":152000,"elapsedDuration":"PT2M32S","splitDateTime":"2019-08-23T17:01:33.1","splitDateTimeLocal":"2019-08-23T19:01:33.1+02:00"},{"startDateTime":"2019-08-23T17:00:01.1","startDateTimeLocal":"2019-08-23T19:00:01.1+02:00","stageTimeDurationMs":329900,"stageTimeDuration":"00:05:29.9000000","splitPointTimeId":88197,"splitPointId":2744,"entryId":20137,"elapsedDurationMs":152200,"elapsedDuration":"PT2M32.2S","splitDateTime":"2019-08-23T17:02:33.3","splitDateTimeLocal":"2019-08-23T19:02:33.3+02:00"},{"startDateTime":"2019-08-23T17:01:01.1","startDateTimeLocal":"2019-08-23T19:01:01.1+02:00","stageTimeDurationMs":328900,"stageTimeDuration":"00:05:28.9000000","splitPointTimeId":88200,"splitPointId":2744,"entryId":20138,"elapsedDurationMs":151800,"elapsedDuration":"PT2M31.8S","splitDateTime":"2019-08-23T17:03:32.9","splitDateTimeLocal":"2019-08-23T19:03:32.9+02:00"},{"startDateTime":"2019-08-23T17:02:01.6","startDateTimeLocal":"2019-08-23T19:02:01.6+02:00","stageTimeDurationMs":321900,"stageTimeDuration":"00:05:21.9000000","splitPointTimeId":88202,"splitPointId":2744,"entryId":20139,"elapsedDurationMs":149200,"elapsedDuration":"PT2M29.2S","splitDateTime":"2019-08-23T17:04:30.8","splitDateTimeLocal":"2019-08-23T19:04:30.8+02:00"},{"startDateTime":"2019-08-23T17:03:01.2","startDateTimeLocal":"2019-08-23T19:03:01.2+02:00","stageTimeDurationMs":328200,"stageTimeDuration":"00:05:28.2000000","splitPointTimeId":88206,"splitPointId":2744,"entryId":20140,"elapsedDurationMs":150900,"elapsedDuration":"PT2M30.9S","splitDateTime":"2019-08-23T17:05:32.1","splitDateTimeLocal":"2019-08-23T19:05:32.1+02:00"},{"startDateTime":"2019-08-23T17:05:01.2","startDateTimeLocal":"2019-08-23T19:05:01.2+02:00","stageTimeDurationMs":328500,"stageTimeDuration":"00:05:28.5000000","splitPointTimeId":88209,"splitPointId":2744,"entryId":20143,"elapsedDurationMs":151200,"elapsedDuration":"PT2M31.2S","splitDateTime":"2019-08-23T17:07:32.4","splitDateTimeLocal":"2019-08-23T19:07:32.4+02:00"},{"startDateTime":"2019-08-23T17:04:01.3","startDateTimeLocal":"2019-08-23T19:04:01.3+02:00","stageTimeDurationMs":322400,"stageTimeDuration":"00:05:22.4000000","splitPointTimeId":88210,"splitPointId":2744,"entryId":20142,"elapsedDurationMs":149000,"elapsedDuration":"PT2M29S","splitDateTime":"2019-08-23T17:06:30.3","splitDateTimeLocal":"2019-08-23T19:06:30.3+02:00"},{"startDateTime":"2019-08-23T17:06:01.2","startDateTimeLocal":"2019-08-23T19:06:01.2+02:00","stageTimeDurationMs":324400,"stageTimeDuration":"00:05:24.4000000","splitPointTimeId":88215,"splitPointId":2744,"entryId":20144,"elapsedDurationMs":149500,"elapsedDuration":"PT2M29.5S","splitDateTime":"2019-08-23T17:08:30.7","splitDateTimeLocal":"2019-08-23T19:08:30.7+02:00"},{"startDateTime":"2019-08-23T17:07:01.3","startDateTimeLocal":"2019-08-23T19:07:01.3+02:00","stageTimeDurationMs":329500,"stageTimeDuration":"00:05:29.5000000","splitPointTimeId":88217,"splitPointId":2744,"entryId":20145,"elapsedDurationMs":152100,"elapsedDuration":"PT2M32.1S","splitDateTime":"2019-08-23T17:09:33.4","splitDateTimeLocal":"2019-08-23T19:09:33.4+02:00"},{"startDateTime":"2019-08-23T17:08:01.4","startDateTimeLocal":"2019-08-23T19:08:01.4+02:00","stageTimeDurationMs":344700,"stageTimeDuration":"00:05:44.7000000","splitPointTimeId":88220,"splitPointId":2744,"entryId":20141,"elapsedDurationMs":159200,"elapsedDuration":"PT2M39.2S","splitDateTime":"2019-08-23T17:10:40.6","splitDateTimeLocal":"2019-08-23T19:10:40.6+02:00"},{"startDateTime":"2019-08-23T17:09:01.6","startDateTimeLocal":"2019-08-23T19:09:01.6+02:00","stageTimeDurationMs":353300,"stageTimeDuration":"00:05:53.3000000","splitPointTimeId":88223,"splitPointId":2744,"entryId":20147,"elapsedDurationMs":162900,"elapsedDuration":"PT2M42.9S","splitDateTime":"2019-08-23T17:11:44.5","splitDateTimeLocal":"2019-08-23T19:11:44.5+02:00"},{"startDateTime":"2019-08-23T17:12:11.4","startDateTimeLocal":"2019-08-23T19:12:11.4+02:00","stageTimeDurationMs":337500,"stageTimeDuration":"00:05:37.5000000","splitPointTimeId":88228,"splitPointId":2744,"entryId":20149,"elapsedDurationMs":155200,"elapsedDuration":"PT2M35.2S","splitDateTime":"2019-08-23T17:14:46.6","splitDateTimeLocal":"2019-08-23T19:14:46.6+02:00"},{"startDateTime":"2019-08-23T17:13:01.1","startDateTimeLocal":"2019-08-23T19:13:01.1+02:00","stageTimeDurationMs":334600,"stageTimeDuration":"00:05:34.6000000","splitPointTimeId":88230,"splitPointId":2744,"entryId":20150,"elapsedDurationMs":154400,"elapsedDuration":"PT2M34.4S","splitDateTime":"2019-08-23T17:15:35.5","splitDateTimeLocal":"2019-08-23T19:15:35.5+02:00"},{"startDateTime":"2019-08-23T17:14:01","startDateTimeLocal":"2019-08-23T19:14:01+02:00","stageTimeDurationMs":328500,"stageTimeDuration":"00:05:28.5000000","splitPointTimeId":88232,"splitPointId":2744,"entryId":20151,"elapsedDurationMs":152600,"elapsedDuration":"PT2M32.6S","splitDateTime":"2019-08-23T17:16:33.6","splitDateTimeLocal":"2019-08-23T19:16:33.6+02:00"},{"startDateTime":"2019-08-23T17:15:13","startDateTimeLocal":"2019-08-23T19:15:13+02:00","stageTimeDurationMs":333900,"stageTimeDuration":"00:05:33.9000000","splitPointTimeId":88236,"splitPointId":2744,"entryId":20157,"elapsedDurationMs":154000,"elapsedDuration":"PT2M34S","splitDateTime":"2019-08-23T17:17:47","splitDateTimeLocal":"2019-08-23T19:17:47+02:00"},{"startDateTime":"2019-08-23T17:16:01.5","startDateTimeLocal":"2019-08-23T19:16:01.5+02:00","stageTimeDurationMs":347300,"stageTimeDuration":"00:05:47.3000000","splitPointTimeId":88238,"splitPointId":2744,"entryId":20153,"elapsedDurationMs":160300,"elapsedDuration":"PT2M40.3S","splitDateTime":"2019-08-23T17:18:41.8","splitDateTimeLocal":"2019-08-23T19:18:41.8+02:00"},{"startDateTime":"2019-08-23T17:18:12.8","startDateTimeLocal":"2019-08-23T19:18:12.8+02:00","stageTimeDurationMs":346600,"stageTimeDuration":"00:05:46.6000000","splitPointTimeId":88243,"splitPointId":2744,"entryId":20155,"elapsedDurationMs":159600,"elapsedDuration":"PT2M39.6S","splitDateTime":"2019-08-23T17:20:52.4","splitDateTimeLocal":"2019-08-23T19:20:52.4+02:00"},{"startDateTime":"2019-08-23T17:19:11.8","startDateTimeLocal":"2019-08-23T19:19:11.8+02:00","stageTimeDurationMs":350100,"stageTimeDuration":"00:05:50.1000000","splitPointTimeId":88245,"splitPointId":2744,"entryId":20156,"elapsedDurationMs":161400,"elapsedDuration":"PT2M41.4S","splitDateTime":"2019-08-23T17:21:53.2","splitDateTimeLocal":"2019-08-23T19:21:53.2+02:00"},{"startDateTime":"2019-08-23T17:20:01.2","startDateTimeLocal":"2019-08-23T19:20:01.2+02:00","stageTimeDurationMs":353100,"stageTimeDuration":"00:05:53.1000000","splitPointTimeId":88246,"splitPointId":2744,"entryId":20159,"elapsedDurationMs":163900,"elapsedDuration":"PT2M43.9S","splitDateTime":"2019-08-23T17:22:45.1","splitDateTimeLocal":"2019-08-23T19:22:45.1+02:00"},{"startDateTime":"2019-08-23T17:21:21.8","startDateTimeLocal":"2019-08-23T19:21:21.8+02:00","stageTimeDurationMs":381500,"stageTimeDuration":"00:06:21.5000000","splitPointTimeId":88252,"splitPointId":2744,"entryId":20160,"elapsedDurationMs":172900,"elapsedDuration":"PT2M52.9S","splitDateTime":"2019-08-23T17:24:14.7","splitDateTimeLocal":"2019-08-23T19:24:14.7+02:00"},{"startDateTime":"2019-08-23T17:23:11.7","startDateTimeLocal":"2019-08-23T19:23:11.7+02:00","stageTimeDurationMs":364200,"stageTimeDuration":"00:06:04.2000000","splitPointTimeId":88255,"splitPointId":2744,"entryId":20163,"elapsedDurationMs":168800,"elapsedDuration":"PT2M48.8S","splitDateTime":"2019-08-23T17:26:00.5","splitDateTimeLocal":"2019-08-23T19:26:00.5+02:00"},{"startDateTime":"2019-08-23T17:26:01.6","startDateTimeLocal":"2019-08-23T19:26:01.6+02:00","stageTimeDurationMs":384000,"stageTimeDuration":"00:06:24","splitPointTimeId":88259,"splitPointId":2744,"entryId":20166,"elapsedDurationMs":174200,"elapsedDuration":"PT2M54.2S","splitDateTime":"2019-08-23T17:28:55.8","splitDateTimeLocal":"2019-08-23T19:28:55.8+02:00"},{"startDateTime":"2019-08-23T17:24:01.9","startDateTimeLocal":"2019-08-23T19:24:01.9+02:00","stageTimeDurationMs":422900,"stageTimeDuration":"00:07:02.9000000","splitPointTimeId":88260,"splitPointId":2744,"entryId":20165,"elapsedDurationMs":328500,"elapsedDuration":"PT5M28.5S","splitDateTime":"2019-08-23T17:29:30.4","splitDateTimeLocal":"2019-08-23T19:29:30.4+02:00"},{"startDateTime":"2019-08-23T17:27:02.3","startDateTimeLocal":"2019-08-23T19:27:02.3+02:00","stageTimeDurationMs":371900,"stageTimeDuration":"00:06:11.9000000","splitPointTimeId":88263,"splitPointId":2744,"entryId":20168,"elapsedDurationMs":172400,"elapsedDuration":"PT2M52.4S","splitDateTime":"2019-08-23T17:29:54.7","splitDateTimeLocal":"2019-08-23T19:29:54.7+02:00"},{"startDateTime":"2019-08-23T17:28:02","startDateTimeLocal":"2019-08-23T19:28:02+02:00","stageTimeDurationMs":384200,"stageTimeDuration":"00:06:24.2000000","splitPointTimeId":88266,"splitPointId":2744,"entryId":20169,"elapsedDurationMs":177700,"elapsedDuration":"PT2M57.7S","splitDateTime":"2019-08-23T17:30:59.7","splitDateTimeLocal":"2019-08-23T19:30:59.7+02:00"},{"startDateTime":"2019-08-23T17:29:01.6","startDateTimeLocal":"2019-08-23T19:29:01.6+02:00","stageTimeDurationMs":396300,"stageTimeDuration":"00:06:36.3000000","splitPointTimeId":88268,"splitPointId":2744,"entryId":20170,"elapsedDurationMs":184000,"elapsedDuration":"PT3M4S","splitDateTime":"2019-08-23T17:32:05.6","splitDateTimeLocal":"2019-08-23T19:32:05.6+02:00"},{"startDateTime":"2019-08-23T16:17:01.2","startDateTimeLocal":"2019-08-23T18:17:01.2+02:00","stageTimeDurationMs":305300,"stageTimeDuration":"00:05:05.3000000","splitPointTimeId":88142,"splitPointId":2746,"entryId":20122,"elapsedDurationMs":231700,"elapsedDuration":"PT3M51.7S","splitDateTime":"2019-08-23T16:20:52.9","splitDateTimeLocal":"2019-08-23T18:20:52.9+02:00"},{"startDateTime":"2019-08-23T16:19:00.7","startDateTimeLocal":"2019-08-23T18:19:00.7+02:00","stageTimeDurationMs":309500,"stageTimeDuration":"00:05:09.5000000","splitPointTimeId":88145,"splitPointId":2746,"entryId":20117,"elapsedDurationMs":235800,"elapsedDuration":"PT3M55.8S","splitDateTime":"2019-08-23T16:22:56.5","splitDateTimeLocal":"2019-08-23T18:22:56.5+02:00"},{"startDateTime":"2019-08-23T16:21:01.1","startDateTimeLocal":"2019-08-23T18:21:01.1+02:00","stageTimeDurationMs":305500,"stageTimeDuration":"00:05:05.5000000","splitPointTimeId":88148,"splitPointId":2746,"entryId":20124,"elapsedDurationMs":232100,"elapsedDuration":"PT3M52.1S","splitDateTime":"2019-08-23T16:24:53.2","splitDateTimeLocal":"2019-08-23T18:24:53.2+02:00"},{"startDateTime":"2019-08-23T16:23:01.1","startDateTimeLocal":"2019-08-23T18:23:01.1+02:00","stageTimeDurationMs":307500,"stageTimeDuration":"00:05:07.5000000","splitPointTimeId":88151,"splitPointId":2746,"entryId":20127,"elapsedDurationMs":233500,"elapsedDuration":"PT3M53.5S","splitDateTime":"2019-08-23T16:26:54.6","splitDateTimeLocal":"2019-08-23T18:26:54.6+02:00"},{"startDateTime":"2019-08-23T16:25:01.6","startDateTimeLocal":"2019-08-23T18:25:01.6+02:00","stageTimeDurationMs":310100,"stageTimeDuration":"00:05:10.1000000","splitPointTimeId":88154,"splitPointId":2746,"entryId":20120,"elapsedDurationMs":235700,"elapsedDuration":"PT3M55.7S","splitDateTime":"2019-08-23T16:28:57.3","splitDateTimeLocal":"2019-08-23T18:28:57.3+02:00"},{"startDateTime":"2019-08-23T16:27:01.3","startDateTimeLocal":"2019-08-23T18:27:01.3+02:00","stageTimeDurationMs":307700,"stageTimeDuration":"00:05:07.7000000","splitPointTimeId":88157,"splitPointId":2746,"entryId":20119,"elapsedDurationMs":233700,"elapsedDuration":"PT3M53.7S","splitDateTime":"2019-08-23T16:30:55","splitDateTimeLocal":"2019-08-23T18:30:55+02:00"},{"startDateTime":"2019-08-23T16:29:01.2","startDateTimeLocal":"2019-08-23T18:29:01.2+02:00","stageTimeDurationMs":309900,"stageTimeDuration":"00:05:09.9000000","splitPointTimeId":88160,"splitPointId":2746,"entryId":20123,"elapsedDurationMs":235300,"elapsedDuration":"PT3M55.3S","splitDateTime":"2019-08-23T16:32:56.5","splitDateTimeLocal":"2019-08-23T18:32:56.5+02:00"},{"startDateTime":"2019-08-23T16:31:01","startDateTimeLocal":"2019-08-23T18:31:01+02:00","stageTimeDurationMs":359700,"stageTimeDuration":"00:05:59.7000000","splitPointTimeId":88162,"splitPointId":2746,"entryId":20121,"elapsedDurationMs":238800,"elapsedDuration":"PT3M58.8S","splitDateTime":"2019-08-23T16:34:59.8","splitDateTimeLocal":"2019-08-23T18:34:59.8+02:00"},{"startDateTime":"2019-08-23T16:36:01.3","startDateTimeLocal":"2019-08-23T18:36:01.3+02:00","stageTimeDurationMs":309500,"stageTimeDuration":"00:05:09.5000000","splitPointTimeId":88166,"splitPointId":2746,"entryId":20126,"elapsedDurationMs":235200,"elapsedDuration":"PT3M55.2S","splitDateTime":"2019-08-23T16:39:56.5","splitDateTimeLocal":"2019-08-23T18:39:56.5+02:00"},{"startDateTime":"2019-08-23T16:38:01.2","startDateTimeLocal":"2019-08-23T18:38:01.2+02:00","stageTimeDurationMs":312000,"stageTimeDuration":"00:05:12","splitPointTimeId":88171,"splitPointId":2746,"entryId":20125,"elapsedDurationMs":236900,"elapsedDuration":"PT3M56.9S","splitDateTime":"2019-08-23T16:41:58.1","splitDateTimeLocal":"2019-08-23T18:41:58.1+02:00"},{"startDateTime":"2019-08-23T16:39:01.5","startDateTimeLocal":"2019-08-23T18:39:01.5+02:00","stageTimeDurationMs":323900,"stageTimeDuration":"00:05:23.9000000","splitPointTimeId":88174,"splitPointId":2746,"entryId":20128,"elapsedDurationMs":245500,"elapsedDuration":"PT4M5.5S","splitDateTime":"2019-08-23T16:43:07","splitDateTimeLocal":"2019-08-23T18:43:07+02:00"},{"startDateTime":"2019-08-23T16:40:01","startDateTimeLocal":"2019-08-23T18:40:01+02:00","stageTimeDurationMs":328700,"stageTimeDuration":"00:05:28.7000000","splitPointTimeId":88176,"splitPointId":2746,"entryId":20129,"elapsedDurationMs":249400,"elapsedDuration":"PT4M9.4S","splitDateTime":"2019-08-23T16:44:10.4","splitDateTimeLocal":"2019-08-23T18:44:10.4+02:00"},{"startDateTime":"2019-08-23T16:41:14.9","startDateTimeLocal":"2019-08-23T18:41:14.9+02:00","stageTimeDurationMs":323500,"stageTimeDuration":"00:05:23.5000000","splitPointTimeId":88177,"splitPointId":2746,"entryId":20130,"elapsedDurationMs":245500,"elapsedDuration":"PT4M5.5S","splitDateTime":"2019-08-23T16:45:20.4","splitDateTimeLocal":"2019-08-23T18:45:20.4+02:00"},{"startDateTime":"2019-08-23T16:54:00.6","startDateTimeLocal":"2019-08-23T18:54:00.6+02:00","stageTimeDurationMs":327700,"stageTimeDuration":"00:05:27.7000000","splitPointTimeId":88183,"splitPointId":2746,"entryId":20132,"elapsedDurationMs":249100,"elapsedDuration":"PT4M9.1S","splitDateTime":"2019-08-23T16:58:09.7","splitDateTimeLocal":"2019-08-23T18:58:09.7+02:00"},{"startDateTime":"2019-08-23T16:55:01.4","startDateTimeLocal":"2019-08-23T18:55:01.4+02:00","stageTimeDurationMs":325900,"stageTimeDuration":"00:05:25.9000000","splitPointTimeId":88185,"splitPointId":2746,"entryId":20133,"elapsedDurationMs":246700,"elapsedDuration":"PT4M6.7S","splitDateTime":"2019-08-23T16:59:08.1","splitDateTimeLocal":"2019-08-23T18:59:08.1+02:00"},{"startDateTime":"2019-08-23T16:56:01.2","startDateTimeLocal":"2019-08-23T18:56:01.2+02:00","stageTimeDurationMs":326800,"stageTimeDuration":"00:05:26.8000000","splitPointTimeId":88189,"splitPointId":2746,"entryId":20131,"elapsedDurationMs":248200,"elapsedDuration":"PT4M8.2S","splitDateTime":"2019-08-23T17:00:09.4","splitDateTimeLocal":"2019-08-23T19:00:09.4+02:00"},{"startDateTime":"2019-08-23T16:57:01","startDateTimeLocal":"2019-08-23T18:57:01+02:00","stageTimeDurationMs":325000,"stageTimeDuration":"00:05:25","splitPointTimeId":88192,"splitPointId":2746,"entryId":20134,"elapsedDurationMs":246400,"elapsedDuration":"PT4M6.4S","splitDateTime":"2019-08-23T17:01:07.4","splitDateTimeLocal":"2019-08-23T19:01:07.4+02:00"},{"startDateTime":"2019-08-23T16:58:01.2","startDateTimeLocal":"2019-08-23T18:58:01.2+02:00","stageTimeDurationMs":327700,"stageTimeDuration":"00:05:27.7000000","splitPointTimeId":88195,"splitPointId":2746,"entryId":20135,"elapsedDurationMs":248500,"elapsedDuration":"PT4M8.5S","splitDateTime":"2019-08-23T17:02:09.7","splitDateTimeLocal":"2019-08-23T19:02:09.7+02:00"},{"startDateTime":"2019-08-23T16:59:01.1","startDateTimeLocal":"2019-08-23T18:59:01.1+02:00","stageTimeDurationMs":327500,"stageTimeDuration":"00:05:27.5000000","splitPointTimeId":88198,"splitPointId":2746,"entryId":20136,"elapsedDurationMs":249100,"elapsedDuration":"PT4M9.1S","splitDateTime":"2019-08-23T17:03:10.2","splitDateTimeLocal":"2019-08-23T19:03:10.2+02:00"},{"startDateTime":"2019-08-23T17:00:01.1","startDateTimeLocal":"2019-08-23T19:00:01.1+02:00","stageTimeDurationMs":329900,"stageTimeDuration":"00:05:29.9000000","splitPointTimeId":88201,"splitPointId":2746,"entryId":20137,"elapsedDurationMs":250500,"elapsedDuration":"PT4M10.5S","splitDateTime":"2019-08-23T17:04:11.6","splitDateTimeLocal":"2019-08-23T19:04:11.6+02:00"},{"startDateTime":"2019-08-23T17:01:01.1","startDateTimeLocal":"2019-08-23T19:01:01.1+02:00","stageTimeDurationMs":328900,"stageTimeDuration":"00:05:28.9000000","splitPointTimeId":88204,"splitPointId":2746,"entryId":20138,"elapsedDurationMs":250000,"elapsedDuration":"PT4M10S","splitDateTime":"2019-08-23T17:05:11.1","splitDateTimeLocal":"2019-08-23T19:05:11.1+02:00"},{"startDateTime":"2019-08-23T17:02:01.6","startDateTimeLocal":"2019-08-23T19:02:01.6+02:00","stageTimeDurationMs":321900,"stageTimeDuration":"00:05:21.9000000","splitPointTimeId":88207,"splitPointId":2746,"entryId":20139,"elapsedDurationMs":245000,"elapsedDuration":"PT4M5S","splitDateTime":"2019-08-23T17:06:06.6","splitDateTimeLocal":"2019-08-23T19:06:06.6+02:00"},{"startDateTime":"2019-08-23T17:04:01.3","startDateTimeLocal":"2019-08-23T19:04:01.3+02:00","stageTimeDurationMs":322400,"stageTimeDuration":"00:05:22.4000000","splitPointTimeId":88211,"splitPointId":2746,"entryId":20142,"elapsedDurationMs":244800,"elapsedDuration":"PT4M4.8S","splitDateTime":"2019-08-23T17:08:06.1","splitDateTimeLocal":"2019-08-23T19:08:06.1+02:00"},{"startDateTime":"2019-08-23T17:03:01.2","startDateTimeLocal":"2019-08-23T19:03:01.2+02:00","stageTimeDurationMs":328200,"stageTimeDuration":"00:05:28.2000000","splitPointTimeId":88213,"splitPointId":2746,"entryId":20140,"elapsedDurationMs":248800,"elapsedDuration":"PT4M8.8S","splitDateTime":"2019-08-23T17:07:10","splitDateTimeLocal":"2019-08-23T19:07:10+02:00"},{"startDateTime":"2019-08-23T17:05:01.2","startDateTimeLocal":"2019-08-23T19:05:01.2+02:00","stageTimeDurationMs":328500,"stageTimeDuration":"00:05:28.5000000","splitPointTimeId":88216,"splitPointId":2746,"entryId":20143,"elapsedDurationMs":249500,"elapsedDuration":"PT4M9.5S","splitDateTime":"2019-08-23T17:09:10.7","splitDateTimeLocal":"2019-08-23T19:09:10.7+02:00"},{"startDateTime":"2019-08-23T17:06:01.2","startDateTimeLocal":"2019-08-23T19:06:01.2+02:00","stageTimeDurationMs":324400,"stageTimeDuration":"00:05:24.4000000","splitPointTimeId":88218,"splitPointId":2746,"entryId":20144,"elapsedDurationMs":246100,"elapsedDuration":"PT4M6.1S","splitDateTime":"2019-08-23T17:10:07.3","splitDateTimeLocal":"2019-08-23T19:10:07.3+02:00"},{"startDateTime":"2019-08-23T17:07:01.3","startDateTimeLocal":"2019-08-23T19:07:01.3+02:00","stageTimeDurationMs":329500,"stageTimeDuration":"00:05:29.5000000","splitPointTimeId":88221,"splitPointId":2746,"entryId":20145,"elapsedDurationMs":249700,"elapsedDuration":"PT4M9.7S","splitDateTime":"2019-08-23T17:11:11","splitDateTimeLocal":"2019-08-23T19:11:11+02:00"},{"startDateTime":"2019-08-23T17:08:01.4","startDateTimeLocal":"2019-08-23T19:08:01.4+02:00","stageTimeDurationMs":344700,"stageTimeDuration":"00:05:44.7000000","splitPointTimeId":88224,"splitPointId":2746,"entryId":20141,"elapsedDurationMs":262400,"elapsedDuration":"PT4M22.4S","splitDateTime":"2019-08-23T17:12:23.8","splitDateTimeLocal":"2019-08-23T19:12:23.8+02:00"},{"startDateTime":"2019-08-23T17:09:01.6","startDateTimeLocal":"2019-08-23T19:09:01.6+02:00","stageTimeDurationMs":353300,"stageTimeDuration":"00:05:53.3000000","splitPointTimeId":88225,"splitPointId":2746,"entryId":20147,"elapsedDurationMs":269700,"elapsedDuration":"PT4M29.7S","splitDateTime":"2019-08-23T17:13:31.3","splitDateTimeLocal":"2019-08-23T19:13:31.3+02:00"},{"startDateTime":"2019-08-23T17:12:11.4","startDateTimeLocal":"2019-08-23T19:12:11.4+02:00","stageTimeDurationMs":337500,"stageTimeDuration":"00:05:37.5000000","splitPointTimeId":88231,"splitPointId":2746,"entryId":20149,"elapsedDurationMs":256700,"elapsedDuration":"PT4M16.7S","splitDateTime":"2019-08-23T17:16:28.1","splitDateTimeLocal":"2019-08-23T19:16:28.1+02:00"},{"startDateTime":"2019-08-23T17:13:01.1","startDateTimeLocal":"2019-08-23T19:13:01.1+02:00","stageTimeDurationMs":334600,"stageTimeDuration":"00:05:34.6000000","splitPointTimeId":88235,"splitPointId":2746,"entryId":20150,"elapsedDurationMs":254100,"elapsedDuration":"PT4M14.1S","splitDateTime":"2019-08-23T17:17:15.2","splitDateTimeLocal":"2019-08-23T19:17:15.2+02:00"},{"startDateTime":"2019-08-23T17:14:01","startDateTimeLocal":"2019-08-23T19:14:01+02:00","stageTimeDurationMs":328500,"stageTimeDuration":"00:05:28.5000000","splitPointTimeId":88237,"splitPointId":2746,"entryId":20151,"elapsedDurationMs":250100,"elapsedDuration":"PT4M10.1S","splitDateTime":"2019-08-23T17:18:11.1","splitDateTimeLocal":"2019-08-23T19:18:11.1+02:00"},{"startDateTime":"2019-08-23T17:15:13","startDateTimeLocal":"2019-08-23T19:15:13+02:00","stageTimeDurationMs":333900,"stageTimeDuration":"00:05:33.9000000","splitPointTimeId":88239,"splitPointId":2746,"entryId":20157,"elapsedDurationMs":253600,"elapsedDuration":"PT4M13.6S","splitDateTime":"2019-08-23T17:19:26.6","splitDateTimeLocal":"2019-08-23T19:19:26.6+02:00"},{"startDateTime":"2019-08-23T17:16:01.5","startDateTimeLocal":"2019-08-23T19:16:01.5+02:00","stageTimeDurationMs":347300,"stageTimeDuration":"00:05:47.3000000","splitPointTimeId":88241,"splitPointId":2746,"entryId":20153,"elapsedDurationMs":264000,"elapsedDuration":"PT4M24S","splitDateTime":"2019-08-23T17:20:25.5","splitDateTimeLocal":"2019-08-23T19:20:25.5+02:00"},{"startDateTime":"2019-08-23T17:18:12.8","startDateTimeLocal":"2019-08-23T19:18:12.8+02:00","stageTimeDurationMs":346600,"stageTimeDuration":"00:05:46.6000000","splitPointTimeId":88247,"splitPointId":2746,"entryId":20155,"elapsedDurationMs":263500,"elapsedDuration":"PT4M23.5S","splitDateTime":"2019-08-23T17:22:36.3","splitDateTimeLocal":"2019-08-23T19:22:36.3+02:00"},{"startDateTime":"2019-08-23T17:19:11.8","startDateTimeLocal":"2019-08-23T19:19:11.8+02:00","stageTimeDurationMs":350100,"stageTimeDuration":"00:05:50.1000000","splitPointTimeId":88249,"splitPointId":2746,"entryId":20156,"elapsedDurationMs":265600,"elapsedDuration":"PT4M25.6S","splitDateTime":"2019-08-23T17:23:37.4","splitDateTimeLocal":"2019-08-23T19:23:37.4+02:00"},{"startDateTime":"2019-08-23T17:20:01.2","startDateTimeLocal":"2019-08-23T19:20:01.2+02:00","stageTimeDurationMs":353100,"stageTimeDuration":"00:05:53.1000000","splitPointTimeId":88250,"splitPointId":2746,"entryId":20159,"elapsedDurationMs":268600,"elapsedDuration":"PT4M28.6S","splitDateTime":"2019-08-23T17:24:29.8","splitDateTimeLocal":"2019-08-23T19:24:29.8+02:00"},{"startDateTime":"2019-08-23T17:21:21.8","startDateTimeLocal":"2019-08-23T19:21:21.8+02:00","stageTimeDurationMs":381500,"stageTimeDuration":"00:06:21.5000000","splitPointTimeId":88253,"splitPointId":2746,"entryId":20160,"elapsedDurationMs":285100,"elapsedDuration":"PT4M45.1S","splitDateTime":"2019-08-23T17:26:06.9","splitDateTimeLocal":"2019-08-23T19:26:06.9+02:00"},{"startDateTime":"2019-08-23T17:23:11.7","startDateTimeLocal":"2019-08-23T19:23:11.7+02:00","stageTimeDurationMs":364200,"stageTimeDuration":"00:06:04.2000000","splitPointTimeId":88257,"splitPointId":2746,"entryId":20163,"elapsedDurationMs":276600,"elapsedDuration":"PT4M36.6S","splitDateTime":"2019-08-23T17:27:48.3","splitDateTimeLocal":"2019-08-23T19:27:48.3+02:00"},{"startDateTime":"2019-08-23T17:24:01.9","startDateTimeLocal":"2019-08-23T19:24:01.9+02:00","stageTimeDurationMs":422900,"stageTimeDuration":"00:07:02.9000000","splitPointTimeId":88261,"splitPointId":2746,"entryId":20165,"elapsedDurationMs":328400,"elapsedDuration":"PT5M28.4S","splitDateTime":"2019-08-23T17:29:30.3","splitDateTimeLocal":"2019-08-23T19:29:30.3+02:00"},{"startDateTime":"2019-08-23T17:26:01.6","startDateTimeLocal":"2019-08-23T19:26:01.6+02:00","stageTimeDurationMs":384000,"stageTimeDuration":"00:06:24","splitPointTimeId":88265,"splitPointId":2746,"entryId":20166,"elapsedDurationMs":287200,"elapsedDuration":"PT4M47.2S","splitDateTime":"2019-08-23T17:30:48.8","splitDateTimeLocal":"2019-08-23T19:30:48.8+02:00"},{"startDateTime":"2019-08-23T17:27:02.3","startDateTimeLocal":"2019-08-23T19:27:02.3+02:00","stageTimeDurationMs":371900,"stageTimeDuration":"00:06:11.9000000","splitPointTimeId":88267,"splitPointId":2746,"entryId":20168,"elapsedDurationMs":282600,"elapsedDuration":"PT4M42.6S","splitDateTime":"2019-08-23T17:31:44.9","splitDateTimeLocal":"2019-08-23T19:31:44.9+02:00"},{"startDateTime":"2019-08-23T17:28:02","startDateTimeLocal":"2019-08-23T19:28:02+02:00","stageTimeDurationMs":384200,"stageTimeDuration":"00:06:24.2000000","splitPointTimeId":88269,"splitPointId":2746,"entryId":20169,"elapsedDurationMs":292200,"elapsedDuration":"PT4M52.2S","splitDateTime":"2019-08-23T17:32:54.2","splitDateTimeLocal":"2019-08-23T19:32:54.2+02:00"},{"startDateTime":"2019-08-23T17:29:01.6","startDateTimeLocal":"2019-08-23T19:29:01.6+02:00","stageTimeDurationMs":396300,"stageTimeDuration":"00:06:36.3000000","splitPointTimeId":88270,"splitPointId":2746,"entryId":20170,"elapsedDurationMs":301400,"elapsedDuration":"PT5M1.4S","splitDateTime":"2019-08-23T17:34:03","splitDateTimeLocal":"2019-08-23T19:34:03+02:00"},{"startDateTime":"2019-08-23T16:17:01.2","startDateTimeLocal":"2019-08-23T18:17:01.2+02:00","stageTimeDurationMs":305300,"stageTimeDuration":"00:05:05.3000000","splitPointTimeId":88139,"splitPointId":2747,"entryId":20122,"elapsedDurationMs":82200,"elapsedDuration":"PT1M22.2S","splitDateTime":"2019-08-23T16:18:23.4","splitDateTimeLocal":"2019-08-23T18:18:23.4+02:00"},{"startDateTime":"2019-08-23T16:19:00.7","startDateTimeLocal":"2019-08-23T18:19:00.7+02:00","stageTimeDurationMs":309500,"stageTimeDuration":"00:05:09.5000000","splitPointTimeId":88141,"splitPointId":2747,"entryId":20117,"elapsedDurationMs":82600,"elapsedDuration":"PT1M22.6S","splitDateTime":"2019-08-23T16:20:23.3","splitDateTimeLocal":"2019-08-23T18:20:23.3+02:00"},{"startDateTime":"2019-08-23T16:21:01.1","startDateTimeLocal":"2019-08-23T18:21:01.1+02:00","stageTimeDurationMs":305500,"stageTimeDuration":"00:05:05.5000000","splitPointTimeId":88144,"splitPointId":2747,"entryId":20124,"elapsedDurationMs":82400,"elapsedDuration":"PT1M22.4S","splitDateTime":"2019-08-23T16:22:23.5","splitDateTimeLocal":"2019-08-23T18:22:23.5+02:00"},{"startDateTime":"2019-08-23T16:23:01.1","startDateTimeLocal":"2019-08-23T18:23:01.1+02:00","stageTimeDurationMs":307500,"stageTimeDuration":"00:05:07.5000000","splitPointTimeId":88147,"splitPointId":2747,"entryId":20127,"elapsedDurationMs":83400,"elapsedDuration":"PT1M23.4S","splitDateTime":"2019-08-23T16:24:24.5","splitDateTimeLocal":"2019-08-23T18:24:24.5+02:00"},{"startDateTime":"2019-08-23T16:25:01.6","startDateTimeLocal":"2019-08-23T18:25:01.6+02:00","stageTimeDurationMs":310100,"stageTimeDuration":"00:05:10.1000000","splitPointTimeId":88150,"splitPointId":2747,"entryId":20120,"elapsedDurationMs":84100,"elapsedDuration":"PT1M24.1S","splitDateTime":"2019-08-23T16:26:25.7","splitDateTimeLocal":"2019-08-23T18:26:25.7+02:00"},{"startDateTime":"2019-08-23T16:27:01.3","startDateTimeLocal":"2019-08-23T18:27:01.3+02:00","stageTimeDurationMs":307700,"stageTimeDuration":"00:05:07.7000000","splitPointTimeId":88153,"splitPointId":2747,"entryId":20119,"elapsedDurationMs":83500,"elapsedDuration":"PT1M23.5S","splitDateTime":"2019-08-23T16:28:24.8","splitDateTimeLocal":"2019-08-23T18:28:24.8+02:00"},{"startDateTime":"2019-08-23T16:29:01.2","startDateTimeLocal":"2019-08-23T18:29:01.2+02:00","stageTimeDurationMs":309900,"stageTimeDuration":"00:05:09.9000000","splitPointTimeId":88156,"splitPointId":2747,"entryId":20123,"elapsedDurationMs":83600,"elapsedDuration":"PT1M23.6S","splitDateTime":"2019-08-23T16:30:24.8","splitDateTimeLocal":"2019-08-23T18:30:24.8+02:00"},{"startDateTime":"2019-08-23T16:31:01","startDateTimeLocal":"2019-08-23T18:31:01+02:00","stageTimeDurationMs":359700,"stageTimeDuration":"00:05:59.7000000","splitPointTimeId":88159,"splitPointId":2747,"entryId":20121,"elapsedDurationMs":82400,"elapsedDuration":"PT1M22.4S","splitDateTime":"2019-08-23T16:32:23.4","splitDateTimeLocal":"2019-08-23T18:32:23.4+02:00"},{"startDateTime":"2019-08-23T16:36:01.3","startDateTimeLocal":"2019-08-23T18:36:01.3+02:00","stageTimeDurationMs":309500,"stageTimeDuration":"00:05:09.5000000","splitPointTimeId":88163,"splitPointId":2747,"entryId":20126,"elapsedDurationMs":83400,"elapsedDuration":"PT1M23.4S","splitDateTime":"2019-08-23T16:37:24.7","splitDateTimeLocal":"2019-08-23T18:37:24.7+02:00"},{"startDateTime":"2019-08-23T16:38:01.2","startDateTimeLocal":"2019-08-23T18:38:01.2+02:00","stageTimeDurationMs":312000,"stageTimeDuration":"00:05:12","splitPointTimeId":88165,"splitPointId":2747,"entryId":20125,"elapsedDurationMs":84200,"elapsedDuration":"PT1M24.2S","splitDateTime":"2019-08-23T16:39:25.4","splitDateTimeLocal":"2019-08-23T18:39:25.4+02:00"},{"startDateTime":"2019-08-23T16:39:01.5","startDateTimeLocal":"2019-08-23T18:39:01.5+02:00","stageTimeDurationMs":323900,"stageTimeDuration":"00:05:23.9000000","splitPointTimeId":88168,"splitPointId":2747,"entryId":20128,"elapsedDurationMs":87300,"elapsedDuration":"PT1M27.3S","splitDateTime":"2019-08-23T16:40:28.8","splitDateTimeLocal":"2019-08-23T18:40:28.8+02:00"},{"startDateTime":"2019-08-23T16:40:01","startDateTimeLocal":"2019-08-23T18:40:01+02:00","stageTimeDurationMs":328700,"stageTimeDuration":"00:05:28.7000000","splitPointTimeId":88170,"splitPointId":2747,"entryId":20129,"elapsedDurationMs":89000,"elapsedDuration":"PT1M29S","splitDateTime":"2019-08-23T16:41:30","splitDateTimeLocal":"2019-08-23T18:41:30+02:00"},{"startDateTime":"2019-08-23T16:41:14.9","startDateTimeLocal":"2019-08-23T18:41:14.9+02:00","stageTimeDurationMs":323500,"stageTimeDuration":"00:05:23.5000000","splitPointTimeId":88173,"splitPointId":2747,"entryId":20130,"elapsedDurationMs":86900,"elapsedDuration":"PT1M26.9S","splitDateTime":"2019-08-23T16:42:41.8","splitDateTimeLocal":"2019-08-23T18:42:41.8+02:00"},{"startDateTime":"2019-08-23T16:54:00.6","startDateTimeLocal":"2019-08-23T18:54:00.6+02:00","stageTimeDurationMs":327700,"stageTimeDuration":"00:05:27.7000000","splitPointTimeId":88178,"splitPointId":2747,"entryId":20132,"elapsedDurationMs":88700,"elapsedDuration":"PT1M28.7S","splitDateTime":"2019-08-23T16:55:29.3","splitDateTimeLocal":"2019-08-23T18:55:29.3+02:00"},{"startDateTime":"2019-08-23T16:55:01.4","startDateTimeLocal":"2019-08-23T18:55:01.4+02:00","stageTimeDurationMs":325900,"stageTimeDuration":"00:05:25.9000000","splitPointTimeId":88179,"splitPointId":2747,"entryId":20133,"elapsedDurationMs":87000,"elapsedDuration":"PT1M27S","splitDateTime":"2019-08-23T16:56:28.4","splitDateTimeLocal":"2019-08-23T18:56:28.4+02:00"},{"startDateTime":"2019-08-23T16:57:01","startDateTimeLocal":"2019-08-23T18:57:01+02:00","stageTimeDurationMs":325000,"stageTimeDuration":"00:05:25","splitPointTimeId":88182,"splitPointId":2747,"entryId":20134,"elapsedDurationMs":87700,"elapsedDuration":"PT1M27.7S","splitDateTime":"2019-08-23T16:58:29.5","splitDateTimeLocal":"2019-08-23T18:58:29.5+02:00"},{"startDateTime":"2019-08-23T16:56:01.2","startDateTimeLocal":"2019-08-23T18:56:01.2+02:00","stageTimeDurationMs":326800,"stageTimeDuration":"00:05:26.8000000","splitPointTimeId":88184,"splitPointId":2747,"entryId":20131,"elapsedDurationMs":88900,"elapsedDuration":"PT1M28.9S","splitDateTime":"2019-08-23T16:57:30.1","splitDateTimeLocal":"2019-08-23T18:57:30.1+02:00"},{"startDateTime":"2019-08-23T16:58:01.2","startDateTimeLocal":"2019-08-23T18:58:01.2+02:00","stageTimeDurationMs":327700,"stageTimeDuration":"00:05:27.7000000","splitPointTimeId":88188,"splitPointId":2747,"entryId":20135,"elapsedDurationMs":87900,"elapsedDuration":"PT1M27.9S","splitDateTime":"2019-08-23T16:59:29.1","splitDateTimeLocal":"2019-08-23T18:59:29.1+02:00"},{"startDateTime":"2019-08-23T16:59:01.1","startDateTimeLocal":"2019-08-23T18:59:01.1+02:00","stageTimeDurationMs":327500,"stageTimeDuration":"00:05:27.5000000","splitPointTimeId":88191,"splitPointId":2747,"entryId":20136,"elapsedDurationMs":89300,"elapsedDuration":"PT1M29.3S","splitDateTime":"2019-08-23T17:00:30.4","splitDateTimeLocal":"2019-08-23T19:00:30.4+02:00"},{"startDateTime":"2019-08-23T17:00:01.1","startDateTimeLocal":"2019-08-23T19:00:01.1+02:00","stageTimeDurationMs":329900,"stageTimeDuration":"00:05:29.9000000","splitPointTimeId":88193,"splitPointId":2747,"entryId":20137,"elapsedDurationMs":88500,"elapsedDuration":"PT1M28.5S","splitDateTime":"2019-08-23T17:01:29.6","splitDateTimeLocal":"2019-08-23T19:01:29.6+02:00"},{"startDateTime":"2019-08-23T17:01:01.1","startDateTimeLocal":"2019-08-23T19:01:01.1+02:00","stageTimeDurationMs":328900,"stageTimeDuration":"00:05:28.9000000","splitPointTimeId":88196,"splitPointId":2747,"entryId":20138,"elapsedDurationMs":89100,"elapsedDuration":"PT1M29.1S","splitDateTime":"2019-08-23T17:02:30.2","splitDateTimeLocal":"2019-08-23T19:02:30.2+02:00"},{"startDateTime":"2019-08-23T17:02:01.6","startDateTimeLocal":"2019-08-23T19:02:01.6+02:00","stageTimeDurationMs":321900,"stageTimeDuration":"00:05:21.9000000","splitPointTimeId":88199,"splitPointId":2747,"entryId":20139,"elapsedDurationMs":86900,"elapsedDuration":"PT1M26.9S","splitDateTime":"2019-08-23T17:03:28.5","splitDateTimeLocal":"2019-08-23T19:03:28.5+02:00"},{"startDateTime":"2019-08-23T17:03:01.2","startDateTimeLocal":"2019-08-23T19:03:01.2+02:00","stageTimeDurationMs":328200,"stageTimeDuration":"00:05:28.2000000","splitPointTimeId":88203,"splitPointId":2747,"entryId":20140,"elapsedDurationMs":87900,"elapsedDuration":"PT1M27.9S","splitDateTime":"2019-08-23T17:04:29.1","splitDateTimeLocal":"2019-08-23T19:04:29.1+02:00"},{"startDateTime":"2019-08-23T17:04:01.3","startDateTimeLocal":"2019-08-23T19:04:01.3+02:00","stageTimeDurationMs":322400,"stageTimeDuration":"00:05:22.4000000","splitPointTimeId":88205,"splitPointId":2747,"entryId":20142,"elapsedDurationMs":86800,"elapsedDuration":"PT1M26.8S","splitDateTime":"2019-08-23T17:05:28.1","splitDateTimeLocal":"2019-08-23T19:05:28.1+02:00"},{"startDateTime":"2019-08-23T17:05:01.2","startDateTimeLocal":"2019-08-23T19:05:01.2+02:00","stageTimeDurationMs":328500,"stageTimeDuration":"00:05:28.5000000","splitPointTimeId":88208,"splitPointId":2747,"entryId":20143,"elapsedDurationMs":88300,"elapsedDuration":"PT1M28.3S","splitDateTime":"2019-08-23T17:06:29.5","splitDateTimeLocal":"2019-08-23T19:06:29.5+02:00"},{"startDateTime":"2019-08-23T17:07:01.3","startDateTimeLocal":"2019-08-23T19:07:01.3+02:00","stageTimeDurationMs":329500,"stageTimeDuration":"00:05:29.5000000","splitPointTimeId":88212,"splitPointId":2747,"entryId":20145,"elapsedDurationMs":88400,"elapsedDuration":"PT1M28.4S","splitDateTime":"2019-08-23T17:08:29.7","splitDateTimeLocal":"2019-08-23T19:08:29.7+02:00"},{"startDateTime":"2019-08-23T17:06:01.2","startDateTimeLocal":"2019-08-23T19:06:01.2+02:00","stageTimeDurationMs":324400,"stageTimeDuration":"00:05:24.4000000","splitPointTimeId":88214,"splitPointId":2747,"entryId":20144,"elapsedDurationMs":87300,"elapsedDuration":"PT1M27.3S","splitDateTime":"2019-08-23T17:07:28.5","splitDateTimeLocal":"2019-08-23T19:07:28.5+02:00"},{"startDateTime":"2019-08-23T17:09:01.6","startDateTimeLocal":"2019-08-23T19:09:01.6+02:00","stageTimeDurationMs":353300,"stageTimeDuration":"00:05:53.3000000","splitPointTimeId":88219,"splitPointId":2747,"entryId":20147,"elapsedDurationMs":96200,"elapsedDuration":"PT1M36.2S","splitDateTime":"2019-08-23T17:10:37.8","splitDateTimeLocal":"2019-08-23T19:10:37.8+02:00"},{"startDateTime":"2019-08-23T17:08:01.4","startDateTimeLocal":"2019-08-23T19:08:01.4+02:00","stageTimeDurationMs":344700,"stageTimeDuration":"00:05:44.7000000","splitPointTimeId":88222,"splitPointId":2747,"entryId":20141,"elapsedDurationMs":93200,"elapsedDuration":"PT1M33.2S","splitDateTime":"2019-08-23T17:09:34.6","splitDateTimeLocal":"2019-08-23T19:09:34.6+02:00"},{"startDateTime":"2019-08-23T17:12:11.4","startDateTimeLocal":"2019-08-23T19:12:11.4+02:00","stageTimeDurationMs":337500,"stageTimeDuration":"00:05:37.5000000","splitPointTimeId":88226,"splitPointId":2747,"entryId":20149,"elapsedDurationMs":88800,"elapsedDuration":"PT1M28.8S","splitDateTime":"2019-08-23T17:13:40.2","splitDateTimeLocal":"2019-08-23T19:13:40.2+02:00"},{"startDateTime":"2019-08-23T17:13:01.1","startDateTimeLocal":"2019-08-23T19:13:01.1+02:00","stageTimeDurationMs":334600,"stageTimeDuration":"00:05:34.6000000","splitPointTimeId":88227,"splitPointId":2747,"entryId":20150,"elapsedDurationMs":90600,"elapsedDuration":"PT1M30.6S","splitDateTime":"2019-08-23T17:14:31.7","splitDateTimeLocal":"2019-08-23T19:14:31.7+02:00"},{"startDateTime":"2019-08-23T17:14:01","startDateTimeLocal":"2019-08-23T19:14:01+02:00","stageTimeDurationMs":328500,"stageTimeDuration":"00:05:28.5000000","splitPointTimeId":88229,"splitPointId":2747,"entryId":20151,"elapsedDurationMs":89400,"elapsedDuration":"PT1M29.4S","splitDateTime":"2019-08-23T17:15:30.4","splitDateTimeLocal":"2019-08-23T19:15:30.4+02:00"},{"startDateTime":"2019-08-23T17:15:13","startDateTimeLocal":"2019-08-23T19:15:13+02:00","stageTimeDurationMs":333900,"stageTimeDuration":"00:05:33.9000000","splitPointTimeId":88233,"splitPointId":2747,"entryId":20157,"elapsedDurationMs":89700,"elapsedDuration":"PT1M29.7S","splitDateTime":"2019-08-23T17:16:42.7","splitDateTimeLocal":"2019-08-23T19:16:42.7+02:00"},{"startDateTime":"2019-08-23T17:16:01.5","startDateTimeLocal":"2019-08-23T19:16:01.5+02:00","stageTimeDurationMs":347300,"stageTimeDuration":"00:05:47.3000000","splitPointTimeId":88234,"splitPointId":2747,"entryId":20153,"elapsedDurationMs":93500,"elapsedDuration":"PT1M33.5S","splitDateTime":"2019-08-23T17:17:35","splitDateTimeLocal":"2019-08-23T19:17:35+02:00"},{"startDateTime":"2019-08-23T17:18:12.8","startDateTimeLocal":"2019-08-23T19:18:12.8+02:00","stageTimeDurationMs":346600,"stageTimeDuration":"00:05:46.6000000","splitPointTimeId":88240,"splitPointId":2747,"entryId":20155,"elapsedDurationMs":92500,"elapsedDuration":"PT1M32.5S","splitDateTime":"2019-08-23T17:19:45.3","splitDateTimeLocal":"2019-08-23T19:19:45.3+02:00"},{"startDateTime":"2019-08-23T17:19:11.8","startDateTimeLocal":"2019-08-23T19:19:11.8+02:00","stageTimeDurationMs":350100,"stageTimeDuration":"00:05:50.1000000","splitPointTimeId":88242,"splitPointId":2747,"entryId":20156,"elapsedDurationMs":93900,"elapsedDuration":"PT1M33.9S","splitDateTime":"2019-08-23T17:20:45.7","splitDateTimeLocal":"2019-08-23T19:20:45.7+02:00"},{"startDateTime":"2019-08-23T17:20:01.2","startDateTimeLocal":"2019-08-23T19:20:01.2+02:00","stageTimeDurationMs":353100,"stageTimeDuration":"00:05:53.1000000","splitPointTimeId":88244,"splitPointId":2747,"entryId":20159,"elapsedDurationMs":96000,"elapsedDuration":"PT1M36S","splitDateTime":"2019-08-23T17:21:37.2","splitDateTimeLocal":"2019-08-23T19:21:37.2+02:00"},{"startDateTime":"2019-08-23T17:21:21.8","startDateTimeLocal":"2019-08-23T19:21:21.8+02:00","stageTimeDurationMs":381500,"stageTimeDuration":"00:06:21.5000000","splitPointTimeId":88248,"splitPointId":2747,"entryId":20160,"elapsedDurationMs":98200,"elapsedDuration":"PT1M38.2S","splitDateTime":"2019-08-23T17:23:00","splitDateTimeLocal":"2019-08-23T19:23:00+02:00"},{"startDateTime":"2019-08-23T17:23:11.7","startDateTimeLocal":"2019-08-23T19:23:11.7+02:00","stageTimeDurationMs":364200,"stageTimeDuration":"00:06:04.2000000","splitPointTimeId":88251,"splitPointId":2747,"entryId":20163,"elapsedDurationMs":98100,"elapsedDuration":"PT1M38.1S","splitDateTime":"2019-08-23T17:24:49.8","splitDateTimeLocal":"2019-08-23T19:24:49.8+02:00"},{"startDateTime":"2019-08-23T17:24:01.9","startDateTimeLocal":"2019-08-23T19:24:01.9+02:00","stageTimeDurationMs":422900,"stageTimeDuration":"00:07:02.9000000","splitPointTimeId":88254,"splitPointId":2747,"entryId":20165,"elapsedDurationMs":105100,"elapsedDuration":"PT1M45.1S","splitDateTime":"2019-08-23T17:25:47","splitDateTimeLocal":"2019-08-23T19:25:47+02:00"},{"startDateTime":"2019-08-23T17:26:01.6","startDateTimeLocal":"2019-08-23T19:26:01.6+02:00","stageTimeDurationMs":384000,"stageTimeDuration":"00:06:24","splitPointTimeId":88256,"splitPointId":2747,"entryId":20166,"elapsedDurationMs":102300,"elapsedDuration":"PT1M42.3S","splitDateTime":"2019-08-23T17:27:43.9","splitDateTimeLocal":"2019-08-23T19:27:43.9+02:00"},{"startDateTime":"2019-08-23T17:27:02.3","startDateTimeLocal":"2019-08-23T19:27:02.3+02:00","stageTimeDurationMs":371900,"stageTimeDuration":"00:06:11.9000000","splitPointTimeId":88258,"splitPointId":2747,"entryId":20168,"elapsedDurationMs":100800,"elapsedDuration":"PT1M40.8S","splitDateTime":"2019-08-23T17:28:43.1","splitDateTimeLocal":"2019-08-23T19:28:43.1+02:00"},{"startDateTime":"2019-08-23T17:28:02","startDateTimeLocal":"2019-08-23T19:28:02+02:00","stageTimeDurationMs":384200,"stageTimeDuration":"00:06:24.2000000","splitPointTimeId":88262,"splitPointId":2747,"entryId":20169,"elapsedDurationMs":103700,"elapsedDuration":"PT1M43.7S","splitDateTime":"2019-08-23T17:29:45.7","splitDateTimeLocal":"2019-08-23T19:29:45.7+02:00"},{"startDateTime":"2019-08-23T17:29:01.6","startDateTimeLocal":"2019-08-23T19:29:01.6+02:00","stageTimeDurationMs":396300,"stageTimeDuration":"00:06:36.3000000","splitPointTimeId":88264,"splitPointId":2747,"entryId":20170,"elapsedDurationMs":106700,"elapsedDuration":"PT1M46.7S","splitDateTime":"2019-08-23T17:30:48.3","splitDateTimeLocal":"2019-08-23T19:30:48.3+02:00"}]