[{"stageTimeId":66726,"stageId":1073,"entryId":19548,"elapsedDurationMs":845500,"elapsedDuration":"00:14:05.5000000","status":"Completed","source":"Default","position":1,"diffFirstMs":0,"diffFirst":"00:00:00","diffPrevMs":0,"diffPrev":"00:00:00"},{"stageTimeId":66735,"stageId":1073,"entryId":19544,"elapsedDurationMs":848000,"elapsedDuration":"00:14:08","status":"Completed","source":"Default","position":2,"diffFirstMs":2500,"diffFirst":"00:00:02.5000000","diffPrevMs":2500,"diffPrev":"00:00:02.5000000"},{"stageTimeId":66719,"stageId":1073,"entryId":19541,"elapsedDurationMs":852000,"elapsedDuration":"00:14:12","status":"Completed","source":"Default","position":3,"diffFirstMs":6500,"diffFirst":"00:00:06.5000000","diffPrevMs":4000,"diffPrev":"00:00:04"},{"stageTimeId":66684,"stageId":1073,"entryId":19547,"elapsedDurationMs":852300,"elapsedDuration":"00:14:12.3000000","status":"Completed","source":"Default","position":4,"diffFirstMs":6800,"diffFirst":"00:00:06.8000000","diffPrevMs":300,"diffPrev":"00:00:00.3000000"},{"stageTimeId":66742,"stageId":1073,"entryId":19549,"elapsedDurationMs":853900,"elapsedDuration":"00:14:13.9000000","status":"Completed","source":"Default","position":5,"diffFirstMs":8400,"diffFirst":"00:00:08.4000000","diffPrevMs":1600,"diffPrev":"00:00:01.6000000"},{"stageTimeId":66731,"stageId":1073,"entryId":19546,"elapsedDurationMs":855700,"elapsedDuration":"00:14:15.7000000","status":"Completed","source":"Default","position":6,"diffFirstMs":10200,"diffFirst":"00:00:10.2000000","diffPrevMs":1800,"diffPrev":"00:00:01.8000000"},{"stageTimeId":66685,"stageId":1073,"entryId":19545,"elapsedDurationMs":859900,"elapsedDuration":"00:14:19.9000000","status":"Completed","source":"Default","position":7,"diffFirstMs":14400,"diffFirst":"00:00:14.4000000","diffPrevMs":4200,"diffPrev":"00:00:04.2000000"},{"stageTimeId":66700,"stageId":1073,"entryId":19550,"elapsedDurationMs":864700,"elapsedDuration":"00:14:24.7000000","status":"Completed","source":"Default","position":8,"diffFirstMs":19200,"diffFirst":"00:00:19.2000000","diffPrevMs":4800,"diffPrev":"00:00:04.8000000"},{"stageTimeId":66691,"stageId":1073,"entryId":19543,"elapsedDurationMs":870500,"elapsedDuration":"00:14:30.5000000","status":"Completed","source":"Default","position":9,"diffFirstMs":25000,"diffFirst":"00:00:25","diffPrevMs":5800,"diffPrev":"00:00:05.8000000"},{"stageTimeId":66707,"stageId":1073,"entryId":19542,"elapsedDurationMs":876500,"elapsedDuration":"00:14:36.5000000","status":"Completed","source":"Default","position":10,"diffFirstMs":31000,"diffFirst":"00:00:31","diffPrevMs":6000,"diffPrev":"00:00:06"},{"stageTimeId":66798,"stageId":1073,"entryId":19552,"elapsedDurationMs":909200,"elapsedDuration":"00:15:09.2000000","status":"Completed","source":"Default","position":11,"diffFirstMs":63700,"diffFirst":"00:01:03.7000000","diffPrevMs":32700,"diffPrev":"00:00:32.7000000"},{"stageTimeId":66750,"stageId":1073,"entryId":19551,"elapsedDurationMs":913000,"elapsedDuration":"00:15:13","status":"Completed","source":"Default","position":12,"diffFirstMs":67500,"diffFirst":"00:01:07.5000000","diffPrevMs":3800,"diffPrev":"00:00:03.8000000"},{"stageTimeId":66762,"stageId":1073,"entryId":19557,"elapsedDurationMs":941500,"elapsedDuration":"00:15:41.5000000","status":"Completed","source":"Default","position":13,"diffFirstMs":96000,"diffFirst":"00:01:36","diffPrevMs":28500,"diffPrev":"00:00:28.5000000"},{"stageTimeId":66814,"stageId":1073,"entryId":19555,"elapsedDurationMs":943500,"elapsedDuration":"00:15:43.5000000","status":"Completed","source":"Default","position":14,"diffFirstMs":98000,"diffFirst":"00:01:38","diffPrevMs":2000,"diffPrev":"00:00:02"},{"stageTimeId":66755,"stageId":1073,"entryId":19558,"elapsedDurationMs":961600,"elapsedDuration":"00:16:01.6000000","status":"Completed","source":"Default","position":15,"diffFirstMs":116100,"diffFirst":"00:01:56.1000000","diffPrevMs":18100,"diffPrev":"00:00:18.1000000"},{"stageTimeId":66821,"stageId":1073,"entryId":19554,"elapsedDurationMs":966000,"elapsedDuration":"00:16:06","status":"Completed","source":"Default","position":16,"diffFirstMs":120500,"diffFirst":"00:02:00.5000000","diffPrevMs":4400,"diffPrev":"00:00:04.4000000"},{"stageTimeId":66778,"stageId":1073,"entryId":19561,"elapsedDurationMs":979100,"elapsedDuration":"00:16:19.1000000","status":"Completed","source":"Default","position":17,"diffFirstMs":133600,"diffFirst":"00:02:13.6000000","diffPrevMs":13100,"diffPrev":"00:00:13.1000000"},{"stageTimeId":66788,"stageId":1073,"entryId":19556,"elapsedDurationMs":1010900,"elapsedDuration":"00:16:50.9000000","status":"Completed","source":"Default","position":18,"diffFirstMs":165400,"diffFirst":"00:02:45.4000000","diffPrevMs":31800,"diffPrev":"00:00:31.8000000"},{"stageTimeId":66769,"stageId":1073,"entryId":19559,"elapsedDurationMs":1026500,"elapsedDuration":"00:17:06.5000000","status":"Completed","source":"Default","position":19,"diffFirstMs":181000,"diffFirst":"00:03:01","diffPrevMs":15600,"diffPrev":"00:00:15.6000000"},{"stageTimeId":66790,"stageId":1073,"entryId":19553,"elapsedDurationMs":1204200,"elapsedDuration":"00:20:04.2000000","status":"Completed","source":"Default","position":20,"diffFirstMs":358700,"diffFirst":"00:05:58.7000000","diffPrevMs":177700,"diffPrev":"00:02:57.7000000"},{"stageTimeId":66666,"stageId":1073,"entryId":19567,"elapsedDurationMs":1255100,"elapsedDuration":"00:20:55.1000000","status":"Completed","source":"Default","position":21,"diffFirstMs":409600,"diffFirst":"00:06:49.6000000","diffPrevMs":50900,"diffPrev":"00:00:50.9000000"},{"stageTimeId":66671,"stageId":1073,"entryId":19565,"elapsedDurationMs":1349800,"elapsedDuration":"00:22:29.8000000","status":"Completed","source":"Default","position":22,"diffFirstMs":504300,"diffFirst":"00:08:24.3000000","diffPrevMs":94700,"diffPrev":"00:01:34.7000000"},{"stageTimeId":66771,"stageId":1073,"entryId":19562,"elapsedDurationMs":1404800,"elapsedDuration":"00:23:24.8000000","status":"Completed","source":"Default","position":23,"diffFirstMs":559300,"diffFirst":"00:09:19.3000000","diffPrevMs":55000,"diffPrev":"00:00:55"},{"stageTimeId":66659,"stageId":1073,"entryId":19564,"elapsedDurationMs":1454900,"elapsedDuration":"00:24:14.9000000","status":"Completed","source":"Default","position":24,"diffFirstMs":609400,"diffFirst":"00:10:09.4000000","diffPrevMs":50100,"diffPrev":"00:00:50.1000000"},{"stageTimeId":66662,"stageId":1073,"entryId":19566,"elapsedDurationMs":1554600,"elapsedDuration":"00:25:54.6000000","status":"Completed","source":"Default","position":25,"diffFirstMs":709100,"diffFirst":"00:11:49.1000000","diffPrevMs":99700,"diffPrev":"00:01:39.7000000"}]