{"splitPoints":[{"splitPointId":1836,"stageId":891,"number":1,"distance":4.12},{"splitPointId":1839,"stageId":891,"number":2,"distance":8.45},{"splitPointId":1840,"stageId":891,"number":3,"distance":11.16},{"splitPointId":1841,"stageId":891,"number":4,"distance":15.62},{"splitPointId":1842,"stageId":891,"number":5,"distance":20.17},{"splitPointId":1843,"stageId":891,"number":6,"distance":24.48},{"splitPointId":1844,"stageId":891,"number":7,"distance":26.9}],"controls":[{"controlId":3700,"eventId":78,"stageId":891,"type":"TimeControl","code":"TC11","location":"AGNIERES EN DEVOLUY","timingPrecision":"Minute","distance":39.98,"targetDuration":"00:50:00","targetDurationMs":3000000,"firstCarDueDateTime":"2019-01-26T11:44:00","firstCarDueDateTimeLocal":"2019-01-26T12:44:00+01:00","status":"Completed","controlPenalties":"All","roundingPolicy":"NoRounding","locked":false},{"controlId":3701,"eventId":78,"stageId":891,"type":"StageStart","code":"SS11","location":"AGNIERES EN DEVOLUY - CORPS 2","timingPrecision":"Minute","distance":29.82,"targetDuration":"00:03:00","targetDurationMs":180000,"firstCarDueDateTime":"2019-01-26T11:47:00","firstCarDueDateTimeLocal":"2019-01-26T12:47:00+01:00","status":"Completed","controlPenalties":"None","roundingPolicy":"RoundToClosestMinute","locked":false},{"controlId":3702,"eventId":78,"stageId":891,"type":"FlyingFinish","code":"SF11","location":"AGNIERES EN DEVOLUY - CORPS 2","timingPrecision":"Tenth","distance":null,"targetDuration":null,"targetDurationMs":null,"firstCarDueDateTime":null,"firstCarDueDateTimeLocal":null,"status":"Completed","controlPenalties":"None","roundingPolicy":"NoRounding","locked":false}],"stageId":891,"eventId":78,"number":11,"name":"AGNIERES EN DEVOLUY - CORPS 2","distance":29.82,"status":"Completed","stageType":"SpecialStage","timingPrecision":"Tenth","locked":false,"code":"SS11"}