[{"stageTimeId":79001,"stageId":1378,"entryId":20179,"elapsedDurationMs":741600,"elapsedDuration":"00:12:21.6000000","status":"Completed","source":"Default","position":1,"diffFirstMs":0,"diffFirst":"00:00:00","diffPrevMs":0,"diffPrev":"00:00:00"},{"stageTimeId":78871,"stageId":1378,"entryId":20180,"elapsedDurationMs":746600,"elapsedDuration":"00:12:26.6000000","status":"Completed","source":"Default","position":2,"diffFirstMs":5000,"diffFirst":"00:00:05","diffPrevMs":5000,"diffPrev":"00:00:05"},{"stageTimeId":78981,"stageId":1378,"entryId":20176,"elapsedDurationMs":746800,"elapsedDuration":"00:12:26.8000000","status":"Completed","source":"Default","position":3,"diffFirstMs":5200,"diffFirst":"00:00:05.2000000","diffPrevMs":200,"diffPrev":"00:00:00.2000000"},{"stageTimeId":79000,"stageId":1378,"entryId":20173,"elapsedDurationMs":747200,"elapsedDuration":"00:12:27.2000000","status":"Completed","source":"Default","position":4,"diffFirstMs":5600,"diffFirst":"00:00:05.6000000","diffPrevMs":400,"diffPrev":"00:00:00.4000000"},{"stageTimeId":78975,"stageId":1378,"entryId":20174,"elapsedDurationMs":747400,"elapsedDuration":"00:12:27.4000000","status":"Completed","source":"Default","position":5,"diffFirstMs":5800,"diffFirst":"00:00:05.8000000","diffPrevMs":200,"diffPrev":"00:00:00.2000000"},{"stageTimeId":78883,"stageId":1378,"entryId":20172,"elapsedDurationMs":748200,"elapsedDuration":"00:12:28.2000000","status":"Completed","source":"Default","position":6,"diffFirstMs":6600,"diffFirst":"00:00:06.6000000","diffPrevMs":800,"diffPrev":"00:00:00.8000000"},{"stageTimeId":78895,"stageId":1378,"entryId":20178,"elapsedDurationMs":749700,"elapsedDuration":"00:12:29.7000000","status":"Completed","source":"Default","position":7,"diffFirstMs":8100,"diffFirst":"00:00:08.1000000","diffPrevMs":1500,"diffPrev":"00:00:01.5000000"},{"stageTimeId":78988,"stageId":1378,"entryId":20182,"elapsedDurationMs":754300,"elapsedDuration":"00:12:34.3000000","status":"Completed","source":"Default","position":8,"diffFirstMs":12700,"diffFirst":"00:00:12.7000000","diffPrevMs":4600,"diffPrev":"00:00:04.6000000"},{"stageTimeId":78890,"stageId":1378,"entryId":20175,"elapsedDurationMs":756900,"elapsedDuration":"00:12:36.9000000","status":"Completed","source":"Default","position":9,"diffFirstMs":15300,"diffFirst":"00:00:15.3000000","diffPrevMs":2600,"diffPrev":"00:00:02.6000000"},{"stageTimeId":78993,"stageId":1378,"entryId":20177,"elapsedDurationMs":759600,"elapsedDuration":"00:12:39.6000000","status":"Completed","source":"Default","position":10,"diffFirstMs":18000,"diffFirst":"00:00:18","diffPrevMs":2700,"diffPrev":"00:00:02.7000000"},{"stageTimeId":78877,"stageId":1378,"entryId":20186,"elapsedDurationMs":776700,"elapsedDuration":"00:12:56.7000000","status":"Completed","source":"Default","position":11,"diffFirstMs":35100,"diffFirst":"00:00:35.1000000","diffPrevMs":17100,"diffPrev":"00:00:17.1000000"},{"stageTimeId":79002,"stageId":1378,"entryId":20188,"elapsedDurationMs":780500,"elapsedDuration":"00:13:00.5000000","status":"Completed","source":"Default","position":12,"diffFirstMs":38900,"diffFirst":"00:00:38.9000000","diffPrevMs":3800,"diffPrev":"00:00:03.8000000"},{"stageTimeId":78920,"stageId":1378,"entryId":20189,"elapsedDurationMs":783100,"elapsedDuration":"00:13:03.1000000","status":"Completed","source":"Default","position":13,"diffFirstMs":41500,"diffFirst":"00:00:41.5000000","diffPrevMs":2600,"diffPrev":"00:00:02.6000000"},{"stageTimeId":79021,"stageId":1378,"entryId":20185,"elapsedDurationMs":784800,"elapsedDuration":"00:13:04.8000000","status":"Completed","source":"Default","position":14,"diffFirstMs":43200,"diffFirst":"00:00:43.2000000","diffPrevMs":1700,"diffPrev":"00:00:01.7000000"},{"stageTimeId":78926,"stageId":1378,"entryId":20196,"elapsedDurationMs":790100,"elapsedDuration":"00:13:10.1000000","status":"Completed","source":"Assessed","position":15,"diffFirstMs":48500,"diffFirst":"00:00:48.5000000","diffPrevMs":5300,"diffPrev":"00:00:05.3000000"},{"stageTimeId":79030,"stageId":1378,"entryId":20184,"elapsedDurationMs":798600,"elapsedDuration":"00:13:18.6000000","status":"Completed","source":"Default","position":16,"diffFirstMs":57000,"diffFirst":"00:00:57","diffPrevMs":8500,"diffPrev":"00:00:08.5000000"},{"stageTimeId":79015,"stageId":1378,"entryId":20187,"elapsedDurationMs":800700,"elapsedDuration":"00:13:20.7000000","status":"Completed","source":"Default","position":17,"diffFirstMs":59100,"diffFirst":"00:00:59.1000000","diffPrevMs":2100,"diffPrev":"00:00:02.1000000"},{"stageTimeId":78958,"stageId":1378,"entryId":20194,"elapsedDurationMs":820700,"elapsedDuration":"00:13:40.7000000","status":"Completed","source":"Default","position":18,"diffFirstMs":79100,"diffFirst":"00:01:19.1000000","diffPrevMs":20000,"diffPrev":"00:00:20"},{"stageTimeId":78903,"stageId":1378,"entryId":20193,"elapsedDurationMs":831100,"elapsedDuration":"00:13:51.1000000","status":"Completed","source":"Default","position":19,"diffFirstMs":89500,"diffFirst":"00:01:29.5000000","diffPrevMs":10400,"diffPrev":"00:00:10.4000000"},{"stageTimeId":78949,"stageId":1378,"entryId":20197,"elapsedDurationMs":833900,"elapsedDuration":"00:13:53.9000000","status":"Completed","source":"Default","position":20,"diffFirstMs":92300,"diffFirst":"00:01:32.3000000","diffPrevMs":2800,"diffPrev":"00:00:02.8000000"},{"stageTimeId":78909,"stageId":1378,"entryId":20192,"elapsedDurationMs":838000,"elapsedDuration":"00:13:58","status":"Completed","source":"Default","position":21,"diffFirstMs":96400,"diffFirst":"00:01:36.4000000","diffPrevMs":4100,"diffPrev":"00:00:04.1000000"},{"stageTimeId":78962,"stageId":1378,"entryId":20195,"elapsedDurationMs":839600,"elapsedDuration":"00:13:59.6000000","status":"Completed","source":"Default","position":22,"diffFirstMs":98000,"diffFirst":"00:01:38","diffPrevMs":1600,"diffPrev":"00:00:01.6000000"},{"stageTimeId":78915,"stageId":1378,"entryId":20190,"elapsedDurationMs":856500,"elapsedDuration":"00:14:16.5000000","status":"Completed","source":"Assessed","position":23,"diffFirstMs":114900,"diffFirst":"00:01:54.9000000","diffPrevMs":16900,"diffPrev":"00:00:16.9000000"},{"stageTimeId":78943,"stageId":1378,"entryId":20198,"elapsedDurationMs":899400,"elapsedDuration":"00:14:59.4000000","status":"Completed","source":"Default","position":24,"diffFirstMs":157800,"diffFirst":"00:02:37.8000000","diffPrevMs":42900,"diffPrev":"00:00:42.9000000"},{"stageTimeId":78937,"stageId":1378,"entryId":20200,"elapsedDurationMs":922900,"elapsedDuration":"00:15:22.9000000","status":"Completed","source":"Default","position":25,"diffFirstMs":181300,"diffFirst":"00:03:01.3000000","diffPrevMs":23500,"diffPrev":"00:00:23.5000000"},{"stageTimeId":79009,"stageId":1378,"entryId":20202,"elapsedDurationMs":1014000,"elapsedDuration":"00:16:54","status":"Completed","source":"Default","position":26,"diffFirstMs":272400,"diffFirst":"00:04:32.4000000","diffPrevMs":91100,"diffPrev":"00:01:31.1000000"},{"stageTimeId":79024,"stageId":1378,"entryId":20183,"elapsedDurationMs":1068600,"elapsedDuration":"00:17:48.6000000","status":"Completed","source":"Default","position":27,"diffFirstMs":327000,"diffFirst":"00:05:27","diffPrevMs":54600,"diffPrev":"00:00:54.6000000"},{"stageTimeId":78956,"stageId":1378,"entryId":20191,"elapsedDurationMs":1196700,"elapsedDuration":"00:19:56.7000000","status":"Completed","source":"Assessed","position":28,"diffFirstMs":455100,"diffFirst":"00:07:35.1000000","diffPrevMs":128100,"diffPrev":"00:02:08.1000000"}]