{"splitPoints":[{"splitPointId":2575,"stageId":1283,"number":1,"distance":4.31},{"splitPointId":2576,"stageId":1283,"number":2,"distance":9.28}],"controls":[{"controlId":5470,"eventId":86,"stageId":1283,"type":"StageStart","code":"SS8","location":"Urria 2","timingPrecision":"Minute","distance":12.28,"targetDuration":"00:03:00","targetDurationMs":180000,"firstCarDueDateTime":"2019-08-02T13:27:00","firstCarDueDateTimeLocal":"2019-08-02T16:27:00+03:00","status":"Interrupted","controlPenalties":"None","roundingPolicy":"RoundToClosestMinute","locked":false},{"controlId":5471,"eventId":86,"stageId":1283,"type":"TimeControl","code":"TC8","location":"Urria","timingPrecision":"Minute","distance":30.65,"targetDuration":"01:00:00","targetDurationMs":3600000,"firstCarDueDateTime":"2019-08-02T13:24:00","firstCarDueDateTimeLocal":"2019-08-02T16:24:00+03:00","status":"Completed","controlPenalties":"All","roundingPolicy":"NoRounding","locked":false},{"controlId":5476,"eventId":86,"stageId":1283,"type":"FlyingFinish","code":"SF8","location":"Urria 2","timingPrecision":"Tenth","distance":null,"targetDuration":null,"targetDurationMs":null,"firstCarDueDateTime":null,"firstCarDueDateTimeLocal":null,"status":"Interrupted","controlPenalties":"None","roundingPolicy":"NoRounding","locked":false}],"stageId":1283,"eventId":86,"number":8,"name":"Urria 2","distance":12.28,"status":"Completed","stageType":"SpecialStage","timingPrecision":"Tenth","locked":false,"code":"SS8"}