[{"startDateTime":"2019-10-04T09:53:00","startDateTimeLocal":"2019-10-04T10:53:00+01:00","stageTimeDurationMs":343800,"stageTimeDuration":"00:05:43.8000000","splitPointTimeId":94286,"splitPointId":2927,"entryId":20365,"elapsedDurationMs":111000,"elapsedDuration":"PT1M51S","splitDateTime":"2019-10-04T09:54:51","splitDateTimeLocal":"2019-10-04T10:54:51+01:00"},{"startDateTime":"2019-10-04T09:55:00","startDateTimeLocal":"2019-10-04T10:55:00+01:00","stageTimeDurationMs":344100,"stageTimeDuration":"00:05:44.1000000","splitPointTimeId":94293,"splitPointId":2927,"entryId":20360,"elapsedDurationMs":110700,"elapsedDuration":"PT1M50.7S","splitDateTime":"2019-10-04T09:56:50.7","splitDateTimeLocal":"2019-10-04T10:56:50.7+01:00"},{"startDateTime":"2019-10-04T09:57:00","startDateTimeLocal":"2019-10-04T10:57:00+01:00","stageTimeDurationMs":341100,"stageTimeDuration":"00:05:41.1000000","splitPointTimeId":94300,"splitPointId":2927,"entryId":20367,"elapsedDurationMs":111400,"elapsedDuration":"PT1M51.4S","splitDateTime":"2019-10-04T09:58:51.4","splitDateTimeLocal":"2019-10-04T10:58:51.4+01:00"},{"startDateTime":"2019-10-04T09:59:00","startDateTimeLocal":"2019-10-04T10:59:00+01:00","stageTimeDurationMs":342200,"stageTimeDuration":"00:05:42.2000000","splitPointTimeId":94308,"splitPointId":2927,"entryId":20370,"elapsedDurationMs":111800,"elapsedDuration":"PT1M51.8S","splitDateTime":"2019-10-04T10:00:51.8","splitDateTimeLocal":"2019-10-04T11:00:51.8+01:00"},{"startDateTime":"2019-10-04T10:01:00","startDateTimeLocal":"2019-10-04T11:01:00+01:00","stageTimeDurationMs":342100,"stageTimeDuration":"00:05:42.1000000","splitPointTimeId":94313,"splitPointId":2927,"entryId":20363,"elapsedDurationMs":112300,"elapsedDuration":"PT1M52.3S","splitDateTime":"2019-10-04T10:02:52.3","splitDateTimeLocal":"2019-10-04T11:02:52.3+01:00"},{"startDateTime":"2019-10-04T10:03:00","startDateTimeLocal":"2019-10-04T11:03:00+01:00","stageTimeDurationMs":337400,"stageTimeDuration":"00:05:37.4000000","splitPointTimeId":94317,"splitPointId":2927,"entryId":20366,"elapsedDurationMs":111500,"elapsedDuration":"PT1M51.5S","splitDateTime":"2019-10-04T10:04:51.5","splitDateTimeLocal":"2019-10-04T11:04:51.5+01:00"},{"startDateTime":"2019-10-04T10:05:00","startDateTimeLocal":"2019-10-04T11:05:00+01:00","stageTimeDurationMs":343800,"stageTimeDuration":"00:05:43.8000000","splitPointTimeId":94326,"splitPointId":2927,"entryId":20361,"elapsedDurationMs":112800,"elapsedDuration":"PT1M52.8S","splitDateTime":"2019-10-04T10:06:52.8","splitDateTimeLocal":"2019-10-04T11:06:52.8+01:00"},{"startDateTime":"2019-10-04T10:07:00","startDateTimeLocal":"2019-10-04T11:07:00+01:00","stageTimeDurationMs":338400,"stageTimeDuration":"00:05:38.4000000","splitPointTimeId":94332,"splitPointId":2927,"entryId":20362,"elapsedDurationMs":111500,"elapsedDuration":"PT1M51.5S","splitDateTime":"2019-10-04T10:08:51.5","splitDateTimeLocal":"2019-10-04T11:08:51.5+01:00"},{"startDateTime":"2019-10-04T10:09:00","startDateTimeLocal":"2019-10-04T11:09:00+01:00","stageTimeDurationMs":337400,"stageTimeDuration":"00:05:37.4000000","splitPointTimeId":94340,"splitPointId":2927,"entryId":20368,"elapsedDurationMs":111600,"elapsedDuration":"PT1M51.6S","splitDateTime":"2019-10-04T10:10:51.6","splitDateTimeLocal":"2019-10-04T11:10:51.6+01:00"},{"startDateTime":"2019-10-04T09:53:00","startDateTimeLocal":"2019-10-04T10:53:00+01:00","stageTimeDurationMs":343800,"stageTimeDuration":"00:05:43.8000000","splitPointTimeId":94295,"splitPointId":2930,"entryId":20365,"elapsedDurationMs":260000,"elapsedDuration":"PT4M20S","splitDateTime":"2019-10-04T09:57:20","splitDateTimeLocal":"2019-10-04T10:57:20+01:00"},{"startDateTime":"2019-10-04T09:55:00","startDateTimeLocal":"2019-10-04T10:55:00+01:00","stageTimeDurationMs":344100,"stageTimeDuration":"00:05:44.1000000","splitPointTimeId":94302,"splitPointId":2930,"entryId":20360,"elapsedDurationMs":259200,"elapsedDuration":"PT4M19.2S","splitDateTime":"2019-10-04T09:59:19.2","splitDateTimeLocal":"2019-10-04T10:59:19.2+01:00"},{"startDateTime":"2019-10-04T09:57:00","startDateTimeLocal":"2019-10-04T10:57:00+01:00","stageTimeDurationMs":341100,"stageTimeDuration":"00:05:41.1000000","splitPointTimeId":94314,"splitPointId":2930,"entryId":20367,"elapsedDurationMs":257000,"elapsedDuration":"PT4M17S","splitDateTime":"2019-10-04T10:01:17","splitDateTimeLocal":"2019-10-04T11:01:17+01:00"},{"startDateTime":"2019-10-04T09:59:00","startDateTimeLocal":"2019-10-04T10:59:00+01:00","stageTimeDurationMs":342200,"stageTimeDuration":"00:05:42.2000000","splitPointTimeId":94315,"splitPointId":2930,"entryId":20370,"elapsedDurationMs":258000,"elapsedDuration":"PT4M18S","splitDateTime":"2019-10-04T10:03:18","splitDateTimeLocal":"2019-10-04T11:03:18+01:00"},{"startDateTime":"2019-10-04T10:01:00","startDateTimeLocal":"2019-10-04T11:01:00+01:00","stageTimeDurationMs":342100,"stageTimeDuration":"00:05:42.1000000","splitPointTimeId":94321,"splitPointId":2930,"entryId":20363,"elapsedDurationMs":258200,"elapsedDuration":"PT4M18.2S","splitDateTime":"2019-10-04T10:05:18.2","splitDateTimeLocal":"2019-10-04T11:05:18.2+01:00"},{"startDateTime":"2019-10-04T10:03:00","startDateTimeLocal":"2019-10-04T11:03:00+01:00","stageTimeDurationMs":337400,"stageTimeDuration":"00:05:37.4000000","splitPointTimeId":94330,"splitPointId":2930,"entryId":20366,"elapsedDurationMs":254700,"elapsedDuration":"PT4M14.7S","splitDateTime":"2019-10-04T10:07:14.7","splitDateTimeLocal":"2019-10-04T11:07:14.7+01:00"},{"startDateTime":"2019-10-04T10:05:00","startDateTimeLocal":"2019-10-04T11:05:00+01:00","stageTimeDurationMs":343800,"stageTimeDuration":"00:05:43.8000000","splitPointTimeId":94334,"splitPointId":2930,"entryId":20361,"elapsedDurationMs":258100,"elapsedDuration":"PT4M18.1S","splitDateTime":"2019-10-04T10:09:18.1","splitDateTimeLocal":"2019-10-04T11:09:18.1+01:00"},{"startDateTime":"2019-10-04T10:07:00","startDateTimeLocal":"2019-10-04T11:07:00+01:00","stageTimeDurationMs":338400,"stageTimeDuration":"00:05:38.4000000","splitPointTimeId":94342,"splitPointId":2930,"entryId":20362,"elapsedDurationMs":255000,"elapsedDuration":"PT4M15S","splitDateTime":"2019-10-04T10:11:15","splitDateTimeLocal":"2019-10-04T11:11:15+01:00"},{"startDateTime":"2019-10-04T10:09:00","startDateTimeLocal":"2019-10-04T11:09:00+01:00","stageTimeDurationMs":337400,"stageTimeDuration":"00:05:37.4000000","splitPointTimeId":94348,"splitPointId":2930,"entryId":20368,"elapsedDurationMs":253500,"elapsedDuration":"PT4M13.5S","splitDateTime":"2019-10-04T10:13:13.5","splitDateTimeLocal":"2019-10-04T11:13:13.5+01:00"}]