{"splitPoints":[{"splitPointId":2718,"stageId":1314,"number":1,"distance":3.83},{"splitPointId":2719,"stageId":1314,"number":2,"distance":9.14},{"splitPointId":2720,"stageId":1314,"number":3,"distance":10.4}],"controls":[{"controlId":5623,"eventId":87,"stageId":1314,"type":"FlyingFinish","code":"SF17","location":"Dhrontal 1","timingPrecision":"Tenth","distance":null,"targetDuration":null,"targetDurationMs":null,"firstCarDueDateTime":null,"firstCarDueDateTimeLocal":null,"status":"Completed","controlPenalties":"None","roundingPolicy":"NoRounding","locked":true},{"controlId":5624,"eventId":87,"stageId":1314,"type":"StageStart","code":"SS17","location":"Dhrontal 1","timingPrecision":"Minute","distance":11.69,"targetDuration":"00:03:00","targetDurationMs":180000,"firstCarDueDateTime":"2019-08-25T07:41:00","firstCarDueDateTimeLocal":"2019-08-25T09:41:00+02:00","status":"Completed","controlPenalties":"None","roundingPolicy":"RoundToClosestMinute","locked":true},{"controlId":5625,"eventId":87,"stageId":1314,"type":"TimeControl","code":"TC17","location":"Dhrontal","timingPrecision":"Minute","distance":24.45,"targetDuration":"00:27:00","targetDurationMs":1620000,"firstCarDueDateTime":"2019-08-25T07:38:00","firstCarDueDateTimeLocal":"2019-08-25T09:38:00+02:00","status":"Completed","controlPenalties":"All","roundingPolicy":"NoRounding","locked":true}],"stageId":1314,"eventId":87,"number":17,"name":"Dhrontal 1","distance":11.69,"status":"Completed","stageType":"SpecialStage","timingPrecision":"Tenth","locked":true,"code":"SS17"}