{"splitPoints":[{"splitPointId":3024,"stageId":1492,"number":1,"distance":5.61},{"splitPointId":3027,"stageId":1492,"number":2,"distance":12.83},{"splitPointId":3028,"stageId":1492,"number":3,"distance":19.38},{"splitPointId":3029,"stageId":1492,"number":4,"distance":25.87},{"splitPointId":3030,"stageId":1492,"number":5,"distance":32.61},{"splitPointId":3031,"stageId":1492,"number":6,"distance":36.65}],"controls":[{"controlId":6421,"eventId":90,"stageId":1492,"type":"StageStart","code":"SS3","location":"La Fatarella -Vilalba 1 (gravel & asphalt)","timingPrecision":"Minute","distance":38.85,"targetDuration":"00:03:00","targetDurationMs":180000,"firstCarDueDateTime":"2019-10-25T09:13:00","firstCarDueDateTimeLocal":"2019-10-25T11:13:00+02:00","status":"Completed","controlPenalties":"None","roundingPolicy":"RoundToClosestMinute","locked":true},{"controlId":6422,"eventId":90,"stageId":1492,"type":"FlyingFinish","code":"SF3","location":"La Fatarella -Vilalba 1 (gravel & asphalt)","timingPrecision":"Tenth","distance":null,"targetDuration":null,"targetDurationMs":null,"firstCarDueDateTime":null,"firstCarDueDateTimeLocal":null,"status":"Completed","controlPenalties":"None","roundingPolicy":"NoRounding","locked":true},{"controlId":6427,"eventId":90,"stageId":1492,"type":"TimeControl","code":"TC3","location":"La Fatarella","timingPrecision":"Minute","distance":32.48,"targetDuration":"01:07:00","targetDurationMs":4020000,"firstCarDueDateTime":"2019-10-25T09:10:00","firstCarDueDateTimeLocal":"2019-10-25T11:10:00+02:00","status":"Completed","controlPenalties":"All","roundingPolicy":"NoRounding","locked":true}],"stageId":1492,"eventId":90,"number":3,"name":"La Fatarella -Vilalba 1 (gravel & asphalt)","distance":38.85,"status":"Completed","stageType":"SpecialStage","timingPrecision":"Tenth","locked":true,"code":"SS3"}