{"splitPoints":[{"splitPointId":2134,"stageId":1077,"number":1,"distance":3.93},{"splitPointId":2137,"stageId":1077,"number":2,"distance":8.04},{"splitPointId":2138,"stageId":1077,"number":3,"distance":11.72},{"splitPointId":2139,"stageId":1077,"number":5,"distance":20.7},{"splitPointId":2140,"stageId":1077,"number":4,"distance":15.17}],"controls":[{"controlId":4541,"eventId":82,"stageId":1077,"type":"FlyingFinish","code":"SF8","location":"SANTA ROSA - SAN AGUSTIN (II)","timingPrecision":"Tenth","distance":null,"targetDuration":null,"targetDurationMs":null,"firstCarDueDateTime":null,"firstCarDueDateTimeLocal":null,"status":"Completed","controlPenalties":"None","roundingPolicy":"NoRounding","locked":false},{"controlId":4563,"eventId":82,"stageId":1077,"type":"TimeControl","code":"TC8","location":"Santa Rosa","timingPrecision":"Minute","distance":43.78,"targetDuration":"01:10:00","targetDurationMs":4200000,"firstCarDueDateTime":"2019-04-26T19:48:00","firstCarDueDateTimeLocal":"2019-04-26T16:48:00-03:00","status":"Completed","controlPenalties":"All","roundingPolicy":"NoRounding","locked":false},{"controlId":4564,"eventId":82,"stageId":1077,"type":"StageStart","code":"SS8","location":"SANTA ROSA - SAN AGUSTIN (II)","timingPrecision":"Minute","distance":23.44,"targetDuration":"00:03:00","targetDurationMs":180000,"firstCarDueDateTime":"2019-04-26T19:51:00","firstCarDueDateTimeLocal":"2019-04-26T16:51:00-03:00","status":"Completed","controlPenalties":"None","roundingPolicy":"RoundToClosestMinute","locked":false}],"stageId":1077,"eventId":82,"number":8,"name":"SANTA ROSA - SAN AGUSTIN (II)","distance":23.44,"status":"Completed","stageType":"SpecialStage","timingPrecision":"Tenth","locked":false,"code":"SS8"}