[{"entryId":20612,"stageTimeMs":5332300,"stageTime":"PT1H28M52.3S","penaltyTimeMs":0,"penaltyTime":"PT0S","totalTimeMs":5332300,"totalTime":"PT1H28M52.3S","position":1,"diffFirstMs":0,"diffFirst":"PT0S","diffPrevMs":0,"diffPrev":"PT0S"},{"entryId":20613,"stageTimeMs":5335500,"stageTime":"PT1H28M55.5S","penaltyTimeMs":0,"penaltyTime":"PT0S","totalTimeMs":5335500,"totalTime":"PT1H28M55.5S","position":2,"diffFirstMs":3200,"diffFirst":"PT3.2S","diffPrevMs":3200,"diffPrev":"PT3.2S"},{"entryId":20608,"stageTimeMs":5344200,"stageTime":"PT1H29M4.2S","penaltyTimeMs":0,"penaltyTime":"PT0S","totalTimeMs":5344200,"totalTime":"PT1H29M4.2S","position":3,"diffFirstMs":11900,"diffFirst":"PT11.9S","diffPrevMs":8700,"diffPrev":"PT8.7S"},{"entryId":20609,"stageTimeMs":5344700,"stageTime":"PT1H29M4.7S","penaltyTimeMs":0,"penaltyTime":"PT0S","totalTimeMs":5344700,"totalTime":"PT1H29M4.7S","position":4,"diffFirstMs":12400,"diffFirst":"PT12.4S","diffPrevMs":500,"diffPrev":"PT0.5S"},{"entryId":20610,"stageTimeMs":5356800,"stageTime":"PT1H29M16.8S","penaltyTimeMs":0,"penaltyTime":"PT0S","totalTimeMs":5356800,"totalTime":"PT1H29M16.8S","position":5,"diffFirstMs":24500,"diffFirst":"PT24.5S","diffPrevMs":12100,"diffPrev":"PT12.1S"},{"entryId":20611,"stageTimeMs":5367000,"stageTime":"PT1H29M27S","penaltyTimeMs":0,"penaltyTime":"PT0S","totalTimeMs":5367000,"totalTime":"PT1H29M27S","position":6,"diffFirstMs":34700,"diffFirst":"PT34.7S","diffPrevMs":10200,"diffPrev":"PT10.2S"},{"entryId":20614,"stageTimeMs":5378500,"stageTime":"PT1H29M38.5S","penaltyTimeMs":0,"penaltyTime":"PT0S","totalTimeMs":5378500,"totalTime":"PT1H29M38.5S","position":7,"diffFirstMs":46200,"diffFirst":"PT46.2S","diffPrevMs":11500,"diffPrev":"PT11.5S"},{"entryId":20606,"stageTimeMs":5389700,"stageTime":"PT1H29M49.7S","penaltyTimeMs":0,"penaltyTime":"PT0S","totalTimeMs":5389700,"totalTime":"PT1H29M49.7S","position":8,"diffFirstMs":57400,"diffFirst":"PT57.4S","diffPrevMs":11200,"diffPrev":"PT11.2S"},{"entryId":20618,"stageTimeMs":5541100,"stageTime":"PT1H32M21.1S","penaltyTimeMs":0,"penaltyTime":"PT0S","totalTimeMs":5541100,"totalTime":"PT1H32M21.1S","position":9,"diffFirstMs":208800,"diffFirst":"PT3M28.8S","diffPrevMs":151400,"diffPrev":"PT2M31.4S"},{"entryId":20635,"stageTimeMs":5557200,"stageTime":"PT1H32M37.2S","penaltyTimeMs":0,"penaltyTime":"PT0S","totalTimeMs":5557200,"totalTime":"PT1H32M37.2S","position":10,"diffFirstMs":224900,"diffFirst":"PT3M44.9S","diffPrevMs":16100,"diffPrev":"PT16.1S"},{"entryId":20620,"stageTimeMs":5562100,"stageTime":"PT1H32M42.1S","penaltyTimeMs":0,"penaltyTime":"PT0S","totalTimeMs":5562100,"totalTime":"PT1H32M42.1S","position":11,"diffFirstMs":229800,"diffFirst":"PT3M49.8S","diffPrevMs":4900,"diffPrev":"PT4.9S"},{"entryId":20605,"stageTimeMs":5574500,"stageTime":"PT1H32M54.5S","penaltyTimeMs":0,"penaltyTime":"PT0S","totalTimeMs":5574500,"totalTime":"PT1H32M54.5S","position":12,"diffFirstMs":242200,"diffFirst":"PT4M2.2S","diffPrevMs":12400,"diffPrev":"PT12.4S"},{"entryId":20626,"stageTimeMs":5577700,"stageTime":"PT1H32M57.7S","penaltyTimeMs":0,"penaltyTime":"PT0S","totalTimeMs":5577700,"totalTime":"PT1H32M57.7S","position":13,"diffFirstMs":245400,"diffFirst":"PT4M5.4S","diffPrevMs":3200,"diffPrev":"PT3.2S"},{"entryId":20616,"stageTimeMs":5577800,"stageTime":"PT1H32M57.8S","penaltyTimeMs":0,"penaltyTime":"PT0S","totalTimeMs":5577800,"totalTime":"PT1H32M57.8S","position":14,"diffFirstMs":245500,"diffFirst":"PT4M5.5S","diffPrevMs":100,"diffPrev":"PT0.1S"},{"entryId":20622,"stageTimeMs":5587600,"stageTime":"PT1H33M7.6S","penaltyTimeMs":0,"penaltyTime":"PT0S","totalTimeMs":5587600,"totalTime":"PT1H33M7.6S","position":15,"diffFirstMs":255300,"diffFirst":"PT4M15.3S","diffPrevMs":9800,"diffPrev":"PT9.8S"},{"entryId":20623,"stageTimeMs":5597500,"stageTime":"PT1H33M17.5S","penaltyTimeMs":0,"penaltyTime":"PT0S","totalTimeMs":5597500,"totalTime":"PT1H33M17.5S","position":16,"diffFirstMs":265200,"diffFirst":"PT4M25.2S","diffPrevMs":9900,"diffPrev":"PT9.9S"},{"entryId":20619,"stageTimeMs":5603100,"stageTime":"PT1H33M23.1S","penaltyTimeMs":0,"penaltyTime":"PT0S","totalTimeMs":5603100,"totalTime":"PT1H33M23.1S","position":17,"diffFirstMs":270800,"diffFirst":"PT4M30.8S","diffPrevMs":5600,"diffPrev":"PT5.6S"},{"entryId":20632,"stageTimeMs":5620600,"stageTime":"PT1H33M40.6S","penaltyTimeMs":0,"penaltyTime":"PT0S","totalTimeMs":5620600,"totalTime":"PT1H33M40.6S","position":18,"diffFirstMs":288300,"diffFirst":"PT4M48.3S","diffPrevMs":17500,"diffPrev":"PT17.5S"},{"entryId":20625,"stageTimeMs":5677900,"stageTime":"PT1H34M37.9S","penaltyTimeMs":0,"penaltyTime":"PT0S","totalTimeMs":5677900,"totalTime":"PT1H34M37.9S","position":19,"diffFirstMs":345600,"diffFirst":"PT5M45.6S","diffPrevMs":57300,"diffPrev":"PT57.3S"},{"entryId":20638,"stageTimeMs":5682700,"stageTime":"PT1H34M42.7S","penaltyTimeMs":0,"penaltyTime":"PT0S","totalTimeMs":5682700,"totalTime":"PT1H34M42.7S","position":20,"diffFirstMs":350400,"diffFirst":"PT5M50.4S","diffPrevMs":4800,"diffPrev":"PT4.8S"},{"entryId":20617,"stageTimeMs":5684800,"stageTime":"PT1H34M44.8S","penaltyTimeMs":0,"penaltyTime":"PT0S","totalTimeMs":5684800,"totalTime":"PT1H34M44.8S","position":21,"diffFirstMs":352500,"diffFirst":"PT5M52.5S","diffPrevMs":2100,"diffPrev":"PT2.1S"},{"entryId":20637,"stageTimeMs":5704500,"stageTime":"PT1H35M4.5S","penaltyTimeMs":0,"penaltyTime":"PT0S","totalTimeMs":5704500,"totalTime":"PT1H35M4.5S","position":22,"diffFirstMs":372200,"diffFirst":"PT6M12.2S","diffPrevMs":19700,"diffPrev":"PT19.7S"},{"entryId":20633,"stageTimeMs":5724700,"stageTime":"PT1H35M24.7S","penaltyTimeMs":0,"penaltyTime":"PT0S","totalTimeMs":5724700,"totalTime":"PT1H35M24.7S","position":23,"diffFirstMs":392400,"diffFirst":"PT6M32.4S","diffPrevMs":20200,"diffPrev":"PT20.2S"},{"entryId":20624,"stageTimeMs":5738900,"stageTime":"PT1H35M38.9S","penaltyTimeMs":0,"penaltyTime":"PT0S","totalTimeMs":5738900,"totalTime":"PT1H35M38.9S","position":24,"diffFirstMs":406600,"diffFirst":"PT6M46.6S","diffPrevMs":14200,"diffPrev":"PT14.2S"},{"entryId":20621,"stageTimeMs":5779600,"stageTime":"PT1H36M19.6S","penaltyTimeMs":0,"penaltyTime":"PT0S","totalTimeMs":5779600,"totalTime":"PT1H36M19.6S","position":25,"diffFirstMs":447300,"diffFirst":"PT7M27.3S","diffPrevMs":40700,"diffPrev":"PT40.7S"},{"entryId":20639,"stageTimeMs":6016300,"stageTime":"PT1H40M16.3S","penaltyTimeMs":0,"penaltyTime":"PT0S","totalTimeMs":6016300,"totalTime":"PT1H40M16.3S","position":26,"diffFirstMs":684000,"diffFirst":"PT11M24S","diffPrevMs":236700,"diffPrev":"PT3M56.7S"},{"entryId":20636,"stageTimeMs":6040000,"stageTime":"PT1H40M40S","penaltyTimeMs":0,"penaltyTime":"PT0S","totalTimeMs":6040000,"totalTime":"PT1H40M40S","position":27,"diffFirstMs":707700,"diffFirst":"PT11M47.7S","diffPrevMs":23700,"diffPrev":"PT23.7S"},{"entryId":20631,"stageTimeMs":6187400,"stageTime":"PT1H43M7.4S","penaltyTimeMs":0,"penaltyTime":"PT0S","totalTimeMs":6187400,"totalTime":"PT1H43M7.4S","position":28,"diffFirstMs":855100,"diffFirst":"PT14M15.1S","diffPrevMs":147400,"diffPrev":"PT2M27.4S"},{"entryId":20656,"stageTimeMs":6196600,"stageTime":"PT1H43M16.6S","penaltyTimeMs":0,"penaltyTime":"PT0S","totalTimeMs":6196600,"totalTime":"PT1H43M16.6S","position":29,"diffFirstMs":864300,"diffFirst":"PT14M24.3S","diffPrevMs":9200,"diffPrev":"PT9.2S"},{"entryId":20634,"stageTimeMs":6300100,"stageTime":"PT1H45M0.1S","penaltyTimeMs":0,"penaltyTime":"PT0S","totalTimeMs":6300100,"totalTime":"PT1H45M0.1S","position":30,"diffFirstMs":967800,"diffFirst":"PT16M7.8S","diffPrevMs":103500,"diffPrev":"PT1M43.5S"},{"entryId":20650,"stageTimeMs":6320200,"stageTime":"PT1H45M20.2S","penaltyTimeMs":0,"penaltyTime":"PT0S","totalTimeMs":6320200,"totalTime":"PT1H45M20.2S","position":31,"diffFirstMs":987900,"diffFirst":"PT16M27.9S","diffPrevMs":20100,"diffPrev":"PT20.1S"},{"entryId":20659,"stageTimeMs":6442400,"stageTime":"PT1H47M22.4S","penaltyTimeMs":0,"penaltyTime":"PT0S","totalTimeMs":6442400,"totalTime":"PT1H47M22.4S","position":32,"diffFirstMs":1110100,"diffFirst":"PT18M30.1S","diffPrevMs":122200,"diffPrev":"PT2M2.2S"},{"entryId":20647,"stageTimeMs":6453200,"stageTime":"PT1H47M33.2S","penaltyTimeMs":0,"penaltyTime":"PT0S","totalTimeMs":6453200,"totalTime":"PT1H47M33.2S","position":33,"diffFirstMs":1120900,"diffFirst":"PT18M40.9S","diffPrevMs":10800,"diffPrev":"PT10.8S"},{"entryId":20628,"stageTimeMs":6477800,"stageTime":"PT1H47M57.8S","penaltyTimeMs":0,"penaltyTime":"PT0S","totalTimeMs":6477800,"totalTime":"PT1H47M57.8S","position":34,"diffFirstMs":1145500,"diffFirst":"PT19M5.5S","diffPrevMs":24600,"diffPrev":"PT24.6S"},{"entryId":20660,"stageTimeMs":6526200,"stageTime":"PT1H48M46.2S","penaltyTimeMs":0,"penaltyTime":"PT0S","totalTimeMs":6526200,"totalTime":"PT1H48M46.2S","position":35,"diffFirstMs":1193900,"diffFirst":"PT19M53.9S","diffPrevMs":48400,"diffPrev":"PT48.4S"},{"entryId":20642,"stageTimeMs":6561500,"stageTime":"PT1H49M21.5S","penaltyTimeMs":0,"penaltyTime":"PT0S","totalTimeMs":6561500,"totalTime":"PT1H49M21.5S","position":36,"diffFirstMs":1229200,"diffFirst":"PT20M29.2S","diffPrevMs":35300,"diffPrev":"PT35.3S"},{"entryId":20643,"stageTimeMs":6872600,"stageTime":"PT1H54M32.6S","penaltyTimeMs":0,"penaltyTime":"PT0S","totalTimeMs":6872600,"totalTime":"PT1H54M32.6S","position":37,"diffFirstMs":1540300,"diffFirst":"PT25M40.3S","diffPrevMs":311100,"diffPrev":"PT5M11.1S"},{"entryId":20665,"stageTimeMs":6886700,"stageTime":"PT1H54M46.7S","penaltyTimeMs":0,"penaltyTime":"PT0S","totalTimeMs":6886700,"totalTime":"PT1H54M46.7S","position":38,"diffFirstMs":1554400,"diffFirst":"PT25M54.4S","diffPrevMs":14100,"diffPrev":"PT14.1S"},{"entryId":20648,"stageTimeMs":6921500,"stageTime":"PT1H55M21.5S","penaltyTimeMs":0,"penaltyTime":"PT0S","totalTimeMs":6921500,"totalTime":"PT1H55M21.5S","position":39,"diffFirstMs":1589200,"diffFirst":"PT26M29.2S","diffPrevMs":34800,"diffPrev":"PT34.8S"},{"entryId":20663,"stageTimeMs":6923600,"stageTime":"PT1H55M23.6S","penaltyTimeMs":0,"penaltyTime":"PT0S","totalTimeMs":6923600,"totalTime":"PT1H55M23.6S","position":40,"diffFirstMs":1591300,"diffFirst":"PT26M31.3S","diffPrevMs":2100,"diffPrev":"PT2.1S"},{"entryId":20661,"stageTimeMs":6926300,"stageTime":"PT1H55M26.3S","penaltyTimeMs":20000,"penaltyTime":"PT20S","totalTimeMs":6946300,"totalTime":"PT1H55M46.3S","position":41,"diffFirstMs":1614000,"diffFirst":"PT26M54S","diffPrevMs":22700,"diffPrev":"PT22.7S"},{"entryId":20667,"stageTimeMs":6951300,"stageTime":"PT1H55M51.3S","penaltyTimeMs":0,"penaltyTime":"PT0S","totalTimeMs":6951300,"totalTime":"PT1H55M51.3S","position":42,"diffFirstMs":1619000,"diffFirst":"PT26M59S","diffPrevMs":5000,"diffPrev":"PT5S"},{"entryId":20652,"stageTimeMs":7102200,"stageTime":"PT1H58M22.2S","penaltyTimeMs":0,"penaltyTime":"PT0S","totalTimeMs":7102200,"totalTime":"PT1H58M22.2S","position":43,"diffFirstMs":1769900,"diffFirst":"PT29M29.9S","diffPrevMs":150900,"diffPrev":"PT2M30.9S"},{"entryId":20640,"stageTimeMs":7142000,"stageTime":"PT1H59M2S","penaltyTimeMs":20000,"penaltyTime":"PT20S","totalTimeMs":7162000,"totalTime":"PT1H59M22S","position":44,"diffFirstMs":1829700,"diffFirst":"PT30M29.7S","diffPrevMs":59800,"diffPrev":"PT59.8S"},{"entryId":20664,"stageTimeMs":7203800,"stageTime":"PT2H3.8S","penaltyTimeMs":0,"penaltyTime":"PT0S","totalTimeMs":7203800,"totalTime":"PT2H3.8S","position":45,"diffFirstMs":1871500,"diffFirst":"PT31M11.5S","diffPrevMs":41800,"diffPrev":"PT41.8S"},{"entryId":20629,"stageTimeMs":7658600,"stageTime":"PT2H7M38.6S","penaltyTimeMs":0,"penaltyTime":"PT0S","totalTimeMs":7658600,"totalTime":"PT2H7M38.6S","position":46,"diffFirstMs":2326300,"diffFirst":"PT38M46.3S","diffPrevMs":454800,"diffPrev":"PT7M34.8S"},{"entryId":20668,"stageTimeMs":8064700,"stageTime":"PT2H14M24.7S","penaltyTimeMs":0,"penaltyTime":"PT0S","totalTimeMs":8064700,"totalTime":"PT2H14M24.7S","position":47,"diffFirstMs":2732400,"diffFirst":"PT45M32.4S","diffPrevMs":406100,"diffPrev":"PT6M46.1S"},{"entryId":20641,"stageTimeMs":8242800,"stageTime":"PT2H17M22.8S","penaltyTimeMs":0,"penaltyTime":"PT0S","totalTimeMs":8242800,"totalTime":"PT2H17M22.8S","position":48,"diffFirstMs":2910500,"diffFirst":"PT48M30.5S","diffPrevMs":178100,"diffPrev":"PT2M58.1S"},{"entryId":20615,"stageTimeMs":6401400,"stageTime":"PT1H46M41.4S","penaltyTimeMs":1980000,"penaltyTime":"PT33M","totalTimeMs":8381400,"totalTime":"PT2H19M41.4S","position":49,"diffFirstMs":3049100,"diffFirst":"PT50M49.1S","diffPrevMs":138600,"diffPrev":"PT2M18.6S"}]