[{"driver":{"personId":524,"countryId":70,"country":{"countryId":70,"name":"Estonia","iso2":"EE","iso3":"EST"},"firstName":"Ott","lastName":"TÄNAK","abbvName":"O. TÄNAK","fullName":"Ott TÄNAK","code":"TÄN"},"codriver":{"personId":525,"countryId":70,"country":{"countryId":70,"name":"Estonia","iso2":"EE","iso3":"EST"},"firstName":"Martin","lastName":"JÄRVEOJA","abbvName":"M. JÄRVEOJA","fullName":"Martin JÄRVEOJA","code":"JAR"},"manufacturer":{"manufacturerId":84,"name":"Toyota","logoFilename":"toyota"},"entrant":{"entrantId":91,"name":"TOYOTA GAZOO RACING WRT","logoFilename":null},"group":{"groupId":10,"name":"WRC"},"tag":null,"eventClasses":[{"eventClassId":398,"eventId":81,"name":"RC1"}],"entryId":19338,"eventId":81,"driverId":524,"codriverId":525,"manufacturerId":84,"entrantId":91,"groupId":10,"tagId":null,"entryListOrder":1,"identifier":"8","vehicleModel":"Yaris","eligibility":"M","priority":"P1","status":"Entry","tyreManufacturer":"Michelin"},{"driver":{"personId":762,"countryId":22,"country":{"countryId":22,"name":"Belgium","iso2":"BE","iso3":"BEL"},"firstName":"Thierry","lastName":"NEUVILLE","abbvName":"T. NEUVILLE","fullName":"Thierry NEUVILLE","code":"NEU"},"codriver":{"personId":4883,"countryId":22,"country":{"countryId":22,"name":"Belgium","iso2":"BE","iso3":"BEL"},"firstName":"Nicolas","lastName":"GILSOUL","abbvName":"N. GILSOUL","fullName":"Nicolas GILSOUL","code":"GIL"},"manufacturer":{"manufacturerId":33,"name":"Hyundai","logoFilename":"hyundai"},"entrant":{"entrantId":1,"name":"HYUNDAI SHELL MOBIS WRT","logoFilename":null},"group":{"groupId":10,"name":"WRC"},"tag":null,"eventClasses":[{"eventClassId":398,"eventId":81,"name":"RC1"}],"entryId":19339,"eventId":81,"driverId":762,"codriverId":4883,"manufacturerId":33,"entrantId":1,"groupId":10,"tagId":null,"entryListOrder":2,"identifier":"11","vehicleModel":"i20","eligibility":"M","priority":"P1","status":"Entry","tyreManufacturer":"Michelin"},{"driver":{"personId":670,"countryId":76,"country":{"countryId":76,"name":"France","iso2":"FR","iso3":"FRA"},"firstName":"Sébastien","lastName":"OGIER","abbvName":"S. OGIER","fullName":"Sébastien OGIER","code":"OGI"},"codriver":{"personId":3027,"countryId":76,"country":{"countryId":76,"name":"France","iso2":"FR","iso3":"FRA"},"firstName":"Julien","lastName":"INGRASSIA","abbvName":"J. INGRASSIA","fullName":"Julien INGRASSIA","code":"ING"},"manufacturer":{"manufacturerId":13,"name":"Citroen","logoFilename":"citroen"},"entrant":{"entrantId":965,"name":"CITROEN TOTAL WRT","logoFilename":""},"group":{"groupId":10,"name":"WRC"},"tag":null,"eventClasses":[{"eventClassId":398,"eventId":81,"name":"RC1"}],"entryId":19340,"eventId":81,"driverId":670,"codriverId":3027,"manufacturerId":13,"entrantId":965,"groupId":10,"tagId":null,"entryListOrder":3,"identifier":"1","vehicleModel":"C3","eligibility":"M","priority":"P1","status":"Entry","tyreManufacturer":"Michelin"},{"driver":{"personId":550,"countryId":235,"country":{"countryId":235,"name":"United Kingdom of Great Britain and Northern Ireland","iso2":"GB","iso3":"GBR"},"firstName":"Kris","lastName":"MEEKE","abbvName":"K. MEEKE","fullName":"Kris MEEKE","code":"MEE"},"codriver":{"personId":765,"countryId":235,"country":{"countryId":235,"name":"United Kingdom of Great Britain and Northern Ireland","iso2":"GB","iso3":"GBR"},"firstName":"Sebastian","lastName":"MARSHALL","abbvName":"S. MARSHALL","fullName":"Sebastian MARSHALL","code":"MAR"},"manufacturer":{"manufacturerId":84,"name":"Toyota","logoFilename":"toyota"},"entrant":{"entrantId":91,"name":"TOYOTA GAZOO RACING WRT","logoFilename":null},"group":{"groupId":10,"name":"WRC"},"tag":null,"eventClasses":[{"eventClassId":398,"eventId":81,"name":"RC1"}],"entryId":19341,"eventId":81,"driverId":550,"codriverId":765,"manufacturerId":84,"entrantId":91,"groupId":10,"tagId":null,"entryListOrder":4,"identifier":"5","vehicleModel":"Yaris","eligibility":"M","priority":"P1","status":"Entry","tyreManufacturer":"Michelin"},{"driver":{"personId":548,"countryId":75,"country":{"countryId":75,"name":"Finland","iso2":"FI","iso3":"FIN"},"firstName":"Esapekka","lastName":"LAPPI","abbvName":"E. LAPPI","fullName":"Esapekka LAPPI","code":"LAP"},"codriver":{"personId":549,"countryId":75,"country":{"countryId":75,"name":"Finland","iso2":"FI","iso3":"FIN"},"firstName":"Janne","lastName":"FERM","abbvName":"J. FERM","fullName":"Janne FERM","code":"FER"},"manufacturer":{"manufacturerId":13,"name":"Citroen","logoFilename":"citroen"},"entrant":{"entrantId":965,"name":"CITROEN TOTAL WRT","logoFilename":""},"group":{"groupId":10,"name":"WRC"},"tag":null,"eventClasses":[{"eventClassId":398,"eventId":81,"name":"RC1"}],"entryId":19342,"eventId":81,"driverId":548,"codriverId":549,"manufacturerId":13,"entrantId":965,"groupId":10,"tagId":null,"entryListOrder":5,"identifier":"4","vehicleModel":"C3","eligibility":"M","priority":"P1","status":"Entry","tyreManufacturer":"Michelin"},{"driver":{"personId":1246,"countryId":76,"country":{"countryId":76,"name":"France","iso2":"FR","iso3":"FRA"},"firstName":"Sébastien","lastName":"LOEB","abbvName":"S. LOEB","fullName":"Sébastien LOEB","code":"LOE"},"codriver":{"personId":1247,"countryId":147,"country":{"countryId":147,"name":"Monaco","iso2":"MC","iso3":"MCO"},"firstName":"Daniel","lastName":"ELENA","abbvName":"D. ELENA","fullName":"Daniel ELENA","code":" EL"},"manufacturer":{"manufacturerId":33,"name":"Hyundai","logoFilename":"hyundai"},"entrant":{"entrantId":1,"name":"HYUNDAI SHELL MOBIS WRT","logoFilename":null},"group":{"groupId":10,"name":"WRC"},"tag":null,"eventClasses":[{"eventClassId":398,"eventId":81,"name":"RC1"}],"entryId":19343,"eventId":81,"driverId":1246,"codriverId":1247,"manufacturerId":33,"entrantId":1,"groupId":10,"tagId":null,"entryListOrder":6,"identifier":"19","vehicleModel":"i20","eligibility":"M","priority":"P1","status":"Entry","tyreManufacturer":"Michelin"},{"driver":{"personId":534,"countryId":235,"country":{"countryId":235,"name":"United Kingdom of Great Britain and Northern Ireland","iso2":"GB","iso3":"GBR"},"firstName":"Elfyn","lastName":"EVANS","abbvName":"E. EVANS","fullName":"Elfyn EVANS","code":"EVA"},"codriver":{"personId":553,"countryId":235,"country":{"countryId":235,"name":"United Kingdom of Great Britain and Northern Ireland","iso2":"GB","iso3":"GBR"},"firstName":"Scott","lastName":"MARTIN","abbvName":"S. MARTIN","fullName":"Scott MARTIN","code":"MAR"},"manufacturer":{"manufacturerId":26,"name":"Ford","logoFilename":"ford"},"entrant":{"entrantId":444,"name":"M-SPORT FORD WRT","logoFilename":null},"group":{"groupId":10,"name":"WRC"},"tag":null,"eventClasses":[{"eventClassId":398,"eventId":81,"name":"RC1"}],"entryId":19344,"eventId":81,"driverId":534,"codriverId":553,"manufacturerId":26,"entrantId":444,"groupId":10,"tagId":null,"entryListOrder":7,"identifier":"33","vehicleModel":"Fiesta","eligibility":"M","priority":"P1","status":"Entry","tyreManufacturer":"Michelin"},{"driver":{"personId":526,"countryId":75,"country":{"countryId":75,"name":"Finland","iso2":"FI","iso3":"FIN"},"firstName":"Jari-Matti","lastName":"LATVALA","abbvName":"J. LATVALA","fullName":"Jari-Matti LATVALA","code":"LAT"},"codriver":{"personId":1244,"countryId":75,"country":{"countryId":75,"name":"Finland","iso2":"FI","iso3":"FIN"},"firstName":"Miikka","lastName":"ANTTILA","abbvName":"M. ANTTILA","fullName":"Miikka ANTTILA","code":"ANT"},"manufacturer":{"manufacturerId":84,"name":"Toyota","logoFilename":"toyota"},"entrant":{"entrantId":91,"name":"TOYOTA GAZOO RACING WRT","logoFilename":null},"group":{"groupId":10,"name":"WRC"},"tag":null,"eventClasses":[{"eventClassId":398,"eventId":81,"name":"RC1"}],"entryId":19345,"eventId":81,"driverId":526,"codriverId":1244,"manufacturerId":84,"entrantId":91,"groupId":10,"tagId":null,"entryListOrder":8,"identifier":"10","vehicleModel":"Yaris","eligibility":"M","priority":"P1","status":"Entry","tyreManufacturer":"Michelin"},{"driver":{"personId":566,"countryId":75,"country":{"countryId":75,"name":"Finland","iso2":"FI","iso3":"FIN"},"firstName":"Teemu","lastName":"SUNINEN","abbvName":"T. SUNINEN","fullName":"Teemu SUNINEN","code":"SUN"},"codriver":{"personId":786,"countryId":75,"country":{"countryId":75,"name":"Finland","iso2":"FI","iso3":"FIN"},"firstName":"Marko","lastName":"SALMINEN","abbvName":"M. SALMINEN","fullName":"Marko SALMINEN","code":"SAL"},"manufacturer":{"manufacturerId":26,"name":"Ford","logoFilename":"ford"},"entrant":{"entrantId":444,"name":"M-SPORT FORD WRT","logoFilename":null},"group":{"groupId":10,"name":"WRC"},"tag":null,"eventClasses":[{"eventClassId":398,"eventId":81,"name":"RC1"}],"entryId":19346,"eventId":81,"driverId":566,"codriverId":786,"manufacturerId":26,"entrantId":444,"groupId":10,"tagId":null,"entryListOrder":9,"identifier":"3","vehicleModel":"Fiesta","eligibility":"M","priority":"P1","status":"Entry","tyreManufacturer":"Michelin"},{"driver":{"personId":542,"countryId":209,"country":{"countryId":209,"name":"Spain","iso2":"ES","iso3":"ESP"},"firstName":"Dani","lastName":"SORDO","abbvName":"D. SORDO","fullName":"Dani SORDO","code":"SOR"},"codriver":{"personId":543,"countryId":209,"country":{"countryId":209,"name":"Spain","iso2":"ES","iso3":"ESP"},"firstName":"Carlos","lastName":"DEL BARRIO","abbvName":"C. DEL BARRIO","fullName":"Carlos DEL BARRIO","code":"DEL"},"manufacturer":{"manufacturerId":33,"name":"Hyundai","logoFilename":"hyundai"},"entrant":{"entrantId":1,"name":"HYUNDAI SHELL MOBIS WRT","logoFilename":null},"group":{"groupId":10,"name":"WRC"},"tag":null,"eventClasses":[{"eventClassId":398,"eventId":81,"name":"RC1"}],"entryId":19347,"eventId":81,"driverId":542,"codriverId":543,"manufacturerId":33,"entrantId":1,"groupId":10,"tagId":null,"entryListOrder":10,"identifier":"6","vehicleModel":"i20","eligibility":"M","priority":"P1","status":"Entry","tyreManufacturer":"Michelin"},{"driver":{"personId":700,"countryId":75,"country":{"countryId":75,"name":"Finland","iso2":"FI","iso3":"FIN"},"firstName":"Kalle","lastName":"ROVANPERÄ","abbvName":"K. ROVANPERÄ","fullName":"Kalle ROVANPERÄ","code":"ROV"},"codriver":{"personId":587,"countryId":75,"country":{"countryId":75,"name":"Finland","iso2":"FI","iso3":"FIN"},"firstName":"Jonne","lastName":"HALTTUNEN","abbvName":"J. HALTTUNEN","fullName":"Jonne HALTTUNEN","code":"HAL"},"manufacturer":{"manufacturerId":77,"name":"Skoda","logoFilename":"skoda"},"entrant":{"entrantId":92,"name":"SKODA MOTORSPORT","logoFilename":null},"group":{"groupId":8,"name":"R5"},"tag":null,"eventClasses":[{"eventClassId":399,"eventId":81,"name":"RC2"}],"entryId":19348,"eventId":81,"driverId":700,"codriverId":587,"manufacturerId":77,"entrantId":92,"groupId":8,"tagId":null,"entryListOrder":11,"identifier":"21","vehicleModel":"Fabia","eligibility":"WRC2PRO","priority":"P2P","status":"Retired","tyreManufacturer":"Michelin"},{"driver":{"personId":781,"countryId":177,"country":{"countryId":177,"name":"Poland","iso2":"PL","iso3":"POL"},"firstName":"Lukasz","lastName":"PIENIAZEK","abbvName":"L. PIENIAZEK","fullName":"Lukasz PIENIAZEK","code":"PIE"},"codriver":{"personId":4757,"countryId":177,"country":{"countryId":177,"name":"Poland","iso2":"PL","iso3":"POL"},"firstName":"Kamil","lastName":"HELLER","abbvName":"K. HELLER","fullName":"Kamil HELLER","code":"HEL"},"manufacturer":{"manufacturerId":26,"name":"Ford","logoFilename":"ford"},"entrant":{"entrantId":94,"name":"M-SPORT FORD WORLD RALLY TEAM","logoFilename":null},"group":{"groupId":8,"name":"R5"},"tag":null,"eventClasses":[{"eventClassId":399,"eventId":81,"name":"RC2"}],"entryId":19349,"eventId":81,"driverId":781,"codriverId":4757,"manufacturerId":26,"entrantId":94,"groupId":8,"tagId":null,"entryListOrder":12,"identifier":"22","vehicleModel":"Fiesta","eligibility":"WRC2PRO","priority":"P2P","status":"Rejoined","tyreManufacturer":"Michelin"},{"driver":{"personId":582,"countryId":166,"country":{"countryId":166,"name":"Norway","iso2":"NO","iso3":"NOR"},"firstName":"Ole Christian","lastName":"VEIBY","abbvName":"O. VEIBY","fullName":"Ole Christian VEIBY","code":"VEI"},"codriver":{"personId":2085,"countryId":215,"country":{"countryId":215,"name":"Sweden","iso2":"SE","iso3":"SWE"},"firstName":"Jonas","lastName":"ANDERSSON","abbvName":"J. ANDERSSON","fullName":"Jonas ANDERSSON","code":"AND"},"manufacturer":{"manufacturerId":87,"name":"Volkswagen","logoFilename":"volkswagen"},"entrant":{"entrantId":116,"name":"VEIBY OLE CHRISTIAN","logoFilename":null},"group":{"groupId":8,"name":"R5"},"tag":null,"eventClasses":[{"eventClassId":399,"eventId":81,"name":"RC2"}],"entryId":19350,"eventId":81,"driverId":582,"codriverId":2085,"manufacturerId":87,"entrantId":116,"groupId":8,"tagId":null,"entryListOrder":13,"identifier":"23","vehicleModel":"Polo GTI","eligibility":"WRC2","priority":"P2","status":"Retired","tyreManufacturer":"Michelin"},{"driver":{"personId":618,"countryId":76,"country":{"countryId":76,"name":"France","iso2":"FR","iso3":"FRA"},"firstName":"Yoann","lastName":"BONATO","abbvName":"Y. BONATO","fullName":"Yoann BONATO","code":"BON"},"codriver":{"personId":619,"countryId":76,"country":{"countryId":76,"name":"France","iso2":"FR","iso3":"FRA"},"firstName":"Benjamin","lastName":"BOULLOUD","abbvName":"B. BOULLOUD","fullName":"Benjamin BOULLOUD","code":"BOU"},"manufacturer":{"manufacturerId":13,"name":"Citroen","logoFilename":"citroen"},"entrant":{"entrantId":134,"name":"BONATO YOANN","logoFilename":null},"group":{"groupId":8,"name":"R5"},"tag":null,"eventClasses":[{"eventClassId":399,"eventId":81,"name":"RC2"}],"entryId":19351,"eventId":81,"driverId":618,"codriverId":619,"manufacturerId":13,"entrantId":134,"groupId":8,"tagId":null,"entryListOrder":14,"identifier":"24","vehicleModel":"C3","eligibility":"WRC2","priority":"P2","status":"Rejoined","tyreManufacturer":"Michelin"},{"driver":{"personId":4676,"countryId":76,"country":{"countryId":76,"name":"France","iso2":"FR","iso3":"FRA"},"firstName":"Adrien","lastName":"FOURMAUX","abbvName":"A. FOURMAUX","fullName":"Adrien FOURMAUX","code":"FOU"},"codriver":{"personId":4677,"countryId":22,"country":{"countryId":22,"name":"Belgium","iso2":"BE","iso3":"BEL"},"firstName":"Renaud","lastName":"JAMOUL","abbvName":"R. JAMOUL","fullName":"Renaud JAMOUL","code":"JAM"},"manufacturer":{"manufacturerId":26,"name":"Ford","logoFilename":"ford"},"entrant":{"entrantId":967,"name":"FOURMAUX ADRIEN","logoFilename":""},"group":{"groupId":8,"name":"R5"},"tag":null,"eventClasses":[{"eventClassId":399,"eventId":81,"name":"RC2"}],"entryId":19352,"eventId":81,"driverId":4676,"codriverId":4677,"manufacturerId":26,"entrantId":967,"groupId":8,"tagId":null,"entryListOrder":15,"identifier":"25","vehicleModel":"Fiesta","eligibility":"WRC2","priority":"P2","status":"Rejoined","tyreManufacturer":"Michelin"},{"driver":{"personId":4077,"countryId":235,"country":{"countryId":235,"name":"United Kingdom of Great Britain and Northern Ireland","iso2":"GB","iso3":"GBR"},"firstName":"Rhys","lastName":"YATES","abbvName":"R. YATES","fullName":"Rhys YATES","code":"YAT"},"codriver":{"personId":4080,"countryId":235,"country":{"countryId":235,"name":"United Kingdom of Great Britain and Northern Ireland","iso2":"GB","iso3":"GBR"},"firstName":"James","lastName":"MORGAN","abbvName":"J. MORGAN","fullName":"James MORGAN","code":"MOR"},"manufacturer":{"manufacturerId":77,"name":"Skoda","logoFilename":"skoda"},"entrant":{"entrantId":716,"name":"YATES RHYS ","logoFilename":null},"group":{"groupId":8,"name":"R5"},"tag":null,"eventClasses":[{"eventClassId":399,"eventId":81,"name":"RC2"}],"entryId":19353,"eventId":81,"driverId":4077,"codriverId":4080,"manufacturerId":77,"entrantId":716,"groupId":8,"tagId":null,"entryListOrder":16,"identifier":"26","vehicleModel":"Fabia","eligibility":"WRC2","priority":"P2","status":"Entry","tyreManufacturer":"Pirelli"},{"driver":{"personId":558,"countryId":76,"country":{"countryId":76,"name":"France","iso2":"FR","iso3":"FRA"},"firstName":"Nicolas","lastName":"CIAMIN","abbvName":"N. CIAMIN","fullName":"Nicolas CIAMIN","code":"CIA"},"codriver":{"personId":1868,"countryId":76,"country":{"countryId":76,"name":"France","iso2":"FR","iso3":"FRA"},"firstName":"Yannick","lastName":"ROCHE","abbvName":"Y. ROCHE","fullName":"Yannick ROCHE","code":"ROC"},"manufacturer":{"manufacturerId":87,"name":"Volkswagen","logoFilename":"volkswagen"},"entrant":{"entrantId":104,"name":"CIAMIN NICOLAS","logoFilename":null},"group":{"groupId":8,"name":"R5"},"tag":null,"eventClasses":[{"eventClassId":399,"eventId":81,"name":"RC2"}],"entryId":19354,"eventId":81,"driverId":558,"codriverId":1868,"manufacturerId":87,"entrantId":104,"groupId":8,"tagId":null,"entryListOrder":17,"identifier":"27","vehicleModel":"Polo GTI","eligibility":"WRC2","priority":"P2","status":"Retired","tyreManufacturer":"Michelin"},{"driver":{"personId":4759,"countryId":183,"country":{"countryId":183,"name":"Russian Federation","iso2":"RU","iso3":"RUS"},"firstName":"Nikolay","lastName":"GRYAZIN","abbvName":"N. GRYAZIN","fullName":"Nikolay GRYAZIN","code":"GRY"},"codriver":{"personId":4760,"countryId":183,"country":{"countryId":183,"name":"Russian Federation","iso2":"RU","iso3":"RUS"},"firstName":"Yaroslav","lastName":"FEDOROV","abbvName":"Y. FEDOROV","fullName":"Yaroslav FEDOROV","code":"FED"},"manufacturer":{"manufacturerId":77,"name":"Skoda","logoFilename":"skoda"},"entrant":{"entrantId":1071,"name":"GRYAZIN NIKOLAY","logoFilename":""},"group":{"groupId":8,"name":"R5"},"tag":null,"eventClasses":[{"eventClassId":399,"eventId":81,"name":"RC2"}],"entryId":19355,"eventId":81,"driverId":4759,"codriverId":4760,"manufacturerId":77,"entrantId":1071,"groupId":8,"tagId":null,"entryListOrder":18,"identifier":"28","vehicleModel":"Fabia","eligibility":"WRC2","priority":"P2","status":"Entry","tyreManufacturer":"Michelin"},{"driver":{"personId":570,"countryId":22,"country":{"countryId":22,"name":"Belgium","iso2":"BE","iso3":"BEL"},"firstName":"Guillaume","lastName":"DE MEVIUS","abbvName":"G. DE MEVIUS","fullName":"Guillaume DE MEVIUS","code":"MEV"},"codriver":{"personId":851,"countryId":22,"country":{"countryId":22,"name":"Belgium","iso2":"BE","iso3":"BEL"},"firstName":"Martijn","lastName":"WYDAEGHE","abbvName":"M. WYDAEGHE","fullName":"Martijn WYDAEGHE","code":"WYD"},"manufacturer":{"manufacturerId":13,"name":"Citroen","logoFilename":"citroen"},"entrant":{"entrantId":110,"name":"DE MEVIUS GUILLAUME","logoFilename":null},"group":{"groupId":8,"name":"R5"},"tag":null,"eventClasses":[{"eventClassId":399,"eventId":81,"name":"RC2"}],"entryId":19356,"eventId":81,"driverId":570,"codriverId":851,"manufacturerId":13,"entrantId":110,"groupId":8,"tagId":null,"entryListOrder":19,"identifier":"29","vehicleModel":"C3","eligibility":"WRC2","priority":"P2","status":"Entry","tyreManufacturer":"Michelin"},{"driver":{"personId":4679,"countryId":110,"country":{"countryId":110,"name":"Italy","iso2":"IT","iso3":"ITA"},"firstName":"","lastName":"“PEDRO”","abbvName":". “PEDRO”","fullName":" “PEDRO”","code":"“PE"},"codriver":{"personId":4680,"countryId":110,"country":{"countryId":110,"name":"Italy","iso2":"IT","iso3":"ITA"},"firstName":"Emanuele","lastName":"BALDACCINI","abbvName":"E. BALDACCINI","fullName":"Emanuele BALDACCINI","code":"BAL"},"manufacturer":{"manufacturerId":26,"name":"Ford","logoFilename":"ford"},"entrant":{"entrantId":969,"name":"PEDRO","logoFilename":""},"group":{"groupId":8,"name":"R5"},"tag":null,"eventClasses":[{"eventClassId":399,"eventId":81,"name":"RC2"}],"entryId":19357,"eventId":81,"driverId":4679,"codriverId":4680,"manufacturerId":26,"entrantId":969,"groupId":8,"tagId":null,"entryListOrder":20,"identifier":"30","vehicleModel":"Fiesta","eligibility":"WRC2","priority":"P2","status":"Entry","tyreManufacturer":"Pirelli"},{"driver":{"personId":785,"countryId":112,"country":{"countryId":112,"name":"Japan","iso2":"JP","iso3":"JPN"},"firstName":"Takamoto","lastName":"KATSUTA","abbvName":"T. KATSUTA","fullName":"Takamoto KATSUTA","code":"KAT"},"codriver":{"personId":535,"countryId":235,"country":{"countryId":235,"name":"United Kingdom of Great Britain and Northern Ireland","iso2":"GB","iso3":"GBR"},"firstName":"Daniel","lastName":"BARRITT","abbvName":"D. BARRITT","fullName":"Daniel BARRITT","code":"BAR"},"manufacturer":{"manufacturerId":26,"name":"Ford","logoFilename":"ford"},"entrant":{"entrantId":1072,"name":"KATSUTA KATAMOTO","logoFilename":""},"group":{"groupId":8,"name":"R5"},"tag":null,"eventClasses":[{"eventClassId":399,"eventId":81,"name":"RC2"}],"entryId":19358,"eventId":81,"driverId":785,"codriverId":535,"manufacturerId":26,"entrantId":1072,"groupId":8,"tagId":null,"entryListOrder":21,"identifier":"31","vehicleModel":"Fiesta","eligibility":"WRC2","priority":"P2","status":"Entry","tyreManufacturer":"Pirelli"},{"driver":{"personId":4068,"countryId":76,"country":{"countryId":76,"name":"France","iso2":"FR","iso3":"FRA"},"firstName":"Eric","lastName":"CAMILLI","abbvName":"E. CAMILLI","fullName":"Eric CAMILLI","code":"CAM"},"codriver":{"personId":4923,"countryId":76,"country":{"countryId":76,"name":"France","iso2":"FR","iso3":"FRA"},"firstName":"Francois-Xavier","lastName":"BURESI","abbvName":"F. BURESI","fullName":"Francois-Xavier BURESI","code":"BUR"},"manufacturer":{"manufacturerId":87,"name":"Volkswagen","logoFilename":"volkswagen"},"entrant":{"entrantId":1073,"name":"CAMILLI ERIC","logoFilename":""},"group":{"groupId":8,"name":"R5"},"tag":null,"eventClasses":[{"eventClassId":399,"eventId":81,"name":"RC2"}],"entryId":19359,"eventId":81,"driverId":4068,"codriverId":4923,"manufacturerId":87,"entrantId":1073,"groupId":8,"tagId":null,"entryListOrder":22,"identifier":"32","vehicleModel":"Polo GTI","eligibility":"WRC2","priority":"P2","status":"Retired","tyreManufacturer":"Michelin"},{"driver":{"personId":2469,"countryId":76,"country":{"countryId":76,"name":"France","iso2":"FR","iso3":"FRA"},"firstName":"Pierre-Louis","lastName":"LOUBET","abbvName":"P. LOUBET","fullName":"Pierre-Louis LOUBET","code":"LOU"},"codriver":{"personId":589,"countryId":76,"country":{"countryId":76,"name":"France","iso2":"FR","iso3":"FRA"},"firstName":"Vincent","lastName":"LANDAIS","abbvName":"V. LANDAIS","fullName":"Vincent LANDAIS","code":"LAN"},"manufacturer":{"manufacturerId":77,"name":"Skoda","logoFilename":"skoda"},"entrant":{"entrantId":1074,"name":"LOUBET PIERRE LOUIS","logoFilename":""},"group":{"groupId":8,"name":"R5"},"tag":null,"eventClasses":[{"eventClassId":399,"eventId":81,"name":"RC2"}],"entryId":19360,"eventId":81,"driverId":2469,"codriverId":589,"manufacturerId":77,"entrantId":1074,"groupId":8,"tagId":null,"entryListOrder":23,"identifier":"34","vehicleModel":"Fabia","eligibility":"WRC2","priority":"P2","status":"Rejoined","tyreManufacturer":"Michelin"},{"driver":{"personId":2475,"countryId":177,"country":{"countryId":177,"name":"Poland","iso2":"PL","iso3":"POL"},"firstName":"Kajetan","lastName":"KAJETANOWICZ","abbvName":"K. KAJETANOWICZ","fullName":"Kajetan KAJETANOWICZ","code":"KAJ"},"codriver":{"personId":3144,"countryId":177,"country":{"countryId":177,"name":"Poland","iso2":"PL","iso3":"POL"},"firstName":"Maciej","lastName":"SZCZEPANIAK","abbvName":"M. SZCZEPANIAK","fullName":"Maciej SZCZEPANIAK","code":"SZC"},"manufacturer":{"manufacturerId":87,"name":"Volkswagen","logoFilename":"volkswagen"},"entrant":{"entrantId":1075,"name":"KAJETANOWICZ KAJETAN","logoFilename":""},"group":{"groupId":8,"name":"R5"},"tag":null,"eventClasses":[{"eventClassId":399,"eventId":81,"name":"RC2"}],"entryId":19361,"eventId":81,"driverId":2475,"codriverId":3144,"manufacturerId":87,"entrantId":1075,"groupId":8,"tagId":null,"entryListOrder":24,"identifier":"35","vehicleModel":"Polo GTI","eligibility":"WRC2","priority":"P2","status":"Entry","tyreManufacturer":"Pirelli"},{"driver":{"personId":3228,"countryId":182,"country":{"countryId":182,"name":"Romania","iso2":"RO","iso3":"ROU"},"firstName":"Simone","lastName":"TEMPESTINI","abbvName":"S. TEMPESTINI","fullName":"Simone TEMPESTINI","code":"TEM"},"codriver":{"personId":4924,"countryId":182,"country":{"countryId":182,"name":"Romania","iso2":"RO","iso3":"ROU"},"firstName":"Sergiu Sebastian","lastName":"ITU","abbvName":"S. ITU","fullName":"Sergiu Sebastian ITU","code":"ITU"},"manufacturer":{"manufacturerId":33,"name":"Hyundai","logoFilename":"hyundai"},"entrant":{"entrantId":1076,"name":"TEMPESTINI SIMONE","logoFilename":""},"group":{"groupId":8,"name":"R5"},"tag":null,"eventClasses":[{"eventClassId":399,"eventId":81,"name":"RC2"}],"entryId":19362,"eventId":81,"driverId":3228,"codriverId":4924,"manufacturerId":33,"entrantId":1076,"groupId":8,"tagId":null,"entryListOrder":25,"identifier":"36","vehicleModel":"i20","eligibility":"WRC2","priority":"P2","status":"Rejoined","tyreManufacturer":"Pirelli"},{"driver":{"personId":3131,"countryId":209,"country":{"countryId":209,"name":"Spain","iso2":"ES","iso3":"ESP"},"firstName":"Nil","lastName":"SOLANS BALDO","abbvName":"N. SOLANS BALDO","fullName":"Nil SOLANS BALDO","code":"BAL"},"codriver":{"personId":1263,"countryId":209,"country":{"countryId":209,"name":"Spain","iso2":"ES","iso3":"ESP"},"firstName":"Marc","lastName":"MARTI","abbvName":"M. MARTI","fullName":"Marc MARTI","code":"MAR"},"manufacturer":{"manufacturerId":26,"name":"Ford","logoFilename":"ford"},"entrant":{"entrantId":345,"name":"SOLANS BALDO NIL","logoFilename":null},"group":{"groupId":8,"name":"R5"},"tag":null,"eventClasses":[{"eventClassId":399,"eventId":81,"name":"RC2"}],"entryId":19363,"eventId":81,"driverId":3131,"codriverId":1263,"manufacturerId":26,"entrantId":345,"groupId":8,"tagId":null,"entryListOrder":26,"identifier":"37","vehicleModel":"Fiesta","eligibility":"WRC2","priority":"P2","status":"Retired","tyreManufacturer":"Pirelli"},{"driver":{"personId":1807,"countryId":110,"country":{"countryId":110,"name":"Italy","iso2":"IT","iso3":"ITA"},"firstName":"Fabio","lastName":"ANDOLFI","abbvName":"F. ANDOLFI","fullName":"Fabio ANDOLFI","code":"AND"},"codriver":{"personId":2467,"countryId":110,"country":{"countryId":110,"name":"Italy","iso2":"IT","iso3":"ITA"},"firstName":"Simone","lastName":"SCATTOLIN","abbvName":"S. SCATTOLIN","fullName":"Simone SCATTOLIN","code":"SCA"},"manufacturer":{"manufacturerId":77,"name":"Skoda","logoFilename":"skoda"},"entrant":{"entrantId":1077,"name":"ANDOLFI FABIO","logoFilename":""},"group":{"groupId":8,"name":"R5"},"tag":null,"eventClasses":[{"eventClassId":399,"eventId":81,"name":"RC2"}],"entryId":19364,"eventId":81,"driverId":1807,"codriverId":2467,"manufacturerId":77,"entrantId":1077,"groupId":8,"tagId":null,"entryListOrder":27,"identifier":"38","vehicleModel":"Fabia","eligibility":"WRC2","priority":"P2","status":"Entry","tyreManufacturer":"Pirelli"},{"driver":{"personId":3156,"countryId":22,"country":{"countryId":22,"name":"Belgium","iso2":"BE","iso3":"BEL"},"firstName":"Sebastien","lastName":"BEDORET","abbvName":"S. BEDORET","fullName":"Sebastien BEDORET","code":"BED"},"codriver":{"personId":3157,"countryId":22,"country":{"countryId":22,"name":"Belgium","iso2":"BE","iso3":"BEL"},"firstName":"Thomas","lastName":"WALBRECQ","abbvName":"T. WALBRECQ","fullName":"Thomas WALBRECQ","code":"WAL"},"manufacturer":{"manufacturerId":77,"name":"Skoda","logoFilename":"skoda"},"entrant":{"entrantId":1078,"name":"BEDORET SEBASTIEN","logoFilename":""},"group":{"groupId":8,"name":"R5"},"tag":null,"eventClasses":[{"eventClassId":399,"eventId":81,"name":"RC2"}],"entryId":19365,"eventId":81,"driverId":3156,"codriverId":3157,"manufacturerId":77,"entrantId":1078,"groupId":8,"tagId":null,"entryListOrder":28,"identifier":"39","vehicleModel":"Fabia","eligibility":"WRC2","priority":"P2","status":"Entry","tyreManufacturer":"Michelin"},{"driver":{"personId":574,"countryId":110,"country":{"countryId":110,"name":"Italy","iso2":"IT","iso3":"ITA"},"firstName":"Enrico","lastName":"BRAZZOLI","abbvName":"E. BRAZZOLI","fullName":"Enrico BRAZZOLI","code":"BRA"},"codriver":{"personId":822,"countryId":110,"country":{"countryId":110,"name":"Italy","iso2":"IT","iso3":"ITA"},"firstName":"Manuel","lastName":"FENOLI","abbvName":"M. FENOLI","fullName":"Manuel FENOLI","code":"FEN"},"manufacturer":{"manufacturerId":25,"name":"Fiat","logoFilename":"fiat"},"entrant":{"entrantId":112,"name":"BRAZZOLI ENRICO","logoFilename":null},"group":{"groupId":9,"name":"RGT"},"tag":null,"eventClasses":[{"eventClassId":400,"eventId":81,"name":"RGT"}],"entryId":19366,"eventId":81,"driverId":574,"codriverId":822,"manufacturerId":25,"entrantId":112,"groupId":9,"tagId":null,"entryListOrder":29,"identifier":"44","vehicleModel":"124 Abarth","eligibility":"RGT","priority":"RGT","status":"Entry","tyreManufacturer":"Pirelli"},{"driver":{"personId":4683,"countryId":40,"country":{"countryId":40,"name":"Canada","iso2":"CA","iso3":"CAN"},"firstName":"Ian","lastName":"CRERAR","abbvName":"I. CRERAR","fullName":"Ian CRERAR","code":"CRE"},"codriver":{"personId":4925,"countryId":40,"country":{"countryId":40,"name":"Canada","iso2":"CA","iso3":"CAN"},"firstName":"Patrick","lastName":"LEVESQUE","abbvName":"P. LEVESQUE","fullName":"Patrick LEVESQUE","code":"LEV"},"manufacturer":{"manufacturerId":91,"name":"Porsche","logoFilename":"porsche"},"entrant":{"entrantId":971,"name":"CRERAR IAN","logoFilename":""},"group":{"groupId":9,"name":"RGT"},"tag":null,"eventClasses":[{"eventClassId":400,"eventId":81,"name":"RGT"}],"entryId":19367,"eventId":81,"driverId":4683,"codriverId":4925,"manufacturerId":91,"entrantId":971,"groupId":9,"tagId":null,"entryListOrder":30,"identifier":"45","vehicleModel":"911 Carrera","eligibility":"RGT","priority":"RGT","status":"NonStarter","tyreManufacturer":"Michelin"},{"driver":{"personId":4926,"countryId":60,"country":{"countryId":60,"name":"Czech Republic","iso2":"CZ","iso3":"CZE"},"firstName":"Petr","lastName":"NESETRIL","abbvName":"P. NESETRIL","fullName":"Petr NESETRIL","code":"NES"},"codriver":{"personId":4927,"countryId":60,"country":{"countryId":60,"name":"Czech Republic","iso2":"CZ","iso3":"CZE"},"firstName":"Jiri","lastName":"CERNOCH","abbvName":"J. CERNOCH","fullName":"Jiri CERNOCH","code":"CER"},"manufacturer":{"manufacturerId":91,"name":"Porsche","logoFilename":"porsche"},"entrant":{"entrantId":1079,"name":"NESETRIL PETR","logoFilename":""},"group":{"groupId":9,"name":"RGT"},"tag":null,"eventClasses":[{"eventClassId":400,"eventId":81,"name":"RGT"}],"entryId":19368,"eventId":81,"driverId":4926,"codriverId":4927,"manufacturerId":91,"entrantId":1079,"groupId":9,"tagId":null,"entryListOrder":31,"identifier":"46","vehicleModel":"997 GT3","eligibility":"RGT","priority":"RGT","status":"Entry","tyreManufacturer":"Michelin"},{"driver":{"personId":1793,"countryId":110,"country":{"countryId":110,"name":"Italy","iso2":"IT","iso3":"ITA"},"firstName":"Alberto","lastName":"SASSI","abbvName":"A. SASSI","fullName":"Alberto SASSI","code":"SAS"},"codriver":{"personId":4928,"countryId":110,"country":{"countryId":110,"name":"Italy","iso2":"IT","iso3":"ITA"},"firstName":"Fabio","lastName":"CANGINI","abbvName":"F. CANGINI","fullName":"Fabio CANGINI","code":"CAN"},"manufacturer":{"manufacturerId":25,"name":"Fiat","logoFilename":"fiat"},"entrant":{"entrantId":1080,"name":"SASSI ALBERTO","logoFilename":""},"group":{"groupId":9,"name":"RGT"},"tag":null,"eventClasses":[{"eventClassId":400,"eventId":81,"name":"RGT"}],"entryId":19369,"eventId":81,"driverId":1793,"codriverId":4928,"manufacturerId":25,"entrantId":1080,"groupId":9,"tagId":null,"entryListOrder":32,"identifier":"61","vehicleModel":"124 Abarth","eligibility":"RGT","priority":"RGT","status":"Rejoined","tyreManufacturer":"None"},{"driver":{"personId":3167,"countryId":215,"country":{"countryId":215,"name":"Sweden","iso2":"SE","iso3":"SWE"},"firstName":"Tom","lastName":"KRISTENSSON","abbvName":"T. KRISTENSSON","fullName":"Tom KRISTENSSON","code":"KRI"},"codriver":{"personId":3168,"countryId":215,"country":{"countryId":215,"name":"Sweden","iso2":"SE","iso3":"SWE"},"firstName":"Henrik","lastName":"APPELSKOG","abbvName":"H. APPELSKOG","fullName":"Henrik APPELSKOG","code":"APP"},"manufacturer":{"manufacturerId":26,"name":"Ford","logoFilename":"ford"},"entrant":{"entrantId":1081,"name":"KRISTENSSON TOM","logoFilename":""},"group":{"groupId":4,"name":"R2"},"tag":null,"eventClasses":[{"eventClassId":401,"eventId":81,"name":"RC4"}],"entryId":19370,"eventId":81,"driverId":3167,"codriverId":3168,"manufacturerId":26,"entrantId":1081,"groupId":4,"tagId":null,"entryListOrder":33,"identifier":"71","vehicleModel":"Fiesta","eligibility":"JWRC","priority":"P3","status":"Entry","tyreManufacturer":"Pirelli"},{"driver":{"personId":3107,"countryId":70,"country":{"countryId":70,"name":"Estonia","iso2":"EE","iso3":"EST"},"firstName":"Roland","lastName":"POOM","abbvName":"R. POOM","fullName":"Roland POOM","code":"POO"},"codriver":{"personId":1818,"countryId":70,"country":{"countryId":70,"name":"Estonia","iso2":"EE","iso3":"EST"},"firstName":"Ken","lastName":"JARVEOJA","abbvName":"K. JARVEOJA","fullName":"Ken JARVEOJA","code":"JAR"},"manufacturer":{"manufacturerId":26,"name":"Ford","logoFilename":"ford"},"entrant":{"entrantId":1082,"name":"POOM ROLAND","logoFilename":""},"group":{"groupId":4,"name":"R2"},"tag":null,"eventClasses":[{"eventClassId":401,"eventId":81,"name":"RC4"}],"entryId":19371,"eventId":81,"driverId":3107,"codriverId":1818,"manufacturerId":26,"entrantId":1082,"groupId":4,"tagId":null,"entryListOrder":34,"identifier":"72","vehicleModel":"Fiesta","eligibility":"JWRC","priority":"P3","status":"Entry","tyreManufacturer":"Pirelli"},{"driver":{"personId":4929,"countryId":209,"country":{"countryId":209,"name":"Spain","iso2":"ES","iso3":"ESP"},"firstName":"Jan","lastName":"SOLANS","abbvName":"J. SOLANS","fullName":"Jan SOLANS","code":"SOL"},"codriver":{"personId":4930,"countryId":209,"country":{"countryId":209,"name":"Spain","iso2":"ES","iso3":"ESP"},"firstName":"Mauro","lastName":"BARREIRO","abbvName":"M. BARREIRO","fullName":"Mauro BARREIRO","code":"BAR"},"manufacturer":{"manufacturerId":26,"name":"Ford","logoFilename":"ford"},"entrant":{"entrantId":1022,"name":"RALLY TEAM SPAIN","logoFilename":""},"group":{"groupId":4,"name":"R2"},"tag":null,"eventClasses":[{"eventClassId":401,"eventId":81,"name":"RC4"}],"entryId":19372,"eventId":81,"driverId":4929,"codriverId":4930,"manufacturerId":26,"entrantId":1022,"groupId":4,"tagId":null,"entryListOrder":35,"identifier":"73","vehicleModel":"Fiesta","eligibility":"JWRC","priority":"P3","status":"Entry","tyreManufacturer":"Pirelli"},{"driver":{"personId":3245,"countryId":215,"country":{"countryId":215,"name":"Sweden","iso2":"SE","iso3":"SWE"},"firstName":"Dennis","lastName":"RÅDSTRÖM","abbvName":"D. RÅDSTRÖM","fullName":"Dennis RÅDSTRÖM","code":"RAD"},"codriver":{"personId":2198,"countryId":215,"country":{"countryId":215,"name":"Sweden","iso2":"SE","iso3":"SWE"},"firstName":"Johan","lastName":"JOHANSSON","abbvName":"J. JOHANSSON","fullName":"Johan JOHANSSON","code":"JOH"},"manufacturer":{"manufacturerId":26,"name":"Ford","logoFilename":"ford"},"entrant":{"entrantId":1083,"name":"RADSTRÖM DENNIS","logoFilename":""},"group":{"groupId":4,"name":"R2"},"tag":null,"eventClasses":[{"eventClassId":401,"eventId":81,"name":"RC4"}],"entryId":19373,"eventId":81,"driverId":3245,"codriverId":2198,"manufacturerId":26,"entrantId":1083,"groupId":4,"tagId":null,"entryListOrder":36,"identifier":"74","vehicleModel":"Fiesta","eligibility":"JWRC","priority":"P3","status":"Entry","tyreManufacturer":"Pirelli"},{"driver":{"personId":824,"countryId":235,"country":{"countryId":235,"name":"United Kingdom of Great Britain and Northern Ireland","iso2":"GB","iso3":"GBR"},"firstName":"Tom","lastName":"WILLIAMS","abbvName":"T. WILLIAMS","fullName":"Tom WILLIAMS","code":"WIL"},"codriver":{"personId":1261,"countryId":235,"country":{"countryId":235,"name":"United Kingdom of Great Britain and Northern Ireland","iso2":"GB","iso3":"GBR"},"firstName":"Phil","lastName":"HALL","abbvName":"P. HALL","fullName":"Phil HALL","code":"HAL"},"manufacturer":{"manufacturerId":26,"name":"Ford","logoFilename":"ford"},"entrant":{"entrantId":1084,"name":"WILLIAMS TOM","logoFilename":""},"group":{"groupId":4,"name":"R2"},"tag":null,"eventClasses":[{"eventClassId":401,"eventId":81,"name":"RC4"}],"entryId":19374,"eventId":81,"driverId":824,"codriverId":1261,"manufacturerId":26,"entrantId":1084,"groupId":4,"tagId":null,"entryListOrder":37,"identifier":"75","vehicleModel":"Fiesta","eligibility":"JWRC","priority":"P3","status":"Entry","tyreManufacturer":"Pirelli"},{"driver":{"personId":3169,"countryId":123,"country":{"countryId":123,"name":"Latvia","iso2":"LV","iso3":"LVA"},"firstName":"Martins","lastName":"SESKS","abbvName":"M. SESKS","fullName":"Martins SESKS","code":"SES"},"codriver":{"personId":4773,"countryId":123,"country":{"countryId":123,"name":"Latvia","iso2":"LV","iso3":"LVA"},"firstName":"Krisjanis","lastName":"CAUNE","abbvName":"K. CAUNE","fullName":"Krisjanis CAUNE","code":"CAU"},"manufacturer":{"manufacturerId":26,"name":"Ford","logoFilename":"ford"},"entrant":{"entrantId":1021,"name":"LMT AUTOSPORTA AKADEMIJA","logoFilename":""},"group":{"groupId":4,"name":"R2"},"tag":null,"eventClasses":[{"eventClassId":401,"eventId":81,"name":"RC4"}],"entryId":19375,"eventId":81,"driverId":3169,"codriverId":4773,"manufacturerId":26,"entrantId":1021,"groupId":4,"tagId":null,"entryListOrder":38,"identifier":"76","vehicleModel":"Fiesta","eligibility":"JWRC","priority":"P3","status":"Retired","tyreManufacturer":"Pirelli"},{"driver":{"personId":4777,"countryId":236,"country":{"countryId":236,"name":"United States of America","iso2":"US","iso3":"USA"},"firstName":"Sean","lastName":"JOHNSTON","abbvName":"S. JOHNSTON","fullName":"Sean JOHNSTON","code":"JOH"},"codriver":{"personId":4778,"countryId":236,"country":{"countryId":236,"name":"United States of America","iso2":"US","iso3":"USA"},"firstName":"Alex","lastName":"KIHURANI","abbvName":"A. KIHURANI","fullName":"Alex KIHURANI","code":"KIH"},"manufacturer":{"manufacturerId":26,"name":"Ford","logoFilename":"ford"},"entrant":{"entrantId":1085,"name":"JOHNSTON SEAN","logoFilename":""},"group":{"groupId":4,"name":"R2"},"tag":null,"eventClasses":[{"eventClassId":401,"eventId":81,"name":"RC4"}],"entryId":19376,"eventId":81,"driverId":4777,"codriverId":4778,"manufacturerId":26,"entrantId":1085,"groupId":4,"tagId":null,"entryListOrder":39,"identifier":"77","vehicleModel":"Fiesta","eligibility":"JWRC","priority":"P3","status":"Retired","tyreManufacturer":"Pirelli"},{"driver":{"personId":828,"countryId":110,"country":{"countryId":110,"name":"Italy","iso2":"IT","iso3":"ITA"},"firstName":"Enrico","lastName":"OLDRATI","abbvName":"E. OLDRATI","fullName":"Enrico OLDRATI","code":"OLD"},"codriver":{"personId":3250,"countryId":110,"country":{"countryId":110,"name":"Italy","iso2":"IT","iso3":"ITA"},"firstName":"Elia","lastName":"DE GUIO","abbvName":"E. DE GUIO","fullName":"Elia DE GUIO","code":"DE "},"manufacturer":{"manufacturerId":26,"name":"Ford","logoFilename":"ford"},"entrant":{"entrantId":1086,"name":"OLDRATI ENRICO","logoFilename":""},"group":{"groupId":4,"name":"R2"},"tag":null,"eventClasses":[{"eventClassId":401,"eventId":81,"name":"RC4"}],"entryId":19377,"eventId":81,"driverId":828,"codriverId":3250,"manufacturerId":26,"entrantId":1086,"groupId":4,"tagId":null,"entryListOrder":40,"identifier":"78","vehicleModel":"Fiesta","eligibility":"JWRC","priority":"P3","status":"Entry","tyreManufacturer":"Pirelli"},{"driver":{"personId":813,"countryId":70,"country":{"countryId":70,"name":"Estonia","iso2":"EE","iso3":"EST"},"firstName":"Ken","lastName":"TORN","abbvName":"K. TORN","fullName":"Ken TORN","code":"TOR"},"codriver":{"personId":4931,"countryId":70,"country":{"countryId":70,"name":"Estonia","iso2":"EE","iso3":"EST"},"firstName":"Kauri","lastName":"PANNAS","abbvName":"K. PANNAS","fullName":"Kauri PANNAS","code":"PAN"},"manufacturer":{"manufacturerId":26,"name":"Ford","logoFilename":"ford"},"entrant":{"entrantId":194,"name":"OT RACING","logoFilename":null},"group":{"groupId":4,"name":"R2"},"tag":null,"eventClasses":[{"eventClassId":401,"eventId":81,"name":"RC4"}],"entryId":19378,"eventId":81,"driverId":813,"codriverId":4931,"manufacturerId":26,"entrantId":194,"groupId":4,"tagId":null,"entryListOrder":41,"identifier":"79","vehicleModel":"Fiesta","eligibility":"JWRC","priority":"P3","status":"Retired","tyreManufacturer":"Pirelli"},{"driver":{"personId":4776,"countryId":173,"country":{"countryId":173,"name":"Paraguay","iso2":"PY","iso3":"PRY"},"firstName":"Fabrizio","lastName":"ZALDIVAR","abbvName":"F. ZALDIVAR","fullName":"Fabrizio ZALDIVAR","code":"ZAL"},"codriver":{"personId":1254,"countryId":11,"country":{"countryId":11,"name":"Argentina","iso2":"AR","iso3":"ARG"},"firstName":"Fernando","lastName":"MUSSANO","abbvName":"F. MUSSANO","fullName":"Fernando MUSSANO","code":" FE"},"manufacturer":{"manufacturerId":26,"name":"Ford","logoFilename":"ford"},"entrant":{"entrantId":1087,"name":"ZALDIVAR FABRIZIO","logoFilename":""},"group":{"groupId":4,"name":"R2"},"tag":null,"eventClasses":[{"eventClassId":401,"eventId":81,"name":"RC4"}],"entryId":19379,"eventId":81,"driverId":4776,"codriverId":1254,"manufacturerId":26,"entrantId":1087,"groupId":4,"tagId":null,"entryListOrder":42,"identifier":"80","vehicleModel":"Fiesta","eligibility":"JWRC","priority":"P3","status":"Entry","tyreManufacturer":"Pirelli"},{"driver":{"personId":2109,"countryId":83,"country":{"countryId":83,"name":"Germany","iso2":"DE","iso3":"DEU"},"firstName":"Julius","lastName":"TANNERT","abbvName":"J. TANNERT","fullName":"Julius TANNERT","code":"TAN"},"codriver":{"personId":2110,"countryId":15,"country":{"countryId":15,"name":"Austria","iso2":"AT","iso3":"AUT"},"firstName":"Jürgen","lastName":"HEIGL","abbvName":"J. HEIGL","fullName":"Jürgen HEIGL","code":"HEI"},"manufacturer":{"manufacturerId":26,"name":"Ford","logoFilename":"ford"},"entrant":{"entrantId":195,"name":"ADAC SACHSEN E.V.","logoFilename":null},"group":{"groupId":4,"name":"R2"},"tag":null,"eventClasses":[{"eventClassId":401,"eventId":81,"name":"RC4"}],"entryId":19380,"eventId":81,"driverId":2109,"codriverId":2110,"manufacturerId":26,"entrantId":195,"groupId":4,"tagId":null,"entryListOrder":43,"identifier":"81","vehicleModel":"Fiesta","eligibility":"JWRC","priority":"P3","status":"Entry","tyreManufacturer":"Pirelli"},{"driver":{"personId":4774,"countryId":83,"country":{"countryId":83,"name":"Germany","iso2":"DE","iso3":"DEU"},"firstName":"Nico","lastName":"KNACKER","abbvName":"N. KNACKER","fullName":"Nico KNACKER","code":"KNA"},"codriver":{"personId":5001,"countryId":83,"country":{"countryId":83,"name":"Germany","iso2":"DE","iso3":"DEU"},"firstName":"Michael","lastName":"WENZEL","abbvName":"M. WENZEL","fullName":"Michael WENZEL","code":"DEU"},"manufacturer":{"manufacturerId":26,"name":"Ford","logoFilename":"ford"},"entrant":{"entrantId":1023,"name":"ADAC WESER-EMS E.V.","logoFilename":""},"group":{"groupId":4,"name":"R2"},"tag":null,"eventClasses":[{"eventClassId":401,"eventId":81,"name":"RC4"}],"entryId":19381,"eventId":81,"driverId":4774,"codriverId":5001,"manufacturerId":26,"entrantId":1023,"groupId":4,"tagId":null,"entryListOrder":44,"identifier":"82","vehicleModel":"Fiesta","eligibility":"JWRC","priority":"P3","status":"Entry","tyreManufacturer":"Pirelli"},{"driver":{"personId":3255,"countryId":182,"country":{"countryId":182,"name":"Romania","iso2":"RO","iso3":"ROU"},"firstName":"Raul","lastName":"BADIU","abbvName":"R. BADIU","fullName":"Raul BADIU","code":"BAD"},"codriver":{"personId":3256,"countryId":182,"country":{"countryId":182,"name":"Romania","iso2":"RO","iso3":"ROU"},"firstName":"Gabriel","lastName":"LAZAR","abbvName":"G. LAZAR","fullName":"Gabriel LAZAR","code":"LAZ"},"manufacturer":{"manufacturerId":26,"name":"Ford","logoFilename":"ford"},"entrant":{"entrantId":1088,"name":"BADIU RAUL","logoFilename":""},"group":{"groupId":4,"name":"R2"},"tag":null,"eventClasses":[{"eventClassId":401,"eventId":81,"name":"RC4"}],"entryId":19382,"eventId":81,"driverId":3255,"codriverId":3256,"manufacturerId":26,"entrantId":1088,"groupId":4,"tagId":null,"entryListOrder":45,"identifier":"83","vehicleModel":"Fiesta","eligibility":"JWRC","priority":"P3","status":"Entry","tyreManufacturer":"Pirelli"},{"driver":{"personId":4932,"countryId":76,"country":{"countryId":76,"name":"France","iso2":"FR","iso3":"FRA"},"firstName":"Jean-Charles","lastName":"BEAUBELIQUE","abbvName":"J. BEAUBELIQUE","fullName":"Jean-Charles BEAUBELIQUE","code":"BEA"},"codriver":{"personId":4933,"countryId":76,"country":{"countryId":76,"name":"France","iso2":"FR","iso3":"FRA"},"firstName":"Julien","lastName":"PESANTI","abbvName":"J. PESANTI","fullName":"Julien PESANTI","code":"PES"},"manufacturer":{"manufacturerId":13,"name":"Citroen","logoFilename":"citroen"},"entrant":{"entrantId":1089,"name":"BEAUBELIQUE JEAN-CHARLES","logoFilename":""},"group":{"groupId":10,"name":"WRC"},"tag":null,"eventClasses":[{"eventClassId":398,"eventId":81,"name":"RC1"}],"entryId":19383,"eventId":81,"driverId":4932,"codriverId":4933,"manufacturerId":13,"entrantId":1089,"groupId":10,"tagId":null,"entryListOrder":46,"identifier":"40","vehicleModel":"DS3","eligibility":"None","priority":"None","status":"Entry","tyreManufacturer":"Michelin"},{"driver":{"personId":1826,"countryId":76,"country":{"countryId":76,"name":"France","iso2":"FR","iso3":"FRA"},"firstName":"Armando","lastName":"PEREIRA","abbvName":"A. PEREIRA","fullName":"Armando PEREIRA","code":"PER"},"codriver":{"personId":1827,"countryId":76,"country":{"countryId":76,"name":"France","iso2":"FR","iso3":"FRA"},"firstName":"Remi","lastName":"TUTELAIRE","abbvName":"R. TUTELAIRE","fullName":"Remi TUTELAIRE","code":"TUT"},"manufacturer":{"manufacturerId":26,"name":"Ford","logoFilename":"ford"},"entrant":{"entrantId":1090,"name":"PEREIRA ARMANDO","logoFilename":""},"group":{"groupId":10,"name":"WRC"},"tag":null,"eventClasses":[{"eventClassId":398,"eventId":81,"name":"RC1"}],"entryId":19384,"eventId":81,"driverId":1826,"codriverId":1827,"manufacturerId":26,"entrantId":1090,"groupId":10,"tagId":null,"entryListOrder":47,"identifier":"41","vehicleModel":"Fiesta","eligibility":"None","priority":"None","status":"Entry","tyreManufacturer":"Michelin"},{"driver":{"personId":1828,"countryId":76,"country":{"countryId":76,"name":"France","iso2":"FR","iso3":"FRA"},"firstName":"Alain","lastName":"VAUTHIER","abbvName":"A. VAUTHIER","fullName":"Alain VAUTHIER","code":"VAU"},"codriver":{"personId":4934,"countryId":76,"country":{"countryId":76,"name":"France","iso2":"FR","iso3":"FRA"},"firstName":"Gilbert","lastName":"DINI","abbvName":"G. DINI","fullName":"Gilbert DINI","code":"DIN"},"manufacturer":{"manufacturerId":26,"name":"Ford","logoFilename":"ford"},"entrant":{"entrantId":1091,"name":"VAUTHIER ALAIN","logoFilename":""},"group":{"groupId":10,"name":"WRC"},"tag":null,"eventClasses":[{"eventClassId":398,"eventId":81,"name":"RC1"}],"entryId":19385,"eventId":81,"driverId":1828,"codriverId":4934,"manufacturerId":26,"entrantId":1091,"groupId":10,"tagId":null,"entryListOrder":48,"identifier":"42","vehicleModel":"Fiesta","eligibility":"None","priority":"None","status":"Entry","tyreManufacturer":"Michelin"},{"driver":{"personId":4935,"countryId":76,"country":{"countryId":76,"name":"France","iso2":"FR","iso3":"FRA"},"firstName":"Robert","lastName":"SIMONETTI","abbvName":"R. SIMONETTI","fullName":"Robert SIMONETTI","code":"SIM"},"codriver":{"personId":4936,"countryId":76,"country":{"countryId":76,"name":"France","iso2":"FR","iso3":"FRA"},"firstName":"Celia","lastName":"SIMONETTI","abbvName":"C. SIMONETTI","fullName":"Celia SIMONETTI","code":"SIM"},"manufacturer":{"manufacturerId":13,"name":"Citroen","logoFilename":"citroen"},"entrant":{"entrantId":1092,"name":"SIMONETTI ROBERT","logoFilename":""},"group":{"groupId":10,"name":"WRC"},"tag":null,"eventClasses":[{"eventClassId":398,"eventId":81,"name":"RC1"}],"entryId":19386,"eventId":81,"driverId":4935,"codriverId":4936,"manufacturerId":13,"entrantId":1092,"groupId":10,"tagId":null,"entryListOrder":49,"identifier":"43","vehicleModel":"DS3","eligibility":"None","priority":"None","status":"Rejoined","tyreManufacturer":"Michelin"},{"driver":{"personId":560,"countryId":110,"country":{"countryId":110,"name":"Italy","iso2":"IT","iso3":"ITA"},"firstName":"Andrea","lastName":"NUCITA","abbvName":"A. NUCITA","fullName":"Andrea NUCITA","code":"NUC"},"codriver":{"personId":4705,"countryId":110,"country":{"countryId":110,"name":"Italy","iso2":"IT","iso3":"ITA"},"firstName":"Giuseppe","lastName":"PRINCIOTTO","abbvName":"G. PRINCIOTTO","fullName":"Giuseppe PRINCIOTTO","code":"PRI"},"manufacturer":{"manufacturerId":33,"name":"Hyundai","logoFilename":"hyundai"},"entrant":{"entrantId":105,"name":"NUCITA ANDREA","logoFilename":null},"group":{"groupId":8,"name":"R5"},"tag":null,"eventClasses":[{"eventClassId":399,"eventId":81,"name":"RC2"}],"entryId":19387,"eventId":81,"driverId":560,"codriverId":4705,"manufacturerId":33,"entrantId":105,"groupId":8,"tagId":null,"entryListOrder":50,"identifier":"47","vehicleModel":"i20","eligibility":"None","priority":"None","status":"Retired","tyreManufacturer":"Pirelli"},{"driver":{"personId":1834,"countryId":76,"country":{"countryId":76,"name":"France","iso2":"FR","iso3":"FRA"},"firstName":"Thomas","lastName":"ARGENTI","abbvName":"T. ARGENTI","fullName":"Thomas ARGENTI","code":"ARG"},"codriver":{"personId":1839,"countryId":76,"country":{"countryId":76,"name":"France","iso2":"FR","iso3":"FRA"},"firstName":"Fabrice","lastName":"GORDON","abbvName":"F. GORDON","fullName":"Fabrice GORDON","code":"GOR"},"manufacturer":{"manufacturerId":77,"name":"Skoda","logoFilename":"skoda"},"entrant":{"entrantId":1093,"name":"ARGENTI THOMAS","logoFilename":""},"group":{"groupId":8,"name":"R5"},"tag":null,"eventClasses":[{"eventClassId":399,"eventId":81,"name":"RC2"}],"entryId":19388,"eventId":81,"driverId":1834,"codriverId":1839,"manufacturerId":77,"entrantId":1093,"groupId":8,"tagId":null,"entryListOrder":51,"identifier":"48","vehicleModel":"Fabia","eligibility":"None","priority":"None","status":"Retired","tyreManufacturer":"Pirelli"},{"driver":{"personId":1877,"countryId":76,"country":{"countryId":76,"name":"France","iso2":"FR","iso3":"FRA"},"firstName":"Olivier","lastName":"CAPANACCIA","abbvName":"O. CAPANACCIA","fullName":"Olivier CAPANACCIA","code":"CAP"},"codriver":{"personId":4937,"countryId":76,"country":{"countryId":76,"name":"France","iso2":"FR","iso3":"FRA"},"firstName":"Francois Olivier","lastName":"PIAZZA","abbvName":"F. PIAZZA","fullName":"Francois Olivier PIAZZA","code":"PIA"},"manufacturer":{"manufacturerId":77,"name":"Skoda","logoFilename":"skoda"},"entrant":{"entrantId":1094,"name":"CAPANACCIA OLIVIER","logoFilename":""},"group":{"groupId":8,"name":"R5"},"tag":null,"eventClasses":[{"eventClassId":399,"eventId":81,"name":"RC2"}],"entryId":19389,"eventId":81,"driverId":1877,"codriverId":4937,"manufacturerId":77,"entrantId":1094,"groupId":8,"tagId":null,"entryListOrder":52,"identifier":"49","vehicleModel":"Fabia","eligibility":"None","priority":"None","status":"Entry","tyreManufacturer":"Pirelli"},{"driver":{"personId":4938,"countryId":76,"country":{"countryId":76,"name":"France","iso2":"FR","iso3":"FRA"},"firstName":"Fabrice","lastName":"GIORGI","abbvName":"F. GIORGI","fullName":"Fabrice GIORGI","code":"GIO"},"codriver":{"personId":4939,"countryId":76,"country":{"countryId":76,"name":"France","iso2":"FR","iso3":"FRA"},"firstName":"Jean Paul","lastName":"MARCHINI","abbvName":"J. MARCHINI","fullName":"Jean Paul MARCHINI","code":"MAR"},"manufacturer":{"manufacturerId":77,"name":"Skoda","logoFilename":"skoda"},"entrant":{"entrantId":1095,"name":"GIORGI FABRICE","logoFilename":""},"group":{"groupId":8,"name":"R5"},"tag":null,"eventClasses":[{"eventClassId":399,"eventId":81,"name":"RC2"}],"entryId":19390,"eventId":81,"driverId":4938,"codriverId":4939,"manufacturerId":77,"entrantId":1095,"groupId":8,"tagId":null,"entryListOrder":53,"identifier":"50","vehicleModel":"Fabia","eligibility":"None","priority":"None","status":"NotAuthorised","tyreManufacturer":"None"},{"driver":{"personId":1848,"countryId":76,"country":{"countryId":76,"name":"France","iso2":"FR","iso3":"FRA"},"firstName":"Michel","lastName":"BRANCA","abbvName":"M. BRANCA","fullName":"Michel BRANCA","code":"BRA"},"codriver":{"personId":1849,"countryId":76,"country":{"countryId":76,"name":"France","iso2":"FR","iso3":"FRA"},"firstName":"Gerald","lastName":"FORNS","abbvName":"G. FORNS","fullName":"Gerald FORNS","code":"FOR"},"manufacturer":{"manufacturerId":65,"name":"Peugeot","logoFilename":"peugeot"},"entrant":{"entrantId":1096,"name":"BRANCA MICHEL","logoFilename":""},"group":{"groupId":8,"name":"R5"},"tag":null,"eventClasses":[{"eventClassId":399,"eventId":81,"name":"RC2"}],"entryId":19391,"eventId":81,"driverId":1848,"codriverId":1849,"manufacturerId":65,"entrantId":1096,"groupId":8,"tagId":null,"entryListOrder":54,"identifier":"51","vehicleModel":"208 T16","eligibility":"None","priority":"None","status":"Entry","tyreManufacturer":"Pirelli"},{"driver":{"personId":4940,"countryId":83,"country":{"countryId":83,"name":"Germany","iso2":"DE","iso3":"DEU"},"firstName":"Stefan","lastName":"GÖTTIG","abbvName":"S. GÖTTIG","fullName":"Stefan GÖTTIG","code":"GÖT"},"codriver":{"personId":4941,"countryId":83,"country":{"countryId":83,"name":"Germany","iso2":"DE","iso3":"DEU"},"firstName":"Natalie","lastName":"SOLBACH-SCHMIDT","abbvName":"N. SOLBACH-SCHMIDT","fullName":"Natalie SOLBACH-SCHMIDT","code":"SOL"},"manufacturer":{"manufacturerId":77,"name":"Skoda","logoFilename":"skoda"},"entrant":{"entrantId":1097,"name":"KMCK E.V. IM ADAC","logoFilename":""},"group":{"groupId":8,"name":"R5"},"tag":null,"eventClasses":[{"eventClassId":399,"eventId":81,"name":"RC2"}],"entryId":19392,"eventId":81,"driverId":4940,"codriverId":4941,"manufacturerId":77,"entrantId":1097,"groupId":8,"tagId":null,"entryListOrder":55,"identifier":"52","vehicleModel":"Fabia","eligibility":"None","priority":"None","status":"Entry","tyreManufacturer":"Pirelli"},{"driver":{"personId":4942,"countryId":76,"country":{"countryId":76,"name":"France","iso2":"FR","iso3":"FRA"},"firstName":"Laurent","lastName":"FAUGUET","abbvName":"L. FAUGUET","fullName":"Laurent FAUGUET","code":"FAU"},"codriver":{"personId":4943,"countryId":76,"country":{"countryId":76,"name":"France","iso2":"FR","iso3":"FRA"},"firstName":"Romain","lastName":"BECCAVIN","abbvName":"R. BECCAVIN","fullName":"Romain BECCAVIN","code":"BEC"},"manufacturer":{"manufacturerId":77,"name":"Skoda","logoFilename":"skoda"},"entrant":{"entrantId":1098,"name":"FAUGUET LAURENT","logoFilename":""},"group":{"groupId":8,"name":"R5"},"tag":null,"eventClasses":[{"eventClassId":399,"eventId":81,"name":"RC2"}],"entryId":19393,"eventId":81,"driverId":4942,"codriverId":4943,"manufacturerId":77,"entrantId":1098,"groupId":8,"tagId":null,"entryListOrder":56,"identifier":"53","vehicleModel":"Fabia","eligibility":"None","priority":"None","status":"Retired","tyreManufacturer":"Michelin"},{"driver":{"personId":4944,"countryId":76,"country":{"countryId":76,"name":"France","iso2":"FR","iso3":"FRA"},"firstName":"Emmanuel","lastName":"GUIGOU","abbvName":"E. GUIGOU","fullName":"Emmanuel GUIGOU","code":"GUI"},"codriver":{"personId":4945,"countryId":76,"country":{"countryId":76,"name":"France","iso2":"FR","iso3":"FRA"},"firstName":"Alexandre","lastName":"CORIA","abbvName":"A. CORIA","fullName":"Alexandre CORIA","code":"COR"},"manufacturer":{"manufacturerId":69,"name":"Renault","logoFilename":"renault"},"entrant":{"entrantId":1099,"name":"GUIGOU EMMANUEL","logoFilename":""},"group":{"groupId":7,"name":"R3T"},"tag":null,"eventClasses":[{"eventClassId":402,"eventId":81,"name":"RC3"}],"entryId":19394,"eventId":81,"driverId":4944,"codriverId":4945,"manufacturerId":69,"entrantId":1099,"groupId":7,"tagId":null,"entryListOrder":57,"identifier":"54","vehicleModel":"Clio 4","eligibility":"None","priority":"None","status":"Entry","tyreManufacturer":"Michelin"},{"driver":{"personId":4946,"countryId":76,"country":{"countryId":76,"name":"France","iso2":"FR","iso3":"FRA"},"firstName":"Yannick","lastName":"VIVENS","abbvName":"Y. VIVENS","fullName":"Yannick VIVENS","code":"VIV"},"codriver":{"personId":4947,"countryId":76,"country":{"countryId":76,"name":"France","iso2":"FR","iso3":"FRA"},"firstName":"Christophe","lastName":"VALIBOUZE","abbvName":"C. VALIBOUZE","fullName":"Christophe VALIBOUZE","code":"VAL"},"manufacturer":{"manufacturerId":13,"name":"Citroen","logoFilename":"citroen"},"entrant":{"entrantId":1100,"name":"VIVENS YANNICK","logoFilename":""},"group":{"groupId":7,"name":"R3T"},"tag":null,"eventClasses":[{"eventClassId":402,"eventId":81,"name":"RC3"}],"entryId":19395,"eventId":81,"driverId":4946,"codriverId":4947,"manufacturerId":13,"entrantId":1100,"groupId":7,"tagId":null,"entryListOrder":58,"identifier":"55","vehicleModel":"DS3","eligibility":"None","priority":"None","status":"Entry","tyreManufacturer":"Pirelli"},{"driver":{"personId":4948,"countryId":76,"country":{"countryId":76,"name":"France","iso2":"FR","iso3":"FRA"},"firstName":"Pierre-Marc","lastName":"NANNUCCI","abbvName":"P. NANNUCCI","fullName":"Pierre-Marc NANNUCCI","code":"NAN"},"codriver":{"personId":4949,"countryId":76,"country":{"countryId":76,"name":"France","iso2":"FR","iso3":"FRA"},"firstName":"Thomas","lastName":"OTTOBRINI","abbvName":"T. OTTOBRINI","fullName":"Thomas OTTOBRINI","code":"OTT"},"manufacturer":{"manufacturerId":69,"name":"Renault","logoFilename":"renault"},"entrant":{"entrantId":1101,"name":"NANNUCCI PIERRE-MARC","logoFilename":""},"group":{"groupId":71,"name":"R3C"},"tag":null,"eventClasses":[{"eventClassId":402,"eventId":81,"name":"RC3"}],"entryId":19396,"eventId":81,"driverId":4948,"codriverId":4949,"manufacturerId":69,"entrantId":1101,"groupId":71,"tagId":null,"entryListOrder":59,"identifier":"56","vehicleModel":"Clio","eligibility":"None","priority":"None","status":"Retired","tyreManufacturer":"Pirelli"},{"driver":{"personId":1842,"countryId":76,"country":{"countryId":76,"name":"France","iso2":"FR","iso3":"FRA"},"firstName":"Eric","lastName":"FILIPPI","abbvName":"E. FILIPPI","fullName":"Eric FILIPPI","code":"FIL"},"codriver":{"personId":1843,"countryId":76,"country":{"countryId":76,"name":"France","iso2":"FR","iso3":"FRA"},"firstName":"Francis","lastName":"MAZOTTI","abbvName":"F. MAZOTTI","fullName":"Francis MAZOTTI","code":"MAZ"},"manufacturer":{"manufacturerId":69,"name":"Renault","logoFilename":"renault"},"entrant":{"entrantId":1102,"name":"FILIPPI ERIC","logoFilename":""},"group":{"groupId":7,"name":"R3T"},"tag":null,"eventClasses":[{"eventClassId":402,"eventId":81,"name":"RC3"}],"entryId":19397,"eventId":81,"driverId":1842,"codriverId":1843,"manufacturerId":69,"entrantId":1102,"groupId":7,"tagId":null,"entryListOrder":60,"identifier":"57","vehicleModel":"Clio 4","eligibility":"None","priority":"None","status":"Entry","tyreManufacturer":"Michelin"},{"driver":{"personId":1840,"countryId":76,"country":{"countryId":76,"name":"France","iso2":"FR","iso3":"FRA"},"firstName":"Thierry","lastName":"AGOSTINI","abbvName":"T. AGOSTINI","fullName":"Thierry AGOSTINI","code":"AGO"},"codriver":{"personId":4950,"countryId":76,"country":{"countryId":76,"name":"France","iso2":"FR","iso3":"FRA"},"firstName":"David","lastName":"AGOSTINI","abbvName":"D. AGOSTINI","fullName":"David AGOSTINI","code":"AGO"},"manufacturer":{"manufacturerId":13,"name":"Citroen","logoFilename":"citroen"},"entrant":{"entrantId":1103,"name":"AGOSTINI THIERRY","logoFilename":""},"group":{"groupId":7,"name":"R3T"},"tag":null,"eventClasses":[{"eventClassId":402,"eventId":81,"name":"RC3"}],"entryId":19398,"eventId":81,"driverId":1840,"codriverId":4950,"manufacturerId":13,"entrantId":1103,"groupId":7,"tagId":null,"entryListOrder":61,"identifier":"58","vehicleModel":"DS3","eligibility":"None","priority":"None","status":"Retired","tyreManufacturer":"Pirelli"},{"driver":{"personId":4951,"countryId":76,"country":{"countryId":76,"name":"France","iso2":"FR","iso3":"FRA"},"firstName":"Pascal","lastName":"CHIARONI","abbvName":"P. CHIARONI","fullName":"Pascal CHIARONI","code":"CHI"},"codriver":{"personId":1845,"countryId":76,"country":{"countryId":76,"name":"France","iso2":"FR","iso3":"FRA"},"firstName":"Stephane","lastName":"DAMERVAL","abbvName":"S. DAMERVAL","fullName":"Stephane DAMERVAL","code":"DAM"},"manufacturer":{"manufacturerId":69,"name":"Renault","logoFilename":"renault"},"entrant":{"entrantId":1104,"name":"CHIARONI PASCAL","logoFilename":""},"group":{"groupId":71,"name":"R3C"},"tag":null,"eventClasses":[{"eventClassId":402,"eventId":81,"name":"RC3"}],"entryId":19399,"eventId":81,"driverId":4951,"codriverId":1845,"manufacturerId":69,"entrantId":1104,"groupId":71,"tagId":null,"entryListOrder":62,"identifier":"59","vehicleModel":"Clio","eligibility":"None","priority":"None","status":"Retired","tyreManufacturer":"None"},{"driver":{"personId":1861,"countryId":76,"country":{"countryId":76,"name":"France","iso2":"FR","iso3":"FRA"},"firstName":"Michael","lastName":"COUFRANC","abbvName":"M. COUFRANC","fullName":"Michael COUFRANC","code":"COU"},"codriver":{"personId":4952,"countryId":76,"country":{"countryId":76,"name":"France","iso2":"FR","iso3":"FRA"},"firstName":"Allan","lastName":"CADDEO","abbvName":"A. CADDEO","fullName":"Allan CADDEO","code":"CAD"},"manufacturer":{"manufacturerId":69,"name":"Renault","logoFilename":"renault"},"entrant":{"entrantId":1105,"name":"COUFRANC MICHAEL","logoFilename":""},"group":{"groupId":9,"name":"RGT"},"tag":null,"eventClasses":[{"eventClassId":402,"eventId":81,"name":"RC3"}],"entryId":19400,"eventId":81,"driverId":1861,"codriverId":4952,"manufacturerId":69,"entrantId":1105,"groupId":9,"tagId":null,"entryListOrder":63,"identifier":"60","vehicleModel":"Clio","eligibility":"None","priority":"None","status":"Entry","tyreManufacturer":"None"},{"driver":{"personId":4953,"countryId":76,"country":{"countryId":76,"name":"France","iso2":"FR","iso3":"FRA"},"firstName":"Eric","lastName":"GIANNINI","abbvName":"E. GIANNINI","fullName":"Eric GIANNINI","code":"GIA"},"codriver":{"personId":4954,"countryId":76,"country":{"countryId":76,"name":"France","iso2":"FR","iso3":"FRA"},"firstName":"Stephane","lastName":"MARQUEZ","abbvName":"S. MARQUEZ","fullName":"Stephane MARQUEZ","code":"MAR"},"manufacturer":{"manufacturerId":69,"name":"Renault","logoFilename":"renault"},"entrant":{"entrantId":1106,"name":"GIANNINI ERIC","logoFilename":""},"group":{"groupId":7,"name":"R3T"},"tag":null,"eventClasses":[{"eventClassId":402,"eventId":81,"name":"RC3"}],"entryId":19401,"eventId":81,"driverId":4953,"codriverId":4954,"manufacturerId":69,"entrantId":1106,"groupId":7,"tagId":null,"entryListOrder":64,"identifier":"62","vehicleModel":"Clio 4","eligibility":"None","priority":"None","status":"Retired","tyreManufacturer":"None"},{"driver":{"personId":4955,"countryId":76,"country":{"countryId":76,"name":"France","iso2":"FR","iso3":"FRA"},"firstName":"Thierry","lastName":"BOUSQUET","abbvName":"T. BOUSQUET","fullName":"Thierry BOUSQUET","code":"BOU"},"codriver":{"personId":4956,"countryId":76,"country":{"countryId":76,"name":"France","iso2":"FR","iso3":"FRA"},"firstName":"Elisabeth","lastName":"DEFRANCE","abbvName":"E. DEFRANCE","fullName":"Elisabeth DEFRANCE","code":"DEF"},"manufacturer":{"manufacturerId":69,"name":"Renault","logoFilename":"renault"},"entrant":{"entrantId":1107,"name":"BOUSQUET THIERRY","logoFilename":""},"group":{"groupId":7,"name":"R3T"},"tag":null,"eventClasses":[{"eventClassId":402,"eventId":81,"name":"RC3"}],"entryId":19402,"eventId":81,"driverId":4955,"codriverId":4956,"manufacturerId":69,"entrantId":1107,"groupId":7,"tagId":null,"entryListOrder":65,"identifier":"63","vehicleModel":"Clio 4","eligibility":"None","priority":"None","status":"Entry","tyreManufacturer":"None"},{"driver":{"personId":1865,"countryId":76,"country":{"countryId":76,"name":"France","iso2":"FR","iso3":"FRA"},"firstName":"Pierre","lastName":"KEMP","abbvName":"P. KEMP","fullName":"Pierre KEMP","code":"KEM"},"codriver":{"personId":4957,"countryId":76,"country":{"countryId":76,"name":"France","iso2":"FR","iso3":"FRA"},"firstName":"Jean-Marc","lastName":"KEMP","abbvName":"J. KEMP","fullName":"Jean-Marc KEMP","code":"KEM"},"manufacturer":{"manufacturerId":69,"name":"Renault","logoFilename":"renault"},"entrant":{"entrantId":1108,"name":"KEMP PIERRE","logoFilename":""},"group":{"groupId":71,"name":"R3C"},"tag":null,"eventClasses":[{"eventClassId":402,"eventId":81,"name":"RC3"}],"entryId":19403,"eventId":81,"driverId":1865,"codriverId":4957,"manufacturerId":69,"entrantId":1108,"groupId":71,"tagId":null,"entryListOrder":66,"identifier":"64","vehicleModel":"Clio","eligibility":"None","priority":"None","status":"Rejoined","tyreManufacturer":"None"},{"driver":{"personId":4958,"countryId":157,"country":{"countryId":157,"name":"Netherlands","iso2":"NL","iso3":"NLD"},"firstName":"Dirk Jan","lastName":"SCHRAM","abbvName":"D. SCHRAM","fullName":"Dirk Jan SCHRAM","code":"SCH"},"codriver":{"personId":1847,"countryId":110,"country":{"countryId":110,"name":"Italy","iso2":"IT","iso3":"ITA"},"firstName":"Antonello","lastName":"MONCADA","abbvName":"A. MONCADA","fullName":"Antonello MONCADA","code":"MON"},"manufacturer":{"manufacturerId":69,"name":"Renault","logoFilename":"renault"},"entrant":{"entrantId":1109,"name":"SCHRAM DIRK JAN","logoFilename":""},"group":{"groupId":71,"name":"R3C"},"tag":null,"eventClasses":[{"eventClassId":402,"eventId":81,"name":"RC3"}],"entryId":19404,"eventId":81,"driverId":4958,"codriverId":1847,"manufacturerId":69,"entrantId":1109,"groupId":71,"tagId":null,"entryListOrder":67,"identifier":"65","vehicleModel":"Clio","eligibility":"None","priority":"None","status":"Retired","tyreManufacturer":"None"},{"driver":{"personId":4959,"countryId":76,"country":{"countryId":76,"name":"France","iso2":"FR","iso3":"FRA"},"firstName":"Florent","lastName":"JOLY","abbvName":"F. JOLY","fullName":"Florent JOLY","code":"JOL"},"codriver":{"personId":4960,"countryId":76,"country":{"countryId":76,"name":"France","iso2":"FR","iso3":"FRA"},"firstName":"Cyril","lastName":"MACHI","abbvName":"C. MACHI","fullName":"Cyril MACHI","code":"MAC"},"manufacturer":{"manufacturerId":13,"name":"Citroen","logoFilename":"citroen"},"entrant":{"entrantId":1110,"name":"JOLY FLORENT","logoFilename":""},"group":{"groupId":7,"name":"R3T"},"tag":null,"eventClasses":[{"eventClassId":402,"eventId":81,"name":"RC3"}],"entryId":19405,"eventId":81,"driverId":4959,"codriverId":4960,"manufacturerId":13,"entrantId":1110,"groupId":7,"tagId":null,"entryListOrder":68,"identifier":"66","vehicleModel":"DS3","eligibility":"None","priority":"None","status":"Entry","tyreManufacturer":"Michelin"},{"driver":{"personId":4961,"countryId":76,"country":{"countryId":76,"name":"France","iso2":"FR","iso3":"FRA"},"firstName":"David","lastName":"BERARD","abbvName":"D. BERARD","fullName":"David BERARD","code":"BER"},"codriver":{"personId":4962,"countryId":76,"country":{"countryId":76,"name":"France","iso2":"FR","iso3":"FRA"},"firstName":"Frédéric","lastName":"LAGER","abbvName":"F. LAGER","fullName":"Frédéric LAGER","code":"LAG"},"manufacturer":{"manufacturerId":69,"name":"Renault","logoFilename":"renault"},"entrant":{"entrantId":1111,"name":"BERARD DAVID","logoFilename":""},"group":{"groupId":7,"name":"R3T"},"tag":null,"eventClasses":[{"eventClassId":402,"eventId":81,"name":"RC3"}],"entryId":19406,"eventId":81,"driverId":4961,"codriverId":4962,"manufacturerId":69,"entrantId":1111,"groupId":7,"tagId":null,"entryListOrder":69,"identifier":"67","vehicleModel":"Clio 4","eligibility":"None","priority":"None","status":"Retired","tyreManufacturer":"Michelin"},{"driver":{"personId":4963,"countryId":76,"country":{"countryId":76,"name":"France","iso2":"FR","iso3":"FRA"},"firstName":"Sylvain","lastName":"LEMAIRE","abbvName":"S. LEMAIRE","fullName":"Sylvain LEMAIRE","code":"LEM"},"codriver":{"personId":4964,"countryId":76,"country":{"countryId":76,"name":"France","iso2":"FR","iso3":"FRA"},"firstName":"Jeremy","lastName":"PACAUD","abbvName":"J. PACAUD","fullName":"Jeremy PACAUD","code":"PAC"},"manufacturer":{"manufacturerId":13,"name":"Citroen","logoFilename":"citroen"},"entrant":{"entrantId":1112,"name":"LEMAIRE SYLVAIN","logoFilename":""},"group":{"groupId":7,"name":"R3T"},"tag":null,"eventClasses":[{"eventClassId":402,"eventId":81,"name":"RC3"}],"entryId":19407,"eventId":81,"driverId":4963,"codriverId":4964,"manufacturerId":13,"entrantId":1112,"groupId":7,"tagId":null,"entryListOrder":70,"identifier":"68","vehicleModel":"DS3","eligibility":"None","priority":"None","status":"Entry","tyreManufacturer":"None"},{"driver":{"personId":1869,"countryId":76,"country":{"countryId":76,"name":"France","iso2":"FR","iso3":"FRA"},"firstName":"Francois","lastName":"FRAYMOUTH","abbvName":"F. FRAYMOUTH","fullName":"Francois FRAYMOUTH","code":"FRA"},"codriver":{"personId":1870,"countryId":76,"country":{"countryId":76,"name":"France","iso2":"FR","iso3":"FRA"},"firstName":"Romain","lastName":"FELICELLI","abbvName":"R. FELICELLI","fullName":"Romain FELICELLI","code":"FEL"},"manufacturer":{"manufacturerId":65,"name":"Peugeot","logoFilename":"peugeot"},"entrant":{"entrantId":1113,"name":"FRAYMOUTH FRANCOIS","logoFilename":""},"group":{"groupId":31,"name":"R2B"},"tag":null,"eventClasses":[{"eventClassId":401,"eventId":81,"name":"RC4"}],"entryId":19408,"eventId":81,"driverId":1869,"codriverId":1870,"manufacturerId":65,"entrantId":1113,"groupId":31,"tagId":null,"entryListOrder":71,"identifier":"84","vehicleModel":"208 VTI","eligibility":"None","priority":"None","status":"Retired","tyreManufacturer":"Pirelli"},{"driver":{"personId":1887,"countryId":76,"country":{"countryId":76,"name":"France","iso2":"FR","iso3":"FRA"},"firstName":"Mathieu","lastName":"FRANCESCHI","abbvName":"M. FRANCESCHI","fullName":"Mathieu FRANCESCHI","code":"FRA"},"codriver":{"personId":4965,"countryId":76,"country":{"countryId":76,"name":"France","iso2":"FR","iso3":"FRA"},"firstName":"Jean-Paul","lastName":"LAZZARINI","abbvName":"J. LAZZARINI","fullName":"Jean-Paul LAZZARINI","code":"LAZ"},"manufacturer":{"manufacturerId":65,"name":"Peugeot","logoFilename":"peugeot"},"entrant":{"entrantId":1114,"name":"FRANCESCHI MATHIEU","logoFilename":""},"group":{"groupId":31,"name":"R2B"},"tag":null,"eventClasses":[{"eventClassId":401,"eventId":81,"name":"RC4"}],"entryId":19409,"eventId":81,"driverId":1887,"codriverId":4965,"manufacturerId":65,"entrantId":1114,"groupId":31,"tagId":null,"entryListOrder":72,"identifier":"85","vehicleModel":"208 VTI","eligibility":"None","priority":"None","status":"Retired","tyreManufacturer":"Michelin"},{"driver":{"personId":4966,"countryId":76,"country":{"countryId":76,"name":"France","iso2":"FR","iso3":"FRA"},"firstName":"Mathieu","lastName":"BIASION","abbvName":"M. BIASION","fullName":"Mathieu BIASION","code":"BIA"},"codriver":{"personId":4967,"countryId":76,"country":{"countryId":76,"name":"France","iso2":"FR","iso3":"FRA"},"firstName":"Tony","lastName":"BARICHELLA","abbvName":"T. BARICHELLA","fullName":"Tony BARICHELLA","code":"BAR"},"manufacturer":{"manufacturerId":65,"name":"Peugeot","logoFilename":"peugeot"},"entrant":{"entrantId":1115,"name":"BIASION MATHIEU","logoFilename":""},"group":{"groupId":31,"name":"R2B"},"tag":null,"eventClasses":[{"eventClassId":401,"eventId":81,"name":"RC4"}],"entryId":19410,"eventId":81,"driverId":4966,"codriverId":4967,"manufacturerId":65,"entrantId":1115,"groupId":31,"tagId":null,"entryListOrder":73,"identifier":"86","vehicleModel":"208 VTI","eligibility":"None","priority":"None","status":"Entry","tyreManufacturer":"Michelin"},{"driver":{"personId":4968,"countryId":76,"country":{"countryId":76,"name":"France","iso2":"FR","iso3":"FRA"},"firstName":"Jean Philippe","lastName":"MARTINI","abbvName":"J. MARTINI","fullName":"Jean Philippe MARTINI","code":"MAR"},"codriver":{"personId":1878,"countryId":76,"country":{"countryId":76,"name":"France","iso2":"FR","iso3":"FRA"},"firstName":"Yoann","lastName":"RAFFAELLI","abbvName":"Y. RAFFAELLI","fullName":"Yoann RAFFAELLI","code":"RAF"},"manufacturer":{"manufacturerId":65,"name":"Peugeot","logoFilename":"peugeot"},"entrant":{"entrantId":1116,"name":"MARTINI JEAN PHILIPPE","logoFilename":""},"group":{"groupId":31,"name":"R2B"},"tag":null,"eventClasses":[{"eventClassId":401,"eventId":81,"name":"RC4"}],"entryId":19411,"eventId":81,"driverId":4968,"codriverId":1878,"manufacturerId":65,"entrantId":1116,"groupId":31,"tagId":null,"entryListOrder":74,"identifier":"87","vehicleModel":"208 VTI","eligibility":"None","priority":"None","status":"Entry","tyreManufacturer":"None"},{"driver":{"personId":4969,"countryId":76,"country":{"countryId":76,"name":"France","iso2":"FR","iso3":"FRA"},"firstName":"Philippe","lastName":"CATUDAL","abbvName":"P. CATUDAL","fullName":"Philippe CATUDAL","code":"CAT"},"codriver":{"personId":4970,"countryId":76,"country":{"countryId":76,"name":"France","iso2":"FR","iso3":"FRA"},"firstName":"Mireille","lastName":"CHIANEA","abbvName":"M. CHIANEA","fullName":"Mireille CHIANEA","code":"CHI"},"manufacturer":{"manufacturerId":65,"name":"Peugeot","logoFilename":"peugeot"},"entrant":{"entrantId":1117,"name":"CATUDAL PHILIPPE","logoFilename":""},"group":{"groupId":31,"name":"R2B"},"tag":null,"eventClasses":[{"eventClassId":401,"eventId":81,"name":"RC4"}],"entryId":19412,"eventId":81,"driverId":4969,"codriverId":4970,"manufacturerId":65,"entrantId":1117,"groupId":31,"tagId":null,"entryListOrder":75,"identifier":"88","vehicleModel":"208 VTI","eligibility":"None","priority":"None","status":"Entry","tyreManufacturer":"Michelin"},{"driver":{"personId":1867,"countryId":76,"country":{"countryId":76,"name":"France","iso2":"FR","iso3":"FRA"},"firstName":"Cedric","lastName":"CARDI","abbvName":"C. CARDI","fullName":"Cedric CARDI","code":"CAR"},"codriver":{"personId":4971,"countryId":76,"country":{"countryId":76,"name":"France","iso2":"FR","iso3":"FRA"},"firstName":"Francois","lastName":"GILBERT","abbvName":"F. GILBERT","fullName":"Francois GILBERT","code":"GIL"},"manufacturer":{"manufacturerId":65,"name":"Peugeot","logoFilename":"peugeot"},"entrant":{"entrantId":1118,"name":"CARDI  CEDRIC","logoFilename":""},"group":{"groupId":31,"name":"R2B"},"tag":null,"eventClasses":[{"eventClassId":401,"eventId":81,"name":"RC4"}],"entryId":19413,"eventId":81,"driverId":1867,"codriverId":4971,"manufacturerId":65,"entrantId":1118,"groupId":31,"tagId":null,"entryListOrder":76,"identifier":"90","vehicleModel":"208 VTI","eligibility":"None","priority":"None","status":"Entry","tyreManufacturer":"Pirelli"},{"driver":{"personId":4972,"countryId":76,"country":{"countryId":76,"name":"France","iso2":"FR","iso3":"FRA"},"firstName":"Antoine","lastName":"CASABIANCA","abbvName":"A. CASABIANCA","fullName":"Antoine CASABIANCA","code":"CAS"},"codriver":{"personId":4973,"countryId":76,"country":{"countryId":76,"name":"France","iso2":"FR","iso3":"FRA"},"firstName":"Nicolas","lastName":"SAULNIER","abbvName":"N. SAULNIER","fullName":"Nicolas SAULNIER","code":"SAU"},"manufacturer":{"manufacturerId":65,"name":"Peugeot","logoFilename":"peugeot"},"entrant":{"entrantId":1119,"name":"CASABIANCA ANTOINE","logoFilename":""},"group":{"groupId":31,"name":"R2B"},"tag":null,"eventClasses":[{"eventClassId":401,"eventId":81,"name":"RC4"}],"entryId":19414,"eventId":81,"driverId":4972,"codriverId":4973,"manufacturerId":65,"entrantId":1119,"groupId":31,"tagId":null,"entryListOrder":77,"identifier":"91","vehicleModel":"208 VTI","eligibility":"None","priority":"None","status":"Retired","tyreManufacturer":"Pirelli"},{"driver":{"personId":4974,"countryId":76,"country":{"countryId":76,"name":"France","iso2":"FR","iso3":"FRA"},"firstName":"Jean Marie","lastName":"MURATI","abbvName":"J. MURATI","fullName":"Jean Marie MURATI","code":"MUR"},"codriver":{"personId":4975,"countryId":76,"country":{"countryId":76,"name":"France","iso2":"FR","iso3":"FRA"},"firstName":"Pierre","lastName":"GUINTINI","abbvName":"P. GUINTINI","fullName":"Pierre GUINTINI","code":"GUI"},"manufacturer":{"manufacturerId":26,"name":"Ford","logoFilename":"ford"},"entrant":{"entrantId":1120,"name":"MURATI JEAN MARIE","logoFilename":""},"group":{"groupId":82,"name":"R2C"},"tag":null,"eventClasses":[{"eventClassId":401,"eventId":81,"name":"RC4"}],"entryId":19415,"eventId":81,"driverId":4974,"codriverId":4975,"manufacturerId":26,"entrantId":1120,"groupId":82,"tagId":null,"entryListOrder":78,"identifier":"92","vehicleModel":"Fiesta","eligibility":"None","priority":"None","status":"Retired","tyreManufacturer":"None"},{"driver":{"personId":4976,"countryId":76,"country":{"countryId":76,"name":"France","iso2":"FR","iso3":"FRA"},"firstName":"Frederic","lastName":"PERRARD","abbvName":"F. PERRARD","fullName":"Frederic PERRARD","code":"PER"},"codriver":{"personId":4977,"countryId":76,"country":{"countryId":76,"name":"France","iso2":"FR","iso3":"FRA"},"firstName":"Francis","lastName":"LECLERCQ","abbvName":"F. LECLERCQ","fullName":"Francis LECLERCQ","code":"LEC"},"manufacturer":{"manufacturerId":65,"name":"Peugeot","logoFilename":"peugeot"},"entrant":{"entrantId":1121,"name":"FREDERIC PERRARD","logoFilename":""},"group":{"groupId":31,"name":"R2B"},"tag":null,"eventClasses":[{"eventClassId":401,"eventId":81,"name":"RC4"}],"entryId":19416,"eventId":81,"driverId":4976,"codriverId":4977,"manufacturerId":65,"entrantId":1121,"groupId":31,"tagId":null,"entryListOrder":79,"identifier":"93","vehicleModel":"208 VTI","eligibility":"None","priority":"None","status":"Entry","tyreManufacturer":"Michelin"},{"driver":{"personId":4978,"countryId":76,"country":{"countryId":76,"name":"France","iso2":"FR","iso3":"FRA"},"firstName":"Anthony","lastName":"PADOVANI","abbvName":"A. PADOVANI","fullName":"Anthony PADOVANI","code":"PAD"},"codriver":{"personId":4979,"countryId":76,"country":{"countryId":76,"name":"France","iso2":"FR","iso3":"FRA"},"firstName":"Rene","lastName":"PADOVANI","abbvName":"R. PADOVANI","fullName":"Rene PADOVANI","code":"PAD"},"manufacturer":{"manufacturerId":65,"name":"Peugeot","logoFilename":"peugeot"},"entrant":{"entrantId":1122,"name":"PADOVANI ANTHONY","logoFilename":""},"group":{"groupId":31,"name":"R2B"},"tag":null,"eventClasses":[{"eventClassId":401,"eventId":81,"name":"RC4"}],"entryId":19417,"eventId":81,"driverId":4978,"codriverId":4979,"manufacturerId":65,"entrantId":1122,"groupId":31,"tagId":null,"entryListOrder":80,"identifier":"94","vehicleModel":"208 VTI","eligibility":"None","priority":"None","status":"Retired","tyreManufacturer":"Pirelli"},{"driver":{"personId":4980,"countryId":76,"country":{"countryId":76,"name":"France","iso2":"FR","iso3":"FRA"},"firstName":"Gregory","lastName":"PERRARD","abbvName":"G. PERRARD","fullName":"Gregory PERRARD","code":"PER"},"codriver":{"personId":4981,"countryId":76,"country":{"countryId":76,"name":"France","iso2":"FR","iso3":"FRA"},"firstName":"Andy","lastName":"MALFOY","abbvName":"A. MALFOY","fullName":"Andy MALFOY","code":"MAL"},"manufacturer":{"manufacturerId":65,"name":"Peugeot","logoFilename":"peugeot"},"entrant":{"entrantId":1123,"name":"PERRARD GREGORY","logoFilename":""},"group":{"groupId":31,"name":"R2B"},"tag":null,"eventClasses":[{"eventClassId":401,"eventId":81,"name":"RC4"}],"entryId":19418,"eventId":81,"driverId":4980,"codriverId":4981,"manufacturerId":65,"entrantId":1123,"groupId":31,"tagId":null,"entryListOrder":81,"identifier":"95","vehicleModel":"208 VTI","eligibility":"None","priority":"None","status":"Entry","tyreManufacturer":"Michelin"},{"driver":{"personId":4982,"countryId":76,"country":{"countryId":76,"name":"France","iso2":"FR","iso3":"FRA"},"firstName":"Nicolas","lastName":"LECA","abbvName":"N. LECA","fullName":"Nicolas LECA","code":"LEC"},"codriver":{"personId":4983,"countryId":76,"country":{"countryId":76,"name":"France","iso2":"FR","iso3":"FRA"},"firstName":"Jean François","lastName":"ORTS","abbvName":"J. ORTS","fullName":"Jean François ORTS","code":"ORT"},"manufacturer":{"manufacturerId":65,"name":"Peugeot","logoFilename":"peugeot"},"entrant":{"entrantId":1124,"name":"LECA NICOLAS","logoFilename":""},"group":{"groupId":31,"name":"R2B"},"tag":null,"eventClasses":[{"eventClassId":401,"eventId":81,"name":"RC4"}],"entryId":19419,"eventId":81,"driverId":4982,"codriverId":4983,"manufacturerId":65,"entrantId":1124,"groupId":31,"tagId":null,"entryListOrder":82,"identifier":"96","vehicleModel":"208 VTI","eligibility":"None","priority":"None","status":"Entry","tyreManufacturer":"Michelin"},{"driver":{"personId":4984,"countryId":76,"country":{"countryId":76,"name":"France","iso2":"FR","iso3":"FRA"},"firstName":"Jean-Michel","lastName":"DE MAYER","abbvName":"J. DE MAYER","fullName":"Jean-Michel DE MAYER","code":"DE "},"codriver":{"personId":4985,"countryId":76,"country":{"countryId":76,"name":"France","iso2":"FR","iso3":"FRA"},"firstName":"Eric","lastName":"FRATTI","abbvName":"E. FRATTI","fullName":"Eric FRATTI","code":"FRA"},"manufacturer":{"manufacturerId":65,"name":"Peugeot","logoFilename":"peugeot"},"entrant":{"entrantId":1125,"name":"DE MEYER JEAN-MICHEL","logoFilename":""},"group":{"groupId":31,"name":"R2B"},"tag":null,"eventClasses":[{"eventClassId":401,"eventId":81,"name":"RC4"}],"entryId":19420,"eventId":81,"driverId":4984,"codriverId":4985,"manufacturerId":65,"entrantId":1125,"groupId":31,"tagId":null,"entryListOrder":83,"identifier":"97","vehicleModel":"208 VTI","eligibility":"None","priority":"None","status":"Entry","tyreManufacturer":"Michelin"},{"driver":{"personId":1879,"countryId":76,"country":{"countryId":76,"name":"France","iso2":"FR","iso3":"FRA"},"firstName":"Claude","lastName":"BENSIMON","abbvName":"C. BENSIMON","fullName":"Claude BENSIMON","code":"BEN"},"codriver":{"personId":1880,"countryId":76,"country":{"countryId":76,"name":"France","iso2":"FR","iso3":"FRA"},"firstName":"Isabelle","lastName":"BARBE","abbvName":"I. BARBE","fullName":"Isabelle BARBE","code":"BAR"},"manufacturer":{"manufacturerId":26,"name":"Ford","logoFilename":"ford"},"entrant":{"entrantId":996,"name":"BENSIMON CLAUDE","logoFilename":""},"group":{"groupId":31,"name":"R2B"},"tag":null,"eventClasses":[{"eventClassId":401,"eventId":81,"name":"RC4"}],"entryId":19421,"eventId":81,"driverId":1879,"codriverId":1880,"manufacturerId":26,"entrantId":996,"groupId":31,"tagId":null,"entryListOrder":84,"identifier":"98","vehicleModel":"Fiesta 1.0","eligibility":"None","priority":"None","status":"Retired","tyreManufacturer":"Michelin"},{"driver":{"personId":1883,"countryId":76,"country":{"countryId":76,"name":"France","iso2":"FR","iso3":"FRA"},"firstName":"Paul","lastName":"GARDERE","abbvName":"P. GARDERE","fullName":"Paul GARDERE","code":"GAR"},"codriver":{"personId":4730,"countryId":76,"country":{"countryId":76,"name":"France","iso2":"FR","iso3":"FRA"},"firstName":"Jean-Louis","lastName":"BUFFERNE","abbvName":"J. BUFFERNE","fullName":"Jean-Louis BUFFERNE","code":"BUF"},"manufacturer":{"manufacturerId":65,"name":"Peugeot","logoFilename":"peugeot"},"entrant":{"entrantId":995,"name":"GARDERE PAUL","logoFilename":""},"group":{"groupId":31,"name":"R2B"},"tag":null,"eventClasses":[{"eventClassId":401,"eventId":81,"name":"RC4"}],"entryId":19422,"eventId":81,"driverId":1883,"codriverId":4730,"manufacturerId":65,"entrantId":995,"groupId":31,"tagId":null,"entryListOrder":85,"identifier":"99","vehicleModel":"208 VTI","eligibility":"None","priority":"None","status":"Entry","tyreManufacturer":"Michelin"},{"driver":{"personId":4986,"countryId":76,"country":{"countryId":76,"name":"France","iso2":"FR","iso3":"FRA"},"firstName":"Pierre","lastName":"TANCI","abbvName":"P. TANCI","fullName":"Pierre TANCI","code":"TAN"},"codriver":{"personId":4987,"countryId":76,"country":{"countryId":76,"name":"France","iso2":"FR","iso3":"FRA"},"firstName":"Sébastien","lastName":"MALET","abbvName":"S. MALET","fullName":"Sébastien MALET","code":"MAL"},"manufacturer":{"manufacturerId":65,"name":"Peugeot","logoFilename":"peugeot"},"entrant":{"entrantId":1126,"name":"TANCI PIERRE","logoFilename":""},"group":{"groupId":31,"name":"R2B"},"tag":null,"eventClasses":[{"eventClassId":401,"eventId":81,"name":"RC4"}],"entryId":19423,"eventId":81,"driverId":4986,"codriverId":4987,"manufacturerId":65,"entrantId":1126,"groupId":31,"tagId":null,"entryListOrder":86,"identifier":"100","vehicleModel":"208 VTI","eligibility":"None","priority":"None","status":"Entry","tyreManufacturer":"Michelin"},{"driver":{"personId":4988,"countryId":76,"country":{"countryId":76,"name":"France","iso2":"FR","iso3":"FRA"},"firstName":"Fred","lastName":"SOUFFEZ","abbvName":"F. SOUFFEZ","fullName":"Fred SOUFFEZ","code":"SOU"},"codriver":{"personId":4989,"countryId":76,"country":{"countryId":76,"name":"France","iso2":"FR","iso3":"FRA"},"firstName":"Pascaline","lastName":"DARRAS","abbvName":"P. DARRAS","fullName":"Pascaline DARRAS","code":"DAR"},"manufacturer":{"manufacturerId":65,"name":"Peugeot","logoFilename":"peugeot"},"entrant":{"entrantId":1127,"name":"SOUFFEZ FRED","logoFilename":""},"group":{"groupId":31,"name":"R2B"},"tag":null,"eventClasses":[{"eventClassId":401,"eventId":81,"name":"RC4"}],"entryId":19424,"eventId":81,"driverId":4988,"codriverId":4989,"manufacturerId":65,"entrantId":1127,"groupId":31,"tagId":null,"entryListOrder":87,"identifier":"101","vehicleModel":"208 VTI","eligibility":"None","priority":"None","status":"Rejoined","tyreManufacturer":"None"},{"driver":{"personId":1885,"countryId":76,"country":{"countryId":76,"name":"France","iso2":"FR","iso3":"FRA"},"firstName":"Xavier","lastName":"DONATI","abbvName":"X. DONATI","fullName":"Xavier DONATI","code":"DON"},"codriver":{"personId":1886,"countryId":76,"country":{"countryId":76,"name":"France","iso2":"FR","iso3":"FRA"},"firstName":"France","lastName":"CIAVALDINI","abbvName":"F. CIAVALDINI","fullName":"France CIAVALDINI","code":"CIA"},"manufacturer":{"manufacturerId":65,"name":"Peugeot","logoFilename":"peugeot"},"entrant":{"entrantId":1128,"name":"DONATI XAVIER","logoFilename":""},"group":{"groupId":31,"name":"R2B"},"tag":null,"eventClasses":[{"eventClassId":401,"eventId":81,"name":"RC4"}],"entryId":19425,"eventId":81,"driverId":1885,"codriverId":1886,"manufacturerId":65,"entrantId":1128,"groupId":31,"tagId":null,"entryListOrder":88,"identifier":"102","vehicleModel":"208 VTI","eligibility":"None","priority":"None","status":"Retired","tyreManufacturer":"None"},{"driver":{"personId":4990,"countryId":110,"country":{"countryId":110,"name":"Italy","iso2":"IT","iso3":"ITA"},"firstName":"Williams","lastName":"ZANOTO","abbvName":"W. ZANOTO","fullName":"Williams ZANOTO","code":"ZAN"},"codriver":{"personId":4991,"countryId":110,"country":{"countryId":110,"name":"Italy","iso2":"IT","iso3":"ITA"},"firstName":"Christian","lastName":"BUCCINO","abbvName":"C. BUCCINO","fullName":"Christian BUCCINO","code":"BUC"},"manufacturer":{"manufacturerId":65,"name":"Peugeot","logoFilename":"peugeot"},"entrant":{"entrantId":1129,"name":"ZANOTTO WILLIAMS","logoFilename":""},"group":{"groupId":31,"name":"R2B"},"tag":null,"eventClasses":[{"eventClassId":401,"eventId":81,"name":"RC4"}],"entryId":19426,"eventId":81,"driverId":4990,"codriverId":4991,"manufacturerId":65,"entrantId":1129,"groupId":31,"tagId":null,"entryListOrder":89,"identifier":"103","vehicleModel":"208 VTI","eligibility":"None","priority":"None","status":"Retired","tyreManufacturer":"None"},{"driver":{"personId":4992,"countryId":76,"country":{"countryId":76,"name":"France","iso2":"FR","iso3":"FRA"},"firstName":"Yohan","lastName":"MERLENGHI","abbvName":"Y. MERLENGHI","fullName":"Yohan MERLENGHI","code":"MER"},"codriver":{"personId":4993,"countryId":76,"country":{"countryId":76,"name":"France","iso2":"FR","iso3":"FRA"},"firstName":"Pierre Pascal","lastName":"HENTGES","abbvName":"P. HENTGES","fullName":"Pierre Pascal HENTGES","code":"HEN"},"manufacturer":{"manufacturerId":13,"name":"Citroen","logoFilename":"citroen"},"entrant":{"entrantId":1130,"name":"MERLENGHI YOHAN","logoFilename":""},"group":{"groupId":31,"name":"R2B"},"tag":null,"eventClasses":[{"eventClassId":401,"eventId":81,"name":"RC4"}],"entryId":19427,"eventId":81,"driverId":4992,"codriverId":4993,"manufacturerId":13,"entrantId":1130,"groupId":31,"tagId":null,"entryListOrder":90,"identifier":"104","vehicleModel":"C2","eligibility":"None","priority":"None","status":"Entry","tyreManufacturer":"Pirelli"},{"driver":{"personId":1871,"countryId":76,"country":{"countryId":76,"name":"France","iso2":"FR","iso3":"FRA"},"firstName":"Florian","lastName":"PICCHIONI","abbvName":"F. PICCHIONI","fullName":"Florian PICCHIONI","code":"PIC"},"codriver":{"personId":4994,"countryId":76,"country":{"countryId":76,"name":"France","iso2":"FR","iso3":"FRA"},"firstName":"Melodie","lastName":"BELAVARDE","abbvName":"M. BELAVARDE","fullName":"Melodie BELAVARDE","code":"BEL"},"manufacturer":{"manufacturerId":13,"name":"Citroen","logoFilename":"citroen"},"entrant":{"entrantId":1131,"name":"PICCHIONI FLORIAN","logoFilename":""},"group":{"groupId":31,"name":"R2B"},"tag":null,"eventClasses":[{"eventClassId":401,"eventId":81,"name":"RC4"}],"entryId":19428,"eventId":81,"driverId":1871,"codriverId":4994,"manufacturerId":13,"entrantId":1131,"groupId":31,"tagId":null,"entryListOrder":91,"identifier":"105","vehicleModel":"C2","eligibility":"None","priority":"None","status":"Rejoined","tyreManufacturer":"Michelin"},{"driver":{"personId":4995,"countryId":76,"country":{"countryId":76,"name":"France","iso2":"FR","iso3":"FRA"},"firstName":"Martin","lastName":"LEMAIRE","abbvName":"M. LEMAIRE","fullName":"Martin LEMAIRE","code":"LEM"},"codriver":{"personId":4996,"countryId":76,"country":{"countryId":76,"name":"France","iso2":"FR","iso3":"FRA"},"firstName":"Philippe","lastName":"BARBONI","abbvName":"P. BARBONI","fullName":"Philippe BARBONI","code":"BAR"},"manufacturer":{"manufacturerId":13,"name":"Citroen","logoFilename":"citroen"},"entrant":{"entrantId":1132,"name":"LEMAIRE MARTIN","logoFilename":""},"group":{"groupId":31,"name":"R2B"},"tag":null,"eventClasses":[{"eventClassId":401,"eventId":81,"name":"RC4"}],"entryId":19429,"eventId":81,"driverId":4995,"codriverId":4996,"manufacturerId":13,"entrantId":1132,"groupId":31,"tagId":null,"entryListOrder":92,"identifier":"106","vehicleModel":"C2","eligibility":"None","priority":"None","status":"Entry","tyreManufacturer":"None"},{"driver":{"personId":4997,"countryId":76,"country":{"countryId":76,"name":"France","iso2":"FR","iso3":"FRA"},"firstName":"Emmanuel","lastName":"BRACCONI","abbvName":"E. BRACCONI","fullName":"Emmanuel BRACCONI","code":"BRA"},"codriver":{"personId":4998,"countryId":76,"country":{"countryId":76,"name":"France","iso2":"FR","iso3":"FRA"},"firstName":"Florian","lastName":"SAOLETTI","abbvName":"F. SAOLETTI","fullName":"Florian SAOLETTI","code":"SAO"},"manufacturer":{"manufacturerId":69,"name":"Renault","logoFilename":"renault"},"entrant":{"entrantId":1133,"name":"BRACCONI EMMANUEL","logoFilename":""},"group":{"groupId":3,"name":"R1"},"tag":null,"eventClasses":[{"eventClassId":403,"eventId":81,"name":"RC5"}],"entryId":19430,"eventId":81,"driverId":4997,"codriverId":4998,"manufacturerId":69,"entrantId":1133,"groupId":3,"tagId":null,"entryListOrder":93,"identifier":"107","vehicleModel":"Twingo","eligibility":"None","priority":"None","status":"Entry","tyreManufacturer":"None"},{"driver":{"personId":1900,"countryId":76,"country":{"countryId":76,"name":"France","iso2":"FR","iso3":"FRA"},"firstName":"Nicolas","lastName":"D'ULIVO","abbvName":"N. D'ULIVO","fullName":"Nicolas D'ULIVO","code":"D'U"},"codriver":{"personId":1901,"countryId":76,"country":{"countryId":76,"name":"France","iso2":"FR","iso3":"FRA"},"firstName":"Angelique","lastName":"PAOLINI","abbvName":"A. PAOLINI","fullName":"Angelique PAOLINI","code":"PAO"},"manufacturer":{"manufacturerId":69,"name":"Renault","logoFilename":"renault"},"entrant":{"entrantId":1134,"name":"D'ULIVO NICOLAS","logoFilename":""},"group":{"groupId":3,"name":"R1"},"tag":null,"eventClasses":[{"eventClassId":403,"eventId":81,"name":"RC5"}],"entryId":19431,"eventId":81,"driverId":1900,"codriverId":1901,"manufacturerId":69,"entrantId":1134,"groupId":3,"tagId":null,"entryListOrder":94,"identifier":"108","vehicleModel":"Twingo","eligibility":"None","priority":"None","status":"Rejoined","tyreManufacturer":"Pirelli"},{"driver":{"personId":1884,"countryId":76,"country":{"countryId":76,"name":"France","iso2":"FR","iso3":"FRA"},"firstName":"Guy","lastName":"DUTREUIL","abbvName":"G. DUTREUIL","fullName":"Guy DUTREUIL","code":"DUT"},"codriver":{"personId":4999,"countryId":76,"country":{"countryId":76,"name":"France","iso2":"FR","iso3":"FRA"},"firstName":"Laurent","lastName":"MALLON","abbvName":"L. MALLON","fullName":"Laurent MALLON","code":"MAL"},"manufacturer":{"manufacturerId":13,"name":"Citroen","logoFilename":"citroen"},"entrant":{"entrantId":1135,"name":"DUTREUIL GUY","logoFilename":""},"group":{"groupId":3,"name":"R1"},"tag":null,"eventClasses":[{"eventClassId":403,"eventId":81,"name":"RC5"}],"entryId":19432,"eventId":81,"driverId":1884,"codriverId":4999,"manufacturerId":13,"entrantId":1135,"groupId":3,"tagId":null,"entryListOrder":95,"identifier":"109","vehicleModel":"DS3","eligibility":"None","priority":"None","status":"Entry","tyreManufacturer":"Michelin"},{"driver":{"personId":664,"countryId":76,"country":{"countryId":76,"name":"France","iso2":"FR","iso3":"FRA"},"firstName":"Alain","lastName":"MARI","abbvName":"A. MARI","fullName":"Alain MARI","code":"MAR"},"codriver":{"personId":5000,"countryId":76,"country":{"countryId":76,"name":"France","iso2":"FR","iso3":"FRA"},"firstName":"Jean-Dominique","lastName":"CESARI","abbvName":"J. CESARI","fullName":"Jean-Dominique CESARI","code":"CES"},"manufacturer":{"manufacturerId":69,"name":"Renault","logoFilename":"renault"},"entrant":{"entrantId":157,"name":"MARI ALAIN","logoFilename":null},"group":{"groupId":3,"name":"R1"},"tag":null,"eventClasses":[{"eventClassId":403,"eventId":81,"name":"RC5"}],"entryId":19433,"eventId":81,"driverId":664,"codriverId":5000,"manufacturerId":69,"entrantId":157,"groupId":3,"tagId":null,"entryListOrder":96,"identifier":"110","vehicleModel":"Twingo","eligibility":"None","priority":"None","status":"Retired","tyreManufacturer":"Pirelli"}]