[{"entryId":3442,"stageTimeMs":7713100,"stageTime":"PT2H8M33.1S","penaltyTimeMs":0,"penaltyTime":"PT0S","totalTimeMs":7713100,"totalTime":"PT2H8M33.1S","position":1,"diffFirstMs":0,"diffFirst":"PT0S","diffPrevMs":0,"diffPrev":"PT0S"},{"entryId":3443,"stageTimeMs":7718400,"stageTime":"PT2H8M38.4S","penaltyTimeMs":0,"penaltyTime":"PT0S","totalTimeMs":7718400,"totalTime":"PT2H8M38.4S","position":2,"diffFirstMs":5300,"diffFirst":"PT5.3S","diffPrevMs":5300,"diffPrev":"PT5.3S"},{"entryId":3445,"stageTimeMs":7818600,"stageTime":"PT2H10M18.6S","penaltyTimeMs":0,"penaltyTime":"PT0S","totalTimeMs":7818600,"totalTime":"PT2H10M18.6S","position":3,"diffFirstMs":105500,"diffFirst":"PT1M45.5S","diffPrevMs":100200,"diffPrev":"PT1M40.2S"},{"entryId":3450,"stageTimeMs":7823300,"stageTime":"PT2H10M23.3S","penaltyTimeMs":0,"penaltyTime":"PT0S","totalTimeMs":7823300,"totalTime":"PT2H10M23.3S","position":4,"diffFirstMs":110200,"diffFirst":"PT1M50.2S","diffPrevMs":4700,"diffPrev":"PT4.7S"},{"entryId":3444,"stageTimeMs":7858300,"stageTime":"PT2H10M58.3S","penaltyTimeMs":0,"penaltyTime":"PT0S","totalTimeMs":7858300,"totalTime":"PT2H10M58.3S","position":5,"diffFirstMs":145200,"diffFirst":"PT2M25.2S","diffPrevMs":35000,"diffPrev":"PT35S"},{"entryId":3451,"stageTimeMs":8043500,"stageTime":"PT2H14M3.5S","penaltyTimeMs":0,"penaltyTime":"PT0S","totalTimeMs":8043500,"totalTime":"PT2H14M3.5S","position":6,"diffFirstMs":330400,"diffFirst":"PT5M30.4S","diffPrevMs":185200,"diffPrev":"PT3M5.2S"},{"entryId":3453,"stageTimeMs":8231300,"stageTime":"PT2H17M11.3S","penaltyTimeMs":0,"penaltyTime":"PT0S","totalTimeMs":8231300,"totalTime":"PT2H17M11.3S","position":7,"diffFirstMs":518200,"diffFirst":"PT8M38.2S","diffPrevMs":187800,"diffPrev":"PT3M7.8S"},{"entryId":3454,"stageTimeMs":8250900,"stageTime":"PT2H17M30.9S","penaltyTimeMs":0,"penaltyTime":"PT0S","totalTimeMs":8250900,"totalTime":"PT2H17M30.9S","position":8,"diffFirstMs":537800,"diffFirst":"PT8M57.8S","diffPrevMs":19600,"diffPrev":"PT19.6S"},{"entryId":3468,"stageTimeMs":8334000,"stageTime":"PT2H18M54S","penaltyTimeMs":0,"penaltyTime":"PT0S","totalTimeMs":8334000,"totalTime":"PT2H18M54S","position":9,"diffFirstMs":620900,"diffFirst":"PT10M20.9S","diffPrevMs":83100,"diffPrev":"PT1M23.1S"},{"entryId":3458,"stageTimeMs":8391600,"stageTime":"PT2H19M51.6S","penaltyTimeMs":0,"penaltyTime":"PT0S","totalTimeMs":8391600,"totalTime":"PT2H19M51.6S","position":10,"diffFirstMs":678500,"diffFirst":"PT11M18.5S","diffPrevMs":57600,"diffPrev":"PT57.6S"},{"entryId":3459,"stageTimeMs":8397400,"stageTime":"PT2H19M57.4S","penaltyTimeMs":0,"penaltyTime":"PT0S","totalTimeMs":8397400,"totalTime":"PT2H19M57.4S","position":11,"diffFirstMs":684300,"diffFirst":"PT11M24.3S","diffPrevMs":5800,"diffPrev":"PT5.8S"},{"entryId":3456,"stageTimeMs":8472900,"stageTime":"PT2H21M12.9S","penaltyTimeMs":0,"penaltyTime":"PT0S","totalTimeMs":8472900,"totalTime":"PT2H21M12.9S","position":12,"diffFirstMs":759800,"diffFirst":"PT12M39.8S","diffPrevMs":75500,"diffPrev":"PT1M15.5S"},{"entryId":3466,"stageTimeMs":8565200,"stageTime":"PT2H22M45.2S","penaltyTimeMs":0,"penaltyTime":"PT0S","totalTimeMs":8565200,"totalTime":"PT2H22M45.2S","position":13,"diffFirstMs":852100,"diffFirst":"PT14M12.1S","diffPrevMs":92300,"diffPrev":"PT1M32.3S"},{"entryId":3460,"stageTimeMs":8617500,"stageTime":"PT2H23M37.5S","penaltyTimeMs":0,"penaltyTime":"PT0S","totalTimeMs":8617500,"totalTime":"PT2H23M37.5S","position":14,"diffFirstMs":904400,"diffFirst":"PT15M4.4S","diffPrevMs":52300,"diffPrev":"PT52.3S"},{"entryId":3462,"stageTimeMs":8633600,"stageTime":"PT2H23M53.6S","penaltyTimeMs":0,"penaltyTime":"PT0S","totalTimeMs":8633600,"totalTime":"PT2H23M53.6S","position":15,"diffFirstMs":920500,"diffFirst":"PT15M20.5S","diffPrevMs":16100,"diffPrev":"PT16.1S"},{"entryId":3467,"stageTimeMs":8637900,"stageTime":"PT2H23M57.9S","penaltyTimeMs":0,"penaltyTime":"PT0S","totalTimeMs":8637900,"totalTime":"PT2H23M57.9S","position":16,"diffFirstMs":924800,"diffFirst":"PT15M24.8S","diffPrevMs":4300,"diffPrev":"PT4.3S"},{"entryId":3449,"stageTimeMs":8712800,"stageTime":"PT2H25M12.8S","penaltyTimeMs":0,"penaltyTime":"PT0S","totalTimeMs":8712800,"totalTime":"PT2H25M12.8S","position":17,"diffFirstMs":999700,"diffFirst":"PT16M39.7S","diffPrevMs":74900,"diffPrev":"PT1M14.9S"},{"entryId":3457,"stageTimeMs":8732100,"stageTime":"PT2H25M32.1S","penaltyTimeMs":0,"penaltyTime":"PT0S","totalTimeMs":8732100,"totalTime":"PT2H25M32.1S","position":18,"diffFirstMs":1019000,"diffFirst":"PT16M59S","diffPrevMs":19300,"diffPrev":"PT19.3S"},{"entryId":3479,"stageTimeMs":8792900,"stageTime":"PT2H26M32.9S","penaltyTimeMs":0,"penaltyTime":"PT0S","totalTimeMs":8792900,"totalTime":"PT2H26M32.9S","position":19,"diffFirstMs":1079800,"diffFirst":"PT17M59.8S","diffPrevMs":60800,"diffPrev":"PT1M0.8S"},{"entryId":3480,"stageTimeMs":8930500,"stageTime":"PT2H28M50.5S","penaltyTimeMs":0,"penaltyTime":"PT0S","totalTimeMs":8930500,"totalTime":"PT2H28M50.5S","position":20,"diffFirstMs":1217400,"diffFirst":"PT20M17.4S","diffPrevMs":137600,"diffPrev":"PT2M17.6S"},{"entryId":3481,"stageTimeMs":9000900,"stageTime":"PT2H30M0.9S","penaltyTimeMs":0,"penaltyTime":"PT0S","totalTimeMs":9000900,"totalTime":"PT2H30M0.9S","position":21,"diffFirstMs":1287800,"diffFirst":"PT21M27.8S","diffPrevMs":70400,"diffPrev":"PT1M10.4S"},{"entryId":3506,"stageTimeMs":9092300,"stageTime":"PT2H31M32.3S","penaltyTimeMs":0,"penaltyTime":"PT0S","totalTimeMs":9092300,"totalTime":"PT2H31M32.3S","position":22,"diffFirstMs":1379200,"diffFirst":"PT22M59.2S","diffPrevMs":91400,"diffPrev":"PT1M31.4S"},{"entryId":3470,"stageTimeMs":9100200,"stageTime":"PT2H31M40.2S","penaltyTimeMs":0,"penaltyTime":"PT0S","totalTimeMs":9100200,"totalTime":"PT2H31M40.2S","position":23,"diffFirstMs":1387100,"diffFirst":"PT23M7.1S","diffPrevMs":7900,"diffPrev":"PT7.9S"},{"entryId":3455,"stageTimeMs":9053600,"stageTime":"PT2H30M53.6S","penaltyTimeMs":60000,"penaltyTime":"PT1M","totalTimeMs":9113600,"totalTime":"PT2H31M53.6S","position":24,"diffFirstMs":1400500,"diffFirst":"PT23M20.5S","diffPrevMs":13400,"diffPrev":"PT13.4S"},{"entryId":3478,"stageTimeMs":9121100,"stageTime":"PT2H32M1.1S","penaltyTimeMs":0,"penaltyTime":"PT0S","totalTimeMs":9121100,"totalTime":"PT2H32M1.1S","position":25,"diffFirstMs":1408000,"diffFirst":"PT23M28S","diffPrevMs":7500,"diffPrev":"PT7.5S"},{"entryId":3472,"stageTimeMs":9167100,"stageTime":"PT2H32M47.1S","penaltyTimeMs":0,"penaltyTime":"PT0S","totalTimeMs":9167100,"totalTime":"PT2H32M47.1S","position":26,"diffFirstMs":1454000,"diffFirst":"PT24M14S","diffPrevMs":46000,"diffPrev":"PT46S"},{"entryId":3497,"stageTimeMs":9181800,"stageTime":"PT2H33M1.8S","penaltyTimeMs":0,"penaltyTime":"PT0S","totalTimeMs":9181800,"totalTime":"PT2H33M1.8S","position":27,"diffFirstMs":1468700,"diffFirst":"PT24M28.7S","diffPrevMs":14700,"diffPrev":"PT14.7S"},{"entryId":3486,"stageTimeMs":9195200,"stageTime":"PT2H33M15.2S","penaltyTimeMs":0,"penaltyTime":"PT0S","totalTimeMs":9195200,"totalTime":"PT2H33M15.2S","position":28,"diffFirstMs":1482100,"diffFirst":"PT24M42.1S","diffPrevMs":13400,"diffPrev":"PT13.4S"},{"entryId":3469,"stageTimeMs":9195700,"stageTime":"PT2H33M15.7S","penaltyTimeMs":10000,"penaltyTime":"PT10S","totalTimeMs":9205700,"totalTime":"PT2H33M25.7S","position":29,"diffFirstMs":1492600,"diffFirst":"PT24M52.6S","diffPrevMs":10500,"diffPrev":"PT10.5S"},{"entryId":3477,"stageTimeMs":9148700,"stageTime":"PT2H32M28.7S","penaltyTimeMs":80000,"penaltyTime":"PT1M20S","totalTimeMs":9228700,"totalTime":"PT2H33M48.7S","position":30,"diffFirstMs":1515600,"diffFirst":"PT25M15.6S","diffPrevMs":23000,"diffPrev":"PT23S"},{"entryId":3520,"stageTimeMs":9278800,"stageTime":"PT2H34M38.8S","penaltyTimeMs":0,"penaltyTime":"PT0S","totalTimeMs":9278800,"totalTime":"PT2H34M38.8S","position":31,"diffFirstMs":1565700,"diffFirst":"PT26M5.7S","diffPrevMs":50100,"diffPrev":"PT50.1S"},{"entryId":3484,"stageTimeMs":9296300,"stageTime":"PT2H34M56.3S","penaltyTimeMs":0,"penaltyTime":"PT0S","totalTimeMs":9296300,"totalTime":"PT2H34M56.3S","position":32,"diffFirstMs":1583200,"diffFirst":"PT26M23.2S","diffPrevMs":17500,"diffPrev":"PT17.5S"},{"entryId":3503,"stageTimeMs":9307600,"stageTime":"PT2H35M7.6S","penaltyTimeMs":0,"penaltyTime":"PT0S","totalTimeMs":9307600,"totalTime":"PT2H35M7.6S","position":33,"diffFirstMs":1594500,"diffFirst":"PT26M34.5S","diffPrevMs":11300,"diffPrev":"PT11.3S"},{"entryId":3452,"stageTimeMs":9334500,"stageTime":"PT2H35M34.5S","penaltyTimeMs":0,"penaltyTime":"PT0S","totalTimeMs":9334500,"totalTime":"PT2H35M34.5S","position":34,"diffFirstMs":1621400,"diffFirst":"PT27M1.4S","diffPrevMs":26900,"diffPrev":"PT26.9S"},{"entryId":3498,"stageTimeMs":9458800,"stageTime":"PT2H37M38.8S","penaltyTimeMs":0,"penaltyTime":"PT0S","totalTimeMs":9458800,"totalTime":"PT2H37M38.8S","position":35,"diffFirstMs":1745700,"diffFirst":"PT29M5.7S","diffPrevMs":124300,"diffPrev":"PT2M4.3S"},{"entryId":3500,"stageTimeMs":9483600,"stageTime":"PT2H38M3.6S","penaltyTimeMs":0,"penaltyTime":"PT0S","totalTimeMs":9483600,"totalTime":"PT2H38M3.6S","position":36,"diffFirstMs":1770500,"diffFirst":"PT29M30.5S","diffPrevMs":24800,"diffPrev":"PT24.8S"},{"entryId":3513,"stageTimeMs":9495700,"stageTime":"PT2H38M15.7S","penaltyTimeMs":0,"penaltyTime":"PT0S","totalTimeMs":9495700,"totalTime":"PT2H38M15.7S","position":37,"diffFirstMs":1782600,"diffFirst":"PT29M42.6S","diffPrevMs":12100,"diffPrev":"PT12.1S"},{"entryId":3465,"stageTimeMs":9565800,"stageTime":"PT2H39M25.8S","penaltyTimeMs":0,"penaltyTime":"PT0S","totalTimeMs":9565800,"totalTime":"PT2H39M25.8S","position":38,"diffFirstMs":1852700,"diffFirst":"PT30M52.7S","diffPrevMs":70100,"diffPrev":"PT1M10.1S"},{"entryId":3508,"stageTimeMs":9634200,"stageTime":"PT2H40M34.2S","penaltyTimeMs":0,"penaltyTime":"PT0S","totalTimeMs":9634200,"totalTime":"PT2H40M34.2S","position":39,"diffFirstMs":1921100,"diffFirst":"PT32M1.1S","diffPrevMs":68400,"diffPrev":"PT1M8.4S"},{"entryId":3493,"stageTimeMs":9634400,"stageTime":"PT2H40M34.4S","penaltyTimeMs":0,"penaltyTime":"PT0S","totalTimeMs":9634400,"totalTime":"PT2H40M34.4S","position":40,"diffFirstMs":1921300,"diffFirst":"PT32M1.3S","diffPrevMs":200,"diffPrev":"PT0.2S"},{"entryId":3496,"stageTimeMs":9674000,"stageTime":"PT2H41M14S","penaltyTimeMs":0,"penaltyTime":"PT0S","totalTimeMs":9674000,"totalTime":"PT2H41M14S","position":41,"diffFirstMs":1960900,"diffFirst":"PT32M40.9S","diffPrevMs":39600,"diffPrev":"PT39.6S"},{"entryId":3514,"stageTimeMs":9693800,"stageTime":"PT2H41M33.8S","penaltyTimeMs":0,"penaltyTime":"PT0S","totalTimeMs":9693800,"totalTime":"PT2H41M33.8S","position":42,"diffFirstMs":1980700,"diffFirst":"PT33M0.7S","diffPrevMs":19800,"diffPrev":"PT19.8S"},{"entryId":3461,"stageTimeMs":9696300,"stageTime":"PT2H41M36.3S","penaltyTimeMs":0,"penaltyTime":"PT0S","totalTimeMs":9696300,"totalTime":"PT2H41M36.3S","position":43,"diffFirstMs":1983200,"diffFirst":"PT33M3.2S","diffPrevMs":2500,"diffPrev":"PT2.5S"},{"entryId":3492,"stageTimeMs":9783800,"stageTime":"PT2H43M3.8S","penaltyTimeMs":0,"penaltyTime":"PT0S","totalTimeMs":9783800,"totalTime":"PT2H43M3.8S","position":44,"diffFirstMs":2070700,"diffFirst":"PT34M30.7S","diffPrevMs":87500,"diffPrev":"PT1M27.5S"},{"entryId":3475,"stageTimeMs":9793600,"stageTime":"PT2H43M13.6S","penaltyTimeMs":0,"penaltyTime":"PT0S","totalTimeMs":9793600,"totalTime":"PT2H43M13.6S","position":45,"diffFirstMs":2080500,"diffFirst":"PT34M40.5S","diffPrevMs":9800,"diffPrev":"PT9.8S"},{"entryId":3488,"stageTimeMs":9812900,"stageTime":"PT2H43M32.9S","penaltyTimeMs":0,"penaltyTime":"PT0S","totalTimeMs":9812900,"totalTime":"PT2H43M32.9S","position":46,"diffFirstMs":2099800,"diffFirst":"PT34M59.8S","diffPrevMs":19300,"diffPrev":"PT19.3S"},{"entryId":3463,"stageTimeMs":9813700,"stageTime":"PT2H43M33.7S","penaltyTimeMs":0,"penaltyTime":"PT0S","totalTimeMs":9813700,"totalTime":"PT2H43M33.7S","position":47,"diffFirstMs":2100600,"diffFirst":"PT35M0.6S","diffPrevMs":800,"diffPrev":"PT0.8S"},{"entryId":3519,"stageTimeMs":9921600,"stageTime":"PT2H45M21.6S","penaltyTimeMs":0,"penaltyTime":"PT0S","totalTimeMs":9921600,"totalTime":"PT2H45M21.6S","position":48,"diffFirstMs":2208500,"diffFirst":"PT36M48.5S","diffPrevMs":107900,"diffPrev":"PT1M47.9S"},{"entryId":3505,"stageTimeMs":10000300,"stageTime":"PT2H46M40.3S","penaltyTimeMs":0,"penaltyTime":"PT0S","totalTimeMs":10000300,"totalTime":"PT2H46M40.3S","position":49,"diffFirstMs":2287200,"diffFirst":"PT38M7.2S","diffPrevMs":78700,"diffPrev":"PT1M18.7S"},{"entryId":3521,"stageTimeMs":10082100,"stageTime":"PT2H48M2.1S","penaltyTimeMs":0,"penaltyTime":"PT0S","totalTimeMs":10082100,"totalTime":"PT2H48M2.1S","position":50,"diffFirstMs":2369000,"diffFirst":"PT39M29S","diffPrevMs":81800,"diffPrev":"PT1M21.8S"},{"entryId":3473,"stageTimeMs":10096900,"stageTime":"PT2H48M16.9S","penaltyTimeMs":20000,"penaltyTime":"PT20S","totalTimeMs":10116900,"totalTime":"PT2H48M36.9S","position":51,"diffFirstMs":2403800,"diffFirst":"PT40M3.8S","diffPrevMs":34800,"diffPrev":"PT34.8S"},{"entryId":3487,"stageTimeMs":10199100,"stageTime":"PT2H49M59.1S","penaltyTimeMs":0,"penaltyTime":"PT0S","totalTimeMs":10199100,"totalTime":"PT2H49M59.1S","position":52,"diffFirstMs":2486000,"diffFirst":"PT41M26S","diffPrevMs":82200,"diffPrev":"PT1M22.2S"},{"entryId":3516,"stageTimeMs":10226200,"stageTime":"PT2H50M26.2S","penaltyTimeMs":10000,"penaltyTime":"PT10S","totalTimeMs":10236200,"totalTime":"PT2H50M36.2S","position":53,"diffFirstMs":2523100,"diffFirst":"PT42M3.1S","diffPrevMs":37100,"diffPrev":"PT37.1S"},{"entryId":3476,"stageTimeMs":10259800,"stageTime":"PT2H50M59.8S","penaltyTimeMs":0,"penaltyTime":"PT0S","totalTimeMs":10259800,"totalTime":"PT2H50M59.8S","position":54,"diffFirstMs":2546700,"diffFirst":"PT42M26.7S","diffPrevMs":23600,"diffPrev":"PT23.6S"},{"entryId":3485,"stageTimeMs":10298400,"stageTime":"PT2H51M38.4S","penaltyTimeMs":0,"penaltyTime":"PT0S","totalTimeMs":10298400,"totalTime":"PT2H51M38.4S","position":55,"diffFirstMs":2585300,"diffFirst":"PT43M5.3S","diffPrevMs":38600,"diffPrev":"PT38.6S"},{"entryId":3491,"stageTimeMs":10302600,"stageTime":"PT2H51M42.6S","penaltyTimeMs":0,"penaltyTime":"PT0S","totalTimeMs":10302600,"totalTime":"PT2H51M42.6S","position":56,"diffFirstMs":2589500,"diffFirst":"PT43M9.5S","diffPrevMs":4200,"diffPrev":"PT4.2S"},{"entryId":3525,"stageTimeMs":10321600,"stageTime":"PT2H52M1.6S","penaltyTimeMs":0,"penaltyTime":"PT0S","totalTimeMs":10321600,"totalTime":"PT2H52M1.6S","position":57,"diffFirstMs":2608500,"diffFirst":"PT43M28.5S","diffPrevMs":19000,"diffPrev":"PT19S"},{"entryId":3499,"stageTimeMs":10337900,"stageTime":"PT2H52M17.9S","penaltyTimeMs":0,"penaltyTime":"PT0S","totalTimeMs":10337900,"totalTime":"PT2H52M17.9S","position":58,"diffFirstMs":2624800,"diffFirst":"PT43M44.8S","diffPrevMs":16300,"diffPrev":"PT16.3S"},{"entryId":3512,"stageTimeMs":10374300,"stageTime":"PT2H52M54.3S","penaltyTimeMs":0,"penaltyTime":"PT0S","totalTimeMs":10374300,"totalTime":"PT2H52M54.3S","position":59,"diffFirstMs":2661200,"diffFirst":"PT44M21.2S","diffPrevMs":36400,"diffPrev":"PT36.4S"},{"entryId":3524,"stageTimeMs":10379500,"stageTime":"PT2H52M59.5S","penaltyTimeMs":0,"penaltyTime":"PT0S","totalTimeMs":10379500,"totalTime":"PT2H52M59.5S","position":60,"diffFirstMs":2666400,"diffFirst":"PT44M26.4S","diffPrevMs":5200,"diffPrev":"PT5.2S"},{"entryId":3501,"stageTimeMs":10397600,"stageTime":"PT2H53M17.6S","penaltyTimeMs":0,"penaltyTime":"PT0S","totalTimeMs":10397600,"totalTime":"PT2H53M17.6S","position":61,"diffFirstMs":2684500,"diffFirst":"PT44M44.5S","diffPrevMs":18100,"diffPrev":"PT18.1S"},{"entryId":3515,"stageTimeMs":10409400,"stageTime":"PT2H53M29.4S","penaltyTimeMs":0,"penaltyTime":"PT0S","totalTimeMs":10409400,"totalTime":"PT2H53M29.4S","position":62,"diffFirstMs":2696300,"diffFirst":"PT44M56.3S","diffPrevMs":11800,"diffPrev":"PT11.8S"},{"entryId":3509,"stageTimeMs":10484700,"stageTime":"PT2H54M44.7S","penaltyTimeMs":0,"penaltyTime":"PT0S","totalTimeMs":10484700,"totalTime":"PT2H54M44.7S","position":63,"diffFirstMs":2771600,"diffFirst":"PT46M11.6S","diffPrevMs":75300,"diffPrev":"PT1M15.3S"},{"entryId":3502,"stageTimeMs":10550900,"stageTime":"PT2H55M50.9S","penaltyTimeMs":0,"penaltyTime":"PT0S","totalTimeMs":10550900,"totalTime":"PT2H55M50.9S","position":64,"diffFirstMs":2837800,"diffFirst":"PT47M17.8S","diffPrevMs":66200,"diffPrev":"PT1M6.2S"},{"entryId":3518,"stageTimeMs":10563500,"stageTime":"PT2H56M3.5S","penaltyTimeMs":0,"penaltyTime":"PT0S","totalTimeMs":10563500,"totalTime":"PT2H56M3.5S","position":65,"diffFirstMs":2850400,"diffFirst":"PT47M30.4S","diffPrevMs":12600,"diffPrev":"PT12.6S"},{"entryId":3504,"stageTimeMs":10591000,"stageTime":"PT2H56M31S","penaltyTimeMs":0,"penaltyTime":"PT0S","totalTimeMs":10591000,"totalTime":"PT2H56M31S","position":66,"diffFirstMs":2877900,"diffFirst":"PT47M57.9S","diffPrevMs":27500,"diffPrev":"PT27.5S"},{"entryId":3517,"stageTimeMs":10688500,"stageTime":"PT2H58M8.5S","penaltyTimeMs":0,"penaltyTime":"PT0S","totalTimeMs":10688500,"totalTime":"PT2H58M8.5S","position":67,"diffFirstMs":2975400,"diffFirst":"PT49M35.4S","diffPrevMs":97500,"diffPrev":"PT1M37.5S"},{"entryId":3495,"stageTimeMs":10689800,"stageTime":"PT2H58M9.8S","penaltyTimeMs":0,"penaltyTime":"PT0S","totalTimeMs":10689800,"totalTime":"PT2H58M9.8S","position":68,"diffFirstMs":2976700,"diffFirst":"PT49M36.7S","diffPrevMs":1300,"diffPrev":"PT1.3S"},{"entryId":3511,"stageTimeMs":10812400,"stageTime":"PT3H12.4S","penaltyTimeMs":0,"penaltyTime":"PT0S","totalTimeMs":10812400,"totalTime":"PT3H12.4S","position":69,"diffFirstMs":3099300,"diffFirst":"PT51M39.3S","diffPrevMs":122600,"diffPrev":"PT2M2.6S"},{"entryId":3523,"stageTimeMs":11062600,"stageTime":"PT3H4M22.6S","penaltyTimeMs":0,"penaltyTime":"PT0S","totalTimeMs":11062600,"totalTime":"PT3H4M22.6S","position":70,"diffFirstMs":3349500,"diffFirst":"PT55M49.5S","diffPrevMs":250200,"diffPrev":"PT4M10.2S"},{"entryId":3490,"stageTimeMs":11088600,"stageTime":"PT3H4M48.6S","penaltyTimeMs":0,"penaltyTime":"PT0S","totalTimeMs":11088600,"totalTime":"PT3H4M48.6S","position":71,"diffFirstMs":3375500,"diffFirst":"PT56M15.5S","diffPrevMs":26000,"diffPrev":"PT26S"},{"entryId":3489,"stageTimeMs":11114400,"stageTime":"PT3H5M14.4S","penaltyTimeMs":0,"penaltyTime":"PT0S","totalTimeMs":11114400,"totalTime":"PT3H5M14.4S","position":72,"diffFirstMs":3401300,"diffFirst":"PT56M41.3S","diffPrevMs":25800,"diffPrev":"PT25.8S"},{"entryId":3510,"stageTimeMs":11354100,"stageTime":"PT3H9M14.1S","penaltyTimeMs":0,"penaltyTime":"PT0S","totalTimeMs":11354100,"totalTime":"PT3H9M14.1S","position":73,"diffFirstMs":3641000,"diffFirst":"PT1H41S","diffPrevMs":239700,"diffPrev":"PT3M59.7S"},{"entryId":3507,"stageTimeMs":11709000,"stageTime":"PT3H15M9S","penaltyTimeMs":80000,"penaltyTime":"PT1M20S","totalTimeMs":11789000,"totalTime":"PT3H16M29S","position":74,"diffFirstMs":4075900,"diffFirst":"PT1H7M55.9S","diffPrevMs":434900,"diffPrev":"PT7M14.9S"},{"entryId":3494,"stageTimeMs":12236800,"stageTime":"PT3H23M56.8S","penaltyTimeMs":80000,"penaltyTime":"PT1M20S","totalTimeMs":12316800,"totalTime":"PT3H25M16.8S","position":75,"diffFirstMs":4603700,"diffFirst":"PT1H16M43.7S","diffPrevMs":527800,"diffPrev":"PT8M47.8S"},{"entryId":3522,"stageTimeMs":13256200,"stageTime":"PT3H40M56.2S","penaltyTimeMs":0,"penaltyTime":"PT0S","totalTimeMs":13256200,"totalTime":"PT3H40M56.2S","position":76,"diffFirstMs":5543100,"diffFirst":"PT1H32M23.1S","diffPrevMs":939400,"diffPrev":"PT15M39.4S"}]