[{"startDateTime":"2019-01-27T09:55:00","startDateTimeLocal":"2019-01-27T10:55:00+01:00","stageTimeDurationMs":710900,"stageTimeDuration":"00:11:50.9000000","splitPointTimeId":59330,"splitPointId":1860,"entryId":3452,"elapsedDurationMs":126400,"elapsedDuration":"PT2M6.4S","splitDateTime":"2019-01-27T09:57:06.4","splitDateTimeLocal":"2019-01-27T10:57:06.4+01:00"},{"startDateTime":"2019-01-27T09:57:00","startDateTimeLocal":"2019-01-27T10:57:00+01:00","stageTimeDurationMs":700600,"stageTimeDuration":"00:11:40.6000000","splitPointTimeId":59331,"splitPointId":1860,"entryId":3449,"elapsedDurationMs":123400,"elapsedDuration":"PT2M3.4S","splitDateTime":"2019-01-27T09:59:03.4","splitDateTimeLocal":"2019-01-27T10:59:03.4+01:00"},{"startDateTime":"2019-01-27T09:59:00","startDateTimeLocal":"2019-01-27T10:59:00+01:00","stageTimeDurationMs":691200,"stageTimeDuration":"00:11:31.2000000","splitPointTimeId":59333,"splitPointId":1860,"entryId":3451,"elapsedDurationMs":121700,"elapsedDuration":"PT2M1.7S","splitDateTime":"2019-01-27T10:01:01.7","splitDateTimeLocal":"2019-01-27T11:01:01.7+01:00"},{"startDateTime":"2019-01-27T10:01:00","startDateTimeLocal":"2019-01-27T11:01:00+01:00","stageTimeDurationMs":689300,"stageTimeDuration":"00:11:29.3000000","splitPointTimeId":59335,"splitPointId":1860,"entryId":3444,"elapsedDurationMs":121500,"elapsedDuration":"PT2M1.5S","splitDateTime":"2019-01-27T10:03:01.5","splitDateTimeLocal":"2019-01-27T11:03:01.5+01:00"},{"startDateTime":"2019-01-27T10:03:00","startDateTimeLocal":"2019-01-27T11:03:00+01:00","stageTimeDurationMs":696300,"stageTimeDuration":"00:11:36.3000000","splitPointTimeId":59339,"splitPointId":1860,"entryId":3445,"elapsedDurationMs":122400,"elapsedDuration":"PT2M2.4S","splitDateTime":"2019-01-27T10:05:02.4","splitDateTimeLocal":"2019-01-27T11:05:02.4+01:00"},{"startDateTime":"2019-01-27T10:05:00","startDateTimeLocal":"2019-01-27T11:05:00+01:00","stageTimeDurationMs":694500,"stageTimeDuration":"00:11:34.5000000","splitPointTimeId":59343,"splitPointId":1860,"entryId":3450,"elapsedDurationMs":123100,"elapsedDuration":"PT2M3.1S","splitDateTime":"2019-01-27T10:07:03.1","splitDateTimeLocal":"2019-01-27T11:07:03.1+01:00"},{"startDateTime":"2019-01-27T10:07:00","startDateTimeLocal":"2019-01-27T11:07:00+01:00","stageTimeDurationMs":685500,"stageTimeDuration":"00:11:25.5000000","splitPointTimeId":59346,"splitPointId":1860,"entryId":3443,"elapsedDurationMs":120700,"elapsedDuration":"PT2M0.7S","splitDateTime":"2019-01-27T10:09:00.7","splitDateTimeLocal":"2019-01-27T11:09:00.7+01:00"},{"startDateTime":"2019-01-27T10:09:00","startDateTimeLocal":"2019-01-27T11:09:00+01:00","stageTimeDurationMs":688300,"stageTimeDuration":"00:11:28.3000000","splitPointTimeId":59351,"splitPointId":1860,"entryId":3442,"elapsedDurationMs":119900,"elapsedDuration":"PT1M59.9S","splitDateTime":"2019-01-27T10:10:59.9","splitDateTimeLocal":"2019-01-27T11:10:59.9+01:00"},{"startDateTime":"2019-01-27T10:11:00","startDateTimeLocal":"2019-01-27T11:11:00+01:00","stageTimeDurationMs":730400,"stageTimeDuration":"00:12:10.4000000","splitPointTimeId":59354,"splitPointId":1860,"entryId":3453,"elapsedDurationMs":130200,"elapsedDuration":"PT2M10.2S","splitDateTime":"2019-01-27T10:13:10.2","splitDateTimeLocal":"2019-01-27T11:13:10.2+01:00"},{"startDateTime":"2019-01-27T10:13:00","startDateTimeLocal":"2019-01-27T11:13:00+01:00","stageTimeDurationMs":721400,"stageTimeDuration":"00:12:01.4000000","splitPointTimeId":59358,"splitPointId":1860,"entryId":3455,"elapsedDurationMs":127300,"elapsedDuration":"PT2M7.3S","splitDateTime":"2019-01-27T10:15:07.3","splitDateTimeLocal":"2019-01-27T11:15:07.3+01:00"},{"startDateTime":"2019-01-27T10:14:00","startDateTimeLocal":"2019-01-27T11:14:00+01:00","stageTimeDurationMs":725900,"stageTimeDuration":"00:12:05.9000000","splitPointTimeId":59361,"splitPointId":1860,"entryId":3454,"elapsedDurationMs":128500,"elapsedDuration":"PT2M8.5S","splitDateTime":"2019-01-27T10:16:08.5","splitDateTimeLocal":"2019-01-27T11:16:08.5+01:00"},{"startDateTime":"2019-01-27T10:15:00","startDateTimeLocal":"2019-01-27T11:15:00+01:00","stageTimeDurationMs":720100,"stageTimeDuration":"00:12:00.1000000","splitPointTimeId":59363,"splitPointId":1860,"entryId":3468,"elapsedDurationMs":127600,"elapsedDuration":"PT2M7.6S","splitDateTime":"2019-01-27T10:17:07.6","splitDateTimeLocal":"2019-01-27T11:17:07.6+01:00"},{"startDateTime":"2019-01-27T10:17:00","startDateTimeLocal":"2019-01-27T11:17:00+01:00","stageTimeDurationMs":743600,"stageTimeDuration":"00:12:23.6000000","splitPointTimeId":59368,"splitPointId":1860,"entryId":3459,"elapsedDurationMs":132500,"elapsedDuration":"PT2M12.5S","splitDateTime":"2019-01-27T10:19:12.5","splitDateTimeLocal":"2019-01-27T11:19:12.5+01:00"},{"startDateTime":"2019-01-27T10:18:00","startDateTimeLocal":"2019-01-27T11:18:00+01:00","stageTimeDurationMs":724200,"stageTimeDuration":"00:12:04.2000000","splitPointTimeId":59372,"splitPointId":1860,"entryId":3456,"elapsedDurationMs":128400,"elapsedDuration":"PT2M8.4S","splitDateTime":"2019-01-27T10:20:08.4","splitDateTimeLocal":"2019-01-27T11:20:08.4+01:00"},{"startDateTime":"2019-01-27T10:19:00","startDateTimeLocal":"2019-01-27T11:19:00+01:00","stageTimeDurationMs":733300,"stageTimeDuration":"00:12:13.3000000","splitPointTimeId":59374,"splitPointId":1860,"entryId":3466,"elapsedDurationMs":131300,"elapsedDuration":"PT2M11.3S","splitDateTime":"2019-01-27T10:21:11.3","splitDateTimeLocal":"2019-01-27T11:21:11.3+01:00"},{"startDateTime":"2019-01-27T10:20:00","startDateTimeLocal":"2019-01-27T11:20:00+01:00","stageTimeDurationMs":738800,"stageTimeDuration":"00:12:18.8000000","splitPointTimeId":59377,"splitPointId":1860,"entryId":3462,"elapsedDurationMs":130500,"elapsedDuration":"PT2M10.5S","splitDateTime":"2019-01-27T10:22:10.5","splitDateTimeLocal":"2019-01-27T11:22:10.5+01:00"},{"startDateTime":"2019-01-27T10:21:00","startDateTimeLocal":"2019-01-27T11:21:00+01:00","stageTimeDurationMs":740100,"stageTimeDuration":"00:12:20.1000000","splitPointTimeId":59380,"splitPointId":1860,"entryId":3467,"elapsedDurationMs":131400,"elapsedDuration":"PT2M11.4S","splitDateTime":"2019-01-27T10:23:11.4","splitDateTimeLocal":"2019-01-27T11:23:11.4+01:00"},{"startDateTime":"2019-01-27T10:22:00","startDateTimeLocal":"2019-01-27T11:22:00+01:00","stageTimeDurationMs":716300,"stageTimeDuration":"00:11:56.3000000","splitPointTimeId":59384,"splitPointId":1860,"entryId":3457,"elapsedDurationMs":126200,"elapsedDuration":"PT2M6.2S","splitDateTime":"2019-01-27T10:24:06.2","splitDateTimeLocal":"2019-01-27T11:24:06.2+01:00"},{"startDateTime":"2019-01-27T10:24:00","startDateTimeLocal":"2019-01-27T11:24:00+01:00","stageTimeDurationMs":746200,"stageTimeDuration":"00:12:26.2000000","splitPointTimeId":59389,"splitPointId":1860,"entryId":3479,"elapsedDurationMs":132100,"elapsedDuration":"PT2M12.1S","splitDateTime":"2019-01-27T10:26:12.1","splitDateTimeLocal":"2019-01-27T11:26:12.1+01:00"},{"startDateTime":"2019-01-27T10:25:00","startDateTimeLocal":"2019-01-27T11:25:00+01:00","stageTimeDurationMs":756100,"stageTimeDuration":"00:12:36.1000000","splitPointTimeId":59393,"splitPointId":1860,"entryId":3480,"elapsedDurationMs":132800,"elapsedDuration":"PT2M12.8S","splitDateTime":"2019-01-27T10:27:12.8","splitDateTimeLocal":"2019-01-27T11:27:12.8+01:00"},{"startDateTime":"2019-01-27T10:26:00","startDateTimeLocal":"2019-01-27T11:26:00+01:00","stageTimeDurationMs":755000,"stageTimeDuration":"00:12:35","splitPointTimeId":59396,"splitPointId":1860,"entryId":3481,"elapsedDurationMs":132500,"elapsedDuration":"PT2M12.5S","splitDateTime":"2019-01-27T10:28:12.5","splitDateTimeLocal":"2019-01-27T11:28:12.5+01:00"},{"startDateTime":"2019-01-27T10:27:00","startDateTimeLocal":"2019-01-27T11:27:00+01:00","stageTimeDurationMs":768000,"stageTimeDuration":"00:12:48","splitPointTimeId":59400,"splitPointId":1860,"entryId":3478,"elapsedDurationMs":136500,"elapsedDuration":"PT2M16.5S","splitDateTime":"2019-01-27T10:29:16.5","splitDateTimeLocal":"2019-01-27T11:29:16.5+01:00"},{"startDateTime":"2019-01-27T10:28:00","startDateTimeLocal":"2019-01-27T11:28:00+01:00","stageTimeDurationMs":804600,"stageTimeDuration":"00:13:24.6000000","splitPointTimeId":59405,"splitPointId":1860,"entryId":3506,"elapsedDurationMs":142500,"elapsedDuration":"PT2M22.5S","splitDateTime":"2019-01-27T10:30:22.5","splitDateTimeLocal":"2019-01-27T11:30:22.5+01:00"},{"startDateTime":"2019-01-27T10:29:00","startDateTimeLocal":"2019-01-27T11:29:00+01:00","stageTimeDurationMs":770800,"stageTimeDuration":"00:12:50.8000000","splitPointTimeId":59407,"splitPointId":1860,"entryId":3486,"elapsedDurationMs":137300,"elapsedDuration":"PT2M17.3S","splitDateTime":"2019-01-27T10:31:17.3","splitDateTimeLocal":"2019-01-27T11:31:17.3+01:00"},{"startDateTime":"2019-01-27T10:30:00","startDateTimeLocal":"2019-01-27T11:30:00+01:00","stageTimeDurationMs":767300,"stageTimeDuration":"00:12:47.3000000","splitPointTimeId":59410,"splitPointId":1860,"entryId":3477,"elapsedDurationMs":134300,"elapsedDuration":"PT2M14.3S","splitDateTime":"2019-01-27T10:32:14.3","splitDateTimeLocal":"2019-01-27T11:32:14.3+01:00"},{"startDateTime":"2019-01-27T10:31:00","startDateTimeLocal":"2019-01-27T11:31:00+01:00","stageTimeDurationMs":776500,"stageTimeDuration":"00:12:56.5000000","splitPointTimeId":59414,"splitPointId":1860,"entryId":3472,"elapsedDurationMs":138000,"elapsedDuration":"PT2M18S","splitDateTime":"2019-01-27T10:33:18","splitDateTimeLocal":"2019-01-27T11:33:18+01:00"},{"startDateTime":"2019-01-27T10:32:00","startDateTimeLocal":"2019-01-27T11:32:00+01:00","stageTimeDurationMs":756700,"stageTimeDuration":"00:12:36.7000000","splitPointTimeId":59417,"splitPointId":1860,"entryId":3469,"elapsedDurationMs":134100,"elapsedDuration":"PT2M14.1S","splitDateTime":"2019-01-27T10:34:14.1","splitDateTimeLocal":"2019-01-27T11:34:14.1+01:00"},{"startDateTime":"2019-01-27T10:33:00","startDateTimeLocal":"2019-01-27T11:33:00+01:00","stageTimeDurationMs":804300,"stageTimeDuration":"00:13:24.3000000","splitPointTimeId":59422,"splitPointId":1860,"entryId":3497,"elapsedDurationMs":144600,"elapsedDuration":"PT2M24.6S","splitDateTime":"2019-01-27T10:35:24.6","splitDateTimeLocal":"2019-01-27T11:35:24.6+01:00"},{"startDateTime":"2019-01-27T10:34:00","startDateTimeLocal":"2019-01-27T11:34:00+01:00","stageTimeDurationMs":769500,"stageTimeDuration":"00:12:49.5000000","splitPointTimeId":59425,"splitPointId":1860,"entryId":3484,"elapsedDurationMs":137200,"elapsedDuration":"PT2M17.2S","splitDateTime":"2019-01-27T10:36:17.2","splitDateTimeLocal":"2019-01-27T11:36:17.2+01:00"},{"startDateTime":"2019-01-27T10:35:00","startDateTimeLocal":"2019-01-27T11:35:00+01:00","stageTimeDurationMs":808500,"stageTimeDuration":"00:13:28.5000000","splitPointTimeId":59430,"splitPointId":1860,"entryId":3520,"elapsedDurationMs":144100,"elapsedDuration":"PT2M24.1S","splitDateTime":"2019-01-27T10:37:24.1","splitDateTimeLocal":"2019-01-27T11:37:24.1+01:00"},{"startDateTime":"2019-01-27T10:36:00","startDateTimeLocal":"2019-01-27T11:36:00+01:00","stageTimeDurationMs":815800,"stageTimeDuration":"00:13:35.8000000","splitPointTimeId":59432,"splitPointId":1860,"entryId":3503,"elapsedDurationMs":144800,"elapsedDuration":"PT2M24.8S","splitDateTime":"2019-01-27T10:38:24.8","splitDateTimeLocal":"2019-01-27T11:38:24.8+01:00"},{"startDateTime":"2019-01-27T10:37:00","startDateTimeLocal":"2019-01-27T11:37:00+01:00","stageTimeDurationMs":1238900,"stageTimeDuration":"00:20:38.9000000","splitPointTimeId":59437,"splitPointId":1860,"entryId":3500,"elapsedDurationMs":145000,"elapsedDuration":"PT2M25S","splitDateTime":"2019-01-27T10:39:25","splitDateTimeLocal":"2019-01-27T11:39:25+01:00"},{"startDateTime":"2019-01-27T10:38:00","startDateTimeLocal":"2019-01-27T11:38:00+01:00","stageTimeDurationMs":847100,"stageTimeDuration":"00:14:07.1000000","splitPointTimeId":59440,"splitPointId":1860,"entryId":3498,"elapsedDurationMs":151300,"elapsedDuration":"PT2M31.3S","splitDateTime":"2019-01-27T10:40:31.3","splitDateTimeLocal":"2019-01-27T11:40:31.3+01:00"},{"startDateTime":"2019-01-27T10:39:00","startDateTimeLocal":"2019-01-27T11:39:00+01:00","stageTimeDurationMs":1238900,"stageTimeDuration":"00:20:38.9000000","splitPointTimeId":59444,"splitPointId":1860,"entryId":3513,"elapsedDurationMs":143800,"elapsedDuration":"PT2M23.8S","splitDateTime":"2019-01-27T10:41:23.8","splitDateTimeLocal":"2019-01-27T11:41:23.8+01:00"},{"startDateTime":"2019-01-27T10:41:00","startDateTimeLocal":"2019-01-27T11:41:00+01:00","stageTimeDurationMs":742900,"stageTimeDuration":"00:12:22.9000000","splitPointTimeId":59451,"splitPointId":1860,"entryId":3465,"elapsedDurationMs":131000,"elapsedDuration":"PT2M11S","splitDateTime":"2019-01-27T10:43:11","splitDateTimeLocal":"2019-01-27T11:43:11+01:00"},{"startDateTime":"2019-01-27T10:42:00","startDateTimeLocal":"2019-01-27T11:42:00+01:00","stageTimeDurationMs":815800,"stageTimeDuration":"00:13:35.8000000","splitPointTimeId":59454,"splitPointId":1860,"entryId":3508,"elapsedDurationMs":145800,"elapsedDuration":"PT2M25.8S","splitDateTime":"2019-01-27T10:44:25.8","splitDateTimeLocal":"2019-01-27T11:44:25.8+01:00"},{"startDateTime":"2019-01-27T10:43:00","startDateTimeLocal":"2019-01-27T11:43:00+01:00","stageTimeDurationMs":937600,"stageTimeDuration":"00:15:37.6000000","splitPointTimeId":59458,"splitPointId":1860,"entryId":3514,"elapsedDurationMs":154700,"elapsedDuration":"PT2M34.7S","splitDateTime":"2019-01-27T10:45:34.7","splitDateTimeLocal":"2019-01-27T11:45:34.7+01:00"},{"startDateTime":"2019-01-27T10:44:00","startDateTimeLocal":"2019-01-27T11:44:00+01:00","stageTimeDurationMs":816900,"stageTimeDuration":"00:13:36.9000000","splitPointTimeId":59460,"splitPointId":1860,"entryId":3496,"elapsedDurationMs":145900,"elapsedDuration":"PT2M25.9S","splitDateTime":"2019-01-27T10:46:25.9","splitDateTimeLocal":"2019-01-27T11:46:25.9+01:00"},{"startDateTime":"2019-01-27T10:45:00","startDateTimeLocal":"2019-01-27T11:45:00+01:00","stageTimeDurationMs":776100,"stageTimeDuration":"00:12:56.1000000","splitPointTimeId":59462,"splitPointId":1860,"entryId":3470,"elapsedDurationMs":139700,"elapsedDuration":"PT2M19.7S","splitDateTime":"2019-01-27T10:47:19.7","splitDateTimeLocal":"2019-01-27T11:47:19.7+01:00"},{"startDateTime":"2019-01-27T10:46:00","startDateTimeLocal":"2019-01-27T11:46:00+01:00","stageTimeDurationMs":806600,"stageTimeDuration":"00:13:26.6000000","splitPointTimeId":59466,"splitPointId":1860,"entryId":3475,"elapsedDurationMs":142800,"elapsedDuration":"PT2M22.8S","splitDateTime":"2019-01-27T10:48:22.8","splitDateTimeLocal":"2019-01-27T11:48:22.8+01:00"},{"startDateTime":"2019-01-27T10:47:00","startDateTimeLocal":"2019-01-27T11:47:00+01:00","stageTimeDurationMs":818200,"stageTimeDuration":"00:13:38.2000000","splitPointTimeId":59469,"splitPointId":1860,"entryId":3492,"elapsedDurationMs":146600,"elapsedDuration":"PT2M26.6S","splitDateTime":"2019-01-27T10:49:26.6","splitDateTimeLocal":"2019-01-27T11:49:26.6+01:00"},{"startDateTime":"2019-01-27T10:48:00","startDateTimeLocal":"2019-01-27T11:48:00+01:00","stageTimeDurationMs":823400,"stageTimeDuration":"00:13:43.4000000","splitPointTimeId":59472,"splitPointId":1860,"entryId":3488,"elapsedDurationMs":147900,"elapsedDuration":"PT2M27.9S","splitDateTime":"2019-01-27T10:50:27.9","splitDateTimeLocal":"2019-01-27T11:50:27.9+01:00"},{"startDateTime":"2019-01-27T10:49:00","startDateTimeLocal":"2019-01-27T11:49:00+01:00","stageTimeDurationMs":846200,"stageTimeDuration":"00:14:06.2000000","splitPointTimeId":59475,"splitPointId":1860,"entryId":3463,"elapsedDurationMs":149600,"elapsedDuration":"PT2M29.6S","splitDateTime":"2019-01-27T10:51:29.6","splitDateTimeLocal":"2019-01-27T11:51:29.6+01:00"},{"startDateTime":"2019-01-27T10:50:00","startDateTimeLocal":"2019-01-27T11:50:00+01:00","stageTimeDurationMs":723300,"stageTimeDuration":"00:12:03.3000000","splitPointTimeId":59478,"splitPointId":1860,"entryId":3485,"elapsedDurationMs":128700,"elapsedDuration":"PT2M8.7S","splitDateTime":"2019-01-27T10:52:08.7","splitDateTimeLocal":"2019-01-27T11:52:08.7+01:00"},{"startDateTime":"2019-01-27T10:51:00","startDateTimeLocal":"2019-01-27T11:51:00+01:00","stageTimeDurationMs":869200,"stageTimeDuration":"00:14:29.2000000","splitPointTimeId":59482,"splitPointId":1860,"entryId":3505,"elapsedDurationMs":153300,"elapsedDuration":"PT2M33.3S","splitDateTime":"2019-01-27T10:53:33.3","splitDateTimeLocal":"2019-01-27T11:53:33.3+01:00"},{"startDateTime":"2019-01-27T10:52:00","startDateTimeLocal":"2019-01-27T11:52:00+01:00","stageTimeDurationMs":825700,"stageTimeDuration":"00:13:45.7000000","splitPointTimeId":59486,"splitPointId":1860,"entryId":3473,"elapsedDurationMs":145500,"elapsedDuration":"PT2M25.5S","splitDateTime":"2019-01-27T10:54:25.5","splitDateTimeLocal":"2019-01-27T11:54:25.5+01:00"},{"startDateTime":"2019-01-27T10:53:00","startDateTimeLocal":"2019-01-27T11:53:00+01:00","stageTimeDurationMs":929400,"stageTimeDuration":"00:15:29.4000000","splitPointTimeId":59490,"splitPointId":1860,"entryId":3521,"elapsedDurationMs":167100,"elapsedDuration":"PT2M47.1S","splitDateTime":"2019-01-27T10:55:47.1","splitDateTimeLocal":"2019-01-27T11:55:47.1+01:00"},{"startDateTime":"2019-01-27T10:55:00","startDateTimeLocal":"2019-01-27T11:55:00+01:00","stageTimeDurationMs":799000,"stageTimeDuration":"00:13:19","splitPointTimeId":59496,"splitPointId":1860,"entryId":3476,"elapsedDurationMs":139500,"elapsedDuration":"PT2M19.5S","splitDateTime":"2019-01-27T10:57:19.5","splitDateTimeLocal":"2019-01-27T11:57:19.5+01:00"},{"startDateTime":"2019-01-27T10:56:00","startDateTimeLocal":"2019-01-27T11:56:00+01:00","stageTimeDurationMs":835700,"stageTimeDuration":"00:13:55.7000000","splitPointTimeId":59501,"splitPointId":1860,"entryId":3487,"elapsedDurationMs":146900,"elapsedDuration":"PT2M26.9S","splitDateTime":"2019-01-27T10:58:26.9","splitDateTimeLocal":"2019-01-27T11:58:26.9+01:00"},{"startDateTime":"2019-01-27T10:57:00","startDateTimeLocal":"2019-01-27T11:57:00+01:00","stageTimeDurationMs":849600,"stageTimeDuration":"00:14:09.6000000","splitPointTimeId":59505,"splitPointId":1860,"entryId":3491,"elapsedDurationMs":152300,"elapsedDuration":"PT2M32.3S","splitDateTime":"2019-01-27T10:59:32.3","splitDateTimeLocal":"2019-01-27T11:59:32.3+01:00"},{"startDateTime":"2019-01-27T10:58:00","startDateTimeLocal":"2019-01-27T11:58:00+01:00","stageTimeDurationMs":902300,"stageTimeDuration":"00:15:02.3000000","splitPointTimeId":59508,"splitPointId":1860,"entryId":3516,"elapsedDurationMs":158900,"elapsedDuration":"PT2M38.9S","splitDateTime":"2019-01-27T11:00:38.9","splitDateTimeLocal":"2019-01-27T12:00:38.9+01:00"},{"startDateTime":"2019-01-27T10:59:00","startDateTimeLocal":"2019-01-27T11:59:00+01:00","stageTimeDurationMs":1118900,"stageTimeDuration":"00:18:38.9000000","splitPointTimeId":59513,"splitPointId":1860,"entryId":3525,"elapsedDurationMs":206500,"elapsedDuration":"PT3M26.5S","splitDateTime":"2019-01-27T11:02:26.5","splitDateTimeLocal":"2019-01-27T12:02:26.5+01:00"},{"startDateTime":"2019-01-27T11:00:00","startDateTimeLocal":"2019-01-27T12:00:00+01:00","stageTimeDurationMs":861700,"stageTimeDuration":"00:14:21.7000000","splitPointTimeId":59514,"splitPointId":1860,"entryId":3499,"elapsedDurationMs":155700,"elapsedDuration":"PT2M35.7S","splitDateTime":"2019-01-27T11:02:35.7","splitDateTimeLocal":"2019-01-27T12:02:35.7+01:00"},{"startDateTime":"2019-01-27T11:01:00","startDateTimeLocal":"2019-01-27T12:01:00+01:00","stageTimeDurationMs":837600,"stageTimeDuration":"00:13:57.6000000","splitPointTimeId":59516,"splitPointId":1860,"entryId":3512,"elapsedDurationMs":149000,"elapsedDuration":"PT2M29S","splitDateTime":"2019-01-27T11:03:29","splitDateTimeLocal":"2019-01-27T12:03:29+01:00"},{"startDateTime":"2019-01-27T11:02:00","startDateTimeLocal":"2019-01-27T12:02:00+01:00","stageTimeDurationMs":873200,"stageTimeDuration":"00:14:33.2000000","splitPointTimeId":59521,"splitPointId":1860,"entryId":3501,"elapsedDurationMs":154700,"elapsedDuration":"PT2M34.7S","splitDateTime":"2019-01-27T11:04:34.7","splitDateTimeLocal":"2019-01-27T12:04:34.7+01:00"},{"startDateTime":"2019-01-27T11:03:00","startDateTimeLocal":"2019-01-27T12:03:00+01:00","stageTimeDurationMs":1017900,"stageTimeDuration":"00:16:57.9000000","splitPointTimeId":59524,"splitPointId":1860,"entryId":3524,"elapsedDurationMs":182500,"elapsedDuration":"PT3M2.5S","splitDateTime":"2019-01-27T11:06:02.5","splitDateTimeLocal":"2019-01-27T12:06:02.5+01:00"},{"startDateTime":"2019-01-27T11:04:00","startDateTimeLocal":"2019-01-27T12:04:00+01:00","stageTimeDurationMs":903300,"stageTimeDuration":"00:15:03.3000000","splitPointTimeId":59527,"splitPointId":1860,"entryId":3515,"elapsedDurationMs":160800,"elapsedDuration":"PT2M40.8S","splitDateTime":"2019-01-27T11:06:40.8","splitDateTimeLocal":"2019-01-27T12:06:40.8+01:00"},{"startDateTime":"2019-01-27T11:05:00","startDateTimeLocal":"2019-01-27T12:05:00+01:00","stageTimeDurationMs":875300,"stageTimeDuration":"00:14:35.3000000","splitPointTimeId":59531,"splitPointId":1860,"entryId":3509,"elapsedDurationMs":155400,"elapsedDuration":"PT2M35.4S","splitDateTime":"2019-01-27T11:07:35.4","splitDateTimeLocal":"2019-01-27T12:07:35.4+01:00"},{"startDateTime":"2019-01-27T11:06:00","startDateTimeLocal":"2019-01-27T12:06:00+01:00","stageTimeDurationMs":879100,"stageTimeDuration":"00:14:39.1000000","splitPointTimeId":59534,"splitPointId":1860,"entryId":3502,"elapsedDurationMs":157700,"elapsedDuration":"PT2M37.7S","splitDateTime":"2019-01-27T11:08:37.7","splitDateTimeLocal":"2019-01-27T12:08:37.7+01:00"},{"startDateTime":"2019-01-27T09:55:00","startDateTimeLocal":"2019-01-27T10:55:00+01:00","stageTimeDurationMs":710900,"stageTimeDuration":"00:11:50.9000000","splitPointTimeId":59336,"splitPointId":1861,"entryId":3452,"elapsedDurationMs":492400,"elapsedDuration":"PT8M12.4S","splitDateTime":"2019-01-27T10:03:12.4","splitDateTimeLocal":"2019-01-27T11:03:12.4+01:00"},{"startDateTime":"2019-01-27T09:57:00","startDateTimeLocal":"2019-01-27T10:57:00+01:00","stageTimeDurationMs":700600,"stageTimeDuration":"00:11:40.6000000","splitPointTimeId":59338,"splitPointId":1861,"entryId":3449,"elapsedDurationMs":481300,"elapsedDuration":"PT8M1.3S","splitDateTime":"2019-01-27T10:05:01.3","splitDateTimeLocal":"2019-01-27T11:05:01.3+01:00"},{"startDateTime":"2019-01-27T09:59:00","startDateTimeLocal":"2019-01-27T10:59:00+01:00","stageTimeDurationMs":691200,"stageTimeDuration":"00:11:31.2000000","splitPointTimeId":59342,"splitPointId":1861,"entryId":3451,"elapsedDurationMs":473600,"elapsedDuration":"PT7M53.6S","splitDateTime":"2019-01-27T10:06:53.6","splitDateTimeLocal":"2019-01-27T11:06:53.6+01:00"},{"startDateTime":"2019-01-27T10:01:00","startDateTimeLocal":"2019-01-27T11:01:00+01:00","stageTimeDurationMs":689300,"stageTimeDuration":"00:11:29.3000000","splitPointTimeId":59347,"splitPointId":1861,"entryId":3444,"elapsedDurationMs":474700,"elapsedDuration":"PT7M54.7S","splitDateTime":"2019-01-27T10:08:54.7","splitDateTimeLocal":"2019-01-27T11:08:54.7+01:00"},{"startDateTime":"2019-01-27T10:03:00","startDateTimeLocal":"2019-01-27T11:03:00+01:00","stageTimeDurationMs":696300,"stageTimeDuration":"00:11:36.3000000","splitPointTimeId":59350,"splitPointId":1861,"entryId":3445,"elapsedDurationMs":479400,"elapsedDuration":"PT7M59.4S","splitDateTime":"2019-01-27T10:10:59.4","splitDateTimeLocal":"2019-01-27T11:10:59.4+01:00"},{"startDateTime":"2019-01-27T10:05:00","startDateTimeLocal":"2019-01-27T11:05:00+01:00","stageTimeDurationMs":694500,"stageTimeDuration":"00:11:34.5000000","splitPointTimeId":59353,"splitPointId":1861,"entryId":3450,"elapsedDurationMs":476200,"elapsedDuration":"PT7M56.2S","splitDateTime":"2019-01-27T10:12:56.2","splitDateTimeLocal":"2019-01-27T11:12:56.2+01:00"},{"startDateTime":"2019-01-27T10:07:00","startDateTimeLocal":"2019-01-27T11:07:00+01:00","stageTimeDurationMs":685500,"stageTimeDuration":"00:11:25.5000000","splitPointTimeId":59357,"splitPointId":1861,"entryId":3443,"elapsedDurationMs":468700,"elapsedDuration":"PT7M48.7S","splitDateTime":"2019-01-27T10:14:48.7","splitDateTimeLocal":"2019-01-27T11:14:48.7+01:00"},{"startDateTime":"2019-01-27T10:09:00","startDateTimeLocal":"2019-01-27T11:09:00+01:00","stageTimeDurationMs":688300,"stageTimeDuration":"00:11:28.3000000","splitPointTimeId":59362,"splitPointId":1861,"entryId":3442,"elapsedDurationMs":472400,"elapsedDuration":"PT7M52.4S","splitDateTime":"2019-01-27T10:16:52.4","splitDateTimeLocal":"2019-01-27T11:16:52.4+01:00"},{"startDateTime":"2019-01-27T10:11:00","startDateTimeLocal":"2019-01-27T11:11:00+01:00","stageTimeDurationMs":730400,"stageTimeDuration":"00:12:10.4000000","splitPointTimeId":59370,"splitPointId":1861,"entryId":3453,"elapsedDurationMs":501700,"elapsedDuration":"PT8M21.7S","splitDateTime":"2019-01-27T10:19:21.7","splitDateTimeLocal":"2019-01-27T11:19:21.7+01:00"},{"startDateTime":"2019-01-27T10:13:00","startDateTimeLocal":"2019-01-27T11:13:00+01:00","stageTimeDurationMs":721400,"stageTimeDuration":"00:12:01.4000000","splitPointTimeId":59373,"splitPointId":1861,"entryId":3455,"elapsedDurationMs":494900,"elapsedDuration":"PT8M14.9S","splitDateTime":"2019-01-27T10:21:14.9","splitDateTimeLocal":"2019-01-27T11:21:14.9+01:00"},{"startDateTime":"2019-01-27T10:14:00","startDateTimeLocal":"2019-01-27T11:14:00+01:00","stageTimeDurationMs":725900,"stageTimeDuration":"00:12:05.9000000","splitPointTimeId":59378,"splitPointId":1861,"entryId":3454,"elapsedDurationMs":497800,"elapsedDuration":"PT8M17.8S","splitDateTime":"2019-01-27T10:22:17.8","splitDateTimeLocal":"2019-01-27T11:22:17.8+01:00"},{"startDateTime":"2019-01-27T10:15:00","startDateTimeLocal":"2019-01-27T11:15:00+01:00","stageTimeDurationMs":720100,"stageTimeDuration":"00:12:00.1000000","splitPointTimeId":59381,"splitPointId":1861,"entryId":3468,"elapsedDurationMs":493400,"elapsedDuration":"PT8M13.4S","splitDateTime":"2019-01-27T10:23:13.4","splitDateTimeLocal":"2019-01-27T11:23:13.4+01:00"},{"startDateTime":"2019-01-27T10:17:00","startDateTimeLocal":"2019-01-27T11:17:00+01:00","stageTimeDurationMs":743600,"stageTimeDuration":"00:12:23.6000000","splitPointTimeId":59386,"splitPointId":1861,"entryId":3459,"elapsedDurationMs":513000,"elapsedDuration":"PT8M33S","splitDateTime":"2019-01-27T10:25:33","splitDateTimeLocal":"2019-01-27T11:25:33+01:00"},{"startDateTime":"2019-01-27T10:18:00","startDateTimeLocal":"2019-01-27T11:18:00+01:00","stageTimeDurationMs":724200,"stageTimeDuration":"00:12:04.2000000","splitPointTimeId":59391,"splitPointId":1861,"entryId":3456,"elapsedDurationMs":496900,"elapsedDuration":"PT8M16.9S","splitDateTime":"2019-01-27T10:26:16.9","splitDateTimeLocal":"2019-01-27T11:26:16.9+01:00"},{"startDateTime":"2019-01-27T10:19:00","startDateTimeLocal":"2019-01-27T11:19:00+01:00","stageTimeDurationMs":733300,"stageTimeDuration":"00:12:13.3000000","splitPointTimeId":59394,"splitPointId":1861,"entryId":3466,"elapsedDurationMs":503100,"elapsedDuration":"PT8M23.1S","splitDateTime":"2019-01-27T10:27:23.1","splitDateTimeLocal":"2019-01-27T11:27:23.1+01:00"},{"startDateTime":"2019-01-27T10:20:00","startDateTimeLocal":"2019-01-27T11:20:00+01:00","stageTimeDurationMs":738800,"stageTimeDuration":"00:12:18.8000000","splitPointTimeId":59397,"splitPointId":1861,"entryId":3462,"elapsedDurationMs":505700,"elapsedDuration":"PT8M25.7S","splitDateTime":"2019-01-27T10:28:25.7","splitDateTimeLocal":"2019-01-27T11:28:25.7+01:00"},{"startDateTime":"2019-01-27T10:21:00","startDateTimeLocal":"2019-01-27T11:21:00+01:00","stageTimeDurationMs":740100,"stageTimeDuration":"00:12:20.1000000","splitPointTimeId":59401,"splitPointId":1861,"entryId":3467,"elapsedDurationMs":506700,"elapsedDuration":"PT8M26.7S","splitDateTime":"2019-01-27T10:29:26.7","splitDateTimeLocal":"2019-01-27T11:29:26.7+01:00"},{"startDateTime":"2019-01-27T10:22:00","startDateTimeLocal":"2019-01-27T11:22:00+01:00","stageTimeDurationMs":716300,"stageTimeDuration":"00:11:56.3000000","splitPointTimeId":59403,"splitPointId":1861,"entryId":3457,"elapsedDurationMs":489100,"elapsedDuration":"PT8M9.1S","splitDateTime":"2019-01-27T10:30:09.1","splitDateTimeLocal":"2019-01-27T11:30:09.1+01:00"},{"startDateTime":"2019-01-27T10:24:00","startDateTimeLocal":"2019-01-27T11:24:00+01:00","stageTimeDurationMs":746200,"stageTimeDuration":"00:12:26.2000000","splitPointTimeId":59412,"splitPointId":1861,"entryId":3479,"elapsedDurationMs":511700,"elapsedDuration":"PT8M31.7S","splitDateTime":"2019-01-27T10:32:31.7","splitDateTimeLocal":"2019-01-27T11:32:31.7+01:00"},{"startDateTime":"2019-01-27T10:25:00","startDateTimeLocal":"2019-01-27T11:25:00+01:00","stageTimeDurationMs":756100,"stageTimeDuration":"00:12:36.1000000","splitPointTimeId":59415,"splitPointId":1861,"entryId":3480,"elapsedDurationMs":515400,"elapsedDuration":"PT8M35.4S","splitDateTime":"2019-01-27T10:33:35.4","splitDateTimeLocal":"2019-01-27T11:33:35.4+01:00"},{"startDateTime":"2019-01-27T10:26:00","startDateTimeLocal":"2019-01-27T11:26:00+01:00","stageTimeDurationMs":755000,"stageTimeDuration":"00:12:35","splitPointTimeId":59419,"splitPointId":1861,"entryId":3481,"elapsedDurationMs":512200,"elapsedDuration":"PT8M32.2S","splitDateTime":"2019-01-27T10:34:32.2","splitDateTimeLocal":"2019-01-27T11:34:32.2+01:00"},{"startDateTime":"2019-01-27T10:27:00","startDateTimeLocal":"2019-01-27T11:27:00+01:00","stageTimeDurationMs":768000,"stageTimeDuration":"00:12:48","splitPointTimeId":59423,"splitPointId":1861,"entryId":3478,"elapsedDurationMs":523000,"elapsedDuration":"PT8M43S","splitDateTime":"2019-01-27T10:35:43","splitDateTimeLocal":"2019-01-27T11:35:43+01:00"},{"startDateTime":"2019-01-27T10:28:00","startDateTimeLocal":"2019-01-27T11:28:00+01:00","stageTimeDurationMs":804600,"stageTimeDuration":"00:13:24.6000000","splitPointTimeId":59427,"splitPointId":1861,"entryId":3506,"elapsedDurationMs":552900,"elapsedDuration":"PT9M12.9S","splitDateTime":"2019-01-27T10:37:12.9","splitDateTimeLocal":"2019-01-27T11:37:12.9+01:00"},{"startDateTime":"2019-01-27T10:29:00","startDateTimeLocal":"2019-01-27T11:29:00+01:00","stageTimeDurationMs":770800,"stageTimeDuration":"00:12:50.8000000","splitPointTimeId":59431,"splitPointId":1861,"entryId":3486,"elapsedDurationMs":524400,"elapsedDuration":"PT8M44.4S","splitDateTime":"2019-01-27T10:37:44.4","splitDateTimeLocal":"2019-01-27T11:37:44.4+01:00"},{"startDateTime":"2019-01-27T10:30:00","startDateTimeLocal":"2019-01-27T11:30:00+01:00","stageTimeDurationMs":767300,"stageTimeDuration":"00:12:47.3000000","splitPointTimeId":59434,"splitPointId":1861,"entryId":3477,"elapsedDurationMs":522100,"elapsedDuration":"PT8M42.1S","splitDateTime":"2019-01-27T10:38:42.1","splitDateTimeLocal":"2019-01-27T11:38:42.1+01:00"},{"startDateTime":"2019-01-27T10:31:00","startDateTimeLocal":"2019-01-27T11:31:00+01:00","stageTimeDurationMs":776500,"stageTimeDuration":"00:12:56.5000000","splitPointTimeId":59438,"splitPointId":1861,"entryId":3472,"elapsedDurationMs":531100,"elapsedDuration":"PT8M51.1S","splitDateTime":"2019-01-27T10:39:51.1","splitDateTimeLocal":"2019-01-27T11:39:51.1+01:00"},{"startDateTime":"2019-01-27T10:32:00","startDateTimeLocal":"2019-01-27T11:32:00+01:00","stageTimeDurationMs":756700,"stageTimeDuration":"00:12:36.7000000","splitPointTimeId":59443,"splitPointId":1861,"entryId":3469,"elapsedDurationMs":514700,"elapsedDuration":"PT8M34.7S","splitDateTime":"2019-01-27T10:40:34.7","splitDateTimeLocal":"2019-01-27T11:40:34.7+01:00"},{"startDateTime":"2019-01-27T10:33:00","startDateTimeLocal":"2019-01-27T11:33:00+01:00","stageTimeDurationMs":804300,"stageTimeDuration":"00:13:24.3000000","splitPointTimeId":59447,"splitPointId":1861,"entryId":3497,"elapsedDurationMs":555300,"elapsedDuration":"PT9M15.3S","splitDateTime":"2019-01-27T10:42:15.3","splitDateTimeLocal":"2019-01-27T11:42:15.3+01:00"},{"startDateTime":"2019-01-27T10:34:00","startDateTimeLocal":"2019-01-27T11:34:00+01:00","stageTimeDurationMs":769500,"stageTimeDuration":"00:12:49.5000000","splitPointTimeId":59448,"splitPointId":1861,"entryId":3484,"elapsedDurationMs":526000,"elapsedDuration":"PT8M46S","splitDateTime":"2019-01-27T10:42:46","splitDateTimeLocal":"2019-01-27T11:42:46+01:00"},{"startDateTime":"2019-01-27T10:35:00","startDateTimeLocal":"2019-01-27T11:35:00+01:00","stageTimeDurationMs":808500,"stageTimeDuration":"00:13:28.5000000","splitPointTimeId":59453,"splitPointId":1861,"entryId":3520,"elapsedDurationMs":557500,"elapsedDuration":"PT9M17.5S","splitDateTime":"2019-01-27T10:44:17.5","splitDateTimeLocal":"2019-01-27T11:44:17.5+01:00"},{"startDateTime":"2019-01-27T10:36:00","startDateTimeLocal":"2019-01-27T11:36:00+01:00","stageTimeDurationMs":815800,"stageTimeDuration":"00:13:35.8000000","splitPointTimeId":59457,"splitPointId":1861,"entryId":3503,"elapsedDurationMs":555600,"elapsedDuration":"PT9M15.6S","splitDateTime":"2019-01-27T10:45:15.6","splitDateTimeLocal":"2019-01-27T11:45:15.6+01:00"},{"startDateTime":"2019-01-27T10:38:00","startDateTimeLocal":"2019-01-27T11:38:00+01:00","stageTimeDurationMs":847100,"stageTimeDuration":"00:14:07.1000000","splitPointTimeId":59464,"splitPointId":1861,"entryId":3498,"elapsedDurationMs":584800,"elapsedDuration":"PT9M44.8S","splitDateTime":"2019-01-27T10:47:44.8","splitDateTimeLocal":"2019-01-27T11:47:44.8+01:00"},{"startDateTime":"2019-01-27T10:41:00","startDateTimeLocal":"2019-01-27T11:41:00+01:00","stageTimeDurationMs":742900,"stageTimeDuration":"00:12:22.9000000","splitPointTimeId":59468,"splitPointId":1861,"entryId":3465,"elapsedDurationMs":507200,"elapsedDuration":"PT8M27.2S","splitDateTime":"2019-01-27T10:49:27.2","splitDateTimeLocal":"2019-01-27T11:49:27.2+01:00"},{"startDateTime":"2019-01-27T10:42:00","startDateTimeLocal":"2019-01-27T11:42:00+01:00","stageTimeDurationMs":815800,"stageTimeDuration":"00:13:35.8000000","splitPointTimeId":59474,"splitPointId":1861,"entryId":3508,"elapsedDurationMs":560700,"elapsedDuration":"PT9M20.7S","splitDateTime":"2019-01-27T10:51:20.7","splitDateTimeLocal":"2019-01-27T11:51:20.7+01:00"},{"startDateTime":"2019-01-27T10:43:00","startDateTimeLocal":"2019-01-27T11:43:00+01:00","stageTimeDurationMs":937600,"stageTimeDuration":"00:15:37.6000000","splitPointTimeId":59479,"splitPointId":1861,"entryId":3514,"elapsedDurationMs":590600,"elapsedDuration":"PT9M50.6S","splitDateTime":"2019-01-27T10:52:50.6","splitDateTimeLocal":"2019-01-27T11:52:50.6+01:00"},{"startDateTime":"2019-01-27T10:44:00","startDateTimeLocal":"2019-01-27T11:44:00+01:00","stageTimeDurationMs":816900,"stageTimeDuration":"00:13:36.9000000","splitPointTimeId":59481,"splitPointId":1861,"entryId":3496,"elapsedDurationMs":560000,"elapsedDuration":"PT9M20S","splitDateTime":"2019-01-27T10:53:20","splitDateTimeLocal":"2019-01-27T11:53:20+01:00"},{"startDateTime":"2019-01-27T10:45:00","startDateTimeLocal":"2019-01-27T11:45:00+01:00","stageTimeDurationMs":776100,"stageTimeDuration":"00:12:56.1000000","splitPointTimeId":59484,"splitPointId":1861,"entryId":3470,"elapsedDurationMs":534200,"elapsedDuration":"PT8M54.2S","splitDateTime":"2019-01-27T10:53:54.2","splitDateTimeLocal":"2019-01-27T11:53:54.2+01:00"},{"startDateTime":"2019-01-27T10:46:00","startDateTimeLocal":"2019-01-27T11:46:00+01:00","stageTimeDurationMs":806600,"stageTimeDuration":"00:13:26.6000000","splitPointTimeId":59489,"splitPointId":1861,"entryId":3475,"elapsedDurationMs":550700,"elapsedDuration":"PT9M10.7S","splitDateTime":"2019-01-27T10:55:10.7","splitDateTimeLocal":"2019-01-27T11:55:10.7+01:00"},{"startDateTime":"2019-01-27T10:47:00","startDateTimeLocal":"2019-01-27T11:47:00+01:00","stageTimeDurationMs":818200,"stageTimeDuration":"00:13:38.2000000","splitPointTimeId":59493,"splitPointId":1861,"entryId":3492,"elapsedDurationMs":561500,"elapsedDuration":"PT9M21.5S","splitDateTime":"2019-01-27T10:56:21.5","splitDateTimeLocal":"2019-01-27T11:56:21.5+01:00"},{"startDateTime":"2019-01-27T10:48:00","startDateTimeLocal":"2019-01-27T11:48:00+01:00","stageTimeDurationMs":823400,"stageTimeDuration":"00:13:43.4000000","splitPointTimeId":59497,"splitPointId":1861,"entryId":3488,"elapsedDurationMs":569300,"elapsedDuration":"PT9M29.3S","splitDateTime":"2019-01-27T10:57:29.3","splitDateTimeLocal":"2019-01-27T11:57:29.3+01:00"},{"startDateTime":"2019-01-27T10:50:00","startDateTimeLocal":"2019-01-27T11:50:00+01:00","stageTimeDurationMs":723300,"stageTimeDuration":"00:12:03.3000000","splitPointTimeId":59500,"splitPointId":1861,"entryId":3485,"elapsedDurationMs":497400,"elapsedDuration":"PT8M17.4S","splitDateTime":"2019-01-27T10:58:17.4","splitDateTimeLocal":"2019-01-27T11:58:17.4+01:00"},{"startDateTime":"2019-01-27T10:49:00","startDateTimeLocal":"2019-01-27T11:49:00+01:00","stageTimeDurationMs":846200,"stageTimeDuration":"00:14:06.2000000","splitPointTimeId":59502,"splitPointId":1861,"entryId":3463,"elapsedDurationMs":579000,"elapsedDuration":"PT9M39S","splitDateTime":"2019-01-27T10:58:39","splitDateTimeLocal":"2019-01-27T11:58:39+01:00"},{"startDateTime":"2019-01-27T10:51:00","startDateTimeLocal":"2019-01-27T11:51:00+01:00","stageTimeDurationMs":869200,"stageTimeDuration":"00:14:29.2000000","splitPointTimeId":59510,"splitPointId":1861,"entryId":3505,"elapsedDurationMs":594400,"elapsedDuration":"PT9M54.4S","splitDateTime":"2019-01-27T11:00:54.4","splitDateTimeLocal":"2019-01-27T12:00:54.4+01:00"},{"startDateTime":"2019-01-27T10:52:00","startDateTimeLocal":"2019-01-27T11:52:00+01:00","stageTimeDurationMs":825700,"stageTimeDuration":"00:13:45.7000000","splitPointTimeId":59512,"splitPointId":1861,"entryId":3473,"elapsedDurationMs":565500,"elapsedDuration":"PT9M25.5S","splitDateTime":"2019-01-27T11:01:25.5","splitDateTimeLocal":"2019-01-27T12:01:25.5+01:00"},{"startDateTime":"2019-01-27T10:53:00","startDateTimeLocal":"2019-01-27T11:53:00+01:00","stageTimeDurationMs":929400,"stageTimeDuration":"00:15:29.4000000","splitPointTimeId":59517,"splitPointId":1861,"entryId":3521,"elapsedDurationMs":643100,"elapsedDuration":"PT10M43.1S","splitDateTime":"2019-01-27T11:03:43.1","splitDateTimeLocal":"2019-01-27T12:03:43.1+01:00"},{"startDateTime":"2019-01-27T10:55:00","startDateTimeLocal":"2019-01-27T11:55:00+01:00","stageTimeDurationMs":799000,"stageTimeDuration":"00:13:19","splitPointTimeId":59519,"splitPointId":1861,"entryId":3476,"elapsedDurationMs":538600,"elapsedDuration":"PT8M58.6S","splitDateTime":"2019-01-27T11:03:58.6","splitDateTimeLocal":"2019-01-27T12:03:58.6+01:00"},{"startDateTime":"2019-01-27T10:57:00","startDateTimeLocal":"2019-01-27T11:57:00+01:00","stageTimeDurationMs":849600,"stageTimeDuration":"00:14:09.6000000","splitPointTimeId":59526,"splitPointId":1861,"entryId":3491,"elapsedDurationMs":581000,"elapsedDuration":"PT9M41S","splitDateTime":"2019-01-27T11:06:41","splitDateTimeLocal":"2019-01-27T12:06:41+01:00"},{"startDateTime":"2019-01-27T10:58:00","startDateTimeLocal":"2019-01-27T11:58:00+01:00","stageTimeDurationMs":902300,"stageTimeDuration":"00:15:02.3000000","splitPointTimeId":59533,"splitPointId":1861,"entryId":3516,"elapsedDurationMs":617800,"elapsedDuration":"PT10M17.8S","splitDateTime":"2019-01-27T11:08:17.8","splitDateTimeLocal":"2019-01-27T12:08:17.8+01:00"},{"startDateTime":"2019-01-27T11:00:00","startDateTimeLocal":"2019-01-27T12:00:00+01:00","stageTimeDurationMs":861700,"stageTimeDuration":"00:14:21.7000000","splitPointTimeId":59536,"splitPointId":1861,"entryId":3499,"elapsedDurationMs":590400,"elapsedDuration":"PT9M50.4S","splitDateTime":"2019-01-27T11:09:50.4","splitDateTimeLocal":"2019-01-27T12:09:50.4+01:00"},{"startDateTime":"2019-01-27T11:01:00","startDateTimeLocal":"2019-01-27T12:01:00+01:00","stageTimeDurationMs":837600,"stageTimeDuration":"00:13:57.6000000","splitPointTimeId":59538,"splitPointId":1861,"entryId":3512,"elapsedDurationMs":572000,"elapsedDuration":"PT9M32S","splitDateTime":"2019-01-27T11:10:32","splitDateTimeLocal":"2019-01-27T12:10:32+01:00"},{"startDateTime":"2019-01-27T11:02:00","startDateTimeLocal":"2019-01-27T12:02:00+01:00","stageTimeDurationMs":873200,"stageTimeDuration":"00:14:33.2000000","splitPointTimeId":59542,"splitPointId":1861,"entryId":3501,"elapsedDurationMs":592000,"elapsedDuration":"PT9M52S","splitDateTime":"2019-01-27T11:11:52","splitDateTimeLocal":"2019-01-27T12:11:52+01:00"},{"startDateTime":"2019-01-27T10:59:00","startDateTimeLocal":"2019-01-27T11:59:00+01:00","stageTimeDurationMs":1118900,"stageTimeDuration":"00:18:38.9000000","splitPointTimeId":59544,"splitPointId":1861,"entryId":3525,"elapsedDurationMs":791700,"elapsedDuration":"PT13M11.7S","splitDateTime":"2019-01-27T11:12:11.7","splitDateTimeLocal":"2019-01-27T12:12:11.7+01:00"},{"startDateTime":"2019-01-27T11:04:00","startDateTimeLocal":"2019-01-27T12:04:00+01:00","stageTimeDurationMs":903300,"stageTimeDuration":"00:15:03.3000000","splitPointTimeId":59547,"splitPointId":1861,"entryId":3515,"elapsedDurationMs":613700,"elapsedDuration":"PT10M13.7S","splitDateTime":"2019-01-27T11:14:13.7","splitDateTimeLocal":"2019-01-27T12:14:13.7+01:00"},{"startDateTime":"2019-01-27T11:03:00","startDateTimeLocal":"2019-01-27T12:03:00+01:00","stageTimeDurationMs":1017900,"stageTimeDuration":"00:16:57.9000000","splitPointTimeId":59549,"splitPointId":1861,"entryId":3524,"elapsedDurationMs":710900,"elapsedDuration":"PT11M50.9S","splitDateTime":"2019-01-27T11:14:50.9","splitDateTimeLocal":"2019-01-27T12:14:50.9+01:00"},{"startDateTime":"2019-01-27T11:05:00","startDateTimeLocal":"2019-01-27T12:05:00+01:00","stageTimeDurationMs":875300,"stageTimeDuration":"00:14:35.3000000","splitPointTimeId":59550,"splitPointId":1861,"entryId":3509,"elapsedDurationMs":598400,"elapsedDuration":"PT9M58.4S","splitDateTime":"2019-01-27T11:14:58.4","splitDateTimeLocal":"2019-01-27T12:14:58.4+01:00"},{"startDateTime":"2019-01-27T10:56:00","startDateTimeLocal":"2019-01-27T11:56:00+01:00","stageTimeDurationMs":835700,"stageTimeDuration":"00:13:55.7000000","splitPointTimeId":59552,"splitPointId":1861,"entryId":3487,"elapsedDurationMs":569200,"elapsedDuration":"PT9M29.2S","splitDateTime":"2019-01-27T11:05:29.2","splitDateTimeLocal":"2019-01-27T12:05:29.2+01:00"},{"startDateTime":"2019-01-27T11:06:00","startDateTimeLocal":"2019-01-27T12:06:00+01:00","stageTimeDurationMs":879100,"stageTimeDuration":"00:14:39.1000000","splitPointTimeId":59554,"splitPointId":1861,"entryId":3502,"elapsedDurationMs":600300,"elapsedDuration":"PT10M0.3S","splitDateTime":"2019-01-27T11:16:00.3","splitDateTimeLocal":"2019-01-27T12:16:00.3+01:00"},{"startDateTime":"2019-01-27T09:55:00","startDateTimeLocal":"2019-01-27T10:55:00+01:00","stageTimeDurationMs":710900,"stageTimeDuration":"00:11:50.9000000","splitPointTimeId":59340,"splitPointId":1862,"entryId":3452,"elapsedDurationMs":634700,"elapsedDuration":"PT10M34.7S","splitDateTime":"2019-01-27T10:05:34.7","splitDateTimeLocal":"2019-01-27T11:05:34.7+01:00"},{"startDateTime":"2019-01-27T09:57:00","startDateTimeLocal":"2019-01-27T10:57:00+01:00","stageTimeDurationMs":700600,"stageTimeDuration":"00:11:40.6000000","splitPointTimeId":59344,"splitPointId":1862,"entryId":3449,"elapsedDurationMs":626400,"elapsedDuration":"PT10M26.4S","splitDateTime":"2019-01-27T10:07:26.4","splitDateTimeLocal":"2019-01-27T11:07:26.4+01:00"},{"startDateTime":"2019-01-27T09:59:00","startDateTimeLocal":"2019-01-27T10:59:00+01:00","stageTimeDurationMs":691200,"stageTimeDuration":"00:11:31.2000000","splitPointTimeId":59348,"splitPointId":1862,"entryId":3451,"elapsedDurationMs":616600,"elapsedDuration":"PT10M16.6S","splitDateTime":"2019-01-27T10:09:16.6","splitDateTimeLocal":"2019-01-27T11:09:16.6+01:00"},{"startDateTime":"2019-01-27T10:01:00","startDateTimeLocal":"2019-01-27T11:01:00+01:00","stageTimeDurationMs":689300,"stageTimeDuration":"00:11:29.3000000","splitPointTimeId":59352,"splitPointId":1862,"entryId":3444,"elapsedDurationMs":616800,"elapsedDuration":"PT10M16.8S","splitDateTime":"2019-01-27T10:11:16.8","splitDateTimeLocal":"2019-01-27T11:11:16.8+01:00"},{"startDateTime":"2019-01-27T10:03:00","startDateTimeLocal":"2019-01-27T11:03:00+01:00","stageTimeDurationMs":696300,"stageTimeDuration":"00:11:36.3000000","splitPointTimeId":59355,"splitPointId":1862,"entryId":3445,"elapsedDurationMs":622300,"elapsedDuration":"PT10M22.3S","splitDateTime":"2019-01-27T10:13:22.3","splitDateTimeLocal":"2019-01-27T11:13:22.3+01:00"},{"startDateTime":"2019-01-27T10:05:00","startDateTimeLocal":"2019-01-27T11:05:00+01:00","stageTimeDurationMs":694500,"stageTimeDuration":"00:11:34.5000000","splitPointTimeId":59359,"splitPointId":1862,"entryId":3450,"elapsedDurationMs":620200,"elapsedDuration":"PT10M20.2S","splitDateTime":"2019-01-27T10:15:20.2","splitDateTimeLocal":"2019-01-27T11:15:20.2+01:00"},{"startDateTime":"2019-01-27T10:07:00","startDateTimeLocal":"2019-01-27T11:07:00+01:00","stageTimeDurationMs":685500,"stageTimeDuration":"00:11:25.5000000","splitPointTimeId":59365,"splitPointId":1862,"entryId":3443,"elapsedDurationMs":611700,"elapsedDuration":"PT10M11.7S","splitDateTime":"2019-01-27T10:17:11.7","splitDateTimeLocal":"2019-01-27T11:17:11.7+01:00"},{"startDateTime":"2019-01-27T10:09:00","startDateTimeLocal":"2019-01-27T11:09:00+01:00","stageTimeDurationMs":688300,"stageTimeDuration":"00:11:28.3000000","splitPointTimeId":59369,"splitPointId":1862,"entryId":3442,"elapsedDurationMs":615000,"elapsedDuration":"PT10M15S","splitDateTime":"2019-01-27T10:19:15","splitDateTimeLocal":"2019-01-27T11:19:15+01:00"},{"startDateTime":"2019-01-27T10:11:00","startDateTimeLocal":"2019-01-27T11:11:00+01:00","stageTimeDurationMs":730400,"stageTimeDuration":"00:12:10.4000000","splitPointTimeId":59375,"splitPointId":1862,"entryId":3453,"elapsedDurationMs":649900,"elapsedDuration":"PT10M49.9S","splitDateTime":"2019-01-27T10:21:49.9","splitDateTimeLocal":"2019-01-27T11:21:49.9+01:00"},{"startDateTime":"2019-01-27T10:13:00","startDateTimeLocal":"2019-01-27T11:13:00+01:00","stageTimeDurationMs":721400,"stageTimeDuration":"00:12:01.4000000","splitPointTimeId":59382,"splitPointId":1862,"entryId":3455,"elapsedDurationMs":642100,"elapsedDuration":"PT10M42.1S","splitDateTime":"2019-01-27T10:23:42.1","splitDateTimeLocal":"2019-01-27T11:23:42.1+01:00"},{"startDateTime":"2019-01-27T10:14:00","startDateTimeLocal":"2019-01-27T11:14:00+01:00","stageTimeDurationMs":725900,"stageTimeDuration":"00:12:05.9000000","splitPointTimeId":59385,"splitPointId":1862,"entryId":3454,"elapsedDurationMs":646600,"elapsedDuration":"PT10M46.6S","splitDateTime":"2019-01-27T10:24:46.6","splitDateTimeLocal":"2019-01-27T11:24:46.6+01:00"},{"startDateTime":"2019-01-27T10:15:00","startDateTimeLocal":"2019-01-27T11:15:00+01:00","stageTimeDurationMs":720100,"stageTimeDuration":"00:12:00.1000000","splitPointTimeId":59388,"splitPointId":1862,"entryId":3468,"elapsedDurationMs":640600,"elapsedDuration":"PT10M40.6S","splitDateTime":"2019-01-27T10:25:40.6","splitDateTimeLocal":"2019-01-27T11:25:40.6+01:00"},{"startDateTime":"2019-01-27T10:17:00","startDateTimeLocal":"2019-01-27T11:17:00+01:00","stageTimeDurationMs":743600,"stageTimeDuration":"00:12:23.6000000","splitPointTimeId":59395,"splitPointId":1862,"entryId":3459,"elapsedDurationMs":662700,"elapsedDuration":"PT11M2.7S","splitDateTime":"2019-01-27T10:28:02.7","splitDateTimeLocal":"2019-01-27T11:28:02.7+01:00"},{"startDateTime":"2019-01-27T10:18:00","startDateTimeLocal":"2019-01-27T11:18:00+01:00","stageTimeDurationMs":724200,"stageTimeDuration":"00:12:04.2000000","splitPointTimeId":59398,"splitPointId":1862,"entryId":3456,"elapsedDurationMs":644900,"elapsedDuration":"PT10M44.9S","splitDateTime":"2019-01-27T10:28:44.9","splitDateTimeLocal":"2019-01-27T11:28:44.9+01:00"},{"startDateTime":"2019-01-27T10:19:00","startDateTimeLocal":"2019-01-27T11:19:00+01:00","stageTimeDurationMs":733300,"stageTimeDuration":"00:12:13.3000000","splitPointTimeId":59402,"splitPointId":1862,"entryId":3466,"elapsedDurationMs":650600,"elapsedDuration":"PT10M50.6S","splitDateTime":"2019-01-27T10:29:50.6","splitDateTimeLocal":"2019-01-27T11:29:50.6+01:00"},{"startDateTime":"2019-01-27T10:20:00","startDateTimeLocal":"2019-01-27T11:20:00+01:00","stageTimeDurationMs":738800,"stageTimeDuration":"00:12:18.8000000","splitPointTimeId":59408,"splitPointId":1862,"entryId":3462,"elapsedDurationMs":655400,"elapsedDuration":"PT10M55.4S","splitDateTime":"2019-01-27T10:30:55.4","splitDateTimeLocal":"2019-01-27T11:30:55.4+01:00"},{"startDateTime":"2019-01-27T10:21:00","startDateTimeLocal":"2019-01-27T11:21:00+01:00","stageTimeDurationMs":740100,"stageTimeDuration":"00:12:20.1000000","splitPointTimeId":59409,"splitPointId":1862,"entryId":3467,"elapsedDurationMs":656800,"elapsedDuration":"PT10M56.8S","splitDateTime":"2019-01-27T10:31:56.8","splitDateTimeLocal":"2019-01-27T11:31:56.8+01:00"},{"startDateTime":"2019-01-27T10:22:00","startDateTimeLocal":"2019-01-27T11:22:00+01:00","stageTimeDurationMs":716300,"stageTimeDuration":"00:11:56.3000000","splitPointTimeId":59413,"splitPointId":1862,"entryId":3457,"elapsedDurationMs":637500,"elapsedDuration":"PT10M37.5S","splitDateTime":"2019-01-27T10:32:37.5","splitDateTimeLocal":"2019-01-27T11:32:37.5+01:00"},{"startDateTime":"2019-01-27T10:24:00","startDateTimeLocal":"2019-01-27T11:24:00+01:00","stageTimeDurationMs":746200,"stageTimeDuration":"00:12:26.2000000","splitPointTimeId":59420,"splitPointId":1862,"entryId":3479,"elapsedDurationMs":660600,"elapsedDuration":"PT11M0.6S","splitDateTime":"2019-01-27T10:35:00.6","splitDateTimeLocal":"2019-01-27T11:35:00.6+01:00"},{"startDateTime":"2019-01-27T10:25:00","startDateTimeLocal":"2019-01-27T11:25:00+01:00","stageTimeDurationMs":756100,"stageTimeDuration":"00:12:36.1000000","splitPointTimeId":59424,"splitPointId":1862,"entryId":3480,"elapsedDurationMs":669100,"elapsedDuration":"PT11M9.1S","splitDateTime":"2019-01-27T10:36:09.1","splitDateTimeLocal":"2019-01-27T11:36:09.1+01:00"},{"startDateTime":"2019-01-27T10:26:00","startDateTimeLocal":"2019-01-27T11:26:00+01:00","stageTimeDurationMs":755000,"stageTimeDuration":"00:12:35","splitPointTimeId":59429,"splitPointId":1862,"entryId":3481,"elapsedDurationMs":666100,"elapsedDuration":"PT11M6.1S","splitDateTime":"2019-01-27T10:37:06.1","splitDateTimeLocal":"2019-01-27T11:37:06.1+01:00"},{"startDateTime":"2019-01-27T10:27:00","startDateTimeLocal":"2019-01-27T11:27:00+01:00","stageTimeDurationMs":768000,"stageTimeDuration":"00:12:48","splitPointTimeId":59435,"splitPointId":1862,"entryId":3478,"elapsedDurationMs":680800,"elapsedDuration":"PT11M20.8S","splitDateTime":"2019-01-27T10:38:20.8","splitDateTimeLocal":"2019-01-27T11:38:20.8+01:00"},{"startDateTime":"2019-01-27T10:28:00","startDateTimeLocal":"2019-01-27T11:28:00+01:00","stageTimeDurationMs":804600,"stageTimeDuration":"00:13:24.6000000","splitPointTimeId":59439,"splitPointId":1862,"entryId":3506,"elapsedDurationMs":715600,"elapsedDuration":"PT11M55.6S","splitDateTime":"2019-01-27T10:39:55.6","splitDateTimeLocal":"2019-01-27T11:39:55.6+01:00"},{"startDateTime":"2019-01-27T10:29:00","startDateTimeLocal":"2019-01-27T11:29:00+01:00","stageTimeDurationMs":770800,"stageTimeDuration":"00:12:50.8000000","splitPointTimeId":59441,"splitPointId":1862,"entryId":3486,"elapsedDurationMs":680100,"elapsedDuration":"PT11M20.1S","splitDateTime":"2019-01-27T10:40:20.1","splitDateTimeLocal":"2019-01-27T11:40:20.1+01:00"},{"startDateTime":"2019-01-27T10:30:00","startDateTimeLocal":"2019-01-27T11:30:00+01:00","stageTimeDurationMs":767300,"stageTimeDuration":"00:12:47.3000000","splitPointTimeId":59446,"splitPointId":1862,"entryId":3477,"elapsedDurationMs":678400,"elapsedDuration":"PT11M18.4S","splitDateTime":"2019-01-27T10:41:18.4","splitDateTimeLocal":"2019-01-27T11:41:18.4+01:00"},{"startDateTime":"2019-01-27T10:32:00","startDateTimeLocal":"2019-01-27T11:32:00+01:00","stageTimeDurationMs":756700,"stageTimeDuration":"00:12:36.7000000","splitPointTimeId":59449,"splitPointId":1862,"entryId":3469,"elapsedDurationMs":669600,"elapsedDuration":"PT11M9.6S","splitDateTime":"2019-01-27T10:43:09.6","splitDateTimeLocal":"2019-01-27T11:43:09.6+01:00"},{"startDateTime":"2019-01-27T10:31:00","startDateTimeLocal":"2019-01-27T11:31:00+01:00","stageTimeDurationMs":776500,"stageTimeDuration":"00:12:56.5000000","splitPointTimeId":59450,"splitPointId":1862,"entryId":3472,"elapsedDurationMs":688000,"elapsedDuration":"PT11M28S","splitDateTime":"2019-01-27T10:42:28","splitDateTimeLocal":"2019-01-27T11:42:28+01:00"},{"startDateTime":"2019-01-27T10:33:00","startDateTimeLocal":"2019-01-27T11:33:00+01:00","stageTimeDurationMs":804300,"stageTimeDuration":"00:13:24.3000000","splitPointTimeId":59455,"splitPointId":1862,"entryId":3497,"elapsedDurationMs":715700,"elapsedDuration":"PT11M55.7S","splitDateTime":"2019-01-27T10:44:55.7","splitDateTimeLocal":"2019-01-27T11:44:55.7+01:00"},{"startDateTime":"2019-01-27T10:34:00","startDateTimeLocal":"2019-01-27T11:34:00+01:00","stageTimeDurationMs":769500,"stageTimeDuration":"00:12:49.5000000","splitPointTimeId":59456,"splitPointId":1862,"entryId":3484,"elapsedDurationMs":680200,"elapsedDuration":"PT11M20.2S","splitDateTime":"2019-01-27T10:45:20.2","splitDateTimeLocal":"2019-01-27T11:45:20.2+01:00"},{"startDateTime":"2019-01-27T10:35:00","startDateTimeLocal":"2019-01-27T11:35:00+01:00","stageTimeDurationMs":808500,"stageTimeDuration":"00:13:28.5000000","splitPointTimeId":59461,"splitPointId":1862,"entryId":3520,"elapsedDurationMs":717100,"elapsedDuration":"PT11M57.1S","splitDateTime":"2019-01-27T10:46:57.1","splitDateTimeLocal":"2019-01-27T11:46:57.1+01:00"},{"startDateTime":"2019-01-27T10:36:00","startDateTimeLocal":"2019-01-27T11:36:00+01:00","stageTimeDurationMs":815800,"stageTimeDuration":"00:13:35.8000000","splitPointTimeId":59465,"splitPointId":1862,"entryId":3503,"elapsedDurationMs":718400,"elapsedDuration":"PT11M58.4S","splitDateTime":"2019-01-27T10:47:58.4","splitDateTimeLocal":"2019-01-27T11:47:58.4+01:00"},{"startDateTime":"2019-01-27T10:38:00","startDateTimeLocal":"2019-01-27T11:38:00+01:00","stageTimeDurationMs":847100,"stageTimeDuration":"00:14:07.1000000","splitPointTimeId":59473,"splitPointId":1862,"entryId":3498,"elapsedDurationMs":752600,"elapsedDuration":"PT12M32.6S","splitDateTime":"2019-01-27T10:50:32.6","splitDateTimeLocal":"2019-01-27T11:50:32.6+01:00"},{"startDateTime":"2019-01-27T10:41:00","startDateTimeLocal":"2019-01-27T11:41:00+01:00","stageTimeDurationMs":742900,"stageTimeDuration":"00:12:22.9000000","splitPointTimeId":59477,"splitPointId":1862,"entryId":3465,"elapsedDurationMs":658700,"elapsedDuration":"PT10M58.7S","splitDateTime":"2019-01-27T10:51:58.7","splitDateTimeLocal":"2019-01-27T11:51:58.7+01:00"},{"startDateTime":"2019-01-27T10:42:00","startDateTimeLocal":"2019-01-27T11:42:00+01:00","stageTimeDurationMs":815800,"stageTimeDuration":"00:13:35.8000000","splitPointTimeId":59485,"splitPointId":1862,"entryId":3508,"elapsedDurationMs":722400,"elapsedDuration":"PT12M2.4S","splitDateTime":"2019-01-27T10:54:02.4","splitDateTimeLocal":"2019-01-27T11:54:02.4+01:00"},{"startDateTime":"2019-01-27T10:43:00","startDateTimeLocal":"2019-01-27T11:43:00+01:00","stageTimeDurationMs":937600,"stageTimeDuration":"00:15:37.6000000","splitPointTimeId":59491,"splitPointId":1862,"entryId":3514,"elapsedDurationMs":781800,"elapsedDuration":"PT13M1.8S","splitDateTime":"2019-01-27T10:56:01.8","splitDateTimeLocal":"2019-01-27T11:56:01.8+01:00"},{"startDateTime":"2019-01-27T10:44:00","startDateTimeLocal":"2019-01-27T11:44:00+01:00","stageTimeDurationMs":816900,"stageTimeDuration":"00:13:36.9000000","splitPointTimeId":59492,"splitPointId":1862,"entryId":3496,"elapsedDurationMs":723900,"elapsedDuration":"PT12M3.9S","splitDateTime":"2019-01-27T10:56:03.9","splitDateTimeLocal":"2019-01-27T11:56:03.9+01:00"},{"startDateTime":"2019-01-27T10:45:00","startDateTimeLocal":"2019-01-27T11:45:00+01:00","stageTimeDurationMs":776100,"stageTimeDuration":"00:12:56.1000000","splitPointTimeId":59494,"splitPointId":1862,"entryId":3470,"elapsedDurationMs":688300,"elapsedDuration":"PT11M28.3S","splitDateTime":"2019-01-27T10:56:28.3","splitDateTimeLocal":"2019-01-27T11:56:28.3+01:00"},{"startDateTime":"2019-01-27T10:46:00","startDateTimeLocal":"2019-01-27T11:46:00+01:00","stageTimeDurationMs":806600,"stageTimeDuration":"00:13:26.6000000","splitPointTimeId":59499,"splitPointId":1862,"entryId":3475,"elapsedDurationMs":712100,"elapsedDuration":"PT11M52.1S","splitDateTime":"2019-01-27T10:57:52.1","splitDateTimeLocal":"2019-01-27T11:57:52.1+01:00"},{"startDateTime":"2019-01-27T10:47:00","startDateTimeLocal":"2019-01-27T11:47:00+01:00","stageTimeDurationMs":818200,"stageTimeDuration":"00:13:38.2000000","splitPointTimeId":59503,"splitPointId":1862,"entryId":3492,"elapsedDurationMs":724400,"elapsedDuration":"PT12M4.4S","splitDateTime":"2019-01-27T10:59:04.4","splitDateTimeLocal":"2019-01-27T11:59:04.4+01:00"},{"startDateTime":"2019-01-27T10:48:00","startDateTimeLocal":"2019-01-27T11:48:00+01:00","stageTimeDurationMs":823400,"stageTimeDuration":"00:13:43.4000000","splitPointTimeId":59507,"splitPointId":1862,"entryId":3488,"elapsedDurationMs":730600,"elapsedDuration":"PT12M10.6S","splitDateTime":"2019-01-27T11:00:10.6","splitDateTimeLocal":"2019-01-27T12:00:10.6+01:00"},{"startDateTime":"2019-01-27T10:50:00","startDateTimeLocal":"2019-01-27T11:50:00+01:00","stageTimeDurationMs":723300,"stageTimeDuration":"00:12:03.3000000","splitPointTimeId":59509,"splitPointId":1862,"entryId":3485,"elapsedDurationMs":644500,"elapsedDuration":"PT10M44.5S","splitDateTime":"2019-01-27T11:00:44.5","splitDateTimeLocal":"2019-01-27T12:00:44.5+01:00"},{"startDateTime":"2019-01-27T10:49:00","startDateTimeLocal":"2019-01-27T11:49:00+01:00","stageTimeDurationMs":846200,"stageTimeDuration":"00:14:06.2000000","splitPointTimeId":59511,"splitPointId":1862,"entryId":3463,"elapsedDurationMs":745200,"elapsedDuration":"PT12M25.2S","splitDateTime":"2019-01-27T11:01:25.2","splitDateTimeLocal":"2019-01-27T12:01:25.2+01:00"},{"startDateTime":"2019-01-27T10:51:00","startDateTimeLocal":"2019-01-27T11:51:00+01:00","stageTimeDurationMs":869200,"stageTimeDuration":"00:14:29.2000000","splitPointTimeId":59518,"splitPointId":1862,"entryId":3505,"elapsedDurationMs":768400,"elapsedDuration":"PT12M48.4S","splitDateTime":"2019-01-27T11:03:48.4","splitDateTimeLocal":"2019-01-27T12:03:48.4+01:00"},{"startDateTime":"2019-01-27T10:52:00","startDateTimeLocal":"2019-01-27T11:52:00+01:00","stageTimeDurationMs":825700,"stageTimeDuration":"00:13:45.7000000","splitPointTimeId":59520,"splitPointId":1862,"entryId":3473,"elapsedDurationMs":729900,"elapsedDuration":"PT12M9.9S","splitDateTime":"2019-01-27T11:04:09.9","splitDateTimeLocal":"2019-01-27T12:04:09.9+01:00"},{"startDateTime":"2019-01-27T10:53:00","startDateTimeLocal":"2019-01-27T11:53:00+01:00","stageTimeDurationMs":929400,"stageTimeDuration":"00:15:29.4000000","splitPointTimeId":59525,"splitPointId":1862,"entryId":3521,"elapsedDurationMs":819900,"elapsedDuration":"PT13M39.9S","splitDateTime":"2019-01-27T11:06:39.9","splitDateTimeLocal":"2019-01-27T12:06:39.9+01:00"},{"startDateTime":"2019-01-27T10:55:00","startDateTimeLocal":"2019-01-27T11:55:00+01:00","stageTimeDurationMs":799000,"stageTimeDuration":"00:13:19","splitPointTimeId":59529,"splitPointId":1862,"entryId":3476,"elapsedDurationMs":704300,"elapsedDuration":"PT11M44.3S","splitDateTime":"2019-01-27T11:06:44.3","splitDateTimeLocal":"2019-01-27T12:06:44.3+01:00"},{"startDateTime":"2019-01-27T10:57:00","startDateTimeLocal":"2019-01-27T11:57:00+01:00","stageTimeDurationMs":849600,"stageTimeDuration":"00:14:09.6000000","splitPointTimeId":59535,"splitPointId":1862,"entryId":3491,"elapsedDurationMs":751400,"elapsedDuration":"PT12M31.4S","splitDateTime":"2019-01-27T11:09:31.4","splitDateTimeLocal":"2019-01-27T12:09:31.4+01:00"},{"startDateTime":"2019-01-27T10:58:00","startDateTimeLocal":"2019-01-27T11:58:00+01:00","stageTimeDurationMs":902300,"stageTimeDuration":"00:15:02.3000000","splitPointTimeId":59541,"splitPointId":1862,"entryId":3516,"elapsedDurationMs":797100,"elapsedDuration":"PT13M17.1S","splitDateTime":"2019-01-27T11:11:17.1","splitDateTimeLocal":"2019-01-27T12:11:17.1+01:00"},{"startDateTime":"2019-01-27T11:00:00","startDateTimeLocal":"2019-01-27T12:00:00+01:00","stageTimeDurationMs":861700,"stageTimeDuration":"00:14:21.7000000","splitPointTimeId":59545,"splitPointId":1862,"entryId":3499,"elapsedDurationMs":762400,"elapsedDuration":"PT12M42.4S","splitDateTime":"2019-01-27T11:12:42.4","splitDateTimeLocal":"2019-01-27T12:12:42.4+01:00"},{"startDateTime":"2019-01-27T11:01:00","startDateTimeLocal":"2019-01-27T12:01:00+01:00","stageTimeDurationMs":837600,"stageTimeDuration":"00:13:57.6000000","splitPointTimeId":59546,"splitPointId":1862,"entryId":3512,"elapsedDurationMs":739200,"elapsedDuration":"PT12M19.2S","splitDateTime":"2019-01-27T11:13:19.2","splitDateTimeLocal":"2019-01-27T12:13:19.2+01:00"},{"startDateTime":"2019-01-27T11:02:00","startDateTimeLocal":"2019-01-27T12:02:00+01:00","stageTimeDurationMs":873200,"stageTimeDuration":"00:14:33.2000000","splitPointTimeId":59548,"splitPointId":1862,"entryId":3501,"elapsedDurationMs":766300,"elapsedDuration":"PT12M46.3S","splitDateTime":"2019-01-27T11:14:46.3","splitDateTimeLocal":"2019-01-27T12:14:46.3+01:00"},{"startDateTime":"2019-01-27T10:56:00","startDateTimeLocal":"2019-01-27T11:56:00+01:00","stageTimeDurationMs":835700,"stageTimeDuration":"00:13:55.7000000","splitPointTimeId":59553,"splitPointId":1862,"entryId":3487,"elapsedDurationMs":739700,"elapsedDuration":"PT12M19.7S","splitDateTime":"2019-01-27T11:08:19.7","splitDateTimeLocal":"2019-01-27T12:08:19.7+01:00"},{"startDateTime":"2019-01-27T10:59:00","startDateTimeLocal":"2019-01-27T11:59:00+01:00","stageTimeDurationMs":1118900,"stageTimeDuration":"00:18:38.9000000","splitPointTimeId":59555,"splitPointId":1862,"entryId":3525,"elapsedDurationMs":990300,"elapsedDuration":"PT16M30.3S","splitDateTime":"2019-01-27T11:15:30.3","splitDateTimeLocal":"2019-01-27T12:15:30.3+01:00"},{"startDateTime":"2019-01-27T11:04:00","startDateTimeLocal":"2019-01-27T12:04:00+01:00","stageTimeDurationMs":903300,"stageTimeDuration":"00:15:03.3000000","splitPointTimeId":59556,"splitPointId":1862,"entryId":3515,"elapsedDurationMs":793700,"elapsedDuration":"PT13M13.7S","splitDateTime":"2019-01-27T11:17:13.7","splitDateTimeLocal":"2019-01-27T12:17:13.7+01:00"},{"startDateTime":"2019-01-27T11:05:00","startDateTimeLocal":"2019-01-27T12:05:00+01:00","stageTimeDurationMs":875300,"stageTimeDuration":"00:14:35.3000000","splitPointTimeId":59557,"splitPointId":1862,"entryId":3509,"elapsedDurationMs":772900,"elapsedDuration":"PT12M52.9S","splitDateTime":"2019-01-27T11:17:52.9","splitDateTimeLocal":"2019-01-27T12:17:52.9+01:00"},{"startDateTime":"2019-01-27T11:03:00","startDateTimeLocal":"2019-01-27T12:03:00+01:00","stageTimeDurationMs":1017900,"stageTimeDuration":"00:16:57.9000000","splitPointTimeId":59558,"splitPointId":1862,"entryId":3524,"elapsedDurationMs":899700,"elapsedDuration":"PT14M59.7S","splitDateTime":"2019-01-27T11:17:59.7","splitDateTimeLocal":"2019-01-27T12:17:59.7+01:00"},{"startDateTime":"2019-01-27T11:06:00","startDateTimeLocal":"2019-01-27T12:06:00+01:00","stageTimeDurationMs":879100,"stageTimeDuration":"00:14:39.1000000","splitPointTimeId":59559,"splitPointId":1862,"entryId":3502,"elapsedDurationMs":773300,"elapsedDuration":"PT12M53.3S","splitDateTime":"2019-01-27T11:18:53.3","splitDateTimeLocal":"2019-01-27T12:18:53.3+01:00"},{"startDateTime":"2019-01-27T09:55:00","startDateTimeLocal":"2019-01-27T10:55:00+01:00","stageTimeDurationMs":710900,"stageTimeDuration":"00:11:50.9000000","splitPointTimeId":59332,"splitPointId":1863,"entryId":3452,"elapsedDurationMs":292900,"elapsedDuration":"PT4M52.9S","splitDateTime":"2019-01-27T09:59:52.9","splitDateTimeLocal":"2019-01-27T10:59:52.9+01:00"},{"startDateTime":"2019-01-27T09:57:00","startDateTimeLocal":"2019-01-27T10:57:00+01:00","stageTimeDurationMs":700600,"stageTimeDuration":"00:11:40.6000000","splitPointTimeId":59334,"splitPointId":1863,"entryId":3449,"elapsedDurationMs":285400,"elapsedDuration":"PT4M45.4S","splitDateTime":"2019-01-27T10:01:45.4","splitDateTimeLocal":"2019-01-27T11:01:45.4+01:00"},{"startDateTime":"2019-01-27T09:59:00","startDateTimeLocal":"2019-01-27T10:59:00+01:00","stageTimeDurationMs":691200,"stageTimeDuration":"00:11:31.2000000","splitPointTimeId":59337,"splitPointId":1863,"entryId":3451,"elapsedDurationMs":281900,"elapsedDuration":"PT4M41.9S","splitDateTime":"2019-01-27T10:03:41.9","splitDateTimeLocal":"2019-01-27T11:03:41.9+01:00"},{"startDateTime":"2019-01-27T10:01:00","startDateTimeLocal":"2019-01-27T11:01:00+01:00","stageTimeDurationMs":689300,"stageTimeDuration":"00:11:29.3000000","splitPointTimeId":59341,"splitPointId":1863,"entryId":3444,"elapsedDurationMs":282400,"elapsedDuration":"PT4M42.4S","splitDateTime":"2019-01-27T10:05:42.4","splitDateTimeLocal":"2019-01-27T11:05:42.4+01:00"},{"startDateTime":"2019-01-27T10:03:00","startDateTimeLocal":"2019-01-27T11:03:00+01:00","stageTimeDurationMs":696300,"stageTimeDuration":"00:11:36.3000000","splitPointTimeId":59345,"splitPointId":1863,"entryId":3445,"elapsedDurationMs":283000,"elapsedDuration":"PT4M43S","splitDateTime":"2019-01-27T10:07:43","splitDateTimeLocal":"2019-01-27T11:07:43+01:00"},{"startDateTime":"2019-01-27T10:05:00","startDateTimeLocal":"2019-01-27T11:05:00+01:00","stageTimeDurationMs":694500,"stageTimeDuration":"00:11:34.5000000","splitPointTimeId":59349,"splitPointId":1863,"entryId":3450,"elapsedDurationMs":283400,"elapsedDuration":"PT4M43.4S","splitDateTime":"2019-01-27T10:09:43.4","splitDateTimeLocal":"2019-01-27T11:09:43.4+01:00"},{"startDateTime":"2019-01-27T10:09:00","startDateTimeLocal":"2019-01-27T11:09:00+01:00","stageTimeDurationMs":688300,"stageTimeDuration":"00:11:28.3000000","splitPointTimeId":59356,"splitPointId":1863,"entryId":3442,"elapsedDurationMs":279100,"elapsedDuration":"PT4M39.1S","splitDateTime":"2019-01-27T10:13:39.1","splitDateTimeLocal":"2019-01-27T11:13:39.1+01:00"},{"startDateTime":"2019-01-27T10:11:00","startDateTimeLocal":"2019-01-27T11:11:00+01:00","stageTimeDurationMs":730400,"stageTimeDuration":"00:12:10.4000000","splitPointTimeId":59360,"splitPointId":1863,"entryId":3453,"elapsedDurationMs":300200,"elapsedDuration":"PT5M0.2S","splitDateTime":"2019-01-27T10:16:00.2","splitDateTimeLocal":"2019-01-27T11:16:00.2+01:00"},{"startDateTime":"2019-01-27T10:07:00","startDateTimeLocal":"2019-01-27T11:07:00+01:00","stageTimeDurationMs":685500,"stageTimeDuration":"00:11:25.5000000","splitPointTimeId":59364,"splitPointId":1863,"entryId":3443,"elapsedDurationMs":278700,"elapsedDuration":"PT4M38.7S","splitDateTime":"2019-01-27T10:11:38.7","splitDateTimeLocal":"2019-01-27T11:11:38.7+01:00"},{"startDateTime":"2019-01-27T10:13:00","startDateTimeLocal":"2019-01-27T11:13:00+01:00","stageTimeDurationMs":721400,"stageTimeDuration":"00:12:01.4000000","splitPointTimeId":59366,"splitPointId":1863,"entryId":3455,"elapsedDurationMs":295500,"elapsedDuration":"PT4M55.5S","splitDateTime":"2019-01-27T10:17:55.5","splitDateTimeLocal":"2019-01-27T11:17:55.5+01:00"},{"startDateTime":"2019-01-27T10:14:00","startDateTimeLocal":"2019-01-27T11:14:00+01:00","stageTimeDurationMs":725900,"stageTimeDuration":"00:12:05.9000000","splitPointTimeId":59367,"splitPointId":1863,"entryId":3454,"elapsedDurationMs":297600,"elapsedDuration":"PT4M57.6S","splitDateTime":"2019-01-27T10:18:57.6","splitDateTimeLocal":"2019-01-27T11:18:57.6+01:00"},{"startDateTime":"2019-01-27T10:15:00","startDateTimeLocal":"2019-01-27T11:15:00+01:00","stageTimeDurationMs":720100,"stageTimeDuration":"00:12:00.1000000","splitPointTimeId":59371,"splitPointId":1863,"entryId":3468,"elapsedDurationMs":294900,"elapsedDuration":"PT4M54.9S","splitDateTime":"2019-01-27T10:19:54.9","splitDateTimeLocal":"2019-01-27T11:19:54.9+01:00"},{"startDateTime":"2019-01-27T10:17:00","startDateTimeLocal":"2019-01-27T11:17:00+01:00","stageTimeDurationMs":743600,"stageTimeDuration":"00:12:23.6000000","splitPointTimeId":59376,"splitPointId":1863,"entryId":3459,"elapsedDurationMs":307300,"elapsedDuration":"PT5M7.3S","splitDateTime":"2019-01-27T10:22:07.3","splitDateTimeLocal":"2019-01-27T11:22:07.3+01:00"},{"startDateTime":"2019-01-27T10:18:00","startDateTimeLocal":"2019-01-27T11:18:00+01:00","stageTimeDurationMs":724200,"stageTimeDuration":"00:12:04.2000000","splitPointTimeId":59379,"splitPointId":1863,"entryId":3456,"elapsedDurationMs":297300,"elapsedDuration":"PT4M57.3S","splitDateTime":"2019-01-27T10:22:57.3","splitDateTimeLocal":"2019-01-27T11:22:57.3+01:00"},{"startDateTime":"2019-01-27T10:19:00","startDateTimeLocal":"2019-01-27T11:19:00+01:00","stageTimeDurationMs":733300,"stageTimeDuration":"00:12:13.3000000","splitPointTimeId":59383,"splitPointId":1863,"entryId":3466,"elapsedDurationMs":301000,"elapsedDuration":"PT5M1S","splitDateTime":"2019-01-27T10:24:01","splitDateTimeLocal":"2019-01-27T11:24:01+01:00"},{"startDateTime":"2019-01-27T10:20:00","startDateTimeLocal":"2019-01-27T11:20:00+01:00","stageTimeDurationMs":738800,"stageTimeDuration":"00:12:18.8000000","splitPointTimeId":59387,"splitPointId":1863,"entryId":3462,"elapsedDurationMs":301800,"elapsedDuration":"PT5M1.8S","splitDateTime":"2019-01-27T10:25:01.8","splitDateTimeLocal":"2019-01-27T11:25:01.8+01:00"},{"startDateTime":"2019-01-27T10:21:00","startDateTimeLocal":"2019-01-27T11:21:00+01:00","stageTimeDurationMs":740100,"stageTimeDuration":"00:12:20.1000000","splitPointTimeId":59390,"splitPointId":1863,"entryId":3467,"elapsedDurationMs":304100,"elapsedDuration":"PT5M4.1S","splitDateTime":"2019-01-27T10:26:04.1","splitDateTimeLocal":"2019-01-27T11:26:04.1+01:00"},{"startDateTime":"2019-01-27T10:22:00","startDateTimeLocal":"2019-01-27T11:22:00+01:00","stageTimeDurationMs":716300,"stageTimeDuration":"00:11:56.3000000","splitPointTimeId":59392,"splitPointId":1863,"entryId":3457,"elapsedDurationMs":292600,"elapsedDuration":"PT4M52.6S","splitDateTime":"2019-01-27T10:26:52.6","splitDateTimeLocal":"2019-01-27T11:26:52.6+01:00"},{"startDateTime":"2019-01-27T10:24:00","startDateTimeLocal":"2019-01-27T11:24:00+01:00","stageTimeDurationMs":746200,"stageTimeDuration":"00:12:26.2000000","splitPointTimeId":59399,"splitPointId":1863,"entryId":3479,"elapsedDurationMs":305900,"elapsedDuration":"PT5M5.9S","splitDateTime":"2019-01-27T10:29:05.9","splitDateTimeLocal":"2019-01-27T11:29:05.9+01:00"},{"startDateTime":"2019-01-27T10:25:00","startDateTimeLocal":"2019-01-27T11:25:00+01:00","stageTimeDurationMs":756100,"stageTimeDuration":"00:12:36.1000000","splitPointTimeId":59404,"splitPointId":1863,"entryId":3480,"elapsedDurationMs":308400,"elapsedDuration":"PT5M8.4S","splitDateTime":"2019-01-27T10:30:08.4","splitDateTimeLocal":"2019-01-27T11:30:08.4+01:00"},{"startDateTime":"2019-01-27T10:26:00","startDateTimeLocal":"2019-01-27T11:26:00+01:00","stageTimeDurationMs":755000,"stageTimeDuration":"00:12:35","splitPointTimeId":59406,"splitPointId":1863,"entryId":3481,"elapsedDurationMs":307300,"elapsedDuration":"PT5M7.3S","splitDateTime":"2019-01-27T10:31:07.3","splitDateTimeLocal":"2019-01-27T11:31:07.3+01:00"},{"startDateTime":"2019-01-27T10:27:00","startDateTimeLocal":"2019-01-27T11:27:00+01:00","stageTimeDurationMs":768000,"stageTimeDuration":"00:12:48","splitPointTimeId":59411,"splitPointId":1863,"entryId":3478,"elapsedDurationMs":313600,"elapsedDuration":"PT5M13.6S","splitDateTime":"2019-01-27T10:32:13.6","splitDateTimeLocal":"2019-01-27T11:32:13.6+01:00"},{"startDateTime":"2019-01-27T10:28:00","startDateTimeLocal":"2019-01-27T11:28:00+01:00","stageTimeDurationMs":804600,"stageTimeDuration":"00:13:24.6000000","splitPointTimeId":59416,"splitPointId":1863,"entryId":3506,"elapsedDurationMs":331200,"elapsedDuration":"PT5M31.2S","splitDateTime":"2019-01-27T10:33:31.2","splitDateTimeLocal":"2019-01-27T11:33:31.2+01:00"},{"startDateTime":"2019-01-27T10:29:00","startDateTimeLocal":"2019-01-27T11:29:00+01:00","stageTimeDurationMs":770800,"stageTimeDuration":"00:12:50.8000000","splitPointTimeId":59418,"splitPointId":1863,"entryId":3486,"elapsedDurationMs":316200,"elapsedDuration":"PT5M16.2S","splitDateTime":"2019-01-27T10:34:16.2","splitDateTimeLocal":"2019-01-27T11:34:16.2+01:00"},{"startDateTime":"2019-01-27T10:30:00","startDateTimeLocal":"2019-01-27T11:30:00+01:00","stageTimeDurationMs":767300,"stageTimeDuration":"00:12:47.3000000","splitPointTimeId":59421,"splitPointId":1863,"entryId":3477,"elapsedDurationMs":311600,"elapsedDuration":"PT5M11.6S","splitDateTime":"2019-01-27T10:35:11.6","splitDateTimeLocal":"2019-01-27T11:35:11.6+01:00"},{"startDateTime":"2019-01-27T10:31:00","startDateTimeLocal":"2019-01-27T11:31:00+01:00","stageTimeDurationMs":776500,"stageTimeDuration":"00:12:56.5000000","splitPointTimeId":59426,"splitPointId":1863,"entryId":3472,"elapsedDurationMs":317900,"elapsedDuration":"PT5M17.9S","splitDateTime":"2019-01-27T10:36:17.9","splitDateTimeLocal":"2019-01-27T11:36:17.9+01:00"},{"startDateTime":"2019-01-27T10:32:00","startDateTimeLocal":"2019-01-27T11:32:00+01:00","stageTimeDurationMs":756700,"stageTimeDuration":"00:12:36.7000000","splitPointTimeId":59428,"splitPointId":1863,"entryId":3469,"elapsedDurationMs":308400,"elapsedDuration":"PT5M8.4S","splitDateTime":"2019-01-27T10:37:08.4","splitDateTimeLocal":"2019-01-27T11:37:08.4+01:00"},{"startDateTime":"2019-01-27T10:33:00","startDateTimeLocal":"2019-01-27T11:33:00+01:00","stageTimeDurationMs":804300,"stageTimeDuration":"00:13:24.3000000","splitPointTimeId":59433,"splitPointId":1863,"entryId":3497,"elapsedDurationMs":334000,"elapsedDuration":"PT5M34S","splitDateTime":"2019-01-27T10:38:34","splitDateTimeLocal":"2019-01-27T11:38:34+01:00"},{"startDateTime":"2019-01-27T10:34:00","startDateTimeLocal":"2019-01-27T11:34:00+01:00","stageTimeDurationMs":769500,"stageTimeDuration":"00:12:49.5000000","splitPointTimeId":59436,"splitPointId":1863,"entryId":3484,"elapsedDurationMs":317000,"elapsedDuration":"PT5M17S","splitDateTime":"2019-01-27T10:39:17","splitDateTimeLocal":"2019-01-27T11:39:17+01:00"},{"startDateTime":"2019-01-27T10:35:00","startDateTimeLocal":"2019-01-27T11:35:00+01:00","stageTimeDurationMs":808500,"stageTimeDuration":"00:13:28.5000000","splitPointTimeId":59442,"splitPointId":1863,"entryId":3520,"elapsedDurationMs":335200,"elapsedDuration":"PT5M35.2S","splitDateTime":"2019-01-27T10:40:35.2","splitDateTimeLocal":"2019-01-27T11:40:35.2+01:00"},{"startDateTime":"2019-01-27T10:36:00","startDateTimeLocal":"2019-01-27T11:36:00+01:00","stageTimeDurationMs":815800,"stageTimeDuration":"00:13:35.8000000","splitPointTimeId":59445,"splitPointId":1863,"entryId":3503,"elapsedDurationMs":332600,"elapsedDuration":"PT5M32.6S","splitDateTime":"2019-01-27T10:41:32.6","splitDateTimeLocal":"2019-01-27T11:41:32.6+01:00"},{"startDateTime":"2019-01-27T10:38:00","startDateTimeLocal":"2019-01-27T11:38:00+01:00","stageTimeDurationMs":847100,"stageTimeDuration":"00:14:07.1000000","splitPointTimeId":59452,"splitPointId":1863,"entryId":3498,"elapsedDurationMs":352900,"elapsedDuration":"PT5M52.9S","splitDateTime":"2019-01-27T10:43:52.9","splitDateTimeLocal":"2019-01-27T11:43:52.9+01:00"},{"startDateTime":"2019-01-27T10:41:00","startDateTimeLocal":"2019-01-27T11:41:00+01:00","stageTimeDurationMs":742900,"stageTimeDuration":"00:12:22.9000000","splitPointTimeId":59459,"splitPointId":1863,"entryId":3465,"elapsedDurationMs":304400,"elapsedDuration":"PT5M4.4S","splitDateTime":"2019-01-27T10:46:04.4","splitDateTimeLocal":"2019-01-27T11:46:04.4+01:00"},{"startDateTime":"2019-01-27T10:42:00","startDateTimeLocal":"2019-01-27T11:42:00+01:00","stageTimeDurationMs":815800,"stageTimeDuration":"00:13:35.8000000","splitPointTimeId":59463,"splitPointId":1863,"entryId":3508,"elapsedDurationMs":337100,"elapsedDuration":"PT5M37.1S","splitDateTime":"2019-01-27T10:47:37.1","splitDateTimeLocal":"2019-01-27T11:47:37.1+01:00"},{"startDateTime":"2019-01-27T10:43:00","startDateTimeLocal":"2019-01-27T11:43:00+01:00","stageTimeDurationMs":937600,"stageTimeDuration":"00:15:37.6000000","splitPointTimeId":59467,"splitPointId":1863,"entryId":3514,"elapsedDurationMs":356700,"elapsedDuration":"PT5M56.7S","splitDateTime":"2019-01-27T10:48:56.7","splitDateTimeLocal":"2019-01-27T11:48:56.7+01:00"},{"startDateTime":"2019-01-27T10:44:00","startDateTimeLocal":"2019-01-27T11:44:00+01:00","stageTimeDurationMs":816900,"stageTimeDuration":"00:13:36.9000000","splitPointTimeId":59470,"splitPointId":1863,"entryId":3496,"elapsedDurationMs":337500,"elapsedDuration":"PT5M37.5S","splitDateTime":"2019-01-27T10:49:37.5","splitDateTimeLocal":"2019-01-27T11:49:37.5+01:00"},{"startDateTime":"2019-01-27T10:45:00","startDateTimeLocal":"2019-01-27T11:45:00+01:00","stageTimeDurationMs":776100,"stageTimeDuration":"00:12:56.1000000","splitPointTimeId":59471,"splitPointId":1863,"entryId":3470,"elapsedDurationMs":322700,"elapsedDuration":"PT5M22.7S","splitDateTime":"2019-01-27T10:50:22.7","splitDateTimeLocal":"2019-01-27T11:50:22.7+01:00"},{"startDateTime":"2019-01-27T10:46:00","startDateTimeLocal":"2019-01-27T11:46:00+01:00","stageTimeDurationMs":806600,"stageTimeDuration":"00:13:26.6000000","splitPointTimeId":59476,"splitPointId":1863,"entryId":3475,"elapsedDurationMs":333200,"elapsedDuration":"PT5M33.2S","splitDateTime":"2019-01-27T10:51:33.2","splitDateTimeLocal":"2019-01-27T11:51:33.2+01:00"},{"startDateTime":"2019-01-27T10:47:00","startDateTimeLocal":"2019-01-27T11:47:00+01:00","stageTimeDurationMs":818200,"stageTimeDuration":"00:13:38.2000000","splitPointTimeId":59480,"splitPointId":1863,"entryId":3492,"elapsedDurationMs":337700,"elapsedDuration":"PT5M37.7S","splitDateTime":"2019-01-27T10:52:37.7","splitDateTimeLocal":"2019-01-27T11:52:37.7+01:00"},{"startDateTime":"2019-01-27T10:48:00","startDateTimeLocal":"2019-01-27T11:48:00+01:00","stageTimeDurationMs":823400,"stageTimeDuration":"00:13:43.4000000","splitPointTimeId":59483,"splitPointId":1863,"entryId":3488,"elapsedDurationMs":342800,"elapsedDuration":"PT5M42.8S","splitDateTime":"2019-01-27T10:53:42.8","splitDateTimeLocal":"2019-01-27T11:53:42.8+01:00"},{"startDateTime":"2019-01-27T10:49:00","startDateTimeLocal":"2019-01-27T11:49:00+01:00","stageTimeDurationMs":846200,"stageTimeDuration":"00:14:06.2000000","splitPointTimeId":59487,"splitPointId":1863,"entryId":3463,"elapsedDurationMs":346700,"elapsedDuration":"PT5M46.7S","splitDateTime":"2019-01-27T10:54:46.7","splitDateTimeLocal":"2019-01-27T11:54:46.7+01:00"},{"startDateTime":"2019-01-27T10:50:00","startDateTimeLocal":"2019-01-27T11:50:00+01:00","stageTimeDurationMs":723300,"stageTimeDuration":"00:12:03.3000000","splitPointTimeId":59488,"splitPointId":1863,"entryId":3485,"elapsedDurationMs":296900,"elapsedDuration":"PT4M56.9S","splitDateTime":"2019-01-27T10:54:56.9","splitDateTimeLocal":"2019-01-27T11:54:56.9+01:00"},{"startDateTime":"2019-01-27T10:51:00","startDateTimeLocal":"2019-01-27T11:51:00+01:00","stageTimeDurationMs":869200,"stageTimeDuration":"00:14:29.2000000","splitPointTimeId":59495,"splitPointId":1863,"entryId":3505,"elapsedDurationMs":355100,"elapsedDuration":"PT5M55.1S","splitDateTime":"2019-01-27T10:56:55.1","splitDateTimeLocal":"2019-01-27T11:56:55.1+01:00"},{"startDateTime":"2019-01-27T10:52:00","startDateTimeLocal":"2019-01-27T11:52:00+01:00","stageTimeDurationMs":825700,"stageTimeDuration":"00:13:45.7000000","splitPointTimeId":59498,"splitPointId":1863,"entryId":3473,"elapsedDurationMs":338200,"elapsedDuration":"PT5M38.2S","splitDateTime":"2019-01-27T10:57:38.2","splitDateTimeLocal":"2019-01-27T11:57:38.2+01:00"},{"startDateTime":"2019-01-27T10:53:00","startDateTimeLocal":"2019-01-27T11:53:00+01:00","stageTimeDurationMs":929400,"stageTimeDuration":"00:15:29.4000000","splitPointTimeId":59504,"splitPointId":1863,"entryId":3521,"elapsedDurationMs":386800,"elapsedDuration":"PT6M26.8S","splitDateTime":"2019-01-27T10:59:26.8","splitDateTimeLocal":"2019-01-27T11:59:26.8+01:00"},{"startDateTime":"2019-01-27T10:55:00","startDateTimeLocal":"2019-01-27T11:55:00+01:00","stageTimeDurationMs":799000,"stageTimeDuration":"00:13:19","splitPointTimeId":59506,"splitPointId":1863,"entryId":3476,"elapsedDurationMs":321500,"elapsedDuration":"PT5M21.5S","splitDateTime":"2019-01-27T11:00:21.5","splitDateTimeLocal":"2019-01-27T12:00:21.5+01:00"},{"startDateTime":"2019-01-27T10:57:00","startDateTimeLocal":"2019-01-27T11:57:00+01:00","stageTimeDurationMs":849600,"stageTimeDuration":"00:14:09.6000000","splitPointTimeId":59515,"splitPointId":1863,"entryId":3491,"elapsedDurationMs":349500,"elapsedDuration":"PT5M49.5S","splitDateTime":"2019-01-27T11:02:49.5","splitDateTimeLocal":"2019-01-27T12:02:49.5+01:00"},{"startDateTime":"2019-01-27T10:58:00","startDateTimeLocal":"2019-01-27T11:58:00+01:00","stageTimeDurationMs":902300,"stageTimeDuration":"00:15:02.3000000","splitPointTimeId":59522,"splitPointId":1863,"entryId":3516,"elapsedDurationMs":367800,"elapsedDuration":"PT6M7.8S","splitDateTime":"2019-01-27T11:04:07.8","splitDateTimeLocal":"2019-01-27T12:04:07.8+01:00"},{"startDateTime":"2019-01-27T11:00:00","startDateTimeLocal":"2019-01-27T12:00:00+01:00","stageTimeDurationMs":861700,"stageTimeDuration":"00:14:21.7000000","splitPointTimeId":59523,"splitPointId":1863,"entryId":3499,"elapsedDurationMs":357300,"elapsedDuration":"PT5M57.3S","splitDateTime":"2019-01-27T11:05:57.3","splitDateTimeLocal":"2019-01-27T12:05:57.3+01:00"},{"startDateTime":"2019-01-27T11:01:00","startDateTimeLocal":"2019-01-27T12:01:00+01:00","stageTimeDurationMs":837600,"stageTimeDuration":"00:13:57.6000000","splitPointTimeId":59528,"splitPointId":1863,"entryId":3512,"elapsedDurationMs":342800,"elapsedDuration":"PT5M42.8S","splitDateTime":"2019-01-27T11:06:42.8","splitDateTimeLocal":"2019-01-27T12:06:42.8+01:00"},{"startDateTime":"2019-01-27T10:59:00","startDateTimeLocal":"2019-01-27T11:59:00+01:00","stageTimeDurationMs":1118900,"stageTimeDuration":"00:18:38.9000000","splitPointTimeId":59530,"splitPointId":1863,"entryId":3525,"elapsedDurationMs":478600,"elapsedDuration":"PT7M58.6S","splitDateTime":"2019-01-27T11:06:58.6","splitDateTimeLocal":"2019-01-27T12:06:58.6+01:00"},{"startDateTime":"2019-01-27T11:02:00","startDateTimeLocal":"2019-01-27T12:02:00+01:00","stageTimeDurationMs":873200,"stageTimeDuration":"00:14:33.2000000","splitPointTimeId":59532,"splitPointId":1863,"entryId":3501,"elapsedDurationMs":355500,"elapsedDuration":"PT5M55.5S","splitDateTime":"2019-01-27T11:07:55.5","splitDateTimeLocal":"2019-01-27T12:07:55.5+01:00"},{"startDateTime":"2019-01-27T11:04:00","startDateTimeLocal":"2019-01-27T12:04:00+01:00","stageTimeDurationMs":903300,"stageTimeDuration":"00:15:03.3000000","splitPointTimeId":59537,"splitPointId":1863,"entryId":3515,"elapsedDurationMs":368900,"elapsedDuration":"PT6M8.9S","splitDateTime":"2019-01-27T11:10:08.9","splitDateTimeLocal":"2019-01-27T12:10:08.9+01:00"},{"startDateTime":"2019-01-27T11:03:00","startDateTimeLocal":"2019-01-27T12:03:00+01:00","stageTimeDurationMs":1017900,"stageTimeDuration":"00:16:57.9000000","splitPointTimeId":59539,"splitPointId":1863,"entryId":3524,"elapsedDurationMs":431400,"elapsedDuration":"PT7M11.4S","splitDateTime":"2019-01-27T11:10:11.4","splitDateTimeLocal":"2019-01-27T12:10:11.4+01:00"},{"startDateTime":"2019-01-27T11:05:00","startDateTimeLocal":"2019-01-27T12:05:00+01:00","stageTimeDurationMs":875300,"stageTimeDuration":"00:14:35.3000000","splitPointTimeId":59540,"splitPointId":1863,"entryId":3509,"elapsedDurationMs":361000,"elapsedDuration":"PT6M1S","splitDateTime":"2019-01-27T11:11:01","splitDateTimeLocal":"2019-01-27T12:11:01+01:00"},{"startDateTime":"2019-01-27T11:06:00","startDateTimeLocal":"2019-01-27T12:06:00+01:00","stageTimeDurationMs":879100,"stageTimeDuration":"00:14:39.1000000","splitPointTimeId":59543,"splitPointId":1863,"entryId":3502,"elapsedDurationMs":361100,"elapsedDuration":"PT6M1.1S","splitDateTime":"2019-01-27T11:12:01.1","splitDateTimeLocal":"2019-01-27T12:12:01.1+01:00"},{"startDateTime":"2019-01-27T10:56:00","startDateTimeLocal":"2019-01-27T11:56:00+01:00","stageTimeDurationMs":835700,"stageTimeDuration":"00:13:55.7000000","splitPointTimeId":59551,"splitPointId":1863,"entryId":3487,"elapsedDurationMs":340800,"elapsedDuration":"PT5M40.8S","splitDateTime":"2019-01-27T11:01:40.8","splitDateTimeLocal":"2019-01-27T12:01:40.8+01:00"}]