[{"stageTimeId":70179,"stageId":1206,"entryId":19722,"elapsedDurationMs":546900,"elapsedDuration":"00:09:06.9000000","status":"Completed","source":"Default","position":1,"diffFirstMs":0,"diffFirst":"00:00:00","diffPrevMs":0,"diffPrev":"00:00:00"},{"stageTimeId":70277,"stageId":1206,"entryId":19714,"elapsedDurationMs":551100,"elapsedDuration":"00:09:11.1000000","status":"Completed","source":"Default","position":2,"diffFirstMs":4200,"diffFirst":"00:00:04.2000000","diffPrevMs":4200,"diffPrev":"00:00:04.2000000"},{"stageTimeId":70172,"stageId":1206,"entryId":19721,"elapsedDurationMs":551300,"elapsedDuration":"00:09:11.3000000","status":"Completed","source":"Default","position":3,"diffFirstMs":4400,"diffFirst":"00:00:04.4000000","diffPrevMs":200,"diffPrev":"00:00:00.2000000"},{"stageTimeId":70275,"stageId":1206,"entryId":19720,"elapsedDurationMs":551700,"elapsedDuration":"00:09:11.7000000","status":"Completed","source":"Default","position":4,"diffFirstMs":4800,"diffFirst":"00:00:04.8000000","diffPrevMs":400,"diffPrev":"00:00:00.4000000"},{"stageTimeId":70298,"stageId":1206,"entryId":19717,"elapsedDurationMs":552800,"elapsedDuration":"00:09:12.8000000","status":"Completed","source":"Default","position":5,"diffFirstMs":5900,"diffFirst":"00:00:05.9000000","diffPrevMs":1100,"diffPrev":"00:00:01.1000000"},{"stageTimeId":70313,"stageId":1206,"entryId":19716,"elapsedDurationMs":553800,"elapsedDuration":"00:09:13.8000000","status":"Completed","source":"Default","position":6,"diffFirstMs":6900,"diffFirst":"00:00:06.9000000","diffPrevMs":1000,"diffPrev":"00:00:01"},{"stageTimeId":70290,"stageId":1206,"entryId":19719,"elapsedDurationMs":555000,"elapsedDuration":"00:09:15","status":"Completed","source":"Default","position":7,"diffFirstMs":8100,"diffFirst":"00:00:08.1000000","diffPrevMs":1200,"diffPrev":"00:00:01.2000000"},{"stageTimeId":70167,"stageId":1206,"entryId":19723,"elapsedDurationMs":556800,"elapsedDuration":"00:09:16.8000000","status":"Completed","source":"Default","position":8,"diffFirstMs":9900,"diffFirst":"00:00:09.9000000","diffPrevMs":1800,"diffPrev":"00:00:01.8000000"},{"stageTimeId":70306,"stageId":1206,"entryId":19715,"elapsedDurationMs":561500,"elapsedDuration":"00:09:21.5000000","status":"Completed","source":"Default","position":9,"diffFirstMs":14600,"diffFirst":"00:00:14.6000000","diffPrevMs":4700,"diffPrev":"00:00:04.7000000"},{"stageTimeId":69902,"stageId":1206,"entryId":19713,"elapsedDurationMs":562400,"elapsedDuration":"00:09:22.4000000","status":"Completed","source":"Default","position":10,"diffFirstMs":15500,"diffFirst":"00:00:15.5000000","diffPrevMs":900,"diffPrev":"00:00:00.9000000"},{"stageTimeId":70283,"stageId":1206,"entryId":19718,"elapsedDurationMs":563000,"elapsedDuration":"00:09:23","status":"Completed","source":"Default","position":11,"diffFirstMs":16100,"diffFirst":"00:00:16.1000000","diffPrevMs":600,"diffPrev":"00:00:00.6000000"},{"stageTimeId":70163,"stageId":1206,"entryId":19726,"elapsedDurationMs":568300,"elapsedDuration":"00:09:28.3000000","status":"Completed","source":"Default","position":12,"diffFirstMs":21400,"diffFirst":"00:00:21.4000000","diffPrevMs":5300,"diffPrev":"00:00:05.3000000"},{"stageTimeId":70149,"stageId":1206,"entryId":19724,"elapsedDurationMs":572800,"elapsedDuration":"00:09:32.8000000","status":"Completed","source":"Default","position":13,"diffFirstMs":25900,"diffFirst":"00:00:25.9000000","diffPrevMs":4500,"diffPrev":"00:00:04.5000000"},{"stageTimeId":69963,"stageId":1206,"entryId":19737,"elapsedDurationMs":573400,"elapsedDuration":"00:09:33.4000000","status":"Completed","source":"Default","position":14,"diffFirstMs":26500,"diffFirst":"00:00:26.5000000","diffPrevMs":600,"diffPrev":"00:00:00.6000000"},{"stageTimeId":70199,"stageId":1206,"entryId":19731,"elapsedDurationMs":575500,"elapsedDuration":"00:09:35.5000000","status":"Completed","source":"Default","position":15,"diffFirstMs":28600,"diffFirst":"00:00:28.6000000","diffPrevMs":2100,"diffPrev":"00:00:02.1000000"},{"stageTimeId":70214,"stageId":1206,"entryId":19727,"elapsedDurationMs":576400,"elapsedDuration":"00:09:36.4000000","status":"Completed","source":"Default","position":16,"diffFirstMs":29500,"diffFirst":"00:00:29.5000000","diffPrevMs":900,"diffPrev":"00:00:00.9000000"},{"stageTimeId":70191,"stageId":1206,"entryId":19730,"elapsedDurationMs":576700,"elapsedDuration":"00:09:36.7000000","status":"Completed","source":"Default","position":17,"diffFirstMs":29800,"diffFirst":"00:00:29.8000000","diffPrevMs":300,"diffPrev":"00:00:00.3000000"},{"stageTimeId":70228,"stageId":1206,"entryId":19729,"elapsedDurationMs":578300,"elapsedDuration":"00:09:38.3000000","status":"Completed","source":"Default","position":18,"diffFirstMs":31400,"diffFirst":"00:00:31.4000000","diffPrevMs":1600,"diffPrev":"00:00:01.6000000"},{"stageTimeId":69915,"stageId":1206,"entryId":19733,"elapsedDurationMs":580000,"elapsedDuration":"00:09:40","status":"Completed","source":"Default","position":19,"diffFirstMs":33100,"diffFirst":"00:00:33.1000000","diffPrevMs":1700,"diffPrev":"00:00:01.7000000"},{"stageTimeId":70271,"stageId":1206,"entryId":19742,"elapsedDurationMs":581000,"elapsedDuration":"00:09:41","status":"Completed","source":"Default","position":20,"diffFirstMs":34100,"diffFirst":"00:00:34.1000000","diffPrevMs":1000,"diffPrev":"00:00:01"},{"stageTimeId":69909,"stageId":1206,"entryId":19735,"elapsedDurationMs":582000,"elapsedDuration":"00:09:42","status":"Completed","source":"Default","position":21,"diffFirstMs":35100,"diffFirst":"00:00:35.1000000","diffPrevMs":1000,"diffPrev":"00:00:01"},{"stageTimeId":69945,"stageId":1206,"entryId":19739,"elapsedDurationMs":583100,"elapsedDuration":"00:09:43.1000000","status":"Completed","source":"Default","position":22,"diffFirstMs":36200,"diffFirst":"00:00:36.2000000","diffPrevMs":1100,"diffPrev":"00:00:01.1000000"},{"stageTimeId":70241,"stageId":1206,"entryId":19741,"elapsedDurationMs":584400,"elapsedDuration":"00:09:44.4000000","status":"Completed","source":"Default","position":23,"diffFirstMs":37500,"diffFirst":"00:00:37.5000000","diffPrevMs":1300,"diffPrev":"00:00:01.3000000"},{"stageTimeId":70230,"stageId":1206,"entryId":19728,"elapsedDurationMs":585100,"elapsedDuration":"00:09:45.1000000","status":"Completed","source":"Default","position":24,"diffFirstMs":38200,"diffFirst":"00:00:38.2000000","diffPrevMs":700,"diffPrev":"00:00:00.7000000"},{"stageTimeId":70205,"stageId":1206,"entryId":19732,"elapsedDurationMs":587200,"elapsedDuration":"00:09:47.2000000","status":"Completed","source":"Default","position":25,"diffFirstMs":40300,"diffFirst":"00:00:40.3000000","diffPrevMs":2100,"diffPrev":"00:00:02.1000000"},{"stageTimeId":69939,"stageId":1206,"entryId":19750,"elapsedDurationMs":588900,"elapsedDuration":"00:09:48.9000000","status":"Completed","source":"Default","position":26,"diffFirstMs":42000,"diffFirst":"00:00:42","diffPrevMs":1700,"diffPrev":"00:00:01.7000000"},{"stageTimeId":69926,"stageId":1206,"entryId":19745,"elapsedDurationMs":592500,"elapsedDuration":"00:09:52.5000000","status":"Completed","source":"Default","position":27,"diffFirstMs":45600,"diffFirst":"00:00:45.6000000","diffPrevMs":3600,"diffPrev":"00:00:03.6000000"},{"stageTimeId":69908,"stageId":1206,"entryId":19734,"elapsedDurationMs":595700,"elapsedDuration":"00:09:55.7000000","status":"Completed","source":"Default","position":28,"diffFirstMs":48800,"diffFirst":"00:00:48.8000000","diffPrevMs":3200,"diffPrev":"00:00:03.2000000"},{"stageTimeId":70156,"stageId":1206,"entryId":19725,"elapsedDurationMs":598800,"elapsedDuration":"00:09:58.8000000","status":"Completed","source":"Default","position":29,"diffFirstMs":51900,"diffFirst":"00:00:51.9000000","diffPrevMs":3100,"diffPrev":"00:00:03.1000000"},{"stageTimeId":69966,"stageId":1206,"entryId":19738,"elapsedDurationMs":601000,"elapsedDuration":"00:10:01","status":"Completed","source":"Default","position":30,"diffFirstMs":54100,"diffFirst":"00:00:54.1000000","diffPrevMs":2200,"diffPrev":"00:00:02.2000000"},{"stageTimeId":70059,"stageId":1206,"entryId":19747,"elapsedDurationMs":604600,"elapsedDuration":"00:10:04.6000000","status":"Completed","source":"Default","position":31,"diffFirstMs":57700,"diffFirst":"00:00:57.7000000","diffPrevMs":3600,"diffPrev":"00:00:03.6000000"},{"stageTimeId":70073,"stageId":1206,"entryId":19749,"elapsedDurationMs":609600,"elapsedDuration":"00:10:09.6000000","status":"Completed","source":"Default","position":32,"diffFirstMs":62700,"diffFirst":"00:01:02.7000000","diffPrevMs":5000,"diffPrev":"00:00:05"},{"stageTimeId":70098,"stageId":1206,"entryId":19744,"elapsedDurationMs":611200,"elapsedDuration":"00:10:11.2000000","status":"Completed","source":"Default","position":33,"diffFirstMs":64300,"diffFirst":"00:01:04.3000000","diffPrevMs":1600,"diffPrev":"00:00:01.6000000"},{"stageTimeId":70131,"stageId":1206,"entryId":19752,"elapsedDurationMs":611600,"elapsedDuration":"00:10:11.6000000","status":"Completed","source":"Default","position":34,"diffFirstMs":64700,"diffFirst":"00:01:04.7000000","diffPrevMs":400,"diffPrev":"00:00:00.4000000"},{"stageTimeId":70096,"stageId":1206,"entryId":19746,"elapsedDurationMs":614300,"elapsedDuration":"00:10:14.3000000","status":"Completed","source":"Default","position":35,"diffFirstMs":67400,"diffFirst":"00:01:07.4000000","diffPrevMs":2700,"diffPrev":"00:00:02.7000000"},{"stageTimeId":70067,"stageId":1206,"entryId":19748,"elapsedDurationMs":619900,"elapsedDuration":"00:10:19.9000000","status":"Completed","source":"Default","position":36,"diffFirstMs":73000,"diffFirst":"00:01:13","diffPrevMs":5600,"diffPrev":"00:00:05.6000000"},{"stageTimeId":70124,"stageId":1206,"entryId":19751,"elapsedDurationMs":626900,"elapsedDuration":"00:10:26.9000000","status":"Completed","source":"Default","position":37,"diffFirstMs":80000,"diffFirst":"00:01:20","diffPrevMs":7000,"diffPrev":"00:00:07"},{"stageTimeId":70032,"stageId":1206,"entryId":19767,"elapsedDurationMs":633900,"elapsedDuration":"00:10:33.9000000","status":"Completed","source":"Assessed","position":38,"diffFirstMs":87000,"diffFirst":"00:01:27","diffPrevMs":7000,"diffPrev":"00:00:07"},{"stageTimeId":70082,"stageId":1206,"entryId":19743,"elapsedDurationMs":635100,"elapsedDuration":"00:10:35.1000000","status":"Completed","source":"Default","position":39,"diffFirstMs":88200,"diffFirst":"00:01:28.2000000","diffPrevMs":1200,"diffPrev":"00:00:01.2000000"},{"stageTimeId":70000,"stageId":1206,"entryId":19761,"elapsedDurationMs":637700,"elapsedDuration":"00:10:37.7000000","status":"Completed","source":"Default","position":40,"diffFirstMs":90800,"diffFirst":"00:01:30.8000000","diffPrevMs":2600,"diffPrev":"00:00:02.6000000"},{"stageTimeId":69936,"stageId":1206,"entryId":19736,"elapsedDurationMs":639100,"elapsedDuration":"00:10:39.1000000","status":"Completed","source":"Default","position":41,"diffFirstMs":92200,"diffFirst":"00:01:32.2000000","diffPrevMs":1400,"diffPrev":"00:00:01.4000000"},{"stageTimeId":69997,"stageId":1206,"entryId":19759,"elapsedDurationMs":639300,"elapsedDuration":"00:10:39.3000000","status":"Completed","source":"Default","position":42,"diffFirstMs":92400,"diffFirst":"00:01:32.4000000","diffPrevMs":200,"diffPrev":"00:00:00.2000000"},{"stageTimeId":70004,"stageId":1206,"entryId":19760,"elapsedDurationMs":639500,"elapsedDuration":"00:10:39.5000000","status":"Completed","source":"Default","position":43,"diffFirstMs":92600,"diffFirst":"00:01:32.6000000","diffPrevMs":200,"diffPrev":"00:00:00.2000000"},{"stageTimeId":70039,"stageId":1206,"entryId":19770,"elapsedDurationMs":645300,"elapsedDuration":"00:10:45.3000000","status":"Completed","source":"Default","position":44,"diffFirstMs":98400,"diffFirst":"00:01:38.4000000","diffPrevMs":5800,"diffPrev":"00:00:05.8000000"},{"stageTimeId":70046,"stageId":1206,"entryId":19765,"elapsedDurationMs":645700,"elapsedDuration":"00:10:45.7000000","status":"Completed","source":"Default","position":45,"diffFirstMs":98800,"diffFirst":"00:01:38.8000000","diffPrevMs":400,"diffPrev":"00:00:00.4000000"},{"stageTimeId":70016,"stageId":1206,"entryId":19766,"elapsedDurationMs":651800,"elapsedDuration":"00:10:51.8000000","status":"Completed","source":"Default","position":46,"diffFirstMs":104900,"diffFirst":"00:01:44.9000000","diffPrevMs":6100,"diffPrev":"00:00:06.1000000"},{"stageTimeId":70110,"stageId":1206,"entryId":19755,"elapsedDurationMs":654900,"elapsedDuration":"00:10:54.9000000","status":"Completed","source":"Default","position":47,"diffFirstMs":108000,"diffFirst":"00:01:48","diffPrevMs":3100,"diffPrev":"00:00:03.1000000"},{"stageTimeId":70056,"stageId":1206,"entryId":19758,"elapsedDurationMs":655400,"elapsedDuration":"00:10:55.4000000","status":"Completed","source":"Default","position":48,"diffFirstMs":108500,"diffFirst":"00:01:48.5000000","diffPrevMs":500,"diffPrev":"00:00:00.5000000"},{"stageTimeId":70030,"stageId":1206,"entryId":19768,"elapsedDurationMs":656800,"elapsedDuration":"00:10:56.8000000","status":"Completed","source":"Default","position":49,"diffFirstMs":109900,"diffFirst":"00:01:49.9000000","diffPrevMs":1400,"diffPrev":"00:00:01.4000000"},{"stageTimeId":70115,"stageId":1206,"entryId":19757,"elapsedDurationMs":662900,"elapsedDuration":"00:11:02.9000000","status":"Completed","source":"Default","position":50,"diffFirstMs":116000,"diffFirst":"00:01:56","diffPrevMs":6100,"diffPrev":"00:00:06.1000000"},{"stageTimeId":69981,"stageId":1206,"entryId":19763,"elapsedDurationMs":664500,"elapsedDuration":"00:11:04.5000000","status":"Completed","source":"Default","position":51,"diffFirstMs":117600,"diffFirst":"00:01:57.6000000","diffPrevMs":1600,"diffPrev":"00:00:01.6000000"},{"stageTimeId":69989,"stageId":1206,"entryId":19764,"elapsedDurationMs":665600,"elapsedDuration":"00:11:05.6000000","status":"Completed","source":"Default","position":52,"diffFirstMs":118700,"diffFirst":"00:01:58.7000000","diffPrevMs":1100,"diffPrev":"00:00:01.1000000"},{"stageTimeId":70234,"stageId":1206,"entryId":19772,"elapsedDurationMs":674100,"elapsedDuration":"00:11:14.1000000","status":"Completed","source":"Assessed","position":53,"diffFirstMs":127200,"diffFirst":"00:02:07.2000000","diffPrevMs":8500,"diffPrev":"00:00:08.5000000"},{"stageTimeId":70265,"stageId":1206,"entryId":19771,"elapsedDurationMs":685000,"elapsedDuration":"00:11:25","status":"Completed","source":"Default","position":54,"diffFirstMs":138100,"diffFirst":"00:02:18.1000000","diffPrevMs":10900,"diffPrev":"00:00:10.9000000"},{"stageTimeId":70138,"stageId":1206,"entryId":19754,"elapsedDurationMs":694300,"elapsedDuration":"00:11:34.3000000","status":"Completed","source":"Default","position":55,"diffFirstMs":147400,"diffFirst":"00:02:27.4000000","diffPrevMs":9300,"diffPrev":"00:00:09.3000000"},{"stageTimeId":70108,"stageId":1206,"entryId":19756,"elapsedDurationMs":701600,"elapsedDuration":"00:11:41.6000000","status":"Completed","source":"Default","position":56,"diffFirstMs":154700,"diffFirst":"00:02:34.7000000","diffPrevMs":7300,"diffPrev":"00:00:07.3000000"},{"stageTimeId":70257,"stageId":1206,"entryId":19769,"elapsedDurationMs":707800,"elapsedDuration":"00:11:47.8000000","status":"Completed","source":"Default","position":57,"diffFirstMs":160900,"diffFirst":"00:02:40.9000000","diffPrevMs":6200,"diffPrev":"00:00:06.2000000"},{"stageTimeId":69974,"stageId":1206,"entryId":19762,"elapsedDurationMs":851000,"elapsedDuration":"00:14:11","status":"Completed","source":"Assessed","position":58,"diffFirstMs":304100,"diffFirst":"00:05:04.1000000","diffPrevMs":143200,"diffPrev":"00:02:23.2000000"},{"stageTimeId":70053,"stageId":1206,"entryId":19773,"elapsedDurationMs":null,"elapsedDuration":null,"status":"DNF","source":"Default","position":null,"diffFirstMs":null,"diffFirst":null,"diffPrevMs":null,"diffPrev":null},{"stageTimeId":70248,"stageId":1206,"entryId":19740,"elapsedDurationMs":null,"elapsedDuration":null,"status":"DNS","source":"Default","position":null,"diffFirstMs":null,"diffFirst":null,"diffPrevMs":null,"diffPrev":null}]