[{"entryId":20122,"stageTimeMs":11729800,"stageTime":"PT3H15M29.8S","penaltyTimeMs":0,"penaltyTime":"PT0S","totalTimeMs":11729800,"totalTime":"PT3H15M29.8S","position":1,"diffFirstMs":0,"diffFirst":"PT0S","diffPrevMs":0,"diffPrev":"PT0S"},{"entryId":20120,"stageTimeMs":11750600,"stageTime":"PT3H15M50.6S","penaltyTimeMs":0,"penaltyTime":"PT0S","totalTimeMs":11750600,"totalTime":"PT3H15M50.6S","position":2,"diffFirstMs":20800,"diffFirst":"PT20.8S","diffPrevMs":20800,"diffPrev":"PT20.8S"},{"entryId":20123,"stageTimeMs":11765800,"stageTime":"PT3H16M5.8S","penaltyTimeMs":0,"penaltyTime":"PT0S","totalTimeMs":11765800,"totalTime":"PT3H16M5.8S","position":3,"diffFirstMs":36000,"diffFirst":"PT36S","diffPrevMs":15200,"diffPrev":"PT15.2S"},{"entryId":20121,"stageTimeMs":11776400,"stageTime":"PT3H16M16.4S","penaltyTimeMs":0,"penaltyTime":"PT0S","totalTimeMs":11776400,"totalTime":"PT3H16M16.4S","position":4,"diffFirstMs":46600,"diffFirst":"PT46.6S","diffPrevMs":10600,"diffPrev":"PT10.6S"},{"entryId":20124,"stageTimeMs":11788300,"stageTime":"PT3H16M28.3S","penaltyTimeMs":0,"penaltyTime":"PT0S","totalTimeMs":11788300,"totalTime":"PT3H16M28.3S","position":5,"diffFirstMs":58500,"diffFirst":"PT58.5S","diffPrevMs":11900,"diffPrev":"PT11.9S"},{"entryId":20119,"stageTimeMs":11832000,"stageTime":"PT3H17M12S","penaltyTimeMs":0,"penaltyTime":"PT0S","totalTimeMs":11832000,"totalTime":"PT3H17M12S","position":6,"diffFirstMs":102200,"diffFirst":"PT1M42.2S","diffPrevMs":43700,"diffPrev":"PT43.7S"},{"entryId":20127,"stageTimeMs":11836000,"stageTime":"PT3H17M16S","penaltyTimeMs":0,"penaltyTime":"PT0S","totalTimeMs":11836000,"totalTime":"PT3H17M16S","position":7,"diffFirstMs":106200,"diffFirst":"PT1M46.2S","diffPrevMs":4000,"diffPrev":"PT4S"},{"entryId":20117,"stageTimeMs":11846100,"stageTime":"PT3H17M26.1S","penaltyTimeMs":0,"penaltyTime":"PT0S","totalTimeMs":11846100,"totalTime":"PT3H17M26.1S","position":8,"diffFirstMs":116300,"diffFirst":"PT1M56.3S","diffPrevMs":10100,"diffPrev":"PT10.1S"},{"entryId":20126,"stageTimeMs":12092000,"stageTime":"PT3H21M32S","penaltyTimeMs":20000,"penaltyTime":"PT20S","totalTimeMs":12112000,"totalTime":"PT3H21M52S","position":9,"diffFirstMs":382200,"diffFirst":"PT6M22.2S","diffPrevMs":265900,"diffPrev":"PT4M25.9S"},{"entryId":20125,"stageTimeMs":12229000,"stageTime":"PT3H23M49S","penaltyTimeMs":0,"penaltyTime":"PT0S","totalTimeMs":12229000,"totalTime":"PT3H23M49S","position":10,"diffFirstMs":499200,"diffFirst":"PT8M19.2S","diffPrevMs":117000,"diffPrev":"PT1M57S"},{"entryId":20130,"stageTimeMs":12444100,"stageTime":"PT3H27M24.1S","penaltyTimeMs":0,"penaltyTime":"PT0S","totalTimeMs":12444100,"totalTime":"PT3H27M24.1S","position":11,"diffFirstMs":714300,"diffFirst":"PT11M54.3S","diffPrevMs":215100,"diffPrev":"PT3M35.1S"},{"entryId":20144,"stageTimeMs":12496700,"stageTime":"PT3H28M16.7S","penaltyTimeMs":0,"penaltyTime":"PT0S","totalTimeMs":12496700,"totalTime":"PT3H28M16.7S","position":12,"diffFirstMs":766900,"diffFirst":"PT12M46.9S","diffPrevMs":52600,"diffPrev":"PT52.6S"},{"entryId":20143,"stageTimeMs":12515200,"stageTime":"PT3H28M35.2S","penaltyTimeMs":0,"penaltyTime":"PT0S","totalTimeMs":12515200,"totalTime":"PT3H28M35.2S","position":13,"diffFirstMs":785400,"diffFirst":"PT13M5.4S","diffPrevMs":18500,"diffPrev":"PT18.5S"},{"entryId":20133,"stageTimeMs":12518200,"stageTime":"PT3H28M38.2S","penaltyTimeMs":0,"penaltyTime":"PT0S","totalTimeMs":12518200,"totalTime":"PT3H28M38.2S","position":14,"diffFirstMs":788400,"diffFirst":"PT13M8.4S","diffPrevMs":3000,"diffPrev":"PT3S"},{"entryId":20131,"stageTimeMs":12473200,"stageTime":"PT3H27M53.2S","penaltyTimeMs":50000,"penaltyTime":"PT50S","totalTimeMs":12523200,"totalTime":"PT3H28M43.2S","position":15,"diffFirstMs":793400,"diffFirst":"PT13M13.4S","diffPrevMs":5000,"diffPrev":"PT5S"},{"entryId":20128,"stageTimeMs":12618100,"stageTime":"PT3H30M18.1S","penaltyTimeMs":0,"penaltyTime":"PT0S","totalTimeMs":12618100,"totalTime":"PT3H30M18.1S","position":16,"diffFirstMs":888300,"diffFirst":"PT14M48.3S","diffPrevMs":94900,"diffPrev":"PT1M34.9S"},{"entryId":20129,"stageTimeMs":12657100,"stageTime":"PT3H30M57.1S","penaltyTimeMs":0,"penaltyTime":"PT0S","totalTimeMs":12657100,"totalTime":"PT3H30M57.1S","position":17,"diffFirstMs":927300,"diffFirst":"PT15M27.3S","diffPrevMs":39000,"diffPrev":"PT39S"},{"entryId":20151,"stageTimeMs":12716500,"stageTime":"PT3H31M56.5S","penaltyTimeMs":0,"penaltyTime":"PT0S","totalTimeMs":12716500,"totalTime":"PT3H31M56.5S","position":18,"diffFirstMs":986700,"diffFirst":"PT16M26.7S","diffPrevMs":59400,"diffPrev":"PT59.4S"},{"entryId":20137,"stageTimeMs":12783900,"stageTime":"PT3H33M3.9S","penaltyTimeMs":0,"penaltyTime":"PT0S","totalTimeMs":12783900,"totalTime":"PT3H33M3.9S","position":19,"diffFirstMs":1054100,"diffFirst":"PT17M34.1S","diffPrevMs":67400,"diffPrev":"PT1M7.4S"},{"entryId":20132,"stageTimeMs":12791400,"stageTime":"PT3H33M11.4S","penaltyTimeMs":0,"penaltyTime":"PT0S","totalTimeMs":12791400,"totalTime":"PT3H33M11.4S","position":20,"diffFirstMs":1061600,"diffFirst":"PT17M41.6S","diffPrevMs":7500,"diffPrev":"PT7.5S"},{"entryId":20145,"stageTimeMs":12852000,"stageTime":"PT3H34M12S","penaltyTimeMs":0,"penaltyTime":"PT0S","totalTimeMs":12852000,"totalTime":"PT3H34M12S","position":21,"diffFirstMs":1122200,"diffFirst":"PT18M42.2S","diffPrevMs":60600,"diffPrev":"PT1M0.6S"},{"entryId":20135,"stageTimeMs":12854200,"stageTime":"PT3H34M14.2S","penaltyTimeMs":0,"penaltyTime":"PT0S","totalTimeMs":12854200,"totalTime":"PT3H34M14.2S","position":22,"diffFirstMs":1124400,"diffFirst":"PT18M44.4S","diffPrevMs":2200,"diffPrev":"PT2.2S"},{"entryId":20136,"stageTimeMs":12975600,"stageTime":"PT3H36M15.6S","penaltyTimeMs":0,"penaltyTime":"PT0S","totalTimeMs":12975600,"totalTime":"PT3H36M15.6S","position":23,"diffFirstMs":1245800,"diffFirst":"PT20M45.8S","diffPrevMs":121400,"diffPrev":"PT2M1.4S"},{"entryId":20150,"stageTimeMs":13071500,"stageTime":"PT3H37M51.5S","penaltyTimeMs":0,"penaltyTime":"PT0S","totalTimeMs":13071500,"totalTime":"PT3H37M51.5S","position":24,"diffFirstMs":1341700,"diffFirst":"PT22M21.7S","diffPrevMs":95900,"diffPrev":"PT1M35.9S"},{"entryId":20157,"stageTimeMs":13115700,"stageTime":"PT3H38M35.7S","penaltyTimeMs":0,"penaltyTime":"PT0S","totalTimeMs":13115700,"totalTime":"PT3H38M35.7S","position":25,"diffFirstMs":1385900,"diffFirst":"PT23M5.9S","diffPrevMs":44200,"diffPrev":"PT44.2S"},{"entryId":20141,"stageTimeMs":13664600,"stageTime":"PT3H47M44.6S","penaltyTimeMs":0,"penaltyTime":"PT0S","totalTimeMs":13664600,"totalTime":"PT3H47M44.6S","position":26,"diffFirstMs":1934800,"diffFirst":"PT32M14.8S","diffPrevMs":548900,"diffPrev":"PT9M8.9S"},{"entryId":20156,"stageTimeMs":13777500,"stageTime":"PT3H49M37.5S","penaltyTimeMs":0,"penaltyTime":"PT0S","totalTimeMs":13777500,"totalTime":"PT3H49M37.5S","position":27,"diffFirstMs":2047700,"diffFirst":"PT34M7.7S","diffPrevMs":112900,"diffPrev":"PT1M52.9S"},{"entryId":20159,"stageTimeMs":13824000,"stageTime":"PT3H50M24S","penaltyTimeMs":0,"penaltyTime":"PT0S","totalTimeMs":13824000,"totalTime":"PT3H50M24S","position":28,"diffFirstMs":2094200,"diffFirst":"PT34M54.2S","diffPrevMs":46500,"diffPrev":"PT46.5S"},{"entryId":20118,"stageTimeMs":14244000,"stageTime":"PT3H57M24S","penaltyTimeMs":0,"penaltyTime":"PT0S","totalTimeMs":14244000,"totalTime":"PT3H57M24S","position":29,"diffFirstMs":2514200,"diffFirst":"PT41M54.2S","diffPrevMs":420000,"diffPrev":"PT7M"},{"entryId":20163,"stageTimeMs":14255500,"stageTime":"PT3H57M35.5S","penaltyTimeMs":0,"penaltyTime":"PT0S","totalTimeMs":14255500,"totalTime":"PT3H57M35.5S","position":30,"diffFirstMs":2525700,"diffFirst":"PT42M5.7S","diffPrevMs":11500,"diffPrev":"PT11.5S"},{"entryId":20153,"stageTimeMs":14407800,"stageTime":"PT4H7.8S","penaltyTimeMs":0,"penaltyTime":"PT0S","totalTimeMs":14407800,"totalTime":"PT4H7.8S","position":31,"diffFirstMs":2678000,"diffFirst":"PT44M38S","diffPrevMs":152300,"diffPrev":"PT2M32.3S"},{"entryId":20160,"stageTimeMs":15007600,"stageTime":"PT4H10M7.6S","penaltyTimeMs":0,"penaltyTime":"PT0S","totalTimeMs":15007600,"totalTime":"PT4H10M7.6S","position":32,"diffFirstMs":3277800,"diffFirst":"PT54M37.8S","diffPrevMs":599800,"diffPrev":"PT9M59.8S"},{"entryId":20155,"stageTimeMs":15002100,"stageTime":"PT4H10M2.1S","penaltyTimeMs":50000,"penaltyTime":"PT50S","totalTimeMs":15052100,"totalTime":"PT4H10M52.1S","position":33,"diffFirstMs":3322300,"diffFirst":"PT55M22.3S","diffPrevMs":44500,"diffPrev":"PT44.5S"},{"entryId":20168,"stageTimeMs":14836000,"stageTime":"PT4H7M16S","penaltyTimeMs":280000,"penaltyTime":"PT4M40S","totalTimeMs":15116000,"totalTime":"PT4H11M56S","position":34,"diffFirstMs":3386200,"diffFirst":"PT56M26.2S","diffPrevMs":63900,"diffPrev":"PT1M3.9S"},{"entryId":20138,"stageTimeMs":15114700,"stageTime":"PT4H11M54.7S","penaltyTimeMs":50000,"penaltyTime":"PT50S","totalTimeMs":15164700,"totalTime":"PT4H12M44.7S","position":35,"diffFirstMs":3434900,"diffFirst":"PT57M14.9S","diffPrevMs":48700,"diffPrev":"PT48.7S"},{"entryId":20166,"stageTimeMs":15541500,"stageTime":"PT4H19M1.5S","penaltyTimeMs":0,"penaltyTime":"PT0S","totalTimeMs":15541500,"totalTime":"PT4H19M1.5S","position":36,"diffFirstMs":3811700,"diffFirst":"PT1H3M31.7S","diffPrevMs":376800,"diffPrev":"PT6M16.8S"},{"entryId":20169,"stageTimeMs":15542200,"stageTime":"PT4H19M2.2S","penaltyTimeMs":0,"penaltyTime":"PT0S","totalTimeMs":15542200,"totalTime":"PT4H19M2.2S","position":37,"diffFirstMs":3812400,"diffFirst":"PT1H3M32.4S","diffPrevMs":700,"diffPrev":"PT0.7S"},{"entryId":20154,"stageTimeMs":15753800,"stageTime":"PT4H22M33.8S","penaltyTimeMs":0,"penaltyTime":"PT0S","totalTimeMs":15753800,"totalTime":"PT4H22M33.8S","position":38,"diffFirstMs":4024000,"diffFirst":"PT1H7M4S","diffPrevMs":211600,"diffPrev":"PT3M31.6S"},{"entryId":20165,"stageTimeMs":15781300,"stageTime":"PT4H23M1.3S","penaltyTimeMs":0,"penaltyTime":"PT0S","totalTimeMs":15781300,"totalTime":"PT4H23M1.3S","position":39,"diffFirstMs":4051500,"diffFirst":"PT1H7M31.5S","diffPrevMs":27500,"diffPrev":"PT27.5S"},{"entryId":20170,"stageTimeMs":16050400,"stageTime":"PT4H27M30.4S","penaltyTimeMs":0,"penaltyTime":"PT0S","totalTimeMs":16050400,"totalTime":"PT4H27M30.4S","position":40,"diffFirstMs":4320600,"diffFirst":"PT1H12M0.6S","diffPrevMs":269100,"diffPrev":"PT4M29.1S"},{"entryId":20162,"stageTimeMs":18819400,"stageTime":"PT5H13M39.4S","penaltyTimeMs":0,"penaltyTime":"PT0S","totalTimeMs":18819400,"totalTime":"PT5H13M39.4S","position":41,"diffFirstMs":7089600,"diffFirst":"PT1H58M9.6S","diffPrevMs":2769000,"diffPrev":"PT46M9S"}]