[{"stageTimeId":76114,"stageId":1272,"entryId":20059,"elapsedDurationMs":107300,"elapsedDuration":"00:01:47.3000000","status":"Completed","source":"Default","position":1,"diffFirstMs":0,"diffFirst":"00:00:00","diffPrevMs":0,"diffPrev":"00:00:00"},{"stageTimeId":76112,"stageId":1272,"entryId":20057,"elapsedDurationMs":108000,"elapsedDuration":"00:01:48","status":"Completed","source":"Default","position":2,"diffFirstMs":700,"diffFirst":"00:00:00.7000000","diffPrevMs":700,"diffPrev":"00:00:00.7000000"},{"stageTimeId":76116,"stageId":1272,"entryId":20056,"elapsedDurationMs":108500,"elapsedDuration":"00:01:48.5000000","status":"Completed","source":"Default","position":3,"diffFirstMs":1200,"diffFirst":"00:00:01.2000000","diffPrevMs":500,"diffPrev":"00:00:00.5000000"},{"stageTimeId":76113,"stageId":1272,"entryId":20053,"elapsedDurationMs":108600,"elapsedDuration":"00:01:48.6000000","status":"Completed","source":"Default","position":4,"diffFirstMs":1300,"diffFirst":"00:00:01.3000000","diffPrevMs":100,"diffPrev":"00:00:00.1000000"},{"stageTimeId":76117,"stageId":1272,"entryId":20064,"elapsedDurationMs":109500,"elapsedDuration":"00:01:49.5000000","status":"Completed","source":"Default","position":5,"diffFirstMs":2200,"diffFirst":"00:00:02.2000000","diffPrevMs":900,"diffPrev":"00:00:00.9000000"},{"stageTimeId":76121,"stageId":1272,"entryId":20063,"elapsedDurationMs":109700,"elapsedDuration":"00:01:49.7000000","status":"Completed","source":"Default","position":6,"diffFirstMs":2400,"diffFirst":"00:00:02.4000000","diffPrevMs":200,"diffPrev":"00:00:00.2000000"},{"stageTimeId":76115,"stageId":1272,"entryId":20054,"elapsedDurationMs":109700,"elapsedDuration":"00:01:49.7000000","status":"Completed","source":"Default","position":7,"diffFirstMs":2400,"diffFirst":"00:00:02.4000000","diffPrevMs":0,"diffPrev":"00:00:00"},{"stageTimeId":76119,"stageId":1272,"entryId":20058,"elapsedDurationMs":109700,"elapsedDuration":"00:01:49.7000000","status":"Completed","source":"Default","position":8,"diffFirstMs":2400,"diffFirst":"00:00:02.4000000","diffPrevMs":0,"diffPrev":"00:00:00"},{"stageTimeId":76118,"stageId":1272,"entryId":20055,"elapsedDurationMs":110400,"elapsedDuration":"00:01:50.4000000","status":"Completed","source":"Default","position":9,"diffFirstMs":3100,"diffFirst":"00:00:03.1000000","diffPrevMs":700,"diffPrev":"00:00:00.7000000"},{"stageTimeId":76122,"stageId":1272,"entryId":20065,"elapsedDurationMs":112100,"elapsedDuration":"00:01:52.1000000","status":"Completed","source":"Default","position":10,"diffFirstMs":4800,"diffFirst":"00:00:04.8000000","diffPrevMs":1700,"diffPrev":"00:00:01.7000000"},{"stageTimeId":76120,"stageId":1272,"entryId":20062,"elapsedDurationMs":112700,"elapsedDuration":"00:01:52.7000000","status":"Completed","source":"Default","position":11,"diffFirstMs":5400,"diffFirst":"00:00:05.4000000","diffPrevMs":600,"diffPrev":"00:00:00.6000000"},{"stageTimeId":76158,"stageId":1272,"entryId":20074,"elapsedDurationMs":113200,"elapsedDuration":"00:01:53.2000000","status":"Completed","source":"Default","position":12,"diffFirstMs":5900,"diffFirst":"00:00:05.9000000","diffPrevMs":500,"diffPrev":"00:00:00.5000000"},{"stageTimeId":76111,"stageId":1272,"entryId":20068,"elapsedDurationMs":113800,"elapsedDuration":"00:01:53.8000000","status":"Completed","source":"Default","position":13,"diffFirstMs":6500,"diffFirst":"00:00:06.5000000","diffPrevMs":600,"diffPrev":"00:00:00.6000000"},{"stageTimeId":76123,"stageId":1272,"entryId":20066,"elapsedDurationMs":113900,"elapsedDuration":"00:01:53.9000000","status":"Completed","source":"Default","position":14,"diffFirstMs":6600,"diffFirst":"00:00:06.6000000","diffPrevMs":100,"diffPrev":"00:00:00.1000000"},{"stageTimeId":76133,"stageId":1272,"entryId":20073,"elapsedDurationMs":114000,"elapsedDuration":"00:01:54","status":"Completed","source":"Default","position":15,"diffFirstMs":6700,"diffFirst":"00:00:06.7000000","diffPrevMs":100,"diffPrev":"00:00:00.1000000"},{"stageTimeId":76108,"stageId":1272,"entryId":20071,"elapsedDurationMs":114500,"elapsedDuration":"00:01:54.5000000","status":"Completed","source":"Default","position":16,"diffFirstMs":7200,"diffFirst":"00:00:07.2000000","diffPrevMs":500,"diffPrev":"00:00:00.5000000"},{"stageTimeId":76126,"stageId":1272,"entryId":20075,"elapsedDurationMs":114600,"elapsedDuration":"00:01:54.6000000","status":"Completed","source":"Default","position":17,"diffFirstMs":7300,"diffFirst":"00:00:07.3000000","diffPrevMs":100,"diffPrev":"00:00:00.1000000"},{"stageTimeId":76098,"stageId":1272,"entryId":20092,"elapsedDurationMs":115200,"elapsedDuration":"00:01:55.2000000","status":"Completed","source":"Default","position":18,"diffFirstMs":7900,"diffFirst":"00:00:07.9000000","diffPrevMs":600,"diffPrev":"00:00:00.6000000"},{"stageTimeId":76109,"stageId":1272,"entryId":20070,"elapsedDurationMs":115700,"elapsedDuration":"00:01:55.7000000","status":"Completed","source":"Default","position":19,"diffFirstMs":8400,"diffFirst":"00:00:08.4000000","diffPrevMs":500,"diffPrev":"00:00:00.5000000"},{"stageTimeId":76110,"stageId":1272,"entryId":20069,"elapsedDurationMs":115700,"elapsedDuration":"00:01:55.7000000","status":"Completed","source":"Default","position":20,"diffFirstMs":8400,"diffFirst":"00:00:08.4000000","diffPrevMs":0,"diffPrev":"00:00:00"},{"stageTimeId":76140,"stageId":1272,"entryId":20077,"elapsedDurationMs":115900,"elapsedDuration":"00:01:55.9000000","status":"Completed","source":"Default","position":21,"diffFirstMs":8600,"diffFirst":"00:00:08.6000000","diffPrevMs":200,"diffPrev":"00:00:00.2000000"},{"stageTimeId":76107,"stageId":1272,"entryId":20096,"elapsedDurationMs":116000,"elapsedDuration":"00:01:56","status":"Completed","source":"Default","position":22,"diffFirstMs":8700,"diffFirst":"00:00:08.7000000","diffPrevMs":100,"diffPrev":"00:00:00.1000000"},{"stageTimeId":76124,"stageId":1272,"entryId":20067,"elapsedDurationMs":116100,"elapsedDuration":"00:01:56.1000000","status":"Completed","source":"Default","position":23,"diffFirstMs":8800,"diffFirst":"00:00:08.8000000","diffPrevMs":100,"diffPrev":"00:00:00.1000000"},{"stageTimeId":76132,"stageId":1272,"entryId":20093,"elapsedDurationMs":117600,"elapsedDuration":"00:01:57.6000000","status":"Completed","source":"Default","position":24,"diffFirstMs":10300,"diffFirst":"00:00:10.3000000","diffPrevMs":1500,"diffPrev":"00:00:01.5000000"},{"stageTimeId":76131,"stageId":1272,"entryId":20072,"elapsedDurationMs":119000,"elapsedDuration":"00:01:59","status":"Completed","source":"Default","position":25,"diffFirstMs":11700,"diffFirst":"00:00:11.7000000","diffPrevMs":1400,"diffPrev":"00:00:01.4000000"},{"stageTimeId":76142,"stageId":1272,"entryId":20104,"elapsedDurationMs":119000,"elapsedDuration":"00:01:59","status":"Completed","source":"Default","position":26,"diffFirstMs":11700,"diffFirst":"00:00:11.7000000","diffPrevMs":0,"diffPrev":"00:00:00"},{"stageTimeId":76134,"stageId":1272,"entryId":20076,"elapsedDurationMs":119200,"elapsedDuration":"00:01:59.2000000","status":"Completed","source":"Default","position":27,"diffFirstMs":11900,"diffFirst":"00:00:11.9000000","diffPrevMs":200,"diffPrev":"00:00:00.2000000"},{"stageTimeId":76125,"stageId":1272,"entryId":20060,"elapsedDurationMs":120000,"elapsedDuration":"00:02:00","status":"Completed","source":"Default","position":28,"diffFirstMs":12700,"diffFirst":"00:00:12.7000000","diffPrevMs":800,"diffPrev":"00:00:00.8000000"},{"stageTimeId":76136,"stageId":1272,"entryId":20098,"elapsedDurationMs":121100,"elapsedDuration":"00:02:01.1000000","status":"Completed","source":"Default","position":29,"diffFirstMs":13800,"diffFirst":"00:00:13.8000000","diffPrevMs":1100,"diffPrev":"00:00:01.1000000"},{"stageTimeId":76135,"stageId":1272,"entryId":20097,"elapsedDurationMs":122000,"elapsedDuration":"00:02:02","status":"Completed","source":"Default","position":30,"diffFirstMs":14700,"diffFirst":"00:00:14.7000000","diffPrevMs":900,"diffPrev":"00:00:00.9000000"},{"stageTimeId":76139,"stageId":1272,"entryId":20102,"elapsedDurationMs":122200,"elapsedDuration":"00:02:02.2000000","status":"Completed","source":"Default","position":31,"diffFirstMs":14900,"diffFirst":"00:00:14.9000000","diffPrevMs":200,"diffPrev":"00:00:00.2000000"},{"stageTimeId":76099,"stageId":1272,"entryId":20101,"elapsedDurationMs":123700,"elapsedDuration":"00:02:03.7000000","status":"Completed","source":"Default","position":32,"diffFirstMs":16400,"diffFirst":"00:00:16.4000000","diffPrevMs":1500,"diffPrev":"00:00:01.5000000"},{"stageTimeId":76138,"stageId":1272,"entryId":20100,"elapsedDurationMs":126200,"elapsedDuration":"00:02:06.2000000","status":"Completed","source":"Default","position":33,"diffFirstMs":18900,"diffFirst":"00:00:18.9000000","diffPrevMs":2500,"diffPrev":"00:00:02.5000000"},{"stageTimeId":76141,"stageId":1272,"entryId":20103,"elapsedDurationMs":126500,"elapsedDuration":"00:02:06.5000000","status":"Completed","source":"Default","position":34,"diffFirstMs":19200,"diffFirst":"00:00:19.2000000","diffPrevMs":300,"diffPrev":"00:00:00.3000000"},{"stageTimeId":76137,"stageId":1272,"entryId":20099,"elapsedDurationMs":126900,"elapsedDuration":"00:02:06.9000000","status":"Completed","source":"Default","position":35,"diffFirstMs":19600,"diffFirst":"00:00:19.6000000","diffPrevMs":400,"diffPrev":"00:00:00.4000000"},{"stageTimeId":76143,"stageId":1272,"entryId":20105,"elapsedDurationMs":127000,"elapsedDuration":"00:02:07","status":"Completed","source":"Default","position":36,"diffFirstMs":19700,"diffFirst":"00:00:19.7000000","diffPrevMs":100,"diffPrev":"00:00:00.1000000"},{"stageTimeId":76156,"stageId":1272,"entryId":20081,"elapsedDurationMs":128900,"elapsedDuration":"00:02:08.9000000","status":"Completed","source":"Default","position":37,"diffFirstMs":21600,"diffFirst":"00:00:21.6000000","diffPrevMs":1900,"diffPrev":"00:00:01.9000000"},{"stageTimeId":76146,"stageId":1272,"entryId":20108,"elapsedDurationMs":129000,"elapsedDuration":"00:02:09","status":"Completed","source":"Default","position":38,"diffFirstMs":21700,"diffFirst":"00:00:21.7000000","diffPrevMs":100,"diffPrev":"00:00:00.1000000"},{"stageTimeId":76144,"stageId":1272,"entryId":20106,"elapsedDurationMs":129200,"elapsedDuration":"00:02:09.2000000","status":"Completed","source":"Default","position":39,"diffFirstMs":21900,"diffFirst":"00:00:21.9000000","diffPrevMs":200,"diffPrev":"00:00:00.2000000"},{"stageTimeId":76100,"stageId":1272,"entryId":20085,"elapsedDurationMs":129700,"elapsedDuration":"00:02:09.7000000","status":"Completed","source":"Default","position":40,"diffFirstMs":22400,"diffFirst":"00:00:22.4000000","diffPrevMs":500,"diffPrev":"00:00:00.5000000"},{"stageTimeId":76130,"stageId":1272,"entryId":20079,"elapsedDurationMs":129800,"elapsedDuration":"00:02:09.8000000","status":"Completed","source":"Default","position":41,"diffFirstMs":22500,"diffFirst":"00:00:22.5000000","diffPrevMs":100,"diffPrev":"00:00:00.1000000"},{"stageTimeId":76105,"stageId":1272,"entryId":20084,"elapsedDurationMs":130100,"elapsedDuration":"00:02:10.1000000","status":"Completed","source":"Default","position":42,"diffFirstMs":22800,"diffFirst":"00:00:22.8000000","diffPrevMs":300,"diffPrev":"00:00:00.3000000"},{"stageTimeId":76129,"stageId":1272,"entryId":20078,"elapsedDurationMs":130300,"elapsedDuration":"00:02:10.3000000","status":"Completed","source":"Default","position":43,"diffFirstMs":23000,"diffFirst":"00:00:23","diffPrevMs":200,"diffPrev":"00:00:00.2000000"},{"stageTimeId":76101,"stageId":1272,"entryId":20086,"elapsedDurationMs":130400,"elapsedDuration":"00:02:10.4000000","status":"Completed","source":"Default","position":44,"diffFirstMs":23100,"diffFirst":"00:00:23.1000000","diffPrevMs":100,"diffPrev":"00:00:00.1000000"},{"stageTimeId":76157,"stageId":1272,"entryId":20080,"elapsedDurationMs":130600,"elapsedDuration":"00:02:10.6000000","status":"Completed","source":"Default","position":45,"diffFirstMs":23300,"diffFirst":"00:00:23.3000000","diffPrevMs":200,"diffPrev":"00:00:00.2000000"},{"stageTimeId":76155,"stageId":1272,"entryId":20082,"elapsedDurationMs":130900,"elapsedDuration":"00:02:10.9000000","status":"Completed","source":"Default","position":46,"diffFirstMs":23600,"diffFirst":"00:00:23.6000000","diffPrevMs":300,"diffPrev":"00:00:00.3000000"},{"stageTimeId":76147,"stageId":1272,"entryId":20109,"elapsedDurationMs":131100,"elapsedDuration":"00:02:11.1000000","status":"Completed","source":"Default","position":47,"diffFirstMs":23800,"diffFirst":"00:00:23.8000000","diffPrevMs":200,"diffPrev":"00:00:00.2000000"},{"stageTimeId":76104,"stageId":1272,"entryId":20088,"elapsedDurationMs":131800,"elapsedDuration":"00:02:11.8000000","status":"Completed","source":"Default","position":48,"diffFirstMs":24500,"diffFirst":"00:00:24.5000000","diffPrevMs":700,"diffPrev":"00:00:00.7000000"},{"stageTimeId":76127,"stageId":1272,"entryId":20090,"elapsedDurationMs":132000,"elapsedDuration":"00:02:12","status":"Completed","source":"Default","position":49,"diffFirstMs":24700,"diffFirst":"00:00:24.7000000","diffPrevMs":200,"diffPrev":"00:00:00.2000000"},{"stageTimeId":76154,"stageId":1272,"entryId":20083,"elapsedDurationMs":132600,"elapsedDuration":"00:02:12.6000000","status":"Completed","source":"Default","position":50,"diffFirstMs":25300,"diffFirst":"00:00:25.3000000","diffPrevMs":600,"diffPrev":"00:00:00.6000000"},{"stageTimeId":76103,"stageId":1272,"entryId":20087,"elapsedDurationMs":133300,"elapsedDuration":"00:02:13.3000000","status":"Completed","source":"Default","position":51,"diffFirstMs":26000,"diffFirst":"00:00:26","diffPrevMs":700,"diffPrev":"00:00:00.7000000"},{"stageTimeId":76128,"stageId":1272,"entryId":20091,"elapsedDurationMs":133600,"elapsedDuration":"00:02:13.6000000","status":"Completed","source":"Default","position":52,"diffFirstMs":26300,"diffFirst":"00:00:26.3000000","diffPrevMs":300,"diffPrev":"00:00:00.3000000"},{"stageTimeId":76149,"stageId":1272,"entryId":20111,"elapsedDurationMs":134000,"elapsedDuration":"00:02:14","status":"Completed","source":"Default","position":53,"diffFirstMs":26700,"diffFirst":"00:00:26.7000000","diffPrevMs":400,"diffPrev":"00:00:00.4000000"},{"stageTimeId":76102,"stageId":1272,"entryId":20089,"elapsedDurationMs":134000,"elapsedDuration":"00:02:14","status":"Completed","source":"Default","position":54,"diffFirstMs":26700,"diffFirst":"00:00:26.7000000","diffPrevMs":0,"diffPrev":"00:00:00"},{"stageTimeId":76150,"stageId":1272,"entryId":20112,"elapsedDurationMs":134400,"elapsedDuration":"00:02:14.4000000","status":"Completed","source":"Default","position":55,"diffFirstMs":27100,"diffFirst":"00:00:27.1000000","diffPrevMs":400,"diffPrev":"00:00:00.4000000"},{"stageTimeId":76145,"stageId":1272,"entryId":20107,"elapsedDurationMs":135900,"elapsedDuration":"00:02:15.9000000","status":"Completed","source":"Default","position":56,"diffFirstMs":28600,"diffFirst":"00:00:28.6000000","diffPrevMs":1500,"diffPrev":"00:00:01.5000000"},{"stageTimeId":76148,"stageId":1272,"entryId":20110,"elapsedDurationMs":140800,"elapsedDuration":"00:02:20.8000000","status":"Completed","source":"Default","position":57,"diffFirstMs":33500,"diffFirst":"00:00:33.5000000","diffPrevMs":4900,"diffPrev":"00:00:04.9000000"},{"stageTimeId":76151,"stageId":1272,"entryId":20113,"elapsedDurationMs":141300,"elapsedDuration":"00:02:21.3000000","status":"Completed","source":"Default","position":58,"diffFirstMs":34000,"diffFirst":"00:00:34","diffPrevMs":500,"diffPrev":"00:00:00.5000000"},{"stageTimeId":76153,"stageId":1272,"entryId":20115,"elapsedDurationMs":151600,"elapsedDuration":"00:02:31.6000000","status":"Completed","source":"Default","position":59,"diffFirstMs":44300,"diffFirst":"00:00:44.3000000","diffPrevMs":10300,"diffPrev":"00:00:10.3000000"},{"stageTimeId":76106,"stageId":1272,"entryId":20116,"elapsedDurationMs":157600,"elapsedDuration":"00:02:37.6000000","status":"Completed","source":"Default","position":60,"diffFirstMs":50300,"diffFirst":"00:00:50.3000000","diffPrevMs":6000,"diffPrev":"00:00:06"},{"stageTimeId":76152,"stageId":1272,"entryId":20114,"elapsedDurationMs":158000,"elapsedDuration":"00:02:38","status":"Completed","source":"Default","position":61,"diffFirstMs":50700,"diffFirst":"00:00:50.7000000","diffPrevMs":400,"diffPrev":"00:00:00.4000000"}]