[{"entryId":20363,"stageTimeMs":167400,"stageTime":"PT2M47.4S","penaltyTimeMs":0,"penaltyTime":"PT0S","totalTimeMs":167400,"totalTime":"PT2M47.4S","position":1,"diffFirstMs":0,"diffFirst":"PT0S","diffPrevMs":0,"diffPrev":"PT0S"},{"entryId":20367,"stageTimeMs":169500,"stageTime":"PT2M49.5S","penaltyTimeMs":0,"penaltyTime":"PT0S","totalTimeMs":169500,"totalTime":"PT2M49.5S","position":2,"diffFirstMs":2100,"diffFirst":"PT2.1S","diffPrevMs":2100,"diffPrev":"PT2.1S"},{"entryId":20389,"stageTimeMs":170700,"stageTime":"PT2M50.7S","penaltyTimeMs":0,"penaltyTime":"PT0S","totalTimeMs":170700,"totalTime":"PT2M50.7S","position":3,"diffFirstMs":3300,"diffFirst":"PT3.3S","diffPrevMs":1200,"diffPrev":"PT1.2S"},{"entryId":20360,"stageTimeMs":171200,"stageTime":"PT2M51.2S","penaltyTimeMs":0,"penaltyTime":"PT0S","totalTimeMs":171200,"totalTime":"PT2M51.2S","position":4,"diffFirstMs":3800,"diffFirst":"PT3.8S","diffPrevMs":500,"diffPrev":"PT0.5S"},{"entryId":20370,"stageTimeMs":171500,"stageTime":"PT2M51.5S","penaltyTimeMs":0,"penaltyTime":"PT0S","totalTimeMs":171500,"totalTime":"PT2M51.5S","position":5,"diffFirstMs":4100,"diffFirst":"PT4.1S","diffPrevMs":300,"diffPrev":"PT0.3S"},{"entryId":20362,"stageTimeMs":172100,"stageTime":"PT2M52.1S","penaltyTimeMs":0,"penaltyTime":"PT0S","totalTimeMs":172100,"totalTime":"PT2M52.1S","position":6,"diffFirstMs":4700,"diffFirst":"PT4.7S","diffPrevMs":600,"diffPrev":"PT0.6S"},{"entryId":20405,"stageTimeMs":172800,"stageTime":"PT2M52.8S","penaltyTimeMs":0,"penaltyTime":"PT0S","totalTimeMs":172800,"totalTime":"PT2M52.8S","position":7,"diffFirstMs":5400,"diffFirst":"PT5.4S","diffPrevMs":700,"diffPrev":"PT0.7S"},{"entryId":20366,"stageTimeMs":173100,"stageTime":"PT2M53.1S","penaltyTimeMs":0,"penaltyTime":"PT0S","totalTimeMs":173100,"totalTime":"PT2M53.1S","position":8,"diffFirstMs":5700,"diffFirst":"PT5.7S","diffPrevMs":300,"diffPrev":"PT0.3S"},{"entryId":20371,"stageTimeMs":173200,"stageTime":"PT2M53.2S","penaltyTimeMs":0,"penaltyTime":"PT0S","totalTimeMs":173200,"totalTime":"PT2M53.2S","position":9,"diffFirstMs":5800,"diffFirst":"PT5.8S","diffPrevMs":100,"diffPrev":"PT0.1S"},{"entryId":20379,"stageTimeMs":173500,"stageTime":"PT2M53.5S","penaltyTimeMs":0,"penaltyTime":"PT0S","totalTimeMs":173500,"totalTime":"PT2M53.5S","position":10,"diffFirstMs":6100,"diffFirst":"PT6.1S","diffPrevMs":300,"diffPrev":"PT0.3S"},{"entryId":20369,"stageTimeMs":175600,"stageTime":"PT2M55.6S","penaltyTimeMs":0,"penaltyTime":"PT0S","totalTimeMs":175600,"totalTime":"PT2M55.6S","position":11,"diffFirstMs":8200,"diffFirst":"PT8.2S","diffPrevMs":2100,"diffPrev":"PT2.1S"},{"entryId":20364,"stageTimeMs":175700,"stageTime":"PT2M55.7S","penaltyTimeMs":0,"penaltyTime":"PT0S","totalTimeMs":175700,"totalTime":"PT2M55.7S","position":12,"diffFirstMs":8300,"diffFirst":"PT8.3S","diffPrevMs":100,"diffPrev":"PT0.1S"},{"entryId":20365,"stageTimeMs":176200,"stageTime":"PT2M56.2S","penaltyTimeMs":0,"penaltyTime":"PT0S","totalTimeMs":176200,"totalTime":"PT2M56.2S","position":13,"diffFirstMs":8800,"diffFirst":"PT8.8S","diffPrevMs":500,"diffPrev":"PT0.5S"},{"entryId":20403,"stageTimeMs":176300,"stageTime":"PT2M56.3S","penaltyTimeMs":0,"penaltyTime":"PT0S","totalTimeMs":176300,"totalTime":"PT2M56.3S","position":14,"diffFirstMs":8900,"diffFirst":"PT8.9S","diffPrevMs":100,"diffPrev":"PT0.1S"},{"entryId":20404,"stageTimeMs":176300,"stageTime":"PT2M56.3S","penaltyTimeMs":0,"penaltyTime":"PT0S","totalTimeMs":176300,"totalTime":"PT2M56.3S","position":15,"diffFirstMs":8900,"diffFirst":"PT8.9S","diffPrevMs":0,"diffPrev":"PT0S"},{"entryId":20385,"stageTimeMs":176500,"stageTime":"PT2M56.5S","penaltyTimeMs":0,"penaltyTime":"PT0S","totalTimeMs":176500,"totalTime":"PT2M56.5S","position":16,"diffFirstMs":9100,"diffFirst":"PT9.1S","diffPrevMs":200,"diffPrev":"PT0.2S"},{"entryId":20373,"stageTimeMs":176700,"stageTime":"PT2M56.7S","penaltyTimeMs":0,"penaltyTime":"PT0S","totalTimeMs":176700,"totalTime":"PT2M56.7S","position":17,"diffFirstMs":9300,"diffFirst":"PT9.3S","diffPrevMs":200,"diffPrev":"PT0.2S"},{"entryId":20377,"stageTimeMs":177200,"stageTime":"PT2M57.2S","penaltyTimeMs":0,"penaltyTime":"PT0S","totalTimeMs":177200,"totalTime":"PT2M57.2S","position":18,"diffFirstMs":9800,"diffFirst":"PT9.8S","diffPrevMs":500,"diffPrev":"PT0.5S"},{"entryId":20387,"stageTimeMs":177500,"stageTime":"PT2M57.5S","penaltyTimeMs":0,"penaltyTime":"PT0S","totalTimeMs":177500,"totalTime":"PT2M57.5S","position":19,"diffFirstMs":10100,"diffFirst":"PT10.1S","diffPrevMs":300,"diffPrev":"PT0.3S"},{"entryId":20361,"stageTimeMs":177900,"stageTime":"PT2M57.9S","penaltyTimeMs":0,"penaltyTime":"PT0S","totalTimeMs":177900,"totalTime":"PT2M57.9S","position":20,"diffFirstMs":10500,"diffFirst":"PT10.5S","diffPrevMs":400,"diffPrev":"PT0.4S"},{"entryId":20372,"stageTimeMs":178600,"stageTime":"PT2M58.6S","penaltyTimeMs":0,"penaltyTime":"PT0S","totalTimeMs":178600,"totalTime":"PT2M58.6S","position":21,"diffFirstMs":11200,"diffFirst":"PT11.2S","diffPrevMs":700,"diffPrev":"PT0.7S"},{"entryId":20368,"stageTimeMs":179400,"stageTime":"PT2M59.4S","penaltyTimeMs":0,"penaltyTime":"PT0S","totalTimeMs":179400,"totalTime":"PT2M59.4S","position":22,"diffFirstMs":12000,"diffFirst":"PT12S","diffPrevMs":800,"diffPrev":"PT0.8S"},{"entryId":20374,"stageTimeMs":179500,"stageTime":"PT2M59.5S","penaltyTimeMs":0,"penaltyTime":"PT0S","totalTimeMs":179500,"totalTime":"PT2M59.5S","position":23,"diffFirstMs":12100,"diffFirst":"PT12.1S","diffPrevMs":100,"diffPrev":"PT0.1S"},{"entryId":20375,"stageTimeMs":179800,"stageTime":"PT2M59.8S","penaltyTimeMs":0,"penaltyTime":"PT0S","totalTimeMs":179800,"totalTime":"PT2M59.8S","position":24,"diffFirstMs":12400,"diffFirst":"PT12.4S","diffPrevMs":300,"diffPrev":"PT0.3S"},{"entryId":20383,"stageTimeMs":180100,"stageTime":"PT3M0.1S","penaltyTimeMs":0,"penaltyTime":"PT0S","totalTimeMs":180100,"totalTime":"PT3M0.1S","position":25,"diffFirstMs":12700,"diffFirst":"PT12.7S","diffPrevMs":300,"diffPrev":"PT0.3S"},{"entryId":20381,"stageTimeMs":180400,"stageTime":"PT3M0.4S","penaltyTimeMs":0,"penaltyTime":"PT0S","totalTimeMs":180400,"totalTime":"PT3M0.4S","position":26,"diffFirstMs":13000,"diffFirst":"PT13S","diffPrevMs":300,"diffPrev":"PT0.3S"},{"entryId":20388,"stageTimeMs":181100,"stageTime":"PT3M1.1S","penaltyTimeMs":0,"penaltyTime":"PT0S","totalTimeMs":181100,"totalTime":"PT3M1.1S","position":27,"diffFirstMs":13700,"diffFirst":"PT13.7S","diffPrevMs":700,"diffPrev":"PT0.7S"},{"entryId":20390,"stageTimeMs":181200,"stageTime":"PT3M1.2S","penaltyTimeMs":0,"penaltyTime":"PT0S","totalTimeMs":181200,"totalTime":"PT3M1.2S","position":28,"diffFirstMs":13800,"diffFirst":"PT13.8S","diffPrevMs":100,"diffPrev":"PT0.1S"},{"entryId":20376,"stageTimeMs":181400,"stageTime":"PT3M1.4S","penaltyTimeMs":0,"penaltyTime":"PT0S","totalTimeMs":181400,"totalTime":"PT3M1.4S","position":29,"diffFirstMs":14000,"diffFirst":"PT14S","diffPrevMs":200,"diffPrev":"PT0.2S"},{"entryId":20378,"stageTimeMs":183100,"stageTime":"PT3M3.1S","penaltyTimeMs":0,"penaltyTime":"PT0S","totalTimeMs":183100,"totalTime":"PT3M3.1S","position":30,"diffFirstMs":15700,"diffFirst":"PT15.7S","diffPrevMs":1700,"diffPrev":"PT1.7S"},{"entryId":20380,"stageTimeMs":184700,"stageTime":"PT3M4.7S","penaltyTimeMs":0,"penaltyTime":"PT0S","totalTimeMs":184700,"totalTime":"PT3M4.7S","position":31,"diffFirstMs":17300,"diffFirst":"PT17.3S","diffPrevMs":1600,"diffPrev":"PT1.6S"},{"entryId":20406,"stageTimeMs":185800,"stageTime":"PT3M5.8S","penaltyTimeMs":0,"penaltyTime":"PT0S","totalTimeMs":185800,"totalTime":"PT3M5.8S","position":32,"diffFirstMs":18400,"diffFirst":"PT18.4S","diffPrevMs":1100,"diffPrev":"PT1.1S"},{"entryId":20407,"stageTimeMs":186300,"stageTime":"PT3M6.3S","penaltyTimeMs":0,"penaltyTime":"PT0S","totalTimeMs":186300,"totalTime":"PT3M6.3S","position":33,"diffFirstMs":18900,"diffFirst":"PT18.9S","diffPrevMs":500,"diffPrev":"PT0.5S"},{"entryId":20394,"stageTimeMs":187000,"stageTime":"PT3M7S","penaltyTimeMs":0,"penaltyTime":"PT0S","totalTimeMs":187000,"totalTime":"PT3M7S","position":34,"diffFirstMs":19600,"diffFirst":"PT19.6S","diffPrevMs":700,"diffPrev":"PT0.7S"},{"entryId":20392,"stageTimeMs":189900,"stageTime":"PT3M9.9S","penaltyTimeMs":0,"penaltyTime":"PT0S","totalTimeMs":189900,"totalTime":"PT3M9.9S","position":35,"diffFirstMs":22500,"diffFirst":"PT22.5S","diffPrevMs":2900,"diffPrev":"PT2.9S"},{"entryId":20398,"stageTimeMs":190500,"stageTime":"PT3M10.5S","penaltyTimeMs":0,"penaltyTime":"PT0S","totalTimeMs":190500,"totalTime":"PT3M10.5S","position":36,"diffFirstMs":23100,"diffFirst":"PT23.1S","diffPrevMs":600,"diffPrev":"PT0.6S"},{"entryId":20397,"stageTimeMs":190500,"stageTime":"PT3M10.5S","penaltyTimeMs":0,"penaltyTime":"PT0S","totalTimeMs":190500,"totalTime":"PT3M10.5S","position":37,"diffFirstMs":23100,"diffFirst":"PT23.1S","diffPrevMs":0,"diffPrev":"PT0S"},{"entryId":20393,"stageTimeMs":191800,"stageTime":"PT3M11.8S","penaltyTimeMs":0,"penaltyTime":"PT0S","totalTimeMs":191800,"totalTime":"PT3M11.8S","position":38,"diffFirstMs":24400,"diffFirst":"PT24.4S","diffPrevMs":1300,"diffPrev":"PT1.3S"},{"entryId":20395,"stageTimeMs":195400,"stageTime":"PT3M15.4S","penaltyTimeMs":0,"penaltyTime":"PT0S","totalTimeMs":195400,"totalTime":"PT3M15.4S","position":39,"diffFirstMs":28000,"diffFirst":"PT28S","diffPrevMs":3600,"diffPrev":"PT3.6S"},{"entryId":20399,"stageTimeMs":196100,"stageTime":"PT3M16.1S","penaltyTimeMs":0,"penaltyTime":"PT0S","totalTimeMs":196100,"totalTime":"PT3M16.1S","position":40,"diffFirstMs":28700,"diffFirst":"PT28.7S","diffPrevMs":700,"diffPrev":"PT0.7S"},{"entryId":20396,"stageTimeMs":198100,"stageTime":"PT3M18.1S","penaltyTimeMs":0,"penaltyTime":"PT0S","totalTimeMs":198100,"totalTime":"PT3M18.1S","position":41,"diffFirstMs":30700,"diffFirst":"PT30.7S","diffPrevMs":2000,"diffPrev":"PT2S"},{"entryId":20414,"stageTimeMs":201400,"stageTime":"PT3M21.4S","penaltyTimeMs":0,"penaltyTime":"PT0S","totalTimeMs":201400,"totalTime":"PT3M21.4S","position":42,"diffFirstMs":34000,"diffFirst":"PT34S","diffPrevMs":3300,"diffPrev":"PT3.3S"},{"entryId":20415,"stageTimeMs":191900,"stageTime":"PT3M11.9S","penaltyTimeMs":10000,"penaltyTime":"PT10S","totalTimeMs":201900,"totalTime":"PT3M21.9S","position":43,"diffFirstMs":34500,"diffFirst":"PT34.5S","diffPrevMs":500,"diffPrev":"PT0.5S"},{"entryId":20401,"stageTimeMs":205400,"stageTime":"PT3M25.4S","penaltyTimeMs":0,"penaltyTime":"PT0S","totalTimeMs":205400,"totalTime":"PT3M25.4S","position":44,"diffFirstMs":38000,"diffFirst":"PT38S","diffPrevMs":3500,"diffPrev":"PT3.5S"},{"entryId":20384,"stageTimeMs":211500,"stageTime":"PT3M31.5S","penaltyTimeMs":0,"penaltyTime":"PT0S","totalTimeMs":211500,"totalTime":"PT3M31.5S","position":45,"diffFirstMs":44100,"diffFirst":"PT44.1S","diffPrevMs":6100,"diffPrev":"PT6.1S"},{"entryId":20416,"stageTimeMs":206500,"stageTime":"PT3M26.5S","penaltyTimeMs":10000,"penaltyTime":"PT10S","totalTimeMs":216500,"totalTime":"PT3M36.5S","position":46,"diffFirstMs":49100,"diffFirst":"PT49.1S","diffPrevMs":5000,"diffPrev":"PT5S"},{"entryId":20408,"stageTimeMs":197300,"stageTime":"PT3M17.3S","penaltyTimeMs":20000,"penaltyTime":"PT20S","totalTimeMs":217300,"totalTime":"PT3M37.3S","position":47,"diffFirstMs":49900,"diffFirst":"PT49.9S","diffPrevMs":800,"diffPrev":"PT0.8S"},{"entryId":20402,"stageTimeMs":223900,"stageTime":"PT3M43.9S","penaltyTimeMs":0,"penaltyTime":"PT0S","totalTimeMs":223900,"totalTime":"PT3M43.9S","position":48,"diffFirstMs":56500,"diffFirst":"PT56.5S","diffPrevMs":6600,"diffPrev":"PT6.6S"},{"entryId":20412,"stageTimeMs":192100,"stageTime":"PT3M12.1S","penaltyTimeMs":40000,"penaltyTime":"PT40S","totalTimeMs":232100,"totalTime":"PT3M52.1S","position":49,"diffFirstMs":64700,"diffFirst":"PT1M4.7S","diffPrevMs":8200,"diffPrev":"PT8.2S"},{"entryId":20409,"stageTimeMs":189900,"stageTime":"PT3M9.9S","penaltyTimeMs":60000,"penaltyTime":"PT1M","totalTimeMs":249900,"totalTime":"PT4M9.9S","position":50,"diffFirstMs":82500,"diffFirst":"PT1M22.5S","diffPrevMs":17800,"diffPrev":"PT17.8S"},{"entryId":20413,"stageTimeMs":233800,"stageTime":"PT3M53.8S","penaltyTimeMs":40000,"penaltyTime":"PT40S","totalTimeMs":273800,"totalTime":"PT4M33.8S","position":51,"diffFirstMs":106400,"diffFirst":"PT1M46.4S","diffPrevMs":23900,"diffPrev":"PT23.9S"},{"entryId":20417,"stageTimeMs":241400,"stageTime":"PT4M1.4S","penaltyTimeMs":70000,"penaltyTime":"PT1M10S","totalTimeMs":311400,"totalTime":"PT5M11.4S","position":52,"diffFirstMs":144000,"diffFirst":"PT2M24S","diffPrevMs":37600,"diffPrev":"PT37.6S"}]