[{"entryId":19180,"stageTimeMs":13028000,"stageTime":"PT3H37M8S","penaltyTimeMs":0,"penaltyTime":"PT0S","totalTimeMs":13028000,"totalTime":"PT3H37M8S","position":1,"diffFirstMs":0,"diffFirst":"PT0S","diffPrevMs":0,"diffPrev":"PT0S"},{"entryId":19185,"stageTimeMs":13058200,"stageTime":"PT3H37M38.2S","penaltyTimeMs":0,"penaltyTime":"PT0S","totalTimeMs":13058200,"totalTime":"PT3H37M38.2S","position":2,"diffFirstMs":30200,"diffFirst":"PT30.2S","diffPrevMs":30200,"diffPrev":"PT30.2S"},{"entryId":19188,"stageTimeMs":13067900,"stageTime":"PT3H37M47.9S","penaltyTimeMs":10000,"penaltyTime":"PT10S","totalTimeMs":13077900,"totalTime":"PT3H37M57.9S","position":3,"diffFirstMs":49900,"diffFirst":"PT49.9S","diffPrevMs":19700,"diffPrev":"PT19.7S"},{"entryId":19187,"stageTimeMs":13115000,"stageTime":"PT3H38M35S","penaltyTimeMs":0,"penaltyTime":"PT0S","totalTimeMs":13115000,"totalTime":"PT3H38M35S","position":4,"diffFirstMs":87000,"diffFirst":"PT1M27S","diffPrevMs":37100,"diffPrev":"PT37.1S"},{"entryId":19183,"stageTimeMs":13394200,"stageTime":"PT3H43M14.2S","penaltyTimeMs":0,"penaltyTime":"PT0S","totalTimeMs":13394200,"totalTime":"PT3H43M14.2S","position":5,"diffFirstMs":366200,"diffFirst":"PT6M6.2S","diffPrevMs":279200,"diffPrev":"PT4M39.2S"},{"entryId":19191,"stageTimeMs":13963500,"stageTime":"PT3H52M43.5S","penaltyTimeMs":0,"penaltyTime":"PT0S","totalTimeMs":13963500,"totalTime":"PT3H52M43.5S","position":6,"diffFirstMs":935500,"diffFirst":"PT15M35.5S","diffPrevMs":569300,"diffPrev":"PT9M29.3S"},{"entryId":19192,"stageTimeMs":14149500,"stageTime":"PT3H55M49.5S","penaltyTimeMs":10000,"penaltyTime":"PT10S","totalTimeMs":14159500,"totalTime":"PT3H55M59.5S","position":7,"diffFirstMs":1131500,"diffFirst":"PT18M51.5S","diffPrevMs":196000,"diffPrev":"PT3M16S"},{"entryId":19186,"stageTimeMs":13913900,"stageTime":"PT3H51M53.9S","penaltyTimeMs":250000,"penaltyTime":"PT4M10S","totalTimeMs":14163900,"totalTime":"PT3H56M3.9S","position":8,"diffFirstMs":1135900,"diffFirst":"PT18M55.9S","diffPrevMs":4400,"diffPrev":"PT4.4S"},{"entryId":19184,"stageTimeMs":14382100,"stageTime":"PT3H59M42.1S","penaltyTimeMs":10000,"penaltyTime":"PT10S","totalTimeMs":14392100,"totalTime":"PT3H59M52.1S","position":9,"diffFirstMs":1364100,"diffFirst":"PT22M44.1S","diffPrevMs":228200,"diffPrev":"PT3M48.2S"},{"entryId":19195,"stageTimeMs":14539700,"stageTime":"PT4H2M19.7S","penaltyTimeMs":70000,"penaltyTime":"PT1M10S","totalTimeMs":14609700,"totalTime":"PT4H3M29.7S","position":10,"diffFirstMs":1581700,"diffFirst":"PT26M21.7S","diffPrevMs":217600,"diffPrev":"PT3M37.6S"},{"entryId":19190,"stageTimeMs":15741100,"stageTime":"PT4H22M21.1S","penaltyTimeMs":10000,"penaltyTime":"PT10S","totalTimeMs":15751100,"totalTime":"PT4H22M31.1S","position":11,"diffFirstMs":2723100,"diffFirst":"PT45M23.1S","diffPrevMs":1141400,"diffPrev":"PT19M1.4S"},{"entryId":19194,"stageTimeMs":16190200,"stageTime":"PT4H29M50.2S","penaltyTimeMs":0,"penaltyTime":"PT0S","totalTimeMs":16190200,"totalTime":"PT4H29M50.2S","position":12,"diffFirstMs":3162200,"diffFirst":"PT52M42.2S","diffPrevMs":439100,"diffPrev":"PT7M19.1S"},{"entryId":19182,"stageTimeMs":16848500,"stageTime":"PT4H40M48.5S","penaltyTimeMs":0,"penaltyTime":"PT0S","totalTimeMs":16848500,"totalTime":"PT4H40M48.5S","position":13,"diffFirstMs":3820500,"diffFirst":"PT1H3M40.5S","diffPrevMs":658300,"diffPrev":"PT10M58.3S"},{"entryId":19200,"stageTimeMs":18885100,"stageTime":"PT5H14M45.1S","penaltyTimeMs":120000,"penaltyTime":"PT2M","totalTimeMs":19005100,"totalTime":"PT5H16M45.1S","position":14,"diffFirstMs":5977100,"diffFirst":"PT1H39M37.1S","diffPrevMs":2156600,"diffPrev":"PT35M56.6S"},{"entryId":19201,"stageTimeMs":19766400,"stageTime":"PT5H29M26.4S","penaltyTimeMs":0,"penaltyTime":"PT0S","totalTimeMs":19766400,"totalTime":"PT5H29M26.4S","position":15,"diffFirstMs":6738400,"diffFirst":"PT1H52M18.4S","diffPrevMs":761300,"diffPrev":"PT12M41.3S"}]