{"splitPoints":[{"splitPointId":1997,"stageId":927,"number":2,"distance":13.51},{"splitPointId":1999,"stageId":927,"number":1,"distance":7.44},{"splitPointId":2001,"stageId":927,"number":3,"distance":19.76}],"controls":[{"controlId":3934,"eventId":80,"stageId":927,"type":"TimeControl","code":"TC19","location":"Sauz Seco","timingPrecision":"Minute","distance":21.02,"targetDuration":"00:45:00","targetDurationMs":2700000,"firstCarDueDateTime":"2019-03-10T15:00:00","firstCarDueDateTimeLocal":"2019-03-10T09:00:00-06:00","status":"Completed","controlPenalties":"All","roundingPolicy":"NoRounding","locked":false},{"controlId":3935,"eventId":80,"stageId":927,"type":"StageStart","code":"SS19","location":"Alfaro","timingPrecision":"Minute","distance":24.38,"targetDuration":"00:03:00","targetDurationMs":180000,"firstCarDueDateTime":"2019-03-10T15:03:00","firstCarDueDateTimeLocal":"2019-03-10T09:03:00-06:00","status":"Completed","controlPenalties":"None","roundingPolicy":"RoundToClosestMinute","locked":false},{"controlId":3936,"eventId":80,"stageId":927,"type":"FlyingFinish","code":"SF19","location":"Alfaro","timingPrecision":"Tenth","distance":null,"targetDuration":null,"targetDurationMs":null,"firstCarDueDateTime":null,"firstCarDueDateTimeLocal":null,"status":"Completed","controlPenalties":"None","roundingPolicy":"NoRounding","locked":false}],"stageId":927,"eventId":80,"number":19,"name":"Alfaro","distance":21.0,"status":"Completed","stageType":"SpecialStage","timingPrecision":"Tenth","locked":false,"code":"SS19"}