{"splitPoints":[{"splitPointId":1800,"stageId":886,"number":1,"distance":4.35},{"splitPointId":1802,"stageId":886,"number":2,"distance":8.0},{"splitPointId":1803,"stageId":886,"number":3,"distance":12.58},{"splitPointId":1804,"stageId":886,"number":4,"distance":15.11},{"splitPointId":1805,"stageId":886,"number":5,"distance":18.75},{"splitPointId":1806,"stageId":886,"number":6,"distance":21.17}],"controls":[{"controlId":3730,"eventId":78,"stageId":886,"type":"StageStart","code":"SS4","location":"ROUSSIEUX - LABOREL 1","timingPrecision":"Minute","distance":24.05,"targetDuration":"00:03:00","targetDurationMs":180000,"firstCarDueDateTime":"2019-01-25T09:14:00","firstCarDueDateTimeLocal":"2019-01-25T10:14:00+01:00","status":"Interrupted","controlPenalties":"None","roundingPolicy":"RoundToClosestMinute","locked":false},{"controlId":3731,"eventId":78,"stageId":886,"type":"FlyingFinish","code":"SF4","location":"ROUSSIEUX - LABOREL 1","timingPrecision":"Tenth","distance":null,"targetDuration":null,"targetDurationMs":null,"firstCarDueDateTime":null,"firstCarDueDateTimeLocal":null,"status":"Interrupted","controlPenalties":"None","roundingPolicy":"NoRounding","locked":false},{"controlId":3739,"eventId":78,"stageId":886,"type":"TimeControl","code":"TC4","location":"ROUSSIEUX","timingPrecision":"Minute","distance":33.16,"targetDuration":"01:00:00","targetDurationMs":3600000,"firstCarDueDateTime":"2019-01-25T09:11:00","firstCarDueDateTimeLocal":"2019-01-25T10:11:00+01:00","status":"Completed","controlPenalties":"All","roundingPolicy":"NoRounding","locked":false}],"stageId":886,"eventId":78,"number":4,"name":"ROUSSIEUX - LABOREL 1","distance":24.05,"status":"Interrupted","stageType":"SpecialStage","timingPrecision":"Tenth","locked":false,"code":"SS4"}