{"splitPoints":[{"splitPointId":2972,"stageId":1417,"number":1,"distance":4.07},{"splitPointId":2973,"stageId":1417,"number":2,"distance":7.8}],"controls":[{"controlId":6071,"eventId":89,"stageId":1417,"type":"FlyingFinish","code":"SF18","location":"Alwen 1","timingPrecision":"Tenth","distance":null,"targetDuration":null,"targetDurationMs":null,"firstCarDueDateTime":null,"firstCarDueDateTimeLocal":null,"status":"Completed","controlPenalties":"None","roundingPolicy":"NoRounding","locked":true},{"controlId":6072,"eventId":89,"stageId":1417,"type":"StageStart","code":"SS18","location":"Alwen 1","timingPrecision":"Minute","distance":10.41,"targetDuration":"00:03:00","targetDurationMs":180000,"firstCarDueDateTime":"2019-10-06T06:28:00","firstCarDueDateTimeLocal":"2019-10-06T07:28:00+01:00","status":"Completed","controlPenalties":"None","roundingPolicy":"RoundToClosestMinute","locked":true},{"controlId":6073,"eventId":89,"stageId":1417,"type":"TimeControl","code":"TC18","location":"Alwen","timingPrecision":"Minute","distance":54.01,"targetDuration":"01:08:00","targetDurationMs":4080000,"firstCarDueDateTime":"2019-10-06T06:25:00","firstCarDueDateTimeLocal":"2019-10-06T07:25:00+01:00","status":"Completed","controlPenalties":"All","roundingPolicy":"NoRounding","locked":true}],"stageId":1417,"eventId":89,"number":18,"name":"Alwen 1","distance":10.41,"status":"Completed","stageType":"SpecialStage","timingPrecision":"Tenth","locked":true,"code":"SS18"}