{"splitPoints":[{"splitPointId":2919,"stageId":1420,"number":2,"distance":9.21},{"splitPointId":2922,"stageId":1420,"number":1,"distance":5.77},{"splitPointId":2924,"stageId":1420,"number":3,"distance":13.7}],"controls":[{"controlId":6085,"eventId":89,"stageId":1420,"type":"TimeControl","code":"TC3","location":"Penmachno","timingPrecision":"Minute","distance":6.61,"targetDuration":"00:25:00","targetDurationMs":1500000,"firstCarDueDateTime":"2019-10-04T06:43:00","firstCarDueDateTimeLocal":"2019-10-04T07:43:00+01:00","status":"Completed","controlPenalties":"All","roundingPolicy":"NoRounding","locked":true},{"controlId":6086,"eventId":89,"stageId":1420,"type":"StageStart","code":"SS3","location":"Penmachno 1","timingPrecision":"Minute","distance":16.19,"targetDuration":"00:03:00","targetDurationMs":180000,"firstCarDueDateTime":"2019-10-04T06:46:00","firstCarDueDateTimeLocal":"2019-10-04T07:46:00+01:00","status":"Completed","controlPenalties":"None","roundingPolicy":"RoundToClosestMinute","locked":true},{"controlId":6087,"eventId":89,"stageId":1420,"type":"FlyingFinish","code":"SF3","location":"Penmachno 1","timingPrecision":"Tenth","distance":null,"targetDuration":null,"targetDurationMs":null,"firstCarDueDateTime":null,"firstCarDueDateTimeLocal":null,"status":"Completed","controlPenalties":"None","roundingPolicy":"NoRounding","locked":true}],"stageId":1420,"eventId":89,"number":3,"name":"Penmachno 1","distance":16.19,"status":"Completed","stageType":"SpecialStage","timingPrecision":"Tenth","locked":true,"code":"SS3"}