[{"entryId":19714,"stageTimeMs":3650100,"stageTime":"PT1H50.1S","penaltyTimeMs":0,"penaltyTime":"PT0S","totalTimeMs":3650100,"totalTime":"PT1H50.1S","position":1,"diffFirstMs":0,"diffFirst":"PT0S","diffPrevMs":0,"diffPrev":"PT0S"},{"entryId":19720,"stageTimeMs":3665300,"stageTime":"PT1H1M5.3S","penaltyTimeMs":0,"penaltyTime":"PT0S","totalTimeMs":3665300,"totalTime":"PT1H1M5.3S","position":2,"diffFirstMs":15200,"diffFirst":"PT15.2S","diffPrevMs":15200,"diffPrev":"PT15.2S"},{"entryId":19716,"stageTimeMs":3671800,"stageTime":"PT1H1M11.8S","penaltyTimeMs":0,"penaltyTime":"PT0S","totalTimeMs":3671800,"totalTime":"PT1H1M11.8S","position":3,"diffFirstMs":21700,"diffFirst":"PT21.7S","diffPrevMs":6500,"diffPrev":"PT6.5S"},{"entryId":19715,"stageTimeMs":3675400,"stageTime":"PT1H1M15.4S","penaltyTimeMs":0,"penaltyTime":"PT0S","totalTimeMs":3675400,"totalTime":"PT1H1M15.4S","position":4,"diffFirstMs":25300,"diffFirst":"PT25.3S","diffPrevMs":3600,"diffPrev":"PT3.6S"},{"entryId":19713,"stageTimeMs":3676100,"stageTime":"PT1H1M16.1S","penaltyTimeMs":0,"penaltyTime":"PT0S","totalTimeMs":3676100,"totalTime":"PT1H1M16.1S","position":5,"diffFirstMs":26000,"diffFirst":"PT26S","diffPrevMs":700,"diffPrev":"PT0.7S"},{"entryId":19721,"stageTimeMs":3720600,"stageTime":"PT1H2M0.6S","penaltyTimeMs":0,"penaltyTime":"PT0S","totalTimeMs":3720600,"totalTime":"PT1H2M0.6S","position":6,"diffFirstMs":70500,"diffFirst":"PT1M10.5S","diffPrevMs":44500,"diffPrev":"PT44.5S"},{"entryId":19723,"stageTimeMs":3729600,"stageTime":"PT1H2M9.6S","penaltyTimeMs":0,"penaltyTime":"PT0S","totalTimeMs":3729600,"totalTime":"PT1H2M9.6S","position":7,"diffFirstMs":79500,"diffFirst":"PT1M19.5S","diffPrevMs":9000,"diffPrev":"PT9S"},{"entryId":19719,"stageTimeMs":3733500,"stageTime":"PT1H2M13.5S","penaltyTimeMs":0,"penaltyTime":"PT0S","totalTimeMs":3733500,"totalTime":"PT1H2M13.5S","position":8,"diffFirstMs":83400,"diffFirst":"PT1M23.4S","diffPrevMs":3900,"diffPrev":"PT3.9S"},{"entryId":19730,"stageTimeMs":3868700,"stageTime":"PT1H4M28.7S","penaltyTimeMs":0,"penaltyTime":"PT0S","totalTimeMs":3868700,"totalTime":"PT1H4M28.7S","position":9,"diffFirstMs":218600,"diffFirst":"PT3M38.6S","diffPrevMs":135200,"diffPrev":"PT2M15.2S"},{"entryId":19727,"stageTimeMs":3872900,"stageTime":"PT1H4M32.9S","penaltyTimeMs":0,"penaltyTime":"PT0S","totalTimeMs":3872900,"totalTime":"PT1H4M32.9S","position":10,"diffFirstMs":222800,"diffFirst":"PT3M42.8S","diffPrevMs":4200,"diffPrev":"PT4.2S"},{"entryId":19726,"stageTimeMs":3878300,"stageTime":"PT1H4M38.3S","penaltyTimeMs":0,"penaltyTime":"PT0S","totalTimeMs":3878300,"totalTime":"PT1H4M38.3S","position":11,"diffFirstMs":228200,"diffFirst":"PT3M48.2S","diffPrevMs":5400,"diffPrev":"PT5.4S"},{"entryId":19737,"stageTimeMs":3885200,"stageTime":"PT1H4M45.2S","penaltyTimeMs":0,"penaltyTime":"PT0S","totalTimeMs":3885200,"totalTime":"PT1H4M45.2S","position":12,"diffFirstMs":235100,"diffFirst":"PT3M55.1S","diffPrevMs":6900,"diffPrev":"PT6.9S"},{"entryId":19731,"stageTimeMs":3894100,"stageTime":"PT1H4M54.1S","penaltyTimeMs":0,"penaltyTime":"PT0S","totalTimeMs":3894100,"totalTime":"PT1H4M54.1S","position":13,"diffFirstMs":244000,"diffFirst":"PT4M4S","diffPrevMs":8900,"diffPrev":"PT8.9S"},{"entryId":19742,"stageTimeMs":3903400,"stageTime":"PT1H5M3.4S","penaltyTimeMs":0,"penaltyTime":"PT0S","totalTimeMs":3903400,"totalTime":"PT1H5M3.4S","position":14,"diffFirstMs":253300,"diffFirst":"PT4M13.3S","diffPrevMs":9300,"diffPrev":"PT9.3S"},{"entryId":19729,"stageTimeMs":3911600,"stageTime":"PT1H5M11.6S","penaltyTimeMs":0,"penaltyTime":"PT0S","totalTimeMs":3911600,"totalTime":"PT1H5M11.6S","position":15,"diffFirstMs":261500,"diffFirst":"PT4M21.5S","diffPrevMs":8200,"diffPrev":"PT8.2S"},{"entryId":19717,"stageTimeMs":3919700,"stageTime":"PT1H5M19.7S","penaltyTimeMs":0,"penaltyTime":"PT0S","totalTimeMs":3919700,"totalTime":"PT1H5M19.7S","position":16,"diffFirstMs":269600,"diffFirst":"PT4M29.6S","diffPrevMs":8100,"diffPrev":"PT8.1S"},{"entryId":19733,"stageTimeMs":3931900,"stageTime":"PT1H5M31.9S","penaltyTimeMs":0,"penaltyTime":"PT0S","totalTimeMs":3931900,"totalTime":"PT1H5M31.9S","position":17,"diffFirstMs":281800,"diffFirst":"PT4M41.8S","diffPrevMs":12200,"diffPrev":"PT12.2S"},{"entryId":19735,"stageTimeMs":3946300,"stageTime":"PT1H5M46.3S","penaltyTimeMs":0,"penaltyTime":"PT0S","totalTimeMs":3946300,"totalTime":"PT1H5M46.3S","position":18,"diffFirstMs":296200,"diffFirst":"PT4M56.2S","diffPrevMs":14400,"diffPrev":"PT14.4S"},{"entryId":19732,"stageTimeMs":3962700,"stageTime":"PT1H6M2.7S","penaltyTimeMs":0,"penaltyTime":"PT0S","totalTimeMs":3962700,"totalTime":"PT1H6M2.7S","position":19,"diffFirstMs":312600,"diffFirst":"PT5M12.6S","diffPrevMs":16400,"diffPrev":"PT16.4S"},{"entryId":19728,"stageTimeMs":3953400,"stageTime":"PT1H5M53.4S","penaltyTimeMs":10000,"penaltyTime":"PT10S","totalTimeMs":3963400,"totalTime":"PT1H6M3.4S","position":20,"diffFirstMs":313300,"diffFirst":"PT5M13.3S","diffPrevMs":700,"diffPrev":"PT0.7S"},{"entryId":19725,"stageTimeMs":3981200,"stageTime":"PT1H6M21.2S","penaltyTimeMs":0,"penaltyTime":"PT0S","totalTimeMs":3981200,"totalTime":"PT1H6M21.2S","position":21,"diffFirstMs":331100,"diffFirst":"PT5M31.1S","diffPrevMs":17800,"diffPrev":"PT17.8S"},{"entryId":19741,"stageTimeMs":3989200,"stageTime":"PT1H6M29.2S","penaltyTimeMs":0,"penaltyTime":"PT0S","totalTimeMs":3989200,"totalTime":"PT1H6M29.2S","position":22,"diffFirstMs":339100,"diffFirst":"PT5M39.1S","diffPrevMs":8000,"diffPrev":"PT8S"},{"entryId":19734,"stageTimeMs":4005000,"stageTime":"PT1H6M45S","penaltyTimeMs":0,"penaltyTime":"PT0S","totalTimeMs":4005000,"totalTime":"PT1H6M45S","position":23,"diffFirstMs":354900,"diffFirst":"PT5M54.9S","diffPrevMs":15800,"diffPrev":"PT15.8S"},{"entryId":19738,"stageTimeMs":4028600,"stageTime":"PT1H7M8.6S","penaltyTimeMs":10000,"penaltyTime":"PT10S","totalTimeMs":4038600,"totalTime":"PT1H7M18.6S","position":24,"diffFirstMs":388500,"diffFirst":"PT6M28.5S","diffPrevMs":33600,"diffPrev":"PT33.6S"},{"entryId":19745,"stageTimeMs":4097400,"stageTime":"PT1H8M17.4S","penaltyTimeMs":0,"penaltyTime":"PT0S","totalTimeMs":4097400,"totalTime":"PT1H8M17.4S","position":25,"diffFirstMs":447300,"diffFirst":"PT7M27.3S","diffPrevMs":58800,"diffPrev":"PT58.8S"},{"entryId":19739,"stageTimeMs":4102200,"stageTime":"PT1H8M22.2S","penaltyTimeMs":0,"penaltyTime":"PT0S","totalTimeMs":4102200,"totalTime":"PT1H8M22.2S","position":26,"diffFirstMs":452100,"diffFirst":"PT7M32.1S","diffPrevMs":4800,"diffPrev":"PT4.8S"},{"entryId":19747,"stageTimeMs":4160300,"stageTime":"PT1H9M20.3S","penaltyTimeMs":0,"penaltyTime":"PT0S","totalTimeMs":4160300,"totalTime":"PT1H9M20.3S","position":27,"diffFirstMs":510200,"diffFirst":"PT8M30.2S","diffPrevMs":58100,"diffPrev":"PT58.1S"},{"entryId":19752,"stageTimeMs":4197100,"stageTime":"PT1H9M57.1S","penaltyTimeMs":0,"penaltyTime":"PT0S","totalTimeMs":4197100,"totalTime":"PT1H9M57.1S","position":28,"diffFirstMs":547000,"diffFirst":"PT9M7S","diffPrevMs":36800,"diffPrev":"PT36.8S"},{"entryId":19743,"stageTimeMs":4199100,"stageTime":"PT1H9M59.1S","penaltyTimeMs":0,"penaltyTime":"PT0S","totalTimeMs":4199100,"totalTime":"PT1H9M59.1S","position":29,"diffFirstMs":549000,"diffFirst":"PT9M9S","diffPrevMs":2000,"diffPrev":"PT2S"},{"entryId":19749,"stageTimeMs":4223600,"stageTime":"PT1H10M23.6S","penaltyTimeMs":0,"penaltyTime":"PT0S","totalTimeMs":4223600,"totalTime":"PT1H10M23.6S","position":30,"diffFirstMs":573500,"diffFirst":"PT9M33.5S","diffPrevMs":24500,"diffPrev":"PT24.5S"},{"entryId":19748,"stageTimeMs":4229400,"stageTime":"PT1H10M29.4S","penaltyTimeMs":0,"penaltyTime":"PT0S","totalTimeMs":4229400,"totalTime":"PT1H10M29.4S","position":31,"diffFirstMs":579300,"diffFirst":"PT9M39.3S","diffPrevMs":5800,"diffPrev":"PT5.8S"},{"entryId":19736,"stageTimeMs":4347400,"stageTime":"PT1H12M27.4S","penaltyTimeMs":10000,"penaltyTime":"PT10S","totalTimeMs":4357400,"totalTime":"PT1H12M37.4S","position":32,"diffFirstMs":707300,"diffFirst":"PT11M47.3S","diffPrevMs":128000,"diffPrev":"PT2M8S"},{"entryId":19750,"stageTimeMs":4378700,"stageTime":"PT1H12M58.7S","penaltyTimeMs":0,"penaltyTime":"PT0S","totalTimeMs":4378700,"totalTime":"PT1H12M58.7S","position":33,"diffFirstMs":728600,"diffFirst":"PT12M8.6S","diffPrevMs":21300,"diffPrev":"PT21.3S"},{"entryId":19759,"stageTimeMs":4380200,"stageTime":"PT1H13M0.2S","penaltyTimeMs":0,"penaltyTime":"PT0S","totalTimeMs":4380200,"totalTime":"PT1H13M0.2S","position":34,"diffFirstMs":730100,"diffFirst":"PT12M10.1S","diffPrevMs":1500,"diffPrev":"PT1.5S"},{"entryId":19767,"stageTimeMs":4385800,"stageTime":"PT1H13M5.8S","penaltyTimeMs":0,"penaltyTime":"PT0S","totalTimeMs":4385800,"totalTime":"PT1H13M5.8S","position":35,"diffFirstMs":735700,"diffFirst":"PT12M15.7S","diffPrevMs":5600,"diffPrev":"PT5.6S"},{"entryId":19761,"stageTimeMs":4417200,"stageTime":"PT1H13M37.2S","penaltyTimeMs":0,"penaltyTime":"PT0S","totalTimeMs":4417200,"totalTime":"PT1H13M37.2S","position":36,"diffFirstMs":767100,"diffFirst":"PT12M47.1S","diffPrevMs":31400,"diffPrev":"PT31.4S"},{"entryId":19724,"stageTimeMs":4173200,"stageTime":"PT1H9M33.2S","penaltyTimeMs":250000,"penaltyTime":"PT4M10S","totalTimeMs":4423200,"totalTime":"PT1H13M43.2S","position":37,"diffFirstMs":773100,"diffFirst":"PT12M53.1S","diffPrevMs":6000,"diffPrev":"PT6S"},{"entryId":19770,"stageTimeMs":4434900,"stageTime":"PT1H13M54.9S","penaltyTimeMs":0,"penaltyTime":"PT0S","totalTimeMs":4434900,"totalTime":"PT1H13M54.9S","position":38,"diffFirstMs":784800,"diffFirst":"PT13M4.8S","diffPrevMs":11700,"diffPrev":"PT11.7S"},{"entryId":19744,"stageTimeMs":4342900,"stageTime":"PT1H12M22.9S","penaltyTimeMs":100000,"penaltyTime":"PT1M40S","totalTimeMs":4442900,"totalTime":"PT1H14M2.9S","position":39,"diffFirstMs":792800,"diffFirst":"PT13M12.8S","diffPrevMs":8000,"diffPrev":"PT8S"},{"entryId":19765,"stageTimeMs":4443300,"stageTime":"PT1H14M3.3S","penaltyTimeMs":0,"penaltyTime":"PT0S","totalTimeMs":4443300,"totalTime":"PT1H14M3.3S","position":40,"diffFirstMs":793200,"diffFirst":"PT13M13.2S","diffPrevMs":400,"diffPrev":"PT0.4S"},{"entryId":19768,"stageTimeMs":4471900,"stageTime":"PT1H14M31.9S","penaltyTimeMs":0,"penaltyTime":"PT0S","totalTimeMs":4471900,"totalTime":"PT1H14M31.9S","position":41,"diffFirstMs":821800,"diffFirst":"PT13M41.8S","diffPrevMs":28600,"diffPrev":"PT28.6S"},{"entryId":19758,"stageTimeMs":4507900,"stageTime":"PT1H15M7.9S","penaltyTimeMs":0,"penaltyTime":"PT0S","totalTimeMs":4507900,"totalTime":"PT1H15M7.9S","position":42,"diffFirstMs":857800,"diffFirst":"PT14M17.8S","diffPrevMs":36000,"diffPrev":"PT36S"},{"entryId":19764,"stageTimeMs":4514800,"stageTime":"PT1H15M14.8S","penaltyTimeMs":10000,"penaltyTime":"PT10S","totalTimeMs":4524800,"totalTime":"PT1H15M24.8S","position":43,"diffFirstMs":874700,"diffFirst":"PT14M34.7S","diffPrevMs":16900,"diffPrev":"PT16.9S"},{"entryId":19755,"stageTimeMs":4548700,"stageTime":"PT1H15M48.7S","penaltyTimeMs":0,"penaltyTime":"PT0S","totalTimeMs":4548700,"totalTime":"PT1H15M48.7S","position":44,"diffFirstMs":898600,"diffFirst":"PT14M58.6S","diffPrevMs":23900,"diffPrev":"PT23.9S"},{"entryId":19760,"stageTimeMs":4553400,"stageTime":"PT1H15M53.4S","penaltyTimeMs":0,"penaltyTime":"PT0S","totalTimeMs":4553400,"totalTime":"PT1H15M53.4S","position":45,"diffFirstMs":903300,"diffFirst":"PT15M3.3S","diffPrevMs":4700,"diffPrev":"PT4.7S"},{"entryId":19772,"stageTimeMs":4565100,"stageTime":"PT1H16M5.1S","penaltyTimeMs":0,"penaltyTime":"PT0S","totalTimeMs":4565100,"totalTime":"PT1H16M5.1S","position":46,"diffFirstMs":915000,"diffFirst":"PT15M15S","diffPrevMs":11700,"diffPrev":"PT11.7S"},{"entryId":19718,"stageTimeMs":4619600,"stageTime":"PT1H16M59.6S","penaltyTimeMs":70000,"penaltyTime":"PT1M10S","totalTimeMs":4689600,"totalTime":"PT1H18M9.6S","position":47,"diffFirstMs":1039500,"diffFirst":"PT17M19.5S","diffPrevMs":124500,"diffPrev":"PT2M4.5S"},{"entryId":19766,"stageTimeMs":4629900,"stageTime":"PT1H17M9.9S","penaltyTimeMs":220000,"penaltyTime":"PT3M40S","totalTimeMs":4849900,"totalTime":"PT1H20M49.9S","position":48,"diffFirstMs":1199800,"diffFirst":"PT19M59.8S","diffPrevMs":160300,"diffPrev":"PT2M40.3S"},{"entryId":19756,"stageTimeMs":4887700,"stageTime":"PT1H21M27.7S","penaltyTimeMs":0,"penaltyTime":"PT0S","totalTimeMs":4887700,"totalTime":"PT1H21M27.7S","position":49,"diffFirstMs":1237600,"diffFirst":"PT20M37.6S","diffPrevMs":37800,"diffPrev":"PT37.8S"},{"entryId":19769,"stageTimeMs":4930600,"stageTime":"PT1H22M10.6S","penaltyTimeMs":0,"penaltyTime":"PT0S","totalTimeMs":4930600,"totalTime":"PT1H22M10.6S","position":50,"diffFirstMs":1280500,"diffFirst":"PT21M20.5S","diffPrevMs":42900,"diffPrev":"PT42.9S"},{"entryId":19722,"stageTimeMs":4848000,"stageTime":"PT1H20M48S","penaltyTimeMs":100000,"penaltyTime":"PT1M40S","totalTimeMs":4948000,"totalTime":"PT1H22M28S","position":51,"diffFirstMs":1297900,"diffFirst":"PT21M37.9S","diffPrevMs":17400,"diffPrev":"PT17.4S"},{"entryId":19751,"stageTimeMs":4972900,"stageTime":"PT1H22M52.9S","penaltyTimeMs":0,"penaltyTime":"PT0S","totalTimeMs":4972900,"totalTime":"PT1H22M52.9S","position":52,"diffFirstMs":1322800,"diffFirst":"PT22M2.8S","diffPrevMs":24900,"diffPrev":"PT24.9S"},{"entryId":19771,"stageTimeMs":4874600,"stageTime":"PT1H21M14.6S","penaltyTimeMs":110000,"penaltyTime":"PT1M50S","totalTimeMs":4984600,"totalTime":"PT1H23M4.6S","position":53,"diffFirstMs":1334500,"diffFirst":"PT22M14.5S","diffPrevMs":11700,"diffPrev":"PT11.7S"},{"entryId":19754,"stageTimeMs":5014200,"stageTime":"PT1H23M34.2S","penaltyTimeMs":0,"penaltyTime":"PT0S","totalTimeMs":5014200,"totalTime":"PT1H23M34.2S","position":54,"diffFirstMs":1364100,"diffFirst":"PT22M44.1S","diffPrevMs":29600,"diffPrev":"PT29.6S"},{"entryId":19763,"stageTimeMs":6163000,"stageTime":"PT1H42M43S","penaltyTimeMs":0,"penaltyTime":"PT0S","totalTimeMs":6163000,"totalTime":"PT1H42M43S","position":55,"diffFirstMs":2512900,"diffFirst":"PT41M52.9S","diffPrevMs":1148800,"diffPrev":"PT19M8.8S"}]