{"splitPoints":[{"splitPointId":2704,"stageId":1319,"number":1,"distance":4.63},{"splitPointId":2705,"stageId":1319,"number":2,"distance":12.72},{"splitPointId":2706,"stageId":1319,"number":3,"distance":16.15},{"splitPointId":2707,"stageId":1319,"number":4,"distance":20.08},{"splitPointId":2709,"stageId":1319,"number":5,"distance":28.31},{"splitPointId":2710,"stageId":1319,"number":6,"distance":33.22},{"splitPointId":2711,"stageId":1319,"number":7,"distance":38.57}],"controls":[{"controlId":5629,"eventId":87,"stageId":1319,"type":"FlyingFinish","code":"SF15","location":"Panzerplatte 2","timingPrecision":"Tenth","distance":null,"targetDuration":null,"targetDurationMs":null,"firstCarDueDateTime":null,"firstCarDueDateTimeLocal":null,"status":"Completed","controlPenalties":"None","roundingPolicy":"NoRounding","locked":true},{"controlId":5630,"eventId":87,"stageId":1319,"type":"StageStart","code":"SS15","location":"Panzerplatte 2","timingPrecision":"Minute","distance":41.17,"targetDuration":"00:03:00","targetDurationMs":180000,"firstCarDueDateTime":"2019-08-24T17:33:00","firstCarDueDateTimeLocal":"2019-08-24T19:33:00+02:00","status":"Completed","controlPenalties":"None","roundingPolicy":"RoundToClosestMinute","locked":true},{"controlId":5631,"eventId":87,"stageId":1319,"type":"TimeControl","code":"TC15","location":"Reichenbach","timingPrecision":"Minute","distance":7.64,"targetDuration":"00:35:00","targetDurationMs":2100000,"firstCarDueDateTime":"2019-08-24T17:30:00","firstCarDueDateTimeLocal":"2019-08-24T19:30:00+02:00","status":"Completed","controlPenalties":"All","roundingPolicy":"NoRounding","locked":true}],"stageId":1319,"eventId":87,"number":15,"name":"Panzerplatte 2","distance":41.17,"status":"Completed","stageType":"SpecialStage","timingPrecision":"Tenth","locked":true,"code":"SS15"}