[{"entryId":19548,"stageTimeMs":10245200,"stageTime":"PT2H50M45.2S","penaltyTimeMs":0,"penaltyTime":"PT0S","totalTimeMs":10245200,"totalTime":"PT2H50M45.2S","position":1,"diffFirstMs":0,"diffFirst":"PT0S","diffPrevMs":0,"diffPrev":"PT0S"},{"entryId":19550,"stageTimeMs":10281800,"stageTime":"PT2H51M21.8S","penaltyTimeMs":0,"penaltyTime":"PT0S","totalTimeMs":10281800,"totalTime":"PT2H51M21.8S","position":2,"diffFirstMs":36600,"diffFirst":"PT36.6S","diffPrevMs":36600,"diffPrev":"PT36.6S"},{"entryId":19541,"stageTimeMs":10304500,"stageTime":"PT2H51M44.5S","penaltyTimeMs":0,"penaltyTime":"PT0S","totalTimeMs":10304500,"totalTime":"PT2H51M44.5S","position":3,"diffFirstMs":59300,"diffFirst":"PT59.3S","diffPrevMs":22700,"diffPrev":"PT22.7S"},{"entryId":19544,"stageTimeMs":10295000,"stageTime":"PT2H51M35S","penaltyTimeMs":10000,"penaltyTime":"PT10S","totalTimeMs":10305000,"totalTime":"PT2H51M45S","position":4,"diffFirstMs":59800,"diffFirst":"PT59.8S","diffPrevMs":500,"diffPrev":"PT0.5S"},{"entryId":19545,"stageTimeMs":10316500,"stageTime":"PT2H51M56.5S","penaltyTimeMs":0,"penaltyTime":"PT0S","totalTimeMs":10316500,"totalTime":"PT2H51M56.5S","position":5,"diffFirstMs":71300,"diffFirst":"PT1M11.3S","diffPrevMs":11500,"diffPrev":"PT11.5S"},{"entryId":19547,"stageTimeMs":10329300,"stageTime":"PT2H52M9.3S","penaltyTimeMs":0,"penaltyTime":"PT0S","totalTimeMs":10329300,"totalTime":"PT2H52M9.3S","position":6,"diffFirstMs":84100,"diffFirst":"PT1M24.1S","diffPrevMs":12800,"diffPrev":"PT12.8S"},{"entryId":19542,"stageTimeMs":10482300,"stageTime":"PT2H54M42.3S","penaltyTimeMs":0,"penaltyTime":"PT0S","totalTimeMs":10482300,"totalTime":"PT2H54M42.3S","position":7,"diffFirstMs":237100,"diffFirst":"PT3M57.1S","diffPrevMs":153000,"diffPrev":"PT2M33S"},{"entryId":19552,"stageTimeMs":11005700,"stageTime":"PT3H3M25.7S","penaltyTimeMs":10000,"penaltyTime":"PT10S","totalTimeMs":11015700,"totalTime":"PT3H3M35.7S","position":8,"diffFirstMs":770500,"diffFirst":"PT12M50.5S","diffPrevMs":533400,"diffPrev":"PT8M53.4S"},{"entryId":19546,"stageTimeMs":11087300,"stageTime":"PT3H4M47.3S","penaltyTimeMs":10000,"penaltyTime":"PT10S","totalTimeMs":11097300,"totalTime":"PT3H4M57.3S","position":9,"diffFirstMs":852100,"diffFirst":"PT14M12.1S","diffPrevMs":81600,"diffPrev":"PT1M21.6S"},{"entryId":19558,"stageTimeMs":11280800,"stageTime":"PT3H8M0.8S","penaltyTimeMs":0,"penaltyTime":"PT0S","totalTimeMs":11280800,"totalTime":"PT3H8M0.8S","position":10,"diffFirstMs":1035600,"diffFirst":"PT17M15.6S","diffPrevMs":183500,"diffPrev":"PT3M3.5S"},{"entryId":19561,"stageTimeMs":11609400,"stageTime":"PT3H13M29.4S","penaltyTimeMs":0,"penaltyTime":"PT0S","totalTimeMs":11609400,"totalTime":"PT3H13M29.4S","position":11,"diffFirstMs":1364200,"diffFirst":"PT22M44.2S","diffPrevMs":328600,"diffPrev":"PT5M28.6S"},{"entryId":19554,"stageTimeMs":11857400,"stageTime":"PT3H17M37.4S","penaltyTimeMs":20000,"penaltyTime":"PT20S","totalTimeMs":11877400,"totalTime":"PT3H17M57.4S","position":12,"diffFirstMs":1632200,"diffFirst":"PT27M12.2S","diffPrevMs":268000,"diffPrev":"PT4M28S"},{"entryId":19559,"stageTimeMs":11883400,"stageTime":"PT3H18M3.4S","penaltyTimeMs":0,"penaltyTime":"PT0S","totalTimeMs":11883400,"totalTime":"PT3H18M3.4S","position":13,"diffFirstMs":1638200,"diffFirst":"PT27M18.2S","diffPrevMs":6000,"diffPrev":"PT6S"},{"entryId":19555,"stageTimeMs":12159600,"stageTime":"PT3H22M39.6S","penaltyTimeMs":0,"penaltyTime":"PT0S","totalTimeMs":12159600,"totalTime":"PT3H22M39.6S","position":14,"diffFirstMs":1914400,"diffFirst":"PT31M54.4S","diffPrevMs":276200,"diffPrev":"PT4M36.2S"},{"entryId":19551,"stageTimeMs":12269500,"stageTime":"PT3H24M29.5S","penaltyTimeMs":0,"penaltyTime":"PT0S","totalTimeMs":12269500,"totalTime":"PT3H24M29.5S","position":15,"diffFirstMs":2024300,"diffFirst":"PT33M44.3S","diffPrevMs":109900,"diffPrev":"PT1M49.9S"},{"entryId":19557,"stageTimeMs":12407800,"stageTime":"PT3H26M47.8S","penaltyTimeMs":0,"penaltyTime":"PT0S","totalTimeMs":12407800,"totalTime":"PT3H26M47.8S","position":16,"diffFirstMs":2162600,"diffFirst":"PT36M2.6S","diffPrevMs":138300,"diffPrev":"PT2M18.3S"},{"entryId":19564,"stageTimeMs":16021700,"stageTime":"PT4H27M1.7S","penaltyTimeMs":30000,"penaltyTime":"PT30S","totalTimeMs":16051700,"totalTime":"PT4H27M31.7S","position":17,"diffFirstMs":5806500,"diffFirst":"PT1H36M46.5S","diffPrevMs":3643900,"diffPrev":"PT1H43.9S"},{"entryId":19565,"stageTimeMs":15977300,"stageTime":"PT4H26M17.3S","penaltyTimeMs":160000,"penaltyTime":"PT2M40S","totalTimeMs":16137300,"totalTime":"PT4H28M57.3S","position":18,"diffFirstMs":5892100,"diffFirst":"PT1H38M12.1S","diffPrevMs":85600,"diffPrev":"PT1M25.6S"},{"entryId":19567,"stageTimeMs":16487800,"stageTime":"PT4H34M47.8S","penaltyTimeMs":30000,"penaltyTime":"PT30S","totalTimeMs":16517800,"totalTime":"PT4H35M17.8S","position":19,"diffFirstMs":6272600,"diffFirst":"PT1H44M32.6S","diffPrevMs":380500,"diffPrev":"PT6M20.5S"},{"entryId":19566,"stageTimeMs":16566100,"stageTime":"PT4H36M6.1S","penaltyTimeMs":10000,"penaltyTime":"PT10S","totalTimeMs":16576100,"totalTime":"PT4H36M16.1S","position":20,"diffFirstMs":6330900,"diffFirst":"PT1H45M30.9S","diffPrevMs":58300,"diffPrev":"PT58.3S"},{"entryId":19562,"stageTimeMs":16809400,"stageTime":"PT4H40M9.4S","penaltyTimeMs":10000,"penaltyTime":"PT10S","totalTimeMs":16819400,"totalTime":"PT4H40M19.4S","position":21,"diffFirstMs":6574200,"diffFirst":"PT1H49M34.2S","diffPrevMs":243300,"diffPrev":"PT4M3.3S"}]