{"splitPoints":[{"splitPointId":2453,"stageId":1222,"number":1,"distance":1.0}],"controls":[{"controlId":5180,"eventId":85,"stageId":1222,"type":"TimeControl","code":"TC0","location":"Alghero - Rally Start","timingPrecision":"Minute","distance":null,"targetDuration":null,"targetDurationMs":null,"firstCarDueDateTime":"2019-06-13T14:00:00","firstCarDueDateTimeLocal":"2019-06-13T16:00:00+02:00","status":"Completed","controlPenalties":"All","roundingPolicy":"NoRounding","locked":false},{"controlId":5215,"eventId":85,"stageId":1222,"type":"TimeControl","code":"TC1","location":"Ittiri","timingPrecision":"Minute","distance":29.22,"targetDuration":"00:52:00","targetDurationMs":3120000,"firstCarDueDateTime":"2019-06-13T14:52:00","firstCarDueDateTimeLocal":"2019-06-13T16:52:00+02:00","status":"Completed","controlPenalties":"All","roundingPolicy":"NoRounding","locked":false},{"controlId":5216,"eventId":85,"stageId":1222,"type":"StageStart","code":"SS1","location":"ITTIRI ARENA SHOW","timingPrecision":"Second","distance":2.0,"targetDuration":"00:08:00","targetDurationMs":480000,"firstCarDueDateTime":"2019-06-13T15:00:00","firstCarDueDateTimeLocal":"2019-06-13T17:00:00+02:00","status":"Completed","controlPenalties":"None","roundingPolicy":"RoundToClosestHalfMinute","locked":false},{"controlId":5217,"eventId":85,"stageId":1222,"type":"FlyingFinish","code":"SF1","location":"ITTIRI ARENA SHOW","timingPrecision":"Tenth","distance":null,"targetDuration":null,"targetDurationMs":null,"firstCarDueDateTime":null,"firstCarDueDateTimeLocal":null,"status":"Completed","controlPenalties":"None","roundingPolicy":"NoRounding","locked":false}],"stageId":1222,"eventId":85,"number":1,"name":"ITTIRI ARENA SHOW","distance":2.0,"status":"Completed","stageType":"HeadToHeadSuperSpecialStage","timingPrecision":"Tenth","locked":false,"code":"SS1"}