[{"stageTimeId":67121,"stageId":1083,"entryId":19548,"elapsedDurationMs":548100,"elapsedDuration":"00:09:08.1000000","status":"Completed","source":"Default","position":1,"diffFirstMs":0,"diffFirst":"00:00:00","diffPrevMs":0,"diffPrev":"00:00:00"},{"stageTimeId":67107,"stageId":1083,"entryId":19546,"elapsedDurationMs":548500,"elapsedDuration":"00:09:08.5000000","status":"Completed","source":"Default","position":2,"diffFirstMs":400,"diffFirst":"00:00:00.4000000","diffPrevMs":400,"diffPrev":"00:00:00.4000000"},{"stageTimeId":67100,"stageId":1083,"entryId":19544,"elapsedDurationMs":549600,"elapsedDuration":"00:09:09.6000000","status":"Completed","source":"Default","position":3,"diffFirstMs":1500,"diffFirst":"00:00:01.5000000","diffPrevMs":1100,"diffPrev":"00:00:01.1000000"},{"stageTimeId":67154,"stageId":1083,"entryId":19549,"elapsedDurationMs":551100,"elapsedDuration":"00:09:11.1000000","status":"Completed","source":"Default","position":4,"diffFirstMs":3000,"diffFirst":"00:00:03","diffPrevMs":1500,"diffPrev":"00:00:01.5000000"},{"stageTimeId":67129,"stageId":1083,"entryId":19541,"elapsedDurationMs":552100,"elapsedDuration":"00:09:12.1000000","status":"Completed","source":"Default","position":5,"diffFirstMs":4000,"diffFirst":"00:00:04","diffPrevMs":1000,"diffPrev":"00:00:01"},{"stageTimeId":67140,"stageId":1083,"entryId":19547,"elapsedDurationMs":552600,"elapsedDuration":"00:09:12.6000000","status":"Completed","source":"Default","position":6,"diffFirstMs":4500,"diffFirst":"00:00:04.5000000","diffPrevMs":500,"diffPrev":"00:00:00.5000000"},{"stageTimeId":67161,"stageId":1083,"entryId":19550,"elapsedDurationMs":554000,"elapsedDuration":"00:09:14","status":"Completed","source":"Default","position":7,"diffFirstMs":5900,"diffFirst":"00:00:05.9000000","diffPrevMs":1400,"diffPrev":"00:00:01.4000000"},{"stageTimeId":67133,"stageId":1083,"entryId":19542,"elapsedDurationMs":559900,"elapsedDuration":"00:09:19.9000000","status":"Completed","source":"Default","position":8,"diffFirstMs":11800,"diffFirst":"00:00:11.8000000","diffPrevMs":5900,"diffPrev":"00:00:05.9000000"},{"stageTimeId":67148,"stageId":1083,"entryId":19545,"elapsedDurationMs":563400,"elapsedDuration":"00:09:23.4000000","status":"Completed","source":"Default","position":9,"diffFirstMs":15300,"diffFirst":"00:00:15.3000000","diffPrevMs":3500,"diffPrev":"00:00:03.5000000"},{"stageTimeId":67128,"stageId":1083,"entryId":19552,"elapsedDurationMs":578400,"elapsedDuration":"00:09:38.4000000","status":"Completed","source":"Default","position":10,"diffFirstMs":30300,"diffFirst":"00:00:30.3000000","diffPrevMs":15000,"diffPrev":"00:00:15"},{"stageTimeId":67211,"stageId":1083,"entryId":19551,"elapsedDurationMs":589000,"elapsedDuration":"00:09:49","status":"Completed","source":"Assessed","position":11,"diffFirstMs":40900,"diffFirst":"00:00:40.9000000","diffPrevMs":10600,"diffPrev":"00:00:10.6000000"},{"stageTimeId":67171,"stageId":1083,"entryId":19554,"elapsedDurationMs":594000,"elapsedDuration":"00:09:54","status":"Completed","source":"Assessed","position":12,"diffFirstMs":45900,"diffFirst":"00:00:45.9000000","diffPrevMs":5000,"diffPrev":"00:00:05"},{"stageTimeId":67185,"stageId":1083,"entryId":19555,"elapsedDurationMs":594000,"elapsedDuration":"00:09:54","status":"Completed","source":"Assessed","position":13,"diffFirstMs":45900,"diffFirst":"00:00:45.9000000","diffPrevMs":0,"diffPrev":"00:00:00"},{"stageTimeId":67178,"stageId":1083,"entryId":19557,"elapsedDurationMs":594000,"elapsedDuration":"00:09:54","status":"Completed","source":"Assessed","position":14,"diffFirstMs":45900,"diffFirst":"00:00:45.9000000","diffPrevMs":0,"diffPrev":"00:00:00"},{"stageTimeId":67218,"stageId":1083,"entryId":19558,"elapsedDurationMs":594000,"elapsedDuration":"00:09:54","status":"Completed","source":"Assessed","position":15,"diffFirstMs":45900,"diffFirst":"00:00:45.9000000","diffPrevMs":0,"diffPrev":"00:00:00"},{"stageTimeId":67215,"stageId":1083,"entryId":19559,"elapsedDurationMs":594000,"elapsedDuration":"00:09:54","status":"Completed","source":"Assessed","position":16,"diffFirstMs":45900,"diffFirst":"00:00:45.9000000","diffPrevMs":0,"diffPrev":"00:00:00"},{"stageTimeId":67225,"stageId":1083,"entryId":19561,"elapsedDurationMs":594000,"elapsedDuration":"00:09:54","status":"Completed","source":"Assessed","position":17,"diffFirstMs":45900,"diffFirst":"00:00:45.9000000","diffPrevMs":0,"diffPrev":"00:00:00"},{"stageTimeId":67081,"stageId":1083,"entryId":19562,"elapsedDurationMs":800000,"elapsedDuration":"00:13:20","status":"Completed","source":"Assessed","position":18,"diffFirstMs":251900,"diffFirst":"00:04:11.9000000","diffPrevMs":206000,"diffPrev":"00:03:26"},{"stageTimeId":67071,"stageId":1083,"entryId":19564,"elapsedDurationMs":800000,"elapsedDuration":"00:13:20","status":"Completed","source":"Assessed","position":19,"diffFirstMs":251900,"diffFirst":"00:04:11.9000000","diffPrevMs":0,"diffPrev":"00:00:00"},{"stageTimeId":67074,"stageId":1083,"entryId":19565,"elapsedDurationMs":800000,"elapsedDuration":"00:13:20","status":"Completed","source":"Assessed","position":20,"diffFirstMs":251900,"diffFirst":"00:04:11.9000000","diffPrevMs":0,"diffPrev":"00:00:00"},{"stageTimeId":67088,"stageId":1083,"entryId":19566,"elapsedDurationMs":800000,"elapsedDuration":"00:13:20","status":"Completed","source":"Assessed","position":21,"diffFirstMs":251900,"diffFirst":"00:04:11.9000000","diffPrevMs":0,"diffPrev":"00:00:00"},{"stageTimeId":67203,"stageId":1083,"entryId":19553,"elapsedDurationMs":998400,"elapsedDuration":"00:16:38.4000000","status":"Completed","source":"Assessed","position":22,"diffFirstMs":450300,"diffFirst":"00:07:30.3000000","diffPrevMs":198400,"diffPrev":"00:03:18.4000000"},{"stageTimeId":67192,"stageId":1083,"entryId":19567,"elapsedDurationMs":1014000,"elapsedDuration":"00:16:54","status":"Completed","source":"Assessed","position":23,"diffFirstMs":465900,"diffFirst":"00:07:45.9000000","diffPrevMs":15600,"diffPrev":"00:00:15.6000000"}]