{"splitPoints":[{"splitPointId":2857,"stageId":1379,"number":2,"distance":5.66},{"splitPointId":2859,"stageId":1379,"number":1,"distance":4.6}],"controls":[{"controlId":5805,"eventId":88,"stageId":1379,"type":"RegroupIn","code":"TC16A","location":"Regroup & Technical Zone IN","timingPrecision":"Minute","distance":62.38,"targetDuration":"01:21:00","targetDurationMs":4860000,"firstCarDueDateTime":"2019-09-15T09:30:00","firstCarDueDateTimeLocal":"2019-09-15T12:30:00+03:00","status":"Completed","controlPenalties":"All","roundingPolicy":"NoRounding","locked":true},{"controlId":5848,"eventId":88,"stageId":1379,"type":"RegroupOut","code":"TC17","location":"Regroup OUT / TC İçmeler Pazar yeri","timingPrecision":"Minute","distance":null,"targetDuration":"00:45:00","targetDurationMs":2700000,"firstCarDueDateTime":"2019-09-15T10:15:00","firstCarDueDateTimeLocal":"2019-09-15T13:15:00+03:00","status":"Completed","controlPenalties":"None","roundingPolicy":"NoRounding","locked":true},{"controlId":5864,"eventId":88,"stageId":1379,"type":"FlyingFinish","code":"SF17","location":"Marmaris - 2 (Power Stage) ","timingPrecision":"Thousandth","distance":null,"targetDuration":null,"targetDurationMs":null,"firstCarDueDateTime":null,"firstCarDueDateTimeLocal":null,"status":"Completed","controlPenalties":"None","roundingPolicy":"NoRounding","locked":true},{"controlId":5879,"eventId":88,"stageId":1379,"type":"StageStart","code":"SS17","location":"Marmaris - 2 (Power Stage) ","timingPrecision":"Minute","distance":7.05,"targetDuration":"00:03:00","targetDurationMs":180000,"firstCarDueDateTime":"2019-09-15T10:18:00","firstCarDueDateTimeLocal":"2019-09-15T13:18:00+03:00","status":"Completed","controlPenalties":"None","roundingPolicy":"RoundToClosestMinute","locked":true}],"stageId":1379,"eventId":88,"number":17,"name":"Marmaris - 2 (Power Stage) ","distance":7.05,"status":"Completed","stageType":"PowerStage","timingPrecision":"Thousandth","locked":true,"code":"SS17"}