{"splitPoints":[{"splitPointId":1864,"stageId":880,"number":1,"distance":3.97},{"splitPointId":1865,"stageId":880,"number":2,"distance":6.14},{"splitPointId":1866,"stageId":880,"number":3,"distance":8.77},{"splitPointId":1867,"stageId":880,"number":5,"distance":12.55},{"splitPointId":1868,"stageId":880,"number":4,"distance":11.83}],"controls":[{"controlId":3667,"eventId":78,"stageId":880,"type":"TimeControl","code":"TC0","location":"GAP (Place Desmichels)","timingPrecision":"Minute","distance":null,"targetDuration":null,"targetDurationMs":null,"firstCarDueDateTime":"2019-01-24T17:50:00","firstCarDueDateTimeLocal":"2019-01-24T18:50:00+01:00","status":"Completed","controlPenalties":"All","roundingPolicy":"NoRounding","locked":false},{"controlId":3689,"eventId":78,"stageId":880,"type":"RegroupOut","code":"TC15B","location":"Regroup (OUT)","timingPrecision":"Minute","distance":0.29,"targetDuration":"00:45:00","targetDurationMs":2700000,"firstCarDueDateTime":"2019-01-27T11:10:00","firstCarDueDateTimeLocal":"2019-01-27T12:10:00+01:00","status":"Completed","controlPenalties":"None","roundingPolicy":"NoRounding","locked":false},{"controlId":3715,"eventId":78,"stageId":880,"type":"TimeControl","code":"TC16","location":"LA CABANETTE","timingPrecision":"Minute","distance":1.94,"targetDuration":"00:05:00","targetDurationMs":300000,"firstCarDueDateTime":"2019-01-27T11:15:00","firstCarDueDateTimeLocal":"2019-01-27T12:15:00+01:00","status":"Completed","controlPenalties":"All","roundingPolicy":"NoRounding","locked":false},{"controlId":3736,"eventId":78,"stageId":880,"type":"StageStart","code":"SS16","location":"LA CABANETTE - COL DE BRAUS 2 (Power Stage)","timingPrecision":"Minute","distance":13.58,"targetDuration":"00:03:00","targetDurationMs":180000,"firstCarDueDateTime":"2019-01-27T11:18:00","firstCarDueDateTimeLocal":"2019-01-27T12:18:00+01:00","status":"Completed","controlPenalties":"None","roundingPolicy":"RoundToClosestMinute","locked":false},{"controlId":3740,"eventId":78,"stageId":880,"type":"FlyingFinish","code":"SF16","location":"LA CABANETTE - COL DE BRAUS 2 (Power Stage)","timingPrecision":"Thousandth","distance":null,"targetDuration":null,"targetDurationMs":null,"firstCarDueDateTime":null,"firstCarDueDateTimeLocal":null,"status":"Completed","controlPenalties":"None","roundingPolicy":"NoRounding","locked":false}],"stageId":880,"eventId":78,"number":16,"name":"LA CABANETTE - COL DE BRAUS 2 (Power Stage)","distance":13.58,"status":"Completed","stageType":"PowerStage","timingPrecision":"Thousandth","locked":false,"code":"SS16"}