[{"stageTimeId":70304,"stageId":1205,"entryId":19715,"elapsedDurationMs":155500,"elapsedDuration":"00:02:35.5000000","status":"Completed","source":"Default","position":1,"diffFirstMs":0,"diffFirst":"00:00:00","diffPrevMs":0,"diffPrev":"00:00:00"},{"stageTimeId":69904,"stageId":1205,"entryId":19713,"elapsedDurationMs":156400,"elapsedDuration":"00:02:36.4000000","status":"Completed","source":"Default","position":2,"diffFirstMs":900,"diffFirst":"00:00:00.9000000","diffPrevMs":900,"diffPrev":"00:00:00.9000000"},{"stageTimeId":70276,"stageId":1205,"entryId":19714,"elapsedDurationMs":156600,"elapsedDuration":"00:02:36.6000000","status":"Completed","source":"Default","position":3,"diffFirstMs":1100,"diffFirst":"00:00:01.1000000","diffPrevMs":200,"diffPrev":"00:00:00.2000000"},{"stageTimeId":70288,"stageId":1205,"entryId":19719,"elapsedDurationMs":156900,"elapsedDuration":"00:02:36.9000000","status":"Completed","source":"Default","position":4,"diffFirstMs":1400,"diffFirst":"00:00:01.4000000","diffPrevMs":300,"diffPrev":"00:00:00.3000000"},{"stageTimeId":70311,"stageId":1205,"entryId":19716,"elapsedDurationMs":157700,"elapsedDuration":"00:02:37.7000000","status":"Completed","source":"Default","position":5,"diffFirstMs":2200,"diffFirst":"00:00:02.2000000","diffPrevMs":800,"diffPrev":"00:00:00.8000000"},{"stageTimeId":70299,"stageId":1205,"entryId":19717,"elapsedDurationMs":158600,"elapsedDuration":"00:02:38.6000000","status":"Completed","source":"Default","position":6,"diffFirstMs":3100,"diffFirst":"00:00:03.1000000","diffPrevMs":900,"diffPrev":"00:00:00.9000000"},{"stageTimeId":70295,"stageId":1205,"entryId":19720,"elapsedDurationMs":158700,"elapsedDuration":"00:02:38.7000000","status":"Completed","source":"Default","position":7,"diffFirstMs":3200,"diffFirst":"00:00:03.2000000","diffPrevMs":100,"diffPrev":"00:00:00.1000000"},{"stageTimeId":70184,"stageId":1205,"entryId":19723,"elapsedDurationMs":159200,"elapsedDuration":"00:02:39.2000000","status":"Completed","source":"Default","position":8,"diffFirstMs":3700,"diffFirst":"00:00:03.7000000","diffPrevMs":500,"diffPrev":"00:00:00.5000000"},{"stageTimeId":69965,"stageId":1205,"entryId":19737,"elapsedDurationMs":161000,"elapsedDuration":"00:02:41","status":"Completed","source":"Default","position":9,"diffFirstMs":5500,"diffFirst":"00:00:05.5000000","diffPrevMs":1800,"diffPrev":"00:00:01.8000000"},{"stageTimeId":70281,"stageId":1205,"entryId":19718,"elapsedDurationMs":161500,"elapsedDuration":"00:02:41.5000000","status":"Completed","source":"Default","position":10,"diffFirstMs":6000,"diffFirst":"00:00:06","diffPrevMs":500,"diffPrev":"00:00:00.5000000"},{"stageTimeId":70226,"stageId":1205,"entryId":19729,"elapsedDurationMs":161600,"elapsedDuration":"00:02:41.6000000","status":"Completed","source":"Default","position":11,"diffFirstMs":6100,"diffFirst":"00:00:06.1000000","diffPrevMs":100,"diffPrev":"00:00:00.1000000"},{"stageTimeId":70269,"stageId":1205,"entryId":19742,"elapsedDurationMs":161700,"elapsedDuration":"00:02:41.7000000","status":"Completed","source":"Default","position":12,"diffFirstMs":6200,"diffFirst":"00:00:06.2000000","diffPrevMs":100,"diffPrev":"00:00:00.1000000"},{"stageTimeId":70170,"stageId":1205,"entryId":19721,"elapsedDurationMs":161800,"elapsedDuration":"00:02:41.8000000","status":"Completed","source":"Default","position":13,"diffFirstMs":6300,"diffFirst":"00:00:06.3000000","diffPrevMs":100,"diffPrev":"00:00:00.1000000"},{"stageTimeId":69944,"stageId":1205,"entryId":19735,"elapsedDurationMs":162300,"elapsedDuration":"00:02:42.3000000","status":"Completed","source":"Default","position":14,"diffFirstMs":6800,"diffFirst":"00:00:06.8000000","diffPrevMs":500,"diffPrev":"00:00:00.5000000"},{"stageTimeId":70161,"stageId":1205,"entryId":19726,"elapsedDurationMs":162500,"elapsedDuration":"00:02:42.5000000","status":"Completed","source":"Default","position":15,"diffFirstMs":7000,"diffFirst":"00:00:07","diffPrevMs":200,"diffPrev":"00:00:00.2000000"},{"stageTimeId":69927,"stageId":1205,"entryId":19739,"elapsedDurationMs":163000,"elapsedDuration":"00:02:43","status":"Completed","source":"Default","position":16,"diffFirstMs":7500,"diffFirst":"00:00:07.5000000","diffPrevMs":500,"diffPrev":"00:00:00.5000000"},{"stageTimeId":70196,"stageId":1205,"entryId":19731,"elapsedDurationMs":163000,"elapsedDuration":"00:02:43","status":"Completed","source":"Default","position":17,"diffFirstMs":7500,"diffFirst":"00:00:07.5000000","diffPrevMs":0,"diffPrev":"00:00:00"},{"stageTimeId":70212,"stageId":1205,"entryId":19727,"elapsedDurationMs":163100,"elapsedDuration":"00:02:43.1000000","status":"Completed","source":"Default","position":18,"diffFirstMs":7600,"diffFirst":"00:00:07.6000000","diffPrevMs":100,"diffPrev":"00:00:00.1000000"},{"stageTimeId":70239,"stageId":1205,"entryId":19741,"elapsedDurationMs":163100,"elapsedDuration":"00:02:43.1000000","status":"Completed","source":"Default","position":19,"diffFirstMs":7600,"diffFirst":"00:00:07.6000000","diffPrevMs":0,"diffPrev":"00:00:00"},{"stageTimeId":70198,"stageId":1205,"entryId":19730,"elapsedDurationMs":163200,"elapsedDuration":"00:02:43.2000000","status":"Completed","source":"Default","position":20,"diffFirstMs":7700,"diffFirst":"00:00:07.7000000","diffPrevMs":100,"diffPrev":"00:00:00.1000000"},{"stageTimeId":69917,"stageId":1205,"entryId":19733,"elapsedDurationMs":163200,"elapsedDuration":"00:02:43.2000000","status":"Completed","source":"Default","position":21,"diffFirstMs":7700,"diffFirst":"00:00:07.7000000","diffPrevMs":0,"diffPrev":"00:00:00"},{"stageTimeId":70080,"stageId":1205,"entryId":19743,"elapsedDurationMs":163500,"elapsedDuration":"00:02:43.5000000","status":"Completed","source":"Default","position":22,"diffFirstMs":8000,"diffFirst":"00:00:08","diffPrevMs":300,"diffPrev":"00:00:00.3000000"},{"stageTimeId":70071,"stageId":1205,"entryId":19749,"elapsedDurationMs":163700,"elapsedDuration":"00:02:43.7000000","status":"Completed","source":"Default","position":23,"diffFirstMs":8200,"diffFirst":"00:00:08.2000000","diffPrevMs":200,"diffPrev":"00:00:00.2000000"},{"stageTimeId":69938,"stageId":1205,"entryId":19738,"elapsedDurationMs":163800,"elapsedDuration":"00:02:43.8000000","status":"Completed","source":"Default","position":24,"diffFirstMs":8300,"diffFirst":"00:00:08.3000000","diffPrevMs":100,"diffPrev":"00:00:00.1000000"},{"stageTimeId":69950,"stageId":1205,"entryId":19745,"elapsedDurationMs":163800,"elapsedDuration":"00:02:43.8000000","status":"Completed","source":"Default","position":25,"diffFirstMs":8300,"diffFirst":"00:00:08.3000000","diffPrevMs":0,"diffPrev":"00:00:00"},{"stageTimeId":70186,"stageId":1205,"entryId":19722,"elapsedDurationMs":164600,"elapsedDuration":"00:02:44.6000000","status":"Completed","source":"Default","position":26,"diffFirstMs":9100,"diffFirst":"00:00:09.1000000","diffPrevMs":800,"diffPrev":"00:00:00.8000000"},{"stageTimeId":69907,"stageId":1205,"entryId":19734,"elapsedDurationMs":164900,"elapsedDuration":"00:02:44.9000000","status":"Completed","source":"Default","position":27,"diffFirstMs":9400,"diffFirst":"00:00:09.4000000","diffPrevMs":300,"diffPrev":"00:00:00.3000000"},{"stageTimeId":70064,"stageId":1205,"entryId":19748,"elapsedDurationMs":165200,"elapsedDuration":"00:02:45.2000000","status":"Completed","source":"Default","position":28,"diffFirstMs":9700,"diffFirst":"00:00:09.7000000","diffPrevMs":300,"diffPrev":"00:00:00.3000000"},{"stageTimeId":70203,"stageId":1205,"entryId":19732,"elapsedDurationMs":166800,"elapsedDuration":"00:02:46.8000000","status":"Completed","source":"Default","position":29,"diffFirstMs":11300,"diffFirst":"00:00:11.3000000","diffPrevMs":1600,"diffPrev":"00:00:01.6000000"},{"stageTimeId":70219,"stageId":1205,"entryId":19728,"elapsedDurationMs":166900,"elapsedDuration":"00:02:46.9000000","status":"Completed","source":"Default","position":30,"diffFirstMs":11400,"diffFirst":"00:00:11.4000000","diffPrevMs":100,"diffPrev":"00:00:00.1000000"},{"stageTimeId":70155,"stageId":1205,"entryId":19725,"elapsedDurationMs":168400,"elapsedDuration":"00:02:48.4000000","status":"Completed","source":"Default","position":31,"diffFirstMs":12900,"diffFirst":"00:00:12.9000000","diffPrevMs":1500,"diffPrev":"00:00:01.5000000"},{"stageTimeId":70066,"stageId":1205,"entryId":19747,"elapsedDurationMs":168800,"elapsedDuration":"00:02:48.8000000","status":"Completed","source":"Default","position":32,"diffFirstMs":13300,"diffFirst":"00:00:13.3000000","diffPrevMs":400,"diffPrev":"00:00:00.4000000"},{"stageTimeId":70087,"stageId":1205,"entryId":19744,"elapsedDurationMs":169900,"elapsedDuration":"00:02:49.9000000","status":"Completed","source":"Default","position":33,"diffFirstMs":14400,"diffFirst":"00:00:14.4000000","diffPrevMs":1100,"diffPrev":"00:00:01.1000000"},{"stageTimeId":70129,"stageId":1205,"entryId":19752,"elapsedDurationMs":170600,"elapsedDuration":"00:02:50.6000000","status":"Completed","source":"Default","position":34,"diffFirstMs":15100,"diffFirst":"00:00:15.1000000","diffPrevMs":700,"diffPrev":"00:00:00.7000000"},{"stageTimeId":69958,"stageId":1205,"entryId":19736,"elapsedDurationMs":173500,"elapsedDuration":"00:02:53.5000000","status":"Completed","source":"Default","position":35,"diffFirstMs":18000,"diffFirst":"00:00:18","diffPrevMs":2900,"diffPrev":"00:00:02.9000000"},{"stageTimeId":70132,"stageId":1205,"entryId":19755,"elapsedDurationMs":173800,"elapsedDuration":"00:02:53.8000000","status":"Completed","source":"Default","position":36,"diffFirstMs":18300,"diffFirst":"00:00:18.3000000","diffPrevMs":300,"diffPrev":"00:00:00.3000000"},{"stageTimeId":70009,"stageId":1205,"entryId":19761,"elapsedDurationMs":180100,"elapsedDuration":"00:03:00.1000000","status":"Completed","source":"Default","position":37,"diffFirstMs":24600,"diffFirst":"00:00:24.6000000","diffPrevMs":6300,"diffPrev":"00:00:06.3000000"},{"stageTimeId":70028,"stageId":1205,"entryId":19768,"elapsedDurationMs":180200,"elapsedDuration":"00:03:00.2000000","status":"Completed","source":"Default","position":38,"diffFirstMs":24700,"diffFirst":"00:00:24.7000000","diffPrevMs":100,"diffPrev":"00:00:00.1000000"},{"stageTimeId":70021,"stageId":1205,"entryId":19767,"elapsedDurationMs":180400,"elapsedDuration":"00:03:00.4000000","status":"Completed","source":"Default","position":39,"diffFirstMs":24900,"diffFirst":"00:00:24.9000000","diffPrevMs":200,"diffPrev":"00:00:00.2000000"},{"stageTimeId":69986,"stageId":1205,"entryId":19764,"elapsedDurationMs":181000,"elapsedDuration":"00:03:01","status":"Completed","source":"Default","position":40,"diffFirstMs":25500,"diffFirst":"00:00:25.5000000","diffPrevMs":600,"diffPrev":"00:00:00.6000000"},{"stageTimeId":70037,"stageId":1205,"entryId":19770,"elapsedDurationMs":181300,"elapsedDuration":"00:03:01.3000000","status":"Completed","source":"Default","position":41,"diffFirstMs":25800,"diffFirst":"00:00:25.8000000","diffPrevMs":300,"diffPrev":"00:00:00.3000000"},{"stageTimeId":69995,"stageId":1205,"entryId":19759,"elapsedDurationMs":181900,"elapsedDuration":"00:03:01.9000000","status":"Completed","source":"Default","position":42,"diffFirstMs":26400,"diffFirst":"00:00:26.4000000","diffPrevMs":600,"diffPrev":"00:00:00.6000000"},{"stageTimeId":70057,"stageId":1205,"entryId":19758,"elapsedDurationMs":184100,"elapsedDuration":"00:03:04.1000000","status":"Completed","source":"Default","position":43,"diffFirstMs":28600,"diffFirst":"00:00:28.6000000","diffPrevMs":2200,"diffPrev":"00:00:02.2000000"},{"stageTimeId":70045,"stageId":1205,"entryId":19765,"elapsedDurationMs":184200,"elapsedDuration":"00:03:04.2000000","status":"Completed","source":"Default","position":44,"diffFirstMs":28700,"diffFirst":"00:00:28.7000000","diffPrevMs":100,"diffPrev":"00:00:00.1000000"},{"stageTimeId":70002,"stageId":1205,"entryId":19760,"elapsedDurationMs":184300,"elapsedDuration":"00:03:04.3000000","status":"Completed","source":"Default","position":45,"diffFirstMs":28800,"diffFirst":"00:00:28.8000000","diffPrevMs":100,"diffPrev":"00:00:00.1000000"},{"stageTimeId":70254,"stageId":1205,"entryId":19772,"elapsedDurationMs":184500,"elapsedDuration":"00:03:04.5000000","status":"Completed","source":"Default","position":46,"diffFirstMs":29000,"diffFirst":"00:00:29","diffPrevMs":200,"diffPrev":"00:00:00.2000000"},{"stageTimeId":70136,"stageId":1205,"entryId":19754,"elapsedDurationMs":186000,"elapsedDuration":"00:03:06","status":"Completed","source":"Default","position":47,"diffFirstMs":30500,"diffFirst":"00:00:30.5000000","diffPrevMs":1500,"diffPrev":"00:00:01.5000000"},{"stageTimeId":70106,"stageId":1205,"entryId":19756,"elapsedDurationMs":188400,"elapsedDuration":"00:03:08.4000000","status":"Completed","source":"Default","position":48,"diffFirstMs":32900,"diffFirst":"00:00:32.9000000","diffPrevMs":2400,"diffPrev":"00:00:02.4000000"},{"stageTimeId":70145,"stageId":1205,"entryId":19769,"elapsedDurationMs":196000,"elapsedDuration":"00:03:16","status":"Completed","source":"Default","position":49,"diffFirstMs":40500,"diffFirst":"00:00:40.5000000","diffPrevMs":7600,"diffPrev":"00:00:07.6000000"},{"stageTimeId":70014,"stageId":1205,"entryId":19766,"elapsedDurationMs":198300,"elapsedDuration":"00:03:18.3000000","status":"Completed","source":"Default","position":50,"diffFirstMs":42800,"diffFirst":"00:00:42.8000000","diffPrevMs":2300,"diffPrev":"00:00:02.3000000"},{"stageTimeId":70262,"stageId":1205,"entryId":19771,"elapsedDurationMs":218700,"elapsedDuration":"00:03:38.7000000","status":"Completed","source":"Default","position":51,"diffFirstMs":63200,"diffFirst":"00:01:03.2000000","diffPrevMs":20400,"diffPrev":"00:00:20.4000000"},{"stageTimeId":70246,"stageId":1205,"entryId":19740,"elapsedDurationMs":581000,"elapsedDuration":"00:09:41","status":"Completed","source":"Assessed","position":52,"diffFirstMs":425500,"diffFirst":"00:07:05.5000000","diffPrevMs":362300,"diffPrev":"00:06:02.3000000"},{"stageTimeId":69961,"stageId":1205,"entryId":19750,"elapsedDurationMs":581000,"elapsedDuration":"00:09:41","status":"Completed","source":"Assessed","position":53,"diffFirstMs":425500,"diffFirst":"00:07:05.5000000","diffPrevMs":0,"diffPrev":"00:00:00"},{"stageTimeId":70121,"stageId":1205,"entryId":19751,"elapsedDurationMs":590600,"elapsedDuration":"00:09:50.6000000","status":"Completed","source":"Assessed","position":54,"diffFirstMs":435100,"diffFirst":"00:07:15.1000000","diffPrevMs":9600,"diffPrev":"00:00:09.6000000"},{"stageTimeId":69972,"stageId":1205,"entryId":19762,"elapsedDurationMs":600100,"elapsedDuration":"00:10:00.1000000","status":"Completed","source":"Assessed","position":55,"diffFirstMs":444600,"diffFirst":"00:07:24.6000000","diffPrevMs":9500,"diffPrev":"00:00:09.5000000"},{"stageTimeId":69988,"stageId":1205,"entryId":19763,"elapsedDurationMs":600100,"elapsedDuration":"00:10:00.1000000","status":"Completed","source":"Assessed","position":56,"diffFirstMs":444600,"diffFirst":"00:07:24.6000000","diffPrevMs":0,"diffPrev":"00:00:00"},{"stageTimeId":70147,"stageId":1205,"entryId":19724,"elapsedDurationMs":762500,"elapsedDuration":"00:12:42.5000000","status":"Completed","source":"Assessed","position":57,"diffFirstMs":607000,"diffFirst":"00:10:07","diffPrevMs":162400,"diffPrev":"00:02:42.4000000"},{"stageTimeId":70051,"stageId":1205,"entryId":19773,"elapsedDurationMs":null,"elapsedDuration":null,"status":"DNF","source":"Default","position":null,"diffFirstMs":null,"diffFirst":null,"diffPrevMs":null,"diffPrev":null},{"stageTimeId":70094,"stageId":1205,"entryId":19746,"elapsedDurationMs":null,"elapsedDuration":null,"status":"DNS","source":"Default","position":null,"diffFirstMs":null,"diffFirst":null,"diffPrevMs":null,"diffPrev":null},{"stageTimeId":70113,"stageId":1205,"entryId":19757,"elapsedDurationMs":null,"elapsedDuration":null,"status":"DNS","source":"Default","position":null,"diffFirstMs":null,"diffFirst":null,"diffPrevMs":null,"diffPrev":null}]