,_record_name,_rosterentryID,car,carnumber,category,codriver,codriverid,driver,driverid,fiasn,fiasn_aus,fiasn_corse,fiasn_fra,fiasn_gb,fiasn_ita16,fiasn_monte,fiasn_old,fiasn_pol,fiasn_swe,formerlastname,hasfootage,id,isrelevant,team,teamid,teamseason
a4edbbdf-f724-4582-88ec-d0d0a5d6b919,Ogier,2096dbd9-005c-4d6c-b69b-4500a2ae53dc,,1,WRC,Ingrassia,6,Ogier,5,191,,,,,,,,,,,,68,1,Volkswagen Motorsport,1,Volkswagen Motorsport
595806a1-50e8-4438-86e5-d5c210c19f6b,Evans,c5f7c667-df85-436a-87e4-92a67f9f2d90,,5,WRC,Barritt,87,Evans,547,66,,,,,,,,,,,,73,1,M-Sport World Rally Team,4,M-Sport World Rally Team
1b322187-fc32-4962-8cd8-5a20f340f9d7,Bouffier,84af75d3-5265-438c-ba35-936ac328d8f9,,20,WRC,Panseri,667,Bouffier,666,38,,,,,,,,,,,,666,1,M-Sport World Rally Team,10,M-Sport World Rally Team
f9a8f129-8536-4702-8a5c-7ed184d0895e,Mikkelsen,51ca20c9-74af-41bb-bd47-57d2120e9d5a,,9,WRC,Floene,113,Mikkelsen,25,284,,182,,,,182,,,,,,76,1,,9,
875b838e-8ba6-4c03-a060-fa4678b1d4ef,Neuville,e941f60c-5e75-4e5d-9927-b0cf90ce1870,,7,WRC,Gilsoul,28,Neuville,27,223,,,,101,,,,,,,,74,1,Hyundai Shell World Rally Team,10,Hyundai Shell World Rally Team
c27388fd-779c-4e31-93d3-17688e792605,Sordo,ab7b77cf-eafa-4d72-be0e-bd3b374ccd16,,8,WRC,Marti,562,Sordo,33,224,,,,,123,123,,,91,,,75,1,Hyundai Shell World Rally Team,10,Hyundai Shell World Rally Team
950022ae-5858-4cf2-81c2-7b4c85a8cbb7,Latvala,e2264608-2ad4-468a-8edb-292950848072,,2,WRC,Anttila,8,Latvala,7,132,285,,,,,,186,,,,,69,1,Volkswagen Motorsport,1,Volkswagen Motorsport
2491cad7-2895-4c7f-8b98-492c6f627ff8,Tänak,a3b5c424-dc74-4610-a3a3-d7a99877aed6,Ford Fiesta R5,6,WRC,Moelder,1815,Tanak,380,36,,,,,,,,,,,,89,1,M-Sport World Rally Team,,
80e970ec-f8b6-4c0a-9d3f-204391cdc646,Lappi,9f996f1b-6921-4b9e-a8ac-95a23e896992,,,WRC,Ferm,,Lappi,,,,,,,,,,,,,,,1,,,
4b128056-f923-4561-ba78-fc8c22bd86b8,Meeke,9ec05fd3-5c10-40b9-ae59-5f022f39d736,,3,WRC,Nagle,47,Meeke,23,,,,,,,139,,25,,,,70,1,Citroen Total Abu Dhabi World Rally Team,2,Citroen Total Abu Dhabi World Rally Team
89db3396-724c-44ac-9aa6-b90bf143b038,Breen,46829eb8-ca88-4616-91fe-92256fafecc3,,,WRC,Martin,,Breen,,25,,,,,30,,,,,,,,1,,,
e5095e88-da0f-4d5e-aa48-c2c17a0676ce,Villa,e6c4e8b9-87b0-49c3-999c-3b98c92a279d,,,WRC,Michi,,Villa,,,,,,,,,,,,,,,1,,,
259c195c-96e0-4076-bbff-45ad2cf632dd,Camilli,a9ab9237-701e-4e18-96c5-a99df36308be,,,WRC2,Veillas,667_x,Bouffier,666_x,236,,,,,,,,,,,,666_x,1,M-Sport World Rally Team,10,M-Sport World Rally Team
47e12a69-2fd8-4864-8ba2-652b5e8e0ad5,Kopecky,aac1eb74-eaf1-4a46-b46e-82681df69887,,,WRC2,Dresler,,Kopecky,,,,,,,,,,,,,true,,1,,,
590ba6fb-dc96-41c6-8243-522ac47106af,Suninen,7e374053-929c-4942-937d-c7fc84cbd2cc,,,WRC2,Markkula,,Suninen,,,,,,,,,,,,,true,,1,,,
f99f6d5d-af16-4166-8f32-eadc0d79361c,Abbring,c1500c1b-abfd-49eb-a8c0-7c3193280f81,,10,WRC2,Marshall,,Abbring,,223,,,224,,,,,223,,,,,1,Hyundai Motorsport N,,
9b702092-d731-49df-b266-1b0368be264c,De mevious,5081c716-bb96-446f-8a5d-8cb5caa843bf,,,WRC2,Louka,,de Mevius,,,,,,,,,,,,,,,1,,,
8023d936-ddcb-40bc-be28-044f55cb6288,Sciessere,da920881-ef3a-4285-ba55-c13135d7a3d8,,,WRC2,Zanella,,Sciessere,,,,,,,,,,,,,,,1,,,
e5dbfed5-76f6-40e6-8a8e-101f9c13258f,Veiby,38e4525a-9070-48f7-9b34-0eb13a3817e7,,,WRC2,Skjaermoen,,Veiby,,,,,,,,,,,,,,,1,,,
fb3eb7b8-1b01-4391-843d-f9507ca8039e,Burri,70c51773-1f42-414e-be2c-727141138f76,,,WRC2,Levratti,,Burri,,,,,,,,,,,,,,,1,,,
1e4e2ed0-bd71-430d-ae1a-2570b915a95a,Rovanperä,96e33cfe-f8b9-4344-b4ac-83ae8b236a11,,,WRC2,Halttunen,,Rovanperä,,,,,,,,,,,,,,,1,,,
663dd22c-254a-44c3-862e-cb5f3ed09ea2,Giordano,f7951e93-b6ff-496f-b989-a0e7afaee233,Citroen DS3 R3,,WRC2,Duval,789,Giordano,766,,,,,,,,,,,,,540,1,,,
79d1d626-3edd-467b-a4de-674199bf86cd,Arzeno,1c531f8e-5cc6-49ea-bf13-d9769bf56ba9,,,WRC2,Roche,,Arzeno,,,,,,,,,,,,,,,1,,,
e66b96f0-5338-4ec7-9a46-5b001fd2d680,Sarrazin,4af972d8-726f-4129-9423-21b852c7d14d,,,WRC2,Renucci,,Sarrazin,,,,,,,,,,,,,,,1,,,
ac20ba7a-3e13-400d-bc5d-7038d60634ad,Carret,a7164367-7b51-48b2-8714-a0a2cb8122a3,,,WRC2,Mathias,,Carret,,,,,,,,,,,,,,,1,,,
cd86ff1f-a0c8-4a2c-a2db-a7bae42e4dff,Vossen,ce397d7a-3f83-4235-8ba9-d0b60567bcea,,,WRC2,van Radboud,,Vossen,,,,,,,,,,,,,,,1,,,
541523a5-786b-4b3b-bf22-4180a38b9c81,Boland,96e35cf6-da65-4c34-a97c-340822ce36ec,,,WRC2,Morrissey,,Boland,,,,,,,,,,,,,,,1,,,
6a0490ab-2309-41a7-acab-c7afa9ee065e,Mccormack,dc8ed345-8842-4eb7-9895-0f8de17b0808,,,WRC2,Fitzgerald,,Mccormack,,,,,,,,,,,,,,,1,,,
