,_record_name,hasgps,nr,offset,position,racetime,sas-data,telemetry,telemetry_merged,time,_rally_stageid,_carentryid
a9712f24-775d-4e93-9c44-a876999d7079_89db3396-724c-44ac-9aa6-b90bf143b038,Breen,,11,1517139000000,7,615500,true,/a506b05d-371f-4110-bd94-c0d1ff725926/ss17bre_telemetry_js/js,,01/28/2018 12:30:00,a9712f24-775d-4e93-9c44-a876999d7079,89db3396-724c-44ac-9aa6-b90bf143b038
a9712f24-775d-4e93-9c44-a876999d7079_1b322187-fc32-4962-8cd8-5a20f340f9d7,Bouffier,true,3,1517139240000,9,632300,true,/a506b05d-371f-4110-bd94-c0d1ff725926/ss17bou_telemetry_js/js,/a506b05d-371f-4110-bd94-c0d1ff725926/ss17bou_telemetry_js_merged/js,01/28/2018 12:34:00,a9712f24-775d-4e93-9c44-a876999d7079,1b322187-fc32-4962-8cd8-5a20f340f9d7
a9712f24-775d-4e93-9c44-a876999d7079_47e12a69-2fd8-4864-8ba2-652b5e8e0ad5,Kopecky,,32,1517138760000,11,640800,true,/a506b05d-371f-4110-bd94-c0d1ff725926/ss17kop_telemetry_js/js,,01/28/2018 12:26:00,a9712f24-775d-4e93-9c44-a876999d7079,47e12a69-2fd8-4864-8ba2-652b5e8e0ad5
a9712f24-775d-4e93-9c44-a876999d7079_595806a1-50e8-4438-86e5-d5c210c19f6b,Evans,true,2,1517139720000,8,617200,true,/a506b05d-371f-4110-bd94-c0d1ff725926/ss17eva_telemetry_js/js,/a506b05d-371f-4110-bd94-c0d1ff725926/ss17eva_telemetry_js_merged/js,01/28/2018 12:42:00,a9712f24-775d-4e93-9c44-a876999d7079,595806a1-50e8-4438-86e5-d5c210c19f6b
a9712f24-775d-4e93-9c44-a876999d7079_950022ae-5858-4cf2-81c2-7b4c85a8cbb7,Latvala,true,7,1517140500000,4,613600,true,/a506b05d-371f-4110-bd94-c0d1ff725926/ss17lat_telemetry_js/js,/a506b05d-371f-4110-bd94-c0d1ff725926/ss17lat_telemetry_js_merged/js,01/28/2018 12:55:00,a9712f24-775d-4e93-9c44-a876999d7079,950022ae-5858-4cf2-81c2-7b4c85a8cbb7
a9712f24-775d-4e93-9c44-a876999d7079_80e970ec-f8b6-4c0a-9d3f-204391cdc646,Lappi,true,9,1517140200000,10,639700,true,/a506b05d-371f-4110-bd94-c0d1ff725926/ss17lap_telemetry_js/js,/a506b05d-371f-4110-bd94-c0d1ff725926/ss17lap_telemetry_js_merged/js,01/28/2018 12:50:00,a9712f24-775d-4e93-9c44-a876999d7079,80e970ec-f8b6-4c0a-9d3f-204391cdc646
a9712f24-775d-4e93-9c44-a876999d7079_590ba6fb-dc96-41c6-8243-522ac47106af,Suninen,,33,1517141460000,12,646300,true,/a506b05d-371f-4110-bd94-c0d1ff725926/ss17sun_telemetry_js/js,,01/28/2018 13:11:00,a9712f24-775d-4e93-9c44-a876999d7079,590ba6fb-dc96-41c6-8243-522ac47106af
a9712f24-775d-4e93-9c44-a876999d7079_f9a8f129-8536-4702-8a5c-7ed184d0895e,Mikkelsen,true,4,1517138280000,3,611100,true,/a506b05d-371f-4110-bd94-c0d1ff725926/ss17mik_telemetry_js/js,/a506b05d-371f-4110-bd94-c0d1ff725926/ss17mik_telemetry_js_merged/js,01/28/2018 12:18:00,a9712f24-775d-4e93-9c44-a876999d7079,f9a8f129-8536-4702-8a5c-7ed184d0895e
a9712f24-775d-4e93-9c44-a876999d7079_875b838e-8ba6-4c03-a060-fa4678b1d4ef,Neuville,true,5,1517139480000,2,609000,true,/a506b05d-371f-4110-bd94-c0d1ff725926/ss17neu_telemetry_js/js,/a506b05d-371f-4110-bd94-c0d1ff725926/ss17neu_telemetry_js_merged/js,01/28/2018 12:38:00,a9712f24-775d-4e93-9c44-a876999d7079,875b838e-8ba6-4c03-a060-fa4678b1d4ef
a9712f24-775d-4e93-9c44-a876999d7079_4b128056-f923-4561-ba78-fc8c22bd86b8,Meeke,,10,1517139960000,1,606700,true,/a506b05d-371f-4110-bd94-c0d1ff725926/ss17mee_telemetry_js/js,,01/28/2018 12:46:00,a9712f24-775d-4e93-9c44-a876999d7079,4b128056-f923-4561-ba78-fc8c22bd86b8
a9712f24-775d-4e93-9c44-a876999d7079_a4edbbdf-f724-4582-88ec-d0d0a5d6b919,Ogier,true,1,1517141100000,5,614800,,/a506b05d-371f-4110-bd94-c0d1ff725926/ss17ogi_telemetry_js/js,/a506b05d-371f-4110-bd94-c0d1ff725926/ss17ogi_telemetry_js_merged/js,01/28/2018 13:05:00,a9712f24-775d-4e93-9c44-a876999d7079,a4edbbdf-f724-4582-88ec-d0d0a5d6b919
a9712f24-775d-4e93-9c44-a876999d7079_2491cad7-2895-4c7f-8b98-492c6f627ff8,Tanak,,8,1517140800000,6,615200,true,/a506b05d-371f-4110-bd94-c0d1ff725926/ss17tan_telemetry_js/js,,01/28/2018 13:00:00,a9712f24-775d-4e93-9c44-a876999d7079,2491cad7-2895-4c7f-8b98-492c6f627ff8
