,_record_name,hasgps,nr,offset,position,racetime,sas-data,telemetry,telemetry_merged,time,_rally_stageid,_carentryid
20c6c935-7924-4caf-a3b4-7c88d21ba9d1_595806a1-50e8-4438-86e5-d5c210c19f6b,Evans,true,2,1516957920000,5,1117700,true,/a506b05d-371f-4110-bd94-c0d1ff725926/ss04eva_telemetry_js/js,/a506b05d-371f-4110-bd94-c0d1ff725926/ss04eva_telemetry_js_merged/js,01/26/2018 10:12:00,20c6c935-7924-4caf-a3b4-7c88d21ba9d1,595806a1-50e8-4438-86e5-d5c210c19f6b
20c6c935-7924-4caf-a3b4-7c88d21ba9d1_950022ae-5858-4cf2-81c2-7b4c85a8cbb7,Latvala,true,7,1516957800000,7,1119000,true,/a506b05d-371f-4110-bd94-c0d1ff725926/ss04lat_telemetry_js/js,/a506b05d-371f-4110-bd94-c0d1ff725926/ss04lat_telemetry_js_merged/js,01/26/2018 10:10:00,20c6c935-7924-4caf-a3b4-7c88d21ba9d1,950022ae-5858-4cf2-81c2-7b4c85a8cbb7
20c6c935-7924-4caf-a3b4-7c88d21ba9d1_875b838e-8ba6-4c03-a060-fa4678b1d4ef,Neuville,true,5,1516957560000,2,1107200,true,/a506b05d-371f-4110-bd94-c0d1ff725926/ss04neu_telemetry_js/js,/a506b05d-371f-4110-bd94-c0d1ff725926/ss04neu_telemetry_js_merged/js,01/26/2018 10:06:00,20c6c935-7924-4caf-a3b4-7c88d21ba9d1,875b838e-8ba6-4c03-a060-fa4678b1d4ef
20c6c935-7924-4caf-a3b4-7c88d21ba9d1_c27388fd-779c-4e31-93d3-17688e792605,Sordo,true,6,1516958040000,4,1113800,true,/a506b05d-371f-4110-bd94-c0d1ff725926/ss04sor_telemetry_js/js,/a506b05d-371f-4110-bd94-c0d1ff725926/ss04sor_telemetry_js_merged/js,01/26/2018 10:14:00,20c6c935-7924-4caf-a3b4-7c88d21ba9d1,c27388fd-779c-4e31-93d3-17688e792605
20c6c935-7924-4caf-a3b4-7c88d21ba9d1_4b128056-f923-4561-ba78-fc8c22bd86b8,Meeke,,10,1516958160000,8,1125000,true,/a506b05d-371f-4110-bd94-c0d1ff725926/ss04mee_telemetry_js/js,,01/26/2018 10:16:00,20c6c935-7924-4caf-a3b4-7c88d21ba9d1,4b128056-f923-4561-ba78-fc8c22bd86b8
20c6c935-7924-4caf-a3b4-7c88d21ba9d1_a4edbbdf-f724-4582-88ec-d0d0a5d6b919,Ogier,true,1,1516957440000,1,1105300,true,/a506b05d-371f-4110-bd94-c0d1ff725926/ss04ogi_telemetry_js/js,/a506b05d-371f-4110-bd94-c0d1ff725926/ss04ogi_telemetry_js_merged/js,01/26/2018 10:04:00,20c6c935-7924-4caf-a3b4-7c88d21ba9d1,a4edbbdf-f724-4582-88ec-d0d0a5d6b919
20c6c935-7924-4caf-a3b4-7c88d21ba9d1_89db3396-724c-44ac-9aa6-b90bf143b038,Breen,true,11,1516958280000,10,1152400,true,/a506b05d-371f-4110-bd94-c0d1ff725926/ss04bre_telemetry_js/js,/a506b05d-371f-4110-bd94-c0d1ff725926/ss04bre_telemetry_js_merged/js,01/26/2018 10:18:00,20c6c935-7924-4caf-a3b4-7c88d21ba9d1,89db3396-724c-44ac-9aa6-b90bf143b038
20c6c935-7924-4caf-a3b4-7c88d21ba9d1_47e12a69-2fd8-4864-8ba2-652b5e8e0ad5,Kopecky,,32,1516958760000,13,1174500,true,/a506b05d-371f-4110-bd94-c0d1ff725926/ss04kop_telemetry_js/js,,01/26/2018 10:26:00,20c6c935-7924-4caf-a3b4-7c88d21ba9d1,47e12a69-2fd8-4864-8ba2-652b5e8e0ad5
20c6c935-7924-4caf-a3b4-7c88d21ba9d1_259c195c-96e0-4076-bbff-45ad2cf632dd,Camilli,,31,1516958700000,15,1190900,true,/a506b05d-371f-4110-bd94-c0d1ff725926/ss04cam_telemetry_js/js,,01/26/2018 10:25:00,20c6c935-7924-4caf-a3b4-7c88d21ba9d1,259c195c-96e0-4076-bbff-45ad2cf632dd
20c6c935-7924-4caf-a3b4-7c88d21ba9d1_2491cad7-2895-4c7f-8b98-492c6f627ff8,Tanak,,8,1516957680000,3,1109300,true,/a506b05d-371f-4110-bd94-c0d1ff725926/ss04tan_telemetry_js/js,,01/26/2018 10:08:00,20c6c935-7924-4caf-a3b4-7c88d21ba9d1,2491cad7-2895-4c7f-8b98-492c6f627ff8
