,_record_name,hasgps,nr,offset,position,racetime,sas-data,telemetry,telemetry_merged,time,_rally_stageid,_carentryid
a4e7821b-bdcc-41b9-976f-a0e9824aec8b_1b322187-fc32-4962-8cd8-5a20f340f9d7,Bouffier,true,3,1516972620000,10,1033600,true,/a506b05d-371f-4110-bd94-c0d1ff725926/ss06bou_telemetry_js/js,/a506b05d-371f-4110-bd94-c0d1ff725926/ss06bou_telemetry_js_merged/js,01/26/2018 14:17:00,a4e7821b-bdcc-41b9-976f-a0e9824aec8b,1b322187-fc32-4962-8cd8-5a20f340f9d7
a4e7821b-bdcc-41b9-976f-a0e9824aec8b_259c195c-96e0-4076-bbff-45ad2cf632dd,Camilli,,31,1516972680000,55,1482400,true,/a506b05d-371f-4110-bd94-c0d1ff725926/ss06cam_telemetry_js/js,,01/26/2018 14:18:00,a4e7821b-bdcc-41b9-976f-a0e9824aec8b,259c195c-96e0-4076-bbff-45ad2cf632dd
a4e7821b-bdcc-41b9-976f-a0e9824aec8b_89db3396-724c-44ac-9aa6-b90bf143b038,Breen,true,11,1516972380000,7,1020600,true,/a506b05d-371f-4110-bd94-c0d1ff725926/ss06bre_telemetry_js/js,/a506b05d-371f-4110-bd94-c0d1ff725926/ss06bre_telemetry_js_merged/js,01/26/2018 14:13:00,a4e7821b-bdcc-41b9-976f-a0e9824aec8b,89db3396-724c-44ac-9aa6-b90bf143b038
a4e7821b-bdcc-41b9-976f-a0e9824aec8b_47e12a69-2fd8-4864-8ba2-652b5e8e0ad5,Kopecky,,32,1516972740000,11,1062400,true,/a506b05d-371f-4110-bd94-c0d1ff725926/ss06kop_telemetry_js/js,,01/26/2018 14:19:00,a4e7821b-bdcc-41b9-976f-a0e9824aec8b,47e12a69-2fd8-4864-8ba2-652b5e8e0ad5
a4e7821b-bdcc-41b9-976f-a0e9824aec8b_950022ae-5858-4cf2-81c2-7b4c85a8cbb7,Latvala,true,7,1516971900000,4,1012800,true,/a506b05d-371f-4110-bd94-c0d1ff725926/ss06lat_telemetry_js/js,/a506b05d-371f-4110-bd94-c0d1ff725926/ss06lat_telemetry_js_merged/js,01/26/2018 14:05:00,a4e7821b-bdcc-41b9-976f-a0e9824aec8b,950022ae-5858-4cf2-81c2-7b4c85a8cbb7
a4e7821b-bdcc-41b9-976f-a0e9824aec8b_4b128056-f923-4561-ba78-fc8c22bd86b8,Meeke,,10,1516972260000,5,1013700,true,/a506b05d-371f-4110-bd94-c0d1ff725926/ss06mee_telemetry_js/js,,01/26/2018 14:11:00,a4e7821b-bdcc-41b9-976f-a0e9824aec8b,4b128056-f923-4561-ba78-fc8c22bd86b8
a4e7821b-bdcc-41b9-976f-a0e9824aec8b_875b838e-8ba6-4c03-a060-fa4678b1d4ef,Neuville,true,5,1516971660000,3,1012200,true,/a506b05d-371f-4110-bd94-c0d1ff725926/ss06neu_telemetry_js/js,/a506b05d-371f-4110-bd94-c0d1ff725926/ss06neu_telemetry_js_merged/js,01/26/2018 14:01:00,a4e7821b-bdcc-41b9-976f-a0e9824aec8b,875b838e-8ba6-4c03-a060-fa4678b1d4ef
a4e7821b-bdcc-41b9-976f-a0e9824aec8b_c27388fd-779c-4e31-93d3-17688e792605,Sordo,true,6,1516972140000,9,1032400,true,/a506b05d-371f-4110-bd94-c0d1ff725926/ss06sor_telemetry_js/js,/a506b05d-371f-4110-bd94-c0d1ff725926/ss06sor_telemetry_js_merged/js,01/26/2018 14:09:00,a4e7821b-bdcc-41b9-976f-a0e9824aec8b,c27388fd-779c-4e31-93d3-17688e792605
a4e7821b-bdcc-41b9-976f-a0e9824aec8b_a4edbbdf-f724-4582-88ec-d0d0a5d6b919,Ogier,,1,1516971540000,2,1012000,true,/a506b05d-371f-4110-bd94-c0d1ff725926/ss06ogi_telemetry_js/js,,01/26/2018 13:59:00,a4e7821b-bdcc-41b9-976f-a0e9824aec8b,a4edbbdf-f724-4582-88ec-d0d0a5d6b919
a4e7821b-bdcc-41b9-976f-a0e9824aec8b_595806a1-50e8-4438-86e5-d5c210c19f6b,Evans,,2,1516972020000,8,1025600,true,/a506b05d-371f-4110-bd94-c0d1ff725926/ss06eva_telemetry_js/js,,01/26/2018 14:07:00,a4e7821b-bdcc-41b9-976f-a0e9824aec8b,595806a1-50e8-4438-86e5-d5c210c19f6b
a4e7821b-bdcc-41b9-976f-a0e9824aec8b_2491cad7-2895-4c7f-8b98-492c6f627ff8,Tanak,,8,1516971780000,1,1005500,true,/a506b05d-371f-4110-bd94-c0d1ff725926/ss06tan_telemetry_js/js,,01/26/2018 14:03:00,a4e7821b-bdcc-41b9-976f-a0e9824aec8b,2491cad7-2895-4c7f-8b98-492c6f627ff8
