,_record_name,hasgps,nr,offset,position,racetime,sas-data,telemetry,telemetry_merged,time,_rally_stageid,_carentryid
00b9d010-710b-4739-90d4-e8ec05edec19_89db3396-724c-44ac-9aa6-b90bf143b038,Breen,,11,1517133300000,3,803100,true,/a506b05d-371f-4110-bd94-c0d1ff725926/ss16bre_telemetry_js/js,,01/28/2018 10:55:00,00b9d010-710b-4739-90d4-e8ec05edec19,89db3396-724c-44ac-9aa6-b90bf143b038
00b9d010-710b-4739-90d4-e8ec05edec19_595806a1-50e8-4438-86e5-d5c210c19f6b,Evans,true,2,1517133840000,2,789300,true,/a506b05d-371f-4110-bd94-c0d1ff725926/ss16eva_telemetry_js/js,/a506b05d-371f-4110-bd94-c0d1ff725926/ss16eva_telemetry_js_merged/js,01/28/2018 11:04:00,00b9d010-710b-4739-90d4-e8ec05edec19,595806a1-50e8-4438-86e5-d5c210c19f6b
00b9d010-710b-4739-90d4-e8ec05edec19_80e970ec-f8b6-4c0a-9d3f-204391cdc646,Lappi,true,9,1517134200000,4,805300,true,/a506b05d-371f-4110-bd94-c0d1ff725926/ss16lap_telemetry_js/js,/a506b05d-371f-4110-bd94-c0d1ff725926/ss16lap_telemetry_js_merged/js,01/28/2018 11:10:00,00b9d010-710b-4739-90d4-e8ec05edec19,80e970ec-f8b6-4c0a-9d3f-204391cdc646
00b9d010-710b-4739-90d4-e8ec05edec19_47e12a69-2fd8-4864-8ba2-652b5e8e0ad5,Kopecky,,32,1517135100000,10,854300,true,/a506b05d-371f-4110-bd94-c0d1ff725926/ss16kop_telemetry_js/js,,01/28/2018 11:25:00,00b9d010-710b-4739-90d4-e8ec05edec19,47e12a69-2fd8-4864-8ba2-652b5e8e0ad5
00b9d010-710b-4739-90d4-e8ec05edec19_875b838e-8ba6-4c03-a060-fa4678b1d4ef,Neuville,true,5,1517133660000,1,787800,true,/a506b05d-371f-4110-bd94-c0d1ff725926/ss16neu_telemetry_js/js,/a506b05d-371f-4110-bd94-c0d1ff725926/ss16neu_telemetry_js_merged/js,01/28/2018 11:01:00,00b9d010-710b-4739-90d4-e8ec05edec19,875b838e-8ba6-4c03-a060-fa4678b1d4ef
00b9d010-710b-4739-90d4-e8ec05edec19_950022ae-5858-4cf2-81c2-7b4c85a8cbb7,Latvala,true,7,1517134380000,7,814100,true,/a506b05d-371f-4110-bd94-c0d1ff725926/ss16lat_telemetry_js/js,/a506b05d-371f-4110-bd94-c0d1ff725926/ss16lat_telemetry_js_merged/js,01/28/2018 11:13:00,00b9d010-710b-4739-90d4-e8ec05edec19,950022ae-5858-4cf2-81c2-7b4c85a8cbb7
00b9d010-710b-4739-90d4-e8ec05edec19_4b128056-f923-4561-ba78-fc8c22bd86b8,Meeke,,10,1517134020000,5,810900,true,/a506b05d-371f-4110-bd94-c0d1ff725926/ss16mee_telemetry_js/js,,01/28/2018 11:07:00,00b9d010-710b-4739-90d4-e8ec05edec19,4b128056-f923-4561-ba78-fc8c22bd86b8
00b9d010-710b-4739-90d4-e8ec05edec19_f9a8f129-8536-4702-8a5c-7ed184d0895e,Mikkelsen,true,4,1517134920000,12,861900,true,/a506b05d-371f-4110-bd94-c0d1ff725926/ss16mik_telemetry_js/js,/a506b05d-371f-4110-bd94-c0d1ff725926/ss16mik_telemetry_js_merged/js,01/28/2018 11:22:00,00b9d010-710b-4739-90d4-e8ec05edec19,f9a8f129-8536-4702-8a5c-7ed184d0895e
00b9d010-710b-4739-90d4-e8ec05edec19_a4edbbdf-f724-4582-88ec-d0d0a5d6b919,Ogier,true,1,1517134740000,6,812600,true,/a506b05d-371f-4110-bd94-c0d1ff725926/ss16ogi_telemetry_js/js,/a506b05d-371f-4110-bd94-c0d1ff725926/ss16ogi_telemetry_js_merged/js,01/28/2018 11:19:00,00b9d010-710b-4739-90d4-e8ec05edec19,a4edbbdf-f724-4582-88ec-d0d0a5d6b919
00b9d010-710b-4739-90d4-e8ec05edec19_2491cad7-2895-4c7f-8b98-492c6f627ff8,Tanak,,8,1517134560000,8,824300,true,/a506b05d-371f-4110-bd94-c0d1ff725926/ss16tan_telemetry_js/js,,01/28/2018 11:16:00,00b9d010-710b-4739-90d4-e8ec05edec19,2491cad7-2895-4c7f-8b98-492c6f627ff8
00b9d010-710b-4739-90d4-e8ec05edec19_590ba6fb-dc96-41c6-8243-522ac47106af,Suninen,,33,1517135820000,9,840400,true,/a506b05d-371f-4110-bd94-c0d1ff725926/ss16sun_telemetry_js/js,,01/28/2018 11:37:00,00b9d010-710b-4739-90d4-e8ec05edec19,590ba6fb-dc96-41c6-8243-522ac47106af
