,accx,accy,altitude,brk,driverid,gear,heading,kms,lat,lon,name,rpm,speed,status,throttle,track,utx,_rally_stageid,_carentryid,_telemetryID,_name
0,0,0,0,0,,0,128,3.5,44.43713,5.92371,031,0,0,,0,,1516973936600,a4e7821b-bdcc-41b9-976f-a0e9824aec8b,259c195c-96e0-4076-bbff-45ad2cf632dd,/a506b05d-371f-4110-bd94-c0d1ff725926/ss06cam_telemetry_js/js,Camilli
2,0,0,0,0,,0,128,3.5,44.43714,5.92372,031,0,0,,0,,1516973885400,a4e7821b-bdcc-41b9-976f-a0e9824aec8b,259c195c-96e0-4076-bbff-45ad2cf632dd,/a506b05d-371f-4110-bd94-c0d1ff725926/ss06cam_telemetry_js/js,Camilli
4,0,0,0,0,,0,128,3.5,44.43714,5.92372,031,0,0,,0,,1516973883200,a4e7821b-bdcc-41b9-976f-a0e9824aec8b,259c195c-96e0-4076-bbff-45ad2cf632dd,/a506b05d-371f-4110-bd94-c0d1ff725926/ss06cam_telemetry_js/js,Camilli
5,0,0,0,0,,0,128,3.5,44.43715,5.92373,031,0,0,,0,,1516973872400,a4e7821b-bdcc-41b9-976f-a0e9824aec8b,259c195c-96e0-4076-bbff-45ad2cf632dd,/a506b05d-371f-4110-bd94-c0d1ff725926/ss06cam_telemetry_js/js,Camilli
7,0,0,0,0,,0,128,3.5,44.43714,5.92373,031,0,0,,0,,1516973846800,a4e7821b-bdcc-41b9-976f-a0e9824aec8b,259c195c-96e0-4076-bbff-45ad2cf632dd,/a506b05d-371f-4110-bd94-c0d1ff725926/ss06cam_telemetry_js/js,Camilli
9,0,0,0,0,,0,128,3.5,44.43714,5.92372,031,0,0,,0,,1516973840400,a4e7821b-bdcc-41b9-976f-a0e9824aec8b,259c195c-96e0-4076-bbff-45ad2cf632dd,/a506b05d-371f-4110-bd94-c0d1ff725926/ss06cam_telemetry_js/js,Camilli
11,0,0,0,0,,0,128,3.5,44.43715,5.9237,031,0,0,,0,,1516973833800,a4e7821b-bdcc-41b9-976f-a0e9824aec8b,259c195c-96e0-4076-bbff-45ad2cf632dd,/a506b05d-371f-4110-bd94-c0d1ff725926/ss06cam_telemetry_js/js,Camilli
13,0,0,0,0,,0,128,3.5,44.43716,5.92373,031,0,0,,0,,1516973635200,a4e7821b-bdcc-41b9-976f-a0e9824aec8b,259c195c-96e0-4076-bbff-45ad2cf632dd,/a506b05d-371f-4110-bd94-c0d1ff725926/ss06cam_telemetry_js/js,Camilli
15,0,0,0,0,,0,128,3.5,44.43714,5.92371,031,0,0,,0,,1516973487600,a4e7821b-bdcc-41b9-976f-a0e9824aec8b,259c195c-96e0-4076-bbff-45ad2cf632dd,/a506b05d-371f-4110-bd94-c0d1ff725926/ss06cam_telemetry_js/js,Camilli
16,0,0,0,0,,0,128,3.5,44.43714,5.9237,031,0,0,,0,,1516973466400,a4e7821b-bdcc-41b9-976f-a0e9824aec8b,259c195c-96e0-4076-bbff-45ad2cf632dd,/a506b05d-371f-4110-bd94-c0d1ff725926/ss06cam_telemetry_js/js,Camilli
17,0,0,0,0,,0,128,3.5,44.43713,5.92373,031,0,0,,0,,1516973401600,a4e7821b-bdcc-41b9-976f-a0e9824aec8b,259c195c-96e0-4076-bbff-45ad2cf632dd,/a506b05d-371f-4110-bd94-c0d1ff725926/ss06cam_telemetry_js/js,Camilli
18,0,0,0,0,,0,128,3.5,44.43713,5.92371,031,0,0,,0,,1516973395200,a4e7821b-bdcc-41b9-976f-a0e9824aec8b,259c195c-96e0-4076-bbff-45ad2cf632dd,/a506b05d-371f-4110-bd94-c0d1ff725926/ss06cam_telemetry_js/js,Camilli
19,0,0,0,0,,0,128,3.5,44.43712,5.92372,031,0,0,,0,,1516973375200,a4e7821b-bdcc-41b9-976f-a0e9824aec8b,259c195c-96e0-4076-bbff-45ad2cf632dd,/a506b05d-371f-4110-bd94-c0d1ff725926/ss06cam_telemetry_js/js,Camilli
20,0,0,0,0,,0,128,3.5,44.43714,5.92371,031,0,0,,0,,1516973332500,a4e7821b-bdcc-41b9-976f-a0e9824aec8b,259c195c-96e0-4076-bbff-45ad2cf632dd,/a506b05d-371f-4110-bd94-c0d1ff725926/ss06cam_telemetry_js/js,Camilli
21,0,0,0,0,,0,308,3.4,44.43616,5.92446,031,0,67,,0,,1516973303800,a4e7821b-bdcc-41b9-976f-a0e9824aec8b,259c195c-96e0-4076-bbff-45ad2cf632dd,/a506b05d-371f-4110-bd94-c0d1ff725926/ss06cam_telemetry_js/js,Camilli
22,0,0,0,0,,0,216,2.8,44.43497,5.92815,031,0,87,,0,,1516973216900,a4e7821b-bdcc-41b9-976f-a0e9824aec8b,259c195c-96e0-4076-bbff-45ad2cf632dd,/a506b05d-371f-4110-bd94-c0d1ff725926/ss06cam_telemetry_js/js,Camilli
23,0,0,0,0,,0,274,3.3,44.43607,5.92466,031,0,55,,0,,1516973181200,a4e7821b-bdcc-41b9-976f-a0e9824aec8b,259c195c-96e0-4076-bbff-45ad2cf632dd,/a506b05d-371f-4110-bd94-c0d1ff725926/ss06cam_telemetry_js/js,Camilli
24,0,0,0,0,,0,128,3.5,44.43715,5.92371,031,0,0,,0,,1516973180600,a4e7821b-bdcc-41b9-976f-a0e9824aec8b,259c195c-96e0-4076-bbff-45ad2cf632dd,/a506b05d-371f-4110-bd94-c0d1ff725926/ss06cam_telemetry_js/js,Camilli
25,0,0,0,0,,0,128,3.5,44.43715,5.92371,031,0,0,,0,,1516973176600,a4e7821b-bdcc-41b9-976f-a0e9824aec8b,259c195c-96e0-4076-bbff-45ad2cf632dd,/a506b05d-371f-4110-bd94-c0d1ff725926/ss06cam_telemetry_js/js,Camilli
26,0,0,0,0,,0,128,3.5,44.43715,5.92374,031,0,0,,0,,1516973117800,a4e7821b-bdcc-41b9-976f-a0e9824aec8b,259c195c-96e0-4076-bbff-45ad2cf632dd,/a506b05d-371f-4110-bd94-c0d1ff725926/ss06cam_telemetry_js/js,Camilli
27,0,0,0,0,,0,318,3.4,44.43634,5.9242,031,0,86,,0,,1516973116900,a4e7821b-bdcc-41b9-976f-a0e9824aec8b,259c195c-96e0-4076-bbff-45ad2cf632dd,/a506b05d-371f-4110-bd94-c0d1ff725926/ss06cam_telemetry_js/js,Camilli
28,0,0,0,0,,0,322,3.4,44.4364,5.92415,031,0,84,,0,,1516973061300,a4e7821b-bdcc-41b9-976f-a0e9824aec8b,259c195c-96e0-4076-bbff-45ad2cf632dd,/a506b05d-371f-4110-bd94-c0d1ff725926/ss06cam_telemetry_js/js,Camilli
29,0,0,0,0,,0,128,3.5,44.43714,5.92373,031,0,0,,0,,1516973043100,a4e7821b-bdcc-41b9-976f-a0e9824aec8b,259c195c-96e0-4076-bbff-45ad2cf632dd,/a506b05d-371f-4110-bd94-c0d1ff725926/ss06cam_telemetry_js/js,Camilli
30,0,0,0,0,,0,128,3.5,44.43713,5.92372,031,0,0,,0,,1516972999200,a4e7821b-bdcc-41b9-976f-a0e9824aec8b,259c195c-96e0-4076-bbff-45ad2cf632dd,/a506b05d-371f-4110-bd94-c0d1ff725926/ss06cam_telemetry_js/js,Camilli
31,0,0,0,0,,0,314,3.3,44.43625,5.92435,031,0,81,,0,,1516972998300,a4e7821b-bdcc-41b9-976f-a0e9824aec8b,259c195c-96e0-4076-bbff-45ad2cf632dd,/a506b05d-371f-4110-bd94-c0d1ff725926/ss06cam_telemetry_js/js,Camilli
32,0,0,0,0,,0,128,3.5,44.43714,5.92372,031,0,0,,0,,1516972993800,a4e7821b-bdcc-41b9-976f-a0e9824aec8b,259c195c-96e0-4076-bbff-45ad2cf632dd,/a506b05d-371f-4110-bd94-c0d1ff725926/ss06cam_telemetry_js/js,Camilli
33,0,0,0,0,,0,128,3.5,44.43715,5.92373,031,0,0,,0,,1516972924000,a4e7821b-bdcc-41b9-976f-a0e9824aec8b,259c195c-96e0-4076-bbff-45ad2cf632dd,/a506b05d-371f-4110-bd94-c0d1ff725926/ss06cam_telemetry_js/js,Camilli
34,0,0,0,0,,0,128,3.5,44.43716,5.92372,031,0,0,,0,,1516972922000,a4e7821b-bdcc-41b9-976f-a0e9824aec8b,259c195c-96e0-4076-bbff-45ad2cf632dd,/a506b05d-371f-4110-bd94-c0d1ff725926/ss06cam_telemetry_js/js,Camilli
35,0,0,0,0,,0,356,3.0,44.43521,5.9272,031,0,102,,0,,1516972919200,a4e7821b-bdcc-41b9-976f-a0e9824aec8b,259c195c-96e0-4076-bbff-45ad2cf632dd,/a506b05d-371f-4110-bd94-c0d1ff725926/ss06cam_telemetry_js/js,Camilli
36,0,0,0,0,,0,318,3.4,44.43635,5.9242,031,0,89,,0,,1516972877700,a4e7821b-bdcc-41b9-976f-a0e9824aec8b,259c195c-96e0-4076-bbff-45ad2cf632dd,/a506b05d-371f-4110-bd94-c0d1ff725926/ss06cam_telemetry_js/js,Camilli
37,0,0,0,0,,0,316,3.5,44.43727,5.92363,031,0,4,,0,,1516972842000,a4e7821b-bdcc-41b9-976f-a0e9824aec8b,259c195c-96e0-4076-bbff-45ad2cf632dd,/a506b05d-371f-4110-bd94-c0d1ff725926/ss06cam_telemetry_js/js,Camilli
39,0,0,0,0,,0,356,4.9,44.43734,5.91765,031,0,62,,0,,1516972834800,a4e7821b-bdcc-41b9-976f-a0e9824aec8b,259c195c-96e0-4076-bbff-45ad2cf632dd,/a506b05d-371f-4110-bd94-c0d1ff725926/ss06cam_telemetry_js/js,Camilli
40,0,0,0,0,,0,258,3.5,44.43725,5.92364,031,0,0,,0,,1516972830800,a4e7821b-bdcc-41b9-976f-a0e9824aec8b,259c195c-96e0-4076-bbff-45ad2cf632dd,/a506b05d-371f-4110-bd94-c0d1ff725926/ss06cam_telemetry_js/js,Camilli
41,0,0,0,0,,0,258,3.5,44.43725,5.92364,031,0,0,,0,,1516972829800,a4e7821b-bdcc-41b9-976f-a0e9824aec8b,259c195c-96e0-4076-bbff-45ad2cf632dd,/a506b05d-371f-4110-bd94-c0d1ff725926/ss06cam_telemetry_js/js,Camilli
42,0,0,0,0,,0,258,3.5,44.43725,5.92364,031,0,0,,0,,1516972826500,a4e7821b-bdcc-41b9-976f-a0e9824aec8b,259c195c-96e0-4076-bbff-45ad2cf632dd,/a506b05d-371f-4110-bd94-c0d1ff725926/ss06cam_telemetry_js/js,Camilli
43,0,0,0,0,,0,348,3.0,44.43502,5.92723,031,0,88,,0,,1516972796600,a4e7821b-bdcc-41b9-976f-a0e9824aec8b,259c195c-96e0-4076-bbff-45ad2cf632dd,/a506b05d-371f-4110-bd94-c0d1ff725926/ss06cam_telemetry_js/js,Camilli
44,0,0,0,0,,0,208,2.0,44.43506,5.93749,031,0,115,,0,,1516972757000,a4e7821b-bdcc-41b9-976f-a0e9824aec8b,259c195c-96e0-4076-bbff-45ad2cf632dd,/a506b05d-371f-4110-bd94-c0d1ff725926/ss06cam_telemetry_js/js,Camilli
45,0,0,0,0,,0,284,1.5,44.43608,5.94248,031,0,128,,0,,1516972744600,a4e7821b-bdcc-41b9-976f-a0e9824aec8b,259c195c-96e0-4076-bbff-45ad2cf632dd,/a506b05d-371f-4110-bd94-c0d1ff725926/ss06cam_telemetry_js/js,Camilli
46,0,0,0,0,,0,242,1.3,44.43569,5.94477,031,0,81,,0,,1516972738200,a4e7821b-bdcc-41b9-976f-a0e9824aec8b,259c195c-96e0-4076-bbff-45ad2cf632dd,/a506b05d-371f-4110-bd94-c0d1ff725926/ss06cam_telemetry_js/js,Camilli
47,0,0,0,0,,0,246,1.1,44.43677,5.94672,031,0,145,,0,,1516972731800,a4e7821b-bdcc-41b9-976f-a0e9824aec8b,259c195c-96e0-4076-bbff-45ad2cf632dd,/a506b05d-371f-4110-bd94-c0d1ff725926/ss06cam_telemetry_js/js,Camilli
48,0,0,0,0,,0,262,1.0,44.43705,5.94884,031,0,111,,0,,1516972727100,a4e7821b-bdcc-41b9-976f-a0e9824aec8b,259c195c-96e0-4076-bbff-45ad2cf632dd,/a506b05d-371f-4110-bd94-c0d1ff725926/ss06cam_telemetry_js/js,Camilli
49,0,0,0,0,,0,256,0.9,44.43711,5.94944,031,0,91,,0,,1516972725400,a4e7821b-bdcc-41b9-976f-a0e9824aec8b,259c195c-96e0-4076-bbff-45ad2cf632dd,/a506b05d-371f-4110-bd94-c0d1ff725926/ss06cam_telemetry_js/js,Camilli
50,0,0,0,0,,0,14,0.8,44.43742,5.95049,031,0,47,,0,,1516972719000,a4e7821b-bdcc-41b9-976f-a0e9824aec8b,259c195c-96e0-4076-bbff-45ad2cf632dd,/a506b05d-371f-4110-bd94-c0d1ff725926/ss06cam_telemetry_js/js,Camilli
51,0,0,0,0,,0,10,0.6,44.43638,5.94935,031,0,92,,0,,1516972712600,a4e7821b-bdcc-41b9-976f-a0e9824aec8b,259c195c-96e0-4076-bbff-45ad2cf632dd,/a506b05d-371f-4110-bd94-c0d1ff725926/ss06cam_telemetry_js/js,Camilli
52,0,0,0,0,,0,308,0.0,44.43136,5.95136,031,0,73,,0,,1516972683400,a4e7821b-bdcc-41b9-976f-a0e9824aec8b,259c195c-96e0-4076-bbff-45ad2cf632dd,/a506b05d-371f-4110-bd94-c0d1ff725926/ss06cam_telemetry_js/js,Camilli
53,0,0,0,0,,0,90,0.0,44.43118,5.95171,031,0,0,,0,,1516972658500,a4e7821b-bdcc-41b9-976f-a0e9824aec8b,259c195c-96e0-4076-bbff-45ad2cf632dd,/a506b05d-371f-4110-bd94-c0d1ff725926/ss06cam_telemetry_js/js,Camilli
54,0,0,0,0,,0,90,0.0,44.43119,5.95171,031,0,0,,0,,1516972638400,a4e7821b-bdcc-41b9-976f-a0e9824aec8b,259c195c-96e0-4076-bbff-45ad2cf632dd,/a506b05d-371f-4110-bd94-c0d1ff725926/ss06cam_telemetry_js/js,Camilli
55,0,0,0,0,,0,300,0.0,44.43112,5.95179,031,0,22,,0,,1516972626500,a4e7821b-bdcc-41b9-976f-a0e9824aec8b,259c195c-96e0-4076-bbff-45ad2cf632dd,/a506b05d-371f-4110-bd94-c0d1ff725926/ss06cam_telemetry_js/js,Camilli
56,0,0,0,0,,0,302,0.0,44.43107,5.9519,031,0,0,,0,,1516972541100,a4e7821b-bdcc-41b9-976f-a0e9824aec8b,259c195c-96e0-4076-bbff-45ad2cf632dd,/a506b05d-371f-4110-bd94-c0d1ff725926/ss06cam_telemetry_js/js,Camilli
57,0,0,0,0,,0,300,22.5,44.43107,5.95192,031,0,3,,0,,1516972511000,a4e7821b-bdcc-41b9-976f-a0e9824aec8b,259c195c-96e0-4076-bbff-45ad2cf632dd,/a506b05d-371f-4110-bd94-c0d1ff725926/ss06cam_telemetry_js/js,Camilli
58,0,0,0,0,,0,312,22.5,44.43099,5.95206,031,0,0,,0,,1516972454100,a4e7821b-bdcc-41b9-976f-a0e9824aec8b,259c195c-96e0-4076-bbff-45ad2cf632dd,/a506b05d-371f-4110-bd94-c0d1ff725926/ss06cam_telemetry_js/js,Camilli
