,accx,accy,altitude,brk,driverid,gear,heading,kms,lat,lon,name,rpm,speed,status,throttle,track,utx,_rally_stageid,_carentryid,_telemetryID,_name
0,0,0,0,0,,0,314,16.2,44.37379,5.95022,001,0,0,,0,,1516963751800,b9b54669-94f4-47de-a757-c5cdfbe4a69c,a4edbbdf-f724-4582-88ec-d0d0a5d6b919,/a506b05d-371f-4110-bd94-c0d1ff725926/ss05ogi_telemetry_js/js,Ogier
1,0,0,0,0,,0,354,16.2,44.37374,5.95024,001,0,19,,0,,1516963700600,b9b54669-94f4-47de-a757-c5cdfbe4a69c,a4edbbdf-f724-4582-88ec-d0d0a5d6b919,/a506b05d-371f-4110-bd94-c0d1ff725926/ss05ogi_telemetry_js/js,Ogier
2,0,0,0,0,,0,306,15.1,44.37201,5.95882,001,0,74,,0,,1516963546400,b9b54669-94f4-47de-a757-c5cdfbe4a69c,a4edbbdf-f724-4582-88ec-d0d0a5d6b919,/a506b05d-371f-4110-bd94-c0d1ff725926/ss05ogi_telemetry_js/js,Ogier
4,0,0,0,0,,0,320,15.0,44.37124,5.96014,001,0,110,,0,,1516963542100,b9b54669-94f4-47de-a757-c5cdfbe4a69c,a4edbbdf-f724-4582-88ec-d0d0a5d6b919,/a506b05d-371f-4110-bd94-c0d1ff725926/ss05ogi_telemetry_js/js,Ogier
5,0,0,0,0,,0,54,14.7,44.37008,5.96049,001,0,93,,0,,1516963527800,b9b54669-94f4-47de-a757-c5cdfbe4a69c,a4edbbdf-f724-4582-88ec-d0d0a5d6b919,/a506b05d-371f-4110-bd94-c0d1ff725926/ss05ogi_telemetry_js/js,Ogier
6,0,0,0,0,,0,74,14.5,44.37051,5.95902,001,0,45,,0,,1516963521400,b9b54669-94f4-47de-a757-c5cdfbe4a69c,a4edbbdf-f724-4582-88ec-d0d0a5d6b919,/a506b05d-371f-4110-bd94-c0d1ff725926/ss05ogi_telemetry_js/js,Ogier
7,0,0,0,0,,0,260,14.2,44.36819,5.96002,001,0,89,,0,,1516963508600,b9b54669-94f4-47de-a757-c5cdfbe4a69c,a4edbbdf-f724-4582-88ec-d0d0a5d6b919,/a506b05d-371f-4110-bd94-c0d1ff725926/ss05ogi_telemetry_js/js,Ogier
8,0,0,0,0,,0,252,14.0,44.36852,5.96175,001,0,61,,0,,1516963502200,b9b54669-94f4-47de-a757-c5cdfbe4a69c,a4edbbdf-f724-4582-88ec-d0d0a5d6b919,/a506b05d-371f-4110-bd94-c0d1ff725926/ss05ogi_telemetry_js/js,Ogier
9,0,0,0,0,,0,86,14.0,44.36811,5.96201,001,0,59,,0,,1516963496100,b9b54669-94f4-47de-a757-c5cdfbe4a69c,a4edbbdf-f724-4582-88ec-d0d0a5d6b919,/a506b05d-371f-4110-bd94-c0d1ff725926/ss05ogi_telemetry_js/js,Ogier
10,0,0,0,0,,0,296,13.7,44.36625,5.96329,001,0,78,,0,,1516963483000,b9b54669-94f4-47de-a757-c5cdfbe4a69c,a4edbbdf-f724-4582-88ec-d0d0a5d6b919,/a506b05d-371f-4110-bd94-c0d1ff725926/ss05ogi_telemetry_js/js,Ogier
11,0,0,0,0,,0,252,13.5,44.36578,5.96455,001,0,113,,0,,1516963476600,b9b54669-94f4-47de-a757-c5cdfbe4a69c,a4edbbdf-f724-4582-88ec-d0d0a5d6b919,/a506b05d-371f-4110-bd94-c0d1ff725926/ss05ogi_telemetry_js/js,Ogier
12,0,0,0,0,,0,262,13.2,44.36615,5.96896,001,0,203,,0,,1516963468000,b9b54669-94f4-47de-a757-c5cdfbe4a69c,a4edbbdf-f724-4582-88ec-d0d0a5d6b919,/a506b05d-371f-4110-bd94-c0d1ff725926/ss05ogi_telemetry_js/js,Ogier
13,0,0,0,0,,0,254,13.0,44.36654,5.9715,001,0,198,,0,,1516963464300,b9b54669-94f4-47de-a757-c5cdfbe4a69c,a4edbbdf-f724-4582-88ec-d0d0a5d6b919,/a506b05d-371f-4110-bd94-c0d1ff725926/ss05ogi_telemetry_js/js,Ogier
14,0,0,0,0,,0,254,12.9,44.3666,5.97184,001,0,197,,0,,1516963463800,b9b54669-94f4-47de-a757-c5cdfbe4a69c,a4edbbdf-f724-4582-88ec-d0d0a5d6b919,/a506b05d-371f-4110-bd94-c0d1ff725926/ss05ogi_telemetry_js/js,Ogier
15,0,0,0,0,,0,344,12.4,44.36701,5.97777,001,0,46,,0,,1516963451000,b9b54669-94f4-47de-a757-c5cdfbe4a69c,a4edbbdf-f724-4582-88ec-d0d0a5d6b919,/a506b05d-371f-4110-bd94-c0d1ff725926/ss05ogi_telemetry_js/js,Ogier
16,0,0,0,0,,0,318,12.2,44.36649,5.97831,001,0,37,,0,,1516963438200,b9b54669-94f4-47de-a757-c5cdfbe4a69c,a4edbbdf-f724-4582-88ec-d0d0a5d6b919,/a506b05d-371f-4110-bd94-c0d1ff725926/ss05ogi_telemetry_js/js,Ogier
17,0,0,0,0,,0,244,12.0,44.36667,5.97965,001,0,108,,0,,1516963425600,b9b54669-94f4-47de-a757-c5cdfbe4a69c,a4edbbdf-f724-4582-88ec-d0d0a5d6b919,/a506b05d-371f-4110-bd94-c0d1ff725926/ss05ogi_telemetry_js/js,Ogier
18,0,0,0,0,,0,248,11.9,44.36669,5.97972,001,0,103,,0,,1516963425400,b9b54669-94f4-47de-a757-c5cdfbe4a69c,a4edbbdf-f724-4582-88ec-d0d0a5d6b919,/a506b05d-371f-4110-bd94-c0d1ff725926/ss05ogi_telemetry_js/js,Ogier
19,0,0,0,0,,0,296,11.7,44.36667,5.98217,001,0,77,,0,,1516963419000,b9b54669-94f4-47de-a757-c5cdfbe4a69c,a4edbbdf-f724-4582-88ec-d0d0a5d6b919,/a506b05d-371f-4110-bd94-c0d1ff725926/ss05ogi_telemetry_js/js,Ogier
20,0,0,0,0,,0,284,11.6,44.3657,5.98265,001,0,78,,0,,1516963412600,b9b54669-94f4-47de-a757-c5cdfbe4a69c,a4edbbdf-f724-4582-88ec-d0d0a5d6b919,/a506b05d-371f-4110-bd94-c0d1ff725926/ss05ogi_telemetry_js/js,Ogier
21,0,0,0,0,,0,24,8.2,44.34413,5.98398,001,0,98,,0,,1516963310200,b9b54669-94f4-47de-a757-c5cdfbe4a69c,a4edbbdf-f724-4582-88ec-d0d0a5d6b919,/a506b05d-371f-4110-bd94-c0d1ff725926/ss05ogi_telemetry_js/js,Ogier
22,0,0,0,0,,0,52,8.0,44.34237,5.98252,001,0,102,,0,,1516963303800,b9b54669-94f4-47de-a757-c5cdfbe4a69c,a4edbbdf-f724-4582-88ec-d0d0a5d6b919,/a506b05d-371f-4110-bd94-c0d1ff725926/ss05ogi_telemetry_js/js,Ogier
23,0,0,0,0,,0,58,7.7,44.34132,5.97868,001,0,113,,0,,1516963291000,b9b54669-94f4-47de-a757-c5cdfbe4a69c,a4edbbdf-f724-4582-88ec-d0d0a5d6b919,/a506b05d-371f-4110-bd94-c0d1ff725926/ss05ogi_telemetry_js/js,Ogier
24,0,0,0,0,,0,38,6.6,44.33556,5.96891,001,0,92,,0,,1516963252600,b9b54669-94f4-47de-a757-c5cdfbe4a69c,a4edbbdf-f724-4582-88ec-d0d0a5d6b919,/a506b05d-371f-4110-bd94-c0d1ff725926/ss05ogi_telemetry_js/js,Ogier
25,0,0,0,0,,0,36,6.4,44.33498,5.96747,001,0,93,,0,,1516963246200,b9b54669-94f4-47de-a757-c5cdfbe4a69c,a4edbbdf-f724-4582-88ec-d0d0a5d6b919,/a506b05d-371f-4110-bd94-c0d1ff725926/ss05ogi_telemetry_js/js,Ogier
26,0,0,0,0,,0,26,6.2,44.33401,5.96641,001,0,166,,0,,1516963242000,b9b54669-94f4-47de-a757-c5cdfbe4a69c,a4edbbdf-f724-4582-88ec-d0d0a5d6b919,/a506b05d-371f-4110-bd94-c0d1ff725926/ss05ogi_telemetry_js/js,Ogier
28,0,0,0,0,,0,18,6.1,44.33314,5.96581,001,0,174,,0,,1516963239800,b9b54669-94f4-47de-a757-c5cdfbe4a69c,a4edbbdf-f724-4582-88ec-d0d0a5d6b919,/a506b05d-371f-4110-bd94-c0d1ff725926/ss05ogi_telemetry_js/js,Ogier
29,0,0,0,0,,0,18,5.8,44.33073,5.96538,001,0,118,,0,,1516963233400,b9b54669-94f4-47de-a757-c5cdfbe4a69c,a4edbbdf-f724-4582-88ec-d0d0a5d6b919,/a506b05d-371f-4110-bd94-c0d1ff725926/ss05ogi_telemetry_js/js,Ogier
30,0,0,0,0,,0,42,5.0,44.32445,5.96304,001,0,157,,0,,1516963207800,b9b54669-94f4-47de-a757-c5cdfbe4a69c,a4edbbdf-f724-4582-88ec-d0d0a5d6b919,/a506b05d-371f-4110-bd94-c0d1ff725926/ss05ogi_telemetry_js/js,Ogier
31,0,0,0,0,,0,74,4.8,44.32318,5.96109,001,0,73,,0,,1516963201400,b9b54669-94f4-47de-a757-c5cdfbe4a69c,a4edbbdf-f724-4582-88ec-d0d0a5d6b919,/a506b05d-371f-4110-bd94-c0d1ff725926/ss05ogi_telemetry_js/js,Ogier
32,0,0,0,0,,0,52,4.7,44.3221,5.9601,001,0,107,,0,,1516963195000,b9b54669-94f4-47de-a757-c5cdfbe4a69c,a4edbbdf-f724-4582-88ec-d0d0a5d6b919,/a506b05d-371f-4110-bd94-c0d1ff725926/ss05ogi_telemetry_js/js,Ogier
33,0,0,0,0,,0,24,4.5,44.32086,5.95976,001,0,95,,0,,1516963188600,b9b54669-94f4-47de-a757-c5cdfbe4a69c,a4edbbdf-f724-4582-88ec-d0d0a5d6b919,/a506b05d-371f-4110-bd94-c0d1ff725926/ss05ogi_telemetry_js/js,Ogier
34,0,0,0,0,,0,10,4.3,44.31995,5.95815,001,0,60,,0,,1516963182200,b9b54669-94f4-47de-a757-c5cdfbe4a69c,a4edbbdf-f724-4582-88ec-d0d0a5d6b919,/a506b05d-371f-4110-bd94-c0d1ff725926/ss05ogi_telemetry_js/js,Ogier
35,0,0,0,0,,0,300,4.0,44.3173,5.95882,001,0,85,,0,,1516963169400,b9b54669-94f4-47de-a757-c5cdfbe4a69c,a4edbbdf-f724-4582-88ec-d0d0a5d6b919,/a506b05d-371f-4110-bd94-c0d1ff725926/ss05ogi_telemetry_js/js,Ogier
36,0,0,0,0,,0,274,1.4,44.3009,5.96084,001,0,77,,0,,1516963067000,b9b54669-94f4-47de-a757-c5cdfbe4a69c,a4edbbdf-f724-4582-88ec-d0d0a5d6b919,/a506b05d-371f-4110-bd94-c0d1ff725926/ss05ogi_telemetry_js/js,Ogier
37,0,0,0,0,,0,338,1.3,44.29991,5.96171,001,0,114,,0,,1516963060600,b9b54669-94f4-47de-a757-c5cdfbe4a69c,a4edbbdf-f724-4582-88ec-d0d0a5d6b919,/a506b05d-371f-4110-bd94-c0d1ff725926/ss05ogi_telemetry_js/js,Ogier
38,0,0,0,0,,0,48,0.1,44.29024,5.95895,001,0,76,,0,,1516963028600,b9b54669-94f4-47de-a757-c5cdfbe4a69c,a4edbbdf-f724-4582-88ec-d0d0a5d6b919,/a506b05d-371f-4110-bd94-c0d1ff725926/ss05ogi_telemetry_js/js,Ogier
39,0,0,0,0,,0,28,0.0,44.28909,5.95739,001,0,59,,0,,1516963022100,b9b54669-94f4-47de-a757-c5cdfbe4a69c,a4edbbdf-f724-4582-88ec-d0d0a5d6b919,/a506b05d-371f-4110-bd94-c0d1ff725926/ss05ogi_telemetry_js/js,Ogier
40,0,0,0,0,,0,10,0.0,44.28892,5.95724,001,0,0,,0,,1516962886000,b9b54669-94f4-47de-a757-c5cdfbe4a69c,a4edbbdf-f724-4582-88ec-d0d0a5d6b919,/a506b05d-371f-4110-bd94-c0d1ff725926/ss05ogi_telemetry_js/js,Ogier
41,0,0,0,0,,0,24,0.0,44.28878,5.95712,001,0,41,,0,,1516962870500,b9b54669-94f4-47de-a757-c5cdfbe4a69c,a4edbbdf-f724-4582-88ec-d0d0a5d6b919,/a506b05d-371f-4110-bd94-c0d1ff725926/ss05ogi_telemetry_js/js,Ogier
42,0,0,0,0,,0,14,78.9,44.28841,5.95697,001,0,5,,0,,1516962864600,b9b54669-94f4-47de-a757-c5cdfbe4a69c,a4edbbdf-f724-4582-88ec-d0d0a5d6b919,/a506b05d-371f-4110-bd94-c0d1ff725926/ss05ogi_telemetry_js/js,Ogier
43,0,0,0,0,,0,340,78.9,44.28836,5.95697,001,0,0,,0,,1516962846200,b9b54669-94f4-47de-a757-c5cdfbe4a69c,a4edbbdf-f724-4582-88ec-d0d0a5d6b919,/a506b05d-371f-4110-bd94-c0d1ff725926/ss05ogi_telemetry_js/js,Ogier
44,0,0,0,0,,0,340,78.9,44.28836,5.95697,001,0,0,,0,,1516962842700,b9b54669-94f4-47de-a757-c5cdfbe4a69c,a4edbbdf-f724-4582-88ec-d0d0a5d6b919,/a506b05d-371f-4110-bd94-c0d1ff725926/ss05ogi_telemetry_js/js,Ogier
45,0,0,0,0,,0,10,78.8,44.2876,5.95655,001,0,66,,0,,1516962804200,b9b54669-94f4-47de-a757-c5cdfbe4a69c,a4edbbdf-f724-4582-88ec-d0d0a5d6b919,/a506b05d-371f-4110-bd94-c0d1ff725926/ss05ogi_telemetry_js/js,Ogier
