,accx,accy,altitude,brk,driverid,gear,heading,kms,lat,lon,name,rpm,speed,status,throttle,track,utx,_rally_stageid,_carentryid,_telemetryID,_name
0,0,0,0,0,,0,234,28.1,44.50327,5.79418,007,0,72,,0,,1516973136000,a4e7821b-bdcc-41b9-976f-a0e9824aec8b,950022ae-5858-4cf2-81c2-7b4c85a8cbb7,/a506b05d-371f-4110-bd94-c0d1ff725926/ss06lat_telemetry_js/js,Latvala
1,0,0,0,0,,0,244,28.0,44.50379,5.79549,007,0,76,,0,,1516973130500,a4e7821b-bdcc-41b9-976f-a0e9824aec8b,950022ae-5858-4cf2-81c2-7b4c85a8cbb7,/a506b05d-371f-4110-bd94-c0d1ff725926/ss06lat_telemetry_js/js,Latvala
2,0,0,0,0,,0,262,27.6,44.50381,5.79984,007,0,46,,0,,1516973110400,a4e7821b-bdcc-41b9-976f-a0e9824aec8b,950022ae-5858-4cf2-81c2-7b4c85a8cbb7,/a506b05d-371f-4110-bd94-c0d1ff725926/ss06lat_telemetry_js/js,Latvala
4,0,0,0,0,,0,278,27.5,44.50381,5.80045,007,0,0,,0,,1516973084800,a4e7821b-bdcc-41b9-976f-a0e9824aec8b,950022ae-5858-4cf2-81c2-7b4c85a8cbb7,/a506b05d-371f-4110-bd94-c0d1ff725926/ss06lat_telemetry_js/js,Latvala
5,0,0,0,0,,0,278,27.5,44.50382,5.80044,007,0,0,,0,,1516973059200,a4e7821b-bdcc-41b9-976f-a0e9824aec8b,950022ae-5858-4cf2-81c2-7b4c85a8cbb7,/a506b05d-371f-4110-bd94-c0d1ff725926/ss06lat_telemetry_js/js,Latvala
6,0,0,0,0,,0,278,27.5,44.50382,5.80043,007,0,0,,0,,1516973056100,a4e7821b-bdcc-41b9-976f-a0e9824aec8b,950022ae-5858-4cf2-81c2-7b4c85a8cbb7,/a506b05d-371f-4110-bd94-c0d1ff725926/ss06lat_telemetry_js/js,Latvala
7,0,0,0,0,,0,278,27.5,44.50381,5.80045,007,0,0,,0,,1516973033600,a4e7821b-bdcc-41b9-976f-a0e9824aec8b,950022ae-5858-4cf2-81c2-7b4c85a8cbb7,/a506b05d-371f-4110-bd94-c0d1ff725926/ss06lat_telemetry_js/js,Latvala
8,0,0,0,0,,0,246,27.3,44.50444,5.80335,007,0,64,,0,,1516973008000,a4e7821b-bdcc-41b9-976f-a0e9824aec8b,950022ae-5858-4cf2-81c2-7b4c85a8cbb7,/a506b05d-371f-4110-bd94-c0d1ff725926/ss06lat_telemetry_js/js,Latvala
9,0,0,0,0,,0,216,27.0,44.50659,5.8042,007,0,21,,0,,1516972982400,a4e7821b-bdcc-41b9-976f-a0e9824aec8b,950022ae-5858-4cf2-81c2-7b4c85a8cbb7,/a506b05d-371f-4110-bd94-c0d1ff725926/ss06lat_telemetry_js/js,Latvala
10,0,0,0,0,,0,262,27.0,44.50665,5.80424,007,0,0,,0,,1516972961900,a4e7821b-bdcc-41b9-976f-a0e9824aec8b,950022ae-5858-4cf2-81c2-7b4c85a8cbb7,/a506b05d-371f-4110-bd94-c0d1ff725926/ss06lat_telemetry_js/js,Latvala
11,0,0,0,0,,0,262,27.0,44.50665,5.80425,007,0,0,,0,,1516972956800,a4e7821b-bdcc-41b9-976f-a0e9824aec8b,950022ae-5858-4cf2-81c2-7b4c85a8cbb7,/a506b05d-371f-4110-bd94-c0d1ff725926/ss06lat_telemetry_js/js,Latvala
12,0,0,0,0,,0,218,27.0,44.50671,5.80433,007,0,13,,0,,1516972931200,a4e7821b-bdcc-41b9-976f-a0e9824aec8b,950022ae-5858-4cf2-81c2-7b4c85a8cbb7,/a506b05d-371f-4110-bd94-c0d1ff725926/ss06lat_telemetry_js/js,Latvala
14,0,0,0,0,,0,218,26.7,44.50895,5.80471,007,0,133,,0,,1516972914000,a4e7821b-bdcc-41b9-976f-a0e9824aec8b,950022ae-5858-4cf2-81c2-7b4c85a8cbb7,/a506b05d-371f-4110-bd94-c0d1ff725926/ss06lat_telemetry_js/js,Latvala
16,0,0,0,0,,0,222,26.6,44.50952,5.80542,007,0,155,,0,,1516972912000,a4e7821b-bdcc-41b9-976f-a0e9824aec8b,950022ae-5858-4cf2-81c2-7b4c85a8cbb7,/a506b05d-371f-4110-bd94-c0d1ff725926/ss06lat_telemetry_js/js,Latvala
18,0,0,0,0,,0,184,26.4,44.51082,5.8071,007,0,83,,0,,1516972905600,a4e7821b-bdcc-41b9-976f-a0e9824aec8b,950022ae-5858-4cf2-81c2-7b4c85a8cbb7,/a506b05d-371f-4110-bd94-c0d1ff725926/ss06lat_telemetry_js/js,Latvala
20,0,0,0,0,,0,240,26.2,44.51199,5.80795,007,0,77,,0,,1516972899200,a4e7821b-bdcc-41b9-976f-a0e9824aec8b,950022ae-5858-4cf2-81c2-7b4c85a8cbb7,/a506b05d-371f-4110-bd94-c0d1ff725926/ss06lat_telemetry_js/js,Latvala
22,0,0,0,0,,0,254,26.1,44.512,5.80918,007,0,80,,0,,1516972892800,a4e7821b-bdcc-41b9-976f-a0e9824aec8b,950022ae-5858-4cf2-81c2-7b4c85a8cbb7,/a506b05d-371f-4110-bd94-c0d1ff725926/ss06lat_telemetry_js/js,Latvala
24,0,0,0,0,,0,304,26.0,44.51171,5.81102,007,0,164,,0,,1516972886400,a4e7821b-bdcc-41b9-976f-a0e9824aec8b,950022ae-5858-4cf2-81c2-7b4c85a8cbb7,/a506b05d-371f-4110-bd94-c0d1ff725926/ss06lat_telemetry_js/js,Latvala
25,0,0,0,0,,0,302,25.7,44.50988,5.81317,007,0,123,,0,,1516972880000,a4e7821b-bdcc-41b9-976f-a0e9824aec8b,950022ae-5858-4cf2-81c2-7b4c85a8cbb7,/a506b05d-371f-4110-bd94-c0d1ff725926/ss06lat_telemetry_js/js,Latvala
27,0,0,0,0,,0,20,25.5,44.50886,5.81389,007,0,105,,0,,1516972873600,a4e7821b-bdcc-41b9-976f-a0e9824aec8b,950022ae-5858-4cf2-81c2-7b4c85a8cbb7,/a506b05d-371f-4110-bd94-c0d1ff725926/ss06lat_telemetry_js/js,Latvala
29,0,0,0,0,,0,292,25.4,44.50763,5.81324,007,0,40,,0,,1516972867200,a4e7821b-bdcc-41b9-976f-a0e9824aec8b,950022ae-5858-4cf2-81c2-7b4c85a8cbb7,/a506b05d-371f-4110-bd94-c0d1ff725926/ss06lat_telemetry_js/js,Latvala
31,0,0,0,0,,0,306,25.2,44.50663,5.81398,007,0,85,,0,,1516972860800,a4e7821b-bdcc-41b9-976f-a0e9824aec8b,950022ae-5858-4cf2-81c2-7b4c85a8cbb7,/a506b05d-371f-4110-bd94-c0d1ff725926/ss06lat_telemetry_js/js,Latvala
33,0,0,0,0,,0,334,25.0,44.50529,5.81575,007,0,113,,0,,1516972854400,a4e7821b-bdcc-41b9-976f-a0e9824aec8b,950022ae-5858-4cf2-81c2-7b4c85a8cbb7,/a506b05d-371f-4110-bd94-c0d1ff725926/ss06lat_telemetry_js/js,Latvala
35,0,0,0,0,,0,316,24.8,44.50403,5.81722,007,0,102,,0,,1516972848000,a4e7821b-bdcc-41b9-976f-a0e9824aec8b,950022ae-5858-4cf2-81c2-7b4c85a8cbb7,/a506b05d-371f-4110-bd94-c0d1ff725926/ss06lat_telemetry_js/js,Latvala
36,0,0,0,0,,0,292,24.7,44.50333,5.81895,007,0,57,,0,,1516972841600,a4e7821b-bdcc-41b9-976f-a0e9824aec8b,950022ae-5858-4cf2-81c2-7b4c85a8cbb7,/a506b05d-371f-4110-bd94-c0d1ff725926/ss06lat_telemetry_js/js,Latvala
37,0,0,0,0,,0,344,24.5,44.5025,5.82018,007,0,80,,0,,1516972835200,a4e7821b-bdcc-41b9-976f-a0e9824aec8b,950022ae-5858-4cf2-81c2-7b4c85a8cbb7,/a506b05d-371f-4110-bd94-c0d1ff725926/ss06lat_telemetry_js/js,Latvala
38,0,0,0,0,,0,16,24.3,44.50039,5.82039,007,0,122,,0,,1516972828800,a4e7821b-bdcc-41b9-976f-a0e9824aec8b,950022ae-5858-4cf2-81c2-7b4c85a8cbb7,/a506b05d-371f-4110-bd94-c0d1ff725926/ss06lat_telemetry_js/js,Latvala
39,0,0,0,0,,0,332,24.1,44.49867,5.82113,007,0,153,,0,,1516972822400,a4e7821b-bdcc-41b9-976f-a0e9824aec8b,950022ae-5858-4cf2-81c2-7b4c85a8cbb7,/a506b05d-371f-4110-bd94-c0d1ff725926/ss06lat_telemetry_js/js,Latvala
40,0,0,0,0,,0,340,24.0,44.49742,5.82155,007,0,126,,0,,1516972818700,a4e7821b-bdcc-41b9-976f-a0e9824aec8b,950022ae-5858-4cf2-81c2-7b4c85a8cbb7,/a506b05d-371f-4110-bd94-c0d1ff725926/ss06lat_telemetry_js/js,Latvala
42,0,0,0,0,,0,314,23.9,44.49679,5.82214,007,0,106,,0,,1516972816000,a4e7821b-bdcc-41b9-976f-a0e9824aec8b,950022ae-5858-4cf2-81c2-7b4c85a8cbb7,/a506b05d-371f-4110-bd94-c0d1ff725926/ss06lat_telemetry_js/js,Latvala
43,0,0,0,0,,0,252,23.7,44.49645,5.82315,007,0,48,,0,,1516972809600,a4e7821b-bdcc-41b9-976f-a0e9824aec8b,950022ae-5858-4cf2-81c2-7b4c85a8cbb7,/a506b05d-371f-4110-bd94-c0d1ff725926/ss06lat_telemetry_js/js,Latvala
44,0,0,0,0,,0,290,23.0,44.49171,5.83006,007,0,103,,0,,1516972782500,a4e7821b-bdcc-41b9-976f-a0e9824aec8b,950022ae-5858-4cf2-81c2-7b4c85a8cbb7,/a506b05d-371f-4110-bd94-c0d1ff725926/ss06lat_telemetry_js/js,Latvala
45,0,0,0,0,,0,238,22.0,44.49462,5.84143,007,0,142,,0,,1516972754300,a4e7821b-bdcc-41b9-976f-a0e9824aec8b,950022ae-5858-4cf2-81c2-7b4c85a8cbb7,/a506b05d-371f-4110-bd94-c0d1ff725926/ss06lat_telemetry_js/js,Latvala
46,0,0,0,0,,0,192,21.0,44.50005,5.84718,007,0,141,,0,,1516972717300,a4e7821b-bdcc-41b9-976f-a0e9824aec8b,950022ae-5858-4cf2-81c2-7b4c85a8cbb7,/a506b05d-371f-4110-bd94-c0d1ff725926/ss06lat_telemetry_js/js,Latvala
47,0,0,0,0,,0,214,19.9,44.50633,5.85314,007,0,95,,0,,1516972683800,a4e7821b-bdcc-41b9-976f-a0e9824aec8b,950022ae-5858-4cf2-81c2-7b4c85a8cbb7,/a506b05d-371f-4110-bd94-c0d1ff725926/ss06lat_telemetry_js/js,Latvala
49,0,0,0,0,,0,250,19.7,44.50627,5.85512,007,0,104,,0,,1516972675200,a4e7821b-bdcc-41b9-976f-a0e9824aec8b,950022ae-5858-4cf2-81c2-7b4c85a8cbb7,/a506b05d-371f-4110-bd94-c0d1ff725926/ss06lat_telemetry_js/js,Latvala
51,0,0,0,0,,0,236,19.5,44.50753,5.85778,007,0,132,,0,,1516972668800,a4e7821b-bdcc-41b9-976f-a0e9824aec8b,950022ae-5858-4cf2-81c2-7b4c85a8cbb7,/a506b05d-371f-4110-bd94-c0d1ff725926/ss06lat_telemetry_js/js,Latvala
52,0,0,0,0,,0,234,19.3,44.50816,5.86012,007,0,92,,0,,1516972662400,a4e7821b-bdcc-41b9-976f-a0e9824aec8b,950022ae-5858-4cf2-81c2-7b4c85a8cbb7,/a506b05d-371f-4110-bd94-c0d1ff725926/ss06lat_telemetry_js/js,Latvala
53,0,0,0,0,,0,214,19.1,44.50949,5.86167,007,0,148,,0,,1516972656000,a4e7821b-bdcc-41b9-976f-a0e9824aec8b,950022ae-5858-4cf2-81c2-7b4c85a8cbb7,/a506b05d-371f-4110-bd94-c0d1ff725926/ss06lat_telemetry_js/js,Latvala
54,0,0,0,0,,0,206,19.0,44.51032,5.86242,007,0,122,,0,,1516972653100,a4e7821b-bdcc-41b9-976f-a0e9824aec8b,950022ae-5858-4cf2-81c2-7b4c85a8cbb7,/a506b05d-371f-4110-bd94-c0d1ff725926/ss06lat_telemetry_js/js,Latvala
55,0,0,0,0,,0,238,18.8,44.511,5.86326,007,0,124,,0,,1516972649600,a4e7821b-bdcc-41b9-976f-a0e9824aec8b,950022ae-5858-4cf2-81c2-7b4c85a8cbb7,/a506b05d-371f-4110-bd94-c0d1ff725926/ss06lat_telemetry_js/js,Latvala
57,0,0,0,0,,0,280,18.2,44.51113,5.86992,007,0,90,,0,,1516972624000,a4e7821b-bdcc-41b9-976f-a0e9824aec8b,950022ae-5858-4cf2-81c2-7b4c85a8cbb7,/a506b05d-371f-4110-bd94-c0d1ff725926/ss06lat_telemetry_js/js,Latvala
58,0,0,0,0,,0,278,18.1,44.51126,5.87169,007,0,75,,0,,1516972617600,a4e7821b-bdcc-41b9-976f-a0e9824aec8b,950022ae-5858-4cf2-81c2-7b4c85a8cbb7,/a506b05d-371f-4110-bd94-c0d1ff725926/ss06lat_telemetry_js/js,Latvala
59,0,0,0,0,,0,274,18.0,44.51112,5.87325,007,0,178,,0,,1516972614100,a4e7821b-bdcc-41b9-976f-a0e9824aec8b,950022ae-5858-4cf2-81c2-7b4c85a8cbb7,/a506b05d-371f-4110-bd94-c0d1ff725926/ss06lat_telemetry_js/js,Latvala
60,0,0,0,0,,0,330,17.0,44.50708,5.88225,007,0,156,,0,,1516972587400,a4e7821b-bdcc-41b9-976f-a0e9824aec8b,950022ae-5858-4cf2-81c2-7b4c85a8cbb7,/a506b05d-371f-4110-bd94-c0d1ff725926/ss06lat_telemetry_js/js,Latvala
61,0,0,0,0,,0,328,16.9,44.50651,5.88271,007,0,135,,0,,1516972585600,a4e7821b-bdcc-41b9-976f-a0e9824aec8b,950022ae-5858-4cf2-81c2-7b4c85a8cbb7,/a506b05d-371f-4110-bd94-c0d1ff725926/ss06lat_telemetry_js/js,Latvala
62,0,0,0,0,,0,248,16.7,44.50564,5.88392,007,0,78,,0,,1516972579200,a4e7821b-bdcc-41b9-976f-a0e9824aec8b,950022ae-5858-4cf2-81c2-7b4c85a8cbb7,/a506b05d-371f-4110-bd94-c0d1ff725926/ss06lat_telemetry_js/js,Latvala
63,0,0,0,0,,0,350,16.6,44.50536,5.88551,007,0,72,,0,,1516972572800,a4e7821b-bdcc-41b9-976f-a0e9824aec8b,950022ae-5858-4cf2-81c2-7b4c85a8cbb7,/a506b05d-371f-4110-bd94-c0d1ff725926/ss06lat_telemetry_js/js,Latvala
64,0,0,0,0,,0,16,15.2,44.49772,5.89612,007,0,106,,0,,1516972534500,a4e7821b-bdcc-41b9-976f-a0e9824aec8b,950022ae-5858-4cf2-81c2-7b4c85a8cbb7,/a506b05d-371f-4110-bd94-c0d1ff725926/ss06lat_telemetry_js/js,Latvala
67,0,0,0,0,,0,336,15.1,44.49695,5.8955,007,0,71,,0,,1516972528000,a4e7821b-bdcc-41b9-976f-a0e9824aec8b,950022ae-5858-4cf2-81c2-7b4c85a8cbb7,/a506b05d-371f-4110-bd94-c0d1ff725926/ss06lat_telemetry_js/js,Latvala
68,0,0,0,0,,0,326,15.0,44.49608,5.8961,007,0,113,,0,,1516972523800,a4e7821b-bdcc-41b9-976f-a0e9824aec8b,950022ae-5858-4cf2-81c2-7b4c85a8cbb7,/a506b05d-371f-4110-bd94-c0d1ff725926/ss06lat_telemetry_js/js,Latvala
69,0,0,0,0,,0,328,14.9,44.49547,5.8966,007,0,146,,0,,1516972521600,a4e7821b-bdcc-41b9-976f-a0e9824aec8b,950022ae-5858-4cf2-81c2-7b4c85a8cbb7,/a506b05d-371f-4110-bd94-c0d1ff725926/ss06lat_telemetry_js/js,Latvala
70,0,0,0,0,,0,2,14.7,44.49393,5.89766,007,0,118,,0,,1516972515200,a4e7821b-bdcc-41b9-976f-a0e9824aec8b,950022ae-5858-4cf2-81c2-7b4c85a8cbb7,/a506b05d-371f-4110-bd94-c0d1ff725926/ss06lat_telemetry_js/js,Latvala
71,0,0,0,0,,0,26,14.5,44.49262,5.89641,007,0,106,,0,,1516972508800,a4e7821b-bdcc-41b9-976f-a0e9824aec8b,950022ae-5858-4cf2-81c2-7b4c85a8cbb7,/a506b05d-371f-4110-bd94-c0d1ff725926/ss06lat_telemetry_js/js,Latvala
72,0,0,0,0,,0,18,14.4,44.49189,5.89524,007,0,65,,0,,1516972502400,a4e7821b-bdcc-41b9-976f-a0e9824aec8b,950022ae-5858-4cf2-81c2-7b4c85a8cbb7,/a506b05d-371f-4110-bd94-c0d1ff725926/ss06lat_telemetry_js/js,Latvala
73,0,0,0,0,,0,74,14.2,44.49094,5.89448,007,0,83,,0,,1516972496000,a4e7821b-bdcc-41b9-976f-a0e9824aec8b,950022ae-5858-4cf2-81c2-7b4c85a8cbb7,/a506b05d-371f-4110-bd94-c0d1ff725926/ss06lat_telemetry_js/js,Latvala
74,0,0,0,0,,0,352,14.1,44.4899,5.89347,007,0,77,,0,,1516972489600,a4e7821b-bdcc-41b9-976f-a0e9824aec8b,950022ae-5858-4cf2-81c2-7b4c85a8cbb7,/a506b05d-371f-4110-bd94-c0d1ff725926/ss06lat_telemetry_js/js,Latvala
75,0,0,0,0,,0,46,13.9,44.48934,5.89229,007,0,84,,0,,1516972483200,a4e7821b-bdcc-41b9-976f-a0e9824aec8b,950022ae-5858-4cf2-81c2-7b4c85a8cbb7,/a506b05d-371f-4110-bd94-c0d1ff725926/ss06lat_telemetry_js/js,Latvala
76,0,0,0,0,,0,342,13.7,44.48916,5.8906,007,0,91,,0,,1516972470400,a4e7821b-bdcc-41b9-976f-a0e9824aec8b,950022ae-5858-4cf2-81c2-7b4c85a8cbb7,/a506b05d-371f-4110-bd94-c0d1ff725926/ss06lat_telemetry_js/js,Latvala
77,0,0,0,0,,0,12,13.6,44.48831,5.89004,007,0,81,,0,,1516972464000,a4e7821b-bdcc-41b9-976f-a0e9824aec8b,950022ae-5858-4cf2-81c2-7b4c85a8cbb7,/a506b05d-371f-4110-bd94-c0d1ff725926/ss06lat_telemetry_js/js,Latvala
78,0,0,0,0,,0,38,13.1,44.48472,5.88835,007,0,94,,0,,1516972444800,a4e7821b-bdcc-41b9-976f-a0e9824aec8b,950022ae-5858-4cf2-81c2-7b4c85a8cbb7,/a506b05d-371f-4110-bd94-c0d1ff725926/ss06lat_telemetry_js/js,Latvala
79,0,0,0,0,,0,348,13.0,44.48327,5.88832,007,0,126,,0,,1516972438400,a4e7821b-bdcc-41b9-976f-a0e9824aec8b,950022ae-5858-4cf2-81c2-7b4c85a8cbb7,/a506b05d-371f-4110-bd94-c0d1ff725926/ss06lat_telemetry_js/js,Latvala
80,0,0,0,0,,0,356,13.0,44.48309,5.88836,007,0,118,,0,,1516972437800,a4e7821b-bdcc-41b9-976f-a0e9824aec8b,950022ae-5858-4cf2-81c2-7b4c85a8cbb7,/a506b05d-371f-4110-bd94-c0d1ff725926/ss06lat_telemetry_js/js,Latvala
82,0,0,0,0,,0,338,12.7,44.48132,5.88852,007,0,129,,0,,1516972432000,a4e7821b-bdcc-41b9-976f-a0e9824aec8b,950022ae-5858-4cf2-81c2-7b4c85a8cbb7,/a506b05d-371f-4110-bd94-c0d1ff725926/ss06lat_telemetry_js/js,Latvala
83,0,0,0,0,,0,238,12.2,44.47726,5.88826,007,0,54,,0,,1516972406400,a4e7821b-bdcc-41b9-976f-a0e9824aec8b,950022ae-5858-4cf2-81c2-7b4c85a8cbb7,/a506b05d-371f-4110-bd94-c0d1ff725926/ss06lat_telemetry_js/js,Latvala
84,0,0,0,0,,0,48,10.8,44.46901,5.88567,007,0,56,,0,,1516972329600,a4e7821b-bdcc-41b9-976f-a0e9824aec8b,950022ae-5858-4cf2-81c2-7b4c85a8cbb7,/a506b05d-371f-4110-bd94-c0d1ff725926/ss06lat_telemetry_js/js,Latvala
85,0,0,0,0,,0,312,10.0,44.46475,5.88595,007,0,57,,0,,1516972286100,a4e7821b-bdcc-41b9-976f-a0e9824aec8b,950022ae-5858-4cf2-81c2-7b4c85a8cbb7,/a506b05d-371f-4110-bd94-c0d1ff725926/ss06lat_telemetry_js/js,Latvala
86,0,0,0,0,,0,290,9.0,44.45994,5.8917,007,0,130,,0,,1516972234900,a4e7821b-bdcc-41b9-976f-a0e9824aec8b,950022ae-5858-4cf2-81c2-7b4c85a8cbb7,/a506b05d-371f-4110-bd94-c0d1ff725926/ss06lat_telemetry_js/js,Latvala
87,0,0,0,0,,0,352,8.5,44.45808,5.89666,007,0,95,,0,,1516972220800,a4e7821b-bdcc-41b9-976f-a0e9824aec8b,950022ae-5858-4cf2-81c2-7b4c85a8cbb7,/a506b05d-371f-4110-bd94-c0d1ff725926/ss06lat_telemetry_js/js,Latvala
88,0,0,0,0,,0,278,8.0,44.45517,5.8997,007,0,113,,0,,1516972193300,a4e7821b-bdcc-41b9-976f-a0e9824aec8b,950022ae-5858-4cf2-81c2-7b4c85a8cbb7,/a506b05d-371f-4110-bd94-c0d1ff725926/ss06lat_telemetry_js/js,Latvala
89,0,0,0,0,,0,22,7.4,44.45302,5.90325,007,0,106,,0,,1516972179200,a4e7821b-bdcc-41b9-976f-a0e9824aec8b,950022ae-5858-4cf2-81c2-7b4c85a8cbb7,/a506b05d-371f-4110-bd94-c0d1ff725926/ss06lat_telemetry_js/js,Latvala
90,0,0,0,0,,0,310,7.0,44.44971,5.90617,007,0,138,,0,,1516972163700,a4e7821b-bdcc-41b9-976f-a0e9824aec8b,950022ae-5858-4cf2-81c2-7b4c85a8cbb7,/a506b05d-371f-4110-bd94-c0d1ff725926/ss06lat_telemetry_js/js,Latvala
91,0,0,0,0,,0,20,6.8,44.44841,5.90726,007,0,90,,0,,1516972156800,a4e7821b-bdcc-41b9-976f-a0e9824aec8b,950022ae-5858-4cf2-81c2-7b4c85a8cbb7,/a506b05d-371f-4110-bd94-c0d1ff725926/ss06lat_telemetry_js/js,Latvala
92,0,0,0,0,,0,224,6.6,44.44804,5.90787,007,0,80,,0,,1516972150400,a4e7821b-bdcc-41b9-976f-a0e9824aec8b,950022ae-5858-4cf2-81c2-7b4c85a8cbb7,/a506b05d-371f-4110-bd94-c0d1ff725926/ss06lat_telemetry_js/js,Latvala
94,0,0,0,0,,0,304,6.5,44.44825,5.90983,007,0,110,,0,,1516972144000,a4e7821b-bdcc-41b9-976f-a0e9824aec8b,950022ae-5858-4cf2-81c2-7b4c85a8cbb7,/a506b05d-371f-4110-bd94-c0d1ff725926/ss06lat_telemetry_js/js,Latvala
95,0,0,0,0,,0,304,6.2,44.44713,5.91283,007,0,137,,0,,1516972137600,a4e7821b-bdcc-41b9-976f-a0e9824aec8b,950022ae-5858-4cf2-81c2-7b4c85a8cbb7,/a506b05d-371f-4110-bd94-c0d1ff725926/ss06lat_telemetry_js/js,Latvala
96,0,0,0,0,,0,344,6.0,44.44506,5.91402,007,0,161,,0,,1516972131700,a4e7821b-bdcc-41b9-976f-a0e9824aec8b,950022ae-5858-4cf2-81c2-7b4c85a8cbb7,/a506b05d-371f-4110-bd94-c0d1ff725926/ss06lat_telemetry_js/js,Latvala
97,0,0,0,0,,0,12,5.6,44.44239,5.91364,007,0,146,,0,,1516972124800,a4e7821b-bdcc-41b9-976f-a0e9824aec8b,950022ae-5858-4cf2-81c2-7b4c85a8cbb7,/a506b05d-371f-4110-bd94-c0d1ff725926/ss06lat_telemetry_js/js,Latvala
98,0,0,0,0,,0,348,5.0,44.43737,5.91763,007,0,68,,0,,1516972104200,a4e7821b-bdcc-41b9-976f-a0e9824aec8b,950022ae-5858-4cf2-81c2-7b4c85a8cbb7,/a506b05d-371f-4110-bd94-c0d1ff725926/ss06lat_telemetry_js/js,Latvala
99,0,0,0,0,,0,338,4.8,44.43624,5.91807,007,0,65,,0,,1516972092800,a4e7821b-bdcc-41b9-976f-a0e9824aec8b,950022ae-5858-4cf2-81c2-7b4c85a8cbb7,/a506b05d-371f-4110-bd94-c0d1ff725926/ss06lat_telemetry_js/js,Latvala
100,0,0,0,0,,0,328,4.5,44.43479,5.91869,007,0,73,,0,,1516972080000,a4e7821b-bdcc-41b9-976f-a0e9824aec8b,950022ae-5858-4cf2-81c2-7b4c85a8cbb7,/a506b05d-371f-4110-bd94-c0d1ff725926/ss06lat_telemetry_js/js,Latvala
102,0,0,0,0,,0,306,4.0,44.43823,5.92063,007,0,81,,0,,1516972049700,a4e7821b-bdcc-41b9-976f-a0e9824aec8b,950022ae-5858-4cf2-81c2-7b4c85a8cbb7,/a506b05d-371f-4110-bd94-c0d1ff725926/ss06lat_telemetry_js/js,Latvala
104,0,0,0,0,,0,346,3.5,44.43742,5.92353,007,0,65,,0,,1516972028800,a4e7821b-bdcc-41b9-976f-a0e9824aec8b,950022ae-5858-4cf2-81c2-7b4c85a8cbb7,/a506b05d-371f-4110-bd94-c0d1ff725926/ss06lat_telemetry_js/js,Latvala
105,0,0,0,0,,0,16,3.1,44.43631,5.92684,007,0,62,,0,,1516972009600,a4e7821b-bdcc-41b9-976f-a0e9824aec8b,950022ae-5858-4cf2-81c2-7b4c85a8cbb7,/a506b05d-371f-4110-bd94-c0d1ff725926/ss06lat_telemetry_js/js,Latvala
106,0,0,0,0,,0,352,3.0,44.43502,5.92721,007,0,97,,0,,1516972003300,a4e7821b-bdcc-41b9-976f-a0e9824aec8b,950022ae-5858-4cf2-81c2-7b4c85a8cbb7,/a506b05d-371f-4110-bd94-c0d1ff725926/ss06lat_telemetry_js/js,Latvala
108,0,0,0,0,,0,346,2.9,44.435,5.92722,007,0,91,,0,,1516972003200,a4e7821b-bdcc-41b9-976f-a0e9824aec8b,950022ae-5858-4cf2-81c2-7b4c85a8cbb7,/a506b05d-371f-4110-bd94-c0d1ff725926/ss06lat_telemetry_js/js,Latvala
109,0,0,0,0,,0,208,2.0,44.43508,5.93751,007,0,131,,0,,1516971967200,a4e7821b-bdcc-41b9-976f-a0e9824aec8b,950022ae-5858-4cf2-81c2-7b4c85a8cbb7,/a506b05d-371f-4110-bd94-c0d1ff725926/ss06lat_telemetry_js/js,Latvala
110,0,0,0,0,,0,238,1.9,44.43566,5.93805,007,0,105,,0,,1516971964800,a4e7821b-bdcc-41b9-976f-a0e9824aec8b,950022ae-5858-4cf2-81c2-7b4c85a8cbb7,/a506b05d-371f-4110-bd94-c0d1ff725926/ss06lat_telemetry_js/js,Latvala
111,0,0,0,0,,0,270,1.3,44.43565,5.9444,007,0,102,,0,,1516971952000,a4e7821b-bdcc-41b9-976f-a0e9824aec8b,950022ae-5858-4cf2-81c2-7b4c85a8cbb7,/a506b05d-371f-4110-bd94-c0d1ff725926/ss06lat_telemetry_js/js,Latvala
112,0,0,0,0,,0,248,1.1,44.4368,5.94679,007,0,163,,0,,1516971945600,a4e7821b-bdcc-41b9-976f-a0e9824aec8b,950022ae-5858-4cf2-81c2-7b4c85a8cbb7,/a506b05d-371f-4110-bd94-c0d1ff725926/ss06lat_telemetry_js/js,Latvala
113,0,0,0,0,,0,260,1.0,44.43706,5.94881,007,0,126,,0,,1516971941600,a4e7821b-bdcc-41b9-976f-a0e9824aec8b,950022ae-5858-4cf2-81c2-7b4c85a8cbb7,/a506b05d-371f-4110-bd94-c0d1ff725926/ss06lat_telemetry_js/js,Latvala
115,0,0,0,0,,0,244,0.9,44.43717,5.9497,007,0,87,,0,,1516971939200,a4e7821b-bdcc-41b9-976f-a0e9824aec8b,950022ae-5858-4cf2-81c2-7b4c85a8cbb7,/a506b05d-371f-4110-bd94-c0d1ff725926/ss06lat_telemetry_js/js,Latvala
116,0,0,0,0,,0,14,0.6,44.43586,5.94919,007,0,105,,0,,1516971926400,a4e7821b-bdcc-41b9-976f-a0e9824aec8b,950022ae-5858-4cf2-81c2-7b4c85a8cbb7,/a506b05d-371f-4110-bd94-c0d1ff725926/ss06lat_telemetry_js/js,Latvala
117,0,0,0,0,,0,344,0.1,44.43199,5.95051,007,0,83,,0,,1516971907200,a4e7821b-bdcc-41b9-976f-a0e9824aec8b,950022ae-5858-4cf2-81c2-7b4c85a8cbb7,/a506b05d-371f-4110-bd94-c0d1ff725926/ss06lat_telemetry_js/js,Latvala
118,0,0,0,0,,0,310,0.0,44.43135,5.95136,007,0,83,,0,,1516971902800,a4e7821b-bdcc-41b9-976f-a0e9824aec8b,950022ae-5858-4cf2-81c2-7b4c85a8cbb7,/a506b05d-371f-4110-bd94-c0d1ff725926/ss06lat_telemetry_js/js,Latvala
119,0,0,0,0,,0,316,0.0,44.43117,5.95171,007,0,0,,0,,1516971800300,a4e7821b-bdcc-41b9-976f-a0e9824aec8b,950022ae-5858-4cf2-81c2-7b4c85a8cbb7,/a506b05d-371f-4110-bd94-c0d1ff725926/ss06lat_telemetry_js/js,Latvala
120,0,0,0,0,,0,300,0.0,44.43113,5.9518,007,0,16,,0,,1516971786300,a4e7821b-bdcc-41b9-976f-a0e9824aec8b,950022ae-5858-4cf2-81c2-7b4c85a8cbb7,/a506b05d-371f-4110-bd94-c0d1ff725926/ss06lat_telemetry_js/js,Latvala
121,0,0,0,0,,0,300,22.5,44.43107,5.95192,007,0,11,,0,,1516971740500,a4e7821b-bdcc-41b9-976f-a0e9824aec8b,950022ae-5858-4cf2-81c2-7b4c85a8cbb7,/a506b05d-371f-4110-bd94-c0d1ff725926/ss06lat_telemetry_js/js,Latvala
122,0,0,0,0,,0,308,22.5,44.43101,5.95207,007,0,0,,0,,1516971691000,a4e7821b-bdcc-41b9-976f-a0e9824aec8b,950022ae-5858-4cf2-81c2-7b4c85a8cbb7,/a506b05d-371f-4110-bd94-c0d1ff725926/ss06lat_telemetry_js/js,Latvala
