,accx,accy,altitude,brk,driverid,gear,heading,kms,lat,lon,name,rpm,speed,status,throttle,track,utx,_rally_stageid,_carentryid,_telemetryID,_name
0,0,0,0,0,,0,200,19.5,43.93234,7.36144,033,0,0,,0,,1517127443800,91d7cdd5-3511-46ee-be4a-c8cc4efb564d,590ba6fb-dc96-41c6-8243-522ac47106af,/a506b05d-371f-4110-bd94-c0d1ff725926/ss14sun_telemetry_js/js,Suninen
1,0,0,0,0,,0,200,19.5,43.93231,7.36144,033,0,0,,0,,1517127418200,91d7cdd5-3511-46ee-be4a-c8cc4efb564d,590ba6fb-dc96-41c6-8243-522ac47106af,/a506b05d-371f-4110-bd94-c0d1ff725926/ss14sun_telemetry_js/js,Suninen
2,0,0,0,0,,0,200,19.5,43.93235,7.3615,033,0,0,,0,,1517127392600,91d7cdd5-3511-46ee-be4a-c8cc4efb564d,590ba6fb-dc96-41c6-8243-522ac47106af,/a506b05d-371f-4110-bd94-c0d1ff725926/ss14sun_telemetry_js/js,Suninen
3,0,0,0,0,,0,200,19.5,43.93237,7.36152,033,0,0,,0,,1517127367000,91d7cdd5-3511-46ee-be4a-c8cc4efb564d,590ba6fb-dc96-41c6-8243-522ac47106af,/a506b05d-371f-4110-bd94-c0d1ff725926/ss14sun_telemetry_js/js,Suninen
4,0,0,0,0,,0,204,18.3,43.94143,7.36629,033,0,83,,0,,1517127223700,91d7cdd5-3511-46ee-be4a-c8cc4efb564d,590ba6fb-dc96-41c6-8243-522ac47106af,/a506b05d-371f-4110-bd94-c0d1ff725926/ss14sun_telemetry_js/js,Suninen
6,0,0,0,0,,0,188,17.8,43.94531,7.36624,033,0,136,,0,,1517127207000,91d7cdd5-3511-46ee-be4a-c8cc4efb564d,590ba6fb-dc96-41c6-8243-522ac47106af,/a506b05d-371f-4110-bd94-c0d1ff725926/ss14sun_telemetry_js/js,Suninen
7,0,0,0,0,,0,132,17.2,43.95134,7.36577,033,0,82,,0,,1517127187800,91d7cdd5-3511-46ee-be4a-c8cc4efb564d,590ba6fb-dc96-41c6-8243-522ac47106af,/a506b05d-371f-4110-bd94-c0d1ff725926/ss14sun_telemetry_js/js,Suninen
8,0,0,0,0,,0,244,17.1,43.95207,7.36526,033,0,34,,0,,1517127181400,91d7cdd5-3511-46ee-be4a-c8cc4efb564d,590ba6fb-dc96-41c6-8243-522ac47106af,/a506b05d-371f-4110-bd94-c0d1ff725926/ss14sun_telemetry_js/js,Suninen
9,0,0,0,0,,0,242,17.0,43.95223,7.36653,033,0,78,,0,,1517127175300,91d7cdd5-3511-46ee-be4a-c8cc4efb564d,590ba6fb-dc96-41c6-8243-522ac47106af,/a506b05d-371f-4110-bd94-c0d1ff725926/ss14sun_telemetry_js/js,Suninen
10,0,0,0,0,,0,236,15.7,43.9612,7.37563,033,0,43,,0,,1517127128500,91d7cdd5-3511-46ee-be4a-c8cc4efb564d,590ba6fb-dc96-41c6-8243-522ac47106af,/a506b05d-371f-4110-bd94-c0d1ff725926/ss14sun_telemetry_js/js,Suninen
11,0,0,0,0,,0,152,15.0,43.96715,7.37579,033,0,61,,0,,1517127089200,91d7cdd5-3511-46ee-be4a-c8cc4efb564d,590ba6fb-dc96-41c6-8243-522ac47106af,/a506b05d-371f-4110-bd94-c0d1ff725926/ss14sun_telemetry_js/js,Suninen
12,0,0,0,0,,0,196,14.0,43.97018,7.37836,033,0,38,,0,,1517127014800,91d7cdd5-3511-46ee-be4a-c8cc4efb564d,590ba6fb-dc96-41c6-8243-522ac47106af,/a506b05d-371f-4110-bd94-c0d1ff725926/ss14sun_telemetry_js/js,Suninen
13,0,0,0,0,,0,114,13.9,43.97059,7.3781,033,0,45,,0,,1517127008600,91d7cdd5-3511-46ee-be4a-c8cc4efb564d,590ba6fb-dc96-41c6-8243-522ac47106af,/a506b05d-371f-4110-bd94-c0d1ff725926/ss14sun_telemetry_js/js,Suninen
14,0,0,0,0,,0,154,13.8,43.97112,7.37716,033,0,36,,0,,1517127002200,91d7cdd5-3511-46ee-be4a-c8cc4efb564d,590ba6fb-dc96-41c6-8243-522ac47106af,/a506b05d-371f-4110-bd94-c0d1ff725926/ss14sun_telemetry_js/js,Suninen
15,0,0,0,0,,0,244,13.6,43.97242,7.37679,033,0,43,,0,,1517126983000,91d7cdd5-3511-46ee-be4a-c8cc4efb564d,590ba6fb-dc96-41c6-8243-522ac47106af,/a506b05d-371f-4110-bd94-c0d1ff725926/ss14sun_telemetry_js/js,Suninen
16,0,0,0,0,,0,232,13.1,43.97336,7.38233,033,0,64,,0,,1517126951000,91d7cdd5-3511-46ee-be4a-c8cc4efb564d,590ba6fb-dc96-41c6-8243-522ac47106af,/a506b05d-371f-4110-bd94-c0d1ff725926/ss14sun_telemetry_js/js,Suninen
17,0,0,0,0,,0,278,12.1,43.97678,7.3905,033,0,46,,0,,1517126893400,91d7cdd5-3511-46ee-be4a-c8cc4efb564d,590ba6fb-dc96-41c6-8243-522ac47106af,/a506b05d-371f-4110-bd94-c0d1ff725926/ss14sun_telemetry_js/js,Suninen
18,0,0,0,0,,0,212,12.1,43.9768,7.39162,033,0,42,,0,,1517126887000,91d7cdd5-3511-46ee-be4a-c8cc4efb564d,590ba6fb-dc96-41c6-8243-522ac47106af,/a506b05d-371f-4110-bd94-c0d1ff725926/ss14sun_telemetry_js/js,Suninen
19,0,0,0,0,,0,160,11.8,43.97732,7.39169,033,0,54,,0,,1517126882300,91d7cdd5-3511-46ee-be4a-c8cc4efb564d,590ba6fb-dc96-41c6-8243-522ac47106af,/a506b05d-371f-4110-bd94-c0d1ff725926/ss14sun_telemetry_js/js,Suninen
20,0,0,0,0,,0,178,11.7,43.97839,7.39045,033,0,70,,0,,1517126874200,91d7cdd5-3511-46ee-be4a-c8cc4efb564d,590ba6fb-dc96-41c6-8243-522ac47106af,/a506b05d-371f-4110-bd94-c0d1ff725926/ss14sun_telemetry_js/js,Suninen
21,0,0,0,0,,0,108,11.6,43.97878,7.38945,033,0,60,,0,,1517126867800,91d7cdd5-3511-46ee-be4a-c8cc4efb564d,590ba6fb-dc96-41c6-8243-522ac47106af,/a506b05d-371f-4110-bd94-c0d1ff725926/ss14sun_telemetry_js/js,Suninen
22,0,0,0,0,,0,58,11.5,43.97859,7.3884,033,0,75,,0,,1517126861400,91d7cdd5-3511-46ee-be4a-c8cc4efb564d,590ba6fb-dc96-41c6-8243-522ac47106af,/a506b05d-371f-4110-bd94-c0d1ff725926/ss14sun_telemetry_js/js,Suninen
23,0,0,0,0,,0,188,11.2,43.97991,7.38772,033,0,63,,0,,1517126848600,91d7cdd5-3511-46ee-be4a-c8cc4efb564d,590ba6fb-dc96-41c6-8243-522ac47106af,/a506b05d-371f-4110-bd94-c0d1ff725926/ss14sun_telemetry_js/js,Suninen
24,0,0,0,0,,0,40,11.1,43.98027,7.3868,033,0,70,,0,,1517126842000,91d7cdd5-3511-46ee-be4a-c8cc4efb564d,590ba6fb-dc96-41c6-8243-522ac47106af,/a506b05d-371f-4110-bd94-c0d1ff725926/ss14sun_telemetry_js/js,Suninen
25,0,0,0,0,,0,108,9.8,43.97788,7.37617,033,0,117,,0,,1517126769400,91d7cdd5-3511-46ee-be4a-c8cc4efb564d,590ba6fb-dc96-41c6-8243-522ac47106af,/a506b05d-371f-4110-bd94-c0d1ff725926/ss14sun_telemetry_js/js,Suninen
26,0,0,0,0,,0,56,9.6,43.97842,7.37446,033,0,48,,0,,1517126763000,91d7cdd5-3511-46ee-be4a-c8cc4efb564d,590ba6fb-dc96-41c6-8243-522ac47106af,/a506b05d-371f-4110-bd94-c0d1ff725926/ss14sun_telemetry_js/js,Suninen
27,0,0,0,0,,0,102,9.5,43.97779,7.37341,033,0,76,,0,,1517126756600,91d7cdd5-3511-46ee-be4a-c8cc4efb564d,590ba6fb-dc96-41c6-8243-522ac47106af,/a506b05d-371f-4110-bd94-c0d1ff725926/ss14sun_telemetry_js/js,Suninen
28,0,0,0,0,,0,72,9.3,43.97805,7.37119,033,0,82,,0,,1517126750200,91d7cdd5-3511-46ee-be4a-c8cc4efb564d,590ba6fb-dc96-41c6-8243-522ac47106af,/a506b05d-371f-4110-bd94-c0d1ff725926/ss14sun_telemetry_js/js,Suninen
29,0,0,0,0,,0,314,9.1,43.97729,7.37293,033,0,89,,0,,1517126737400,91d7cdd5-3511-46ee-be4a-c8cc4efb564d,590ba6fb-dc96-41c6-8243-522ac47106af,/a506b05d-371f-4110-bd94-c0d1ff725926/ss14sun_telemetry_js/js,Suninen
30,0,0,0,0,,0,126,8.8,43.97602,7.37184,033,0,96,,0,,1517126724600,91d7cdd5-3511-46ee-be4a-c8cc4efb564d,590ba6fb-dc96-41c6-8243-522ac47106af,/a506b05d-371f-4110-bd94-c0d1ff725926/ss14sun_telemetry_js/js,Suninen
31,0,0,0,0,,0,106,8.6,43.97681,7.36957,033,0,106,,0,,1517126718200,91d7cdd5-3511-46ee-be4a-c8cc4efb564d,590ba6fb-dc96-41c6-8243-522ac47106af,/a506b05d-371f-4110-bd94-c0d1ff725926/ss14sun_telemetry_js/js,Suninen
32,0,0,0,0,,0,162,8.3,43.97885,7.36799,033,0,76,,0,,1517126705400,91d7cdd5-3511-46ee-be4a-c8cc4efb564d,590ba6fb-dc96-41c6-8243-522ac47106af,/a506b05d-371f-4110-bd94-c0d1ff725926/ss14sun_telemetry_js/js,Suninen
33,0,0,0,0,,0,158,8.0,43.98047,7.36796,033,0,55,,0,,1517126692600,91d7cdd5-3511-46ee-be4a-c8cc4efb564d,590ba6fb-dc96-41c6-8243-522ac47106af,/a506b05d-371f-4110-bd94-c0d1ff725926/ss14sun_telemetry_js/js,Suninen
34,0,0,0,0,,0,140,7.4,43.98116,7.36576,033,0,119,,0,,1517126660600,91d7cdd5-3511-46ee-be4a-c8cc4efb564d,590ba6fb-dc96-41c6-8243-522ac47106af,/a506b05d-371f-4110-bd94-c0d1ff725926/ss14sun_telemetry_js/js,Suninen
35,0,0,0,0,,0,140,7.4,43.98121,7.36571,033,0,119,,0,,1517126660400,91d7cdd5-3511-46ee-be4a-c8cc4efb564d,590ba6fb-dc96-41c6-8243-522ac47106af,/a506b05d-371f-4110-bd94-c0d1ff725926/ss14sun_telemetry_js/js,Suninen
37,0,0,0,0,,0,122,7.1,43.98202,7.36472,033,0,75,,0,,1517126656100,91d7cdd5-3511-46ee-be4a-c8cc4efb564d,590ba6fb-dc96-41c6-8243-522ac47106af,/a506b05d-371f-4110-bd94-c0d1ff725926/ss14sun_telemetry_js/js,Suninen
39,0,0,0,0,,0,186,7.0,43.98223,7.36443,033,0,56,,0,,1517126654200,91d7cdd5-3511-46ee-be4a-c8cc4efb564d,590ba6fb-dc96-41c6-8243-522ac47106af,/a506b05d-371f-4110-bd94-c0d1ff725926/ss14sun_telemetry_js/js,Suninen
40,0,0,0,0,,0,78,6.5,43.98555,7.36556,033,0,114,,0,,1517126628600,91d7cdd5-3511-46ee-be4a-c8cc4efb564d,590ba6fb-dc96-41c6-8243-522ac47106af,/a506b05d-371f-4110-bd94-c0d1ff725926/ss14sun_telemetry_js/js,Suninen
41,0,0,0,0,,0,114,6.1,43.98559,7.36099,033,0,64,,0,,1517126615800,91d7cdd5-3511-46ee-be4a-c8cc4efb564d,590ba6fb-dc96-41c6-8243-522ac47106af,/a506b05d-371f-4110-bd94-c0d1ff725926/ss14sun_telemetry_js/js,Suninen
42,0,0,0,0,,0,290,6.0,43.98529,7.36155,033,0,130,,0,,1517126609400,91d7cdd5-3511-46ee-be4a-c8cc4efb564d,590ba6fb-dc96-41c6-8243-522ac47106af,/a506b05d-371f-4110-bd94-c0d1ff725926/ss14sun_telemetry_js/js,Suninen
43,0,0,0,0,,0,290,6.0,43.98514,7.3621,033,0,127,,0,,1517126608100,91d7cdd5-3511-46ee-be4a-c8cc4efb564d,590ba6fb-dc96-41c6-8243-522ac47106af,/a506b05d-371f-4110-bd94-c0d1ff725926/ss14sun_telemetry_js/js,Suninen
44,0,0,0,0,,0,116,5.7,43.98459,7.36426,033,0,62,,0,,1517126596600,91d7cdd5-3511-46ee-be4a-c8cc4efb564d,590ba6fb-dc96-41c6-8243-522ac47106af,/a506b05d-371f-4110-bd94-c0d1ff725926/ss14sun_telemetry_js/js,Suninen
45,0,0,0,0,,0,70,5.5,43.98446,7.36192,033,0,127,,0,,1517126590200,91d7cdd5-3511-46ee-be4a-c8cc4efb564d,590ba6fb-dc96-41c6-8243-522ac47106af,/a506b05d-371f-4110-bd94-c0d1ff725926/ss14sun_telemetry_js/js,Suninen
46,0,0,0,0,,0,204,5.1,43.986,7.35978,033,0,102,,0,,1517126577400,91d7cdd5-3511-46ee-be4a-c8cc4efb564d,590ba6fb-dc96-41c6-8243-522ac47106af,/a506b05d-371f-4110-bd94-c0d1ff725926/ss14sun_telemetry_js/js,Suninen
47,0,0,0,0,,0,232,5.0,43.98719,7.3612,033,0,69,,0,,1517126569200,91d7cdd5-3511-46ee-be4a-c8cc4efb564d,590ba6fb-dc96-41c6-8243-522ac47106af,/a506b05d-371f-4110-bd94-c0d1ff725926/ss14sun_telemetry_js/js,Suninen
48,0,0,0,0,,0,100,4.9,43.9876,7.36093,033,0,77,,0,,1517126564600,91d7cdd5-3511-46ee-be4a-c8cc4efb564d,590ba6fb-dc96-41c6-8243-522ac47106af,/a506b05d-371f-4110-bd94-c0d1ff725926/ss14sun_telemetry_js/js,Suninen
49,0,0,0,0,,0,232,4.3,43.9859,7.35568,033,0,44,,0,,1517126539000,91d7cdd5-3511-46ee-be4a-c8cc4efb564d,590ba6fb-dc96-41c6-8243-522ac47106af,/a506b05d-371f-4110-bd94-c0d1ff725926/ss14sun_telemetry_js/js,Suninen
50,0,0,0,0,,0,270,4.2,43.98582,7.35707,033,0,74,,0,,1517126532600,91d7cdd5-3511-46ee-be4a-c8cc4efb564d,590ba6fb-dc96-41c6-8243-522ac47106af,/a506b05d-371f-4110-bd94-c0d1ff725926/ss14sun_telemetry_js/js,Suninen
51,0,0,0,0,,0,92,4.0,43.98551,7.35559,033,0,68,,0,,1517126518200,91d7cdd5-3511-46ee-be4a-c8cc4efb564d,590ba6fb-dc96-41c6-8243-522ac47106af,/a506b05d-371f-4110-bd94-c0d1ff725926/ss14sun_telemetry_js/js,Suninen
52,0,0,0,0,,0,78,3.8,43.98565,7.35433,033,0,83,,0,,1517126513400,91d7cdd5-3511-46ee-be4a-c8cc4efb564d,590ba6fb-dc96-41c6-8243-522ac47106af,/a506b05d-371f-4110-bd94-c0d1ff725926/ss14sun_telemetry_js/js,Suninen
53,0,0,0,0,,0,270,3.6,43.98505,7.35556,033,0,64,,0,,1517126500600,91d7cdd5-3511-46ee-be4a-c8cc4efb564d,590ba6fb-dc96-41c6-8243-522ac47106af,/a506b05d-371f-4110-bd94-c0d1ff725926/ss14sun_telemetry_js/js,Suninen
54,0,0,0,0,,0,108,3.2,43.98493,7.35511,033,0,102,,0,,1517126481400,91d7cdd5-3511-46ee-be4a-c8cc4efb564d,590ba6fb-dc96-41c6-8243-522ac47106af,/a506b05d-371f-4110-bd94-c0d1ff725926/ss14sun_telemetry_js/js,Suninen
55,0,0,0,0,,0,86,3.1,43.98469,7.35312,033,0,66,,0,,1517126475000,91d7cdd5-3511-46ee-be4a-c8cc4efb564d,590ba6fb-dc96-41c6-8243-522ac47106af,/a506b05d-371f-4110-bd94-c0d1ff725926/ss14sun_telemetry_js/js,Suninen
56,0,0,0,0,,0,48,3.0,43.98518,7.35228,033,0,67,,0,,1517126468600,91d7cdd5-3511-46ee-be4a-c8cc4efb564d,590ba6fb-dc96-41c6-8243-522ac47106af,/a506b05d-371f-4110-bd94-c0d1ff725926/ss14sun_telemetry_js/js,Suninen
57,0,0,0,0,,0,50,3.0,43.98509,7.35216,033,0,78,,0,,1517126467900,91d7cdd5-3511-46ee-be4a-c8cc4efb564d,590ba6fb-dc96-41c6-8243-522ac47106af,/a506b05d-371f-4110-bd94-c0d1ff725926/ss14sun_telemetry_js/js,Suninen
59,0,0,0,0,,0,50,2.8,43.98435,7.35033,033,0,90,,0,,1517126462200,91d7cdd5-3511-46ee-be4a-c8cc4efb564d,590ba6fb-dc96-41c6-8243-522ac47106af,/a506b05d-371f-4110-bd94-c0d1ff725926/ss14sun_telemetry_js/js,Suninen
60,0,0,0,0,,0,142,2.6,43.98468,7.34902,033,0,61,,0,,1517126455800,91d7cdd5-3511-46ee-be4a-c8cc4efb564d,590ba6fb-dc96-41c6-8243-522ac47106af,/a506b05d-371f-4110-bd94-c0d1ff725926/ss14sun_telemetry_js/js,Suninen
61,0,0,0,0,,0,80,2.0,43.98297,7.34177,033,0,88,,0,,1517126426200,91d7cdd5-3511-46ee-be4a-c8cc4efb564d,590ba6fb-dc96-41c6-8243-522ac47106af,/a506b05d-371f-4110-bd94-c0d1ff725926/ss14sun_telemetry_js/js,Suninen
63,0,0,0,0,,0,90,1.9,43.98287,7.34117,033,0,52,,0,,1517126423800,91d7cdd5-3511-46ee-be4a-c8cc4efb564d,590ba6fb-dc96-41c6-8243-522ac47106af,/a506b05d-371f-4110-bd94-c0d1ff725926/ss14sun_telemetry_js/js,Suninen
65,0,0,0,0,,0,194,1.8,43.98368,7.34164,033,0,83,,0,,1517126417400,91d7cdd5-3511-46ee-be4a-c8cc4efb564d,590ba6fb-dc96-41c6-8243-522ac47106af,/a506b05d-371f-4110-bd94-c0d1ff725926/ss14sun_telemetry_js/js,Suninen
66,0,0,0,0,,0,148,1.6,43.98461,7.34076,033,0,92,,0,,1517126411000,91d7cdd5-3511-46ee-be4a-c8cc4efb564d,590ba6fb-dc96-41c6-8243-522ac47106af,/a506b05d-371f-4110-bd94-c0d1ff725926/ss14sun_telemetry_js/js,Suninen
67,0,0,0,0,,0,88,1.5,43.98548,7.34015,033,0,60,,0,,1517126404600,91d7cdd5-3511-46ee-be4a-c8cc4efb564d,590ba6fb-dc96-41c6-8243-522ac47106af,/a506b05d-371f-4110-bd94-c0d1ff725926/ss14sun_telemetry_js/js,Suninen
68,0,0,0,0,,0,52,1.4,43.98547,7.33825,033,0,107,,0,,1517126398200,91d7cdd5-3511-46ee-be4a-c8cc4efb564d,590ba6fb-dc96-41c6-8243-522ac47106af,/a506b05d-371f-4110-bd94-c0d1ff725926/ss14sun_telemetry_js/js,Suninen
69,0,0,0,0,,0,152,1.2,43.98551,7.33685,033,0,73,,0,,1517126391800,91d7cdd5-3511-46ee-be4a-c8cc4efb564d,590ba6fb-dc96-41c6-8243-522ac47106af,/a506b05d-371f-4110-bd94-c0d1ff725926/ss14sun_telemetry_js/js,Suninen
70,0,0,0,0,,0,84,1.1,43.98551,7.33502,033,0,89,,0,,1517126385400,91d7cdd5-3511-46ee-be4a-c8cc4efb564d,590ba6fb-dc96-41c6-8243-522ac47106af,/a506b05d-371f-4110-bd94-c0d1ff725926/ss14sun_telemetry_js/js,Suninen
71,0,0,0,0,,0,214,1.0,43.98607,7.33469,033,0,102,,0,,1517126380100,91d7cdd5-3511-46ee-be4a-c8cc4efb564d,590ba6fb-dc96-41c6-8243-522ac47106af,/a506b05d-371f-4110-bd94-c0d1ff725926/ss14sun_telemetry_js/js,Suninen
72,0,0,0,0,,0,200,0.9,43.98632,7.33493,033,0,118,,0,,1517126379000,91d7cdd5-3511-46ee-be4a-c8cc4efb564d,590ba6fb-dc96-41c6-8243-522ac47106af,/a506b05d-371f-4110-bd94-c0d1ff725926/ss14sun_telemetry_js/js,Suninen
73,0,0,0,0,,0,178,0.7,43.98826,7.33493,033,0,137,,0,,1517126372600,91d7cdd5-3511-46ee-be4a-c8cc4efb564d,590ba6fb-dc96-41c6-8243-522ac47106af,/a506b05d-371f-4110-bd94-c0d1ff725926/ss14sun_telemetry_js/js,Suninen
74,0,0,0,0,,0,170,0.5,43.99014,7.33495,033,0,93,,0,,1517126366200,91d7cdd5-3511-46ee-be4a-c8cc4efb564d,590ba6fb-dc96-41c6-8243-522ac47106af,/a506b05d-371f-4110-bd94-c0d1ff725926/ss14sun_telemetry_js/js,Suninen
76,0,0,0,0,,0,134,0.3,43.99078,7.33346,033,0,78,,0,,1517126359800,91d7cdd5-3511-46ee-be4a-c8cc4efb564d,590ba6fb-dc96-41c6-8243-522ac47106af,/a506b05d-371f-4110-bd94-c0d1ff725926/ss14sun_telemetry_js/js,Suninen
78,0,0,0,0,,0,192,0.2,43.99181,7.33402,033,0,59,,0,,1517126353400,91d7cdd5-3511-46ee-be4a-c8cc4efb564d,590ba6fb-dc96-41c6-8243-522ac47106af,/a506b05d-371f-4110-bd94-c0d1ff725926/ss14sun_telemetry_js/js,Suninen
80,0,0,0,0,,0,62,0.1,43.99149,7.33341,033,0,88,,0,,1517126347000,91d7cdd5-3511-46ee-be4a-c8cc4efb564d,590ba6fb-dc96-41c6-8243-522ac47106af,/a506b05d-371f-4110-bd94-c0d1ff725926/ss14sun_telemetry_js/js,Suninen
82,0,0,0,0,,0,30,0.0,43.99099,7.33213,033,0,62,,0,,1517126342300,91d7cdd5-3511-46ee-be4a-c8cc4efb564d,590ba6fb-dc96-41c6-8243-522ac47106af,/a506b05d-371f-4110-bd94-c0d1ff725926/ss14sun_telemetry_js/js,Suninen
84,0,0,0,0,,0,30,0.0,43.99082,7.332,033,0,18,,0,,1517126340600,91d7cdd5-3511-46ee-be4a-c8cc4efb564d,590ba6fb-dc96-41c6-8243-522ac47106af,/a506b05d-371f-4110-bd94-c0d1ff725926/ss14sun_telemetry_js/js,Suninen
85,0,0,0,0,,0,66,0.0,43.9908,7.332,033,0,0,,0,,1517126315000,91d7cdd5-3511-46ee-be4a-c8cc4efb564d,590ba6fb-dc96-41c6-8243-522ac47106af,/a506b05d-371f-4110-bd94-c0d1ff725926/ss14sun_telemetry_js/js,Suninen
87,0,0,0,0,,0,66,0.0,43.9908,7.33199,033,0,0,,0,,1517126289400,91d7cdd5-3511-46ee-be4a-c8cc4efb564d,590ba6fb-dc96-41c6-8243-522ac47106af,/a506b05d-371f-4110-bd94-c0d1ff725926/ss14sun_telemetry_js/js,Suninen
88,0,0,0,0,,0,66,0.0,43.99082,7.33197,033,0,0,,0,,1517126263800,91d7cdd5-3511-46ee-be4a-c8cc4efb564d,590ba6fb-dc96-41c6-8243-522ac47106af,/a506b05d-371f-4110-bd94-c0d1ff725926/ss14sun_telemetry_js/js,Suninen
89,0,0,0,0,,0,66,303.3,43.99082,7.33199,033,0,0,,0,,1517126244900,91d7cdd5-3511-46ee-be4a-c8cc4efb564d,590ba6fb-dc96-41c6-8243-522ac47106af,/a506b05d-371f-4110-bd94-c0d1ff725926/ss14sun_telemetry_js/js,Suninen
92,0,0,0,0,,0,66,303.3,43.99082,7.33199,033,0,0,,0,,1517126236400,91d7cdd5-3511-46ee-be4a-c8cc4efb564d,590ba6fb-dc96-41c6-8243-522ac47106af,/a506b05d-371f-4110-bd94-c0d1ff725926/ss14sun_telemetry_js/js,Suninen
94,0,0,0,0,,0,36,303.3,43.99074,7.33193,033,0,0,,0,,1517126210800,91d7cdd5-3511-46ee-be4a-c8cc4efb564d,590ba6fb-dc96-41c6-8243-522ac47106af,/a506b05d-371f-4110-bd94-c0d1ff725926/ss14sun_telemetry_js/js,Suninen
95,0,0,0,0,,0,36,303.3,43.99075,7.33193,033,0,0,,0,,1517126185200,91d7cdd5-3511-46ee-be4a-c8cc4efb564d,590ba6fb-dc96-41c6-8243-522ac47106af,/a506b05d-371f-4110-bd94-c0d1ff725926/ss14sun_telemetry_js/js,Suninen
96,0,0,0,0,,0,30,303.3,43.9907,7.33186,033,0,0,,0,,1517126159000,91d7cdd5-3511-46ee-be4a-c8cc4efb564d,590ba6fb-dc96-41c6-8243-522ac47106af,/a506b05d-371f-4110-bd94-c0d1ff725926/ss14sun_telemetry_js/js,Suninen
98,0,0,0,0,,0,30,303.3,43.9907,7.33188,033,0,0,,0,,1517126146700,91d7cdd5-3511-46ee-be4a-c8cc4efb564d,590ba6fb-dc96-41c6-8243-522ac47106af,/a506b05d-371f-4110-bd94-c0d1ff725926/ss14sun_telemetry_js/js,Suninen
99,0,0,0,0,,0,30,303.3,43.9907,7.33186,033,0,0,,0,,1517126133400,91d7cdd5-3511-46ee-be4a-c8cc4efb564d,590ba6fb-dc96-41c6-8243-522ac47106af,/a506b05d-371f-4110-bd94-c0d1ff725926/ss14sun_telemetry_js/js,Suninen
100,0,0,0,0,,0,30,303.3,43.99061,7.33179,033,0,0,,0,,1517126107400,91d7cdd5-3511-46ee-be4a-c8cc4efb564d,590ba6fb-dc96-41c6-8243-522ac47106af,/a506b05d-371f-4110-bd94-c0d1ff725926/ss14sun_telemetry_js/js,Suninen
