,accx,accy,altitude,brk,driverid,gear,heading,kms,lat,lon,name,rpm,speed,status,throttle,track,utx,_rally_stageid,_carentryid,_telemetryID,_name
0,0,0,0,0,,0,134,30.0,44.81947,5.9475,005,0,50,,0,,1517052336000,9814dc4c-78bd-48ec-ba9e-f2a708a9d519,875b838e-8ba6-4c03-a060-fa4678b1d4ef,/a506b05d-371f-4110-bd94-c0d1ff725926/ss11neu_telemetry_js/js,Neuville
1,0,0,0,0,,0,100,29.4,44.81923,5.94133,005,0,0,,0,,1517052283800,9814dc4c-78bd-48ec-ba9e-f2a708a9d519,875b838e-8ba6-4c03-a060-fa4678b1d4ef,/a506b05d-371f-4110-bd94-c0d1ff725926/ss11neu_telemetry_js/js,Neuville
2,0,0,0,0,,0,100,29.4,44.81923,5.94132,005,0,0,,0,,1517052258900,9814dc4c-78bd-48ec-ba9e-f2a708a9d519,875b838e-8ba6-4c03-a060-fa4678b1d4ef,/a506b05d-371f-4110-bd94-c0d1ff725926/ss11neu_telemetry_js/js,Neuville
4,0,0,0,0,,0,80,29.4,44.81919,5.94084,005,0,0,,0,,1517052233300,9814dc4c-78bd-48ec-ba9e-f2a708a9d519,875b838e-8ba6-4c03-a060-fa4678b1d4ef,/a506b05d-371f-4110-bd94-c0d1ff725926/ss11neu_telemetry_js/js,Neuville
6,0,0,0,0,,0,80,29.4,44.81918,5.94085,005,0,0,,0,,1517052211500,9814dc4c-78bd-48ec-ba9e-f2a708a9d519,875b838e-8ba6-4c03-a060-fa4678b1d4ef,/a506b05d-371f-4110-bd94-c0d1ff725926/ss11neu_telemetry_js/js,Neuville
7,0,0,0,0,,0,78,29.4,44.81918,5.94082,005,0,7,,0,,1517052182100,9814dc4c-78bd-48ec-ba9e-f2a708a9d519,875b838e-8ba6-4c03-a060-fa4678b1d4ef,/a506b05d-371f-4110-bd94-c0d1ff725926/ss11neu_telemetry_js/js,Neuville
9,0,0,0,0,,0,110,29.0,44.81897,5.93676,005,0,70,,0,,1517052156500,9814dc4c-78bd-48ec-ba9e-f2a708a9d519,875b838e-8ba6-4c03-a060-fa4678b1d4ef,/a506b05d-371f-4110-bd94-c0d1ff725926/ss11neu_telemetry_js/js,Neuville
11,0,0,0,0,,0,120,29.0,44.8192,5.93612,005,0,117,,0,,1517052154100,9814dc4c-78bd-48ec-ba9e-f2a708a9d519,875b838e-8ba6-4c03-a060-fa4678b1d4ef,/a506b05d-371f-4110-bd94-c0d1ff725926/ss11neu_telemetry_js/js,Neuville
13,0,0,0,0,,0,60,28.7,44.81955,5.93225,005,0,51,,0,,1517052143600,9814dc4c-78bd-48ec-ba9e-f2a708a9d519,875b838e-8ba6-4c03-a060-fa4678b1d4ef,/a506b05d-371f-4110-bd94-c0d1ff725926/ss11neu_telemetry_js/js,Neuville
15,0,0,0,0,,0,46,28.0,44.81841,5.9264,005,0,99,,0,,1517052118000,9814dc4c-78bd-48ec-ba9e-f2a708a9d519,875b838e-8ba6-4c03-a060-fa4678b1d4ef,/a506b05d-371f-4110-bd94-c0d1ff725926/ss11neu_telemetry_js/js,Neuville
17,0,0,0,0,,0,62,28.0,44.81827,5.92617,005,0,88,,0,,1517052117100,9814dc4c-78bd-48ec-ba9e-f2a708a9d519,875b838e-8ba6-4c03-a060-fa4678b1d4ef,/a506b05d-371f-4110-bd94-c0d1ff725926/ss11neu_telemetry_js/js,Neuville
18,0,0,0,0,,0,86,27.8,44.81824,5.92376,005,0,161,,0,,1517052111600,9814dc4c-78bd-48ec-ba9e-f2a708a9d519,875b838e-8ba6-4c03-a060-fa4678b1d4ef,/a506b05d-371f-4110-bd94-c0d1ff725926/ss11neu_telemetry_js/js,Neuville
20,0,0,0,0,,0,28,27.3,44.8177,5.91803,005,0,99,,0,,1517052098800,9814dc4c-78bd-48ec-ba9e-f2a708a9d519,875b838e-8ba6-4c03-a060-fa4678b1d4ef,/a506b05d-371f-4110-bd94-c0d1ff725926/ss11neu_telemetry_js/js,Neuville
22,0,0,0,0,,0,140,27.2,44.81712,5.91701,005,0,78,,0,,1517052092400,9814dc4c-78bd-48ec-ba9e-f2a708a9d519,875b838e-8ba6-4c03-a060-fa4678b1d4ef,/a506b05d-371f-4110-bd94-c0d1ff725926/ss11neu_telemetry_js/js,Neuville
24,0,0,0,0,,0,178,26.9,44.81875,5.91576,005,0,108,,0,,1517052086000,9814dc4c-78bd-48ec-ba9e-f2a708a9d519,875b838e-8ba6-4c03-a060-fa4678b1d4ef,/a506b05d-371f-4110-bd94-c0d1ff725926/ss11neu_telemetry_js/js,Neuville
26,0,0,0,0,,0,38,26.8,44.81911,5.91464,005,0,111,,0,,1517052079600,9814dc4c-78bd-48ec-ba9e-f2a708a9d519,875b838e-8ba6-4c03-a060-fa4678b1d4ef,/a506b05d-371f-4110-bd94-c0d1ff725926/ss11neu_telemetry_js/js,Neuville
28,0,0,0,0,,0,50,26.2,44.8182,5.90796,005,0,91,,0,,1517052060400,9814dc4c-78bd-48ec-ba9e-f2a708a9d519,875b838e-8ba6-4c03-a060-fa4678b1d4ef,/a506b05d-371f-4110-bd94-c0d1ff725926/ss11neu_telemetry_js/js,Neuville
30,0,0,0,0,,0,44,25.9,44.81634,5.90723,005,0,54,,0,,1517052047600,9814dc4c-78bd-48ec-ba9e-f2a708a9d519,875b838e-8ba6-4c03-a060-fa4678b1d4ef,/a506b05d-371f-4110-bd94-c0d1ff725926/ss11neu_telemetry_js/js,Neuville
32,0,0,0,0,,0,258,25.5,44.81469,5.9114,005,0,67,,0,,1517052028400,9814dc4c-78bd-48ec-ba9e-f2a708a9d519,875b838e-8ba6-4c03-a060-fa4678b1d4ef,/a506b05d-371f-4110-bd94-c0d1ff725926/ss11neu_telemetry_js/js,Neuville
34,0,0,0,0,,0,328,25.0,44.81472,5.9091,005,0,33,,0,,1517051996700,9814dc4c-78bd-48ec-ba9e-f2a708a9d519,875b838e-8ba6-4c03-a060-fa4678b1d4ef,/a506b05d-371f-4110-bd94-c0d1ff725926/ss11neu_telemetry_js/js,Neuville
35,0,0,0,0,,0,70,24.4,44.8133,5.90581,005,0,133,,0,,1517051970800,9814dc4c-78bd-48ec-ba9e-f2a708a9d519,875b838e-8ba6-4c03-a060-fa4678b1d4ef,/a506b05d-371f-4110-bd94-c0d1ff725926/ss11neu_telemetry_js/js,Neuville
37,0,0,0,0,,0,20,24.2,44.81236,5.90415,005,0,130,,0,,1517051964400,9814dc4c-78bd-48ec-ba9e-f2a708a9d519,875b838e-8ba6-4c03-a060-fa4678b1d4ef,/a506b05d-371f-4110-bd94-c0d1ff725926/ss11neu_telemetry_js/js,Neuville
39,0,0,0,0,,0,42,23.9,44.81044,5.90236,005,0,138,,0,,1517051958000,9814dc4c-78bd-48ec-ba9e-f2a708a9d519,875b838e-8ba6-4c03-a060-fa4678b1d4ef,/a506b05d-371f-4110-bd94-c0d1ff725926/ss11neu_telemetry_js/js,Neuville
41,0,0,0,0,,0,44,23.7,44.80956,5.90122,005,0,75,,0,,1517051953700,9814dc4c-78bd-48ec-ba9e-f2a708a9d519,875b838e-8ba6-4c03-a060-fa4678b1d4ef,/a506b05d-371f-4110-bd94-c0d1ff725926/ss11neu_telemetry_js/js,Neuville
44,0,0,0,0,,0,10,23.6,44.80936,5.90098,005,0,25,,0,,1517051951600,9814dc4c-78bd-48ec-ba9e-f2a708a9d519,875b838e-8ba6-4c03-a060-fa4678b1d4ef,/a506b05d-371f-4110-bd94-c0d1ff725926/ss11neu_telemetry_js/js,Neuville
46,0,0,0,0,,0,260,23.6,44.80928,5.902,005,0,42,,0,,1517051945200,9814dc4c-78bd-48ec-ba9e-f2a708a9d519,875b838e-8ba6-4c03-a060-fa4678b1d4ef,/a506b05d-371f-4110-bd94-c0d1ff725926/ss11neu_telemetry_js/js,Neuville
48,0,0,0,0,,0,276,23.5,44.80927,5.90324,005,0,62,,0,,1517051938800,9814dc4c-78bd-48ec-ba9e-f2a708a9d519,875b838e-8ba6-4c03-a060-fa4678b1d4ef,/a506b05d-371f-4110-bd94-c0d1ff725926/ss11neu_telemetry_js/js,Neuville
50,0,0,0,0,,0,274,23.4,44.80923,5.90447,005,0,59,,0,,1517051932400,9814dc4c-78bd-48ec-ba9e-f2a708a9d519,875b838e-8ba6-4c03-a060-fa4678b1d4ef,/a506b05d-371f-4110-bd94-c0d1ff725926/ss11neu_telemetry_js/js,Neuville
52,0,0,0,0,,0,262,23.3,44.80926,5.90547,005,0,30,,0,,1517051926000,9814dc4c-78bd-48ec-ba9e-f2a708a9d519,875b838e-8ba6-4c03-a060-fa4678b1d4ef,/a506b05d-371f-4110-bd94-c0d1ff725926/ss11neu_telemetry_js/js,Neuville
54,0,0,0,0,,0,356,23.2,44.8086,5.90571,005,0,92,,0,,1517051919600,9814dc4c-78bd-48ec-ba9e-f2a708a9d519,875b838e-8ba6-4c03-a060-fa4678b1d4ef,/a506b05d-371f-4110-bd94-c0d1ff725926/ss11neu_telemetry_js/js,Neuville
56,0,0,0,0,,0,358,23.0,44.80641,5.90578,005,0,147,,0,,1517051913200,9814dc4c-78bd-48ec-ba9e-f2a708a9d519,875b838e-8ba6-4c03-a060-fa4678b1d4ef,/a506b05d-371f-4110-bd94-c0d1ff725926/ss11neu_telemetry_js/js,Neuville
57,0,0,0,0,,0,356,22.7,44.80398,5.90589,005,0,154,,0,,1517051906800,9814dc4c-78bd-48ec-ba9e-f2a708a9d519,875b838e-8ba6-4c03-a060-fa4678b1d4ef,/a506b05d-371f-4110-bd94-c0d1ff725926/ss11neu_telemetry_js/js,Neuville
59,0,0,0,0,,0,334,22.5,44.80204,5.90602,005,0,83,,0,,1517051900400,9814dc4c-78bd-48ec-ba9e-f2a708a9d519,875b838e-8ba6-4c03-a060-fa4678b1d4ef,/a506b05d-371f-4110-bd94-c0d1ff725926/ss11neu_telemetry_js/js,Neuville
61,0,0,0,0,,0,326,22.2,44.80041,5.90758,005,0,111,,0,,1517051894000,9814dc4c-78bd-48ec-ba9e-f2a708a9d519,875b838e-8ba6-4c03-a060-fa4678b1d4ef,/a506b05d-371f-4110-bd94-c0d1ff725926/ss11neu_telemetry_js/js,Neuville
63,0,0,0,0,,0,206,22.0,44.7998,5.90849,005,0,72,,0,,1517051878300,9814dc4c-78bd-48ec-ba9e-f2a708a9d519,875b838e-8ba6-4c03-a060-fa4678b1d4ef,/a506b05d-371f-4110-bd94-c0d1ff725926/ss11neu_telemetry_js/js,Neuville
64,0,0,0,0,,0,356,21.0,44.79383,5.91249,005,0,84,,0,,1517051838200,9814dc4c-78bd-48ec-ba9e-f2a708a9d519,875b838e-8ba6-4c03-a060-fa4678b1d4ef,/a506b05d-371f-4110-bd94-c0d1ff725926/ss11neu_telemetry_js/js,Neuville
65,0,0,0,0,,0,30,20.8,44.79279,5.91269,005,0,95,,0,,1517051830000,9814dc4c-78bd-48ec-ba9e-f2a708a9d519,875b838e-8ba6-4c03-a060-fa4678b1d4ef,/a506b05d-371f-4110-bd94-c0d1ff725926/ss11neu_telemetry_js/js,Neuville
67,0,0,0,0,,0,6,20.0,44.78635,5.90897,005,0,195,,0,,1517051800700,9814dc4c-78bd-48ec-ba9e-f2a708a9d519,875b838e-8ba6-4c03-a060-fa4678b1d4ef,/a506b05d-371f-4110-bd94-c0d1ff725926/ss11neu_telemetry_js/js,Neuville
68,0,0,0,0,,0,8,19.5,44.78238,5.90822,005,0,140,,0,,1517051791600,9814dc4c-78bd-48ec-ba9e-f2a708a9d519,875b838e-8ba6-4c03-a060-fa4678b1d4ef,/a506b05d-371f-4110-bd94-c0d1ff725926/ss11neu_telemetry_js/js,Neuville
69,0,0,0,0,,0,210,19.2,44.78081,5.90937,005,0,36,,0,,1517051778800,9814dc4c-78bd-48ec-ba9e-f2a708a9d519,875b838e-8ba6-4c03-a060-fa4678b1d4ef,/a506b05d-371f-4110-bd94-c0d1ff725926/ss11neu_telemetry_js/js,Neuville
71,0,0,0,0,,0,264,19.0,44.78246,5.91144,005,0,120,,0,,1517051768700,9814dc4c-78bd-48ec-ba9e-f2a708a9d519,875b838e-8ba6-4c03-a060-fa4678b1d4ef,/a506b05d-371f-4110-bd94-c0d1ff725926/ss11neu_telemetry_js/js,Neuville
72,0,0,0,0,,0,358,18.7,44.78383,5.913,005,0,48,,0,,1517051753200,9814dc4c-78bd-48ec-ba9e-f2a708a9d519,875b838e-8ba6-4c03-a060-fa4678b1d4ef,/a506b05d-371f-4110-bd94-c0d1ff725926/ss11neu_telemetry_js/js,Neuville
73,0,0,0,0,,0,302,18.0,44.77934,5.91215,005,0,30,,0,,1517051713600,9814dc4c-78bd-48ec-ba9e-f2a708a9d519,875b838e-8ba6-4c03-a060-fa4678b1d4ef,/a506b05d-371f-4110-bd94-c0d1ff725926/ss11neu_telemetry_js/js,Neuville
74,0,0,0,0,,0,266,17.4,44.78006,5.91783,005,0,68,,0,,1517051689200,9814dc4c-78bd-48ec-ba9e-f2a708a9d519,875b838e-8ba6-4c03-a060-fa4678b1d4ef,/a506b05d-371f-4110-bd94-c0d1ff725926/ss11neu_telemetry_js/js,Neuville
75,0,0,0,0,,0,268,17.0,44.78097,5.91833,005,0,63,,0,,1517051666400,9814dc4c-78bd-48ec-ba9e-f2a708a9d519,875b838e-8ba6-4c03-a060-fa4678b1d4ef,/a506b05d-371f-4110-bd94-c0d1ff725926/ss11neu_telemetry_js/js,Neuville
76,0,0,0,0,,0,174,16.7,44.78212,5.92022,005,0,88,,0,,1517051657200,9814dc4c-78bd-48ec-ba9e-f2a708a9d519,875b838e-8ba6-4c03-a060-fa4678b1d4ef,/a506b05d-371f-4110-bd94-c0d1ff725926/ss11neu_telemetry_js/js,Neuville
77,0,0,0,0,,0,12,16.0,44.77856,5.91988,005,0,98,,0,,1517051624600,9814dc4c-78bd-48ec-ba9e-f2a708a9d519,875b838e-8ba6-4c03-a060-fa4678b1d4ef,/a506b05d-371f-4110-bd94-c0d1ff725926/ss11neu_telemetry_js/js,Neuville
78,0,0,0,0,,0,36,15.8,44.77721,5.91901,005,0,60,,0,,1517051618800,9814dc4c-78bd-48ec-ba9e-f2a708a9d519,875b838e-8ba6-4c03-a060-fa4678b1d4ef,/a506b05d-371f-4110-bd94-c0d1ff725926/ss11neu_telemetry_js/js,Neuville
79,0,0,0,0,,0,338,15.0,44.77556,5.92125,005,0,103,,0,,1517051586800,9814dc4c-78bd-48ec-ba9e-f2a708a9d519,875b838e-8ba6-4c03-a060-fa4678b1d4ef,/a506b05d-371f-4110-bd94-c0d1ff725926/ss11neu_telemetry_js/js,Neuville
80,0,0,0,0,,0,36,15.4,44.77477,5.92103,005,0,92,,0,,1517051582500,9814dc4c-78bd-48ec-ba9e-f2a708a9d519,875b838e-8ba6-4c03-a060-fa4678b1d4ef,/a506b05d-371f-4110-bd94-c0d1ff725926/ss11neu_telemetry_js/js,Neuville
82,0,0,0,0,,0,16,15.3,44.77444,5.92077,005,0,61,,0,,1517051580400,9814dc4c-78bd-48ec-ba9e-f2a708a9d519,875b838e-8ba6-4c03-a060-fa4678b1d4ef,/a506b05d-371f-4110-bd94-c0d1ff725926/ss11neu_telemetry_js/js,Neuville
83,0,0,0,0,,0,56,15.1,44.77365,5.91829,005,0,90,,0,,1517051567600,9814dc4c-78bd-48ec-ba9e-f2a708a9d519,875b838e-8ba6-4c03-a060-fa4678b1d4ef,/a506b05d-371f-4110-bd94-c0d1ff725926/ss11neu_telemetry_js/js,Neuville
84,0,0,0,0,,0,54,14.4,44.77119,5.91259,005,0,93,,0,,1517051542000,9814dc4c-78bd-48ec-ba9e-f2a708a9d519,875b838e-8ba6-4c03-a060-fa4678b1d4ef,/a506b05d-371f-4110-bd94-c0d1ff725926/ss11neu_telemetry_js/js,Neuville
85,0,0,0,0,,0,56,14.2,44.77043,5.91036,005,0,107,,0,,1517051535600,9814dc4c-78bd-48ec-ba9e-f2a708a9d519,875b838e-8ba6-4c03-a060-fa4678b1d4ef,/a506b05d-371f-4110-bd94-c0d1ff725926/ss11neu_telemetry_js/js,Neuville
86,0,0,0,0,,0,24,14.1,44.76934,5.90908,005,0,33,,0,,1517051522400,9814dc4c-78bd-48ec-ba9e-f2a708a9d519,875b838e-8ba6-4c03-a060-fa4678b1d4ef,/a506b05d-371f-4110-bd94-c0d1ff725926/ss11neu_telemetry_js/js,Neuville
87,0,0,0,0,,0,70,13.7,44.76815,5.90544,005,0,135,,0,,1517051509600,9814dc4c-78bd-48ec-ba9e-f2a708a9d519,875b838e-8ba6-4c03-a060-fa4678b1d4ef,/a506b05d-371f-4110-bd94-c0d1ff725926/ss11neu_telemetry_js/js,Neuville
88,0,0,0,0,,0,46,12.7,44.76276,5.89601,005,0,108,,0,,1517051471200,9814dc4c-78bd-48ec-ba9e-f2a708a9d519,875b838e-8ba6-4c03-a060-fa4678b1d4ef,/a506b05d-371f-4110-bd94-c0d1ff725926/ss11neu_telemetry_js/js,Neuville
89,0,0,0,0,,0,36,12.0,44.75937,5.88829,005,0,75,,0,,1517051445600,9814dc4c-78bd-48ec-ba9e-f2a708a9d519,875b838e-8ba6-4c03-a060-fa4678b1d4ef,/a506b05d-371f-4110-bd94-c0d1ff725926/ss11neu_telemetry_js/js,Neuville
90,0,0,0,0,,0,2,11.2,44.75609,5.88273,005,0,225,,0,,1517051417100,9814dc4c-78bd-48ec-ba9e-f2a708a9d519,875b838e-8ba6-4c03-a060-fa4678b1d4ef,/a506b05d-371f-4110-bd94-c0d1ff725926/ss11neu_telemetry_js/js,Neuville
91,0,0,0,0,,0,292,10.7,44.75166,5.88358,005,0,128,,0,,1517051404200,9814dc4c-78bd-48ec-ba9e-f2a708a9d519,875b838e-8ba6-4c03-a060-fa4678b1d4ef,/a506b05d-371f-4110-bd94-c0d1ff725926/ss11neu_telemetry_js/js,Neuville
92,0,0,0,0,,0,350,10.0,44.75151,5.88549,005,0,104,,0,,1517051397800,9814dc4c-78bd-48ec-ba9e-f2a708a9d519,875b838e-8ba6-4c03-a060-fa4678b1d4ef,/a506b05d-371f-4110-bd94-c0d1ff725926/ss11neu_telemetry_js/js,Neuville
93,0,0,0,0,,0,350,10.0,44.7504,5.88575,005,0,104,,0,,1517051393500,9814dc4c-78bd-48ec-ba9e-f2a708a9d519,875b838e-8ba6-4c03-a060-fa4678b1d4ef,/a506b05d-371f-4110-bd94-c0d1ff725926/ss11neu_telemetry_js/js,Neuville
96,0,0,0,0,,0,350,10.0,44.74986,5.88587,005,0,104,,0,,1517051391400,9814dc4c-78bd-48ec-ba9e-f2a708a9d519,875b838e-8ba6-4c03-a060-fa4678b1d4ef,/a506b05d-371f-4110-bd94-c0d1ff725926/ss11neu_telemetry_js/js,Neuville
98,0,0,0,0,,0,26,9.2,44.74294,5.89073,005,0,54,,0,,1517051359400,9814dc4c-78bd-48ec-ba9e-f2a708a9d519,875b838e-8ba6-4c03-a060-fa4678b1d4ef,/a506b05d-371f-4110-bd94-c0d1ff725926/ss11neu_telemetry_js/js,Neuville
100,0,0,0,0,,0,338,9.1,44.74178,5.89121,005,0,160,,0,,1517051353000,9814dc4c-78bd-48ec-ba9e-f2a708a9d519,875b838e-8ba6-4c03-a060-fa4678b1d4ef,/a506b05d-371f-4110-bd94-c0d1ff725926/ss11neu_telemetry_js/js,Neuville
102,0,0,0,0,,0,348,9.0,44.74078,5.8916,005,0,165,,0,,1517051350500,9814dc4c-78bd-48ec-ba9e-f2a708a9d519,875b838e-8ba6-4c03-a060-fa4678b1d4ef,/a506b05d-371f-4110-bd94-c0d1ff725926/ss11neu_telemetry_js/js,Neuville
103,0,0,0,0,,0,358,8.8,44.73932,5.89198,005,0,125,,0,,1517051346600,9814dc4c-78bd-48ec-ba9e-f2a708a9d519,875b838e-8ba6-4c03-a060-fa4678b1d4ef,/a506b05d-371f-4110-bd94-c0d1ff725926/ss11neu_telemetry_js/js,Neuville
105,0,0,0,0,,0,22,8.3,44.73601,5.89469,005,0,75,,0,,1517051327400,9814dc4c-78bd-48ec-ba9e-f2a708a9d519,875b838e-8ba6-4c03-a060-fa4678b1d4ef,/a506b05d-371f-4110-bd94-c0d1ff725926/ss11neu_telemetry_js/js,Neuville
106,0,0,0,0,,0,340,8.2,44.73529,5.89438,005,0,101,,0,,1517051323600,9814dc4c-78bd-48ec-ba9e-f2a708a9d519,875b838e-8ba6-4c03-a060-fa4678b1d4ef,/a506b05d-371f-4110-bd94-c0d1ff725926/ss11neu_telemetry_js/js,Neuville
107,0,0,0,0,,0,18,7.9,44.73379,5.89561,005,0,93,,0,,1517051314600,9814dc4c-78bd-48ec-ba9e-f2a708a9d519,875b838e-8ba6-4c03-a060-fa4678b1d4ef,/a506b05d-371f-4110-bd94-c0d1ff725926/ss11neu_telemetry_js/js,Neuville
108,0,0,0,0,,0,332,7.6,44.73237,5.89605,005,0,72,,0,,1517051307600,9814dc4c-78bd-48ec-ba9e-f2a708a9d519,875b838e-8ba6-4c03-a060-fa4678b1d4ef,/a506b05d-371f-4110-bd94-c0d1ff725926/ss11neu_telemetry_js/js,Neuville
109,0,0,0,0,,0,136,7.6,44.7324,5.89581,005,0,78,,0,,1517051301700,9814dc4c-78bd-48ec-ba9e-f2a708a9d519,875b838e-8ba6-4c03-a060-fa4678b1d4ef,/a506b05d-371f-4110-bd94-c0d1ff725926/ss11neu_telemetry_js/js,Neuville
110,0,0,0,0,,0,146,7.4,44.73328,5.8948,005,0,81,,0,,1517051295300,9814dc4c-78bd-48ec-ba9e-f2a708a9d519,875b838e-8ba6-4c03-a060-fa4678b1d4ef,/a506b05d-371f-4110-bd94-c0d1ff725926/ss11neu_telemetry_js/js,Neuville
111,0,0,0,0,,0,302,7.1,44.73458,5.89234,005,0,51,,0,,1517051276100,9814dc4c-78bd-48ec-ba9e-f2a708a9d519,875b838e-8ba6-4c03-a060-fa4678b1d4ef,/a506b05d-371f-4110-bd94-c0d1ff725926/ss11neu_telemetry_js/js,Neuville
112,0,0,0,0,,0,334,7.0,44.73375,5.89301,005,0,74,,0,,1517051269700,9814dc4c-78bd-48ec-ba9e-f2a708a9d519,875b838e-8ba6-4c03-a060-fa4678b1d4ef,/a506b05d-371f-4110-bd94-c0d1ff725926/ss11neu_telemetry_js/js,Neuville
113,0,0,0,0,,0,36,7.0,44.73324,5.89309,005,0,45,,0,,1517051266500,9814dc4c-78bd-48ec-ba9e-f2a708a9d519,875b838e-8ba6-4c03-a060-fa4678b1d4ef,/a506b05d-371f-4110-bd94-c0d1ff725926/ss11neu_telemetry_js/js,Neuville
115,0,0,0,0,,0,326,6.9,44.73297,5.89288,005,0,64,,0,,1517051263300,9814dc4c-78bd-48ec-ba9e-f2a708a9d519,875b838e-8ba6-4c03-a060-fa4678b1d4ef,/a506b05d-371f-4110-bd94-c0d1ff725926/ss11neu_telemetry_js/js,Neuville
116,0,0,0,0,,0,346,6.7,44.7318,5.89374,005,0,95,,0,,1517051256900,9814dc4c-78bd-48ec-ba9e-f2a708a9d519,875b838e-8ba6-4c03-a060-fa4678b1d4ef,/a506b05d-371f-4110-bd94-c0d1ff725926/ss11neu_telemetry_js/js,Neuville
117,0,0,0,0,,0,344,6.1,44.73321,5.89049,005,0,45,,0,,1517051218500,9814dc4c-78bd-48ec-ba9e-f2a708a9d519,875b838e-8ba6-4c03-a060-fa4678b1d4ef,/a506b05d-371f-4110-bd94-c0d1ff725926/ss11neu_telemetry_js/js,Neuville
118,0,0,0,0,,0,2,5.9,44.7323,5.88988,005,0,91,,0,,1517051212100,9814dc4c-78bd-48ec-ba9e-f2a708a9d519,875b838e-8ba6-4c03-a060-fa4678b1d4ef,/a506b05d-371f-4110-bd94-c0d1ff725926/ss11neu_telemetry_js/js,Neuville
119,0,0,0,0,,0,346,5.8,44.73081,5.89013,005,0,96,,0,,1517051205700,9814dc4c-78bd-48ec-ba9e-f2a708a9d519,875b838e-8ba6-4c03-a060-fa4678b1d4ef,/a506b05d-371f-4110-bd94-c0d1ff725926/ss11neu_telemetry_js/js,Neuville
121,0,0,0,0,,0,24,5.5,44.72863,5.89129,005,0,114,,0,,1517051192900,9814dc4c-78bd-48ec-ba9e-f2a708a9d519,875b838e-8ba6-4c03-a060-fa4678b1d4ef,/a506b05d-371f-4110-bd94-c0d1ff725926/ss11neu_telemetry_js/js,Neuville
122,0,0,0,0,,0,36,5.2,44.72675,5.88982,005,0,127,,0,,1517051186500,9814dc4c-78bd-48ec-ba9e-f2a708a9d519,875b838e-8ba6-4c03-a060-fa4678b1d4ef,/a506b05d-371f-4110-bd94-c0d1ff725926/ss11neu_telemetry_js/js,Neuville
123,0,0,0,0,,0,16,5.0,44.72546,5.88722,005,0,90,,0,,1517051173700,9814dc4c-78bd-48ec-ba9e-f2a708a9d519,875b838e-8ba6-4c03-a060-fa4678b1d4ef,/a506b05d-371f-4110-bd94-c0d1ff725926/ss11neu_telemetry_js/js,Neuville
124,0,0,0,0,,0,16,4.9,44.72546,5.88722,005,0,92,,0,,1517051173700,9814dc4c-78bd-48ec-ba9e-f2a708a9d519,875b838e-8ba6-4c03-a060-fa4678b1d4ef,/a506b05d-371f-4110-bd94-c0d1ff725926/ss11neu_telemetry_js/js,Neuville
125,0,0,0,0,,0,90,4.3,44.72039,5.88576,005,0,65,,0,,1517051148100,9814dc4c-78bd-48ec-ba9e-f2a708a9d519,875b838e-8ba6-4c03-a060-fa4678b1d4ef,/a506b05d-371f-4110-bd94-c0d1ff725926/ss11neu_telemetry_js/js,Neuville
126,0,0,0,0,,0,96,4.1,44.72068,5.88317,005,0,142,,0,,1517051141700,9814dc4c-78bd-48ec-ba9e-f2a708a9d519,875b838e-8ba6-4c03-a060-fa4678b1d4ef,/a506b05d-371f-4110-bd94-c0d1ff725926/ss11neu_telemetry_js/js,Neuville
127,0,0,0,0,,0,58,4.0,44.72037,5.8811,005,0,81,,0,,1517051136100,9814dc4c-78bd-48ec-ba9e-f2a708a9d519,875b838e-8ba6-4c03-a060-fa4678b1d4ef,/a506b05d-371f-4110-bd94-c0d1ff725926/ss11neu_telemetry_js/js,Neuville
129,0,0,0,0,,0,46,3.9,44.72028,5.88093,005,0,59,,0,,1517051135300,9814dc4c-78bd-48ec-ba9e-f2a708a9d519,875b838e-8ba6-4c03-a060-fa4678b1d4ef,/a506b05d-371f-4110-bd94-c0d1ff725926/ss11neu_telemetry_js/js,Neuville
130,0,0,0,0,,0,346,3.1,44.7136,5.88289,005,0,87,,0,,1517051096900,9814dc4c-78bd-48ec-ba9e-f2a708a9d519,875b838e-8ba6-4c03-a060-fa4678b1d4ef,/a506b05d-371f-4110-bd94-c0d1ff725926/ss11neu_telemetry_js/js,Neuville
131,0,0,0,0,,0,350,3.0,44.71244,5.8831,005,0,63,,0,,1517051091900,9814dc4c-78bd-48ec-ba9e-f2a708a9d519,875b838e-8ba6-4c03-a060-fa4678b1d4ef,/a506b05d-371f-4110-bd94-c0d1ff725926/ss11neu_telemetry_js/js,Neuville
132,0,0,0,0,,0,300,2.9,44.71229,5.88316,005,0,26,,0,,1517051090500,9814dc4c-78bd-48ec-ba9e-f2a708a9d519,875b838e-8ba6-4c03-a060-fa4678b1d4ef,/a506b05d-371f-4110-bd94-c0d1ff725926/ss11neu_telemetry_js/js,Neuville
133,0,0,0,0,,0,330,2.5,44.71472,5.88601,005,0,42,,0,,1517051071300,9814dc4c-78bd-48ec-ba9e-f2a708a9d519,875b838e-8ba6-4c03-a060-fa4678b1d4ef,/a506b05d-371f-4110-bd94-c0d1ff725926/ss11neu_telemetry_js/js,Neuville
134,0,0,0,0,,0,280,2.1,44.7145,5.88905,005,0,85,,0,,1517051052100,9814dc4c-78bd-48ec-ba9e-f2a708a9d519,875b838e-8ba6-4c03-a060-fa4678b1d4ef,/a506b05d-371f-4110-bd94-c0d1ff725926/ss11neu_telemetry_js/js,Neuville
135,0,0,0,0,,0,350,2.0,44.71368,5.89056,005,0,69,,0,,1517051045700,9814dc4c-78bd-48ec-ba9e-f2a708a9d519,875b838e-8ba6-4c03-a060-fa4678b1d4ef,/a506b05d-371f-4110-bd94-c0d1ff725926/ss11neu_telemetry_js/js,Neuville
136,0,0,0,0,,0,356,2.0,44.71341,5.89059,005,0,97,,0,,1517051044300,9814dc4c-78bd-48ec-ba9e-f2a708a9d519,875b838e-8ba6-4c03-a060-fa4678b1d4ef,/a506b05d-371f-4110-bd94-c0d1ff725926/ss11neu_telemetry_js/js,Neuville
138,0,0,0,0,,0,10,1.6,44.71054,5.89142,005,0,114,,0,,1517051032900,9814dc4c-78bd-48ec-ba9e-f2a708a9d519,875b838e-8ba6-4c03-a060-fa4678b1d4ef,/a506b05d-371f-4110-bd94-c0d1ff725926/ss11neu_telemetry_js/js,Neuville
139,0,0,0,0,,0,64,1.0,44.70561,5.88737,005,0,80,,0,,1517051009900,9814dc4c-78bd-48ec-ba9e-f2a708a9d519,875b838e-8ba6-4c03-a060-fa4678b1d4ef,/a506b05d-371f-4110-bd94-c0d1ff725926/ss11neu_telemetry_js/js,Neuville
140,0,0,0,0,,0,28,0.0,44.69821,5.88154,005,0,66,,0,,1517050982400,9814dc4c-78bd-48ec-ba9e-f2a708a9d519,875b838e-8ba6-4c03-a060-fa4678b1d4ef,/a506b05d-371f-4110-bd94-c0d1ff725926/ss11neu_telemetry_js/js,Neuville
141,0,0,0,0,,0,18,0.0,44.69804,5.88137,005,0,0,,0,,1517050872900,9814dc4c-78bd-48ec-ba9e-f2a708a9d519,875b838e-8ba6-4c03-a060-fa4678b1d4ef,/a506b05d-371f-4110-bd94-c0d1ff725926/ss11neu_telemetry_js/js,Neuville
143,0,0,0,0,,0,18,0.0,44.69801,5.88138,005,0,0,,0,,1517050826200,9814dc4c-78bd-48ec-ba9e-f2a708a9d519,875b838e-8ba6-4c03-a060-fa4678b1d4ef,/a506b05d-371f-4110-bd94-c0d1ff725926/ss11neu_telemetry_js/js,Neuville
