,accx,accy,altitude,brk,driverid,gear,heading,kms,lat,lon,name,rpm,speed,status,throttle,track,utx,_rally_stageid,_carentryid,_telemetryID,_name
0,0,0,0,0,,0,254,19.0,43.93714,7.36382,007,0,0,,0,,1517126528000,91d7cdd5-3511-46ee-be4a-c8cc4efb564d,950022ae-5858-4cf2-81c2-7b4c85a8cbb7,/a506b05d-371f-4110-bd94-c0d1ff725926/ss14lat_telemetry_js/js,Latvala
1,0,0,0,0,,0,254,19.0,43.93721,7.36387,007,0,0,,0,,1517126476800,91d7cdd5-3511-46ee-be4a-c8cc4efb564d,950022ae-5858-4cf2-81c2-7b4c85a8cbb7,/a506b05d-371f-4110-bd94-c0d1ff725926/ss14lat_telemetry_js/js,Latvala
2,0,0,0,0,,0,254,19.0,43.9372,7.36386,007,0,0,,0,,1517126451200,91d7cdd5-3511-46ee-be4a-c8cc4efb564d,950022ae-5858-4cf2-81c2-7b4c85a8cbb7,/a506b05d-371f-4110-bd94-c0d1ff725926/ss14lat_telemetry_js/js,Latvala
3,0,0,0,0,,0,172,19.0,43.93724,7.36382,007,0,0,,0,,1517126425600,91d7cdd5-3511-46ee-be4a-c8cc4efb564d,950022ae-5858-4cf2-81c2-7b4c85a8cbb7,/a506b05d-371f-4110-bd94-c0d1ff725926/ss14lat_telemetry_js/js,Latvala
5,0,0,0,0,,0,172,19.0,43.93722,7.36384,007,0,0,,0,,1517126410700,91d7cdd5-3511-46ee-be4a-c8cc4efb564d,950022ae-5858-4cf2-81c2-7b4c85a8cbb7,/a506b05d-371f-4110-bd94-c0d1ff725926/ss14lat_telemetry_js/js,Latvala
6,0,0,0,0,,0,166,18.9,43.93776,7.36352,007,0,42,,0,,1517126374400,91d7cdd5-3511-46ee-be4a-c8cc4efb564d,950022ae-5858-4cf2-81c2-7b4c85a8cbb7,/a506b05d-371f-4110-bd94-c0d1ff725926/ss14lat_telemetry_js/js,Latvala
7,0,0,0,0,,0,192,18.7,43.93918,7.3652,007,0,0,,0,,1517126348800,91d7cdd5-3511-46ee-be4a-c8cc4efb564d,950022ae-5858-4cf2-81c2-7b4c85a8cbb7,/a506b05d-371f-4110-bd94-c0d1ff725926/ss14lat_telemetry_js/js,Latvala
8,0,0,0,0,,0,192,18.7,43.9392,7.36517,007,0,0,,0,,1517126323200,91d7cdd5-3511-46ee-be4a-c8cc4efb564d,950022ae-5858-4cf2-81c2-7b4c85a8cbb7,/a506b05d-371f-4110-bd94-c0d1ff725926/ss14lat_telemetry_js/js,Latvala
9,0,0,0,0,,0,204,18.4,43.94141,7.36636,007,0,100,,0,,1517126295100,91d7cdd5-3511-46ee-be4a-c8cc4efb564d,950022ae-5858-4cf2-81c2-7b4c85a8cbb7,/a506b05d-371f-4110-bd94-c0d1ff725926/ss14lat_telemetry_js/js,Latvala
12,0,0,0,0,,0,180,18.3,43.94232,7.36695,007,0,108,,0,,1517126291200,91d7cdd5-3511-46ee-be4a-c8cc4efb564d,950022ae-5858-4cf2-81c2-7b4c85a8cbb7,/a506b05d-371f-4110-bd94-c0d1ff725926/ss14lat_telemetry_js/js,Latvala
13,0,0,0,0,,0,166,17.3,43.95034,7.36649,007,0,117,,0,,1517126265600,91d7cdd5-3511-46ee-be4a-c8cc4efb564d,950022ae-5858-4cf2-81c2-7b4c85a8cbb7,/a506b05d-371f-4110-bd94-c0d1ff725926/ss14lat_telemetry_js/js,Latvala
14,0,0,0,0,,0,256,17.1,43.95214,7.36547,007,0,51,,0,,1517126252800,91d7cdd5-3511-46ee-be4a-c8cc4efb564d,950022ae-5858-4cf2-81c2-7b4c85a8cbb7,/a506b05d-371f-4110-bd94-c0d1ff725926/ss14lat_telemetry_js/js,Latvala
15,0,0,0,0,,0,194,16.5,43.95546,7.37091,007,0,96,,0,,1517126227200,91d7cdd5-3511-46ee-be4a-c8cc4efb564d,950022ae-5858-4cf2-81c2-7b4c85a8cbb7,/a506b05d-371f-4110-bd94-c0d1ff725926/ss14lat_telemetry_js/js,Latvala
16,0,0,0,0,,0,184,15.4,43.96325,7.37598,007,0,101,,0,,1517126195200,91d7cdd5-3511-46ee-be4a-c8cc4efb564d,950022ae-5858-4cf2-81c2-7b4c85a8cbb7,/a506b05d-371f-4110-bd94-c0d1ff725926/ss14lat_telemetry_js/js,Latvala
17,0,0,0,0,,0,210,15.2,43.96518,7.37633,007,0,56,,0,,1517126182400,91d7cdd5-3511-46ee-be4a-c8cc4efb564d,950022ae-5858-4cf2-81c2-7b4c85a8cbb7,/a506b05d-371f-4110-bd94-c0d1ff725926/ss14lat_telemetry_js/js,Latvala
18,0,0,0,0,,0,184,15.0,43.96658,7.37611,007,0,60,,0,,1517126169600,91d7cdd5-3511-46ee-be4a-c8cc4efb564d,950022ae-5858-4cf2-81c2-7b4c85a8cbb7,/a506b05d-371f-4110-bd94-c0d1ff725926/ss14lat_telemetry_js/js,Latvala
19,0,0,0,0,,0,58,14.8,43.96774,7.37474,007,0,41,,0,,1517126156800,91d7cdd5-3511-46ee-be4a-c8cc4efb564d,950022ae-5858-4cf2-81c2-7b4c85a8cbb7,/a506b05d-371f-4110-bd94-c0d1ff725926/ss14lat_telemetry_js/js,Latvala
20,0,0,0,0,,0,164,14.6,43.9684,7.37254,007,0,37,,0,,1517126137600,91d7cdd5-3511-46ee-be4a-c8cc4efb564d,950022ae-5858-4cf2-81c2-7b4c85a8cbb7,/a506b05d-371f-4110-bd94-c0d1ff725926/ss14lat_telemetry_js/js,Latvala
22,0,0,0,0,,0,212,14.5,43.96901,7.37328,007,0,72,,0,,1517126131200,91d7cdd5-3511-46ee-be4a-c8cc4efb564d,950022ae-5858-4cf2-81c2-7b4c85a8cbb7,/a506b05d-371f-4110-bd94-c0d1ff725926/ss14lat_telemetry_js/js,Latvala
24,0,0,0,0,,0,274,14.3,43.96981,7.3751,007,0,52,,0,,1517126118400,91d7cdd5-3511-46ee-be4a-c8cc4efb564d,950022ae-5858-4cf2-81c2-7b4c85a8cbb7,/a506b05d-371f-4110-bd94-c0d1ff725926/ss14lat_telemetry_js/js,Latvala
25,0,0,0,0,,0,276,14.1,43.96973,7.37762,007,0,68,,0,,1517126105600,91d7cdd5-3511-46ee-be4a-c8cc4efb564d,950022ae-5858-4cf2-81c2-7b4c85a8cbb7,/a506b05d-371f-4110-bd94-c0d1ff725926/ss14lat_telemetry_js/js,Latvala
26,0,0,0,0,,0,174,14.0,43.96986,7.37829,007,0,37,,0,,1517126099200,91d7cdd5-3511-46ee-be4a-c8cc4efb564d,950022ae-5858-4cf2-81c2-7b4c85a8cbb7,/a506b05d-371f-4110-bd94-c0d1ff725926/ss14lat_telemetry_js/js,Latvala
27,0,0,0,0,,0,206,14.0,43.97031,7.37832,007,0,41,,0,,1517126095200,91d7cdd5-3511-46ee-be4a-c8cc4efb564d,950022ae-5858-4cf2-81c2-7b4c85a8cbb7,/a506b05d-371f-4110-bd94-c0d1ff725926/ss14lat_telemetry_js/js,Latvala
29,0,0,0,0,,0,144,13.9,43.9705,7.37831,007,0,33,,0,,1517126092800,91d7cdd5-3511-46ee-be4a-c8cc4efb564d,950022ae-5858-4cf2-81c2-7b4c85a8cbb7,/a506b05d-371f-4110-bd94-c0d1ff725926/ss14lat_telemetry_js/js,Latvala
30,0,0,0,0,,0,130,13.8,43.97105,7.3773,007,0,64,,0,,1517126086400,91d7cdd5-3511-46ee-be4a-c8cc4efb564d,950022ae-5858-4cf2-81c2-7b4c85a8cbb7,/a506b05d-371f-4110-bd94-c0d1ff725926/ss14lat_telemetry_js/js,Latvala
31,0,0,0,0,,0,226,13.8,43.9716,7.37722,007,0,49,,0,,1517126080000,91d7cdd5-3511-46ee-be4a-c8cc4efb564d,950022ae-5858-4cf2-81c2-7b4c85a8cbb7,/a506b05d-371f-4110-bd94-c0d1ff725926/ss14lat_telemetry_js/js,Latvala
32,0,0,0,0,,0,108,13.7,43.97204,7.37714,007,0,48,,0,,1517126073600,91d7cdd5-3511-46ee-be4a-c8cc4efb564d,950022ae-5858-4cf2-81c2-7b4c85a8cbb7,/a506b05d-371f-4110-bd94-c0d1ff725926/ss14lat_telemetry_js/js,Latvala
33,0,0,0,0,,0,230,13.6,43.97237,7.37668,007,0,36,,0,,1517126067200,91d7cdd5-3511-46ee-be4a-c8cc4efb564d,950022ae-5858-4cf2-81c2-7b4c85a8cbb7,/a506b05d-371f-4110-bd94-c0d1ff725926/ss14lat_telemetry_js/js,Latvala
35,0,0,0,0,,0,224,13.5,43.97285,7.37789,007,0,74,,0,,1517126060800,91d7cdd5-3511-46ee-be4a-c8cc4efb564d,950022ae-5858-4cf2-81c2-7b4c85a8cbb7,/a506b05d-371f-4110-bd94-c0d1ff725926/ss14lat_telemetry_js/js,Latvala
37,0,0,0,0,,0,268,13.4,43.97325,7.37933,007,0,74,,0,,1517126054400,91d7cdd5-3511-46ee-be4a-c8cc4efb564d,950022ae-5858-4cf2-81c2-7b4c85a8cbb7,/a506b05d-371f-4110-bd94-c0d1ff725926/ss14lat_telemetry_js/js,Latvala
39,0,0,0,0,,0,250,13.3,43.97345,7.38049,007,0,46,,0,,1517126048000,91d7cdd5-3511-46ee-be4a-c8cc4efb564d,950022ae-5858-4cf2-81c2-7b4c85a8cbb7,/a506b05d-371f-4110-bd94-c0d1ff725926/ss14lat_telemetry_js/js,Latvala
41,0,0,0,0,,0,292,13.2,43.97314,7.38157,007,0,51,,0,,1517126041600,91d7cdd5-3511-46ee-be4a-c8cc4efb564d,950022ae-5858-4cf2-81c2-7b4c85a8cbb7,/a506b05d-371f-4110-bd94-c0d1ff725926/ss14lat_telemetry_js/js,Latvala
43,0,0,0,0,,0,222,13.1,43.97351,7.38255,007,0,77,,0,,1517126035200,91d7cdd5-3511-46ee-be4a-c8cc4efb564d,950022ae-5858-4cf2-81c2-7b4c85a8cbb7,/a506b05d-371f-4110-bd94-c0d1ff725926/ss14lat_telemetry_js/js,Latvala
44,0,0,0,0,,0,248,13.0,43.9744,7.38352,007,0,55,,0,,1517126028800,91d7cdd5-3511-46ee-be4a-c8cc4efb564d,950022ae-5858-4cf2-81c2-7b4c85a8cbb7,/a506b05d-371f-4110-bd94-c0d1ff725926/ss14lat_telemetry_js/js,Latvala
45,0,0,0,0,,0,264,13.0,43.97443,7.38369,007,0,59,,0,,1517126027900,91d7cdd5-3511-46ee-be4a-c8cc4efb564d,950022ae-5858-4cf2-81c2-7b4c85a8cbb7,/a506b05d-371f-4110-bd94-c0d1ff725926/ss14lat_telemetry_js/js,Latvala
46,0,0,0,0,,0,272,12.9,43.97415,7.38485,007,0,55,,0,,1517126022400,91d7cdd5-3511-46ee-be4a-c8cc4efb564d,950022ae-5858-4cf2-81c2-7b4c85a8cbb7,/a506b05d-371f-4110-bd94-c0d1ff725926/ss14lat_telemetry_js/js,Latvala
48,0,0,0,0,,0,216,12.7,43.97474,7.38595,007,0,87,,0,,1517126016000,91d7cdd5-3511-46ee-be4a-c8cc4efb564d,950022ae-5858-4cf2-81c2-7b4c85a8cbb7,/a506b05d-371f-4110-bd94-c0d1ff725926/ss14lat_telemetry_js/js,Latvala
50,0,0,0,0,,0,250,12.6,43.97548,7.38749,007,0,77,,0,,1517126009600,91d7cdd5-3511-46ee-be4a-c8cc4efb564d,950022ae-5858-4cf2-81c2-7b4c85a8cbb7,/a506b05d-371f-4110-bd94-c0d1ff725926/ss14lat_telemetry_js/js,Latvala
51,0,0,0,0,,0,272,12.4,43.9758,7.3892,007,0,82,,0,,1517126003200,91d7cdd5-3511-46ee-be4a-c8cc4efb564d,950022ae-5858-4cf2-81c2-7b4c85a8cbb7,/a506b05d-371f-4110-bd94-c0d1ff725926/ss14lat_telemetry_js/js,Latvala
52,0,0,0,0,,0,218,12.3,43.97575,7.39062,007,0,38,,0,,1517125996800,91d7cdd5-3511-46ee-be4a-c8cc4efb564d,950022ae-5858-4cf2-81c2-7b4c85a8cbb7,/a506b05d-371f-4110-bd94-c0d1ff725926/ss14lat_telemetry_js/js,Latvala
53,0,0,0,0,,0,132,12.2,43.97633,7.39009,007,0,51,,0,,1517125990400,91d7cdd5-3511-46ee-be4a-c8cc4efb564d,950022ae-5858-4cf2-81c2-7b4c85a8cbb7,/a506b05d-371f-4110-bd94-c0d1ff725926/ss14lat_telemetry_js/js,Latvala
54,0,0,0,0,,0,266,12.2,43.9768,7.39029,007,0,46,,0,,1517125984000,91d7cdd5-3511-46ee-be4a-c8cc4efb564d,950022ae-5858-4cf2-81c2-7b4c85a8cbb7,/a506b05d-371f-4110-bd94-c0d1ff725926/ss14lat_telemetry_js/js,Latvala
55,0,0,0,0,,0,232,12.1,43.97675,7.39156,007,0,50,,0,,1517125977600,91d7cdd5-3511-46ee-be4a-c8cc4efb564d,950022ae-5858-4cf2-81c2-7b4c85a8cbb7,/a506b05d-371f-4110-bd94-c0d1ff725926/ss14lat_telemetry_js/js,Latvala
56,0,0,0,0,,0,158,11.9,43.97733,7.3917,007,0,65,,0,,1517125972500,91d7cdd5-3511-46ee-be4a-c8cc4efb564d,950022ae-5858-4cf2-81c2-7b4c85a8cbb7,/a506b05d-371f-4110-bd94-c0d1ff725926/ss14lat_telemetry_js/js,Latvala
58,0,0,0,0,,0,208,11.4,43.97877,7.38737,007,0,58,,0,,1517125945600,91d7cdd5-3511-46ee-be4a-c8cc4efb564d,950022ae-5858-4cf2-81c2-7b4c85a8cbb7,/a506b05d-371f-4110-bd94-c0d1ff725926/ss14lat_telemetry_js/js,Latvala
59,0,0,0,0,,0,178,11.2,43.97999,7.38773,007,0,55,,0,,1517125939200,91d7cdd5-3511-46ee-be4a-c8cc4efb564d,950022ae-5858-4cf2-81c2-7b4c85a8cbb7,/a506b05d-371f-4110-bd94-c0d1ff725926/ss14lat_telemetry_js/js,Latvala
61,0,0,0,0,,0,42,11.1,43.98028,7.38678,007,0,70,,0,,1517125932800,91d7cdd5-3511-46ee-be4a-c8cc4efb564d,950022ae-5858-4cf2-81c2-7b4c85a8cbb7,/a506b05d-371f-4110-bd94-c0d1ff725926/ss14lat_telemetry_js/js,Latvala
62,0,0,0,0,,0,126,11.0,43.97978,7.38517,007,0,82,,0,,1517125926400,91d7cdd5-3511-46ee-be4a-c8cc4efb564d,950022ae-5858-4cf2-81c2-7b4c85a8cbb7,/a506b05d-371f-4110-bd94-c0d1ff725926/ss14lat_telemetry_js/js,Latvala
63,0,0,0,0,,0,132,11.0,43.9799,7.38497,007,0,87,,0,,1517125925500,91d7cdd5-3511-46ee-be4a-c8cc4efb564d,950022ae-5858-4cf2-81c2-7b4c85a8cbb7,/a506b05d-371f-4110-bd94-c0d1ff725926/ss14lat_telemetry_js/js,Latvala
65,0,0,0,0,,0,30,10.9,43.97993,7.38401,007,0,81,,0,,1517125920000,91d7cdd5-3511-46ee-be4a-c8cc4efb564d,950022ae-5858-4cf2-81c2-7b4c85a8cbb7,/a506b05d-371f-4110-bd94-c0d1ff725926/ss14lat_telemetry_js/js,Latvala
67,0,0,0,0,,0,150,10.7,43.98019,7.38277,007,0,93,,0,,1517125913600,91d7cdd5-3511-46ee-be4a-c8cc4efb564d,950022ae-5858-4cf2-81c2-7b4c85a8cbb7,/a506b05d-371f-4110-bd94-c0d1ff725926/ss14lat_telemetry_js/js,Latvala
68,0,0,0,0,,0,70,10.6,43.98071,7.38204,007,0,68,,0,,1517125907200,91d7cdd5-3511-46ee-be4a-c8cc4efb564d,950022ae-5858-4cf2-81c2-7b4c85a8cbb7,/a506b05d-371f-4110-bd94-c0d1ff725926/ss14lat_telemetry_js/js,Latvala
69,0,0,0,0,,0,38,10.5,43.98105,7.38112,007,0,44,,0,,1517125900800,91d7cdd5-3511-46ee-be4a-c8cc4efb564d,950022ae-5858-4cf2-81c2-7b4c85a8cbb7,/a506b05d-371f-4110-bd94-c0d1ff725926/ss14lat_telemetry_js/js,Latvala
71,0,0,0,0,,0,82,10.4,43.98019,7.38029,007,0,49,,0,,1517125894400,91d7cdd5-3511-46ee-be4a-c8cc4efb564d,950022ae-5858-4cf2-81c2-7b4c85a8cbb7,/a506b05d-371f-4110-bd94-c0d1ff725926/ss14lat_telemetry_js/js,Latvala
72,0,0,0,0,,0,14,10.3,43.98061,7.3795,007,0,54,,0,,1517125888000,91d7cdd5-3511-46ee-be4a-c8cc4efb564d,950022ae-5858-4cf2-81c2-7b4c85a8cbb7,/a506b05d-371f-4110-bd94-c0d1ff725926/ss14lat_telemetry_js/js,Latvala
73,0,0,0,0,,0,86,10.2,43.97992,7.37906,007,0,71,,0,,1517125881600,91d7cdd5-3511-46ee-be4a-c8cc4efb564d,950022ae-5858-4cf2-81c2-7b4c85a8cbb7,/a506b05d-371f-4110-bd94-c0d1ff725926/ss14lat_telemetry_js/js,Latvala
74,0,0,0,0,,0,14,10.1,43.97919,7.37823,007,0,63,,0,,1517125875200,91d7cdd5-3511-46ee-be4a-c8cc4efb564d,950022ae-5858-4cf2-81c2-7b4c85a8cbb7,/a506b05d-371f-4110-bd94-c0d1ff725926/ss14lat_telemetry_js/js,Latvala
76,0,0,0,0,,0,50,10.0,43.97808,7.3784,007,0,68,,0,,1517125868800,91d7cdd5-3511-46ee-be4a-c8cc4efb564d,950022ae-5858-4cf2-81c2-7b4c85a8cbb7,/a506b05d-371f-4110-bd94-c0d1ff725926/ss14lat_telemetry_js/js,Latvala
78,0,0,0,0,,0,60,10.0,43.97795,7.37817,007,0,85,,0,,1517125867700,91d7cdd5-3511-46ee-be4a-c8cc4efb564d,950022ae-5858-4cf2-81c2-7b4c85a8cbb7,/a506b05d-371f-4110-bd94-c0d1ff725926/ss14lat_telemetry_js/js,Latvala
79,0,0,0,0,,0,102,9.8,43.97784,7.37636,007,0,130,,0,,1517125862400,91d7cdd5-3511-46ee-be4a-c8cc4efb564d,950022ae-5858-4cf2-81c2-7b4c85a8cbb7,/a506b05d-371f-4110-bd94-c0d1ff725926/ss14lat_telemetry_js/js,Latvala
80,0,0,0,0,,0,58,9.6,43.97844,7.37447,007,0,47,,0,,1517125856000,91d7cdd5-3511-46ee-be4a-c8cc4efb564d,950022ae-5858-4cf2-81c2-7b4c85a8cbb7,/a506b05d-371f-4110-bd94-c0d1ff725926/ss14lat_telemetry_js/js,Latvala
82,0,0,0,0,,0,100,9.5,43.97779,7.37346,007,0,83,,0,,1517125849600,91d7cdd5-3511-46ee-be4a-c8cc4efb564d,950022ae-5858-4cf2-81c2-7b4c85a8cbb7,/a506b05d-371f-4110-bd94-c0d1ff725926/ss14lat_telemetry_js/js,Latvala
83,0,0,0,0,,0,72,9.3,43.97806,7.37114,007,0,88,,0,,1517125843200,91d7cdd5-3511-46ee-be4a-c8cc4efb564d,950022ae-5858-4cf2-81c2-7b4c85a8cbb7,/a506b05d-371f-4110-bd94-c0d1ff725926/ss14lat_telemetry_js/js,Latvala
85,0,0,0,0,,0,256,9.2,43.97785,7.37117,007,0,64,,0,,1517125836800,91d7cdd5-3511-46ee-be4a-c8cc4efb564d,950022ae-5858-4cf2-81c2-7b4c85a8cbb7,/a506b05d-371f-4110-bd94-c0d1ff725926/ss14lat_telemetry_js/js,Latvala
87,0,0,0,0,,0,332,9.1,43.97752,7.37316,007,0,110,,0,,1517125830400,91d7cdd5-3511-46ee-be4a-c8cc4efb564d,950022ae-5858-4cf2-81c2-7b4c85a8cbb7,/a506b05d-371f-4110-bd94-c0d1ff725926/ss14lat_telemetry_js/js,Latvala
88,0,0,0,0,,0,50,8.9,43.97599,7.37337,007,0,64,,0,,1517125824000,91d7cdd5-3511-46ee-be4a-c8cc4efb564d,950022ae-5858-4cf2-81c2-7b4c85a8cbb7,/a506b05d-371f-4110-bd94-c0d1ff725926/ss14lat_telemetry_js/js,Latvala
89,0,0,0,0,,0,128,8.7,43.97613,7.37167,007,0,114,,0,,1517125817600,91d7cdd5-3511-46ee-be4a-c8cc4efb564d,950022ae-5858-4cf2-81c2-7b4c85a8cbb7,/a506b05d-371f-4110-bd94-c0d1ff725926/ss14lat_telemetry_js/js,Latvala
91,0,0,0,0,,0,110,8.5,43.9769,7.36915,007,0,96,,0,,1517125811200,91d7cdd5-3511-46ee-be4a-c8cc4efb564d,950022ae-5858-4cf2-81c2-7b4c85a8cbb7,/a506b05d-371f-4110-bd94-c0d1ff725926/ss14lat_telemetry_js/js,Latvala
93,0,0,0,0,,0,122,8.4,43.97806,7.36816,007,0,77,,0,,1517125804800,91d7cdd5-3511-46ee-be4a-c8cc4efb564d,950022ae-5858-4cf2-81c2-7b4c85a8cbb7,/a506b05d-371f-4110-bd94-c0d1ff725926/ss14lat_telemetry_js/js,Latvala
94,0,0,0,0,,0,178,8.2,43.97906,7.3679,007,0,65,,0,,1517125798400,91d7cdd5-3511-46ee-be4a-c8cc4efb564d,950022ae-5858-4cf2-81c2-7b4c85a8cbb7,/a506b05d-371f-4110-bd94-c0d1ff725926/ss14lat_telemetry_js/js,Latvala
95,0,0,0,0,,0,164,8.1,43.98,7.36879,007,0,48,,0,,1517125792000,91d7cdd5-3511-46ee-be4a-c8cc4efb564d,950022ae-5858-4cf2-81c2-7b4c85a8cbb7,/a506b05d-371f-4110-bd94-c0d1ff725926/ss14lat_telemetry_js/js,Latvala
96,0,0,0,0,,0,184,8.0,43.98075,7.36795,007,0,67,,0,,1517125785600,91d7cdd5-3511-46ee-be4a-c8cc4efb564d,950022ae-5858-4cf2-81c2-7b4c85a8cbb7,/a506b05d-371f-4110-bd94-c0d1ff725926/ss14lat_telemetry_js/js,Latvala
97,0,0,0,0,,0,124,7.8,43.98125,7.36643,007,0,92,,0,,1517125779200,91d7cdd5-3511-46ee-be4a-c8cc4efb564d,950022ae-5858-4cf2-81c2-7b4c85a8cbb7,/a506b05d-371f-4110-bd94-c0d1ff725926/ss14lat_telemetry_js/js,Latvala
98,0,0,0,0,,0,126,7.7,43.98234,7.36532,007,0,35,,0,,1517125772800,91d7cdd5-3511-46ee-be4a-c8cc4efb564d,950022ae-5858-4cf2-81c2-7b4c85a8cbb7,/a506b05d-371f-4110-bd94-c0d1ff725926/ss14lat_telemetry_js/js,Latvala
99,0,0,0,0,,0,330,7.6,43.98141,7.36579,007,0,109,,0,,1517125766400,91d7cdd5-3511-46ee-be4a-c8cc4efb564d,950022ae-5858-4cf2-81c2-7b4c85a8cbb7,/a506b05d-371f-4110-bd94-c0d1ff725926/ss14lat_telemetry_js/js,Latvala
100,0,0,0,0,,0,112,7.4,43.98068,7.36634,007,0,42,,0,,1517125760000,91d7cdd5-3511-46ee-be4a-c8cc4efb564d,950022ae-5858-4cf2-81c2-7b4c85a8cbb7,/a506b05d-371f-4110-bd94-c0d1ff725926/ss14lat_telemetry_js/js,Latvala
101,0,0,0,0,,0,126,7.1,43.982,7.36474,007,0,74,,0,,1517125752400,91d7cdd5-3511-46ee-be4a-c8cc4efb564d,950022ae-5858-4cf2-81c2-7b4c85a8cbb7,/a506b05d-371f-4110-bd94-c0d1ff725926/ss14lat_telemetry_js/js,Latvala
103,0,0,0,0,,0,226,6.8,43.98376,7.36564,007,0,59,,0,,1517125740800,91d7cdd5-3511-46ee-be4a-c8cc4efb564d,950022ae-5858-4cf2-81c2-7b4c85a8cbb7,/a506b05d-371f-4110-bd94-c0d1ff725926/ss14lat_telemetry_js/js,Latvala
104,0,0,0,0,,0,108,6.4,43.98541,7.36425,007,0,103,,0,,1517125721600,91d7cdd5-3511-46ee-be4a-c8cc4efb564d,950022ae-5858-4cf2-81c2-7b4c85a8cbb7,/a506b05d-371f-4110-bd94-c0d1ff725926/ss14lat_telemetry_js/js,Latvala
105,0,0,0,0,,0,100,6.2,43.98547,7.36152,007,0,100,,0,,1517125715200,91d7cdd5-3511-46ee-be4a-c8cc4efb564d,950022ae-5858-4cf2-81c2-7b4c85a8cbb7,/a506b05d-371f-4110-bd94-c0d1ff725926/ss14lat_telemetry_js/js,Latvala
106,0,0,0,0,,0,86,5.6,43.98451,7.3624,007,0,144,,0,,1517125689600,91d7cdd5-3511-46ee-be4a-c8cc4efb564d,950022ae-5858-4cf2-81c2-7b4c85a8cbb7,/a506b05d-371f-4110-bd94-c0d1ff725926/ss14lat_telemetry_js/js,Latvala
107,0,0,0,0,,0,126,5.3,43.98432,7.35978,007,0,86,,0,,1517125683200,91d7cdd5-3511-46ee-be4a-c8cc4efb564d,950022ae-5858-4cf2-81c2-7b4c85a8cbb7,/a506b05d-371f-4110-bd94-c0d1ff725926/ss14lat_telemetry_js/js,Latvala
108,0,0,0,0,,0,60,4.7,43.98759,7.35902,007,0,64,,0,,1517125657600,91d7cdd5-3511-46ee-be4a-c8cc4efb564d,950022ae-5858-4cf2-81c2-7b4c85a8cbb7,/a506b05d-371f-4110-bd94-c0d1ff725926/ss14lat_telemetry_js/js,Latvala
109,0,0,0,0,,0,50,4.6,43.98641,7.35779,007,0,92,,0,,1517125651200,91d7cdd5-3511-46ee-be4a-c8cc4efb564d,950022ae-5858-4cf2-81c2-7b4c85a8cbb7,/a506b05d-371f-4110-bd94-c0d1ff725926/ss14lat_telemetry_js/js,Latvala
110,0,0,0,0,,0,76,4.4,43.98627,7.3563,007,0,78,,0,,1517125644800,91d7cdd5-3511-46ee-be4a-c8cc4efb564d,950022ae-5858-4cf2-81c2-7b4c85a8cbb7,/a506b05d-371f-4110-bd94-c0d1ff725926/ss14lat_telemetry_js/js,Latvala
111,0,0,0,0,,0,70,4.1,43.98564,7.35718,007,0,78,,0,,1517125625600,91d7cdd5-3511-46ee-be4a-c8cc4efb564d,950022ae-5858-4cf2-81c2-7b4c85a8cbb7,/a506b05d-371f-4110-bd94-c0d1ff725926/ss14lat_telemetry_js/js,Latvala
112,0,0,0,0,,0,72,4.0,43.98553,7.35575,007,0,63,,0,,1517125619200,91d7cdd5-3511-46ee-be4a-c8cc4efb564d,950022ae-5858-4cf2-81c2-7b4c85a8cbb7,/a506b05d-371f-4110-bd94-c0d1ff725926/ss14lat_telemetry_js/js,Latvala
113,0,0,0,0,,0,92,3.8,43.98563,7.35412,007,0,79,,0,,1517125612800,91d7cdd5-3511-46ee-be4a-c8cc4efb564d,950022ae-5858-4cf2-81c2-7b4c85a8cbb7,/a506b05d-371f-4110-bd94-c0d1ff725926/ss14lat_telemetry_js/js,Latvala
114,0,0,0,0,,0,276,3.7,43.9855,7.35411,007,0,90,,0,,1517125606400,91d7cdd5-3511-46ee-be4a-c8cc4efb564d,950022ae-5858-4cf2-81c2-7b4c85a8cbb7,/a506b05d-371f-4110-bd94-c0d1ff725926/ss14lat_telemetry_js/js,Latvala
115,0,0,0,0,,0,140,3.4,43.98438,7.35647,007,0,83,,0,,1517125587200,91d7cdd5-3511-46ee-be4a-c8cc4efb564d,950022ae-5858-4cf2-81c2-7b4c85a8cbb7,/a506b05d-371f-4110-bd94-c0d1ff725926/ss14lat_telemetry_js/js,Latvala
116,0,0,0,0,,0,108,3.2,43.98494,7.3551,007,0,108,,0,,1517125580800,91d7cdd5-3511-46ee-be4a-c8cc4efb564d,950022ae-5858-4cf2-81c2-7b4c85a8cbb7,/a506b05d-371f-4110-bd94-c0d1ff725926/ss14lat_telemetry_js/js,Latvala
117,0,0,0,0,,0,48,3.0,43.98515,7.35225,007,0,65,,0,,1517125568000,91d7cdd5-3511-46ee-be4a-c8cc4efb564d,950022ae-5858-4cf2-81c2-7b4c85a8cbb7,/a506b05d-371f-4110-bd94-c0d1ff725926/ss14lat_telemetry_js/js,Latvala
118,0,0,0,0,,0,58,2.8,43.9843,7.35025,007,0,80,,0,,1517125561600,91d7cdd5-3511-46ee-be4a-c8cc4efb564d,950022ae-5858-4cf2-81c2-7b4c85a8cbb7,/a506b05d-371f-4110-bd94-c0d1ff725926/ss14lat_telemetry_js/js,Latvala
119,0,0,0,0,,0,124,2.6,43.98474,7.34897,007,0,56,,0,,1517125555200,91d7cdd5-3511-46ee-be4a-c8cc4efb564d,950022ae-5858-4cf2-81c2-7b4c85a8cbb7,/a506b05d-371f-4110-bd94-c0d1ff725926/ss14lat_telemetry_js/js,Latvala
120,0,0,0,0,,0,106,2.5,43.98435,7.34744,007,0,74,,0,,1517125548800,91d7cdd5-3511-46ee-be4a-c8cc4efb564d,950022ae-5858-4cf2-81c2-7b4c85a8cbb7,/a506b05d-371f-4110-bd94-c0d1ff725926/ss14lat_telemetry_js/js,Latvala
121,0,0,0,0,,0,112,2.4,43.9845,7.34611,007,0,55,,0,,1517125542400,91d7cdd5-3511-46ee-be4a-c8cc4efb564d,950022ae-5858-4cf2-81c2-7b4c85a8cbb7,/a506b05d-371f-4110-bd94-c0d1ff725926/ss14lat_telemetry_js/js,Latvala
122,0,0,0,0,,0,66,2.2,43.984,7.34427,007,0,135,,0,,1517125536000,91d7cdd5-3511-46ee-be4a-c8cc4efb564d,950022ae-5858-4cf2-81c2-7b4c85a8cbb7,/a506b05d-371f-4110-bd94-c0d1ff725926/ss14lat_telemetry_js/js,Latvala
123,0,0,0,0,,0,62,2.0,43.98283,7.3427,007,0,63,,0,,1517125529600,91d7cdd5-3511-46ee-be4a-c8cc4efb564d,950022ae-5858-4cf2-81c2-7b4c85a8cbb7,/a506b05d-371f-4110-bd94-c0d1ff725926/ss14lat_telemetry_js/js,Latvala
124,0,0,0,0,,0,112,1.9,43.98285,7.34112,007,0,50,,0,,1517125523200,91d7cdd5-3511-46ee-be4a-c8cc4efb564d,950022ae-5858-4cf2-81c2-7b4c85a8cbb7,/a506b05d-371f-4110-bd94-c0d1ff725926/ss14lat_telemetry_js/js,Latvala
125,0,0,0,0,,0,180,1.8,43.98376,7.34173,007,0,78,,0,,1517125516800,91d7cdd5-3511-46ee-be4a-c8cc4efb564d,950022ae-5858-4cf2-81c2-7b4c85a8cbb7,/a506b05d-371f-4110-bd94-c0d1ff725926/ss14lat_telemetry_js/js,Latvala
127,0,0,0,0,,0,144,1.6,43.98468,7.34073,007,0,97,,0,,1517125510400,91d7cdd5-3511-46ee-be4a-c8cc4efb564d,950022ae-5858-4cf2-81c2-7b4c85a8cbb7,/a506b05d-371f-4110-bd94-c0d1ff725926/ss14lat_telemetry_js/js,Latvala
128,0,0,0,0,,0,82,1.5,43.98548,7.3401,007,0,61,,0,,1517125504000,91d7cdd5-3511-46ee-be4a-c8cc4efb564d,950022ae-5858-4cf2-81c2-7b4c85a8cbb7,/a506b05d-371f-4110-bd94-c0d1ff725926/ss14lat_telemetry_js/js,Latvala
130,0,0,0,0,,0,56,1.4,43.98549,7.33834,007,0,98,,0,,1517125497600,91d7cdd5-3511-46ee-be4a-c8cc4efb564d,950022ae-5858-4cf2-81c2-7b4c85a8cbb7,/a506b05d-371f-4110-bd94-c0d1ff725926/ss14lat_telemetry_js/js,Latvala
132,0,0,0,0,,0,146,1.2,43.98554,7.33685,007,0,75,,0,,1517125491200,91d7cdd5-3511-46ee-be4a-c8cc4efb564d,950022ae-5858-4cf2-81c2-7b4c85a8cbb7,/a506b05d-371f-4110-bd94-c0d1ff725926/ss14lat_telemetry_js/js,Latvala
133,0,0,0,0,,0,86,1.1,43.9855,7.335,007,0,91,,0,,1517125484800,91d7cdd5-3511-46ee-be4a-c8cc4efb564d,950022ae-5858-4cf2-81c2-7b4c85a8cbb7,/a506b05d-371f-4110-bd94-c0d1ff725926/ss14lat_telemetry_js/js,Latvala
135,0,0,0,0,,0,216,1.0,43.98608,7.33473,007,0,102,,0,,1517125479300,91d7cdd5-3511-46ee-be4a-c8cc4efb564d,950022ae-5858-4cf2-81c2-7b4c85a8cbb7,/a506b05d-371f-4110-bd94-c0d1ff725926/ss14lat_telemetry_js/js,Latvala
137,0,0,0,0,,0,204,0.9,43.98628,7.33494,007,0,121,,0,,1517125478400,91d7cdd5-3511-46ee-be4a-c8cc4efb564d,950022ae-5858-4cf2-81c2-7b4c85a8cbb7,/a506b05d-371f-4110-bd94-c0d1ff725926/ss14lat_telemetry_js/js,Latvala
139,0,0,0,0,,0,176,0.7,43.98827,7.33495,007,0,152,,0,,1517125472000,91d7cdd5-3511-46ee-be4a-c8cc4efb564d,950022ae-5858-4cf2-81c2-7b4c85a8cbb7,/a506b05d-371f-4110-bd94-c0d1ff725926/ss14lat_telemetry_js/js,Latvala
141,0,0,0,0,,0,164,0.5,43.99027,7.33494,007,0,86,,0,,1517125465600,91d7cdd5-3511-46ee-be4a-c8cc4efb564d,950022ae-5858-4cf2-81c2-7b4c85a8cbb7,/a506b05d-371f-4110-bd94-c0d1ff725926/ss14lat_telemetry_js/js,Latvala
143,0,0,0,0,,0,150,0.3,43.99087,7.33336,007,0,65,,0,,1517125459200,91d7cdd5-3511-46ee-be4a-c8cc4efb564d,950022ae-5858-4cf2-81c2-7b4c85a8cbb7,/a506b05d-371f-4110-bd94-c0d1ff725926/ss14lat_telemetry_js/js,Latvala
145,0,0,0,0,,0,160,0.2,43.99192,7.33406,007,0,45,,0,,1517125452800,91d7cdd5-3511-46ee-be4a-c8cc4efb564d,950022ae-5858-4cf2-81c2-7b4c85a8cbb7,/a506b05d-371f-4110-bd94-c0d1ff725926/ss14lat_telemetry_js/js,Latvala
147,0,0,0,0,,0,60,0.1,43.99142,7.3332,007,0,109,,0,,1517125446400,91d7cdd5-3511-46ee-be4a-c8cc4efb564d,950022ae-5858-4cf2-81c2-7b4c85a8cbb7,/a506b05d-371f-4110-bd94-c0d1ff725926/ss14lat_telemetry_js/js,Latvala
149,0,0,0,0,,0,30,0.0,43.99099,7.33213,007,0,66,,0,,1517125442300,91d7cdd5-3511-46ee-be4a-c8cc4efb564d,950022ae-5858-4cf2-81c2-7b4c85a8cbb7,/a506b05d-371f-4110-bd94-c0d1ff725926/ss14lat_telemetry_js/js,Latvala
150,0,0,0,0,,0,20,0.0,43.99081,7.33198,007,0,0,,0,,1517125427200,91d7cdd5-3511-46ee-be4a-c8cc4efb564d,950022ae-5858-4cf2-81c2-7b4c85a8cbb7,/a506b05d-371f-4110-bd94-c0d1ff725926/ss14lat_telemetry_js/js,Latvala
152,0,0,0,0,,0,20,0.0,43.99081,7.33199,007,0,0,,0,,1517125401600,91d7cdd5-3511-46ee-be4a-c8cc4efb564d,950022ae-5858-4cf2-81c2-7b4c85a8cbb7,/a506b05d-371f-4110-bd94-c0d1ff725926/ss14lat_telemetry_js/js,Latvala
154,0,0,0,0,,0,20,0.0,43.99082,7.33199,007,0,0,,0,,1517125376000,91d7cdd5-3511-46ee-be4a-c8cc4efb564d,950022ae-5858-4cf2-81c2-7b4c85a8cbb7,/a506b05d-371f-4110-bd94-c0d1ff725926/ss14lat_telemetry_js/js,Latvala
155,0,0,0,0,,0,20,0.0,43.99081,7.332,007,0,0,,0,,1517125350400,91d7cdd5-3511-46ee-be4a-c8cc4efb564d,950022ae-5858-4cf2-81c2-7b4c85a8cbb7,/a506b05d-371f-4110-bd94-c0d1ff725926/ss14lat_telemetry_js/js,Latvala
156,0,0,0,0,,0,20,306.5,43.99081,7.33201,007,0,0,,0,,1517125343700,91d7cdd5-3511-46ee-be4a-c8cc4efb564d,950022ae-5858-4cf2-81c2-7b4c85a8cbb7,/a506b05d-371f-4110-bd94-c0d1ff725926/ss14lat_telemetry_js/js,Latvala
159,0,0,0,0,,0,34,306.5,43.99047,7.33169,007,0,0,,0,,1517125323200,91d7cdd5-3511-46ee-be4a-c8cc4efb564d,950022ae-5858-4cf2-81c2-7b4c85a8cbb7,/a506b05d-371f-4110-bd94-c0d1ff725926/ss14lat_telemetry_js/js,Latvala
161,0,0,0,0,,0,34,306.5,43.99048,7.33169,007,0,0,,0,,1517125297600,91d7cdd5-3511-46ee-be4a-c8cc4efb564d,950022ae-5858-4cf2-81c2-7b4c85a8cbb7,/a506b05d-371f-4110-bd94-c0d1ff725926/ss14lat_telemetry_js/js,Latvala
163,0,0,0,0,,0,34,306.5,43.99048,7.33168,007,0,0,,0,,1517125289000,91d7cdd5-3511-46ee-be4a-c8cc4efb564d,950022ae-5858-4cf2-81c2-7b4c85a8cbb7,/a506b05d-371f-4110-bd94-c0d1ff725926/ss14lat_telemetry_js/js,Latvala
164,0,0,0,0,,0,34,306.5,43.99049,7.33169,007,0,0,,0,,1517125276100,91d7cdd5-3511-46ee-be4a-c8cc4efb564d,950022ae-5858-4cf2-81c2-7b4c85a8cbb7,/a506b05d-371f-4110-bd94-c0d1ff725926/ss14lat_telemetry_js/js,Latvala
166,0,0,0,0,,0,34,306.5,43.99049,7.33169,007,0,0,,0,,1517125272000,91d7cdd5-3511-46ee-be4a-c8cc4efb564d,950022ae-5858-4cf2-81c2-7b4c85a8cbb7,/a506b05d-371f-4110-bd94-c0d1ff725926/ss14lat_telemetry_js/js,Latvala
167,0,0,0,0,,0,50,306.3,43.99,7.33008,007,0,35,,0,,1517125246400,91d7cdd5-3511-46ee-be4a-c8cc4efb564d,950022ae-5858-4cf2-81c2-7b4c85a8cbb7,/a506b05d-371f-4110-bd94-c0d1ff725926/ss14lat_telemetry_js/js,Latvala
169,0,0,0,0,,0,6,306.0,43.98966,7.32906,007,0,44,,0,,1517125220800,91d7cdd5-3511-46ee-be4a-c8cc4efb564d,950022ae-5858-4cf2-81c2-7b4c85a8cbb7,/a506b05d-371f-4110-bd94-c0d1ff725926/ss14lat_telemetry_js/js,Latvala
170,0,0,0,0,,0,0,306.0,43.9896,7.32906,007,0,42,,0,,1517125220300,91d7cdd5-3511-46ee-be4a-c8cc4efb564d,950022ae-5858-4cf2-81c2-7b4c85a8cbb7,/a506b05d-371f-4110-bd94-c0d1ff725926/ss14lat_telemetry_js/js,Latvala
