,accx,accy,altitude,brk,driverid,gear,heading,kms,lat,lon,name,rpm,speed,status,throttle,track,utx,_rally_stageid,_carentryid,_telemetryID,_name
0,0,0,0,0,,0,228,27.5,44.50066,5.79007,001,0,73,,0,,1516972781700,a4e7821b-bdcc-41b9-976f-a0e9824aec8b,a4edbbdf-f724-4582-88ec-d0d0a5d6b919,/a506b05d-371f-4110-bd94-c0d1ff725926/ss06ogi_telemetry_js/js,Ogier
1,0,0,0,0,,0,244,26.9,44.50381,5.79558,001,0,82,,0,,1516972756100,a4e7821b-bdcc-41b9-976f-a0e9824aec8b,a4edbbdf-f724-4582-88ec-d0d0a5d6b919,/a506b05d-371f-4110-bd94-c0d1ff725926/ss06ogi_telemetry_js/js,Ogier
2,0,0,0,0,,0,274,26.4,44.50417,5.80184,001,0,47,,0,,1516972730500,a4e7821b-bdcc-41b9-976f-a0e9824aec8b,a4edbbdf-f724-4582-88ec-d0d0a5d6b919,/a506b05d-371f-4110-bd94-c0d1ff725926/ss06ogi_telemetry_js/js,Ogier
3,0,0,0,0,,0,170,26.1,44.50496,5.80444,001,0,0,,0,,1516972704900,a4e7821b-bdcc-41b9-976f-a0e9824aec8b,a4edbbdf-f724-4582-88ec-d0d0a5d6b919,/a506b05d-371f-4110-bd94-c0d1ff725926/ss06ogi_telemetry_js/js,Ogier
4,0,0,0,0,,0,164,26.1,44.50494,5.8045,001,0,0,,0,,1516972679300,a4e7821b-bdcc-41b9-976f-a0e9824aec8b,a4edbbdf-f724-4582-88ec-d0d0a5d6b919,/a506b05d-371f-4110-bd94-c0d1ff725926/ss06ogi_telemetry_js/js,Ogier
6,0,0,0,0,,0,172,26.1,44.50495,5.80446,001,0,0,,0,,1516972653700,a4e7821b-bdcc-41b9-976f-a0e9824aec8b,a4edbbdf-f724-4582-88ec-d0d0a5d6b919,/a506b05d-371f-4110-bd94-c0d1ff725926/ss06ogi_telemetry_js/js,Ogier
7,0,0,0,0,,0,206,26.0,44.50628,5.80389,001,0,40,,0,,1516972628100,a4e7821b-bdcc-41b9-976f-a0e9824aec8b,a4edbbdf-f724-4582-88ec-d0d0a5d6b919,/a506b05d-371f-4110-bd94-c0d1ff725926/ss06ogi_telemetry_js/js,Ogier
9,0,0,0,0,,0,220,25.9,44.50666,5.80426,001,0,0,,0,,1516972602500,a4e7821b-bdcc-41b9-976f-a0e9824aec8b,a4edbbdf-f724-4582-88ec-d0d0a5d6b919,/a506b05d-371f-4110-bd94-c0d1ff725926/ss06ogi_telemetry_js/js,Ogier
11,0,0,0,0,,0,220,25.9,44.50667,5.80427,001,0,0,,0,,1516972576900,a4e7821b-bdcc-41b9-976f-a0e9824aec8b,a4edbbdf-f724-4582-88ec-d0d0a5d6b919,/a506b05d-371f-4110-bd94-c0d1ff725926/ss06ogi_telemetry_js/js,Ogier
13,0,0,0,0,,0,220,25.6,44.509,5.80475,001,0,134,,0,,1516972553000,a4e7821b-bdcc-41b9-976f-a0e9824aec8b,a4edbbdf-f724-4582-88ec-d0d0a5d6b919,/a506b05d-371f-4110-bd94-c0d1ff725926/ss06ogi_telemetry_js/js,Ogier
19,0,0,0,0,,0,222,25.5,44.50953,5.80542,001,0,151,,0,,1516972551100,a4e7821b-bdcc-41b9-976f-a0e9824aec8b,a4edbbdf-f724-4582-88ec-d0d0a5d6b919,/a506b05d-371f-4110-bd94-c0d1ff725926/ss06ogi_telemetry_js/js,Ogier
22,0,0,0,0,,0,184,25.3,44.5108,5.80708,001,0,81,,0,,1516972544700,a4e7821b-bdcc-41b9-976f-a0e9824aec8b,a4edbbdf-f724-4582-88ec-d0d0a5d6b919,/a506b05d-371f-4110-bd94-c0d1ff725926/ss06ogi_telemetry_js/js,Ogier
25,0,0,0,0,,0,244,25.2,44.51195,5.80785,001,0,79,,0,,1516972538300,a4e7821b-bdcc-41b9-976f-a0e9824aec8b,a4edbbdf-f724-4582-88ec-d0d0a5d6b919,/a506b05d-371f-4110-bd94-c0d1ff725926/ss06ogi_telemetry_js/js,Ogier
28,0,0,0,0,,0,266,25.1,44.51199,5.80906,001,0,76,,0,,1516972531900,a4e7821b-bdcc-41b9-976f-a0e9824aec8b,a4edbbdf-f724-4582-88ec-d0d0a5d6b919,/a506b05d-371f-4110-bd94-c0d1ff725926/ss06ogi_telemetry_js/js,Ogier
31,0,0,0,0,,0,306,24.9,44.51179,5.81087,001,0,151,,0,,1516972525500,a4e7821b-bdcc-41b9-976f-a0e9824aec8b,a4edbbdf-f724-4582-88ec-d0d0a5d6b919,/a506b05d-371f-4110-bd94-c0d1ff725926/ss06ogi_telemetry_js/js,Ogier
32,0,0,0,0,,0,306,24.7,44.50993,5.81306,001,0,129,,0,,1516972519100,a4e7821b-bdcc-41b9-976f-a0e9824aec8b,a4edbbdf-f724-4582-88ec-d0d0a5d6b919,/a506b05d-371f-4110-bd94-c0d1ff725926/ss06ogi_telemetry_js/js,Ogier
33,0,0,0,0,,0,22,24.5,44.50889,5.81392,001,0,108,,0,,1516972512700,a4e7821b-bdcc-41b9-976f-a0e9824aec8b,a4edbbdf-f724-4582-88ec-d0d0a5d6b919,/a506b05d-371f-4110-bd94-c0d1ff725926/ss06ogi_telemetry_js/js,Ogier
35,0,0,0,0,,0,344,23.5,44.50234,5.82022,001,0,108,,0,,1516972474300,a4e7821b-bdcc-41b9-976f-a0e9824aec8b,a4edbbdf-f724-4582-88ec-d0d0a5d6b919,/a506b05d-371f-4110-bd94-c0d1ff725926/ss06ogi_telemetry_js/js,Ogier
36,0,0,0,0,,0,14,23.2,44.50019,5.82028,001,0,113,,0,,1516972467900,a4e7821b-bdcc-41b9-976f-a0e9824aec8b,a4edbbdf-f724-4582-88ec-d0d0a5d6b919,/a506b05d-371f-4110-bd94-c0d1ff725926/ss06ogi_telemetry_js/js,Ogier
37,0,0,0,0,,0,326,22.8,44.49667,5.82227,001,0,97,,0,,1516972455100,a4e7821b-bdcc-41b9-976f-a0e9824aec8b,a4edbbdf-f724-4582-88ec-d0d0a5d6b919,/a506b05d-371f-4110-bd94-c0d1ff725926/ss06ogi_telemetry_js/js,Ogier
38,0,0,0,0,,0,270,22.7,44.49646,5.82321,001,0,53,,0,,1516972448700,a4e7821b-bdcc-41b9-976f-a0e9824aec8b,a4edbbdf-f724-4582-88ec-d0d0a5d6b919,/a506b05d-371f-4110-bd94-c0d1ff725926/ss06ogi_telemetry_js/js,Ogier
39,0,0,0,0,,0,314,22.3,44.49351,5.82674,001,0,108,,0,,1516972435900,a4e7821b-bdcc-41b9-976f-a0e9824aec8b,a4edbbdf-f724-4582-88ec-d0d0a5d6b919,/a506b05d-371f-4110-bd94-c0d1ff725926/ss06ogi_telemetry_js/js,Ogier
40,0,0,0,0,,0,246,19.2,44.50573,5.85047,001,0,96,,0,,1516972333500,a4e7821b-bdcc-41b9-976f-a0e9824aec8b,a4edbbdf-f724-4582-88ec-d0d0a5d6b919,/a506b05d-371f-4110-bd94-c0d1ff725926/ss06ogi_telemetry_js/js,Ogier
41,0,0,0,0,,0,216,18.9,44.50634,5.85315,001,0,91,,0,,1516972324900,a4e7821b-bdcc-41b9-976f-a0e9824aec8b,a4edbbdf-f724-4582-88ec-d0d0a5d6b919,/a506b05d-371f-4110-bd94-c0d1ff725926/ss06ogi_telemetry_js/js,Ogier
42,0,0,0,0,,0,208,18.2,44.50844,5.86046,001,0,106,,0,,1516972301500,a4e7821b-bdcc-41b9-976f-a0e9824aec8b,a4edbbdf-f724-4582-88ec-d0d0a5d6b919,/a506b05d-371f-4110-bd94-c0d1ff725926/ss06ogi_telemetry_js/js,Ogier
43,0,0,0,0,,0,212,18.0,44.50995,5.86212,001,0,135,,0,,1516972295100,a4e7821b-bdcc-41b9-976f-a0e9824aec8b,a4edbbdf-f724-4582-88ec-d0d0a5d6b919,/a506b05d-371f-4110-bd94-c0d1ff725926/ss06ogi_telemetry_js/js,Ogier
44,0,0,0,0,,0,14,14.3,44.49776,5.89613,001,0,105,,0,,1516972175000,a4e7821b-bdcc-41b9-976f-a0e9824aec8b,a4edbbdf-f724-4582-88ec-d0d0a5d6b919,/a506b05d-371f-4110-bd94-c0d1ff725926/ss06ogi_telemetry_js/js,Ogier
45,0,0,0,0,,0,68,13.1,44.48915,5.89191,001,0,84,,0,,1516972122300,a4e7821b-bdcc-41b9-976f-a0e9824aec8b,a4edbbdf-f724-4582-88ec-d0d0a5d6b919,/a506b05d-371f-4110-bd94-c0d1ff725926/ss06ogi_telemetry_js/js,Ogier
46,0,0,0,0,,0,14,12.8,44.4888,5.89068,001,0,48,,0,,1516972109500,a4e7821b-bdcc-41b9-976f-a0e9824aec8b,a4edbbdf-f724-4582-88ec-d0d0a5d6b919,/a506b05d-371f-4110-bd94-c0d1ff725926/ss06ogi_telemetry_js/js,Ogier
47,0,0,0,0,,0,358,12.5,44.48673,5.88919,001,0,83,,0,,1516972096700,a4e7821b-bdcc-41b9-976f-a0e9824aec8b,a4edbbdf-f724-4582-88ec-d0d0a5d6b919,/a506b05d-371f-4110-bd94-c0d1ff725926/ss06ogi_telemetry_js/js,Ogier
48,0,0,0,0,,0,48,12.4,44.48571,5.88922,001,0,63,,0,,1516972090300,a4e7821b-bdcc-41b9-976f-a0e9824aec8b,a4edbbdf-f724-4582-88ec-d0d0a5d6b919,/a506b05d-371f-4110-bd94-c0d1ff725926/ss06ogi_telemetry_js/js,Ogier
49,0,0,0,0,,0,24,11.7,44.4794,5.88877,001,0,93,,0,,1516972064700,a4e7821b-bdcc-41b9-976f-a0e9824aec8b,a4edbbdf-f724-4582-88ec-d0d0a5d6b919,/a506b05d-371f-4110-bd94-c0d1ff725926/ss06ogi_telemetry_js/js,Ogier
51,0,0,0,0,,0,84,9.8,44.46807,5.88566,001,0,58,,0,,1516971962300,a4e7821b-bdcc-41b9-976f-a0e9824aec8b,a4edbbdf-f724-4582-88ec-d0d0a5d6b919,/a506b05d-371f-4110-bd94-c0d1ff725926/ss06ogi_telemetry_js/js,Ogier
52,0,0,0,0,,0,16,9.7,44.46743,5.88399,001,0,102,,0,,1516971955900,a4e7821b-bdcc-41b9-976f-a0e9824aec8b,a4edbbdf-f724-4582-88ec-d0d0a5d6b919,/a506b05d-371f-4110-bd94-c0d1ff725926/ss06ogi_telemetry_js/js,Ogier
53,0,0,0,0,,0,2,9.5,44.46636,5.8828,001,0,68,,0,,1516971949500,a4e7821b-bdcc-41b9-976f-a0e9824aec8b,a4edbbdf-f724-4582-88ec-d0d0a5d6b919,/a506b05d-371f-4110-bd94-c0d1ff725926/ss06ogi_telemetry_js/js,Ogier
54,0,0,0,0,,0,290,9.4,44.46581,5.88395,001,0,59,,0,,1516971943100,a4e7821b-bdcc-41b9-976f-a0e9824aec8b,a4edbbdf-f724-4582-88ec-d0d0a5d6b919,/a506b05d-371f-4110-bd94-c0d1ff725926/ss06ogi_telemetry_js/js,Ogier
55,0,0,0,0,,0,284,9.0,44.46464,5.88649,001,0,79,,0,,1516971923900,a4e7821b-bdcc-41b9-976f-a0e9824aec8b,a4edbbdf-f724-4582-88ec-d0d0a5d6b919,/a506b05d-371f-4110-bd94-c0d1ff725926/ss06ogi_telemetry_js/js,Ogier
56,0,0,0,0,,0,274,8.9,44.46451,5.88823,001,0,82,,0,,1516971917500,a4e7821b-bdcc-41b9-976f-a0e9824aec8b,a4edbbdf-f724-4582-88ec-d0d0a5d6b919,/a506b05d-371f-4110-bd94-c0d1ff725926/ss06ogi_telemetry_js/js,Ogier
57,0,0,0,0,,0,246,8.8,44.46385,5.88902,001,0,49,,0,,1516971911100,a4e7821b-bdcc-41b9-976f-a0e9824aec8b,a4edbbdf-f724-4582-88ec-d0d0a5d6b919,/a506b05d-371f-4110-bd94-c0d1ff725926/ss06ogi_telemetry_js/js,Ogier
58,0,0,0,0,,0,2,8.7,44.46367,5.89012,001,0,86,,0,,1516971904700,a4e7821b-bdcc-41b9-976f-a0e9824aec8b,a4edbbdf-f724-4582-88ec-d0d0a5d6b919,/a506b05d-371f-4110-bd94-c0d1ff725926/ss06ogi_telemetry_js/js,Ogier
59,0,0,0,0,,0,64,8.5,44.46202,5.89002,001,0,75,,0,,1516971891900,a4e7821b-bdcc-41b9-976f-a0e9824aec8b,a4edbbdf-f724-4582-88ec-d0d0a5d6b919,/a506b05d-371f-4110-bd94-c0d1ff725926/ss06ogi_telemetry_js/js,Ogier
60,0,0,0,0,,0,288,8.0,44.45954,5.89306,001,0,151,,0,,1516971872700,a4e7821b-bdcc-41b9-976f-a0e9824aec8b,a4edbbdf-f724-4582-88ec-d0d0a5d6b919,/a506b05d-371f-4110-bd94-c0d1ff725926/ss06ogi_telemetry_js/js,Ogier
61,0,0,0,0,,0,290,7.7,44.45901,5.89602,001,0,108,,0,,1516971866300,a4e7821b-bdcc-41b9-976f-a0e9824aec8b,a4edbbdf-f724-4582-88ec-d0d0a5d6b919,/a506b05d-371f-4110-bd94-c0d1ff725926/ss06ogi_telemetry_js/js,Ogier
62,0,0,0,0,,0,14,7.6,44.45772,5.89667,001,0,65,,0,,1516971859900,a4e7821b-bdcc-41b9-976f-a0e9824aec8b,a4edbbdf-f724-4582-88ec-d0d0a5d6b919,/a506b05d-371f-4110-bd94-c0d1ff725926/ss06ogi_telemetry_js/js,Ogier
64,0,0,0,0,,0,276,6.9,44.45437,5.90231,001,0,87,,0,,1516971827900,a4e7821b-bdcc-41b9-976f-a0e9824aec8b,a4edbbdf-f724-4582-88ec-d0d0a5d6b919,/a506b05d-371f-4110-bd94-c0d1ff725926/ss06ogi_telemetry_js/js,Ogier
66,0,0,0,0,,0,18,6.7,44.45312,5.90331,001,0,100,,0,,1516971821000,a4e7821b-bdcc-41b9-976f-a0e9824aec8b,a4edbbdf-f724-4582-88ec-d0d0a5d6b919,/a506b05d-371f-4110-bd94-c0d1ff725926/ss06ogi_telemetry_js/js,Ogier
69,0,0,0,0,,0,302,6.5,44.45185,5.90339,001,0,95,,0,,1516971814900,a4e7821b-bdcc-41b9-976f-a0e9824aec8b,a4edbbdf-f724-4582-88ec-d0d0a5d6b919,/a506b05d-371f-4110-bd94-c0d1ff725926/ss06ogi_telemetry_js/js,Ogier
71,0,0,0,0,,0,334,6.3,44.4505,5.90501,001,0,92,,0,,1516971808500,a4e7821b-bdcc-41b9-976f-a0e9824aec8b,a4edbbdf-f724-4582-88ec-d0d0a5d6b919,/a506b05d-371f-4110-bd94-c0d1ff725926/ss06ogi_telemetry_js/js,Ogier
73,0,0,0,0,,0,296,5.7,44.448,5.9104,001,0,163,,0,,1516971782900,a4e7821b-bdcc-41b9-976f-a0e9824aec8b,a4edbbdf-f724-4582-88ec-d0d0a5d6b919,/a506b05d-371f-4110-bd94-c0d1ff725926/ss06ogi_telemetry_js/js,Ogier
74,0,0,0,0,,0,8,4.9,44.44208,5.91355,001,0,137,,0,,1516971763700,a4e7821b-bdcc-41b9-976f-a0e9824aec8b,a4edbbdf-f724-4582-88ec-d0d0a5d6b919,/a506b05d-371f-4110-bd94-c0d1ff725926/ss06ogi_telemetry_js/js,Ogier
76,0,0,0,0,,0,302,4.7,44.4406,5.91374,001,0,91,,0,,1516971757300,a4e7821b-bdcc-41b9-976f-a0e9824aec8b,a4edbbdf-f724-4582-88ec-d0d0a5d6b919,/a506b05d-371f-4110-bd94-c0d1ff725926/ss06ogi_telemetry_js/js,Ogier
78,0,0,0,0,,0,318,4.4,44.4391,5.91623,001,0,150,,0,,1516971750900,a4e7821b-bdcc-41b9-976f-a0e9824aec8b,a4edbbdf-f724-4582-88ec-d0d0a5d6b919,/a506b05d-371f-4110-bd94-c0d1ff725926/ss06ogi_telemetry_js/js,Ogier
79,0,0,0,0,,0,346,4.2,44.43745,5.91764,001,0,75,,0,,1516971744500,a4e7821b-bdcc-41b9-976f-a0e9824aec8b,a4edbbdf-f724-4582-88ec-d0d0a5d6b919,/a506b05d-371f-4110-bd94-c0d1ff725926/ss06ogi_telemetry_js/js,Ogier
80,0,0,0,0,,0,350,4.0,44.43605,5.9183,001,0,70,,0,,1516971731700,a4e7821b-bdcc-41b9-976f-a0e9824aec8b,a4edbbdf-f724-4582-88ec-d0d0a5d6b919,/a506b05d-371f-4110-bd94-c0d1ff725926/ss06ogi_telemetry_js/js,Ogier
81,0,0,0,0,,0,52,0.0,44.43691,5.94995,001,0,112,,0,,1516971570500,a4e7821b-bdcc-41b9-976f-a0e9824aec8b,a4edbbdf-f724-4582-88ec-d0d0a5d6b919,/a506b05d-371f-4110-bd94-c0d1ff725926/ss06ogi_telemetry_js/js,Ogier
82,0,0,0,0,,0,50,0.5,44.43677,5.94967,001,0,101,,0,,1516971569600,a4e7821b-bdcc-41b9-976f-a0e9824aec8b,a4edbbdf-f724-4582-88ec-d0d0a5d6b919,/a506b05d-371f-4110-bd94-c0d1ff725926/ss06ogi_telemetry_js/js,Ogier
85,0,0,0,0,,0,314,0.0,44.43249,5.94946,001,0,71,,0,,1516971551400,a4e7821b-bdcc-41b9-976f-a0e9824aec8b,a4edbbdf-f724-4582-88ec-d0d0a5d6b919,/a506b05d-371f-4110-bd94-c0d1ff725926/ss06ogi_telemetry_js/js,Ogier
86,0,0,0,0,,0,288,0.0,44.43231,5.95003,001,0,96,,0,,1516971549300,a4e7821b-bdcc-41b9-976f-a0e9824aec8b,a4edbbdf-f724-4582-88ec-d0d0a5d6b919,/a506b05d-371f-4110-bd94-c0d1ff725926/ss06ogi_telemetry_js/js,Ogier
89,0,0,0,0,,0,308,0.0,44.43223,5.95029,001,0,84,,0,,1516971548400,a4e7821b-bdcc-41b9-976f-a0e9824aec8b,a4edbbdf-f724-4582-88ec-d0d0a5d6b919,/a506b05d-371f-4110-bd94-c0d1ff725926/ss06ogi_telemetry_js/js,Ogier
90,0,0,0,0,,0,322,0.1,44.43175,5.95067,001,0,81,,0,,1516971545700,a4e7821b-bdcc-41b9-976f-a0e9824aec8b,a4edbbdf-f724-4582-88ec-d0d0a5d6b919,/a506b05d-371f-4110-bd94-c0d1ff725926/ss06ogi_telemetry_js/js,Ogier
93,0,0,0,0,,0,306,0.0,44.43146,5.95121,001,0,72,,0,,1516971543500,a4e7821b-bdcc-41b9-976f-a0e9824aec8b,a4edbbdf-f724-4582-88ec-d0d0a5d6b919,/a506b05d-371f-4110-bd94-c0d1ff725926/ss06ogi_telemetry_js/js,Ogier
94,0,0,0,0,,0,306,0.0,44.43118,5.95172,001,0,0,,0,,1516971469200,a4e7821b-bdcc-41b9-976f-a0e9824aec8b,a4edbbdf-f724-4582-88ec-d0d0a5d6b919,/a506b05d-371f-4110-bd94-c0d1ff725926/ss06ogi_telemetry_js/js,Ogier
95,0,0,0,0,,0,298,0.0,44.43114,5.95181,001,0,21,,0,,1516971323500,a4e7821b-bdcc-41b9-976f-a0e9824aec8b,a4edbbdf-f724-4582-88ec-d0d0a5d6b919,/a506b05d-371f-4110-bd94-c0d1ff725926/ss06ogi_telemetry_js/js,Ogier
96,0,0,0,0,,0,300,22.5,44.43108,5.95194,001,0,30,,0,,1516971321900,a4e7821b-bdcc-41b9-976f-a0e9824aec8b,a4edbbdf-f724-4582-88ec-d0d0a5d6b919,/a506b05d-371f-4110-bd94-c0d1ff725926/ss06ogi_telemetry_js/js,Ogier
97,0,0,0,0,,0,304,22.5,44.43101,5.9521,001,0,0,,0,,1516971306000,a4e7821b-bdcc-41b9-976f-a0e9824aec8b,a4edbbdf-f724-4582-88ec-d0d0a5d6b919,/a506b05d-371f-4110-bd94-c0d1ff725926/ss06ogi_telemetry_js/js,Ogier
