,accx,accy,altitude,brk,driverid,gear,heading,kms,lat,lon,name,rpm,speed,status,throttle,track,utx,_rally_stageid,_carentryid,_telemetryID,_name
0,0,0,0,0,,0,350,16.2,44.37375,5.95027,005,0,0,,0,,1516963842600,b9b54669-94f4-47de-a757-c5cdfbe4a69c,875b838e-8ba6-4c03-a060-fa4678b1d4ef,/a506b05d-371f-4110-bd94-c0d1ff725926/ss05neu_telemetry_js/js,Neuville
1,0,0,0,0,,0,350,16.2,44.37374,5.95027,005,0,0,,0,,1516963838200,b9b54669-94f4-47de-a757-c5cdfbe4a69c,875b838e-8ba6-4c03-a060-fa4678b1d4ef,/a506b05d-371f-4110-bd94-c0d1ff725926/ss05neu_telemetry_js/js,Neuville
2,0,0,0,0,,0,14,16.0,44.37363,5.95096,005,0,42,,0,,1516963792400,b9b54669-94f4-47de-a757-c5cdfbe4a69c,875b838e-8ba6-4c03-a060-fa4678b1d4ef,/a506b05d-371f-4110-bd94-c0d1ff725926/ss05neu_telemetry_js/js,Neuville
3,0,0,0,0,,0,282,15.4,44.37176,5.95615,005,0,0,,0,,1516963735800,b9b54669-94f4-47de-a757-c5cdfbe4a69c,875b838e-8ba6-4c03-a060-fa4678b1d4ef,/a506b05d-371f-4110-bd94-c0d1ff725926/ss05neu_telemetry_js/js,Neuville
4,0,0,0,0,,0,282,15.4,44.37176,5.95617,005,0,0,,0,,1516963710200,b9b54669-94f4-47de-a757-c5cdfbe4a69c,875b838e-8ba6-4c03-a060-fa4678b1d4ef,/a506b05d-371f-4110-bd94-c0d1ff725926/ss05neu_telemetry_js/js,Neuville
5,0,0,0,0,,0,306,15.0,44.37202,5.95882,005,0,53,,0,,1516963665100,b9b54669-94f4-47de-a757-c5cdfbe4a69c,875b838e-8ba6-4c03-a060-fa4678b1d4ef,/a506b05d-371f-4110-bd94-c0d1ff725926/ss05neu_telemetry_js/js,Neuville
7,0,0,0,0,,0,308,15.0,44.37149,5.95974,005,0,130,,0,,1516963661600,b9b54669-94f4-47de-a757-c5cdfbe4a69c,875b838e-8ba6-4c03-a060-fa4678b1d4ef,/a506b05d-371f-4110-bd94-c0d1ff725926/ss05neu_telemetry_js/js,Neuville
8,0,0,0,0,,0,76,14.5,44.37052,5.95903,005,0,46,,0,,1516963639800,b9b54669-94f4-47de-a757-c5cdfbe4a69c,875b838e-8ba6-4c03-a060-fa4678b1d4ef,/a506b05d-371f-4110-bd94-c0d1ff725926/ss05neu_telemetry_js/js,Neuville
9,0,0,0,0,,0,328,14.0,44.36831,5.96222,005,0,71,,0,,1516963617800,b9b54669-94f4-47de-a757-c5cdfbe4a69c,875b838e-8ba6-4c03-a060-fa4678b1d4ef,/a506b05d-371f-4110-bd94-c0d1ff725926/ss05neu_telemetry_js/js,Neuville
10,0,0,0,0,,0,260,13.2,44.36609,5.96843,005,0,198,,0,,1516963587000,b9b54669-94f4-47de-a757-c5cdfbe4a69c,875b838e-8ba6-4c03-a060-fa4678b1d4ef,/a506b05d-371f-4110-bd94-c0d1ff725926/ss05neu_telemetry_js/js,Neuville
11,0,0,0,0,,0,254,13.0,44.36655,5.97159,005,0,196,,0,,1516963582300,b9b54669-94f4-47de-a757-c5cdfbe4a69c,875b838e-8ba6-4c03-a060-fa4678b1d4ef,/a506b05d-371f-4110-bd94-c0d1ff725926/ss05neu_telemetry_js/js,Neuville
12,0,0,0,0,,0,248,12.0,44.3667,5.97974,005,0,106,,0,,1516963543500,b9b54669-94f4-47de-a757-c5cdfbe4a69c,875b838e-8ba6-4c03-a060-fa4678b1d4ef,/a506b05d-371f-4110-bd94-c0d1ff725926/ss05neu_telemetry_js/js,Neuville
13,0,0,0,0,,0,332,11.0,44.36109,5.98511,005,0,60,,0,,1516963505600,b9b54669-94f4-47de-a757-c5cdfbe4a69c,875b838e-8ba6-4c03-a060-fa4678b1d4ef,/a506b05d-371f-4110-bd94-c0d1ff725926/ss05neu_telemetry_js/js,Neuville
14,0,0,0,0,,0,316,10.8,44.35994,5.98656,005,0,130,,0,,1516963499000,b9b54669-94f4-47de-a757-c5cdfbe4a69c,875b838e-8ba6-4c03-a060-fa4678b1d4ef,/a506b05d-371f-4110-bd94-c0d1ff725926/ss05neu_telemetry_js/js,Neuville
15,0,0,0,0,,0,322,10.5,44.35805,5.98767,005,0,117,,0,,1516963492600,b9b54669-94f4-47de-a757-c5cdfbe4a69c,875b838e-8ba6-4c03-a060-fa4678b1d4ef,/a506b05d-371f-4110-bd94-c0d1ff725926/ss05neu_telemetry_js/js,Neuville
16,0,0,0,0,,0,328,10.2,44.35589,5.98991,005,0,181,,0,,1516963486200,b9b54669-94f4-47de-a757-c5cdfbe4a69c,875b838e-8ba6-4c03-a060-fa4678b1d4ef,/a506b05d-371f-4110-bd94-c0d1ff725926/ss05neu_telemetry_js/js,Neuville
17,0,0,0,0,,0,352,10.0,44.35347,5.99123,005,0,147,,0,,1516963480000,b9b54669-94f4-47de-a757-c5cdfbe4a69c,875b838e-8ba6-4c03-a060-fa4678b1d4ef,/a506b05d-371f-4110-bd94-c0d1ff725926/ss05neu_telemetry_js/js,Neuville
19,0,0,0,0,,0,354,9.9,44.3534,5.99124,005,0,143,,0,,1516963479800,b9b54669-94f4-47de-a757-c5cdfbe4a69c,875b838e-8ba6-4c03-a060-fa4678b1d4ef,/a506b05d-371f-4110-bd94-c0d1ff725926/ss05neu_telemetry_js/js,Neuville
20,0,0,0,0,,0,292,9.5,44.35112,5.99443,005,0,103,,0,,1516963467000,b9b54669-94f4-47de-a757-c5cdfbe4a69c,875b838e-8ba6-4c03-a060-fa4678b1d4ef,/a506b05d-371f-4110-bd94-c0d1ff725926/ss05neu_telemetry_js/js,Neuville
21,0,0,0,0,,0,50,9.4,44.35018,5.99446,005,0,127,,0,,1516963460600,b9b54669-94f4-47de-a757-c5cdfbe4a69c,875b838e-8ba6-4c03-a060-fa4678b1d4ef,/a506b05d-371f-4110-bd94-c0d1ff725926/ss05neu_telemetry_js/js,Neuville
22,0,0,0,0,,0,76,9.0,44.34821,5.98987,005,0,131,,0,,1516963450800,b9b54669-94f4-47de-a757-c5cdfbe4a69c,875b838e-8ba6-4c03-a060-fa4678b1d4ef,/a506b05d-371f-4110-bd94-c0d1ff725926/ss05neu_telemetry_js/js,Neuville
23,0,0,0,0,,0,34,8.9,44.34791,5.98883,005,0,98,,0,,1516963447800,b9b54669-94f4-47de-a757-c5cdfbe4a69c,875b838e-8ba6-4c03-a060-fa4678b1d4ef,/a506b05d-371f-4110-bd94-c0d1ff725926/ss05neu_telemetry_js/js,Neuville
24,0,0,0,0,,0,60,8.4,44.34512,5.98588,005,0,115,,0,,1516963435000,b9b54669-94f4-47de-a757-c5cdfbe4a69c,875b838e-8ba6-4c03-a060-fa4678b1d4ef,/a506b05d-371f-4110-bd94-c0d1ff725926/ss05neu_telemetry_js/js,Neuville
25,0,0,0,0,,0,24,8.2,44.34384,5.9838,005,0,138,,0,,1516963428600,b9b54669-94f4-47de-a757-c5cdfbe4a69c,875b838e-8ba6-4c03-a060-fa4678b1d4ef,/a506b05d-371f-4110-bd94-c0d1ff725926/ss05neu_telemetry_js/js,Neuville
26,0,0,0,0,,0,56,8.0,44.342,5.98168,005,0,101,,0,,1516963420400,b9b54669-94f4-47de-a757-c5cdfbe4a69c,875b838e-8ba6-4c03-a060-fa4678b1d4ef,/a506b05d-371f-4110-bd94-c0d1ff725926/ss05neu_telemetry_js/js,Neuville
27,0,0,0,0,,0,68,7.8,44.34149,5.98016,005,0,84,,0,,1516963415800,b9b54669-94f4-47de-a757-c5cdfbe4a69c,875b838e-8ba6-4c03-a060-fa4678b1d4ef,/a506b05d-371f-4110-bd94-c0d1ff725926/ss05neu_telemetry_js/js,Neuville
28,0,0,0,0,,0,50,7.0,44.33758,5.97189,005,0,104,,0,,1516963387100,b9b54669-94f4-47de-a757-c5cdfbe4a69c,875b838e-8ba6-4c03-a060-fa4678b1d4ef,/a506b05d-371f-4110-bd94-c0d1ff725926/ss05neu_telemetry_js/js,Neuville
29,0,0,0,0,,0,26,6.2,44.33389,5.96633,005,0,168,,0,,1516963362000,b9b54669-94f4-47de-a757-c5cdfbe4a69c,875b838e-8ba6-4c03-a060-fa4678b1d4ef,/a506b05d-371f-4110-bd94-c0d1ff725926/ss05neu_telemetry_js/js,Neuville
30,0,0,0,0,,0,358,6.0,44.33174,5.96559,005,0,152,,0,,1516963356700,b9b54669-94f4-47de-a757-c5cdfbe4a69c,875b838e-8ba6-4c03-a060-fa4678b1d4ef,/a506b05d-371f-4110-bd94-c0d1ff725926/ss05neu_telemetry_js/js,Neuville
31,0,0,0,0,,0,42,5.0,44.32397,5.96243,005,0,135,,0,,1516963325500,b9b54669-94f4-47de-a757-c5cdfbe4a69c,875b838e-8ba6-4c03-a060-fa4678b1d4ef,/a506b05d-371f-4110-bd94-c0d1ff725926/ss05neu_telemetry_js/js,Neuville
32,0,0,0,0,,0,348,4.0,44.31687,5.9593,005,0,101,,0,,1516963286600,b9b54669-94f4-47de-a757-c5cdfbe4a69c,875b838e-8ba6-4c03-a060-fa4678b1d4ef,/a506b05d-371f-4110-bd94-c0d1ff725926/ss05neu_telemetry_js/js,Neuville
33,0,0,0,0,,0,348,3.8,44.31513,5.95915,005,0,129,,0,,1516963281400,b9b54669-94f4-47de-a757-c5cdfbe4a69c,875b838e-8ba6-4c03-a060-fa4678b1d4ef,/a506b05d-371f-4110-bd94-c0d1ff725926/ss05neu_telemetry_js/js,Neuville
34,0,0,0,0,,0,350,3.0,44.31033,5.95602,005,0,130,,0,,1516963252100,b9b54669-94f4-47de-a757-c5cdfbe4a69c,875b838e-8ba6-4c03-a060-fa4678b1d4ef,/a506b05d-371f-4110-bd94-c0d1ff725926/ss05neu_telemetry_js/js,Neuville
36,0,0,0,0,,0,326,2.9,44.30955,5.95637,005,0,103,,0,,1516963249400,b9b54669-94f4-47de-a757-c5cdfbe4a69c,875b838e-8ba6-4c03-a060-fa4678b1d4ef,/a506b05d-371f-4110-bd94-c0d1ff725926/ss05neu_telemetry_js/js,Neuville
37,0,0,0,0,,0,14,2.7,44.3085,5.95611,005,0,85,,0,,1516963243000,b9b54669-94f4-47de-a757-c5cdfbe4a69c,875b838e-8ba6-4c03-a060-fa4678b1d4ef,/a506b05d-371f-4110-bd94-c0d1ff725926/ss05neu_telemetry_js/js,Neuville
38,0,0,0,0,,0,24,2.6,44.30715,5.95591,005,0,65,,0,,1516963236600,b9b54669-94f4-47de-a757-c5cdfbe4a69c,875b838e-8ba6-4c03-a060-fa4678b1d4ef,/a506b05d-371f-4110-bd94-c0d1ff725926/ss05neu_telemetry_js/js,Neuville
39,0,0,0,0,,0,88,2.2,44.30629,5.95668,005,0,60,,0,,1516963217400,b9b54669-94f4-47de-a757-c5cdfbe4a69c,875b838e-8ba6-4c03-a060-fa4678b1d4ef,/a506b05d-371f-4110-bd94-c0d1ff725926/ss05neu_telemetry_js/js,Neuville
40,0,0,0,0,,0,296,2.1,44.30548,5.95617,005,0,73,,0,,1516963211000,b9b54669-94f4-47de-a757-c5cdfbe4a69c,875b838e-8ba6-4c03-a060-fa4678b1d4ef,/a506b05d-371f-4110-bd94-c0d1ff725926/ss05neu_telemetry_js/js,Neuville
41,0,0,0,0,,0,306,2.0,44.30486,5.95761,005,0,123,,0,,1516963206800,b9b54669-94f4-47de-a757-c5cdfbe4a69c,875b838e-8ba6-4c03-a060-fa4678b1d4ef,/a506b05d-371f-4110-bd94-c0d1ff725926/ss05neu_telemetry_js/js,Neuville
43,0,0,0,0,,0,334,1.7,44.30341,5.95911,005,0,102,,0,,1516963198200,b9b54669-94f4-47de-a757-c5cdfbe4a69c,875b838e-8ba6-4c03-a060-fa4678b1d4ef,/a506b05d-371f-4110-bd94-c0d1ff725926/ss05neu_telemetry_js/js,Neuville
44,0,0,0,0,,0,340,1.5,44.30156,5.96022,005,0,109,,0,,1516963191800,b9b54669-94f4-47de-a757-c5cdfbe4a69c,875b838e-8ba6-4c03-a060-fa4678b1d4ef,/a506b05d-371f-4110-bd94-c0d1ff725926/ss05neu_telemetry_js/js,Neuville
45,0,0,0,0,,0,306,1.4,44.30086,5.96134,005,0,62,,0,,1516963185400,b9b54669-94f4-47de-a757-c5cdfbe4a69c,875b838e-8ba6-4c03-a060-fa4678b1d4ef,/a506b05d-371f-4110-bd94-c0d1ff725926/ss05neu_telemetry_js/js,Neuville
46,0,0,0,0,,0,340,1.2,44.29942,5.96202,005,0,80,,0,,1516963179000,b9b54669-94f4-47de-a757-c5cdfbe4a69c,875b838e-8ba6-4c03-a060-fa4678b1d4ef,/a506b05d-371f-4110-bd94-c0d1ff725926/ss05neu_telemetry_js/js,Neuville
47,0,0,0,0,,0,30,0.0,44.2891,5.95739,005,0,66,,0,,1516963142400,b9b54669-94f4-47de-a757-c5cdfbe4a69c,875b838e-8ba6-4c03-a060-fa4678b1d4ef,/a506b05d-371f-4110-bd94-c0d1ff725926/ss05neu_telemetry_js/js,Neuville
48,0,0,0,0,,0,22,0.0,44.28892,5.9573,005,0,0,,0,,1516963059300,b9b54669-94f4-47de-a757-c5cdfbe4a69c,875b838e-8ba6-4c03-a060-fa4678b1d4ef,/a506b05d-371f-4110-bd94-c0d1ff725926/ss05neu_telemetry_js/js,Neuville
49,0,0,0,0,,0,22,0.0,44.28891,5.95725,005,0,0,,0,,1516963044600,b9b54669-94f4-47de-a757-c5cdfbe4a69c,875b838e-8ba6-4c03-a060-fa4678b1d4ef,/a506b05d-371f-4110-bd94-c0d1ff725926/ss05neu_telemetry_js/js,Neuville
50,0,0,0,0,,0,22,0.0,44.28891,5.95725,005,0,0,,0,,1516963043400,b9b54669-94f4-47de-a757-c5cdfbe4a69c,875b838e-8ba6-4c03-a060-fa4678b1d4ef,/a506b05d-371f-4110-bd94-c0d1ff725926/ss05neu_telemetry_js/js,Neuville
51,0,0,0,0,,0,358,0.0,44.28882,5.9572,005,0,0,,0,,1516963025200,b9b54669-94f4-47de-a757-c5cdfbe4a69c,875b838e-8ba6-4c03-a060-fa4678b1d4ef,/a506b05d-371f-4110-bd94-c0d1ff725926/ss05neu_telemetry_js/js,Neuville
52,0,0,0,0,,0,30,0.0,44.28876,5.95717,005,0,21,,0,,1516962992900,b9b54669-94f4-47de-a757-c5cdfbe4a69c,875b838e-8ba6-4c03-a060-fa4678b1d4ef,/a506b05d-371f-4110-bd94-c0d1ff725926/ss05neu_telemetry_js/js,Neuville
53,0,0,0,0,,0,10,78.9,44.28842,5.957,005,0,18,,0,,1516962986000,b9b54669-94f4-47de-a757-c5cdfbe4a69c,875b838e-8ba6-4c03-a060-fa4678b1d4ef,/a506b05d-371f-4110-bd94-c0d1ff725926/ss05neu_telemetry_js/js,Neuville
54,0,0,0,0,,0,336,78.9,44.28836,5.957,005,0,0,,0,,1516962965000,b9b54669-94f4-47de-a757-c5cdfbe4a69c,875b838e-8ba6-4c03-a060-fa4678b1d4ef,/a506b05d-371f-4110-bd94-c0d1ff725926/ss05neu_telemetry_js/js,Neuville
55,0,0,0,0,,0,336,78.9,44.28836,5.957,005,0,0,,0,,1516962951500,b9b54669-94f4-47de-a757-c5cdfbe4a69c,875b838e-8ba6-4c03-a060-fa4678b1d4ef,/a506b05d-371f-4110-bd94-c0d1ff725926/ss05neu_telemetry_js/js,Neuville
56,0,0,0,0,,0,336,78.9,44.28837,5.95695,005,0,0,,0,,1516962941900,b9b54669-94f4-47de-a757-c5cdfbe4a69c,875b838e-8ba6-4c03-a060-fa4678b1d4ef,/a506b05d-371f-4110-bd94-c0d1ff725926/ss05neu_telemetry_js/js,Neuville
