[{"stageTimeId":56927,"stageId":931,"entryId":19184,"elapsedDurationMs":64400,"elapsedDuration":"00:01:04.4000000","status":"Completed","source":"Default","position":1,"diffFirstMs":0,"diffFirst":"00:00:00","diffPrevMs":0,"diffPrev":"00:00:00"},{"stageTimeId":56945,"stageId":931,"entryId":19187,"elapsedDurationMs":64600,"elapsedDuration":"00:01:04.6000000","status":"Completed","source":"Default","position":2,"diffFirstMs":200,"diffFirst":"00:00:00.2000000","diffPrevMs":200,"diffPrev":"00:00:00.2000000"},{"stageTimeId":56916,"stageId":931,"entryId":19189,"elapsedDurationMs":64700,"elapsedDuration":"00:01:04.7000000","status":"Completed","source":"Default","position":3,"diffFirstMs":300,"diffFirst":"00:00:00.3000000","diffPrevMs":100,"diffPrev":"00:00:00.1000000"},{"stageTimeId":56909,"stageId":931,"entryId":19185,"elapsedDurationMs":65000,"elapsedDuration":"00:01:05","status":"Completed","source":"Default","position":4,"diffFirstMs":600,"diffFirst":"00:00:00.6000000","diffPrevMs":300,"diffPrev":"00:00:00.3000000"},{"stageTimeId":57000,"stageId":931,"entryId":19180,"elapsedDurationMs":65600,"elapsedDuration":"00:01:05.6000000","status":"Completed","source":"Default","position":5,"diffFirstMs":1200,"diffFirst":"00:00:01.2000000","diffPrevMs":600,"diffPrev":"00:00:00.6000000"},{"stageTimeId":56871,"stageId":931,"entryId":19186,"elapsedDurationMs":65800,"elapsedDuration":"00:01:05.8000000","status":"Completed","source":"Default","position":6,"diffFirstMs":1400,"diffFirst":"00:00:01.4000000","diffPrevMs":200,"diffPrev":"00:00:00.2000000"},{"stageTimeId":56892,"stageId":931,"entryId":19188,"elapsedDurationMs":66000,"elapsedDuration":"00:01:06","status":"Completed","source":"Default","position":7,"diffFirstMs":1600,"diffFirst":"00:00:01.6000000","diffPrevMs":200,"diffPrev":"00:00:00.2000000"},{"stageTimeId":57020,"stageId":931,"entryId":19192,"elapsedDurationMs":67400,"elapsedDuration":"00:01:07.4000000","status":"Completed","source":"Default","position":8,"diffFirstMs":3000,"diffFirst":"00:00:03","diffPrevMs":1400,"diffPrev":"00:00:01.4000000"},{"stageTimeId":56954,"stageId":931,"entryId":19195,"elapsedDurationMs":67800,"elapsedDuration":"00:01:07.8000000","status":"Completed","source":"Default","position":9,"diffFirstMs":3400,"diffFirst":"00:00:03.4000000","diffPrevMs":400,"diffPrev":"00:00:00.4000000"},{"stageTimeId":57011,"stageId":931,"entryId":19191,"elapsedDurationMs":67900,"elapsedDuration":"00:01:07.9000000","status":"Completed","source":"Default","position":10,"diffFirstMs":3500,"diffFirst":"00:00:03.5000000","diffPrevMs":100,"diffPrev":"00:00:00.1000000"},{"stageTimeId":56991,"stageId":931,"entryId":19190,"elapsedDurationMs":68400,"elapsedDuration":"00:01:08.4000000","status":"Completed","source":"Default","position":11,"diffFirstMs":4000,"diffFirst":"00:00:04","diffPrevMs":500,"diffPrev":"00:00:00.5000000"},{"stageTimeId":56901,"stageId":931,"entryId":19183,"elapsedDurationMs":83400,"elapsedDuration":"00:01:23.4000000","status":"Completed","source":"Default","position":12,"diffFirstMs":19000,"diffFirst":"00:00:19","diffPrevMs":15000,"diffPrev":"00:00:15"},{"stageTimeId":56880,"stageId":931,"entryId":19182,"elapsedDurationMs":484400,"elapsedDuration":"00:08:04.4000000","status":"Completed","source":"Assessed","position":13,"diffFirstMs":420000,"diffFirst":"00:07:00","diffPrevMs":401000,"diffPrev":"00:06:41"},{"stageTimeId":56976,"stageId":931,"entryId":19193,"elapsedDurationMs":487400,"elapsedDuration":"00:08:07.4000000","status":"Completed","source":"Assessed","position":14,"diffFirstMs":423000,"diffFirst":"00:07:03","diffPrevMs":3000,"diffPrev":"00:00:03"},{"stageTimeId":56963,"stageId":931,"entryId":19194,"elapsedDurationMs":487400,"elapsedDuration":"00:08:07.4000000","status":"Completed","source":"Assessed","position":15,"diffFirstMs":423000,"diffFirst":"00:07:03","diffPrevMs":0,"diffPrev":"00:00:00"},{"stageTimeId":56855,"stageId":931,"entryId":19199,"elapsedDurationMs":500000,"elapsedDuration":"00:08:20","status":"DNS","source":"Assessed","position":16,"diffFirstMs":435600,"diffFirst":"00:07:15.6000000","diffPrevMs":12600,"diffPrev":"00:00:12.6000000"},{"stageTimeId":56835,"stageId":931,"entryId":19200,"elapsedDurationMs":500000,"elapsedDuration":"00:08:20","status":"DNS","source":"Assessed","position":17,"diffFirstMs":435600,"diffFirst":"00:07:15.6000000","diffPrevMs":0,"diffPrev":"00:00:00"},{"stageTimeId":56844,"stageId":931,"entryId":19201,"elapsedDurationMs":500000,"elapsedDuration":"00:08:20","status":"DNS","source":"Assessed","position":18,"diffFirstMs":435600,"diffFirst":"00:07:15.6000000","diffPrevMs":0,"diffPrev":"00:00:00"},{"stageTimeId":56946,"stageId":931,"entryId":19202,"elapsedDurationMs":500000,"elapsedDuration":"00:08:20","status":"DNS","source":"Assessed","position":19,"diffFirstMs":435600,"diffFirst":"00:07:15.6000000","diffPrevMs":0,"diffPrev":"00:00:00"},{"stageTimeId":56869,"stageId":931,"entryId":19203,"elapsedDurationMs":null,"elapsedDuration":null,"status":"DNS","source":"Default","position":null,"diffFirstMs":null,"diffFirst":null,"diffPrevMs":null,"diffPrev":null},{"stageTimeId":56967,"stageId":931,"entryId":19196,"elapsedDurationMs":null,"elapsedDuration":null,"status":"DNS","source":"Default","position":null,"diffFirstMs":null,"diffFirst":null,"diffPrevMs":null,"diffPrev":null}]