{"splitPoints":[{"splitPointId":2107,"stageId":1067,"number":1,"distance":1.3}],"controls":[{"controlId":4542,"eventId":82,"stageId":1067,"type":"RegroupOut","code":"TC0B","location":"VILLA CARLOS PAZ - Regrouping OUT","timingPrecision":"Minute","distance":null,"targetDuration":"00:20:00","targetDurationMs":1200000,"firstCarDueDateTime":"2019-04-25T22:05:00","firstCarDueDateTimeLocal":"2019-04-25T19:05:00-03:00","status":"Completed","controlPenalties":"None","roundingPolicy":"NoRounding","locked":false},{"controlId":4543,"eventId":82,"stageId":1067,"type":"StageStart","code":"SS1","location":"Super Especial VILLA CARLOS PAZ","timingPrecision":"Minute","distance":1.9,"targetDuration":"00:03:00","targetDurationMs":180000,"firstCarDueDateTime":"2019-04-25T22:08:00","firstCarDueDateTimeLocal":"2019-04-25T19:08:00-03:00","status":"Completed","controlPenalties":"None","roundingPolicy":"RoundToClosestMinute","locked":false},{"controlId":4544,"eventId":82,"stageId":1067,"type":"FlyingFinish","code":"SF1","location":"Super Especial VILLA CARLOS PAZ","timingPrecision":"Tenth","distance":null,"targetDuration":null,"targetDurationMs":null,"firstCarDueDateTime":null,"firstCarDueDateTimeLocal":null,"status":"Completed","controlPenalties":"None","roundingPolicy":"NoRounding","locked":false}],"stageId":1067,"eventId":82,"number":1,"name":"Super Especial VILLA CARLOS PAZ","distance":1.9,"status":"Completed","stageType":"SuperSpecialStage","timingPrecision":"Tenth","locked":false,"code":"SS1"}