[{"startDateTime":"2019-03-08T16:18:00","startDateTimeLocal":"2019-03-08T10:18:00-06:00","stageTimeDurationMs":1452000,"stageTimeDuration":"00:24:12","splitPointTimeId":64881,"splitPointId":1952,"entryId":19185,"elapsedDurationMs":521200,"elapsedDuration":"PT8M41.2S","splitDateTime":"2019-03-08T16:26:41.2","splitDateTimeLocal":"2019-03-08T10:26:41.2-06:00"},{"startDateTime":"2019-03-08T16:21:00","startDateTimeLocal":"2019-03-08T10:21:00-06:00","stageTimeDurationMs":1474700,"stageTimeDuration":"00:24:34.7000000","splitPointTimeId":64883,"splitPointId":1952,"entryId":19187,"elapsedDurationMs":521200,"elapsedDuration":"PT8M41.2S","splitDateTime":"2019-03-08T16:29:41.2","splitDateTimeLocal":"2019-03-08T10:29:41.2-06:00"},{"startDateTime":"2019-03-08T16:24:00","startDateTimeLocal":"2019-03-08T10:24:00-06:00","stageTimeDurationMs":1433000,"stageTimeDuration":"00:23:53","splitPointTimeId":64886,"splitPointId":1952,"entryId":19180,"elapsedDurationMs":516000,"elapsedDuration":"PT8M36S","splitDateTime":"2019-03-08T16:32:36","splitDateTimeLocal":"2019-03-08T10:32:36-06:00"},{"startDateTime":"2019-03-08T16:27:00","startDateTimeLocal":"2019-03-08T10:27:00-06:00","stageTimeDurationMs":1438700,"stageTimeDuration":"00:23:58.7000000","splitPointTimeId":64888,"splitPointId":1952,"entryId":19183,"elapsedDurationMs":517400,"elapsedDuration":"PT8M37.4S","splitDateTime":"2019-03-08T16:35:37.4","splitDateTimeLocal":"2019-03-08T10:35:37.4-06:00"},{"startDateTime":"2019-03-08T16:30:00","startDateTimeLocal":"2019-03-08T10:30:00-06:00","stageTimeDurationMs":1450100,"stageTimeDuration":"00:24:10.1000000","splitPointTimeId":64893,"splitPointId":1952,"entryId":19182,"elapsedDurationMs":519400,"elapsedDuration":"PT8M39.4S","splitDateTime":"2019-03-08T16:38:39.4","splitDateTimeLocal":"2019-03-08T10:38:39.4-06:00"},{"startDateTime":"2019-03-08T16:33:00","startDateTimeLocal":"2019-03-08T10:33:00-06:00","stageTimeDurationMs":1439000,"stageTimeDuration":"00:23:59","splitPointTimeId":64897,"splitPointId":1952,"entryId":19188,"elapsedDurationMs":518500,"elapsedDuration":"PT8M38.5S","splitDateTime":"2019-03-08T16:41:38.5","splitDateTimeLocal":"2019-03-08T10:41:38.5-06:00"},{"startDateTime":"2019-03-08T16:36:00","startDateTimeLocal":"2019-03-08T10:36:00-06:00","stageTimeDurationMs":1430600,"stageTimeDuration":"00:23:50.6000000","splitPointTimeId":64902,"splitPointId":1952,"entryId":19189,"elapsedDurationMs":516000,"elapsedDuration":"PT8M36S","splitDateTime":"2019-03-08T16:44:36","splitDateTimeLocal":"2019-03-08T10:44:36-06:00"},{"startDateTime":"2019-03-08T16:39:00","startDateTimeLocal":"2019-03-08T10:39:00-06:00","stageTimeDurationMs":1447300,"stageTimeDuration":"00:24:07.3000000","splitPointTimeId":64908,"splitPointId":1952,"entryId":19186,"elapsedDurationMs":521000,"elapsedDuration":"PT8M41S","splitDateTime":"2019-03-08T16:47:41","splitDateTimeLocal":"2019-03-08T10:47:41-06:00"},{"startDateTime":"2019-03-08T16:42:00","startDateTimeLocal":"2019-03-08T10:42:00-06:00","stageTimeDurationMs":null,"stageTimeDuration":null,"splitPointTimeId":64913,"splitPointId":1952,"entryId":19181,"elapsedDurationMs":519400,"elapsedDuration":"PT8M39.4S","splitDateTime":"2019-03-08T16:50:39.4","splitDateTimeLocal":"2019-03-08T10:50:39.4-06:00"},{"startDateTime":"2019-03-08T16:45:00","startDateTimeLocal":"2019-03-08T10:45:00-06:00","stageTimeDurationMs":1433200,"stageTimeDuration":"00:23:53.2000000","splitPointTimeId":64918,"splitPointId":1952,"entryId":19184,"elapsedDurationMs":517100,"elapsedDuration":"PT8M37.1S","splitDateTime":"2019-03-08T16:53:37.1","splitDateTimeLocal":"2019-03-08T10:53:37.1-06:00"},{"startDateTime":"2019-03-08T16:48:00","startDateTimeLocal":"2019-03-08T10:48:00-06:00","stageTimeDurationMs":1533400,"stageTimeDuration":"00:25:33.4000000","splitPointTimeId":64922,"splitPointId":1952,"entryId":19190,"elapsedDurationMs":547200,"elapsedDuration":"PT9M7.2S","splitDateTime":"2019-03-08T16:57:07.2","splitDateTimeLocal":"2019-03-08T10:57:07.2-06:00"},{"startDateTime":"2019-03-08T16:51:00","startDateTimeLocal":"2019-03-08T10:51:00-06:00","stageTimeDurationMs":1534500,"stageTimeDuration":"00:25:34.5000000","splitPointTimeId":64927,"splitPointId":1952,"entryId":19193,"elapsedDurationMs":549900,"elapsedDuration":"PT9M9.9S","splitDateTime":"2019-03-08T17:00:09.9","splitDateTimeLocal":"2019-03-08T11:00:09.9-06:00"},{"startDateTime":"2019-03-08T16:54:00","startDateTimeLocal":"2019-03-08T10:54:00-06:00","stageTimeDurationMs":1515000,"stageTimeDuration":"00:25:15","splitPointTimeId":64931,"splitPointId":1952,"entryId":19191,"elapsedDurationMs":546900,"elapsedDuration":"PT9M6.9S","splitDateTime":"2019-03-08T17:03:06.9","splitDateTimeLocal":"2019-03-08T11:03:06.9-06:00"},{"startDateTime":"2019-03-08T16:57:00","startDateTimeLocal":"2019-03-08T10:57:00-06:00","stageTimeDurationMs":1512500,"stageTimeDuration":"00:25:12.5000000","splitPointTimeId":64935,"splitPointId":1952,"entryId":19192,"elapsedDurationMs":544700,"elapsedDuration":"PT9M4.7S","splitDateTime":"2019-03-08T17:06:04.7","splitDateTimeLocal":"2019-03-08T11:06:04.7-06:00"},{"startDateTime":"2019-03-08T17:00:00","startDateTimeLocal":"2019-03-08T11:00:00-06:00","stageTimeDurationMs":1534500,"stageTimeDuration":"00:25:34.5000000","splitPointTimeId":64940,"splitPointId":1952,"entryId":19194,"elapsedDurationMs":550900,"elapsedDuration":"PT9M10.9S","splitDateTime":"2019-03-08T17:09:10.9","splitDateTimeLocal":"2019-03-08T11:09:10.9-06:00"},{"startDateTime":"2019-03-08T17:03:00","startDateTimeLocal":"2019-03-08T11:03:00-06:00","stageTimeDurationMs":1555500,"stageTimeDuration":"00:25:55.5000000","splitPointTimeId":64945,"splitPointId":1952,"entryId":19195,"elapsedDurationMs":612400,"elapsedDuration":"PT10M12.4S","splitDateTime":"2019-03-08T17:13:12.4","splitDateTimeLocal":"2019-03-08T11:13:12.4-06:00"},{"startDateTime":"2019-03-08T17:06:00","startDateTimeLocal":"2019-03-08T11:06:00-06:00","stageTimeDurationMs":1555500,"stageTimeDuration":"00:25:55.5000000","splitPointTimeId":64948,"splitPointId":1952,"entryId":19196,"elapsedDurationMs":628400,"elapsedDuration":"PT10M28.4S","splitDateTime":"2019-03-08T17:16:28.4","splitDateTimeLocal":"2019-03-08T11:16:28.4-06:00"},{"startDateTime":"2019-03-08T17:09:00","startDateTimeLocal":"2019-03-08T11:09:00-06:00","stageTimeDurationMs":1555500,"stageTimeDuration":"00:25:55.5000000","splitPointTimeId":64958,"splitPointId":1952,"entryId":19199,"elapsedDurationMs":718900,"elapsedDuration":"PT11M58.9S","splitDateTime":"2019-03-08T17:20:58.9","splitDateTimeLocal":"2019-03-08T11:20:58.9-06:00"},{"startDateTime":"2019-03-08T17:12:00","startDateTimeLocal":"2019-03-08T11:12:00-06:00","stageTimeDurationMs":1555500,"stageTimeDuration":"00:25:55.5000000","splitPointTimeId":64963,"splitPointId":1952,"entryId":19202,"elapsedDurationMs":764600,"elapsedDuration":"PT12M44.6S","splitDateTime":"2019-03-08T17:25:44.6","splitDateTimeLocal":"2019-03-08T11:25:44.6-06:00"},{"startDateTime":"2019-03-08T17:18:00","startDateTimeLocal":"2019-03-08T11:18:00-06:00","stageTimeDurationMs":1555500,"stageTimeDuration":"00:25:55.5000000","splitPointTimeId":64976,"splitPointId":1952,"entryId":19201,"elapsedDurationMs":759000,"elapsedDuration":"PT12M39S","splitDateTime":"2019-03-08T17:30:39","splitDateTimeLocal":"2019-03-08T11:30:39-06:00"},{"startDateTime":"2019-03-08T17:21:00","startDateTimeLocal":"2019-03-08T11:21:00-06:00","stageTimeDurationMs":1555500,"stageTimeDuration":"00:25:55.5000000","splitPointTimeId":64983,"splitPointId":1952,"entryId":19200,"elapsedDurationMs":733400,"elapsedDuration":"PT12M13.4S","splitDateTime":"2019-03-08T17:33:13.4","splitDateTimeLocal":"2019-03-08T11:33:13.4-06:00"},{"startDateTime":"2019-03-08T16:18:00","startDateTimeLocal":"2019-03-08T10:18:00-06:00","stageTimeDurationMs":1452000,"stageTimeDuration":"00:24:12","splitPointTimeId":64895,"splitPointId":1953,"entryId":19185,"elapsedDurationMs":1373700,"elapsedDuration":"PT22M53.7S","splitDateTime":"2019-03-08T16:40:53.7","splitDateTimeLocal":"2019-03-08T10:40:53.7-06:00"},{"startDateTime":"2019-03-08T16:21:00","startDateTimeLocal":"2019-03-08T10:21:00-06:00","stageTimeDurationMs":1474700,"stageTimeDuration":"00:24:34.7000000","splitPointTimeId":64901,"splitPointId":1953,"entryId":19187,"elapsedDurationMs":1393700,"elapsedDuration":"PT23M13.7S","splitDateTime":"2019-03-08T16:44:13.7","splitDateTimeLocal":"2019-03-08T10:44:13.7-06:00"},{"startDateTime":"2019-03-08T16:24:00","startDateTimeLocal":"2019-03-08T10:24:00-06:00","stageTimeDurationMs":1433000,"stageTimeDuration":"00:23:53","splitPointTimeId":64906,"splitPointId":1953,"entryId":19180,"elapsedDurationMs":1356700,"elapsedDuration":"PT22M36.7S","splitDateTime":"2019-03-08T16:46:36.7","splitDateTimeLocal":"2019-03-08T10:46:36.7-06:00"},{"startDateTime":"2019-03-08T16:27:00","startDateTimeLocal":"2019-03-08T10:27:00-06:00","stageTimeDurationMs":1438700,"stageTimeDuration":"00:23:58.7000000","splitPointTimeId":64911,"splitPointId":1953,"entryId":19183,"elapsedDurationMs":1361100,"elapsedDuration":"PT22M41.1S","splitDateTime":"2019-03-08T16:49:41.1","splitDateTimeLocal":"2019-03-08T10:49:41.1-06:00"},{"startDateTime":"2019-03-08T16:30:00","startDateTimeLocal":"2019-03-08T10:30:00-06:00","stageTimeDurationMs":1450100,"stageTimeDuration":"00:24:10.1000000","splitPointTimeId":64916,"splitPointId":1953,"entryId":19182,"elapsedDurationMs":1372400,"elapsedDuration":"PT22M52.4S","splitDateTime":"2019-03-08T16:52:52.4","splitDateTimeLocal":"2019-03-08T10:52:52.4-06:00"},{"startDateTime":"2019-03-08T16:33:00","startDateTimeLocal":"2019-03-08T10:33:00-06:00","stageTimeDurationMs":1439000,"stageTimeDuration":"00:23:59","splitPointTimeId":64921,"splitPointId":1953,"entryId":19188,"elapsedDurationMs":1362400,"elapsedDuration":"PT22M42.4S","splitDateTime":"2019-03-08T16:55:42.4","splitDateTimeLocal":"2019-03-08T10:55:42.4-06:00"},{"startDateTime":"2019-03-08T16:36:00","startDateTimeLocal":"2019-03-08T10:36:00-06:00","stageTimeDurationMs":1430600,"stageTimeDuration":"00:23:50.6000000","splitPointTimeId":64925,"splitPointId":1953,"entryId":19189,"elapsedDurationMs":1354000,"elapsedDuration":"PT22M34S","splitDateTime":"2019-03-08T16:58:34","splitDateTimeLocal":"2019-03-08T10:58:34-06:00"},{"startDateTime":"2019-03-08T16:39:00","startDateTimeLocal":"2019-03-08T10:39:00-06:00","stageTimeDurationMs":1447300,"stageTimeDuration":"00:24:07.3000000","splitPointTimeId":64929,"splitPointId":1953,"entryId":19186,"elapsedDurationMs":1369600,"elapsedDuration":"PT22M49.6S","splitDateTime":"2019-03-08T17:01:49.6","splitDateTimeLocal":"2019-03-08T11:01:49.6-06:00"},{"startDateTime":"2019-03-08T16:45:00","startDateTimeLocal":"2019-03-08T10:45:00-06:00","stageTimeDurationMs":1433200,"stageTimeDuration":"00:23:53.2000000","splitPointTimeId":64936,"splitPointId":1953,"entryId":19184,"elapsedDurationMs":1356100,"elapsedDuration":"PT22M36.1S","splitDateTime":"2019-03-08T17:07:36.1","splitDateTimeLocal":"2019-03-08T11:07:36.1-06:00"},{"startDateTime":"2019-03-08T16:48:00","startDateTimeLocal":"2019-03-08T10:48:00-06:00","stageTimeDurationMs":1533400,"stageTimeDuration":"00:25:33.4000000","splitPointTimeId":64944,"splitPointId":1953,"entryId":19190,"elapsedDurationMs":1450300,"elapsedDuration":"PT24M10.3S","splitDateTime":"2019-03-08T17:12:10.3","splitDateTimeLocal":"2019-03-08T11:12:10.3-06:00"},{"startDateTime":"2019-03-08T16:51:00","startDateTimeLocal":"2019-03-08T10:51:00-06:00","stageTimeDurationMs":1534500,"stageTimeDuration":"00:25:34.5000000","splitPointTimeId":64947,"splitPointId":1953,"entryId":19193,"elapsedDurationMs":1450500,"elapsedDuration":"PT24M10.5S","splitDateTime":"2019-03-08T17:15:10.5","splitDateTimeLocal":"2019-03-08T11:15:10.5-06:00"},{"startDateTime":"2019-03-08T16:54:00","startDateTimeLocal":"2019-03-08T10:54:00-06:00","stageTimeDurationMs":1515000,"stageTimeDuration":"00:25:15","splitPointTimeId":64952,"splitPointId":1953,"entryId":19191,"elapsedDurationMs":1433000,"elapsedDuration":"PT23M53S","splitDateTime":"2019-03-08T17:17:53","splitDateTimeLocal":"2019-03-08T11:17:53-06:00"},{"startDateTime":"2019-03-08T16:57:00","startDateTimeLocal":"2019-03-08T10:57:00-06:00","stageTimeDurationMs":1512500,"stageTimeDuration":"00:25:12.5000000","splitPointTimeId":64956,"splitPointId":1953,"entryId":19192,"elapsedDurationMs":1429800,"elapsedDuration":"PT23M49.8S","splitDateTime":"2019-03-08T17:20:49.8","splitDateTimeLocal":"2019-03-08T11:20:49.8-06:00"},{"startDateTime":"2019-03-08T17:00:00","startDateTimeLocal":"2019-03-08T11:00:00-06:00","stageTimeDurationMs":1534500,"stageTimeDuration":"00:25:34.5000000","splitPointTimeId":64969,"splitPointId":1953,"entryId":19194,"elapsedDurationMs":1653000,"elapsedDuration":"PT27M33S","splitDateTime":"2019-03-08T17:27:33","splitDateTimeLocal":"2019-03-08T11:27:33-06:00"},{"startDateTime":"2019-03-08T17:03:00","startDateTimeLocal":"2019-03-08T11:03:00-06:00","stageTimeDurationMs":1555500,"stageTimeDuration":"00:25:55.5000000","splitPointTimeId":64977,"splitPointId":1953,"entryId":19195,"elapsedDurationMs":1700700,"elapsedDuration":"PT28M20.7S","splitDateTime":"2019-03-08T17:31:20.7","splitDateTimeLocal":"2019-03-08T11:31:20.7-06:00"},{"startDateTime":"2019-03-08T17:06:00","startDateTimeLocal":"2019-03-08T11:06:00-06:00","stageTimeDurationMs":1555500,"stageTimeDuration":"00:25:55.5000000","splitPointTimeId":64981,"splitPointId":1953,"entryId":19196,"elapsedDurationMs":1626200,"elapsedDuration":"PT27M6.2S","splitDateTime":"2019-03-08T17:33:06.2","splitDateTimeLocal":"2019-03-08T11:33:06.2-06:00"},{"startDateTime":"2019-03-08T17:09:00","startDateTimeLocal":"2019-03-08T11:09:00-06:00","stageTimeDurationMs":1555500,"stageTimeDuration":"00:25:55.5000000","splitPointTimeId":64997,"splitPointId":1953,"entryId":19199,"elapsedDurationMs":1885600,"elapsedDuration":"PT31M25.6S","splitDateTime":"2019-03-08T17:40:25.6","splitDateTimeLocal":"2019-03-08T11:40:25.6-06:00"},{"startDateTime":"2019-03-08T17:12:00","startDateTimeLocal":"2019-03-08T11:12:00-06:00","stageTimeDurationMs":1555500,"stageTimeDuration":"00:25:55.5000000","splitPointTimeId":64999,"splitPointId":1953,"entryId":19202,"elapsedDurationMs":1893400,"elapsedDuration":"PT31M33.4S","splitDateTime":"2019-03-08T17:44:33.4","splitDateTimeLocal":"2019-03-08T11:44:33.4-06:00"},{"startDateTime":"2019-03-08T17:18:00","startDateTimeLocal":"2019-03-08T11:18:00-06:00","stageTimeDurationMs":1555500,"stageTimeDuration":"00:25:55.5000000","splitPointTimeId":65005,"splitPointId":1953,"entryId":19201,"elapsedDurationMs":1943000,"elapsedDuration":"PT32M23S","splitDateTime":"2019-03-08T17:50:23","splitDateTimeLocal":"2019-03-08T11:50:23-06:00"},{"startDateTime":"2019-03-08T17:21:00","startDateTimeLocal":"2019-03-08T11:21:00-06:00","stageTimeDurationMs":1555500,"stageTimeDuration":"00:25:55.5000000","splitPointTimeId":65008,"splitPointId":1953,"entryId":19200,"elapsedDurationMs":1864900,"elapsedDuration":"PT31M4.9S","splitDateTime":"2019-03-08T17:52:04.9","splitDateTimeLocal":"2019-03-08T11:52:04.9-06:00"},{"startDateTime":"2019-03-08T16:18:00","startDateTimeLocal":"2019-03-08T10:18:00-06:00","stageTimeDurationMs":1452000,"stageTimeDuration":"00:24:12","splitPointTimeId":64879,"splitPointId":1954,"entryId":19185,"elapsedDurationMs":262300,"elapsedDuration":"PT4M22.3S","splitDateTime":"2019-03-08T16:22:22.3","splitDateTimeLocal":"2019-03-08T10:22:22.3-06:00"},{"startDateTime":"2019-03-08T16:21:00","startDateTimeLocal":"2019-03-08T10:21:00-06:00","stageTimeDurationMs":1474700,"stageTimeDuration":"00:24:34.7000000","splitPointTimeId":64880,"splitPointId":1954,"entryId":19187,"elapsedDurationMs":263200,"elapsedDuration":"PT4M23.2S","splitDateTime":"2019-03-08T16:25:23.2","splitDateTimeLocal":"2019-03-08T10:25:23.2-06:00"},{"startDateTime":"2019-03-08T16:24:00","startDateTimeLocal":"2019-03-08T10:24:00-06:00","stageTimeDurationMs":1433000,"stageTimeDuration":"00:23:53","splitPointTimeId":64882,"splitPointId":1954,"entryId":19180,"elapsedDurationMs":259300,"elapsedDuration":"PT4M19.3S","splitDateTime":"2019-03-08T16:28:19.3","splitDateTimeLocal":"2019-03-08T10:28:19.3-06:00"},{"startDateTime":"2019-03-08T16:27:00","startDateTimeLocal":"2019-03-08T10:27:00-06:00","stageTimeDurationMs":1438700,"stageTimeDuration":"00:23:58.7000000","splitPointTimeId":64884,"splitPointId":1954,"entryId":19183,"elapsedDurationMs":259500,"elapsedDuration":"PT4M19.5S","splitDateTime":"2019-03-08T16:31:19.5","splitDateTimeLocal":"2019-03-08T10:31:19.5-06:00"},{"startDateTime":"2019-03-08T16:30:00","startDateTimeLocal":"2019-03-08T10:30:00-06:00","stageTimeDurationMs":1450100,"stageTimeDuration":"00:24:10.1000000","splitPointTimeId":64887,"splitPointId":1954,"entryId":19182,"elapsedDurationMs":260400,"elapsedDuration":"PT4M20.4S","splitDateTime":"2019-03-08T16:34:20.4","splitDateTimeLocal":"2019-03-08T10:34:20.4-06:00"},{"startDateTime":"2019-03-08T16:33:00","startDateTimeLocal":"2019-03-08T10:33:00-06:00","stageTimeDurationMs":1439000,"stageTimeDuration":"00:23:59","splitPointTimeId":64891,"splitPointId":1954,"entryId":19188,"elapsedDurationMs":261500,"elapsedDuration":"PT4M21.5S","splitDateTime":"2019-03-08T16:37:21.5","splitDateTimeLocal":"2019-03-08T10:37:21.5-06:00"},{"startDateTime":"2019-03-08T16:39:00","startDateTimeLocal":"2019-03-08T10:39:00-06:00","stageTimeDurationMs":1447300,"stageTimeDuration":"00:24:07.3000000","splitPointTimeId":64899,"splitPointId":1954,"entryId":19186,"elapsedDurationMs":262400,"elapsedDuration":"PT4M22.4S","splitDateTime":"2019-03-08T16:43:22.4","splitDateTimeLocal":"2019-03-08T10:43:22.4-06:00"},{"startDateTime":"2019-03-08T16:36:00","startDateTimeLocal":"2019-03-08T10:36:00-06:00","stageTimeDurationMs":1430600,"stageTimeDuration":"00:23:50.6000000","splitPointTimeId":64903,"splitPointId":1954,"entryId":19189,"elapsedDurationMs":259600,"elapsedDuration":"PT4M19.6S","splitDateTime":"2019-03-08T16:40:19.6","splitDateTimeLocal":"2019-03-08T10:40:19.6-06:00"},{"startDateTime":"2019-03-08T16:42:00","startDateTimeLocal":"2019-03-08T10:42:00-06:00","stageTimeDurationMs":null,"stageTimeDuration":null,"splitPointTimeId":64905,"splitPointId":1954,"entryId":19181,"elapsedDurationMs":262000,"elapsedDuration":"PT4M22S","splitDateTime":"2019-03-08T16:46:22","splitDateTimeLocal":"2019-03-08T10:46:22-06:00"},{"startDateTime":"2019-03-08T16:45:00","startDateTimeLocal":"2019-03-08T10:45:00-06:00","stageTimeDurationMs":1433200,"stageTimeDuration":"00:23:53.2000000","splitPointTimeId":64910,"splitPointId":1954,"entryId":19184,"elapsedDurationMs":261000,"elapsedDuration":"PT4M21S","splitDateTime":"2019-03-08T16:49:21","splitDateTimeLocal":"2019-03-08T10:49:21-06:00"},{"startDateTime":"2019-03-08T16:48:00","startDateTimeLocal":"2019-03-08T10:48:00-06:00","stageTimeDurationMs":1533400,"stageTimeDuration":"00:25:33.4000000","splitPointTimeId":64915,"splitPointId":1954,"entryId":19190,"elapsedDurationMs":278400,"elapsedDuration":"PT4M38.4S","splitDateTime":"2019-03-08T16:52:38.4","splitDateTimeLocal":"2019-03-08T10:52:38.4-06:00"},{"startDateTime":"2019-03-08T16:51:00","startDateTimeLocal":"2019-03-08T10:51:00-06:00","stageTimeDurationMs":1534500,"stageTimeDuration":"00:25:34.5000000","splitPointTimeId":64920,"splitPointId":1954,"entryId":19193,"elapsedDurationMs":280400,"elapsedDuration":"PT4M40.4S","splitDateTime":"2019-03-08T16:55:40.4","splitDateTimeLocal":"2019-03-08T10:55:40.4-06:00"},{"startDateTime":"2019-03-08T16:54:00","startDateTimeLocal":"2019-03-08T10:54:00-06:00","stageTimeDurationMs":1515000,"stageTimeDuration":"00:25:15","splitPointTimeId":64924,"splitPointId":1954,"entryId":19191,"elapsedDurationMs":278900,"elapsedDuration":"PT4M38.9S","splitDateTime":"2019-03-08T16:58:38.9","splitDateTimeLocal":"2019-03-08T10:58:38.9-06:00"},{"startDateTime":"2019-03-08T16:57:00","startDateTimeLocal":"2019-03-08T10:57:00-06:00","stageTimeDurationMs":1512500,"stageTimeDuration":"00:25:12.5000000","splitPointTimeId":64928,"splitPointId":1954,"entryId":19192,"elapsedDurationMs":277600,"elapsedDuration":"PT4M37.6S","splitDateTime":"2019-03-08T17:01:37.6","splitDateTimeLocal":"2019-03-08T11:01:37.6-06:00"},{"startDateTime":"2019-03-08T17:00:00","startDateTimeLocal":"2019-03-08T11:00:00-06:00","stageTimeDurationMs":1534500,"stageTimeDuration":"00:25:34.5000000","splitPointTimeId":64933,"splitPointId":1954,"entryId":19194,"elapsedDurationMs":279500,"elapsedDuration":"PT4M39.5S","splitDateTime":"2019-03-08T17:04:39.5","splitDateTimeLocal":"2019-03-08T11:04:39.5-06:00"},{"startDateTime":"2019-03-08T17:03:00","startDateTimeLocal":"2019-03-08T11:03:00-06:00","stageTimeDurationMs":1555500,"stageTimeDuration":"00:25:55.5000000","splitPointTimeId":64937,"splitPointId":1954,"entryId":19195,"elapsedDurationMs":288500,"elapsedDuration":"PT4M48.5S","splitDateTime":"2019-03-08T17:07:48.5","splitDateTimeLocal":"2019-03-08T11:07:48.5-06:00"},{"startDateTime":"2019-03-08T17:06:00","startDateTimeLocal":"2019-03-08T11:06:00-06:00","stageTimeDurationMs":1555500,"stageTimeDuration":"00:25:55.5000000","splitPointTimeId":64942,"splitPointId":1954,"entryId":19196,"elapsedDurationMs":329400,"elapsedDuration":"PT5M29.4S","splitDateTime":"2019-03-08T17:11:29.4","splitDateTimeLocal":"2019-03-08T11:11:29.4-06:00"},{"startDateTime":"2019-03-08T17:09:00","startDateTimeLocal":"2019-03-08T11:09:00-06:00","stageTimeDurationMs":1555500,"stageTimeDuration":"00:25:55.5000000","splitPointTimeId":64951,"splitPointId":1954,"entryId":19199,"elapsedDurationMs":351000,"elapsedDuration":"PT5M51S","splitDateTime":"2019-03-08T17:14:51","splitDateTimeLocal":"2019-03-08T11:14:51-06:00"},{"startDateTime":"2019-03-08T17:12:00","startDateTimeLocal":"2019-03-08T11:12:00-06:00","stageTimeDurationMs":1555500,"stageTimeDuration":"00:25:55.5000000","splitPointTimeId":64953,"splitPointId":1954,"entryId":19202,"elapsedDurationMs":430700,"elapsedDuration":"PT7M10.7S","splitDateTime":"2019-03-08T17:20:10.7","splitDateTimeLocal":"2019-03-08T11:20:10.7-06:00"},{"startDateTime":"2019-03-08T17:18:00","startDateTimeLocal":"2019-03-08T11:18:00-06:00","stageTimeDurationMs":1555500,"stageTimeDuration":"00:25:55.5000000","splitPointTimeId":64962,"splitPointId":1954,"entryId":19201,"elapsedDurationMs":403000,"elapsedDuration":"PT6M43S","splitDateTime":"2019-03-08T17:24:43","splitDateTimeLocal":"2019-03-08T11:24:43-06:00"},{"startDateTime":"2019-03-08T17:21:00","startDateTimeLocal":"2019-03-08T11:21:00-06:00","stageTimeDurationMs":1555500,"stageTimeDuration":"00:25:55.5000000","splitPointTimeId":64970,"splitPointId":1954,"entryId":19200,"elapsedDurationMs":398500,"elapsedDuration":"PT6M38.5S","splitDateTime":"2019-03-08T17:27:38.5","splitDateTimeLocal":"2019-03-08T11:27:38.5-06:00"},{"startDateTime":"2019-03-08T16:18:00","startDateTimeLocal":"2019-03-08T10:18:00-06:00","stageTimeDurationMs":1452000,"stageTimeDuration":"00:24:12","splitPointTimeId":64885,"splitPointId":1955,"entryId":19185,"elapsedDurationMs":853400,"elapsedDuration":"PT14M13.4S","splitDateTime":"2019-03-08T16:32:13.4","splitDateTimeLocal":"2019-03-08T10:32:13.4-06:00"},{"startDateTime":"2019-03-08T16:21:00","startDateTimeLocal":"2019-03-08T10:21:00-06:00","stageTimeDurationMs":1474700,"stageTimeDuration":"00:24:34.7000000","splitPointTimeId":64889,"splitPointId":1955,"entryId":19187,"elapsedDurationMs":859100,"elapsedDuration":"PT14M19.1S","splitDateTime":"2019-03-08T16:35:19.1","splitDateTimeLocal":"2019-03-08T10:35:19.1-06:00"},{"startDateTime":"2019-03-08T16:24:00","startDateTimeLocal":"2019-03-08T10:24:00-06:00","stageTimeDurationMs":1433000,"stageTimeDuration":"00:23:53","splitPointTimeId":64892,"splitPointId":1955,"entryId":19180,"elapsedDurationMs":845700,"elapsedDuration":"PT14M5.7S","splitDateTime":"2019-03-08T16:38:05.7","splitDateTimeLocal":"2019-03-08T10:38:05.7-06:00"},{"startDateTime":"2019-03-08T16:27:00","startDateTimeLocal":"2019-03-08T10:27:00-06:00","stageTimeDurationMs":1438700,"stageTimeDuration":"00:23:58.7000000","splitPointTimeId":64896,"splitPointId":1955,"entryId":19183,"elapsedDurationMs":847000,"elapsedDuration":"PT14M7S","splitDateTime":"2019-03-08T16:41:07","splitDateTimeLocal":"2019-03-08T10:41:07-06:00"},{"startDateTime":"2019-03-08T16:30:00","startDateTimeLocal":"2019-03-08T10:30:00-06:00","stageTimeDurationMs":1450100,"stageTimeDuration":"00:24:10.1000000","splitPointTimeId":64900,"splitPointId":1955,"entryId":19182,"elapsedDurationMs":853300,"elapsedDuration":"PT14M13.3S","splitDateTime":"2019-03-08T16:44:13.3","splitDateTimeLocal":"2019-03-08T10:44:13.3-06:00"},{"startDateTime":"2019-03-08T16:33:00","startDateTimeLocal":"2019-03-08T10:33:00-06:00","stageTimeDurationMs":1439000,"stageTimeDuration":"00:23:59","splitPointTimeId":64907,"splitPointId":1955,"entryId":19188,"elapsedDurationMs":848800,"elapsedDuration":"PT14M8.8S","splitDateTime":"2019-03-08T16:47:08.8","splitDateTimeLocal":"2019-03-08T10:47:08.8-06:00"},{"startDateTime":"2019-03-08T16:36:00","startDateTimeLocal":"2019-03-08T10:36:00-06:00","stageTimeDurationMs":1430600,"stageTimeDuration":"00:23:50.6000000","splitPointTimeId":64912,"splitPointId":1955,"entryId":19189,"elapsedDurationMs":843200,"elapsedDuration":"PT14M3.2S","splitDateTime":"2019-03-08T16:50:03.2","splitDateTimeLocal":"2019-03-08T10:50:03.2-06:00"},{"startDateTime":"2019-03-08T16:39:00","startDateTimeLocal":"2019-03-08T10:39:00-06:00","stageTimeDurationMs":1447300,"stageTimeDuration":"00:24:07.3000000","splitPointTimeId":64917,"splitPointId":1955,"entryId":19186,"elapsedDurationMs":852900,"elapsedDuration":"PT14M12.9S","splitDateTime":"2019-03-08T16:53:12.9","splitDateTimeLocal":"2019-03-08T10:53:12.9-06:00"},{"startDateTime":"2019-03-08T16:45:00","startDateTimeLocal":"2019-03-08T10:45:00-06:00","stageTimeDurationMs":1433200,"stageTimeDuration":"00:23:53.2000000","splitPointTimeId":64926,"splitPointId":1955,"entryId":19184,"elapsedDurationMs":846200,"elapsedDuration":"PT14M6.2S","splitDateTime":"2019-03-08T16:59:06.2","splitDateTimeLocal":"2019-03-08T10:59:06.2-06:00"},{"startDateTime":"2019-03-08T16:48:00","startDateTimeLocal":"2019-03-08T10:48:00-06:00","stageTimeDurationMs":1533400,"stageTimeDuration":"00:25:33.4000000","splitPointTimeId":64930,"splitPointId":1955,"entryId":19190,"elapsedDurationMs":898800,"elapsedDuration":"PT14M58.8S","splitDateTime":"2019-03-08T17:02:58.8","splitDateTimeLocal":"2019-03-08T11:02:58.8-06:00"},{"startDateTime":"2019-03-08T16:51:00","startDateTimeLocal":"2019-03-08T10:51:00-06:00","stageTimeDurationMs":1534500,"stageTimeDuration":"00:25:34.5000000","splitPointTimeId":64934,"splitPointId":1955,"entryId":19193,"elapsedDurationMs":898300,"elapsedDuration":"PT14M58.3S","splitDateTime":"2019-03-08T17:05:58.3","splitDateTimeLocal":"2019-03-08T11:05:58.3-06:00"},{"startDateTime":"2019-03-08T16:54:00","startDateTimeLocal":"2019-03-08T10:54:00-06:00","stageTimeDurationMs":1515000,"stageTimeDuration":"00:25:15","splitPointTimeId":64939,"splitPointId":1955,"entryId":19191,"elapsedDurationMs":891900,"elapsedDuration":"PT14M51.9S","splitDateTime":"2019-03-08T17:08:51.9","splitDateTimeLocal":"2019-03-08T11:08:51.9-06:00"},{"startDateTime":"2019-03-08T16:57:00","startDateTimeLocal":"2019-03-08T10:57:00-06:00","stageTimeDurationMs":1512500,"stageTimeDuration":"00:25:12.5000000","splitPointTimeId":64943,"splitPointId":1955,"entryId":19192,"elapsedDurationMs":889100,"elapsedDuration":"PT14M49.1S","splitDateTime":"2019-03-08T17:11:49.1","splitDateTimeLocal":"2019-03-08T11:11:49.1-06:00"},{"startDateTime":"2019-03-08T17:00:00","startDateTimeLocal":"2019-03-08T11:00:00-06:00","stageTimeDurationMs":1534500,"stageTimeDuration":"00:25:34.5000000","splitPointTimeId":64949,"splitPointId":1955,"entryId":19194,"elapsedDurationMs":994300,"elapsedDuration":"PT16M34.3S","splitDateTime":"2019-03-08T17:16:34.3","splitDateTimeLocal":"2019-03-08T11:16:34.3-06:00"},{"startDateTime":"2019-03-08T17:03:00","startDateTimeLocal":"2019-03-08T11:03:00-06:00","stageTimeDurationMs":1555500,"stageTimeDuration":"00:25:55.5000000","splitPointTimeId":64955,"splitPointId":1955,"entryId":19195,"elapsedDurationMs":1035900,"elapsedDuration":"PT17M15.9S","splitDateTime":"2019-03-08T17:20:15.9","splitDateTimeLocal":"2019-03-08T11:20:15.9-06:00"},{"startDateTime":"2019-03-08T17:06:00","startDateTimeLocal":"2019-03-08T11:06:00-06:00","stageTimeDurationMs":1555500,"stageTimeDuration":"00:25:55.5000000","splitPointTimeId":64960,"splitPointId":1955,"entryId":19196,"elapsedDurationMs":1029100,"elapsedDuration":"PT17M9.1S","splitDateTime":"2019-03-08T17:23:09.1","splitDateTimeLocal":"2019-03-08T11:23:09.1-06:00"},{"startDateTime":"2019-03-08T17:09:00","startDateTimeLocal":"2019-03-08T11:09:00-06:00","stageTimeDurationMs":1555500,"stageTimeDuration":"00:25:55.5000000","splitPointTimeId":64975,"splitPointId":1955,"entryId":19199,"elapsedDurationMs":1177200,"elapsedDuration":"PT19M37.2S","splitDateTime":"2019-03-08T17:28:37.2","splitDateTimeLocal":"2019-03-08T11:28:37.2-06:00"},{"startDateTime":"2019-03-08T17:12:00","startDateTimeLocal":"2019-03-08T11:12:00-06:00","stageTimeDurationMs":1555500,"stageTimeDuration":"00:25:55.5000000","splitPointTimeId":64979,"splitPointId":1955,"entryId":19202,"elapsedDurationMs":1199300,"elapsedDuration":"PT19M59.3S","splitDateTime":"2019-03-08T17:32:59.3","splitDateTimeLocal":"2019-03-08T11:32:59.3-06:00"},{"startDateTime":"2019-03-08T17:18:00","startDateTimeLocal":"2019-03-08T11:18:00-06:00","stageTimeDurationMs":1555500,"stageTimeDuration":"00:25:55.5000000","splitPointTimeId":64991,"splitPointId":1955,"entryId":19201,"elapsedDurationMs":1227900,"elapsedDuration":"PT20M27.9S","splitDateTime":"2019-03-08T17:38:27.9","splitDateTimeLocal":"2019-03-08T11:38:27.9-06:00"},{"startDateTime":"2019-03-08T17:21:00","startDateTimeLocal":"2019-03-08T11:21:00-06:00","stageTimeDurationMs":1555500,"stageTimeDuration":"00:25:55.5000000","splitPointTimeId":64994,"splitPointId":1955,"entryId":19200,"elapsedDurationMs":1170400,"elapsedDuration":"PT19M30.4S","splitDateTime":"2019-03-08T17:40:30.4","splitDateTimeLocal":"2019-03-08T11:40:30.4-06:00"},{"startDateTime":"2019-03-08T16:18:00","startDateTimeLocal":"2019-03-08T10:18:00-06:00","stageTimeDurationMs":1452000,"stageTimeDuration":"00:24:12","splitPointTimeId":64890,"splitPointId":1957,"entryId":19185,"elapsedDurationMs":1130400,"elapsedDuration":"PT18M50.4S","splitDateTime":"2019-03-08T16:36:50.4","splitDateTimeLocal":"2019-03-08T10:36:50.4-06:00"},{"startDateTime":"2019-03-08T16:21:00","startDateTimeLocal":"2019-03-08T10:21:00-06:00","stageTimeDurationMs":1474700,"stageTimeDuration":"00:24:34.7000000","splitPointTimeId":64894,"splitPointId":1957,"entryId":19187,"elapsedDurationMs":1142100,"elapsedDuration":"PT19M2.1S","splitDateTime":"2019-03-08T16:40:02.1","splitDateTimeLocal":"2019-03-08T10:40:02.1-06:00"},{"startDateTime":"2019-03-08T16:24:00","startDateTimeLocal":"2019-03-08T10:24:00-06:00","stageTimeDurationMs":1433000,"stageTimeDuration":"00:23:53","splitPointTimeId":64898,"splitPointId":1957,"entryId":19180,"elapsedDurationMs":1117000,"elapsedDuration":"PT18M37S","splitDateTime":"2019-03-08T16:42:37","splitDateTimeLocal":"2019-03-08T10:42:37-06:00"},{"startDateTime":"2019-03-08T16:27:00","startDateTimeLocal":"2019-03-08T10:27:00-06:00","stageTimeDurationMs":1438700,"stageTimeDuration":"00:23:58.7000000","splitPointTimeId":64904,"splitPointId":1957,"entryId":19183,"elapsedDurationMs":1121300,"elapsedDuration":"PT18M41.3S","splitDateTime":"2019-03-08T16:45:41.3","splitDateTimeLocal":"2019-03-08T10:45:41.3-06:00"},{"startDateTime":"2019-03-08T16:30:00","startDateTimeLocal":"2019-03-08T10:30:00-06:00","stageTimeDurationMs":1450100,"stageTimeDuration":"00:24:10.1000000","splitPointTimeId":64909,"splitPointId":1957,"entryId":19182,"elapsedDurationMs":1129800,"elapsedDuration":"PT18M49.8S","splitDateTime":"2019-03-08T16:48:49.8","splitDateTimeLocal":"2019-03-08T10:48:49.8-06:00"},{"startDateTime":"2019-03-08T16:33:00","startDateTimeLocal":"2019-03-08T10:33:00-06:00","stageTimeDurationMs":1439000,"stageTimeDuration":"00:23:59","splitPointTimeId":64914,"splitPointId":1957,"entryId":19188,"elapsedDurationMs":1122700,"elapsedDuration":"PT18M42.7S","splitDateTime":"2019-03-08T16:51:42.7","splitDateTimeLocal":"2019-03-08T10:51:42.7-06:00"},{"startDateTime":"2019-03-08T16:36:00","startDateTimeLocal":"2019-03-08T10:36:00-06:00","stageTimeDurationMs":1430600,"stageTimeDuration":"00:23:50.6000000","splitPointTimeId":64919,"splitPointId":1957,"entryId":19189,"elapsedDurationMs":1114900,"elapsedDuration":"PT18M34.9S","splitDateTime":"2019-03-08T16:54:34.9","splitDateTimeLocal":"2019-03-08T10:54:34.9-06:00"},{"startDateTime":"2019-03-08T16:39:00","startDateTimeLocal":"2019-03-08T10:39:00-06:00","stageTimeDurationMs":1447300,"stageTimeDuration":"00:24:07.3000000","splitPointTimeId":64923,"splitPointId":1957,"entryId":19186,"elapsedDurationMs":1127500,"elapsedDuration":"PT18M47.5S","splitDateTime":"2019-03-08T16:57:47.5","splitDateTimeLocal":"2019-03-08T10:57:47.5-06:00"},{"startDateTime":"2019-03-08T16:45:00","startDateTimeLocal":"2019-03-08T10:45:00-06:00","stageTimeDurationMs":1433200,"stageTimeDuration":"00:23:53.2000000","splitPointTimeId":64932,"splitPointId":1957,"entryId":19184,"elapsedDurationMs":1118200,"elapsedDuration":"PT18M38.2S","splitDateTime":"2019-03-08T17:03:38.2","splitDateTimeLocal":"2019-03-08T11:03:38.2-06:00"},{"startDateTime":"2019-03-08T16:48:00","startDateTimeLocal":"2019-03-08T10:48:00-06:00","stageTimeDurationMs":1533400,"stageTimeDuration":"00:25:33.4000000","splitPointTimeId":64938,"splitPointId":1957,"entryId":19190,"elapsedDurationMs":1190200,"elapsedDuration":"PT19M50.2S","splitDateTime":"2019-03-08T17:07:50.2","splitDateTimeLocal":"2019-03-08T11:07:50.2-06:00"},{"startDateTime":"2019-03-08T16:51:00","startDateTimeLocal":"2019-03-08T10:51:00-06:00","stageTimeDurationMs":1534500,"stageTimeDuration":"00:25:34.5000000","splitPointTimeId":64941,"splitPointId":1957,"entryId":19193,"elapsedDurationMs":1190000,"elapsedDuration":"PT19M50S","splitDateTime":"2019-03-08T17:10:50","splitDateTimeLocal":"2019-03-08T11:10:50-06:00"},{"startDateTime":"2019-03-08T16:54:00","startDateTimeLocal":"2019-03-08T10:54:00-06:00","stageTimeDurationMs":1515000,"stageTimeDuration":"00:25:15","splitPointTimeId":64946,"splitPointId":1957,"entryId":19191,"elapsedDurationMs":1179400,"elapsedDuration":"PT19M39.4S","splitDateTime":"2019-03-08T17:13:39.4","splitDateTimeLocal":"2019-03-08T11:13:39.4-06:00"},{"startDateTime":"2019-03-08T16:57:00","startDateTimeLocal":"2019-03-08T10:57:00-06:00","stageTimeDurationMs":1512500,"stageTimeDuration":"00:25:12.5000000","splitPointTimeId":64950,"splitPointId":1957,"entryId":19192,"elapsedDurationMs":1174500,"elapsedDuration":"PT19M34.5S","splitDateTime":"2019-03-08T17:16:34.5","splitDateTimeLocal":"2019-03-08T11:16:34.5-06:00"},{"startDateTime":"2019-03-08T17:00:00","startDateTimeLocal":"2019-03-08T11:00:00-06:00","stageTimeDurationMs":1534500,"stageTimeDuration":"00:25:34.5000000","splitPointTimeId":64957,"splitPointId":1957,"entryId":19194,"elapsedDurationMs":1349000,"elapsedDuration":"PT22M29S","splitDateTime":"2019-03-08T17:22:29","splitDateTimeLocal":"2019-03-08T11:22:29-06:00"},{"startDateTime":"2019-03-08T17:03:00","startDateTimeLocal":"2019-03-08T11:03:00-06:00","stageTimeDurationMs":1555500,"stageTimeDuration":"00:25:55.5000000","splitPointTimeId":64967,"splitPointId":1957,"entryId":19195,"elapsedDurationMs":1388300,"elapsedDuration":"PT23M8.3S","splitDateTime":"2019-03-08T17:26:08.3","splitDateTimeLocal":"2019-03-08T11:26:08.3-06:00"},{"startDateTime":"2019-03-08T17:06:00","startDateTimeLocal":"2019-03-08T11:06:00-06:00","stageTimeDurationMs":1555500,"stageTimeDuration":"00:25:55.5000000","splitPointTimeId":64971,"splitPointId":1957,"entryId":19196,"elapsedDurationMs":1344900,"elapsedDuration":"PT22M24.9S","splitDateTime":"2019-03-08T17:28:24.9","splitDateTimeLocal":"2019-03-08T11:28:24.9-06:00"},{"startDateTime":"2019-03-08T17:09:00","startDateTimeLocal":"2019-03-08T11:09:00-06:00","stageTimeDurationMs":1555500,"stageTimeDuration":"00:25:55.5000000","splitPointTimeId":64987,"splitPointId":1957,"entryId":19199,"elapsedDurationMs":1549000,"elapsedDuration":"PT25M49S","splitDateTime":"2019-03-08T17:34:49","splitDateTimeLocal":"2019-03-08T11:34:49-06:00"},{"startDateTime":"2019-03-08T17:12:00","startDateTimeLocal":"2019-03-08T11:12:00-06:00","stageTimeDurationMs":1555500,"stageTimeDuration":"00:25:55.5000000","splitPointTimeId":64989,"splitPointId":1957,"entryId":19202,"elapsedDurationMs":1566500,"elapsedDuration":"PT26M6.5S","splitDateTime":"2019-03-08T17:39:06.5","splitDateTimeLocal":"2019-03-08T11:39:06.5-06:00"},{"startDateTime":"2019-03-08T17:18:00","startDateTimeLocal":"2019-03-08T11:18:00-06:00","stageTimeDurationMs":1555500,"stageTimeDuration":"00:25:55.5000000","splitPointTimeId":65000,"splitPointId":1957,"entryId":19201,"elapsedDurationMs":1600600,"elapsedDuration":"PT26M40.6S","splitDateTime":"2019-03-08T17:44:40.6","splitDateTimeLocal":"2019-03-08T11:44:40.6-06:00"},{"startDateTime":"2019-03-08T17:21:00","startDateTimeLocal":"2019-03-08T11:21:00-06:00","stageTimeDurationMs":1555500,"stageTimeDuration":"00:25:55.5000000","splitPointTimeId":65003,"splitPointId":1957,"entryId":19200,"elapsedDurationMs":1534400,"elapsedDuration":"PT25M34.4S","splitDateTime":"2019-03-08T17:46:34.4","splitDateTimeLocal":"2019-03-08T11:46:34.4-06:00"}]