[{"entryId":3532,"stageTimeMs":2608600,"stageTime":"PT43M28.6S","penaltyTimeMs":0,"penaltyTime":"PT0S","totalTimeMs":2608600,"totalTime":"PT43M28.6S","position":1,"diffFirstMs":0,"diffFirst":"PT0S","diffPrevMs":0,"diffPrev":"PT0S"},{"entryId":3527,"stageTimeMs":2610400,"stageTime":"PT43M30.4S","penaltyTimeMs":0,"penaltyTime":"PT0S","totalTimeMs":2610400,"totalTime":"PT43M30.4S","position":2,"diffFirstMs":1800,"diffFirst":"PT1.8S","diffPrevMs":1800,"diffPrev":"PT1.8S"},{"entryId":3531,"stageTimeMs":2612300,"stageTime":"PT43M32.3S","penaltyTimeMs":0,"penaltyTime":"PT0S","totalTimeMs":2612300,"totalTime":"PT43M32.3S","position":3,"diffFirstMs":3700,"diffFirst":"PT3.7S","diffPrevMs":1900,"diffPrev":"PT1.9S"},{"entryId":3538,"stageTimeMs":2630500,"stageTime":"PT43M50.5S","penaltyTimeMs":0,"penaltyTime":"PT0S","totalTimeMs":2630500,"totalTime":"PT43M50.5S","position":4,"diffFirstMs":21900,"diffFirst":"PT21.9S","diffPrevMs":18200,"diffPrev":"PT18.2S"},{"entryId":3529,"stageTimeMs":2640400,"stageTime":"PT44M0.4S","penaltyTimeMs":0,"penaltyTime":"PT0S","totalTimeMs":2640400,"totalTime":"PT44M0.4S","position":5,"diffFirstMs":31800,"diffFirst":"PT31.8S","diffPrevMs":9900,"diffPrev":"PT9.9S"},{"entryId":3533,"stageTimeMs":2641900,"stageTime":"PT44M1.9S","penaltyTimeMs":0,"penaltyTime":"PT0S","totalTimeMs":2641900,"totalTime":"PT44M1.9S","position":6,"diffFirstMs":33300,"diffFirst":"PT33.3S","diffPrevMs":1500,"diffPrev":"PT1.5S"},{"entryId":3526,"stageTimeMs":2642200,"stageTime":"PT44M2.2S","penaltyTimeMs":0,"penaltyTime":"PT0S","totalTimeMs":2642200,"totalTime":"PT44M2.2S","position":7,"diffFirstMs":33600,"diffFirst":"PT33.6S","diffPrevMs":300,"diffPrev":"PT0.3S"},{"entryId":3535,"stageTimeMs":2644400,"stageTime":"PT44M4.4S","penaltyTimeMs":0,"penaltyTime":"PT0S","totalTimeMs":2644400,"totalTime":"PT44M4.4S","position":8,"diffFirstMs":35800,"diffFirst":"PT35.8S","diffPrevMs":2200,"diffPrev":"PT2.2S"},{"entryId":3528,"stageTimeMs":2650000,"stageTime":"PT44M10S","penaltyTimeMs":0,"penaltyTime":"PT0S","totalTimeMs":2650000,"totalTime":"PT44M10S","position":9,"diffFirstMs":41400,"diffFirst":"PT41.4S","diffPrevMs":5600,"diffPrev":"PT5.6S"},{"entryId":3534,"stageTimeMs":2657400,"stageTime":"PT44M17.4S","penaltyTimeMs":0,"penaltyTime":"PT0S","totalTimeMs":2657400,"totalTime":"PT44M17.4S","position":10,"diffFirstMs":48800,"diffFirst":"PT48.8S","diffPrevMs":7400,"diffPrev":"PT7.4S"},{"entryId":3530,"stageTimeMs":2675100,"stageTime":"PT44M35.1S","penaltyTimeMs":0,"penaltyTime":"PT0S","totalTimeMs":2675100,"totalTime":"PT44M35.1S","position":11,"diffFirstMs":66500,"diffFirst":"PT1M6.5S","diffPrevMs":17700,"diffPrev":"PT17.7S"},{"entryId":3546,"stageTimeMs":2721900,"stageTime":"PT45M21.9S","penaltyTimeMs":0,"penaltyTime":"PT0S","totalTimeMs":2721900,"totalTime":"PT45M21.9S","position":12,"diffFirstMs":113300,"diffFirst":"PT1M53.3S","diffPrevMs":46800,"diffPrev":"PT46.8S"},{"entryId":3551,"stageTimeMs":2748100,"stageTime":"PT45M48.1S","penaltyTimeMs":0,"penaltyTime":"PT0S","totalTimeMs":2748100,"totalTime":"PT45M48.1S","position":13,"diffFirstMs":139500,"diffFirst":"PT2M19.5S","diffPrevMs":26200,"diffPrev":"PT26.2S"},{"entryId":3540,"stageTimeMs":2750500,"stageTime":"PT45M50.5S","penaltyTimeMs":0,"penaltyTime":"PT0S","totalTimeMs":2750500,"totalTime":"PT45M50.5S","position":14,"diffFirstMs":141900,"diffFirst":"PT2M21.9S","diffPrevMs":2400,"diffPrev":"PT2.4S"},{"entryId":3552,"stageTimeMs":2755800,"stageTime":"PT45M55.8S","penaltyTimeMs":0,"penaltyTime":"PT0S","totalTimeMs":2755800,"totalTime":"PT45M55.8S","position":15,"diffFirstMs":147200,"diffFirst":"PT2M27.2S","diffPrevMs":5300,"diffPrev":"PT5.3S"},{"entryId":3549,"stageTimeMs":2761500,"stageTime":"PT46M1.5S","penaltyTimeMs":0,"penaltyTime":"PT0S","totalTimeMs":2761500,"totalTime":"PT46M1.5S","position":16,"diffFirstMs":152900,"diffFirst":"PT2M32.9S","diffPrevMs":5700,"diffPrev":"PT5.7S"},{"entryId":3550,"stageTimeMs":2766200,"stageTime":"PT46M6.2S","penaltyTimeMs":0,"penaltyTime":"PT0S","totalTimeMs":2766200,"totalTime":"PT46M6.2S","position":17,"diffFirstMs":157600,"diffFirst":"PT2M37.6S","diffPrevMs":4700,"diffPrev":"PT4.7S"},{"entryId":3562,"stageTimeMs":2772200,"stageTime":"PT46M12.2S","penaltyTimeMs":0,"penaltyTime":"PT0S","totalTimeMs":2772200,"totalTime":"PT46M12.2S","position":18,"diffFirstMs":163600,"diffFirst":"PT2M43.6S","diffPrevMs":6000,"diffPrev":"PT6S"},{"entryId":3539,"stageTimeMs":2777500,"stageTime":"PT46M17.5S","penaltyTimeMs":0,"penaltyTime":"PT0S","totalTimeMs":2777500,"totalTime":"PT46M17.5S","position":19,"diffFirstMs":168900,"diffFirst":"PT2M48.9S","diffPrevMs":5300,"diffPrev":"PT5.3S"},{"entryId":3548,"stageTimeMs":2782100,"stageTime":"PT46M22.1S","penaltyTimeMs":0,"penaltyTime":"PT0S","totalTimeMs":2782100,"totalTime":"PT46M22.1S","position":20,"diffFirstMs":173500,"diffFirst":"PT2M53.5S","diffPrevMs":4600,"diffPrev":"PT4.6S"},{"entryId":3545,"stageTimeMs":2788600,"stageTime":"PT46M28.6S","penaltyTimeMs":0,"penaltyTime":"PT0S","totalTimeMs":2788600,"totalTime":"PT46M28.6S","position":21,"diffFirstMs":180000,"diffFirst":"PT3M","diffPrevMs":6500,"diffPrev":"PT6.5S"},{"entryId":3547,"stageTimeMs":2803000,"stageTime":"PT46M43S","penaltyTimeMs":0,"penaltyTime":"PT0S","totalTimeMs":2803000,"totalTime":"PT46M43S","position":22,"diffFirstMs":194400,"diffFirst":"PT3M14.4S","diffPrevMs":14400,"diffPrev":"PT14.4S"},{"entryId":3554,"stageTimeMs":2845000,"stageTime":"PT47M25S","penaltyTimeMs":0,"penaltyTime":"PT0S","totalTimeMs":2845000,"totalTime":"PT47M25S","position":23,"diffFirstMs":236400,"diffFirst":"PT3M56.4S","diffPrevMs":42000,"diffPrev":"PT42S"},{"entryId":3555,"stageTimeMs":2864500,"stageTime":"PT47M44.5S","penaltyTimeMs":0,"penaltyTime":"PT0S","totalTimeMs":2864500,"totalTime":"PT47M44.5S","position":24,"diffFirstMs":255900,"diffFirst":"PT4M15.9S","diffPrevMs":19500,"diffPrev":"PT19.5S"},{"entryId":3541,"stageTimeMs":2875800,"stageTime":"PT47M55.8S","penaltyTimeMs":0,"penaltyTime":"PT0S","totalTimeMs":2875800,"totalTime":"PT47M55.8S","position":25,"diffFirstMs":267200,"diffFirst":"PT4M27.2S","diffPrevMs":11300,"diffPrev":"PT11.3S"},{"entryId":3559,"stageTimeMs":2878500,"stageTime":"PT47M58.5S","penaltyTimeMs":0,"penaltyTime":"PT0S","totalTimeMs":2878500,"totalTime":"PT47M58.5S","position":26,"diffFirstMs":269900,"diffFirst":"PT4M29.9S","diffPrevMs":2700,"diffPrev":"PT2.7S"},{"entryId":3536,"stageTimeMs":2881400,"stageTime":"PT48M1.4S","penaltyTimeMs":0,"penaltyTime":"PT0S","totalTimeMs":2881400,"totalTime":"PT48M1.4S","position":27,"diffFirstMs":272800,"diffFirst":"PT4M32.8S","diffPrevMs":2900,"diffPrev":"PT2.9S"},{"entryId":3543,"stageTimeMs":2886800,"stageTime":"PT48M6.8S","penaltyTimeMs":0,"penaltyTime":"PT0S","totalTimeMs":2886800,"totalTime":"PT48M6.8S","position":28,"diffFirstMs":278200,"diffFirst":"PT4M38.2S","diffPrevMs":5400,"diffPrev":"PT5.4S"},{"entryId":3576,"stageTimeMs":2892600,"stageTime":"PT48M12.6S","penaltyTimeMs":0,"penaltyTime":"PT0S","totalTimeMs":2892600,"totalTime":"PT48M12.6S","position":29,"diffFirstMs":284000,"diffFirst":"PT4M44S","diffPrevMs":5800,"diffPrev":"PT5.8S"},{"entryId":3581,"stageTimeMs":2936600,"stageTime":"PT48M56.6S","penaltyTimeMs":0,"penaltyTime":"PT0S","totalTimeMs":2936600,"totalTime":"PT48M56.6S","position":30,"diffFirstMs":328000,"diffFirst":"PT5M28S","diffPrevMs":44000,"diffPrev":"PT44S"},{"entryId":3577,"stageTimeMs":2955500,"stageTime":"PT49M15.5S","penaltyTimeMs":0,"penaltyTime":"PT0S","totalTimeMs":2955500,"totalTime":"PT49M15.5S","position":31,"diffFirstMs":346900,"diffFirst":"PT5M46.9S","diffPrevMs":18900,"diffPrev":"PT18.9S"},{"entryId":3578,"stageTimeMs":2966000,"stageTime":"PT49M26S","penaltyTimeMs":0,"penaltyTime":"PT0S","totalTimeMs":2966000,"totalTime":"PT49M26S","position":32,"diffFirstMs":357400,"diffFirst":"PT5M57.4S","diffPrevMs":10500,"diffPrev":"PT10.5S"},{"entryId":3566,"stageTimeMs":2991800,"stageTime":"PT49M51.8S","penaltyTimeMs":0,"penaltyTime":"PT0S","totalTimeMs":2991800,"totalTime":"PT49M51.8S","position":33,"diffFirstMs":383200,"diffFirst":"PT6M23.2S","diffPrevMs":25800,"diffPrev":"PT25.8S"},{"entryId":3568,"stageTimeMs":2995700,"stageTime":"PT49M55.7S","penaltyTimeMs":0,"penaltyTime":"PT0S","totalTimeMs":2995700,"totalTime":"PT49M55.7S","position":34,"diffFirstMs":387100,"diffFirst":"PT6M27.1S","diffPrevMs":3900,"diffPrev":"PT3.9S"},{"entryId":3563,"stageTimeMs":2996000,"stageTime":"PT49M56S","penaltyTimeMs":0,"penaltyTime":"PT0S","totalTimeMs":2996000,"totalTime":"PT49M56S","position":35,"diffFirstMs":387400,"diffFirst":"PT6M27.4S","diffPrevMs":300,"diffPrev":"PT0.3S"},{"entryId":3560,"stageTimeMs":3025600,"stageTime":"PT50M25.6S","penaltyTimeMs":0,"penaltyTime":"PT0S","totalTimeMs":3025600,"totalTime":"PT50M25.6S","position":36,"diffFirstMs":417000,"diffFirst":"PT6M57S","diffPrevMs":29600,"diffPrev":"PT29.6S"},{"entryId":3565,"stageTimeMs":3035400,"stageTime":"PT50M35.4S","penaltyTimeMs":0,"penaltyTime":"PT0S","totalTimeMs":3035400,"totalTime":"PT50M35.4S","position":37,"diffFirstMs":426800,"diffFirst":"PT7M6.8S","diffPrevMs":9800,"diffPrev":"PT9.8S"},{"entryId":3567,"stageTimeMs":3045800,"stageTime":"PT50M45.8S","penaltyTimeMs":0,"penaltyTime":"PT0S","totalTimeMs":3045800,"totalTime":"PT50M45.8S","position":38,"diffFirstMs":437200,"diffFirst":"PT7M17.2S","diffPrevMs":10400,"diffPrev":"PT10.4S"},{"entryId":3586,"stageTimeMs":3058300,"stageTime":"PT50M58.3S","penaltyTimeMs":0,"penaltyTime":"PT0S","totalTimeMs":3058300,"totalTime":"PT50M58.3S","position":39,"diffFirstMs":449700,"diffFirst":"PT7M29.7S","diffPrevMs":12500,"diffPrev":"PT12.5S"},{"entryId":3542,"stageTimeMs":3089600,"stageTime":"PT51M29.6S","penaltyTimeMs":0,"penaltyTime":"PT0S","totalTimeMs":3089600,"totalTime":"PT51M29.6S","position":40,"diffFirstMs":481000,"diffFirst":"PT8M1S","diffPrevMs":31300,"diffPrev":"PT31.3S"},{"entryId":3558,"stageTimeMs":3101400,"stageTime":"PT51M41.4S","penaltyTimeMs":0,"penaltyTime":"PT0S","totalTimeMs":3101400,"totalTime":"PT51M41.4S","position":41,"diffFirstMs":492800,"diffFirst":"PT8M12.8S","diffPrevMs":11800,"diffPrev":"PT11.8S"},{"entryId":3570,"stageTimeMs":3103300,"stageTime":"PT51M43.3S","penaltyTimeMs":0,"penaltyTime":"PT0S","totalTimeMs":3103300,"totalTime":"PT51M43.3S","position":42,"diffFirstMs":494700,"diffFirst":"PT8M14.7S","diffPrevMs":1900,"diffPrev":"PT1.9S"},{"entryId":3585,"stageTimeMs":3113300,"stageTime":"PT51M53.3S","penaltyTimeMs":0,"penaltyTime":"PT0S","totalTimeMs":3113300,"totalTime":"PT51M53.3S","position":43,"diffFirstMs":504700,"diffFirst":"PT8M24.7S","diffPrevMs":10000,"diffPrev":"PT10S"},{"entryId":3556,"stageTimeMs":3124300,"stageTime":"PT52M4.3S","penaltyTimeMs":0,"penaltyTime":"PT0S","totalTimeMs":3124300,"totalTime":"PT52M4.3S","position":44,"diffFirstMs":515700,"diffFirst":"PT8M35.7S","diffPrevMs":11000,"diffPrev":"PT11S"},{"entryId":3582,"stageTimeMs":3138200,"stageTime":"PT52M18.2S","penaltyTimeMs":0,"penaltyTime":"PT0S","totalTimeMs":3138200,"totalTime":"PT52M18.2S","position":45,"diffFirstMs":529600,"diffFirst":"PT8M49.6S","diffPrevMs":13900,"diffPrev":"PT13.9S"},{"entryId":3569,"stageTimeMs":3180200,"stageTime":"PT53M0.2S","penaltyTimeMs":0,"penaltyTime":"PT0S","totalTimeMs":3180200,"totalTime":"PT53M0.2S","position":46,"diffFirstMs":571600,"diffFirst":"PT9M31.6S","diffPrevMs":42000,"diffPrev":"PT42S"},{"entryId":3574,"stageTimeMs":3181700,"stageTime":"PT53M1.7S","penaltyTimeMs":0,"penaltyTime":"PT0S","totalTimeMs":3181700,"totalTime":"PT53M1.7S","position":47,"diffFirstMs":573100,"diffFirst":"PT9M33.1S","diffPrevMs":1500,"diffPrev":"PT1.5S"},{"entryId":3561,"stageTimeMs":3193200,"stageTime":"PT53M13.2S","penaltyTimeMs":0,"penaltyTime":"PT0S","totalTimeMs":3193200,"totalTime":"PT53M13.2S","position":48,"diffFirstMs":584600,"diffFirst":"PT9M44.6S","diffPrevMs":11500,"diffPrev":"PT11.5S"},{"entryId":3575,"stageTimeMs":3202500,"stageTime":"PT53M22.5S","penaltyTimeMs":0,"penaltyTime":"PT0S","totalTimeMs":3202500,"totalTime":"PT53M22.5S","position":49,"diffFirstMs":593900,"diffFirst":"PT9M53.9S","diffPrevMs":9300,"diffPrev":"PT9.3S"},{"entryId":3573,"stageTimeMs":3285700,"stageTime":"PT54M45.7S","penaltyTimeMs":0,"penaltyTime":"PT0S","totalTimeMs":3285700,"totalTime":"PT54M45.7S","position":50,"diffFirstMs":677100,"diffFirst":"PT11M17.1S","diffPrevMs":83200,"diffPrev":"PT1M23.2S"},{"entryId":3557,"stageTimeMs":3347900,"stageTime":"PT55M47.9S","penaltyTimeMs":0,"penaltyTime":"PT0S","totalTimeMs":3347900,"totalTime":"PT55M47.9S","position":51,"diffFirstMs":739300,"diffFirst":"PT12M19.3S","diffPrevMs":62200,"diffPrev":"PT1M2.2S"},{"entryId":3587,"stageTimeMs":3469100,"stageTime":"PT57M49.1S","penaltyTimeMs":0,"penaltyTime":"PT0S","totalTimeMs":3469100,"totalTime":"PT57M49.1S","position":52,"diffFirstMs":860500,"diffFirst":"PT14M20.5S","diffPrevMs":121200,"diffPrev":"PT2M1.2S"},{"entryId":3580,"stageTimeMs":3508000,"stageTime":"PT58M28S","penaltyTimeMs":0,"penaltyTime":"PT0S","totalTimeMs":3508000,"totalTime":"PT58M28S","position":53,"diffFirstMs":899400,"diffFirst":"PT14M59.4S","diffPrevMs":38900,"diffPrev":"PT38.9S"},{"entryId":3537,"stageTimeMs":3575700,"stageTime":"PT59M35.7S","penaltyTimeMs":0,"penaltyTime":"PT0S","totalTimeMs":3575700,"totalTime":"PT59M35.7S","position":54,"diffFirstMs":967100,"diffFirst":"PT16M7.1S","diffPrevMs":67700,"diffPrev":"PT1M7.7S"},{"entryId":3584,"stageTimeMs":3777800,"stageTime":"PT1H2M57.8S","penaltyTimeMs":0,"penaltyTime":"PT0S","totalTimeMs":3777800,"totalTime":"PT1H2M57.8S","position":55,"diffFirstMs":1169200,"diffFirst":"PT19M29.2S","diffPrevMs":202100,"diffPrev":"PT3M22.1S"},{"entryId":3553,"stageTimeMs":3883100,"stageTime":"PT1H4M43.1S","penaltyTimeMs":0,"penaltyTime":"PT0S","totalTimeMs":3883100,"totalTime":"PT1H4M43.1S","position":56,"diffFirstMs":1274500,"diffFirst":"PT21M14.5S","diffPrevMs":105300,"diffPrev":"PT1M45.3S"},{"entryId":3571,"stageTimeMs":3950600,"stageTime":"PT1H5M50.6S","penaltyTimeMs":0,"penaltyTime":"PT0S","totalTimeMs":3950600,"totalTime":"PT1H5M50.6S","position":57,"diffFirstMs":1342000,"diffFirst":"PT22M22S","diffPrevMs":67500,"diffPrev":"PT1M7.5S"},{"entryId":3564,"stageTimeMs":4113900,"stageTime":"PT1H8M33.9S","penaltyTimeMs":0,"penaltyTime":"PT0S","totalTimeMs":4113900,"totalTime":"PT1H8M33.9S","position":58,"diffFirstMs":1505300,"diffFirst":"PT25M5.3S","diffPrevMs":163300,"diffPrev":"PT2M43.3S"},{"entryId":3544,"stageTimeMs":4417300,"stageTime":"PT1H13M37.3S","penaltyTimeMs":0,"penaltyTime":"PT0S","totalTimeMs":4417300,"totalTime":"PT1H13M37.3S","position":59,"diffFirstMs":1808700,"diffFirst":"PT30M8.7S","diffPrevMs":303400,"diffPrev":"PT5M3.4S"},{"entryId":3583,"stageTimeMs":4516200,"stageTime":"PT1H15M16.2S","penaltyTimeMs":0,"penaltyTime":"PT0S","totalTimeMs":4516200,"totalTime":"PT1H15M16.2S","position":60,"diffFirstMs":1907600,"diffFirst":"PT31M47.6S","diffPrevMs":98900,"diffPrev":"PT1M38.9S"},{"entryId":3572,"stageTimeMs":5075200,"stageTime":"PT1H24M35.2S","penaltyTimeMs":100000,"penaltyTime":"PT1M40S","totalTimeMs":5175200,"totalTime":"PT1H26M15.2S","position":61,"diffFirstMs":2566600,"diffFirst":"PT42M46.6S","diffPrevMs":659000,"diffPrev":"PT10M59S"}]