[{"entryId":3442,"stageTimeMs":10213200,"stageTime":"PT2H50M13.2S","penaltyTimeMs":0,"penaltyTime":"PT0S","totalTimeMs":10213200,"totalTime":"PT2H50M13.2S","position":1,"diffFirstMs":0,"diffFirst":"PT0S","diffPrevMs":0,"diffPrev":"PT0S"},{"entryId":3443,"stageTimeMs":10216500,"stageTime":"PT2H50M16.5S","penaltyTimeMs":0,"penaltyTime":"PT0S","totalTimeMs":10216500,"totalTime":"PT2H50M16.5S","position":2,"diffFirstMs":3300,"diffFirst":"PT3.3S","diffPrevMs":3300,"diffPrev":"PT3.3S"},{"entryId":3450,"stageTimeMs":10340600,"stageTime":"PT2H52M20.6S","penaltyTimeMs":0,"penaltyTime":"PT0S","totalTimeMs":10340600,"totalTime":"PT2H52M20.6S","position":3,"diffFirstMs":127400,"diffFirst":"PT2M7.4S","diffPrevMs":124100,"diffPrev":"PT2M4.1S"},{"entryId":3445,"stageTimeMs":10342900,"stageTime":"PT2H52M22.9S","penaltyTimeMs":0,"penaltyTime":"PT0S","totalTimeMs":10342900,"totalTime":"PT2H52M22.9S","position":4,"diffFirstMs":129700,"diffFirst":"PT2M9.7S","diffPrevMs":2300,"diffPrev":"PT2.3S"},{"entryId":3444,"stageTimeMs":10346300,"stageTime":"PT2H52M26.3S","penaltyTimeMs":0,"penaltyTime":"PT0S","totalTimeMs":10346300,"totalTime":"PT2H52M26.3S","position":5,"diffFirstMs":133100,"diffFirst":"PT2M13.1S","diffPrevMs":3400,"diffPrev":"PT3.4S"},{"entryId":3451,"stageTimeMs":10548600,"stageTime":"PT2H55M48.6S","penaltyTimeMs":0,"penaltyTime":"PT0S","totalTimeMs":10548600,"totalTime":"PT2H55M48.6S","position":6,"diffFirstMs":335400,"diffFirst":"PT5M35.4S","diffPrevMs":202300,"diffPrev":"PT3M22.3S"},{"entryId":3453,"stageTimeMs":10873200,"stageTime":"PT3H1M13.2S","penaltyTimeMs":0,"penaltyTime":"PT0S","totalTimeMs":10873200,"totalTime":"PT3H1M13.2S","position":7,"diffFirstMs":660000,"diffFirst":"PT11M","diffPrevMs":324600,"diffPrev":"PT5M24.6S"},{"entryId":3454,"stageTimeMs":10952900,"stageTime":"PT3H2M32.9S","penaltyTimeMs":0,"penaltyTime":"PT0S","totalTimeMs":10952900,"totalTime":"PT3H2M32.9S","position":8,"diffFirstMs":739700,"diffFirst":"PT12M19.7S","diffPrevMs":79700,"diffPrev":"PT1M19.7S"},{"entryId":3468,"stageTimeMs":10980700,"stageTime":"PT3H3M0.7S","penaltyTimeMs":0,"penaltyTime":"PT0S","totalTimeMs":10980700,"totalTime":"PT3H3M0.7S","position":9,"diffFirstMs":767500,"diffFirst":"PT12M47.5S","diffPrevMs":27800,"diffPrev":"PT27.8S"},{"entryId":3458,"stageTimeMs":11031000,"stageTime":"PT3H3M51S","penaltyTimeMs":0,"penaltyTime":"PT0S","totalTimeMs":11031000,"totalTime":"PT3H3M51S","position":10,"diffFirstMs":817800,"diffFirst":"PT13M37.8S","diffPrevMs":50300,"diffPrev":"PT50.3S"},{"entryId":3459,"stageTimeMs":11046800,"stageTime":"PT3H4M6.8S","penaltyTimeMs":0,"penaltyTime":"PT0S","totalTimeMs":11046800,"totalTime":"PT3H4M6.8S","position":11,"diffFirstMs":833600,"diffFirst":"PT13M53.6S","diffPrevMs":15800,"diffPrev":"PT15.8S"},{"entryId":3456,"stageTimeMs":11216600,"stageTime":"PT3H6M56.6S","penaltyTimeMs":0,"penaltyTime":"PT0S","totalTimeMs":11216600,"totalTime":"PT3H6M56.6S","position":12,"diffFirstMs":1003400,"diffFirst":"PT16M43.4S","diffPrevMs":169800,"diffPrev":"PT2M49.8S"},{"entryId":3449,"stageTimeMs":11266500,"stageTime":"PT3H7M46.5S","penaltyTimeMs":0,"penaltyTime":"PT0S","totalTimeMs":11266500,"totalTime":"PT3H7M46.5S","position":13,"diffFirstMs":1053300,"diffFirst":"PT17M33.3S","diffPrevMs":49900,"diffPrev":"PT49.9S"},{"entryId":3466,"stageTimeMs":11280300,"stageTime":"PT3H8M0.3S","penaltyTimeMs":0,"penaltyTime":"PT0S","totalTimeMs":11280300,"totalTime":"PT3H8M0.3S","position":14,"diffFirstMs":1067100,"diffFirst":"PT17M47.1S","diffPrevMs":13800,"diffPrev":"PT13.8S"},{"entryId":3462,"stageTimeMs":11343200,"stageTime":"PT3H9M3.2S","penaltyTimeMs":0,"penaltyTime":"PT0S","totalTimeMs":11343200,"totalTime":"PT3H9M3.2S","position":15,"diffFirstMs":1130000,"diffFirst":"PT18M50S","diffPrevMs":62900,"diffPrev":"PT1M2.9S"},{"entryId":3467,"stageTimeMs":11391100,"stageTime":"PT3H9M51.1S","penaltyTimeMs":0,"penaltyTime":"PT0S","totalTimeMs":11391100,"totalTime":"PT3H9M51.1S","position":16,"diffFirstMs":1177900,"diffFirst":"PT19M37.9S","diffPrevMs":47900,"diffPrev":"PT47.9S"},{"entryId":3457,"stageTimeMs":11490100,"stageTime":"PT3H11M30.1S","penaltyTimeMs":0,"penaltyTime":"PT0S","totalTimeMs":11490100,"totalTime":"PT3H11M30.1S","position":17,"diffFirstMs":1276900,"diffFirst":"PT21M16.9S","diffPrevMs":99000,"diffPrev":"PT1M39S"},{"entryId":3479,"stageTimeMs":11538200,"stageTime":"PT3H12M18.2S","penaltyTimeMs":0,"penaltyTime":"PT0S","totalTimeMs":11538200,"totalTime":"PT3H12M18.2S","position":18,"diffFirstMs":1325000,"diffFirst":"PT22M5S","diffPrevMs":48100,"diffPrev":"PT48.1S"},{"entryId":3480,"stageTimeMs":11673700,"stageTime":"PT3H14M33.7S","penaltyTimeMs":0,"penaltyTime":"PT0S","totalTimeMs":11673700,"totalTime":"PT3H14M33.7S","position":19,"diffFirstMs":1460500,"diffFirst":"PT24M20.5S","diffPrevMs":135500,"diffPrev":"PT2M15.5S"},{"entryId":3455,"stageTimeMs":11664000,"stageTime":"PT3H14M24S","penaltyTimeMs":60000,"penaltyTime":"PT1M","totalTimeMs":11724000,"totalTime":"PT3H15M24S","position":20,"diffFirstMs":1510800,"diffFirst":"PT25M10.8S","diffPrevMs":50300,"diffPrev":"PT50.3S"},{"entryId":3481,"stageTimeMs":11812900,"stageTime":"PT3H16M52.9S","penaltyTimeMs":0,"penaltyTime":"PT0S","totalTimeMs":11812900,"totalTime":"PT3H16M52.9S","position":21,"diffFirstMs":1599700,"diffFirst":"PT26M39.7S","diffPrevMs":88900,"diffPrev":"PT1M28.9S"},{"entryId":3452,"stageTimeMs":11925100,"stageTime":"PT3H18M45.1S","penaltyTimeMs":0,"penaltyTime":"PT0S","totalTimeMs":11925100,"totalTime":"PT3H18M45.1S","position":22,"diffFirstMs":1711900,"diffFirst":"PT28M31.9S","diffPrevMs":112200,"diffPrev":"PT1M52.2S"},{"entryId":3478,"stageTimeMs":11945600,"stageTime":"PT3H19M5.6S","penaltyTimeMs":0,"penaltyTime":"PT0S","totalTimeMs":11945600,"totalTime":"PT3H19M5.6S","position":23,"diffFirstMs":1732400,"diffFirst":"PT28M52.4S","diffPrevMs":20500,"diffPrev":"PT20.5S"},{"entryId":3506,"stageTimeMs":12001900,"stageTime":"PT3H20M1.9S","penaltyTimeMs":0,"penaltyTime":"PT0S","totalTimeMs":12001900,"totalTime":"PT3H20M1.9S","position":24,"diffFirstMs":1788700,"diffFirst":"PT29M48.7S","diffPrevMs":56300,"diffPrev":"PT56.3S"},{"entryId":3486,"stageTimeMs":12031700,"stageTime":"PT3H20M31.7S","penaltyTimeMs":0,"penaltyTime":"PT0S","totalTimeMs":12031700,"totalTime":"PT3H20M31.7S","position":25,"diffFirstMs":1818500,"diffFirst":"PT30M18.5S","diffPrevMs":29800,"diffPrev":"PT29.8S"},{"entryId":3477,"stageTimeMs":11958500,"stageTime":"PT3H19M18.5S","penaltyTimeMs":80000,"penaltyTime":"PT1M20S","totalTimeMs":12038500,"totalTime":"PT3H20M38.5S","position":26,"diffFirstMs":1825300,"diffFirst":"PT30M25.3S","diffPrevMs":6800,"diffPrev":"PT6.8S"},{"entryId":3472,"stageTimeMs":12043800,"stageTime":"PT3H20M43.8S","penaltyTimeMs":0,"penaltyTime":"PT0S","totalTimeMs":12043800,"totalTime":"PT3H20M43.8S","position":27,"diffFirstMs":1830600,"diffFirst":"PT30M30.6S","diffPrevMs":5300,"diffPrev":"PT5.3S"},{"entryId":3469,"stageTimeMs":12042900,"stageTime":"PT3H20M42.9S","penaltyTimeMs":30000,"penaltyTime":"PT30S","totalTimeMs":12072900,"totalTime":"PT3H21M12.9S","position":28,"diffFirstMs":1859700,"diffFirst":"PT30M59.7S","diffPrevMs":29100,"diffPrev":"PT29.1S"},{"entryId":3497,"stageTimeMs":12118600,"stageTime":"PT3H21M58.6S","penaltyTimeMs":0,"penaltyTime":"PT0S","totalTimeMs":12118600,"totalTime":"PT3H21M58.6S","position":29,"diffFirstMs":1905400,"diffFirst":"PT31M45.4S","diffPrevMs":45700,"diffPrev":"PT45.7S"},{"entryId":3484,"stageTimeMs":12148800,"stageTime":"PT3H22M28.8S","penaltyTimeMs":0,"penaltyTime":"PT0S","totalTimeMs":12148800,"totalTime":"PT3H22M28.8S","position":30,"diffFirstMs":1935600,"diffFirst":"PT32M15.6S","diffPrevMs":30200,"diffPrev":"PT30.2S"},{"entryId":3520,"stageTimeMs":12182000,"stageTime":"PT3H23M2S","penaltyTimeMs":0,"penaltyTime":"PT0S","totalTimeMs":12182000,"totalTime":"PT3H23M2S","position":31,"diffFirstMs":1968800,"diffFirst":"PT32M48.8S","diffPrevMs":33200,"diffPrev":"PT33.2S"},{"entryId":3503,"stageTimeMs":12262100,"stageTime":"PT3H24M22.1S","penaltyTimeMs":0,"penaltyTime":"PT0S","totalTimeMs":12262100,"totalTime":"PT3H24M22.1S","position":32,"diffFirstMs":2048900,"diffFirst":"PT34M8.9S","diffPrevMs":80100,"diffPrev":"PT1M20.1S"},{"entryId":3465,"stageTimeMs":12314700,"stageTime":"PT3H25M14.7S","penaltyTimeMs":60000,"penaltyTime":"PT1M","totalTimeMs":12374700,"totalTime":"PT3H26M14.7S","position":33,"diffFirstMs":2161500,"diffFirst":"PT36M1.5S","diffPrevMs":112600,"diffPrev":"PT1M52.6S"},{"entryId":3500,"stageTimeMs":12413700,"stageTime":"PT3H26M53.7S","penaltyTimeMs":0,"penaltyTime":"PT0S","totalTimeMs":12413700,"totalTime":"PT3H26M53.7S","position":34,"diffFirstMs":2200500,"diffFirst":"PT36M40.5S","diffPrevMs":39000,"diffPrev":"PT39S"},{"entryId":3513,"stageTimeMs":12421300,"stageTime":"PT3H27M1.3S","penaltyTimeMs":0,"penaltyTime":"PT0S","totalTimeMs":12421300,"totalTime":"PT3H27M1.3S","position":35,"diffFirstMs":2208100,"diffFirst":"PT36M48.1S","diffPrevMs":7600,"diffPrev":"PT7.6S"},{"entryId":3498,"stageTimeMs":12465200,"stageTime":"PT3H27M45.2S","penaltyTimeMs":0,"penaltyTime":"PT0S","totalTimeMs":12465200,"totalTime":"PT3H27M45.2S","position":36,"diffFirstMs":2252000,"diffFirst":"PT37M32S","diffPrevMs":43900,"diffPrev":"PT43.9S"},{"entryId":3508,"stageTimeMs":12618900,"stageTime":"PT3H30M18.9S","penaltyTimeMs":0,"penaltyTime":"PT0S","totalTimeMs":12618900,"totalTime":"PT3H30M18.9S","position":37,"diffFirstMs":2405700,"diffFirst":"PT40M5.7S","diffPrevMs":153700,"diffPrev":"PT2M33.7S"},{"entryId":3496,"stageTimeMs":12685700,"stageTime":"PT3H31M25.7S","penaltyTimeMs":0,"penaltyTime":"PT0S","totalTimeMs":12685700,"totalTime":"PT3H31M25.7S","position":38,"diffFirstMs":2472500,"diffFirst":"PT41M12.5S","diffPrevMs":66800,"diffPrev":"PT1M6.8S"},{"entryId":3470,"stageTimeMs":12404400,"stageTime":"PT3H26M44.4S","penaltyTimeMs":300000,"penaltyTime":"PT5M","totalTimeMs":12704400,"totalTime":"PT3H31M44.4S","position":39,"diffFirstMs":2491200,"diffFirst":"PT41M31.2S","diffPrevMs":18700,"diffPrev":"PT18.7S"},{"entryId":3514,"stageTimeMs":12708900,"stageTime":"PT3H31M48.9S","penaltyTimeMs":0,"penaltyTime":"PT0S","totalTimeMs":12708900,"totalTime":"PT3H31M48.9S","position":40,"diffFirstMs":2495700,"diffFirst":"PT41M35.7S","diffPrevMs":4500,"diffPrev":"PT4.5S"},{"entryId":3475,"stageTimeMs":12753000,"stageTime":"PT3H32M33S","penaltyTimeMs":30000,"penaltyTime":"PT30S","totalTimeMs":12783000,"totalTime":"PT3H33M3S","position":41,"diffFirstMs":2569800,"diffFirst":"PT42M49.8S","diffPrevMs":74100,"diffPrev":"PT1M14.1S"},{"entryId":3492,"stageTimeMs":12783600,"stageTime":"PT3H33M3.6S","penaltyTimeMs":0,"penaltyTime":"PT0S","totalTimeMs":12783600,"totalTime":"PT3H33M3.6S","position":42,"diffFirstMs":2570400,"diffFirst":"PT42M50.4S","diffPrevMs":600,"diffPrev":"PT0.6S"},{"entryId":3488,"stageTimeMs":12822400,"stageTime":"PT3H33M42.4S","penaltyTimeMs":0,"penaltyTime":"PT0S","totalTimeMs":12822400,"totalTime":"PT3H33M42.4S","position":43,"diffFirstMs":2609200,"diffFirst":"PT43M29.2S","diffPrevMs":38800,"diffPrev":"PT38.8S"},{"entryId":3463,"stageTimeMs":12848000,"stageTime":"PT3H34M8S","penaltyTimeMs":0,"penaltyTime":"PT0S","totalTimeMs":12848000,"totalTime":"PT3H34M8S","position":44,"diffFirstMs":2634800,"diffFirst":"PT43M54.8S","diffPrevMs":25600,"diffPrev":"PT25.6S"},{"entryId":3485,"stageTimeMs":13018100,"stageTime":"PT3H36M58.1S","penaltyTimeMs":0,"penaltyTime":"PT0S","totalTimeMs":13018100,"totalTime":"PT3H36M58.1S","position":45,"diffFirstMs":2804900,"diffFirst":"PT46M44.9S","diffPrevMs":170100,"diffPrev":"PT2M50.1S"},{"entryId":3505,"stageTimeMs":13157600,"stageTime":"PT3H39M17.6S","penaltyTimeMs":0,"penaltyTime":"PT0S","totalTimeMs":13157600,"totalTime":"PT3H39M17.6S","position":46,"diffFirstMs":2944400,"diffFirst":"PT49M4.4S","diffPrevMs":139500,"diffPrev":"PT2M19.5S"},{"entryId":3473,"stageTimeMs":13168500,"stageTime":"PT3H39M28.5S","penaltyTimeMs":20000,"penaltyTime":"PT20S","totalTimeMs":13188500,"totalTime":"PT3H39M48.5S","position":47,"diffFirstMs":2975300,"diffFirst":"PT49M35.3S","diffPrevMs":30900,"diffPrev":"PT30.9S"},{"entryId":3521,"stageTimeMs":13256900,"stageTime":"PT3H40M56.9S","penaltyTimeMs":0,"penaltyTime":"PT0S","totalTimeMs":13256900,"totalTime":"PT3H40M56.9S","position":48,"diffFirstMs":3043700,"diffFirst":"PT50M43.7S","diffPrevMs":68400,"diffPrev":"PT1M8.4S"},{"entryId":3476,"stageTimeMs":13264100,"stageTime":"PT3H41M4.1S","penaltyTimeMs":0,"penaltyTime":"PT0S","totalTimeMs":13264100,"totalTime":"PT3H41M4.1S","position":49,"diffFirstMs":3050900,"diffFirst":"PT50M50.9S","diffPrevMs":7200,"diffPrev":"PT7.2S"},{"entryId":3487,"stageTimeMs":13308400,"stageTime":"PT3H41M48.4S","penaltyTimeMs":0,"penaltyTime":"PT0S","totalTimeMs":13308400,"totalTime":"PT3H41M48.4S","position":50,"diffFirstMs":3095200,"diffFirst":"PT51M35.2S","diffPrevMs":44300,"diffPrev":"PT44.3S"},{"entryId":3491,"stageTimeMs":13385900,"stageTime":"PT3H43M5.9S","penaltyTimeMs":0,"penaltyTime":"PT0S","totalTimeMs":13385900,"totalTime":"PT3H43M5.9S","position":51,"diffFirstMs":3172700,"diffFirst":"PT52M52.7S","diffPrevMs":77500,"diffPrev":"PT1M17.5S"},{"entryId":3516,"stageTimeMs":13423500,"stageTime":"PT3H43M43.5S","penaltyTimeMs":10000,"penaltyTime":"PT10S","totalTimeMs":13433500,"totalTime":"PT3H43M53.5S","position":52,"diffFirstMs":3220300,"diffFirst":"PT53M40.3S","diffPrevMs":47600,"diffPrev":"PT47.6S"},{"entryId":3499,"stageTimeMs":13485500,"stageTime":"PT3H44M45.5S","penaltyTimeMs":0,"penaltyTime":"PT0S","totalTimeMs":13485500,"totalTime":"PT3H44M45.5S","position":53,"diffFirstMs":3272300,"diffFirst":"PT54M32.3S","diffPrevMs":52000,"diffPrev":"PT52S"},{"entryId":3525,"stageTimeMs":13523200,"stageTime":"PT3H45M23.2S","penaltyTimeMs":0,"penaltyTime":"PT0S","totalTimeMs":13523200,"totalTime":"PT3H45M23.2S","position":54,"diffFirstMs":3310000,"diffFirst":"PT55M10S","diffPrevMs":37700,"diffPrev":"PT37.7S"},{"entryId":3501,"stageTimeMs":13626500,"stageTime":"PT3H47M6.5S","penaltyTimeMs":0,"penaltyTime":"PT0S","totalTimeMs":13626500,"totalTime":"PT3H47M6.5S","position":55,"diffFirstMs":3413300,"diffFirst":"PT56M53.3S","diffPrevMs":103300,"diffPrev":"PT1M43.3S"},{"entryId":3515,"stageTimeMs":13673500,"stageTime":"PT3H47M53.5S","penaltyTimeMs":0,"penaltyTime":"PT0S","totalTimeMs":13673500,"totalTime":"PT3H47M53.5S","position":56,"diffFirstMs":3460300,"diffFirst":"PT57M40.3S","diffPrevMs":47000,"diffPrev":"PT47S"},{"entryId":3509,"stageTimeMs":13674300,"stageTime":"PT3H47M54.3S","penaltyTimeMs":0,"penaltyTime":"PT0S","totalTimeMs":13674300,"totalTime":"PT3H47M54.3S","position":57,"diffFirstMs":3461100,"diffFirst":"PT57M41.1S","diffPrevMs":800,"diffPrev":"PT0.8S"},{"entryId":3524,"stageTimeMs":13693300,"stageTime":"PT3H48M13.3S","penaltyTimeMs":0,"penaltyTime":"PT0S","totalTimeMs":13693300,"totalTime":"PT3H48M13.3S","position":58,"diffFirstMs":3480100,"diffFirst":"PT58M0.1S","diffPrevMs":19000,"diffPrev":"PT19S"},{"entryId":3512,"stageTimeMs":13582800,"stageTime":"PT3H46M22.8S","penaltyTimeMs":120000,"penaltyTime":"PT2M","totalTimeMs":13702800,"totalTime":"PT3H48M22.8S","position":59,"diffFirstMs":3489600,"diffFirst":"PT58M9.6S","diffPrevMs":9500,"diffPrev":"PT9.5S"},{"entryId":3502,"stageTimeMs":13740100,"stageTime":"PT3H49M0.1S","penaltyTimeMs":0,"penaltyTime":"PT0S","totalTimeMs":13740100,"totalTime":"PT3H49M0.1S","position":60,"diffFirstMs":3526900,"diffFirst":"PT58M46.9S","diffPrevMs":37300,"diffPrev":"PT37.3S"},{"entryId":3504,"stageTimeMs":13970400,"stageTime":"PT3H52M50.4S","penaltyTimeMs":0,"penaltyTime":"PT0S","totalTimeMs":13970400,"totalTime":"PT3H52M50.4S","position":61,"diffFirstMs":3757200,"diffFirst":"PT1H2M37.2S","diffPrevMs":230300,"diffPrev":"PT3M50.3S"},{"entryId":3518,"stageTimeMs":13998600,"stageTime":"PT3H53M18.6S","penaltyTimeMs":0,"penaltyTime":"PT0S","totalTimeMs":13998600,"totalTime":"PT3H53M18.6S","position":62,"diffFirstMs":3785400,"diffFirst":"PT1H3M5.4S","diffPrevMs":28200,"diffPrev":"PT28.2S"},{"entryId":3495,"stageTimeMs":14211300,"stageTime":"PT3H56M51.3S","penaltyTimeMs":30000,"penaltyTime":"PT30S","totalTimeMs":14241300,"totalTime":"PT3H57M21.3S","position":63,"diffFirstMs":4028100,"diffFirst":"PT1H7M8.1S","diffPrevMs":242700,"diffPrev":"PT4M2.7S"},{"entryId":3511,"stageTimeMs":14421300,"stageTime":"PT4H21.3S","penaltyTimeMs":0,"penaltyTime":"PT0S","totalTimeMs":14421300,"totalTime":"PT4H21.3S","position":64,"diffFirstMs":4208100,"diffFirst":"PT1H10M8.1S","diffPrevMs":180000,"diffPrev":"PT3M"},{"entryId":3490,"stageTimeMs":14423000,"stageTime":"PT4H23S","penaltyTimeMs":0,"penaltyTime":"PT0S","totalTimeMs":14423000,"totalTime":"PT4H23S","position":65,"diffFirstMs":4209800,"diffFirst":"PT1H10M9.8S","diffPrevMs":1700,"diffPrev":"PT1.7S"},{"entryId":3489,"stageTimeMs":14637500,"stageTime":"PT4H3M57.5S","penaltyTimeMs":0,"penaltyTime":"PT0S","totalTimeMs":14637500,"totalTime":"PT4H3M57.5S","position":66,"diffFirstMs":4424300,"diffFirst":"PT1H13M44.3S","diffPrevMs":214500,"diffPrev":"PT3M34.5S"},{"entryId":3523,"stageTimeMs":14644400,"stageTime":"PT4H4M4.4S","penaltyTimeMs":0,"penaltyTime":"PT0S","totalTimeMs":14644400,"totalTime":"PT4H4M4.4S","position":67,"diffFirstMs":4431200,"diffFirst":"PT1H13M51.2S","diffPrevMs":6900,"diffPrev":"PT6.9S"},{"entryId":3510,"stageTimeMs":14824700,"stageTime":"PT4H7M4.7S","penaltyTimeMs":0,"penaltyTime":"PT0S","totalTimeMs":14824700,"totalTime":"PT4H7M4.7S","position":68,"diffFirstMs":4611500,"diffFirst":"PT1H16M51.5S","diffPrevMs":180300,"diffPrev":"PT3M0.3S"},{"entryId":3507,"stageTimeMs":15356200,"stageTime":"PT4H15M56.2S","penaltyTimeMs":80000,"penaltyTime":"PT1M20S","totalTimeMs":15436200,"totalTime":"PT4H17M16.2S","position":69,"diffFirstMs":5223000,"diffFirst":"PT1H27M3S","diffPrevMs":611500,"diffPrev":"PT10M11.5S"},{"entryId":3494,"stageTimeMs":15632500,"stageTime":"PT4H20M32.5S","penaltyTimeMs":80000,"penaltyTime":"PT1M20S","totalTimeMs":15712500,"totalTime":"PT4H21M52.5S","position":70,"diffFirstMs":5499300,"diffFirst":"PT1H31M39.3S","diffPrevMs":276300,"diffPrev":"PT4M36.3S"}]