[{"stageTimeId":84977,"stageId":1490,"entryId":20612,"elapsedDurationMs":618500,"elapsedDuration":"00:10:18.5000000","status":"Completed","source":"Default","position":1,"diffFirstMs":0,"diffFirst":"00:00:00","diffPrevMs":0,"diffPrev":"00:00:00"},{"stageTimeId":84915,"stageId":1490,"entryId":20609,"elapsedDurationMs":619200,"elapsedDuration":"00:10:19.2000000","status":"Completed","source":"Default","position":2,"diffFirstMs":700,"diffFirst":"00:00:00.7000000","diffPrevMs":700,"diffPrev":"00:00:00.7000000"},{"stageTimeId":84984,"stageId":1490,"entryId":20608,"elapsedDurationMs":620200,"elapsedDuration":"00:10:20.2000000","status":"Completed","source":"Default","position":3,"diffFirstMs":1700,"diffFirst":"00:00:01.7000000","diffPrevMs":1000,"diffPrev":"00:00:01"},{"stageTimeId":84637,"stageId":1490,"entryId":20610,"elapsedDurationMs":620400,"elapsedDuration":"00:10:20.4000000","status":"Completed","source":"Default","position":4,"diffFirstMs":1900,"diffFirst":"00:00:01.9000000","diffPrevMs":200,"diffPrev":"00:00:00.2000000"},{"stageTimeId":84962,"stageId":1490,"entryId":20607,"elapsedDurationMs":621200,"elapsedDuration":"00:10:21.2000000","status":"Completed","source":"Default","position":5,"diffFirstMs":2700,"diffFirst":"00:00:02.7000000","diffPrevMs":800,"diffPrev":"00:00:00.8000000"},{"stageTimeId":84968,"stageId":1490,"entryId":20606,"elapsedDurationMs":624100,"elapsedDuration":"00:10:24.1000000","status":"Completed","source":"Default","position":6,"diffFirstMs":5600,"diffFirst":"00:00:05.6000000","diffPrevMs":2900,"diffPrev":"00:00:02.9000000"},{"stageTimeId":84972,"stageId":1490,"entryId":20611,"elapsedDurationMs":625800,"elapsedDuration":"00:10:25.8000000","status":"Completed","source":"Default","position":7,"diffFirstMs":7300,"diffFirst":"00:00:07.3000000","diffPrevMs":1700,"diffPrev":"00:00:01.7000000"},{"stageTimeId":84989,"stageId":1490,"entryId":20614,"elapsedDurationMs":626500,"elapsedDuration":"00:10:26.5000000","status":"Completed","source":"Default","position":8,"diffFirstMs":8000,"diffFirst":"00:00:08","diffPrevMs":700,"diffPrev":"00:00:00.7000000"},{"stageTimeId":84864,"stageId":1490,"entryId":20613,"elapsedDurationMs":628900,"elapsedDuration":"00:10:28.9000000","status":"Completed","source":"Default","position":9,"diffFirstMs":10400,"diffFirst":"00:00:10.4000000","diffPrevMs":2400,"diffPrev":"00:00:02.4000000"},{"stageTimeId":84850,"stageId":1490,"entryId":20618,"elapsedDurationMs":638500,"elapsedDuration":"00:10:38.5000000","status":"Completed","source":"Default","position":10,"diffFirstMs":20000,"diffFirst":"00:00:20","diffPrevMs":9600,"diffPrev":"00:00:09.6000000"},{"stageTimeId":84652,"stageId":1490,"entryId":20636,"elapsedDurationMs":642800,"elapsedDuration":"00:10:42.8000000","status":"Completed","source":"Default","position":11,"diffFirstMs":24300,"diffFirst":"00:00:24.3000000","diffPrevMs":4300,"diffPrev":"00:00:04.3000000"},{"stageTimeId":84870,"stageId":1490,"entryId":20615,"elapsedDurationMs":643600,"elapsedDuration":"00:10:43.6000000","status":"Completed","source":"Default","position":12,"diffFirstMs":25100,"diffFirst":"00:00:25.1000000","diffPrevMs":800,"diffPrev":"00:00:00.8000000"},{"stageTimeId":84645,"stageId":1490,"entryId":20620,"elapsedDurationMs":646700,"elapsedDuration":"00:10:46.7000000","status":"Completed","source":"Default","position":13,"diffFirstMs":28200,"diffFirst":"00:00:28.2000000","diffPrevMs":3100,"diffPrev":"00:00:03.1000000"},{"stageTimeId":84641,"stageId":1490,"entryId":20631,"elapsedDurationMs":647400,"elapsedDuration":"00:10:47.4000000","status":"Completed","source":"Default","position":14,"diffFirstMs":28900,"diffFirst":"00:00:28.9000000","diffPrevMs":700,"diffPrev":"00:00:00.7000000"},{"stageTimeId":84875,"stageId":1490,"entryId":20616,"elapsedDurationMs":648600,"elapsedDuration":"00:10:48.6000000","status":"Completed","source":"Default","position":15,"diffFirstMs":30100,"diffFirst":"00:00:30.1000000","diffPrevMs":1200,"diffPrev":"00:00:01.2000000"},{"stageTimeId":84891,"stageId":1490,"entryId":20625,"elapsedDurationMs":648800,"elapsedDuration":"00:10:48.8000000","status":"Completed","source":"Default","position":16,"diffFirstMs":30300,"diffFirst":"00:00:30.3000000","diffPrevMs":200,"diffPrev":"00:00:00.2000000"},{"stageTimeId":84844,"stageId":1490,"entryId":20617,"elapsedDurationMs":650900,"elapsedDuration":"00:10:50.9000000","status":"Completed","source":"Default","position":17,"diffFirstMs":32400,"diffFirst":"00:00:32.4000000","diffPrevMs":2100,"diffPrev":"00:00:02.1000000"},{"stageTimeId":84900,"stageId":1490,"entryId":20619,"elapsedDurationMs":651600,"elapsedDuration":"00:10:51.6000000","status":"Completed","source":"Default","position":18,"diffFirstMs":33100,"diffFirst":"00:00:33.1000000","diffPrevMs":700,"diffPrev":"00:00:00.7000000"},{"stageTimeId":84885,"stageId":1490,"entryId":20624,"elapsedDurationMs":651700,"elapsedDuration":"00:10:51.7000000","status":"Completed","source":"Default","position":19,"diffFirstMs":33200,"diffFirst":"00:00:33.2000000","diffPrevMs":100,"diffPrev":"00:00:00.1000000"},{"stageTimeId":84672,"stageId":1490,"entryId":20635,"elapsedDurationMs":652100,"elapsedDuration":"00:10:52.1000000","status":"Completed","source":"Default","position":20,"diffFirstMs":33600,"diffFirst":"00:00:33.6000000","diffPrevMs":400,"diffPrev":"00:00:00.4000000"},{"stageTimeId":84879,"stageId":1490,"entryId":20623,"elapsedDurationMs":652800,"elapsedDuration":"00:10:52.8000000","status":"Completed","source":"Default","position":21,"diffFirstMs":34300,"diffFirst":"00:00:34.3000000","diffPrevMs":700,"diffPrev":"00:00:00.7000000"},{"stageTimeId":84912,"stageId":1490,"entryId":20622,"elapsedDurationMs":653200,"elapsedDuration":"00:10:53.2000000","status":"Completed","source":"Default","position":22,"diffFirstMs":34700,"diffFirst":"00:00:34.7000000","diffPrevMs":400,"diffPrev":"00:00:00.4000000"},{"stageTimeId":84629,"stageId":1490,"entryId":20632,"elapsedDurationMs":656000,"elapsedDuration":"00:10:56","status":"Completed","source":"Default","position":23,"diffFirstMs":37500,"diffFirst":"00:00:37.5000000","diffPrevMs":2800,"diffPrev":"00:00:02.8000000"},{"stageTimeId":84661,"stageId":1490,"entryId":20626,"elapsedDurationMs":657400,"elapsedDuration":"00:10:57.4000000","status":"Completed","source":"Default","position":24,"diffFirstMs":38900,"diffFirst":"00:00:38.9000000","diffPrevMs":1400,"diffPrev":"00:00:01.4000000"},{"stageTimeId":84656,"stageId":1490,"entryId":20637,"elapsedDurationMs":658700,"elapsedDuration":"00:10:58.7000000","status":"Completed","source":"Default","position":25,"diffFirstMs":40200,"diffFirst":"00:00:40.2000000","diffPrevMs":1300,"diffPrev":"00:00:01.3000000"},{"stageTimeId":84932,"stageId":1490,"entryId":20605,"elapsedDurationMs":663100,"elapsedDuration":"00:11:03.1000000","status":"Completed","source":"Default","position":26,"diffFirstMs":44600,"diffFirst":"00:00:44.6000000","diffPrevMs":4400,"diffPrev":"00:00:04.4000000"},{"stageTimeId":84926,"stageId":1490,"entryId":20633,"elapsedDurationMs":670000,"elapsedDuration":"00:11:10","status":"Completed","source":"Default","position":27,"diffFirstMs":51500,"diffFirst":"00:00:51.5000000","diffPrevMs":6900,"diffPrev":"00:00:06.9000000"},{"stageTimeId":84914,"stageId":1490,"entryId":20621,"elapsedDurationMs":680500,"elapsedDuration":"00:11:20.5000000","status":"Completed","source":"Default","position":28,"diffFirstMs":62000,"diffFirst":"00:01:02","diffPrevMs":10500,"diffPrev":"00:00:10.5000000"},{"stageTimeId":84676,"stageId":1490,"entryId":20638,"elapsedDurationMs":688600,"elapsedDuration":"00:11:28.6000000","status":"Completed","source":"Default","position":29,"diffFirstMs":70100,"diffFirst":"00:01:10.1000000","diffPrevMs":8100,"diffPrev":"00:00:08.1000000"},{"stageTimeId":84688,"stageId":1490,"entryId":20656,"elapsedDurationMs":714300,"elapsedDuration":"00:11:54.3000000","status":"Completed","source":"Default","position":30,"diffFirstMs":95800,"diffFirst":"00:01:35.8000000","diffPrevMs":25700,"diffPrev":"00:00:25.7000000"},{"stageTimeId":84946,"stageId":1490,"entryId":20639,"elapsedDurationMs":717600,"elapsedDuration":"00:11:57.6000000","status":"Completed","source":"Default","position":31,"diffFirstMs":99100,"diffFirst":"00:01:39.1000000","diffPrevMs":3300,"diffPrev":"00:00:03.3000000"},{"stageTimeId":84919,"stageId":1490,"entryId":20628,"elapsedDurationMs":720600,"elapsedDuration":"00:12:00.6000000","status":"Completed","source":"Default","position":32,"diffFirstMs":102100,"diffFirst":"00:01:42.1000000","diffPrevMs":3000,"diffPrev":"00:00:03"},{"stageTimeId":84826,"stageId":1490,"entryId":20647,"elapsedDurationMs":733100,"elapsedDuration":"00:12:13.1000000","status":"Completed","source":"Default","position":33,"diffFirstMs":114600,"diffFirst":"00:01:54.6000000","diffPrevMs":12500,"diffPrev":"00:00:12.5000000"},{"stageTimeId":84708,"stageId":1490,"entryId":20652,"elapsedDurationMs":740900,"elapsedDuration":"00:12:20.9000000","status":"Completed","source":"Default","position":34,"diffFirstMs":122400,"diffFirst":"00:02:02.4000000","diffPrevMs":7800,"diffPrev":"00:00:07.8000000"},{"stageTimeId":84700,"stageId":1490,"entryId":20658,"elapsedDurationMs":741500,"elapsedDuration":"00:12:21.5000000","status":"Completed","source":"Default","position":35,"diffFirstMs":123000,"diffFirst":"00:02:03","diffPrevMs":600,"diffPrev":"00:00:00.6000000"},{"stageTimeId":84811,"stageId":1490,"entryId":20650,"elapsedDurationMs":741800,"elapsedDuration":"00:12:21.8000000","status":"Completed","source":"Default","position":36,"diffFirstMs":123300,"diffFirst":"00:02:03.3000000","diffPrevMs":300,"diffPrev":"00:00:00.3000000"},{"stageTimeId":84744,"stageId":1490,"entryId":20659,"elapsedDurationMs":744800,"elapsedDuration":"00:12:24.8000000","status":"Completed","source":"Default","position":37,"diffFirstMs":126300,"diffFirst":"00:02:06.3000000","diffPrevMs":3000,"diffPrev":"00:00:03"},{"stageTimeId":84776,"stageId":1490,"entryId":20645,"elapsedDurationMs":746500,"elapsedDuration":"00:12:26.5000000","status":"Completed","source":"Default","position":38,"diffFirstMs":128000,"diffFirst":"00:02:08","diffPrevMs":1700,"diffPrev":"00:00:01.7000000"},{"stageTimeId":84801,"stageId":1490,"entryId":20646,"elapsedDurationMs":747800,"elapsedDuration":"00:12:27.8000000","status":"Completed","source":"Default","position":39,"diffFirstMs":129300,"diffFirst":"00:02:09.3000000","diffPrevMs":1300,"diffPrev":"00:00:01.3000000"},{"stageTimeId":84952,"stageId":1490,"entryId":20634,"elapsedDurationMs":753100,"elapsedDuration":"00:12:33.1000000","status":"Completed","source":"Default","position":40,"diffFirstMs":134600,"diffFirst":"00:02:14.6000000","diffPrevMs":5300,"diffPrev":"00:00:05.3000000"},{"stageTimeId":84832,"stageId":1490,"entryId":20648,"elapsedDurationMs":757500,"elapsedDuration":"00:12:37.5000000","status":"Completed","source":"Default","position":41,"diffFirstMs":139000,"diffFirst":"00:02:19","diffPrevMs":4400,"diffPrev":"00:00:04.4000000"},{"stageTimeId":84694,"stageId":1490,"entryId":20657,"elapsedDurationMs":760000,"elapsedDuration":"00:12:40","status":"Completed","source":"Default","position":42,"diffFirstMs":141500,"diffFirst":"00:02:21.5000000","diffPrevMs":2500,"diffPrev":"00:00:02.5000000"},{"stageTimeId":84750,"stageId":1490,"entryId":20660,"elapsedDurationMs":761700,"elapsedDuration":"00:12:41.7000000","status":"Completed","source":"Default","position":43,"diffFirstMs":143200,"diffFirst":"00:02:23.2000000","diffPrevMs":1700,"diffPrev":"00:00:01.7000000"},{"stageTimeId":84805,"stageId":1490,"entryId":20666,"elapsedDurationMs":764800,"elapsedDuration":"00:12:44.8000000","status":"Completed","source":"Default","position":44,"diffFirstMs":146300,"diffFirst":"00:02:26.3000000","diffPrevMs":3100,"diffPrev":"00:00:03.1000000"},{"stageTimeId":84763,"stageId":1490,"entryId":20651,"elapsedDurationMs":767900,"elapsedDuration":"00:12:47.9000000","status":"Completed","source":"Default","position":45,"diffFirstMs":149400,"diffFirst":"00:02:29.4000000","diffPrevMs":3100,"diffPrev":"00:00:03.1000000"},{"stageTimeId":84714,"stageId":1490,"entryId":20653,"elapsedDurationMs":770200,"elapsedDuration":"00:12:50.2000000","status":"Completed","source":"Default","position":46,"diffFirstMs":151700,"diffFirst":"00:02:31.7000000","diffPrevMs":2300,"diffPrev":"00:00:02.3000000"},{"stageTimeId":84764,"stageId":1490,"entryId":20643,"elapsedDurationMs":774200,"elapsedDuration":"00:12:54.2000000","status":"Completed","source":"Default","position":47,"diffFirstMs":155700,"diffFirst":"00:02:35.7000000","diffPrevMs":4000,"diffPrev":"00:00:04"},{"stageTimeId":84796,"stageId":1490,"entryId":20642,"elapsedDurationMs":789100,"elapsedDuration":"00:13:09.1000000","status":"Completed","source":"Default","position":48,"diffFirstMs":170600,"diffFirst":"00:02:50.6000000","diffPrevMs":14900,"diffPrev":"00:00:14.9000000"},{"stageTimeId":84720,"stageId":1490,"entryId":20654,"elapsedDurationMs":792900,"elapsedDuration":"00:13:12.9000000","status":"Completed","source":"Default","position":49,"diffFirstMs":174400,"diffFirst":"00:02:54.4000000","diffPrevMs":3800,"diffPrev":"00:00:03.8000000"},{"stageTimeId":84770,"stageId":1490,"entryId":20644,"elapsedDurationMs":814500,"elapsedDuration":"00:13:34.5000000","status":"Completed","source":"Default","position":50,"diffFirstMs":196000,"diffFirst":"00:03:16","diffPrevMs":21600,"diffPrev":"00:00:21.6000000"},{"stageTimeId":84741,"stageId":1490,"entryId":20662,"elapsedDurationMs":826000,"elapsedDuration":"00:13:46","status":"Completed","source":"Default","position":51,"diffFirstMs":207500,"diffFirst":"00:03:27.5000000","diffPrevMs":11500,"diffPrev":"00:00:11.5000000"},{"stageTimeId":84819,"stageId":1490,"entryId":20649,"elapsedDurationMs":827500,"elapsedDuration":"00:13:47.5000000","status":"Completed","source":"Default","position":52,"diffFirstMs":209000,"diffFirst":"00:03:29","diffPrevMs":1500,"diffPrev":"00:00:01.5000000"},{"stageTimeId":84756,"stageId":1490,"entryId":20661,"elapsedDurationMs":827700,"elapsedDuration":"00:13:47.7000000","status":"Completed","source":"Default","position":53,"diffFirstMs":209200,"diffFirst":"00:03:29.2000000","diffPrevMs":200,"diffPrev":"00:00:00.2000000"},{"stageTimeId":84838,"stageId":1490,"entryId":20665,"elapsedDurationMs":829000,"elapsedDuration":"00:13:49","status":"Completed","source":"Default","position":54,"diffFirstMs":210500,"diffFirst":"00:03:30.5000000","diffPrevMs":1300,"diffPrev":"00:00:01.3000000"},{"stageTimeId":84729,"stageId":1490,"entryId":20663,"elapsedDurationMs":834400,"elapsedDuration":"00:13:54.4000000","status":"Completed","source":"Default","position":55,"diffFirstMs":215900,"diffFirst":"00:03:35.9000000","diffPrevMs":5400,"diffPrev":"00:00:05.4000000"},{"stageTimeId":84784,"stageId":1490,"entryId":20640,"elapsedDurationMs":834900,"elapsedDuration":"00:13:54.9000000","status":"Completed","source":"Default","position":56,"diffFirstMs":216400,"diffFirst":"00:03:36.4000000","diffPrevMs":500,"diffPrev":"00:00:00.5000000"},{"stageTimeId":84940,"stageId":1490,"entryId":20667,"elapsedDurationMs":838700,"elapsedDuration":"00:13:58.7000000","status":"Completed","source":"Default","position":57,"diffFirstMs":220200,"diffFirst":"00:03:40.2000000","diffPrevMs":3800,"diffPrev":"00:00:03.8000000"},{"stageTimeId":84735,"stageId":1490,"entryId":20664,"elapsedDurationMs":872300,"elapsedDuration":"00:14:32.3000000","status":"Completed","source":"Default","position":58,"diffFirstMs":253800,"diffFirst":"00:04:13.8000000","diffPrevMs":33600,"diffPrev":"00:00:33.6000000"},{"stageTimeId":84857,"stageId":1490,"entryId":20668,"elapsedDurationMs":992000,"elapsedDuration":"00:16:32","status":"Completed","source":"Default","position":59,"diffFirstMs":373500,"diffFirst":"00:06:13.5000000","diffPrevMs":119700,"diffPrev":"00:01:59.7000000"},{"stageTimeId":84665,"stageId":1490,"entryId":20629,"elapsedDurationMs":1062800,"elapsedDuration":"00:17:42.8000000","status":"Completed","source":"Assessed","position":60,"diffFirstMs":444300,"diffFirst":"00:07:24.3000000","diffPrevMs":70800,"diffPrev":"00:01:10.8000000"},{"stageTimeId":84790,"stageId":1490,"entryId":20641,"elapsedDurationMs":1257700,"elapsedDuration":"00:20:57.7000000","status":"Completed","source":"Default","position":61,"diffFirstMs":639200,"diffFirst":"00:10:39.2000000","diffPrevMs":194900,"diffPrev":"00:03:14.9000000"}]