{"splitPoints":[{"splitPointId":2384,"stageId":1202,"number":1,"distance":3.74},{"splitPointId":2385,"stageId":1202,"number":2,"distance":7.28},{"splitPointId":2386,"stageId":1202,"number":3,"distance":11.2},{"splitPointId":2387,"stageId":1202,"number":5,"distance":17.15},{"splitPointId":2388,"stageId":1202,"number":4,"distance":13.42},{"splitPointId":2389,"stageId":1202,"number":6,"distance":20.6},{"splitPointId":2390,"stageId":1202,"number":7,"distance":24.47},{"splitPointId":2391,"stageId":1202,"number":8,"distance":28.16},{"splitPointId":2392,"stageId":1202,"number":9,"distance":35.3}],"controls":[{"controlId":5036,"eventId":84,"stageId":1202,"type":"RegroupOut","code":"TC10D","location":"Regroup OUT - Service IN","timingPrecision":"Minute","distance":null,"targetDuration":"00:15:00","targetDurationMs":900000,"firstCarDueDateTime":"2019-06-01T11:52:00","firstCarDueDateTimeLocal":"2019-06-01T12:52:00+01:00","status":"Completed","controlPenalties":"None","roundingPolicy":"NoRounding","locked":false},{"controlId":5037,"eventId":84,"stageId":1202,"type":"TimeControl","code":"TC10E","location":"Service OUT","timingPrecision":"Minute","distance":null,"targetDuration":"00:44:00","targetDurationMs":2640000,"firstCarDueDateTime":"2019-06-01T12:36:00","firstCarDueDateTimeLocal":"2019-06-01T13:36:00+01:00","status":"Completed","controlPenalties":"All","roundingPolicy":"NoRounding","locked":false},{"controlId":5053,"eventId":84,"stageId":1202,"type":"TimeControl","code":"TC10","location":"Paradança","timingPrecision":"Minute","distance":40.74,"targetDuration":"01:13:00","targetDurationMs":4380000,"firstCarDueDateTime":"2019-06-01T09:44:00","firstCarDueDateTimeLocal":"2019-06-01T10:44:00+01:00","status":"Completed","controlPenalties":"All","roundingPolicy":"NoRounding","locked":false},{"controlId":5055,"eventId":84,"stageId":1202,"type":"FlyingFinish","code":"SF10","location":"Amarante 1","timingPrecision":"Tenth","distance":null,"targetDuration":null,"targetDurationMs":null,"firstCarDueDateTime":null,"firstCarDueDateTimeLocal":null,"status":"Completed","controlPenalties":"None","roundingPolicy":"NoRounding","locked":false},{"controlId":5056,"eventId":84,"stageId":1202,"type":"StageStart","code":"SS10","location":"Amarante 1","timingPrecision":"Minute","distance":37.6,"targetDuration":"00:03:00","targetDurationMs":180000,"firstCarDueDateTime":"2019-06-01T09:47:00","firstCarDueDateTimeLocal":"2019-06-01T10:47:00+01:00","status":"Completed","controlPenalties":"None","roundingPolicy":"RoundToClosestMinute","locked":false}],"stageId":1202,"eventId":84,"number":10,"name":"Amarante 1","distance":37.6,"status":"Completed","stageType":"SpecialStage","timingPrecision":"Tenth","locked":false,"code":"SS10"}