[{"entryId":19573,"stageTimeMs":695900,"stageTime":"PT11M35.9S","penaltyTimeMs":0,"penaltyTime":"PT0S","totalTimeMs":695900,"totalTime":"PT11M35.9S","position":1,"diffFirstMs":0,"diffFirst":"PT0S","diffPrevMs":0,"diffPrev":"PT0S"},{"entryId":19571,"stageTimeMs":695900,"stageTime":"PT11M35.9S","penaltyTimeMs":0,"penaltyTime":"PT0S","totalTimeMs":695900,"totalTime":"PT11M35.9S","position":2,"diffFirstMs":0,"diffFirst":"PT0S","diffPrevMs":0,"diffPrev":"PT0S"},{"entryId":19576,"stageTimeMs":698000,"stageTime":"PT11M38S","penaltyTimeMs":0,"penaltyTime":"PT0S","totalTimeMs":698000,"totalTime":"PT11M38S","position":3,"diffFirstMs":2100,"diffFirst":"PT2.1S","diffPrevMs":2100,"diffPrev":"PT2.1S"},{"entryId":19568,"stageTimeMs":698500,"stageTime":"PT11M38.5S","penaltyTimeMs":0,"penaltyTime":"PT0S","totalTimeMs":698500,"totalTime":"PT11M38.5S","position":4,"diffFirstMs":2600,"diffFirst":"PT2.6S","diffPrevMs":500,"diffPrev":"PT0.5S"},{"entryId":19572,"stageTimeMs":698800,"stageTime":"PT11M38.8S","penaltyTimeMs":0,"penaltyTime":"PT0S","totalTimeMs":698800,"totalTime":"PT11M38.8S","position":5,"diffFirstMs":2900,"diffFirst":"PT2.9S","diffPrevMs":300,"diffPrev":"PT0.3S"},{"entryId":19574,"stageTimeMs":699500,"stageTime":"PT11M39.5S","penaltyTimeMs":0,"penaltyTime":"PT0S","totalTimeMs":699500,"totalTime":"PT11M39.5S","position":6,"diffFirstMs":3600,"diffFirst":"PT3.6S","diffPrevMs":700,"diffPrev":"PT0.7S"},{"entryId":19578,"stageTimeMs":703800,"stageTime":"PT11M43.8S","penaltyTimeMs":0,"penaltyTime":"PT0S","totalTimeMs":703800,"totalTime":"PT11M43.8S","position":7,"diffFirstMs":7900,"diffFirst":"PT7.9S","diffPrevMs":4300,"diffPrev":"PT4.3S"},{"entryId":19575,"stageTimeMs":706500,"stageTime":"PT11M46.5S","penaltyTimeMs":0,"penaltyTime":"PT0S","totalTimeMs":706500,"totalTime":"PT11M46.5S","position":8,"diffFirstMs":10600,"diffFirst":"PT10.6S","diffPrevMs":2700,"diffPrev":"PT2.7S"},{"entryId":19569,"stageTimeMs":707900,"stageTime":"PT11M47.9S","penaltyTimeMs":0,"penaltyTime":"PT0S","totalTimeMs":707900,"totalTime":"PT11M47.9S","position":9,"diffFirstMs":12000,"diffFirst":"PT12S","diffPrevMs":1400,"diffPrev":"PT1.4S"},{"entryId":19570,"stageTimeMs":717200,"stageTime":"PT11M57.2S","penaltyTimeMs":0,"penaltyTime":"PT0S","totalTimeMs":717200,"totalTime":"PT11M57.2S","position":10,"diffFirstMs":21300,"diffFirst":"PT21.3S","diffPrevMs":9300,"diffPrev":"PT9.3S"},{"entryId":19581,"stageTimeMs":723000,"stageTime":"PT12M3S","penaltyTimeMs":0,"penaltyTime":"PT0S","totalTimeMs":723000,"totalTime":"PT12M3S","position":11,"diffFirstMs":27100,"diffFirst":"PT27.1S","diffPrevMs":5800,"diffPrev":"PT5.8S"},{"entryId":19580,"stageTimeMs":725700,"stageTime":"PT12M5.7S","penaltyTimeMs":0,"penaltyTime":"PT0S","totalTimeMs":725700,"totalTime":"PT12M5.7S","position":12,"diffFirstMs":29800,"diffFirst":"PT29.8S","diffPrevMs":2700,"diffPrev":"PT2.7S"},{"entryId":19579,"stageTimeMs":733900,"stageTime":"PT12M13.9S","penaltyTimeMs":0,"penaltyTime":"PT0S","totalTimeMs":733900,"totalTime":"PT12M13.9S","position":13,"diffFirstMs":38000,"diffFirst":"PT38S","diffPrevMs":8200,"diffPrev":"PT8.2S"},{"entryId":19577,"stageTimeMs":743700,"stageTime":"PT12M23.7S","penaltyTimeMs":0,"penaltyTime":"PT0S","totalTimeMs":743700,"totalTime":"PT12M23.7S","position":14,"diffFirstMs":47800,"diffFirst":"PT47.8S","diffPrevMs":9800,"diffPrev":"PT9.8S"},{"entryId":19582,"stageTimeMs":744900,"stageTime":"PT12M24.9S","penaltyTimeMs":0,"penaltyTime":"PT0S","totalTimeMs":744900,"totalTime":"PT12M24.9S","position":15,"diffFirstMs":49000,"diffFirst":"PT49S","diffPrevMs":1200,"diffPrev":"PT1.2S"},{"entryId":19586,"stageTimeMs":750400,"stageTime":"PT12M30.4S","penaltyTimeMs":0,"penaltyTime":"PT0S","totalTimeMs":750400,"totalTime":"PT12M30.4S","position":16,"diffFirstMs":54500,"diffFirst":"PT54.5S","diffPrevMs":5500,"diffPrev":"PT5.5S"},{"entryId":19584,"stageTimeMs":751500,"stageTime":"PT12M31.5S","penaltyTimeMs":0,"penaltyTime":"PT0S","totalTimeMs":751500,"totalTime":"PT12M31.5S","position":17,"diffFirstMs":55600,"diffFirst":"PT55.6S","diffPrevMs":1100,"diffPrev":"PT1.1S"},{"entryId":19590,"stageTimeMs":753300,"stageTime":"PT12M33.3S","penaltyTimeMs":0,"penaltyTime":"PT0S","totalTimeMs":753300,"totalTime":"PT12M33.3S","position":18,"diffFirstMs":57400,"diffFirst":"PT57.4S","diffPrevMs":1800,"diffPrev":"PT1.8S"},{"entryId":19583,"stageTimeMs":755700,"stageTime":"PT12M35.7S","penaltyTimeMs":0,"penaltyTime":"PT0S","totalTimeMs":755700,"totalTime":"PT12M35.7S","position":19,"diffFirstMs":59800,"diffFirst":"PT59.8S","diffPrevMs":2400,"diffPrev":"PT2.4S"},{"entryId":19591,"stageTimeMs":756500,"stageTime":"PT12M36.5S","penaltyTimeMs":0,"penaltyTime":"PT0S","totalTimeMs":756500,"totalTime":"PT12M36.5S","position":20,"diffFirstMs":60600,"diffFirst":"PT1M0.6S","diffPrevMs":800,"diffPrev":"PT0.8S"},{"entryId":19593,"stageTimeMs":759600,"stageTime":"PT12M39.6S","penaltyTimeMs":0,"penaltyTime":"PT0S","totalTimeMs":759600,"totalTime":"PT12M39.6S","position":21,"diffFirstMs":63700,"diffFirst":"PT1M3.7S","diffPrevMs":3100,"diffPrev":"PT3.1S"},{"entryId":19600,"stageTimeMs":760000,"stageTime":"PT12M40S","penaltyTimeMs":0,"penaltyTime":"PT0S","totalTimeMs":760000,"totalTime":"PT12M40S","position":22,"diffFirstMs":64100,"diffFirst":"PT1M4.1S","diffPrevMs":400,"diffPrev":"PT0.4S"},{"entryId":19601,"stageTimeMs":760300,"stageTime":"PT12M40.3S","penaltyTimeMs":0,"penaltyTime":"PT0S","totalTimeMs":760300,"totalTime":"PT12M40.3S","position":23,"diffFirstMs":64400,"diffFirst":"PT1M4.4S","diffPrevMs":300,"diffPrev":"PT0.3S"},{"entryId":19592,"stageTimeMs":766100,"stageTime":"PT12M46.1S","penaltyTimeMs":0,"penaltyTime":"PT0S","totalTimeMs":766100,"totalTime":"PT12M46.1S","position":24,"diffFirstMs":70200,"diffFirst":"PT1M10.2S","diffPrevMs":5800,"diffPrev":"PT5.8S"},{"entryId":19589,"stageTimeMs":774700,"stageTime":"PT12M54.7S","penaltyTimeMs":0,"penaltyTime":"PT0S","totalTimeMs":774700,"totalTime":"PT12M54.7S","position":25,"diffFirstMs":78800,"diffFirst":"PT1M18.8S","diffPrevMs":8600,"diffPrev":"PT8.6S"},{"entryId":19595,"stageTimeMs":784600,"stageTime":"PT13M4.6S","penaltyTimeMs":0,"penaltyTime":"PT0S","totalTimeMs":784600,"totalTime":"PT13M4.6S","position":26,"diffFirstMs":88700,"diffFirst":"PT1M28.7S","diffPrevMs":9900,"diffPrev":"PT9.9S"},{"entryId":19596,"stageTimeMs":787900,"stageTime":"PT13M7.9S","penaltyTimeMs":0,"penaltyTime":"PT0S","totalTimeMs":787900,"totalTime":"PT13M7.9S","position":27,"diffFirstMs":92000,"diffFirst":"PT1M32S","diffPrevMs":3300,"diffPrev":"PT3.3S"},{"entryId":19597,"stageTimeMs":796000,"stageTime":"PT13M16S","penaltyTimeMs":0,"penaltyTime":"PT0S","totalTimeMs":796000,"totalTime":"PT13M16S","position":28,"diffFirstMs":100100,"diffFirst":"PT1M40.1S","diffPrevMs":8100,"diffPrev":"PT8.1S"},{"entryId":19594,"stageTimeMs":802100,"stageTime":"PT13M22.1S","penaltyTimeMs":0,"penaltyTime":"PT0S","totalTimeMs":802100,"totalTime":"PT13M22.1S","position":29,"diffFirstMs":106200,"diffFirst":"PT1M46.2S","diffPrevMs":6100,"diffPrev":"PT6.1S"},{"entryId":19588,"stageTimeMs":811400,"stageTime":"PT13M31.4S","penaltyTimeMs":0,"penaltyTime":"PT0S","totalTimeMs":811400,"totalTime":"PT13M31.4S","position":30,"diffFirstMs":115500,"diffFirst":"PT1M55.5S","diffPrevMs":9300,"diffPrev":"PT9.3S"},{"entryId":19602,"stageTimeMs":815700,"stageTime":"PT13M35.7S","penaltyTimeMs":0,"penaltyTime":"PT0S","totalTimeMs":815700,"totalTime":"PT13M35.7S","position":31,"diffFirstMs":119800,"diffFirst":"PT1M59.8S","diffPrevMs":4300,"diffPrev":"PT4.3S"},{"entryId":19599,"stageTimeMs":816500,"stageTime":"PT13M36.5S","penaltyTimeMs":0,"penaltyTime":"PT0S","totalTimeMs":816500,"totalTime":"PT13M36.5S","position":32,"diffFirstMs":120600,"diffFirst":"PT2M0.6S","diffPrevMs":800,"diffPrev":"PT0.8S"},{"entryId":19606,"stageTimeMs":842500,"stageTime":"PT14M2.5S","penaltyTimeMs":0,"penaltyTime":"PT0S","totalTimeMs":842500,"totalTime":"PT14M2.5S","position":33,"diffFirstMs":146600,"diffFirst":"PT2M26.6S","diffPrevMs":26000,"diffPrev":"PT26S"},{"entryId":19598,"stageTimeMs":859000,"stageTime":"PT14M19S","penaltyTimeMs":0,"penaltyTime":"PT0S","totalTimeMs":859000,"totalTime":"PT14M19S","position":34,"diffFirstMs":163100,"diffFirst":"PT2M43.1S","diffPrevMs":16500,"diffPrev":"PT16.5S"},{"entryId":19629,"stageTimeMs":871400,"stageTime":"PT14M31.4S","penaltyTimeMs":0,"penaltyTime":"PT0S","totalTimeMs":871400,"totalTime":"PT14M31.4S","position":35,"diffFirstMs":175500,"diffFirst":"PT2M55.5S","diffPrevMs":12400,"diffPrev":"PT12.4S"},{"entryId":19615,"stageTimeMs":876600,"stageTime":"PT14M36.6S","penaltyTimeMs":0,"penaltyTime":"PT0S","totalTimeMs":876600,"totalTime":"PT14M36.6S","position":36,"diffFirstMs":180700,"diffFirst":"PT3M0.7S","diffPrevMs":5200,"diffPrev":"PT5.2S"},{"entryId":19604,"stageTimeMs":878400,"stageTime":"PT14M38.4S","penaltyTimeMs":0,"penaltyTime":"PT0S","totalTimeMs":878400,"totalTime":"PT14M38.4S","position":37,"diffFirstMs":182500,"diffFirst":"PT3M2.5S","diffPrevMs":1800,"diffPrev":"PT1.8S"},{"entryId":19625,"stageTimeMs":885200,"stageTime":"PT14M45.2S","penaltyTimeMs":0,"penaltyTime":"PT0S","totalTimeMs":885200,"totalTime":"PT14M45.2S","position":38,"diffFirstMs":189300,"diffFirst":"PT3M9.3S","diffPrevMs":6800,"diffPrev":"PT6.8S"},{"entryId":19618,"stageTimeMs":886000,"stageTime":"PT14M46S","penaltyTimeMs":0,"penaltyTime":"PT0S","totalTimeMs":886000,"totalTime":"PT14M46S","position":39,"diffFirstMs":190100,"diffFirst":"PT3M10.1S","diffPrevMs":800,"diffPrev":"PT0.8S"},{"entryId":19624,"stageTimeMs":886300,"stageTime":"PT14M46.3S","penaltyTimeMs":0,"penaltyTime":"PT0S","totalTimeMs":886300,"totalTime":"PT14M46.3S","position":40,"diffFirstMs":190400,"diffFirst":"PT3M10.4S","diffPrevMs":300,"diffPrev":"PT0.3S"},{"entryId":19613,"stageTimeMs":888900,"stageTime":"PT14M48.9S","penaltyTimeMs":0,"penaltyTime":"PT0S","totalTimeMs":888900,"totalTime":"PT14M48.9S","position":41,"diffFirstMs":193000,"diffFirst":"PT3M13S","diffPrevMs":2600,"diffPrev":"PT2.6S"},{"entryId":19612,"stageTimeMs":900400,"stageTime":"PT15M0.4S","penaltyTimeMs":0,"penaltyTime":"PT0S","totalTimeMs":900400,"totalTime":"PT15M0.4S","position":42,"diffFirstMs":204500,"diffFirst":"PT3M24.5S","diffPrevMs":11500,"diffPrev":"PT11.5S"},{"entryId":19607,"stageTimeMs":906700,"stageTime":"PT15M6.7S","penaltyTimeMs":0,"penaltyTime":"PT0S","totalTimeMs":906700,"totalTime":"PT15M6.7S","position":43,"diffFirstMs":210800,"diffFirst":"PT3M30.8S","diffPrevMs":6300,"diffPrev":"PT6.3S"},{"entryId":19620,"stageTimeMs":910500,"stageTime":"PT15M10.5S","penaltyTimeMs":0,"penaltyTime":"PT0S","totalTimeMs":910500,"totalTime":"PT15M10.5S","position":44,"diffFirstMs":214600,"diffFirst":"PT3M34.6S","diffPrevMs":3800,"diffPrev":"PT3.8S"},{"entryId":19623,"stageTimeMs":917200,"stageTime":"PT15M17.2S","penaltyTimeMs":0,"penaltyTime":"PT0S","totalTimeMs":917200,"totalTime":"PT15M17.2S","position":45,"diffFirstMs":221300,"diffFirst":"PT3M41.3S","diffPrevMs":6700,"diffPrev":"PT6.7S"},{"entryId":19610,"stageTimeMs":917600,"stageTime":"PT15M17.6S","penaltyTimeMs":0,"penaltyTime":"PT0S","totalTimeMs":917600,"totalTime":"PT15M17.6S","position":46,"diffFirstMs":221700,"diffFirst":"PT3M41.7S","diffPrevMs":400,"diffPrev":"PT0.4S"},{"entryId":19616,"stageTimeMs":919000,"stageTime":"PT15M19S","penaltyTimeMs":0,"penaltyTime":"PT0S","totalTimeMs":919000,"totalTime":"PT15M19S","position":47,"diffFirstMs":223100,"diffFirst":"PT3M43.1S","diffPrevMs":1400,"diffPrev":"PT1.4S"},{"entryId":19608,"stageTimeMs":928500,"stageTime":"PT15M28.5S","penaltyTimeMs":0,"penaltyTime":"PT0S","totalTimeMs":928500,"totalTime":"PT15M28.5S","position":48,"diffFirstMs":232600,"diffFirst":"PT3M52.6S","diffPrevMs":9500,"diffPrev":"PT9.5S"},{"entryId":19617,"stageTimeMs":936800,"stageTime":"PT15M36.8S","penaltyTimeMs":0,"penaltyTime":"PT0S","totalTimeMs":936800,"totalTime":"PT15M36.8S","position":49,"diffFirstMs":240900,"diffFirst":"PT4M0.9S","diffPrevMs":8300,"diffPrev":"PT8.3S"},{"entryId":19627,"stageTimeMs":942300,"stageTime":"PT15M42.3S","penaltyTimeMs":0,"penaltyTime":"PT0S","totalTimeMs":942300,"totalTime":"PT15M42.3S","position":50,"diffFirstMs":246400,"diffFirst":"PT4M6.4S","diffPrevMs":5500,"diffPrev":"PT5.5S"},{"entryId":19619,"stageTimeMs":943000,"stageTime":"PT15M43S","penaltyTimeMs":0,"penaltyTime":"PT0S","totalTimeMs":943000,"totalTime":"PT15M43S","position":51,"diffFirstMs":247100,"diffFirst":"PT4M7.1S","diffPrevMs":700,"diffPrev":"PT0.7S"},{"entryId":19621,"stageTimeMs":952000,"stageTime":"PT15M52S","penaltyTimeMs":0,"penaltyTime":"PT0S","totalTimeMs":952000,"totalTime":"PT15M52S","position":52,"diffFirstMs":256100,"diffFirst":"PT4M16.1S","diffPrevMs":9000,"diffPrev":"PT9S"},{"entryId":19587,"stageTimeMs":1170400,"stageTime":"PT19M30.4S","penaltyTimeMs":0,"penaltyTime":"PT0S","totalTimeMs":1170400,"totalTime":"PT19M30.4S","position":53,"diffFirstMs":474500,"diffFirst":"PT7M54.5S","diffPrevMs":218400,"diffPrev":"PT3M38.4S"},{"entryId":19605,"stageTimeMs":1262500,"stageTime":"PT21M2.5S","penaltyTimeMs":0,"penaltyTime":"PT0S","totalTimeMs":1262500,"totalTime":"PT21M2.5S","position":54,"diffFirstMs":566600,"diffFirst":"PT9M26.6S","diffPrevMs":92100,"diffPrev":"PT1M32.1S"},{"entryId":19622,"stageTimeMs":1291400,"stageTime":"PT21M31.4S","penaltyTimeMs":0,"penaltyTime":"PT0S","totalTimeMs":1291400,"totalTime":"PT21M31.4S","position":55,"diffFirstMs":595500,"diffFirst":"PT9M55.5S","diffPrevMs":28900,"diffPrev":"PT28.9S"}]