[{"startDateTime":"2019-04-27T14:39:00","startDateTimeLocal":"2019-04-27T11:39:00-03:00","stageTimeDurationMs":286100,"stageTimeDuration":"00:04:46.1000000","splitPointTimeId":70397,"splitPointId":2161,"entryId":19542,"elapsedDurationMs":145100,"elapsedDuration":"PT2M25.1S","splitDateTime":"2019-04-27T14:41:25.1","splitDateTimeLocal":"2019-04-27T11:41:25.1-03:00"},{"startDateTime":"2019-04-27T14:39:00","startDateTimeLocal":"2019-04-27T11:39:00-03:00","stageTimeDurationMs":282400,"stageTimeDuration":"00:04:42.4000000","splitPointTimeId":70398,"splitPointId":2161,"entryId":19547,"elapsedDurationMs":142700,"elapsedDuration":"PT2M22.7S","splitDateTime":"2019-04-27T14:41:22.7","splitDateTimeLocal":"2019-04-27T11:41:22.7-03:00"},{"startDateTime":"2019-04-27T14:45:00","startDateTimeLocal":"2019-04-27T11:45:00-03:00","stageTimeDurationMs":281900,"stageTimeDuration":"00:04:41.9000000","splitPointTimeId":70399,"splitPointId":2161,"entryId":19545,"elapsedDurationMs":142800,"elapsedDuration":"PT2M22.8S","splitDateTime":"2019-04-27T14:47:22.8","splitDateTimeLocal":"2019-04-27T11:47:22.8-03:00"},{"startDateTime":"2019-04-27T14:45:00","startDateTimeLocal":"2019-04-27T11:45:00-03:00","stageTimeDurationMs":281300,"stageTimeDuration":"00:04:41.3000000","splitPointTimeId":70400,"splitPointId":2161,"entryId":19550,"elapsedDurationMs":142100,"elapsedDuration":"PT2M22.1S","splitDateTime":"2019-04-27T14:47:22.1","splitDateTimeLocal":"2019-04-27T11:47:22.1-03:00"},{"startDateTime":"2019-04-27T14:51:00","startDateTimeLocal":"2019-04-27T11:51:00-03:00","stageTimeDurationMs":284200,"stageTimeDuration":"00:04:44.2000000","splitPointTimeId":70401,"splitPointId":2161,"entryId":19546,"elapsedDurationMs":143600,"elapsedDuration":"PT2M23.6S","splitDateTime":"2019-04-27T14:53:23.6","splitDateTimeLocal":"2019-04-27T11:53:23.6-03:00"},{"startDateTime":"2019-04-27T14:51:00","startDateTimeLocal":"2019-04-27T11:51:00-03:00","stageTimeDurationMs":299800,"stageTimeDuration":"00:04:59.8000000","splitPointTimeId":70402,"splitPointId":2161,"entryId":19544,"elapsedDurationMs":147800,"elapsedDuration":"PT2M27.8S","splitDateTime":"2019-04-27T14:53:27.8","splitDateTimeLocal":"2019-04-27T11:53:27.8-03:00"},{"startDateTime":"2019-04-27T14:57:00","startDateTimeLocal":"2019-04-27T11:57:00-03:00","stageTimeDurationMs":283000,"stageTimeDuration":"00:04:43","splitPointTimeId":70403,"splitPointId":2161,"entryId":19548,"elapsedDurationMs":142400,"elapsedDuration":"PT2M22.4S","splitDateTime":"2019-04-27T14:59:22.4","splitDateTimeLocal":"2019-04-27T11:59:22.4-03:00"},{"startDateTime":"2019-04-27T14:57:00","startDateTimeLocal":"2019-04-27T11:57:00-03:00","stageTimeDurationMs":306700,"stageTimeDuration":"00:05:06.7000000","splitPointTimeId":70405,"splitPointId":2161,"entryId":19541,"elapsedDurationMs":154900,"elapsedDuration":"PT2M34.9S","splitDateTime":"2019-04-27T14:59:34.9","splitDateTimeLocal":"2019-04-27T11:59:34.9-03:00"},{"startDateTime":"2019-04-27T15:03:00","startDateTimeLocal":"2019-04-27T12:03:00-03:00","stageTimeDurationMs":292900,"stageTimeDuration":"00:04:52.9000000","splitPointTimeId":70406,"splitPointId":2161,"entryId":19552,"elapsedDurationMs":148100,"elapsedDuration":"PT2M28.1S","splitDateTime":"2019-04-27T15:05:28.1","splitDateTimeLocal":"2019-04-27T12:05:28.1-03:00"},{"startDateTime":"2019-04-27T15:03:00","startDateTimeLocal":"2019-04-27T12:03:00-03:00","stageTimeDurationMs":298300,"stageTimeDuration":"00:04:58.3000000","splitPointTimeId":70407,"splitPointId":2161,"entryId":19551,"elapsedDurationMs":150800,"elapsedDuration":"PT2M30.8S","splitDateTime":"2019-04-27T15:05:30.8","splitDateTimeLocal":"2019-04-27T12:05:30.8-03:00"},{"startDateTime":"2019-04-27T15:09:00","startDateTimeLocal":"2019-04-27T12:09:00-03:00","stageTimeDurationMs":298500,"stageTimeDuration":"00:04:58.5000000","splitPointTimeId":70408,"splitPointId":2161,"entryId":19558,"elapsedDurationMs":150500,"elapsedDuration":"PT2M30.5S","splitDateTime":"2019-04-27T15:11:30.5","splitDateTimeLocal":"2019-04-27T12:11:30.5-03:00"},{"startDateTime":"2019-04-27T15:15:00","startDateTimeLocal":"2019-04-27T12:15:00-03:00","stageTimeDurationMs":301800,"stageTimeDuration":"00:05:01.8000000","splitPointTimeId":70410,"splitPointId":2161,"entryId":19561,"elapsedDurationMs":152200,"elapsedDuration":"PT2M32.2S","splitDateTime":"2019-04-27T15:17:32.2","splitDateTimeLocal":"2019-04-27T12:17:32.2-03:00"},{"startDateTime":"2019-04-27T15:15:00","startDateTimeLocal":"2019-04-27T12:15:00-03:00","stageTimeDurationMs":306300,"stageTimeDuration":"00:05:06.3000000","splitPointTimeId":70411,"splitPointId":2161,"entryId":19559,"elapsedDurationMs":154400,"elapsedDuration":"PT2M34.4S","splitDateTime":"2019-04-27T15:17:34.4","splitDateTimeLocal":"2019-04-27T12:17:34.4-03:00"},{"startDateTime":"2019-04-27T15:21:00","startDateTimeLocal":"2019-04-27T12:21:00-03:00","stageTimeDurationMs":297000,"stageTimeDuration":"00:04:57","splitPointTimeId":70412,"splitPointId":2161,"entryId":19554,"elapsedDurationMs":149800,"elapsedDuration":"PT2M29.8S","splitDateTime":"2019-04-27T15:23:29.8","splitDateTimeLocal":"2019-04-27T12:23:29.8-03:00"},{"startDateTime":"2019-04-27T15:21:00","startDateTimeLocal":"2019-04-27T12:21:00-03:00","stageTimeDurationMs":323300,"stageTimeDuration":"00:05:23.3000000","splitPointTimeId":70413,"splitPointId":2161,"entryId":19557,"elapsedDurationMs":163300,"elapsedDuration":"PT2M43.3S","splitDateTime":"2019-04-27T15:23:43.3","splitDateTimeLocal":"2019-04-27T12:23:43.3-03:00"},{"startDateTime":"2019-04-27T15:28:00","startDateTimeLocal":"2019-04-27T12:28:00-03:00","stageTimeDurationMs":299400,"stageTimeDuration":"00:04:59.4000000","splitPointTimeId":70414,"splitPointId":2161,"entryId":19555,"elapsedDurationMs":151400,"elapsedDuration":"PT2M31.4S","splitDateTime":"2019-04-27T15:30:31.4","splitDateTimeLocal":"2019-04-27T12:30:31.4-03:00"},{"startDateTime":"2019-04-27T15:28:00","startDateTimeLocal":"2019-04-27T12:28:00-03:00","stageTimeDurationMs":389200,"stageTimeDuration":"00:06:29.2000000","splitPointTimeId":70415,"splitPointId":2161,"entryId":19565,"elapsedDurationMs":193500,"elapsedDuration":"PT3M13.5S","splitDateTime":"2019-04-27T15:31:13.5","splitDateTimeLocal":"2019-04-27T12:31:13.5-03:00"},{"startDateTime":"2019-04-27T15:36:00","startDateTimeLocal":"2019-04-27T12:36:00-03:00","stageTimeDurationMs":407300,"stageTimeDuration":"00:06:47.3000000","splitPointTimeId":70416,"splitPointId":2161,"entryId":19564,"elapsedDurationMs":202600,"elapsedDuration":"PT3M22.6S","splitDateTime":"2019-04-27T15:39:22.6","splitDateTimeLocal":"2019-04-27T12:39:22.6-03:00"},{"startDateTime":"2019-04-27T15:44:00","startDateTimeLocal":"2019-04-27T12:44:00-03:00","stageTimeDurationMs":394800,"stageTimeDuration":"00:06:34.8000000","splitPointTimeId":70417,"splitPointId":2161,"entryId":19566,"elapsedDurationMs":199700,"elapsedDuration":"PT3M19.7S","splitDateTime":"2019-04-27T15:47:19.7","splitDateTimeLocal":"2019-04-27T12:47:19.7-03:00"}]