[{"entryId":20057,"stageTimeMs":5473000,"stageTime":"PT1H31M13S","penaltyTimeMs":0,"penaltyTime":"PT0S","totalTimeMs":5473000,"totalTime":"PT1H31M13S","position":1,"diffFirstMs":0,"diffFirst":"PT0S","diffPrevMs":0,"diffPrev":"PT0S"},{"entryId":20058,"stageTimeMs":5486900,"stageTime":"PT1H31M26.9S","penaltyTimeMs":0,"penaltyTime":"PT0S","totalTimeMs":5486900,"totalTime":"PT1H31M26.9S","position":2,"diffFirstMs":13900,"diffFirst":"PT13.9S","diffPrevMs":13900,"diffPrev":"PT13.9S"},{"entryId":20055,"stageTimeMs":5487400,"stageTime":"PT1H31M27.4S","penaltyTimeMs":0,"penaltyTime":"PT0S","totalTimeMs":5487400,"totalTime":"PT1H31M27.4S","position":3,"diffFirstMs":14400,"diffFirst":"PT14.4S","diffPrevMs":500,"diffPrev":"PT0.5S"},{"entryId":20064,"stageTimeMs":5509600,"stageTime":"PT1H31M49.6S","penaltyTimeMs":0,"penaltyTime":"PT0S","totalTimeMs":5509600,"totalTime":"PT1H31M49.6S","position":4,"diffFirstMs":36600,"diffFirst":"PT36.6S","diffPrevMs":22200,"diffPrev":"PT22.2S"},{"entryId":20053,"stageTimeMs":5512100,"stageTime":"PT1H31M52.1S","penaltyTimeMs":0,"penaltyTime":"PT0S","totalTimeMs":5512100,"totalTime":"PT1H31M52.1S","position":5,"diffFirstMs":39100,"diffFirst":"PT39.1S","diffPrevMs":2500,"diffPrev":"PT2.5S"},{"entryId":20063,"stageTimeMs":5512700,"stageTime":"PT1H31M52.7S","penaltyTimeMs":0,"penaltyTime":"PT0S","totalTimeMs":5512700,"totalTime":"PT1H31M52.7S","position":6,"diffFirstMs":39700,"diffFirst":"PT39.7S","diffPrevMs":600,"diffPrev":"PT0.6S"},{"entryId":20059,"stageTimeMs":5527700,"stageTime":"PT1H32M7.7S","penaltyTimeMs":0,"penaltyTime":"PT0S","totalTimeMs":5527700,"totalTime":"PT1H32M7.7S","position":7,"diffFirstMs":54700,"diffFirst":"PT54.7S","diffPrevMs":15000,"diffPrev":"PT15S"},{"entryId":20054,"stageTimeMs":5564200,"stageTime":"PT1H32M44.2S","penaltyTimeMs":0,"penaltyTime":"PT0S","totalTimeMs":5564200,"totalTime":"PT1H32M44.2S","position":8,"diffFirstMs":91200,"diffFirst":"PT1M31.2S","diffPrevMs":36500,"diffPrev":"PT36.5S"},{"entryId":20062,"stageTimeMs":5643600,"stageTime":"PT1H34M3.6S","penaltyTimeMs":0,"penaltyTime":"PT0S","totalTimeMs":5643600,"totalTime":"PT1H34M3.6S","position":9,"diffFirstMs":170600,"diffFirst":"PT2M50.6S","diffPrevMs":79400,"diffPrev":"PT1M19.4S"},{"entryId":20065,"stageTimeMs":5750500,"stageTime":"PT1H35M50.5S","penaltyTimeMs":0,"penaltyTime":"PT0S","totalTimeMs":5750500,"totalTime":"PT1H35M50.5S","position":10,"diffFirstMs":277500,"diffFirst":"PT4M37.5S","diffPrevMs":106900,"diffPrev":"PT1M46.9S"},{"entryId":20068,"stageTimeMs":5806300,"stageTime":"PT1H36M46.3S","penaltyTimeMs":0,"penaltyTime":"PT0S","totalTimeMs":5806300,"totalTime":"PT1H36M46.3S","position":11,"diffFirstMs":333300,"diffFirst":"PT5M33.3S","diffPrevMs":55800,"diffPrev":"PT55.8S"},{"entryId":20070,"stageTimeMs":5871600,"stageTime":"PT1H37M51.6S","penaltyTimeMs":0,"penaltyTime":"PT0S","totalTimeMs":5871600,"totalTime":"PT1H37M51.6S","position":12,"diffFirstMs":398600,"diffFirst":"PT6M38.6S","diffPrevMs":65300,"diffPrev":"PT1M5.3S"},{"entryId":20075,"stageTimeMs":5872900,"stageTime":"PT1H37M52.9S","penaltyTimeMs":0,"penaltyTime":"PT0S","totalTimeMs":5872900,"totalTime":"PT1H37M52.9S","position":13,"diffFirstMs":399900,"diffFirst":"PT6M39.9S","diffPrevMs":1300,"diffPrev":"PT1.3S"},{"entryId":20056,"stageTimeMs":5893400,"stageTime":"PT1H38M13.4S","penaltyTimeMs":0,"penaltyTime":"PT0S","totalTimeMs":5893400,"totalTime":"PT1H38M13.4S","position":14,"diffFirstMs":420400,"diffFirst":"PT7M0.4S","diffPrevMs":20500,"diffPrev":"PT20.5S"},{"entryId":20067,"stageTimeMs":5933300,"stageTime":"PT1H38M53.3S","penaltyTimeMs":0,"penaltyTime":"PT0S","totalTimeMs":5933300,"totalTime":"PT1H38M53.3S","position":15,"diffFirstMs":460300,"diffFirst":"PT7M40.3S","diffPrevMs":39900,"diffPrev":"PT39.9S"},{"entryId":20074,"stageTimeMs":5954500,"stageTime":"PT1H39M14.5S","penaltyTimeMs":0,"penaltyTime":"PT0S","totalTimeMs":5954500,"totalTime":"PT1H39M14.5S","position":16,"diffFirstMs":481500,"diffFirst":"PT8M1.5S","diffPrevMs":21200,"diffPrev":"PT21.2S"},{"entryId":20079,"stageTimeMs":6348300,"stageTime":"PT1H45M48.3S","penaltyTimeMs":0,"penaltyTime":"PT0S","totalTimeMs":6348300,"totalTime":"PT1H45M48.3S","position":17,"diffFirstMs":875300,"diffFirst":"PT14M35.3S","diffPrevMs":393800,"diffPrev":"PT6M33.8S"},{"entryId":20071,"stageTimeMs":6363100,"stageTime":"PT1H46M3.1S","penaltyTimeMs":0,"penaltyTime":"PT0S","totalTimeMs":6363100,"totalTime":"PT1H46M3.1S","position":18,"diffFirstMs":890100,"diffFirst":"PT14M50.1S","diffPrevMs":14800,"diffPrev":"PT14.8S"},{"entryId":20080,"stageTimeMs":6380000,"stageTime":"PT1H46M20S","penaltyTimeMs":0,"penaltyTime":"PT0S","totalTimeMs":6380000,"totalTime":"PT1H46M20S","position":19,"diffFirstMs":907000,"diffFirst":"PT15M7S","diffPrevMs":16900,"diffPrev":"PT16.9S"},{"entryId":20082,"stageTimeMs":6400700,"stageTime":"PT1H46M40.7S","penaltyTimeMs":0,"penaltyTime":"PT0S","totalTimeMs":6400700,"totalTime":"PT1H46M40.7S","position":20,"diffFirstMs":927700,"diffFirst":"PT15M27.7S","diffPrevMs":20700,"diffPrev":"PT20.7S"},{"entryId":20090,"stageTimeMs":6403600,"stageTime":"PT1H46M43.6S","penaltyTimeMs":0,"penaltyTime":"PT0S","totalTimeMs":6403600,"totalTime":"PT1H46M43.6S","position":21,"diffFirstMs":930600,"diffFirst":"PT15M30.6S","diffPrevMs":2900,"diffPrev":"PT2.9S"},{"entryId":20096,"stageTimeMs":6415300,"stageTime":"PT1H46M55.3S","penaltyTimeMs":0,"penaltyTime":"PT0S","totalTimeMs":6415300,"totalTime":"PT1H46M55.3S","position":22,"diffFirstMs":942300,"diffFirst":"PT15M42.3S","diffPrevMs":11700,"diffPrev":"PT11.7S"},{"entryId":20078,"stageTimeMs":6424300,"stageTime":"PT1H47M4.3S","penaltyTimeMs":0,"penaltyTime":"PT0S","totalTimeMs":6424300,"totalTime":"PT1H47M4.3S","position":23,"diffFirstMs":951300,"diffFirst":"PT15M51.3S","diffPrevMs":9000,"diffPrev":"PT9S"},{"entryId":20093,"stageTimeMs":6463300,"stageTime":"PT1H47M43.3S","penaltyTimeMs":0,"penaltyTime":"PT0S","totalTimeMs":6463300,"totalTime":"PT1H47M43.3S","position":24,"diffFirstMs":990300,"diffFirst":"PT16M30.3S","diffPrevMs":39000,"diffPrev":"PT39S"},{"entryId":20098,"stageTimeMs":6466700,"stageTime":"PT1H47M46.7S","penaltyTimeMs":0,"penaltyTime":"PT0S","totalTimeMs":6466700,"totalTime":"PT1H47M46.7S","position":25,"diffFirstMs":993700,"diffFirst":"PT16M33.7S","diffPrevMs":3400,"diffPrev":"PT3.4S"},{"entryId":20099,"stageTimeMs":6471600,"stageTime":"PT1H47M51.6S","penaltyTimeMs":0,"penaltyTime":"PT0S","totalTimeMs":6471600,"totalTime":"PT1H47M51.6S","position":26,"diffFirstMs":998600,"diffFirst":"PT16M38.6S","diffPrevMs":4900,"diffPrev":"PT4.9S"},{"entryId":20091,"stageTimeMs":6496400,"stageTime":"PT1H48M16.4S","penaltyTimeMs":0,"penaltyTime":"PT0S","totalTimeMs":6496400,"totalTime":"PT1H48M16.4S","position":27,"diffFirstMs":1023400,"diffFirst":"PT17M3.4S","diffPrevMs":24800,"diffPrev":"PT24.8S"},{"entryId":20060,"stageTimeMs":6511600,"stageTime":"PT1H48M31.6S","penaltyTimeMs":0,"penaltyTime":"PT0S","totalTimeMs":6511600,"totalTime":"PT1H48M31.6S","position":28,"diffFirstMs":1038600,"diffFirst":"PT17M18.6S","diffPrevMs":15200,"diffPrev":"PT15.2S"},{"entryId":20092,"stageTimeMs":6471800,"stageTime":"PT1H47M51.8S","penaltyTimeMs":40000,"penaltyTime":"PT40S","totalTimeMs":6511800,"totalTime":"PT1H48M31.8S","position":29,"diffFirstMs":1038800,"diffFirst":"PT17M18.8S","diffPrevMs":200,"diffPrev":"PT0.2S"},{"entryId":20106,"stageTimeMs":6538600,"stageTime":"PT1H48M58.6S","penaltyTimeMs":0,"penaltyTime":"PT0S","totalTimeMs":6538600,"totalTime":"PT1H48M58.6S","position":30,"diffFirstMs":1065600,"diffFirst":"PT17M45.6S","diffPrevMs":26800,"diffPrev":"PT26.8S"},{"entryId":20081,"stageTimeMs":6564000,"stageTime":"PT1H49M24S","penaltyTimeMs":0,"penaltyTime":"PT0S","totalTimeMs":6564000,"totalTime":"PT1H49M24S","position":31,"diffFirstMs":1091000,"diffFirst":"PT18M11S","diffPrevMs":25400,"diffPrev":"PT25.4S"},{"entryId":20107,"stageTimeMs":6584500,"stageTime":"PT1H49M44.5S","penaltyTimeMs":0,"penaltyTime":"PT0S","totalTimeMs":6584500,"totalTime":"PT1H49M44.5S","position":32,"diffFirstMs":1111500,"diffFirst":"PT18M31.5S","diffPrevMs":20500,"diffPrev":"PT20.5S"},{"entryId":20100,"stageTimeMs":6586300,"stageTime":"PT1H49M46.3S","penaltyTimeMs":0,"penaltyTime":"PT0S","totalTimeMs":6586300,"totalTime":"PT1H49M46.3S","position":33,"diffFirstMs":1113300,"diffFirst":"PT18M33.3S","diffPrevMs":1800,"diffPrev":"PT1.8S"},{"entryId":20109,"stageTimeMs":6598700,"stageTime":"PT1H49M58.7S","penaltyTimeMs":0,"penaltyTime":"PT0S","totalTimeMs":6598700,"totalTime":"PT1H49M58.7S","position":34,"diffFirstMs":1125700,"diffFirst":"PT18M45.7S","diffPrevMs":12400,"diffPrev":"PT12.4S"},{"entryId":20104,"stageTimeMs":6688600,"stageTime":"PT1H51M28.6S","penaltyTimeMs":0,"penaltyTime":"PT0S","totalTimeMs":6688600,"totalTime":"PT1H51M28.6S","position":35,"diffFirstMs":1215600,"diffFirst":"PT20M15.6S","diffPrevMs":89900,"diffPrev":"PT1M29.9S"},{"entryId":20112,"stageTimeMs":6902700,"stageTime":"PT1H55M2.7S","penaltyTimeMs":0,"penaltyTime":"PT0S","totalTimeMs":6902700,"totalTime":"PT1H55M2.7S","position":36,"diffFirstMs":1429700,"diffFirst":"PT23M49.7S","diffPrevMs":214100,"diffPrev":"PT3M34.1S"},{"entryId":20087,"stageTimeMs":6952800,"stageTime":"PT1H55M52.8S","penaltyTimeMs":0,"penaltyTime":"PT0S","totalTimeMs":6952800,"totalTime":"PT1H55M52.8S","position":37,"diffFirstMs":1479800,"diffFirst":"PT24M39.8S","diffPrevMs":50100,"diffPrev":"PT50.1S"},{"entryId":20105,"stageTimeMs":7041200,"stageTime":"PT1H57M21.2S","penaltyTimeMs":0,"penaltyTime":"PT0S","totalTimeMs":7041200,"totalTime":"PT1H57M21.2S","position":38,"diffFirstMs":1568200,"diffFirst":"PT26M8.2S","diffPrevMs":88400,"diffPrev":"PT1M28.4S"},{"entryId":20089,"stageTimeMs":7102200,"stageTime":"PT1H58M22.2S","penaltyTimeMs":0,"penaltyTime":"PT0S","totalTimeMs":7102200,"totalTime":"PT1H58M22.2S","position":39,"diffFirstMs":1629200,"diffFirst":"PT27M9.2S","diffPrevMs":61000,"diffPrev":"PT1M1S"},{"entryId":20072,"stageTimeMs":7113100,"stageTime":"PT1H58M33.1S","penaltyTimeMs":0,"penaltyTime":"PT0S","totalTimeMs":7113100,"totalTime":"PT1H58M33.1S","position":40,"diffFirstMs":1640100,"diffFirst":"PT27M20.1S","diffPrevMs":10900,"diffPrev":"PT10.9S"},{"entryId":20086,"stageTimeMs":7157400,"stageTime":"PT1H59M17.4S","penaltyTimeMs":0,"penaltyTime":"PT0S","totalTimeMs":7157400,"totalTime":"PT1H59M17.4S","position":41,"diffFirstMs":1684400,"diffFirst":"PT28M4.4S","diffPrevMs":44300,"diffPrev":"PT44.3S"},{"entryId":20113,"stageTimeMs":7410600,"stageTime":"PT2H3M30.6S","penaltyTimeMs":0,"penaltyTime":"PT0S","totalTimeMs":7410600,"totalTime":"PT2H3M30.6S","position":42,"diffFirstMs":1937600,"diffFirst":"PT32M17.6S","diffPrevMs":253200,"diffPrev":"PT4M13.2S"},{"entryId":20088,"stageTimeMs":7437400,"stageTime":"PT2H3M57.4S","penaltyTimeMs":0,"penaltyTime":"PT0S","totalTimeMs":7437400,"totalTime":"PT2H3M57.4S","position":43,"diffFirstMs":1964400,"diffFirst":"PT32M44.4S","diffPrevMs":26800,"diffPrev":"PT26.8S"},{"entryId":20110,"stageTimeMs":7594100,"stageTime":"PT2H6M34.1S","penaltyTimeMs":0,"penaltyTime":"PT0S","totalTimeMs":7594100,"totalTime":"PT2H6M34.1S","position":44,"diffFirstMs":2121100,"diffFirst":"PT35M21.1S","diffPrevMs":156700,"diffPrev":"PT2M36.7S"},{"entryId":20084,"stageTimeMs":7649800,"stageTime":"PT2H7M29.8S","penaltyTimeMs":0,"penaltyTime":"PT0S","totalTimeMs":7649800,"totalTime":"PT2H7M29.8S","position":45,"diffFirstMs":2176800,"diffFirst":"PT36M16.8S","diffPrevMs":55700,"diffPrev":"PT55.7S"},{"entryId":20111,"stageTimeMs":7657100,"stageTime":"PT2H7M37.1S","penaltyTimeMs":0,"penaltyTime":"PT0S","totalTimeMs":7657100,"totalTime":"PT2H7M37.1S","position":46,"diffFirstMs":2184100,"diffFirst":"PT36M24.1S","diffPrevMs":7300,"diffPrev":"PT7.3S"},{"entryId":20114,"stageTimeMs":7904900,"stageTime":"PT2H11M44.9S","penaltyTimeMs":0,"penaltyTime":"PT0S","totalTimeMs":7904900,"totalTime":"PT2H11M44.9S","position":47,"diffFirstMs":2431900,"diffFirst":"PT40M31.9S","diffPrevMs":247800,"diffPrev":"PT4M7.8S"},{"entryId":20115,"stageTimeMs":8029900,"stageTime":"PT2H13M49.9S","penaltyTimeMs":20000,"penaltyTime":"PT20S","totalTimeMs":8049900,"totalTime":"PT2H14M9.9S","position":48,"diffFirstMs":2576900,"diffFirst":"PT42M56.9S","diffPrevMs":145000,"diffPrev":"PT2M25S"},{"entryId":20103,"stageTimeMs":8233500,"stageTime":"PT2H17M13.5S","penaltyTimeMs":60000,"penaltyTime":"PT1M","totalTimeMs":8293500,"totalTime":"PT2H18M13.5S","position":49,"diffFirstMs":2820500,"diffFirst":"PT47M0.5S","diffPrevMs":243600,"diffPrev":"PT4M3.6S"},{"entryId":20083,"stageTimeMs":9024600,"stageTime":"PT2H30M24.6S","penaltyTimeMs":0,"penaltyTime":"PT0S","totalTimeMs":9024600,"totalTime":"PT2H30M24.6S","position":50,"diffFirstMs":3551600,"diffFirst":"PT59M11.6S","diffPrevMs":731100,"diffPrev":"PT12M11.1S"},{"entryId":20073,"stageTimeMs":9658900,"stageTime":"PT2H40M58.9S","penaltyTimeMs":0,"penaltyTime":"PT0S","totalTimeMs":9658900,"totalTime":"PT2H40M58.9S","position":51,"diffFirstMs":4185900,"diffFirst":"PT1H9M45.9S","diffPrevMs":634300,"diffPrev":"PT10M34.3S"},{"entryId":20101,"stageTimeMs":10091700,"stageTime":"PT2H48M11.7S","penaltyTimeMs":50000,"penaltyTime":"PT50S","totalTimeMs":10141700,"totalTime":"PT2H49M1.7S","position":52,"diffFirstMs":4668700,"diffFirst":"PT1H17M48.7S","diffPrevMs":482800,"diffPrev":"PT8M2.8S"},{"entryId":20102,"stageTimeMs":10351400,"stageTime":"PT2H52M31.4S","penaltyTimeMs":0,"penaltyTime":"PT0S","totalTimeMs":10351400,"totalTime":"PT2H52M31.4S","position":53,"diffFirstMs":4878400,"diffFirst":"PT1H21M18.4S","diffPrevMs":209700,"diffPrev":"PT3M29.7S"},{"entryId":20077,"stageTimeMs":10748700,"stageTime":"PT2H59M8.7S","penaltyTimeMs":0,"penaltyTime":"PT0S","totalTimeMs":10748700,"totalTime":"PT2H59M8.7S","position":54,"diffFirstMs":5275700,"diffFirst":"PT1H27M55.7S","diffPrevMs":397300,"diffPrev":"PT6M37.3S"},{"entryId":20116,"stageTimeMs":11890400,"stageTime":"PT3H18M10.4S","penaltyTimeMs":0,"penaltyTime":"PT0S","totalTimeMs":11890400,"totalTime":"PT3H18M10.4S","position":55,"diffFirstMs":6417400,"diffFirst":"PT1H46M57.4S","diffPrevMs":1141700,"diffPrev":"PT19M1.7S"}]