{"splitPoints":[{"splitPointId":1845,"stageId":890,"number":1,"distance":4.36},{"splitPointId":1847,"stageId":890,"number":2,"distance":7.98},{"splitPointId":1848,"stageId":890,"number":3,"distance":10.94},{"splitPointId":1849,"stageId":890,"number":4,"distance":13.9},{"splitPointId":1851,"stageId":890,"number":5,"distance":15.0}],"controls":[{"controlId":3703,"eventId":78,"stageId":890,"type":"TimeControl","code":"TC12","location":"ST LEGER LES MELEZES","timingPrecision":"Minute","distance":37.89,"targetDuration":"01:15:00","targetDurationMs":4500000,"firstCarDueDateTime":"2019-01-26T13:02:00","firstCarDueDateTimeLocal":"2019-01-26T14:02:00+01:00","status":"Completed","controlPenalties":"All","roundingPolicy":"NoRounding","locked":false},{"controlId":3705,"eventId":78,"stageId":890,"type":"FlyingFinish","code":"SF12","location":"ST LEGER LES MELEZES - LA BATIE NEUVE 2","timingPrecision":"Tenth","distance":null,"targetDuration":null,"targetDurationMs":null,"firstCarDueDateTime":null,"firstCarDueDateTimeLocal":null,"status":"Completed","controlPenalties":"None","roundingPolicy":"NoRounding","locked":false},{"controlId":3716,"eventId":78,"stageId":890,"type":"StageStart","code":"SS12","location":"ST LEGER LES MELEZES - LA BATIE NEUVE 2","timingPrecision":"Minute","distance":16.87,"targetDuration":"00:06:00","targetDurationMs":360000,"firstCarDueDateTime":"2019-01-26T13:08:00","firstCarDueDateTimeLocal":"2019-01-26T14:08:00+01:00","status":"Completed","controlPenalties":"None","roundingPolicy":"RoundToClosestMinute","locked":false}],"stageId":890,"eventId":78,"number":12,"name":"ST LEGER LES MELEZES - LA BATIE NEUVE 2","distance":16.87,"status":"Completed","stageType":"SpecialStage","timingPrecision":"Tenth","locked":false,"code":"SS12"}