[{"stageTimeId":77984,"stageId":1330,"entryId":20122,"elapsedDurationMs":746400,"elapsedDuration":"00:12:26.4000000","status":"Completed","source":"Default","position":1,"diffFirstMs":0,"diffFirst":"00:00:00","diffPrevMs":0,"diffPrev":"00:00:00"},{"stageTimeId":78265,"stageId":1330,"entryId":20124,"elapsedDurationMs":748800,"elapsedDuration":"00:12:28.8000000","status":"Completed","source":"Default","position":2,"diffFirstMs":2400,"diffFirst":"00:00:02.4000000","diffPrevMs":2400,"diffPrev":"00:00:02.4000000"},{"stageTimeId":78163,"stageId":1330,"entryId":20121,"elapsedDurationMs":752600,"elapsedDuration":"00:12:32.6000000","status":"Completed","source":"Default","position":3,"diffFirstMs":6200,"diffFirst":"00:00:06.2000000","diffPrevMs":3800,"diffPrev":"00:00:03.8000000"},{"stageTimeId":78247,"stageId":1330,"entryId":20120,"elapsedDurationMs":754000,"elapsedDuration":"00:12:34","status":"Completed","source":"Default","position":4,"diffFirstMs":7600,"diffFirst":"00:00:07.6000000","diffPrevMs":1400,"diffPrev":"00:00:01.4000000"},{"stageTimeId":78169,"stageId":1330,"entryId":20123,"elapsedDurationMs":754100,"elapsedDuration":"00:12:34.1000000","status":"Completed","source":"Default","position":5,"diffFirstMs":7700,"diffFirst":"00:00:07.7000000","diffPrevMs":100,"diffPrev":"00:00:00.1000000"},{"stageTimeId":78271,"stageId":1330,"entryId":20117,"elapsedDurationMs":755200,"elapsedDuration":"00:12:35.2000000","status":"Completed","source":"Default","position":6,"diffFirstMs":8800,"diffFirst":"00:00:08.8000000","diffPrevMs":1100,"diffPrev":"00:00:01.1000000"},{"stageTimeId":78259,"stageId":1330,"entryId":20127,"elapsedDurationMs":755800,"elapsedDuration":"00:12:35.8000000","status":"Completed","source":"Default","position":7,"diffFirstMs":9400,"diffFirst":"00:00:09.4000000","diffPrevMs":600,"diffPrev":"00:00:00.6000000"},{"stageTimeId":78208,"stageId":1330,"entryId":20119,"elapsedDurationMs":756800,"elapsedDuration":"00:12:36.8000000","status":"Completed","source":"Default","position":8,"diffFirstMs":10400,"diffFirst":"00:00:10.4000000","diffPrevMs":1000,"diffPrev":"00:00:01"},{"stageTimeId":78157,"stageId":1330,"entryId":20126,"elapsedDurationMs":765000,"elapsedDuration":"00:12:45","status":"Completed","source":"Default","position":9,"diffFirstMs":18600,"diffFirst":"00:00:18.6000000","diffPrevMs":8200,"diffPrev":"00:00:08.2000000"},{"stageTimeId":78145,"stageId":1330,"entryId":20128,"elapsedDurationMs":784000,"elapsedDuration":"00:13:04","status":"Completed","source":"Default","position":10,"diffFirstMs":37600,"diffFirst":"00:00:37.6000000","diffPrevMs":19000,"diffPrev":"00:00:19"},{"stageTimeId":78211,"stageId":1330,"entryId":20142,"elapsedDurationMs":787000,"elapsedDuration":"00:13:07","status":"Completed","source":"Default","position":11,"diffFirstMs":40600,"diffFirst":"00:00:40.6000000","diffPrevMs":3000,"diffPrev":"00:00:03"},{"stageTimeId":78198,"stageId":1330,"entryId":20130,"elapsedDurationMs":788300,"elapsedDuration":"00:13:08.3000000","status":"Completed","source":"Default","position":12,"diffFirstMs":41900,"diffFirst":"00:00:41.9000000","diffPrevMs":1300,"diffPrev":"00:00:01.3000000"},{"stageTimeId":78204,"stageId":1330,"entryId":20129,"elapsedDurationMs":791700,"elapsedDuration":"00:13:11.7000000","status":"Completed","source":"Default","position":13,"diffFirstMs":45300,"diffFirst":"00:00:45.3000000","diffPrevMs":3400,"diffPrev":"00:00:03.4000000"},{"stageTimeId":77988,"stageId":1330,"entryId":20139,"elapsedDurationMs":792600,"elapsedDuration":"00:13:12.6000000","status":"Completed","source":"Default","position":14,"diffFirstMs":46200,"diffFirst":"00:00:46.2000000","diffPrevMs":900,"diffPrev":"00:00:00.9000000"},{"stageTimeId":78217,"stageId":1330,"entryId":20144,"elapsedDurationMs":796300,"elapsedDuration":"00:13:16.3000000","status":"Completed","source":"Default","position":15,"diffFirstMs":49900,"diffFirst":"00:00:49.9000000","diffPrevMs":3700,"diffPrev":"00:00:03.7000000"},{"stageTimeId":78192,"stageId":1330,"entryId":20131,"elapsedDurationMs":797400,"elapsedDuration":"00:13:17.4000000","status":"Completed","source":"Default","position":16,"diffFirstMs":51000,"diffFirst":"00:00:51","diffPrevMs":1100,"diffPrev":"00:00:01.1000000"},{"stageTimeId":77978,"stageId":1330,"entryId":20143,"elapsedDurationMs":797900,"elapsedDuration":"00:13:17.9000000","status":"Completed","source":"Default","position":17,"diffFirstMs":51500,"diffFirst":"00:00:51.5000000","diffPrevMs":500,"diffPrev":"00:00:00.5000000"},{"stageTimeId":78151,"stageId":1330,"entryId":20125,"elapsedDurationMs":798200,"elapsedDuration":"00:13:18.2000000","status":"Completed","source":"Default","position":18,"diffFirstMs":51800,"diffFirst":"00:00:51.8000000","diffPrevMs":300,"diffPrev":"00:00:00.3000000"},{"stageTimeId":78088,"stageId":1330,"entryId":20149,"elapsedDurationMs":804500,"elapsedDuration":"00:13:24.5000000","status":"Completed","source":"Default","position":19,"diffFirstMs":58100,"diffFirst":"00:00:58.1000000","diffPrevMs":6300,"diffPrev":"00:00:06.3000000"},{"stageTimeId":78012,"stageId":1330,"entryId":20134,"elapsedDurationMs":805800,"elapsedDuration":"00:13:25.8000000","status":"Completed","source":"Default","position":20,"diffFirstMs":59400,"diffFirst":"00:00:59.4000000","diffPrevMs":1300,"diffPrev":"00:00:01.3000000"},{"stageTimeId":78111,"stageId":1330,"entryId":20151,"elapsedDurationMs":806700,"elapsedDuration":"00:13:26.7000000","status":"Completed","source":"Default","position":21,"diffFirstMs":60300,"diffFirst":"00:01:00.3000000","diffPrevMs":900,"diffPrev":"00:00:00.9000000"},{"stageTimeId":78002,"stageId":1330,"entryId":20137,"elapsedDurationMs":811700,"elapsedDuration":"00:13:31.7000000","status":"Completed","source":"Default","position":22,"diffFirstMs":65300,"diffFirst":"00:01:05.3000000","diffPrevMs":5000,"diffPrev":"00:00:05"},{"stageTimeId":78180,"stageId":1330,"entryId":20133,"elapsedDurationMs":812500,"elapsedDuration":"00:13:32.5000000","status":"Completed","source":"Default","position":23,"diffFirstMs":66100,"diffFirst":"00:01:06.1000000","diffPrevMs":800,"diffPrev":"00:00:00.8000000"},{"stageTimeId":78008,"stageId":1330,"entryId":20138,"elapsedDurationMs":813500,"elapsedDuration":"00:13:33.5000000","status":"Completed","source":"Default","position":24,"diffFirstMs":67100,"diffFirst":"00:01:07.1000000","diffPrevMs":1000,"diffPrev":"00:00:01"},{"stageTimeId":77996,"stageId":1330,"entryId":20136,"elapsedDurationMs":813500,"elapsedDuration":"00:13:33.5000000","status":"Completed","source":"Default","position":25,"diffFirstMs":67100,"diffFirst":"00:01:07.1000000","diffPrevMs":0,"diffPrev":"00:00:00"},{"stageTimeId":78229,"stageId":1330,"entryId":20145,"elapsedDurationMs":819700,"elapsedDuration":"00:13:39.7000000","status":"Completed","source":"Default","position":26,"diffFirstMs":73300,"diffFirst":"00:01:13.3000000","diffPrevMs":6200,"diffPrev":"00:00:06.2000000"},{"stageTimeId":77972,"stageId":1330,"entryId":20140,"elapsedDurationMs":820800,"elapsedDuration":"00:13:40.8000000","status":"Completed","source":"Default","position":27,"diffFirstMs":74400,"diffFirst":"00:01:14.4000000","diffPrevMs":1100,"diffPrev":"00:00:01.1000000"},{"stageTimeId":77967,"stageId":1330,"entryId":20135,"elapsedDurationMs":835100,"elapsedDuration":"00:13:55.1000000","status":"Completed","source":"Default","position":28,"diffFirstMs":88700,"diffFirst":"00:01:28.7000000","diffPrevMs":14300,"diffPrev":"00:00:14.3000000"},{"stageTimeId":78082,"stageId":1330,"entryId":20150,"elapsedDurationMs":835900,"elapsedDuration":"00:13:55.9000000","status":"Completed","source":"Default","position":29,"diffFirstMs":89500,"diffFirst":"00:01:29.5000000","diffPrevMs":800,"diffPrev":"00:00:00.8000000"},{"stageTimeId":78129,"stageId":1330,"entryId":20157,"elapsedDurationMs":861200,"elapsedDuration":"00:14:21.2000000","status":"Completed","source":"Default","position":30,"diffFirstMs":114800,"diffFirst":"00:01:54.8000000","diffPrevMs":25300,"diffPrev":"00:00:25.3000000"},{"stageTimeId":78100,"stageId":1330,"entryId":20141,"elapsedDurationMs":867400,"elapsedDuration":"00:14:27.4000000","status":"Completed","source":"Default","position":31,"diffFirstMs":121000,"diffFirst":"00:02:01","diffPrevMs":6200,"diffPrev":"00:00:06.2000000"},{"stageTimeId":78034,"stageId":1330,"entryId":20159,"elapsedDurationMs":873400,"elapsedDuration":"00:14:33.4000000","status":"Completed","source":"Default","position":32,"diffFirstMs":127000,"diffFirst":"00:02:07","diffPrevMs":6000,"diffPrev":"00:00:06"},{"stageTimeId":78040,"stageId":1330,"entryId":20156,"elapsedDurationMs":880600,"elapsedDuration":"00:14:40.6000000","status":"Completed","source":"Default","position":33,"diffFirstMs":134200,"diffFirst":"00:02:14.2000000","diffPrevMs":7200,"diffPrev":"00:00:07.2000000"},{"stageTimeId":78123,"stageId":1330,"entryId":20153,"elapsedDurationMs":893000,"elapsedDuration":"00:14:53","status":"Completed","source":"Default","position":34,"diffFirstMs":146600,"diffFirst":"00:02:26.6000000","diffPrevMs":12400,"diffPrev":"00:00:12.4000000"},{"stageTimeId":78079,"stageId":1330,"entryId":20155,"elapsedDurationMs":896600,"elapsedDuration":"00:14:56.6000000","status":"Completed","source":"Default","position":35,"diffFirstMs":150200,"diffFirst":"00:02:30.2000000","diffPrevMs":3600,"diffPrev":"00:00:03.6000000"},{"stageTimeId":78186,"stageId":1330,"entryId":20132,"elapsedDurationMs":902500,"elapsedDuration":"00:15:02.5000000","status":"Completed","source":"Default","position":36,"diffFirstMs":156100,"diffFirst":"00:02:36.1000000","diffPrevMs":5900,"diffPrev":"00:00:05.9000000"},{"stageTimeId":78016,"stageId":1330,"entryId":20163,"elapsedDurationMs":912200,"elapsedDuration":"00:15:12.2000000","status":"Completed","source":"Default","position":37,"diffFirstMs":165800,"diffFirst":"00:02:45.8000000","diffPrevMs":9700,"diffPrev":"00:00:09.7000000"},{"stageTimeId":78117,"stageId":1330,"entryId":20154,"elapsedDurationMs":924100,"elapsedDuration":"00:15:24.1000000","status":"Completed","source":"Default","position":38,"diffFirstMs":177700,"diffFirst":"00:02:57.7000000","diffPrevMs":11900,"diffPrev":"00:00:11.9000000"},{"stageTimeId":78108,"stageId":1330,"entryId":20147,"elapsedDurationMs":925100,"elapsedDuration":"00:15:25.1000000","status":"Completed","source":"Default","position":39,"diffFirstMs":178700,"diffFirst":"00:02:58.7000000","diffPrevMs":1000,"diffPrev":"00:00:01"},{"stageTimeId":78051,"stageId":1330,"entryId":20168,"elapsedDurationMs":940200,"elapsedDuration":"00:15:40.2000000","status":"Completed","source":"Default","position":40,"diffFirstMs":193800,"diffFirst":"00:03:13.8000000","diffPrevMs":15100,"diffPrev":"00:00:15.1000000"},{"stageTimeId":78063,"stageId":1330,"entryId":20166,"elapsedDurationMs":951400,"elapsedDuration":"00:15:51.4000000","status":"Completed","source":"Default","position":41,"diffFirstMs":205000,"diffFirst":"00:03:25","diffPrevMs":11200,"diffPrev":"00:00:11.2000000"},{"stageTimeId":78029,"stageId":1330,"entryId":20160,"elapsedDurationMs":955900,"elapsedDuration":"00:15:55.9000000","status":"Completed","source":"Default","position":42,"diffFirstMs":209500,"diffFirst":"00:03:29.5000000","diffPrevMs":4500,"diffPrev":"00:00:04.5000000"},{"stageTimeId":78142,"stageId":1330,"entryId":20169,"elapsedDurationMs":969100,"elapsedDuration":"00:16:09.1000000","status":"Completed","source":"Default","position":43,"diffFirstMs":222700,"diffFirst":"00:03:42.7000000","diffPrevMs":13200,"diffPrev":"00:00:13.2000000"},{"stageTimeId":78075,"stageId":1330,"entryId":20164,"elapsedDurationMs":982500,"elapsedDuration":"00:16:22.5000000","status":"Completed","source":"Default","position":44,"diffFirstMs":236100,"diffFirst":"00:03:56.1000000","diffPrevMs":13400,"diffPrev":"00:00:13.4000000"},{"stageTimeId":78069,"stageId":1330,"entryId":20165,"elapsedDurationMs":995000,"elapsedDuration":"00:16:35","status":"Completed","source":"Default","position":45,"diffFirstMs":248600,"diffFirst":"00:04:08.6000000","diffPrevMs":12500,"diffPrev":"00:00:12.5000000"},{"stageTimeId":78235,"stageId":1330,"entryId":20170,"elapsedDurationMs":1114900,"elapsedDuration":"00:18:34.9000000","status":"Completed","source":"Default","position":46,"diffFirstMs":368500,"diffFirst":"00:06:08.5000000","diffPrevMs":119900,"diffPrev":"00:01:59.9000000"},{"stageTimeId":78253,"stageId":1330,"entryId":20118,"elapsedDurationMs":1166400,"elapsedDuration":"00:19:26.4000000","status":"Completed","source":"Assessed","position":47,"diffFirstMs":420000,"diffFirst":"00:07:00","diffPrevMs":51500,"diffPrev":"00:00:51.5000000"},{"stageTimeId":78106,"stageId":1330,"entryId":20146,"elapsedDurationMs":1207000,"elapsedDuration":"00:20:07","status":"Completed","source":"Assessed","position":48,"diffFirstMs":460600,"diffFirst":"00:07:40.6000000","diffPrevMs":40600,"diffPrev":"00:00:40.6000000"},{"stageTimeId":78057,"stageId":1330,"entryId":20167,"elapsedDurationMs":1293400,"elapsedDuration":"00:21:33.4000000","status":"Completed","source":"Assessed","position":49,"diffFirstMs":547000,"diffFirst":"00:09:07","diffPrevMs":86400,"diffPrev":"00:01:26.4000000"},{"stageTimeId":78022,"stageId":1330,"entryId":20162,"elapsedDurationMs":1300600,"elapsedDuration":"00:21:40.6000000","status":"Completed","source":"Assessed","position":50,"diffFirstMs":554200,"diffFirst":"00:09:14.2000000","diffPrevMs":7200,"diffPrev":"00:00:07.2000000"},{"stageTimeId":78223,"stageId":1330,"entryId":20171,"elapsedDurationMs":1332200,"elapsedDuration":"00:22:12.2000000","status":"Completed","source":"Assessed","position":51,"diffFirstMs":585800,"diffFirst":"00:09:45.8000000","diffPrevMs":31600,"diffPrev":"00:00:31.6000000"},{"stageTimeId":78135,"stageId":1330,"entryId":20152,"elapsedDurationMs":null,"elapsedDuration":null,"status":"DNS","source":"Default","position":null,"diffFirstMs":null,"diffFirst":null,"diffPrevMs":null,"diffPrev":null}]