[{"stageTimeId":55517,"stageId":906,"entryId":3532,"elapsedDurationMs":666300,"elapsedDuration":"00:11:06.3000000","status":"Completed","source":"Default","position":1,"diffFirstMs":0,"diffFirst":"00:00:00","diffPrevMs":0,"diffPrev":"00:00:00"},{"stageTimeId":55520,"stageId":906,"entryId":3526,"elapsedDurationMs":666500,"elapsedDuration":"00:11:06.5000000","status":"Completed","source":"Default","position":2,"diffFirstMs":200,"diffFirst":"00:00:00.2000000","diffPrevMs":200,"diffPrev":"00:00:00.2000000"},{"stageTimeId":55529,"stageId":906,"entryId":3528,"elapsedDurationMs":674900,"elapsedDuration":"00:11:14.9000000","status":"Completed","source":"Default","position":3,"diffFirstMs":8600,"diffFirst":"00:00:08.6000000","diffPrevMs":8400,"diffPrev":"00:00:08.4000000"},{"stageTimeId":55532,"stageId":906,"entryId":3533,"elapsedDurationMs":675100,"elapsedDuration":"00:11:15.1000000","status":"Completed","source":"Default","position":4,"diffFirstMs":8800,"diffFirst":"00:00:08.8000000","diffPrevMs":200,"diffPrev":"00:00:00.2000000"},{"stageTimeId":55485,"stageId":906,"entryId":3531,"elapsedDurationMs":676000,"elapsedDuration":"00:11:16","status":"Completed","source":"Default","position":5,"diffFirstMs":9700,"diffFirst":"00:00:09.7000000","diffPrevMs":900,"diffPrev":"00:00:00.9000000"},{"stageTimeId":55536,"stageId":906,"entryId":3535,"elapsedDurationMs":676300,"elapsedDuration":"00:11:16.3000000","status":"Completed","source":"Default","position":6,"diffFirstMs":10000,"diffFirst":"00:00:10","diffPrevMs":300,"diffPrev":"00:00:00.3000000"},{"stageTimeId":55538,"stageId":906,"entryId":3529,"elapsedDurationMs":676700,"elapsedDuration":"00:11:16.7000000","status":"Completed","source":"Default","position":7,"diffFirstMs":10400,"diffFirst":"00:00:10.4000000","diffPrevMs":400,"diffPrev":"00:00:00.4000000"},{"stageTimeId":55527,"stageId":906,"entryId":3527,"elapsedDurationMs":681200,"elapsedDuration":"00:11:21.2000000","status":"Completed","source":"Default","position":8,"diffFirstMs":14900,"diffFirst":"00:00:14.9000000","diffPrevMs":4500,"diffPrev":"00:00:04.5000000"},{"stageTimeId":55541,"stageId":906,"entryId":3534,"elapsedDurationMs":681700,"elapsedDuration":"00:11:21.7000000","status":"Completed","source":"Default","position":9,"diffFirstMs":15400,"diffFirst":"00:00:15.4000000","diffPrevMs":500,"diffPrev":"00:00:00.5000000"},{"stageTimeId":55507,"stageId":906,"entryId":3538,"elapsedDurationMs":681700,"elapsedDuration":"00:11:21.7000000","status":"Completed","source":"Default","position":10,"diffFirstMs":15400,"diffFirst":"00:00:15.4000000","diffPrevMs":0,"diffPrev":"00:00:00"},{"stageTimeId":55524,"stageId":906,"entryId":3530,"elapsedDurationMs":685300,"elapsedDuration":"00:11:25.3000000","status":"Completed","source":"Default","position":11,"diffFirstMs":19000,"diffFirst":"00:00:19","diffPrevMs":3600,"diffPrev":"00:00:03.6000000"},{"stageTimeId":55523,"stageId":906,"entryId":3537,"elapsedDurationMs":688300,"elapsedDuration":"00:11:28.3000000","status":"Completed","source":"Default","position":12,"diffFirstMs":22000,"diffFirst":"00:00:22","diffPrevMs":3000,"diffPrev":"00:00:03"},{"stageTimeId":55489,"stageId":906,"entryId":3546,"elapsedDurationMs":699900,"elapsedDuration":"00:11:39.9000000","status":"Completed","source":"Default","position":13,"diffFirstMs":33600,"diffFirst":"00:00:33.6000000","diffPrevMs":11600,"diffPrev":"00:00:11.6000000"},{"stageTimeId":55511,"stageId":906,"entryId":3539,"elapsedDurationMs":700800,"elapsedDuration":"00:11:40.8000000","status":"Completed","source":"Default","position":14,"diffFirstMs":34500,"diffFirst":"00:00:34.5000000","diffPrevMs":900,"diffPrev":"00:00:00.9000000"},{"stageTimeId":55502,"stageId":906,"entryId":3550,"elapsedDurationMs":703800,"elapsedDuration":"00:11:43.8000000","status":"Completed","source":"Default","position":15,"diffFirstMs":37500,"diffFirst":"00:00:37.5000000","diffPrevMs":3000,"diffPrev":"00:00:03"},{"stageTimeId":55514,"stageId":906,"entryId":3536,"elapsedDurationMs":707700,"elapsedDuration":"00:11:47.7000000","status":"Completed","source":"Default","position":16,"diffFirstMs":41400,"diffFirst":"00:00:41.4000000","diffPrevMs":3900,"diffPrev":"00:00:03.9000000"},{"stageTimeId":55493,"stageId":906,"entryId":3551,"elapsedDurationMs":710700,"elapsedDuration":"00:11:50.7000000","status":"Completed","source":"Default","position":17,"diffFirstMs":44400,"diffFirst":"00:00:44.4000000","diffPrevMs":3000,"diffPrev":"00:00:03"},{"stageTimeId":55479,"stageId":906,"entryId":3541,"elapsedDurationMs":711300,"elapsedDuration":"00:11:51.3000000","status":"Completed","source":"Default","position":18,"diffFirstMs":45000,"diffFirst":"00:00:45","diffPrevMs":600,"diffPrev":"00:00:00.6000000"},{"stageTimeId":55482,"stageId":906,"entryId":3540,"elapsedDurationMs":716400,"elapsedDuration":"00:11:56.4000000","status":"Completed","source":"Default","position":19,"diffFirstMs":50100,"diffFirst":"00:00:50.1000000","diffPrevMs":5100,"diffPrev":"00:00:05.1000000"},{"stageTimeId":55599,"stageId":906,"entryId":3562,"elapsedDurationMs":718600,"elapsedDuration":"00:11:58.6000000","status":"Completed","source":"Default","position":20,"diffFirstMs":52300,"diffFirst":"00:00:52.3000000","diffPrevMs":2200,"diffPrev":"00:00:02.2000000"},{"stageTimeId":55499,"stageId":906,"entryId":3552,"elapsedDurationMs":719000,"elapsedDuration":"00:11:59","status":"Completed","source":"Default","position":21,"diffFirstMs":52700,"diffFirst":"00:00:52.7000000","diffPrevMs":400,"diffPrev":"00:00:00.4000000"},{"stageTimeId":55473,"stageId":906,"entryId":3542,"elapsedDurationMs":720000,"elapsedDuration":"00:12:00","status":"Completed","source":"Default","position":22,"diffFirstMs":53700,"diffFirst":"00:00:53.7000000","diffPrevMs":1000,"diffPrev":"00:00:01"},{"stageTimeId":55496,"stageId":906,"entryId":3549,"elapsedDurationMs":720000,"elapsedDuration":"00:12:00","status":"Completed","source":"Default","position":23,"diffFirstMs":53700,"diffFirst":"00:00:53.7000000","diffPrevMs":0,"diffPrev":"00:00:00"},{"stageTimeId":55596,"stageId":906,"entryId":3545,"elapsedDurationMs":720600,"elapsedDuration":"00:12:00.6000000","status":"Completed","source":"Default","position":24,"diffFirstMs":54300,"diffFirst":"00:00:54.3000000","diffPrevMs":600,"diffPrev":"00:00:00.6000000"},{"stageTimeId":55490,"stageId":906,"entryId":3548,"elapsedDurationMs":721900,"elapsedDuration":"00:12:01.9000000","status":"Completed","source":"Default","position":25,"diffFirstMs":55600,"diffFirst":"00:00:55.6000000","diffPrevMs":1300,"diffPrev":"00:00:01.3000000"},{"stageTimeId":55476,"stageId":906,"entryId":3543,"elapsedDurationMs":725900,"elapsedDuration":"00:12:05.9000000","status":"Completed","source":"Default","position":26,"diffFirstMs":59600,"diffFirst":"00:00:59.6000000","diffPrevMs":4000,"diffPrev":"00:00:04"},{"stageTimeId":55593,"stageId":906,"entryId":3554,"elapsedDurationMs":726000,"elapsedDuration":"00:12:06","status":"Completed","source":"Default","position":27,"diffFirstMs":59700,"diffFirst":"00:00:59.7000000","diffPrevMs":100,"diffPrev":"00:00:00.1000000"},{"stageTimeId":55612,"stageId":906,"entryId":3547,"elapsedDurationMs":732800,"elapsedDuration":"00:12:12.8000000","status":"Completed","source":"Default","position":28,"diffFirstMs":66500,"diffFirst":"00:01:06.5000000","diffPrevMs":6800,"diffPrev":"00:00:06.8000000"},{"stageTimeId":55486,"stageId":906,"entryId":3544,"elapsedDurationMs":733300,"elapsedDuration":"00:12:13.3000000","status":"Completed","source":"Default","position":29,"diffFirstMs":67000,"diffFirst":"00:01:07","diffPrevMs":500,"diffPrev":"00:00:00.5000000"},{"stageTimeId":55586,"stageId":906,"entryId":3559,"elapsedDurationMs":744800,"elapsedDuration":"00:12:24.8000000","status":"Completed","source":"Default","position":30,"diffFirstMs":78500,"diffFirst":"00:01:18.5000000","diffPrevMs":11500,"diffPrev":"00:00:11.5000000"},{"stageTimeId":55589,"stageId":906,"entryId":3555,"elapsedDurationMs":747700,"elapsedDuration":"00:12:27.7000000","status":"Completed","source":"Default","position":31,"diffFirstMs":81400,"diffFirst":"00:01:21.4000000","diffPrevMs":2900,"diffPrev":"00:00:02.9000000"},{"stageTimeId":55619,"stageId":906,"entryId":3578,"elapsedDurationMs":761700,"elapsedDuration":"00:12:41.7000000","status":"Completed","source":"Default","position":32,"diffFirstMs":95400,"diffFirst":"00:01:35.4000000","diffPrevMs":14000,"diffPrev":"00:00:14"},{"stageTimeId":55603,"stageId":906,"entryId":3581,"elapsedDurationMs":763900,"elapsedDuration":"00:12:43.9000000","status":"Completed","source":"Default","position":33,"diffFirstMs":97600,"diffFirst":"00:01:37.6000000","diffPrevMs":2200,"diffPrev":"00:00:02.2000000"},{"stageTimeId":55621,"stageId":906,"entryId":3560,"elapsedDurationMs":769200,"elapsedDuration":"00:12:49.2000000","status":"Completed","source":"Default","position":34,"diffFirstMs":102900,"diffFirst":"00:01:42.9000000","diffPrevMs":5300,"diffPrev":"00:00:05.3000000"},{"stageTimeId":55610,"stageId":906,"entryId":3584,"elapsedDurationMs":770600,"elapsedDuration":"00:12:50.6000000","status":"Completed","source":"Default","position":35,"diffFirstMs":104300,"diffFirst":"00:01:44.3000000","diffPrevMs":1400,"diffPrev":"00:00:01.4000000"},{"stageTimeId":55568,"stageId":906,"entryId":3556,"elapsedDurationMs":779300,"elapsedDuration":"00:12:59.3000000","status":"Completed","source":"Default","position":36,"diffFirstMs":113000,"diffFirst":"00:01:53","diffPrevMs":8700,"diffPrev":"00:00:08.7000000"},{"stageTimeId":55447,"stageId":906,"entryId":3580,"elapsedDurationMs":779800,"elapsedDuration":"00:12:59.8000000","status":"Completed","source":"Default","position":37,"diffFirstMs":113500,"diffFirst":"00:01:53.5000000","diffPrevMs":500,"diffPrev":"00:00:00.5000000"},{"stageTimeId":55560,"stageId":906,"entryId":3563,"elapsedDurationMs":785000,"elapsedDuration":"00:13:05","status":"Completed","source":"Default","position":38,"diffFirstMs":118700,"diffFirst":"00:01:58.7000000","diffPrevMs":5200,"diffPrev":"00:00:05.2000000"},{"stageTimeId":55557,"stageId":906,"entryId":3568,"elapsedDurationMs":785900,"elapsedDuration":"00:13:05.9000000","status":"Completed","source":"Default","position":39,"diffFirstMs":119600,"diffFirst":"00:01:59.6000000","diffPrevMs":900,"diffPrev":"00:00:00.9000000"},{"stageTimeId":55545,"stageId":906,"entryId":3557,"elapsedDurationMs":788100,"elapsedDuration":"00:13:08.1000000","status":"Completed","source":"Default","position":40,"diffFirstMs":121800,"diffFirst":"00:02:01.8000000","diffPrevMs":2200,"diffPrev":"00:00:02.2000000"},{"stageTimeId":55551,"stageId":906,"entryId":3564,"elapsedDurationMs":793100,"elapsedDuration":"00:13:13.1000000","status":"Completed","source":"Default","position":41,"diffFirstMs":126800,"diffFirst":"00:02:06.8000000","diffPrevMs":5000,"diffPrev":"00:00:05"},{"stageTimeId":55616,"stageId":906,"entryId":3561,"elapsedDurationMs":799300,"elapsedDuration":"00:13:19.3000000","status":"Completed","source":"Default","position":42,"diffFirstMs":133000,"diffFirst":"00:02:13","diffPrevMs":6200,"diffPrev":"00:00:06.2000000"},{"stageTimeId":55571,"stageId":906,"entryId":3586,"elapsedDurationMs":800700,"elapsedDuration":"00:13:20.7000000","status":"Completed","source":"Default","position":43,"diffFirstMs":134400,"diffFirst":"00:02:14.4000000","diffPrevMs":1400,"diffPrev":"00:00:01.4000000"},{"stageTimeId":55548,"stageId":906,"entryId":3565,"elapsedDurationMs":804500,"elapsedDuration":"00:13:24.5000000","status":"Completed","source":"Default","position":44,"diffFirstMs":138200,"diffFirst":"00:02:18.2000000","diffPrevMs":3800,"diffPrev":"00:00:03.8000000"},{"stageTimeId":55564,"stageId":906,"entryId":3558,"elapsedDurationMs":807200,"elapsedDuration":"00:13:27.2000000","status":"Completed","source":"Default","position":45,"diffFirstMs":140900,"diffFirst":"00:02:20.9000000","diffPrevMs":2700,"diffPrev":"00:00:02.7000000"},{"stageTimeId":55607,"stageId":906,"entryId":3566,"elapsedDurationMs":813300,"elapsedDuration":"00:13:33.3000000","status":"Completed","source":"Default","position":46,"diffFirstMs":147000,"diffFirst":"00:02:27","diffPrevMs":6100,"diffPrev":"00:00:06.1000000"},{"stageTimeId":55585,"stageId":906,"entryId":3567,"elapsedDurationMs":822200,"elapsedDuration":"00:13:42.2000000","status":"Completed","source":"Default","position":47,"diffFirstMs":155900,"diffFirst":"00:02:35.9000000","diffPrevMs":8900,"diffPrev":"00:00:08.9000000"},{"stageTimeId":55577,"stageId":906,"entryId":3575,"elapsedDurationMs":823500,"elapsedDuration":"00:13:43.5000000","status":"Completed","source":"Default","position":48,"diffFirstMs":157200,"diffFirst":"00:02:37.2000000","diffPrevMs":1300,"diffPrev":"00:00:01.3000000"},{"stageTimeId":55463,"stageId":906,"entryId":3571,"elapsedDurationMs":831500,"elapsedDuration":"00:13:51.5000000","status":"Completed","source":"Default","position":49,"diffFirstMs":165200,"diffFirst":"00:02:45.2000000","diffPrevMs":8000,"diffPrev":"00:00:08"},{"stageTimeId":55582,"stageId":906,"entryId":3570,"elapsedDurationMs":836900,"elapsedDuration":"00:13:56.9000000","status":"Completed","source":"Default","position":50,"diffFirstMs":170600,"diffFirst":"00:02:50.6000000","diffPrevMs":5400,"diffPrev":"00:00:05.4000000"},{"stageTimeId":55457,"stageId":906,"entryId":3582,"elapsedDurationMs":837400,"elapsedDuration":"00:13:57.4000000","status":"Completed","source":"Default","position":51,"diffFirstMs":171100,"diffFirst":"00:02:51.1000000","diffPrevMs":500,"diffPrev":"00:00:00.5000000"},{"stageTimeId":55451,"stageId":906,"entryId":3574,"elapsedDurationMs":839700,"elapsedDuration":"00:13:59.7000000","status":"Completed","source":"Default","position":52,"diffFirstMs":173400,"diffFirst":"00:02:53.4000000","diffPrevMs":2300,"diffPrev":"00:00:02.3000000"},{"stageTimeId":55458,"stageId":906,"entryId":3573,"elapsedDurationMs":841000,"elapsedDuration":"00:14:01","status":"Completed","source":"Default","position":53,"diffFirstMs":174700,"diffFirst":"00:02:54.7000000","diffPrevMs":1300,"diffPrev":"00:00:01.3000000"},{"stageTimeId":55580,"stageId":906,"entryId":3569,"elapsedDurationMs":845100,"elapsedDuration":"00:14:05.1000000","status":"Completed","source":"Default","position":54,"diffFirstMs":178800,"diffFirst":"00:02:58.8000000","diffPrevMs":4100,"diffPrev":"00:00:04.1000000"},{"stageTimeId":55467,"stageId":906,"entryId":3587,"elapsedDurationMs":868800,"elapsedDuration":"00:14:28.8000000","status":"Completed","source":"Default","position":55,"diffFirstMs":202500,"diffFirst":"00:03:22.5000000","diffPrevMs":23700,"diffPrev":"00:00:23.7000000"},{"stageTimeId":55452,"stageId":906,"entryId":3572,"elapsedDurationMs":877700,"elapsedDuration":"00:14:37.7000000","status":"Completed","source":"Default","position":56,"diffFirstMs":211400,"diffFirst":"00:03:31.4000000","diffPrevMs":8900,"diffPrev":"00:00:08.9000000"},{"stageTimeId":55554,"stageId":906,"entryId":3576,"elapsedDurationMs":926700,"elapsedDuration":"00:15:26.7000000","status":"Completed","source":"Default","position":57,"diffFirstMs":260400,"diffFirst":"00:04:20.4000000","diffPrevMs":49000,"diffPrev":"00:00:49"},{"stageTimeId":55445,"stageId":906,"entryId":3583,"elapsedDurationMs":1269400,"elapsedDuration":"00:21:09.4000000","status":"Completed","source":"Default","position":58,"diffFirstMs":603100,"diffFirst":"00:10:03.1000000","diffPrevMs":342700,"diffPrev":"00:05:42.7000000"},{"stageTimeId":55574,"stageId":906,"entryId":3585,"elapsedDurationMs":null,"elapsedDuration":null,"status":"DNF","source":"Default","position":null,"diffFirstMs":null,"diffFirst":null,"diffPrevMs":null,"diffPrev":null}]