[{"stageTimeId":56358,"stageId":943,"entryId":19180,"elapsedDurationMs":1415000,"elapsedDuration":"00:23:35","status":"Completed","source":"Default","position":1,"diffFirstMs":0,"diffFirst":"00:00:00","diffPrevMs":0,"diffPrev":"00:00:00"},{"stageTimeId":56411,"stageId":943,"entryId":19184,"elapsedDurationMs":1415800,"elapsedDuration":"00:23:35.8000000","status":"Completed","source":"Default","position":2,"diffFirstMs":800,"diffFirst":"00:00:00.8000000","diffPrevMs":800,"diffPrev":"00:00:00.8000000"},{"stageTimeId":56305,"stageId":943,"entryId":19188,"elapsedDurationMs":1417300,"elapsedDuration":"00:23:37.3000000","status":"Completed","source":"Default","position":3,"diffFirstMs":2300,"diffFirst":"00:00:02.3000000","diffPrevMs":1500,"diffPrev":"00:00:01.5000000"},{"stageTimeId":56324,"stageId":943,"entryId":19182,"elapsedDurationMs":1421200,"elapsedDuration":"00:23:41.2000000","status":"Completed","source":"Default","position":4,"diffFirstMs":6200,"diffFirst":"00:00:06.2000000","diffPrevMs":3900,"diffPrev":"00:00:03.9000000"},{"stageTimeId":56350,"stageId":943,"entryId":19183,"elapsedDurationMs":1422900,"elapsedDuration":"00:23:42.9000000","status":"Completed","source":"Default","position":5,"diffFirstMs":7900,"diffFirst":"00:00:07.9000000","diffPrevMs":1700,"diffPrev":"00:00:01.7000000"},{"stageTimeId":56329,"stageId":943,"entryId":19187,"elapsedDurationMs":1424700,"elapsedDuration":"00:23:44.7000000","status":"Completed","source":"Default","position":6,"diffFirstMs":9700,"diffFirst":"00:00:09.7000000","diffPrevMs":1800,"diffPrev":"00:00:01.8000000"},{"stageTimeId":56318,"stageId":943,"entryId":19186,"elapsedDurationMs":1425800,"elapsedDuration":"00:23:45.8000000","status":"Completed","source":"Default","position":7,"diffFirstMs":10800,"diffFirst":"00:00:10.8000000","diffPrevMs":1100,"diffPrev":"00:00:01.1000000"},{"stageTimeId":56337,"stageId":943,"entryId":19185,"elapsedDurationMs":1426000,"elapsedDuration":"00:23:46","status":"Completed","source":"Default","position":8,"diffFirstMs":11000,"diffFirst":"00:00:11","diffPrevMs":200,"diffPrev":"00:00:00.2000000"},{"stageTimeId":56398,"stageId":943,"entryId":19192,"elapsedDurationMs":1499600,"elapsedDuration":"00:24:59.6000000","status":"Completed","source":"Default","position":9,"diffFirstMs":84600,"diffFirst":"00:01:24.6000000","diffPrevMs":73600,"diffPrev":"00:01:13.6000000"},{"stageTimeId":56424,"stageId":943,"entryId":19191,"elapsedDurationMs":1508700,"elapsedDuration":"00:25:08.7000000","status":"Completed","source":"Default","position":10,"diffFirstMs":93700,"diffFirst":"00:01:33.7000000","diffPrevMs":9100,"diffPrev":"00:00:09.1000000"},{"stageTimeId":56403,"stageId":943,"entryId":19190,"elapsedDurationMs":1519200,"elapsedDuration":"00:25:19.2000000","status":"Completed","source":"Default","position":11,"diffFirstMs":104200,"diffFirst":"00:01:44.2000000","diffPrevMs":10500,"diffPrev":"00:00:10.5000000"},{"stageTimeId":56372,"stageId":943,"entryId":19194,"elapsedDurationMs":1523300,"elapsedDuration":"00:25:23.3000000","status":"Completed","source":"Default","position":12,"diffFirstMs":108300,"diffFirst":"00:01:48.3000000","diffPrevMs":4100,"diffPrev":"00:00:04.1000000"},{"stageTimeId":56364,"stageId":943,"entryId":19195,"elapsedDurationMs":1577600,"elapsedDuration":"00:26:17.6000000","status":"Completed","source":"Default","position":13,"diffFirstMs":162600,"diffFirst":"00:02:42.6000000","diffPrevMs":54300,"diffPrev":"00:00:54.3000000"},{"stageTimeId":56392,"stageId":943,"entryId":19196,"elapsedDurationMs":1656500,"elapsedDuration":"00:27:36.5000000","status":"Completed","source":"Default","position":14,"diffFirstMs":241500,"diffFirst":"00:04:01.5000000","diffPrevMs":78900,"diffPrev":"00:01:18.9000000"},{"stageTimeId":56272,"stageId":943,"entryId":19202,"elapsedDurationMs":1796300,"elapsedDuration":"00:29:56.3000000","status":"Completed","source":"Default","position":15,"diffFirstMs":381300,"diffFirst":"00:06:21.3000000","diffPrevMs":139800,"diffPrev":"00:02:19.8000000"},{"stageTimeId":56384,"stageId":943,"entryId":19199,"elapsedDurationMs":1816200,"elapsedDuration":"00:30:16.2000000","status":"Completed","source":"Default","position":16,"diffFirstMs":401200,"diffFirst":"00:06:41.2000000","diffPrevMs":19900,"diffPrev":"00:00:19.9000000"},{"stageTimeId":56297,"stageId":943,"entryId":19189,"elapsedDurationMs":1835000,"elapsedDuration":"00:30:35","status":"Completed","source":"Assessed","position":17,"diffFirstMs":420000,"diffFirst":"00:07:00","diffPrevMs":18800,"diffPrev":"00:00:18.8000000"},{"stageTimeId":56286,"stageId":943,"entryId":19200,"elapsedDurationMs":1843300,"elapsedDuration":"00:30:43.3000000","status":"Completed","source":"Default","position":18,"diffFirstMs":428300,"diffFirst":"00:07:08.3000000","diffPrevMs":8300,"diffPrev":"00:00:08.3000000"},{"stageTimeId":56278,"stageId":943,"entryId":19201,"elapsedDurationMs":1881600,"elapsedDuration":"00:31:21.6000000","status":"Completed","source":"Default","position":19,"diffFirstMs":466600,"diffFirst":"00:07:46.6000000","diffPrevMs":38300,"diffPrev":"00:00:38.3000000"},{"stageTimeId":56261,"stageId":943,"entryId":19203,"elapsedDurationMs":2216300,"elapsedDuration":"00:36:56.3000000","status":"Completed","source":"Assessed","position":20,"diffFirstMs":801300,"diffFirst":"00:13:21.3000000","diffPrevMs":334700,"diffPrev":"00:05:34.7000000"},{"stageTimeId":56432,"stageId":943,"entryId":19193,"elapsedDurationMs":3564500,"elapsedDuration":"00:59:24.5000000","status":"Completed","source":"Default","position":21,"diffFirstMs":2149500,"diffFirst":"00:35:49.5000000","diffPrevMs":1348200,"diffPrev":"00:22:28.2000000"},{"stageTimeId":56310,"stageId":943,"entryId":19181,"elapsedDurationMs":null,"elapsedDuration":null,"status":"DNS","source":"Default","position":null,"diffFirstMs":null,"diffFirst":null,"diffPrevMs":null,"diffPrev":null}]