[{"entryId":3531,"stageTimeMs":8155700,"stageTime":"PT2H15M55.7S","penaltyTimeMs":0,"penaltyTime":"PT0S","totalTimeMs":8155700,"totalTime":"PT2H15M55.7S","position":1,"diffFirstMs":0,"diffFirst":"PT0S","diffPrevMs":0,"diffPrev":"PT0S"},{"entryId":3538,"stageTimeMs":8210000,"stageTime":"PT2H16M50S","penaltyTimeMs":0,"penaltyTime":"PT0S","totalTimeMs":8210000,"totalTime":"PT2H16M50S","position":2,"diffFirstMs":54300,"diffFirst":"PT54.3S","diffPrevMs":54300,"diffPrev":"PT54.3S"},{"entryId":3528,"stageTimeMs":8211900,"stageTime":"PT2H16M51.9S","penaltyTimeMs":0,"penaltyTime":"PT0S","totalTimeMs":8211900,"totalTime":"PT2H16M51.9S","position":3,"diffFirstMs":56200,"diffFirst":"PT56.2S","diffPrevMs":1900,"diffPrev":"PT1.9S"},{"entryId":3533,"stageTimeMs":8214500,"stageTime":"PT2H16M54.5S","penaltyTimeMs":0,"penaltyTime":"PT0S","totalTimeMs":8214500,"totalTime":"PT2H16M54.5S","position":4,"diffFirstMs":58800,"diffFirst":"PT58.8S","diffPrevMs":2600,"diffPrev":"PT2.6S"},{"entryId":3535,"stageTimeMs":8222400,"stageTime":"PT2H17M2.4S","penaltyTimeMs":0,"penaltyTime":"PT0S","totalTimeMs":8222400,"totalTime":"PT2H17M2.4S","position":5,"diffFirstMs":66700,"diffFirst":"PT1M6.7S","diffPrevMs":7900,"diffPrev":"PT7.9S"},{"entryId":3529,"stageTimeMs":8250700,"stageTime":"PT2H17M30.7S","penaltyTimeMs":0,"penaltyTime":"PT0S","totalTimeMs":8250700,"totalTime":"PT2H17M30.7S","position":6,"diffFirstMs":95000,"diffFirst":"PT1M35S","diffPrevMs":28300,"diffPrev":"PT28.3S"},{"entryId":3534,"stageTimeMs":8251200,"stageTime":"PT2H17M31.2S","penaltyTimeMs":0,"penaltyTime":"PT0S","totalTimeMs":8251200,"totalTime":"PT2H17M31.2S","position":7,"diffFirstMs":95500,"diffFirst":"PT1M35.5S","diffPrevMs":500,"diffPrev":"PT0.5S"},{"entryId":3527,"stageTimeMs":8292600,"stageTime":"PT2H18M12.6S","penaltyTimeMs":0,"penaltyTime":"PT0S","totalTimeMs":8292600,"totalTime":"PT2H18M12.6S","position":8,"diffFirstMs":136900,"diffFirst":"PT2M16.9S","diffPrevMs":41400,"diffPrev":"PT41.4S"},{"entryId":3530,"stageTimeMs":8339400,"stageTime":"PT2H18M59.4S","penaltyTimeMs":0,"penaltyTime":"PT0S","totalTimeMs":8339400,"totalTime":"PT2H18M59.4S","position":9,"diffFirstMs":183700,"diffFirst":"PT3M3.7S","diffPrevMs":46800,"diffPrev":"PT46.8S"},{"entryId":3546,"stageTimeMs":8474000,"stageTime":"PT2H21M14S","penaltyTimeMs":0,"penaltyTime":"PT0S","totalTimeMs":8474000,"totalTime":"PT2H21M14S","position":10,"diffFirstMs":318300,"diffFirst":"PT5M18.3S","diffPrevMs":134600,"diffPrev":"PT2M14.6S"},{"entryId":3550,"stageTimeMs":8490800,"stageTime":"PT2H21M30.8S","penaltyTimeMs":0,"penaltyTime":"PT0S","totalTimeMs":8490800,"totalTime":"PT2H21M30.8S","position":11,"diffFirstMs":335100,"diffFirst":"PT5M35.1S","diffPrevMs":16800,"diffPrev":"PT16.8S"},{"entryId":3552,"stageTimeMs":8562300,"stageTime":"PT2H22M42.3S","penaltyTimeMs":0,"penaltyTime":"PT0S","totalTimeMs":8562300,"totalTime":"PT2H22M42.3S","position":12,"diffFirstMs":406600,"diffFirst":"PT6M46.6S","diffPrevMs":71500,"diffPrev":"PT1M11.5S"},{"entryId":3540,"stageTimeMs":8567500,"stageTime":"PT2H22M47.5S","penaltyTimeMs":0,"penaltyTime":"PT0S","totalTimeMs":8567500,"totalTime":"PT2H22M47.5S","position":13,"diffFirstMs":411800,"diffFirst":"PT6M51.8S","diffPrevMs":5200,"diffPrev":"PT5.2S"},{"entryId":3539,"stageTimeMs":8583400,"stageTime":"PT2H23M3.4S","penaltyTimeMs":0,"penaltyTime":"PT0S","totalTimeMs":8583400,"totalTime":"PT2H23M3.4S","position":14,"diffFirstMs":427700,"diffFirst":"PT7M7.7S","diffPrevMs":15900,"diffPrev":"PT15.9S"},{"entryId":3549,"stageTimeMs":8587600,"stageTime":"PT2H23M7.6S","penaltyTimeMs":0,"penaltyTime":"PT0S","totalTimeMs":8587600,"totalTime":"PT2H23M7.6S","position":15,"diffFirstMs":431900,"diffFirst":"PT7M11.9S","diffPrevMs":4200,"diffPrev":"PT4.2S"},{"entryId":3548,"stageTimeMs":8607100,"stageTime":"PT2H23M27.1S","penaltyTimeMs":0,"penaltyTime":"PT0S","totalTimeMs":8607100,"totalTime":"PT2H23M27.1S","position":16,"diffFirstMs":451400,"diffFirst":"PT7M31.4S","diffPrevMs":19500,"diffPrev":"PT19.5S"},{"entryId":3551,"stageTimeMs":8609700,"stageTime":"PT2H23M29.7S","penaltyTimeMs":0,"penaltyTime":"PT0S","totalTimeMs":8609700,"totalTime":"PT2H23M29.7S","position":17,"diffFirstMs":454000,"diffFirst":"PT7M34S","diffPrevMs":2600,"diffPrev":"PT2.6S"},{"entryId":3547,"stageTimeMs":8685200,"stageTime":"PT2H24M45.2S","penaltyTimeMs":0,"penaltyTime":"PT0S","totalTimeMs":8685200,"totalTime":"PT2H24M45.2S","position":18,"diffFirstMs":529500,"diffFirst":"PT8M49.5S","diffPrevMs":75500,"diffPrev":"PT1M15.5S"},{"entryId":3562,"stageTimeMs":8722000,"stageTime":"PT2H25M22S","penaltyTimeMs":0,"penaltyTime":"PT0S","totalTimeMs":8722000,"totalTime":"PT2H25M22S","position":19,"diffFirstMs":566300,"diffFirst":"PT9M26.3S","diffPrevMs":36800,"diffPrev":"PT36.8S"},{"entryId":3545,"stageTimeMs":8764500,"stageTime":"PT2H26M4.5S","penaltyTimeMs":0,"penaltyTime":"PT0S","totalTimeMs":8764500,"totalTime":"PT2H26M4.5S","position":20,"diffFirstMs":608800,"diffFirst":"PT10M8.8S","diffPrevMs":42500,"diffPrev":"PT42.5S"},{"entryId":3541,"stageTimeMs":8770600,"stageTime":"PT2H26M10.6S","penaltyTimeMs":0,"penaltyTime":"PT0S","totalTimeMs":8770600,"totalTime":"PT2H26M10.6S","position":21,"diffFirstMs":614900,"diffFirst":"PT10M14.9S","diffPrevMs":6100,"diffPrev":"PT6.1S"},{"entryId":3543,"stageTimeMs":8823400,"stageTime":"PT2H27M3.4S","penaltyTimeMs":0,"penaltyTime":"PT0S","totalTimeMs":8823400,"totalTime":"PT2H27M3.4S","position":22,"diffFirstMs":667700,"diffFirst":"PT11M7.7S","diffPrevMs":52800,"diffPrev":"PT52.8S"},{"entryId":3536,"stageTimeMs":8848300,"stageTime":"PT2H27M28.3S","penaltyTimeMs":10000,"penaltyTime":"PT10S","totalTimeMs":8858300,"totalTime":"PT2H27M38.3S","position":23,"diffFirstMs":702600,"diffFirst":"PT11M42.6S","diffPrevMs":34900,"diffPrev":"PT34.9S"},{"entryId":3542,"stageTimeMs":8939900,"stageTime":"PT2H28M59.9S","penaltyTimeMs":0,"penaltyTime":"PT0S","totalTimeMs":8939900,"totalTime":"PT2H28M59.9S","position":24,"diffFirstMs":784200,"diffFirst":"PT13M4.2S","diffPrevMs":81600,"diffPrev":"PT1M21.6S"},{"entryId":3554,"stageTimeMs":8952100,"stageTime":"PT2H29M12.1S","penaltyTimeMs":0,"penaltyTime":"PT0S","totalTimeMs":8952100,"totalTime":"PT2H29M12.1S","position":25,"diffFirstMs":796400,"diffFirst":"PT13M16.4S","diffPrevMs":12200,"diffPrev":"PT12.2S"},{"entryId":3532,"stageTimeMs":9041300,"stageTime":"PT2H30M41.3S","penaltyTimeMs":0,"penaltyTime":"PT0S","totalTimeMs":9041300,"totalTime":"PT2H30M41.3S","position":26,"diffFirstMs":885600,"diffFirst":"PT14M45.6S","diffPrevMs":89200,"diffPrev":"PT1M29.2S"},{"entryId":3555,"stageTimeMs":9092600,"stageTime":"PT2H31M32.6S","penaltyTimeMs":0,"penaltyTime":"PT0S","totalTimeMs":9092600,"totalTime":"PT2H31M32.6S","position":27,"diffFirstMs":936900,"diffFirst":"PT15M36.9S","diffPrevMs":51300,"diffPrev":"PT51.3S"},{"entryId":3559,"stageTimeMs":9155900,"stageTime":"PT2H32M35.9S","penaltyTimeMs":0,"penaltyTime":"PT0S","totalTimeMs":9155900,"totalTime":"PT2H32M35.9S","position":28,"diffFirstMs":1000200,"diffFirst":"PT16M40.2S","diffPrevMs":63300,"diffPrev":"PT1M3.3S"},{"entryId":3581,"stageTimeMs":9229000,"stageTime":"PT2H33M49S","penaltyTimeMs":0,"penaltyTime":"PT0S","totalTimeMs":9229000,"totalTime":"PT2H33M49S","position":29,"diffFirstMs":1073300,"diffFirst":"PT17M53.3S","diffPrevMs":73100,"diffPrev":"PT1M13.1S"},{"entryId":3578,"stageTimeMs":9231300,"stageTime":"PT2H33M51.3S","penaltyTimeMs":0,"penaltyTime":"PT0S","totalTimeMs":9231300,"totalTime":"PT2H33M51.3S","position":30,"diffFirstMs":1075600,"diffFirst":"PT17M55.6S","diffPrevMs":2300,"diffPrev":"PT2.3S"},{"entryId":3560,"stageTimeMs":9316200,"stageTime":"PT2H35M16.2S","penaltyTimeMs":10000,"penaltyTime":"PT10S","totalTimeMs":9326200,"totalTime":"PT2H35M26.2S","position":31,"diffFirstMs":1170500,"diffFirst":"PT19M30.5S","diffPrevMs":94900,"diffPrev":"PT1M34.9S"},{"entryId":3566,"stageTimeMs":9405900,"stageTime":"PT2H36M45.9S","penaltyTimeMs":0,"penaltyTime":"PT0S","totalTimeMs":9405900,"totalTime":"PT2H36M45.9S","position":32,"diffFirstMs":1250200,"diffFirst":"PT20M50.2S","diffPrevMs":79700,"diffPrev":"PT1M19.7S"},{"entryId":3567,"stageTimeMs":9504800,"stageTime":"PT2H38M24.8S","penaltyTimeMs":0,"penaltyTime":"PT0S","totalTimeMs":9504800,"totalTime":"PT2H38M24.8S","position":33,"diffFirstMs":1349100,"diffFirst":"PT22M29.1S","diffPrevMs":98900,"diffPrev":"PT1M38.9S"},{"entryId":3558,"stageTimeMs":9570900,"stageTime":"PT2H39M30.9S","penaltyTimeMs":0,"penaltyTime":"PT0S","totalTimeMs":9570900,"totalTime":"PT2H39M30.9S","position":34,"diffFirstMs":1415200,"diffFirst":"PT23M35.2S","diffPrevMs":66100,"diffPrev":"PT1M6.1S"},{"entryId":3526,"stageTimeMs":9431400,"stageTime":"PT2H37M11.4S","penaltyTimeMs":150000,"penaltyTime":"PT2M30S","totalTimeMs":9581400,"totalTime":"PT2H39M41.4S","position":35,"diffFirstMs":1425700,"diffFirst":"PT23M45.7S","diffPrevMs":10500,"diffPrev":"PT10.5S"},{"entryId":3570,"stageTimeMs":9639900,"stageTime":"PT2H40M39.9S","penaltyTimeMs":0,"penaltyTime":"PT0S","totalTimeMs":9639900,"totalTime":"PT2H40M39.9S","position":36,"diffFirstMs":1484200,"diffFirst":"PT24M44.2S","diffPrevMs":58500,"diffPrev":"PT58.5S"},{"entryId":3569,"stageTimeMs":9773400,"stageTime":"PT2H42M53.4S","penaltyTimeMs":0,"penaltyTime":"PT0S","totalTimeMs":9773400,"totalTime":"PT2H42M53.4S","position":37,"diffFirstMs":1617700,"diffFirst":"PT26M57.7S","diffPrevMs":133500,"diffPrev":"PT2M13.5S"},{"entryId":3563,"stageTimeMs":10097900,"stageTime":"PT2H48M17.9S","penaltyTimeMs":0,"penaltyTime":"PT0S","totalTimeMs":10097900,"totalTime":"PT2H48M17.9S","position":38,"diffFirstMs":1942200,"diffFirst":"PT32M22.2S","diffPrevMs":324500,"diffPrev":"PT5M24.5S"},{"entryId":3575,"stageTimeMs":10098500,"stageTime":"PT2H48M18.5S","penaltyTimeMs":0,"penaltyTime":"PT0S","totalTimeMs":10098500,"totalTime":"PT2H48M18.5S","position":39,"diffFirstMs":1942800,"diffFirst":"PT32M22.8S","diffPrevMs":600,"diffPrev":"PT0.6S"},{"entryId":3582,"stageTimeMs":9965000,"stageTime":"PT2H46M5S","penaltyTimeMs":200000,"penaltyTime":"PT3M20S","totalTimeMs":10165000,"totalTime":"PT2H49M25S","position":40,"diffFirstMs":2009300,"diffFirst":"PT33M29.3S","diffPrevMs":66500,"diffPrev":"PT1M6.5S"},{"entryId":3573,"stageTimeMs":10185300,"stageTime":"PT2H49M45.3S","penaltyTimeMs":0,"penaltyTime":"PT0S","totalTimeMs":10185300,"totalTime":"PT2H49M45.3S","position":41,"diffFirstMs":2029600,"diffFirst":"PT33M49.6S","diffPrevMs":20300,"diffPrev":"PT20.3S"},{"entryId":3568,"stageTimeMs":10301700,"stageTime":"PT2H51M41.7S","penaltyTimeMs":0,"penaltyTime":"PT0S","totalTimeMs":10301700,"totalTime":"PT2H51M41.7S","position":42,"diffFirstMs":2146000,"diffFirst":"PT35M46S","diffPrevMs":116400,"diffPrev":"PT1M56.4S"},{"entryId":3576,"stageTimeMs":10402000,"stageTime":"PT2H53M22S","penaltyTimeMs":0,"penaltyTime":"PT0S","totalTimeMs":10402000,"totalTime":"PT2H53M22S","position":43,"diffFirstMs":2246300,"diffFirst":"PT37M26.3S","diffPrevMs":100300,"diffPrev":"PT1M40.3S"},{"entryId":3587,"stageTimeMs":10414100,"stageTime":"PT2H53M34.1S","penaltyTimeMs":20000,"penaltyTime":"PT20S","totalTimeMs":10434100,"totalTime":"PT2H53M54.1S","position":44,"diffFirstMs":2278400,"diffFirst":"PT37M58.4S","diffPrevMs":32100,"diffPrev":"PT32.1S"},{"entryId":3537,"stageTimeMs":10523800,"stageTime":"PT2H55M23.8S","penaltyTimeMs":0,"penaltyTime":"PT0S","totalTimeMs":10523800,"totalTime":"PT2H55M23.8S","position":45,"diffFirstMs":2368100,"diffFirst":"PT39M28.1S","diffPrevMs":89700,"diffPrev":"PT1M29.7S"},{"entryId":3556,"stageTimeMs":10575500,"stageTime":"PT2H56M15.5S","penaltyTimeMs":0,"penaltyTime":"PT0S","totalTimeMs":10575500,"totalTime":"PT2H56M15.5S","position":46,"diffFirstMs":2419800,"diffFirst":"PT40M19.8S","diffPrevMs":51700,"diffPrev":"PT51.7S"},{"entryId":3574,"stageTimeMs":10779600,"stageTime":"PT2H59M39.6S","penaltyTimeMs":0,"penaltyTime":"PT0S","totalTimeMs":10779600,"totalTime":"PT2H59M39.6S","position":47,"diffFirstMs":2623900,"diffFirst":"PT43M43.9S","diffPrevMs":204100,"diffPrev":"PT3M24.1S"},{"entryId":3565,"stageTimeMs":10819800,"stageTime":"PT3H19.8S","penaltyTimeMs":10000,"penaltyTime":"PT10S","totalTimeMs":10829800,"totalTime":"PT3H29.8S","position":48,"diffFirstMs":2674100,"diffFirst":"PT44M34.1S","diffPrevMs":50200,"diffPrev":"PT50.2S"},{"entryId":3564,"stageTimeMs":10648300,"stageTime":"PT2H57M28.3S","penaltyTimeMs":300000,"penaltyTime":"PT5M","totalTimeMs":10948300,"totalTime":"PT3H2M28.3S","position":49,"diffFirstMs":2792600,"diffFirst":"PT46M32.6S","diffPrevMs":118500,"diffPrev":"PT1M58.5S"},{"entryId":3586,"stageTimeMs":10883700,"stageTime":"PT3H1M23.7S","penaltyTimeMs":70000,"penaltyTime":"PT1M10S","totalTimeMs":10953700,"totalTime":"PT3H2M33.7S","position":50,"diffFirstMs":2798000,"diffFirst":"PT46M38S","diffPrevMs":5400,"diffPrev":"PT5.4S"},{"entryId":3557,"stageTimeMs":11077200,"stageTime":"PT3H4M37.2S","penaltyTimeMs":0,"penaltyTime":"PT0S","totalTimeMs":11077200,"totalTime":"PT3H4M37.2S","position":51,"diffFirstMs":2921500,"diffFirst":"PT48M41.5S","diffPrevMs":123500,"diffPrev":"PT2M3.5S"},{"entryId":3585,"stageTimeMs":11164800,"stageTime":"PT3H6M4.8S","penaltyTimeMs":0,"penaltyTime":"PT0S","totalTimeMs":11164800,"totalTime":"PT3H6M4.8S","position":52,"diffFirstMs":3009100,"diffFirst":"PT50M9.1S","diffPrevMs":87600,"diffPrev":"PT1M27.6S"},{"entryId":3584,"stageTimeMs":11487300,"stageTime":"PT3H11M27.3S","penaltyTimeMs":0,"penaltyTime":"PT0S","totalTimeMs":11487300,"totalTime":"PT3H11M27.3S","position":53,"diffFirstMs":3331600,"diffFirst":"PT55M31.6S","diffPrevMs":322500,"diffPrev":"PT5M22.5S"},{"entryId":3561,"stageTimeMs":11656800,"stageTime":"PT3H14M16.8S","penaltyTimeMs":0,"penaltyTime":"PT0S","totalTimeMs":11656800,"totalTime":"PT3H14M16.8S","position":54,"diffFirstMs":3501100,"diffFirst":"PT58M21.1S","diffPrevMs":169500,"diffPrev":"PT2M49.5S"},{"entryId":3580,"stageTimeMs":11771100,"stageTime":"PT3H16M11.1S","penaltyTimeMs":20000,"penaltyTime":"PT20S","totalTimeMs":11791100,"totalTime":"PT3H16M31.1S","position":55,"diffFirstMs":3635400,"diffFirst":"PT1H35.4S","diffPrevMs":134300,"diffPrev":"PT2M14.3S"},{"entryId":3544,"stageTimeMs":11921700,"stageTime":"PT3H18M41.7S","penaltyTimeMs":0,"penaltyTime":"PT0S","totalTimeMs":11921700,"totalTime":"PT3H18M41.7S","position":56,"diffFirstMs":3766000,"diffFirst":"PT1H2M46S","diffPrevMs":130600,"diffPrev":"PT2M10.6S"},{"entryId":3572,"stageTimeMs":11988600,"stageTime":"PT3H19M48.6S","penaltyTimeMs":100000,"penaltyTime":"PT1M40S","totalTimeMs":12088600,"totalTime":"PT3H21M28.6S","position":57,"diffFirstMs":3932900,"diffFirst":"PT1H5M32.9S","diffPrevMs":166900,"diffPrev":"PT2M46.9S"},{"entryId":3571,"stageTimeMs":12648100,"stageTime":"PT3H30M48.1S","penaltyTimeMs":0,"penaltyTime":"PT0S","totalTimeMs":12648100,"totalTime":"PT3H30M48.1S","position":58,"diffFirstMs":4492400,"diffFirst":"PT1H14M52.4S","diffPrevMs":559500,"diffPrev":"PT9M19.5S"},{"entryId":3583,"stageTimeMs":15390400,"stageTime":"PT4H16M30.4S","penaltyTimeMs":0,"penaltyTime":"PT0S","totalTimeMs":15390400,"totalTime":"PT4H16M30.4S","position":59,"diffFirstMs":7234700,"diffFirst":"PT2H34.7S","diffPrevMs":2742300,"diffPrev":"PT45M42.3S"}]