[{"startDateTime":"2019-10-04T08:56:00","startDateTimeLocal":"2019-10-04T09:56:00+01:00","stageTimeDurationMs":666900,"stageTimeDuration":"00:11:06.9000000","splitPointTimeId":94168,"splitPointId":2925,"entryId":20365,"elapsedDurationMs":305700,"elapsedDuration":"PT5M5.7S","splitDateTime":"2019-10-04T09:01:05.7","splitDateTimeLocal":"2019-10-04T10:01:05.7+01:00"},{"startDateTime":"2019-10-04T08:58:00","startDateTimeLocal":"2019-10-04T09:58:00+01:00","stageTimeDurationMs":669200,"stageTimeDuration":"00:11:09.2000000","splitPointTimeId":94170,"splitPointId":2925,"entryId":20360,"elapsedDurationMs":309700,"elapsedDuration":"PT5M9.7S","splitDateTime":"2019-10-04T09:03:09.7","splitDateTimeLocal":"2019-10-04T10:03:09.7+01:00"},{"startDateTime":"2019-10-04T09:00:00","startDateTimeLocal":"2019-10-04T10:00:00+01:00","stageTimeDurationMs":667200,"stageTimeDuration":"00:11:07.2000000","splitPointTimeId":94173,"splitPointId":2925,"entryId":20367,"elapsedDurationMs":307700,"elapsedDuration":"PT5M7.7S","splitDateTime":"2019-10-04T09:05:07.7","splitDateTimeLocal":"2019-10-04T10:05:07.7+01:00"},{"startDateTime":"2019-10-04T09:02:00","startDateTimeLocal":"2019-10-04T10:02:00+01:00","stageTimeDurationMs":672900,"stageTimeDuration":"00:11:12.9000000","splitPointTimeId":94177,"splitPointId":2925,"entryId":20370,"elapsedDurationMs":310700,"elapsedDuration":"PT5M10.7S","splitDateTime":"2019-10-04T09:07:10.7","splitDateTimeLocal":"2019-10-04T10:07:10.7+01:00"},{"startDateTime":"2019-10-04T09:04:00","startDateTimeLocal":"2019-10-04T10:04:00+01:00","stageTimeDurationMs":671600,"stageTimeDuration":"00:11:11.6000000","splitPointTimeId":94181,"splitPointId":2925,"entryId":20363,"elapsedDurationMs":309200,"elapsedDuration":"PT5M9.2S","splitDateTime":"2019-10-04T09:09:09.2","splitDateTimeLocal":"2019-10-04T10:09:09.2+01:00"},{"startDateTime":"2019-10-04T09:06:00","startDateTimeLocal":"2019-10-04T10:06:00+01:00","stageTimeDurationMs":667000,"stageTimeDuration":"00:11:07","splitPointTimeId":94185,"splitPointId":2925,"entryId":20366,"elapsedDurationMs":308700,"elapsedDuration":"PT5M8.7S","splitDateTime":"2019-10-04T09:11:08.7","splitDateTimeLocal":"2019-10-04T10:11:08.7+01:00"},{"startDateTime":"2019-10-04T09:10:00","startDateTimeLocal":"2019-10-04T10:10:00+01:00","stageTimeDurationMs":671000,"stageTimeDuration":"00:11:11","splitPointTimeId":94192,"splitPointId":2925,"entryId":20362,"elapsedDurationMs":309200,"elapsedDuration":"PT5M9.2S","splitDateTime":"2019-10-04T09:15:09.2","splitDateTimeLocal":"2019-10-04T10:15:09.2+01:00"},{"startDateTime":"2019-10-04T09:08:00","startDateTimeLocal":"2019-10-04T10:08:00+01:00","stageTimeDurationMs":682600,"stageTimeDuration":"00:11:22.6000000","splitPointTimeId":94196,"splitPointId":2925,"entryId":20361,"elapsedDurationMs":320700,"elapsedDuration":"PT5M20.7S","splitDateTime":"2019-10-04T09:13:20.7","splitDateTimeLocal":"2019-10-04T10:13:20.7+01:00"},{"startDateTime":"2019-10-04T09:12:00","startDateTimeLocal":"2019-10-04T10:12:00+01:00","stageTimeDurationMs":667600,"stageTimeDuration":"00:11:07.6000000","splitPointTimeId":94197,"splitPointId":2925,"entryId":20368,"elapsedDurationMs":307700,"elapsedDuration":"PT5M7.7S","splitDateTime":"2019-10-04T09:17:07.7","splitDateTimeLocal":"2019-10-04T10:17:07.7+01:00"},{"startDateTime":"2019-10-04T09:14:00","startDateTimeLocal":"2019-10-04T10:14:00+01:00","stageTimeDurationMs":689400,"stageTimeDuration":"00:11:29.4000000","splitPointTimeId":94200,"splitPointId":2925,"entryId":20364,"elapsedDurationMs":316200,"elapsedDuration":"PT5M16.2S","splitDateTime":"2019-10-04T09:19:16.2","splitDateTimeLocal":"2019-10-04T10:19:16.2+01:00"},{"startDateTime":"2019-10-04T09:16:00","startDateTimeLocal":"2019-10-04T10:16:00+01:00","stageTimeDurationMs":667800,"stageTimeDuration":"00:11:07.8000000","splitPointTimeId":94204,"splitPointId":2925,"entryId":20369,"elapsedDurationMs":307700,"elapsedDuration":"PT5M7.7S","splitDateTime":"2019-10-04T09:21:07.7","splitDateTimeLocal":"2019-10-04T10:21:07.7+01:00"},{"startDateTime":"2019-10-04T09:18:00","startDateTimeLocal":"2019-10-04T10:18:00+01:00","stageTimeDurationMs":697400,"stageTimeDuration":"00:11:37.4000000","splitPointTimeId":94209,"splitPointId":2925,"entryId":20371,"elapsedDurationMs":321200,"elapsedDuration":"PT5M21.2S","splitDateTime":"2019-10-04T09:23:21.2","splitDateTimeLocal":"2019-10-04T10:23:21.2+01:00"},{"startDateTime":"2019-10-04T09:20:00","startDateTimeLocal":"2019-10-04T10:20:00+01:00","stageTimeDurationMs":718900,"stageTimeDuration":"00:11:58.9000000","splitPointTimeId":94213,"splitPointId":2925,"entryId":20373,"elapsedDurationMs":342200,"elapsedDuration":"PT5M42.2S","splitDateTime":"2019-10-04T09:25:42.2","splitDateTimeLocal":"2019-10-04T10:25:42.2+01:00"},{"startDateTime":"2019-10-04T09:22:00","startDateTimeLocal":"2019-10-04T10:22:00+01:00","stageTimeDurationMs":692500,"stageTimeDuration":"00:11:32.5000000","splitPointTimeId":94217,"splitPointId":2925,"entryId":20372,"elapsedDurationMs":321700,"elapsedDuration":"PT5M21.7S","splitDateTime":"2019-10-04T09:27:21.7","splitDateTimeLocal":"2019-10-04T10:27:21.7+01:00"},{"startDateTime":"2019-10-04T09:24:00","startDateTimeLocal":"2019-10-04T10:24:00+01:00","stageTimeDurationMs":710100,"stageTimeDuration":"00:11:50.1000000","splitPointTimeId":94221,"splitPointId":2925,"entryId":20374,"elapsedDurationMs":330700,"elapsedDuration":"PT5M30.7S","splitDateTime":"2019-10-04T09:29:30.7","splitDateTimeLocal":"2019-10-04T10:29:30.7+01:00"},{"startDateTime":"2019-10-04T09:26:00","startDateTimeLocal":"2019-10-04T10:26:00+01:00","stageTimeDurationMs":1112500,"stageTimeDuration":"00:18:32.5000000","splitPointTimeId":94225,"splitPointId":2925,"entryId":20375,"elapsedDurationMs":320700,"elapsedDuration":"PT5M20.7S","splitDateTime":"2019-10-04T09:31:20.7","splitDateTimeLocal":"2019-10-04T10:31:20.7+01:00"},{"startDateTime":"2019-10-04T09:28:00","startDateTimeLocal":"2019-10-04T10:28:00+01:00","stageTimeDurationMs":724300,"stageTimeDuration":"00:12:04.3000000","splitPointTimeId":94230,"splitPointId":2925,"entryId":20376,"elapsedDurationMs":335200,"elapsedDuration":"PT5M35.2S","splitDateTime":"2019-10-04T09:33:35.2","splitDateTimeLocal":"2019-10-04T10:33:35.2+01:00"},{"startDateTime":"2019-10-04T09:29:00","startDateTimeLocal":"2019-10-04T10:29:00+01:00","stageTimeDurationMs":711300,"stageTimeDuration":"00:11:51.3000000","splitPointTimeId":94233,"splitPointId":2925,"entryId":20377,"elapsedDurationMs":324200,"elapsedDuration":"PT5M24.2S","splitDateTime":"2019-10-04T09:34:24.2","splitDateTimeLocal":"2019-10-04T10:34:24.2+01:00"},{"startDateTime":"2019-10-04T09:30:00","startDateTimeLocal":"2019-10-04T10:30:00+01:00","stageTimeDurationMs":1131300,"stageTimeDuration":"00:18:51.3000000","splitPointTimeId":94236,"splitPointId":2925,"entryId":20378,"elapsedDurationMs":322600,"elapsedDuration":"PT5M22.6S","splitDateTime":"2019-10-04T09:35:22.6","splitDateTimeLocal":"2019-10-04T10:35:22.6+01:00"},{"startDateTime":"2019-10-04T09:31:00","startDateTimeLocal":"2019-10-04T10:31:00+01:00","stageTimeDurationMs":715100,"stageTimeDuration":"00:11:55.1000000","splitPointTimeId":94240,"splitPointId":2925,"entryId":20383,"elapsedDurationMs":331700,"elapsedDuration":"PT5M31.7S","splitDateTime":"2019-10-04T09:36:31.7","splitDateTimeLocal":"2019-10-04T10:36:31.7+01:00"},{"startDateTime":"2019-10-04T09:32:00","startDateTimeLocal":"2019-10-04T10:32:00+01:00","stageTimeDurationMs":715700,"stageTimeDuration":"00:11:55.7000000","splitPointTimeId":94243,"splitPointId":2925,"entryId":20381,"elapsedDurationMs":333200,"elapsedDuration":"PT5M33.2S","splitDateTime":"2019-10-04T09:37:33.2","splitDateTimeLocal":"2019-10-04T10:37:33.2+01:00"},{"startDateTime":"2019-10-04T09:33:00","startDateTimeLocal":"2019-10-04T10:33:00+01:00","stageTimeDurationMs":775800,"stageTimeDuration":"00:12:55.8000000","splitPointTimeId":94247,"splitPointId":2925,"entryId":20384,"elapsedDurationMs":360200,"elapsedDuration":"PT6M0.2S","splitDateTime":"2019-10-04T09:39:00.2","splitDateTimeLocal":"2019-10-04T10:39:00.2+01:00"},{"startDateTime":"2019-10-04T09:35:00","startDateTimeLocal":"2019-10-04T10:35:00+01:00","stageTimeDurationMs":730900,"stageTimeDuration":"00:12:10.9000000","splitPointTimeId":94251,"splitPointId":2925,"entryId":20380,"elapsedDurationMs":332700,"elapsedDuration":"PT5M32.7S","splitDateTime":"2019-10-04T09:40:32.7","splitDateTimeLocal":"2019-10-04T10:40:32.7+01:00"},{"startDateTime":"2019-10-04T09:37:00","startDateTimeLocal":"2019-10-04T10:37:00+01:00","stageTimeDurationMs":714000,"stageTimeDuration":"00:11:54","splitPointTimeId":94255,"splitPointId":2925,"entryId":20387,"elapsedDurationMs":331700,"elapsedDuration":"PT5M31.7S","splitDateTime":"2019-10-04T09:42:31.7","splitDateTimeLocal":"2019-10-04T10:42:31.7+01:00"},{"startDateTime":"2019-10-04T09:39:00","startDateTimeLocal":"2019-10-04T10:39:00+01:00","stageTimeDurationMs":713800,"stageTimeDuration":"00:11:53.8000000","splitPointTimeId":94261,"splitPointId":2925,"entryId":20389,"elapsedDurationMs":327300,"elapsedDuration":"PT5M27.3S","splitDateTime":"2019-10-04T09:44:27.3","splitDateTimeLocal":"2019-10-04T10:44:27.3+01:00"},{"startDateTime":"2019-10-04T09:41:00","startDateTimeLocal":"2019-10-04T10:41:00+01:00","stageTimeDurationMs":722900,"stageTimeDuration":"00:12:02.9000000","splitPointTimeId":94265,"splitPointId":2925,"entryId":20385,"elapsedDurationMs":333800,"elapsedDuration":"PT5M33.8S","splitDateTime":"2019-10-04T09:46:33.8","splitDateTimeLocal":"2019-10-04T10:46:33.8+01:00"},{"startDateTime":"2019-10-04T09:40:00","startDateTimeLocal":"2019-10-04T10:40:00+01:00","stageTimeDurationMs":722500,"stageTimeDuration":"00:12:02.5000000","splitPointTimeId":94266,"splitPointId":2925,"entryId":20390,"elapsedDurationMs":333200,"elapsedDuration":"PT5M33.2S","splitDateTime":"2019-10-04T09:45:33.2","splitDateTimeLocal":"2019-10-04T10:45:33.2+01:00"},{"startDateTime":"2019-10-04T09:42:00","startDateTimeLocal":"2019-10-04T10:42:00+01:00","stageTimeDurationMs":765700,"stageTimeDuration":"00:12:45.7000000","splitPointTimeId":94269,"splitPointId":2925,"entryId":20392,"elapsedDurationMs":351300,"elapsedDuration":"PT5M51.3S","splitDateTime":"2019-10-04T09:47:51.3","splitDateTimeLocal":"2019-10-04T10:47:51.3+01:00"},{"startDateTime":"2019-10-04T09:43:00","startDateTimeLocal":"2019-10-04T10:43:00+01:00","stageTimeDurationMs":769300,"stageTimeDuration":"00:12:49.3000000","splitPointTimeId":94273,"splitPointId":2925,"entryId":20393,"elapsedDurationMs":351800,"elapsedDuration":"PT5M51.8S","splitDateTime":"2019-10-04T09:48:51.8","splitDateTimeLocal":"2019-10-04T10:48:51.8+01:00"},{"startDateTime":"2019-10-04T09:46:00","startDateTimeLocal":"2019-10-04T10:46:00+01:00","stageTimeDurationMs":795300,"stageTimeDuration":"00:13:15.3000000","splitPointTimeId":94282,"splitPointId":2925,"entryId":20396,"elapsedDurationMs":362700,"elapsedDuration":"PT6M2.7S","splitDateTime":"2019-10-04T09:52:02.7","splitDateTimeLocal":"2019-10-04T10:52:02.7+01:00"},{"startDateTime":"2019-10-04T09:47:00","startDateTimeLocal":"2019-10-04T10:47:00+01:00","stageTimeDurationMs":854000,"stageTimeDuration":"00:14:14","splitPointTimeId":94285,"splitPointId":2925,"entryId":20397,"elapsedDurationMs":388200,"elapsedDuration":"PT6M28.2S","splitDateTime":"2019-10-04T09:53:28.2","splitDateTimeLocal":"2019-10-04T10:53:28.2+01:00"},{"startDateTime":"2019-10-04T09:48:00","startDateTimeLocal":"2019-10-04T10:48:00+01:00","stageTimeDurationMs":786200,"stageTimeDuration":"00:13:06.2000000","splitPointTimeId":94288,"splitPointId":2925,"entryId":20398,"elapsedDurationMs":356200,"elapsedDuration":"PT5M56.2S","splitDateTime":"2019-10-04T09:53:56.2","splitDateTimeLocal":"2019-10-04T10:53:56.2+01:00"},{"startDateTime":"2019-10-04T09:49:00","startDateTimeLocal":"2019-10-04T10:49:00+01:00","stageTimeDurationMs":823300,"stageTimeDuration":"00:13:43.3000000","splitPointTimeId":94291,"splitPointId":2925,"entryId":20399,"elapsedDurationMs":378200,"elapsedDuration":"PT6M18.2S","splitDateTime":"2019-10-04T09:55:18.2","splitDateTimeLocal":"2019-10-04T10:55:18.2+01:00"},{"startDateTime":"2019-10-04T09:50:00","startDateTimeLocal":"2019-10-04T10:50:00+01:00","stageTimeDurationMs":832800,"stageTimeDuration":"00:13:52.8000000","splitPointTimeId":94292,"splitPointId":2925,"entryId":20401,"elapsedDurationMs":379200,"elapsedDuration":"PT6M19.2S","splitDateTime":"2019-10-04T09:56:19.2","splitDateTimeLocal":"2019-10-04T10:56:19.2+01:00"},{"startDateTime":"2019-10-04T09:52:00","startDateTimeLocal":"2019-10-04T10:52:00+01:00","stageTimeDurationMs":909600,"stageTimeDuration":"00:15:09.6000000","splitPointTimeId":94301,"splitPointId":2925,"entryId":20402,"elapsedDurationMs":415200,"elapsedDuration":"PT6M55.2S","splitDateTime":"2019-10-04T09:58:55.2","splitDateTimeLocal":"2019-10-04T10:58:55.2+01:00"},{"startDateTime":"2019-10-04T09:56:00","startDateTimeLocal":"2019-10-04T10:56:00+01:00","stageTimeDurationMs":724200,"stageTimeDuration":"00:12:04.2000000","splitPointTimeId":94311,"splitPointId":2925,"entryId":20407,"elapsedDurationMs":334200,"elapsedDuration":"PT5M34.2S","splitDateTime":"2019-10-04T10:01:34.2","splitDateTimeLocal":"2019-10-04T11:01:34.2+01:00"},{"startDateTime":"2019-10-04T09:59:00","startDateTimeLocal":"2019-10-04T10:59:00+01:00","stageTimeDurationMs":708300,"stageTimeDuration":"00:11:48.3000000","splitPointTimeId":94319,"splitPointId":2925,"entryId":20404,"elapsedDurationMs":327200,"elapsedDuration":"PT5M27.2S","splitDateTime":"2019-10-04T10:04:27.2","splitDateTimeLocal":"2019-10-04T11:04:27.2+01:00"},{"startDateTime":"2019-10-04T09:58:00","startDateTimeLocal":"2019-10-04T10:58:00+01:00","stageTimeDurationMs":707000,"stageTimeDuration":"00:11:47","splitPointTimeId":94320,"splitPointId":2925,"entryId":20403,"elapsedDurationMs":326200,"elapsedDuration":"PT5M26.2S","splitDateTime":"2019-10-04T10:03:26.2","splitDateTimeLocal":"2019-10-04T11:03:26.2+01:00"},{"startDateTime":"2019-10-04T10:01:00","startDateTimeLocal":"2019-10-04T11:01:00+01:00","stageTimeDurationMs":712200,"stageTimeDuration":"00:11:52.2000000","splitPointTimeId":94325,"splitPointId":2925,"entryId":20406,"elapsedDurationMs":329700,"elapsedDuration":"PT5M29.7S","splitDateTime":"2019-10-04T10:06:29.7","splitDateTimeLocal":"2019-10-04T11:06:29.7+01:00"},{"startDateTime":"2019-10-04T10:02:00","startDateTimeLocal":"2019-10-04T11:02:00+01:00","stageTimeDurationMs":802400,"stageTimeDuration":"00:13:22.4000000","splitPointTimeId":94335,"splitPointId":2925,"entryId":20409,"elapsedDurationMs":371700,"elapsedDuration":"PT6M11.7S","splitDateTime":"2019-10-04T10:08:11.7","splitDateTimeLocal":"2019-10-04T11:08:11.7+01:00"},{"startDateTime":"2019-10-04T10:04:00","startDateTimeLocal":"2019-10-04T11:04:00+01:00","stageTimeDurationMs":798100,"stageTimeDuration":"00:13:18.1000000","splitPointTimeId":94339,"splitPointId":2925,"entryId":20412,"elapsedDurationMs":365700,"elapsedDuration":"PT6M5.7S","splitDateTime":"2019-10-04T10:10:05.7","splitDateTimeLocal":"2019-10-04T11:10:05.7+01:00"},{"startDateTime":"2019-10-04T10:05:00","startDateTimeLocal":"2019-10-04T11:05:00+01:00","stageTimeDurationMs":895300,"stageTimeDuration":"00:14:55.3000000","splitPointTimeId":94344,"splitPointId":2925,"entryId":20413,"elapsedDurationMs":408200,"elapsedDuration":"PT6M48.2S","splitDateTime":"2019-10-04T10:11:48.2","splitDateTimeLocal":"2019-10-04T11:11:48.2+01:00"},{"startDateTime":"2019-10-04T10:08:00","startDateTimeLocal":"2019-10-04T11:08:00+01:00","stageTimeDurationMs":817700,"stageTimeDuration":"00:13:37.7000000","splitPointTimeId":94351,"splitPointId":2925,"entryId":20414,"elapsedDurationMs":378700,"elapsedDuration":"PT6M18.7S","splitDateTime":"2019-10-04T10:14:18.7","splitDateTimeLocal":"2019-10-04T11:14:18.7+01:00"},{"startDateTime":"2019-10-04T10:09:00","startDateTimeLocal":"2019-10-04T11:09:00+01:00","stageTimeDurationMs":788500,"stageTimeDuration":"00:13:08.5000000","splitPointTimeId":94354,"splitPointId":2925,"entryId":20408,"elapsedDurationMs":366200,"elapsedDuration":"PT6M6.2S","splitDateTime":"2019-10-04T10:15:06.2","splitDateTimeLocal":"2019-10-04T11:15:06.2+01:00"},{"startDateTime":"2019-10-04T10:10:00","startDateTimeLocal":"2019-10-04T11:10:00+01:00","stageTimeDurationMs":1218100,"stageTimeDuration":"00:20:18.1000000","splitPointTimeId":94356,"splitPointId":2925,"entryId":20416,"elapsedDurationMs":380200,"elapsedDuration":"PT6M20.2S","splitDateTime":"2019-10-04T10:16:20.2","splitDateTimeLocal":"2019-10-04T11:16:20.2+01:00"},{"startDateTime":"2019-10-04T10:11:00","startDateTimeLocal":"2019-10-04T11:11:00+01:00","stageTimeDurationMs":824100,"stageTimeDuration":"00:13:44.1000000","splitPointTimeId":94358,"splitPointId":2925,"entryId":20415,"elapsedDurationMs":377700,"elapsedDuration":"PT6M17.7S","splitDateTime":"2019-10-04T10:17:17.7","splitDateTimeLocal":"2019-10-04T11:17:17.7+01:00"},{"startDateTime":"2019-10-04T08:56:00","startDateTimeLocal":"2019-10-04T09:56:00+01:00","stageTimeDurationMs":666900,"stageTimeDuration":"00:11:06.9000000","splitPointTimeId":94171,"splitPointId":2926,"entryId":20365,"elapsedDurationMs":443500,"elapsedDuration":"PT7M23.5S","splitDateTime":"2019-10-04T09:03:23.5","splitDateTimeLocal":"2019-10-04T10:03:23.5+01:00"},{"startDateTime":"2019-10-04T08:58:00","startDateTimeLocal":"2019-10-04T09:58:00+01:00","stageTimeDurationMs":669200,"stageTimeDuration":"00:11:09.2000000","splitPointTimeId":94174,"splitPointId":2926,"entryId":20360,"elapsedDurationMs":447700,"elapsedDuration":"PT7M27.7S","splitDateTime":"2019-10-04T09:05:27.7","splitDateTimeLocal":"2019-10-04T10:05:27.7+01:00"},{"startDateTime":"2019-10-04T09:00:00","startDateTimeLocal":"2019-10-04T10:00:00+01:00","stageTimeDurationMs":667200,"stageTimeDuration":"00:11:07.2000000","splitPointTimeId":94178,"splitPointId":2926,"entryId":20367,"elapsedDurationMs":445500,"elapsedDuration":"PT7M25.5S","splitDateTime":"2019-10-04T09:07:25.5","splitDateTimeLocal":"2019-10-04T10:07:25.5+01:00"},{"startDateTime":"2019-10-04T09:02:00","startDateTimeLocal":"2019-10-04T10:02:00+01:00","stageTimeDurationMs":672900,"stageTimeDuration":"00:11:12.9000000","splitPointTimeId":94182,"splitPointId":2926,"entryId":20370,"elapsedDurationMs":450200,"elapsedDuration":"PT7M30.2S","splitDateTime":"2019-10-04T09:09:30.2","splitDateTimeLocal":"2019-10-04T10:09:30.2+01:00"},{"startDateTime":"2019-10-04T09:04:00","startDateTimeLocal":"2019-10-04T10:04:00+01:00","stageTimeDurationMs":671600,"stageTimeDuration":"00:11:11.6000000","splitPointTimeId":94186,"splitPointId":2926,"entryId":20363,"elapsedDurationMs":448100,"elapsedDuration":"PT7M28.1S","splitDateTime":"2019-10-04T09:11:28.1","splitDateTimeLocal":"2019-10-04T10:11:28.1+01:00"},{"startDateTime":"2019-10-04T09:06:00","startDateTimeLocal":"2019-10-04T10:06:00+01:00","stageTimeDurationMs":667000,"stageTimeDuration":"00:11:07","splitPointTimeId":94189,"splitPointId":2926,"entryId":20366,"elapsedDurationMs":446400,"elapsedDuration":"PT7M26.4S","splitDateTime":"2019-10-04T09:13:26.4","splitDateTimeLocal":"2019-10-04T10:13:26.4+01:00"},{"startDateTime":"2019-10-04T09:08:00","startDateTimeLocal":"2019-10-04T10:08:00+01:00","stageTimeDurationMs":682600,"stageTimeDuration":"00:11:22.6000000","splitPointTimeId":94194,"splitPointId":2926,"entryId":20361,"elapsedDurationMs":460200,"elapsedDuration":"PT7M40.2S","splitDateTime":"2019-10-04T09:15:40.2","splitDateTimeLocal":"2019-10-04T10:15:40.2+01:00"},{"startDateTime":"2019-10-04T09:10:00","startDateTimeLocal":"2019-10-04T10:10:00+01:00","stageTimeDurationMs":671000,"stageTimeDuration":"00:11:11","splitPointTimeId":94198,"splitPointId":2926,"entryId":20362,"elapsedDurationMs":446900,"elapsedDuration":"PT7M26.9S","splitDateTime":"2019-10-04T09:17:26.9","splitDateTimeLocal":"2019-10-04T10:17:26.9+01:00"},{"startDateTime":"2019-10-04T09:12:00","startDateTimeLocal":"2019-10-04T10:12:00+01:00","stageTimeDurationMs":667600,"stageTimeDuration":"00:11:07.6000000","splitPointTimeId":94202,"splitPointId":2926,"entryId":20368,"elapsedDurationMs":446600,"elapsedDuration":"PT7M26.6S","splitDateTime":"2019-10-04T09:19:26.6","splitDateTimeLocal":"2019-10-04T10:19:26.6+01:00"},{"startDateTime":"2019-10-04T09:14:00","startDateTimeLocal":"2019-10-04T10:14:00+01:00","stageTimeDurationMs":689400,"stageTimeDuration":"00:11:29.4000000","splitPointTimeId":94205,"splitPointId":2926,"entryId":20364,"elapsedDurationMs":459500,"elapsedDuration":"PT7M39.5S","splitDateTime":"2019-10-04T09:21:39.5","splitDateTimeLocal":"2019-10-04T10:21:39.5+01:00"},{"startDateTime":"2019-10-04T09:16:00","startDateTimeLocal":"2019-10-04T10:16:00+01:00","stageTimeDurationMs":667800,"stageTimeDuration":"00:11:07.8000000","splitPointTimeId":94210,"splitPointId":2926,"entryId":20369,"elapsedDurationMs":446400,"elapsedDuration":"PT7M26.4S","splitDateTime":"2019-10-04T09:23:26.4","splitDateTimeLocal":"2019-10-04T10:23:26.4+01:00"},{"startDateTime":"2019-10-04T09:18:00","startDateTimeLocal":"2019-10-04T10:18:00+01:00","stageTimeDurationMs":697400,"stageTimeDuration":"00:11:37.4000000","splitPointTimeId":94215,"splitPointId":2926,"entryId":20371,"elapsedDurationMs":465200,"elapsedDuration":"PT7M45.2S","splitDateTime":"2019-10-04T09:25:45.2","splitDateTimeLocal":"2019-10-04T10:25:45.2+01:00"},{"startDateTime":"2019-10-04T09:20:00","startDateTimeLocal":"2019-10-04T10:20:00+01:00","stageTimeDurationMs":718900,"stageTimeDuration":"00:11:58.9000000","splitPointTimeId":94218,"splitPointId":2926,"entryId":20373,"elapsedDurationMs":486200,"elapsedDuration":"PT8M6.2S","splitDateTime":"2019-10-04T09:28:06.2","splitDateTimeLocal":"2019-10-04T10:28:06.2+01:00"},{"startDateTime":"2019-10-04T09:22:00","startDateTimeLocal":"2019-10-04T10:22:00+01:00","stageTimeDurationMs":692500,"stageTimeDuration":"00:11:32.5000000","splitPointTimeId":94222,"splitPointId":2926,"entryId":20372,"elapsedDurationMs":465800,"elapsedDuration":"PT7M45.8S","splitDateTime":"2019-10-04T09:29:45.8","splitDateTimeLocal":"2019-10-04T10:29:45.8+01:00"},{"startDateTime":"2019-10-04T09:24:00","startDateTimeLocal":"2019-10-04T10:24:00+01:00","stageTimeDurationMs":710100,"stageTimeDuration":"00:11:50.1000000","splitPointTimeId":94227,"splitPointId":2926,"entryId":20374,"elapsedDurationMs":477200,"elapsedDuration":"PT7M57.2S","splitDateTime":"2019-10-04T09:31:57.2","splitDateTimeLocal":"2019-10-04T10:31:57.2+01:00"},{"startDateTime":"2019-10-04T09:26:00","startDateTimeLocal":"2019-10-04T10:26:00+01:00","stageTimeDurationMs":1112500,"stageTimeDuration":"00:18:32.5000000","splitPointTimeId":94232,"splitPointId":2926,"entryId":20375,"elapsedDurationMs":464200,"elapsedDuration":"PT7M44.2S","splitDateTime":"2019-10-04T09:33:44.2","splitDateTimeLocal":"2019-10-04T10:33:44.2+01:00"},{"startDateTime":"2019-10-04T09:28:00","startDateTimeLocal":"2019-10-04T10:28:00+01:00","stageTimeDurationMs":724300,"stageTimeDuration":"00:12:04.3000000","splitPointTimeId":94238,"splitPointId":2926,"entryId":20376,"elapsedDurationMs":483800,"elapsedDuration":"PT8M3.8S","splitDateTime":"2019-10-04T09:36:03.8","splitDateTimeLocal":"2019-10-04T10:36:03.8+01:00"},{"startDateTime":"2019-10-04T09:29:00","startDateTimeLocal":"2019-10-04T10:29:00+01:00","stageTimeDurationMs":711300,"stageTimeDuration":"00:11:51.3000000","splitPointTimeId":94241,"splitPointId":2926,"entryId":20377,"elapsedDurationMs":468000,"elapsedDuration":"PT7M48S","splitDateTime":"2019-10-04T09:36:48","splitDateTimeLocal":"2019-10-04T10:36:48+01:00"},{"startDateTime":"2019-10-04T09:30:00","startDateTimeLocal":"2019-10-04T10:30:00+01:00","stageTimeDurationMs":1131300,"stageTimeDuration":"00:18:51.3000000","splitPointTimeId":94244,"splitPointId":2926,"entryId":20378,"elapsedDurationMs":467500,"elapsedDuration":"PT7M47.5S","splitDateTime":"2019-10-04T09:37:47.5","splitDateTimeLocal":"2019-10-04T10:37:47.5+01:00"},{"startDateTime":"2019-10-04T09:31:00","startDateTimeLocal":"2019-10-04T10:31:00+01:00","stageTimeDurationMs":715100,"stageTimeDuration":"00:11:55.1000000","splitPointTimeId":94246,"splitPointId":2926,"entryId":20383,"elapsedDurationMs":478700,"elapsedDuration":"PT7M58.7S","splitDateTime":"2019-10-04T09:38:58.7","splitDateTimeLocal":"2019-10-04T10:38:58.7+01:00"},{"startDateTime":"2019-10-04T09:32:00","startDateTimeLocal":"2019-10-04T10:32:00+01:00","stageTimeDurationMs":715700,"stageTimeDuration":"00:11:55.7000000","splitPointTimeId":94250,"splitPointId":2926,"entryId":20381,"elapsedDurationMs":481700,"elapsedDuration":"PT8M1.7S","splitDateTime":"2019-10-04T09:40:01.7","splitDateTimeLocal":"2019-10-04T10:40:01.7+01:00"},{"startDateTime":"2019-10-04T09:33:00","startDateTimeLocal":"2019-10-04T10:33:00+01:00","stageTimeDurationMs":775800,"stageTimeDuration":"00:12:55.8000000","splitPointTimeId":94254,"splitPointId":2926,"entryId":20384,"elapsedDurationMs":520700,"elapsedDuration":"PT8M40.7S","splitDateTime":"2019-10-04T09:41:40.7","splitDateTimeLocal":"2019-10-04T10:41:40.7+01:00"},{"startDateTime":"2019-10-04T09:35:00","startDateTimeLocal":"2019-10-04T10:35:00+01:00","stageTimeDurationMs":730900,"stageTimeDuration":"00:12:10.9000000","splitPointTimeId":94258,"splitPointId":2926,"entryId":20380,"elapsedDurationMs":484700,"elapsedDuration":"PT8M4.7S","splitDateTime":"2019-10-04T09:43:04.7","splitDateTimeLocal":"2019-10-04T10:43:04.7+01:00"},{"startDateTime":"2019-10-04T09:37:00","startDateTimeLocal":"2019-10-04T10:37:00+01:00","stageTimeDurationMs":714000,"stageTimeDuration":"00:11:54","splitPointTimeId":94262,"splitPointId":2926,"entryId":20387,"elapsedDurationMs":478500,"elapsedDuration":"PT7M58.5S","splitDateTime":"2019-10-04T09:44:58.5","splitDateTimeLocal":"2019-10-04T10:44:58.5+01:00"},{"startDateTime":"2019-10-04T09:39:00","startDateTimeLocal":"2019-10-04T10:39:00+01:00","stageTimeDurationMs":713800,"stageTimeDuration":"00:11:53.8000000","splitPointTimeId":94267,"splitPointId":2926,"entryId":20389,"elapsedDurationMs":475200,"elapsedDuration":"PT7M55.2S","splitDateTime":"2019-10-04T09:46:55.2","splitDateTimeLocal":"2019-10-04T10:46:55.2+01:00"},{"startDateTime":"2019-10-04T09:40:00","startDateTimeLocal":"2019-10-04T10:40:00+01:00","stageTimeDurationMs":722500,"stageTimeDuration":"00:12:02.5000000","splitPointTimeId":94270,"splitPointId":2926,"entryId":20390,"elapsedDurationMs":482900,"elapsedDuration":"PT8M2.9S","splitDateTime":"2019-10-04T09:48:02.9","splitDateTimeLocal":"2019-10-04T10:48:02.9+01:00"},{"startDateTime":"2019-10-04T09:41:00","startDateTimeLocal":"2019-10-04T10:41:00+01:00","stageTimeDurationMs":722900,"stageTimeDuration":"00:12:02.9000000","splitPointTimeId":94272,"splitPointId":2926,"entryId":20385,"elapsedDurationMs":482500,"elapsedDuration":"PT8M2.5S","splitDateTime":"2019-10-04T09:49:02.5","splitDateTimeLocal":"2019-10-04T10:49:02.5+01:00"},{"startDateTime":"2019-10-04T09:42:00","startDateTimeLocal":"2019-10-04T10:42:00+01:00","stageTimeDurationMs":765700,"stageTimeDuration":"00:12:45.7000000","splitPointTimeId":94278,"splitPointId":2926,"entryId":20392,"elapsedDurationMs":510600,"elapsedDuration":"PT8M30.6S","splitDateTime":"2019-10-04T09:50:30.6","splitDateTimeLocal":"2019-10-04T10:50:30.6+01:00"},{"startDateTime":"2019-10-04T09:43:00","startDateTimeLocal":"2019-10-04T10:43:00+01:00","stageTimeDurationMs":769300,"stageTimeDuration":"00:12:49.3000000","splitPointTimeId":94279,"splitPointId":2926,"entryId":20393,"elapsedDurationMs":508700,"elapsedDuration":"PT8M28.7S","splitDateTime":"2019-10-04T09:51:28.7","splitDateTimeLocal":"2019-10-04T10:51:28.7+01:00"},{"startDateTime":"2019-10-04T09:46:00","startDateTimeLocal":"2019-10-04T10:46:00+01:00","stageTimeDurationMs":795300,"stageTimeDuration":"00:13:15.3000000","splitPointTimeId":94290,"splitPointId":2926,"entryId":20396,"elapsedDurationMs":527900,"elapsedDuration":"PT8M47.9S","splitDateTime":"2019-10-04T09:54:47.9","splitDateTimeLocal":"2019-10-04T10:54:47.9+01:00"},{"startDateTime":"2019-10-04T09:48:00","startDateTimeLocal":"2019-10-04T10:48:00+01:00","stageTimeDurationMs":786200,"stageTimeDuration":"00:13:06.2000000","splitPointTimeId":94294,"splitPointId":2926,"entryId":20398,"elapsedDurationMs":520200,"elapsedDuration":"PT8M40.2S","splitDateTime":"2019-10-04T09:56:40.2","splitDateTimeLocal":"2019-10-04T10:56:40.2+01:00"},{"startDateTime":"2019-10-04T09:47:00","startDateTimeLocal":"2019-10-04T10:47:00+01:00","stageTimeDurationMs":854000,"stageTimeDuration":"00:14:14","splitPointTimeId":94296,"splitPointId":2926,"entryId":20397,"elapsedDurationMs":565200,"elapsedDuration":"PT9M25.2S","splitDateTime":"2019-10-04T09:56:25.2","splitDateTimeLocal":"2019-10-04T10:56:25.2+01:00"},{"startDateTime":"2019-10-04T09:49:00","startDateTimeLocal":"2019-10-04T10:49:00+01:00","stageTimeDurationMs":823300,"stageTimeDuration":"00:13:43.3000000","splitPointTimeId":94298,"splitPointId":2926,"entryId":20399,"elapsedDurationMs":544700,"elapsedDuration":"PT9M4.7S","splitDateTime":"2019-10-04T09:58:04.7","splitDateTimeLocal":"2019-10-04T10:58:04.7+01:00"},{"startDateTime":"2019-10-04T09:50:00","startDateTimeLocal":"2019-10-04T10:50:00+01:00","stageTimeDurationMs":832800,"stageTimeDuration":"00:13:52.8000000","splitPointTimeId":94303,"splitPointId":2926,"entryId":20401,"elapsedDurationMs":552200,"elapsedDuration":"PT9M12.2S","splitDateTime":"2019-10-04T09:59:12.2","splitDateTimeLocal":"2019-10-04T10:59:12.2+01:00"},{"startDateTime":"2019-10-04T09:52:00","startDateTimeLocal":"2019-10-04T10:52:00+01:00","stageTimeDurationMs":909600,"stageTimeDuration":"00:15:09.6000000","splitPointTimeId":94310,"splitPointId":2926,"entryId":20402,"elapsedDurationMs":608100,"elapsedDuration":"PT10M8.1S","splitDateTime":"2019-10-04T10:02:08.1","splitDateTimeLocal":"2019-10-04T11:02:08.1+01:00"},{"startDateTime":"2019-10-04T09:58:00","startDateTimeLocal":"2019-10-04T10:58:00+01:00","stageTimeDurationMs":707000,"stageTimeDuration":"00:11:47","splitPointTimeId":94322,"splitPointId":2926,"entryId":20403,"elapsedDurationMs":471200,"elapsedDuration":"PT7M51.2S","splitDateTime":"2019-10-04T10:05:51.2","splitDateTimeLocal":"2019-10-04T11:05:51.2+01:00"},{"startDateTime":"2019-10-04T09:56:00","startDateTimeLocal":"2019-10-04T10:56:00+01:00","stageTimeDurationMs":724200,"stageTimeDuration":"00:12:04.2000000","splitPointTimeId":94324,"splitPointId":2926,"entryId":20407,"elapsedDurationMs":484700,"elapsedDuration":"PT8M4.7S","splitDateTime":"2019-10-04T10:04:04.7","splitDateTimeLocal":"2019-10-04T11:04:04.7+01:00"},{"startDateTime":"2019-10-04T09:59:00","startDateTimeLocal":"2019-10-04T10:59:00+01:00","stageTimeDurationMs":708300,"stageTimeDuration":"00:11:48.3000000","splitPointTimeId":94329,"splitPointId":2926,"entryId":20404,"elapsedDurationMs":473200,"elapsedDuration":"PT7M53.2S","splitDateTime":"2019-10-04T10:06:53.2","splitDateTimeLocal":"2019-10-04T11:06:53.2+01:00"},{"startDateTime":"2019-10-04T10:01:00","startDateTimeLocal":"2019-10-04T11:01:00+01:00","stageTimeDurationMs":712200,"stageTimeDuration":"00:11:52.2000000","splitPointTimeId":94337,"splitPointId":2926,"entryId":20406,"elapsedDurationMs":474700,"elapsedDuration":"PT7M54.7S","splitDateTime":"2019-10-04T10:08:54.7","splitDateTimeLocal":"2019-10-04T11:08:54.7+01:00"},{"startDateTime":"2019-10-04T10:02:00","startDateTimeLocal":"2019-10-04T11:02:00+01:00","stageTimeDurationMs":802400,"stageTimeDuration":"00:13:22.4000000","splitPointTimeId":94341,"splitPointId":2926,"entryId":20409,"elapsedDurationMs":536000,"elapsedDuration":"PT8M56S","splitDateTime":"2019-10-04T10:10:56","splitDateTimeLocal":"2019-10-04T11:10:56+01:00"},{"startDateTime":"2019-10-04T10:04:00","startDateTimeLocal":"2019-10-04T11:04:00+01:00","stageTimeDurationMs":798100,"stageTimeDuration":"00:13:18.1000000","splitPointTimeId":94347,"splitPointId":2926,"entryId":20412,"elapsedDurationMs":533100,"elapsedDuration":"PT8M53.1S","splitDateTime":"2019-10-04T10:12:53.1","splitDateTimeLocal":"2019-10-04T11:12:53.1+01:00"},{"startDateTime":"2019-10-04T10:05:00","startDateTimeLocal":"2019-10-04T11:05:00+01:00","stageTimeDurationMs":895300,"stageTimeDuration":"00:14:55.3000000","splitPointTimeId":94353,"splitPointId":2926,"entryId":20413,"elapsedDurationMs":597900,"elapsedDuration":"PT9M57.9S","splitDateTime":"2019-10-04T10:14:57.9","splitDateTimeLocal":"2019-10-04T11:14:57.9+01:00"},{"startDateTime":"2019-10-04T10:08:00","startDateTimeLocal":"2019-10-04T11:08:00+01:00","stageTimeDurationMs":817700,"stageTimeDuration":"00:13:37.7000000","splitPointTimeId":94357,"splitPointId":2926,"entryId":20414,"elapsedDurationMs":547700,"elapsedDuration":"PT9M7.7S","splitDateTime":"2019-10-04T10:17:07.7","splitDateTimeLocal":"2019-10-04T11:17:07.7+01:00"},{"startDateTime":"2019-10-04T10:09:00","startDateTimeLocal":"2019-10-04T11:09:00+01:00","stageTimeDurationMs":788500,"stageTimeDuration":"00:13:08.5000000","splitPointTimeId":94359,"splitPointId":2926,"entryId":20408,"elapsedDurationMs":528700,"elapsedDuration":"PT8M48.7S","splitDateTime":"2019-10-04T10:17:48.7","splitDateTimeLocal":"2019-10-04T11:17:48.7+01:00"},{"startDateTime":"2019-10-04T10:10:00","startDateTimeLocal":"2019-10-04T11:10:00+01:00","stageTimeDurationMs":1218100,"stageTimeDuration":"00:20:18.1000000","splitPointTimeId":94361,"splitPointId":2926,"entryId":20416,"elapsedDurationMs":551200,"elapsedDuration":"PT9M11.2S","splitDateTime":"2019-10-04T10:19:11.2","splitDateTimeLocal":"2019-10-04T11:19:11.2+01:00"},{"startDateTime":"2019-10-04T10:11:00","startDateTimeLocal":"2019-10-04T11:11:00+01:00","stageTimeDurationMs":824100,"stageTimeDuration":"00:13:44.1000000","splitPointTimeId":94363,"splitPointId":2926,"entryId":20415,"elapsedDurationMs":547200,"elapsedDuration":"PT9M7.2S","splitDateTime":"2019-10-04T10:20:07.2","splitDateTimeLocal":"2019-10-04T11:20:07.2+01:00"},{"startDateTime":"2019-10-04T08:56:00","startDateTimeLocal":"2019-10-04T09:56:00+01:00","stageTimeDurationMs":666900,"stageTimeDuration":"00:11:06.9000000","splitPointTimeId":94166,"splitPointId":2928,"entryId":20365,"elapsedDurationMs":142200,"elapsedDuration":"PT2M22.2S","splitDateTime":"2019-10-04T08:58:22.2","splitDateTimeLocal":"2019-10-04T09:58:22.2+01:00"},{"startDateTime":"2019-10-04T08:58:00","startDateTimeLocal":"2019-10-04T09:58:00+01:00","stageTimeDurationMs":669200,"stageTimeDuration":"00:11:09.2000000","splitPointTimeId":94167,"splitPointId":2928,"entryId":20360,"elapsedDurationMs":143700,"elapsedDuration":"PT2M23.7S","splitDateTime":"2019-10-04T09:00:23.7","splitDateTimeLocal":"2019-10-04T10:00:23.7+01:00"},{"startDateTime":"2019-10-04T09:00:00","startDateTimeLocal":"2019-10-04T10:00:00+01:00","stageTimeDurationMs":667200,"stageTimeDuration":"00:11:07.2000000","splitPointTimeId":94169,"splitPointId":2928,"entryId":20367,"elapsedDurationMs":143700,"elapsedDuration":"PT2M23.7S","splitDateTime":"2019-10-04T09:02:23.7","splitDateTimeLocal":"2019-10-04T10:02:23.7+01:00"},{"startDateTime":"2019-10-04T09:02:00","startDateTimeLocal":"2019-10-04T10:02:00+01:00","stageTimeDurationMs":672900,"stageTimeDuration":"00:11:12.9000000","splitPointTimeId":94172,"splitPointId":2928,"entryId":20370,"elapsedDurationMs":145200,"elapsedDuration":"PT2M25.2S","splitDateTime":"2019-10-04T09:04:25.2","splitDateTimeLocal":"2019-10-04T10:04:25.2+01:00"},{"startDateTime":"2019-10-04T09:04:00","startDateTimeLocal":"2019-10-04T10:04:00+01:00","stageTimeDurationMs":671600,"stageTimeDuration":"00:11:11.6000000","splitPointTimeId":94176,"splitPointId":2928,"entryId":20363,"elapsedDurationMs":144700,"elapsedDuration":"PT2M24.7S","splitDateTime":"2019-10-04T09:06:24.7","splitDateTimeLocal":"2019-10-04T10:06:24.7+01:00"},{"startDateTime":"2019-10-04T09:06:00","startDateTimeLocal":"2019-10-04T10:06:00+01:00","stageTimeDurationMs":667000,"stageTimeDuration":"00:11:07","splitPointTimeId":94180,"splitPointId":2928,"entryId":20366,"elapsedDurationMs":143600,"elapsedDuration":"PT2M23.6S","splitDateTime":"2019-10-04T09:08:23.6","splitDateTimeLocal":"2019-10-04T10:08:23.6+01:00"},{"startDateTime":"2019-10-04T09:08:00","startDateTimeLocal":"2019-10-04T10:08:00+01:00","stageTimeDurationMs":682600,"stageTimeDuration":"00:11:22.6000000","splitPointTimeId":94184,"splitPointId":2928,"entryId":20361,"elapsedDurationMs":156200,"elapsedDuration":"PT2M36.2S","splitDateTime":"2019-10-04T09:10:36.2","splitDateTimeLocal":"2019-10-04T10:10:36.2+01:00"},{"startDateTime":"2019-10-04T09:10:00","startDateTimeLocal":"2019-10-04T10:10:00+01:00","stageTimeDurationMs":671000,"stageTimeDuration":"00:11:11","splitPointTimeId":94188,"splitPointId":2928,"entryId":20362,"elapsedDurationMs":144600,"elapsedDuration":"PT2M24.6S","splitDateTime":"2019-10-04T09:12:24.6","splitDateTimeLocal":"2019-10-04T10:12:24.6+01:00"},{"startDateTime":"2019-10-04T09:12:00","startDateTimeLocal":"2019-10-04T10:12:00+01:00","stageTimeDurationMs":667600,"stageTimeDuration":"00:11:07.6000000","splitPointTimeId":94191,"splitPointId":2928,"entryId":20368,"elapsedDurationMs":143200,"elapsedDuration":"PT2M23.2S","splitDateTime":"2019-10-04T09:14:23.2","splitDateTimeLocal":"2019-10-04T10:14:23.2+01:00"},{"startDateTime":"2019-10-04T09:14:00","startDateTimeLocal":"2019-10-04T10:14:00+01:00","stageTimeDurationMs":689400,"stageTimeDuration":"00:11:29.4000000","splitPointTimeId":94195,"splitPointId":2928,"entryId":20364,"elapsedDurationMs":146200,"elapsedDuration":"PT2M26.2S","splitDateTime":"2019-10-04T09:16:26.2","splitDateTimeLocal":"2019-10-04T10:16:26.2+01:00"},{"startDateTime":"2019-10-04T09:16:00","startDateTimeLocal":"2019-10-04T10:16:00+01:00","stageTimeDurationMs":667800,"stageTimeDuration":"00:11:07.8000000","splitPointTimeId":94199,"splitPointId":2928,"entryId":20369,"elapsedDurationMs":143600,"elapsedDuration":"PT2M23.6S","splitDateTime":"2019-10-04T09:18:23.6","splitDateTimeLocal":"2019-10-04T10:18:23.6+01:00"},{"startDateTime":"2019-10-04T09:18:00","startDateTimeLocal":"2019-10-04T10:18:00+01:00","stageTimeDurationMs":697400,"stageTimeDuration":"00:11:37.4000000","splitPointTimeId":94203,"splitPointId":2928,"entryId":20371,"elapsedDurationMs":150200,"elapsedDuration":"PT2M30.2S","splitDateTime":"2019-10-04T09:20:30.2","splitDateTimeLocal":"2019-10-04T10:20:30.2+01:00"},{"startDateTime":"2019-10-04T09:20:00","startDateTimeLocal":"2019-10-04T10:20:00+01:00","stageTimeDurationMs":718900,"stageTimeDuration":"00:11:58.9000000","splitPointTimeId":94208,"splitPointId":2928,"entryId":20373,"elapsedDurationMs":172700,"elapsedDuration":"PT2M52.7S","splitDateTime":"2019-10-04T09:22:52.7","splitDateTimeLocal":"2019-10-04T10:22:52.7+01:00"},{"startDateTime":"2019-10-04T09:22:00","startDateTimeLocal":"2019-10-04T10:22:00+01:00","stageTimeDurationMs":692500,"stageTimeDuration":"00:11:32.5000000","splitPointTimeId":94212,"splitPointId":2928,"entryId":20372,"elapsedDurationMs":151000,"elapsedDuration":"PT2M31S","splitDateTime":"2019-10-04T09:24:31","splitDateTimeLocal":"2019-10-04T10:24:31+01:00"},{"startDateTime":"2019-10-04T09:24:00","startDateTimeLocal":"2019-10-04T10:24:00+01:00","stageTimeDurationMs":710100,"stageTimeDuration":"00:11:50.1000000","splitPointTimeId":94216,"splitPointId":2928,"entryId":20374,"elapsedDurationMs":155500,"elapsedDuration":"PT2M35.5S","splitDateTime":"2019-10-04T09:26:35.5","splitDateTimeLocal":"2019-10-04T10:26:35.5+01:00"},{"startDateTime":"2019-10-04T09:26:00","startDateTimeLocal":"2019-10-04T10:26:00+01:00","stageTimeDurationMs":1112500,"stageTimeDuration":"00:18:32.5000000","splitPointTimeId":94220,"splitPointId":2928,"entryId":20375,"elapsedDurationMs":149700,"elapsedDuration":"PT2M29.7S","splitDateTime":"2019-10-04T09:28:29.7","splitDateTimeLocal":"2019-10-04T10:28:29.7+01:00"},{"startDateTime":"2019-10-04T09:28:00","startDateTimeLocal":"2019-10-04T10:28:00+01:00","stageTimeDurationMs":724300,"stageTimeDuration":"00:12:04.3000000","splitPointTimeId":94224,"splitPointId":2928,"entryId":20376,"elapsedDurationMs":156200,"elapsedDuration":"PT2M36.2S","splitDateTime":"2019-10-04T09:30:36.2","splitDateTimeLocal":"2019-10-04T10:30:36.2+01:00"},{"startDateTime":"2019-10-04T09:29:00","startDateTimeLocal":"2019-10-04T10:29:00+01:00","stageTimeDurationMs":711300,"stageTimeDuration":"00:11:51.3000000","splitPointTimeId":94226,"splitPointId":2928,"entryId":20377,"elapsedDurationMs":152300,"elapsedDuration":"PT2M32.3S","splitDateTime":"2019-10-04T09:31:32.3","splitDateTimeLocal":"2019-10-04T10:31:32.3+01:00"},{"startDateTime":"2019-10-04T09:30:00","startDateTimeLocal":"2019-10-04T10:30:00+01:00","stageTimeDurationMs":1131300,"stageTimeDuration":"00:18:51.3000000","splitPointTimeId":94229,"splitPointId":2928,"entryId":20378,"elapsedDurationMs":150500,"elapsedDuration":"PT2M30.5S","splitDateTime":"2019-10-04T09:32:30.5","splitDateTimeLocal":"2019-10-04T10:32:30.5+01:00"},{"startDateTime":"2019-10-04T09:31:00","startDateTimeLocal":"2019-10-04T10:31:00+01:00","stageTimeDurationMs":715100,"stageTimeDuration":"00:11:55.1000000","splitPointTimeId":94231,"splitPointId":2928,"entryId":20383,"elapsedDurationMs":156100,"elapsedDuration":"PT2M36.1S","splitDateTime":"2019-10-04T09:33:36.1","splitDateTimeLocal":"2019-10-04T10:33:36.1+01:00"},{"startDateTime":"2019-10-04T09:32:00","startDateTimeLocal":"2019-10-04T10:32:00+01:00","stageTimeDurationMs":715700,"stageTimeDuration":"00:11:55.7000000","splitPointTimeId":94235,"splitPointId":2928,"entryId":20381,"elapsedDurationMs":156600,"elapsedDuration":"PT2M36.6S","splitDateTime":"2019-10-04T09:34:36.6","splitDateTimeLocal":"2019-10-04T10:34:36.6+01:00"},{"startDateTime":"2019-10-04T09:33:00","startDateTimeLocal":"2019-10-04T10:33:00+01:00","stageTimeDurationMs":775800,"stageTimeDuration":"00:12:55.8000000","splitPointTimeId":94237,"splitPointId":2928,"entryId":20384,"elapsedDurationMs":170200,"elapsedDuration":"PT2M50.2S","splitDateTime":"2019-10-04T09:35:50.2","splitDateTimeLocal":"2019-10-04T10:35:50.2+01:00"},{"startDateTime":"2019-10-04T09:35:00","startDateTimeLocal":"2019-10-04T10:35:00+01:00","stageTimeDurationMs":730900,"stageTimeDuration":"00:12:10.9000000","splitPointTimeId":94242,"splitPointId":2928,"entryId":20380,"elapsedDurationMs":155200,"elapsedDuration":"PT2M35.2S","splitDateTime":"2019-10-04T09:37:35.2","splitDateTimeLocal":"2019-10-04T10:37:35.2+01:00"},{"startDateTime":"2019-10-04T09:37:00","startDateTimeLocal":"2019-10-04T10:37:00+01:00","stageTimeDurationMs":714000,"stageTimeDuration":"00:11:54","splitPointTimeId":94249,"splitPointId":2928,"entryId":20387,"elapsedDurationMs":155700,"elapsedDuration":"PT2M35.7S","splitDateTime":"2019-10-04T09:39:35.7","splitDateTimeLocal":"2019-10-04T10:39:35.7+01:00"},{"startDateTime":"2019-10-04T09:39:00","startDateTimeLocal":"2019-10-04T10:39:00+01:00","stageTimeDurationMs":713800,"stageTimeDuration":"00:11:53.8000000","splitPointTimeId":94253,"splitPointId":2928,"entryId":20389,"elapsedDurationMs":151700,"elapsedDuration":"PT2M31.7S","splitDateTime":"2019-10-04T09:41:31.7","splitDateTimeLocal":"2019-10-04T10:41:31.7+01:00"},{"startDateTime":"2019-10-04T09:40:00","startDateTimeLocal":"2019-10-04T10:40:00+01:00","stageTimeDurationMs":722500,"stageTimeDuration":"00:12:02.5000000","splitPointTimeId":94257,"splitPointId":2928,"entryId":20390,"elapsedDurationMs":156200,"elapsedDuration":"PT2M36.2S","splitDateTime":"2019-10-04T09:42:36.2","splitDateTimeLocal":"2019-10-04T10:42:36.2+01:00"},{"startDateTime":"2019-10-04T09:41:00","startDateTimeLocal":"2019-10-04T10:41:00+01:00","stageTimeDurationMs":722900,"stageTimeDuration":"00:12:02.9000000","splitPointTimeId":94259,"splitPointId":2928,"entryId":20385,"elapsedDurationMs":155700,"elapsedDuration":"PT2M35.7S","splitDateTime":"2019-10-04T09:43:35.7","splitDateTimeLocal":"2019-10-04T10:43:35.7+01:00"},{"startDateTime":"2019-10-04T09:42:00","startDateTimeLocal":"2019-10-04T10:42:00+01:00","stageTimeDurationMs":765700,"stageTimeDuration":"00:12:45.7000000","splitPointTimeId":94260,"splitPointId":2928,"entryId":20392,"elapsedDurationMs":166500,"elapsedDuration":"PT2M46.5S","splitDateTime":"2019-10-04T09:44:46.5","splitDateTimeLocal":"2019-10-04T10:44:46.5+01:00"},{"startDateTime":"2019-10-04T09:43:00","startDateTimeLocal":"2019-10-04T10:43:00+01:00","stageTimeDurationMs":769300,"stageTimeDuration":"00:12:49.3000000","splitPointTimeId":94263,"splitPointId":2928,"entryId":20393,"elapsedDurationMs":166700,"elapsedDuration":"PT2M46.7S","splitDateTime":"2019-10-04T09:45:46.7","splitDateTimeLocal":"2019-10-04T10:45:46.7+01:00"},{"startDateTime":"2019-10-04T09:46:00","startDateTimeLocal":"2019-10-04T10:46:00+01:00","stageTimeDurationMs":795300,"stageTimeDuration":"00:13:15.3000000","splitPointTimeId":94271,"splitPointId":2928,"entryId":20396,"elapsedDurationMs":170700,"elapsedDuration":"PT2M50.7S","splitDateTime":"2019-10-04T09:48:50.7","splitDateTimeLocal":"2019-10-04T10:48:50.7+01:00"},{"startDateTime":"2019-10-04T09:47:00","startDateTimeLocal":"2019-10-04T10:47:00+01:00","stageTimeDurationMs":854000,"stageTimeDuration":"00:14:14","splitPointTimeId":94274,"splitPointId":2928,"entryId":20397,"elapsedDurationMs":182700,"elapsedDuration":"PT3M2.7S","splitDateTime":"2019-10-04T09:50:02.7","splitDateTimeLocal":"2019-10-04T10:50:02.7+01:00"},{"startDateTime":"2019-10-04T09:48:00","startDateTimeLocal":"2019-10-04T10:48:00+01:00","stageTimeDurationMs":786200,"stageTimeDuration":"00:13:06.2000000","splitPointTimeId":94275,"splitPointId":2928,"entryId":20398,"elapsedDurationMs":169100,"elapsedDuration":"PT2M49.1S","splitDateTime":"2019-10-04T09:50:49.1","splitDateTimeLocal":"2019-10-04T10:50:49.1+01:00"},{"startDateTime":"2019-10-04T09:49:00","startDateTimeLocal":"2019-10-04T10:49:00+01:00","stageTimeDurationMs":823300,"stageTimeDuration":"00:13:43.3000000","splitPointTimeId":94281,"splitPointId":2928,"entryId":20399,"elapsedDurationMs":180200,"elapsedDuration":"PT3M0.2S","splitDateTime":"2019-10-04T09:52:00.2","splitDateTimeLocal":"2019-10-04T10:52:00.2+01:00"},{"startDateTime":"2019-10-04T09:50:00","startDateTimeLocal":"2019-10-04T10:50:00+01:00","stageTimeDurationMs":832800,"stageTimeDuration":"00:13:52.8000000","splitPointTimeId":94283,"splitPointId":2928,"entryId":20401,"elapsedDurationMs":177700,"elapsedDuration":"PT2M57.7S","splitDateTime":"2019-10-04T09:52:57.7","splitDateTimeLocal":"2019-10-04T10:52:57.7+01:00"},{"startDateTime":"2019-10-04T09:52:00","startDateTimeLocal":"2019-10-04T10:52:00+01:00","stageTimeDurationMs":909600,"stageTimeDuration":"00:15:09.6000000","splitPointTimeId":94289,"splitPointId":2928,"entryId":20402,"elapsedDurationMs":197700,"elapsedDuration":"PT3M17.7S","splitDateTime":"2019-10-04T09:55:17.7","splitDateTimeLocal":"2019-10-04T10:55:17.7+01:00"},{"startDateTime":"2019-10-04T09:56:00","startDateTimeLocal":"2019-10-04T10:56:00+01:00","stageTimeDurationMs":724200,"stageTimeDuration":"00:12:04.2000000","splitPointTimeId":94304,"splitPointId":2928,"entryId":20407,"elapsedDurationMs":156200,"elapsedDuration":"PT2M36.2S","splitDateTime":"2019-10-04T09:58:36.2","splitDateTimeLocal":"2019-10-04T10:58:36.2+01:00"},{"startDateTime":"2019-10-04T09:58:00","startDateTimeLocal":"2019-10-04T10:58:00+01:00","stageTimeDurationMs":707000,"stageTimeDuration":"00:11:47","splitPointTimeId":94307,"splitPointId":2928,"entryId":20403,"elapsedDurationMs":152700,"elapsedDuration":"PT2M32.7S","splitDateTime":"2019-10-04T10:00:32.7","splitDateTimeLocal":"2019-10-04T11:00:32.7+01:00"},{"startDateTime":"2019-10-04T09:59:00","startDateTimeLocal":"2019-10-04T10:59:00+01:00","stageTimeDurationMs":708300,"stageTimeDuration":"00:11:48.3000000","splitPointTimeId":94309,"splitPointId":2928,"entryId":20404,"elapsedDurationMs":153700,"elapsedDuration":"PT2M33.7S","splitDateTime":"2019-10-04T10:01:33.7","splitDateTimeLocal":"2019-10-04T11:01:33.7+01:00"},{"startDateTime":"2019-10-04T10:01:00","startDateTimeLocal":"2019-10-04T11:01:00+01:00","stageTimeDurationMs":712200,"stageTimeDuration":"00:11:52.2000000","splitPointTimeId":94316,"splitPointId":2928,"entryId":20406,"elapsedDurationMs":154000,"elapsedDuration":"PT2M34S","splitDateTime":"2019-10-04T10:03:34","splitDateTimeLocal":"2019-10-04T11:03:34+01:00"},{"startDateTime":"2019-10-04T10:02:00","startDateTimeLocal":"2019-10-04T11:02:00+01:00","stageTimeDurationMs":802400,"stageTimeDuration":"00:13:22.4000000","splitPointTimeId":94318,"splitPointId":2928,"entryId":20409,"elapsedDurationMs":176700,"elapsedDuration":"PT2M56.7S","splitDateTime":"2019-10-04T10:04:56.7","splitDateTimeLocal":"2019-10-04T11:04:56.7+01:00"},{"startDateTime":"2019-10-04T10:04:00","startDateTimeLocal":"2019-10-04T11:04:00+01:00","stageTimeDurationMs":798100,"stageTimeDuration":"00:13:18.1000000","splitPointTimeId":94327,"splitPointId":2928,"entryId":20412,"elapsedDurationMs":170800,"elapsedDuration":"PT2M50.8S","splitDateTime":"2019-10-04T10:06:50.8","splitDateTimeLocal":"2019-10-04T11:06:50.8+01:00"},{"startDateTime":"2019-10-04T10:05:00","startDateTimeLocal":"2019-10-04T11:05:00+01:00","stageTimeDurationMs":895300,"stageTimeDuration":"00:14:55.3000000","splitPointTimeId":94331,"splitPointId":2928,"entryId":20413,"elapsedDurationMs":192500,"elapsedDuration":"PT3M12.5S","splitDateTime":"2019-10-04T10:08:12.5","splitDateTimeLocal":"2019-10-04T11:08:12.5+01:00"},{"startDateTime":"2019-10-04T10:08:00","startDateTimeLocal":"2019-10-04T11:08:00+01:00","stageTimeDurationMs":817700,"stageTimeDuration":"00:13:37.7000000","splitPointTimeId":94343,"splitPointId":2928,"entryId":20414,"elapsedDurationMs":182600,"elapsedDuration":"PT3M2.6S","splitDateTime":"2019-10-04T10:11:02.6","splitDateTimeLocal":"2019-10-04T11:11:02.6+01:00"},{"startDateTime":"2019-10-04T10:09:00","startDateTimeLocal":"2019-10-04T11:09:00+01:00","stageTimeDurationMs":788500,"stageTimeDuration":"00:13:08.5000000","splitPointTimeId":94345,"splitPointId":2928,"entryId":20408,"elapsedDurationMs":172800,"elapsedDuration":"PT2M52.8S","splitDateTime":"2019-10-04T10:11:52.8","splitDateTimeLocal":"2019-10-04T11:11:52.8+01:00"},{"startDateTime":"2019-10-04T10:10:00","startDateTimeLocal":"2019-10-04T11:10:00+01:00","stageTimeDurationMs":1218100,"stageTimeDuration":"00:20:18.1000000","splitPointTimeId":94346,"splitPointId":2928,"entryId":20416,"elapsedDurationMs":181200,"elapsedDuration":"PT3M1.2S","splitDateTime":"2019-10-04T10:13:01.2","splitDateTimeLocal":"2019-10-04T11:13:01.2+01:00"},{"startDateTime":"2019-10-04T10:11:00","startDateTimeLocal":"2019-10-04T11:11:00+01:00","stageTimeDurationMs":824100,"stageTimeDuration":"00:13:44.1000000","splitPointTimeId":94350,"splitPointId":2928,"entryId":20415,"elapsedDurationMs":178700,"elapsedDuration":"PT2M58.7S","splitDateTime":"2019-10-04T10:13:58.7","splitDateTimeLocal":"2019-10-04T11:13:58.7+01:00"},{"startDateTime":"2019-10-04T10:25:00","startDateTimeLocal":"2019-10-04T11:25:00+01:00","stageTimeDurationMs":1127000,"stageTimeDuration":"00:18:47","splitPointTimeId":94367,"splitPointId":2928,"entryId":20405,"elapsedDurationMs":199700,"elapsedDuration":"PT3M19.7S","splitDateTime":"2019-10-04T10:28:19.7","splitDateTimeLocal":"2019-10-04T11:28:19.7+01:00"},{"startDateTime":"2019-10-04T08:56:00","startDateTimeLocal":"2019-10-04T09:56:00+01:00","stageTimeDurationMs":666900,"stageTimeDuration":"00:11:06.9000000","splitPointTimeId":94175,"splitPointId":2929,"entryId":20365,"elapsedDurationMs":584400,"elapsedDuration":"PT9M44.4S","splitDateTime":"2019-10-04T09:05:44.4","splitDateTimeLocal":"2019-10-04T10:05:44.4+01:00"},{"startDateTime":"2019-10-04T08:58:00","startDateTimeLocal":"2019-10-04T09:58:00+01:00","stageTimeDurationMs":669200,"stageTimeDuration":"00:11:09.2000000","splitPointTimeId":94179,"splitPointId":2929,"entryId":20360,"elapsedDurationMs":588400,"elapsedDuration":"PT9M48.4S","splitDateTime":"2019-10-04T09:07:48.4","splitDateTimeLocal":"2019-10-04T10:07:48.4+01:00"},{"startDateTime":"2019-10-04T09:00:00","startDateTimeLocal":"2019-10-04T10:00:00+01:00","stageTimeDurationMs":667200,"stageTimeDuration":"00:11:07.2000000","splitPointTimeId":94183,"splitPointId":2929,"entryId":20367,"elapsedDurationMs":586200,"elapsedDuration":"PT9M46.2S","splitDateTime":"2019-10-04T09:09:46.2","splitDateTimeLocal":"2019-10-04T10:09:46.2+01:00"},{"startDateTime":"2019-10-04T09:02:00","startDateTimeLocal":"2019-10-04T10:02:00+01:00","stageTimeDurationMs":672900,"stageTimeDuration":"00:11:12.9000000","splitPointTimeId":94187,"splitPointId":2929,"entryId":20370,"elapsedDurationMs":591400,"elapsedDuration":"PT9M51.4S","splitDateTime":"2019-10-04T09:11:51.4","splitDateTimeLocal":"2019-10-04T10:11:51.4+01:00"},{"startDateTime":"2019-10-04T09:04:00","startDateTimeLocal":"2019-10-04T10:04:00+01:00","stageTimeDurationMs":671600,"stageTimeDuration":"00:11:11.6000000","splitPointTimeId":94190,"splitPointId":2929,"entryId":20363,"elapsedDurationMs":591100,"elapsedDuration":"PT9M51.1S","splitDateTime":"2019-10-04T09:13:51.1","splitDateTimeLocal":"2019-10-04T10:13:51.1+01:00"},{"startDateTime":"2019-10-04T09:06:00","startDateTimeLocal":"2019-10-04T10:06:00+01:00","stageTimeDurationMs":667000,"stageTimeDuration":"00:11:07","splitPointTimeId":94193,"splitPointId":2929,"entryId":20366,"elapsedDurationMs":588300,"elapsedDuration":"PT9M48.3S","splitDateTime":"2019-10-04T09:15:48.3","splitDateTimeLocal":"2019-10-04T10:15:48.3+01:00"},{"startDateTime":"2019-10-04T09:10:00","startDateTimeLocal":"2019-10-04T10:10:00+01:00","stageTimeDurationMs":671000,"stageTimeDuration":"00:11:11","splitPointTimeId":94201,"splitPointId":2929,"entryId":20362,"elapsedDurationMs":590700,"elapsedDuration":"PT9M50.7S","splitDateTime":"2019-10-04T09:19:50.7","splitDateTimeLocal":"2019-10-04T10:19:50.7+01:00"},{"startDateTime":"2019-10-04T09:12:00","startDateTimeLocal":"2019-10-04T10:12:00+01:00","stageTimeDurationMs":667600,"stageTimeDuration":"00:11:07.6000000","splitPointTimeId":94206,"splitPointId":2929,"entryId":20368,"elapsedDurationMs":587500,"elapsedDuration":"PT9M47.5S","splitDateTime":"2019-10-04T09:21:47.5","splitDateTimeLocal":"2019-10-04T10:21:47.5+01:00"},{"startDateTime":"2019-10-04T09:08:00","startDateTimeLocal":"2019-10-04T10:08:00+01:00","stageTimeDurationMs":682600,"stageTimeDuration":"00:11:22.6000000","splitPointTimeId":94207,"splitPointId":2929,"entryId":20361,"elapsedDurationMs":601100,"elapsedDuration":"PT10M1.1S","splitDateTime":"2019-10-04T09:18:01.1","splitDateTimeLocal":"2019-10-04T10:18:01.1+01:00"},{"startDateTime":"2019-10-04T09:14:00","startDateTimeLocal":"2019-10-04T10:14:00+01:00","stageTimeDurationMs":689400,"stageTimeDuration":"00:11:29.4000000","splitPointTimeId":94211,"splitPointId":2929,"entryId":20364,"elapsedDurationMs":604500,"elapsedDuration":"PT10M4.5S","splitDateTime":"2019-10-04T09:24:04.5","splitDateTimeLocal":"2019-10-04T10:24:04.5+01:00"},{"startDateTime":"2019-10-04T09:16:00","startDateTimeLocal":"2019-10-04T10:16:00+01:00","stageTimeDurationMs":667800,"stageTimeDuration":"00:11:07.8000000","splitPointTimeId":94214,"splitPointId":2929,"entryId":20369,"elapsedDurationMs":587100,"elapsedDuration":"PT9M47.1S","splitDateTime":"2019-10-04T09:25:47.1","splitDateTimeLocal":"2019-10-04T10:25:47.1+01:00"},{"startDateTime":"2019-10-04T09:18:00","startDateTimeLocal":"2019-10-04T10:18:00+01:00","stageTimeDurationMs":697400,"stageTimeDuration":"00:11:37.4000000","splitPointTimeId":94219,"splitPointId":2929,"entryId":20371,"elapsedDurationMs":615200,"elapsedDuration":"PT10M15.2S","splitDateTime":"2019-10-04T09:28:15.2","splitDateTimeLocal":"2019-10-04T10:28:15.2+01:00"},{"startDateTime":"2019-10-04T09:20:00","startDateTimeLocal":"2019-10-04T10:20:00+01:00","stageTimeDurationMs":718900,"stageTimeDuration":"00:11:58.9000000","splitPointTimeId":94223,"splitPointId":2929,"entryId":20373,"elapsedDurationMs":634600,"elapsedDuration":"PT10M34.6S","splitDateTime":"2019-10-04T09:30:34.6","splitDateTimeLocal":"2019-10-04T10:30:34.6+01:00"},{"startDateTime":"2019-10-04T09:22:00","startDateTimeLocal":"2019-10-04T10:22:00+01:00","stageTimeDurationMs":692500,"stageTimeDuration":"00:11:32.5000000","splitPointTimeId":94228,"splitPointId":2929,"entryId":20372,"elapsedDurationMs":611700,"elapsedDuration":"PT10M11.7S","splitDateTime":"2019-10-04T09:32:11.7","splitDateTimeLocal":"2019-10-04T10:32:11.7+01:00"},{"startDateTime":"2019-10-04T09:24:00","startDateTimeLocal":"2019-10-04T10:24:00+01:00","stageTimeDurationMs":710100,"stageTimeDuration":"00:11:50.1000000","splitPointTimeId":94234,"splitPointId":2929,"entryId":20374,"elapsedDurationMs":626800,"elapsedDuration":"PT10M26.8S","splitDateTime":"2019-10-04T09:34:26.8","splitDateTimeLocal":"2019-10-04T10:34:26.8+01:00"},{"startDateTime":"2019-10-04T09:26:00","startDateTimeLocal":"2019-10-04T10:26:00+01:00","stageTimeDurationMs":1112500,"stageTimeDuration":"00:18:32.5000000","splitPointTimeId":94239,"splitPointId":2929,"entryId":20375,"elapsedDurationMs":611000,"elapsedDuration":"PT10M11S","splitDateTime":"2019-10-04T09:36:11","splitDateTimeLocal":"2019-10-04T10:36:11+01:00"},{"startDateTime":"2019-10-04T09:28:00","startDateTimeLocal":"2019-10-04T10:28:00+01:00","stageTimeDurationMs":724300,"stageTimeDuration":"00:12:04.3000000","splitPointTimeId":94245,"splitPointId":2929,"entryId":20376,"elapsedDurationMs":636600,"elapsedDuration":"PT10M36.6S","splitDateTime":"2019-10-04T09:38:36.6","splitDateTimeLocal":"2019-10-04T10:38:36.6+01:00"},{"startDateTime":"2019-10-04T09:29:00","startDateTimeLocal":"2019-10-04T10:29:00+01:00","stageTimeDurationMs":711300,"stageTimeDuration":"00:11:51.3000000","splitPointTimeId":94248,"splitPointId":2929,"entryId":20377,"elapsedDurationMs":614900,"elapsedDuration":"PT10M14.9S","splitDateTime":"2019-10-04T09:39:14.9","splitDateTimeLocal":"2019-10-04T10:39:14.9+01:00"},{"startDateTime":"2019-10-04T09:31:00","startDateTimeLocal":"2019-10-04T10:31:00+01:00","stageTimeDurationMs":715100,"stageTimeDuration":"00:11:55.1000000","splitPointTimeId":94252,"splitPointId":2929,"entryId":20383,"elapsedDurationMs":629600,"elapsedDuration":"PT10M29.6S","splitDateTime":"2019-10-04T09:41:29.6","splitDateTimeLocal":"2019-10-04T10:41:29.6+01:00"},{"startDateTime":"2019-10-04T09:32:00","startDateTimeLocal":"2019-10-04T10:32:00+01:00","stageTimeDurationMs":715700,"stageTimeDuration":"00:11:55.7000000","splitPointTimeId":94256,"splitPointId":2929,"entryId":20381,"elapsedDurationMs":632000,"elapsedDuration":"PT10M32S","splitDateTime":"2019-10-04T09:42:32","splitDateTimeLocal":"2019-10-04T10:42:32+01:00"},{"startDateTime":"2019-10-04T09:35:00","startDateTimeLocal":"2019-10-04T10:35:00+01:00","stageTimeDurationMs":730900,"stageTimeDuration":"00:12:10.9000000","splitPointTimeId":94264,"splitPointId":2929,"entryId":20380,"elapsedDurationMs":639000,"elapsedDuration":"PT10M39S","splitDateTime":"2019-10-04T09:45:39","splitDateTimeLocal":"2019-10-04T10:45:39+01:00"},{"startDateTime":"2019-10-04T09:37:00","startDateTimeLocal":"2019-10-04T10:37:00+01:00","stageTimeDurationMs":714000,"stageTimeDuration":"00:11:54","splitPointTimeId":94268,"splitPointId":2929,"entryId":20387,"elapsedDurationMs":629700,"elapsedDuration":"PT10M29.7S","splitDateTime":"2019-10-04T09:47:29.7","splitDateTimeLocal":"2019-10-04T10:47:29.7+01:00"},{"startDateTime":"2019-10-04T09:33:00","startDateTimeLocal":"2019-10-04T10:33:00+01:00","stageTimeDurationMs":775800,"stageTimeDuration":"00:12:55.8000000","splitPointTimeId":94276,"splitPointId":2929,"entryId":20384,"elapsedDurationMs":682000,"elapsedDuration":"PT11M22S","splitDateTime":"2019-10-04T09:44:22","splitDateTimeLocal":"2019-10-04T10:44:22+01:00"},{"startDateTime":"2019-10-04T09:40:00","startDateTimeLocal":"2019-10-04T10:40:00+01:00","stageTimeDurationMs":722500,"stageTimeDuration":"00:12:02.5000000","splitPointTimeId":94277,"splitPointId":2929,"entryId":20390,"elapsedDurationMs":636100,"elapsedDuration":"PT10M36.1S","splitDateTime":"2019-10-04T09:50:36.1","splitDateTimeLocal":"2019-10-04T10:50:36.1+01:00"},{"startDateTime":"2019-10-04T09:41:00","startDateTimeLocal":"2019-10-04T10:41:00+01:00","stageTimeDurationMs":722900,"stageTimeDuration":"00:12:02.9000000","splitPointTimeId":94280,"splitPointId":2929,"entryId":20385,"elapsedDurationMs":636000,"elapsedDuration":"PT10M36S","splitDateTime":"2019-10-04T09:51:36","splitDateTimeLocal":"2019-10-04T10:51:36+01:00"},{"startDateTime":"2019-10-04T09:39:00","startDateTimeLocal":"2019-10-04T10:39:00+01:00","stageTimeDurationMs":713800,"stageTimeDuration":"00:11:53.8000000","splitPointTimeId":94284,"splitPointId":2929,"entryId":20389,"elapsedDurationMs":626500,"elapsedDuration":"PT10M26.5S","splitDateTime":"2019-10-04T09:49:26.5","splitDateTimeLocal":"2019-10-04T10:49:26.5+01:00"},{"startDateTime":"2019-10-04T09:43:00","startDateTimeLocal":"2019-10-04T10:43:00+01:00","stageTimeDurationMs":769300,"stageTimeDuration":"00:12:49.3000000","splitPointTimeId":94287,"splitPointId":2929,"entryId":20393,"elapsedDurationMs":674500,"elapsedDuration":"PT11M14.5S","splitDateTime":"2019-10-04T09:54:14.5","splitDateTimeLocal":"2019-10-04T10:54:14.5+01:00"},{"startDateTime":"2019-10-04T09:46:00","startDateTimeLocal":"2019-10-04T10:46:00+01:00","stageTimeDurationMs":795300,"stageTimeDuration":"00:13:15.3000000","splitPointTimeId":94297,"splitPointId":2929,"entryId":20396,"elapsedDurationMs":700000,"elapsedDuration":"PT11M40S","splitDateTime":"2019-10-04T09:57:40","splitDateTimeLocal":"2019-10-04T10:57:40+01:00"},{"startDateTime":"2019-10-04T09:42:00","startDateTimeLocal":"2019-10-04T10:42:00+01:00","stageTimeDurationMs":765700,"stageTimeDuration":"00:12:45.7000000","splitPointTimeId":94299,"splitPointId":2929,"entryId":20392,"elapsedDurationMs":674200,"elapsedDuration":"PT11M14.2S","splitDateTime":"2019-10-04T09:53:14.2","splitDateTimeLocal":"2019-10-04T10:53:14.2+01:00"},{"startDateTime":"2019-10-04T09:48:00","startDateTimeLocal":"2019-10-04T10:48:00+01:00","stageTimeDurationMs":786200,"stageTimeDuration":"00:13:06.2000000","splitPointTimeId":94305,"splitPointId":2929,"entryId":20398,"elapsedDurationMs":689700,"elapsedDuration":"PT11M29.7S","splitDateTime":"2019-10-04T09:59:29.7","splitDateTimeLocal":"2019-10-04T10:59:29.7+01:00"},{"startDateTime":"2019-10-04T09:47:00","startDateTimeLocal":"2019-10-04T10:47:00+01:00","stageTimeDurationMs":854000,"stageTimeDuration":"00:14:14","splitPointTimeId":94306,"splitPointId":2929,"entryId":20397,"elapsedDurationMs":748100,"elapsedDuration":"PT12M28.1S","splitDateTime":"2019-10-04T09:59:28.1","splitDateTimeLocal":"2019-10-04T10:59:28.1+01:00"},{"startDateTime":"2019-10-04T09:50:00","startDateTimeLocal":"2019-10-04T10:50:00+01:00","stageTimeDurationMs":832800,"stageTimeDuration":"00:13:52.8000000","splitPointTimeId":94312,"splitPointId":2929,"entryId":20401,"elapsedDurationMs":734500,"elapsedDuration":"PT12M14.5S","splitDateTime":"2019-10-04T10:02:14.5","splitDateTimeLocal":"2019-10-04T11:02:14.5+01:00"},{"startDateTime":"2019-10-04T09:52:00","startDateTimeLocal":"2019-10-04T10:52:00+01:00","stageTimeDurationMs":909600,"stageTimeDuration":"00:15:09.6000000","splitPointTimeId":94323,"splitPointId":2929,"entryId":20402,"elapsedDurationMs":804200,"elapsedDuration":"PT13M24.2S","splitDateTime":"2019-10-04T10:05:24.2","splitDateTimeLocal":"2019-10-04T11:05:24.2+01:00"},{"startDateTime":"2019-10-04T09:56:00","startDateTimeLocal":"2019-10-04T10:56:00+01:00","stageTimeDurationMs":724200,"stageTimeDuration":"00:12:04.2000000","splitPointTimeId":94328,"splitPointId":2929,"entryId":20407,"elapsedDurationMs":639800,"elapsedDuration":"PT10M39.8S","splitDateTime":"2019-10-04T10:06:39.8","splitDateTimeLocal":"2019-10-04T11:06:39.8+01:00"},{"startDateTime":"2019-10-04T09:49:00","startDateTimeLocal":"2019-10-04T10:49:00+01:00","stageTimeDurationMs":823300,"stageTimeDuration":"00:13:43.3000000","splitPointTimeId":94333,"splitPointId":2929,"entryId":20399,"elapsedDurationMs":725200,"elapsedDuration":"PT12M5.2S","splitDateTime":"2019-10-04T10:01:05.2","splitDateTimeLocal":"2019-10-04T11:01:05.2+01:00"},{"startDateTime":"2019-10-04T09:59:00","startDateTimeLocal":"2019-10-04T10:59:00+01:00","stageTimeDurationMs":708300,"stageTimeDuration":"00:11:48.3000000","splitPointTimeId":94336,"splitPointId":2929,"entryId":20404,"elapsedDurationMs":622900,"elapsedDuration":"PT10M22.9S","splitDateTime":"2019-10-04T10:09:22.9","splitDateTimeLocal":"2019-10-04T11:09:22.9+01:00"},{"startDateTime":"2019-10-04T09:58:00","startDateTimeLocal":"2019-10-04T10:58:00+01:00","stageTimeDurationMs":707000,"stageTimeDuration":"00:11:47","splitPointTimeId":94338,"splitPointId":2929,"entryId":20403,"elapsedDurationMs":619900,"elapsedDuration":"PT10M19.9S","splitDateTime":"2019-10-04T10:08:19.9","splitDateTimeLocal":"2019-10-04T11:08:19.9+01:00"},{"startDateTime":"2019-10-04T10:01:00","startDateTimeLocal":"2019-10-04T11:01:00+01:00","stageTimeDurationMs":712200,"stageTimeDuration":"00:11:52.2000000","splitPointTimeId":94349,"splitPointId":2929,"entryId":20406,"elapsedDurationMs":625700,"elapsedDuration":"PT10M25.7S","splitDateTime":"2019-10-04T10:11:25.7","splitDateTimeLocal":"2019-10-04T11:11:25.7+01:00"},{"startDateTime":"2019-10-04T10:02:00","startDateTimeLocal":"2019-10-04T11:02:00+01:00","stageTimeDurationMs":802400,"stageTimeDuration":"00:13:22.4000000","splitPointTimeId":94352,"splitPointId":2929,"entryId":20409,"elapsedDurationMs":703700,"elapsedDuration":"PT11M43.7S","splitDateTime":"2019-10-04T10:13:43.7","splitDateTimeLocal":"2019-10-04T11:13:43.7+01:00"},{"startDateTime":"2019-10-04T10:04:00","startDateTimeLocal":"2019-10-04T11:04:00+01:00","stageTimeDurationMs":798100,"stageTimeDuration":"00:13:18.1000000","splitPointTimeId":94355,"splitPointId":2929,"entryId":20412,"elapsedDurationMs":702200,"elapsedDuration":"PT11M42.2S","splitDateTime":"2019-10-04T10:15:42.2","splitDateTimeLocal":"2019-10-04T11:15:42.2+01:00"},{"startDateTime":"2019-10-04T10:05:00","startDateTimeLocal":"2019-10-04T11:05:00+01:00","stageTimeDurationMs":895300,"stageTimeDuration":"00:14:55.3000000","splitPointTimeId":94360,"splitPointId":2929,"entryId":20413,"elapsedDurationMs":788700,"elapsedDuration":"PT13M8.7S","splitDateTime":"2019-10-04T10:18:08.7","splitDateTimeLocal":"2019-10-04T11:18:08.7+01:00"},{"startDateTime":"2019-10-04T10:08:00","startDateTimeLocal":"2019-10-04T11:08:00+01:00","stageTimeDurationMs":817700,"stageTimeDuration":"00:13:37.7000000","splitPointTimeId":94362,"splitPointId":2929,"entryId":20414,"elapsedDurationMs":720700,"elapsedDuration":"PT12M0.7S","splitDateTime":"2019-10-04T10:20:00.7","splitDateTimeLocal":"2019-10-04T11:20:00.7+01:00"},{"startDateTime":"2019-10-04T10:09:00","startDateTimeLocal":"2019-10-04T11:09:00+01:00","stageTimeDurationMs":788500,"stageTimeDuration":"00:13:08.5000000","splitPointTimeId":94364,"splitPointId":2929,"entryId":20408,"elapsedDurationMs":695200,"elapsedDuration":"PT11M35.2S","splitDateTime":"2019-10-04T10:20:35.2","splitDateTimeLocal":"2019-10-04T11:20:35.2+01:00"},{"startDateTime":"2019-10-04T10:10:00","startDateTimeLocal":"2019-10-04T11:10:00+01:00","stageTimeDurationMs":1218100,"stageTimeDuration":"00:20:18.1000000","splitPointTimeId":94365,"splitPointId":2929,"entryId":20416,"elapsedDurationMs":731500,"elapsedDuration":"PT12M11.5S","splitDateTime":"2019-10-04T10:22:11.5","splitDateTimeLocal":"2019-10-04T11:22:11.5+01:00"},{"startDateTime":"2019-10-04T10:11:00","startDateTimeLocal":"2019-10-04T11:11:00+01:00","stageTimeDurationMs":824100,"stageTimeDuration":"00:13:44.1000000","splitPointTimeId":94366,"splitPointId":2929,"entryId":20415,"elapsedDurationMs":722200,"elapsedDuration":"PT12M2.2S","splitDateTime":"2019-10-04T10:23:02.2","splitDateTimeLocal":"2019-10-04T11:23:02.2+01:00"}]