[{"startDateTime":"2019-04-26T18:38:00","startDateTimeLocal":"2019-04-26T15:38:00-03:00","stageTimeDurationMs":1066300,"stageTimeDuration":"00:17:46.3000000","splitPointTimeId":69752,"splitPointId":2129,"entryId":19548,"elapsedDurationMs":123000,"elapsedDuration":"PT2M3S","splitDateTime":"2019-04-26T18:40:03","splitDateTimeLocal":"2019-04-26T15:40:03-03:00"},{"startDateTime":"2019-04-26T18:41:00","startDateTimeLocal":"2019-04-26T15:41:00-03:00","stageTimeDurationMs":1068700,"stageTimeDuration":"00:17:48.7000000","splitPointTimeId":69757,"splitPointId":2129,"entryId":19541,"elapsedDurationMs":122200,"elapsedDuration":"PT2M2.2S","splitDateTime":"2019-04-26T18:43:02.2","splitDateTimeLocal":"2019-04-26T15:43:02.2-03:00"},{"startDateTime":"2019-04-26T18:44:00","startDateTimeLocal":"2019-04-26T15:44:00-03:00","stageTimeDurationMs":1058500,"stageTimeDuration":"00:17:38.5000000","splitPointTimeId":69765,"splitPointId":2129,"entryId":19546,"elapsedDurationMs":121500,"elapsedDuration":"PT2M1.5S","splitDateTime":"2019-04-26T18:46:01.5","splitDateTimeLocal":"2019-04-26T15:46:01.5-03:00"},{"startDateTime":"2019-04-26T18:47:00","startDateTimeLocal":"2019-04-26T15:47:00-03:00","stageTimeDurationMs":1075100,"stageTimeDuration":"00:17:55.1000000","splitPointTimeId":69774,"splitPointId":2129,"entryId":19549,"elapsedDurationMs":124300,"elapsedDuration":"PT2M4.3S","splitDateTime":"2019-04-26T18:49:04.3","splitDateTimeLocal":"2019-04-26T15:49:04.3-03:00"},{"startDateTime":"2019-04-26T18:50:00","startDateTimeLocal":"2019-04-26T15:50:00-03:00","stageTimeDurationMs":1078400,"stageTimeDuration":"00:17:58.4000000","splitPointTimeId":69786,"splitPointId":2129,"entryId":19544,"elapsedDurationMs":124500,"elapsedDuration":"PT2M4.5S","splitDateTime":"2019-04-26T18:52:04.5","splitDateTimeLocal":"2019-04-26T15:52:04.5-03:00"},{"startDateTime":"2019-04-26T18:53:00","startDateTimeLocal":"2019-04-26T15:53:00-03:00","stageTimeDurationMs":1086300,"stageTimeDuration":"00:18:06.3000000","splitPointTimeId":69794,"splitPointId":2129,"entryId":19543,"elapsedDurationMs":125000,"elapsedDuration":"PT2M5S","splitDateTime":"2019-04-26T18:55:05","splitDateTimeLocal":"2019-04-26T15:55:05-03:00"},{"startDateTime":"2019-04-26T18:56:00","startDateTimeLocal":"2019-04-26T15:56:00-03:00","stageTimeDurationMs":1071600,"stageTimeDuration":"00:17:51.6000000","splitPointTimeId":69803,"splitPointId":2129,"entryId":19545,"elapsedDurationMs":122800,"elapsedDuration":"PT2M2.8S","splitDateTime":"2019-04-26T18:58:02.8","splitDateTimeLocal":"2019-04-26T15:58:02.8-03:00"},{"startDateTime":"2019-04-26T18:59:00","startDateTimeLocal":"2019-04-26T15:59:00-03:00","stageTimeDurationMs":1078700,"stageTimeDuration":"00:17:58.7000000","splitPointTimeId":69814,"splitPointId":2129,"entryId":19547,"elapsedDurationMs":124700,"elapsedDuration":"PT2M4.7S","splitDateTime":"2019-04-26T19:01:04.7","splitDateTimeLocal":"2019-04-26T16:01:04.7-03:00"},{"startDateTime":"2019-04-26T19:02:00","startDateTimeLocal":"2019-04-26T16:02:00-03:00","stageTimeDurationMs":1096600,"stageTimeDuration":"00:18:16.6000000","splitPointTimeId":69824,"splitPointId":2129,"entryId":19542,"elapsedDurationMs":125600,"elapsedDuration":"PT2M5.6S","splitDateTime":"2019-04-26T19:04:05.6","splitDateTimeLocal":"2019-04-26T16:04:05.6-03:00"},{"startDateTime":"2019-04-26T19:05:00","startDateTimeLocal":"2019-04-26T16:05:00-03:00","stageTimeDurationMs":1073400,"stageTimeDuration":"00:17:53.4000000","splitPointTimeId":69831,"splitPointId":2129,"entryId":19550,"elapsedDurationMs":123500,"elapsedDuration":"PT2M3.5S","splitDateTime":"2019-04-26T19:07:03.5","splitDateTimeLocal":"2019-04-26T16:07:03.5-03:00"},{"startDateTime":"2019-04-26T19:11:00","startDateTimeLocal":"2019-04-26T16:11:00-03:00","stageTimeDurationMs":1188200,"stageTimeDuration":"00:19:48.2000000","splitPointTimeId":69844,"splitPointId":2129,"entryId":19552,"elapsedDurationMs":132100,"elapsedDuration":"PT2M12.1S","splitDateTime":"2019-04-26T19:13:12.1","splitDateTimeLocal":"2019-04-26T16:13:12.1-03:00"},{"startDateTime":"2019-04-26T19:14:00","startDateTimeLocal":"2019-04-26T16:14:00-03:00","stageTimeDurationMs":1168100,"stageTimeDuration":"00:19:28.1000000","splitPointTimeId":69850,"splitPointId":2129,"entryId":19553,"elapsedDurationMs":134200,"elapsedDuration":"PT2M14.2S","splitDateTime":"2019-04-26T19:16:14.2","splitDateTimeLocal":"2019-04-26T16:16:14.2-03:00"},{"startDateTime":"2019-04-26T19:17:00","startDateTimeLocal":"2019-04-26T16:17:00-03:00","stageTimeDurationMs":1215500,"stageTimeDuration":"00:20:15.5000000","splitPointTimeId":69856,"splitPointId":2129,"entryId":19554,"elapsedDurationMs":139300,"elapsedDuration":"PT2M19.3S","splitDateTime":"2019-04-26T19:19:19.3","splitDateTimeLocal":"2019-04-26T16:19:19.3-03:00"},{"startDateTime":"2019-04-26T19:20:00","startDateTimeLocal":"2019-04-26T16:20:00-03:00","stageTimeDurationMs":1242400,"stageTimeDuration":"00:20:42.4000000","splitPointTimeId":69861,"splitPointId":2129,"entryId":19555,"elapsedDurationMs":139300,"elapsedDuration":"PT2M19.3S","splitDateTime":"2019-04-26T19:22:19.3","splitDateTimeLocal":"2019-04-26T16:22:19.3-03:00"},{"startDateTime":"2019-04-26T19:23:00","startDateTimeLocal":"2019-04-26T16:23:00-03:00","stageTimeDurationMs":1192700,"stageTimeDuration":"00:19:52.7000000","splitPointTimeId":69866,"splitPointId":2129,"entryId":19557,"elapsedDurationMs":137100,"elapsedDuration":"PT2M17.1S","splitDateTime":"2019-04-26T19:25:17.1","splitDateTimeLocal":"2019-04-26T16:25:17.1-03:00"},{"startDateTime":"2019-04-26T19:26:00","startDateTimeLocal":"2019-04-26T16:26:00-03:00","stageTimeDurationMs":1201100,"stageTimeDuration":"00:20:01.1000000","splitPointTimeId":69873,"splitPointId":2129,"entryId":19558,"elapsedDurationMs":138000,"elapsedDuration":"PT2M18S","splitDateTime":"2019-04-26T19:28:18","splitDateTimeLocal":"2019-04-26T16:28:18-03:00"},{"startDateTime":"2019-04-26T19:29:00","startDateTimeLocal":"2019-04-26T16:29:00-03:00","stageTimeDurationMs":1292900,"stageTimeDuration":"00:21:32.9000000","splitPointTimeId":69880,"splitPointId":2129,"entryId":19559,"elapsedDurationMs":147800,"elapsedDuration":"PT2M27.8S","splitDateTime":"2019-04-26T19:31:27.8","splitDateTimeLocal":"2019-04-26T16:31:27.8-03:00"},{"startDateTime":"2019-04-26T19:31:00","startDateTimeLocal":"2019-04-26T16:31:00-03:00","stageTimeDurationMs":1227400,"stageTimeDuration":"00:20:27.4000000","splitPointTimeId":69885,"splitPointId":2129,"entryId":19561,"elapsedDurationMs":142800,"elapsedDuration":"PT2M22.8S","splitDateTime":"2019-04-26T19:33:22.8","splitDateTimeLocal":"2019-04-26T16:33:22.8-03:00"},{"startDateTime":"2019-04-26T19:33:00","startDateTimeLocal":"2019-04-26T16:33:00-03:00","stageTimeDurationMs":1805400,"stageTimeDuration":"00:30:05.4000000","splitPointTimeId":69892,"splitPointId":2129,"entryId":19562,"elapsedDurationMs":196600,"elapsedDuration":"PT3M16.6S","splitDateTime":"2019-04-26T19:36:16.6","splitDateTimeLocal":"2019-04-26T16:36:16.6-03:00"},{"startDateTime":"2019-04-26T19:35:00","startDateTimeLocal":"2019-04-26T16:35:00-03:00","stageTimeDurationMs":1856500,"stageTimeDuration":"00:30:56.5000000","splitPointTimeId":69895,"splitPointId":2129,"entryId":19564,"elapsedDurationMs":198800,"elapsedDuration":"PT3M18.8S","splitDateTime":"2019-04-26T19:38:18.8","splitDateTimeLocal":"2019-04-26T16:38:18.8-03:00"},{"startDateTime":"2019-04-26T19:40:00","startDateTimeLocal":"2019-04-26T16:40:00-03:00","stageTimeDurationMs":1750500,"stageTimeDuration":"00:29:10.5000000","splitPointTimeId":69905,"splitPointId":2129,"entryId":19567,"elapsedDurationMs":200100,"elapsedDuration":"PT3M20.1S","splitDateTime":"2019-04-26T19:43:20.1","splitDateTimeLocal":"2019-04-26T16:43:20.1-03:00"},{"startDateTime":"2019-04-26T18:38:00","startDateTimeLocal":"2019-04-26T15:38:00-03:00","stageTimeDurationMs":1066300,"stageTimeDuration":"00:17:46.3000000","splitPointTimeId":69755,"splitPointId":2130,"entryId":19548,"elapsedDurationMs":250300,"elapsedDuration":"PT4M10.3S","splitDateTime":"2019-04-26T18:42:10.3","splitDateTimeLocal":"2019-04-26T15:42:10.3-03:00"},{"startDateTime":"2019-04-26T18:41:00","startDateTimeLocal":"2019-04-26T15:41:00-03:00","stageTimeDurationMs":1068700,"stageTimeDuration":"00:17:48.7000000","splitPointTimeId":69762,"splitPointId":2130,"entryId":19541,"elapsedDurationMs":251000,"elapsedDuration":"PT4M11S","splitDateTime":"2019-04-26T18:45:11","splitDateTimeLocal":"2019-04-26T15:45:11-03:00"},{"startDateTime":"2019-04-26T18:44:00","startDateTimeLocal":"2019-04-26T15:44:00-03:00","stageTimeDurationMs":1058500,"stageTimeDuration":"00:17:38.5000000","splitPointTimeId":69772,"splitPointId":2130,"entryId":19546,"elapsedDurationMs":248600,"elapsedDuration":"PT4M8.6S","splitDateTime":"2019-04-26T18:48:08.6","splitDateTimeLocal":"2019-04-26T15:48:08.6-03:00"},{"startDateTime":"2019-04-26T18:47:00","startDateTimeLocal":"2019-04-26T15:47:00-03:00","stageTimeDurationMs":1075100,"stageTimeDuration":"00:17:55.1000000","splitPointTimeId":69782,"splitPointId":2130,"entryId":19549,"elapsedDurationMs":253600,"elapsedDuration":"PT4M13.6S","splitDateTime":"2019-04-26T18:51:13.6","splitDateTimeLocal":"2019-04-26T15:51:13.6-03:00"},{"startDateTime":"2019-04-26T18:50:00","startDateTimeLocal":"2019-04-26T15:50:00-03:00","stageTimeDurationMs":1078400,"stageTimeDuration":"00:17:58.4000000","splitPointTimeId":69791,"splitPointId":2130,"entryId":19544,"elapsedDurationMs":254200,"elapsedDuration":"PT4M14.2S","splitDateTime":"2019-04-26T18:54:14.2","splitDateTimeLocal":"2019-04-26T15:54:14.2-03:00"},{"startDateTime":"2019-04-26T18:53:00","startDateTimeLocal":"2019-04-26T15:53:00-03:00","stageTimeDurationMs":1086300,"stageTimeDuration":"00:18:06.3000000","splitPointTimeId":69800,"splitPointId":2130,"entryId":19543,"elapsedDurationMs":256800,"elapsedDuration":"PT4M16.8S","splitDateTime":"2019-04-26T18:57:16.8","splitDateTimeLocal":"2019-04-26T15:57:16.8-03:00"},{"startDateTime":"2019-04-26T18:56:00","startDateTimeLocal":"2019-04-26T15:56:00-03:00","stageTimeDurationMs":1071600,"stageTimeDuration":"00:17:51.6000000","splitPointTimeId":69811,"splitPointId":2130,"entryId":19545,"elapsedDurationMs":252900,"elapsedDuration":"PT4M12.9S","splitDateTime":"2019-04-26T19:00:12.9","splitDateTimeLocal":"2019-04-26T16:00:12.9-03:00"},{"startDateTime":"2019-04-26T18:59:00","startDateTimeLocal":"2019-04-26T15:59:00-03:00","stageTimeDurationMs":1078700,"stageTimeDuration":"00:17:58.7000000","splitPointTimeId":69821,"splitPointId":2130,"entryId":19547,"elapsedDurationMs":255400,"elapsedDuration":"PT4M15.4S","splitDateTime":"2019-04-26T19:03:15.4","splitDateTimeLocal":"2019-04-26T16:03:15.4-03:00"},{"startDateTime":"2019-04-26T19:02:00","startDateTimeLocal":"2019-04-26T16:02:00-03:00","stageTimeDurationMs":1096600,"stageTimeDuration":"00:18:16.6000000","splitPointTimeId":69829,"splitPointId":2130,"entryId":19542,"elapsedDurationMs":257600,"elapsedDuration":"PT4M17.6S","splitDateTime":"2019-04-26T19:06:17.6","splitDateTimeLocal":"2019-04-26T16:06:17.6-03:00"},{"startDateTime":"2019-04-26T19:05:00","startDateTimeLocal":"2019-04-26T16:05:00-03:00","stageTimeDurationMs":1073400,"stageTimeDuration":"00:17:53.4000000","splitPointTimeId":69836,"splitPointId":2130,"entryId":19550,"elapsedDurationMs":253400,"elapsedDuration":"PT4M13.4S","splitDateTime":"2019-04-26T19:09:13.4","splitDateTimeLocal":"2019-04-26T16:09:13.4-03:00"},{"startDateTime":"2019-04-26T19:11:00","startDateTimeLocal":"2019-04-26T16:11:00-03:00","stageTimeDurationMs":1188200,"stageTimeDuration":"00:19:48.2000000","splitPointTimeId":69848,"splitPointId":2130,"entryId":19552,"elapsedDurationMs":269500,"elapsedDuration":"PT4M29.5S","splitDateTime":"2019-04-26T19:15:29.5","splitDateTimeLocal":"2019-04-26T16:15:29.5-03:00"},{"startDateTime":"2019-04-26T19:14:00","startDateTimeLocal":"2019-04-26T16:14:00-03:00","stageTimeDurationMs":1168100,"stageTimeDuration":"00:19:28.1000000","splitPointTimeId":69855,"splitPointId":2130,"entryId":19553,"elapsedDurationMs":275800,"elapsedDuration":"PT4M35.8S","splitDateTime":"2019-04-26T19:18:35.8","splitDateTimeLocal":"2019-04-26T16:18:35.8-03:00"},{"startDateTime":"2019-04-26T19:17:00","startDateTimeLocal":"2019-04-26T16:17:00-03:00","stageTimeDurationMs":1215500,"stageTimeDuration":"00:20:15.5000000","splitPointTimeId":69860,"splitPointId":2130,"entryId":19554,"elapsedDurationMs":285600,"elapsedDuration":"PT4M45.6S","splitDateTime":"2019-04-26T19:21:45.6","splitDateTimeLocal":"2019-04-26T16:21:45.6-03:00"},{"startDateTime":"2019-04-26T19:20:00","startDateTimeLocal":"2019-04-26T16:20:00-03:00","stageTimeDurationMs":1242400,"stageTimeDuration":"00:20:42.4000000","splitPointTimeId":69865,"splitPointId":2130,"entryId":19555,"elapsedDurationMs":283100,"elapsedDuration":"PT4M43.1S","splitDateTime":"2019-04-26T19:24:43.1","splitDateTimeLocal":"2019-04-26T16:24:43.1-03:00"},{"startDateTime":"2019-04-26T19:23:00","startDateTimeLocal":"2019-04-26T16:23:00-03:00","stageTimeDurationMs":1192700,"stageTimeDuration":"00:19:52.7000000","splitPointTimeId":69871,"splitPointId":2130,"entryId":19557,"elapsedDurationMs":282700,"elapsedDuration":"PT4M42.7S","splitDateTime":"2019-04-26T19:27:42.7","splitDateTimeLocal":"2019-04-26T16:27:42.7-03:00"},{"startDateTime":"2019-04-26T19:26:00","startDateTimeLocal":"2019-04-26T16:26:00-03:00","stageTimeDurationMs":1201100,"stageTimeDuration":"00:20:01.1000000","splitPointTimeId":69878,"splitPointId":2130,"entryId":19558,"elapsedDurationMs":282900,"elapsedDuration":"PT4M42.9S","splitDateTime":"2019-04-26T19:30:42.9","splitDateTimeLocal":"2019-04-26T16:30:42.9-03:00"},{"startDateTime":"2019-04-26T19:29:00","startDateTimeLocal":"2019-04-26T16:29:00-03:00","stageTimeDurationMs":1292900,"stageTimeDuration":"00:21:32.9000000","splitPointTimeId":69886,"splitPointId":2130,"entryId":19559,"elapsedDurationMs":302200,"elapsedDuration":"PT5M2.2S","splitDateTime":"2019-04-26T19:34:02.2","splitDateTimeLocal":"2019-04-26T16:34:02.2-03:00"},{"startDateTime":"2019-04-26T19:31:00","startDateTimeLocal":"2019-04-26T16:31:00-03:00","stageTimeDurationMs":1227400,"stageTimeDuration":"00:20:27.4000000","splitPointTimeId":69890,"splitPointId":2130,"entryId":19561,"elapsedDurationMs":289900,"elapsedDuration":"PT4M49.9S","splitDateTime":"2019-04-26T19:35:49.9","splitDateTimeLocal":"2019-04-26T16:35:49.9-03:00"},{"startDateTime":"2019-04-26T19:33:00","startDateTimeLocal":"2019-04-26T16:33:00-03:00","stageTimeDurationMs":1805400,"stageTimeDuration":"00:30:05.4000000","splitPointTimeId":69900,"splitPointId":2130,"entryId":19562,"elapsedDurationMs":398800,"elapsedDuration":"PT6M38.8S","splitDateTime":"2019-04-26T19:39:38.8","splitDateTimeLocal":"2019-04-26T16:39:38.8-03:00"},{"startDateTime":"2019-04-26T19:35:00","startDateTimeLocal":"2019-04-26T16:35:00-03:00","stageTimeDurationMs":1856500,"stageTimeDuration":"00:30:56.5000000","splitPointTimeId":69904,"splitPointId":2130,"entryId":19564,"elapsedDurationMs":402400,"elapsedDuration":"PT6M42.4S","splitDateTime":"2019-04-26T19:41:42.4","splitDateTimeLocal":"2019-04-26T16:41:42.4-03:00"},{"startDateTime":"2019-04-26T19:40:00","startDateTimeLocal":"2019-04-26T16:40:00-03:00","stageTimeDurationMs":1750500,"stageTimeDuration":"00:29:10.5000000","splitPointTimeId":69912,"splitPointId":2130,"entryId":19567,"elapsedDurationMs":399900,"elapsedDuration":"PT6M39.9S","splitDateTime":"2019-04-26T19:46:39.9","splitDateTimeLocal":"2019-04-26T16:46:39.9-03:00"},{"startDateTime":"2019-04-26T18:38:00","startDateTimeLocal":"2019-04-26T15:38:00-03:00","stageTimeDurationMs":1066300,"stageTimeDuration":"00:17:46.3000000","splitPointTimeId":69759,"splitPointId":2131,"entryId":19548,"elapsedDurationMs":363600,"elapsedDuration":"PT6M3.6S","splitDateTime":"2019-04-26T18:44:03.6","splitDateTimeLocal":"2019-04-26T15:44:03.6-03:00"},{"startDateTime":"2019-04-26T18:41:00","startDateTimeLocal":"2019-04-26T15:41:00-03:00","stageTimeDurationMs":1068700,"stageTimeDuration":"00:17:48.7000000","splitPointTimeId":69768,"splitPointId":2131,"entryId":19541,"elapsedDurationMs":364600,"elapsedDuration":"PT6M4.6S","splitDateTime":"2019-04-26T18:47:04.6","splitDateTimeLocal":"2019-04-26T15:47:04.6-03:00"},{"startDateTime":"2019-04-26T18:44:00","startDateTimeLocal":"2019-04-26T15:44:00-03:00","stageTimeDurationMs":1058500,"stageTimeDuration":"00:17:38.5000000","splitPointTimeId":69777,"splitPointId":2131,"entryId":19546,"elapsedDurationMs":362500,"elapsedDuration":"PT6M2.5S","splitDateTime":"2019-04-26T18:50:02.5","splitDateTimeLocal":"2019-04-26T15:50:02.5-03:00"},{"startDateTime":"2019-04-26T18:47:00","startDateTimeLocal":"2019-04-26T15:47:00-03:00","stageTimeDurationMs":1075100,"stageTimeDuration":"00:17:55.1000000","splitPointTimeId":69788,"splitPointId":2131,"entryId":19549,"elapsedDurationMs":368700,"elapsedDuration":"PT6M8.7S","splitDateTime":"2019-04-26T18:53:08.7","splitDateTimeLocal":"2019-04-26T15:53:08.7-03:00"},{"startDateTime":"2019-04-26T18:50:00","startDateTimeLocal":"2019-04-26T15:50:00-03:00","stageTimeDurationMs":1078400,"stageTimeDuration":"00:17:58.4000000","splitPointTimeId":69797,"splitPointId":2131,"entryId":19544,"elapsedDurationMs":370400,"elapsedDuration":"PT6M10.4S","splitDateTime":"2019-04-26T18:56:10.4","splitDateTimeLocal":"2019-04-26T15:56:10.4-03:00"},{"startDateTime":"2019-04-26T18:53:00","startDateTimeLocal":"2019-04-26T15:53:00-03:00","stageTimeDurationMs":1086300,"stageTimeDuration":"00:18:06.3000000","splitPointTimeId":69807,"splitPointId":2131,"entryId":19543,"elapsedDurationMs":373900,"elapsedDuration":"PT6M13.9S","splitDateTime":"2019-04-26T18:59:13.9","splitDateTimeLocal":"2019-04-26T15:59:13.9-03:00"},{"startDateTime":"2019-04-26T18:56:00","startDateTimeLocal":"2019-04-26T15:56:00-03:00","stageTimeDurationMs":1071600,"stageTimeDuration":"00:17:51.6000000","splitPointTimeId":69817,"splitPointId":2131,"entryId":19545,"elapsedDurationMs":368400,"elapsedDuration":"PT6M8.4S","splitDateTime":"2019-04-26T19:02:08.4","splitDateTimeLocal":"2019-04-26T16:02:08.4-03:00"},{"startDateTime":"2019-04-26T18:59:00","startDateTimeLocal":"2019-04-26T15:59:00-03:00","stageTimeDurationMs":1078700,"stageTimeDuration":"00:17:58.7000000","splitPointTimeId":69827,"splitPointId":2131,"entryId":19547,"elapsedDurationMs":372200,"elapsedDuration":"PT6M12.2S","splitDateTime":"2019-04-26T19:05:12.2","splitDateTimeLocal":"2019-04-26T16:05:12.2-03:00"},{"startDateTime":"2019-04-26T19:02:00","startDateTimeLocal":"2019-04-26T16:02:00-03:00","stageTimeDurationMs":1096600,"stageTimeDuration":"00:18:16.6000000","splitPointTimeId":69835,"splitPointId":2131,"entryId":19542,"elapsedDurationMs":374400,"elapsedDuration":"PT6M14.4S","splitDateTime":"2019-04-26T19:08:14.4","splitDateTimeLocal":"2019-04-26T16:08:14.4-03:00"},{"startDateTime":"2019-04-26T19:05:00","startDateTimeLocal":"2019-04-26T16:05:00-03:00","stageTimeDurationMs":1073400,"stageTimeDuration":"00:17:53.4000000","splitPointTimeId":69841,"splitPointId":2131,"entryId":19550,"elapsedDurationMs":367900,"elapsedDuration":"PT6M7.9S","splitDateTime":"2019-04-26T19:11:07.9","splitDateTimeLocal":"2019-04-26T16:11:07.9-03:00"},{"startDateTime":"2019-04-26T19:11:00","startDateTimeLocal":"2019-04-26T16:11:00-03:00","stageTimeDurationMs":1188200,"stageTimeDuration":"00:19:48.2000000","splitPointTimeId":69852,"splitPointId":2131,"entryId":19552,"elapsedDurationMs":392900,"elapsedDuration":"PT6M32.9S","splitDateTime":"2019-04-26T19:17:32.9","splitDateTimeLocal":"2019-04-26T16:17:32.9-03:00"},{"startDateTime":"2019-04-26T19:14:00","startDateTimeLocal":"2019-04-26T16:14:00-03:00","stageTimeDurationMs":1168100,"stageTimeDuration":"00:19:28.1000000","splitPointTimeId":69858,"splitPointId":2131,"entryId":19553,"elapsedDurationMs":400200,"elapsedDuration":"PT6M40.2S","splitDateTime":"2019-04-26T19:20:40.2","splitDateTimeLocal":"2019-04-26T16:20:40.2-03:00"},{"startDateTime":"2019-04-26T19:17:00","startDateTimeLocal":"2019-04-26T16:17:00-03:00","stageTimeDurationMs":1215500,"stageTimeDuration":"00:20:15.5000000","splitPointTimeId":69864,"splitPointId":2131,"entryId":19554,"elapsedDurationMs":416300,"elapsedDuration":"PT6M56.3S","splitDateTime":"2019-04-26T19:23:56.3","splitDateTimeLocal":"2019-04-26T16:23:56.3-03:00"},{"startDateTime":"2019-04-26T19:20:00","startDateTimeLocal":"2019-04-26T16:20:00-03:00","stageTimeDurationMs":1242400,"stageTimeDuration":"00:20:42.4000000","splitPointTimeId":69870,"splitPointId":2131,"entryId":19555,"elapsedDurationMs":411900,"elapsedDuration":"PT6M51.9S","splitDateTime":"2019-04-26T19:26:51.9","splitDateTimeLocal":"2019-04-26T16:26:51.9-03:00"},{"startDateTime":"2019-04-26T19:23:00","startDateTimeLocal":"2019-04-26T16:23:00-03:00","stageTimeDurationMs":1192700,"stageTimeDuration":"00:19:52.7000000","splitPointTimeId":69876,"splitPointId":2131,"entryId":19557,"elapsedDurationMs":415800,"elapsedDuration":"PT6M55.8S","splitDateTime":"2019-04-26T19:29:55.8","splitDateTimeLocal":"2019-04-26T16:29:55.8-03:00"},{"startDateTime":"2019-04-26T19:26:00","startDateTimeLocal":"2019-04-26T16:26:00-03:00","stageTimeDurationMs":1201100,"stageTimeDuration":"00:20:01.1000000","splitPointTimeId":69884,"splitPointId":2131,"entryId":19558,"elapsedDurationMs":411900,"elapsedDuration":"PT6M51.9S","splitDateTime":"2019-04-26T19:32:51.9","splitDateTimeLocal":"2019-04-26T16:32:51.9-03:00"},{"startDateTime":"2019-04-26T19:29:00","startDateTimeLocal":"2019-04-26T16:29:00-03:00","stageTimeDurationMs":1292900,"stageTimeDuration":"00:21:32.9000000","splitPointTimeId":69893,"splitPointId":2131,"entryId":19559,"elapsedDurationMs":443700,"elapsedDuration":"PT7M23.7S","splitDateTime":"2019-04-26T19:36:23.7","splitDateTimeLocal":"2019-04-26T16:36:23.7-03:00"},{"startDateTime":"2019-04-26T19:31:00","startDateTimeLocal":"2019-04-26T16:31:00-03:00","stageTimeDurationMs":1227400,"stageTimeDuration":"00:20:27.4000000","splitPointTimeId":69894,"splitPointId":2131,"entryId":19561,"elapsedDurationMs":422800,"elapsedDuration":"PT7M2.8S","splitDateTime":"2019-04-26T19:38:02.8","splitDateTimeLocal":"2019-04-26T16:38:02.8-03:00"},{"startDateTime":"2019-04-26T19:33:00","startDateTimeLocal":"2019-04-26T16:33:00-03:00","stageTimeDurationMs":1805400,"stageTimeDuration":"00:30:05.4000000","splitPointTimeId":69906,"splitPointId":2131,"entryId":19562,"elapsedDurationMs":622100,"elapsedDuration":"PT10M22.1S","splitDateTime":"2019-04-26T19:43:22.1","splitDateTimeLocal":"2019-04-26T16:43:22.1-03:00"},{"startDateTime":"2019-04-26T19:35:00","startDateTimeLocal":"2019-04-26T16:35:00-03:00","stageTimeDurationMs":1856500,"stageTimeDuration":"00:30:56.5000000","splitPointTimeId":69910,"splitPointId":2131,"entryId":19564,"elapsedDurationMs":606300,"elapsedDuration":"PT10M6.3S","splitDateTime":"2019-04-26T19:45:06.3","splitDateTimeLocal":"2019-04-26T16:45:06.3-03:00"},{"startDateTime":"2019-04-26T19:40:00","startDateTimeLocal":"2019-04-26T16:40:00-03:00","stageTimeDurationMs":1750500,"stageTimeDuration":"00:29:10.5000000","splitPointTimeId":69918,"splitPointId":2131,"entryId":19567,"elapsedDurationMs":619200,"elapsedDuration":"PT10M19.2S","splitDateTime":"2019-04-26T19:50:19.2","splitDateTimeLocal":"2019-04-26T16:50:19.2-03:00"},{"startDateTime":"2019-04-26T18:38:00","startDateTimeLocal":"2019-04-26T15:38:00-03:00","stageTimeDurationMs":1066300,"stageTimeDuration":"00:17:46.3000000","splitPointTimeId":69776,"splitPointId":2132,"entryId":19548,"elapsedDurationMs":691300,"elapsedDuration":"PT11M31.3S","splitDateTime":"2019-04-26T18:49:31.3","splitDateTimeLocal":"2019-04-26T15:49:31.3-03:00"},{"startDateTime":"2019-04-26T18:41:00","startDateTimeLocal":"2019-04-26T15:41:00-03:00","stageTimeDurationMs":1068700,"stageTimeDuration":"00:17:48.7000000","splitPointTimeId":69785,"splitPointId":2132,"entryId":19541,"elapsedDurationMs":694300,"elapsedDuration":"PT11M34.3S","splitDateTime":"2019-04-26T18:52:34.3","splitDateTimeLocal":"2019-04-26T15:52:34.3-03:00"},{"startDateTime":"2019-04-26T18:44:00","startDateTimeLocal":"2019-04-26T15:44:00-03:00","stageTimeDurationMs":1058500,"stageTimeDuration":"00:17:38.5000000","splitPointTimeId":69796,"splitPointId":2132,"entryId":19546,"elapsedDurationMs":690300,"elapsedDuration":"PT11M30.3S","splitDateTime":"2019-04-26T18:55:30.3","splitDateTimeLocal":"2019-04-26T15:55:30.3-03:00"},{"startDateTime":"2019-04-26T18:47:00","startDateTimeLocal":"2019-04-26T15:47:00-03:00","stageTimeDurationMs":1075100,"stageTimeDuration":"00:17:55.1000000","splitPointTimeId":69806,"splitPointId":2132,"entryId":19549,"elapsedDurationMs":699300,"elapsedDuration":"PT11M39.3S","splitDateTime":"2019-04-26T18:58:39.3","splitDateTimeLocal":"2019-04-26T15:58:39.3-03:00"},{"startDateTime":"2019-04-26T18:50:00","startDateTimeLocal":"2019-04-26T15:50:00-03:00","stageTimeDurationMs":1078400,"stageTimeDuration":"00:17:58.4000000","splitPointTimeId":69816,"splitPointId":2132,"entryId":19544,"elapsedDurationMs":702700,"elapsedDuration":"PT11M42.7S","splitDateTime":"2019-04-26T19:01:42.7","splitDateTimeLocal":"2019-04-26T16:01:42.7-03:00"},{"startDateTime":"2019-04-26T18:53:00","startDateTimeLocal":"2019-04-26T15:53:00-03:00","stageTimeDurationMs":1086300,"stageTimeDuration":"00:18:06.3000000","splitPointTimeId":69825,"splitPointId":2132,"entryId":19543,"elapsedDurationMs":705700,"elapsedDuration":"PT11M45.7S","splitDateTime":"2019-04-26T19:04:45.7","splitDateTimeLocal":"2019-04-26T16:04:45.7-03:00"},{"startDateTime":"2019-04-26T18:56:00","startDateTimeLocal":"2019-04-26T15:56:00-03:00","stageTimeDurationMs":1071600,"stageTimeDuration":"00:17:51.6000000","splitPointTimeId":69834,"splitPointId":2132,"entryId":19545,"elapsedDurationMs":696100,"elapsedDuration":"PT11M36.1S","splitDateTime":"2019-04-26T19:07:36.1","splitDateTimeLocal":"2019-04-26T16:07:36.1-03:00"},{"startDateTime":"2019-04-26T18:59:00","startDateTimeLocal":"2019-04-26T15:59:00-03:00","stageTimeDurationMs":1078700,"stageTimeDuration":"00:17:58.7000000","splitPointTimeId":69840,"splitPointId":2132,"entryId":19547,"elapsedDurationMs":702800,"elapsedDuration":"PT11M42.8S","splitDateTime":"2019-04-26T19:10:42.8","splitDateTimeLocal":"2019-04-26T16:10:42.8-03:00"},{"startDateTime":"2019-04-26T19:02:00","startDateTimeLocal":"2019-04-26T16:02:00-03:00","stageTimeDurationMs":1096600,"stageTimeDuration":"00:18:16.6000000","splitPointTimeId":69846,"splitPointId":2132,"entryId":19542,"elapsedDurationMs":710900,"elapsedDuration":"PT11M50.9S","splitDateTime":"2019-04-26T19:13:50.9","splitDateTimeLocal":"2019-04-26T16:13:50.9-03:00"},{"startDateTime":"2019-04-26T19:05:00","startDateTimeLocal":"2019-04-26T16:05:00-03:00","stageTimeDurationMs":1073400,"stageTimeDuration":"00:17:53.4000000","splitPointTimeId":69851,"splitPointId":2132,"entryId":19550,"elapsedDurationMs":695900,"elapsedDuration":"PT11M35.9S","splitDateTime":"2019-04-26T19:16:35.9","splitDateTimeLocal":"2019-04-26T16:16:35.9-03:00"},{"startDateTime":"2019-04-26T19:11:00","startDateTimeLocal":"2019-04-26T16:11:00-03:00","stageTimeDurationMs":1188200,"stageTimeDuration":"00:19:48.2000000","splitPointTimeId":69863,"splitPointId":2132,"entryId":19552,"elapsedDurationMs":745500,"elapsedDuration":"PT12M25.5S","splitDateTime":"2019-04-26T19:23:25.5","splitDateTimeLocal":"2019-04-26T16:23:25.5-03:00"},{"startDateTime":"2019-04-26T19:14:00","startDateTimeLocal":"2019-04-26T16:14:00-03:00","stageTimeDurationMs":1168100,"stageTimeDuration":"00:19:28.1000000","splitPointTimeId":69869,"splitPointId":2132,"entryId":19553,"elapsedDurationMs":755700,"elapsedDuration":"PT12M35.7S","splitDateTime":"2019-04-26T19:26:35.7","splitDateTimeLocal":"2019-04-26T16:26:35.7-03:00"},{"startDateTime":"2019-04-26T19:17:00","startDateTimeLocal":"2019-04-26T16:17:00-03:00","stageTimeDurationMs":1215500,"stageTimeDuration":"00:20:15.5000000","splitPointTimeId":69877,"splitPointId":2132,"entryId":19554,"elapsedDurationMs":789800,"elapsedDuration":"PT13M9.8S","splitDateTime":"2019-04-26T19:30:09.8","splitDateTimeLocal":"2019-04-26T16:30:09.8-03:00"},{"startDateTime":"2019-04-26T19:20:00","startDateTimeLocal":"2019-04-26T16:20:00-03:00","stageTimeDurationMs":1242400,"stageTimeDuration":"00:20:42.4000000","splitPointTimeId":69883,"splitPointId":2132,"entryId":19555,"elapsedDurationMs":776700,"elapsedDuration":"PT12M56.7S","splitDateTime":"2019-04-26T19:32:56.7","splitDateTimeLocal":"2019-04-26T16:32:56.7-03:00"},{"startDateTime":"2019-04-26T19:23:00","startDateTimeLocal":"2019-04-26T16:23:00-03:00","stageTimeDurationMs":1192700,"stageTimeDuration":"00:19:52.7000000","splitPointTimeId":69891,"splitPointId":2132,"entryId":19557,"elapsedDurationMs":778200,"elapsedDuration":"PT12M58.2S","splitDateTime":"2019-04-26T19:35:58.2","splitDateTimeLocal":"2019-04-26T16:35:58.2-03:00"},{"startDateTime":"2019-04-26T19:26:00","startDateTimeLocal":"2019-04-26T16:26:00-03:00","stageTimeDurationMs":1201100,"stageTimeDuration":"00:20:01.1000000","splitPointTimeId":69899,"splitPointId":2132,"entryId":19558,"elapsedDurationMs":777100,"elapsedDuration":"PT12M57.1S","splitDateTime":"2019-04-26T19:38:57.1","splitDateTimeLocal":"2019-04-26T16:38:57.1-03:00"},{"startDateTime":"2019-04-26T19:29:00","startDateTimeLocal":"2019-04-26T16:29:00-03:00","stageTimeDurationMs":1292900,"stageTimeDuration":"00:21:32.9000000","splitPointTimeId":69907,"splitPointId":2132,"entryId":19559,"elapsedDurationMs":832500,"elapsedDuration":"PT13M52.5S","splitDateTime":"2019-04-26T19:42:52.5","splitDateTimeLocal":"2019-04-26T16:42:52.5-03:00"},{"startDateTime":"2019-04-26T19:31:00","startDateTimeLocal":"2019-04-26T16:31:00-03:00","stageTimeDurationMs":1227400,"stageTimeDuration":"00:20:27.4000000","splitPointTimeId":69908,"splitPointId":2132,"entryId":19561,"elapsedDurationMs":795700,"elapsedDuration":"PT13M15.7S","splitDateTime":"2019-04-26T19:44:15.7","splitDateTimeLocal":"2019-04-26T16:44:15.7-03:00"},{"startDateTime":"2019-04-26T19:33:00","startDateTimeLocal":"2019-04-26T16:33:00-03:00","stageTimeDurationMs":1805400,"stageTimeDuration":"00:30:05.4000000","splitPointTimeId":69919,"splitPointId":2132,"entryId":19562,"elapsedDurationMs":1162200,"elapsedDuration":"PT19M22.2S","splitDateTime":"2019-04-26T19:52:22.2","splitDateTimeLocal":"2019-04-26T16:52:22.2-03:00"},{"startDateTime":"2019-04-26T19:35:00","startDateTimeLocal":"2019-04-26T16:35:00-03:00","stageTimeDurationMs":1856500,"stageTimeDuration":"00:30:56.5000000","splitPointTimeId":69922,"splitPointId":2132,"entryId":19564,"elapsedDurationMs":1195700,"elapsedDuration":"PT19M55.7S","splitDateTime":"2019-04-26T19:54:55.7","splitDateTimeLocal":"2019-04-26T16:54:55.7-03:00"},{"startDateTime":"2019-04-26T19:40:00","startDateTimeLocal":"2019-04-26T16:40:00-03:00","stageTimeDurationMs":1750500,"stageTimeDuration":"00:29:10.5000000","splitPointTimeId":69929,"splitPointId":2132,"entryId":19567,"elapsedDurationMs":1132200,"elapsedDuration":"PT18M52.2S","splitDateTime":"2019-04-26T19:58:52.2","splitDateTimeLocal":"2019-04-26T16:58:52.2-03:00"},{"startDateTime":"2019-04-26T18:38:00","startDateTimeLocal":"2019-04-26T15:38:00-03:00","stageTimeDurationMs":1066300,"stageTimeDuration":"00:17:46.3000000","splitPointTimeId":69767,"splitPointId":2133,"entryId":19548,"elapsedDurationMs":504500,"elapsedDuration":"PT8M24.5S","splitDateTime":"2019-04-26T18:46:24.5","splitDateTimeLocal":"2019-04-26T15:46:24.5-03:00"},{"startDateTime":"2019-04-26T18:41:00","startDateTimeLocal":"2019-04-26T15:41:00-03:00","stageTimeDurationMs":1068700,"stageTimeDuration":"00:17:48.7000000","splitPointTimeId":69775,"splitPointId":2133,"entryId":19541,"elapsedDurationMs":507400,"elapsedDuration":"PT8M27.4S","splitDateTime":"2019-04-26T18:49:27.4","splitDateTimeLocal":"2019-04-26T15:49:27.4-03:00"},{"startDateTime":"2019-04-26T18:44:00","startDateTimeLocal":"2019-04-26T15:44:00-03:00","stageTimeDurationMs":1058500,"stageTimeDuration":"00:17:38.5000000","splitPointTimeId":69784,"splitPointId":2133,"entryId":19546,"elapsedDurationMs":503000,"elapsedDuration":"PT8M23S","splitDateTime":"2019-04-26T18:52:23","splitDateTimeLocal":"2019-04-26T15:52:23-03:00"},{"startDateTime":"2019-04-26T18:47:00","startDateTimeLocal":"2019-04-26T15:47:00-03:00","stageTimeDurationMs":1075100,"stageTimeDuration":"00:17:55.1000000","splitPointTimeId":69795,"splitPointId":2133,"entryId":19549,"elapsedDurationMs":511100,"elapsedDuration":"PT8M31.1S","splitDateTime":"2019-04-26T18:55:31.1","splitDateTimeLocal":"2019-04-26T15:55:31.1-03:00"},{"startDateTime":"2019-04-26T18:50:00","startDateTimeLocal":"2019-04-26T15:50:00-03:00","stageTimeDurationMs":1078400,"stageTimeDuration":"00:17:58.4000000","splitPointTimeId":69805,"splitPointId":2133,"entryId":19544,"elapsedDurationMs":513800,"elapsedDuration":"PT8M33.8S","splitDateTime":"2019-04-26T18:58:33.8","splitDateTimeLocal":"2019-04-26T15:58:33.8-03:00"},{"startDateTime":"2019-04-26T18:53:00","startDateTimeLocal":"2019-04-26T15:53:00-03:00","stageTimeDurationMs":1086300,"stageTimeDuration":"00:18:06.3000000","splitPointTimeId":69815,"splitPointId":2133,"entryId":19543,"elapsedDurationMs":517700,"elapsedDuration":"PT8M37.7S","splitDateTime":"2019-04-26T19:01:37.7","splitDateTimeLocal":"2019-04-26T16:01:37.7-03:00"},{"startDateTime":"2019-04-26T18:56:00","startDateTimeLocal":"2019-04-26T15:56:00-03:00","stageTimeDurationMs":1071600,"stageTimeDuration":"00:17:51.6000000","splitPointTimeId":69823,"splitPointId":2133,"entryId":19545,"elapsedDurationMs":511200,"elapsedDuration":"PT8M31.2S","splitDateTime":"2019-04-26T19:04:31.2","splitDateTimeLocal":"2019-04-26T16:04:31.2-03:00"},{"startDateTime":"2019-04-26T18:59:00","startDateTimeLocal":"2019-04-26T15:59:00-03:00","stageTimeDurationMs":1078700,"stageTimeDuration":"00:17:58.7000000","splitPointTimeId":69833,"splitPointId":2133,"entryId":19547,"elapsedDurationMs":515000,"elapsedDuration":"PT8M35S","splitDateTime":"2019-04-26T19:07:35","splitDateTimeLocal":"2019-04-26T16:07:35-03:00"},{"startDateTime":"2019-04-26T19:02:00","startDateTimeLocal":"2019-04-26T16:02:00-03:00","stageTimeDurationMs":1096600,"stageTimeDuration":"00:18:16.6000000","splitPointTimeId":69839,"splitPointId":2133,"entryId":19542,"elapsedDurationMs":520400,"elapsedDuration":"PT8M40.4S","splitDateTime":"2019-04-26T19:10:40.4","splitDateTimeLocal":"2019-04-26T16:10:40.4-03:00"},{"startDateTime":"2019-04-26T19:05:00","startDateTimeLocal":"2019-04-26T16:05:00-03:00","stageTimeDurationMs":1073400,"stageTimeDuration":"00:17:53.4000000","splitPointTimeId":69845,"splitPointId":2133,"entryId":19550,"elapsedDurationMs":510000,"elapsedDuration":"PT8M30S","splitDateTime":"2019-04-26T19:13:30","splitDateTimeLocal":"2019-04-26T16:13:30-03:00"},{"startDateTime":"2019-04-26T19:11:00","startDateTimeLocal":"2019-04-26T16:11:00-03:00","stageTimeDurationMs":1188200,"stageTimeDuration":"00:19:48.2000000","splitPointTimeId":69857,"splitPointId":2133,"entryId":19552,"elapsedDurationMs":545900,"elapsedDuration":"PT9M5.9S","splitDateTime":"2019-04-26T19:20:05.9","splitDateTimeLocal":"2019-04-26T16:20:05.9-03:00"},{"startDateTime":"2019-04-26T19:14:00","startDateTimeLocal":"2019-04-26T16:14:00-03:00","stageTimeDurationMs":1168100,"stageTimeDuration":"00:19:28.1000000","splitPointTimeId":69862,"splitPointId":2133,"entryId":19553,"elapsedDurationMs":554200,"elapsedDuration":"PT9M14.2S","splitDateTime":"2019-04-26T19:23:14.2","splitDateTimeLocal":"2019-04-26T16:23:14.2-03:00"},{"startDateTime":"2019-04-26T19:17:00","startDateTimeLocal":"2019-04-26T16:17:00-03:00","stageTimeDurationMs":1215500,"stageTimeDuration":"00:20:15.5000000","splitPointTimeId":69868,"splitPointId":2133,"entryId":19554,"elapsedDurationMs":577800,"elapsedDuration":"PT9M37.8S","splitDateTime":"2019-04-26T19:26:37.8","splitDateTimeLocal":"2019-04-26T16:26:37.8-03:00"},{"startDateTime":"2019-04-26T19:20:00","startDateTimeLocal":"2019-04-26T16:20:00-03:00","stageTimeDurationMs":1242400,"stageTimeDuration":"00:20:42.4000000","splitPointTimeId":69875,"splitPointId":2133,"entryId":19555,"elapsedDurationMs":569300,"elapsedDuration":"PT9M29.3S","splitDateTime":"2019-04-26T19:29:29.3","splitDateTimeLocal":"2019-04-26T16:29:29.3-03:00"},{"startDateTime":"2019-04-26T19:23:00","startDateTimeLocal":"2019-04-26T16:23:00-03:00","stageTimeDurationMs":1192700,"stageTimeDuration":"00:19:52.7000000","splitPointTimeId":69881,"splitPointId":2133,"entryId":19557,"elapsedDurationMs":572400,"elapsedDuration":"PT9M32.4S","splitDateTime":"2019-04-26T19:32:32.4","splitDateTimeLocal":"2019-04-26T16:32:32.4-03:00"},{"startDateTime":"2019-04-26T19:26:00","startDateTimeLocal":"2019-04-26T16:26:00-03:00","stageTimeDurationMs":1201100,"stageTimeDuration":"00:20:01.1000000","splitPointTimeId":69889,"splitPointId":2133,"entryId":19558,"elapsedDurationMs":571400,"elapsedDuration":"PT9M31.4S","splitDateTime":"2019-04-26T19:35:31.4","splitDateTimeLocal":"2019-04-26T16:35:31.4-03:00"},{"startDateTime":"2019-04-26T19:29:00","startDateTimeLocal":"2019-04-26T16:29:00-03:00","stageTimeDurationMs":1292900,"stageTimeDuration":"00:21:32.9000000","splitPointTimeId":69898,"splitPointId":2133,"entryId":19559,"elapsedDurationMs":611100,"elapsedDuration":"PT10M11.1S","splitDateTime":"2019-04-26T19:39:11.1","splitDateTimeLocal":"2019-04-26T16:39:11.1-03:00"},{"startDateTime":"2019-04-26T19:31:00","startDateTimeLocal":"2019-04-26T16:31:00-03:00","stageTimeDurationMs":1227400,"stageTimeDuration":"00:20:27.4000000","splitPointTimeId":69901,"splitPointId":2133,"entryId":19561,"elapsedDurationMs":585100,"elapsedDuration":"PT9M45.1S","splitDateTime":"2019-04-26T19:40:45.1","splitDateTimeLocal":"2019-04-26T16:40:45.1-03:00"},{"startDateTime":"2019-04-26T19:33:00","startDateTimeLocal":"2019-04-26T16:33:00-03:00","stageTimeDurationMs":1805400,"stageTimeDuration":"00:30:05.4000000","splitPointTimeId":69914,"splitPointId":2133,"entryId":19562,"elapsedDurationMs":864600,"elapsedDuration":"PT14M24.6S","splitDateTime":"2019-04-26T19:47:24.6","splitDateTimeLocal":"2019-04-26T16:47:24.6-03:00"},{"startDateTime":"2019-04-26T19:35:00","startDateTimeLocal":"2019-04-26T16:35:00-03:00","stageTimeDurationMs":1856500,"stageTimeDuration":"00:30:56.5000000","splitPointTimeId":69916,"splitPointId":2133,"entryId":19564,"elapsedDurationMs":867400,"elapsedDuration":"PT14M27.4S","splitDateTime":"2019-04-26T19:49:27.4","splitDateTimeLocal":"2019-04-26T16:49:27.4-03:00"},{"startDateTime":"2019-04-26T19:40:00","startDateTimeLocal":"2019-04-26T16:40:00-03:00","stageTimeDurationMs":1750500,"stageTimeDuration":"00:29:10.5000000","splitPointTimeId":69921,"splitPointId":2133,"entryId":19567,"elapsedDurationMs":848200,"elapsedDuration":"PT14M8.2S","splitDateTime":"2019-04-26T19:54:08.2","splitDateTimeLocal":"2019-04-26T16:54:08.2-03:00"},{"startDateTime":"2019-04-26T18:38:00","startDateTimeLocal":"2019-04-26T15:38:00-03:00","stageTimeDurationMs":1066300,"stageTimeDuration":"00:17:46.3000000","splitPointTimeId":69790,"splitPointId":2135,"entryId":19548,"elapsedDurationMs":967000,"elapsedDuration":"PT16M7S","splitDateTime":"2019-04-26T18:54:07","splitDateTimeLocal":"2019-04-26T15:54:07-03:00"},{"startDateTime":"2019-04-26T18:41:00","startDateTimeLocal":"2019-04-26T15:41:00-03:00","stageTimeDurationMs":1068700,"stageTimeDuration":"00:17:48.7000000","splitPointTimeId":69799,"splitPointId":2135,"entryId":19541,"elapsedDurationMs":969700,"elapsedDuration":"PT16M9.7S","splitDateTime":"2019-04-26T18:57:09.7","splitDateTimeLocal":"2019-04-26T15:57:09.7-03:00"},{"startDateTime":"2019-04-26T18:44:00","startDateTimeLocal":"2019-04-26T15:44:00-03:00","stageTimeDurationMs":1058500,"stageTimeDuration":"00:17:38.5000000","splitPointTimeId":69810,"splitPointId":2135,"entryId":19546,"elapsedDurationMs":959900,"elapsedDuration":"PT15M59.9S","splitDateTime":"2019-04-26T18:59:59.9","splitDateTimeLocal":"2019-04-26T15:59:59.9-03:00"},{"startDateTime":"2019-04-26T18:47:00","startDateTimeLocal":"2019-04-26T15:47:00-03:00","stageTimeDurationMs":1075100,"stageTimeDuration":"00:17:55.1000000","splitPointTimeId":69820,"splitPointId":2135,"entryId":19549,"elapsedDurationMs":975700,"elapsedDuration":"PT16M15.7S","splitDateTime":"2019-04-26T19:03:15.7","splitDateTimeLocal":"2019-04-26T16:03:15.7-03:00"},{"startDateTime":"2019-04-26T18:50:00","startDateTimeLocal":"2019-04-26T15:50:00-03:00","stageTimeDurationMs":1078400,"stageTimeDuration":"00:17:58.4000000","splitPointTimeId":69828,"splitPointId":2135,"entryId":19544,"elapsedDurationMs":978800,"elapsedDuration":"PT16M18.8S","splitDateTime":"2019-04-26T19:06:18.8","splitDateTimeLocal":"2019-04-26T16:06:18.8-03:00"},{"startDateTime":"2019-04-26T18:53:00","startDateTimeLocal":"2019-04-26T15:53:00-03:00","stageTimeDurationMs":1086300,"stageTimeDuration":"00:18:06.3000000","splitPointTimeId":69837,"splitPointId":2135,"entryId":19543,"elapsedDurationMs":985700,"elapsedDuration":"PT16M25.7S","splitDateTime":"2019-04-26T19:09:25.7","splitDateTimeLocal":"2019-04-26T16:09:25.7-03:00"},{"startDateTime":"2019-04-26T18:56:00","startDateTimeLocal":"2019-04-26T15:56:00-03:00","stageTimeDurationMs":1071600,"stageTimeDuration":"00:17:51.6000000","splitPointTimeId":69842,"splitPointId":2135,"entryId":19545,"elapsedDurationMs":972200,"elapsedDuration":"PT16M12.2S","splitDateTime":"2019-04-26T19:12:12.2","splitDateTimeLocal":"2019-04-26T16:12:12.2-03:00"},{"startDateTime":"2019-04-26T18:59:00","startDateTimeLocal":"2019-04-26T15:59:00-03:00","stageTimeDurationMs":1078700,"stageTimeDuration":"00:17:58.7000000","splitPointTimeId":69847,"splitPointId":2135,"entryId":19547,"elapsedDurationMs":980000,"elapsedDuration":"PT16M20S","splitDateTime":"2019-04-26T19:15:20","splitDateTimeLocal":"2019-04-26T16:15:20-03:00"},{"startDateTime":"2019-04-26T19:02:00","startDateTimeLocal":"2019-04-26T16:02:00-03:00","stageTimeDurationMs":1096600,"stageTimeDuration":"00:18:16.6000000","splitPointTimeId":69853,"splitPointId":2135,"entryId":19542,"elapsedDurationMs":994400,"elapsedDuration":"PT16M34.4S","splitDateTime":"2019-04-26T19:18:34.4","splitDateTimeLocal":"2019-04-26T16:18:34.4-03:00"},{"startDateTime":"2019-04-26T19:05:00","startDateTimeLocal":"2019-04-26T16:05:00-03:00","stageTimeDurationMs":1073400,"stageTimeDuration":"00:17:53.4000000","splitPointTimeId":69859,"splitPointId":2135,"entryId":19550,"elapsedDurationMs":972800,"elapsedDuration":"PT16M12.8S","splitDateTime":"2019-04-26T19:21:12.8","splitDateTimeLocal":"2019-04-26T16:21:12.8-03:00"},{"startDateTime":"2019-04-26T19:11:00","startDateTimeLocal":"2019-04-26T16:11:00-03:00","stageTimeDurationMs":1188200,"stageTimeDuration":"00:19:48.2000000","splitPointTimeId":69872,"splitPointId":2135,"entryId":19552,"elapsedDurationMs":1058100,"elapsedDuration":"PT17M38.1S","splitDateTime":"2019-04-26T19:28:38.1","splitDateTimeLocal":"2019-04-26T16:28:38.1-03:00"},{"startDateTime":"2019-04-26T19:14:00","startDateTimeLocal":"2019-04-26T16:14:00-03:00","stageTimeDurationMs":1168100,"stageTimeDuration":"00:19:28.1000000","splitPointTimeId":69879,"splitPointId":2135,"entryId":19553,"elapsedDurationMs":1059300,"elapsedDuration":"PT17M39.3S","splitDateTime":"2019-04-26T19:31:39.3","splitDateTimeLocal":"2019-04-26T16:31:39.3-03:00"},{"startDateTime":"2019-04-26T19:17:00","startDateTimeLocal":"2019-04-26T16:17:00-03:00","stageTimeDurationMs":1215500,"stageTimeDuration":"00:20:15.5000000","splitPointTimeId":69887,"splitPointId":2135,"entryId":19554,"elapsedDurationMs":1103300,"elapsedDuration":"PT18M23.3S","splitDateTime":"2019-04-26T19:35:23.3","splitDateTimeLocal":"2019-04-26T16:35:23.3-03:00"},{"startDateTime":"2019-04-26T19:20:00","startDateTimeLocal":"2019-04-26T16:20:00-03:00","stageTimeDurationMs":1242400,"stageTimeDuration":"00:20:42.4000000","splitPointTimeId":69897,"splitPointId":2135,"entryId":19555,"elapsedDurationMs":1122400,"elapsedDuration":"PT18M42.4S","splitDateTime":"2019-04-26T19:38:42.4","splitDateTimeLocal":"2019-04-26T16:38:42.4-03:00"},{"startDateTime":"2019-04-26T19:23:00","startDateTimeLocal":"2019-04-26T16:23:00-03:00","stageTimeDurationMs":1192700,"stageTimeDuration":"00:19:52.7000000","splitPointTimeId":69902,"splitPointId":2135,"entryId":19557,"elapsedDurationMs":1083900,"elapsedDuration":"PT18M3.9S","splitDateTime":"2019-04-26T19:41:03.9","splitDateTimeLocal":"2019-04-26T16:41:03.9-03:00"},{"startDateTime":"2019-04-26T19:26:00","startDateTimeLocal":"2019-04-26T16:26:00-03:00","stageTimeDurationMs":1201100,"stageTimeDuration":"00:20:01.1000000","splitPointTimeId":69909,"splitPointId":2135,"entryId":19558,"elapsedDurationMs":1089900,"elapsedDuration":"PT18M9.9S","splitDateTime":"2019-04-26T19:44:09.9","splitDateTimeLocal":"2019-04-26T16:44:09.9-03:00"},{"startDateTime":"2019-04-26T19:29:00","startDateTimeLocal":"2019-04-26T16:29:00-03:00","stageTimeDurationMs":1292900,"stageTimeDuration":"00:21:32.9000000","splitPointTimeId":69915,"splitPointId":2135,"entryId":19559,"elapsedDurationMs":1175100,"elapsedDuration":"PT19M35.1S","splitDateTime":"2019-04-26T19:48:35.1","splitDateTimeLocal":"2019-04-26T16:48:35.1-03:00"},{"startDateTime":"2019-04-26T19:31:00","startDateTimeLocal":"2019-04-26T16:31:00-03:00","stageTimeDurationMs":1227400,"stageTimeDuration":"00:20:27.4000000","splitPointTimeId":69917,"splitPointId":2135,"entryId":19561,"elapsedDurationMs":1114000,"elapsedDuration":"PT18M34S","splitDateTime":"2019-04-26T19:49:34","splitDateTimeLocal":"2019-04-26T16:49:34-03:00"},{"startDateTime":"2019-04-26T19:33:00","startDateTimeLocal":"2019-04-26T16:33:00-03:00","stageTimeDurationMs":1805400,"stageTimeDuration":"00:30:05.4000000","splitPointTimeId":69932,"splitPointId":2135,"entryId":19562,"elapsedDurationMs":1633800,"elapsedDuration":"PT27M13.8S","splitDateTime":"2019-04-26T20:00:13.8","splitDateTimeLocal":"2019-04-26T17:00:13.8-03:00"},{"startDateTime":"2019-04-26T19:35:00","startDateTimeLocal":"2019-04-26T16:35:00-03:00","stageTimeDurationMs":1856500,"stageTimeDuration":"00:30:56.5000000","splitPointTimeId":69938,"splitPointId":2135,"entryId":19564,"elapsedDurationMs":1680600,"elapsedDuration":"PT28M0.6S","splitDateTime":"2019-04-26T20:03:00.6","splitDateTimeLocal":"2019-04-26T17:03:00.6-03:00"},{"startDateTime":"2019-04-26T19:40:00","startDateTimeLocal":"2019-04-26T16:40:00-03:00","stageTimeDurationMs":1750500,"stageTimeDuration":"00:29:10.5000000","splitPointTimeId":69944,"splitPointId":2135,"entryId":19567,"elapsedDurationMs":1588300,"elapsedDuration":"PT26M28.3S","splitDateTime":"2019-04-26T20:06:28.3","splitDateTimeLocal":"2019-04-26T17:06:28.3-03:00"},{"startDateTime":"2019-04-26T18:38:00","startDateTimeLocal":"2019-04-26T15:38:00-03:00","stageTimeDurationMs":1066300,"stageTimeDuration":"00:17:46.3000000","splitPointTimeId":69783,"splitPointId":2136,"entryId":19548,"elapsedDurationMs":823500,"elapsedDuration":"PT13M43.5S","splitDateTime":"2019-04-26T18:51:43.5","splitDateTimeLocal":"2019-04-26T15:51:43.5-03:00"},{"startDateTime":"2019-04-26T18:41:00","startDateTimeLocal":"2019-04-26T15:41:00-03:00","stageTimeDurationMs":1068700,"stageTimeDuration":"00:17:48.7000000","splitPointTimeId":69793,"splitPointId":2136,"entryId":19541,"elapsedDurationMs":824900,"elapsedDuration":"PT13M44.9S","splitDateTime":"2019-04-26T18:54:44.9","splitDateTimeLocal":"2019-04-26T15:54:44.9-03:00"},{"startDateTime":"2019-04-26T18:44:00","startDateTimeLocal":"2019-04-26T15:44:00-03:00","stageTimeDurationMs":1058500,"stageTimeDuration":"00:17:38.5000000","splitPointTimeId":69801,"splitPointId":2136,"entryId":19546,"elapsedDurationMs":818400,"elapsedDuration":"PT13M38.4S","splitDateTime":"2019-04-26T18:57:38.4","splitDateTimeLocal":"2019-04-26T15:57:38.4-03:00"},{"startDateTime":"2019-04-26T18:47:00","startDateTimeLocal":"2019-04-26T15:47:00-03:00","stageTimeDurationMs":1075100,"stageTimeDuration":"00:17:55.1000000","splitPointTimeId":69813,"splitPointId":2136,"entryId":19549,"elapsedDurationMs":831900,"elapsedDuration":"PT13M51.9S","splitDateTime":"2019-04-26T19:00:51.9","splitDateTimeLocal":"2019-04-26T16:00:51.9-03:00"},{"startDateTime":"2019-04-26T18:50:00","startDateTimeLocal":"2019-04-26T15:50:00-03:00","stageTimeDurationMs":1078400,"stageTimeDuration":"00:17:58.4000000","splitPointTimeId":69822,"splitPointId":2136,"entryId":19544,"elapsedDurationMs":834400,"elapsedDuration":"PT13M54.4S","splitDateTime":"2019-04-26T19:03:54.4","splitDateTimeLocal":"2019-04-26T16:03:54.4-03:00"},{"startDateTime":"2019-04-26T18:53:00","startDateTimeLocal":"2019-04-26T15:53:00-03:00","stageTimeDurationMs":1086300,"stageTimeDuration":"00:18:06.3000000","splitPointTimeId":69832,"splitPointId":2136,"entryId":19543,"elapsedDurationMs":838500,"elapsedDuration":"PT13M58.5S","splitDateTime":"2019-04-26T19:06:58.5","splitDateTimeLocal":"2019-04-26T16:06:58.5-03:00"},{"startDateTime":"2019-04-26T18:56:00","startDateTimeLocal":"2019-04-26T15:56:00-03:00","stageTimeDurationMs":1071600,"stageTimeDuration":"00:17:51.6000000","splitPointTimeId":69838,"splitPointId":2136,"entryId":19545,"elapsedDurationMs":827400,"elapsedDuration":"PT13M47.4S","splitDateTime":"2019-04-26T19:09:47.4","splitDateTimeLocal":"2019-04-26T16:09:47.4-03:00"},{"startDateTime":"2019-04-26T18:59:00","startDateTimeLocal":"2019-04-26T15:59:00-03:00","stageTimeDurationMs":1078700,"stageTimeDuration":"00:17:58.7000000","splitPointTimeId":69843,"splitPointId":2136,"entryId":19547,"elapsedDurationMs":834800,"elapsedDuration":"PT13M54.8S","splitDateTime":"2019-04-26T19:12:54.8","splitDateTimeLocal":"2019-04-26T16:12:54.8-03:00"},{"startDateTime":"2019-04-26T19:02:00","startDateTimeLocal":"2019-04-26T16:02:00-03:00","stageTimeDurationMs":1096600,"stageTimeDuration":"00:18:16.6000000","splitPointTimeId":69849,"splitPointId":2136,"entryId":19542,"elapsedDurationMs":845500,"elapsedDuration":"PT14M5.5S","splitDateTime":"2019-04-26T19:16:05.5","splitDateTimeLocal":"2019-04-26T16:16:05.5-03:00"},{"startDateTime":"2019-04-26T19:05:00","startDateTimeLocal":"2019-04-26T16:05:00-03:00","stageTimeDurationMs":1073400,"stageTimeDuration":"00:17:53.4000000","splitPointTimeId":69854,"splitPointId":2136,"entryId":19550,"elapsedDurationMs":828100,"elapsedDuration":"PT13M48.1S","splitDateTime":"2019-04-26T19:18:48.1","splitDateTimeLocal":"2019-04-26T16:18:48.1-03:00"},{"startDateTime":"2019-04-26T19:11:00","startDateTimeLocal":"2019-04-26T16:11:00-03:00","stageTimeDurationMs":1188200,"stageTimeDuration":"00:19:48.2000000","splitPointTimeId":69867,"splitPointId":2136,"entryId":19552,"elapsedDurationMs":889900,"elapsedDuration":"PT14M49.9S","splitDateTime":"2019-04-26T19:25:49.9","splitDateTimeLocal":"2019-04-26T16:25:49.9-03:00"},{"startDateTime":"2019-04-26T19:14:00","startDateTimeLocal":"2019-04-26T16:14:00-03:00","stageTimeDurationMs":1168100,"stageTimeDuration":"00:19:28.1000000","splitPointTimeId":69874,"splitPointId":2136,"entryId":19553,"elapsedDurationMs":901300,"elapsedDuration":"PT15M1.3S","splitDateTime":"2019-04-26T19:29:01.3","splitDateTimeLocal":"2019-04-26T16:29:01.3-03:00"},{"startDateTime":"2019-04-26T19:17:00","startDateTimeLocal":"2019-04-26T16:17:00-03:00","stageTimeDurationMs":1215500,"stageTimeDuration":"00:20:15.5000000","splitPointTimeId":69882,"splitPointId":2136,"entryId":19554,"elapsedDurationMs":938500,"elapsedDuration":"PT15M38.5S","splitDateTime":"2019-04-26T19:32:38.5","splitDateTimeLocal":"2019-04-26T16:32:38.5-03:00"},{"startDateTime":"2019-04-26T19:20:00","startDateTimeLocal":"2019-04-26T16:20:00-03:00","stageTimeDurationMs":1242400,"stageTimeDuration":"00:20:42.4000000","splitPointTimeId":69888,"splitPointId":2136,"entryId":19555,"elapsedDurationMs":939400,"elapsedDuration":"PT15M39.4S","splitDateTime":"2019-04-26T19:35:39.4","splitDateTimeLocal":"2019-04-26T16:35:39.4-03:00"},{"startDateTime":"2019-04-26T19:23:00","startDateTimeLocal":"2019-04-26T16:23:00-03:00","stageTimeDurationMs":1192700,"stageTimeDuration":"00:19:52.7000000","splitPointTimeId":69896,"splitPointId":2136,"entryId":19557,"elapsedDurationMs":921900,"elapsedDuration":"PT15M21.9S","splitDateTime":"2019-04-26T19:38:21.9","splitDateTimeLocal":"2019-04-26T16:38:21.9-03:00"},{"startDateTime":"2019-04-26T19:26:00","startDateTimeLocal":"2019-04-26T16:26:00-03:00","stageTimeDurationMs":1201100,"stageTimeDuration":"00:20:01.1000000","splitPointTimeId":69903,"splitPointId":2136,"entryId":19558,"elapsedDurationMs":925400,"elapsedDuration":"PT15M25.4S","splitDateTime":"2019-04-26T19:41:25.4","splitDateTimeLocal":"2019-04-26T16:41:25.4-03:00"},{"startDateTime":"2019-04-26T19:29:00","startDateTimeLocal":"2019-04-26T16:29:00-03:00","stageTimeDurationMs":1292900,"stageTimeDuration":"00:21:32.9000000","splitPointTimeId":69911,"splitPointId":2136,"entryId":19559,"elapsedDurationMs":997300,"elapsedDuration":"PT16M37.3S","splitDateTime":"2019-04-26T19:45:37.3","splitDateTimeLocal":"2019-04-26T16:45:37.3-03:00"},{"startDateTime":"2019-04-26T19:31:00","startDateTimeLocal":"2019-04-26T16:31:00-03:00","stageTimeDurationMs":1227400,"stageTimeDuration":"00:20:27.4000000","splitPointTimeId":69913,"splitPointId":2136,"entryId":19561,"elapsedDurationMs":945900,"elapsedDuration":"PT15M45.9S","splitDateTime":"2019-04-26T19:46:45.9","splitDateTimeLocal":"2019-04-26T16:46:45.9-03:00"},{"startDateTime":"2019-04-26T19:33:00","startDateTimeLocal":"2019-04-26T16:33:00-03:00","stageTimeDurationMs":1805400,"stageTimeDuration":"00:30:05.4000000","splitPointTimeId":69924,"splitPointId":2136,"entryId":19562,"elapsedDurationMs":1377200,"elapsedDuration":"PT22M57.2S","splitDateTime":"2019-04-26T19:55:57.2","splitDateTimeLocal":"2019-04-26T16:55:57.2-03:00"},{"startDateTime":"2019-04-26T19:35:00","startDateTimeLocal":"2019-04-26T16:35:00-03:00","stageTimeDurationMs":1856500,"stageTimeDuration":"00:30:56.5000000","splitPointTimeId":69928,"splitPointId":2136,"entryId":19564,"elapsedDurationMs":1413500,"elapsedDuration":"PT23M33.5S","splitDateTime":"2019-04-26T19:58:33.5","splitDateTimeLocal":"2019-04-26T16:58:33.5-03:00"},{"startDateTime":"2019-04-26T19:40:00","startDateTimeLocal":"2019-04-26T16:40:00-03:00","stageTimeDurationMs":1750500,"stageTimeDuration":"00:29:10.5000000","splitPointTimeId":69936,"splitPointId":2136,"entryId":19567,"elapsedDurationMs":1341900,"elapsedDuration":"PT22M21.9S","splitDateTime":"2019-04-26T20:02:21.9","splitDateTimeLocal":"2019-04-26T17:02:21.9-03:00"}]