[{"stageTimeId":70511,"stageId":1207,"entryId":19716,"elapsedDurationMs":779300,"elapsedDuration":"00:12:59.3000000","status":"Completed","source":"Default","position":1,"diffFirstMs":0,"diffFirst":"00:00:00","diffPrevMs":0,"diffPrev":"00:00:00"},{"stageTimeId":70505,"stageId":1207,"entryId":19720,"elapsedDurationMs":782300,"elapsedDuration":"00:13:02.3000000","status":"Completed","source":"Default","position":2,"diffFirstMs":3000,"diffFirst":"00:00:03","diffPrevMs":3000,"diffPrev":"00:00:03"},{"stageTimeId":70585,"stageId":1207,"entryId":19713,"elapsedDurationMs":783900,"elapsedDuration":"00:13:03.9000000","status":"Completed","source":"Default","position":3,"diffFirstMs":4600,"diffFirst":"00:00:04.6000000","diffPrevMs":1600,"diffPrev":"00:00:01.6000000"},{"stageTimeId":70517,"stageId":1207,"entryId":19715,"elapsedDurationMs":785000,"elapsedDuration":"00:13:05","status":"Completed","source":"Default","position":4,"diffFirstMs":5700,"diffFirst":"00:00:05.7000000","diffPrevMs":1100,"diffPrev":"00:00:01.1000000"},{"stageTimeId":70499,"stageId":1207,"entryId":19714,"elapsedDurationMs":788300,"elapsedDuration":"00:13:08.3000000","status":"Completed","source":"Default","position":5,"diffFirstMs":9000,"diffFirst":"00:00:09","diffPrevMs":3300,"diffPrev":"00:00:03.3000000"},{"stageTimeId":70361,"stageId":1207,"entryId":19722,"elapsedDurationMs":789600,"elapsedDuration":"00:13:09.6000000","status":"Completed","source":"Default","position":6,"diffFirstMs":10300,"diffFirst":"00:00:10.3000000","diffPrevMs":1300,"diffPrev":"00:00:01.3000000"},{"stageTimeId":70603,"stageId":1207,"entryId":19719,"elapsedDurationMs":794300,"elapsedDuration":"00:13:14.3000000","status":"Completed","source":"Default","position":7,"diffFirstMs":15000,"diffFirst":"00:00:15","diffPrevMs":4700,"diffPrev":"00:00:04.7000000"},{"stageTimeId":70591,"stageId":1207,"entryId":19721,"elapsedDurationMs":794400,"elapsedDuration":"00:13:14.4000000","status":"Completed","source":"Default","position":8,"diffFirstMs":15100,"diffFirst":"00:00:15.1000000","diffPrevMs":100,"diffPrev":"00:00:00.1000000"},{"stageTimeId":70598,"stageId":1207,"entryId":19723,"elapsedDurationMs":796900,"elapsedDuration":"00:13:16.9000000","status":"Completed","source":"Default","position":9,"diffFirstMs":17600,"diffFirst":"00:00:17.6000000","diffPrevMs":2500,"diffPrev":"00:00:02.5000000"},{"stageTimeId":70609,"stageId":1207,"entryId":19717,"elapsedDurationMs":797300,"elapsedDuration":"00:13:17.3000000","status":"Completed","source":"Default","position":10,"diffFirstMs":18000,"diffFirst":"00:00:18","diffPrevMs":400,"diffPrev":"00:00:00.4000000"},{"stageTimeId":70580,"stageId":1207,"entryId":19718,"elapsedDurationMs":806200,"elapsedDuration":"00:13:26.2000000","status":"Completed","source":"Default","position":11,"diffFirstMs":26900,"diffFirst":"00:00:26.9000000","diffPrevMs":8900,"diffPrev":"00:00:08.9000000"},{"stageTimeId":70329,"stageId":1207,"entryId":19726,"elapsedDurationMs":813600,"elapsedDuration":"00:13:33.6000000","status":"Completed","source":"Default","position":12,"diffFirstMs":34300,"diffFirst":"00:00:34.3000000","diffPrevMs":7400,"diffPrev":"00:00:07.4000000"},{"stageTimeId":70537,"stageId":1207,"entryId":19724,"elapsedDurationMs":819800,"elapsedDuration":"00:13:39.8000000","status":"Completed","source":"Default","position":13,"diffFirstMs":40500,"diffFirst":"00:00:40.5000000","diffPrevMs":6200,"diffPrev":"00:00:06.2000000"},{"stageTimeId":70531,"stageId":1207,"entryId":19730,"elapsedDurationMs":823500,"elapsedDuration":"00:13:43.5000000","status":"Completed","source":"Default","position":14,"diffFirstMs":44200,"diffFirst":"00:00:44.2000000","diffPrevMs":3700,"diffPrev":"00:00:03.7000000"},{"stageTimeId":70521,"stageId":1207,"entryId":19727,"elapsedDurationMs":831600,"elapsedDuration":"00:13:51.6000000","status":"Completed","source":"Default","position":15,"diffFirstMs":52300,"diffFirst":"00:00:52.3000000","diffPrevMs":8100,"diffPrev":"00:00:08.1000000"},{"stageTimeId":70351,"stageId":1207,"entryId":19737,"elapsedDurationMs":834300,"elapsedDuration":"00:13:54.3000000","status":"Completed","source":"Default","position":16,"diffFirstMs":55000,"diffFirst":"00:00:55","diffPrevMs":2700,"diffPrev":"00:00:02.7000000"},{"stageTimeId":70341,"stageId":1207,"entryId":19733,"elapsedDurationMs":840100,"elapsedDuration":"00:14:00.1000000","status":"Completed","source":"Default","position":17,"diffFirstMs":60800,"diffFirst":"00:01:00.8000000","diffPrevMs":5800,"diffPrev":"00:00:05.8000000"},{"stageTimeId":70525,"stageId":1207,"entryId":19731,"elapsedDurationMs":842100,"elapsedDuration":"00:14:02.1000000","status":"Completed","source":"Default","position":18,"diffFirstMs":62800,"diffFirst":"00:01:02.8000000","diffPrevMs":2000,"diffPrev":"00:00:02"},{"stageTimeId":70543,"stageId":1207,"entryId":19725,"elapsedDurationMs":846900,"elapsedDuration":"00:14:06.9000000","status":"Completed","source":"Default","position":19,"diffFirstMs":67600,"diffFirst":"00:01:07.6000000","diffPrevMs":4800,"diffPrev":"00:00:04.8000000"},{"stageTimeId":70437,"stageId":1207,"entryId":19739,"elapsedDurationMs":847300,"elapsedDuration":"00:14:07.3000000","status":"Completed","source":"Default","position":20,"diffFirstMs":68000,"diffFirst":"00:01:08","diffPrevMs":400,"diffPrev":"00:00:00.4000000"},{"stageTimeId":70443,"stageId":1207,"entryId":19745,"elapsedDurationMs":849900,"elapsedDuration":"00:14:09.9000000","status":"Completed","source":"Default","position":21,"diffFirstMs":70600,"diffFirst":"00:01:10.6000000","diffPrevMs":2600,"diffPrev":"00:00:02.6000000"},{"stageTimeId":70334,"stageId":1207,"entryId":19729,"elapsedDurationMs":851200,"elapsedDuration":"00:14:11.2000000","status":"Completed","source":"Default","position":22,"diffFirstMs":71900,"diffFirst":"00:01:11.9000000","diffPrevMs":1300,"diffPrev":"00:00:01.3000000"},{"stageTimeId":70577,"stageId":1207,"entryId":19741,"elapsedDurationMs":853800,"elapsedDuration":"00:14:13.8000000","status":"Completed","source":"Default","position":23,"diffFirstMs":74500,"diffFirst":"00:01:14.5000000","diffPrevMs":2600,"diffPrev":"00:00:02.6000000"},{"stageTimeId":70449,"stageId":1207,"entryId":19738,"elapsedDurationMs":856200,"elapsedDuration":"00:14:16.2000000","status":"Completed","source":"Default","position":24,"diffFirstMs":76900,"diffFirst":"00:01:16.9000000","diffPrevMs":2400,"diffPrev":"00:00:02.4000000"},{"stageTimeId":70359,"stageId":1207,"entryId":19735,"elapsedDurationMs":856300,"elapsedDuration":"00:14:16.3000000","status":"Completed","source":"Default","position":25,"diffFirstMs":77000,"diffFirst":"00:01:17","diffPrevMs":100,"diffPrev":"00:00:00.1000000"},{"stageTimeId":70571,"stageId":1207,"entryId":19728,"elapsedDurationMs":857300,"elapsedDuration":"00:14:17.3000000","status":"Completed","source":"Default","position":26,"diffFirstMs":78000,"diffFirst":"00:01:18","diffPrevMs":1000,"diffPrev":"00:00:01"},{"stageTimeId":70558,"stageId":1207,"entryId":19732,"elapsedDurationMs":868500,"elapsedDuration":"00:14:28.5000000","status":"Completed","source":"Default","position":27,"diffFirstMs":89200,"diffFirst":"00:01:29.2000000","diffPrevMs":11200,"diffPrev":"00:00:11.2000000"},{"stageTimeId":70565,"stageId":1207,"entryId":19750,"elapsedDurationMs":872400,"elapsedDuration":"00:14:32.4000000","status":"Completed","source":"Default","position":28,"diffFirstMs":93100,"diffFirst":"00:01:33.1000000","diffPrevMs":3900,"diffPrev":"00:00:03.9000000"},{"stageTimeId":70324,"stageId":1207,"entryId":19742,"elapsedDurationMs":873400,"elapsedDuration":"00:14:33.4000000","status":"Completed","source":"Default","position":29,"diffFirstMs":94100,"diffFirst":"00:01:34.1000000","diffPrevMs":1000,"diffPrev":"00:00:01"},{"stageTimeId":70481,"stageId":1207,"entryId":19743,"elapsedDurationMs":874200,"elapsedDuration":"00:14:34.2000000","status":"Completed","source":"Default","position":30,"diffFirstMs":94900,"diffFirst":"00:01:34.9000000","diffPrevMs":800,"diffPrev":"00:00:00.8000000"},{"stageTimeId":70469,"stageId":1207,"entryId":19747,"elapsedDurationMs":881600,"elapsedDuration":"00:14:41.6000000","status":"Completed","source":"Default","position":31,"diffFirstMs":102300,"diffFirst":"00:01:42.3000000","diffPrevMs":7400,"diffPrev":"00:00:07.4000000"},{"stageTimeId":70459,"stageId":1207,"entryId":19749,"elapsedDurationMs":893900,"elapsedDuration":"00:14:53.9000000","status":"Completed","source":"Default","position":32,"diffFirstMs":114600,"diffFirst":"00:01:54.6000000","diffPrevMs":12300,"diffPrev":"00:00:12.3000000"},{"stageTimeId":70455,"stageId":1207,"entryId":19734,"elapsedDurationMs":902000,"elapsedDuration":"00:15:02","status":"Completed","source":"Default","position":33,"diffFirstMs":122700,"diffFirst":"00:02:02.7000000","diffPrevMs":8100,"diffPrev":"00:00:08.1000000"},{"stageTimeId":70475,"stageId":1207,"entryId":19748,"elapsedDurationMs":928900,"elapsedDuration":"00:15:28.9000000","status":"Completed","source":"Default","position":34,"diffFirstMs":149600,"diffFirst":"00:02:29.6000000","diffPrevMs":26900,"diffPrev":"00:00:26.9000000"},{"stageTimeId":70421,"stageId":1207,"entryId":19770,"elapsedDurationMs":946900,"elapsedDuration":"00:15:46.9000000","status":"Completed","source":"Default","position":35,"diffFirstMs":167600,"diffFirst":"00:02:47.6000000","diffPrevMs":18000,"diffPrev":"00:00:18"},{"stageTimeId":70427,"stageId":1207,"entryId":19736,"elapsedDurationMs":947200,"elapsedDuration":"00:15:47.2000000","status":"Completed","source":"Default","position":36,"diffFirstMs":167900,"diffFirst":"00:02:47.9000000","diffPrevMs":300,"diffPrev":"00:00:00.3000000"},{"stageTimeId":70415,"stageId":1207,"entryId":19765,"elapsedDurationMs":952000,"elapsedDuration":"00:15:52","status":"Completed","source":"Default","position":37,"diffFirstMs":172700,"diffFirst":"00:02:52.7000000","diffPrevMs":4800,"diffPrev":"00:00:04.8000000"},{"stageTimeId":70409,"stageId":1207,"entryId":19760,"elapsedDurationMs":952100,"elapsedDuration":"00:15:52.1000000","status":"Completed","source":"Default","position":38,"diffFirstMs":172800,"diffFirst":"00:02:52.8000000","diffPrevMs":100,"diffPrev":"00:00:00.1000000"},{"stageTimeId":70389,"stageId":1207,"entryId":19758,"elapsedDurationMs":954400,"elapsedDuration":"00:15:54.4000000","status":"Completed","source":"Default","position":39,"diffFirstMs":175100,"diffFirst":"00:02:55.1000000","diffPrevMs":2300,"diffPrev":"00:00:02.3000000"},{"stageTimeId":70396,"stageId":1207,"entryId":19767,"elapsedDurationMs":995800,"elapsedDuration":"00:16:35.8000000","status":"Completed","source":"Default","position":40,"diffFirstMs":216500,"diffFirst":"00:03:36.5000000","diffPrevMs":41400,"diffPrev":"00:00:41.4000000"},{"stageTimeId":70371,"stageId":1207,"entryId":19754,"elapsedDurationMs":1050600,"elapsedDuration":"00:17:30.6000000","status":"Completed","source":"Default","position":41,"diffFirstMs":271300,"diffFirst":"00:04:31.3000000","diffPrevMs":54800,"diffPrev":"00:00:54.8000000"},{"stageTimeId":70403,"stageId":1207,"entryId":19766,"elapsedDurationMs":1055100,"elapsedDuration":"00:17:35.1000000","status":"Completed","source":"Default","position":42,"diffFirstMs":275800,"diffFirst":"00:04:35.8000000","diffPrevMs":4500,"diffPrev":"00:00:04.5000000"},{"stageTimeId":70426,"stageId":1207,"entryId":19769,"elapsedDurationMs":1080600,"elapsedDuration":"00:18:00.6000000","status":"Completed","source":"Default","position":43,"diffFirstMs":301300,"diffFirst":"00:05:01.3000000","diffPrevMs":25500,"diffPrev":"00:00:25.5000000"},{"stageTimeId":70352,"stageId":1207,"entryId":19744,"elapsedDurationMs":1423900,"elapsedDuration":"00:23:43.9000000","status":"Completed","source":"Default","position":44,"diffFirstMs":644600,"diffFirst":"00:10:44.6000000","diffPrevMs":343300,"diffPrev":"00:05:43.3000000"},{"stageTimeId":70431,"stageId":1207,"entryId":19752,"elapsedDurationMs":1470600,"elapsedDuration":"00:24:30.6000000","status":"Completed","source":"Assessed","position":45,"diffFirstMs":691300,"diffFirst":"00:11:31.3000000","diffPrevMs":46700,"diffPrev":"00:00:46.7000000"},{"stageTimeId":70377,"stageId":1207,"entryId":19756,"elapsedDurationMs":2291300,"elapsedDuration":"00:38:11.3000000","status":"Completed","source":"Default","position":46,"diffFirstMs":1512000,"diffFirst":"00:25:12","diffPrevMs":820700,"diffPrev":"00:13:40.7000000"},{"stageTimeId":70383,"stageId":1207,"entryId":19755,"elapsedDurationMs":null,"elapsedDuration":null,"status":"DNS","source":"Default","position":null,"diffFirstMs":null,"diffFirst":null,"diffPrevMs":null,"diffPrev":null},{"stageTimeId":70463,"stageId":1207,"entryId":19751,"elapsedDurationMs":null,"elapsedDuration":null,"status":"DNS","source":"Default","position":null,"diffFirstMs":null,"diffFirst":null,"diffPrevMs":null,"diffPrev":null},{"stageTimeId":70493,"stageId":1207,"entryId":19763,"elapsedDurationMs":null,"elapsedDuration":null,"status":"DNS","source":"Default","position":null,"diffFirstMs":null,"diffFirst":null,"diffPrevMs":null,"diffPrev":null}]