[{"startDateTime":"2019-10-05T09:08:00","startDateTimeLocal":"2019-10-05T10:08:00+01:00","stageTimeDurationMs":779800,"stageTimeDuration":"00:12:59.8000000","splitPointTimeId":95050,"splitPointId":2948,"entryId":20362,"elapsedDurationMs":591100,"elapsedDuration":"PT9M51.1S","splitDateTime":"2019-10-05T09:17:51.1","splitDateTimeLocal":"2019-10-05T10:17:51.1+01:00"},{"startDateTime":"2019-10-05T09:10:00","startDateTimeLocal":"2019-10-05T10:10:00+01:00","stageTimeDurationMs":794300,"stageTimeDuration":"00:13:14.3000000","splitPointTimeId":95055,"splitPointId":2948,"entryId":20364,"elapsedDurationMs":601700,"elapsedDuration":"PT10M1.7S","splitDateTime":"2019-10-05T09:20:01.7","splitDateTimeLocal":"2019-10-05T10:20:01.7+01:00"},{"startDateTime":"2019-10-05T09:12:00","startDateTimeLocal":"2019-10-05T10:12:00+01:00","stageTimeDurationMs":770600,"stageTimeDuration":"00:12:50.6000000","splitPointTimeId":95058,"splitPointId":2948,"entryId":20368,"elapsedDurationMs":583300,"elapsedDuration":"PT9M43.3S","splitDateTime":"2019-10-05T09:21:43.3","splitDateTimeLocal":"2019-10-05T10:21:43.3+01:00"},{"startDateTime":"2019-10-05T09:14:00","startDateTimeLocal":"2019-10-05T10:14:00+01:00","stageTimeDurationMs":782800,"stageTimeDuration":"00:13:02.8000000","splitPointTimeId":95063,"splitPointId":2948,"entryId":20361,"elapsedDurationMs":591900,"elapsedDuration":"PT9M51.9S","splitDateTime":"2019-10-05T09:23:51.9","splitDateTimeLocal":"2019-10-05T10:23:51.9+01:00"},{"startDateTime":"2019-10-05T09:18:00","startDateTimeLocal":"2019-10-05T10:18:00+01:00","stageTimeDurationMs":780200,"stageTimeDuration":"00:13:00.2000000","splitPointTimeId":95073,"splitPointId":2948,"entryId":20370,"elapsedDurationMs":591200,"elapsedDuration":"PT9M51.2S","splitDateTime":"2019-10-05T09:27:51.2","splitDateTimeLocal":"2019-10-05T10:27:51.2+01:00"},{"startDateTime":"2019-10-05T09:20:00","startDateTimeLocal":"2019-10-05T10:20:00+01:00","stageTimeDurationMs":776800,"stageTimeDuration":"00:12:56.8000000","splitPointTimeId":95076,"splitPointId":2948,"entryId":20367,"elapsedDurationMs":588900,"elapsedDuration":"PT9M48.9S","splitDateTime":"2019-10-05T09:29:48.9","splitDateTimeLocal":"2019-10-05T10:29:48.9+01:00"},{"startDateTime":"2019-10-05T09:16:00","startDateTimeLocal":"2019-10-05T10:16:00+01:00","stageTimeDurationMs":1094800,"stageTimeDuration":"00:18:14.8000000","splitPointTimeId":95079,"splitPointId":2948,"entryId":20369,"elapsedDurationMs":897700,"elapsedDuration":"PT14M57.7S","splitDateTime":"2019-10-05T09:30:57.7","splitDateTimeLocal":"2019-10-05T10:30:57.7+01:00"},{"startDateTime":"2019-10-05T09:22:00","startDateTimeLocal":"2019-10-05T10:22:00+01:00","stageTimeDurationMs":777600,"stageTimeDuration":"00:12:57.6000000","splitPointTimeId":95081,"splitPointId":2948,"entryId":20363,"elapsedDurationMs":587700,"elapsedDuration":"PT9M47.7S","splitDateTime":"2019-10-05T09:31:47.7","splitDateTimeLocal":"2019-10-05T10:31:47.7+01:00"},{"startDateTime":"2019-10-05T09:24:00","startDateTimeLocal":"2019-10-05T10:24:00+01:00","stageTimeDurationMs":774500,"stageTimeDuration":"00:12:54.5000000","splitPointTimeId":95089,"splitPointId":2948,"entryId":20360,"elapsedDurationMs":585400,"elapsedDuration":"PT9M45.4S","splitDateTime":"2019-10-05T09:33:45.4","splitDateTimeLocal":"2019-10-05T10:33:45.4+01:00"},{"startDateTime":"2019-10-05T09:26:00","startDateTimeLocal":"2019-10-05T10:26:00+01:00","stageTimeDurationMs":774400,"stageTimeDuration":"00:12:54.4000000","splitPointTimeId":95093,"splitPointId":2948,"entryId":20365,"elapsedDurationMs":585400,"elapsedDuration":"PT9M45.4S","splitDateTime":"2019-10-05T09:35:45.4","splitDateTimeLocal":"2019-10-05T10:35:45.4+01:00"},{"startDateTime":"2019-10-05T09:30:00","startDateTimeLocal":"2019-10-05T10:30:00+01:00","stageTimeDurationMs":828700,"stageTimeDuration":"00:13:48.7000000","splitPointTimeId":95107,"splitPointId":2948,"entryId":20371,"elapsedDurationMs":626600,"elapsedDuration":"PT10M26.6S","splitDateTime":"2019-10-05T09:40:26.6","splitDateTimeLocal":"2019-10-05T10:40:26.6+01:00"},{"startDateTime":"2019-10-05T09:28:00","startDateTimeLocal":"2019-10-05T10:28:00+01:00","stageTimeDurationMs":952100,"stageTimeDuration":"00:15:52.1000000","splitPointTimeId":95108,"splitPointId":2948,"entryId":20374,"elapsedDurationMs":750000,"elapsedDuration":"PT12M30S","splitDateTime":"2019-10-05T09:40:30","splitDateTimeLocal":"2019-10-05T10:40:30+01:00"},{"startDateTime":"2019-10-05T09:32:00","startDateTimeLocal":"2019-10-05T10:32:00+01:00","stageTimeDurationMs":817900,"stageTimeDuration":"00:13:37.9000000","splitPointTimeId":95115,"splitPointId":2948,"entryId":20375,"elapsedDurationMs":619100,"elapsedDuration":"PT10M19.1S","splitDateTime":"2019-10-05T09:42:19.1","splitDateTimeLocal":"2019-10-05T10:42:19.1+01:00"},{"startDateTime":"2019-10-05T09:33:00","startDateTimeLocal":"2019-10-05T10:33:00+01:00","stageTimeDurationMs":828000,"stageTimeDuration":"00:13:48","splitPointTimeId":95119,"splitPointId":2948,"entryId":20377,"elapsedDurationMs":626700,"elapsedDuration":"PT10M26.7S","splitDateTime":"2019-10-05T09:43:26.7","splitDateTimeLocal":"2019-10-05T10:43:26.7+01:00"},{"startDateTime":"2019-10-05T09:34:00","startDateTimeLocal":"2019-10-05T10:34:00+01:00","stageTimeDurationMs":832500,"stageTimeDuration":"00:13:52.5000000","splitPointTimeId":95124,"splitPointId":2948,"entryId":20403,"elapsedDurationMs":628700,"elapsedDuration":"PT10M28.7S","splitDateTime":"2019-10-05T09:44:28.7","splitDateTimeLocal":"2019-10-05T10:44:28.7+01:00"},{"startDateTime":"2019-10-05T09:35:00","startDateTimeLocal":"2019-10-05T10:35:00+01:00","stageTimeDurationMs":822800,"stageTimeDuration":"00:13:42.8000000","splitPointTimeId":95129,"splitPointId":2948,"entryId":20389,"elapsedDurationMs":622800,"elapsedDuration":"PT10M22.8S","splitDateTime":"2019-10-05T09:45:22.8","splitDateTimeLocal":"2019-10-05T10:45:22.8+01:00"},{"startDateTime":"2019-10-05T09:36:00","startDateTimeLocal":"2019-10-05T10:36:00+01:00","stageTimeDurationMs":825100,"stageTimeDuration":"00:13:45.1000000","splitPointTimeId":95134,"splitPointId":2948,"entryId":20406,"elapsedDurationMs":625100,"elapsedDuration":"PT10M25.1S","splitDateTime":"2019-10-05T09:46:25.1","splitDateTimeLocal":"2019-10-05T10:46:25.1+01:00"},{"startDateTime":"2019-10-05T09:37:00","startDateTimeLocal":"2019-10-05T10:37:00+01:00","stageTimeDurationMs":841100,"stageTimeDuration":"00:14:01.1000000","splitPointTimeId":95139,"splitPointId":2948,"entryId":20387,"elapsedDurationMs":636500,"elapsedDuration":"PT10M36.5S","splitDateTime":"2019-10-05T09:47:36.5","splitDateTimeLocal":"2019-10-05T10:47:36.5+01:00"},{"startDateTime":"2019-10-05T09:38:00","startDateTimeLocal":"2019-10-05T10:38:00+01:00","stageTimeDurationMs":824900,"stageTimeDuration":"00:13:44.9000000","splitPointTimeId":95144,"splitPointId":2948,"entryId":20378,"elapsedDurationMs":624100,"elapsedDuration":"PT10M24.1S","splitDateTime":"2019-10-05T09:48:24.1","splitDateTimeLocal":"2019-10-05T10:48:24.1+01:00"},{"startDateTime":"2019-10-05T09:39:00","startDateTimeLocal":"2019-10-05T10:39:00+01:00","stageTimeDurationMs":838400,"stageTimeDuration":"00:13:58.4000000","splitPointTimeId":95149,"splitPointId":2948,"entryId":20405,"elapsedDurationMs":635300,"elapsedDuration":"PT10M35.3S","splitDateTime":"2019-10-05T09:49:35.3","splitDateTimeLocal":"2019-10-05T10:49:35.3+01:00"},{"startDateTime":"2019-10-05T09:40:00","startDateTimeLocal":"2019-10-05T10:40:00+01:00","stageTimeDurationMs":814800,"stageTimeDuration":"00:13:34.8000000","splitPointTimeId":95153,"splitPointId":2948,"entryId":20388,"elapsedDurationMs":615900,"elapsedDuration":"PT10M15.9S","splitDateTime":"2019-10-05T09:50:15.9","splitDateTimeLocal":"2019-10-05T10:50:15.9+01:00"},{"startDateTime":"2019-10-05T09:41:00","startDateTimeLocal":"2019-10-05T10:41:00+01:00","stageTimeDurationMs":835100,"stageTimeDuration":"00:13:55.1000000","splitPointTimeId":95159,"splitPointId":2948,"entryId":20383,"elapsedDurationMs":632700,"elapsedDuration":"PT10M32.7S","splitDateTime":"2019-10-05T09:51:32.7","splitDateTimeLocal":"2019-10-05T10:51:32.7+01:00"},{"startDateTime":"2019-10-05T09:42:00","startDateTimeLocal":"2019-10-05T10:42:00+01:00","stageTimeDurationMs":833600,"stageTimeDuration":"00:13:53.6000000","splitPointTimeId":95164,"splitPointId":2948,"entryId":20404,"elapsedDurationMs":630100,"elapsedDuration":"PT10M30.1S","splitDateTime":"2019-10-05T09:52:30.1","splitDateTimeLocal":"2019-10-05T10:52:30.1+01:00"},{"startDateTime":"2019-10-05T09:43:00","startDateTimeLocal":"2019-10-05T10:43:00+01:00","stageTimeDurationMs":845800,"stageTimeDuration":"00:14:05.8000000","splitPointTimeId":95169,"splitPointId":2948,"entryId":20380,"elapsedDurationMs":638400,"elapsedDuration":"PT10M38.4S","splitDateTime":"2019-10-05T09:53:38.4","splitDateTimeLocal":"2019-10-05T10:53:38.4+01:00"},{"startDateTime":"2019-10-05T09:44:00","startDateTimeLocal":"2019-10-05T10:44:00+01:00","stageTimeDurationMs":845300,"stageTimeDuration":"00:14:05.3000000","splitPointTimeId":95173,"splitPointId":2948,"entryId":20381,"elapsedDurationMs":639000,"elapsedDuration":"PT10M39S","splitDateTime":"2019-10-05T09:54:39","splitDateTimeLocal":"2019-10-05T10:54:39+01:00"},{"startDateTime":"2019-10-05T09:45:00","startDateTimeLocal":"2019-10-05T10:45:00+01:00","stageTimeDurationMs":849600,"stageTimeDuration":"00:14:09.6000000","splitPointTimeId":95178,"splitPointId":2948,"entryId":20376,"elapsedDurationMs":642000,"elapsedDuration":"PT10M42S","splitDateTime":"2019-10-05T09:55:42","splitDateTimeLocal":"2019-10-05T10:55:42+01:00"},{"startDateTime":"2019-10-05T09:46:00","startDateTimeLocal":"2019-10-05T10:46:00+01:00","stageTimeDurationMs":852200,"stageTimeDuration":"00:14:12.2000000","splitPointTimeId":95183,"splitPointId":2948,"entryId":20385,"elapsedDurationMs":646200,"elapsedDuration":"PT10M46.2S","splitDateTime":"2019-10-05T09:56:46.2","splitDateTimeLocal":"2019-10-05T10:56:46.2+01:00"},{"startDateTime":"2019-10-05T09:47:00","startDateTimeLocal":"2019-10-05T10:47:00+01:00","stageTimeDurationMs":832600,"stageTimeDuration":"00:13:52.6000000","splitPointTimeId":95188,"splitPointId":2948,"entryId":20379,"elapsedDurationMs":630900,"elapsedDuration":"PT10M30.9S","splitDateTime":"2019-10-05T09:57:30.9","splitDateTimeLocal":"2019-10-05T10:57:30.9+01:00"},{"startDateTime":"2019-10-05T09:48:00","startDateTimeLocal":"2019-10-05T10:48:00+01:00","stageTimeDurationMs":891600,"stageTimeDuration":"00:14:51.6000000","splitPointTimeId":95196,"splitPointId":2948,"entryId":20393,"elapsedDurationMs":677000,"elapsedDuration":"PT11M17S","splitDateTime":"2019-10-05T09:59:17","splitDateTimeLocal":"2019-10-05T10:59:17+01:00"},{"startDateTime":"2019-10-05T09:49:00","startDateTimeLocal":"2019-10-05T10:49:00+01:00","stageTimeDurationMs":903600,"stageTimeDuration":"00:15:03.6000000","splitPointTimeId":95199,"splitPointId":2948,"entryId":20392,"elapsedDurationMs":686700,"elapsedDuration":"PT11M26.7S","splitDateTime":"2019-10-05T10:00:26.7","splitDateTimeLocal":"2019-10-05T11:00:26.7+01:00"},{"startDateTime":"2019-10-05T09:50:00","startDateTimeLocal":"2019-10-05T10:50:00+01:00","stageTimeDurationMs":893800,"stageTimeDuration":"00:14:53.8000000","splitPointTimeId":95203,"splitPointId":2948,"entryId":20390,"elapsedDurationMs":667700,"elapsedDuration":"PT11M7.7S","splitDateTime":"2019-10-05T10:01:07.7","splitDateTimeLocal":"2019-10-05T11:01:07.7+01:00"},{"startDateTime":"2019-10-05T09:51:00","startDateTimeLocal":"2019-10-05T10:51:00+01:00","stageTimeDurationMs":898500,"stageTimeDuration":"00:14:58.5000000","splitPointTimeId":95207,"splitPointId":2948,"entryId":20394,"elapsedDurationMs":681900,"elapsedDuration":"PT11M21.9S","splitDateTime":"2019-10-05T10:02:21.9","splitDateTimeLocal":"2019-10-05T11:02:21.9+01:00"},{"startDateTime":"2019-10-05T09:52:00","startDateTimeLocal":"2019-10-05T10:52:00+01:00","stageTimeDurationMs":896700,"stageTimeDuration":"00:14:56.7000000","splitPointTimeId":95211,"splitPointId":2948,"entryId":20395,"elapsedDurationMs":678900,"elapsedDuration":"PT11M18.9S","splitDateTime":"2019-10-05T10:03:18.9","splitDateTimeLocal":"2019-10-05T11:03:18.9+01:00"},{"startDateTime":"2019-10-05T09:53:00","startDateTimeLocal":"2019-10-05T10:53:00+01:00","stageTimeDurationMs":914400,"stageTimeDuration":"00:15:14.4000000","splitPointTimeId":95217,"splitPointId":2948,"entryId":20384,"elapsedDurationMs":695000,"elapsedDuration":"PT11M35S","splitDateTime":"2019-10-05T10:04:35","splitDateTimeLocal":"2019-10-05T11:04:35+01:00"},{"startDateTime":"2019-10-05T09:54:00","startDateTimeLocal":"2019-10-05T10:54:00+01:00","stageTimeDurationMs":928300,"stageTimeDuration":"00:15:28.3000000","splitPointTimeId":95221,"splitPointId":2948,"entryId":20398,"elapsedDurationMs":706400,"elapsedDuration":"PT11M46.4S","splitDateTime":"2019-10-05T10:05:46.4","splitDateTimeLocal":"2019-10-05T11:05:46.4+01:00"},{"startDateTime":"2019-10-05T09:57:00","startDateTimeLocal":"2019-10-05T10:57:00+01:00","stageTimeDurationMs":923200,"stageTimeDuration":"00:15:23.2000000","splitPointTimeId":95233,"splitPointId":2948,"entryId":20409,"elapsedDurationMs":701600,"elapsedDuration":"PT11M41.6S","splitDateTime":"2019-10-05T10:08:41.6","splitDateTimeLocal":"2019-10-05T11:08:41.6+01:00"},{"startDateTime":"2019-10-05T09:58:00","startDateTimeLocal":"2019-10-05T10:58:00+01:00","stageTimeDurationMs":957800,"stageTimeDuration":"00:15:57.8000000","splitPointTimeId":95240,"splitPointId":2948,"entryId":20412,"elapsedDurationMs":730200,"elapsedDuration":"PT12M10.2S","splitDateTime":"2019-10-05T10:10:10.2","splitDateTimeLocal":"2019-10-05T11:10:10.2+01:00"},{"startDateTime":"2019-10-05T09:59:00","startDateTimeLocal":"2019-10-05T10:59:00+01:00","stageTimeDurationMs":946300,"stageTimeDuration":"00:15:46.3000000","splitPointTimeId":95243,"splitPointId":2948,"entryId":20399,"elapsedDurationMs":722400,"elapsedDuration":"PT12M2.4S","splitDateTime":"2019-10-05T10:11:02.4","splitDateTimeLocal":"2019-10-05T11:11:02.4+01:00"},{"startDateTime":"2019-10-05T10:00:00","startDateTimeLocal":"2019-10-05T11:00:00+01:00","stageTimeDurationMs":969800,"stageTimeDuration":"00:16:09.8000000","splitPointTimeId":95249,"splitPointId":2948,"entryId":20414,"elapsedDurationMs":741800,"elapsedDuration":"PT12M21.8S","splitDateTime":"2019-10-05T10:12:21.8","splitDateTimeLocal":"2019-10-05T11:12:21.8+01:00"},{"startDateTime":"2019-10-05T10:01:00","startDateTimeLocal":"2019-10-05T11:01:00+01:00","stageTimeDurationMs":975400,"stageTimeDuration":"00:16:15.4000000","splitPointTimeId":95254,"splitPointId":2948,"entryId":20397,"elapsedDurationMs":744600,"elapsedDuration":"PT12M24.6S","splitDateTime":"2019-10-05T10:13:24.6","splitDateTimeLocal":"2019-10-05T11:13:24.6+01:00"},{"startDateTime":"2019-10-05T10:02:00","startDateTimeLocal":"2019-10-05T11:02:00+01:00","stageTimeDurationMs":968000,"stageTimeDuration":"00:16:08","splitPointTimeId":95261,"splitPointId":2948,"entryId":20401,"elapsedDurationMs":736300,"elapsedDuration":"PT12M16.3S","splitDateTime":"2019-10-05T10:14:16.3","splitDateTimeLocal":"2019-10-05T11:14:16.3+01:00"},{"startDateTime":"2019-10-05T10:03:00","startDateTimeLocal":"2019-10-05T11:03:00+01:00","stageTimeDurationMs":958000,"stageTimeDuration":"00:15:58","splitPointTimeId":95265,"splitPointId":2948,"entryId":20415,"elapsedDurationMs":730700,"elapsedDuration":"PT12M10.7S","splitDateTime":"2019-10-05T10:15:10.7","splitDateTimeLocal":"2019-10-05T11:15:10.7+01:00"},{"startDateTime":"2019-10-05T10:04:00","startDateTimeLocal":"2019-10-05T11:04:00+01:00","stageTimeDurationMs":964500,"stageTimeDuration":"00:16:04.5000000","splitPointTimeId":95271,"splitPointId":2948,"entryId":20416,"elapsedDurationMs":736200,"elapsedDuration":"PT12M16.2S","splitDateTime":"2019-10-05T10:16:16.2","splitDateTimeLocal":"2019-10-05T11:16:16.2+01:00"},{"startDateTime":"2019-10-05T10:05:00","startDateTimeLocal":"2019-10-05T11:05:00+01:00","stageTimeDurationMs":1019100,"stageTimeDuration":"00:16:59.1000000","splitPointTimeId":95280,"splitPointId":2948,"entryId":20417,"elapsedDurationMs":778800,"elapsedDuration":"PT12M58.8S","splitDateTime":"2019-10-05T10:17:58.8","splitDateTimeLocal":"2019-10-05T11:17:58.8+01:00"},{"startDateTime":"2019-10-05T10:06:00","startDateTimeLocal":"2019-10-05T11:06:00+01:00","stageTimeDurationMs":1088500,"stageTimeDuration":"00:18:08.5000000","splitPointTimeId":95286,"splitPointId":2948,"entryId":20402,"elapsedDurationMs":826100,"elapsedDuration":"PT13M46.1S","splitDateTime":"2019-10-05T10:19:46.1","splitDateTimeLocal":"2019-10-05T11:19:46.1+01:00"},{"startDateTime":"2019-10-05T10:07:00","startDateTimeLocal":"2019-10-05T11:07:00+01:00","stageTimeDurationMs":1023800,"stageTimeDuration":"00:17:03.8000000","splitPointTimeId":95287,"splitPointId":2948,"entryId":20413,"elapsedDurationMs":779600,"elapsedDuration":"PT12M59.6S","splitDateTime":"2019-10-05T10:19:59.6","splitDateTimeLocal":"2019-10-05T11:19:59.6+01:00"},{"startDateTime":"2019-10-05T09:08:00","startDateTimeLocal":"2019-10-05T10:08:00+01:00","stageTimeDurationMs":779800,"stageTimeDuration":"00:12:59.8000000","splitPointTimeId":95044,"splitPointId":2949,"entryId":20362,"elapsedDurationMs":163600,"elapsedDuration":"PT2M43.6S","splitDateTime":"2019-10-05T09:10:43.6","splitDateTimeLocal":"2019-10-05T10:10:43.6+01:00"},{"startDateTime":"2019-10-05T09:10:00","startDateTimeLocal":"2019-10-05T10:10:00+01:00","stageTimeDurationMs":794300,"stageTimeDuration":"00:13:14.3000000","splitPointTimeId":95045,"splitPointId":2949,"entryId":20364,"elapsedDurationMs":167600,"elapsedDuration":"PT2M47.6S","splitDateTime":"2019-10-05T09:12:47.6","splitDateTimeLocal":"2019-10-05T10:12:47.6+01:00"},{"startDateTime":"2019-10-05T09:12:00","startDateTimeLocal":"2019-10-05T10:12:00+01:00","stageTimeDurationMs":770600,"stageTimeDuration":"00:12:50.6000000","splitPointTimeId":95047,"splitPointId":2949,"entryId":20368,"elapsedDurationMs":161600,"elapsedDuration":"PT2M41.6S","splitDateTime":"2019-10-05T09:14:41.6","splitDateTimeLocal":"2019-10-05T10:14:41.6+01:00"},{"startDateTime":"2019-10-05T09:14:00","startDateTimeLocal":"2019-10-05T10:14:00+01:00","stageTimeDurationMs":782800,"stageTimeDuration":"00:13:02.8000000","splitPointTimeId":95049,"splitPointId":2949,"entryId":20361,"elapsedDurationMs":163700,"elapsedDuration":"PT2M43.7S","splitDateTime":"2019-10-05T09:16:43.7","splitDateTimeLocal":"2019-10-05T10:16:43.7+01:00"},{"startDateTime":"2019-10-05T09:18:00","startDateTimeLocal":"2019-10-05T10:18:00+01:00","stageTimeDurationMs":780200,"stageTimeDuration":"00:13:00.2000000","splitPointTimeId":95056,"splitPointId":2949,"entryId":20370,"elapsedDurationMs":163700,"elapsedDuration":"PT2M43.7S","splitDateTime":"2019-10-05T09:20:43.7","splitDateTimeLocal":"2019-10-05T10:20:43.7+01:00"},{"startDateTime":"2019-10-05T09:20:00","startDateTimeLocal":"2019-10-05T10:20:00+01:00","stageTimeDurationMs":776800,"stageTimeDuration":"00:12:56.8000000","splitPointTimeId":95060,"splitPointId":2949,"entryId":20367,"elapsedDurationMs":162800,"elapsedDuration":"PT2M42.8S","splitDateTime":"2019-10-05T09:22:42.8","splitDateTimeLocal":"2019-10-05T10:22:42.8+01:00"},{"startDateTime":"2019-10-05T09:16:00","startDateTimeLocal":"2019-10-05T10:16:00+01:00","stageTimeDurationMs":1094800,"stageTimeDuration":"00:18:14.8000000","splitPointTimeId":95062,"splitPointId":2949,"entryId":20369,"elapsedDurationMs":453100,"elapsedDuration":"PT7M33.1S","splitDateTime":"2019-10-05T09:23:33.1","splitDateTimeLocal":"2019-10-05T10:23:33.1+01:00"},{"startDateTime":"2019-10-05T09:22:00","startDateTimeLocal":"2019-10-05T10:22:00+01:00","stageTimeDurationMs":777600,"stageTimeDuration":"00:12:57.6000000","splitPointTimeId":95066,"splitPointId":2949,"entryId":20363,"elapsedDurationMs":163900,"elapsedDuration":"PT2M43.9S","splitDateTime":"2019-10-05T09:24:43.9","splitDateTimeLocal":"2019-10-05T10:24:43.9+01:00"},{"startDateTime":"2019-10-05T09:24:00","startDateTimeLocal":"2019-10-05T10:24:00+01:00","stageTimeDurationMs":774500,"stageTimeDuration":"00:12:54.5000000","splitPointTimeId":95070,"splitPointId":2949,"entryId":20360,"elapsedDurationMs":162900,"elapsedDuration":"PT2M42.9S","splitDateTime":"2019-10-05T09:26:42.9","splitDateTimeLocal":"2019-10-05T10:26:42.9+01:00"},{"startDateTime":"2019-10-05T09:26:00","startDateTimeLocal":"2019-10-05T10:26:00+01:00","stageTimeDurationMs":774400,"stageTimeDuration":"00:12:54.4000000","splitPointTimeId":95074,"splitPointId":2949,"entryId":20365,"elapsedDurationMs":162800,"elapsedDuration":"PT2M42.8S","splitDateTime":"2019-10-05T09:28:42.8","splitDateTimeLocal":"2019-10-05T10:28:42.8+01:00"},{"startDateTime":"2019-10-05T09:28:00","startDateTimeLocal":"2019-10-05T10:28:00+01:00","stageTimeDurationMs":952100,"stageTimeDuration":"00:15:52.1000000","splitPointTimeId":95085,"splitPointId":2949,"entryId":20374,"elapsedDurationMs":289500,"elapsedDuration":"PT4M49.5S","splitDateTime":"2019-10-05T09:32:49.5","splitDateTimeLocal":"2019-10-05T10:32:49.5+01:00"},{"startDateTime":"2019-10-05T09:30:00","startDateTimeLocal":"2019-10-05T10:30:00+01:00","stageTimeDurationMs":828700,"stageTimeDuration":"00:13:48.7000000","splitPointTimeId":95086,"splitPointId":2949,"entryId":20371,"elapsedDurationMs":175700,"elapsedDuration":"PT2M55.7S","splitDateTime":"2019-10-05T09:32:55.7","splitDateTimeLocal":"2019-10-05T10:32:55.7+01:00"},{"startDateTime":"2019-10-05T09:32:00","startDateTimeLocal":"2019-10-05T10:32:00+01:00","stageTimeDurationMs":817900,"stageTimeDuration":"00:13:37.9000000","splitPointTimeId":95091,"splitPointId":2949,"entryId":20375,"elapsedDurationMs":173400,"elapsedDuration":"PT2M53.4S","splitDateTime":"2019-10-05T09:34:53.4","splitDateTimeLocal":"2019-10-05T10:34:53.4+01:00"},{"startDateTime":"2019-10-05T09:33:00","startDateTimeLocal":"2019-10-05T10:33:00+01:00","stageTimeDurationMs":828000,"stageTimeDuration":"00:13:48","splitPointTimeId":95095,"splitPointId":2949,"entryId":20377,"elapsedDurationMs":175300,"elapsedDuration":"PT2M55.3S","splitDateTime":"2019-10-05T09:35:55.3","splitDateTimeLocal":"2019-10-05T10:35:55.3+01:00"},{"startDateTime":"2019-10-05T09:34:00","startDateTimeLocal":"2019-10-05T10:34:00+01:00","stageTimeDurationMs":832500,"stageTimeDuration":"00:13:52.5000000","splitPointTimeId":95099,"splitPointId":2949,"entryId":20403,"elapsedDurationMs":175900,"elapsedDuration":"PT2M55.9S","splitDateTime":"2019-10-05T09:36:55.9","splitDateTimeLocal":"2019-10-05T10:36:55.9+01:00"},{"startDateTime":"2019-10-05T09:35:00","startDateTimeLocal":"2019-10-05T10:35:00+01:00","stageTimeDurationMs":822800,"stageTimeDuration":"00:13:42.8000000","splitPointTimeId":95100,"splitPointId":2949,"entryId":20389,"elapsedDurationMs":172700,"elapsedDuration":"PT2M52.7S","splitDateTime":"2019-10-05T09:37:52.7","splitDateTimeLocal":"2019-10-05T10:37:52.7+01:00"},{"startDateTime":"2019-10-05T09:36:00","startDateTimeLocal":"2019-10-05T10:36:00+01:00","stageTimeDurationMs":825100,"stageTimeDuration":"00:13:45.1000000","splitPointTimeId":95103,"splitPointId":2949,"entryId":20406,"elapsedDurationMs":177000,"elapsedDuration":"PT2M57S","splitDateTime":"2019-10-05T09:38:57","splitDateTimeLocal":"2019-10-05T10:38:57+01:00"},{"startDateTime":"2019-10-05T09:37:00","startDateTimeLocal":"2019-10-05T10:37:00+01:00","stageTimeDurationMs":841100,"stageTimeDuration":"00:14:01.1000000","splitPointTimeId":95105,"splitPointId":2949,"entryId":20387,"elapsedDurationMs":177800,"elapsedDuration":"PT2M57.8S","splitDateTime":"2019-10-05T09:39:57.8","splitDateTimeLocal":"2019-10-05T10:39:57.8+01:00"},{"startDateTime":"2019-10-05T09:38:00","startDateTimeLocal":"2019-10-05T10:38:00+01:00","stageTimeDurationMs":824900,"stageTimeDuration":"00:13:44.9000000","splitPointTimeId":95109,"splitPointId":2949,"entryId":20378,"elapsedDurationMs":175200,"elapsedDuration":"PT2M55.2S","splitDateTime":"2019-10-05T09:40:55.2","splitDateTimeLocal":"2019-10-05T10:40:55.2+01:00"},{"startDateTime":"2019-10-05T09:39:00","startDateTimeLocal":"2019-10-05T10:39:00+01:00","stageTimeDurationMs":838400,"stageTimeDuration":"00:13:58.4000000","splitPointTimeId":95113,"splitPointId":2949,"entryId":20405,"elapsedDurationMs":177100,"elapsedDuration":"PT2M57.1S","splitDateTime":"2019-10-05T09:41:57.1","splitDateTimeLocal":"2019-10-05T10:41:57.1+01:00"},{"startDateTime":"2019-10-05T09:40:00","startDateTimeLocal":"2019-10-05T10:40:00+01:00","stageTimeDurationMs":814800,"stageTimeDuration":"00:13:34.8000000","splitPointTimeId":95116,"splitPointId":2949,"entryId":20388,"elapsedDurationMs":171700,"elapsedDuration":"PT2M51.7S","splitDateTime":"2019-10-05T09:42:51.7","splitDateTimeLocal":"2019-10-05T10:42:51.7+01:00"},{"startDateTime":"2019-10-05T09:41:00","startDateTimeLocal":"2019-10-05T10:41:00+01:00","stageTimeDurationMs":835100,"stageTimeDuration":"00:13:55.1000000","splitPointTimeId":95122,"splitPointId":2949,"entryId":20383,"elapsedDurationMs":178200,"elapsedDuration":"PT2M58.2S","splitDateTime":"2019-10-05T09:43:58.2","splitDateTimeLocal":"2019-10-05T10:43:58.2+01:00"},{"startDateTime":"2019-10-05T09:42:00","startDateTimeLocal":"2019-10-05T10:42:00+01:00","stageTimeDurationMs":833600,"stageTimeDuration":"00:13:53.6000000","splitPointTimeId":95127,"splitPointId":2949,"entryId":20404,"elapsedDurationMs":177200,"elapsedDuration":"PT2M57.2S","splitDateTime":"2019-10-05T09:44:57.2","splitDateTimeLocal":"2019-10-05T10:44:57.2+01:00"},{"startDateTime":"2019-10-05T09:43:00","startDateTimeLocal":"2019-10-05T10:43:00+01:00","stageTimeDurationMs":845800,"stageTimeDuration":"00:14:05.8000000","splitPointTimeId":95132,"splitPointId":2949,"entryId":20380,"elapsedDurationMs":179700,"elapsedDuration":"PT2M59.7S","splitDateTime":"2019-10-05T09:45:59.7","splitDateTimeLocal":"2019-10-05T10:45:59.7+01:00"},{"startDateTime":"2019-10-05T09:44:00","startDateTimeLocal":"2019-10-05T10:44:00+01:00","stageTimeDurationMs":845300,"stageTimeDuration":"00:14:05.3000000","splitPointTimeId":95136,"splitPointId":2949,"entryId":20381,"elapsedDurationMs":180200,"elapsedDuration":"PT3M0.2S","splitDateTime":"2019-10-05T09:47:00.2","splitDateTimeLocal":"2019-10-05T10:47:00.2+01:00"},{"startDateTime":"2019-10-05T09:45:00","startDateTimeLocal":"2019-10-05T10:45:00+01:00","stageTimeDurationMs":849600,"stageTimeDuration":"00:14:09.6000000","splitPointTimeId":95142,"splitPointId":2949,"entryId":20376,"elapsedDurationMs":179200,"elapsedDuration":"PT2M59.2S","splitDateTime":"2019-10-05T09:47:59.2","splitDateTimeLocal":"2019-10-05T10:47:59.2+01:00"},{"startDateTime":"2019-10-05T09:46:00","startDateTimeLocal":"2019-10-05T10:46:00+01:00","stageTimeDurationMs":852200,"stageTimeDuration":"00:14:12.2000000","splitPointTimeId":95146,"splitPointId":2949,"entryId":20385,"elapsedDurationMs":180700,"elapsedDuration":"PT3M0.7S","splitDateTime":"2019-10-05T09:49:00.7","splitDateTimeLocal":"2019-10-05T10:49:00.7+01:00"},{"startDateTime":"2019-10-05T09:47:00","startDateTimeLocal":"2019-10-05T10:47:00+01:00","stageTimeDurationMs":832600,"stageTimeDuration":"00:13:52.6000000","splitPointTimeId":95151,"splitPointId":2949,"entryId":20379,"elapsedDurationMs":175700,"elapsedDuration":"PT2M55.7S","splitDateTime":"2019-10-05T09:49:55.7","splitDateTimeLocal":"2019-10-05T10:49:55.7+01:00"},{"startDateTime":"2019-10-05T09:48:00","startDateTimeLocal":"2019-10-05T10:48:00+01:00","stageTimeDurationMs":891600,"stageTimeDuration":"00:14:51.6000000","splitPointTimeId":95157,"splitPointId":2949,"entryId":20393,"elapsedDurationMs":189200,"elapsedDuration":"PT3M9.2S","splitDateTime":"2019-10-05T09:51:09.2","splitDateTimeLocal":"2019-10-05T10:51:09.2+01:00"},{"startDateTime":"2019-10-05T09:49:00","startDateTimeLocal":"2019-10-05T10:49:00+01:00","stageTimeDurationMs":903600,"stageTimeDuration":"00:15:03.6000000","splitPointTimeId":95162,"splitPointId":2949,"entryId":20392,"elapsedDurationMs":191700,"elapsedDuration":"PT3M11.7S","splitDateTime":"2019-10-05T09:52:11.7","splitDateTimeLocal":"2019-10-05T10:52:11.7+01:00"},{"startDateTime":"2019-10-05T09:50:00","startDateTimeLocal":"2019-10-05T10:50:00+01:00","stageTimeDurationMs":893800,"stageTimeDuration":"00:14:53.8000000","splitPointTimeId":95167,"splitPointId":2949,"entryId":20390,"elapsedDurationMs":188500,"elapsedDuration":"PT3M8.5S","splitDateTime":"2019-10-05T09:53:08.5","splitDateTimeLocal":"2019-10-05T10:53:08.5+01:00"},{"startDateTime":"2019-10-05T09:51:00","startDateTimeLocal":"2019-10-05T10:51:00+01:00","stageTimeDurationMs":898500,"stageTimeDuration":"00:14:58.5000000","splitPointTimeId":95172,"splitPointId":2949,"entryId":20394,"elapsedDurationMs":190400,"elapsedDuration":"PT3M10.4S","splitDateTime":"2019-10-05T09:54:10.4","splitDateTimeLocal":"2019-10-05T10:54:10.4+01:00"},{"startDateTime":"2019-10-05T09:52:00","startDateTimeLocal":"2019-10-05T10:52:00+01:00","stageTimeDurationMs":896700,"stageTimeDuration":"00:14:56.7000000","splitPointTimeId":95177,"splitPointId":2949,"entryId":20395,"elapsedDurationMs":189800,"elapsedDuration":"PT3M9.8S","splitDateTime":"2019-10-05T09:55:09.8","splitDateTimeLocal":"2019-10-05T10:55:09.8+01:00"},{"startDateTime":"2019-10-05T09:53:00","startDateTimeLocal":"2019-10-05T10:53:00+01:00","stageTimeDurationMs":914400,"stageTimeDuration":"00:15:14.4000000","splitPointTimeId":95182,"splitPointId":2949,"entryId":20384,"elapsedDurationMs":195700,"elapsedDuration":"PT3M15.7S","splitDateTime":"2019-10-05T09:56:15.7","splitDateTimeLocal":"2019-10-05T10:56:15.7+01:00"},{"startDateTime":"2019-10-05T09:54:00","startDateTimeLocal":"2019-10-05T10:54:00+01:00","stageTimeDurationMs":928300,"stageTimeDuration":"00:15:28.3000000","splitPointTimeId":95187,"splitPointId":2949,"entryId":20398,"elapsedDurationMs":197800,"elapsedDuration":"PT3M17.8S","splitDateTime":"2019-10-05T09:57:17.8","splitDateTimeLocal":"2019-10-05T10:57:17.8+01:00"},{"startDateTime":"2019-10-05T09:56:00","startDateTimeLocal":"2019-10-05T10:56:00+01:00","stageTimeDurationMs":1245100,"stageTimeDuration":"00:20:45.1000000","splitPointTimeId":95195,"splitPointId":2949,"entryId":20408,"elapsedDurationMs":196200,"elapsedDuration":"PT3M16.2S","splitDateTime":"2019-10-05T09:59:16.2","splitDateTimeLocal":"2019-10-05T10:59:16.2+01:00"},{"startDateTime":"2019-10-05T09:57:00","startDateTimeLocal":"2019-10-05T10:57:00+01:00","stageTimeDurationMs":923200,"stageTimeDuration":"00:15:23.2000000","splitPointTimeId":95200,"splitPointId":2949,"entryId":20409,"elapsedDurationMs":198900,"elapsedDuration":"PT3M18.9S","splitDateTime":"2019-10-05T10:00:18.9","splitDateTimeLocal":"2019-10-05T11:00:18.9+01:00"},{"startDateTime":"2019-10-05T09:58:00","startDateTimeLocal":"2019-10-05T10:58:00+01:00","stageTimeDurationMs":957800,"stageTimeDuration":"00:15:57.8000000","splitPointTimeId":95204,"splitPointId":2949,"entryId":20412,"elapsedDurationMs":205200,"elapsedDuration":"PT3M25.2S","splitDateTime":"2019-10-05T10:01:25.2","splitDateTimeLocal":"2019-10-05T11:01:25.2+01:00"},{"startDateTime":"2019-10-05T09:59:00","startDateTimeLocal":"2019-10-05T10:59:00+01:00","stageTimeDurationMs":946300,"stageTimeDuration":"00:15:46.3000000","splitPointTimeId":95208,"splitPointId":2949,"entryId":20399,"elapsedDurationMs":203400,"elapsedDuration":"PT3M23.4S","splitDateTime":"2019-10-05T10:02:23.4","splitDateTimeLocal":"2019-10-05T11:02:23.4+01:00"},{"startDateTime":"2019-10-05T10:00:00","startDateTimeLocal":"2019-10-05T11:00:00+01:00","stageTimeDurationMs":969800,"stageTimeDuration":"00:16:09.8000000","splitPointTimeId":95212,"splitPointId":2949,"entryId":20414,"elapsedDurationMs":210700,"elapsedDuration":"PT3M30.7S","splitDateTime":"2019-10-05T10:03:30.7","splitDateTimeLocal":"2019-10-05T11:03:30.7+01:00"},{"startDateTime":"2019-10-05T10:01:00","startDateTimeLocal":"2019-10-05T11:01:00+01:00","stageTimeDurationMs":975400,"stageTimeDuration":"00:16:15.4000000","splitPointTimeId":95216,"splitPointId":2949,"entryId":20397,"elapsedDurationMs":209400,"elapsedDuration":"PT3M29.4S","splitDateTime":"2019-10-05T10:04:29.4","splitDateTimeLocal":"2019-10-05T11:04:29.4+01:00"},{"startDateTime":"2019-10-05T10:02:00","startDateTimeLocal":"2019-10-05T11:02:00+01:00","stageTimeDurationMs":968000,"stageTimeDuration":"00:16:08","splitPointTimeId":95220,"splitPointId":2949,"entryId":20401,"elapsedDurationMs":205400,"elapsedDuration":"PT3M25.4S","splitDateTime":"2019-10-05T10:05:25.4","splitDateTimeLocal":"2019-10-05T11:05:25.4+01:00"},{"startDateTime":"2019-10-05T10:03:00","startDateTimeLocal":"2019-10-05T11:03:00+01:00","stageTimeDurationMs":958000,"stageTimeDuration":"00:15:58","splitPointTimeId":95225,"splitPointId":2949,"entryId":20415,"elapsedDurationMs":204700,"elapsedDuration":"PT3M24.7S","splitDateTime":"2019-10-05T10:06:24.7","splitDateTimeLocal":"2019-10-05T11:06:24.7+01:00"},{"startDateTime":"2019-10-05T10:04:00","startDateTimeLocal":"2019-10-05T11:04:00+01:00","stageTimeDurationMs":964500,"stageTimeDuration":"00:16:04.5000000","splitPointTimeId":95230,"splitPointId":2949,"entryId":20416,"elapsedDurationMs":205300,"elapsedDuration":"PT3M25.3S","splitDateTime":"2019-10-05T10:07:25.3","splitDateTimeLocal":"2019-10-05T11:07:25.3+01:00"},{"startDateTime":"2019-10-05T10:05:00","startDateTimeLocal":"2019-10-05T11:05:00+01:00","stageTimeDurationMs":1019100,"stageTimeDuration":"00:16:59.1000000","splitPointTimeId":95235,"splitPointId":2949,"entryId":20417,"elapsedDurationMs":215700,"elapsedDuration":"PT3M35.7S","splitDateTime":"2019-10-05T10:08:35.7","splitDateTimeLocal":"2019-10-05T11:08:35.7+01:00"},{"startDateTime":"2019-10-05T10:06:00","startDateTimeLocal":"2019-10-05T11:06:00+01:00","stageTimeDurationMs":1088500,"stageTimeDuration":"00:18:08.5000000","splitPointTimeId":95238,"splitPointId":2949,"entryId":20402,"elapsedDurationMs":230200,"elapsedDuration":"PT3M50.2S","splitDateTime":"2019-10-05T10:09:50.2","splitDateTimeLocal":"2019-10-05T11:09:50.2+01:00"},{"startDateTime":"2019-10-05T10:07:00","startDateTimeLocal":"2019-10-05T11:07:00+01:00","stageTimeDurationMs":1023800,"stageTimeDuration":"00:17:03.8000000","splitPointTimeId":95244,"splitPointId":2949,"entryId":20413,"elapsedDurationMs":220500,"elapsedDuration":"PT3M40.5S","splitDateTime":"2019-10-05T10:10:40.5","splitDateTimeLocal":"2019-10-05T11:10:40.5+01:00"},{"startDateTime":"2019-10-05T09:08:00","startDateTimeLocal":"2019-10-05T10:08:00+01:00","stageTimeDurationMs":779800,"stageTimeDuration":"00:12:59.8000000","splitPointTimeId":95052,"splitPointId":2950,"entryId":20362,"elapsedDurationMs":665800,"elapsedDuration":"PT11M5.8S","splitDateTime":"2019-10-05T09:19:05.8","splitDateTimeLocal":"2019-10-05T10:19:05.8+01:00"},{"startDateTime":"2019-10-05T09:10:00","startDateTimeLocal":"2019-10-05T10:10:00+01:00","stageTimeDurationMs":794300,"stageTimeDuration":"00:13:14.3000000","splitPointTimeId":95057,"splitPointId":2950,"entryId":20364,"elapsedDurationMs":678700,"elapsedDuration":"PT11M18.7S","splitDateTime":"2019-10-05T09:21:18.7","splitDateTimeLocal":"2019-10-05T10:21:18.7+01:00"},{"startDateTime":"2019-10-05T09:12:00","startDateTimeLocal":"2019-10-05T10:12:00+01:00","stageTimeDurationMs":770600,"stageTimeDuration":"00:12:50.6000000","splitPointTimeId":95061,"splitPointId":2950,"entryId":20368,"elapsedDurationMs":657700,"elapsedDuration":"PT10M57.7S","splitDateTime":"2019-10-05T09:22:57.7","splitDateTimeLocal":"2019-10-05T10:22:57.7+01:00"},{"startDateTime":"2019-10-05T09:14:00","startDateTimeLocal":"2019-10-05T10:14:00+01:00","stageTimeDurationMs":782800,"stageTimeDuration":"00:13:02.8000000","splitPointTimeId":95067,"splitPointId":2950,"entryId":20361,"elapsedDurationMs":668200,"elapsedDuration":"PT11M8.2S","splitDateTime":"2019-10-05T09:25:08.2","splitDateTimeLocal":"2019-10-05T10:25:08.2+01:00"},{"startDateTime":"2019-10-05T09:18:00","startDateTimeLocal":"2019-10-05T10:18:00+01:00","stageTimeDurationMs":780200,"stageTimeDuration":"00:13:00.2000000","splitPointTimeId":95075,"splitPointId":2950,"entryId":20370,"elapsedDurationMs":666200,"elapsedDuration":"PT11M6.2S","splitDateTime":"2019-10-05T09:29:06.2","splitDateTimeLocal":"2019-10-05T10:29:06.2+01:00"},{"startDateTime":"2019-10-05T09:20:00","startDateTimeLocal":"2019-10-05T10:20:00+01:00","stageTimeDurationMs":776800,"stageTimeDuration":"00:12:56.8000000","splitPointTimeId":95080,"splitPointId":2950,"entryId":20367,"elapsedDurationMs":663700,"elapsedDuration":"PT11M3.7S","splitDateTime":"2019-10-05T09:31:03.7","splitDateTimeLocal":"2019-10-05T10:31:03.7+01:00"},{"startDateTime":"2019-10-05T09:16:00","startDateTimeLocal":"2019-10-05T10:16:00+01:00","stageTimeDurationMs":1094800,"stageTimeDuration":"00:18:14.8000000","splitPointTimeId":95084,"splitPointId":2950,"entryId":20369,"elapsedDurationMs":977800,"elapsedDuration":"PT16M17.8S","splitDateTime":"2019-10-05T09:32:17.8","splitDateTimeLocal":"2019-10-05T10:32:17.8+01:00"},{"startDateTime":"2019-10-05T09:22:00","startDateTimeLocal":"2019-10-05T10:22:00+01:00","stageTimeDurationMs":777600,"stageTimeDuration":"00:12:57.6000000","splitPointTimeId":95087,"splitPointId":2950,"entryId":20363,"elapsedDurationMs":663300,"elapsedDuration":"PT11M3.3S","splitDateTime":"2019-10-05T09:33:03.3","splitDateTimeLocal":"2019-10-05T10:33:03.3+01:00"},{"startDateTime":"2019-10-05T09:24:00","startDateTimeLocal":"2019-10-05T10:24:00+01:00","stageTimeDurationMs":774500,"stageTimeDuration":"00:12:54.5000000","splitPointTimeId":95092,"splitPointId":2950,"entryId":20360,"elapsedDurationMs":660500,"elapsedDuration":"PT11M0.5S","splitDateTime":"2019-10-05T09:35:00.5","splitDateTimeLocal":"2019-10-05T10:35:00.5+01:00"},{"startDateTime":"2019-10-05T09:26:00","startDateTimeLocal":"2019-10-05T10:26:00+01:00","stageTimeDurationMs":774400,"stageTimeDuration":"00:12:54.4000000","splitPointTimeId":95098,"splitPointId":2950,"entryId":20365,"elapsedDurationMs":660600,"elapsedDuration":"PT11M0.6S","splitDateTime":"2019-10-05T09:37:00.6","splitDateTimeLocal":"2019-10-05T10:37:00.6+01:00"},{"startDateTime":"2019-10-05T09:30:00","startDateTimeLocal":"2019-10-05T10:30:00+01:00","stageTimeDurationMs":828700,"stageTimeDuration":"00:13:48.7000000","splitPointTimeId":95111,"splitPointId":2950,"entryId":20371,"elapsedDurationMs":708300,"elapsedDuration":"PT11M48.3S","splitDateTime":"2019-10-05T09:41:48.3","splitDateTimeLocal":"2019-10-05T10:41:48.3+01:00"},{"startDateTime":"2019-10-05T09:28:00","startDateTimeLocal":"2019-10-05T10:28:00+01:00","stageTimeDurationMs":952100,"stageTimeDuration":"00:15:52.1000000","splitPointTimeId":95112,"splitPointId":2950,"entryId":20374,"elapsedDurationMs":831600,"elapsedDuration":"PT13M51.6S","splitDateTime":"2019-10-05T09:41:51.6","splitDateTimeLocal":"2019-10-05T10:41:51.6+01:00"},{"startDateTime":"2019-10-05T09:32:00","startDateTimeLocal":"2019-10-05T10:32:00+01:00","stageTimeDurationMs":817900,"stageTimeDuration":"00:13:37.9000000","splitPointTimeId":95121,"splitPointId":2950,"entryId":20375,"elapsedDurationMs":699300,"elapsedDuration":"PT11M39.3S","splitDateTime":"2019-10-05T09:43:39.3","splitDateTimeLocal":"2019-10-05T10:43:39.3+01:00"},{"startDateTime":"2019-10-05T09:33:00","startDateTimeLocal":"2019-10-05T10:33:00+01:00","stageTimeDurationMs":828000,"stageTimeDuration":"00:13:48","splitPointTimeId":95126,"splitPointId":2950,"entryId":20377,"elapsedDurationMs":707200,"elapsedDuration":"PT11M47.2S","splitDateTime":"2019-10-05T09:44:47.2","splitDateTimeLocal":"2019-10-05T10:44:47.2+01:00"},{"startDateTime":"2019-10-05T09:34:00","startDateTimeLocal":"2019-10-05T10:34:00+01:00","stageTimeDurationMs":832500,"stageTimeDuration":"00:13:52.5000000","splitPointTimeId":95130,"splitPointId":2950,"entryId":20403,"elapsedDurationMs":711100,"elapsedDuration":"PT11M51.1S","splitDateTime":"2019-10-05T09:45:51.1","splitDateTimeLocal":"2019-10-05T10:45:51.1+01:00"},{"startDateTime":"2019-10-05T09:35:00","startDateTimeLocal":"2019-10-05T10:35:00+01:00","stageTimeDurationMs":822800,"stageTimeDuration":"00:13:42.8000000","splitPointTimeId":95135,"splitPointId":2950,"entryId":20389,"elapsedDurationMs":704200,"elapsedDuration":"PT11M44.2S","splitDateTime":"2019-10-05T09:46:44.2","splitDateTimeLocal":"2019-10-05T10:46:44.2+01:00"},{"startDateTime":"2019-10-05T09:36:00","startDateTimeLocal":"2019-10-05T10:36:00+01:00","stageTimeDurationMs":825100,"stageTimeDuration":"00:13:45.1000000","splitPointTimeId":95140,"splitPointId":2950,"entryId":20406,"elapsedDurationMs":705500,"elapsedDuration":"PT11M45.5S","splitDateTime":"2019-10-05T09:47:45.5","splitDateTimeLocal":"2019-10-05T10:47:45.5+01:00"},{"startDateTime":"2019-10-05T09:37:00","startDateTimeLocal":"2019-10-05T10:37:00+01:00","stageTimeDurationMs":841100,"stageTimeDuration":"00:14:01.1000000","splitPointTimeId":95147,"splitPointId":2950,"entryId":20387,"elapsedDurationMs":719500,"elapsedDuration":"PT11M59.5S","splitDateTime":"2019-10-05T09:48:59.5","splitDateTimeLocal":"2019-10-05T10:48:59.5+01:00"},{"startDateTime":"2019-10-05T09:38:00","startDateTimeLocal":"2019-10-05T10:38:00+01:00","stageTimeDurationMs":824900,"stageTimeDuration":"00:13:44.9000000","splitPointTimeId":95150,"splitPointId":2950,"entryId":20378,"elapsedDurationMs":705100,"elapsedDuration":"PT11M45.1S","splitDateTime":"2019-10-05T09:49:45.1","splitDateTimeLocal":"2019-10-05T10:49:45.1+01:00"},{"startDateTime":"2019-10-05T09:39:00","startDateTimeLocal":"2019-10-05T10:39:00+01:00","stageTimeDurationMs":838400,"stageTimeDuration":"00:13:58.4000000","splitPointTimeId":95156,"splitPointId":2950,"entryId":20405,"elapsedDurationMs":717300,"elapsedDuration":"PT11M57.3S","splitDateTime":"2019-10-05T09:50:57.3","splitDateTimeLocal":"2019-10-05T10:50:57.3+01:00"},{"startDateTime":"2019-10-05T09:40:00","startDateTimeLocal":"2019-10-05T10:40:00+01:00","stageTimeDurationMs":814800,"stageTimeDuration":"00:13:34.8000000","splitPointTimeId":95160,"splitPointId":2950,"entryId":20388,"elapsedDurationMs":696000,"elapsedDuration":"PT11M36S","splitDateTime":"2019-10-05T09:51:36","splitDateTimeLocal":"2019-10-05T10:51:36+01:00"},{"startDateTime":"2019-10-05T09:41:00","startDateTimeLocal":"2019-10-05T10:41:00+01:00","stageTimeDurationMs":835100,"stageTimeDuration":"00:13:55.1000000","splitPointTimeId":95166,"splitPointId":2950,"entryId":20383,"elapsedDurationMs":715200,"elapsedDuration":"PT11M55.2S","splitDateTime":"2019-10-05T09:52:55.2","splitDateTimeLocal":"2019-10-05T10:52:55.2+01:00"},{"startDateTime":"2019-10-05T09:42:00","startDateTimeLocal":"2019-10-05T10:42:00+01:00","stageTimeDurationMs":833600,"stageTimeDuration":"00:13:53.6000000","splitPointTimeId":95170,"splitPointId":2950,"entryId":20404,"elapsedDurationMs":713000,"elapsedDuration":"PT11M53S","splitDateTime":"2019-10-05T09:53:53","splitDateTimeLocal":"2019-10-05T10:53:53+01:00"},{"startDateTime":"2019-10-05T09:43:00","startDateTimeLocal":"2019-10-05T10:43:00+01:00","stageTimeDurationMs":845800,"stageTimeDuration":"00:14:05.8000000","splitPointTimeId":95176,"splitPointId":2950,"entryId":20380,"elapsedDurationMs":723600,"elapsedDuration":"PT12M3.6S","splitDateTime":"2019-10-05T09:55:03.6","splitDateTimeLocal":"2019-10-05T10:55:03.6+01:00"},{"startDateTime":"2019-10-05T09:44:00","startDateTimeLocal":"2019-10-05T10:44:00+01:00","stageTimeDurationMs":845300,"stageTimeDuration":"00:14:05.3000000","splitPointTimeId":95180,"splitPointId":2950,"entryId":20381,"elapsedDurationMs":724600,"elapsedDuration":"PT12M4.6S","splitDateTime":"2019-10-05T09:56:04.6","splitDateTimeLocal":"2019-10-05T10:56:04.6+01:00"},{"startDateTime":"2019-10-05T09:45:00","startDateTimeLocal":"2019-10-05T10:45:00+01:00","stageTimeDurationMs":849600,"stageTimeDuration":"00:14:09.6000000","splitPointTimeId":95185,"splitPointId":2950,"entryId":20376,"elapsedDurationMs":727700,"elapsedDuration":"PT12M7.7S","splitDateTime":"2019-10-05T09:57:07.7","splitDateTimeLocal":"2019-10-05T10:57:07.7+01:00"},{"startDateTime":"2019-10-05T09:46:00","startDateTimeLocal":"2019-10-05T10:46:00+01:00","stageTimeDurationMs":852200,"stageTimeDuration":"00:14:12.2000000","splitPointTimeId":95190,"splitPointId":2950,"entryId":20385,"elapsedDurationMs":730500,"elapsedDuration":"PT12M10.5S","splitDateTime":"2019-10-05T09:58:10.5","splitDateTimeLocal":"2019-10-05T10:58:10.5+01:00"},{"startDateTime":"2019-10-05T09:47:00","startDateTimeLocal":"2019-10-05T10:47:00+01:00","stageTimeDurationMs":832600,"stageTimeDuration":"00:13:52.6000000","splitPointTimeId":95192,"splitPointId":2950,"entryId":20379,"elapsedDurationMs":712700,"elapsedDuration":"PT11M52.7S","splitDateTime":"2019-10-05T09:58:52.7","splitDateTimeLocal":"2019-10-05T10:58:52.7+01:00"},{"startDateTime":"2019-10-05T09:48:00","startDateTimeLocal":"2019-10-05T10:48:00+01:00","stageTimeDurationMs":891600,"stageTimeDuration":"00:14:51.6000000","splitPointTimeId":95201,"splitPointId":2950,"entryId":20393,"elapsedDurationMs":764700,"elapsedDuration":"PT12M44.7S","splitDateTime":"2019-10-05T10:00:44.7","splitDateTimeLocal":"2019-10-05T11:00:44.7+01:00"},{"startDateTime":"2019-10-05T09:49:00","startDateTimeLocal":"2019-10-05T10:49:00+01:00","stageTimeDurationMs":903600,"stageTimeDuration":"00:15:03.6000000","splitPointTimeId":95205,"splitPointId":2950,"entryId":20392,"elapsedDurationMs":774700,"elapsedDuration":"PT12M54.7S","splitDateTime":"2019-10-05T10:01:54.7","splitDateTimeLocal":"2019-10-05T11:01:54.7+01:00"},{"startDateTime":"2019-10-05T09:50:00","startDateTimeLocal":"2019-10-05T10:50:00+01:00","stageTimeDurationMs":893800,"stageTimeDuration":"00:14:53.8000000","splitPointTimeId":95209,"splitPointId":2950,"entryId":20390,"elapsedDurationMs":758200,"elapsedDuration":"PT12M38.2S","splitDateTime":"2019-10-05T10:02:38.2","splitDateTimeLocal":"2019-10-05T11:02:38.2+01:00"},{"startDateTime":"2019-10-05T09:51:00","startDateTimeLocal":"2019-10-05T10:51:00+01:00","stageTimeDurationMs":898500,"stageTimeDuration":"00:14:58.5000000","splitPointTimeId":95214,"splitPointId":2950,"entryId":20394,"elapsedDurationMs":769700,"elapsedDuration":"PT12M49.7S","splitDateTime":"2019-10-05T10:03:49.7","splitDateTimeLocal":"2019-10-05T11:03:49.7+01:00"},{"startDateTime":"2019-10-05T09:52:00","startDateTimeLocal":"2019-10-05T10:52:00+01:00","stageTimeDurationMs":896700,"stageTimeDuration":"00:14:56.7000000","splitPointTimeId":95218,"splitPointId":2950,"entryId":20395,"elapsedDurationMs":767100,"elapsedDuration":"PT12M47.1S","splitDateTime":"2019-10-05T10:04:47.1","splitDateTimeLocal":"2019-10-05T11:04:47.1+01:00"},{"startDateTime":"2019-10-05T09:53:00","startDateTimeLocal":"2019-10-05T10:53:00+01:00","stageTimeDurationMs":914400,"stageTimeDuration":"00:15:14.4000000","splitPointTimeId":95223,"splitPointId":2950,"entryId":20384,"elapsedDurationMs":786600,"elapsedDuration":"PT13M6.6S","splitDateTime":"2019-10-05T10:06:06.6","splitDateTimeLocal":"2019-10-05T11:06:06.6+01:00"},{"startDateTime":"2019-10-05T09:54:00","startDateTimeLocal":"2019-10-05T10:54:00+01:00","stageTimeDurationMs":928300,"stageTimeDuration":"00:15:28.3000000","splitPointTimeId":95227,"splitPointId":2950,"entryId":20398,"elapsedDurationMs":797100,"elapsedDuration":"PT13M17.1S","splitDateTime":"2019-10-05T10:07:17.1","splitDateTimeLocal":"2019-10-05T11:07:17.1+01:00"},{"startDateTime":"2019-10-05T09:57:00","startDateTimeLocal":"2019-10-05T10:57:00+01:00","stageTimeDurationMs":923200,"stageTimeDuration":"00:15:23.2000000","splitPointTimeId":95241,"splitPointId":2950,"entryId":20409,"elapsedDurationMs":794100,"elapsedDuration":"PT13M14.1S","splitDateTime":"2019-10-05T10:10:14.1","splitDateTimeLocal":"2019-10-05T11:10:14.1+01:00"},{"startDateTime":"2019-10-05T09:58:00","startDateTimeLocal":"2019-10-05T10:58:00+01:00","stageTimeDurationMs":957800,"stageTimeDuration":"00:15:57.8000000","splitPointTimeId":95248,"splitPointId":2950,"entryId":20412,"elapsedDurationMs":823300,"elapsedDuration":"PT13M43.3S","splitDateTime":"2019-10-05T10:11:43.3","splitDateTimeLocal":"2019-10-05T11:11:43.3+01:00"},{"startDateTime":"2019-10-05T09:59:00","startDateTimeLocal":"2019-10-05T10:59:00+01:00","stageTimeDurationMs":946300,"stageTimeDuration":"00:15:46.3000000","splitPointTimeId":95251,"splitPointId":2950,"entryId":20399,"elapsedDurationMs":814200,"elapsedDuration":"PT13M34.2S","splitDateTime":"2019-10-05T10:12:34.2","splitDateTimeLocal":"2019-10-05T11:12:34.2+01:00"},{"startDateTime":"2019-10-05T10:00:00","startDateTimeLocal":"2019-10-05T11:00:00+01:00","stageTimeDurationMs":969800,"stageTimeDuration":"00:16:09.8000000","splitPointTimeId":95258,"splitPointId":2950,"entryId":20414,"elapsedDurationMs":836600,"elapsedDuration":"PT13M56.6S","splitDateTime":"2019-10-05T10:13:56.6","splitDateTimeLocal":"2019-10-05T11:13:56.6+01:00"},{"startDateTime":"2019-10-05T10:01:00","startDateTimeLocal":"2019-10-05T11:01:00+01:00","stageTimeDurationMs":975400,"stageTimeDuration":"00:16:15.4000000","splitPointTimeId":95263,"splitPointId":2950,"entryId":20397,"elapsedDurationMs":839200,"elapsedDuration":"PT13M59.2S","splitDateTime":"2019-10-05T10:14:59.2","splitDateTimeLocal":"2019-10-05T11:14:59.2+01:00"},{"startDateTime":"2019-10-05T10:02:00","startDateTimeLocal":"2019-10-05T11:02:00+01:00","stageTimeDurationMs":968000,"stageTimeDuration":"00:16:08","splitPointTimeId":95269,"splitPointId":2950,"entryId":20401,"elapsedDurationMs":832200,"elapsedDuration":"PT13M52.2S","splitDateTime":"2019-10-05T10:15:52.2","splitDateTimeLocal":"2019-10-05T11:15:52.2+01:00"},{"startDateTime":"2019-10-05T10:03:00","startDateTimeLocal":"2019-10-05T11:03:00+01:00","stageTimeDurationMs":958000,"stageTimeDuration":"00:15:58","splitPointTimeId":95272,"splitPointId":2950,"entryId":20415,"elapsedDurationMs":824300,"elapsedDuration":"PT13M44.3S","splitDateTime":"2019-10-05T10:16:44.3","splitDateTimeLocal":"2019-10-05T11:16:44.3+01:00"},{"startDateTime":"2019-10-05T10:04:00","startDateTimeLocal":"2019-10-05T11:04:00+01:00","stageTimeDurationMs":964500,"stageTimeDuration":"00:16:04.5000000","splitPointTimeId":95278,"splitPointId":2950,"entryId":20416,"elapsedDurationMs":830600,"elapsedDuration":"PT13M50.6S","splitDateTime":"2019-10-05T10:17:50.6","splitDateTimeLocal":"2019-10-05T11:17:50.6+01:00"},{"startDateTime":"2019-10-05T10:05:00","startDateTimeLocal":"2019-10-05T11:05:00+01:00","stageTimeDurationMs":1019100,"stageTimeDuration":"00:16:59.1000000","splitPointTimeId":95285,"splitPointId":2950,"entryId":20417,"elapsedDurationMs":878700,"elapsedDuration":"PT14M38.7S","splitDateTime":"2019-10-05T10:19:38.7","splitDateTimeLocal":"2019-10-05T11:19:38.7+01:00"},{"startDateTime":"2019-10-05T10:06:00","startDateTimeLocal":"2019-10-05T11:06:00+01:00","stageTimeDurationMs":1088500,"stageTimeDuration":"00:18:08.5000000","splitPointTimeId":95292,"splitPointId":2950,"entryId":20402,"elapsedDurationMs":937300,"elapsedDuration":"PT15M37.3S","splitDateTime":"2019-10-05T10:21:37.3","splitDateTimeLocal":"2019-10-05T11:21:37.3+01:00"},{"startDateTime":"2019-10-05T10:07:00","startDateTimeLocal":"2019-10-05T11:07:00+01:00","stageTimeDurationMs":1023800,"stageTimeDuration":"00:17:03.8000000","splitPointTimeId":95293,"splitPointId":2950,"entryId":20413,"elapsedDurationMs":882700,"elapsedDuration":"PT14M42.7S","splitDateTime":"2019-10-05T10:21:42.7","splitDateTimeLocal":"2019-10-05T11:21:42.7+01:00"},{"startDateTime":"2019-10-05T09:08:00","startDateTimeLocal":"2019-10-05T10:08:00+01:00","stageTimeDurationMs":779800,"stageTimeDuration":"00:12:59.8000000","splitPointTimeId":95054,"splitPointId":2951,"entryId":20362,"elapsedDurationMs":729800,"elapsedDuration":"PT12M9.8S","splitDateTime":"2019-10-05T09:20:09.8","splitDateTimeLocal":"2019-10-05T10:20:09.8+01:00"},{"startDateTime":"2019-10-05T09:10:00","startDateTimeLocal":"2019-10-05T10:10:00+01:00","stageTimeDurationMs":794300,"stageTimeDuration":"00:13:14.3000000","splitPointTimeId":95059,"splitPointId":2951,"entryId":20364,"elapsedDurationMs":743600,"elapsedDuration":"PT12M23.6S","splitDateTime":"2019-10-05T09:22:23.6","splitDateTimeLocal":"2019-10-05T10:22:23.6+01:00"},{"startDateTime":"2019-10-05T09:12:00","startDateTimeLocal":"2019-10-05T10:12:00+01:00","stageTimeDurationMs":770600,"stageTimeDuration":"00:12:50.6000000","splitPointTimeId":95065,"splitPointId":2951,"entryId":20368,"elapsedDurationMs":721000,"elapsedDuration":"PT12M1S","splitDateTime":"2019-10-05T09:24:01","splitDateTimeLocal":"2019-10-05T10:24:01+01:00"},{"startDateTime":"2019-10-05T09:14:00","startDateTimeLocal":"2019-10-05T10:14:00+01:00","stageTimeDurationMs":782800,"stageTimeDuration":"00:13:02.8000000","splitPointTimeId":95069,"splitPointId":2951,"entryId":20361,"elapsedDurationMs":732600,"elapsedDuration":"PT12M12.6S","splitDateTime":"2019-10-05T09:26:12.6","splitDateTimeLocal":"2019-10-05T10:26:12.6+01:00"},{"startDateTime":"2019-10-05T09:18:00","startDateTimeLocal":"2019-10-05T10:18:00+01:00","stageTimeDurationMs":780200,"stageTimeDuration":"00:13:00.2000000","splitPointTimeId":95078,"splitPointId":2951,"entryId":20370,"elapsedDurationMs":730700,"elapsedDuration":"PT12M10.7S","splitDateTime":"2019-10-05T09:30:10.7","splitDateTimeLocal":"2019-10-05T10:30:10.7+01:00"},{"startDateTime":"2019-10-05T09:20:00","startDateTimeLocal":"2019-10-05T10:20:00+01:00","stageTimeDurationMs":776800,"stageTimeDuration":"00:12:56.8000000","splitPointTimeId":95083,"splitPointId":2951,"entryId":20367,"elapsedDurationMs":727100,"elapsedDuration":"PT12M7.1S","splitDateTime":"2019-10-05T09:32:07.1","splitDateTimeLocal":"2019-10-05T10:32:07.1+01:00"},{"startDateTime":"2019-10-05T09:16:00","startDateTimeLocal":"2019-10-05T10:16:00+01:00","stageTimeDurationMs":1094800,"stageTimeDuration":"00:18:14.8000000","splitPointTimeId":95088,"splitPointId":2951,"entryId":20369,"elapsedDurationMs":1043600,"elapsedDuration":"PT17M23.6S","splitDateTime":"2019-10-05T09:33:23.6","splitDateTimeLocal":"2019-10-05T10:33:23.6+01:00"},{"startDateTime":"2019-10-05T09:22:00","startDateTimeLocal":"2019-10-05T10:22:00+01:00","stageTimeDurationMs":777600,"stageTimeDuration":"00:12:57.6000000","splitPointTimeId":95090,"splitPointId":2951,"entryId":20363,"elapsedDurationMs":727100,"elapsedDuration":"PT12M7.1S","splitDateTime":"2019-10-05T09:34:07.1","splitDateTimeLocal":"2019-10-05T10:34:07.1+01:00"},{"startDateTime":"2019-10-05T09:24:00","startDateTimeLocal":"2019-10-05T10:24:00+01:00","stageTimeDurationMs":774500,"stageTimeDuration":"00:12:54.5000000","splitPointTimeId":95094,"splitPointId":2951,"entryId":20360,"elapsedDurationMs":723700,"elapsedDuration":"PT12M3.7S","splitDateTime":"2019-10-05T09:36:03.7","splitDateTimeLocal":"2019-10-05T10:36:03.7+01:00"},{"startDateTime":"2019-10-05T09:26:00","startDateTimeLocal":"2019-10-05T10:26:00+01:00","stageTimeDurationMs":774400,"stageTimeDuration":"00:12:54.4000000","splitPointTimeId":95101,"splitPointId":2951,"entryId":20365,"elapsedDurationMs":724400,"elapsedDuration":"PT12M4.4S","splitDateTime":"2019-10-05T09:38:04.4","splitDateTimeLocal":"2019-10-05T10:38:04.4+01:00"},{"startDateTime":"2019-10-05T09:30:00","startDateTimeLocal":"2019-10-05T10:30:00+01:00","stageTimeDurationMs":828700,"stageTimeDuration":"00:13:48.7000000","splitPointTimeId":95117,"splitPointId":2951,"entryId":20371,"elapsedDurationMs":776000,"elapsedDuration":"PT12M56S","splitDateTime":"2019-10-05T09:42:56","splitDateTimeLocal":"2019-10-05T10:42:56+01:00"},{"startDateTime":"2019-10-05T09:28:00","startDateTimeLocal":"2019-10-05T10:28:00+01:00","stageTimeDurationMs":952100,"stageTimeDuration":"00:15:52.1000000","splitPointTimeId":95118,"splitPointId":2951,"entryId":20374,"elapsedDurationMs":899200,"elapsedDuration":"PT14M59.2S","splitDateTime":"2019-10-05T09:42:59.2","splitDateTimeLocal":"2019-10-05T10:42:59.2+01:00"},{"startDateTime":"2019-10-05T09:32:00","startDateTimeLocal":"2019-10-05T10:32:00+01:00","stageTimeDurationMs":817900,"stageTimeDuration":"00:13:37.9000000","splitPointTimeId":95125,"splitPointId":2951,"entryId":20375,"elapsedDurationMs":766100,"elapsedDuration":"PT12M46.1S","splitDateTime":"2019-10-05T09:44:46.1","splitDateTimeLocal":"2019-10-05T10:44:46.1+01:00"},{"startDateTime":"2019-10-05T09:33:00","startDateTimeLocal":"2019-10-05T10:33:00+01:00","stageTimeDurationMs":828000,"stageTimeDuration":"00:13:48","splitPointTimeId":95131,"splitPointId":2951,"entryId":20377,"elapsedDurationMs":775600,"elapsedDuration":"PT12M55.6S","splitDateTime":"2019-10-05T09:45:55.6","splitDateTimeLocal":"2019-10-05T10:45:55.6+01:00"},{"startDateTime":"2019-10-05T09:34:00","startDateTimeLocal":"2019-10-05T10:34:00+01:00","stageTimeDurationMs":832500,"stageTimeDuration":"00:13:52.5000000","splitPointTimeId":95137,"splitPointId":2951,"entryId":20403,"elapsedDurationMs":779700,"elapsedDuration":"PT12M59.7S","splitDateTime":"2019-10-05T09:46:59.7","splitDateTimeLocal":"2019-10-05T10:46:59.7+01:00"},{"startDateTime":"2019-10-05T09:35:00","startDateTimeLocal":"2019-10-05T10:35:00+01:00","stageTimeDurationMs":822800,"stageTimeDuration":"00:13:42.8000000","splitPointTimeId":95141,"splitPointId":2951,"entryId":20389,"elapsedDurationMs":771100,"elapsedDuration":"PT12M51.1S","splitDateTime":"2019-10-05T09:47:51.1","splitDateTimeLocal":"2019-10-05T10:47:51.1+01:00"},{"startDateTime":"2019-10-05T09:36:00","startDateTimeLocal":"2019-10-05T10:36:00+01:00","stageTimeDurationMs":825100,"stageTimeDuration":"00:13:45.1000000","splitPointTimeId":95145,"splitPointId":2951,"entryId":20406,"elapsedDurationMs":772900,"elapsedDuration":"PT12M52.9S","splitDateTime":"2019-10-05T09:48:52.9","splitDateTimeLocal":"2019-10-05T10:48:52.9+01:00"},{"startDateTime":"2019-10-05T09:37:00","startDateTimeLocal":"2019-10-05T10:37:00+01:00","stageTimeDurationMs":841100,"stageTimeDuration":"00:14:01.1000000","splitPointTimeId":95152,"splitPointId":2951,"entryId":20387,"elapsedDurationMs":788300,"elapsedDuration":"PT13M8.3S","splitDateTime":"2019-10-05T09:50:08.3","splitDateTimeLocal":"2019-10-05T10:50:08.3+01:00"},{"startDateTime":"2019-10-05T09:38:00","startDateTimeLocal":"2019-10-05T10:38:00+01:00","stageTimeDurationMs":824900,"stageTimeDuration":"00:13:44.9000000","splitPointTimeId":95155,"splitPointId":2951,"entryId":20378,"elapsedDurationMs":772200,"elapsedDuration":"PT12M52.2S","splitDateTime":"2019-10-05T09:50:52.2","splitDateTimeLocal":"2019-10-05T10:50:52.2+01:00"},{"startDateTime":"2019-10-05T09:39:00","startDateTimeLocal":"2019-10-05T10:39:00+01:00","stageTimeDurationMs":838400,"stageTimeDuration":"00:13:58.4000000","splitPointTimeId":95161,"splitPointId":2951,"entryId":20405,"elapsedDurationMs":785200,"elapsedDuration":"PT13M5.2S","splitDateTime":"2019-10-05T09:52:05.2","splitDateTimeLocal":"2019-10-05T10:52:05.2+01:00"},{"startDateTime":"2019-10-05T09:40:00","startDateTimeLocal":"2019-10-05T10:40:00+01:00","stageTimeDurationMs":814800,"stageTimeDuration":"00:13:34.8000000","splitPointTimeId":95165,"splitPointId":2951,"entryId":20388,"elapsedDurationMs":762700,"elapsedDuration":"PT12M42.7S","splitDateTime":"2019-10-05T09:52:42.7","splitDateTimeLocal":"2019-10-05T10:52:42.7+01:00"},{"startDateTime":"2019-10-05T09:41:00","startDateTimeLocal":"2019-10-05T10:41:00+01:00","stageTimeDurationMs":835100,"stageTimeDuration":"00:13:55.1000000","splitPointTimeId":95171,"splitPointId":2951,"entryId":20383,"elapsedDurationMs":782600,"elapsedDuration":"PT13M2.6S","splitDateTime":"2019-10-05T09:54:02.6","splitDateTimeLocal":"2019-10-05T10:54:02.6+01:00"},{"startDateTime":"2019-10-05T09:42:00","startDateTimeLocal":"2019-10-05T10:42:00+01:00","stageTimeDurationMs":833600,"stageTimeDuration":"00:13:53.6000000","splitPointTimeId":95174,"splitPointId":2951,"entryId":20404,"elapsedDurationMs":780600,"elapsedDuration":"PT13M0.6S","splitDateTime":"2019-10-05T09:55:00.6","splitDateTimeLocal":"2019-10-05T10:55:00.6+01:00"},{"startDateTime":"2019-10-05T09:43:00","startDateTimeLocal":"2019-10-05T10:43:00+01:00","stageTimeDurationMs":845800,"stageTimeDuration":"00:14:05.8000000","splitPointTimeId":95181,"splitPointId":2951,"entryId":20380,"elapsedDurationMs":792100,"elapsedDuration":"PT13M12.1S","splitDateTime":"2019-10-05T09:56:12.1","splitDateTimeLocal":"2019-10-05T10:56:12.1+01:00"},{"startDateTime":"2019-10-05T09:44:00","startDateTimeLocal":"2019-10-05T10:44:00+01:00","stageTimeDurationMs":845300,"stageTimeDuration":"00:14:05.3000000","splitPointTimeId":95186,"splitPointId":2951,"entryId":20381,"elapsedDurationMs":792400,"elapsedDuration":"PT13M12.4S","splitDateTime":"2019-10-05T09:57:12.4","splitDateTimeLocal":"2019-10-05T10:57:12.4+01:00"},{"startDateTime":"2019-10-05T09:45:00","startDateTimeLocal":"2019-10-05T10:45:00+01:00","stageTimeDurationMs":849600,"stageTimeDuration":"00:14:09.6000000","splitPointTimeId":95191,"splitPointId":2951,"entryId":20376,"elapsedDurationMs":796300,"elapsedDuration":"PT13M16.3S","splitDateTime":"2019-10-05T09:58:16.3","splitDateTimeLocal":"2019-10-05T10:58:16.3+01:00"},{"startDateTime":"2019-10-05T09:46:00","startDateTimeLocal":"2019-10-05T10:46:00+01:00","stageTimeDurationMs":852200,"stageTimeDuration":"00:14:12.2000000","splitPointTimeId":95194,"splitPointId":2951,"entryId":20385,"elapsedDurationMs":798700,"elapsedDuration":"PT13M18.7S","splitDateTime":"2019-10-05T09:59:18.7","splitDateTimeLocal":"2019-10-05T10:59:18.7+01:00"},{"startDateTime":"2019-10-05T09:47:00","startDateTimeLocal":"2019-10-05T10:47:00+01:00","stageTimeDurationMs":832600,"stageTimeDuration":"00:13:52.6000000","splitPointTimeId":95197,"splitPointId":2951,"entryId":20379,"elapsedDurationMs":780000,"elapsedDuration":"PT13M","splitDateTime":"2019-10-05T10:00:00","splitDateTimeLocal":"2019-10-05T11:00:00+01:00"},{"startDateTime":"2019-10-05T09:48:00","startDateTimeLocal":"2019-10-05T10:48:00+01:00","stageTimeDurationMs":891600,"stageTimeDuration":"00:14:51.6000000","splitPointTimeId":95206,"splitPointId":2951,"entryId":20393,"elapsedDurationMs":836500,"elapsedDuration":"PT13M56.5S","splitDateTime":"2019-10-05T10:01:56.5","splitDateTimeLocal":"2019-10-05T11:01:56.5+01:00"},{"startDateTime":"2019-10-05T09:49:00","startDateTimeLocal":"2019-10-05T10:49:00+01:00","stageTimeDurationMs":903600,"stageTimeDuration":"00:15:03.6000000","splitPointTimeId":95210,"splitPointId":2951,"entryId":20392,"elapsedDurationMs":846900,"elapsedDuration":"PT14M6.9S","splitDateTime":"2019-10-05T10:03:06.9","splitDateTimeLocal":"2019-10-05T11:03:06.9+01:00"},{"startDateTime":"2019-10-05T09:50:00","startDateTimeLocal":"2019-10-05T10:50:00+01:00","stageTimeDurationMs":893800,"stageTimeDuration":"00:14:53.8000000","splitPointTimeId":95213,"splitPointId":2951,"entryId":20390,"elapsedDurationMs":833200,"elapsedDuration":"PT13M53.2S","splitDateTime":"2019-10-05T10:03:53.2","splitDateTimeLocal":"2019-10-05T11:03:53.2+01:00"},{"startDateTime":"2019-10-05T09:51:00","startDateTimeLocal":"2019-10-05T10:51:00+01:00","stageTimeDurationMs":898500,"stageTimeDuration":"00:14:58.5000000","splitPointTimeId":95219,"splitPointId":2951,"entryId":20394,"elapsedDurationMs":842200,"elapsedDuration":"PT14M2.2S","splitDateTime":"2019-10-05T10:05:02.2","splitDateTimeLocal":"2019-10-05T11:05:02.2+01:00"},{"startDateTime":"2019-10-05T09:52:00","startDateTimeLocal":"2019-10-05T10:52:00+01:00","stageTimeDurationMs":896700,"stageTimeDuration":"00:14:56.7000000","splitPointTimeId":95222,"splitPointId":2951,"entryId":20395,"elapsedDurationMs":839400,"elapsedDuration":"PT13M59.4S","splitDateTime":"2019-10-05T10:05:59.4","splitDateTimeLocal":"2019-10-05T11:05:59.4+01:00"},{"startDateTime":"2019-10-05T09:53:00","startDateTimeLocal":"2019-10-05T10:53:00+01:00","stageTimeDurationMs":914400,"stageTimeDuration":"00:15:14.4000000","splitPointTimeId":95228,"splitPointId":2951,"entryId":20384,"elapsedDurationMs":858500,"elapsedDuration":"PT14M18.5S","splitDateTime":"2019-10-05T10:07:18.5","splitDateTimeLocal":"2019-10-05T11:07:18.5+01:00"},{"startDateTime":"2019-10-05T09:54:00","startDateTimeLocal":"2019-10-05T10:54:00+01:00","stageTimeDurationMs":928300,"stageTimeDuration":"00:15:28.3000000","splitPointTimeId":95232,"splitPointId":2951,"entryId":20398,"elapsedDurationMs":870700,"elapsedDuration":"PT14M30.7S","splitDateTime":"2019-10-05T10:08:30.7","splitDateTimeLocal":"2019-10-05T11:08:30.7+01:00"},{"startDateTime":"2019-10-05T09:57:00","startDateTimeLocal":"2019-10-05T10:57:00+01:00","stageTimeDurationMs":923200,"stageTimeDuration":"00:15:23.2000000","splitPointTimeId":95246,"splitPointId":2951,"entryId":20409,"elapsedDurationMs":867000,"elapsedDuration":"PT14M27S","splitDateTime":"2019-10-05T10:11:27","splitDateTimeLocal":"2019-10-05T11:11:27+01:00"},{"startDateTime":"2019-10-05T09:58:00","startDateTimeLocal":"2019-10-05T10:58:00+01:00","stageTimeDurationMs":957800,"stageTimeDuration":"00:15:57.8000000","splitPointTimeId":95253,"splitPointId":2951,"entryId":20412,"elapsedDurationMs":899100,"elapsedDuration":"PT14M59.1S","splitDateTime":"2019-10-05T10:12:59.1","splitDateTimeLocal":"2019-10-05T11:12:59.1+01:00"},{"startDateTime":"2019-10-05T09:59:00","startDateTimeLocal":"2019-10-05T10:59:00+01:00","stageTimeDurationMs":946300,"stageTimeDuration":"00:15:46.3000000","splitPointTimeId":95257,"splitPointId":2951,"entryId":20399,"elapsedDurationMs":888500,"elapsedDuration":"PT14M48.5S","splitDateTime":"2019-10-05T10:13:48.5","splitDateTimeLocal":"2019-10-05T11:13:48.5+01:00"},{"startDateTime":"2019-10-05T10:00:00","startDateTimeLocal":"2019-10-05T11:00:00+01:00","stageTimeDurationMs":969800,"stageTimeDuration":"00:16:09.8000000","splitPointTimeId":95264,"splitPointId":2951,"entryId":20414,"elapsedDurationMs":911000,"elapsedDuration":"PT15M11S","splitDateTime":"2019-10-05T10:15:11","splitDateTimeLocal":"2019-10-05T11:15:11+01:00"},{"startDateTime":"2019-10-05T10:01:00","startDateTimeLocal":"2019-10-05T11:01:00+01:00","stageTimeDurationMs":975400,"stageTimeDuration":"00:16:15.4000000","splitPointTimeId":95270,"splitPointId":2951,"entryId":20397,"elapsedDurationMs":916000,"elapsedDuration":"PT15M16S","splitDateTime":"2019-10-05T10:16:16","splitDateTimeLocal":"2019-10-05T11:16:16+01:00"},{"startDateTime":"2019-10-05T10:02:00","startDateTimeLocal":"2019-10-05T11:02:00+01:00","stageTimeDurationMs":968000,"stageTimeDuration":"00:16:08","splitPointTimeId":95274,"splitPointId":2951,"entryId":20401,"elapsedDurationMs":908300,"elapsedDuration":"PT15M8.3S","splitDateTime":"2019-10-05T10:17:08.3","splitDateTimeLocal":"2019-10-05T11:17:08.3+01:00"},{"startDateTime":"2019-10-05T10:03:00","startDateTimeLocal":"2019-10-05T11:03:00+01:00","stageTimeDurationMs":958000,"stageTimeDuration":"00:15:58","splitPointTimeId":95279,"splitPointId":2951,"entryId":20415,"elapsedDurationMs":899700,"elapsedDuration":"PT14M59.7S","splitDateTime":"2019-10-05T10:17:59.7","splitDateTimeLocal":"2019-10-05T11:17:59.7+01:00"},{"startDateTime":"2019-10-05T10:04:00","startDateTimeLocal":"2019-10-05T11:04:00+01:00","stageTimeDurationMs":964500,"stageTimeDuration":"00:16:04.5000000","splitPointTimeId":95282,"splitPointId":2951,"entryId":20416,"elapsedDurationMs":905600,"elapsedDuration":"PT15M5.6S","splitDateTime":"2019-10-05T10:19:05.6","splitDateTimeLocal":"2019-10-05T11:19:05.6+01:00"},{"startDateTime":"2019-10-05T10:05:00","startDateTimeLocal":"2019-10-05T11:05:00+01:00","stageTimeDurationMs":1019100,"stageTimeDuration":"00:16:59.1000000","splitPointTimeId":95290,"splitPointId":2951,"entryId":20417,"elapsedDurationMs":958100,"elapsedDuration":"PT15M58.1S","splitDateTime":"2019-10-05T10:20:58.1","splitDateTimeLocal":"2019-10-05T11:20:58.1+01:00"},{"startDateTime":"2019-10-05T10:07:00","startDateTimeLocal":"2019-10-05T11:07:00+01:00","stageTimeDurationMs":1023800,"stageTimeDuration":"00:17:03.8000000","splitPointTimeId":95297,"splitPointId":2951,"entryId":20413,"elapsedDurationMs":962200,"elapsedDuration":"PT16M2.2S","splitDateTime":"2019-10-05T10:23:02.2","splitDateTimeLocal":"2019-10-05T11:23:02.2+01:00"},{"startDateTime":"2019-10-05T10:06:00","startDateTimeLocal":"2019-10-05T11:06:00+01:00","stageTimeDurationMs":1088500,"stageTimeDuration":"00:18:08.5000000","splitPointTimeId":95298,"splitPointId":2951,"entryId":20402,"elapsedDurationMs":1024500,"elapsedDuration":"PT17M4.5S","splitDateTime":"2019-10-05T10:23:04.5","splitDateTimeLocal":"2019-10-05T11:23:04.5+01:00"},{"startDateTime":"2019-10-05T09:08:00","startDateTimeLocal":"2019-10-05T10:08:00+01:00","stageTimeDurationMs":779800,"stageTimeDuration":"00:12:59.8000000","splitPointTimeId":95046,"splitPointId":2952,"entryId":20362,"elapsedDurationMs":355100,"elapsedDuration":"PT5M55.1S","splitDateTime":"2019-10-05T09:13:55.1","splitDateTimeLocal":"2019-10-05T10:13:55.1+01:00"},{"startDateTime":"2019-10-05T09:10:00","startDateTimeLocal":"2019-10-05T10:10:00+01:00","stageTimeDurationMs":794300,"stageTimeDuration":"00:13:14.3000000","splitPointTimeId":95048,"splitPointId":2952,"entryId":20364,"elapsedDurationMs":361200,"elapsedDuration":"PT6M1.2S","splitDateTime":"2019-10-05T09:16:01.2","splitDateTimeLocal":"2019-10-05T10:16:01.2+01:00"},{"startDateTime":"2019-10-05T09:12:00","startDateTimeLocal":"2019-10-05T10:12:00+01:00","stageTimeDurationMs":770600,"stageTimeDuration":"00:12:50.6000000","splitPointTimeId":95051,"splitPointId":2952,"entryId":20368,"elapsedDurationMs":351700,"elapsedDuration":"PT5M51.7S","splitDateTime":"2019-10-05T09:17:51.7","splitDateTimeLocal":"2019-10-05T10:17:51.7+01:00"},{"startDateTime":"2019-10-05T09:14:00","startDateTimeLocal":"2019-10-05T10:14:00+01:00","stageTimeDurationMs":782800,"stageTimeDuration":"00:13:02.8000000","splitPointTimeId":95053,"splitPointId":2952,"entryId":20361,"elapsedDurationMs":356800,"elapsedDuration":"PT5M56.8S","splitDateTime":"2019-10-05T09:19:56.8","splitDateTimeLocal":"2019-10-05T10:19:56.8+01:00"},{"startDateTime":"2019-10-05T09:18:00","startDateTimeLocal":"2019-10-05T10:18:00+01:00","stageTimeDurationMs":780200,"stageTimeDuration":"00:13:00.2000000","splitPointTimeId":95064,"splitPointId":2952,"entryId":20370,"elapsedDurationMs":356400,"elapsedDuration":"PT5M56.4S","splitDateTime":"2019-10-05T09:23:56.4","splitDateTimeLocal":"2019-10-05T10:23:56.4+01:00"},{"startDateTime":"2019-10-05T09:20:00","startDateTimeLocal":"2019-10-05T10:20:00+01:00","stageTimeDurationMs":776800,"stageTimeDuration":"00:12:56.8000000","splitPointTimeId":95068,"splitPointId":2952,"entryId":20367,"elapsedDurationMs":354700,"elapsedDuration":"PT5M54.7S","splitDateTime":"2019-10-05T09:25:54.7","splitDateTimeLocal":"2019-10-05T10:25:54.7+01:00"},{"startDateTime":"2019-10-05T09:16:00","startDateTimeLocal":"2019-10-05T10:16:00+01:00","stageTimeDurationMs":1094800,"stageTimeDuration":"00:18:14.8000000","splitPointTimeId":95071,"splitPointId":2952,"entryId":20369,"elapsedDurationMs":653300,"elapsedDuration":"PT10M53.3S","splitDateTime":"2019-10-05T09:26:53.3","splitDateTimeLocal":"2019-10-05T10:26:53.3+01:00"},{"startDateTime":"2019-10-05T09:22:00","startDateTimeLocal":"2019-10-05T10:22:00+01:00","stageTimeDurationMs":777600,"stageTimeDuration":"00:12:57.6000000","splitPointTimeId":95072,"splitPointId":2952,"entryId":20363,"elapsedDurationMs":355500,"elapsedDuration":"PT5M55.5S","splitDateTime":"2019-10-05T09:27:55.5","splitDateTimeLocal":"2019-10-05T10:27:55.5+01:00"},{"startDateTime":"2019-10-05T09:24:00","startDateTimeLocal":"2019-10-05T10:24:00+01:00","stageTimeDurationMs":774500,"stageTimeDuration":"00:12:54.5000000","splitPointTimeId":95077,"splitPointId":2952,"entryId":20360,"elapsedDurationMs":352600,"elapsedDuration":"PT5M52.6S","splitDateTime":"2019-10-05T09:29:52.6","splitDateTimeLocal":"2019-10-05T10:29:52.6+01:00"},{"startDateTime":"2019-10-05T09:26:00","startDateTimeLocal":"2019-10-05T10:26:00+01:00","stageTimeDurationMs":774400,"stageTimeDuration":"00:12:54.4000000","splitPointTimeId":95082,"splitPointId":2952,"entryId":20365,"elapsedDurationMs":353500,"elapsedDuration":"PT5M53.5S","splitDateTime":"2019-10-05T09:31:53.5","splitDateTimeLocal":"2019-10-05T10:31:53.5+01:00"},{"startDateTime":"2019-10-05T09:28:00","startDateTimeLocal":"2019-10-05T10:28:00+01:00","stageTimeDurationMs":952100,"stageTimeDuration":"00:15:52.1000000","splitPointTimeId":95096,"splitPointId":2952,"entryId":20374,"elapsedDurationMs":492900,"elapsedDuration":"PT8M12.9S","splitDateTime":"2019-10-05T09:36:12.9","splitDateTimeLocal":"2019-10-05T10:36:12.9+01:00"},{"startDateTime":"2019-10-05T09:30:00","startDateTimeLocal":"2019-10-05T10:30:00+01:00","stageTimeDurationMs":828700,"stageTimeDuration":"00:13:48.7000000","splitPointTimeId":95097,"splitPointId":2952,"entryId":20371,"elapsedDurationMs":378000,"elapsedDuration":"PT6M18S","splitDateTime":"2019-10-05T09:36:18","splitDateTimeLocal":"2019-10-05T10:36:18+01:00"},{"startDateTime":"2019-10-05T09:32:00","startDateTimeLocal":"2019-10-05T10:32:00+01:00","stageTimeDurationMs":817900,"stageTimeDuration":"00:13:37.9000000","splitPointTimeId":95102,"splitPointId":2952,"entryId":20375,"elapsedDurationMs":373400,"elapsedDuration":"PT6M13.4S","splitDateTime":"2019-10-05T09:38:13.4","splitDateTimeLocal":"2019-10-05T10:38:13.4+01:00"},{"startDateTime":"2019-10-05T09:33:00","startDateTimeLocal":"2019-10-05T10:33:00+01:00","stageTimeDurationMs":828000,"stageTimeDuration":"00:13:48","splitPointTimeId":95104,"splitPointId":2952,"entryId":20377,"elapsedDurationMs":377900,"elapsedDuration":"PT6M17.9S","splitDateTime":"2019-10-05T09:39:17.9","splitDateTimeLocal":"2019-10-05T10:39:17.9+01:00"},{"startDateTime":"2019-10-05T09:34:00","startDateTimeLocal":"2019-10-05T10:34:00+01:00","stageTimeDurationMs":832500,"stageTimeDuration":"00:13:52.5000000","splitPointTimeId":95106,"splitPointId":2952,"entryId":20403,"elapsedDurationMs":379200,"elapsedDuration":"PT6M19.2S","splitDateTime":"2019-10-05T09:40:19.2","splitDateTimeLocal":"2019-10-05T10:40:19.2+01:00"},{"startDateTime":"2019-10-05T09:35:00","startDateTimeLocal":"2019-10-05T10:35:00+01:00","stageTimeDurationMs":822800,"stageTimeDuration":"00:13:42.8000000","splitPointTimeId":95110,"splitPointId":2952,"entryId":20389,"elapsedDurationMs":372700,"elapsedDuration":"PT6M12.7S","splitDateTime":"2019-10-05T09:41:12.7","splitDateTimeLocal":"2019-10-05T10:41:12.7+01:00"},{"startDateTime":"2019-10-05T09:36:00","startDateTimeLocal":"2019-10-05T10:36:00+01:00","stageTimeDurationMs":825100,"stageTimeDuration":"00:13:45.1000000","splitPointTimeId":95114,"splitPointId":2952,"entryId":20406,"elapsedDurationMs":377300,"elapsedDuration":"PT6M17.3S","splitDateTime":"2019-10-05T09:42:17.3","splitDateTimeLocal":"2019-10-05T10:42:17.3+01:00"},{"startDateTime":"2019-10-05T09:37:00","startDateTimeLocal":"2019-10-05T10:37:00+01:00","stageTimeDurationMs":841100,"stageTimeDuration":"00:14:01.1000000","splitPointTimeId":95120,"splitPointId":2952,"entryId":20387,"elapsedDurationMs":382200,"elapsedDuration":"PT6M22.2S","splitDateTime":"2019-10-05T09:43:22.2","splitDateTimeLocal":"2019-10-05T10:43:22.2+01:00"},{"startDateTime":"2019-10-05T09:38:00","startDateTimeLocal":"2019-10-05T10:38:00+01:00","stageTimeDurationMs":824900,"stageTimeDuration":"00:13:44.9000000","splitPointTimeId":95123,"splitPointId":2952,"entryId":20378,"elapsedDurationMs":377300,"elapsedDuration":"PT6M17.3S","splitDateTime":"2019-10-05T09:44:17.3","splitDateTimeLocal":"2019-10-05T10:44:17.3+01:00"},{"startDateTime":"2019-10-05T09:39:00","startDateTimeLocal":"2019-10-05T10:39:00+01:00","stageTimeDurationMs":838400,"stageTimeDuration":"00:13:58.4000000","splitPointTimeId":95128,"splitPointId":2952,"entryId":20405,"elapsedDurationMs":379800,"elapsedDuration":"PT6M19.8S","splitDateTime":"2019-10-05T09:45:19.8","splitDateTimeLocal":"2019-10-05T10:45:19.8+01:00"},{"startDateTime":"2019-10-05T09:40:00","startDateTimeLocal":"2019-10-05T10:40:00+01:00","stageTimeDurationMs":814800,"stageTimeDuration":"00:13:34.8000000","splitPointTimeId":95133,"splitPointId":2952,"entryId":20388,"elapsedDurationMs":371900,"elapsedDuration":"PT6M11.9S","splitDateTime":"2019-10-05T09:46:11.9","splitDateTimeLocal":"2019-10-05T10:46:11.9+01:00"},{"startDateTime":"2019-10-05T09:41:00","startDateTimeLocal":"2019-10-05T10:41:00+01:00","stageTimeDurationMs":835100,"stageTimeDuration":"00:13:55.1000000","splitPointTimeId":95138,"splitPointId":2952,"entryId":20383,"elapsedDurationMs":380600,"elapsedDuration":"PT6M20.6S","splitDateTime":"2019-10-05T09:47:20.6","splitDateTimeLocal":"2019-10-05T10:47:20.6+01:00"},{"startDateTime":"2019-10-05T09:42:00","startDateTimeLocal":"2019-10-05T10:42:00+01:00","stageTimeDurationMs":833600,"stageTimeDuration":"00:13:53.6000000","splitPointTimeId":95143,"splitPointId":2952,"entryId":20404,"elapsedDurationMs":379700,"elapsedDuration":"PT6M19.7S","splitDateTime":"2019-10-05T09:48:19.7","splitDateTimeLocal":"2019-10-05T10:48:19.7+01:00"},{"startDateTime":"2019-10-05T09:43:00","startDateTimeLocal":"2019-10-05T10:43:00+01:00","stageTimeDurationMs":845800,"stageTimeDuration":"00:14:05.8000000","splitPointTimeId":95148,"splitPointId":2952,"entryId":20380,"elapsedDurationMs":384300,"elapsedDuration":"PT6M24.3S","splitDateTime":"2019-10-05T09:49:24.3","splitDateTimeLocal":"2019-10-05T10:49:24.3+01:00"},{"startDateTime":"2019-10-05T09:44:00","startDateTimeLocal":"2019-10-05T10:44:00+01:00","stageTimeDurationMs":845300,"stageTimeDuration":"00:14:05.3000000","splitPointTimeId":95154,"splitPointId":2952,"entryId":20381,"elapsedDurationMs":385000,"elapsedDuration":"PT6M25S","splitDateTime":"2019-10-05T09:50:25","splitDateTimeLocal":"2019-10-05T10:50:25+01:00"},{"startDateTime":"2019-10-05T09:45:00","startDateTimeLocal":"2019-10-05T10:45:00+01:00","stageTimeDurationMs":849600,"stageTimeDuration":"00:14:09.6000000","splitPointTimeId":95158,"splitPointId":2952,"entryId":20376,"elapsedDurationMs":385100,"elapsedDuration":"PT6M25.1S","splitDateTime":"2019-10-05T09:51:25.1","splitDateTimeLocal":"2019-10-05T10:51:25.1+01:00"},{"startDateTime":"2019-10-05T09:46:00","startDateTimeLocal":"2019-10-05T10:46:00+01:00","stageTimeDurationMs":852200,"stageTimeDuration":"00:14:12.2000000","splitPointTimeId":95163,"splitPointId":2952,"entryId":20385,"elapsedDurationMs":388200,"elapsedDuration":"PT6M28.2S","splitDateTime":"2019-10-05T09:52:28.2","splitDateTimeLocal":"2019-10-05T10:52:28.2+01:00"},{"startDateTime":"2019-10-05T09:47:00","startDateTimeLocal":"2019-10-05T10:47:00+01:00","stageTimeDurationMs":832600,"stageTimeDuration":"00:13:52.6000000","splitPointTimeId":95168,"splitPointId":2952,"entryId":20379,"elapsedDurationMs":378600,"elapsedDuration":"PT6M18.6S","splitDateTime":"2019-10-05T09:53:18.6","splitDateTimeLocal":"2019-10-05T10:53:18.6+01:00"},{"startDateTime":"2019-10-05T09:48:00","startDateTimeLocal":"2019-10-05T10:48:00+01:00","stageTimeDurationMs":891600,"stageTimeDuration":"00:14:51.6000000","splitPointTimeId":95175,"splitPointId":2952,"entryId":20393,"elapsedDurationMs":403700,"elapsedDuration":"PT6M43.7S","splitDateTime":"2019-10-05T09:54:43.7","splitDateTimeLocal":"2019-10-05T10:54:43.7+01:00"},{"startDateTime":"2019-10-05T09:49:00","startDateTimeLocal":"2019-10-05T10:49:00+01:00","stageTimeDurationMs":903600,"stageTimeDuration":"00:15:03.6000000","splitPointTimeId":95179,"splitPointId":2952,"entryId":20392,"elapsedDurationMs":408800,"elapsedDuration":"PT6M48.8S","splitDateTime":"2019-10-05T09:55:48.8","splitDateTimeLocal":"2019-10-05T10:55:48.8+01:00"},{"startDateTime":"2019-10-05T09:50:00","startDateTimeLocal":"2019-10-05T10:50:00+01:00","stageTimeDurationMs":893800,"stageTimeDuration":"00:14:53.8000000","splitPointTimeId":95184,"splitPointId":2952,"entryId":20390,"elapsedDurationMs":402200,"elapsedDuration":"PT6M42.2S","splitDateTime":"2019-10-05T09:56:42.2","splitDateTimeLocal":"2019-10-05T10:56:42.2+01:00"},{"startDateTime":"2019-10-05T09:51:00","startDateTimeLocal":"2019-10-05T10:51:00+01:00","stageTimeDurationMs":898500,"stageTimeDuration":"00:14:58.5000000","splitPointTimeId":95189,"splitPointId":2952,"entryId":20394,"elapsedDurationMs":405100,"elapsedDuration":"PT6M45.1S","splitDateTime":"2019-10-05T09:57:45.1","splitDateTimeLocal":"2019-10-05T10:57:45.1+01:00"},{"startDateTime":"2019-10-05T09:52:00","startDateTimeLocal":"2019-10-05T10:52:00+01:00","stageTimeDurationMs":896700,"stageTimeDuration":"00:14:56.7000000","splitPointTimeId":95193,"splitPointId":2952,"entryId":20395,"elapsedDurationMs":404100,"elapsedDuration":"PT6M44.1S","splitDateTime":"2019-10-05T09:58:44.1","splitDateTimeLocal":"2019-10-05T10:58:44.1+01:00"},{"startDateTime":"2019-10-05T09:53:00","startDateTimeLocal":"2019-10-05T10:53:00+01:00","stageTimeDurationMs":914400,"stageTimeDuration":"00:15:14.4000000","splitPointTimeId":95198,"splitPointId":2952,"entryId":20384,"elapsedDurationMs":416900,"elapsedDuration":"PT6M56.9S","splitDateTime":"2019-10-05T09:59:56.9","splitDateTimeLocal":"2019-10-05T10:59:56.9+01:00"},{"startDateTime":"2019-10-05T09:54:00","startDateTimeLocal":"2019-10-05T10:54:00+01:00","stageTimeDurationMs":928300,"stageTimeDuration":"00:15:28.3000000","splitPointTimeId":95202,"splitPointId":2952,"entryId":20398,"elapsedDurationMs":420300,"elapsedDuration":"PT7M0.3S","splitDateTime":"2019-10-05T10:01:00.3","splitDateTimeLocal":"2019-10-05T11:01:00.3+01:00"},{"startDateTime":"2019-10-05T09:57:00","startDateTimeLocal":"2019-10-05T10:57:00+01:00","stageTimeDurationMs":923200,"stageTimeDuration":"00:15:23.2000000","splitPointTimeId":95215,"splitPointId":2952,"entryId":20409,"elapsedDurationMs":420600,"elapsedDuration":"PT7M0.6S","splitDateTime":"2019-10-05T10:04:00.6","splitDateTimeLocal":"2019-10-05T11:04:00.6+01:00"},{"startDateTime":"2019-10-05T09:59:00","startDateTimeLocal":"2019-10-05T10:59:00+01:00","stageTimeDurationMs":946300,"stageTimeDuration":"00:15:46.3000000","splitPointTimeId":95224,"splitPointId":2952,"entryId":20399,"elapsedDurationMs":428700,"elapsedDuration":"PT7M8.7S","splitDateTime":"2019-10-05T10:06:08.7","splitDateTimeLocal":"2019-10-05T11:06:08.7+01:00"},{"startDateTime":"2019-10-05T09:58:00","startDateTimeLocal":"2019-10-05T10:58:00+01:00","stageTimeDurationMs":957800,"stageTimeDuration":"00:15:57.8000000","splitPointTimeId":95226,"splitPointId":2952,"entryId":20412,"elapsedDurationMs":433200,"elapsedDuration":"PT7M13.2S","splitDateTime":"2019-10-05T10:05:13.2","splitDateTimeLocal":"2019-10-05T11:05:13.2+01:00"},{"startDateTime":"2019-10-05T10:00:00","startDateTimeLocal":"2019-10-05T11:00:00+01:00","stageTimeDurationMs":969800,"stageTimeDuration":"00:16:09.8000000","splitPointTimeId":95229,"splitPointId":2952,"entryId":20414,"elapsedDurationMs":442000,"elapsedDuration":"PT7M22S","splitDateTime":"2019-10-05T10:07:22","splitDateTimeLocal":"2019-10-05T11:07:22+01:00"},{"startDateTime":"2019-10-05T10:01:00","startDateTimeLocal":"2019-10-05T11:01:00+01:00","stageTimeDurationMs":975400,"stageTimeDuration":"00:16:15.4000000","splitPointTimeId":95234,"splitPointId":2952,"entryId":20397,"elapsedDurationMs":443200,"elapsedDuration":"PT7M23.2S","splitDateTime":"2019-10-05T10:08:23.2","splitDateTimeLocal":"2019-10-05T11:08:23.2+01:00"},{"startDateTime":"2019-10-05T10:02:00","startDateTimeLocal":"2019-10-05T11:02:00+01:00","stageTimeDurationMs":968000,"stageTimeDuration":"00:16:08","splitPointTimeId":95236,"splitPointId":2952,"entryId":20401,"elapsedDurationMs":434300,"elapsedDuration":"PT7M14.3S","splitDateTime":"2019-10-05T10:09:14.3","splitDateTimeLocal":"2019-10-05T11:09:14.3+01:00"},{"startDateTime":"2019-10-05T10:03:00","startDateTimeLocal":"2019-10-05T11:03:00+01:00","stageTimeDurationMs":958000,"stageTimeDuration":"00:15:58","splitPointTimeId":95242,"splitPointId":2952,"entryId":20415,"elapsedDurationMs":435300,"elapsedDuration":"PT7M15.3S","splitDateTime":"2019-10-05T10:10:15.3","splitDateTimeLocal":"2019-10-05T11:10:15.3+01:00"},{"startDateTime":"2019-10-05T10:04:00","startDateTimeLocal":"2019-10-05T11:04:00+01:00","stageTimeDurationMs":964500,"stageTimeDuration":"00:16:04.5000000","splitPointTimeId":95245,"splitPointId":2952,"entryId":20416,"elapsedDurationMs":434300,"elapsedDuration":"PT7M14.3S","splitDateTime":"2019-10-05T10:11:14.3","splitDateTimeLocal":"2019-10-05T11:11:14.3+01:00"},{"startDateTime":"2019-10-05T10:05:00","startDateTimeLocal":"2019-10-05T11:05:00+01:00","stageTimeDurationMs":1019100,"stageTimeDuration":"00:16:59.1000000","splitPointTimeId":95252,"splitPointId":2952,"entryId":20417,"elapsedDurationMs":454300,"elapsedDuration":"PT7M34.3S","splitDateTime":"2019-10-05T10:12:34.3","splitDateTimeLocal":"2019-10-05T11:12:34.3+01:00"},{"startDateTime":"2019-10-05T10:06:00","startDateTimeLocal":"2019-10-05T11:06:00+01:00","stageTimeDurationMs":1088500,"stageTimeDuration":"00:18:08.5000000","splitPointTimeId":95259,"splitPointId":2952,"entryId":20402,"elapsedDurationMs":483300,"elapsedDuration":"PT8M3.3S","splitDateTime":"2019-10-05T10:14:03.3","splitDateTimeLocal":"2019-10-05T11:14:03.3+01:00"},{"startDateTime":"2019-10-05T10:07:00","startDateTimeLocal":"2019-10-05T11:07:00+01:00","stageTimeDurationMs":1023800,"stageTimeDuration":"00:17:03.8000000","splitPointTimeId":95262,"splitPointId":2952,"entryId":20413,"elapsedDurationMs":461400,"elapsedDuration":"PT7M41.4S","splitDateTime":"2019-10-05T10:14:41.4","splitDateTimeLocal":"2019-10-05T11:14:41.4+01:00"}]