[{"startDateTime":"2019-08-02T09:39:00","startDateTimeLocal":"2019-08-02T12:39:00+03:00","stageTimeDurationMs":218600,"stageTimeDuration":"00:03:38.6000000","splitPointTimeId":84983,"splitPointId":2571,"entryId":20057,"elapsedDurationMs":119600,"elapsedDuration":"PT1M59.6S","splitDateTime":"2019-08-02T09:40:59.6","splitDateTimeLocal":"2019-08-02T12:40:59.6+03:00"},{"startDateTime":"2019-08-02T09:41:00","startDateTimeLocal":"2019-08-02T12:41:00+03:00","stageTimeDurationMs":220200,"stageTimeDuration":"00:03:40.2000000","splitPointTimeId":84986,"splitPointId":2571,"entryId":20053,"elapsedDurationMs":119600,"elapsedDuration":"PT1M59.6S","splitDateTime":"2019-08-02T09:42:59.6","splitDateTimeLocal":"2019-08-02T12:42:59.6+03:00"},{"startDateTime":"2019-08-02T09:43:00","startDateTimeLocal":"2019-08-02T12:43:00+03:00","stageTimeDurationMs":218600,"stageTimeDuration":"00:03:38.6000000","splitPointTimeId":84988,"splitPointId":2571,"entryId":20059,"elapsedDurationMs":119000,"elapsedDuration":"PT1M59S","splitDateTime":"2019-08-02T09:44:59","splitDateTimeLocal":"2019-08-02T12:44:59+03:00"},{"startDateTime":"2019-08-02T09:45:00","startDateTimeLocal":"2019-08-02T12:45:00+03:00","stageTimeDurationMs":223100,"stageTimeDuration":"00:03:43.1000000","splitPointTimeId":84993,"splitPointId":2571,"entryId":20054,"elapsedDurationMs":122000,"elapsedDuration":"PT2M2S","splitDateTime":"2019-08-02T09:47:02","splitDateTimeLocal":"2019-08-02T12:47:02+03:00"},{"startDateTime":"2019-08-02T09:47:00","startDateTimeLocal":"2019-08-02T12:47:00+03:00","stageTimeDurationMs":220200,"stageTimeDuration":"00:03:40.2000000","splitPointTimeId":84998,"splitPointId":2571,"entryId":20056,"elapsedDurationMs":120100,"elapsedDuration":"PT2M0.1S","splitDateTime":"2019-08-02T09:49:00.1","splitDateTimeLocal":"2019-08-02T12:49:00.1+03:00"},{"startDateTime":"2019-08-02T09:49:00","startDateTimeLocal":"2019-08-02T12:49:00+03:00","stageTimeDurationMs":220800,"stageTimeDuration":"00:03:40.8000000","splitPointTimeId":85001,"splitPointId":2571,"entryId":20064,"elapsedDurationMs":120300,"elapsedDuration":"PT2M0.3S","splitDateTime":"2019-08-02T09:51:00.3","splitDateTimeLocal":"2019-08-02T12:51:00.3+03:00"},{"startDateTime":"2019-08-02T09:51:00","startDateTimeLocal":"2019-08-02T12:51:00+03:00","stageTimeDurationMs":219300,"stageTimeDuration":"00:03:39.3000000","splitPointTimeId":85006,"splitPointId":2571,"entryId":20055,"elapsedDurationMs":119800,"elapsedDuration":"PT1M59.8S","splitDateTime":"2019-08-02T09:52:59.8","splitDateTimeLocal":"2019-08-02T12:52:59.8+03:00"},{"startDateTime":"2019-08-02T09:53:00","startDateTimeLocal":"2019-08-02T12:53:00+03:00","stageTimeDurationMs":218100,"stageTimeDuration":"00:03:38.1000000","splitPointTimeId":85009,"splitPointId":2571,"entryId":20058,"elapsedDurationMs":119200,"elapsedDuration":"PT1M59.2S","splitDateTime":"2019-08-02T09:54:59.2","splitDateTimeLocal":"2019-08-02T12:54:59.2+03:00"},{"startDateTime":"2019-08-02T09:55:00","startDateTimeLocal":"2019-08-02T12:55:00+03:00","stageTimeDurationMs":224000,"stageTimeDuration":"00:03:44","splitPointTimeId":85010,"splitPointId":2571,"entryId":20062,"elapsedDurationMs":122200,"elapsedDuration":"PT2M2.2S","splitDateTime":"2019-08-02T09:57:02.2","splitDateTimeLocal":"2019-08-02T12:57:02.2+03:00"},{"startDateTime":"2019-08-02T09:57:00","startDateTimeLocal":"2019-08-02T12:57:00+03:00","stageTimeDurationMs":218200,"stageTimeDuration":"00:03:38.2000000","splitPointTimeId":85011,"splitPointId":2571,"entryId":20063,"elapsedDurationMs":118900,"elapsedDuration":"PT1M58.9S","splitDateTime":"2019-08-02T09:58:58.9","splitDateTimeLocal":"2019-08-02T12:58:58.9+03:00"},{"startDateTime":"2019-08-02T09:59:00","startDateTimeLocal":"2019-08-02T12:59:00+03:00","stageTimeDurationMs":254000,"stageTimeDuration":"00:04:14","splitPointTimeId":85012,"splitPointId":2571,"entryId":20060,"elapsedDurationMs":139000,"elapsedDuration":"PT2M19S","splitDateTime":"2019-08-02T10:01:19","splitDateTimeLocal":"2019-08-02T13:01:19+03:00"},{"startDateTime":"2019-08-02T10:02:00","startDateTimeLocal":"2019-08-02T13:02:00+03:00","stageTimeDurationMs":230400,"stageTimeDuration":"00:03:50.4000000","splitPointTimeId":85013,"splitPointId":2571,"entryId":20065,"elapsedDurationMs":125800,"elapsedDuration":"PT2M5.8S","splitDateTime":"2019-08-02T10:04:05.8","splitDateTimeLocal":"2019-08-02T13:04:05.8+03:00"},{"startDateTime":"2019-08-02T10:06:00","startDateTimeLocal":"2019-08-02T13:06:00+03:00","stageTimeDurationMs":237100,"stageTimeDuration":"00:03:57.1000000","splitPointTimeId":85014,"splitPointId":2571,"entryId":20067,"elapsedDurationMs":129300,"elapsedDuration":"PT2M9.3S","splitDateTime":"2019-08-02T10:08:09.3","splitDateTimeLocal":"2019-08-02T13:08:09.3+03:00"},{"startDateTime":"2019-08-02T10:08:00","startDateTimeLocal":"2019-08-02T13:08:00+03:00","stageTimeDurationMs":230500,"stageTimeDuration":"00:03:50.5000000","splitPointTimeId":85015,"splitPointId":2571,"entryId":20068,"elapsedDurationMs":126300,"elapsedDuration":"PT2M6.3S","splitDateTime":"2019-08-02T10:10:06.3","splitDateTimeLocal":"2019-08-02T13:10:06.3+03:00"},{"startDateTime":"2019-08-02T10:10:00","startDateTimeLocal":"2019-08-02T13:10:00+03:00","stageTimeDurationMs":232600,"stageTimeDuration":"00:03:52.6000000","splitPointTimeId":85016,"splitPointId":2571,"entryId":20069,"elapsedDurationMs":127100,"elapsedDuration":"PT2M7.1S","splitDateTime":"2019-08-02T10:12:07.1","splitDateTimeLocal":"2019-08-02T13:12:07.1+03:00"},{"startDateTime":"2019-08-02T10:12:00","startDateTimeLocal":"2019-08-02T13:12:00+03:00","stageTimeDurationMs":236300,"stageTimeDuration":"00:03:56.3000000","splitPointTimeId":85017,"splitPointId":2571,"entryId":20070,"elapsedDurationMs":130000,"elapsedDuration":"PT2M10S","splitDateTime":"2019-08-02T10:14:10","splitDateTimeLocal":"2019-08-02T13:14:10+03:00"},{"startDateTime":"2019-08-02T10:14:00","startDateTimeLocal":"2019-08-02T13:14:00+03:00","stageTimeDurationMs":239900,"stageTimeDuration":"00:03:59.9000000","splitPointTimeId":85018,"splitPointId":2571,"entryId":20071,"elapsedDurationMs":130800,"elapsedDuration":"PT2M10.8S","splitDateTime":"2019-08-02T10:16:10.8","splitDateTimeLocal":"2019-08-02T13:16:10.8+03:00"},{"startDateTime":"2019-08-02T10:18:00","startDateTimeLocal":"2019-08-02T13:18:00+03:00","stageTimeDurationMs":235000,"stageTimeDuration":"00:03:55","splitPointTimeId":85019,"splitPointId":2571,"entryId":20074,"elapsedDurationMs":128700,"elapsedDuration":"PT2M8.7S","splitDateTime":"2019-08-02T10:20:08.7","splitDateTimeLocal":"2019-08-02T13:20:08.7+03:00"},{"startDateTime":"2019-08-02T10:20:00","startDateTimeLocal":"2019-08-02T13:20:00+03:00","stageTimeDurationMs":230900,"stageTimeDuration":"00:03:50.9000000","splitPointTimeId":85020,"splitPointId":2571,"entryId":20075,"elapsedDurationMs":126100,"elapsedDuration":"PT2M6.1S","splitDateTime":"2019-08-02T10:22:06.1","splitDateTimeLocal":"2019-08-02T13:22:06.1+03:00"},{"startDateTime":"2019-08-02T10:22:00","startDateTimeLocal":"2019-08-02T13:22:00+03:00","stageTimeDurationMs":null,"stageTimeDuration":null,"splitPointTimeId":85021,"splitPointId":2571,"entryId":20076,"elapsedDurationMs":134100,"elapsedDuration":"PT2M14.1S","splitDateTime":"2019-08-02T10:24:14.1","splitDateTimeLocal":"2019-08-02T13:24:14.1+03:00"},{"startDateTime":"2019-08-02T10:26:00","startDateTimeLocal":"2019-08-02T13:26:00+03:00","stageTimeDurationMs":262600,"stageTimeDuration":"00:04:22.6000000","splitPointTimeId":85022,"splitPointId":2571,"entryId":20072,"elapsedDurationMs":232800,"elapsedDuration":"PT3M52.8S","splitDateTime":"2019-08-02T10:29:52.8","splitDateTimeLocal":"2019-08-02T13:29:52.8+03:00"},{"startDateTime":"2019-08-02T10:34:00","startDateTimeLocal":"2019-08-02T13:34:00+03:00","stageTimeDurationMs":254300,"stageTimeDuration":"00:04:14.3000000","splitPointTimeId":85024,"splitPointId":2571,"entryId":20078,"elapsedDurationMs":139400,"elapsedDuration":"PT2M19.4S","splitDateTime":"2019-08-02T10:36:19.4","splitDateTimeLocal":"2019-08-02T13:36:19.4+03:00"},{"startDateTime":"2019-08-02T10:35:00","startDateTimeLocal":"2019-08-02T13:35:00+03:00","stageTimeDurationMs":249700,"stageTimeDuration":"00:04:09.7000000","splitPointTimeId":85025,"splitPointId":2571,"entryId":20079,"elapsedDurationMs":136800,"elapsedDuration":"PT2M16.8S","splitDateTime":"2019-08-02T10:37:16.8","splitDateTimeLocal":"2019-08-02T13:37:16.8+03:00"},{"startDateTime":"2019-08-02T10:36:00","startDateTimeLocal":"2019-08-02T13:36:00+03:00","stageTimeDurationMs":255700,"stageTimeDuration":"00:04:15.7000000","splitPointTimeId":85027,"splitPointId":2571,"entryId":20080,"elapsedDurationMs":140200,"elapsedDuration":"PT2M20.2S","splitDateTime":"2019-08-02T10:38:20.2","splitDateTimeLocal":"2019-08-02T13:38:20.2+03:00"},{"startDateTime":"2019-08-02T10:37:00","startDateTimeLocal":"2019-08-02T13:37:00+03:00","stageTimeDurationMs":255400,"stageTimeDuration":"00:04:15.4000000","splitPointTimeId":85028,"splitPointId":2571,"entryId":20081,"elapsedDurationMs":139600,"elapsedDuration":"PT2M19.6S","splitDateTime":"2019-08-02T10:39:19.6","splitDateTimeLocal":"2019-08-02T13:39:19.6+03:00"},{"startDateTime":"2019-08-02T10:38:00","startDateTimeLocal":"2019-08-02T13:38:00+03:00","stageTimeDurationMs":255500,"stageTimeDuration":"00:04:15.5000000","splitPointTimeId":85029,"splitPointId":2571,"entryId":20082,"elapsedDurationMs":139500,"elapsedDuration":"PT2M19.5S","splitDateTime":"2019-08-02T10:40:19.5","splitDateTimeLocal":"2019-08-02T13:40:19.5+03:00"},{"startDateTime":"2019-08-02T10:39:00","startDateTimeLocal":"2019-08-02T13:39:00+03:00","stageTimeDurationMs":261200,"stageTimeDuration":"00:04:21.2000000","splitPointTimeId":85030,"splitPointId":2571,"entryId":20083,"elapsedDurationMs":143600,"elapsedDuration":"PT2M23.6S","splitDateTime":"2019-08-02T10:41:23.6","splitDateTimeLocal":"2019-08-02T13:41:23.6+03:00"},{"startDateTime":"2019-08-02T10:40:00","startDateTimeLocal":"2019-08-02T13:40:00+03:00","stageTimeDurationMs":252500,"stageTimeDuration":"00:04:12.5000000","splitPointTimeId":85031,"splitPointId":2571,"entryId":20084,"elapsedDurationMs":138000,"elapsedDuration":"PT2M18S","splitDateTime":"2019-08-02T10:42:18","splitDateTimeLocal":"2019-08-02T13:42:18+03:00"},{"startDateTime":"2019-08-02T10:41:00","startDateTimeLocal":"2019-08-02T13:41:00+03:00","stageTimeDurationMs":null,"stageTimeDuration":null,"splitPointTimeId":85032,"splitPointId":2571,"entryId":20085,"elapsedDurationMs":137000,"elapsedDuration":"PT2M17S","splitDateTime":"2019-08-02T10:43:17","splitDateTimeLocal":"2019-08-02T13:43:17+03:00"},{"startDateTime":"2019-08-02T10:42:00","startDateTimeLocal":"2019-08-02T13:42:00+03:00","stageTimeDurationMs":273700,"stageTimeDuration":"00:04:33.7000000","splitPointTimeId":85033,"splitPointId":2571,"entryId":20086,"elapsedDurationMs":151700,"elapsedDuration":"PT2M31.7S","splitDateTime":"2019-08-02T10:44:31.7","splitDateTimeLocal":"2019-08-02T13:44:31.7+03:00"},{"startDateTime":"2019-08-02T10:43:00","startDateTimeLocal":"2019-08-02T13:43:00+03:00","stageTimeDurationMs":259800,"stageTimeDuration":"00:04:19.8000000","splitPointTimeId":85034,"splitPointId":2571,"entryId":20087,"elapsedDurationMs":183800,"elapsedDuration":"PT3M3.8S","splitDateTime":"2019-08-02T10:46:03.8","splitDateTimeLocal":"2019-08-02T13:46:03.8+03:00"},{"startDateTime":"2019-08-02T10:44:00","startDateTimeLocal":"2019-08-02T13:44:00+03:00","stageTimeDurationMs":264000,"stageTimeDuration":"00:04:24","splitPointTimeId":85035,"splitPointId":2571,"entryId":20088,"elapsedDurationMs":295600,"elapsedDuration":"PT4M55.6S","splitDateTime":"2019-08-02T10:48:55.6","splitDateTimeLocal":"2019-08-02T13:48:55.6+03:00"}]