[{"entryId":19344,"stageTimeMs":5610300,"stageTime":"PT1H33M30.3S","penaltyTimeMs":0,"penaltyTime":"PT0S","totalTimeMs":5610300,"totalTime":"PT1H33M30.3S","position":1,"diffFirstMs":0,"diffFirst":"PT0S","diffPrevMs":0,"diffPrev":"PT0S"},{"entryId":19338,"stageTimeMs":5610500,"stageTime":"PT1H33M30.5S","penaltyTimeMs":0,"penaltyTime":"PT0S","totalTimeMs":5610500,"totalTime":"PT1H33M30.5S","position":2,"diffFirstMs":200,"diffFirst":"PT0.2S","diffPrevMs":200,"diffPrev":"PT0.2S"},{"entryId":19339,"stageTimeMs":5621000,"stageTime":"PT1H33M41S","penaltyTimeMs":0,"penaltyTime":"PT0S","totalTimeMs":5621000,"totalTime":"PT1H33M41S","position":3,"diffFirstMs":10700,"diffFirst":"PT10.7S","diffPrevMs":10500,"diffPrev":"PT10.5S"},{"entryId":19347,"stageTimeMs":5644600,"stageTime":"PT1H34M4.6S","penaltyTimeMs":0,"penaltyTime":"PT0S","totalTimeMs":5644600,"totalTime":"PT1H34M4.6S","position":4,"diffFirstMs":34300,"diffFirst":"PT34.3S","diffPrevMs":23600,"diffPrev":"PT23.6S"},{"entryId":19346,"stageTimeMs":5655200,"stageTime":"PT1H34M15.2S","penaltyTimeMs":0,"penaltyTime":"PT0S","totalTimeMs":5655200,"totalTime":"PT1H34M15.2S","position":5,"diffFirstMs":44900,"diffFirst":"PT44.9S","diffPrevMs":10600,"diffPrev":"PT10.6S"},{"entryId":19340,"stageTimeMs":5659600,"stageTime":"PT1H34M19.6S","penaltyTimeMs":0,"penaltyTime":"PT0S","totalTimeMs":5659600,"totalTime":"PT1H34M19.6S","position":6,"diffFirstMs":49300,"diffFirst":"PT49.3S","diffPrevMs":4400,"diffPrev":"PT4.4S"},{"entryId":19342,"stageTimeMs":5670700,"stageTime":"PT1H34M30.7S","penaltyTimeMs":0,"penaltyTime":"PT0S","totalTimeMs":5670700,"totalTime":"PT1H34M30.7S","position":7,"diffFirstMs":60400,"diffFirst":"PT1M0.4S","diffPrevMs":11100,"diffPrev":"PT11.1S"},{"entryId":19343,"stageTimeMs":5763100,"stageTime":"PT1H36M3.1S","penaltyTimeMs":0,"penaltyTime":"PT0S","totalTimeMs":5763100,"totalTime":"PT1H36M3.1S","position":8,"diffFirstMs":152800,"diffFirst":"PT2M32.8S","diffPrevMs":92400,"diffPrev":"PT1M32.4S"},{"entryId":19359,"stageTimeMs":5838100,"stageTime":"PT1H37M18.1S","penaltyTimeMs":0,"penaltyTime":"PT0S","totalTimeMs":5838100,"totalTime":"PT1H37M18.1S","position":9,"diffFirstMs":227800,"diffFirst":"PT3M47.8S","diffPrevMs":75000,"diffPrev":"PT1M15S"},{"entryId":19341,"stageTimeMs":5838500,"stageTime":"PT1H37M18.5S","penaltyTimeMs":0,"penaltyTime":"PT0S","totalTimeMs":5838500,"totalTime":"PT1H37M18.5S","position":10,"diffFirstMs":228200,"diffFirst":"PT3M48.2S","diffPrevMs":400,"diffPrev":"PT0.4S"},{"entryId":19345,"stageTimeMs":5840800,"stageTime":"PT1H37M20.8S","penaltyTimeMs":0,"penaltyTime":"PT0S","totalTimeMs":5840800,"totalTime":"PT1H37M20.8S","position":11,"diffFirstMs":230500,"diffFirst":"PT3M50.5S","diffPrevMs":2300,"diffPrev":"PT2.3S"},{"entryId":19354,"stageTimeMs":5894500,"stageTime":"PT1H38M14.5S","penaltyTimeMs":0,"penaltyTime":"PT0S","totalTimeMs":5894500,"totalTime":"PT1H38M14.5S","position":12,"diffFirstMs":284200,"diffFirst":"PT4M44.2S","diffPrevMs":53700,"diffPrev":"PT53.7S"},{"entryId":19364,"stageTimeMs":5903800,"stageTime":"PT1H38M23.8S","penaltyTimeMs":0,"penaltyTime":"PT0S","totalTimeMs":5903800,"totalTime":"PT1H38M23.8S","position":13,"diffFirstMs":293500,"diffFirst":"PT4M53.5S","diffPrevMs":9300,"diffPrev":"PT9.3S"},{"entryId":19355,"stageTimeMs":5910900,"stageTime":"PT1H38M30.9S","penaltyTimeMs":0,"penaltyTime":"PT0S","totalTimeMs":5910900,"totalTime":"PT1H38M30.9S","position":14,"diffFirstMs":300600,"diffFirst":"PT5M0.6S","diffPrevMs":7100,"diffPrev":"PT7.1S"},{"entryId":19361,"stageTimeMs":5916900,"stageTime":"PT1H38M36.9S","penaltyTimeMs":0,"penaltyTime":"PT0S","totalTimeMs":5916900,"totalTime":"PT1H38M36.9S","position":15,"diffFirstMs":306600,"diffFirst":"PT5M6.6S","diffPrevMs":6000,"diffPrev":"PT6S"},{"entryId":19350,"stageTimeMs":5923700,"stageTime":"PT1H38M43.7S","penaltyTimeMs":0,"penaltyTime":"PT0S","totalTimeMs":5923700,"totalTime":"PT1H38M43.7S","position":16,"diffFirstMs":313400,"diffFirst":"PT5M13.4S","diffPrevMs":6800,"diffPrev":"PT6.8S"},{"entryId":19348,"stageTimeMs":5932800,"stageTime":"PT1H38M52.8S","penaltyTimeMs":0,"penaltyTime":"PT0S","totalTimeMs":5932800,"totalTime":"PT1H38M52.8S","position":17,"diffFirstMs":322500,"diffFirst":"PT5M22.5S","diffPrevMs":9100,"diffPrev":"PT9.1S"},{"entryId":19387,"stageTimeMs":5944200,"stageTime":"PT1H39M4.2S","penaltyTimeMs":0,"penaltyTime":"PT0S","totalTimeMs":5944200,"totalTime":"PT1H39M4.2S","position":18,"diffFirstMs":333900,"diffFirst":"PT5M33.9S","diffPrevMs":11400,"diffPrev":"PT11.4S"},{"entryId":19353,"stageTimeMs":6019900,"stageTime":"PT1H40M19.9S","penaltyTimeMs":0,"penaltyTime":"PT0S","totalTimeMs":6019900,"totalTime":"PT1H40M19.9S","position":19,"diffFirstMs":409600,"diffFirst":"PT6M49.6S","diffPrevMs":75700,"diffPrev":"PT1M15.7S"},{"entryId":19358,"stageTimeMs":6046800,"stageTime":"PT1H40M46.8S","penaltyTimeMs":0,"penaltyTime":"PT0S","totalTimeMs":6046800,"totalTime":"PT1H40M46.8S","position":20,"diffFirstMs":436500,"diffFirst":"PT7M16.5S","diffPrevMs":26900,"diffPrev":"PT26.9S"},{"entryId":19360,"stageTimeMs":6088700,"stageTime":"PT1H41M28.7S","penaltyTimeMs":0,"penaltyTime":"PT0S","totalTimeMs":6088700,"totalTime":"PT1H41M28.7S","position":21,"diffFirstMs":478400,"diffFirst":"PT7M58.4S","diffPrevMs":41900,"diffPrev":"PT41.9S"},{"entryId":19356,"stageTimeMs":6129200,"stageTime":"PT1H42M9.2S","penaltyTimeMs":0,"penaltyTime":"PT0S","totalTimeMs":6129200,"totalTime":"PT1H42M9.2S","position":22,"diffFirstMs":518900,"diffFirst":"PT8M38.9S","diffPrevMs":40500,"diffPrev":"PT40.5S"},{"entryId":19349,"stageTimeMs":6138900,"stageTime":"PT1H42M18.9S","penaltyTimeMs":0,"penaltyTime":"PT0S","totalTimeMs":6138900,"totalTime":"PT1H42M18.9S","position":23,"diffFirstMs":528600,"diffFirst":"PT8M48.6S","diffPrevMs":9700,"diffPrev":"PT9.7S"},{"entryId":19389,"stageTimeMs":6148700,"stageTime":"PT1H42M28.7S","penaltyTimeMs":0,"penaltyTime":"PT0S","totalTimeMs":6148700,"totalTime":"PT1H42M28.7S","position":24,"diffFirstMs":538400,"diffFirst":"PT8M58.4S","diffPrevMs":9800,"diffPrev":"PT9.8S"},{"entryId":19365,"stageTimeMs":6202300,"stageTime":"PT1H43M22.3S","penaltyTimeMs":0,"penaltyTime":"PT0S","totalTimeMs":6202300,"totalTime":"PT1H43M22.3S","position":25,"diffFirstMs":592000,"diffFirst":"PT9M52S","diffPrevMs":53600,"diffPrev":"PT53.6S"},{"entryId":19388,"stageTimeMs":6267900,"stageTime":"PT1H44M27.9S","penaltyTimeMs":10000,"penaltyTime":"PT10S","totalTimeMs":6277900,"totalTime":"PT1H44M37.9S","position":26,"diffFirstMs":667600,"diffFirst":"PT11M7.6S","diffPrevMs":75600,"diffPrev":"PT1M15.6S"},{"entryId":19351,"stageTimeMs":6284200,"stageTime":"PT1H44M44.2S","penaltyTimeMs":0,"penaltyTime":"PT0S","totalTimeMs":6284200,"totalTime":"PT1H44M44.2S","position":27,"diffFirstMs":673900,"diffFirst":"PT11M13.9S","diffPrevMs":6300,"diffPrev":"PT6.3S"},{"entryId":19394,"stageTimeMs":6416300,"stageTime":"PT1H46M56.3S","penaltyTimeMs":0,"penaltyTime":"PT0S","totalTimeMs":6416300,"totalTime":"PT1H46M56.3S","position":28,"diffFirstMs":806000,"diffFirst":"PT13M26S","diffPrevMs":132100,"diffPrev":"PT2M12.1S"},{"entryId":19383,"stageTimeMs":6458900,"stageTime":"PT1H47M38.9S","penaltyTimeMs":0,"penaltyTime":"PT0S","totalTimeMs":6458900,"totalTime":"PT1H47M38.9S","position":29,"diffFirstMs":848600,"diffFirst":"PT14M8.6S","diffPrevMs":42600,"diffPrev":"PT42.6S"},{"entryId":19370,"stageTimeMs":6482000,"stageTime":"PT1H48M2S","penaltyTimeMs":0,"penaltyTime":"PT0S","totalTimeMs":6482000,"totalTime":"PT1H48M2S","position":30,"diffFirstMs":871700,"diffFirst":"PT14M31.7S","diffPrevMs":23100,"diffPrev":"PT23.1S"},{"entryId":19373,"stageTimeMs":6505900,"stageTime":"PT1H48M25.9S","penaltyTimeMs":0,"penaltyTime":"PT0S","totalTimeMs":6505900,"totalTime":"PT1H48M25.9S","position":31,"diffFirstMs":895600,"diffFirst":"PT14M55.6S","diffPrevMs":23900,"diffPrev":"PT23.9S"},{"entryId":19396,"stageTimeMs":6524300,"stageTime":"PT1H48M44.3S","penaltyTimeMs":0,"penaltyTime":"PT0S","totalTimeMs":6524300,"totalTime":"PT1H48M44.3S","position":32,"diffFirstMs":914000,"diffFirst":"PT15M14S","diffPrevMs":18400,"diffPrev":"PT18.4S"},{"entryId":19357,"stageTimeMs":6525100,"stageTime":"PT1H48M45.1S","penaltyTimeMs":0,"penaltyTime":"PT0S","totalTimeMs":6525100,"totalTime":"PT1H48M45.1S","position":33,"diffFirstMs":914800,"diffFirst":"PT15M14.8S","diffPrevMs":800,"diffPrev":"PT0.8S"},{"entryId":19380,"stageTimeMs":6540200,"stageTime":"PT1H49M0.2S","penaltyTimeMs":0,"penaltyTime":"PT0S","totalTimeMs":6540200,"totalTime":"PT1H49M0.2S","position":34,"diffFirstMs":929900,"diffFirst":"PT15M29.9S","diffPrevMs":15100,"diffPrev":"PT15.1S"},{"entryId":19372,"stageTimeMs":6595400,"stageTime":"PT1H49M55.4S","penaltyTimeMs":0,"penaltyTime":"PT0S","totalTimeMs":6595400,"totalTime":"PT1H49M55.4S","position":35,"diffFirstMs":985100,"diffFirst":"PT16M25.1S","diffPrevMs":55200,"diffPrev":"PT55.2S"},{"entryId":19384,"stageTimeMs":6610300,"stageTime":"PT1H50M10.3S","penaltyTimeMs":0,"penaltyTime":"PT0S","totalTimeMs":6610300,"totalTime":"PT1H50M10.3S","position":36,"diffFirstMs":1000000,"diffFirst":"PT16M40S","diffPrevMs":14900,"diffPrev":"PT14.9S"},{"entryId":19395,"stageTimeMs":6614900,"stageTime":"PT1H50M14.9S","penaltyTimeMs":0,"penaltyTime":"PT0S","totalTimeMs":6614900,"totalTime":"PT1H50M14.9S","position":37,"diffFirstMs":1004600,"diffFirst":"PT16M44.6S","diffPrevMs":4600,"diffPrev":"PT4.6S"},{"entryId":19405,"stageTimeMs":6663200,"stageTime":"PT1H51M3.2S","penaltyTimeMs":0,"penaltyTime":"PT0S","totalTimeMs":6663200,"totalTime":"PT1H51M3.2S","position":38,"diffFirstMs":1052900,"diffFirst":"PT17M32.9S","diffPrevMs":48300,"diffPrev":"PT48.3S"},{"entryId":19382,"stageTimeMs":6685300,"stageTime":"PT1H51M25.3S","penaltyTimeMs":0,"penaltyTime":"PT0S","totalTimeMs":6685300,"totalTime":"PT1H51M25.3S","position":39,"diffFirstMs":1075000,"diffFirst":"PT17M55S","diffPrevMs":22100,"diffPrev":"PT22.1S"},{"entryId":19366,"stageTimeMs":6705800,"stageTime":"PT1H51M45.8S","penaltyTimeMs":0,"penaltyTime":"PT0S","totalTimeMs":6705800,"totalTime":"PT1H51M45.8S","position":40,"diffFirstMs":1095500,"diffFirst":"PT18M15.5S","diffPrevMs":20500,"diffPrev":"PT20.5S"},{"entryId":19385,"stageTimeMs":6739300,"stageTime":"PT1H52M19.3S","penaltyTimeMs":0,"penaltyTime":"PT0S","totalTimeMs":6739300,"totalTime":"PT1H52M19.3S","position":41,"diffFirstMs":1129000,"diffFirst":"PT18M49S","diffPrevMs":33500,"diffPrev":"PT33.5S"},{"entryId":19410,"stageTimeMs":6749300,"stageTime":"PT1H52M29.3S","penaltyTimeMs":0,"penaltyTime":"PT0S","totalTimeMs":6749300,"totalTime":"PT1H52M29.3S","position":42,"diffFirstMs":1139000,"diffFirst":"PT18M59S","diffPrevMs":10000,"diffPrev":"PT10S"},{"entryId":19374,"stageTimeMs":6785800,"stageTime":"PT1H53M5.8S","penaltyTimeMs":0,"penaltyTime":"PT0S","totalTimeMs":6785800,"totalTime":"PT1H53M5.8S","position":43,"diffFirstMs":1175500,"diffFirst":"PT19M35.5S","diffPrevMs":36500,"diffPrev":"PT36.5S"},{"entryId":19377,"stageTimeMs":6795600,"stageTime":"PT1H53M15.6S","penaltyTimeMs":0,"penaltyTime":"PT0S","totalTimeMs":6795600,"totalTime":"PT1H53M15.6S","position":44,"diffFirstMs":1185300,"diffFirst":"PT19M45.3S","diffPrevMs":9800,"diffPrev":"PT9.8S"},{"entryId":19371,"stageTimeMs":6797700,"stageTime":"PT1H53M17.7S","penaltyTimeMs":0,"penaltyTime":"PT0S","totalTimeMs":6797700,"totalTime":"PT1H53M17.7S","position":45,"diffFirstMs":1187400,"diffFirst":"PT19M47.4S","diffPrevMs":2100,"diffPrev":"PT2.1S"},{"entryId":19381,"stageTimeMs":6837000,"stageTime":"PT1H53M57S","penaltyTimeMs":0,"penaltyTime":"PT0S","totalTimeMs":6837000,"totalTime":"PT1H53M57S","position":46,"diffFirstMs":1226700,"diffFirst":"PT20M26.7S","diffPrevMs":39300,"diffPrev":"PT39.3S"},{"entryId":19408,"stageTimeMs":6846100,"stageTime":"PT1H54M6.1S","penaltyTimeMs":0,"penaltyTime":"PT0S","totalTimeMs":6846100,"totalTime":"PT1H54M6.1S","position":47,"diffFirstMs":1235800,"diffFirst":"PT20M35.8S","diffPrevMs":9100,"diffPrev":"PT9.1S"},{"entryId":19411,"stageTimeMs":6858300,"stageTime":"PT1H54M18.3S","penaltyTimeMs":0,"penaltyTime":"PT0S","totalTimeMs":6858300,"totalTime":"PT1H54M18.3S","position":48,"diffFirstMs":1248000,"diffFirst":"PT20M48S","diffPrevMs":12200,"diffPrev":"PT12.2S"},{"entryId":19392,"stageTimeMs":6854800,"stageTime":"PT1H54M14.8S","penaltyTimeMs":10000,"penaltyTime":"PT10S","totalTimeMs":6864800,"totalTime":"PT1H54M24.8S","position":49,"diffFirstMs":1254500,"diffFirst":"PT20M54.5S","diffPrevMs":6500,"diffPrev":"PT6.5S"},{"entryId":19379,"stageTimeMs":6876500,"stageTime":"PT1H54M36.5S","penaltyTimeMs":0,"penaltyTime":"PT0S","totalTimeMs":6876500,"totalTime":"PT1H54M36.5S","position":50,"diffFirstMs":1266200,"diffFirst":"PT21M6.2S","diffPrevMs":11700,"diffPrev":"PT11.7S"},{"entryId":19404,"stageTimeMs":6916900,"stageTime":"PT1H55M16.9S","penaltyTimeMs":0,"penaltyTime":"PT0S","totalTimeMs":6916900,"totalTime":"PT1H55M16.9S","position":51,"diffFirstMs":1306600,"diffFirst":"PT21M46.6S","diffPrevMs":40400,"diffPrev":"PT40.4S"},{"entryId":19416,"stageTimeMs":6918000,"stageTime":"PT1H55M18S","penaltyTimeMs":0,"penaltyTime":"PT0S","totalTimeMs":6918000,"totalTime":"PT1H55M18S","position":52,"diffFirstMs":1307700,"diffFirst":"PT21M47.7S","diffPrevMs":1100,"diffPrev":"PT1.1S"},{"entryId":19397,"stageTimeMs":7001000,"stageTime":"PT1H56M41S","penaltyTimeMs":10000,"penaltyTime":"PT10S","totalTimeMs":7011000,"totalTime":"PT1H56M51S","position":53,"diffFirstMs":1400700,"diffFirst":"PT23M20.7S","diffPrevMs":93000,"diffPrev":"PT1M33S"},{"entryId":19413,"stageTimeMs":7019900,"stageTime":"PT1H56M59.9S","penaltyTimeMs":0,"penaltyTime":"PT0S","totalTimeMs":7019900,"totalTime":"PT1H56M59.9S","position":54,"diffFirstMs":1409600,"diffFirst":"PT23M29.6S","diffPrevMs":8900,"diffPrev":"PT8.9S"},{"entryId":19401,"stageTimeMs":7027500,"stageTime":"PT1H57M7.5S","penaltyTimeMs":0,"penaltyTime":"PT0S","totalTimeMs":7027500,"totalTime":"PT1H57M7.5S","position":55,"diffFirstMs":1417200,"diffFirst":"PT23M37.2S","diffPrevMs":7600,"diffPrev":"PT7.6S"},{"entryId":19412,"stageTimeMs":7031600,"stageTime":"PT1H57M11.6S","penaltyTimeMs":0,"penaltyTime":"PT0S","totalTimeMs":7031600,"totalTime":"PT1H57M11.6S","position":56,"diffFirstMs":1421300,"diffFirst":"PT23M41.3S","diffPrevMs":4100,"diffPrev":"PT4.1S"},{"entryId":19423,"stageTimeMs":7047000,"stageTime":"PT1H57M27S","penaltyTimeMs":0,"penaltyTime":"PT0S","totalTimeMs":7047000,"totalTime":"PT1H57M27S","position":57,"diffFirstMs":1436700,"diffFirst":"PT23M56.7S","diffPrevMs":15400,"diffPrev":"PT15.4S"},{"entryId":19419,"stageTimeMs":7069200,"stageTime":"PT1H57M49.2S","penaltyTimeMs":10000,"penaltyTime":"PT10S","totalTimeMs":7079200,"totalTime":"PT1H57M59.2S","position":58,"diffFirstMs":1468900,"diffFirst":"PT24M28.9S","diffPrevMs":32200,"diffPrev":"PT32.2S"},{"entryId":19352,"stageTimeMs":7224100,"stageTime":"PT2H24.1S","penaltyTimeMs":0,"penaltyTime":"PT0S","totalTimeMs":7224100,"totalTime":"PT2H24.1S","position":59,"diffFirstMs":1613800,"diffFirst":"PT26M53.8S","diffPrevMs":144900,"diffPrev":"PT2M24.9S"},{"entryId":19407,"stageTimeMs":7231200,"stageTime":"PT2H31.2S","penaltyTimeMs":0,"penaltyTime":"PT0S","totalTimeMs":7231200,"totalTime":"PT2H31.2S","position":60,"diffFirstMs":1620900,"diffFirst":"PT27M0.9S","diffPrevMs":7100,"diffPrev":"PT7.1S"},{"entryId":19420,"stageTimeMs":7246700,"stageTime":"PT2H46.7S","penaltyTimeMs":0,"penaltyTime":"PT0S","totalTimeMs":7246700,"totalTime":"PT2H46.7S","position":61,"diffFirstMs":1636400,"diffFirst":"PT27M16.4S","diffPrevMs":15500,"diffPrev":"PT15.5S"},{"entryId":19422,"stageTimeMs":7251300,"stageTime":"PT2H51.3S","penaltyTimeMs":0,"penaltyTime":"PT0S","totalTimeMs":7251300,"totalTime":"PT2H51.3S","position":62,"diffFirstMs":1641000,"diffFirst":"PT27M21S","diffPrevMs":4600,"diffPrev":"PT4.6S"},{"entryId":19427,"stageTimeMs":7403000,"stageTime":"PT2H3M23S","penaltyTimeMs":0,"penaltyTime":"PT0S","totalTimeMs":7403000,"totalTime":"PT2H3M23S","position":63,"diffFirstMs":1792700,"diffFirst":"PT29M52.7S","diffPrevMs":151700,"diffPrev":"PT2M31.7S"},{"entryId":19391,"stageTimeMs":7404300,"stageTime":"PT2H3M24.3S","penaltyTimeMs":0,"penaltyTime":"PT0S","totalTimeMs":7404300,"totalTime":"PT2H3M24.3S","position":64,"diffFirstMs":1794000,"diffFirst":"PT29M54S","diffPrevMs":1300,"diffPrev":"PT1.3S"},{"entryId":19398,"stageTimeMs":7422700,"stageTime":"PT2H3M42.7S","penaltyTimeMs":0,"penaltyTime":"PT0S","totalTimeMs":7422700,"totalTime":"PT2H3M42.7S","position":65,"diffFirstMs":1812400,"diffFirst":"PT30M12.4S","diffPrevMs":18400,"diffPrev":"PT18.4S"},{"entryId":19430,"stageTimeMs":7482000,"stageTime":"PT2H4M42S","penaltyTimeMs":0,"penaltyTime":"PT0S","totalTimeMs":7482000,"totalTime":"PT2H4M42S","position":66,"diffFirstMs":1871700,"diffFirst":"PT31M11.7S","diffPrevMs":59300,"diffPrev":"PT59.3S"},{"entryId":19426,"stageTimeMs":7514400,"stageTime":"PT2H5M14.4S","penaltyTimeMs":0,"penaltyTime":"PT0S","totalTimeMs":7514400,"totalTime":"PT2H5M14.4S","position":67,"diffFirstMs":1904100,"diffFirst":"PT31M44.1S","diffPrevMs":32400,"diffPrev":"PT32.4S"},{"entryId":19433,"stageTimeMs":7519700,"stageTime":"PT2H5M19.7S","penaltyTimeMs":0,"penaltyTime":"PT0S","totalTimeMs":7519700,"totalTime":"PT2H5M19.7S","position":68,"diffFirstMs":1909400,"diffFirst":"PT31M49.4S","diffPrevMs":5300,"diffPrev":"PT5.3S"},{"entryId":19368,"stageTimeMs":7525300,"stageTime":"PT2H5M25.3S","penaltyTimeMs":0,"penaltyTime":"PT0S","totalTimeMs":7525300,"totalTime":"PT2H5M25.3S","position":69,"diffFirstMs":1915000,"diffFirst":"PT31M55S","diffPrevMs":5600,"diffPrev":"PT5.6S"},{"entryId":19402,"stageTimeMs":7575300,"stageTime":"PT2H6M15.3S","penaltyTimeMs":0,"penaltyTime":"PT0S","totalTimeMs":7575300,"totalTime":"PT2H6M15.3S","position":70,"diffFirstMs":1965000,"diffFirst":"PT32M45S","diffPrevMs":50000,"diffPrev":"PT50S"},{"entryId":19418,"stageTimeMs":7630700,"stageTime":"PT2H7M10.7S","penaltyTimeMs":0,"penaltyTime":"PT0S","totalTimeMs":7630700,"totalTime":"PT2H7M10.7S","position":71,"diffFirstMs":2020400,"diffFirst":"PT33M40.4S","diffPrevMs":55400,"diffPrev":"PT55.4S"},{"entryId":19362,"stageTimeMs":7702600,"stageTime":"PT2H8M22.6S","penaltyTimeMs":0,"penaltyTime":"PT0S","totalTimeMs":7702600,"totalTime":"PT2H8M22.6S","position":72,"diffFirstMs":2092300,"diffFirst":"PT34M52.3S","diffPrevMs":71900,"diffPrev":"PT1M11.9S"},{"entryId":19432,"stageTimeMs":7845200,"stageTime":"PT2H10M45.2S","penaltyTimeMs":0,"penaltyTime":"PT0S","totalTimeMs":7845200,"totalTime":"PT2H10M45.2S","position":73,"diffFirstMs":2234900,"diffFirst":"PT37M14.9S","diffPrevMs":142600,"diffPrev":"PT2M22.6S"},{"entryId":19429,"stageTimeMs":7853600,"stageTime":"PT2H10M53.6S","penaltyTimeMs":0,"penaltyTime":"PT0S","totalTimeMs":7853600,"totalTime":"PT2H10M53.6S","position":74,"diffFirstMs":2243300,"diffFirst":"PT37M23.3S","diffPrevMs":8400,"diffPrev":"PT8.4S"},{"entryId":19428,"stageTimeMs":7996000,"stageTime":"PT2H13M16S","penaltyTimeMs":0,"penaltyTime":"PT0S","totalTimeMs":7996000,"totalTime":"PT2H13M16S","position":75,"diffFirstMs":2385700,"diffFirst":"PT39M45.7S","diffPrevMs":142400,"diffPrev":"PT2M22.4S"},{"entryId":19431,"stageTimeMs":8131700,"stageTime":"PT2H15M31.7S","penaltyTimeMs":0,"penaltyTime":"PT0S","totalTimeMs":8131700,"totalTime":"PT2H15M31.7S","position":76,"diffFirstMs":2521400,"diffFirst":"PT42M1.4S","diffPrevMs":135700,"diffPrev":"PT2M15.7S"},{"entryId":19403,"stageTimeMs":8230200,"stageTime":"PT2H17M10.2S","penaltyTimeMs":20000,"penaltyTime":"PT20S","totalTimeMs":8250200,"totalTime":"PT2H17M30.2S","position":77,"diffFirstMs":2639900,"diffFirst":"PT43M59.9S","diffPrevMs":118500,"diffPrev":"PT1M58.5S"},{"entryId":19400,"stageTimeMs":8300400,"stageTime":"PT2H18M20.4S","penaltyTimeMs":210000,"penaltyTime":"PT3M30S","totalTimeMs":8510400,"totalTime":"PT2H21M50.4S","position":78,"diffFirstMs":2900100,"diffFirst":"PT48M20.1S","diffPrevMs":260200,"diffPrev":"PT4M20.2S"},{"entryId":19424,"stageTimeMs":8567300,"stageTime":"PT2H22M47.3S","penaltyTimeMs":0,"penaltyTime":"PT0S","totalTimeMs":8567300,"totalTime":"PT2H22M47.3S","position":79,"diffFirstMs":2957000,"diffFirst":"PT49M17S","diffPrevMs":56900,"diffPrev":"PT56.9S"},{"entryId":19421,"stageTimeMs":8651800,"stageTime":"PT2H24M11.8S","penaltyTimeMs":0,"penaltyTime":"PT0S","totalTimeMs":8651800,"totalTime":"PT2H24M11.8S","position":80,"diffFirstMs":3041500,"diffFirst":"PT50M41.5S","diffPrevMs":84500,"diffPrev":"PT1M24.5S"},{"entryId":19369,"stageTimeMs":8730300,"stageTime":"PT2H25M30.3S","penaltyTimeMs":0,"penaltyTime":"PT0S","totalTimeMs":8730300,"totalTime":"PT2H25M30.3S","position":81,"diffFirstMs":3120000,"diffFirst":"PT52M","diffPrevMs":78500,"diffPrev":"PT1M18.5S"},{"entryId":19386,"stageTimeMs":9028300,"stageTime":"PT2H30M28.3S","penaltyTimeMs":0,"penaltyTime":"PT0S","totalTimeMs":9028300,"totalTime":"PT2H30M28.3S","position":82,"diffFirstMs":3418000,"diffFirst":"PT56M58S","diffPrevMs":298000,"diffPrev":"PT4M58S"}]