{"itineraryLegs":[{"itinerarySections":[{"controls":[{"controlId":3667,"eventId":78,"stageId":880,"type":"TimeControl","code":"TC0","location":"GAP (Place Desmichels)","timingPrecision":"Minute","distance":null,"targetDuration":null,"targetDurationMs":null,"firstCarDueDateTime":"2019-01-24T17:50:00","firstCarDueDateTimeLocal":"2019-01-24T18:50:00+01:00","status":"Completed","controlPenalties":"All","roundingPolicy":"NoRounding","locked":false},{"controlId":3720,"eventId":78,"stageId":881,"type":"TimeControl","code":"TC1","location":"LA BREOLE","timingPrecision":"Minute","distance":32.52,"targetDuration":"00:45:00","targetDurationMs":2700000,"firstCarDueDateTime":"2019-01-24T18:35:00","firstCarDueDateTimeLocal":"2019-01-24T19:35:00+01:00","status":"Completed","controlPenalties":"All","roundingPolicy":"NoRounding","locked":false},{"controlId":3721,"eventId":78,"stageId":881,"type":"StageStart","code":"SS1","location":"LA BREOLE - SELONNET","timingPrecision":"Minute","distance":20.76,"targetDuration":"00:03:00","targetDurationMs":180000,"firstCarDueDateTime":"2019-01-24T18:38:00","firstCarDueDateTimeLocal":"2019-01-24T19:38:00+01:00","status":"Completed","controlPenalties":"None","roundingPolicy":"RoundToClosestMinute","locked":false},{"controlId":3722,"eventId":78,"stageId":881,"type":"FlyingFinish","code":"SF1","location":"LA BREOLE - SELONNET","timingPrecision":"Tenth","distance":null,"targetDuration":null,"targetDurationMs":null,"firstCarDueDateTime":null,"firstCarDueDateTimeLocal":null,"status":"Completed","controlPenalties":"None","roundingPolicy":"NoRounding","locked":false},{"controlId":3723,"eventId":78,"stageId":885,"type":"TimeControl","code":"TC2","location":"AVANÇON","timingPrecision":"Minute","distance":32.04,"targetDuration":"01:00:00","targetDurationMs":3600000,"firstCarDueDateTime":"2019-01-24T19:38:00","firstCarDueDateTimeLocal":"2019-01-24T20:38:00+01:00","status":"Completed","controlPenalties":"All","roundingPolicy":"NoRounding","locked":false},{"controlId":3724,"eventId":78,"stageId":885,"type":"StageStart","code":"SS2","location":"AVANÇON - NOTRE DAME DU LAUS","timingPrecision":"Minute","distance":20.59,"targetDuration":"00:03:00","targetDurationMs":180000,"firstCarDueDateTime":"2019-01-24T19:41:00","firstCarDueDateTimeLocal":"2019-01-24T20:41:00+01:00","status":"Completed","controlPenalties":"None","roundingPolicy":"RoundToClosestMinute","locked":false},{"controlId":3725,"eventId":78,"stageId":885,"type":"FlyingFinish","code":"SF2","location":"AVANÇON - NOTRE DAME DU LAUS","timingPrecision":"Tenth","distance":null,"targetDuration":null,"targetDurationMs":null,"firstCarDueDateTime":null,"firstCarDueDateTimeLocal":null,"status":"Completed","controlPenalties":"None","roundingPolicy":"NoRounding","locked":false},{"controlId":3668,"eventId":78,"stageId":null,"type":"TimeControl","code":"TC2A","location":"Technical Zone (IN) ","timingPrecision":"Minute","distance":19.96,"targetDuration":"00:50:00","targetDurationMs":3000000,"firstCarDueDateTime":"2019-01-24T20:31:00","firstCarDueDateTimeLocal":"2019-01-24T21:31:00+01:00","status":"Completed","controlPenalties":"All","roundingPolicy":"NoRounding","locked":false},{"controlId":3669,"eventId":78,"stageId":null,"type":"TimeControl","code":"TC2B","location":"Technical Zone (OUT) - Flexi Service (IN)","timingPrecision":"Minute","distance":0.1,"targetDuration":"00:10:00","targetDurationMs":600000,"firstCarDueDateTime":"2019-01-24T20:41:00","firstCarDueDateTimeLocal":"2019-01-24T21:41:00+01:00","status":"Completed","controlPenalties":"None","roundingPolicy":"NoRounding","locked":false},{"controlId":3670,"eventId":78,"stageId":null,"type":"TimeControl","code":"TC2C","location":"Flexi Service (OUT) - Parc Fermé (IN) ","timingPrecision":"Minute","distance":1.3,"targetDuration":"00:48:00","targetDurationMs":2880000,"firstCarDueDateTime":"2019-01-24T21:29:00","firstCarDueDateTimeLocal":"2019-01-24T22:29:00+01:00","status":"Completed","controlPenalties":"None","roundingPolicy":"NoRounding","locked":false}],"stages":[{"stageId":881,"eventId":78,"number":1,"name":"LA BREOLE - SELONNET","distance":20.76,"status":"Completed","stageType":"SpecialStage","timingPrecision":"Tenth","locked":false,"code":"SS1"},{"stageId":885,"eventId":78,"number":2,"name":"AVANÇON - NOTRE DAME DU LAUS","distance":20.59,"status":"Completed","stageType":"SpecialStage","timingPrecision":"Tenth","locked":false,"code":"SS2"}],"itinerarySectionId":362,"itineraryLegId":155,"order":1,"name":"Section 1"}],"itineraryLegId":155,"itineraryId":144,"startListId":255,"name":"Thursday 24th January","legDate":"2019-01-24","order":1,"status":"Completed"},{"itinerarySections":[{"controls":[{"controlId":3671,"eventId":78,"stageId":null,"type":"TimeControl","code":"TC2D","location":"GAP - Parc Fermé (OUT) - Service (IN)","timingPrecision":"Minute","distance":0.0,"targetDuration":null,"targetDurationMs":null,"firstCarDueDateTime":"2019-01-25T06:30:00","firstCarDueDateTimeLocal":"2019-01-25T07:30:00+01:00","status":"Completed","controlPenalties":"All","roundingPolicy":"NoRounding","locked":false},{"controlId":3672,"eventId":78,"stageId":null,"type":"TimeControl","code":"TC2E","location":"Service (OUT)","timingPrecision":"Minute","distance":1.3,"targetDuration":"00:18:00","targetDurationMs":1080000,"firstCarDueDateTime":"2019-01-25T06:48:00","firstCarDueDateTimeLocal":"2019-01-25T07:48:00+01:00","status":"Completed","controlPenalties":"All","roundingPolicy":"NoRounding","locked":false},{"controlId":3726,"eventId":78,"stageId":894,"type":"TimeControl","code":"TC3","location":"VALDROME","timingPrecision":"Minute","distance":69.74,"targetDuration":"01:20:00","targetDurationMs":4800000,"firstCarDueDateTime":"2019-01-25T08:08:00","firstCarDueDateTimeLocal":"2019-01-25T09:08:00+01:00","status":"Completed","controlPenalties":"All","roundingPolicy":"NoRounding","locked":false},{"controlId":3729,"eventId":78,"stageId":894,"type":"StageStart","code":"SS3","location":"VALDROME - SIGOTTIER 1","timingPrecision":"Minute","distance":20.04,"targetDuration":"00:03:00","targetDurationMs":180000,"firstCarDueDateTime":"2019-01-25T08:11:00","firstCarDueDateTimeLocal":"2019-01-25T09:11:00+01:00","status":"Cancelled","controlPenalties":"None","roundingPolicy":"RoundToClosestMinute","locked":false},{"controlId":3728,"eventId":78,"stageId":894,"type":"FlyingFinish","code":"SF3","location":"VALDROME - SIGOTTIER 1","timingPrecision":"Tenth","distance":null,"targetDuration":null,"targetDurationMs":null,"firstCarDueDateTime":null,"firstCarDueDateTimeLocal":null,"status":"Cancelled","controlPenalties":"None","roundingPolicy":"NoRounding","locked":false},{"controlId":3739,"eventId":78,"stageId":886,"type":"TimeControl","code":"TC4","location":"ROUSSIEUX","timingPrecision":"Minute","distance":33.16,"targetDuration":"01:00:00","targetDurationMs":3600000,"firstCarDueDateTime":"2019-01-25T09:11:00","firstCarDueDateTimeLocal":"2019-01-25T10:11:00+01:00","status":"Completed","controlPenalties":"All","roundingPolicy":"NoRounding","locked":false},{"controlId":3730,"eventId":78,"stageId":886,"type":"StageStart","code":"SS4","location":"ROUSSIEUX - LABOREL 1","timingPrecision":"Minute","distance":24.05,"targetDuration":"00:03:00","targetDurationMs":180000,"firstCarDueDateTime":"2019-01-25T09:14:00","firstCarDueDateTimeLocal":"2019-01-25T10:14:00+01:00","status":"Interrupted","controlPenalties":"None","roundingPolicy":"RoundToClosestMinute","locked":false},{"controlId":3731,"eventId":78,"stageId":886,"type":"FlyingFinish","code":"SF4","location":"ROUSSIEUX - LABOREL 1","timingPrecision":"Tenth","distance":null,"targetDuration":null,"targetDurationMs":null,"firstCarDueDateTime":null,"firstCarDueDateTimeLocal":null,"status":"Interrupted","controlPenalties":"None","roundingPolicy":"NoRounding","locked":false},{"controlId":3732,"eventId":78,"stageId":888,"type":"TimeControl","code":"TC5","location":"CURBANS","timingPrecision":"Minute","distance":47.29,"targetDuration":"01:20:00","targetDurationMs":4800000,"firstCarDueDateTime":"2019-01-25T10:34:00","firstCarDueDateTimeLocal":"2019-01-25T11:34:00+01:00","status":"Completed","controlPenalties":"All","roundingPolicy":"NoRounding","locked":false},{"controlId":3733,"eventId":78,"stageId":888,"type":"StageStart","code":"SS5","location":"CURBANS - PIEGUT 1","timingPrecision":"Minute","distance":18.47,"targetDuration":"00:03:00","targetDurationMs":180000,"firstCarDueDateTime":"2019-01-25T10:37:00","firstCarDueDateTimeLocal":"2019-01-25T11:37:00+01:00","status":"Interrupted","controlPenalties":"None","roundingPolicy":"RoundToClosestMinute","locked":false},{"controlId":3734,"eventId":78,"stageId":888,"type":"FlyingFinish","code":"SF5","location":"CURBANS - PIEGUT 1","timingPrecision":"Tenth","distance":null,"targetDuration":null,"targetDurationMs":null,"firstCarDueDateTime":null,"firstCarDueDateTimeLocal":null,"status":"Interrupted","controlPenalties":"None","roundingPolicy":"NoRounding","locked":false},{"controlId":3673,"eventId":78,"stageId":null,"type":"RegroupIn","code":"TC5A","location":"Technical Zone and Regroup (IN)","timingPrecision":"Minute","distance":13.73,"targetDuration":"00:40:00","targetDurationMs":2400000,"firstCarDueDateTime":"2019-01-25T11:17:00","firstCarDueDateTimeLocal":"2019-01-25T12:17:00+01:00","status":"Completed","controlPenalties":"All","roundingPolicy":"NoRounding","locked":false}],"stages":[{"stageId":894,"eventId":78,"number":3,"name":"VALDROME - SIGOTTIER 1","distance":20.04,"status":"Cancelled","stageType":"SpecialStage","timingPrecision":"Tenth","locked":false,"code":"SS3"},{"stageId":886,"eventId":78,"number":4,"name":"ROUSSIEUX - LABOREL 1","distance":24.05,"status":"Interrupted","stageType":"SpecialStage","timingPrecision":"Tenth","locked":false,"code":"SS4"},{"stageId":888,"eventId":78,"number":5,"name":"CURBANS - PIEGUT 1","distance":18.47,"status":"Interrupted","stageType":"SpecialStage","timingPrecision":"Tenth","locked":false,"code":"SS5"}],"itinerarySectionId":361,"itineraryLegId":154,"order":2,"name":"Section 2"},{"controls":[{"controlId":3674,"eventId":78,"stageId":null,"type":"RegroupOut","code":"TC5B","location":"Technical Zone and Regroup (OUT) - Service (IN)","timingPrecision":"Minute","distance":0.1,"targetDuration":"00:10:00","targetDurationMs":600000,"firstCarDueDateTime":"2019-01-25T11:27:00","firstCarDueDateTimeLocal":"2019-01-25T12:27:00+01:00","status":"Completed","controlPenalties":"None","roundingPolicy":"NoRounding","locked":false},{"controlId":3675,"eventId":78,"stageId":null,"type":"TimeControl","code":"TC5C","location":"Service (OUT)","timingPrecision":"Minute","distance":1.3,"targetDuration":"00:33:00","targetDurationMs":1980000,"firstCarDueDateTime":"2019-01-25T12:00:00","firstCarDueDateTimeLocal":"2019-01-25T13:00:00+01:00","status":"Completed","controlPenalties":"All","roundingPolicy":"NoRounding","locked":false},{"controlId":3735,"eventId":78,"stageId":889,"type":"TimeControl","code":"TC6","location":"VALDROME","timingPrecision":"Minute","distance":69.74,"targetDuration":"01:20:00","targetDurationMs":4800000,"firstCarDueDateTime":"2019-01-25T13:20:00","firstCarDueDateTimeLocal":"2019-01-25T14:20:00+01:00","status":"Completed","controlPenalties":"All","roundingPolicy":"NoRounding","locked":false},{"controlId":3718,"eventId":78,"stageId":889,"type":"StageStart","code":"SS6","location":"VALDROME - SIGOTTIER 2","timingPrecision":"Minute","distance":20.04,"targetDuration":"00:03:00","targetDurationMs":180000,"firstCarDueDateTime":"2019-01-25T13:23:00","firstCarDueDateTimeLocal":"2019-01-25T14:23:00+01:00","status":"Completed","controlPenalties":"None","roundingPolicy":"RoundToClosestMinute","locked":false},{"controlId":3737,"eventId":78,"stageId":889,"type":"FlyingFinish","code":"SF6","location":"VALDROME - SIGOTTIER 2","timingPrecision":"Tenth","distance":null,"targetDuration":null,"targetDurationMs":null,"firstCarDueDateTime":null,"firstCarDueDateTimeLocal":null,"status":"Completed","controlPenalties":"None","roundingPolicy":"NoRounding","locked":false},{"controlId":3738,"eventId":78,"stageId":892,"type":"TimeControl","code":"TC7","location":"ROUSSIEUX","timingPrecision":"Minute","distance":33.16,"targetDuration":"01:00:00","targetDurationMs":3600000,"firstCarDueDateTime":"2019-01-25T14:23:00","firstCarDueDateTimeLocal":"2019-01-25T15:23:00+01:00","status":"Completed","controlPenalties":"All","roundingPolicy":"NoRounding","locked":false},{"controlId":3719,"eventId":78,"stageId":892,"type":"StageStart","code":"SS7","location":"ROUSSIEUX - LABOREL 2","timingPrecision":"Minute","distance":24.05,"targetDuration":"00:03:00","targetDurationMs":180000,"firstCarDueDateTime":"2019-01-25T14:26:00","firstCarDueDateTimeLocal":"2019-01-25T15:26:00+01:00","status":"Completed","controlPenalties":"None","roundingPolicy":"RoundToClosestMinute","locked":false},{"controlId":3727,"eventId":78,"stageId":892,"type":"FlyingFinish","code":"SF7","location":"ROUSSIEUX - LABOREL 2","timingPrecision":"Tenth","distance":null,"targetDuration":null,"targetDurationMs":null,"firstCarDueDateTime":null,"firstCarDueDateTimeLocal":null,"status":"Completed","controlPenalties":"None","roundingPolicy":"NoRounding","locked":false},{"controlId":3717,"eventId":78,"stageId":887,"type":"TimeControl","code":"TC8","location":"CURBANS","timingPrecision":"Minute","distance":47.29,"targetDuration":"01:20:00","targetDurationMs":4800000,"firstCarDueDateTime":"2019-01-25T15:46:00","firstCarDueDateTimeLocal":"2019-01-25T16:46:00+01:00","status":"Completed","controlPenalties":"All","roundingPolicy":"NoRounding","locked":false},{"controlId":3709,"eventId":78,"stageId":887,"type":"StageStart","code":"SS8","location":"CURBANS - PIEGUT 2","timingPrecision":"Minute","distance":18.47,"targetDuration":"00:03:00","targetDurationMs":180000,"firstCarDueDateTime":"2019-01-25T15:49:00","firstCarDueDateTimeLocal":"2019-01-25T16:49:00+01:00","status":"Completed","controlPenalties":"None","roundingPolicy":"RoundToClosestMinute","locked":false},{"controlId":3693,"eventId":78,"stageId":887,"type":"FlyingFinish","code":"SF8","location":"CURBANS - PIEGUT 2","timingPrecision":"Tenth","distance":null,"targetDuration":null,"targetDurationMs":null,"firstCarDueDateTime":null,"firstCarDueDateTimeLocal":null,"status":"Completed","controlPenalties":"None","roundingPolicy":"NoRounding","locked":false},{"controlId":3676,"eventId":78,"stageId":null,"type":"TimeControl","code":"TC8A","location":"Technical Zone (IN) ","timingPrecision":"Minute","distance":13.73,"targetDuration":"00:45:00","targetDurationMs":2700000,"firstCarDueDateTime":"2019-01-25T16:34:00","firstCarDueDateTimeLocal":"2019-01-25T17:34:00+01:00","status":"Completed","controlPenalties":"All","roundingPolicy":"NoRounding","locked":false},{"controlId":3677,"eventId":78,"stageId":null,"type":"TimeControl","code":"TC8B","location":"Technical Zone (OUT) - Flexi Service (IN)","timingPrecision":"Minute","distance":0.1,"targetDuration":"00:10:00","targetDurationMs":600000,"firstCarDueDateTime":"2019-01-25T16:44:00","firstCarDueDateTimeLocal":"2019-01-25T17:44:00+01:00","status":"Completed","controlPenalties":"None","roundingPolicy":"NoRounding","locked":false},{"controlId":3678,"eventId":78,"stageId":null,"type":"TimeControl","code":"TC8C","location":"Flexi Service (OUT) - Parc Fermé (IN) ","timingPrecision":"Minute","distance":1.3,"targetDuration":"00:48:00","targetDurationMs":2880000,"firstCarDueDateTime":"2019-01-25T17:32:00","firstCarDueDateTimeLocal":"2019-01-25T18:32:00+01:00","status":"Completed","controlPenalties":"None","roundingPolicy":"NoRounding","locked":false}],"stages":[{"stageId":889,"eventId":78,"number":6,"name":"VALDROME - SIGOTTIER 2","distance":20.04,"status":"Completed","stageType":"SpecialStage","timingPrecision":"Tenth","locked":false,"code":"SS6"},{"stageId":892,"eventId":78,"number":7,"name":"ROUSSIEUX - LABOREL 2","distance":24.05,"status":"Completed","stageType":"SpecialStage","timingPrecision":"Tenth","locked":false,"code":"SS7"},{"stageId":887,"eventId":78,"number":8,"name":"CURBANS - PIEGUT 2","distance":18.47,"status":"Completed","stageType":"SpecialStage","timingPrecision":"Tenth","locked":false,"code":"SS8"}],"itinerarySectionId":360,"itineraryLegId":154,"order":3,"name":"Section 3"}],"itineraryLegId":154,"itineraryId":144,"startListId":259,"name":"Friday 25th January","legDate":"2019-01-25","order":2,"status":"Completed"},{"itinerarySections":[{"controls":[{"controlId":3683,"eventId":78,"stageId":895,"type":"TimeControl","code":"TC8D","location":"GAP - Parc Fermé (OUT) - Service (IN)","timingPrecision":"Minute","distance":0.0,"targetDuration":null,"targetDurationMs":null,"firstCarDueDateTime":"2019-01-26T06:37:00","firstCarDueDateTimeLocal":"2019-01-26T07:37:00+01:00","status":"Completed","controlPenalties":"All","roundingPolicy":"NoRounding","locked":false},{"controlId":3680,"eventId":78,"stageId":895,"type":"TimeControl","code":"TC8E","location":"Service (OUT)","timingPrecision":"Minute","distance":1.3,"targetDuration":"00:18:00","targetDurationMs":1080000,"firstCarDueDateTime":"2019-01-26T06:55:00","firstCarDueDateTimeLocal":"2019-01-26T07:55:00+01:00","status":"Completed","controlPenalties":"All","roundingPolicy":"NoRounding","locked":false},{"controlId":3694,"eventId":78,"stageId":895,"type":"TimeControl","code":"TC9","location":"AGNIERES EN DEVOLUY","timingPrecision":"Minute","distance":39.98,"targetDuration":"00:50:00","targetDurationMs":3000000,"firstCarDueDateTime":"2019-01-26T07:45:00","firstCarDueDateTimeLocal":"2019-01-26T08:45:00+01:00","status":"Completed","controlPenalties":"All","roundingPolicy":"NoRounding","locked":false},{"controlId":3695,"eventId":78,"stageId":895,"type":"StageStart","code":"SS9","location":"AGNIERES EN DEVOLUY - CORPS 1","timingPrecision":"Minute","distance":29.82,"targetDuration":"00:03:00","targetDurationMs":180000,"firstCarDueDateTime":"2019-01-26T07:48:00","firstCarDueDateTimeLocal":"2019-01-26T08:48:00+01:00","status":"Completed","controlPenalties":"None","roundingPolicy":"RoundToClosestMinute","locked":false},{"controlId":3696,"eventId":78,"stageId":895,"type":"FlyingFinish","code":"SF9","location":"AGNIERES EN DEVOLUY - CORPS 1","timingPrecision":"Tenth","distance":null,"targetDuration":null,"targetDurationMs":null,"firstCarDueDateTime":null,"firstCarDueDateTimeLocal":null,"status":"Completed","controlPenalties":"None","roundingPolicy":"NoRounding","locked":false},{"controlId":3697,"eventId":78,"stageId":893,"type":"TimeControl","code":"TC10","location":"ST LEGER LES MELEZES","timingPrecision":"Minute","distance":37.89,"targetDuration":"01:15:00","targetDurationMs":4500000,"firstCarDueDateTime":"2019-01-26T09:03:00","firstCarDueDateTimeLocal":"2019-01-26T10:03:00+01:00","status":"Completed","controlPenalties":"All","roundingPolicy":"NoRounding","locked":false},{"controlId":3698,"eventId":78,"stageId":893,"type":"StageStart","code":"SS10","location":"ST LEGER LES MELEZES - LA BATIE NEUVE 1","timingPrecision":"Minute","distance":16.87,"targetDuration":"00:03:00","targetDurationMs":180000,"firstCarDueDateTime":"2019-01-26T09:06:00","firstCarDueDateTimeLocal":"2019-01-26T10:06:00+01:00","status":"Completed","controlPenalties":"None","roundingPolicy":"RoundToClosestMinute","locked":false},{"controlId":3699,"eventId":78,"stageId":893,"type":"FlyingFinish","code":"SF10","location":"ST LEGER LES MELEZES - LA BATIE NEUVE 1","timingPrecision":"Tenth","distance":null,"targetDuration":null,"targetDurationMs":null,"firstCarDueDateTime":null,"firstCarDueDateTimeLocal":null,"status":"Completed","controlPenalties":"None","roundingPolicy":"NoRounding","locked":false},{"controlId":3681,"eventId":78,"stageId":null,"type":"RegroupIn","code":"TC10A","location":"Technical Zone and Regroup (IN)","timingPrecision":"Minute","distance":29.58,"targetDuration":"01:00:00","targetDurationMs":3600000,"firstCarDueDateTime":"2019-01-26T10:06:00","firstCarDueDateTimeLocal":"2019-01-26T11:06:00+01:00","status":"Completed","controlPenalties":"All","roundingPolicy":"NoRounding","locked":false}],"stages":[{"stageId":895,"eventId":78,"number":9,"name":"AGNIERES EN DEVOLUY - CORPS 1","distance":29.82,"status":"Completed","stageType":"SpecialStage","timingPrecision":"Tenth","locked":false,"code":"SS9"},{"stageId":893,"eventId":78,"number":10,"name":"ST LEGER LES MELEZES - LA BATIE NEUVE 1","distance":16.87,"status":"Completed","stageType":"SpecialStage","timingPrecision":"Tenth","locked":false,"code":"SS10"}],"itinerarySectionId":359,"itineraryLegId":153,"order":4,"name":"Section 4"},{"controls":[{"controlId":3682,"eventId":78,"stageId":null,"type":"RegroupOut","code":"TC10B","location":"Technical Zone and Regroup (OUT) - Service (IN)","timingPrecision":"Minute","distance":0.1,"targetDuration":"00:15:00","targetDurationMs":900000,"firstCarDueDateTime":"2019-01-26T10:21:00","firstCarDueDateTimeLocal":"2019-01-26T11:21:00+01:00","status":"Completed","controlPenalties":"None","roundingPolicy":"NoRounding","locked":false},{"controlId":3684,"eventId":78,"stageId":null,"type":"TimeControl","code":"TC10C","location":"Service (OUT)","timingPrecision":"Minute","distance":1.3,"targetDuration":"00:33:00","targetDurationMs":1980000,"firstCarDueDateTime":"2019-01-26T10:54:00","firstCarDueDateTimeLocal":"2019-01-26T11:54:00+01:00","status":"Completed","controlPenalties":"All","roundingPolicy":"NoRounding","locked":false},{"controlId":3700,"eventId":78,"stageId":891,"type":"TimeControl","code":"TC11","location":"AGNIERES EN DEVOLUY","timingPrecision":"Minute","distance":39.98,"targetDuration":"00:50:00","targetDurationMs":3000000,"firstCarDueDateTime":"2019-01-26T11:44:00","firstCarDueDateTimeLocal":"2019-01-26T12:44:00+01:00","status":"Completed","controlPenalties":"All","roundingPolicy":"NoRounding","locked":false},{"controlId":3701,"eventId":78,"stageId":891,"type":"StageStart","code":"SS11","location":"AGNIERES EN DEVOLUY - CORPS 2","timingPrecision":"Minute","distance":29.82,"targetDuration":"00:03:00","targetDurationMs":180000,"firstCarDueDateTime":"2019-01-26T11:47:00","firstCarDueDateTimeLocal":"2019-01-26T12:47:00+01:00","status":"Completed","controlPenalties":"None","roundingPolicy":"RoundToClosestMinute","locked":false},{"controlId":3702,"eventId":78,"stageId":891,"type":"FlyingFinish","code":"SF11","location":"AGNIERES EN DEVOLUY - CORPS 2","timingPrecision":"Tenth","distance":null,"targetDuration":null,"targetDurationMs":null,"firstCarDueDateTime":null,"firstCarDueDateTimeLocal":null,"status":"Completed","controlPenalties":"None","roundingPolicy":"NoRounding","locked":false},{"controlId":3703,"eventId":78,"stageId":890,"type":"TimeControl","code":"TC12","location":"ST LEGER LES MELEZES","timingPrecision":"Minute","distance":37.89,"targetDuration":"01:15:00","targetDurationMs":4500000,"firstCarDueDateTime":"2019-01-26T13:02:00","firstCarDueDateTimeLocal":"2019-01-26T14:02:00+01:00","status":"Completed","controlPenalties":"All","roundingPolicy":"NoRounding","locked":false},{"controlId":3716,"eventId":78,"stageId":890,"type":"StageStart","code":"SS12","location":"ST LEGER LES MELEZES - LA BATIE NEUVE 2","timingPrecision":"Minute","distance":16.87,"targetDuration":"00:06:00","targetDurationMs":360000,"firstCarDueDateTime":"2019-01-26T13:08:00","firstCarDueDateTimeLocal":"2019-01-26T14:08:00+01:00","status":"Completed","controlPenalties":"None","roundingPolicy":"RoundToClosestMinute","locked":false},{"controlId":3705,"eventId":78,"stageId":890,"type":"FlyingFinish","code":"SF12","location":"ST LEGER LES MELEZES - LA BATIE NEUVE 2","timingPrecision":"Tenth","distance":null,"targetDuration":null,"targetDurationMs":null,"firstCarDueDateTime":null,"firstCarDueDateTimeLocal":null,"status":"Completed","controlPenalties":"None","roundingPolicy":"NoRounding","locked":false},{"controlId":3685,"eventId":78,"stageId":null,"type":"TimeControl","code":"TC12A","location":"Technical Zone (IN)","timingPrecision":"Minute","distance":29.58,"targetDuration":"01:00:00","targetDurationMs":3600000,"firstCarDueDateTime":"2019-01-26T14:08:00","firstCarDueDateTimeLocal":"2019-01-26T15:08:00+01:00","status":"Completed","controlPenalties":"All","roundingPolicy":"NoRounding","locked":false},{"controlId":3686,"eventId":78,"stageId":null,"type":"TimeControl","code":"TC12B","location":"Technical Zone (OUT) - Service (IN)","timingPrecision":"Minute","distance":0.1,"targetDuration":"00:10:00","targetDurationMs":600000,"firstCarDueDateTime":"2019-01-26T14:18:00","firstCarDueDateTimeLocal":"2019-01-26T15:18:00+01:00","status":"Completed","controlPenalties":"All","roundingPolicy":"NoRounding","locked":false},{"controlId":3687,"eventId":78,"stageId":null,"type":"TimeControl","code":"TC12C","location":"Service (OUT)","timingPrecision":"Minute","distance":1.3,"targetDuration":"00:48:00","targetDurationMs":2880000,"firstCarDueDateTime":"2019-01-26T15:06:00","firstCarDueDateTimeLocal":"2019-01-26T16:06:00+01:00","status":"Completed","controlPenalties":"All","roundingPolicy":"NoRounding","locked":false},{"controlId":3688,"eventId":78,"stageId":null,"type":"TimeControl","code":"TC12D","location":"Parc Fermé MONACO (IN)","timingPrecision":"Minute","distance":245.14,"targetDuration":"04:00:00","targetDurationMs":14400000,"firstCarDueDateTime":"2019-01-26T19:06:00","firstCarDueDateTimeLocal":"2019-01-26T20:06:00+01:00","status":"Completed","controlPenalties":"Late","roundingPolicy":"NoRounding","locked":false}],"stages":[{"stageId":891,"eventId":78,"number":11,"name":"AGNIERES EN DEVOLUY - CORPS 2","distance":29.82,"status":"Completed","stageType":"SpecialStage","timingPrecision":"Tenth","locked":false,"code":"SS11"},{"stageId":890,"eventId":78,"number":12,"name":"ST LEGER LES MELEZES - LA BATIE NEUVE 2","distance":16.87,"status":"Completed","stageType":"SpecialStage","timingPrecision":"Tenth","locked":false,"code":"SS12"}],"itinerarySectionId":358,"itineraryLegId":153,"order":5,"name":"Section 5"}],"itineraryLegId":153,"itineraryId":144,"startListId":260,"name":"Saturday 26th January","legDate":"2019-01-26","order":3,"status":"Completed"},{"itinerarySections":[{"controls":[{"controlId":3690,"eventId":78,"stageId":null,"type":"TimeControl","code":"TC12E","location":"MONACO - Parc Fermé (OUT) - ","timingPrecision":"Minute","distance":0.0,"targetDuration":null,"targetDurationMs":null,"firstCarDueDateTime":"2019-01-27T05:22:00","firstCarDueDateTimeLocal":"2019-01-27T06:22:00+01:00","status":"Completed","controlPenalties":"All","roundingPolicy":"NoRounding","locked":false},{"controlId":3691,"eventId":78,"stageId":null,"type":"TimeControl","code":"TC12F","location":"Tyre Fitting Zone (OUT)","timingPrecision":"Minute","distance":0.13,"targetDuration":"00:15:00","targetDurationMs":900000,"firstCarDueDateTime":"2019-01-27T05:37:00","firstCarDueDateTimeLocal":"2019-01-27T06:37:00+01:00","status":"Completed","controlPenalties":"All","roundingPolicy":"NoRounding","locked":false},{"controlId":3706,"eventId":78,"stageId":884,"type":"TimeControl","code":"TC13","location":"LA BOLLENE VESUBIE","timingPrecision":"Minute","distance":69.73,"targetDuration":"01:40:00","targetDurationMs":6000000,"firstCarDueDateTime":"2019-01-27T07:17:00","firstCarDueDateTimeLocal":"2019-01-27T08:17:00+01:00","status":"Completed","controlPenalties":"All","roundingPolicy":"NoRounding","locked":false},{"controlId":3707,"eventId":78,"stageId":884,"type":"StageStart","code":"SS13","location":"LA BOLLENE VESUBIE - PEIRA CAVA 1","timingPrecision":"Minute","distance":18.41,"targetDuration":"00:03:00","targetDurationMs":180000,"firstCarDueDateTime":"2019-01-27T07:20:00","firstCarDueDateTimeLocal":"2019-01-27T08:20:00+01:00","status":"Completed","controlPenalties":"None","roundingPolicy":"RoundToClosestMinute","locked":false},{"controlId":3708,"eventId":78,"stageId":884,"type":"FlyingFinish","code":"SF13","location":"LA BOLLENE VESUBIE - PEIRA CAVA 1","timingPrecision":"Tenth","distance":null,"targetDuration":null,"targetDurationMs":null,"firstCarDueDateTime":null,"firstCarDueDateTimeLocal":null,"status":"Completed","controlPenalties":"None","roundingPolicy":"NoRounding","locked":false},{"controlId":3704,"eventId":78,"stageId":883,"type":"TimeControl","code":"TC14","location":"LA CABANETTE","timingPrecision":"Minute","distance":3.43,"targetDuration":"00:45:00","targetDurationMs":2700000,"firstCarDueDateTime":"2019-01-27T08:05:00","firstCarDueDateTimeLocal":"2019-01-27T09:05:00+01:00","status":"Completed","controlPenalties":"All","roundingPolicy":"NoRounding","locked":false},{"controlId":3710,"eventId":78,"stageId":883,"type":"StageStart","code":"SS14","location":"LA CABANETTE - COL DE BRAUS 1","timingPrecision":"Minute","distance":13.58,"targetDuration":"00:03:00","targetDurationMs":180000,"firstCarDueDateTime":"2019-01-27T08:08:00","firstCarDueDateTimeLocal":"2019-01-27T09:08:00+01:00","status":"Completed","controlPenalties":"None","roundingPolicy":"RoundToClosestMinute","locked":false},{"controlId":3711,"eventId":78,"stageId":883,"type":"FlyingFinish","code":"SF14","location":"LA CABANETTE - COL DE BRAUS 1","timingPrecision":"Tenth","distance":null,"targetDuration":null,"targetDurationMs":null,"firstCarDueDateTime":null,"firstCarDueDateTimeLocal":null,"status":"Completed","controlPenalties":"None","roundingPolicy":"NoRounding","locked":false},{"controlId":3712,"eventId":78,"stageId":882,"type":"TimeControl","code":"TC15","location":"LA BOLLENE VESUBIE","timingPrecision":"Minute","distance":43.76,"targetDuration":"01:44:00","targetDurationMs":6240000,"firstCarDueDateTime":"2019-01-27T09:52:00","firstCarDueDateTimeLocal":"2019-01-27T10:52:00+01:00","status":"Completed","controlPenalties":"All","roundingPolicy":"NoRounding","locked":false},{"controlId":3713,"eventId":78,"stageId":882,"type":"StageStart","code":"SS15","location":"LA BOLLENE VESUBIE - PEIRA CAVA 2","timingPrecision":"Minute","distance":18.41,"targetDuration":"00:03:00","targetDurationMs":180000,"firstCarDueDateTime":"2019-01-27T09:55:00","firstCarDueDateTimeLocal":"2019-01-27T10:55:00+01:00","status":"Completed","controlPenalties":"None","roundingPolicy":"RoundToClosestMinute","locked":false},{"controlId":3714,"eventId":78,"stageId":882,"type":"FlyingFinish","code":"SF15","location":"LA BOLLENE VESUBIE - PEIRA CAVA 2","timingPrecision":"Tenth","distance":null,"targetDuration":null,"targetDurationMs":null,"firstCarDueDateTime":null,"firstCarDueDateTimeLocal":null,"status":"Completed","controlPenalties":"None","roundingPolicy":"NoRounding","locked":false},{"controlId":3692,"eventId":78,"stageId":null,"type":"RegroupIn","code":"TC15A","location":"Regroup (IN)","timingPrecision":"Minute","distance":1.2,"targetDuration":"00:30:00","targetDurationMs":1800000,"firstCarDueDateTime":"2019-01-27T10:25:00","firstCarDueDateTimeLocal":"2019-01-27T11:25:00+01:00","status":"Completed","controlPenalties":"All","roundingPolicy":"NoRounding","locked":false}],"stages":[{"stageId":884,"eventId":78,"number":13,"name":"LA BOLLENE VESUBIE - PEIRA CAVA 1","distance":18.41,"status":"Completed","stageType":"SpecialStage","timingPrecision":"Tenth","locked":false,"code":"SS13"},{"stageId":883,"eventId":78,"number":14,"name":"LA CABANETTE - COL DE BRAUS 1","distance":13.58,"status":"Completed","stageType":"SpecialStage","timingPrecision":"Tenth","locked":false,"code":"SS14"},{"stageId":882,"eventId":78,"number":15,"name":"LA BOLLENE VESUBIE - PEIRA CAVA 2","distance":18.41,"status":"Completed","stageType":"SpecialStage","timingPrecision":"Tenth","locked":false,"code":"SS15"}],"itinerarySectionId":363,"itineraryLegId":152,"order":6,"name":"Section 6"},{"controls":[{"controlId":3689,"eventId":78,"stageId":880,"type":"RegroupOut","code":"TC15B","location":"Regroup (OUT)","timingPrecision":"Minute","distance":0.29,"targetDuration":"00:45:00","targetDurationMs":2700000,"firstCarDueDateTime":"2019-01-27T11:10:00","firstCarDueDateTimeLocal":"2019-01-27T12:10:00+01:00","status":"Completed","controlPenalties":"None","roundingPolicy":"NoRounding","locked":false},{"controlId":3715,"eventId":78,"stageId":880,"type":"TimeControl","code":"TC16","location":"LA CABANETTE","timingPrecision":"Minute","distance":1.94,"targetDuration":"00:05:00","targetDurationMs":300000,"firstCarDueDateTime":"2019-01-27T11:15:00","firstCarDueDateTimeLocal":"2019-01-27T12:15:00+01:00","status":"Completed","controlPenalties":"All","roundingPolicy":"NoRounding","locked":false},{"controlId":3736,"eventId":78,"stageId":880,"type":"StageStart","code":"SS16","location":"LA CABANETTE - COL DE BRAUS 2 (Power Stage)","timingPrecision":"Minute","distance":13.58,"targetDuration":"00:03:00","targetDurationMs":180000,"firstCarDueDateTime":"2019-01-27T11:18:00","firstCarDueDateTimeLocal":"2019-01-27T12:18:00+01:00","status":"Completed","controlPenalties":"None","roundingPolicy":"RoundToClosestMinute","locked":false},{"controlId":3740,"eventId":78,"stageId":880,"type":"FlyingFinish","code":"SF16","location":"LA CABANETTE - COL DE BRAUS 2 (Power Stage)","timingPrecision":"Thousandth","distance":null,"targetDuration":null,"targetDurationMs":null,"firstCarDueDateTime":null,"firstCarDueDateTimeLocal":null,"status":"Completed","controlPenalties":"None","roundingPolicy":"NoRounding","locked":false},{"controlId":3679,"eventId":78,"stageId":884,"type":"TimeControl","code":"TC16A","location":"Technical Zone (IN)","timingPrecision":"Minute","distance":40.02,"targetDuration":"01:30:00","targetDurationMs":5400000,"firstCarDueDateTime":"2019-01-27T12:48:00","firstCarDueDateTimeLocal":"2019-01-27T13:48:00+01:00","status":"Completed","controlPenalties":"Late","roundingPolicy":"NoRounding","locked":false},{"controlId":3666,"eventId":78,"stageId":null,"type":"TimeControl","code":"TC16B","location":"Technical Zone (OUT) - Parc Fermé (IN)","timingPrecision":"Minute","distance":0.1,"targetDuration":"00:10:00","targetDurationMs":600000,"firstCarDueDateTime":"2019-01-27T12:58:00","firstCarDueDateTimeLocal":"2019-01-27T13:58:00+01:00","status":"Completed","controlPenalties":"Late","roundingPolicy":"NoRounding","locked":false}],"stages":[{"stageId":880,"eventId":78,"number":16,"name":"LA CABANETTE - COL DE BRAUS 2 (Power Stage)","distance":13.58,"status":"Completed","stageType":"PowerStage","timingPrecision":"Thousandth","locked":false,"code":"SS16"}],"itinerarySectionId":357,"itineraryLegId":152,"order":7,"name":"Section 7"}],"itineraryLegId":152,"itineraryId":144,"startListId":262,"name":"Sunday 27th January","legDate":"2019-01-27","order":4,"status":"Running"}],"itineraryId":144,"eventId":78,"name":"Itinerary","priority":1}