[{"startDateTime":"2019-10-04T15:18:00","startDateTimeLocal":"2019-10-04T16:18:00+01:00","stageTimeDurationMs":71100,"stageTimeDuration":"00:01:11.1000000","splitPointTimeId":94528,"splitPointId":2937,"entryId":20365,"elapsedDurationMs":47200,"elapsedDuration":"PT47.2S","splitDateTime":"2019-10-04T15:18:47.2","splitDateTimeLocal":"2019-10-04T16:18:47.2+01:00"},{"startDateTime":"2019-10-04T15:21:00","startDateTimeLocal":"2019-10-04T16:21:00+01:00","stageTimeDurationMs":70900,"stageTimeDuration":"00:01:10.9000000","splitPointTimeId":94532,"splitPointId":2937,"entryId":20360,"elapsedDurationMs":47500,"elapsedDuration":"PT47.5S","splitDateTime":"2019-10-04T15:21:47.5","splitDateTimeLocal":"2019-10-04T16:21:47.5+01:00"},{"startDateTime":"2019-10-04T15:24:00","startDateTimeLocal":"2019-10-04T16:24:00+01:00","stageTimeDurationMs":69700,"stageTimeDuration":"00:01:09.7000000","splitPointTimeId":94534,"splitPointId":2937,"entryId":20367,"elapsedDurationMs":46800,"elapsedDuration":"PT46.8S","splitDateTime":"2019-10-04T15:24:46.8","splitDateTimeLocal":"2019-10-04T16:24:46.8+01:00"},{"startDateTime":"2019-10-04T15:27:00","startDateTimeLocal":"2019-10-04T16:27:00+01:00","stageTimeDurationMs":70600,"stageTimeDuration":"00:01:10.6000000","splitPointTimeId":94535,"splitPointId":2937,"entryId":20370,"elapsedDurationMs":46700,"elapsedDuration":"PT46.7S","splitDateTime":"2019-10-04T15:27:46.7","splitDateTimeLocal":"2019-10-04T16:27:46.7+01:00"},{"startDateTime":"2019-10-04T15:30:00","startDateTimeLocal":"2019-10-04T16:30:00+01:00","stageTimeDurationMs":71900,"stageTimeDuration":"00:01:11.9000000","splitPointTimeId":94536,"splitPointId":2937,"entryId":20363,"elapsedDurationMs":47800,"elapsedDuration":"PT47.8S","splitDateTime":"2019-10-04T15:30:47.8","splitDateTimeLocal":"2019-10-04T16:30:47.8+01:00"},{"startDateTime":"2019-10-04T15:33:00","startDateTimeLocal":"2019-10-04T16:33:00+01:00","stageTimeDurationMs":71200,"stageTimeDuration":"00:01:11.2000000","splitPointTimeId":94537,"splitPointId":2937,"entryId":20361,"elapsedDurationMs":47600,"elapsedDuration":"PT47.6S","splitDateTime":"2019-10-04T15:33:47.6","splitDateTimeLocal":"2019-10-04T16:33:47.6+01:00"},{"startDateTime":"2019-10-04T15:54:00","startDateTimeLocal":"2019-10-04T16:54:00+01:00","stageTimeDurationMs":72500,"stageTimeDuration":"00:01:12.5000000","splitPointTimeId":94538,"splitPointId":2937,"entryId":20364,"elapsedDurationMs":47700,"elapsedDuration":"PT47.7S","splitDateTime":"2019-10-04T15:54:47.7","splitDateTimeLocal":"2019-10-04T16:54:47.7+01:00"},{"startDateTime":"2019-10-04T15:56:00","startDateTimeLocal":"2019-10-04T16:56:00+01:00","stageTimeDurationMs":70900,"stageTimeDuration":"00:01:10.9000000","splitPointTimeId":94539,"splitPointId":2937,"entryId":20369,"elapsedDurationMs":47200,"elapsedDuration":"PT47.2S","splitDateTime":"2019-10-04T15:56:47.2","splitDateTimeLocal":"2019-10-04T16:56:47.2+01:00"},{"startDateTime":"2019-10-04T15:58:00","startDateTimeLocal":"2019-10-04T16:58:00+01:00","stageTimeDurationMs":73600,"stageTimeDuration":"00:01:13.6000000","splitPointTimeId":94540,"splitPointId":2937,"entryId":20371,"elapsedDurationMs":48700,"elapsedDuration":"PT48.7S","splitDateTime":"2019-10-04T15:58:48.7","splitDateTimeLocal":"2019-10-04T16:58:48.7+01:00"},{"startDateTime":"2019-10-04T16:00:00","startDateTimeLocal":"2019-10-04T17:00:00+01:00","stageTimeDurationMs":73000,"stageTimeDuration":"00:01:13","splitPointTimeId":94541,"splitPointId":2937,"entryId":20373,"elapsedDurationMs":48700,"elapsedDuration":"PT48.7S","splitDateTime":"2019-10-04T16:00:48.7","splitDateTimeLocal":"2019-10-04T17:00:48.7+01:00"},{"startDateTime":"2019-10-04T16:02:00","startDateTimeLocal":"2019-10-04T17:02:00+01:00","stageTimeDurationMs":74500,"stageTimeDuration":"00:01:14.5000000","splitPointTimeId":94542,"splitPointId":2937,"entryId":20374,"elapsedDurationMs":49200,"elapsedDuration":"PT49.2S","splitDateTime":"2019-10-04T16:02:49.2","splitDateTimeLocal":"2019-10-04T17:02:49.2+01:00"},{"startDateTime":"2019-10-04T16:04:00","startDateTimeLocal":"2019-10-04T17:04:00+01:00","stageTimeDurationMs":75300,"stageTimeDuration":"00:01:15.3000000","splitPointTimeId":94543,"splitPointId":2937,"entryId":20377,"elapsedDurationMs":50200,"elapsedDuration":"PT50.2S","splitDateTime":"2019-10-04T16:04:50.2","splitDateTimeLocal":"2019-10-04T17:04:50.2+01:00"},{"startDateTime":"2019-10-04T16:03:00","startDateTimeLocal":"2019-10-04T17:03:00+01:00","stageTimeDurationMs":74000,"stageTimeDuration":"00:01:14","splitPointTimeId":94544,"splitPointId":2937,"entryId":20376,"elapsedDurationMs":49700,"elapsedDuration":"PT49.7S","splitDateTime":"2019-10-04T16:03:49.7","splitDateTimeLocal":"2019-10-04T17:03:49.7+01:00"},{"startDateTime":"2019-10-04T16:05:00","startDateTimeLocal":"2019-10-04T17:05:00+01:00","stageTimeDurationMs":76100,"stageTimeDuration":"00:01:16.1000000","splitPointTimeId":94545,"splitPointId":2937,"entryId":20383,"elapsedDurationMs":49700,"elapsedDuration":"PT49.7S","splitDateTime":"2019-10-04T16:05:49.7","splitDateTimeLocal":"2019-10-04T17:05:49.7+01:00"},{"startDateTime":"2019-10-04T16:06:00","startDateTimeLocal":"2019-10-04T17:06:00+01:00","stageTimeDurationMs":76300,"stageTimeDuration":"00:01:16.3000000","splitPointTimeId":94546,"splitPointId":2937,"entryId":20381,"elapsedDurationMs":50500,"elapsedDuration":"PT50.5S","splitDateTime":"2019-10-04T16:06:50.5","splitDateTimeLocal":"2019-10-04T17:06:50.5+01:00"},{"startDateTime":"2019-10-04T16:07:00","startDateTimeLocal":"2019-10-04T17:07:00+01:00","stageTimeDurationMs":78900,"stageTimeDuration":"00:01:18.9000000","splitPointTimeId":94547,"splitPointId":2937,"entryId":20384,"elapsedDurationMs":52200,"elapsedDuration":"PT52.2S","splitDateTime":"2019-10-04T16:07:52.2","splitDateTimeLocal":"2019-10-04T17:07:52.2+01:00"},{"startDateTime":"2019-10-04T16:08:00","startDateTimeLocal":"2019-10-04T17:08:00+01:00","stageTimeDurationMs":76800,"stageTimeDuration":"00:01:16.8000000","splitPointTimeId":94548,"splitPointId":2937,"entryId":20380,"elapsedDurationMs":50700,"elapsedDuration":"PT50.7S","splitDateTime":"2019-10-04T16:08:50.7","splitDateTimeLocal":"2019-10-04T17:08:50.7+01:00"},{"startDateTime":"2019-10-04T16:09:00","startDateTimeLocal":"2019-10-04T17:09:00+01:00","stageTimeDurationMs":73600,"stageTimeDuration":"00:01:13.6000000","splitPointTimeId":94549,"splitPointId":2937,"entryId":20387,"elapsedDurationMs":49200,"elapsedDuration":"PT49.2S","splitDateTime":"2019-10-04T16:09:49.2","splitDateTimeLocal":"2019-10-04T17:09:49.2+01:00"},{"startDateTime":"2019-10-04T16:10:00","startDateTimeLocal":"2019-10-04T17:10:00+01:00","stageTimeDurationMs":75000,"stageTimeDuration":"00:01:15","splitPointTimeId":94550,"splitPointId":2937,"entryId":20389,"elapsedDurationMs":49700,"elapsedDuration":"PT49.7S","splitDateTime":"2019-10-04T16:10:49.7","splitDateTimeLocal":"2019-10-04T17:10:49.7+01:00"},{"startDateTime":"2019-10-04T16:11:00","startDateTimeLocal":"2019-10-04T17:11:00+01:00","stageTimeDurationMs":78300,"stageTimeDuration":"00:01:18.3000000","splitPointTimeId":94551,"splitPointId":2937,"entryId":20390,"elapsedDurationMs":52100,"elapsedDuration":"PT52.1S","splitDateTime":"2019-10-04T16:11:52.1","splitDateTimeLocal":"2019-10-04T17:11:52.1+01:00"},{"startDateTime":"2019-10-04T16:13:00","startDateTimeLocal":"2019-10-04T17:13:00+01:00","stageTimeDurationMs":84100,"stageTimeDuration":"00:01:24.1000000","splitPointTimeId":94552,"splitPointId":2937,"entryId":20392,"elapsedDurationMs":57200,"elapsedDuration":"PT57.2S","splitDateTime":"2019-10-04T16:13:57.2","splitDateTimeLocal":"2019-10-04T17:13:57.2+01:00"},{"startDateTime":"2019-10-04T16:12:00","startDateTimeLocal":"2019-10-04T17:12:00+01:00","stageTimeDurationMs":77100,"stageTimeDuration":"00:01:17.1000000","splitPointTimeId":94553,"splitPointId":2937,"entryId":20385,"elapsedDurationMs":50700,"elapsedDuration":"PT50.7S","splitDateTime":"2019-10-04T16:12:50.7","splitDateTimeLocal":"2019-10-04T17:12:50.7+01:00"},{"startDateTime":"2019-10-04T16:14:00","startDateTimeLocal":"2019-10-04T17:14:00+01:00","stageTimeDurationMs":83300,"stageTimeDuration":"00:01:23.3000000","splitPointTimeId":94554,"splitPointId":2937,"entryId":20393,"elapsedDurationMs":56200,"elapsedDuration":"PT56.2S","splitDateTime":"2019-10-04T16:14:56.2","splitDateTimeLocal":"2019-10-04T17:14:56.2+01:00"},{"startDateTime":"2019-10-04T16:15:00","startDateTimeLocal":"2019-10-04T17:15:00+01:00","stageTimeDurationMs":86600,"stageTimeDuration":"00:01:26.6000000","splitPointTimeId":94555,"splitPointId":2937,"entryId":20396,"elapsedDurationMs":58200,"elapsedDuration":"PT58.2S","splitDateTime":"2019-10-04T16:15:58.2","splitDateTimeLocal":"2019-10-04T17:15:58.2+01:00"},{"startDateTime":"2019-10-04T16:16:00","startDateTimeLocal":"2019-10-04T17:16:00+01:00","stageTimeDurationMs":86800,"stageTimeDuration":"00:01:26.8000000","splitPointTimeId":94556,"splitPointId":2937,"entryId":20397,"elapsedDurationMs":57700,"elapsedDuration":"PT57.7S","splitDateTime":"2019-10-04T16:16:57.7","splitDateTimeLocal":"2019-10-04T17:16:57.7+01:00"},{"startDateTime":"2019-10-04T16:17:00","startDateTimeLocal":"2019-10-04T17:17:00+01:00","stageTimeDurationMs":86500,"stageTimeDuration":"00:01:26.5000000","splitPointTimeId":94557,"splitPointId":2937,"entryId":20398,"elapsedDurationMs":58300,"elapsedDuration":"PT58.3S","splitDateTime":"2019-10-04T16:17:58.3","splitDateTimeLocal":"2019-10-04T17:17:58.3+01:00"},{"startDateTime":"2019-10-04T16:18:00","startDateTimeLocal":"2019-10-04T17:18:00+01:00","stageTimeDurationMs":88600,"stageTimeDuration":"00:01:28.6000000","splitPointTimeId":94558,"splitPointId":2937,"entryId":20399,"elapsedDurationMs":58200,"elapsedDuration":"PT58.2S","splitDateTime":"2019-10-04T16:18:58.2","splitDateTimeLocal":"2019-10-04T17:18:58.2+01:00"},{"startDateTime":"2019-10-04T16:19:00","startDateTimeLocal":"2019-10-04T17:19:00+01:00","stageTimeDurationMs":91400,"stageTimeDuration":"00:01:31.4000000","splitPointTimeId":94559,"splitPointId":2937,"entryId":20401,"elapsedDurationMs":60700,"elapsedDuration":"PT1M0.7S","splitDateTime":"2019-10-04T16:20:00.7","splitDateTimeLocal":"2019-10-04T17:20:00.7+01:00"},{"startDateTime":"2019-10-04T16:20:00","startDateTimeLocal":"2019-10-04T17:20:00+01:00","stageTimeDurationMs":94400,"stageTimeDuration":"00:01:34.4000000","splitPointTimeId":94560,"splitPointId":2937,"entryId":20402,"elapsedDurationMs":62700,"elapsedDuration":"PT1M2.7S","splitDateTime":"2019-10-04T16:21:02.7","splitDateTimeLocal":"2019-10-04T17:21:02.7+01:00"},{"startDateTime":"2019-10-04T16:21:00","startDateTimeLocal":"2019-10-04T17:21:00+01:00","stageTimeDurationMs":76000,"stageTimeDuration":"00:01:16","splitPointTimeId":94561,"splitPointId":2937,"entryId":20403,"elapsedDurationMs":50200,"elapsedDuration":"PT50.2S","splitDateTime":"2019-10-04T16:21:50.2","splitDateTimeLocal":"2019-10-04T17:21:50.2+01:00"},{"startDateTime":"2019-10-04T16:22:00","startDateTimeLocal":"2019-10-04T17:22:00+01:00","stageTimeDurationMs":75700,"stageTimeDuration":"00:01:15.7000000","splitPointTimeId":94562,"splitPointId":2937,"entryId":20404,"elapsedDurationMs":49700,"elapsedDuration":"PT49.7S","splitDateTime":"2019-10-04T16:22:49.7","splitDateTimeLocal":"2019-10-04T17:22:49.7+01:00"},{"startDateTime":"2019-10-04T16:23:00","startDateTimeLocal":"2019-10-04T17:23:00+01:00","stageTimeDurationMs":75600,"stageTimeDuration":"00:01:15.6000000","splitPointTimeId":94563,"splitPointId":2937,"entryId":20406,"elapsedDurationMs":50600,"elapsedDuration":"PT50.6S","splitDateTime":"2019-10-04T16:23:50.6","splitDateTimeLocal":"2019-10-04T17:23:50.6+01:00"},{"startDateTime":"2019-10-04T16:24:00","startDateTimeLocal":"2019-10-04T17:24:00+01:00","stageTimeDurationMs":88700,"stageTimeDuration":"00:01:28.7000000","splitPointTimeId":94564,"splitPointId":2937,"entryId":20409,"elapsedDurationMs":58700,"elapsedDuration":"PT58.7S","splitDateTime":"2019-10-04T16:24:58.7","splitDateTimeLocal":"2019-10-04T17:24:58.7+01:00"},{"startDateTime":"2019-10-04T16:25:00","startDateTimeLocal":"2019-10-04T17:25:00+01:00","stageTimeDurationMs":89300,"stageTimeDuration":"00:01:29.3000000","splitPointTimeId":94565,"splitPointId":2937,"entryId":20412,"elapsedDurationMs":59600,"elapsedDuration":"PT59.6S","splitDateTime":"2019-10-04T16:25:59.6","splitDateTimeLocal":"2019-10-04T17:25:59.6+01:00"},{"startDateTime":"2019-10-04T16:26:00","startDateTimeLocal":"2019-10-04T17:26:00+01:00","stageTimeDurationMs":88200,"stageTimeDuration":"00:01:28.2000000","splitPointTimeId":94566,"splitPointId":2937,"entryId":20414,"elapsedDurationMs":58700,"elapsedDuration":"PT58.7S","splitDateTime":"2019-10-04T16:26:58.7","splitDateTimeLocal":"2019-10-04T17:26:58.7+01:00"},{"startDateTime":"2019-10-04T16:28:00","startDateTimeLocal":"2019-10-04T17:28:00+01:00","stageTimeDurationMs":84500,"stageTimeDuration":"00:01:24.5000000","splitPointTimeId":94567,"splitPointId":2937,"entryId":20408,"elapsedDurationMs":55700,"elapsedDuration":"PT55.7S","splitDateTime":"2019-10-04T16:28:55.7","splitDateTimeLocal":"2019-10-04T17:28:55.7+01:00"},{"startDateTime":"2019-10-04T16:29:00","startDateTimeLocal":"2019-10-04T17:29:00+01:00","stageTimeDurationMs":86200,"stageTimeDuration":"00:01:26.2000000","splitPointTimeId":94568,"splitPointId":2937,"entryId":20415,"elapsedDurationMs":57200,"elapsedDuration":"PT57.2S","splitDateTime":"2019-10-04T16:29:57.2","splitDateTimeLocal":"2019-10-04T17:29:57.2+01:00"},{"startDateTime":"2019-10-04T16:31:00","startDateTimeLocal":"2019-10-04T17:31:00+01:00","stageTimeDurationMs":95500,"stageTimeDuration":"00:01:35.5000000","splitPointTimeId":94569,"splitPointId":2937,"entryId":20413,"elapsedDurationMs":62700,"elapsedDuration":"PT1M2.7S","splitDateTime":"2019-10-04T16:32:02.7","splitDateTimeLocal":"2019-10-04T17:32:02.7+01:00"}]