[{"stageTimeId":54720,"stageId":912,"entryId":3533,"elapsedDurationMs":116800,"elapsedDuration":"00:01:56.8000000","status":"Completed","source":"Default","position":1,"diffFirstMs":0,"diffFirst":"00:00:00","diffPrevMs":0,"diffPrev":"00:00:00"},{"stageTimeId":54685,"stageId":912,"entryId":3528,"elapsedDurationMs":117700,"elapsedDuration":"00:01:57.7000000","status":"Completed","source":"Default","position":2,"diffFirstMs":900,"diffFirst":"00:00:00.9000000","diffPrevMs":900,"diffPrev":"00:00:00.9000000"},{"stageTimeId":54701,"stageId":912,"entryId":3538,"elapsedDurationMs":118100,"elapsedDuration":"00:01:58.1000000","status":"Completed","source":"Default","position":3,"diffFirstMs":1300,"diffFirst":"00:00:01.3000000","diffPrevMs":400,"diffPrev":"00:00:00.4000000"},{"stageTimeId":54603,"stageId":912,"entryId":3550,"elapsedDurationMs":118900,"elapsedDuration":"00:01:58.9000000","status":"Completed","source":"Default","position":4,"diffFirstMs":2100,"diffFirst":"00:00:02.1000000","diffPrevMs":800,"diffPrev":"00:00:00.8000000"},{"stageTimeId":54672,"stageId":912,"entryId":3526,"elapsedDurationMs":119000,"elapsedDuration":"00:01:59","status":"Completed","source":"Default","position":5,"diffFirstMs":2200,"diffFirst":"00:00:02.2000000","diffPrevMs":100,"diffPrev":"00:00:00.1000000"},{"stageTimeId":54728,"stageId":912,"entryId":3534,"elapsedDurationMs":119300,"elapsedDuration":"00:01:59.3000000","status":"Completed","source":"Default","position":6,"diffFirstMs":2500,"diffFirst":"00:00:02.5000000","diffPrevMs":300,"diffPrev":"00:00:00.3000000"},{"stageTimeId":54693,"stageId":912,"entryId":3535,"elapsedDurationMs":119500,"elapsedDuration":"00:01:59.5000000","status":"Completed","source":"Default","position":7,"diffFirstMs":2700,"diffFirst":"00:00:02.7000000","diffPrevMs":200,"diffPrev":"00:00:00.2000000"},{"stageTimeId":54712,"stageId":912,"entryId":3529,"elapsedDurationMs":120000,"elapsedDuration":"00:02:00","status":"Completed","source":"Default","position":8,"diffFirstMs":3200,"diffFirst":"00:00:03.2000000","diffPrevMs":500,"diffPrev":"00:00:00.5000000"},{"stageTimeId":54559,"stageId":912,"entryId":3531,"elapsedDurationMs":120000,"elapsedDuration":"00:02:00","status":"Completed","source":"Default","position":9,"diffFirstMs":3200,"diffFirst":"00:00:03.2000000","diffPrevMs":0,"diffPrev":"00:00:00"},{"stageTimeId":54655,"stageId":912,"entryId":3532,"elapsedDurationMs":120800,"elapsedDuration":"00:02:00.8000000","status":"Completed","source":"Default","position":10,"diffFirstMs":4000,"diffFirst":"00:00:04","diffPrevMs":800,"diffPrev":"00:00:00.8000000"},{"stageTimeId":54679,"stageId":912,"entryId":3530,"elapsedDurationMs":121000,"elapsedDuration":"00:02:01","status":"Completed","source":"Default","position":11,"diffFirstMs":4200,"diffFirst":"00:00:04.2000000","diffPrevMs":200,"diffPrev":"00:00:00.2000000"},{"stageTimeId":54533,"stageId":912,"entryId":3541,"elapsedDurationMs":121200,"elapsedDuration":"00:02:01.2000000","status":"Completed","source":"Default","position":12,"diffFirstMs":4400,"diffFirst":"00:00:04.4000000","diffPrevMs":200,"diffPrev":"00:00:00.2000000"},{"stageTimeId":54623,"stageId":912,"entryId":3551,"elapsedDurationMs":121500,"elapsedDuration":"00:02:01.5000000","status":"Completed","source":"Default","position":13,"diffFirstMs":4700,"diffFirst":"00:00:04.7000000","diffPrevMs":300,"diffPrev":"00:00:00.3000000"},{"stageTimeId":54575,"stageId":912,"entryId":3540,"elapsedDurationMs":121700,"elapsedDuration":"00:02:01.7000000","status":"Completed","source":"Default","position":14,"diffFirstMs":4900,"diffFirst":"00:00:04.9000000","diffPrevMs":200,"diffPrev":"00:00:00.2000000"},{"stageTimeId":54615,"stageId":912,"entryId":3546,"elapsedDurationMs":121900,"elapsedDuration":"00:02:01.9000000","status":"Completed","source":"Default","position":15,"diffFirstMs":5100,"diffFirst":"00:00:05.1000000","diffPrevMs":200,"diffPrev":"00:00:00.2000000"},{"stageTimeId":54918,"stageId":912,"entryId":3548,"elapsedDurationMs":123200,"elapsedDuration":"00:02:03.2000000","status":"Completed","source":"Default","position":16,"diffFirstMs":6400,"diffFirst":"00:00:06.4000000","diffPrevMs":1300,"diffPrev":"00:00:01.3000000"},{"stageTimeId":54541,"stageId":912,"entryId":3543,"elapsedDurationMs":123200,"elapsedDuration":"00:02:03.2000000","status":"Completed","source":"Default","position":17,"diffFirstMs":6400,"diffFirst":"00:00:06.4000000","diffPrevMs":0,"diffPrev":"00:00:00"},{"stageTimeId":54879,"stageId":912,"entryId":3547,"elapsedDurationMs":123600,"elapsedDuration":"00:02:03.6000000","status":"Completed","source":"Default","position":18,"diffFirstMs":6800,"diffFirst":"00:00:06.8000000","diffPrevMs":400,"diffPrev":"00:00:00.4000000"},{"stageTimeId":54589,"stageId":912,"entryId":3552,"elapsedDurationMs":124100,"elapsedDuration":"00:02:04.1000000","status":"Completed","source":"Default","position":19,"diffFirstMs":7300,"diffFirst":"00:00:07.3000000","diffPrevMs":500,"diffPrev":"00:00:00.5000000"},{"stageTimeId":54646,"stageId":912,"entryId":3539,"elapsedDurationMs":124600,"elapsedDuration":"00:02:04.6000000","status":"Completed","source":"Default","position":20,"diffFirstMs":7800,"diffFirst":"00:00:07.8000000","diffPrevMs":500,"diffPrev":"00:00:00.5000000"},{"stageTimeId":54549,"stageId":912,"entryId":3542,"elapsedDurationMs":125700,"elapsedDuration":"00:02:05.7000000","status":"Completed","source":"Default","position":21,"diffFirstMs":8900,"diffFirst":"00:00:08.9000000","diffPrevMs":1100,"diffPrev":"00:00:01.1000000"},{"stageTimeId":54838,"stageId":912,"entryId":3554,"elapsedDurationMs":125800,"elapsedDuration":"00:02:05.8000000","status":"Completed","source":"Default","position":22,"diffFirstMs":9000,"diffFirst":"00:00:09","diffPrevMs":100,"diffPrev":"00:00:00.1000000"},{"stageTimeId":54864,"stageId":912,"entryId":3562,"elapsedDurationMs":126300,"elapsedDuration":"00:02:06.3000000","status":"Completed","source":"Default","position":23,"diffFirstMs":9500,"diffFirst":"00:00:09.5000000","diffPrevMs":500,"diffPrev":"00:00:00.5000000"},{"stageTimeId":54607,"stageId":912,"entryId":3544,"elapsedDurationMs":126500,"elapsedDuration":"00:02:06.5000000","status":"Completed","source":"Default","position":24,"diffFirstMs":9700,"diffFirst":"00:00:09.7000000","diffPrevMs":200,"diffPrev":"00:00:00.2000000"},{"stageTimeId":54597,"stageId":912,"entryId":3549,"elapsedDurationMs":127500,"elapsedDuration":"00:02:07.5000000","status":"Completed","source":"Default","position":25,"diffFirstMs":10700,"diffFirst":"00:00:10.7000000","diffPrevMs":1000,"diffPrev":"00:00:01"},{"stageTimeId":54664,"stageId":912,"entryId":3537,"elapsedDurationMs":127600,"elapsedDuration":"00:02:07.6000000","status":"Completed","source":"Default","position":26,"diffFirstMs":10800,"diffFirst":"00:00:10.8000000","diffPrevMs":100,"diffPrev":"00:00:00.1000000"},{"stageTimeId":54872,"stageId":912,"entryId":3545,"elapsedDurationMs":128300,"elapsedDuration":"00:02:08.3000000","status":"Completed","source":"Default","position":27,"diffFirstMs":11500,"diffFirst":"00:00:11.5000000","diffPrevMs":700,"diffPrev":"00:00:00.7000000"},{"stageTimeId":54638,"stageId":912,"entryId":3536,"elapsedDurationMs":128700,"elapsedDuration":"00:02:08.7000000","status":"Completed","source":"Default","position":28,"diffFirstMs":11900,"diffFirst":"00:00:11.9000000","diffPrevMs":400,"diffPrev":"00:00:00.4000000"},{"stageTimeId":54775,"stageId":912,"entryId":3578,"elapsedDurationMs":129600,"elapsedDuration":"00:02:09.6000000","status":"Completed","source":"Default","position":29,"diffFirstMs":12800,"diffFirst":"00:00:12.8000000","diffPrevMs":900,"diffPrev":"00:00:00.9000000"},{"stageTimeId":54855,"stageId":912,"entryId":3559,"elapsedDurationMs":129700,"elapsedDuration":"00:02:09.7000000","status":"Completed","source":"Default","position":30,"diffFirstMs":12900,"diffFirst":"00:00:12.9000000","diffPrevMs":100,"diffPrev":"00:00:00.1000000"},{"stageTimeId":54893,"stageId":912,"entryId":3560,"elapsedDurationMs":132300,"elapsedDuration":"00:02:12.3000000","status":"Completed","source":"Default","position":31,"diffFirstMs":15500,"diffFirst":"00:00:15.5000000","diffPrevMs":2600,"diffPrev":"00:00:02.6000000"},{"stageTimeId":54920,"stageId":912,"entryId":3561,"elapsedDurationMs":132700,"elapsedDuration":"00:02:12.7000000","status":"Completed","source":"Default","position":32,"diffFirstMs":15900,"diffFirst":"00:00:15.9000000","diffPrevMs":400,"diffPrev":"00:00:00.4000000"},{"stageTimeId":54823,"stageId":912,"entryId":3570,"elapsedDurationMs":134600,"elapsedDuration":"00:02:14.6000000","status":"Completed","source":"Default","position":33,"diffFirstMs":17800,"diffFirst":"00:00:17.8000000","diffPrevMs":1900,"diffPrev":"00:00:01.9000000"},{"stageTimeId":54529,"stageId":912,"entryId":3555,"elapsedDurationMs":134900,"elapsedDuration":"00:02:14.9000000","status":"Completed","source":"Default","position":34,"diffFirstMs":18100,"diffFirst":"00:00:18.1000000","diffPrevMs":300,"diffPrev":"00:00:00.3000000"},{"stageTimeId":54484,"stageId":912,"entryId":3586,"elapsedDurationMs":135200,"elapsedDuration":"00:02:15.2000000","status":"Completed","source":"Default","position":35,"diffFirstMs":18400,"diffFirst":"00:00:18.4000000","diffPrevMs":300,"diffPrev":"00:00:00.3000000"},{"stageTimeId":54912,"stageId":912,"entryId":3581,"elapsedDurationMs":135500,"elapsedDuration":"00:02:15.5000000","status":"Completed","source":"Default","position":36,"diffFirstMs":18700,"diffFirst":"00:00:18.7000000","diffPrevMs":300,"diffPrev":"00:00:00.3000000"},{"stageTimeId":54815,"stageId":912,"entryId":3564,"elapsedDurationMs":135900,"elapsedDuration":"00:02:15.9000000","status":"Completed","source":"Default","position":37,"diffFirstMs":19100,"diffFirst":"00:00:19.1000000","diffPrevMs":400,"diffPrev":"00:00:00.4000000"},{"stageTimeId":54797,"stageId":912,"entryId":3556,"elapsedDurationMs":136200,"elapsedDuration":"00:02:16.2000000","status":"Completed","source":"Default","position":38,"diffFirstMs":19400,"diffFirst":"00:00:19.4000000","diffPrevMs":300,"diffPrev":"00:00:00.3000000"},{"stageTimeId":54759,"stageId":912,"entryId":3584,"elapsedDurationMs":136500,"elapsedDuration":"00:02:16.5000000","status":"Completed","source":"Default","position":39,"diffFirstMs":19700,"diffFirst":"00:00:19.7000000","diffPrevMs":300,"diffPrev":"00:00:00.3000000"},{"stageTimeId":54749,"stageId":912,"entryId":3558,"elapsedDurationMs":137000,"elapsedDuration":"00:02:17","status":"Completed","source":"Default","position":40,"diffFirstMs":20200,"diffFirst":"00:00:20.2000000","diffPrevMs":500,"diffPrev":"00:00:00.5000000"},{"stageTimeId":54514,"stageId":912,"entryId":3582,"elapsedDurationMs":137300,"elapsedDuration":"00:02:17.3000000","status":"Completed","source":"Default","position":41,"diffFirstMs":20500,"diffFirst":"00:00:20.5000000","diffPrevMs":300,"diffPrev":"00:00:00.3000000"},{"stageTimeId":54457,"stageId":912,"entryId":3580,"elapsedDurationMs":137900,"elapsedDuration":"00:02:17.9000000","status":"Completed","source":"Default","position":42,"diffFirstMs":21100,"diffFirst":"00:00:21.1000000","diffPrevMs":600,"diffPrev":"00:00:00.6000000"},{"stageTimeId":54782,"stageId":912,"entryId":3568,"elapsedDurationMs":142900,"elapsedDuration":"00:02:22.9000000","status":"Completed","source":"Default","position":43,"diffFirstMs":26100,"diffFirst":"00:00:26.1000000","diffPrevMs":5000,"diffPrev":"00:00:05"},{"stageTimeId":54497,"stageId":912,"entryId":3574,"elapsedDurationMs":142900,"elapsedDuration":"00:02:22.9000000","status":"Completed","source":"Default","position":44,"diffFirstMs":26100,"diffFirst":"00:00:26.1000000","diffPrevMs":0,"diffPrev":"00:00:00"},{"stageTimeId":54901,"stageId":912,"entryId":3566,"elapsedDurationMs":143300,"elapsedDuration":"00:02:23.3000000","status":"Completed","source":"Default","position":45,"diffFirstMs":26500,"diffFirst":"00:00:26.5000000","diffPrevMs":400,"diffPrev":"00:00:00.4000000"},{"stageTimeId":54806,"stageId":912,"entryId":3571,"elapsedDurationMs":145600,"elapsedDuration":"00:02:25.6000000","status":"Completed","source":"Default","position":46,"diffFirstMs":28800,"diffFirst":"00:00:28.8000000","diffPrevMs":2300,"diffPrev":"00:00:02.3000000"},{"stageTimeId":54451,"stageId":912,"entryId":3569,"elapsedDurationMs":145700,"elapsedDuration":"00:02:25.7000000","status":"Completed","source":"Default","position":47,"diffFirstMs":28900,"diffFirst":"00:00:28.9000000","diffPrevMs":100,"diffPrev":"00:00:00.1000000"},{"stageTimeId":54741,"stageId":912,"entryId":3567,"elapsedDurationMs":146600,"elapsedDuration":"00:02:26.6000000","status":"Completed","source":"Default","position":48,"diffFirstMs":29800,"diffFirst":"00:00:29.8000000","diffPrevMs":900,"diffPrev":"00:00:00.9000000"},{"stageTimeId":54512,"stageId":912,"entryId":3572,"elapsedDurationMs":147100,"elapsedDuration":"00:02:27.1000000","status":"Completed","source":"Default","position":49,"diffFirstMs":30300,"diffFirst":"00:00:30.3000000","diffPrevMs":500,"diffPrev":"00:00:00.5000000"},{"stageTimeId":54521,"stageId":912,"entryId":3575,"elapsedDurationMs":149600,"elapsedDuration":"00:02:29.6000000","status":"Completed","source":"Default","position":50,"diffFirstMs":32800,"diffFirst":"00:00:32.8000000","diffPrevMs":2500,"diffPrev":"00:00:02.5000000"},{"stageTimeId":54478,"stageId":912,"entryId":3573,"elapsedDurationMs":150200,"elapsedDuration":"00:02:30.2000000","status":"Completed","source":"Default","position":51,"diffFirstMs":33400,"diffFirst":"00:00:33.4000000","diffPrevMs":600,"diffPrev":"00:00:00.6000000"},{"stageTimeId":54520,"stageId":912,"entryId":3587,"elapsedDurationMs":164600,"elapsedDuration":"00:02:44.6000000","status":"Completed","source":"Default","position":52,"diffFirstMs":47800,"diffFirst":"00:00:47.8000000","diffPrevMs":14400,"diffPrev":"00:00:14.4000000"},{"stageTimeId":54567,"stageId":912,"entryId":3527,"elapsedDurationMs":536800,"elapsedDuration":"00:08:56.8000000","status":"Completed","source":"Assessed","position":53,"diffFirstMs":420000,"diffFirst":"00:07:00","diffPrevMs":372200,"diffPrev":"00:06:12.2000000"},{"stageTimeId":54789,"stageId":912,"entryId":3557,"elapsedDurationMs":538900,"elapsedDuration":"00:08:58.9000000","status":"Completed","source":"Assessed","position":54,"diffFirstMs":422100,"diffFirst":"00:07:02.1000000","diffPrevMs":2100,"diffPrev":"00:00:02.1000000"},{"stageTimeId":54885,"stageId":912,"entryId":3576,"elapsedDurationMs":549600,"elapsedDuration":"00:09:09.6000000","status":"Completed","source":"Assessed","position":55,"diffFirstMs":432800,"diffFirst":"00:07:12.8000000","diffPrevMs":10700,"diffPrev":"00:00:10.7000000"},{"stageTimeId":54530,"stageId":912,"entryId":3583,"elapsedDurationMs":549600,"elapsedDuration":"00:09:09.6000000","status":"Completed","source":"Assessed","position":56,"diffFirstMs":432800,"diffFirst":"00:07:12.8000000","diffPrevMs":0,"diffPrev":"00:00:00"},{"stageTimeId":54928,"stageId":912,"entryId":3563,"elapsedDurationMs":554600,"elapsedDuration":"00:09:14.6000000","status":"Completed","source":"Assessed","position":57,"diffFirstMs":437800,"diffFirst":"00:07:17.8000000","diffPrevMs":5000,"diffPrev":"00:00:05"},{"stageTimeId":54733,"stageId":912,"entryId":3565,"elapsedDurationMs":554600,"elapsedDuration":"00:09:14.6000000","status":"Completed","source":"Assessed","position":58,"diffFirstMs":437800,"diffFirst":"00:07:17.8000000","diffPrevMs":0,"diffPrev":"00:00:00"},{"stageTimeId":54730,"stageId":912,"entryId":3585,"elapsedDurationMs":555200,"elapsedDuration":"00:09:15.2000000","status":"Completed","source":"Assessed","position":59,"diffFirstMs":438400,"diffFirst":"00:07:18.4000000","diffPrevMs":600,"diffPrev":"00:00:00.6000000"},{"stageTimeId":54767,"stageId":912,"entryId":3577,"elapsedDurationMs":null,"elapsedDuration":null,"status":"DNS","source":"Default","position":null,"diffFirstMs":null,"diffFirst":null,"diffPrevMs":null,"diffPrev":null}]