{"splitPoints":[{"splitPointId":2412,"stageId":1193,"number":2,"distance":9.23},{"splitPointId":2413,"stageId":1193,"number":1,"distance":4.45},{"splitPointId":2415,"stageId":1193,"number":3,"distance":10.2}],"controls":[{"controlId":5060,"eventId":84,"stageId":1193,"type":"FlyingFinish","code":"SF17","location":"Fafe 1","timingPrecision":"Tenth","distance":null,"targetDuration":null,"targetDurationMs":null,"firstCarDueDateTime":null,"firstCarDueDateTimeLocal":null,"status":"Completed","controlPenalties":"None","roundingPolicy":"NoRounding","locked":false},{"controlId":5063,"eventId":84,"stageId":1193,"type":"TimeControl","code":"TC17","location":"Ruivães","timingPrecision":"Minute","distance":8.45,"targetDuration":"00:40:00","targetDurationMs":2400000,"firstCarDueDateTime":"2019-06-02T08:05:00","firstCarDueDateTimeLocal":"2019-06-02T09:05:00+01:00","status":"Completed","controlPenalties":"All","roundingPolicy":"NoRounding","locked":false},{"controlId":5064,"eventId":84,"stageId":1193,"type":"StageStart","code":"SS17","location":"Fafe 1","timingPrecision":"Minute","distance":11.18,"targetDuration":"00:03:00","targetDurationMs":180000,"firstCarDueDateTime":"2019-06-02T08:08:00","firstCarDueDateTimeLocal":"2019-06-02T09:08:00+01:00","status":"Completed","controlPenalties":"None","roundingPolicy":"RoundToClosestMinute","locked":false}],"stageId":1193,"eventId":84,"number":17,"name":"Fafe 1","distance":11.18,"status":"Completed","stageType":"SpecialStage","timingPrecision":"Tenth","locked":false,"code":"SS17"}