[{"startDateTime":"2019-03-09T16:06:00","startDateTimeLocal":"2019-03-09T10:06:00-06:00","stageTimeDurationMs":1518000,"stageTimeDuration":"00:25:18","splitPointTimeId":65331,"splitPointId":1976,"entryId":19189,"elapsedDurationMs":576600,"elapsedDuration":"PT9M36.6S","splitDateTime":"2019-03-09T16:15:36.6","splitDateTimeLocal":"2019-03-09T10:15:36.6-06:00"},{"startDateTime":"2019-03-09T16:10:00","startDateTimeLocal":"2019-03-09T10:10:00-06:00","stageTimeDurationMs":1493800,"stageTimeDuration":"00:24:53.8000000","splitPointTimeId":65333,"splitPointId":1976,"entryId":19184,"elapsedDurationMs":571200,"elapsedDuration":"PT9M31.2S","splitDateTime":"2019-03-09T16:19:31.2","splitDateTimeLocal":"2019-03-09T10:19:31.2-06:00"},{"startDateTime":"2019-03-09T16:14:00","startDateTimeLocal":"2019-03-09T10:14:00-06:00","stageTimeDurationMs":1497100,"stageTimeDuration":"00:24:57.1000000","splitPointTimeId":65336,"splitPointId":1976,"entryId":19187,"elapsedDurationMs":568500,"elapsedDuration":"PT9M28.5S","splitDateTime":"2019-03-09T16:23:28.5","splitDateTimeLocal":"2019-03-09T10:23:28.5-06:00"},{"startDateTime":"2019-03-09T16:18:00","startDateTimeLocal":"2019-03-09T10:18:00-06:00","stageTimeDurationMs":1487000,"stageTimeDuration":"00:24:47","splitPointTimeId":65339,"splitPointId":1976,"entryId":19185,"elapsedDurationMs":563500,"elapsedDuration":"PT9M23.5S","splitDateTime":"2019-03-09T16:27:23.5","splitDateTimeLocal":"2019-03-09T10:27:23.5-06:00"},{"startDateTime":"2019-03-09T16:24:00","startDateTimeLocal":"2019-03-09T10:24:00-06:00","stageTimeDurationMs":1580400,"stageTimeDuration":"00:26:20.4000000","splitPointTimeId":65346,"splitPointId":1976,"entryId":19183,"elapsedDurationMs":575200,"elapsedDuration":"PT9M35.2S","splitDateTime":"2019-03-09T16:33:35.2","splitDateTimeLocal":"2019-03-09T10:33:35.2-06:00"},{"startDateTime":"2019-03-09T16:28:00","startDateTimeLocal":"2019-03-09T10:28:00-06:00","stageTimeDurationMs":1494800,"stageTimeDuration":"00:24:54.8000000","splitPointTimeId":65350,"splitPointId":1976,"entryId":19188,"elapsedDurationMs":569200,"elapsedDuration":"PT9M29.2S","splitDateTime":"2019-03-09T16:37:29.2","splitDateTimeLocal":"2019-03-09T10:37:29.2-06:00"},{"startDateTime":"2019-03-09T16:32:00","startDateTimeLocal":"2019-03-09T10:32:00-06:00","stageTimeDurationMs":1483800,"stageTimeDuration":"00:24:43.8000000","splitPointTimeId":65354,"splitPointId":1976,"entryId":19180,"elapsedDurationMs":564200,"elapsedDuration":"PT9M24.2S","splitDateTime":"2019-03-09T16:41:24.2","splitDateTimeLocal":"2019-03-09T10:41:24.2-06:00"},{"startDateTime":"2019-03-09T16:36:00","startDateTimeLocal":"2019-03-09T10:36:00-06:00","stageTimeDurationMs":1482600,"stageTimeDuration":"00:24:42.6000000","splitPointTimeId":65359,"splitPointId":1976,"entryId":19186,"elapsedDurationMs":563800,"elapsedDuration":"PT9M23.8S","splitDateTime":"2019-03-09T16:45:23.8","splitDateTimeLocal":"2019-03-09T10:45:23.8-06:00"},{"startDateTime":"2019-03-09T16:39:00","startDateTimeLocal":"2019-03-09T10:39:00-06:00","stageTimeDurationMs":1597500,"stageTimeDuration":"00:26:37.5000000","splitPointTimeId":65364,"splitPointId":1976,"entryId":19190,"elapsedDurationMs":602300,"elapsedDuration":"PT10M2.3S","splitDateTime":"2019-03-09T16:49:02.3","splitDateTimeLocal":"2019-03-09T10:49:02.3-06:00"},{"startDateTime":"2019-03-09T16:42:00","startDateTimeLocal":"2019-03-09T10:42:00-06:00","stageTimeDurationMs":1585600,"stageTimeDuration":"00:26:25.6000000","splitPointTimeId":65369,"splitPointId":1976,"entryId":19192,"elapsedDurationMs":599200,"elapsedDuration":"PT9M59.2S","splitDateTime":"2019-03-09T16:51:59.2","splitDateTimeLocal":"2019-03-09T10:51:59.2-06:00"},{"startDateTime":"2019-03-09T16:45:00","startDateTimeLocal":"2019-03-09T10:45:00-06:00","stageTimeDurationMs":1572900,"stageTimeDuration":"00:26:12.9000000","splitPointTimeId":65373,"splitPointId":1976,"entryId":19191,"elapsedDurationMs":595800,"elapsedDuration":"PT9M55.8S","splitDateTime":"2019-03-09T16:54:55.8","splitDateTimeLocal":"2019-03-09T10:54:55.8-06:00"},{"startDateTime":"2019-03-09T16:48:00","startDateTimeLocal":"2019-03-09T10:48:00-06:00","stageTimeDurationMs":1600600,"stageTimeDuration":"00:26:40.6000000","splitPointTimeId":65378,"splitPointId":1976,"entryId":19194,"elapsedDurationMs":605500,"elapsedDuration":"PT10M5.5S","splitDateTime":"2019-03-09T16:58:05.5","splitDateTimeLocal":"2019-03-09T10:58:05.5-06:00"},{"startDateTime":"2019-03-09T16:51:00","startDateTimeLocal":"2019-03-09T10:51:00-06:00","stageTimeDurationMs":1662500,"stageTimeDuration":"00:27:42.5000000","splitPointTimeId":65383,"splitPointId":1976,"entryId":19195,"elapsedDurationMs":626600,"elapsedDuration":"PT10M26.6S","splitDateTime":"2019-03-09T17:01:26.6","splitDateTimeLocal":"2019-03-09T11:01:26.6-06:00"},{"startDateTime":"2019-03-09T16:54:00","startDateTimeLocal":"2019-03-09T10:54:00-06:00","stageTimeDurationMs":1788600,"stageTimeDuration":"00:29:48.6000000","splitPointTimeId":65388,"splitPointId":1976,"entryId":19196,"elapsedDurationMs":655300,"elapsedDuration":"PT10M55.3S","splitDateTime":"2019-03-09T17:04:55.3","splitDateTimeLocal":"2019-03-09T11:04:55.3-06:00"},{"startDateTime":"2019-03-09T16:57:00","startDateTimeLocal":"2019-03-09T10:57:00-06:00","stageTimeDurationMs":1626000,"stageTimeDuration":"00:27:06","splitPointTimeId":65391,"splitPointId":1976,"entryId":19193,"elapsedDurationMs":606300,"elapsedDuration":"PT10M6.3S","splitDateTime":"2019-03-09T17:07:06.3","splitDateTimeLocal":"2019-03-09T11:07:06.3-06:00"},{"startDateTime":"2019-03-09T17:00:00","startDateTimeLocal":"2019-03-09T11:00:00-06:00","stageTimeDurationMs":1846400,"stageTimeDuration":"00:30:46.4000000","splitPointTimeId":65399,"splitPointId":1976,"entryId":19202,"elapsedDurationMs":694100,"elapsedDuration":"PT11M34.1S","splitDateTime":"2019-03-09T17:11:34.1","splitDateTimeLocal":"2019-03-09T11:11:34.1-06:00"},{"startDateTime":"2019-03-09T17:03:00","startDateTimeLocal":"2019-03-09T11:03:00-06:00","stageTimeDurationMs":2266400,"stageTimeDuration":"00:37:46.4000000","splitPointTimeId":65405,"splitPointId":1976,"entryId":19201,"elapsedDurationMs":734000,"elapsedDuration":"PT12M14S","splitDateTime":"2019-03-09T17:15:14","splitDateTimeLocal":"2019-03-09T11:15:14-06:00"},{"startDateTime":"2019-03-09T17:06:00","startDateTimeLocal":"2019-03-09T11:06:00-06:00","stageTimeDurationMs":1937900,"stageTimeDuration":"00:32:17.9000000","splitPointTimeId":65410,"splitPointId":1976,"entryId":19200,"elapsedDurationMs":736100,"elapsedDuration":"PT12M16.1S","splitDateTime":"2019-03-09T17:18:16.1","splitDateTimeLocal":"2019-03-09T11:18:16.1-06:00"},{"startDateTime":"2019-03-09T17:18:00","startDateTimeLocal":"2019-03-09T11:18:00-06:00","stageTimeDurationMs":1886300,"stageTimeDuration":"00:31:26.3000000","splitPointTimeId":65426,"splitPointId":1976,"entryId":19199,"elapsedDurationMs":707300,"elapsedDuration":"PT11M47.3S","splitDateTime":"2019-03-09T17:29:47.3","splitDateTimeLocal":"2019-03-09T11:29:47.3-06:00"},{"startDateTime":"2019-03-09T16:06:00","startDateTimeLocal":"2019-03-09T10:06:00-06:00","stageTimeDurationMs":1518000,"stageTimeDuration":"00:25:18","splitPointTimeId":65329,"splitPointId":1977,"entryId":19189,"elapsedDurationMs":289600,"elapsedDuration":"PT4M49.6S","splitDateTime":"2019-03-09T16:10:49.6","splitDateTimeLocal":"2019-03-09T10:10:49.6-06:00"},{"startDateTime":"2019-03-09T16:10:00","startDateTimeLocal":"2019-03-09T10:10:00-06:00","stageTimeDurationMs":1493800,"stageTimeDuration":"00:24:53.8000000","splitPointTimeId":65330,"splitPointId":1977,"entryId":19184,"elapsedDurationMs":286900,"elapsedDuration":"PT4M46.9S","splitDateTime":"2019-03-09T16:14:46.9","splitDateTimeLocal":"2019-03-09T10:14:46.9-06:00"},{"startDateTime":"2019-03-09T16:14:00","startDateTimeLocal":"2019-03-09T10:14:00-06:00","stageTimeDurationMs":1497100,"stageTimeDuration":"00:24:57.1000000","splitPointTimeId":65332,"splitPointId":1977,"entryId":19187,"elapsedDurationMs":284600,"elapsedDuration":"PT4M44.6S","splitDateTime":"2019-03-09T16:18:44.6","splitDateTimeLocal":"2019-03-09T10:18:44.6-06:00"},{"startDateTime":"2019-03-09T16:18:00","startDateTimeLocal":"2019-03-09T10:18:00-06:00","stageTimeDurationMs":1487000,"stageTimeDuration":"00:24:47","splitPointTimeId":65335,"splitPointId":1977,"entryId":19185,"elapsedDurationMs":282400,"elapsedDuration":"PT4M42.4S","splitDateTime":"2019-03-09T16:22:42.4","splitDateTimeLocal":"2019-03-09T10:22:42.4-06:00"},{"startDateTime":"2019-03-09T16:24:00","startDateTimeLocal":"2019-03-09T10:24:00-06:00","stageTimeDurationMs":1580400,"stageTimeDuration":"00:26:20.4000000","splitPointTimeId":65341,"splitPointId":1977,"entryId":19183,"elapsedDurationMs":284000,"elapsedDuration":"PT4M44S","splitDateTime":"2019-03-09T16:28:44","splitDateTimeLocal":"2019-03-09T10:28:44-06:00"},{"startDateTime":"2019-03-09T16:28:00","startDateTimeLocal":"2019-03-09T10:28:00-06:00","stageTimeDurationMs":1494800,"stageTimeDuration":"00:24:54.8000000","splitPointTimeId":65345,"splitPointId":1977,"entryId":19188,"elapsedDurationMs":286100,"elapsedDuration":"PT4M46.1S","splitDateTime":"2019-03-09T16:32:46.1","splitDateTimeLocal":"2019-03-09T10:32:46.1-06:00"},{"startDateTime":"2019-03-09T16:32:00","startDateTimeLocal":"2019-03-09T10:32:00-06:00","stageTimeDurationMs":1483800,"stageTimeDuration":"00:24:43.8000000","splitPointTimeId":65349,"splitPointId":1977,"entryId":19180,"elapsedDurationMs":282800,"elapsedDuration":"PT4M42.8S","splitDateTime":"2019-03-09T16:36:42.8","splitDateTimeLocal":"2019-03-09T10:36:42.8-06:00"},{"startDateTime":"2019-03-09T16:36:00","startDateTimeLocal":"2019-03-09T10:36:00-06:00","stageTimeDurationMs":1482600,"stageTimeDuration":"00:24:42.6000000","splitPointTimeId":65355,"splitPointId":1977,"entryId":19186,"elapsedDurationMs":283300,"elapsedDuration":"PT4M43.3S","splitDateTime":"2019-03-09T16:40:43.3","splitDateTimeLocal":"2019-03-09T10:40:43.3-06:00"},{"startDateTime":"2019-03-09T16:39:00","startDateTimeLocal":"2019-03-09T10:39:00-06:00","stageTimeDurationMs":1597500,"stageTimeDuration":"00:26:37.5000000","splitPointTimeId":65358,"splitPointId":1977,"entryId":19190,"elapsedDurationMs":303800,"elapsedDuration":"PT5M3.8S","splitDateTime":"2019-03-09T16:44:03.8","splitDateTimeLocal":"2019-03-09T10:44:03.8-06:00"},{"startDateTime":"2019-03-09T16:42:00","startDateTimeLocal":"2019-03-09T10:42:00-06:00","stageTimeDurationMs":1585600,"stageTimeDuration":"00:26:25.6000000","splitPointTimeId":65362,"splitPointId":1977,"entryId":19192,"elapsedDurationMs":301700,"elapsedDuration":"PT5M1.7S","splitDateTime":"2019-03-09T16:47:01.7","splitDateTimeLocal":"2019-03-09T10:47:01.7-06:00"},{"startDateTime":"2019-03-09T16:45:00","startDateTimeLocal":"2019-03-09T10:45:00-06:00","stageTimeDurationMs":1572900,"stageTimeDuration":"00:26:12.9000000","splitPointTimeId":65367,"splitPointId":1977,"entryId":19191,"elapsedDurationMs":300900,"elapsedDuration":"PT5M0.9S","splitDateTime":"2019-03-09T16:50:00.9","splitDateTimeLocal":"2019-03-09T10:50:00.9-06:00"},{"startDateTime":"2019-03-09T16:48:00","startDateTimeLocal":"2019-03-09T10:48:00-06:00","stageTimeDurationMs":1600600,"stageTimeDuration":"00:26:40.6000000","splitPointTimeId":65371,"splitPointId":1977,"entryId":19194,"elapsedDurationMs":306000,"elapsedDuration":"PT5M6S","splitDateTime":"2019-03-09T16:53:06","splitDateTimeLocal":"2019-03-09T10:53:06-06:00"},{"startDateTime":"2019-03-09T16:51:00","startDateTimeLocal":"2019-03-09T10:51:00-06:00","stageTimeDurationMs":1662500,"stageTimeDuration":"00:27:42.5000000","splitPointTimeId":65375,"splitPointId":1977,"entryId":19195,"elapsedDurationMs":313500,"elapsedDuration":"PT5M13.5S","splitDateTime":"2019-03-09T16:56:13.5","splitDateTimeLocal":"2019-03-09T10:56:13.5-06:00"},{"startDateTime":"2019-03-09T16:54:00","startDateTimeLocal":"2019-03-09T10:54:00-06:00","stageTimeDurationMs":1788600,"stageTimeDuration":"00:29:48.6000000","splitPointTimeId":65381,"splitPointId":1977,"entryId":19196,"elapsedDurationMs":325600,"elapsedDuration":"PT5M25.6S","splitDateTime":"2019-03-09T16:59:25.6","splitDateTimeLocal":"2019-03-09T10:59:25.6-06:00"},{"startDateTime":"2019-03-09T16:57:00","startDateTimeLocal":"2019-03-09T10:57:00-06:00","stageTimeDurationMs":1626000,"stageTimeDuration":"00:27:06","splitPointTimeId":65384,"splitPointId":1977,"entryId":19193,"elapsedDurationMs":305700,"elapsedDuration":"PT5M5.7S","splitDateTime":"2019-03-09T17:02:05.7","splitDateTimeLocal":"2019-03-09T11:02:05.7-06:00"},{"startDateTime":"2019-03-09T17:00:00","startDateTimeLocal":"2019-03-09T11:00:00-06:00","stageTimeDurationMs":1846400,"stageTimeDuration":"00:30:46.4000000","splitPointTimeId":65392,"splitPointId":1977,"entryId":19202,"elapsedDurationMs":354500,"elapsedDuration":"PT5M54.5S","splitDateTime":"2019-03-09T17:05:54.5","splitDateTimeLocal":"2019-03-09T11:05:54.5-06:00"},{"startDateTime":"2019-03-09T17:03:00","startDateTimeLocal":"2019-03-09T11:03:00-06:00","stageTimeDurationMs":2266400,"stageTimeDuration":"00:37:46.4000000","splitPointTimeId":65394,"splitPointId":1977,"entryId":19201,"elapsedDurationMs":377700,"elapsedDuration":"PT6M17.7S","splitDateTime":"2019-03-09T17:09:17.7","splitDateTimeLocal":"2019-03-09T11:09:17.7-06:00"},{"startDateTime":"2019-03-09T17:06:00","startDateTimeLocal":"2019-03-09T11:06:00-06:00","stageTimeDurationMs":1937900,"stageTimeDuration":"00:32:17.9000000","splitPointTimeId":65402,"splitPointId":1977,"entryId":19200,"elapsedDurationMs":379700,"elapsedDuration":"PT6M19.7S","splitDateTime":"2019-03-09T17:12:19.7","splitDateTimeLocal":"2019-03-09T11:12:19.7-06:00"},{"startDateTime":"2019-03-09T17:18:00","startDateTimeLocal":"2019-03-09T11:18:00-06:00","stageTimeDurationMs":1886300,"stageTimeDuration":"00:31:26.3000000","splitPointTimeId":65420,"splitPointId":1977,"entryId":19199,"elapsedDurationMs":362700,"elapsedDuration":"PT6M2.7S","splitDateTime":"2019-03-09T17:24:02.7","splitDateTimeLocal":"2019-03-09T11:24:02.7-06:00"},{"startDateTime":"2019-03-09T16:06:00","startDateTimeLocal":"2019-03-09T10:06:00-06:00","stageTimeDurationMs":1518000,"stageTimeDuration":"00:25:18","splitPointTimeId":65334,"splitPointId":1978,"entryId":19189,"elapsedDurationMs":852300,"elapsedDuration":"PT14M12.3S","splitDateTime":"2019-03-09T16:20:12.3","splitDateTimeLocal":"2019-03-09T10:20:12.3-06:00"},{"startDateTime":"2019-03-09T16:10:00","startDateTimeLocal":"2019-03-09T10:10:00-06:00","stageTimeDurationMs":1493800,"stageTimeDuration":"00:24:53.8000000","splitPointTimeId":65337,"splitPointId":1978,"entryId":19184,"elapsedDurationMs":840500,"elapsedDuration":"PT14M0.5S","splitDateTime":"2019-03-09T16:24:00.5","splitDateTimeLocal":"2019-03-09T10:24:00.5-06:00"},{"startDateTime":"2019-03-09T16:14:00","startDateTimeLocal":"2019-03-09T10:14:00-06:00","stageTimeDurationMs":1497100,"stageTimeDuration":"00:24:57.1000000","splitPointTimeId":65340,"splitPointId":1978,"entryId":19187,"elapsedDurationMs":838500,"elapsedDuration":"PT13M58.5S","splitDateTime":"2019-03-09T16:27:58.5","splitDateTimeLocal":"2019-03-09T10:27:58.5-06:00"},{"startDateTime":"2019-03-09T16:18:00","startDateTimeLocal":"2019-03-09T10:18:00-06:00","stageTimeDurationMs":1487000,"stageTimeDuration":"00:24:47","splitPointTimeId":65344,"splitPointId":1978,"entryId":19185,"elapsedDurationMs":831800,"elapsedDuration":"PT13M51.8S","splitDateTime":"2019-03-09T16:31:51.8","splitDateTimeLocal":"2019-03-09T10:31:51.8-06:00"},{"startDateTime":"2019-03-09T16:24:00","startDateTimeLocal":"2019-03-09T10:24:00-06:00","stageTimeDurationMs":1580400,"stageTimeDuration":"00:26:20.4000000","splitPointTimeId":65352,"splitPointId":1978,"entryId":19183,"elapsedDurationMs":861100,"elapsedDuration":"PT14M21.1S","splitDateTime":"2019-03-09T16:38:21.1","splitDateTimeLocal":"2019-03-09T10:38:21.1-06:00"},{"startDateTime":"2019-03-09T16:28:00","startDateTimeLocal":"2019-03-09T10:28:00-06:00","stageTimeDurationMs":1494800,"stageTimeDuration":"00:24:54.8000000","splitPointTimeId":65357,"splitPointId":1978,"entryId":19188,"elapsedDurationMs":838400,"elapsedDuration":"PT13M58.4S","splitDateTime":"2019-03-09T16:41:58.4","splitDateTimeLocal":"2019-03-09T10:41:58.4-06:00"},{"startDateTime":"2019-03-09T16:32:00","startDateTimeLocal":"2019-03-09T10:32:00-06:00","stageTimeDurationMs":1483800,"stageTimeDuration":"00:24:43.8000000","splitPointTimeId":65361,"splitPointId":1978,"entryId":19180,"elapsedDurationMs":832700,"elapsedDuration":"PT13M52.7S","splitDateTime":"2019-03-09T16:45:52.7","splitDateTimeLocal":"2019-03-09T10:45:52.7-06:00"},{"startDateTime":"2019-03-09T16:36:00","startDateTimeLocal":"2019-03-09T10:36:00-06:00","stageTimeDurationMs":1482600,"stageTimeDuration":"00:24:42.6000000","splitPointTimeId":65366,"splitPointId":1978,"entryId":19186,"elapsedDurationMs":830200,"elapsedDuration":"PT13M50.2S","splitDateTime":"2019-03-09T16:49:50.2","splitDateTimeLocal":"2019-03-09T10:49:50.2-06:00"},{"startDateTime":"2019-03-09T16:39:00","startDateTimeLocal":"2019-03-09T10:39:00-06:00","stageTimeDurationMs":1597500,"stageTimeDuration":"00:26:37.5000000","splitPointTimeId":65372,"splitPointId":1978,"entryId":19190,"elapsedDurationMs":891800,"elapsedDuration":"PT14M51.8S","splitDateTime":"2019-03-09T16:53:51.8","splitDateTimeLocal":"2019-03-09T10:53:51.8-06:00"},{"startDateTime":"2019-03-09T16:42:00","startDateTimeLocal":"2019-03-09T10:42:00-06:00","stageTimeDurationMs":1585600,"stageTimeDuration":"00:26:25.6000000","splitPointTimeId":65377,"splitPointId":1978,"entryId":19192,"elapsedDurationMs":888800,"elapsedDuration":"PT14M48.8S","splitDateTime":"2019-03-09T16:56:48.8","splitDateTimeLocal":"2019-03-09T10:56:48.8-06:00"},{"startDateTime":"2019-03-09T16:45:00","startDateTimeLocal":"2019-03-09T10:45:00-06:00","stageTimeDurationMs":1572900,"stageTimeDuration":"00:26:12.9000000","splitPointTimeId":65380,"splitPointId":1978,"entryId":19191,"elapsedDurationMs":882100,"elapsedDuration":"PT14M42.1S","splitDateTime":"2019-03-09T16:59:42.1","splitDateTimeLocal":"2019-03-09T10:59:42.1-06:00"},{"startDateTime":"2019-03-09T16:48:00","startDateTimeLocal":"2019-03-09T10:48:00-06:00","stageTimeDurationMs":1600600,"stageTimeDuration":"00:26:40.6000000","splitPointTimeId":65385,"splitPointId":1978,"entryId":19194,"elapsedDurationMs":898400,"elapsedDuration":"PT14M58.4S","splitDateTime":"2019-03-09T17:02:58.4","splitDateTimeLocal":"2019-03-09T11:02:58.4-06:00"},{"startDateTime":"2019-03-09T16:51:00","startDateTimeLocal":"2019-03-09T10:51:00-06:00","stageTimeDurationMs":1662500,"stageTimeDuration":"00:27:42.5000000","splitPointTimeId":65389,"splitPointId":1978,"entryId":19195,"elapsedDurationMs":924900,"elapsedDuration":"PT15M24.9S","splitDateTime":"2019-03-09T17:06:24.9","splitDateTimeLocal":"2019-03-09T11:06:24.9-06:00"},{"startDateTime":"2019-03-09T16:54:00","startDateTimeLocal":"2019-03-09T10:54:00-06:00","stageTimeDurationMs":1788600,"stageTimeDuration":"00:29:48.6000000","splitPointTimeId":65397,"splitPointId":1978,"entryId":19196,"elapsedDurationMs":994400,"elapsedDuration":"PT16M34.4S","splitDateTime":"2019-03-09T17:10:34.4","splitDateTimeLocal":"2019-03-09T11:10:34.4-06:00"},{"startDateTime":"2019-03-09T16:57:00","startDateTimeLocal":"2019-03-09T10:57:00-06:00","stageTimeDurationMs":1626000,"stageTimeDuration":"00:27:06","splitPointTimeId":65400,"splitPointId":1978,"entryId":19193,"elapsedDurationMs":896700,"elapsedDuration":"PT14M56.7S","splitDateTime":"2019-03-09T17:11:56.7","splitDateTimeLocal":"2019-03-09T11:11:56.7-06:00"},{"startDateTime":"2019-03-09T17:00:00","startDateTimeLocal":"2019-03-09T11:00:00-06:00","stageTimeDurationMs":1846400,"stageTimeDuration":"00:30:46.4000000","splitPointTimeId":65408,"splitPointId":1978,"entryId":19202,"elapsedDurationMs":1041400,"elapsedDuration":"PT17M21.4S","splitDateTime":"2019-03-09T17:17:21.4","splitDateTimeLocal":"2019-03-09T11:17:21.4-06:00"},{"startDateTime":"2019-03-09T17:03:00","startDateTimeLocal":"2019-03-09T11:03:00-06:00","stageTimeDurationMs":2266400,"stageTimeDuration":"00:37:46.4000000","splitPointTimeId":65415,"splitPointId":1978,"entryId":19201,"elapsedDurationMs":1102800,"elapsedDuration":"PT18M22.8S","splitDateTime":"2019-03-09T17:21:22.8","splitDateTimeLocal":"2019-03-09T11:21:22.8-06:00"},{"startDateTime":"2019-03-09T17:06:00","startDateTimeLocal":"2019-03-09T11:06:00-06:00","stageTimeDurationMs":1937900,"stageTimeDuration":"00:32:17.9000000","splitPointTimeId":65422,"splitPointId":1978,"entryId":19200,"elapsedDurationMs":1091900,"elapsedDuration":"PT18M11.9S","splitDateTime":"2019-03-09T17:24:11.9","splitDateTimeLocal":"2019-03-09T11:24:11.9-06:00"},{"startDateTime":"2019-03-09T17:18:00","startDateTimeLocal":"2019-03-09T11:18:00-06:00","stageTimeDurationMs":1886300,"stageTimeDuration":"00:31:26.3000000","splitPointTimeId":65433,"splitPointId":1978,"entryId":19199,"elapsedDurationMs":1061000,"elapsedDuration":"PT17M41S","splitDateTime":"2019-03-09T17:35:41","splitDateTimeLocal":"2019-03-09T11:35:41-06:00"},{"startDateTime":"2019-03-09T16:06:00","startDateTimeLocal":"2019-03-09T10:06:00-06:00","stageTimeDurationMs":1518000,"stageTimeDuration":"00:25:18","splitPointTimeId":65338,"splitPointId":1980,"entryId":19189,"elapsedDurationMs":1254700,"elapsedDuration":"PT20M54.7S","splitDateTime":"2019-03-09T16:26:54.7","splitDateTimeLocal":"2019-03-09T10:26:54.7-06:00"},{"startDateTime":"2019-03-09T16:10:00","startDateTimeLocal":"2019-03-09T10:10:00-06:00","stageTimeDurationMs":1493800,"stageTimeDuration":"00:24:53.8000000","splitPointTimeId":65343,"splitPointId":1980,"entryId":19184,"elapsedDurationMs":1235700,"elapsedDuration":"PT20M35.7S","splitDateTime":"2019-03-09T16:30:35.7","splitDateTimeLocal":"2019-03-09T10:30:35.7-06:00"},{"startDateTime":"2019-03-09T16:14:00","startDateTimeLocal":"2019-03-09T10:14:00-06:00","stageTimeDurationMs":1497100,"stageTimeDuration":"00:24:57.1000000","splitPointTimeId":65348,"splitPointId":1980,"entryId":19187,"elapsedDurationMs":1235200,"elapsedDuration":"PT20M35.2S","splitDateTime":"2019-03-09T16:34:35.2","splitDateTimeLocal":"2019-03-09T10:34:35.2-06:00"},{"startDateTime":"2019-03-09T16:18:00","startDateTimeLocal":"2019-03-09T10:18:00-06:00","stageTimeDurationMs":1487000,"stageTimeDuration":"00:24:47","splitPointTimeId":65353,"splitPointId":1980,"entryId":19185,"elapsedDurationMs":1226900,"elapsedDuration":"PT20M26.9S","splitDateTime":"2019-03-09T16:38:26.9","splitDateTimeLocal":"2019-03-09T10:38:26.9-06:00"},{"startDateTime":"2019-03-09T16:24:00","startDateTimeLocal":"2019-03-09T10:24:00-06:00","stageTimeDurationMs":1580400,"stageTimeDuration":"00:26:20.4000000","splitPointTimeId":65360,"splitPointId":1980,"entryId":19183,"elapsedDurationMs":1291300,"elapsedDuration":"PT21M31.3S","splitDateTime":"2019-03-09T16:45:31.3","splitDateTimeLocal":"2019-03-09T10:45:31.3-06:00"},{"startDateTime":"2019-03-09T16:28:00","startDateTimeLocal":"2019-03-09T10:28:00-06:00","stageTimeDurationMs":1494800,"stageTimeDuration":"00:24:54.8000000","splitPointTimeId":65363,"splitPointId":1980,"entryId":19188,"elapsedDurationMs":1234800,"elapsedDuration":"PT20M34.8S","splitDateTime":"2019-03-09T16:48:34.8","splitDateTimeLocal":"2019-03-09T10:48:34.8-06:00"},{"startDateTime":"2019-03-09T16:32:00","startDateTimeLocal":"2019-03-09T10:32:00-06:00","stageTimeDurationMs":1483800,"stageTimeDuration":"00:24:43.8000000","splitPointTimeId":65370,"splitPointId":1980,"entryId":19180,"elapsedDurationMs":1224800,"elapsedDuration":"PT20M24.8S","splitDateTime":"2019-03-09T16:52:24.8","splitDateTimeLocal":"2019-03-09T10:52:24.8-06:00"},{"startDateTime":"2019-03-09T16:36:00","startDateTimeLocal":"2019-03-09T10:36:00-06:00","stageTimeDurationMs":1482600,"stageTimeDuration":"00:24:42.6000000","splitPointTimeId":65376,"splitPointId":1980,"entryId":19186,"elapsedDurationMs":1222300,"elapsedDuration":"PT20M22.3S","splitDateTime":"2019-03-09T16:56:22.3","splitDateTimeLocal":"2019-03-09T10:56:22.3-06:00"},{"startDateTime":"2019-03-09T16:39:00","startDateTimeLocal":"2019-03-09T10:39:00-06:00","stageTimeDurationMs":1597500,"stageTimeDuration":"00:26:37.5000000","splitPointTimeId":65382,"splitPointId":1980,"entryId":19190,"elapsedDurationMs":1313300,"elapsedDuration":"PT21M53.3S","splitDateTime":"2019-03-09T17:00:53.3","splitDateTimeLocal":"2019-03-09T11:00:53.3-06:00"},{"startDateTime":"2019-03-09T16:42:00","startDateTimeLocal":"2019-03-09T10:42:00-06:00","stageTimeDurationMs":1585600,"stageTimeDuration":"00:26:25.6000000","splitPointTimeId":65386,"splitPointId":1980,"entryId":19192,"elapsedDurationMs":1305800,"elapsedDuration":"PT21M45.8S","splitDateTime":"2019-03-09T17:03:45.8","splitDateTimeLocal":"2019-03-09T11:03:45.8-06:00"},{"startDateTime":"2019-03-09T16:45:00","startDateTimeLocal":"2019-03-09T10:45:00-06:00","stageTimeDurationMs":1572900,"stageTimeDuration":"00:26:12.9000000","splitPointTimeId":65390,"splitPointId":1980,"entryId":19191,"elapsedDurationMs":1296300,"elapsedDuration":"PT21M36.3S","splitDateTime":"2019-03-09T17:06:36.3","splitDateTimeLocal":"2019-03-09T11:06:36.3-06:00"},{"startDateTime":"2019-03-09T16:48:00","startDateTimeLocal":"2019-03-09T10:48:00-06:00","stageTimeDurationMs":1600600,"stageTimeDuration":"00:26:40.6000000","splitPointTimeId":65396,"splitPointId":1980,"entryId":19194,"elapsedDurationMs":1316300,"elapsedDuration":"PT21M56.3S","splitDateTime":"2019-03-09T17:09:56.3","splitDateTimeLocal":"2019-03-09T11:09:56.3-06:00"},{"startDateTime":"2019-03-09T16:51:00","startDateTimeLocal":"2019-03-09T10:51:00-06:00","stageTimeDurationMs":1662500,"stageTimeDuration":"00:27:42.5000000","splitPointTimeId":65404,"splitPointId":1980,"entryId":19195,"elapsedDurationMs":1365300,"elapsedDuration":"PT22M45.3S","splitDateTime":"2019-03-09T17:13:45.3","splitDateTimeLocal":"2019-03-09T11:13:45.3-06:00"},{"startDateTime":"2019-03-09T16:54:00","startDateTimeLocal":"2019-03-09T10:54:00-06:00","stageTimeDurationMs":1788600,"stageTimeDuration":"00:29:48.6000000","splitPointTimeId":65411,"splitPointId":1980,"entryId":19196,"elapsedDurationMs":1469300,"elapsedDuration":"PT24M29.3S","splitDateTime":"2019-03-09T17:18:29.3","splitDateTimeLocal":"2019-03-09T11:18:29.3-06:00"},{"startDateTime":"2019-03-09T16:57:00","startDateTimeLocal":"2019-03-09T10:57:00-06:00","stageTimeDurationMs":1626000,"stageTimeDuration":"00:27:06","splitPointTimeId":65412,"splitPointId":1980,"entryId":19193,"elapsedDurationMs":1316800,"elapsedDuration":"PT21M56.8S","splitDateTime":"2019-03-09T17:18:56.8","splitDateTimeLocal":"2019-03-09T11:18:56.8-06:00"},{"startDateTime":"2019-03-09T17:00:00","startDateTimeLocal":"2019-03-09T11:00:00-06:00","stageTimeDurationMs":1846400,"stageTimeDuration":"00:30:46.4000000","splitPointTimeId":65421,"splitPointId":1980,"entryId":19202,"elapsedDurationMs":1525800,"elapsedDuration":"PT25M25.8S","splitDateTime":"2019-03-09T17:25:25.8","splitDateTimeLocal":"2019-03-09T11:25:25.8-06:00"},{"startDateTime":"2019-03-09T17:03:00","startDateTimeLocal":"2019-03-09T11:03:00-06:00","stageTimeDurationMs":2266400,"stageTimeDuration":"00:37:46.4000000","splitPointTimeId":65427,"splitPointId":1980,"entryId":19201,"elapsedDurationMs":1631300,"elapsedDuration":"PT27M11.3S","splitDateTime":"2019-03-09T17:30:11.3","splitDateTimeLocal":"2019-03-09T11:30:11.3-06:00"},{"startDateTime":"2019-03-09T17:06:00","startDateTimeLocal":"2019-03-09T11:06:00-06:00","stageTimeDurationMs":1937900,"stageTimeDuration":"00:32:17.9000000","splitPointTimeId":65430,"splitPointId":1980,"entryId":19200,"elapsedDurationMs":1595200,"elapsedDuration":"PT26M35.2S","splitDateTime":"2019-03-09T17:32:35.2","splitDateTimeLocal":"2019-03-09T11:32:35.2-06:00"},{"startDateTime":"2019-03-09T17:18:00","startDateTimeLocal":"2019-03-09T11:18:00-06:00","stageTimeDurationMs":1886300,"stageTimeDuration":"00:31:26.3000000","splitPointTimeId":65440,"splitPointId":1980,"entryId":19199,"elapsedDurationMs":1548300,"elapsedDuration":"PT25M48.3S","splitDateTime":"2019-03-09T17:43:48.3","splitDateTimeLocal":"2019-03-09T11:43:48.3-06:00"},{"startDateTime":"2019-03-09T16:06:00","startDateTimeLocal":"2019-03-09T10:06:00-06:00","stageTimeDurationMs":1518000,"stageTimeDuration":"00:25:18","splitPointTimeId":65342,"splitPointId":1981,"entryId":19189,"elapsedDurationMs":1455800,"elapsedDuration":"PT24M15.8S","splitDateTime":"2019-03-09T16:30:15.8","splitDateTimeLocal":"2019-03-09T10:30:15.8-06:00"},{"startDateTime":"2019-03-09T16:10:00","startDateTimeLocal":"2019-03-09T10:10:00-06:00","stageTimeDurationMs":1493800,"stageTimeDuration":"00:24:53.8000000","splitPointTimeId":65347,"splitPointId":1981,"entryId":19184,"elapsedDurationMs":1432100,"elapsedDuration":"PT23M52.1S","splitDateTime":"2019-03-09T16:33:52.1","splitDateTimeLocal":"2019-03-09T10:33:52.1-06:00"},{"startDateTime":"2019-03-09T16:14:00","startDateTimeLocal":"2019-03-09T10:14:00-06:00","stageTimeDurationMs":1497100,"stageTimeDuration":"00:24:57.1000000","splitPointTimeId":65351,"splitPointId":1981,"entryId":19187,"elapsedDurationMs":1435500,"elapsedDuration":"PT23M55.5S","splitDateTime":"2019-03-09T16:37:55.5","splitDateTimeLocal":"2019-03-09T10:37:55.5-06:00"},{"startDateTime":"2019-03-09T16:18:00","startDateTimeLocal":"2019-03-09T10:18:00-06:00","stageTimeDurationMs":1487000,"stageTimeDuration":"00:24:47","splitPointTimeId":65356,"splitPointId":1981,"entryId":19185,"elapsedDurationMs":1427000,"elapsedDuration":"PT23M47S","splitDateTime":"2019-03-09T16:41:47","splitDateTimeLocal":"2019-03-09T10:41:47-06:00"},{"startDateTime":"2019-03-09T16:24:00","startDateTimeLocal":"2019-03-09T10:24:00-06:00","stageTimeDurationMs":1580400,"stageTimeDuration":"00:26:20.4000000","splitPointTimeId":65365,"splitPointId":1981,"entryId":19183,"elapsedDurationMs":1508700,"elapsedDuration":"PT25M8.7S","splitDateTime":"2019-03-09T16:49:08.7","splitDateTimeLocal":"2019-03-09T10:49:08.7-06:00"},{"startDateTime":"2019-03-09T16:28:00","startDateTimeLocal":"2019-03-09T10:28:00-06:00","stageTimeDurationMs":1494800,"stageTimeDuration":"00:24:54.8000000","splitPointTimeId":65368,"splitPointId":1981,"entryId":19188,"elapsedDurationMs":1433000,"elapsedDuration":"PT23M53S","splitDateTime":"2019-03-09T16:51:53","splitDateTimeLocal":"2019-03-09T10:51:53-06:00"},{"startDateTime":"2019-03-09T16:32:00","startDateTimeLocal":"2019-03-09T10:32:00-06:00","stageTimeDurationMs":1483800,"stageTimeDuration":"00:24:43.8000000","splitPointTimeId":65374,"splitPointId":1981,"entryId":19180,"elapsedDurationMs":1422400,"elapsedDuration":"PT23M42.4S","splitDateTime":"2019-03-09T16:55:42.4","splitDateTimeLocal":"2019-03-09T10:55:42.4-06:00"},{"startDateTime":"2019-03-09T16:36:00","startDateTimeLocal":"2019-03-09T10:36:00-06:00","stageTimeDurationMs":1482600,"stageTimeDuration":"00:24:42.6000000","splitPointTimeId":65379,"splitPointId":1981,"entryId":19186,"elapsedDurationMs":1420700,"elapsedDuration":"PT23M40.7S","splitDateTime":"2019-03-09T16:59:40.7","splitDateTimeLocal":"2019-03-09T10:59:40.7-06:00"},{"startDateTime":"2019-03-09T16:39:00","startDateTimeLocal":"2019-03-09T10:39:00-06:00","stageTimeDurationMs":1597500,"stageTimeDuration":"00:26:37.5000000","splitPointTimeId":65387,"splitPointId":1981,"entryId":19190,"elapsedDurationMs":1529000,"elapsedDuration":"PT25M29S","splitDateTime":"2019-03-09T17:04:29","splitDateTimeLocal":"2019-03-09T11:04:29-06:00"},{"startDateTime":"2019-03-09T16:42:00","startDateTimeLocal":"2019-03-09T10:42:00-06:00","stageTimeDurationMs":1585600,"stageTimeDuration":"00:26:25.6000000","splitPointTimeId":65393,"splitPointId":1981,"entryId":19192,"elapsedDurationMs":1519600,"elapsedDuration":"PT25M19.6S","splitDateTime":"2019-03-09T17:07:19.6","splitDateTimeLocal":"2019-03-09T11:07:19.6-06:00"},{"startDateTime":"2019-03-09T16:45:00","startDateTimeLocal":"2019-03-09T10:45:00-06:00","stageTimeDurationMs":1572900,"stageTimeDuration":"00:26:12.9000000","splitPointTimeId":65395,"splitPointId":1981,"entryId":19191,"elapsedDurationMs":1507700,"elapsedDuration":"PT25M7.7S","splitDateTime":"2019-03-09T17:10:07.7","splitDateTimeLocal":"2019-03-09T11:10:07.7-06:00"},{"startDateTime":"2019-03-09T16:48:00","startDateTimeLocal":"2019-03-09T10:48:00-06:00","stageTimeDurationMs":1600600,"stageTimeDuration":"00:26:40.6000000","splitPointTimeId":65403,"splitPointId":1981,"entryId":19194,"elapsedDurationMs":1533000,"elapsedDuration":"PT25M33S","splitDateTime":"2019-03-09T17:13:33","splitDateTimeLocal":"2019-03-09T11:13:33-06:00"},{"startDateTime":"2019-03-09T16:51:00","startDateTimeLocal":"2019-03-09T10:51:00-06:00","stageTimeDurationMs":1662500,"stageTimeDuration":"00:27:42.5000000","splitPointTimeId":65409,"splitPointId":1981,"entryId":19195,"elapsedDurationMs":1593000,"elapsedDuration":"PT26M33S","splitDateTime":"2019-03-09T17:17:33","splitDateTimeLocal":"2019-03-09T11:17:33-06:00"},{"startDateTime":"2019-03-09T16:54:00","startDateTimeLocal":"2019-03-09T10:54:00-06:00","stageTimeDurationMs":1788600,"stageTimeDuration":"00:29:48.6000000","splitPointTimeId":65416,"splitPointId":1981,"entryId":19196,"elapsedDurationMs":1712400,"elapsedDuration":"PT28M32.4S","splitDateTime":"2019-03-09T17:22:32.4","splitDateTimeLocal":"2019-03-09T11:22:32.4-06:00"},{"startDateTime":"2019-03-09T16:57:00","startDateTimeLocal":"2019-03-09T10:57:00-06:00","stageTimeDurationMs":1626000,"stageTimeDuration":"00:27:06","splitPointTimeId":65417,"splitPointId":1981,"entryId":19193,"elapsedDurationMs":1549200,"elapsedDuration":"PT25M49.2S","splitDateTime":"2019-03-09T17:22:49.2","splitDateTimeLocal":"2019-03-09T11:22:49.2-06:00"},{"startDateTime":"2019-03-09T17:00:00","startDateTimeLocal":"2019-03-09T11:00:00-06:00","stageTimeDurationMs":1846400,"stageTimeDuration":"00:30:46.4000000","splitPointTimeId":65425,"splitPointId":1981,"entryId":19202,"elapsedDurationMs":1768200,"elapsedDuration":"PT29M28.2S","splitDateTime":"2019-03-09T17:29:28.2","splitDateTimeLocal":"2019-03-09T11:29:28.2-06:00"},{"startDateTime":"2019-03-09T17:03:00","startDateTimeLocal":"2019-03-09T11:03:00-06:00","stageTimeDurationMs":2266400,"stageTimeDuration":"00:37:46.4000000","splitPointTimeId":65431,"splitPointId":1981,"entryId":19201,"elapsedDurationMs":1906200,"elapsedDuration":"PT31M46.2S","splitDateTime":"2019-03-09T17:34:46.2","splitDateTimeLocal":"2019-03-09T11:34:46.2-06:00"},{"startDateTime":"2019-03-09T17:06:00","startDateTimeLocal":"2019-03-09T11:06:00-06:00","stageTimeDurationMs":1937900,"stageTimeDuration":"00:32:17.9000000","splitPointTimeId":65435,"splitPointId":1981,"entryId":19200,"elapsedDurationMs":1854900,"elapsedDuration":"PT30M54.9S","splitDateTime":"2019-03-09T17:36:54.9","splitDateTimeLocal":"2019-03-09T11:36:54.9-06:00"},{"startDateTime":"2019-03-09T17:18:00","startDateTimeLocal":"2019-03-09T11:18:00-06:00","stageTimeDurationMs":1886300,"stageTimeDuration":"00:31:26.3000000","splitPointTimeId":65443,"splitPointId":1981,"entryId":19199,"elapsedDurationMs":1806800,"elapsedDuration":"PT30M6.8S","splitDateTime":"2019-03-09T17:48:06.8","splitDateTimeLocal":"2019-03-09T11:48:06.8-06:00"}]