[{"startDateTime":"2019-08-25T05:46:00","startDateTimeLocal":"2019-08-25T07:46:00+02:00","stageTimeDurationMs":987600,"stageTimeDuration":"00:16:27.6000000","splitPointTimeId":89489,"splitPointId":2712,"entryId":20118,"elapsedDurationMs":41700,"elapsedDuration":"PT41.7S","splitDateTime":"2019-08-25T05:46:41.7","splitDateTimeLocal":"2019-08-25T07:46:41.7+02:00"},{"startDateTime":"2019-08-25T05:48:00","startDateTimeLocal":"2019-08-25T07:48:00+02:00","stageTimeDurationMs":1022700,"stageTimeDuration":"00:17:02.7000000","splitPointTimeId":89490,"splitPointId":2712,"entryId":20125,"elapsedDurationMs":43300,"elapsedDuration":"PT43.3S","splitDateTime":"2019-08-25T05:48:43.3","splitDateTimeLocal":"2019-08-25T07:48:43.3+02:00"},{"startDateTime":"2019-08-25T05:50:00","startDateTimeLocal":"2019-08-25T07:50:00+02:00","stageTimeDurationMs":995800,"stageTimeDuration":"00:16:35.8000000","splitPointTimeId":89492,"splitPointId":2712,"entryId":20126,"elapsedDurationMs":42200,"elapsedDuration":"PT42.2S","splitDateTime":"2019-08-25T05:50:42.2","splitDateTimeLocal":"2019-08-25T07:50:42.2+02:00"},{"startDateTime":"2019-08-25T05:52:00","startDateTimeLocal":"2019-08-25T07:52:00+02:00","stageTimeDurationMs":984400,"stageTimeDuration":"00:16:24.4000000","splitPointTimeId":89495,"splitPointId":2712,"entryId":20117,"elapsedDurationMs":41700,"elapsedDuration":"PT41.7S","splitDateTime":"2019-08-25T05:52:41.7","splitDateTimeLocal":"2019-08-25T07:52:41.7+02:00"},{"startDateTime":"2019-08-25T05:54:00","startDateTimeLocal":"2019-08-25T07:54:00+02:00","stageTimeDurationMs":984500,"stageTimeDuration":"00:16:24.5000000","splitPointTimeId":89498,"splitPointId":2712,"entryId":20119,"elapsedDurationMs":41200,"elapsedDuration":"PT41.2S","splitDateTime":"2019-08-25T05:54:41.2","splitDateTimeLocal":"2019-08-25T07:54:41.2+02:00"},{"startDateTime":"2019-08-25T05:56:00","startDateTimeLocal":"2019-08-25T07:56:00+02:00","stageTimeDurationMs":994900,"stageTimeDuration":"00:16:34.9000000","splitPointTimeId":89502,"splitPointId":2712,"entryId":20127,"elapsedDurationMs":41200,"elapsedDuration":"PT41.2S","splitDateTime":"2019-08-25T05:56:41.2","splitDateTimeLocal":"2019-08-25T07:56:41.2+02:00"},{"startDateTime":"2019-08-25T05:58:00","startDateTimeLocal":"2019-08-25T07:58:00+02:00","stageTimeDurationMs":976200,"stageTimeDuration":"00:16:16.2000000","splitPointTimeId":89507,"splitPointId":2712,"entryId":20124,"elapsedDurationMs":41200,"elapsedDuration":"PT41.2S","splitDateTime":"2019-08-25T05:58:41.2","splitDateTimeLocal":"2019-08-25T07:58:41.2+02:00"},{"startDateTime":"2019-08-25T06:00:00","startDateTimeLocal":"2019-08-25T08:00:00+02:00","stageTimeDurationMs":980000,"stageTimeDuration":"00:16:20","splitPointTimeId":89513,"splitPointId":2712,"entryId":20121,"elapsedDurationMs":40800,"elapsedDuration":"PT40.8S","splitDateTime":"2019-08-25T06:00:40.8","splitDateTimeLocal":"2019-08-25T08:00:40.8+02:00"},{"startDateTime":"2019-08-25T06:02:00","startDateTimeLocal":"2019-08-25T08:02:00+02:00","stageTimeDurationMs":992900,"stageTimeDuration":"00:16:32.9000000","splitPointTimeId":89519,"splitPointId":2712,"entryId":20123,"elapsedDurationMs":41700,"elapsedDuration":"PT41.7S","splitDateTime":"2019-08-25T06:02:41.7","splitDateTimeLocal":"2019-08-25T08:02:41.7+02:00"},{"startDateTime":"2019-08-25T06:04:00","startDateTimeLocal":"2019-08-25T08:04:00+02:00","stageTimeDurationMs":983000,"stageTimeDuration":"00:16:23","splitPointTimeId":89524,"splitPointId":2712,"entryId":20120,"elapsedDurationMs":41200,"elapsedDuration":"PT41.2S","splitDateTime":"2019-08-25T06:04:41.2","splitDateTimeLocal":"2019-08-25T08:04:41.2+02:00"},{"startDateTime":"2019-08-25T06:06:00","startDateTimeLocal":"2019-08-25T08:06:00+02:00","stageTimeDurationMs":990300,"stageTimeDuration":"00:16:30.3000000","splitPointTimeId":89531,"splitPointId":2712,"entryId":20122,"elapsedDurationMs":41200,"elapsedDuration":"PT41.2S","splitDateTime":"2019-08-25T06:06:41.2","splitDateTimeLocal":"2019-08-25T08:06:41.2+02:00"},{"startDateTime":"2019-08-25T06:08:00","startDateTimeLocal":"2019-08-25T08:08:00+02:00","stageTimeDurationMs":1043600,"stageTimeDuration":"00:17:23.6000000","splitPointTimeId":89537,"splitPointId":2712,"entryId":20130,"elapsedDurationMs":44200,"elapsedDuration":"PT44.2S","splitDateTime":"2019-08-25T06:08:44.2","splitDateTimeLocal":"2019-08-25T08:08:44.2+02:00"},{"startDateTime":"2019-08-25T06:10:00","startDateTimeLocal":"2019-08-25T08:10:00+02:00","stageTimeDurationMs":1056000,"stageTimeDuration":"00:17:36","splitPointTimeId":89542,"splitPointId":2712,"entryId":20131,"elapsedDurationMs":45200,"elapsedDuration":"PT45.2S","splitDateTime":"2019-08-25T06:10:45.2","splitDateTimeLocal":"2019-08-25T08:10:45.2+02:00"},{"startDateTime":"2019-08-25T06:12:00","startDateTimeLocal":"2019-08-25T08:12:00+02:00","stageTimeDurationMs":1034200,"stageTimeDuration":"00:17:14.2000000","splitPointTimeId":89549,"splitPointId":2712,"entryId":20128,"elapsedDurationMs":43700,"elapsedDuration":"PT43.7S","splitDateTime":"2019-08-25T06:12:43.7","splitDateTimeLocal":"2019-08-25T08:12:43.7+02:00"},{"startDateTime":"2019-08-25T06:14:00","startDateTimeLocal":"2019-08-25T08:14:00+02:00","stageTimeDurationMs":1037000,"stageTimeDuration":"00:17:17","splitPointTimeId":89554,"splitPointId":2712,"entryId":20129,"elapsedDurationMs":43200,"elapsedDuration":"PT43.2S","splitDateTime":"2019-08-25T06:14:43.2","splitDateTimeLocal":"2019-08-25T08:14:43.2+02:00"},{"startDateTime":"2019-08-25T06:15:00","startDateTimeLocal":"2019-08-25T08:15:00+02:00","stageTimeDurationMs":1036700,"stageTimeDuration":"00:17:16.7000000","splitPointTimeId":89558,"splitPointId":2712,"entryId":20144,"elapsedDurationMs":43700,"elapsedDuration":"PT43.7S","splitDateTime":"2019-08-25T06:15:43.7","splitDateTimeLocal":"2019-08-25T08:15:43.7+02:00"},{"startDateTime":"2019-08-25T06:16:00","startDateTimeLocal":"2019-08-25T08:16:00+02:00","stageTimeDurationMs":1042400,"stageTimeDuration":"00:17:22.4000000","splitPointTimeId":89561,"splitPointId":2712,"entryId":20143,"elapsedDurationMs":44700,"elapsedDuration":"PT44.7S","splitDateTime":"2019-08-25T06:16:44.7","splitDateTimeLocal":"2019-08-25T08:16:44.7+02:00"},{"startDateTime":"2019-08-25T06:17:00","startDateTimeLocal":"2019-08-25T08:17:00+02:00","stageTimeDurationMs":1040900,"stageTimeDuration":"00:17:20.9000000","splitPointTimeId":89565,"splitPointId":2712,"entryId":20133,"elapsedDurationMs":43200,"elapsedDuration":"PT43.2S","splitDateTime":"2019-08-25T06:17:43.2","splitDateTimeLocal":"2019-08-25T08:17:43.2+02:00"},{"startDateTime":"2019-08-25T06:18:00","startDateTimeLocal":"2019-08-25T08:18:00+02:00","stageTimeDurationMs":1042500,"stageTimeDuration":"00:17:22.5000000","splitPointTimeId":89569,"splitPointId":2712,"entryId":20134,"elapsedDurationMs":43800,"elapsedDuration":"PT43.8S","splitDateTime":"2019-08-25T06:18:43.8","splitDateTimeLocal":"2019-08-25T08:18:43.8+02:00"},{"startDateTime":"2019-08-25T06:19:00","startDateTimeLocal":"2019-08-25T08:19:00+02:00","stageTimeDurationMs":1061900,"stageTimeDuration":"00:17:41.9000000","splitPointTimeId":89573,"splitPointId":2712,"entryId":20151,"elapsedDurationMs":45200,"elapsedDuration":"PT45.2S","splitDateTime":"2019-08-25T06:19:45.2","splitDateTimeLocal":"2019-08-25T08:19:45.2+02:00"},{"startDateTime":"2019-08-25T06:20:00","startDateTimeLocal":"2019-08-25T08:20:00+02:00","stageTimeDurationMs":1054700,"stageTimeDuration":"00:17:34.7000000","splitPointTimeId":89576,"splitPointId":2712,"entryId":20132,"elapsedDurationMs":43700,"elapsedDuration":"PT43.7S","splitDateTime":"2019-08-25T06:20:43.7","splitDateTimeLocal":"2019-08-25T08:20:43.7+02:00"},{"startDateTime":"2019-08-25T06:21:00","startDateTimeLocal":"2019-08-25T08:21:00+02:00","stageTimeDurationMs":1072000,"stageTimeDuration":"00:17:52","splitPointTimeId":89581,"splitPointId":2712,"entryId":20145,"elapsedDurationMs":46700,"elapsedDuration":"PT46.7S","splitDateTime":"2019-08-25T06:21:46.7","splitDateTimeLocal":"2019-08-25T08:21:46.7+02:00"},{"startDateTime":"2019-08-25T06:22:00","startDateTimeLocal":"2019-08-25T08:22:00+02:00","stageTimeDurationMs":1077500,"stageTimeDuration":"00:17:57.5000000","splitPointTimeId":89585,"splitPointId":2712,"entryId":20138,"elapsedDurationMs":45700,"elapsedDuration":"PT45.7S","splitDateTime":"2019-08-25T06:22:45.7","splitDateTimeLocal":"2019-08-25T08:22:45.7+02:00"},{"startDateTime":"2019-08-25T06:23:00","startDateTimeLocal":"2019-08-25T08:23:00+02:00","stageTimeDurationMs":1064600,"stageTimeDuration":"00:17:44.6000000","splitPointTimeId":89590,"splitPointId":2712,"entryId":20135,"elapsedDurationMs":46200,"elapsedDuration":"PT46.2S","splitDateTime":"2019-08-25T06:23:46.2","splitDateTimeLocal":"2019-08-25T08:23:46.2+02:00"},{"startDateTime":"2019-08-25T06:24:00","startDateTimeLocal":"2019-08-25T08:24:00+02:00","stageTimeDurationMs":1040600,"stageTimeDuration":"00:17:20.6000000","splitPointTimeId":89595,"splitPointId":2712,"entryId":20137,"elapsedDurationMs":44200,"elapsedDuration":"PT44.2S","splitDateTime":"2019-08-25T06:24:44.2","splitDateTimeLocal":"2019-08-25T08:24:44.2+02:00"},{"startDateTime":"2019-08-25T06:25:00","startDateTimeLocal":"2019-08-25T08:25:00+02:00","stageTimeDurationMs":1063900,"stageTimeDuration":"00:17:43.9000000","splitPointTimeId":89600,"splitPointId":2712,"entryId":20136,"elapsedDurationMs":45200,"elapsedDuration":"PT45.2S","splitDateTime":"2019-08-25T06:25:45.2","splitDateTimeLocal":"2019-08-25T08:25:45.2+02:00"},{"startDateTime":"2019-08-25T06:26:00","startDateTimeLocal":"2019-08-25T08:26:00+02:00","stageTimeDurationMs":1090000,"stageTimeDuration":"00:18:10","splitPointTimeId":89606,"splitPointId":2712,"entryId":20150,"elapsedDurationMs":46700,"elapsedDuration":"PT46.7S","splitDateTime":"2019-08-25T06:26:46.7","splitDateTimeLocal":"2019-08-25T08:26:46.7+02:00"},{"startDateTime":"2019-08-25T06:27:00","startDateTimeLocal":"2019-08-25T08:27:00+02:00","stageTimeDurationMs":1099100,"stageTimeDuration":"00:18:19.1000000","splitPointTimeId":89612,"splitPointId":2712,"entryId":20157,"elapsedDurationMs":47700,"elapsedDuration":"PT47.7S","splitDateTime":"2019-08-25T06:27:47.7","splitDateTimeLocal":"2019-08-25T08:27:47.7+02:00"},{"startDateTime":"2019-08-25T06:28:00","startDateTimeLocal":"2019-08-25T08:28:00+02:00","stageTimeDurationMs":1144000,"stageTimeDuration":"00:19:04","splitPointTimeId":89618,"splitPointId":2712,"entryId":20141,"elapsedDurationMs":50700,"elapsedDuration":"PT50.7S","splitDateTime":"2019-08-25T06:28:50.7","splitDateTimeLocal":"2019-08-25T08:28:50.7+02:00"},{"startDateTime":"2019-08-25T06:29:00","startDateTimeLocal":"2019-08-25T08:29:00+02:00","stageTimeDurationMs":1156900,"stageTimeDuration":"00:19:16.9000000","splitPointTimeId":89623,"splitPointId":2712,"entryId":20156,"elapsedDurationMs":51200,"elapsedDuration":"PT51.2S","splitDateTime":"2019-08-25T06:29:51.2","splitDateTimeLocal":"2019-08-25T08:29:51.2+02:00"},{"startDateTime":"2019-08-25T06:30:00","startDateTimeLocal":"2019-08-25T08:30:00+02:00","stageTimeDurationMs":1164500,"stageTimeDuration":"00:19:24.5000000","splitPointTimeId":89628,"splitPointId":2712,"entryId":20159,"elapsedDurationMs":49700,"elapsedDuration":"PT49.7S","splitDateTime":"2019-08-25T06:30:49.7","splitDateTimeLocal":"2019-08-25T08:30:49.7+02:00"},{"startDateTime":"2019-08-25T06:31:00","startDateTimeLocal":"2019-08-25T08:31:00+02:00","stageTimeDurationMs":1180500,"stageTimeDuration":"00:19:40.5000000","splitPointTimeId":89635,"splitPointId":2712,"entryId":20155,"elapsedDurationMs":51200,"elapsedDuration":"PT51.2S","splitDateTime":"2019-08-25T06:31:51.2","splitDateTimeLocal":"2019-08-25T08:31:51.2+02:00"},{"startDateTime":"2019-08-25T06:32:00","startDateTimeLocal":"2019-08-25T08:32:00+02:00","stageTimeDurationMs":1163500,"stageTimeDuration":"00:19:23.5000000","splitPointTimeId":89640,"splitPointId":2712,"entryId":20163,"elapsedDurationMs":51700,"elapsedDuration":"PT51.7S","splitDateTime":"2019-08-25T06:32:51.7","splitDateTimeLocal":"2019-08-25T08:32:51.7+02:00"},{"startDateTime":"2019-08-25T06:33:00","startDateTimeLocal":"2019-08-25T08:33:00+02:00","stageTimeDurationMs":1142200,"stageTimeDuration":"00:19:02.2000000","splitPointTimeId":89646,"splitPointId":2712,"entryId":20153,"elapsedDurationMs":48700,"elapsedDuration":"PT48.7S","splitDateTime":"2019-08-25T06:33:48.7","splitDateTimeLocal":"2019-08-25T08:33:48.7+02:00"},{"startDateTime":"2019-08-25T06:34:00","startDateTimeLocal":"2019-08-25T08:34:00+02:00","stageTimeDurationMs":1207900,"stageTimeDuration":"00:20:07.9000000","splitPointTimeId":89649,"splitPointId":2712,"entryId":20168,"elapsedDurationMs":50700,"elapsedDuration":"PT50.7S","splitDateTime":"2019-08-25T06:34:50.7","splitDateTimeLocal":"2019-08-25T08:34:50.7+02:00"},{"startDateTime":"2019-08-25T06:35:00","startDateTimeLocal":"2019-08-25T08:35:00+02:00","stageTimeDurationMs":1221900,"stageTimeDuration":"00:20:21.9000000","splitPointTimeId":89656,"splitPointId":2712,"entryId":20154,"elapsedDurationMs":52200,"elapsedDuration":"PT52.2S","splitDateTime":"2019-08-25T06:35:52.2","splitDateTimeLocal":"2019-08-25T08:35:52.2+02:00"},{"startDateTime":"2019-08-25T06:36:00","startDateTimeLocal":"2019-08-25T08:36:00+02:00","stageTimeDurationMs":1219000,"stageTimeDuration":"00:20:19","splitPointTimeId":89663,"splitPointId":2712,"entryId":20166,"elapsedDurationMs":54300,"elapsedDuration":"PT54.3S","splitDateTime":"2019-08-25T06:36:54.3","splitDateTimeLocal":"2019-08-25T08:36:54.3+02:00"},{"startDateTime":"2019-08-25T06:37:00","startDateTimeLocal":"2019-08-25T08:37:00+02:00","stageTimeDurationMs":1243900,"stageTimeDuration":"00:20:43.9000000","splitPointTimeId":89666,"splitPointId":2712,"entryId":20160,"elapsedDurationMs":52800,"elapsedDuration":"PT52.8S","splitDateTime":"2019-08-25T06:37:52.8","splitDateTimeLocal":"2019-08-25T08:37:52.8+02:00"},{"startDateTime":"2019-08-25T06:38:00","startDateTimeLocal":"2019-08-25T08:38:00+02:00","stageTimeDurationMs":1294900,"stageTimeDuration":"00:21:34.9000000","splitPointTimeId":89673,"splitPointId":2712,"entryId":20169,"elapsedDurationMs":55200,"elapsedDuration":"PT55.2S","splitDateTime":"2019-08-25T06:38:55.2","splitDateTimeLocal":"2019-08-25T08:38:55.2+02:00"},{"startDateTime":"2019-08-25T06:39:00","startDateTimeLocal":"2019-08-25T08:39:00+02:00","stageTimeDurationMs":1265000,"stageTimeDuration":"00:21:05","splitPointTimeId":89680,"splitPointId":2712,"entryId":20162,"elapsedDurationMs":53200,"elapsedDuration":"PT53.2S","splitDateTime":"2019-08-25T06:39:53.2","splitDateTimeLocal":"2019-08-25T08:39:53.2+02:00"},{"startDateTime":"2019-08-25T06:40:00","startDateTimeLocal":"2019-08-25T08:40:00+02:00","stageTimeDurationMs":1301900,"stageTimeDuration":"00:21:41.9000000","splitPointTimeId":89685,"splitPointId":2712,"entryId":20165,"elapsedDurationMs":60300,"elapsedDuration":"PT1M0.3S","splitDateTime":"2019-08-25T06:41:00.3","splitDateTimeLocal":"2019-08-25T08:41:00.3+02:00"},{"startDateTime":"2019-08-25T06:41:00","startDateTimeLocal":"2019-08-25T08:41:00+02:00","stageTimeDurationMs":1339300,"stageTimeDuration":"00:22:19.3000000","splitPointTimeId":89691,"splitPointId":2712,"entryId":20170,"elapsedDurationMs":57700,"elapsedDuration":"PT57.7S","splitDateTime":"2019-08-25T06:41:57.7","splitDateTimeLocal":"2019-08-25T08:41:57.7+02:00"},{"startDateTime":"2019-08-25T05:46:00","startDateTimeLocal":"2019-08-25T07:46:00+02:00","stageTimeDurationMs":987600,"stageTimeDuration":"00:16:27.6000000","splitPointTimeId":89494,"splitPointId":2713,"entryId":20118,"elapsedDurationMs":366100,"elapsedDuration":"PT6M6.1S","splitDateTime":"2019-08-25T05:52:06.1","splitDateTimeLocal":"2019-08-25T07:52:06.1+02:00"},{"startDateTime":"2019-08-25T05:48:00","startDateTimeLocal":"2019-08-25T07:48:00+02:00","stageTimeDurationMs":1022700,"stageTimeDuration":"00:17:02.7000000","splitPointTimeId":89497,"splitPointId":2713,"entryId":20125,"elapsedDurationMs":377900,"elapsedDuration":"PT6M17.9S","splitDateTime":"2019-08-25T05:54:17.9","splitDateTimeLocal":"2019-08-25T07:54:17.9+02:00"},{"startDateTime":"2019-08-25T05:50:00","startDateTimeLocal":"2019-08-25T07:50:00+02:00","stageTimeDurationMs":995800,"stageTimeDuration":"00:16:35.8000000","splitPointTimeId":89501,"splitPointId":2713,"entryId":20126,"elapsedDurationMs":369900,"elapsedDuration":"PT6M9.9S","splitDateTime":"2019-08-25T05:56:09.9","splitDateTimeLocal":"2019-08-25T07:56:09.9+02:00"},{"startDateTime":"2019-08-25T05:52:00","startDateTimeLocal":"2019-08-25T07:52:00+02:00","stageTimeDurationMs":984400,"stageTimeDuration":"00:16:24.4000000","splitPointTimeId":89506,"splitPointId":2713,"entryId":20117,"elapsedDurationMs":362900,"elapsedDuration":"PT6M2.9S","splitDateTime":"2019-08-25T05:58:02.9","splitDateTimeLocal":"2019-08-25T07:58:02.9+02:00"},{"startDateTime":"2019-08-25T05:54:00","startDateTimeLocal":"2019-08-25T07:54:00+02:00","stageTimeDurationMs":984500,"stageTimeDuration":"00:16:24.5000000","splitPointTimeId":89511,"splitPointId":2713,"entryId":20119,"elapsedDurationMs":361900,"elapsedDuration":"PT6M1.9S","splitDateTime":"2019-08-25T06:00:01.9","splitDateTimeLocal":"2019-08-25T08:00:01.9+02:00"},{"startDateTime":"2019-08-25T05:56:00","startDateTimeLocal":"2019-08-25T07:56:00+02:00","stageTimeDurationMs":994900,"stageTimeDuration":"00:16:34.9000000","splitPointTimeId":89517,"splitPointId":2713,"entryId":20127,"elapsedDurationMs":368900,"elapsedDuration":"PT6M8.9S","splitDateTime":"2019-08-25T06:02:08.9","splitDateTimeLocal":"2019-08-25T08:02:08.9+02:00"},{"startDateTime":"2019-08-25T05:58:00","startDateTimeLocal":"2019-08-25T07:58:00+02:00","stageTimeDurationMs":976200,"stageTimeDuration":"00:16:16.2000000","splitPointTimeId":89523,"splitPointId":2713,"entryId":20124,"elapsedDurationMs":359800,"elapsedDuration":"PT5M59.8S","splitDateTime":"2019-08-25T06:03:59.8","splitDateTimeLocal":"2019-08-25T08:03:59.8+02:00"},{"startDateTime":"2019-08-25T06:00:00","startDateTimeLocal":"2019-08-25T08:00:00+02:00","stageTimeDurationMs":980000,"stageTimeDuration":"00:16:20","splitPointTimeId":89529,"splitPointId":2713,"entryId":20121,"elapsedDurationMs":360400,"elapsedDuration":"PT6M0.4S","splitDateTime":"2019-08-25T06:06:00.4","splitDateTimeLocal":"2019-08-25T08:06:00.4+02:00"},{"startDateTime":"2019-08-25T06:02:00","startDateTimeLocal":"2019-08-25T08:02:00+02:00","stageTimeDurationMs":992900,"stageTimeDuration":"00:16:32.9000000","splitPointTimeId":89535,"splitPointId":2713,"entryId":20123,"elapsedDurationMs":365500,"elapsedDuration":"PT6M5.5S","splitDateTime":"2019-08-25T06:08:05.5","splitDateTimeLocal":"2019-08-25T08:08:05.5+02:00"},{"startDateTime":"2019-08-25T06:04:00","startDateTimeLocal":"2019-08-25T08:04:00+02:00","stageTimeDurationMs":983000,"stageTimeDuration":"00:16:23","splitPointTimeId":89541,"splitPointId":2713,"entryId":20120,"elapsedDurationMs":362600,"elapsedDuration":"PT6M2.6S","splitDateTime":"2019-08-25T06:10:02.6","splitDateTimeLocal":"2019-08-25T08:10:02.6+02:00"},{"startDateTime":"2019-08-25T06:06:00","startDateTimeLocal":"2019-08-25T08:06:00+02:00","stageTimeDurationMs":990300,"stageTimeDuration":"00:16:30.3000000","splitPointTimeId":89547,"splitPointId":2713,"entryId":20122,"elapsedDurationMs":364900,"elapsedDuration":"PT6M4.9S","splitDateTime":"2019-08-25T06:12:04.9","splitDateTimeLocal":"2019-08-25T08:12:04.9+02:00"},{"startDateTime":"2019-08-25T06:08:00","startDateTimeLocal":"2019-08-25T08:08:00+02:00","stageTimeDurationMs":1043600,"stageTimeDuration":"00:17:23.6000000","splitPointTimeId":89553,"splitPointId":2713,"entryId":20130,"elapsedDurationMs":384900,"elapsedDuration":"PT6M24.9S","splitDateTime":"2019-08-25T06:14:24.9","splitDateTimeLocal":"2019-08-25T08:14:24.9+02:00"},{"startDateTime":"2019-08-25T06:10:00","startDateTimeLocal":"2019-08-25T08:10:00+02:00","stageTimeDurationMs":1056000,"stageTimeDuration":"00:17:36","splitPointTimeId":89560,"splitPointId":2713,"entryId":20131,"elapsedDurationMs":389300,"elapsedDuration":"PT6M29.3S","splitDateTime":"2019-08-25T06:16:29.3","splitDateTimeLocal":"2019-08-25T08:16:29.3+02:00"},{"startDateTime":"2019-08-25T06:12:00","startDateTimeLocal":"2019-08-25T08:12:00+02:00","stageTimeDurationMs":1034200,"stageTimeDuration":"00:17:14.2000000","splitPointTimeId":89567,"splitPointId":2713,"entryId":20128,"elapsedDurationMs":381500,"elapsedDuration":"PT6M21.5S","splitDateTime":"2019-08-25T06:18:21.5","splitDateTimeLocal":"2019-08-25T08:18:21.5+02:00"},{"startDateTime":"2019-08-25T06:14:00","startDateTimeLocal":"2019-08-25T08:14:00+02:00","stageTimeDurationMs":1037000,"stageTimeDuration":"00:17:17","splitPointTimeId":89575,"splitPointId":2713,"entryId":20129,"elapsedDurationMs":379300,"elapsedDuration":"PT6M19.3S","splitDateTime":"2019-08-25T06:20:19.3","splitDateTimeLocal":"2019-08-25T08:20:19.3+02:00"},{"startDateTime":"2019-08-25T06:15:00","startDateTimeLocal":"2019-08-25T08:15:00+02:00","stageTimeDurationMs":1036700,"stageTimeDuration":"00:17:16.7000000","splitPointTimeId":89580,"splitPointId":2713,"entryId":20144,"elapsedDurationMs":378800,"elapsedDuration":"PT6M18.8S","splitDateTime":"2019-08-25T06:21:18.8","splitDateTimeLocal":"2019-08-25T08:21:18.8+02:00"},{"startDateTime":"2019-08-25T06:16:00","startDateTimeLocal":"2019-08-25T08:16:00+02:00","stageTimeDurationMs":1042400,"stageTimeDuration":"00:17:22.4000000","splitPointTimeId":89584,"splitPointId":2713,"entryId":20143,"elapsedDurationMs":385000,"elapsedDuration":"PT6M25S","splitDateTime":"2019-08-25T06:22:25","splitDateTimeLocal":"2019-08-25T08:22:25+02:00"},{"startDateTime":"2019-08-25T06:17:00","startDateTimeLocal":"2019-08-25T08:17:00+02:00","stageTimeDurationMs":1040900,"stageTimeDuration":"00:17:20.9000000","splitPointTimeId":89591,"splitPointId":2713,"entryId":20133,"elapsedDurationMs":381800,"elapsedDuration":"PT6M21.8S","splitDateTime":"2019-08-25T06:23:21.8","splitDateTimeLocal":"2019-08-25T08:23:21.8+02:00"},{"startDateTime":"2019-08-25T06:18:00","startDateTimeLocal":"2019-08-25T08:18:00+02:00","stageTimeDurationMs":1042500,"stageTimeDuration":"00:17:22.5000000","splitPointTimeId":89594,"splitPointId":2713,"entryId":20134,"elapsedDurationMs":382400,"elapsedDuration":"PT6M22.4S","splitDateTime":"2019-08-25T06:24:22.4","splitDateTimeLocal":"2019-08-25T08:24:22.4+02:00"},{"startDateTime":"2019-08-25T06:19:00","startDateTimeLocal":"2019-08-25T08:19:00+02:00","stageTimeDurationMs":1061900,"stageTimeDuration":"00:17:41.9000000","splitPointTimeId":89599,"splitPointId":2713,"entryId":20151,"elapsedDurationMs":392400,"elapsedDuration":"PT6M32.4S","splitDateTime":"2019-08-25T06:25:32.4","splitDateTimeLocal":"2019-08-25T08:25:32.4+02:00"},{"startDateTime":"2019-08-25T06:20:00","startDateTimeLocal":"2019-08-25T08:20:00+02:00","stageTimeDurationMs":1054700,"stageTimeDuration":"00:17:34.7000000","splitPointTimeId":89604,"splitPointId":2713,"entryId":20132,"elapsedDurationMs":389900,"elapsedDuration":"PT6M29.9S","splitDateTime":"2019-08-25T06:26:29.9","splitDateTimeLocal":"2019-08-25T08:26:29.9+02:00"},{"startDateTime":"2019-08-25T06:21:00","startDateTimeLocal":"2019-08-25T08:21:00+02:00","stageTimeDurationMs":1072000,"stageTimeDuration":"00:17:52","splitPointTimeId":89610,"splitPointId":2713,"entryId":20145,"elapsedDurationMs":398400,"elapsedDuration":"PT6M38.4S","splitDateTime":"2019-08-25T06:27:38.4","splitDateTimeLocal":"2019-08-25T08:27:38.4+02:00"},{"startDateTime":"2019-08-25T06:22:00","startDateTimeLocal":"2019-08-25T08:22:00+02:00","stageTimeDurationMs":1077500,"stageTimeDuration":"00:17:57.5000000","splitPointTimeId":89616,"splitPointId":2713,"entryId":20138,"elapsedDurationMs":398300,"elapsedDuration":"PT6M38.3S","splitDateTime":"2019-08-25T06:28:38.3","splitDateTimeLocal":"2019-08-25T08:28:38.3+02:00"},{"startDateTime":"2019-08-25T06:23:00","startDateTimeLocal":"2019-08-25T08:23:00+02:00","stageTimeDurationMs":1064600,"stageTimeDuration":"00:17:44.6000000","splitPointTimeId":89620,"splitPointId":2713,"entryId":20135,"elapsedDurationMs":394600,"elapsedDuration":"PT6M34.6S","splitDateTime":"2019-08-25T06:29:34.6","splitDateTimeLocal":"2019-08-25T08:29:34.6+02:00"},{"startDateTime":"2019-08-25T06:24:00","startDateTimeLocal":"2019-08-25T08:24:00+02:00","stageTimeDurationMs":1040600,"stageTimeDuration":"00:17:20.6000000","splitPointTimeId":89625,"splitPointId":2713,"entryId":20137,"elapsedDurationMs":381300,"elapsedDuration":"PT6M21.3S","splitDateTime":"2019-08-25T06:30:21.3","splitDateTimeLocal":"2019-08-25T08:30:21.3+02:00"},{"startDateTime":"2019-08-25T06:25:00","startDateTimeLocal":"2019-08-25T08:25:00+02:00","stageTimeDurationMs":1063900,"stageTimeDuration":"00:17:43.9000000","splitPointTimeId":89631,"splitPointId":2713,"entryId":20136,"elapsedDurationMs":386200,"elapsedDuration":"PT6M26.2S","splitDateTime":"2019-08-25T06:31:26.2","splitDateTimeLocal":"2019-08-25T08:31:26.2+02:00"},{"startDateTime":"2019-08-25T06:26:00","startDateTimeLocal":"2019-08-25T08:26:00+02:00","stageTimeDurationMs":1090000,"stageTimeDuration":"00:18:10","splitPointTimeId":89638,"splitPointId":2713,"entryId":20150,"elapsedDurationMs":400400,"elapsedDuration":"PT6M40.4S","splitDateTime":"2019-08-25T06:32:40.4","splitDateTimeLocal":"2019-08-25T08:32:40.4+02:00"},{"startDateTime":"2019-08-25T06:27:00","startDateTimeLocal":"2019-08-25T08:27:00+02:00","stageTimeDurationMs":1099100,"stageTimeDuration":"00:18:19.1000000","splitPointTimeId":89645,"splitPointId":2713,"entryId":20157,"elapsedDurationMs":409900,"elapsedDuration":"PT6M49.9S","splitDateTime":"2019-08-25T06:33:49.9","splitDateTimeLocal":"2019-08-25T08:33:49.9+02:00"},{"startDateTime":"2019-08-25T06:28:00","startDateTimeLocal":"2019-08-25T08:28:00+02:00","stageTimeDurationMs":1144000,"stageTimeDuration":"00:19:04","splitPointTimeId":89652,"splitPointId":2713,"entryId":20141,"elapsedDurationMs":423900,"elapsedDuration":"PT7M3.9S","splitDateTime":"2019-08-25T06:35:03.9","splitDateTimeLocal":"2019-08-25T08:35:03.9+02:00"},{"startDateTime":"2019-08-25T06:29:00","startDateTimeLocal":"2019-08-25T08:29:00+02:00","stageTimeDurationMs":1156900,"stageTimeDuration":"00:19:16.9000000","splitPointTimeId":89657,"splitPointId":2713,"entryId":20156,"elapsedDurationMs":437000,"elapsedDuration":"PT7M17S","splitDateTime":"2019-08-25T06:36:17","splitDateTimeLocal":"2019-08-25T08:36:17+02:00"},{"startDateTime":"2019-08-25T06:30:00","startDateTimeLocal":"2019-08-25T08:30:00+02:00","stageTimeDurationMs":1164500,"stageTimeDuration":"00:19:24.5000000","splitPointTimeId":89664,"splitPointId":2713,"entryId":20159,"elapsedDurationMs":429000,"elapsedDuration":"PT7M9S","splitDateTime":"2019-08-25T06:37:09","splitDateTimeLocal":"2019-08-25T08:37:09+02:00"},{"startDateTime":"2019-08-25T06:31:00","startDateTimeLocal":"2019-08-25T08:31:00+02:00","stageTimeDurationMs":1180500,"stageTimeDuration":"00:19:40.5000000","splitPointTimeId":89669,"splitPointId":2713,"entryId":20155,"elapsedDurationMs":436100,"elapsedDuration":"PT7M16.1S","splitDateTime":"2019-08-25T06:38:16.1","splitDateTimeLocal":"2019-08-25T08:38:16.1+02:00"},{"startDateTime":"2019-08-25T06:32:00","startDateTimeLocal":"2019-08-25T08:32:00+02:00","stageTimeDurationMs":1163500,"stageTimeDuration":"00:19:23.5000000","splitPointTimeId":89675,"splitPointId":2713,"entryId":20163,"elapsedDurationMs":425900,"elapsedDuration":"PT7M5.9S","splitDateTime":"2019-08-25T06:39:05.9","splitDateTimeLocal":"2019-08-25T08:39:05.9+02:00"},{"startDateTime":"2019-08-25T06:33:00","startDateTimeLocal":"2019-08-25T08:33:00+02:00","stageTimeDurationMs":1142200,"stageTimeDuration":"00:19:02.2000000","splitPointTimeId":89681,"splitPointId":2713,"entryId":20153,"elapsedDurationMs":425900,"elapsedDuration":"PT7M5.9S","splitDateTime":"2019-08-25T06:40:05.9","splitDateTimeLocal":"2019-08-25T08:40:05.9+02:00"},{"startDateTime":"2019-08-25T06:34:00","startDateTimeLocal":"2019-08-25T08:34:00+02:00","stageTimeDurationMs":1207900,"stageTimeDuration":"00:20:07.9000000","splitPointTimeId":89687,"splitPointId":2713,"entryId":20168,"elapsedDurationMs":444000,"elapsedDuration":"PT7M24S","splitDateTime":"2019-08-25T06:41:24","splitDateTimeLocal":"2019-08-25T08:41:24+02:00"},{"startDateTime":"2019-08-25T06:35:00","startDateTimeLocal":"2019-08-25T08:35:00+02:00","stageTimeDurationMs":1221900,"stageTimeDuration":"00:20:21.9000000","splitPointTimeId":89694,"splitPointId":2713,"entryId":20154,"elapsedDurationMs":458500,"elapsedDuration":"PT7M38.5S","splitDateTime":"2019-08-25T06:42:38.5","splitDateTimeLocal":"2019-08-25T08:42:38.5+02:00"},{"startDateTime":"2019-08-25T06:36:00","startDateTimeLocal":"2019-08-25T08:36:00+02:00","stageTimeDurationMs":1219000,"stageTimeDuration":"00:20:19","splitPointTimeId":89697,"splitPointId":2713,"entryId":20166,"elapsedDurationMs":448300,"elapsedDuration":"PT7M28.3S","splitDateTime":"2019-08-25T06:43:28.3","splitDateTimeLocal":"2019-08-25T08:43:28.3+02:00"},{"startDateTime":"2019-08-25T06:37:00","startDateTimeLocal":"2019-08-25T08:37:00+02:00","stageTimeDurationMs":1243900,"stageTimeDuration":"00:20:43.9000000","splitPointTimeId":89702,"splitPointId":2713,"entryId":20160,"elapsedDurationMs":459800,"elapsedDuration":"PT7M39.8S","splitDateTime":"2019-08-25T06:44:39.8","splitDateTimeLocal":"2019-08-25T08:44:39.8+02:00"},{"startDateTime":"2019-08-25T06:39:00","startDateTimeLocal":"2019-08-25T08:39:00+02:00","stageTimeDurationMs":1265000,"stageTimeDuration":"00:21:05","splitPointTimeId":89711,"splitPointId":2713,"entryId":20162,"elapsedDurationMs":469500,"elapsedDuration":"PT7M49.5S","splitDateTime":"2019-08-25T06:46:49.5","splitDateTimeLocal":"2019-08-25T08:46:49.5+02:00"},{"startDateTime":"2019-08-25T06:40:00","startDateTimeLocal":"2019-08-25T08:40:00+02:00","stageTimeDurationMs":1301900,"stageTimeDuration":"00:21:41.9000000","splitPointTimeId":89714,"splitPointId":2713,"entryId":20165,"elapsedDurationMs":481000,"elapsedDuration":"PT8M1S","splitDateTime":"2019-08-25T06:48:01","splitDateTimeLocal":"2019-08-25T08:48:01+02:00"},{"startDateTime":"2019-08-25T06:38:00","startDateTimeLocal":"2019-08-25T08:38:00+02:00","stageTimeDurationMs":1294900,"stageTimeDuration":"00:21:34.9000000","splitPointTimeId":89716,"splitPointId":2713,"entryId":20169,"elapsedDurationMs":482000,"elapsedDuration":"PT8M2S","splitDateTime":"2019-08-25T06:46:02","splitDateTimeLocal":"2019-08-25T08:46:02+02:00"},{"startDateTime":"2019-08-25T06:41:00","startDateTimeLocal":"2019-08-25T08:41:00+02:00","stageTimeDurationMs":1339300,"stageTimeDuration":"00:22:19.3000000","splitPointTimeId":89720,"splitPointId":2713,"entryId":20170,"elapsedDurationMs":498100,"elapsedDuration":"PT8M18.1S","splitDateTime":"2019-08-25T06:49:18.1","splitDateTimeLocal":"2019-08-25T08:49:18.1+02:00"},{"startDateTime":"2019-08-25T05:46:00","startDateTimeLocal":"2019-08-25T07:46:00+02:00","stageTimeDurationMs":987600,"stageTimeDuration":"00:16:27.6000000","splitPointTimeId":89491,"splitPointId":2714,"entryId":20118,"elapsedDurationMs":217800,"elapsedDuration":"PT3M37.8S","splitDateTime":"2019-08-25T05:49:37.8","splitDateTimeLocal":"2019-08-25T07:49:37.8+02:00"},{"startDateTime":"2019-08-25T05:48:00","startDateTimeLocal":"2019-08-25T07:48:00+02:00","stageTimeDurationMs":1022700,"stageTimeDuration":"00:17:02.7000000","splitPointTimeId":89493,"splitPointId":2714,"entryId":20125,"elapsedDurationMs":227100,"elapsedDuration":"PT3M47.1S","splitDateTime":"2019-08-25T05:51:47.1","splitDateTimeLocal":"2019-08-25T07:51:47.1+02:00"},{"startDateTime":"2019-08-25T05:50:00","startDateTimeLocal":"2019-08-25T07:50:00+02:00","stageTimeDurationMs":995800,"stageTimeDuration":"00:16:35.8000000","splitPointTimeId":89496,"splitPointId":2714,"entryId":20126,"elapsedDurationMs":221500,"elapsedDuration":"PT3M41.5S","splitDateTime":"2019-08-25T05:53:41.5","splitDateTimeLocal":"2019-08-25T07:53:41.5+02:00"},{"startDateTime":"2019-08-25T05:52:00","startDateTimeLocal":"2019-08-25T07:52:00+02:00","stageTimeDurationMs":984400,"stageTimeDuration":"00:16:24.4000000","splitPointTimeId":89500,"splitPointId":2714,"entryId":20117,"elapsedDurationMs":216500,"elapsedDuration":"PT3M36.5S","splitDateTime":"2019-08-25T05:55:36.5","splitDateTimeLocal":"2019-08-25T07:55:36.5+02:00"},{"startDateTime":"2019-08-25T05:54:00","startDateTimeLocal":"2019-08-25T07:54:00+02:00","stageTimeDurationMs":984500,"stageTimeDuration":"00:16:24.5000000","splitPointTimeId":89505,"splitPointId":2714,"entryId":20119,"elapsedDurationMs":214500,"elapsedDuration":"PT3M34.5S","splitDateTime":"2019-08-25T05:57:34.5","splitDateTimeLocal":"2019-08-25T07:57:34.5+02:00"},{"startDateTime":"2019-08-25T05:56:00","startDateTimeLocal":"2019-08-25T07:56:00+02:00","stageTimeDurationMs":994900,"stageTimeDuration":"00:16:34.9000000","splitPointTimeId":89510,"splitPointId":2714,"entryId":20127,"elapsedDurationMs":215100,"elapsedDuration":"PT3M35.1S","splitDateTime":"2019-08-25T05:59:35.1","splitDateTimeLocal":"2019-08-25T07:59:35.1+02:00"},{"startDateTime":"2019-08-25T05:58:00","startDateTimeLocal":"2019-08-25T07:58:00+02:00","stageTimeDurationMs":976200,"stageTimeDuration":"00:16:16.2000000","splitPointTimeId":89516,"splitPointId":2714,"entryId":20124,"elapsedDurationMs":213600,"elapsedDuration":"PT3M33.6S","splitDateTime":"2019-08-25T06:01:33.6","splitDateTimeLocal":"2019-08-25T08:01:33.6+02:00"},{"startDateTime":"2019-08-25T06:00:00","startDateTimeLocal":"2019-08-25T08:00:00+02:00","stageTimeDurationMs":980000,"stageTimeDuration":"00:16:20","splitPointTimeId":89522,"splitPointId":2714,"entryId":20121,"elapsedDurationMs":214400,"elapsedDuration":"PT3M34.4S","splitDateTime":"2019-08-25T06:03:34.4","splitDateTimeLocal":"2019-08-25T08:03:34.4+02:00"},{"startDateTime":"2019-08-25T06:02:00","startDateTimeLocal":"2019-08-25T08:02:00+02:00","stageTimeDurationMs":992900,"stageTimeDuration":"00:16:32.9000000","splitPointTimeId":89528,"splitPointId":2714,"entryId":20123,"elapsedDurationMs":217300,"elapsedDuration":"PT3M37.3S","splitDateTime":"2019-08-25T06:05:37.3","splitDateTimeLocal":"2019-08-25T08:05:37.3+02:00"},{"startDateTime":"2019-08-25T06:04:00","startDateTimeLocal":"2019-08-25T08:04:00+02:00","stageTimeDurationMs":983000,"stageTimeDuration":"00:16:23","splitPointTimeId":89534,"splitPointId":2714,"entryId":20120,"elapsedDurationMs":215700,"elapsedDuration":"PT3M35.7S","splitDateTime":"2019-08-25T06:07:35.7","splitDateTimeLocal":"2019-08-25T08:07:35.7+02:00"},{"startDateTime":"2019-08-25T06:06:00","startDateTimeLocal":"2019-08-25T08:06:00+02:00","stageTimeDurationMs":990300,"stageTimeDuration":"00:16:30.3000000","splitPointTimeId":89540,"splitPointId":2714,"entryId":20122,"elapsedDurationMs":216500,"elapsedDuration":"PT3M36.5S","splitDateTime":"2019-08-25T06:09:36.5","splitDateTimeLocal":"2019-08-25T08:09:36.5+02:00"},{"startDateTime":"2019-08-25T06:08:00","startDateTimeLocal":"2019-08-25T08:08:00+02:00","stageTimeDurationMs":1043600,"stageTimeDuration":"00:17:23.6000000","splitPointTimeId":89546,"splitPointId":2714,"entryId":20130,"elapsedDurationMs":229600,"elapsedDuration":"PT3M49.6S","splitDateTime":"2019-08-25T06:11:49.6","splitDateTimeLocal":"2019-08-25T08:11:49.6+02:00"},{"startDateTime":"2019-08-25T06:10:00","startDateTimeLocal":"2019-08-25T08:10:00+02:00","stageTimeDurationMs":1056000,"stageTimeDuration":"00:17:36","splitPointTimeId":89552,"splitPointId":2714,"entryId":20131,"elapsedDurationMs":232300,"elapsedDuration":"PT3M52.3S","splitDateTime":"2019-08-25T06:13:52.3","splitDateTimeLocal":"2019-08-25T08:13:52.3+02:00"},{"startDateTime":"2019-08-25T06:12:00","startDateTimeLocal":"2019-08-25T08:12:00+02:00","stageTimeDurationMs":1034200,"stageTimeDuration":"00:17:14.2000000","splitPointTimeId":89559,"splitPointId":2714,"entryId":20128,"elapsedDurationMs":227500,"elapsedDuration":"PT3M47.5S","splitDateTime":"2019-08-25T06:15:47.5","splitDateTimeLocal":"2019-08-25T08:15:47.5+02:00"},{"startDateTime":"2019-08-25T06:14:00","startDateTimeLocal":"2019-08-25T08:14:00+02:00","stageTimeDurationMs":1037000,"stageTimeDuration":"00:17:17","splitPointTimeId":89566,"splitPointId":2714,"entryId":20129,"elapsedDurationMs":225300,"elapsedDuration":"PT3M45.3S","splitDateTime":"2019-08-25T06:17:45.3","splitDateTimeLocal":"2019-08-25T08:17:45.3+02:00"},{"startDateTime":"2019-08-25T06:15:00","startDateTimeLocal":"2019-08-25T08:15:00+02:00","stageTimeDurationMs":1036700,"stageTimeDuration":"00:17:16.7000000","splitPointTimeId":89568,"splitPointId":2714,"entryId":20144,"elapsedDurationMs":224100,"elapsedDuration":"PT3M44.1S","splitDateTime":"2019-08-25T06:18:44.1","splitDateTimeLocal":"2019-08-25T08:18:44.1+02:00"},{"startDateTime":"2019-08-25T06:16:00","startDateTimeLocal":"2019-08-25T08:16:00+02:00","stageTimeDurationMs":1042400,"stageTimeDuration":"00:17:22.4000000","splitPointTimeId":89574,"splitPointId":2714,"entryId":20143,"elapsedDurationMs":229900,"elapsedDuration":"PT3M49.9S","splitDateTime":"2019-08-25T06:19:49.9","splitDateTimeLocal":"2019-08-25T08:19:49.9+02:00"},{"startDateTime":"2019-08-25T06:17:00","startDateTimeLocal":"2019-08-25T08:17:00+02:00","stageTimeDurationMs":1040900,"stageTimeDuration":"00:17:20.9000000","splitPointTimeId":89577,"splitPointId":2714,"entryId":20133,"elapsedDurationMs":225900,"elapsedDuration":"PT3M45.9S","splitDateTime":"2019-08-25T06:20:45.9","splitDateTimeLocal":"2019-08-25T08:20:45.9+02:00"},{"startDateTime":"2019-08-25T06:18:00","startDateTimeLocal":"2019-08-25T08:18:00+02:00","stageTimeDurationMs":1042500,"stageTimeDuration":"00:17:22.5000000","splitPointTimeId":89582,"splitPointId":2714,"entryId":20134,"elapsedDurationMs":227600,"elapsedDuration":"PT3M47.6S","splitDateTime":"2019-08-25T06:21:47.6","splitDateTimeLocal":"2019-08-25T08:21:47.6+02:00"},{"startDateTime":"2019-08-25T06:19:00","startDateTimeLocal":"2019-08-25T08:19:00+02:00","stageTimeDurationMs":1061900,"stageTimeDuration":"00:17:41.9000000","splitPointTimeId":89586,"splitPointId":2714,"entryId":20151,"elapsedDurationMs":234800,"elapsedDuration":"PT3M54.8S","splitDateTime":"2019-08-25T06:22:54.8","splitDateTimeLocal":"2019-08-25T08:22:54.8+02:00"},{"startDateTime":"2019-08-25T06:20:00","startDateTimeLocal":"2019-08-25T08:20:00+02:00","stageTimeDurationMs":1054700,"stageTimeDuration":"00:17:34.7000000","splitPointTimeId":89592,"splitPointId":2714,"entryId":20132,"elapsedDurationMs":231900,"elapsedDuration":"PT3M51.9S","splitDateTime":"2019-08-25T06:23:51.9","splitDateTimeLocal":"2019-08-25T08:23:51.9+02:00"},{"startDateTime":"2019-08-25T06:21:00","startDateTimeLocal":"2019-08-25T08:21:00+02:00","stageTimeDurationMs":1072000,"stageTimeDuration":"00:17:52","splitPointTimeId":89596,"splitPointId":2714,"entryId":20145,"elapsedDurationMs":240200,"elapsedDuration":"PT4M0.2S","splitDateTime":"2019-08-25T06:25:00.2","splitDateTimeLocal":"2019-08-25T08:25:00.2+02:00"},{"startDateTime":"2019-08-25T06:22:00","startDateTimeLocal":"2019-08-25T08:22:00+02:00","stageTimeDurationMs":1077500,"stageTimeDuration":"00:17:57.5000000","splitPointTimeId":89602,"splitPointId":2714,"entryId":20138,"elapsedDurationMs":237800,"elapsedDuration":"PT3M57.8S","splitDateTime":"2019-08-25T06:25:57.8","splitDateTimeLocal":"2019-08-25T08:25:57.8+02:00"},{"startDateTime":"2019-08-25T06:23:00","startDateTimeLocal":"2019-08-25T08:23:00+02:00","stageTimeDurationMs":1064600,"stageTimeDuration":"00:17:44.6000000","splitPointTimeId":89607,"splitPointId":2714,"entryId":20135,"elapsedDurationMs":237300,"elapsedDuration":"PT3M57.3S","splitDateTime":"2019-08-25T06:26:57.3","splitDateTimeLocal":"2019-08-25T08:26:57.3+02:00"},{"startDateTime":"2019-08-25T06:24:00","startDateTimeLocal":"2019-08-25T08:24:00+02:00","stageTimeDurationMs":1040600,"stageTimeDuration":"00:17:20.6000000","splitPointTimeId":89613,"splitPointId":2714,"entryId":20137,"elapsedDurationMs":227100,"elapsedDuration":"PT3M47.1S","splitDateTime":"2019-08-25T06:27:47.1","splitDateTimeLocal":"2019-08-25T08:27:47.1+02:00"},{"startDateTime":"2019-08-25T06:25:00","startDateTimeLocal":"2019-08-25T08:25:00+02:00","stageTimeDurationMs":1063900,"stageTimeDuration":"00:17:43.9000000","splitPointTimeId":89617,"splitPointId":2714,"entryId":20136,"elapsedDurationMs":230100,"elapsedDuration":"PT3M50.1S","splitDateTime":"2019-08-25T06:28:50.1","splitDateTimeLocal":"2019-08-25T08:28:50.1+02:00"},{"startDateTime":"2019-08-25T06:26:00","startDateTimeLocal":"2019-08-25T08:26:00+02:00","stageTimeDurationMs":1090000,"stageTimeDuration":"00:18:10","splitPointTimeId":89624,"splitPointId":2714,"entryId":20150,"elapsedDurationMs":239400,"elapsedDuration":"PT3M59.4S","splitDateTime":"2019-08-25T06:29:59.4","splitDateTimeLocal":"2019-08-25T08:29:59.4+02:00"},{"startDateTime":"2019-08-25T06:27:00","startDateTimeLocal":"2019-08-25T08:27:00+02:00","stageTimeDurationMs":1099100,"stageTimeDuration":"00:18:19.1000000","splitPointTimeId":89630,"splitPointId":2714,"entryId":20157,"elapsedDurationMs":247000,"elapsedDuration":"PT4M7S","splitDateTime":"2019-08-25T06:31:07","splitDateTimeLocal":"2019-08-25T08:31:07+02:00"},{"startDateTime":"2019-08-25T06:28:00","startDateTimeLocal":"2019-08-25T08:28:00+02:00","stageTimeDurationMs":1144000,"stageTimeDuration":"00:19:04","splitPointTimeId":89636,"splitPointId":2714,"entryId":20141,"elapsedDurationMs":255500,"elapsedDuration":"PT4M15.5S","splitDateTime":"2019-08-25T06:32:15.5","splitDateTimeLocal":"2019-08-25T08:32:15.5+02:00"},{"startDateTime":"2019-08-25T06:29:00","startDateTimeLocal":"2019-08-25T08:29:00+02:00","stageTimeDurationMs":1156900,"stageTimeDuration":"00:19:16.9000000","splitPointTimeId":89643,"splitPointId":2714,"entryId":20156,"elapsedDurationMs":264000,"elapsedDuration":"PT4M24S","splitDateTime":"2019-08-25T06:33:24","splitDateTimeLocal":"2019-08-25T08:33:24+02:00"},{"startDateTime":"2019-08-25T06:30:00","startDateTimeLocal":"2019-08-25T08:30:00+02:00","stageTimeDurationMs":1164500,"stageTimeDuration":"00:19:24.5000000","splitPointTimeId":89648,"splitPointId":2714,"entryId":20159,"elapsedDurationMs":257900,"elapsedDuration":"PT4M17.9S","splitDateTime":"2019-08-25T06:34:17.9","splitDateTimeLocal":"2019-08-25T08:34:17.9+02:00"},{"startDateTime":"2019-08-25T06:31:00","startDateTimeLocal":"2019-08-25T08:31:00+02:00","stageTimeDurationMs":1180500,"stageTimeDuration":"00:19:40.5000000","splitPointTimeId":89654,"splitPointId":2714,"entryId":20155,"elapsedDurationMs":262100,"elapsedDuration":"PT4M22.1S","splitDateTime":"2019-08-25T06:35:22.1","splitDateTimeLocal":"2019-08-25T08:35:22.1+02:00"},{"startDateTime":"2019-08-25T06:32:00","startDateTimeLocal":"2019-08-25T08:32:00+02:00","stageTimeDurationMs":1163500,"stageTimeDuration":"00:19:23.5000000","splitPointTimeId":89658,"splitPointId":2714,"entryId":20163,"elapsedDurationMs":257300,"elapsedDuration":"PT4M17.3S","splitDateTime":"2019-08-25T06:36:17.3","splitDateTimeLocal":"2019-08-25T08:36:17.3+02:00"},{"startDateTime":"2019-08-25T06:33:00","startDateTimeLocal":"2019-08-25T08:33:00+02:00","stageTimeDurationMs":1142200,"stageTimeDuration":"00:19:02.2000000","splitPointTimeId":89665,"splitPointId":2714,"entryId":20153,"elapsedDurationMs":256100,"elapsedDuration":"PT4M16.1S","splitDateTime":"2019-08-25T06:37:16.1","splitDateTimeLocal":"2019-08-25T08:37:16.1+02:00"},{"startDateTime":"2019-08-25T06:34:00","startDateTimeLocal":"2019-08-25T08:34:00+02:00","stageTimeDurationMs":1207900,"stageTimeDuration":"00:20:07.9000000","splitPointTimeId":89672,"splitPointId":2714,"entryId":20168,"elapsedDurationMs":264100,"elapsedDuration":"PT4M24.1S","splitDateTime":"2019-08-25T06:38:24.1","splitDateTimeLocal":"2019-08-25T08:38:24.1+02:00"},{"startDateTime":"2019-08-25T06:35:00","startDateTimeLocal":"2019-08-25T08:35:00+02:00","stageTimeDurationMs":1221900,"stageTimeDuration":"00:20:21.9000000","splitPointTimeId":89678,"splitPointId":2714,"entryId":20154,"elapsedDurationMs":275000,"elapsedDuration":"PT4M35S","splitDateTime":"2019-08-25T06:39:35","splitDateTimeLocal":"2019-08-25T08:39:35+02:00"},{"startDateTime":"2019-08-25T06:36:00","startDateTimeLocal":"2019-08-25T08:36:00+02:00","stageTimeDurationMs":1219000,"stageTimeDuration":"00:20:19","splitPointTimeId":89683,"splitPointId":2714,"entryId":20166,"elapsedDurationMs":269300,"elapsedDuration":"PT4M29.3S","splitDateTime":"2019-08-25T06:40:29.3","splitDateTimeLocal":"2019-08-25T08:40:29.3+02:00"},{"startDateTime":"2019-08-25T06:37:00","startDateTimeLocal":"2019-08-25T08:37:00+02:00","stageTimeDurationMs":1243900,"stageTimeDuration":"00:20:43.9000000","splitPointTimeId":89689,"splitPointId":2714,"entryId":20160,"elapsedDurationMs":275500,"elapsedDuration":"PT4M35.5S","splitDateTime":"2019-08-25T06:41:35.5","splitDateTimeLocal":"2019-08-25T08:41:35.5+02:00"},{"startDateTime":"2019-08-25T06:38:00","startDateTimeLocal":"2019-08-25T08:38:00+02:00","stageTimeDurationMs":1294900,"stageTimeDuration":"00:21:34.9000000","splitPointTimeId":89695,"splitPointId":2714,"entryId":20169,"elapsedDurationMs":290900,"elapsedDuration":"PT4M50.9S","splitDateTime":"2019-08-25T06:42:50.9","splitDateTimeLocal":"2019-08-25T08:42:50.9+02:00"},{"startDateTime":"2019-08-25T06:39:00","startDateTimeLocal":"2019-08-25T08:39:00+02:00","stageTimeDurationMs":1265000,"stageTimeDuration":"00:21:05","splitPointTimeId":89700,"splitPointId":2714,"entryId":20162,"elapsedDurationMs":284300,"elapsedDuration":"PT4M44.3S","splitDateTime":"2019-08-25T06:43:44.3","splitDateTimeLocal":"2019-08-25T08:43:44.3+02:00"},{"startDateTime":"2019-08-25T06:40:00","startDateTimeLocal":"2019-08-25T08:40:00+02:00","stageTimeDurationMs":1301900,"stageTimeDuration":"00:21:41.9000000","splitPointTimeId":89704,"splitPointId":2714,"entryId":20165,"elapsedDurationMs":288100,"elapsedDuration":"PT4M48.1S","splitDateTime":"2019-08-25T06:44:48.1","splitDateTimeLocal":"2019-08-25T08:44:48.1+02:00"},{"startDateTime":"2019-08-25T06:41:00","startDateTimeLocal":"2019-08-25T08:41:00+02:00","stageTimeDurationMs":1339300,"stageTimeDuration":"00:22:19.3000000","splitPointTimeId":89708,"splitPointId":2714,"entryId":20170,"elapsedDurationMs":302100,"elapsedDuration":"PT5M2.1S","splitDateTime":"2019-08-25T06:46:02.1","splitDateTimeLocal":"2019-08-25T08:46:02.1+02:00"},{"startDateTime":"2019-08-25T05:46:00","startDateTimeLocal":"2019-08-25T07:46:00+02:00","stageTimeDurationMs":987600,"stageTimeDuration":"00:16:27.6000000","splitPointTimeId":89499,"splitPointId":2715,"entryId":20118,"elapsedDurationMs":523700,"elapsedDuration":"PT8M43.7S","splitDateTime":"2019-08-25T05:54:43.7","splitDateTimeLocal":"2019-08-25T07:54:43.7+02:00"},{"startDateTime":"2019-08-25T05:48:00","startDateTimeLocal":"2019-08-25T07:48:00+02:00","stageTimeDurationMs":1022700,"stageTimeDuration":"00:17:02.7000000","splitPointTimeId":89504,"splitPointId":2715,"entryId":20125,"elapsedDurationMs":544200,"elapsedDuration":"PT9M4.2S","splitDateTime":"2019-08-25T05:57:04.2","splitDateTimeLocal":"2019-08-25T07:57:04.2+02:00"},{"startDateTime":"2019-08-25T05:50:00","startDateTimeLocal":"2019-08-25T07:50:00+02:00","stageTimeDurationMs":995800,"stageTimeDuration":"00:16:35.8000000","splitPointTimeId":89508,"splitPointId":2715,"entryId":20126,"elapsedDurationMs":530300,"elapsedDuration":"PT8M50.3S","splitDateTime":"2019-08-25T05:58:50.3","splitDateTimeLocal":"2019-08-25T07:58:50.3+02:00"},{"startDateTime":"2019-08-25T05:52:00","startDateTimeLocal":"2019-08-25T07:52:00+02:00","stageTimeDurationMs":984400,"stageTimeDuration":"00:16:24.4000000","splitPointTimeId":89512,"splitPointId":2715,"entryId":20117,"elapsedDurationMs":520700,"elapsedDuration":"PT8M40.7S","splitDateTime":"2019-08-25T06:00:40.7","splitDateTimeLocal":"2019-08-25T08:00:40.7+02:00"},{"startDateTime":"2019-08-25T05:54:00","startDateTimeLocal":"2019-08-25T07:54:00+02:00","stageTimeDurationMs":984500,"stageTimeDuration":"00:16:24.5000000","splitPointTimeId":89518,"splitPointId":2715,"entryId":20119,"elapsedDurationMs":519200,"elapsedDuration":"PT8M39.2S","splitDateTime":"2019-08-25T06:02:39.2","splitDateTimeLocal":"2019-08-25T08:02:39.2+02:00"},{"startDateTime":"2019-08-25T05:56:00","startDateTimeLocal":"2019-08-25T07:56:00+02:00","stageTimeDurationMs":994900,"stageTimeDuration":"00:16:34.9000000","splitPointTimeId":89525,"splitPointId":2715,"entryId":20127,"elapsedDurationMs":528700,"elapsedDuration":"PT8M48.7S","splitDateTime":"2019-08-25T06:04:48.7","splitDateTimeLocal":"2019-08-25T08:04:48.7+02:00"},{"startDateTime":"2019-08-25T05:58:00","startDateTimeLocal":"2019-08-25T07:58:00+02:00","stageTimeDurationMs":976200,"stageTimeDuration":"00:16:16.2000000","splitPointTimeId":89530,"splitPointId":2715,"entryId":20124,"elapsedDurationMs":516700,"elapsedDuration":"PT8M36.7S","splitDateTime":"2019-08-25T06:06:36.7","splitDateTimeLocal":"2019-08-25T08:06:36.7+02:00"},{"startDateTime":"2019-08-25T06:00:00","startDateTimeLocal":"2019-08-25T08:00:00+02:00","stageTimeDurationMs":980000,"stageTimeDuration":"00:16:20","splitPointTimeId":89536,"splitPointId":2715,"entryId":20121,"elapsedDurationMs":518700,"elapsedDuration":"PT8M38.7S","splitDateTime":"2019-08-25T06:08:38.7","splitDateTimeLocal":"2019-08-25T08:08:38.7+02:00"},{"startDateTime":"2019-08-25T06:02:00","startDateTimeLocal":"2019-08-25T08:02:00+02:00","stageTimeDurationMs":992900,"stageTimeDuration":"00:16:32.9000000","splitPointTimeId":89543,"splitPointId":2715,"entryId":20123,"elapsedDurationMs":525700,"elapsedDuration":"PT8M45.7S","splitDateTime":"2019-08-25T06:10:45.7","splitDateTimeLocal":"2019-08-25T08:10:45.7+02:00"},{"startDateTime":"2019-08-25T06:04:00","startDateTimeLocal":"2019-08-25T08:04:00+02:00","stageTimeDurationMs":983000,"stageTimeDuration":"00:16:23","splitPointTimeId":89548,"splitPointId":2715,"entryId":20120,"elapsedDurationMs":521300,"elapsedDuration":"PT8M41.3S","splitDateTime":"2019-08-25T06:12:41.3","splitDateTimeLocal":"2019-08-25T08:12:41.3+02:00"},{"startDateTime":"2019-08-25T06:06:00","startDateTimeLocal":"2019-08-25T08:06:00+02:00","stageTimeDurationMs":990300,"stageTimeDuration":"00:16:30.3000000","splitPointTimeId":89555,"splitPointId":2715,"entryId":20122,"elapsedDurationMs":523700,"elapsedDuration":"PT8M43.7S","splitDateTime":"2019-08-25T06:14:43.7","splitDateTimeLocal":"2019-08-25T08:14:43.7+02:00"},{"startDateTime":"2019-08-25T06:08:00","startDateTimeLocal":"2019-08-25T08:08:00+02:00","stageTimeDurationMs":1043600,"stageTimeDuration":"00:17:23.6000000","splitPointTimeId":89564,"splitPointId":2715,"entryId":20130,"elapsedDurationMs":552700,"elapsedDuration":"PT9M12.7S","splitDateTime":"2019-08-25T06:17:12.7","splitDateTimeLocal":"2019-08-25T08:17:12.7+02:00"},{"startDateTime":"2019-08-25T06:10:00","startDateTimeLocal":"2019-08-25T08:10:00+02:00","stageTimeDurationMs":1056000,"stageTimeDuration":"00:17:36","splitPointTimeId":89571,"splitPointId":2715,"entryId":20131,"elapsedDurationMs":557200,"elapsedDuration":"PT9M17.2S","splitDateTime":"2019-08-25T06:19:17.2","splitDateTimeLocal":"2019-08-25T08:19:17.2+02:00"},{"startDateTime":"2019-08-25T06:12:00","startDateTimeLocal":"2019-08-25T08:12:00+02:00","stageTimeDurationMs":1034200,"stageTimeDuration":"00:17:14.2000000","splitPointTimeId":89579,"splitPointId":2715,"entryId":20128,"elapsedDurationMs":547200,"elapsedDuration":"PT9M7.2S","splitDateTime":"2019-08-25T06:21:07.2","splitDateTimeLocal":"2019-08-25T08:21:07.2+02:00"},{"startDateTime":"2019-08-25T06:14:00","startDateTimeLocal":"2019-08-25T08:14:00+02:00","stageTimeDurationMs":1037000,"stageTimeDuration":"00:17:17","splitPointTimeId":89587,"splitPointId":2715,"entryId":20129,"elapsedDurationMs":546200,"elapsedDuration":"PT9M6.2S","splitDateTime":"2019-08-25T06:23:06.2","splitDateTimeLocal":"2019-08-25T08:23:06.2+02:00"},{"startDateTime":"2019-08-25T06:15:00","startDateTimeLocal":"2019-08-25T08:15:00+02:00","stageTimeDurationMs":1036700,"stageTimeDuration":"00:17:16.7000000","splitPointTimeId":89593,"splitPointId":2715,"entryId":20144,"elapsedDurationMs":547200,"elapsedDuration":"PT9M7.2S","splitDateTime":"2019-08-25T06:24:07.2","splitDateTimeLocal":"2019-08-25T08:24:07.2+02:00"},{"startDateTime":"2019-08-25T06:16:00","startDateTimeLocal":"2019-08-25T08:16:00+02:00","stageTimeDurationMs":1042400,"stageTimeDuration":"00:17:22.4000000","splitPointTimeId":89597,"splitPointId":2715,"entryId":20143,"elapsedDurationMs":553300,"elapsedDuration":"PT9M13.3S","splitDateTime":"2019-08-25T06:25:13.3","splitDateTimeLocal":"2019-08-25T08:25:13.3+02:00"},{"startDateTime":"2019-08-25T06:17:00","startDateTimeLocal":"2019-08-25T08:17:00+02:00","stageTimeDurationMs":1040900,"stageTimeDuration":"00:17:20.9000000","splitPointTimeId":89603,"splitPointId":2715,"entryId":20133,"elapsedDurationMs":548700,"elapsedDuration":"PT9M8.7S","splitDateTime":"2019-08-25T06:26:08.7","splitDateTimeLocal":"2019-08-25T08:26:08.7+02:00"},{"startDateTime":"2019-08-25T06:18:00","startDateTimeLocal":"2019-08-25T08:18:00+02:00","stageTimeDurationMs":1042500,"stageTimeDuration":"00:17:22.5000000","splitPointTimeId":89608,"splitPointId":2715,"entryId":20134,"elapsedDurationMs":550700,"elapsedDuration":"PT9M10.7S","splitDateTime":"2019-08-25T06:27:10.7","splitDateTimeLocal":"2019-08-25T08:27:10.7+02:00"},{"startDateTime":"2019-08-25T06:19:00","startDateTimeLocal":"2019-08-25T08:19:00+02:00","stageTimeDurationMs":1061900,"stageTimeDuration":"00:17:41.9000000","splitPointTimeId":89614,"splitPointId":2715,"entryId":20151,"elapsedDurationMs":564200,"elapsedDuration":"PT9M24.2S","splitDateTime":"2019-08-25T06:28:24.2","splitDateTimeLocal":"2019-08-25T08:28:24.2+02:00"},{"startDateTime":"2019-08-25T06:20:00","startDateTimeLocal":"2019-08-25T08:20:00+02:00","stageTimeDurationMs":1054700,"stageTimeDuration":"00:17:34.7000000","splitPointTimeId":89619,"splitPointId":2715,"entryId":20132,"elapsedDurationMs":559300,"elapsedDuration":"PT9M19.3S","splitDateTime":"2019-08-25T06:29:19.3","splitDateTimeLocal":"2019-08-25T08:29:19.3+02:00"},{"startDateTime":"2019-08-25T06:21:00","startDateTimeLocal":"2019-08-25T08:21:00+02:00","stageTimeDurationMs":1072000,"stageTimeDuration":"00:17:52","splitPointTimeId":89626,"splitPointId":2715,"entryId":20145,"elapsedDurationMs":571700,"elapsedDuration":"PT9M31.7S","splitDateTime":"2019-08-25T06:30:31.7","splitDateTimeLocal":"2019-08-25T08:30:31.7+02:00"},{"startDateTime":"2019-08-25T06:22:00","startDateTimeLocal":"2019-08-25T08:22:00+02:00","stageTimeDurationMs":1077500,"stageTimeDuration":"00:17:57.5000000","splitPointTimeId":89632,"splitPointId":2715,"entryId":20138,"elapsedDurationMs":571300,"elapsedDuration":"PT9M31.3S","splitDateTime":"2019-08-25T06:31:31.3","splitDateTimeLocal":"2019-08-25T08:31:31.3+02:00"},{"startDateTime":"2019-08-25T06:23:00","startDateTimeLocal":"2019-08-25T08:23:00+02:00","stageTimeDurationMs":1064600,"stageTimeDuration":"00:17:44.6000000","splitPointTimeId":89637,"splitPointId":2715,"entryId":20135,"elapsedDurationMs":565800,"elapsedDuration":"PT9M25.8S","splitDateTime":"2019-08-25T06:32:25.8","splitDateTimeLocal":"2019-08-25T08:32:25.8+02:00"},{"startDateTime":"2019-08-25T06:24:00","startDateTimeLocal":"2019-08-25T08:24:00+02:00","stageTimeDurationMs":1040600,"stageTimeDuration":"00:17:20.6000000","splitPointTimeId":89642,"splitPointId":2715,"entryId":20137,"elapsedDurationMs":548200,"elapsedDuration":"PT9M8.2S","splitDateTime":"2019-08-25T06:33:08.2","splitDateTimeLocal":"2019-08-25T08:33:08.2+02:00"},{"startDateTime":"2019-08-25T06:25:00","startDateTimeLocal":"2019-08-25T08:25:00+02:00","stageTimeDurationMs":1063900,"stageTimeDuration":"00:17:43.9000000","splitPointTimeId":89647,"splitPointId":2715,"entryId":20136,"elapsedDurationMs":555200,"elapsedDuration":"PT9M15.2S","splitDateTime":"2019-08-25T06:34:15.2","splitDateTimeLocal":"2019-08-25T08:34:15.2+02:00"},{"startDateTime":"2019-08-25T06:26:00","startDateTimeLocal":"2019-08-25T08:26:00+02:00","stageTimeDurationMs":1090000,"stageTimeDuration":"00:18:10","splitPointTimeId":89660,"splitPointId":2715,"entryId":20150,"elapsedDurationMs":579200,"elapsedDuration":"PT9M39.2S","splitDateTime":"2019-08-25T06:35:39.2","splitDateTimeLocal":"2019-08-25T08:35:39.2+02:00"},{"startDateTime":"2019-08-25T06:27:00","startDateTimeLocal":"2019-08-25T08:27:00+02:00","stageTimeDurationMs":1099100,"stageTimeDuration":"00:18:19.1000000","splitPointTimeId":89662,"splitPointId":2715,"entryId":20157,"elapsedDurationMs":589200,"elapsedDuration":"PT9M49.2S","splitDateTime":"2019-08-25T06:36:49.2","splitDateTimeLocal":"2019-08-25T08:36:49.2+02:00"},{"startDateTime":"2019-08-25T06:28:00","startDateTimeLocal":"2019-08-25T08:28:00+02:00","stageTimeDurationMs":1144000,"stageTimeDuration":"00:19:04","splitPointTimeId":89670,"splitPointId":2715,"entryId":20141,"elapsedDurationMs":610800,"elapsedDuration":"PT10M10.8S","splitDateTime":"2019-08-25T06:38:10.8","splitDateTimeLocal":"2019-08-25T08:38:10.8+02:00"},{"startDateTime":"2019-08-25T06:29:00","startDateTimeLocal":"2019-08-25T08:29:00+02:00","stageTimeDurationMs":1156900,"stageTimeDuration":"00:19:16.9000000","splitPointTimeId":89677,"splitPointId":2715,"entryId":20156,"elapsedDurationMs":627700,"elapsedDuration":"PT10M27.7S","splitDateTime":"2019-08-25T06:39:27.7","splitDateTimeLocal":"2019-08-25T08:39:27.7+02:00"},{"startDateTime":"2019-08-25T06:30:00","startDateTimeLocal":"2019-08-25T08:30:00+02:00","stageTimeDurationMs":1164500,"stageTimeDuration":"00:19:24.5000000","splitPointTimeId":89682,"splitPointId":2715,"entryId":20159,"elapsedDurationMs":618700,"elapsedDuration":"PT10M18.7S","splitDateTime":"2019-08-25T06:40:18.7","splitDateTimeLocal":"2019-08-25T08:40:18.7+02:00"},{"startDateTime":"2019-08-25T06:31:00","startDateTimeLocal":"2019-08-25T08:31:00+02:00","stageTimeDurationMs":1180500,"stageTimeDuration":"00:19:40.5000000","splitPointTimeId":89688,"splitPointId":2715,"entryId":20155,"elapsedDurationMs":632200,"elapsedDuration":"PT10M32.2S","splitDateTime":"2019-08-25T06:41:32.2","splitDateTimeLocal":"2019-08-25T08:41:32.2+02:00"},{"startDateTime":"2019-08-25T06:32:00","startDateTimeLocal":"2019-08-25T08:32:00+02:00","stageTimeDurationMs":1163500,"stageTimeDuration":"00:19:23.5000000","splitPointTimeId":89692,"splitPointId":2715,"entryId":20163,"elapsedDurationMs":617800,"elapsedDuration":"PT10M17.8S","splitDateTime":"2019-08-25T06:42:17.8","splitDateTimeLocal":"2019-08-25T08:42:17.8+02:00"},{"startDateTime":"2019-08-25T06:33:00","startDateTimeLocal":"2019-08-25T08:33:00+02:00","stageTimeDurationMs":1142200,"stageTimeDuration":"00:19:02.2000000","splitPointTimeId":89696,"splitPointId":2715,"entryId":20153,"elapsedDurationMs":612200,"elapsedDuration":"PT10M12.2S","splitDateTime":"2019-08-25T06:43:12.2","splitDateTimeLocal":"2019-08-25T08:43:12.2+02:00"},{"startDateTime":"2019-08-25T06:34:00","startDateTimeLocal":"2019-08-25T08:34:00+02:00","stageTimeDurationMs":1207900,"stageTimeDuration":"00:20:07.9000000","splitPointTimeId":89703,"splitPointId":2715,"entryId":20168,"elapsedDurationMs":644700,"elapsedDuration":"PT10M44.7S","splitDateTime":"2019-08-25T06:44:44.7","splitDateTimeLocal":"2019-08-25T08:44:44.7+02:00"},{"startDateTime":"2019-08-25T06:35:00","startDateTimeLocal":"2019-08-25T08:35:00+02:00","stageTimeDurationMs":1221900,"stageTimeDuration":"00:20:21.9000000","splitPointTimeId":89707,"splitPointId":2715,"entryId":20154,"elapsedDurationMs":658200,"elapsedDuration":"PT10M58.2S","splitDateTime":"2019-08-25T06:45:58.2","splitDateTimeLocal":"2019-08-25T08:45:58.2+02:00"},{"startDateTime":"2019-08-25T06:36:00","startDateTimeLocal":"2019-08-25T08:36:00+02:00","stageTimeDurationMs":1219000,"stageTimeDuration":"00:20:19","splitPointTimeId":89710,"splitPointId":2715,"entryId":20166,"elapsedDurationMs":648200,"elapsedDuration":"PT10M48.2S","splitDateTime":"2019-08-25T06:46:48.2","splitDateTimeLocal":"2019-08-25T08:46:48.2+02:00"},{"startDateTime":"2019-08-25T06:37:00","startDateTimeLocal":"2019-08-25T08:37:00+02:00","stageTimeDurationMs":1243900,"stageTimeDuration":"00:20:43.9000000","splitPointTimeId":89715,"splitPointId":2715,"entryId":20160,"elapsedDurationMs":663200,"elapsedDuration":"PT11M3.2S","splitDateTime":"2019-08-25T06:48:03.2","splitDateTimeLocal":"2019-08-25T08:48:03.2+02:00"},{"startDateTime":"2019-08-25T06:38:00","startDateTimeLocal":"2019-08-25T08:38:00+02:00","stageTimeDurationMs":1294900,"stageTimeDuration":"00:21:34.9000000","splitPointTimeId":89722,"splitPointId":2715,"entryId":20169,"elapsedDurationMs":695200,"elapsedDuration":"PT11M35.2S","splitDateTime":"2019-08-25T06:49:35.2","splitDateTimeLocal":"2019-08-25T08:49:35.2+02:00"},{"startDateTime":"2019-08-25T06:39:00","startDateTimeLocal":"2019-08-25T08:39:00+02:00","stageTimeDurationMs":1265000,"stageTimeDuration":"00:21:05","splitPointTimeId":89724,"splitPointId":2715,"entryId":20162,"elapsedDurationMs":679200,"elapsedDuration":"PT11M19.2S","splitDateTime":"2019-08-25T06:50:19.2","splitDateTimeLocal":"2019-08-25T08:50:19.2+02:00"},{"startDateTime":"2019-08-25T06:40:00","startDateTimeLocal":"2019-08-25T08:40:00+02:00","stageTimeDurationMs":1301900,"stageTimeDuration":"00:21:41.9000000","splitPointTimeId":89726,"splitPointId":2715,"entryId":20165,"elapsedDurationMs":694200,"elapsedDuration":"PT11M34.2S","splitDateTime":"2019-08-25T06:51:34.2","splitDateTimeLocal":"2019-08-25T08:51:34.2+02:00"},{"startDateTime":"2019-08-25T06:41:00","startDateTimeLocal":"2019-08-25T08:41:00+02:00","stageTimeDurationMs":1339300,"stageTimeDuration":"00:22:19.3000000","splitPointTimeId":89729,"splitPointId":2715,"entryId":20170,"elapsedDurationMs":718300,"elapsedDuration":"PT11M58.3S","splitDateTime":"2019-08-25T06:52:58.3","splitDateTimeLocal":"2019-08-25T08:52:58.3+02:00"},{"startDateTime":"2019-08-25T05:46:00","startDateTimeLocal":"2019-08-25T07:46:00+02:00","stageTimeDurationMs":987600,"stageTimeDuration":"00:16:27.6000000","splitPointTimeId":89503,"splitPointId":2716,"entryId":20118,"elapsedDurationMs":663700,"elapsedDuration":"PT11M3.7S","splitDateTime":"2019-08-25T05:57:03.7","splitDateTimeLocal":"2019-08-25T07:57:03.7+02:00"},{"startDateTime":"2019-08-25T05:48:00","startDateTimeLocal":"2019-08-25T07:48:00+02:00","stageTimeDurationMs":1022700,"stageTimeDuration":"00:17:02.7000000","splitPointTimeId":89509,"splitPointId":2716,"entryId":20125,"elapsedDurationMs":690500,"elapsedDuration":"PT11M30.5S","splitDateTime":"2019-08-25T05:59:30.5","splitDateTimeLocal":"2019-08-25T07:59:30.5+02:00"},{"startDateTime":"2019-08-25T05:50:00","startDateTimeLocal":"2019-08-25T07:50:00+02:00","stageTimeDurationMs":995800,"stageTimeDuration":"00:16:35.8000000","splitPointTimeId":89515,"splitPointId":2716,"entryId":20126,"elapsedDurationMs":669600,"elapsedDuration":"PT11M9.6S","splitDateTime":"2019-08-25T06:01:09.6","splitDateTimeLocal":"2019-08-25T08:01:09.6+02:00"},{"startDateTime":"2019-08-25T05:52:00","startDateTimeLocal":"2019-08-25T07:52:00+02:00","stageTimeDurationMs":984400,"stageTimeDuration":"00:16:24.4000000","splitPointTimeId":89520,"splitPointId":2716,"entryId":20117,"elapsedDurationMs":659000,"elapsedDuration":"PT10M59S","splitDateTime":"2019-08-25T06:02:59","splitDateTimeLocal":"2019-08-25T08:02:59+02:00"},{"startDateTime":"2019-08-25T05:54:00","startDateTimeLocal":"2019-08-25T07:54:00+02:00","stageTimeDurationMs":984500,"stageTimeDuration":"00:16:24.5000000","splitPointTimeId":89526,"splitPointId":2716,"entryId":20119,"elapsedDurationMs":658300,"elapsedDuration":"PT10M58.3S","splitDateTime":"2019-08-25T06:04:58.3","splitDateTimeLocal":"2019-08-25T08:04:58.3+02:00"},{"startDateTime":"2019-08-25T05:56:00","startDateTimeLocal":"2019-08-25T07:56:00+02:00","stageTimeDurationMs":994900,"stageTimeDuration":"00:16:34.9000000","splitPointTimeId":89533,"splitPointId":2716,"entryId":20127,"elapsedDurationMs":667000,"elapsedDuration":"PT11M7S","splitDateTime":"2019-08-25T06:07:07","splitDateTimeLocal":"2019-08-25T08:07:07+02:00"},{"startDateTime":"2019-08-25T05:58:00","startDateTimeLocal":"2019-08-25T07:58:00+02:00","stageTimeDurationMs":976200,"stageTimeDuration":"00:16:16.2000000","splitPointTimeId":89539,"splitPointId":2716,"entryId":20124,"elapsedDurationMs":653900,"elapsedDuration":"PT10M53.9S","splitDateTime":"2019-08-25T06:08:53.9","splitDateTimeLocal":"2019-08-25T08:08:53.9+02:00"},{"startDateTime":"2019-08-25T06:00:00","startDateTimeLocal":"2019-08-25T08:00:00+02:00","stageTimeDurationMs":980000,"stageTimeDuration":"00:16:20","splitPointTimeId":89544,"splitPointId":2716,"entryId":20121,"elapsedDurationMs":655700,"elapsedDuration":"PT10M55.7S","splitDateTime":"2019-08-25T06:10:55.7","splitDateTimeLocal":"2019-08-25T08:10:55.7+02:00"},{"startDateTime":"2019-08-25T06:02:00","startDateTimeLocal":"2019-08-25T08:02:00+02:00","stageTimeDurationMs":992900,"stageTimeDuration":"00:16:32.9000000","splitPointTimeId":89551,"splitPointId":2716,"entryId":20123,"elapsedDurationMs":664200,"elapsedDuration":"PT11M4.2S","splitDateTime":"2019-08-25T06:13:04.2","splitDateTimeLocal":"2019-08-25T08:13:04.2+02:00"},{"startDateTime":"2019-08-25T06:04:00","startDateTimeLocal":"2019-08-25T08:04:00+02:00","stageTimeDurationMs":983000,"stageTimeDuration":"00:16:23","splitPointTimeId":89557,"splitPointId":2716,"entryId":20120,"elapsedDurationMs":658800,"elapsedDuration":"PT10M58.8S","splitDateTime":"2019-08-25T06:14:58.8","splitDateTimeLocal":"2019-08-25T08:14:58.8+02:00"},{"startDateTime":"2019-08-25T06:06:00","startDateTimeLocal":"2019-08-25T08:06:00+02:00","stageTimeDurationMs":990300,"stageTimeDuration":"00:16:30.3000000","splitPointTimeId":89563,"splitPointId":2716,"entryId":20122,"elapsedDurationMs":661800,"elapsedDuration":"PT11M1.8S","splitDateTime":"2019-08-25T06:17:01.8","splitDateTimeLocal":"2019-08-25T08:17:01.8+02:00"},{"startDateTime":"2019-08-25T06:08:00","startDateTimeLocal":"2019-08-25T08:08:00+02:00","stageTimeDurationMs":1043600,"stageTimeDuration":"00:17:23.6000000","splitPointTimeId":89572,"splitPointId":2716,"entryId":20130,"elapsedDurationMs":699000,"elapsedDuration":"PT11M39S","splitDateTime":"2019-08-25T06:19:39","splitDateTimeLocal":"2019-08-25T08:19:39+02:00"},{"startDateTime":"2019-08-25T06:10:00","startDateTimeLocal":"2019-08-25T08:10:00+02:00","stageTimeDurationMs":1056000,"stageTimeDuration":"00:17:36","splitPointTimeId":89583,"splitPointId":2716,"entryId":20131,"elapsedDurationMs":711300,"elapsedDuration":"PT11M51.3S","splitDateTime":"2019-08-25T06:21:51.3","splitDateTimeLocal":"2019-08-25T08:21:51.3+02:00"},{"startDateTime":"2019-08-25T06:12:00","startDateTimeLocal":"2019-08-25T08:12:00+02:00","stageTimeDurationMs":1034200,"stageTimeDuration":"00:17:14.2000000","splitPointTimeId":89588,"splitPointId":2716,"entryId":20128,"elapsedDurationMs":692300,"elapsedDuration":"PT11M32.3S","splitDateTime":"2019-08-25T06:23:32.3","splitDateTimeLocal":"2019-08-25T08:23:32.3+02:00"},{"startDateTime":"2019-08-25T06:14:00","startDateTimeLocal":"2019-08-25T08:14:00+02:00","stageTimeDurationMs":1037000,"stageTimeDuration":"00:17:17","splitPointTimeId":89598,"splitPointId":2716,"entryId":20129,"elapsedDurationMs":690800,"elapsedDuration":"PT11M30.8S","splitDateTime":"2019-08-25T06:25:30.8","splitDateTimeLocal":"2019-08-25T08:25:30.8+02:00"},{"startDateTime":"2019-08-25T06:15:00","startDateTimeLocal":"2019-08-25T08:15:00+02:00","stageTimeDurationMs":1036700,"stageTimeDuration":"00:17:16.7000000","splitPointTimeId":89605,"splitPointId":2716,"entryId":20144,"elapsedDurationMs":694200,"elapsedDuration":"PT11M34.2S","splitDateTime":"2019-08-25T06:26:34.2","splitDateTimeLocal":"2019-08-25T08:26:34.2+02:00"},{"startDateTime":"2019-08-25T06:16:00","startDateTimeLocal":"2019-08-25T08:16:00+02:00","stageTimeDurationMs":1042400,"stageTimeDuration":"00:17:22.4000000","splitPointTimeId":89611,"splitPointId":2716,"entryId":20143,"elapsedDurationMs":699400,"elapsedDuration":"PT11M39.4S","splitDateTime":"2019-08-25T06:27:39.4","splitDateTimeLocal":"2019-08-25T08:27:39.4+02:00"},{"startDateTime":"2019-08-25T06:17:00","startDateTimeLocal":"2019-08-25T08:17:00+02:00","stageTimeDurationMs":1040900,"stageTimeDuration":"00:17:20.9000000","splitPointTimeId":89615,"splitPointId":2716,"entryId":20133,"elapsedDurationMs":695200,"elapsedDuration":"PT11M35.2S","splitDateTime":"2019-08-25T06:28:35.2","splitDateTimeLocal":"2019-08-25T08:28:35.2+02:00"},{"startDateTime":"2019-08-25T06:18:00","startDateTimeLocal":"2019-08-25T08:18:00+02:00","stageTimeDurationMs":1042500,"stageTimeDuration":"00:17:22.5000000","splitPointTimeId":89622,"splitPointId":2716,"entryId":20134,"elapsedDurationMs":697700,"elapsedDuration":"PT11M37.7S","splitDateTime":"2019-08-25T06:29:37.7","splitDateTimeLocal":"2019-08-25T08:29:37.7+02:00"},{"startDateTime":"2019-08-25T06:19:00","startDateTimeLocal":"2019-08-25T08:19:00+02:00","stageTimeDurationMs":1061900,"stageTimeDuration":"00:17:41.9000000","splitPointTimeId":89629,"splitPointId":2716,"entryId":20151,"elapsedDurationMs":711800,"elapsedDuration":"PT11M51.8S","splitDateTime":"2019-08-25T06:30:51.8","splitDateTimeLocal":"2019-08-25T08:30:51.8+02:00"},{"startDateTime":"2019-08-25T06:20:00","startDateTimeLocal":"2019-08-25T08:20:00+02:00","stageTimeDurationMs":1054700,"stageTimeDuration":"00:17:34.7000000","splitPointTimeId":89634,"splitPointId":2716,"entryId":20132,"elapsedDurationMs":706100,"elapsedDuration":"PT11M46.1S","splitDateTime":"2019-08-25T06:31:46.1","splitDateTimeLocal":"2019-08-25T08:31:46.1+02:00"},{"startDateTime":"2019-08-25T06:21:00","startDateTimeLocal":"2019-08-25T08:21:00+02:00","stageTimeDurationMs":1072000,"stageTimeDuration":"00:17:52","splitPointTimeId":89641,"splitPointId":2716,"entryId":20145,"elapsedDurationMs":718900,"elapsedDuration":"PT11M58.9S","splitDateTime":"2019-08-25T06:32:58.9","splitDateTimeLocal":"2019-08-25T08:32:58.9+02:00"},{"startDateTime":"2019-08-25T06:23:00","startDateTimeLocal":"2019-08-25T08:23:00+02:00","stageTimeDurationMs":1064600,"stageTimeDuration":"00:17:44.6000000","splitPointTimeId":89650,"splitPointId":2716,"entryId":20135,"elapsedDurationMs":715500,"elapsedDuration":"PT11M55.5S","splitDateTime":"2019-08-25T06:34:55.5","splitDateTimeLocal":"2019-08-25T08:34:55.5+02:00"},{"startDateTime":"2019-08-25T06:22:00","startDateTimeLocal":"2019-08-25T08:22:00+02:00","stageTimeDurationMs":1077500,"stageTimeDuration":"00:17:57.5000000","splitPointTimeId":89651,"splitPointId":2716,"entryId":20138,"elapsedDurationMs":720700,"elapsedDuration":"PT12M0.7S","splitDateTime":"2019-08-25T06:34:00.7","splitDateTimeLocal":"2019-08-25T08:34:00.7+02:00"},{"startDateTime":"2019-08-25T06:24:00","startDateTimeLocal":"2019-08-25T08:24:00+02:00","stageTimeDurationMs":1040600,"stageTimeDuration":"00:17:20.6000000","splitPointTimeId":89655,"splitPointId":2716,"entryId":20137,"elapsedDurationMs":693800,"elapsedDuration":"PT11M33.8S","splitDateTime":"2019-08-25T06:35:33.8","splitDateTimeLocal":"2019-08-25T08:35:33.8+02:00"},{"startDateTime":"2019-08-25T06:25:00","startDateTimeLocal":"2019-08-25T08:25:00+02:00","stageTimeDurationMs":1063900,"stageTimeDuration":"00:17:43.9000000","splitPointTimeId":89661,"splitPointId":2716,"entryId":20136,"elapsedDurationMs":706200,"elapsedDuration":"PT11M46.2S","splitDateTime":"2019-08-25T06:36:46.2","splitDateTimeLocal":"2019-08-25T08:36:46.2+02:00"},{"startDateTime":"2019-08-25T06:26:00","startDateTimeLocal":"2019-08-25T08:26:00+02:00","stageTimeDurationMs":1090000,"stageTimeDuration":"00:18:10","splitPointTimeId":89668,"splitPointId":2716,"entryId":20150,"elapsedDurationMs":731200,"elapsedDuration":"PT12M11.2S","splitDateTime":"2019-08-25T06:38:11.2","splitDateTimeLocal":"2019-08-25T08:38:11.2+02:00"},{"startDateTime":"2019-08-25T06:27:00","startDateTimeLocal":"2019-08-25T08:27:00+02:00","stageTimeDurationMs":1099100,"stageTimeDuration":"00:18:19.1000000","splitPointTimeId":89676,"splitPointId":2716,"entryId":20157,"elapsedDurationMs":740500,"elapsedDuration":"PT12M20.5S","splitDateTime":"2019-08-25T06:39:20.5","splitDateTimeLocal":"2019-08-25T08:39:20.5+02:00"},{"startDateTime":"2019-08-25T06:28:00","startDateTimeLocal":"2019-08-25T08:28:00+02:00","stageTimeDurationMs":1144000,"stageTimeDuration":"00:19:04","splitPointTimeId":89684,"splitPointId":2716,"entryId":20141,"elapsedDurationMs":770600,"elapsedDuration":"PT12M50.6S","splitDateTime":"2019-08-25T06:40:50.6","splitDateTimeLocal":"2019-08-25T08:40:50.6+02:00"},{"startDateTime":"2019-08-25T06:29:00","startDateTimeLocal":"2019-08-25T08:29:00+02:00","stageTimeDurationMs":1156900,"stageTimeDuration":"00:19:16.9000000","splitPointTimeId":89690,"splitPointId":2716,"entryId":20156,"elapsedDurationMs":787500,"elapsedDuration":"PT13M7.5S","splitDateTime":"2019-08-25T06:42:07.5","splitDateTimeLocal":"2019-08-25T08:42:07.5+02:00"},{"startDateTime":"2019-08-25T06:30:00","startDateTimeLocal":"2019-08-25T08:30:00+02:00","stageTimeDurationMs":1164500,"stageTimeDuration":"00:19:24.5000000","splitPointTimeId":89698,"splitPointId":2716,"entryId":20159,"elapsedDurationMs":781400,"elapsedDuration":"PT13M1.4S","splitDateTime":"2019-08-25T06:43:01.4","splitDateTimeLocal":"2019-08-25T08:43:01.4+02:00"},{"startDateTime":"2019-08-25T06:31:00","startDateTimeLocal":"2019-08-25T08:31:00+02:00","stageTimeDurationMs":1180500,"stageTimeDuration":"00:19:40.5000000","splitPointTimeId":89701,"splitPointId":2716,"entryId":20155,"elapsedDurationMs":795800,"elapsedDuration":"PT13M15.8S","splitDateTime":"2019-08-25T06:44:15.8","splitDateTimeLocal":"2019-08-25T08:44:15.8+02:00"},{"startDateTime":"2019-08-25T06:32:00","startDateTimeLocal":"2019-08-25T08:32:00+02:00","stageTimeDurationMs":1163500,"stageTimeDuration":"00:19:23.5000000","splitPointTimeId":89705,"splitPointId":2716,"entryId":20163,"elapsedDurationMs":780200,"elapsedDuration":"PT13M0.2S","splitDateTime":"2019-08-25T06:45:00.2","splitDateTimeLocal":"2019-08-25T08:45:00.2+02:00"},{"startDateTime":"2019-08-25T06:33:00","startDateTimeLocal":"2019-08-25T08:33:00+02:00","stageTimeDurationMs":1142200,"stageTimeDuration":"00:19:02.2000000","splitPointTimeId":89706,"splitPointId":2716,"entryId":20153,"elapsedDurationMs":771900,"elapsedDuration":"PT12M51.9S","splitDateTime":"2019-08-25T06:45:51.9","splitDateTimeLocal":"2019-08-25T08:45:51.9+02:00"},{"startDateTime":"2019-08-25T06:34:00","startDateTimeLocal":"2019-08-25T08:34:00+02:00","stageTimeDurationMs":1207900,"stageTimeDuration":"00:20:07.9000000","splitPointTimeId":89713,"splitPointId":2716,"entryId":20168,"elapsedDurationMs":813200,"elapsedDuration":"PT13M33.2S","splitDateTime":"2019-08-25T06:47:33.2","splitDateTimeLocal":"2019-08-25T08:47:33.2+02:00"},{"startDateTime":"2019-08-25T06:35:00","startDateTimeLocal":"2019-08-25T08:35:00+02:00","stageTimeDurationMs":1221900,"stageTimeDuration":"00:20:21.9000000","splitPointTimeId":89718,"splitPointId":2716,"entryId":20154,"elapsedDurationMs":827900,"elapsedDuration":"PT13M47.9S","splitDateTime":"2019-08-25T06:48:47.9","splitDateTimeLocal":"2019-08-25T08:48:47.9+02:00"},{"startDateTime":"2019-08-25T06:36:00","startDateTimeLocal":"2019-08-25T08:36:00+02:00","stageTimeDurationMs":1219000,"stageTimeDuration":"00:20:19","splitPointTimeId":89721,"splitPointId":2716,"entryId":20166,"elapsedDurationMs":817600,"elapsedDuration":"PT13M37.6S","splitDateTime":"2019-08-25T06:49:37.6","splitDateTimeLocal":"2019-08-25T08:49:37.6+02:00"},{"startDateTime":"2019-08-25T06:37:00","startDateTimeLocal":"2019-08-25T08:37:00+02:00","stageTimeDurationMs":1243900,"stageTimeDuration":"00:20:43.9000000","splitPointTimeId":89725,"splitPointId":2716,"entryId":20160,"elapsedDurationMs":838000,"elapsedDuration":"PT13M58S","splitDateTime":"2019-08-25T06:50:58","splitDateTimeLocal":"2019-08-25T08:50:58+02:00"},{"startDateTime":"2019-08-25T06:38:00","startDateTimeLocal":"2019-08-25T08:38:00+02:00","stageTimeDurationMs":1294900,"stageTimeDuration":"00:21:34.9000000","splitPointTimeId":89728,"splitPointId":2716,"entryId":20169,"elapsedDurationMs":875100,"elapsedDuration":"PT14M35.1S","splitDateTime":"2019-08-25T06:52:35.1","splitDateTimeLocal":"2019-08-25T08:52:35.1+02:00"},{"startDateTime":"2019-08-25T06:39:00","startDateTimeLocal":"2019-08-25T08:39:00+02:00","stageTimeDurationMs":1265000,"stageTimeDuration":"00:21:05","splitPointTimeId":89730,"splitPointId":2716,"entryId":20162,"elapsedDurationMs":854100,"elapsedDuration":"PT14M14.1S","splitDateTime":"2019-08-25T06:53:14.1","splitDateTimeLocal":"2019-08-25T08:53:14.1+02:00"},{"startDateTime":"2019-08-25T06:40:00","startDateTimeLocal":"2019-08-25T08:40:00+02:00","stageTimeDurationMs":1301900,"stageTimeDuration":"00:21:41.9000000","splitPointTimeId":89734,"splitPointId":2716,"entryId":20165,"elapsedDurationMs":877200,"elapsedDuration":"PT14M37.2S","splitDateTime":"2019-08-25T06:54:37.2","splitDateTimeLocal":"2019-08-25T08:54:37.2+02:00"},{"startDateTime":"2019-08-25T06:41:00","startDateTimeLocal":"2019-08-25T08:41:00+02:00","stageTimeDurationMs":1339300,"stageTimeDuration":"00:22:19.3000000","splitPointTimeId":89735,"splitPointId":2716,"entryId":20170,"elapsedDurationMs":904500,"elapsedDuration":"PT15M4.5S","splitDateTime":"2019-08-25T06:56:04.5","splitDateTimeLocal":"2019-08-25T08:56:04.5+02:00"},{"startDateTime":"2019-08-25T05:46:00","startDateTimeLocal":"2019-08-25T07:46:00+02:00","stageTimeDurationMs":987600,"stageTimeDuration":"00:16:27.6000000","splitPointTimeId":89514,"splitPointId":2717,"entryId":20118,"elapsedDurationMs":893300,"elapsedDuration":"PT14M53.3S","splitDateTime":"2019-08-25T06:00:53.3","splitDateTimeLocal":"2019-08-25T08:00:53.3+02:00"},{"startDateTime":"2019-08-25T05:48:00","startDateTimeLocal":"2019-08-25T07:48:00+02:00","stageTimeDurationMs":1022700,"stageTimeDuration":"00:17:02.7000000","splitPointTimeId":89521,"splitPointId":2717,"entryId":20125,"elapsedDurationMs":926000,"elapsedDuration":"PT15M26S","splitDateTime":"2019-08-25T06:03:26","splitDateTimeLocal":"2019-08-25T08:03:26+02:00"},{"startDateTime":"2019-08-25T05:50:00","startDateTimeLocal":"2019-08-25T07:50:00+02:00","stageTimeDurationMs":995800,"stageTimeDuration":"00:16:35.8000000","splitPointTimeId":89527,"splitPointId":2717,"entryId":20126,"elapsedDurationMs":901400,"elapsedDuration":"PT15M1.4S","splitDateTime":"2019-08-25T06:05:01.4","splitDateTimeLocal":"2019-08-25T08:05:01.4+02:00"},{"startDateTime":"2019-08-25T05:52:00","startDateTimeLocal":"2019-08-25T07:52:00+02:00","stageTimeDurationMs":984400,"stageTimeDuration":"00:16:24.4000000","splitPointTimeId":89532,"splitPointId":2717,"entryId":20117,"elapsedDurationMs":889700,"elapsedDuration":"PT14M49.7S","splitDateTime":"2019-08-25T06:06:49.7","splitDateTimeLocal":"2019-08-25T08:06:49.7+02:00"},{"startDateTime":"2019-08-25T05:54:00","startDateTimeLocal":"2019-08-25T07:54:00+02:00","stageTimeDurationMs":984500,"stageTimeDuration":"00:16:24.5000000","splitPointTimeId":89538,"splitPointId":2717,"entryId":20119,"elapsedDurationMs":890600,"elapsedDuration":"PT14M50.6S","splitDateTime":"2019-08-25T06:08:50.6","splitDateTimeLocal":"2019-08-25T08:08:50.6+02:00"},{"startDateTime":"2019-08-25T05:56:00","startDateTimeLocal":"2019-08-25T07:56:00+02:00","stageTimeDurationMs":994900,"stageTimeDuration":"00:16:34.9000000","splitPointTimeId":89545,"splitPointId":2717,"entryId":20127,"elapsedDurationMs":899800,"elapsedDuration":"PT14M59.8S","splitDateTime":"2019-08-25T06:10:59.8","splitDateTimeLocal":"2019-08-25T08:10:59.8+02:00"},{"startDateTime":"2019-08-25T05:58:00","startDateTimeLocal":"2019-08-25T07:58:00+02:00","stageTimeDurationMs":976200,"stageTimeDuration":"00:16:16.2000000","splitPointTimeId":89550,"splitPointId":2717,"entryId":20124,"elapsedDurationMs":883600,"elapsedDuration":"PT14M43.6S","splitDateTime":"2019-08-25T06:12:43.6","splitDateTimeLocal":"2019-08-25T08:12:43.6+02:00"},{"startDateTime":"2019-08-25T06:00:00","startDateTimeLocal":"2019-08-25T08:00:00+02:00","stageTimeDurationMs":980000,"stageTimeDuration":"00:16:20","splitPointTimeId":89556,"splitPointId":2717,"entryId":20121,"elapsedDurationMs":886800,"elapsedDuration":"PT14M46.8S","splitDateTime":"2019-08-25T06:14:46.8","splitDateTimeLocal":"2019-08-25T08:14:46.8+02:00"},{"startDateTime":"2019-08-25T06:02:00","startDateTimeLocal":"2019-08-25T08:02:00+02:00","stageTimeDurationMs":992900,"stageTimeDuration":"00:16:32.9000000","splitPointTimeId":89562,"splitPointId":2717,"entryId":20123,"elapsedDurationMs":898100,"elapsedDuration":"PT14M58.1S","splitDateTime":"2019-08-25T06:16:58.1","splitDateTimeLocal":"2019-08-25T08:16:58.1+02:00"},{"startDateTime":"2019-08-25T06:04:00","startDateTimeLocal":"2019-08-25T08:04:00+02:00","stageTimeDurationMs":983000,"stageTimeDuration":"00:16:23","splitPointTimeId":89570,"splitPointId":2717,"entryId":20120,"elapsedDurationMs":889600,"elapsedDuration":"PT14M49.6S","splitDateTime":"2019-08-25T06:18:49.6","splitDateTimeLocal":"2019-08-25T08:18:49.6+02:00"},{"startDateTime":"2019-08-25T06:06:00","startDateTimeLocal":"2019-08-25T08:06:00+02:00","stageTimeDurationMs":990300,"stageTimeDuration":"00:16:30.3000000","splitPointTimeId":89578,"splitPointId":2717,"entryId":20122,"elapsedDurationMs":895100,"elapsedDuration":"PT14M55.1S","splitDateTime":"2019-08-25T06:20:55.1","splitDateTimeLocal":"2019-08-25T08:20:55.1+02:00"},{"startDateTime":"2019-08-25T06:08:00","startDateTimeLocal":"2019-08-25T08:08:00+02:00","stageTimeDurationMs":1043600,"stageTimeDuration":"00:17:23.6000000","splitPointTimeId":89589,"splitPointId":2717,"entryId":20130,"elapsedDurationMs":944800,"elapsedDuration":"PT15M44.8S","splitDateTime":"2019-08-25T06:23:44.8","splitDateTimeLocal":"2019-08-25T08:23:44.8+02:00"},{"startDateTime":"2019-08-25T06:10:00","startDateTimeLocal":"2019-08-25T08:10:00+02:00","stageTimeDurationMs":1056000,"stageTimeDuration":"00:17:36","splitPointTimeId":89601,"splitPointId":2717,"entryId":20131,"elapsedDurationMs":957600,"elapsedDuration":"PT15M57.6S","splitDateTime":"2019-08-25T06:25:57.6","splitDateTimeLocal":"2019-08-25T08:25:57.6+02:00"},{"startDateTime":"2019-08-25T06:12:00","startDateTimeLocal":"2019-08-25T08:12:00+02:00","stageTimeDurationMs":1034200,"stageTimeDuration":"00:17:14.2000000","splitPointTimeId":89609,"splitPointId":2717,"entryId":20128,"elapsedDurationMs":935900,"elapsedDuration":"PT15M35.9S","splitDateTime":"2019-08-25T06:27:35.9","splitDateTimeLocal":"2019-08-25T08:27:35.9+02:00"},{"startDateTime":"2019-08-25T06:14:00","startDateTimeLocal":"2019-08-25T08:14:00+02:00","stageTimeDurationMs":1037000,"stageTimeDuration":"00:17:17","splitPointTimeId":89621,"splitPointId":2717,"entryId":20129,"elapsedDurationMs":934900,"elapsedDuration":"PT15M34.9S","splitDateTime":"2019-08-25T06:29:34.9","splitDateTimeLocal":"2019-08-25T08:29:34.9+02:00"},{"startDateTime":"2019-08-25T06:15:00","startDateTimeLocal":"2019-08-25T08:15:00+02:00","stageTimeDurationMs":1036700,"stageTimeDuration":"00:17:16.7000000","splitPointTimeId":89627,"splitPointId":2717,"entryId":20144,"elapsedDurationMs":939000,"elapsedDuration":"PT15M39S","splitDateTime":"2019-08-25T06:30:39","splitDateTimeLocal":"2019-08-25T08:30:39+02:00"},{"startDateTime":"2019-08-25T06:16:00","startDateTimeLocal":"2019-08-25T08:16:00+02:00","stageTimeDurationMs":1042400,"stageTimeDuration":"00:17:22.4000000","splitPointTimeId":89633,"splitPointId":2717,"entryId":20143,"elapsedDurationMs":944000,"elapsedDuration":"PT15M44S","splitDateTime":"2019-08-25T06:31:44","splitDateTimeLocal":"2019-08-25T08:31:44+02:00"},{"startDateTime":"2019-08-25T06:17:00","startDateTimeLocal":"2019-08-25T08:17:00+02:00","stageTimeDurationMs":1040900,"stageTimeDuration":"00:17:20.9000000","splitPointTimeId":89639,"splitPointId":2717,"entryId":20133,"elapsedDurationMs":941400,"elapsedDuration":"PT15M41.4S","splitDateTime":"2019-08-25T06:32:41.4","splitDateTimeLocal":"2019-08-25T08:32:41.4+02:00"},{"startDateTime":"2019-08-25T06:18:00","startDateTimeLocal":"2019-08-25T08:18:00+02:00","stageTimeDurationMs":1042500,"stageTimeDuration":"00:17:22.5000000","splitPointTimeId":89644,"splitPointId":2717,"entryId":20134,"elapsedDurationMs":943500,"elapsedDuration":"PT15M43.5S","splitDateTime":"2019-08-25T06:33:43.5","splitDateTimeLocal":"2019-08-25T08:33:43.5+02:00"},{"startDateTime":"2019-08-25T06:19:00","startDateTimeLocal":"2019-08-25T08:19:00+02:00","stageTimeDurationMs":1061900,"stageTimeDuration":"00:17:41.9000000","splitPointTimeId":89653,"splitPointId":2717,"entryId":20151,"elapsedDurationMs":961300,"elapsedDuration":"PT16M1.3S","splitDateTime":"2019-08-25T06:35:01.3","splitDateTimeLocal":"2019-08-25T08:35:01.3+02:00"},{"startDateTime":"2019-08-25T06:20:00","startDateTimeLocal":"2019-08-25T08:20:00+02:00","stageTimeDurationMs":1054700,"stageTimeDuration":"00:17:34.7000000","splitPointTimeId":89659,"splitPointId":2717,"entryId":20132,"elapsedDurationMs":954800,"elapsedDuration":"PT15M54.8S","splitDateTime":"2019-08-25T06:35:54.8","splitDateTimeLocal":"2019-08-25T08:35:54.8+02:00"},{"startDateTime":"2019-08-25T06:21:00","startDateTimeLocal":"2019-08-25T08:21:00+02:00","stageTimeDurationMs":1072000,"stageTimeDuration":"00:17:52","splitPointTimeId":89667,"splitPointId":2717,"entryId":20145,"elapsedDurationMs":970400,"elapsedDuration":"PT16M10.4S","splitDateTime":"2019-08-25T06:37:10.4","splitDateTimeLocal":"2019-08-25T08:37:10.4+02:00"},{"startDateTime":"2019-08-25T06:22:00","startDateTimeLocal":"2019-08-25T08:22:00+02:00","stageTimeDurationMs":1077500,"stageTimeDuration":"00:17:57.5000000","splitPointTimeId":89671,"splitPointId":2717,"entryId":20138,"elapsedDurationMs":975200,"elapsedDuration":"PT16M15.2S","splitDateTime":"2019-08-25T06:38:15.2","splitDateTimeLocal":"2019-08-25T08:38:15.2+02:00"},{"startDateTime":"2019-08-25T06:23:00","startDateTimeLocal":"2019-08-25T08:23:00+02:00","stageTimeDurationMs":1064600,"stageTimeDuration":"00:17:44.6000000","splitPointTimeId":89674,"splitPointId":2717,"entryId":20135,"elapsedDurationMs":964300,"elapsedDuration":"PT16M4.3S","splitDateTime":"2019-08-25T06:39:04.3","splitDateTimeLocal":"2019-08-25T08:39:04.3+02:00"},{"startDateTime":"2019-08-25T06:24:00","startDateTimeLocal":"2019-08-25T08:24:00+02:00","stageTimeDurationMs":1040600,"stageTimeDuration":"00:17:20.6000000","splitPointTimeId":89679,"splitPointId":2717,"entryId":20137,"elapsedDurationMs":940900,"elapsedDuration":"PT15M40.9S","splitDateTime":"2019-08-25T06:39:40.9","splitDateTimeLocal":"2019-08-25T08:39:40.9+02:00"},{"startDateTime":"2019-08-25T06:25:00","startDateTimeLocal":"2019-08-25T08:25:00+02:00","stageTimeDurationMs":1063900,"stageTimeDuration":"00:17:43.9000000","splitPointTimeId":89686,"splitPointId":2717,"entryId":20136,"elapsedDurationMs":962900,"elapsedDuration":"PT16M2.9S","splitDateTime":"2019-08-25T06:41:02.9","splitDateTimeLocal":"2019-08-25T08:41:02.9+02:00"},{"startDateTime":"2019-08-25T06:26:00","startDateTimeLocal":"2019-08-25T08:26:00+02:00","stageTimeDurationMs":1090000,"stageTimeDuration":"00:18:10","splitPointTimeId":89693,"splitPointId":2717,"entryId":20150,"elapsedDurationMs":987500,"elapsedDuration":"PT16M27.5S","splitDateTime":"2019-08-25T06:42:27.5","splitDateTimeLocal":"2019-08-25T08:42:27.5+02:00"},{"startDateTime":"2019-08-25T06:27:00","startDateTimeLocal":"2019-08-25T08:27:00+02:00","stageTimeDurationMs":1099100,"stageTimeDuration":"00:18:19.1000000","splitPointTimeId":89699,"splitPointId":2717,"entryId":20157,"elapsedDurationMs":997000,"elapsedDuration":"PT16M37S","splitDateTime":"2019-08-25T06:43:37","splitDateTimeLocal":"2019-08-25T08:43:37+02:00"},{"startDateTime":"2019-08-25T06:29:00","startDateTimeLocal":"2019-08-25T08:29:00+02:00","stageTimeDurationMs":1156900,"stageTimeDuration":"00:19:16.9000000","splitPointTimeId":89709,"splitPointId":2717,"entryId":20156,"elapsedDurationMs":1050800,"elapsedDuration":"PT17M30.8S","splitDateTime":"2019-08-25T06:46:30.8","splitDateTimeLocal":"2019-08-25T08:46:30.8+02:00"},{"startDateTime":"2019-08-25T06:30:00","startDateTimeLocal":"2019-08-25T08:30:00+02:00","stageTimeDurationMs":1164500,"stageTimeDuration":"00:19:24.5000000","splitPointTimeId":89712,"splitPointId":2717,"entryId":20159,"elapsedDurationMs":1053900,"elapsedDuration":"PT17M33.9S","splitDateTime":"2019-08-25T06:47:33.9","splitDateTimeLocal":"2019-08-25T08:47:33.9+02:00"},{"startDateTime":"2019-08-25T06:28:00","startDateTimeLocal":"2019-08-25T08:28:00+02:00","stageTimeDurationMs":1144000,"stageTimeDuration":"00:19:04","splitPointTimeId":89717,"splitPointId":2717,"entryId":20141,"elapsedDurationMs":1036200,"elapsedDuration":"PT17M16.2S","splitDateTime":"2019-08-25T06:45:16.2","splitDateTimeLocal":"2019-08-25T08:45:16.2+02:00"},{"startDateTime":"2019-08-25T06:31:00","startDateTimeLocal":"2019-08-25T08:31:00+02:00","stageTimeDurationMs":1180500,"stageTimeDuration":"00:19:40.5000000","splitPointTimeId":89719,"splitPointId":2717,"entryId":20155,"elapsedDurationMs":1070300,"elapsedDuration":"PT17M50.3S","splitDateTime":"2019-08-25T06:48:50.3","splitDateTimeLocal":"2019-08-25T08:48:50.3+02:00"},{"startDateTime":"2019-08-25T06:33:00","startDateTimeLocal":"2019-08-25T08:33:00+02:00","stageTimeDurationMs":1142200,"stageTimeDuration":"00:19:02.2000000","splitPointTimeId":89723,"splitPointId":2717,"entryId":20153,"elapsedDurationMs":1035400,"elapsedDuration":"PT17M15.4S","splitDateTime":"2019-08-25T06:50:15.4","splitDateTimeLocal":"2019-08-25T08:50:15.4+02:00"},{"startDateTime":"2019-08-25T06:34:00","startDateTimeLocal":"2019-08-25T08:34:00+02:00","stageTimeDurationMs":1207900,"stageTimeDuration":"00:20:07.9000000","splitPointTimeId":89727,"splitPointId":2717,"entryId":20168,"elapsedDurationMs":1093900,"elapsedDuration":"PT18M13.9S","splitDateTime":"2019-08-25T06:52:13.9","splitDateTimeLocal":"2019-08-25T08:52:13.9+02:00"},{"startDateTime":"2019-08-25T06:35:00","startDateTimeLocal":"2019-08-25T08:35:00+02:00","stageTimeDurationMs":1221900,"stageTimeDuration":"00:20:21.9000000","splitPointTimeId":89731,"splitPointId":2717,"entryId":20154,"elapsedDurationMs":1108800,"elapsedDuration":"PT18M28.8S","splitDateTime":"2019-08-25T06:53:28.8","splitDateTimeLocal":"2019-08-25T08:53:28.8+02:00"},{"startDateTime":"2019-08-25T06:36:00","startDateTimeLocal":"2019-08-25T08:36:00+02:00","stageTimeDurationMs":1219000,"stageTimeDuration":"00:20:19","splitPointTimeId":89733,"splitPointId":2717,"entryId":20166,"elapsedDurationMs":1105200,"elapsedDuration":"PT18M25.2S","splitDateTime":"2019-08-25T06:54:25.2","splitDateTimeLocal":"2019-08-25T08:54:25.2+02:00"},{"startDateTime":"2019-08-25T06:37:00","startDateTimeLocal":"2019-08-25T08:37:00+02:00","stageTimeDurationMs":1243900,"stageTimeDuration":"00:20:43.9000000","splitPointTimeId":89736,"splitPointId":2717,"entryId":20160,"elapsedDurationMs":1127000,"elapsedDuration":"PT18M47S","splitDateTime":"2019-08-25T06:55:47","splitDateTimeLocal":"2019-08-25T08:55:47+02:00"},{"startDateTime":"2019-08-25T06:38:00","startDateTimeLocal":"2019-08-25T08:38:00+02:00","stageTimeDurationMs":1294900,"stageTimeDuration":"00:21:34.9000000","splitPointTimeId":89737,"splitPointId":2717,"entryId":20169,"elapsedDurationMs":1175500,"elapsedDuration":"PT19M35.5S","splitDateTime":"2019-08-25T06:57:35.5","splitDateTimeLocal":"2019-08-25T08:57:35.5+02:00"},{"startDateTime":"2019-08-25T06:39:00","startDateTimeLocal":"2019-08-25T08:39:00+02:00","stageTimeDurationMs":1265000,"stageTimeDuration":"00:21:05","splitPointTimeId":89738,"splitPointId":2717,"entryId":20162,"elapsedDurationMs":1149000,"elapsedDuration":"PT19M9S","splitDateTime":"2019-08-25T06:58:09","splitDateTimeLocal":"2019-08-25T08:58:09+02:00"},{"startDateTime":"2019-08-25T06:40:00","startDateTimeLocal":"2019-08-25T08:40:00+02:00","stageTimeDurationMs":1301900,"stageTimeDuration":"00:21:41.9000000","splitPointTimeId":89739,"splitPointId":2717,"entryId":20165,"elapsedDurationMs":1180600,"elapsedDuration":"PT19M40.6S","splitDateTime":"2019-08-25T06:59:40.6","splitDateTimeLocal":"2019-08-25T08:59:40.6+02:00"},{"startDateTime":"2019-08-25T06:41:00","startDateTimeLocal":"2019-08-25T08:41:00+02:00","stageTimeDurationMs":1339300,"stageTimeDuration":"00:22:19.3000000","splitPointTimeId":89740,"splitPointId":2717,"entryId":20170,"elapsedDurationMs":1215300,"elapsedDuration":"PT20M15.3S","splitDateTime":"2019-08-25T07:01:15.3","splitDateTimeLocal":"2019-08-25T09:01:15.3+02:00"}]