[{"entryId":3444,"stageTimeMs":1593000,"stageTime":"PT26M33S","penaltyTimeMs":0,"penaltyTime":"PT0S","totalTimeMs":1593000,"totalTime":"PT26M33S","position":1,"diffFirstMs":0,"diffFirst":"PT0S","diffPrevMs":0,"diffPrev":"PT0S"},{"entryId":3442,"stageTimeMs":1602100,"stageTime":"PT26M42.1S","penaltyTimeMs":0,"penaltyTime":"PT0S","totalTimeMs":1602100,"totalTime":"PT26M42.1S","position":2,"diffFirstMs":9100,"diffFirst":"PT9.1S","diffPrevMs":9100,"diffPrev":"PT9.1S"},{"entryId":3443,"stageTimeMs":1607300,"stageTime":"PT26M47.3S","penaltyTimeMs":0,"penaltyTime":"PT0S","totalTimeMs":1607300,"totalTime":"PT26M47.3S","position":3,"diffFirstMs":14300,"diffFirst":"PT14.3S","diffPrevMs":5200,"diffPrev":"PT5.2S"},{"entryId":3446,"stageTimeMs":1638200,"stageTime":"PT27M18.2S","penaltyTimeMs":0,"penaltyTime":"PT0S","totalTimeMs":1638200,"totalTime":"PT27M18.2S","position":4,"diffFirstMs":45200,"diffFirst":"PT45.2S","diffPrevMs":30900,"diffPrev":"PT30.9S"},{"entryId":3445,"stageTimeMs":1639400,"stageTime":"PT27M19.4S","penaltyTimeMs":0,"penaltyTime":"PT0S","totalTimeMs":1639400,"totalTime":"PT27M19.4S","position":5,"diffFirstMs":46400,"diffFirst":"PT46.4S","diffPrevMs":1200,"diffPrev":"PT1.2S"},{"entryId":3448,"stageTimeMs":1641200,"stageTime":"PT27M21.2S","penaltyTimeMs":0,"penaltyTime":"PT0S","totalTimeMs":1641200,"totalTime":"PT27M21.2S","position":6,"diffFirstMs":48200,"diffFirst":"PT48.2S","diffPrevMs":1800,"diffPrev":"PT1.8S"},{"entryId":3451,"stageTimeMs":1646800,"stageTime":"PT27M26.8S","penaltyTimeMs":0,"penaltyTime":"PT0S","totalTimeMs":1646800,"totalTime":"PT27M26.8S","position":7,"diffFirstMs":53800,"diffFirst":"PT53.8S","diffPrevMs":5600,"diffPrev":"PT5.6S"},{"entryId":3450,"stageTimeMs":1648200,"stageTime":"PT27M28.2S","penaltyTimeMs":0,"penaltyTime":"PT0S","totalTimeMs":1648200,"totalTime":"PT27M28.2S","position":8,"diffFirstMs":55200,"diffFirst":"PT55.2S","diffPrevMs":1400,"diffPrev":"PT1.4S"},{"entryId":3447,"stageTimeMs":1652600,"stageTime":"PT27M32.6S","penaltyTimeMs":0,"penaltyTime":"PT0S","totalTimeMs":1652600,"totalTime":"PT27M32.6S","position":9,"diffFirstMs":59600,"diffFirst":"PT59.6S","diffPrevMs":4400,"diffPrev":"PT4.4S"},{"entryId":3452,"stageTimeMs":1694100,"stageTime":"PT28M14.1S","penaltyTimeMs":0,"penaltyTime":"PT0S","totalTimeMs":1694100,"totalTime":"PT28M14.1S","position":10,"diffFirstMs":101100,"diffFirst":"PT1M41.1S","diffPrevMs":41500,"diffPrev":"PT41.5S"},{"entryId":3454,"stageTimeMs":1712400,"stageTime":"PT28M32.4S","penaltyTimeMs":0,"penaltyTime":"PT0S","totalTimeMs":1712400,"totalTime":"PT28M32.4S","position":11,"diffFirstMs":119400,"diffFirst":"PT1M59.4S","diffPrevMs":18300,"diffPrev":"PT18.3S"},{"entryId":3457,"stageTimeMs":1724400,"stageTime":"PT28M44.4S","penaltyTimeMs":0,"penaltyTime":"PT0S","totalTimeMs":1724400,"totalTime":"PT28M44.4S","position":12,"diffFirstMs":131400,"diffFirst":"PT2M11.4S","diffPrevMs":12000,"diffPrev":"PT12S"},{"entryId":3458,"stageTimeMs":1736000,"stageTime":"PT28M56S","penaltyTimeMs":0,"penaltyTime":"PT0S","totalTimeMs":1736000,"totalTime":"PT28M56S","position":13,"diffFirstMs":143000,"diffFirst":"PT2M23S","diffPrevMs":11600,"diffPrev":"PT11.6S"},{"entryId":3453,"stageTimeMs":1750000,"stageTime":"PT29M10S","penaltyTimeMs":0,"penaltyTime":"PT0S","totalTimeMs":1750000,"totalTime":"PT29M10S","position":14,"diffFirstMs":157000,"diffFirst":"PT2M37S","diffPrevMs":14000,"diffPrev":"PT14S"},{"entryId":3459,"stageTimeMs":1758300,"stageTime":"PT29M18.3S","penaltyTimeMs":0,"penaltyTime":"PT0S","totalTimeMs":1758300,"totalTime":"PT29M18.3S","position":15,"diffFirstMs":165300,"diffFirst":"PT2M45.3S","diffPrevMs":8300,"diffPrev":"PT8.3S"},{"entryId":3456,"stageTimeMs":1770000,"stageTime":"PT29M30S","penaltyTimeMs":0,"penaltyTime":"PT0S","totalTimeMs":1770000,"totalTime":"PT29M30S","position":16,"diffFirstMs":177000,"diffFirst":"PT2M57S","diffPrevMs":11700,"diffPrev":"PT11.7S"},{"entryId":3467,"stageTimeMs":1805200,"stageTime":"PT30M5.2S","penaltyTimeMs":0,"penaltyTime":"PT0S","totalTimeMs":1805200,"totalTime":"PT30M5.2S","position":17,"diffFirstMs":212200,"diffFirst":"PT3M32.2S","diffPrevMs":35200,"diffPrev":"PT35.2S"},{"entryId":3460,"stageTimeMs":1812500,"stageTime":"PT30M12.5S","penaltyTimeMs":0,"penaltyTime":"PT0S","totalTimeMs":1812500,"totalTime":"PT30M12.5S","position":18,"diffFirstMs":219500,"diffFirst":"PT3M39.5S","diffPrevMs":7300,"diffPrev":"PT7.3S"},{"entryId":3468,"stageTimeMs":1812900,"stageTime":"PT30M12.9S","penaltyTimeMs":0,"penaltyTime":"PT0S","totalTimeMs":1812900,"totalTime":"PT30M12.9S","position":19,"diffFirstMs":219900,"diffFirst":"PT3M39.9S","diffPrevMs":400,"diffPrev":"PT0.4S"},{"entryId":3466,"stageTimeMs":1847900,"stageTime":"PT30M47.9S","penaltyTimeMs":0,"penaltyTime":"PT0S","totalTimeMs":1847900,"totalTime":"PT30M47.9S","position":20,"diffFirstMs":254900,"diffFirst":"PT4M14.9S","diffPrevMs":35000,"diffPrev":"PT35S"},{"entryId":3480,"stageTimeMs":1872300,"stageTime":"PT31M12.3S","penaltyTimeMs":0,"penaltyTime":"PT0S","totalTimeMs":1872300,"totalTime":"PT31M12.3S","position":21,"diffFirstMs":279300,"diffFirst":"PT4M39.3S","diffPrevMs":24400,"diffPrev":"PT24.4S"},{"entryId":3462,"stageTimeMs":1874700,"stageTime":"PT31M14.7S","penaltyTimeMs":0,"penaltyTime":"PT0S","totalTimeMs":1874700,"totalTime":"PT31M14.7S","position":22,"diffFirstMs":281700,"diffFirst":"PT4M41.7S","diffPrevMs":2400,"diffPrev":"PT2.4S"},{"entryId":3479,"stageTimeMs":1887900,"stageTime":"PT31M27.9S","penaltyTimeMs":0,"penaltyTime":"PT0S","totalTimeMs":1887900,"totalTime":"PT31M27.9S","position":23,"diffFirstMs":294900,"diffFirst":"PT4M54.9S","diffPrevMs":13200,"diffPrev":"PT13.2S"},{"entryId":3481,"stageTimeMs":1898100,"stageTime":"PT31M38.1S","penaltyTimeMs":0,"penaltyTime":"PT0S","totalTimeMs":1898100,"totalTime":"PT31M38.1S","position":24,"diffFirstMs":305100,"diffFirst":"PT5M5.1S","diffPrevMs":10200,"diffPrev":"PT10.2S"},{"entryId":3469,"stageTimeMs":1910400,"stageTime":"PT31M50.4S","penaltyTimeMs":0,"penaltyTime":"PT0S","totalTimeMs":1910400,"totalTime":"PT31M50.4S","position":25,"diffFirstMs":317400,"diffFirst":"PT5M17.4S","diffPrevMs":12300,"diffPrev":"PT12.3S"},{"entryId":3497,"stageTimeMs":1916600,"stageTime":"PT31M56.6S","penaltyTimeMs":0,"penaltyTime":"PT0S","totalTimeMs":1916600,"totalTime":"PT31M56.6S","position":26,"diffFirstMs":323600,"diffFirst":"PT5M23.6S","diffPrevMs":6200,"diffPrev":"PT6.2S"},{"entryId":3477,"stageTimeMs":1942200,"stageTime":"PT32M22.2S","penaltyTimeMs":0,"penaltyTime":"PT0S","totalTimeMs":1942200,"totalTime":"PT32M22.2S","position":27,"diffFirstMs":349200,"diffFirst":"PT5M49.2S","diffPrevMs":25600,"diffPrev":"PT25.6S"},{"entryId":3478,"stageTimeMs":1949900,"stageTime":"PT32M29.9S","penaltyTimeMs":0,"penaltyTime":"PT0S","totalTimeMs":1949900,"totalTime":"PT32M29.9S","position":28,"diffFirstMs":356900,"diffFirst":"PT5M56.9S","diffPrevMs":7700,"diffPrev":"PT7.7S"},{"entryId":3506,"stageTimeMs":1958200,"stageTime":"PT32M38.2S","penaltyTimeMs":0,"penaltyTime":"PT0S","totalTimeMs":1958200,"totalTime":"PT32M38.2S","position":29,"diffFirstMs":365200,"diffFirst":"PT6M5.2S","diffPrevMs":8300,"diffPrev":"PT8.3S"},{"entryId":3470,"stageTimeMs":1963700,"stageTime":"PT32M43.7S","penaltyTimeMs":0,"penaltyTime":"PT0S","totalTimeMs":1963700,"totalTime":"PT32M43.7S","position":30,"diffFirstMs":370700,"diffFirst":"PT6M10.7S","diffPrevMs":5500,"diffPrev":"PT5.5S"},{"entryId":3486,"stageTimeMs":1967200,"stageTime":"PT32M47.2S","penaltyTimeMs":0,"penaltyTime":"PT0S","totalTimeMs":1967200,"totalTime":"PT32M47.2S","position":31,"diffFirstMs":374200,"diffFirst":"PT6M14.2S","diffPrevMs":3500,"diffPrev":"PT3.5S"},{"entryId":3500,"stageTimeMs":1976800,"stageTime":"PT32M56.8S","penaltyTimeMs":0,"penaltyTime":"PT0S","totalTimeMs":1976800,"totalTime":"PT32M56.8S","position":32,"diffFirstMs":383800,"diffFirst":"PT6M23.8S","diffPrevMs":9600,"diffPrev":"PT9.6S"},{"entryId":3520,"stageTimeMs":1990700,"stageTime":"PT33M10.7S","penaltyTimeMs":0,"penaltyTime":"PT0S","totalTimeMs":1990700,"totalTime":"PT33M10.7S","position":33,"diffFirstMs":397700,"diffFirst":"PT6M37.7S","diffPrevMs":13900,"diffPrev":"PT13.9S"},{"entryId":3483,"stageTimeMs":1992900,"stageTime":"PT33M12.9S","penaltyTimeMs":0,"penaltyTime":"PT0S","totalTimeMs":1992900,"totalTime":"PT33M12.9S","position":34,"diffFirstMs":399900,"diffFirst":"PT6M39.9S","diffPrevMs":2200,"diffPrev":"PT2.2S"},{"entryId":3496,"stageTimeMs":2001000,"stageTime":"PT33M21S","penaltyTimeMs":0,"penaltyTime":"PT0S","totalTimeMs":2001000,"totalTime":"PT33M21S","position":35,"diffFirstMs":408000,"diffFirst":"PT6M48S","diffPrevMs":8100,"diffPrev":"PT8.1S"},{"entryId":3484,"stageTimeMs":2003700,"stageTime":"PT33M23.7S","penaltyTimeMs":0,"penaltyTime":"PT0S","totalTimeMs":2003700,"totalTime":"PT33M23.7S","position":36,"diffFirstMs":410700,"diffFirst":"PT6M50.7S","diffPrevMs":2700,"diffPrev":"PT2.7S"},{"entryId":3498,"stageTimeMs":2017400,"stageTime":"PT33M37.4S","penaltyTimeMs":0,"penaltyTime":"PT0S","totalTimeMs":2017400,"totalTime":"PT33M37.4S","position":37,"diffFirstMs":424400,"diffFirst":"PT7M4.4S","diffPrevMs":13700,"diffPrev":"PT13.7S"},{"entryId":3503,"stageTimeMs":2018900,"stageTime":"PT33M38.9S","penaltyTimeMs":0,"penaltyTime":"PT0S","totalTimeMs":2018900,"totalTime":"PT33M38.9S","position":38,"diffFirstMs":425900,"diffFirst":"PT7M5.9S","diffPrevMs":1500,"diffPrev":"PT1.5S"},{"entryId":3472,"stageTimeMs":2028100,"stageTime":"PT33M48.1S","penaltyTimeMs":0,"penaltyTime":"PT0S","totalTimeMs":2028100,"totalTime":"PT33M48.1S","position":39,"diffFirstMs":435100,"diffFirst":"PT7M15.1S","diffPrevMs":9200,"diffPrev":"PT9.2S"},{"entryId":3461,"stageTimeMs":2037100,"stageTime":"PT33M57.1S","penaltyTimeMs":0,"penaltyTime":"PT0S","totalTimeMs":2037100,"totalTime":"PT33M57.1S","position":40,"diffFirstMs":444100,"diffFirst":"PT7M24.1S","diffPrevMs":9000,"diffPrev":"PT9S"},{"entryId":3474,"stageTimeMs":2045800,"stageTime":"PT34M5.8S","penaltyTimeMs":0,"penaltyTime":"PT0S","totalTimeMs":2045800,"totalTime":"PT34M5.8S","position":41,"diffFirstMs":452800,"diffFirst":"PT7M32.8S","diffPrevMs":8700,"diffPrev":"PT8.7S"},{"entryId":3493,"stageTimeMs":2048200,"stageTime":"PT34M8.2S","penaltyTimeMs":0,"penaltyTime":"PT0S","totalTimeMs":2048200,"totalTime":"PT34M8.2S","position":42,"diffFirstMs":455200,"diffFirst":"PT7M35.2S","diffPrevMs":2400,"diffPrev":"PT2.4S"},{"entryId":3513,"stageTimeMs":2057900,"stageTime":"PT34M17.9S","penaltyTimeMs":0,"penaltyTime":"PT0S","totalTimeMs":2057900,"totalTime":"PT34M17.9S","position":43,"diffFirstMs":464900,"diffFirst":"PT7M44.9S","diffPrevMs":9700,"diffPrev":"PT9.7S"},{"entryId":3471,"stageTimeMs":2059800,"stageTime":"PT34M19.8S","penaltyTimeMs":0,"penaltyTime":"PT0S","totalTimeMs":2059800,"totalTime":"PT34M19.8S","position":44,"diffFirstMs":466800,"diffFirst":"PT7M46.8S","diffPrevMs":1900,"diffPrev":"PT1.9S"},{"entryId":3482,"stageTimeMs":2064100,"stageTime":"PT34M24.1S","penaltyTimeMs":0,"penaltyTime":"PT0S","totalTimeMs":2064100,"totalTime":"PT34M24.1S","position":45,"diffFirstMs":471100,"diffFirst":"PT7M51.1S","diffPrevMs":4300,"diffPrev":"PT4.3S"},{"entryId":3514,"stageTimeMs":2071600,"stageTime":"PT34M31.6S","penaltyTimeMs":0,"penaltyTime":"PT0S","totalTimeMs":2071600,"totalTime":"PT34M31.6S","position":46,"diffFirstMs":478600,"diffFirst":"PT7M58.6S","diffPrevMs":7500,"diffPrev":"PT7.5S"},{"entryId":3519,"stageTimeMs":2074800,"stageTime":"PT34M34.8S","penaltyTimeMs":0,"penaltyTime":"PT0S","totalTimeMs":2074800,"totalTime":"PT34M34.8S","position":47,"diffFirstMs":481800,"diffFirst":"PT8M1.8S","diffPrevMs":3200,"diffPrev":"PT3.2S"},{"entryId":3508,"stageTimeMs":2087900,"stageTime":"PT34M47.9S","penaltyTimeMs":0,"penaltyTime":"PT0S","totalTimeMs":2087900,"totalTime":"PT34M47.9S","position":48,"diffFirstMs":494900,"diffFirst":"PT8M14.9S","diffPrevMs":13100,"diffPrev":"PT13.1S"},{"entryId":3475,"stageTimeMs":2088400,"stageTime":"PT34M48.4S","penaltyTimeMs":0,"penaltyTime":"PT0S","totalTimeMs":2088400,"totalTime":"PT34M48.4S","position":49,"diffFirstMs":495400,"diffFirst":"PT8M15.4S","diffPrevMs":500,"diffPrev":"PT0.5S"},{"entryId":3488,"stageTimeMs":2112100,"stageTime":"PT35M12.1S","penaltyTimeMs":0,"penaltyTime":"PT0S","totalTimeMs":2112100,"totalTime":"PT35M12.1S","position":50,"diffFirstMs":519100,"diffFirst":"PT8M39.1S","diffPrevMs":23700,"diffPrev":"PT23.7S"},{"entryId":3492,"stageTimeMs":2121800,"stageTime":"PT35M21.8S","penaltyTimeMs":0,"penaltyTime":"PT0S","totalTimeMs":2121800,"totalTime":"PT35M21.8S","position":51,"diffFirstMs":528800,"diffFirst":"PT8M48.8S","diffPrevMs":9700,"diffPrev":"PT9.7S"},{"entryId":3505,"stageTimeMs":2125200,"stageTime":"PT35M25.2S","penaltyTimeMs":0,"penaltyTime":"PT0S","totalTimeMs":2125200,"totalTime":"PT35M25.2S","position":52,"diffFirstMs":532200,"diffFirst":"PT8M52.2S","diffPrevMs":3400,"diffPrev":"PT3.4S"},{"entryId":3521,"stageTimeMs":2130800,"stageTime":"PT35M30.8S","penaltyTimeMs":0,"penaltyTime":"PT0S","totalTimeMs":2130800,"totalTime":"PT35M30.8S","position":53,"diffFirstMs":537800,"diffFirst":"PT8M57.8S","diffPrevMs":5600,"diffPrev":"PT5.6S"},{"entryId":3463,"stageTimeMs":2134600,"stageTime":"PT35M34.6S","penaltyTimeMs":0,"penaltyTime":"PT0S","totalTimeMs":2134600,"totalTime":"PT35M34.6S","position":54,"diffFirstMs":541600,"diffFirst":"PT9M1.6S","diffPrevMs":3800,"diffPrev":"PT3.8S"},{"entryId":3516,"stageTimeMs":2137000,"stageTime":"PT35M37S","penaltyTimeMs":0,"penaltyTime":"PT0S","totalTimeMs":2137000,"totalTime":"PT35M37S","position":55,"diffFirstMs":544000,"diffFirst":"PT9M4S","diffPrevMs":2400,"diffPrev":"PT2.4S"},{"entryId":3512,"stageTimeMs":2184100,"stageTime":"PT36M24.1S","penaltyTimeMs":0,"penaltyTime":"PT0S","totalTimeMs":2184100,"totalTime":"PT36M24.1S","position":56,"diffFirstMs":591100,"diffFirst":"PT9M51.1S","diffPrevMs":47100,"diffPrev":"PT47.1S"},{"entryId":3524,"stageTimeMs":2187100,"stageTime":"PT36M27.1S","penaltyTimeMs":0,"penaltyTime":"PT0S","totalTimeMs":2187100,"totalTime":"PT36M27.1S","position":57,"diffFirstMs":594100,"diffFirst":"PT9M54.1S","diffPrevMs":3000,"diffPrev":"PT3S"},{"entryId":3499,"stageTimeMs":2191100,"stageTime":"PT36M31.1S","penaltyTimeMs":0,"penaltyTime":"PT0S","totalTimeMs":2191100,"totalTime":"PT36M31.1S","position":58,"diffFirstMs":598100,"diffFirst":"PT9M58.1S","diffPrevMs":4000,"diffPrev":"PT4S"},{"entryId":3501,"stageTimeMs":2212700,"stageTime":"PT36M52.7S","penaltyTimeMs":0,"penaltyTime":"PT0S","totalTimeMs":2212700,"totalTime":"PT36M52.7S","position":59,"diffFirstMs":619700,"diffFirst":"PT10M19.7S","diffPrevMs":21600,"diffPrev":"PT21.6S"},{"entryId":3473,"stageTimeMs":2215900,"stageTime":"PT36M55.9S","penaltyTimeMs":0,"penaltyTime":"PT0S","totalTimeMs":2215900,"totalTime":"PT36M55.9S","position":60,"diffFirstMs":622900,"diffFirst":"PT10M22.9S","diffPrevMs":3200,"diffPrev":"PT3.2S"},{"entryId":3510,"stageTimeMs":2227500,"stageTime":"PT37M7.5S","penaltyTimeMs":0,"penaltyTime":"PT0S","totalTimeMs":2227500,"totalTime":"PT37M7.5S","position":61,"diffFirstMs":634500,"diffFirst":"PT10M34.5S","diffPrevMs":11600,"diffPrev":"PT11.6S"},{"entryId":3487,"stageTimeMs":2231900,"stageTime":"PT37M11.9S","penaltyTimeMs":0,"penaltyTime":"PT0S","totalTimeMs":2231900,"totalTime":"PT37M11.9S","position":62,"diffFirstMs":638900,"diffFirst":"PT10M38.9S","diffPrevMs":4400,"diffPrev":"PT4.4S"},{"entryId":3502,"stageTimeMs":2234800,"stageTime":"PT37M14.8S","penaltyTimeMs":0,"penaltyTime":"PT0S","totalTimeMs":2234800,"totalTime":"PT37M14.8S","position":63,"diffFirstMs":641800,"diffFirst":"PT10M41.8S","diffPrevMs":2900,"diffPrev":"PT2.9S"},{"entryId":3515,"stageTimeMs":2242000,"stageTime":"PT37M22S","penaltyTimeMs":0,"penaltyTime":"PT0S","totalTimeMs":2242000,"totalTime":"PT37M22S","position":64,"diffFirstMs":649000,"diffFirst":"PT10M49S","diffPrevMs":7200,"diffPrev":"PT7.2S"},{"entryId":3525,"stageTimeMs":2266200,"stageTime":"PT37M46.2S","penaltyTimeMs":0,"penaltyTime":"PT0S","totalTimeMs":2266200,"totalTime":"PT37M46.2S","position":65,"diffFirstMs":673200,"diffFirst":"PT11M13.2S","diffPrevMs":24200,"diffPrev":"PT24.2S"},{"entryId":3518,"stageTimeMs":2288900,"stageTime":"PT38M8.9S","penaltyTimeMs":0,"penaltyTime":"PT0S","totalTimeMs":2288900,"totalTime":"PT38M8.9S","position":66,"diffFirstMs":695900,"diffFirst":"PT11M35.9S","diffPrevMs":22700,"diffPrev":"PT22.7S"},{"entryId":3509,"stageTimeMs":2290400,"stageTime":"PT38M10.4S","penaltyTimeMs":0,"penaltyTime":"PT0S","totalTimeMs":2290400,"totalTime":"PT38M10.4S","position":67,"diffFirstMs":697400,"diffFirst":"PT11M37.4S","diffPrevMs":1500,"diffPrev":"PT1.5S"},{"entryId":3494,"stageTimeMs":2309100,"stageTime":"PT38M29.1S","penaltyTimeMs":0,"penaltyTime":"PT0S","totalTimeMs":2309100,"totalTime":"PT38M29.1S","position":68,"diffFirstMs":716100,"diffFirst":"PT11M56.1S","diffPrevMs":18700,"diffPrev":"PT18.7S"},{"entryId":3504,"stageTimeMs":2319800,"stageTime":"PT38M39.8S","penaltyTimeMs":0,"penaltyTime":"PT0S","totalTimeMs":2319800,"totalTime":"PT38M39.8S","position":69,"diffFirstMs":726800,"diffFirst":"PT12M6.8S","diffPrevMs":10700,"diffPrev":"PT10.7S"},{"entryId":3495,"stageTimeMs":2335500,"stageTime":"PT38M55.5S","penaltyTimeMs":0,"penaltyTime":"PT0S","totalTimeMs":2335500,"totalTime":"PT38M55.5S","position":70,"diffFirstMs":742500,"diffFirst":"PT12M22.5S","diffPrevMs":15700,"diffPrev":"PT15.7S"},{"entryId":3491,"stageTimeMs":2343900,"stageTime":"PT39M3.9S","penaltyTimeMs":0,"penaltyTime":"PT0S","totalTimeMs":2343900,"totalTime":"PT39M3.9S","position":71,"diffFirstMs":750900,"diffFirst":"PT12M30.9S","diffPrevMs":8400,"diffPrev":"PT8.4S"},{"entryId":3464,"stageTimeMs":2352000,"stageTime":"PT39M12S","penaltyTimeMs":0,"penaltyTime":"PT0S","totalTimeMs":2352000,"totalTime":"PT39M12S","position":72,"diffFirstMs":759000,"diffFirst":"PT12M39S","diffPrevMs":8100,"diffPrev":"PT8.1S"},{"entryId":3511,"stageTimeMs":2368800,"stageTime":"PT39M28.8S","penaltyTimeMs":0,"penaltyTime":"PT0S","totalTimeMs":2368800,"totalTime":"PT39M28.8S","position":73,"diffFirstMs":775800,"diffFirst":"PT12M55.8S","diffPrevMs":16800,"diffPrev":"PT16.8S"},{"entryId":3449,"stageTimeMs":2420500,"stageTime":"PT40M20.5S","penaltyTimeMs":0,"penaltyTime":"PT0S","totalTimeMs":2420500,"totalTime":"PT40M20.5S","position":74,"diffFirstMs":827500,"diffFirst":"PT13M47.5S","diffPrevMs":51700,"diffPrev":"PT51.7S"},{"entryId":3485,"stageTimeMs":2426700,"stageTime":"PT40M26.7S","penaltyTimeMs":0,"penaltyTime":"PT0S","totalTimeMs":2426700,"totalTime":"PT40M26.7S","position":75,"diffFirstMs":833700,"diffFirst":"PT13M53.7S","diffPrevMs":6200,"diffPrev":"PT6.2S"},{"entryId":3490,"stageTimeMs":2432300,"stageTime":"PT40M32.3S","penaltyTimeMs":0,"penaltyTime":"PT0S","totalTimeMs":2432300,"totalTime":"PT40M32.3S","position":76,"diffFirstMs":839300,"diffFirst":"PT13M59.3S","diffPrevMs":5600,"diffPrev":"PT5.6S"},{"entryId":3523,"stageTimeMs":2433400,"stageTime":"PT40M33.4S","penaltyTimeMs":0,"penaltyTime":"PT0S","totalTimeMs":2433400,"totalTime":"PT40M33.4S","position":77,"diffFirstMs":840400,"diffFirst":"PT14M0.4S","diffPrevMs":1100,"diffPrev":"PT1.1S"},{"entryId":3489,"stageTimeMs":2440300,"stageTime":"PT40M40.3S","penaltyTimeMs":0,"penaltyTime":"PT0S","totalTimeMs":2440300,"totalTime":"PT40M40.3S","position":78,"diffFirstMs":847300,"diffFirst":"PT14M7.3S","diffPrevMs":6900,"diffPrev":"PT6.9S"},{"entryId":3455,"stageTimeMs":2469800,"stageTime":"PT41M9.8S","penaltyTimeMs":0,"penaltyTime":"PT0S","totalTimeMs":2469800,"totalTime":"PT41M9.8S","position":79,"diffFirstMs":876800,"diffFirst":"PT14M36.8S","diffPrevMs":29500,"diffPrev":"PT29.5S"},{"entryId":3517,"stageTimeMs":2481100,"stageTime":"PT41M21.1S","penaltyTimeMs":0,"penaltyTime":"PT0S","totalTimeMs":2481100,"totalTime":"PT41M21.1S","position":80,"diffFirstMs":888100,"diffFirst":"PT14M48.1S","diffPrevMs":11300,"diffPrev":"PT11.3S"},{"entryId":3465,"stageTimeMs":2540800,"stageTime":"PT42M20.8S","penaltyTimeMs":0,"penaltyTime":"PT0S","totalTimeMs":2540800,"totalTime":"PT42M20.8S","position":81,"diffFirstMs":947800,"diffFirst":"PT15M47.8S","diffPrevMs":59700,"diffPrev":"PT59.7S"},{"entryId":3476,"stageTimeMs":2545600,"stageTime":"PT42M25.6S","penaltyTimeMs":0,"penaltyTime":"PT0S","totalTimeMs":2545600,"totalTime":"PT42M25.6S","position":82,"diffFirstMs":952600,"diffFirst":"PT15M52.6S","diffPrevMs":4800,"diffPrev":"PT4.8S"},{"entryId":3507,"stageTimeMs":2580800,"stageTime":"PT43M0.8S","penaltyTimeMs":0,"penaltyTime":"PT0S","totalTimeMs":2580800,"totalTime":"PT43M0.8S","position":83,"diffFirstMs":987800,"diffFirst":"PT16M27.8S","diffPrevMs":35200,"diffPrev":"PT35.2S"},{"entryId":3522,"stageTimeMs":2970800,"stageTime":"PT49M30.8S","penaltyTimeMs":0,"penaltyTime":"PT0S","totalTimeMs":2970800,"totalTime":"PT49M30.8S","position":84,"diffFirstMs":1377800,"diffFirst":"PT22M57.8S","diffPrevMs":390000,"diffPrev":"PT6M30S"}]