[{"startDateTime":"2019-08-04T08:03:00","startDateTimeLocal":"2019-08-04T11:03:00+03:00","stageTimeDurationMs":329500,"stageTimeDuration":"00:05:29.5000000","splitPointTimeId":86943,"splitPointId":2612,"entryId":20054,"elapsedDurationMs":231300,"elapsedDuration":"PT3M51.3S","splitDateTime":"2019-08-04T08:06:51.3","splitDateTimeLocal":"2019-08-04T11:06:51.3+03:00"},{"startDateTime":"2019-08-04T08:05:00","startDateTimeLocal":"2019-08-04T11:05:00+03:00","stageTimeDurationMs":328700,"stageTimeDuration":"00:05:28.7000000","splitPointTimeId":86948,"splitPointId":2612,"entryId":20059,"elapsedDurationMs":231300,"elapsedDuration":"PT3M51.3S","splitDateTime":"2019-08-04T08:08:51.3","splitDateTimeLocal":"2019-08-04T11:08:51.3+03:00"},{"startDateTime":"2019-08-04T08:09:00","startDateTimeLocal":"2019-08-04T11:09:00+03:00","stageTimeDurationMs":330700,"stageTimeDuration":"00:05:30.7000000","splitPointTimeId":86953,"splitPointId":2612,"entryId":20063,"elapsedDurationMs":232800,"elapsedDuration":"PT3M52.8S","splitDateTime":"2019-08-04T08:12:52.8","splitDateTimeLocal":"2019-08-04T11:12:52.8+03:00"},{"startDateTime":"2019-08-04T08:11:00","startDateTimeLocal":"2019-08-04T11:11:00+03:00","stageTimeDurationMs":323600,"stageTimeDuration":"00:05:23.6000000","splitPointTimeId":86955,"splitPointId":2612,"entryId":20053,"elapsedDurationMs":228100,"elapsedDuration":"PT3M48.1S","splitDateTime":"2019-08-04T08:14:48.1","splitDateTimeLocal":"2019-08-04T11:14:48.1+03:00"},{"startDateTime":"2019-08-04T08:13:00","startDateTimeLocal":"2019-08-04T11:13:00+03:00","stageTimeDurationMs":323100,"stageTimeDuration":"00:05:23.1000000","splitPointTimeId":86957,"splitPointId":2612,"entryId":20064,"elapsedDurationMs":226900,"elapsedDuration":"PT3M46.9S","splitDateTime":"2019-08-04T08:16:46.9","splitDateTimeLocal":"2019-08-04T11:16:46.9+03:00"},{"startDateTime":"2019-08-04T08:15:00","startDateTimeLocal":"2019-08-04T11:15:00+03:00","stageTimeDurationMs":324800,"stageTimeDuration":"00:05:24.8000000","splitPointTimeId":86959,"splitPointId":2612,"entryId":20058,"elapsedDurationMs":228900,"elapsedDuration":"PT3M48.9S","splitDateTime":"2019-08-04T08:18:48.9","splitDateTimeLocal":"2019-08-04T11:18:48.9+03:00"},{"startDateTime":"2019-08-04T08:17:00","startDateTimeLocal":"2019-08-04T11:17:00+03:00","stageTimeDurationMs":323500,"stageTimeDuration":"00:05:23.5000000","splitPointTimeId":86961,"splitPointId":2612,"entryId":20055,"elapsedDurationMs":227700,"elapsedDuration":"PT3M47.7S","splitDateTime":"2019-08-04T08:20:47.7","splitDateTimeLocal":"2019-08-04T11:20:47.7+03:00"},{"startDateTime":"2019-08-04T08:19:00","startDateTimeLocal":"2019-08-04T11:19:00+03:00","stageTimeDurationMs":324400,"stageTimeDuration":"00:05:24.4000000","splitPointTimeId":86963,"splitPointId":2612,"entryId":20057,"elapsedDurationMs":228400,"elapsedDuration":"PT3M48.4S","splitDateTime":"2019-08-04T08:22:48.4","splitDateTimeLocal":"2019-08-04T11:22:48.4+03:00"},{"startDateTime":"2019-08-04T08:21:00","startDateTimeLocal":"2019-08-04T11:21:00+03:00","stageTimeDurationMs":342400,"stageTimeDuration":"00:05:42.4000000","splitPointTimeId":86965,"splitPointId":2612,"entryId":20065,"elapsedDurationMs":241700,"elapsedDuration":"PT4M1.7S","splitDateTime":"2019-08-04T08:25:01.7","splitDateTimeLocal":"2019-08-04T11:25:01.7+03:00"},{"startDateTime":"2019-08-04T08:23:00","startDateTimeLocal":"2019-08-04T11:23:00+03:00","stageTimeDurationMs":348300,"stageTimeDuration":"00:05:48.3000000","splitPointTimeId":86967,"splitPointId":2612,"entryId":20067,"elapsedDurationMs":246400,"elapsedDuration":"PT4M6.4S","splitDateTime":"2019-08-04T08:27:06.4","splitDateTimeLocal":"2019-08-04T11:27:06.4+03:00"},{"startDateTime":"2019-08-04T08:25:00","startDateTimeLocal":"2019-08-04T11:25:00+03:00","stageTimeDurationMs":341500,"stageTimeDuration":"00:05:41.5000000","splitPointTimeId":86969,"splitPointId":2612,"entryId":20070,"elapsedDurationMs":241200,"elapsedDuration":"PT4M1.2S","splitDateTime":"2019-08-04T08:29:01.2","splitDateTimeLocal":"2019-08-04T11:29:01.2+03:00"},{"startDateTime":"2019-08-04T08:27:00","startDateTimeLocal":"2019-08-04T11:27:00+03:00","stageTimeDurationMs":343100,"stageTimeDuration":"00:05:43.1000000","splitPointTimeId":86971,"splitPointId":2612,"entryId":20075,"elapsedDurationMs":242400,"elapsedDuration":"PT4M2.4S","splitDateTime":"2019-08-04T08:31:02.4","splitDateTimeLocal":"2019-08-04T11:31:02.4+03:00"},{"startDateTime":"2019-08-04T08:29:00","startDateTimeLocal":"2019-08-04T11:29:00+03:00","stageTimeDurationMs":342500,"stageTimeDuration":"00:05:42.5000000","splitPointTimeId":86973,"splitPointId":2612,"entryId":20074,"elapsedDurationMs":242700,"elapsedDuration":"PT4M2.7S","splitDateTime":"2019-08-04T08:33:02.7","splitDateTimeLocal":"2019-08-04T11:33:02.7+03:00"},{"startDateTime":"2019-08-04T08:31:00","startDateTimeLocal":"2019-08-04T11:31:00+03:00","stageTimeDurationMs":350700,"stageTimeDuration":"00:05:50.7000000","splitPointTimeId":86975,"splitPointId":2612,"entryId":20068,"elapsedDurationMs":248000,"elapsedDuration":"PT4M8S","splitDateTime":"2019-08-04T08:35:08","splitDateTimeLocal":"2019-08-04T11:35:08+03:00"},{"startDateTime":"2019-08-04T08:33:00","startDateTimeLocal":"2019-08-04T11:33:00+03:00","stageTimeDurationMs":356500,"stageTimeDuration":"00:05:56.5000000","splitPointTimeId":86977,"splitPointId":2612,"entryId":20071,"elapsedDurationMs":252100,"elapsedDuration":"PT4M12.1S","splitDateTime":"2019-08-04T08:37:12.1","splitDateTimeLocal":"2019-08-04T11:37:12.1+03:00"},{"startDateTime":"2019-08-04T08:35:00","startDateTimeLocal":"2019-08-04T11:35:00+03:00","stageTimeDurationMs":340800,"stageTimeDuration":"00:05:40.8000000","splitPointTimeId":86980,"splitPointId":2612,"entryId":20073,"elapsedDurationMs":241300,"elapsedDuration":"PT4M1.3S","splitDateTime":"2019-08-04T08:39:01.3","splitDateTimeLocal":"2019-08-04T11:39:01.3+03:00"},{"startDateTime":"2019-08-04T08:36:00","startDateTimeLocal":"2019-08-04T11:36:00+03:00","stageTimeDurationMs":346300,"stageTimeDuration":"00:05:46.3000000","splitPointTimeId":86981,"splitPointId":2612,"entryId":20092,"elapsedDurationMs":245500,"elapsedDuration":"PT4M5.5S","splitDateTime":"2019-08-04T08:40:05.5","splitDateTimeLocal":"2019-08-04T11:40:05.5+03:00"},{"startDateTime":"2019-08-04T08:37:00","startDateTimeLocal":"2019-08-04T11:37:00+03:00","stageTimeDurationMs":349700,"stageTimeDuration":"00:05:49.7000000","splitPointTimeId":86984,"splitPointId":2612,"entryId":20096,"elapsedDurationMs":247800,"elapsedDuration":"PT4M7.8S","splitDateTime":"2019-08-04T08:41:07.8","splitDateTimeLocal":"2019-08-04T11:41:07.8+03:00"},{"startDateTime":"2019-08-04T08:38:00","startDateTimeLocal":"2019-08-04T11:38:00+03:00","stageTimeDurationMs":374100,"stageTimeDuration":"00:06:14.1000000","splitPointTimeId":86986,"splitPointId":2612,"entryId":20079,"elapsedDurationMs":264200,"elapsedDuration":"PT4M24.2S","splitDateTime":"2019-08-04T08:42:24.2","splitDateTimeLocal":"2019-08-04T11:42:24.2+03:00"},{"startDateTime":"2019-08-04T08:39:00","startDateTimeLocal":"2019-08-04T11:39:00+03:00","stageTimeDurationMs":383000,"stageTimeDuration":"00:06:23","splitPointTimeId":86988,"splitPointId":2612,"entryId":20078,"elapsedDurationMs":272000,"elapsedDuration":"PT4M32S","splitDateTime":"2019-08-04T08:43:32","splitDateTimeLocal":"2019-08-04T11:43:32+03:00"},{"startDateTime":"2019-08-04T08:40:00","startDateTimeLocal":"2019-08-04T11:40:00+03:00","stageTimeDurationMs":387300,"stageTimeDuration":"00:06:27.3000000","splitPointTimeId":86990,"splitPointId":2612,"entryId":20082,"elapsedDurationMs":275000,"elapsedDuration":"PT4M35S","splitDateTime":"2019-08-04T08:44:35","splitDateTimeLocal":"2019-08-04T11:44:35+03:00"},{"startDateTime":"2019-08-04T08:41:00","startDateTimeLocal":"2019-08-04T11:41:00+03:00","stageTimeDurationMs":355600,"stageTimeDuration":"00:05:55.6000000","splitPointTimeId":86992,"splitPointId":2612,"entryId":20077,"elapsedDurationMs":253000,"elapsedDuration":"PT4M13S","splitDateTime":"2019-08-04T08:45:13","splitDateTimeLocal":"2019-08-04T11:45:13+03:00"},{"startDateTime":"2019-08-04T08:42:00","startDateTimeLocal":"2019-08-04T11:42:00+03:00","stageTimeDurationMs":384200,"stageTimeDuration":"00:06:24.2000000","splitPointTimeId":86994,"splitPointId":2612,"entryId":20099,"elapsedDurationMs":271800,"elapsedDuration":"PT4M31.8S","splitDateTime":"2019-08-04T08:46:31.8","splitDateTimeLocal":"2019-08-04T11:46:31.8+03:00"},{"startDateTime":"2019-08-04T08:43:00","startDateTimeLocal":"2019-08-04T11:43:00+03:00","stageTimeDurationMs":377400,"stageTimeDuration":"00:06:17.4000000","splitPointTimeId":86995,"splitPointId":2612,"entryId":20091,"elapsedDurationMs":267600,"elapsedDuration":"PT4M27.6S","splitDateTime":"2019-08-04T08:47:27.6","splitDateTimeLocal":"2019-08-04T11:47:27.6+03:00"},{"startDateTime":"2019-08-04T08:45:00","startDateTimeLocal":"2019-08-04T11:45:00+03:00","stageTimeDurationMs":371900,"stageTimeDuration":"00:06:11.9000000","splitPointTimeId":87000,"splitPointId":2612,"entryId":20060,"elapsedDurationMs":265000,"elapsedDuration":"PT4M25S","splitDateTime":"2019-08-04T08:49:25","splitDateTimeLocal":"2019-08-04T11:49:25+03:00"},{"startDateTime":"2019-08-04T08:46:00","startDateTimeLocal":"2019-08-04T11:46:00+03:00","stageTimeDurationMs":387700,"stageTimeDuration":"00:06:27.7000000","splitPointTimeId":87001,"splitPointId":2612,"entryId":20107,"elapsedDurationMs":274700,"elapsedDuration":"PT4M34.7S","splitDateTime":"2019-08-04T08:50:34.7","splitDateTimeLocal":"2019-08-04T11:50:34.7+03:00"},{"startDateTime":"2019-08-04T08:47:00","startDateTimeLocal":"2019-08-04T11:47:00+03:00","stageTimeDurationMs":384400,"stageTimeDuration":"00:06:24.4000000","splitPointTimeId":87003,"splitPointId":2612,"entryId":20109,"elapsedDurationMs":273000,"elapsedDuration":"PT4M33S","splitDateTime":"2019-08-04T08:51:33","splitDateTimeLocal":"2019-08-04T11:51:33+03:00"},{"startDateTime":"2019-08-04T08:48:00","startDateTimeLocal":"2019-08-04T11:48:00+03:00","stageTimeDurationMs":376000,"stageTimeDuration":"00:06:16","splitPointTimeId":87005,"splitPointId":2612,"entryId":20106,"elapsedDurationMs":267800,"elapsedDuration":"PT4M27.8S","splitDateTime":"2019-08-04T08:52:27.8","splitDateTimeLocal":"2019-08-04T11:52:27.8+03:00"},{"startDateTime":"2019-08-04T08:49:00","startDateTimeLocal":"2019-08-04T11:49:00+03:00","stageTimeDurationMs":375000,"stageTimeDuration":"00:06:15","splitPointTimeId":87007,"splitPointId":2612,"entryId":20104,"elapsedDurationMs":264600,"elapsedDuration":"PT4M24.6S","splitDateTime":"2019-08-04T08:53:24.6","splitDateTimeLocal":"2019-08-04T11:53:24.6+03:00"},{"startDateTime":"2019-08-04T08:50:00","startDateTimeLocal":"2019-08-04T11:50:00+03:00","stageTimeDurationMs":375900,"stageTimeDuration":"00:06:15.9000000","splitPointTimeId":87009,"splitPointId":2612,"entryId":20084,"elapsedDurationMs":266100,"elapsedDuration":"PT4M26.1S","splitDateTime":"2019-08-04T08:54:26.1","splitDateTimeLocal":"2019-08-04T11:54:26.1+03:00"},{"startDateTime":"2019-08-04T08:51:00","startDateTimeLocal":"2019-08-04T11:51:00+03:00","stageTimeDurationMs":402000,"stageTimeDuration":"00:06:42","splitPointTimeId":87011,"splitPointId":2612,"entryId":20087,"elapsedDurationMs":270700,"elapsedDuration":"PT4M30.7S","splitDateTime":"2019-08-04T08:55:30.7","splitDateTimeLocal":"2019-08-04T11:55:30.7+03:00"},{"startDateTime":"2019-08-04T08:52:00","startDateTimeLocal":"2019-08-04T11:52:00+03:00","stageTimeDurationMs":390300,"stageTimeDuration":"00:06:30.3000000","splitPointTimeId":87013,"splitPointId":2612,"entryId":20083,"elapsedDurationMs":277400,"elapsedDuration":"PT4M37.4S","splitDateTime":"2019-08-04T08:56:37.4","splitDateTimeLocal":"2019-08-04T11:56:37.4+03:00"},{"startDateTime":"2019-08-04T08:53:00","startDateTimeLocal":"2019-08-04T11:53:00+03:00","stageTimeDurationMs":382100,"stageTimeDuration":"00:06:22.1000000","splitPointTimeId":87015,"splitPointId":2612,"entryId":20088,"elapsedDurationMs":271300,"elapsedDuration":"PT4M31.3S","splitDateTime":"2019-08-04T08:57:31.3","splitDateTimeLocal":"2019-08-04T11:57:31.3+03:00"},{"startDateTime":"2019-08-04T08:54:00","startDateTimeLocal":"2019-08-04T11:54:00+03:00","stageTimeDurationMs":396500,"stageTimeDuration":"00:06:36.5000000","splitPointTimeId":87017,"splitPointId":2612,"entryId":20112,"elapsedDurationMs":282200,"elapsedDuration":"PT4M42.2S","splitDateTime":"2019-08-04T08:58:42.2","splitDateTimeLocal":"2019-08-04T11:58:42.2+03:00"},{"startDateTime":"2019-08-04T08:55:00","startDateTimeLocal":"2019-08-04T11:55:00+03:00","stageTimeDurationMs":386000,"stageTimeDuration":"00:06:26","splitPointTimeId":87019,"splitPointId":2612,"entryId":20098,"elapsedDurationMs":274500,"elapsedDuration":"PT4M34.5S","splitDateTime":"2019-08-04T08:59:34.5","splitDateTimeLocal":"2019-08-04T11:59:34.5+03:00"},{"startDateTime":"2019-08-04T08:56:00","startDateTimeLocal":"2019-08-04T11:56:00+03:00","stageTimeDurationMs":407800,"stageTimeDuration":"00:06:47.8000000","splitPointTimeId":87021,"splitPointId":2612,"entryId":20105,"elapsedDurationMs":291700,"elapsedDuration":"PT4M51.7S","splitDateTime":"2019-08-04T09:00:51.7","splitDateTimeLocal":"2019-08-04T12:00:51.7+03:00"},{"startDateTime":"2019-08-04T08:57:00","startDateTimeLocal":"2019-08-04T11:57:00+03:00","stageTimeDurationMs":400000,"stageTimeDuration":"00:06:40","splitPointTimeId":87023,"splitPointId":2612,"entryId":20086,"elapsedDurationMs":282400,"elapsedDuration":"PT4M42.4S","splitDateTime":"2019-08-04T09:01:42.4","splitDateTimeLocal":"2019-08-04T12:01:42.4+03:00"},{"startDateTime":"2019-08-04T08:58:00","startDateTimeLocal":"2019-08-04T11:58:00+03:00","stageTimeDurationMs":394100,"stageTimeDuration":"00:06:34.1000000","splitPointTimeId":87025,"splitPointId":2612,"entryId":20100,"elapsedDurationMs":281900,"elapsedDuration":"PT4M41.9S","splitDateTime":"2019-08-04T09:02:41.9","splitDateTimeLocal":"2019-08-04T12:02:41.9+03:00"},{"startDateTime":"2019-08-04T08:59:00","startDateTimeLocal":"2019-08-04T11:59:00+03:00","stageTimeDurationMs":439300,"stageTimeDuration":"00:07:19.3000000","splitPointTimeId":87028,"splitPointId":2612,"entryId":20113,"elapsedDurationMs":313700,"elapsedDuration":"PT5M13.7S","splitDateTime":"2019-08-04T09:04:13.7","splitDateTimeLocal":"2019-08-04T12:04:13.7+03:00"},{"startDateTime":"2019-08-04T09:00:00","startDateTimeLocal":"2019-08-04T12:00:00+03:00","stageTimeDurationMs":444000,"stageTimeDuration":"00:07:24","splitPointTimeId":87030,"splitPointId":2612,"entryId":20110,"elapsedDurationMs":317200,"elapsedDuration":"PT5M17.2S","splitDateTime":"2019-08-04T09:05:17.2","splitDateTimeLocal":"2019-08-04T12:05:17.2+03:00"},{"startDateTime":"2019-08-04T09:01:00","startDateTimeLocal":"2019-08-04T12:01:00+03:00","stageTimeDurationMs":391300,"stageTimeDuration":"00:06:31.3000000","splitPointTimeId":87031,"splitPointId":2612,"entryId":20103,"elapsedDurationMs":278700,"elapsedDuration":"PT4M38.7S","splitDateTime":"2019-08-04T09:05:38.7","splitDateTimeLocal":"2019-08-04T12:05:38.7+03:00"},{"startDateTime":"2019-08-04T09:02:00","startDateTimeLocal":"2019-08-04T12:02:00+03:00","stageTimeDurationMs":408100,"stageTimeDuration":"00:06:48.1000000","splitPointTimeId":87033,"splitPointId":2612,"entryId":20089,"elapsedDurationMs":291300,"elapsedDuration":"PT4M51.3S","splitDateTime":"2019-08-04T09:06:51.3","splitDateTimeLocal":"2019-08-04T12:06:51.3+03:00"},{"startDateTime":"2019-08-04T09:03:00","startDateTimeLocal":"2019-08-04T12:03:00+03:00","stageTimeDurationMs":460700,"stageTimeDuration":"00:07:40.7000000","splitPointTimeId":87035,"splitPointId":2612,"entryId":20114,"elapsedDurationMs":328000,"elapsedDuration":"PT5M28S","splitDateTime":"2019-08-04T09:08:28","splitDateTimeLocal":"2019-08-04T12:08:28+03:00"},{"startDateTime":"2019-08-04T09:05:00","startDateTimeLocal":"2019-08-04T12:05:00+03:00","stageTimeDurationMs":407100,"stageTimeDuration":"00:06:47.1000000","splitPointTimeId":87037,"splitPointId":2612,"entryId":20111,"elapsedDurationMs":289400,"elapsedDuration":"PT4M49.4S","splitDateTime":"2019-08-04T09:09:49.4","splitDateTimeLocal":"2019-08-04T12:09:49.4+03:00"},{"startDateTime":"2019-08-04T09:06:00","startDateTimeLocal":"2019-08-04T12:06:00+03:00","stageTimeDurationMs":380100,"stageTimeDuration":"00:06:20.1000000","splitPointTimeId":87039,"splitPointId":2612,"entryId":20102,"elapsedDurationMs":270700,"elapsedDuration":"PT4M30.7S","splitDateTime":"2019-08-04T09:10:30.7","splitDateTimeLocal":"2019-08-04T12:10:30.7+03:00"},{"startDateTime":"2019-08-04T09:07:00","startDateTimeLocal":"2019-08-04T12:07:00+03:00","stageTimeDurationMs":428500,"stageTimeDuration":"00:07:08.5000000","splitPointTimeId":87041,"splitPointId":2612,"entryId":20101,"elapsedDurationMs":307300,"elapsedDuration":"PT5M7.3S","splitDateTime":"2019-08-04T09:12:07.3","splitDateTimeLocal":"2019-08-04T12:12:07.3+03:00"},{"startDateTime":"2019-08-04T09:08:00","startDateTimeLocal":"2019-08-04T12:08:00+03:00","stageTimeDurationMs":456800,"stageTimeDuration":"00:07:36.8000000","splitPointTimeId":87044,"splitPointId":2612,"entryId":20072,"elapsedDurationMs":328300,"elapsedDuration":"PT5M28.3S","splitDateTime":"2019-08-04T09:13:28.3","splitDateTimeLocal":"2019-08-04T12:13:28.3+03:00"},{"startDateTime":"2019-08-04T09:09:00","startDateTimeLocal":"2019-08-04T12:09:00+03:00","stageTimeDurationMs":469600,"stageTimeDuration":"00:07:49.6000000","splitPointTimeId":87045,"splitPointId":2612,"entryId":20115,"elapsedDurationMs":334600,"elapsedDuration":"PT5M34.6S","splitDateTime":"2019-08-04T09:14:34.6","splitDateTimeLocal":"2019-08-04T12:14:34.6+03:00"},{"startDateTime":"2019-08-04T09:10:00","startDateTimeLocal":"2019-08-04T12:10:00+03:00","stageTimeDurationMs":482600,"stageTimeDuration":"00:08:02.6000000","splitPointTimeId":87046,"splitPointId":2612,"entryId":20116,"elapsedDurationMs":345700,"elapsedDuration":"PT5M45.7S","splitDateTime":"2019-08-04T09:15:45.7","splitDateTimeLocal":"2019-08-04T12:15:45.7+03:00"},{"startDateTime":"2019-08-04T08:03:00","startDateTimeLocal":"2019-08-04T11:03:00+03:00","stageTimeDurationMs":329500,"stageTimeDuration":"00:05:29.5000000","splitPointTimeId":86938,"splitPointId":2613,"entryId":20054,"elapsedDurationMs":146800,"elapsedDuration":"PT2M26.8S","splitDateTime":"2019-08-04T08:05:26.8","splitDateTimeLocal":"2019-08-04T11:05:26.8+03:00"},{"startDateTime":"2019-08-04T08:05:00","startDateTimeLocal":"2019-08-04T11:05:00+03:00","stageTimeDurationMs":328700,"stageTimeDuration":"00:05:28.7000000","splitPointTimeId":86944,"splitPointId":2613,"entryId":20059,"elapsedDurationMs":147000,"elapsedDuration":"PT2M27S","splitDateTime":"2019-08-04T08:07:27","splitDateTimeLocal":"2019-08-04T11:07:27+03:00"},{"startDateTime":"2019-08-04T08:09:00","startDateTimeLocal":"2019-08-04T11:09:00+03:00","stageTimeDurationMs":330700,"stageTimeDuration":"00:05:30.7000000","splitPointTimeId":86952,"splitPointId":2613,"entryId":20063,"elapsedDurationMs":148800,"elapsedDuration":"PT2M28.8S","splitDateTime":"2019-08-04T08:11:28.8","splitDateTimeLocal":"2019-08-04T11:11:28.8+03:00"},{"startDateTime":"2019-08-04T08:11:00","startDateTimeLocal":"2019-08-04T11:11:00+03:00","stageTimeDurationMs":323600,"stageTimeDuration":"00:05:23.6000000","splitPointTimeId":86954,"splitPointId":2613,"entryId":20053,"elapsedDurationMs":144800,"elapsedDuration":"PT2M24.8S","splitDateTime":"2019-08-04T08:13:24.8","splitDateTimeLocal":"2019-08-04T11:13:24.8+03:00"},{"startDateTime":"2019-08-04T08:13:00","startDateTimeLocal":"2019-08-04T11:13:00+03:00","stageTimeDurationMs":323100,"stageTimeDuration":"00:05:23.1000000","splitPointTimeId":86956,"splitPointId":2613,"entryId":20064,"elapsedDurationMs":144200,"elapsedDuration":"PT2M24.2S","splitDateTime":"2019-08-04T08:15:24.2","splitDateTimeLocal":"2019-08-04T11:15:24.2+03:00"},{"startDateTime":"2019-08-04T08:15:00","startDateTimeLocal":"2019-08-04T11:15:00+03:00","stageTimeDurationMs":324800,"stageTimeDuration":"00:05:24.8000000","splitPointTimeId":86958,"splitPointId":2613,"entryId":20058,"elapsedDurationMs":146100,"elapsedDuration":"PT2M26.1S","splitDateTime":"2019-08-04T08:17:26.1","splitDateTimeLocal":"2019-08-04T11:17:26.1+03:00"},{"startDateTime":"2019-08-04T08:17:00","startDateTimeLocal":"2019-08-04T11:17:00+03:00","stageTimeDurationMs":323500,"stageTimeDuration":"00:05:23.5000000","splitPointTimeId":86960,"splitPointId":2613,"entryId":20055,"elapsedDurationMs":145000,"elapsedDuration":"PT2M25S","splitDateTime":"2019-08-04T08:19:25","splitDateTimeLocal":"2019-08-04T11:19:25+03:00"},{"startDateTime":"2019-08-04T08:19:00","startDateTimeLocal":"2019-08-04T11:19:00+03:00","stageTimeDurationMs":324400,"stageTimeDuration":"00:05:24.4000000","splitPointTimeId":86962,"splitPointId":2613,"entryId":20057,"elapsedDurationMs":145300,"elapsedDuration":"PT2M25.3S","splitDateTime":"2019-08-04T08:21:25.3","splitDateTimeLocal":"2019-08-04T11:21:25.3+03:00"},{"startDateTime":"2019-08-04T08:21:00","startDateTimeLocal":"2019-08-04T11:21:00+03:00","stageTimeDurationMs":342400,"stageTimeDuration":"00:05:42.4000000","splitPointTimeId":86964,"splitPointId":2613,"entryId":20065,"elapsedDurationMs":154600,"elapsedDuration":"PT2M34.6S","splitDateTime":"2019-08-04T08:23:34.6","splitDateTimeLocal":"2019-08-04T11:23:34.6+03:00"},{"startDateTime":"2019-08-04T08:23:00","startDateTimeLocal":"2019-08-04T11:23:00+03:00","stageTimeDurationMs":348300,"stageTimeDuration":"00:05:48.3000000","splitPointTimeId":86966,"splitPointId":2613,"entryId":20067,"elapsedDurationMs":158700,"elapsedDuration":"PT2M38.7S","splitDateTime":"2019-08-04T08:25:38.7","splitDateTimeLocal":"2019-08-04T11:25:38.7+03:00"},{"startDateTime":"2019-08-04T08:25:00","startDateTimeLocal":"2019-08-04T11:25:00+03:00","stageTimeDurationMs":341500,"stageTimeDuration":"00:05:41.5000000","splitPointTimeId":86968,"splitPointId":2613,"entryId":20070,"elapsedDurationMs":153500,"elapsedDuration":"PT2M33.5S","splitDateTime":"2019-08-04T08:27:33.5","splitDateTimeLocal":"2019-08-04T11:27:33.5+03:00"},{"startDateTime":"2019-08-04T08:27:00","startDateTimeLocal":"2019-08-04T11:27:00+03:00","stageTimeDurationMs":343100,"stageTimeDuration":"00:05:43.1000000","splitPointTimeId":86970,"splitPointId":2613,"entryId":20075,"elapsedDurationMs":155100,"elapsedDuration":"PT2M35.1S","splitDateTime":"2019-08-04T08:29:35.1","splitDateTimeLocal":"2019-08-04T11:29:35.1+03:00"},{"startDateTime":"2019-08-04T08:29:00","startDateTimeLocal":"2019-08-04T11:29:00+03:00","stageTimeDurationMs":342500,"stageTimeDuration":"00:05:42.5000000","splitPointTimeId":86972,"splitPointId":2613,"entryId":20074,"elapsedDurationMs":155100,"elapsedDuration":"PT2M35.1S","splitDateTime":"2019-08-04T08:31:35.1","splitDateTimeLocal":"2019-08-04T11:31:35.1+03:00"},{"startDateTime":"2019-08-04T08:31:00","startDateTimeLocal":"2019-08-04T11:31:00+03:00","stageTimeDurationMs":350700,"stageTimeDuration":"00:05:50.7000000","splitPointTimeId":86974,"splitPointId":2613,"entryId":20068,"elapsedDurationMs":158600,"elapsedDuration":"PT2M38.6S","splitDateTime":"2019-08-04T08:33:38.6","splitDateTimeLocal":"2019-08-04T11:33:38.6+03:00"},{"startDateTime":"2019-08-04T08:33:00","startDateTimeLocal":"2019-08-04T11:33:00+03:00","stageTimeDurationMs":356500,"stageTimeDuration":"00:05:56.5000000","splitPointTimeId":86976,"splitPointId":2613,"entryId":20071,"elapsedDurationMs":160200,"elapsedDuration":"PT2M40.2S","splitDateTime":"2019-08-04T08:35:40.2","splitDateTimeLocal":"2019-08-04T11:35:40.2+03:00"},{"startDateTime":"2019-08-04T08:35:00","startDateTimeLocal":"2019-08-04T11:35:00+03:00","stageTimeDurationMs":340800,"stageTimeDuration":"00:05:40.8000000","splitPointTimeId":86978,"splitPointId":2613,"entryId":20073,"elapsedDurationMs":154200,"elapsedDuration":"PT2M34.2S","splitDateTime":"2019-08-04T08:37:34.2","splitDateTimeLocal":"2019-08-04T11:37:34.2+03:00"},{"startDateTime":"2019-08-04T08:36:00","startDateTimeLocal":"2019-08-04T11:36:00+03:00","stageTimeDurationMs":346300,"stageTimeDuration":"00:05:46.3000000","splitPointTimeId":86979,"splitPointId":2613,"entryId":20092,"elapsedDurationMs":157100,"elapsedDuration":"PT2M37.1S","splitDateTime":"2019-08-04T08:38:37.1","splitDateTimeLocal":"2019-08-04T11:38:37.1+03:00"},{"startDateTime":"2019-08-04T08:37:00","startDateTimeLocal":"2019-08-04T11:37:00+03:00","stageTimeDurationMs":349700,"stageTimeDuration":"00:05:49.7000000","splitPointTimeId":86982,"splitPointId":2613,"entryId":20096,"elapsedDurationMs":158700,"elapsedDuration":"PT2M38.7S","splitDateTime":"2019-08-04T08:39:38.7","splitDateTimeLocal":"2019-08-04T11:39:38.7+03:00"},{"startDateTime":"2019-08-04T08:38:00","startDateTimeLocal":"2019-08-04T11:38:00+03:00","stageTimeDurationMs":374100,"stageTimeDuration":"00:06:14.1000000","splitPointTimeId":86983,"splitPointId":2613,"entryId":20079,"elapsedDurationMs":168500,"elapsedDuration":"PT2M48.5S","splitDateTime":"2019-08-04T08:40:48.5","splitDateTimeLocal":"2019-08-04T11:40:48.5+03:00"},{"startDateTime":"2019-08-04T08:39:00","startDateTimeLocal":"2019-08-04T11:39:00+03:00","stageTimeDurationMs":383000,"stageTimeDuration":"00:06:23","splitPointTimeId":86985,"splitPointId":2613,"entryId":20078,"elapsedDurationMs":172700,"elapsedDuration":"PT2M52.7S","splitDateTime":"2019-08-04T08:41:52.7","splitDateTimeLocal":"2019-08-04T11:41:52.7+03:00"},{"startDateTime":"2019-08-04T08:40:00","startDateTimeLocal":"2019-08-04T11:40:00+03:00","stageTimeDurationMs":387300,"stageTimeDuration":"00:06:27.3000000","splitPointTimeId":86987,"splitPointId":2613,"entryId":20082,"elapsedDurationMs":175700,"elapsedDuration":"PT2M55.7S","splitDateTime":"2019-08-04T08:42:55.7","splitDateTimeLocal":"2019-08-04T11:42:55.7+03:00"},{"startDateTime":"2019-08-04T08:41:00","startDateTimeLocal":"2019-08-04T11:41:00+03:00","stageTimeDurationMs":355600,"stageTimeDuration":"00:05:55.6000000","splitPointTimeId":86989,"splitPointId":2613,"entryId":20077,"elapsedDurationMs":163100,"elapsedDuration":"PT2M43.1S","splitDateTime":"2019-08-04T08:43:43.1","splitDateTimeLocal":"2019-08-04T11:43:43.1+03:00"},{"startDateTime":"2019-08-04T08:42:00","startDateTimeLocal":"2019-08-04T11:42:00+03:00","stageTimeDurationMs":384200,"stageTimeDuration":"00:06:24.2000000","splitPointTimeId":86991,"splitPointId":2613,"entryId":20099,"elapsedDurationMs":173300,"elapsedDuration":"PT2M53.3S","splitDateTime":"2019-08-04T08:44:53.3","splitDateTimeLocal":"2019-08-04T11:44:53.3+03:00"},{"startDateTime":"2019-08-04T08:43:00","startDateTimeLocal":"2019-08-04T11:43:00+03:00","stageTimeDurationMs":377400,"stageTimeDuration":"00:06:17.4000000","splitPointTimeId":86993,"splitPointId":2613,"entryId":20091,"elapsedDurationMs":170600,"elapsedDuration":"PT2M50.6S","splitDateTime":"2019-08-04T08:45:50.6","splitDateTimeLocal":"2019-08-04T11:45:50.6+03:00"},{"startDateTime":"2019-08-04T08:45:00","startDateTimeLocal":"2019-08-04T11:45:00+03:00","stageTimeDurationMs":371900,"stageTimeDuration":"00:06:11.9000000","splitPointTimeId":86996,"splitPointId":2613,"entryId":20060,"elapsedDurationMs":169700,"elapsedDuration":"PT2M49.7S","splitDateTime":"2019-08-04T08:47:49.7","splitDateTimeLocal":"2019-08-04T11:47:49.7+03:00"},{"startDateTime":"2019-08-04T08:46:00","startDateTimeLocal":"2019-08-04T11:46:00+03:00","stageTimeDurationMs":387700,"stageTimeDuration":"00:06:27.7000000","splitPointTimeId":86998,"splitPointId":2613,"entryId":20107,"elapsedDurationMs":175300,"elapsedDuration":"PT2M55.3S","splitDateTime":"2019-08-04T08:48:55.3","splitDateTimeLocal":"2019-08-04T11:48:55.3+03:00"},{"startDateTime":"2019-08-04T08:47:00","startDateTimeLocal":"2019-08-04T11:47:00+03:00","stageTimeDurationMs":384400,"stageTimeDuration":"00:06:24.4000000","splitPointTimeId":86999,"splitPointId":2613,"entryId":20109,"elapsedDurationMs":174100,"elapsedDuration":"PT2M54.1S","splitDateTime":"2019-08-04T08:49:54.1","splitDateTimeLocal":"2019-08-04T11:49:54.1+03:00"},{"startDateTime":"2019-08-04T08:48:00","startDateTimeLocal":"2019-08-04T11:48:00+03:00","stageTimeDurationMs":376000,"stageTimeDuration":"00:06:16","splitPointTimeId":87002,"splitPointId":2613,"entryId":20106,"elapsedDurationMs":171200,"elapsedDuration":"PT2M51.2S","splitDateTime":"2019-08-04T08:50:51.2","splitDateTimeLocal":"2019-08-04T11:50:51.2+03:00"},{"startDateTime":"2019-08-04T08:49:00","startDateTimeLocal":"2019-08-04T11:49:00+03:00","stageTimeDurationMs":375000,"stageTimeDuration":"00:06:15","splitPointTimeId":87004,"splitPointId":2613,"entryId":20104,"elapsedDurationMs":168700,"elapsedDuration":"PT2M48.7S","splitDateTime":"2019-08-04T08:51:48.7","splitDateTimeLocal":"2019-08-04T11:51:48.7+03:00"},{"startDateTime":"2019-08-04T08:50:00","startDateTimeLocal":"2019-08-04T11:50:00+03:00","stageTimeDurationMs":375900,"stageTimeDuration":"00:06:15.9000000","splitPointTimeId":87006,"splitPointId":2613,"entryId":20084,"elapsedDurationMs":170300,"elapsedDuration":"PT2M50.3S","splitDateTime":"2019-08-04T08:52:50.3","splitDateTimeLocal":"2019-08-04T11:52:50.3+03:00"},{"startDateTime":"2019-08-04T08:51:00","startDateTimeLocal":"2019-08-04T11:51:00+03:00","stageTimeDurationMs":402000,"stageTimeDuration":"00:06:42","splitPointTimeId":87008,"splitPointId":2613,"entryId":20087,"elapsedDurationMs":170200,"elapsedDuration":"PT2M50.2S","splitDateTime":"2019-08-04T08:53:50.2","splitDateTimeLocal":"2019-08-04T11:53:50.2+03:00"},{"startDateTime":"2019-08-04T08:52:00","startDateTimeLocal":"2019-08-04T11:52:00+03:00","stageTimeDurationMs":390300,"stageTimeDuration":"00:06:30.3000000","splitPointTimeId":87010,"splitPointId":2613,"entryId":20083,"elapsedDurationMs":173600,"elapsedDuration":"PT2M53.6S","splitDateTime":"2019-08-04T08:54:53.6","splitDateTimeLocal":"2019-08-04T11:54:53.6+03:00"},{"startDateTime":"2019-08-04T08:53:00","startDateTimeLocal":"2019-08-04T11:53:00+03:00","stageTimeDurationMs":382100,"stageTimeDuration":"00:06:22.1000000","splitPointTimeId":87012,"splitPointId":2613,"entryId":20088,"elapsedDurationMs":173100,"elapsedDuration":"PT2M53.1S","splitDateTime":"2019-08-04T08:55:53.1","splitDateTimeLocal":"2019-08-04T11:55:53.1+03:00"},{"startDateTime":"2019-08-04T08:54:00","startDateTimeLocal":"2019-08-04T11:54:00+03:00","stageTimeDurationMs":396500,"stageTimeDuration":"00:06:36.5000000","splitPointTimeId":87014,"splitPointId":2613,"entryId":20112,"elapsedDurationMs":178700,"elapsedDuration":"PT2M58.7S","splitDateTime":"2019-08-04T08:56:58.7","splitDateTimeLocal":"2019-08-04T11:56:58.7+03:00"},{"startDateTime":"2019-08-04T08:55:00","startDateTimeLocal":"2019-08-04T11:55:00+03:00","stageTimeDurationMs":386000,"stageTimeDuration":"00:06:26","splitPointTimeId":87016,"splitPointId":2613,"entryId":20098,"elapsedDurationMs":174300,"elapsedDuration":"PT2M54.3S","splitDateTime":"2019-08-04T08:57:54.3","splitDateTimeLocal":"2019-08-04T11:57:54.3+03:00"},{"startDateTime":"2019-08-04T08:56:00","startDateTimeLocal":"2019-08-04T11:56:00+03:00","stageTimeDurationMs":407800,"stageTimeDuration":"00:06:47.8000000","splitPointTimeId":87018,"splitPointId":2613,"entryId":20105,"elapsedDurationMs":185700,"elapsedDuration":"PT3M5.7S","splitDateTime":"2019-08-04T08:59:05.7","splitDateTimeLocal":"2019-08-04T11:59:05.7+03:00"},{"startDateTime":"2019-08-04T08:57:00","startDateTimeLocal":"2019-08-04T11:57:00+03:00","stageTimeDurationMs":400000,"stageTimeDuration":"00:06:40","splitPointTimeId":87020,"splitPointId":2613,"entryId":20086,"elapsedDurationMs":180200,"elapsedDuration":"PT3M0.2S","splitDateTime":"2019-08-04T09:00:00.2","splitDateTimeLocal":"2019-08-04T12:00:00.2+03:00"},{"startDateTime":"2019-08-04T08:58:00","startDateTimeLocal":"2019-08-04T11:58:00+03:00","stageTimeDurationMs":394100,"stageTimeDuration":"00:06:34.1000000","splitPointTimeId":87022,"splitPointId":2613,"entryId":20100,"elapsedDurationMs":180800,"elapsedDuration":"PT3M0.8S","splitDateTime":"2019-08-04T09:01:00.8","splitDateTimeLocal":"2019-08-04T12:01:00.8+03:00"},{"startDateTime":"2019-08-04T08:59:00","startDateTimeLocal":"2019-08-04T11:59:00+03:00","stageTimeDurationMs":439300,"stageTimeDuration":"00:07:19.3000000","splitPointTimeId":87024,"splitPointId":2613,"entryId":20113,"elapsedDurationMs":199800,"elapsedDuration":"PT3M19.8S","splitDateTime":"2019-08-04T09:02:19.8","splitDateTimeLocal":"2019-08-04T12:02:19.8+03:00"},{"startDateTime":"2019-08-04T09:00:00","startDateTimeLocal":"2019-08-04T12:00:00+03:00","stageTimeDurationMs":444000,"stageTimeDuration":"00:07:24","splitPointTimeId":87026,"splitPointId":2613,"entryId":20110,"elapsedDurationMs":203000,"elapsedDuration":"PT3M23S","splitDateTime":"2019-08-04T09:03:23","splitDateTimeLocal":"2019-08-04T12:03:23+03:00"},{"startDateTime":"2019-08-04T09:01:00","startDateTimeLocal":"2019-08-04T12:01:00+03:00","stageTimeDurationMs":391300,"stageTimeDuration":"00:06:31.3000000","splitPointTimeId":87027,"splitPointId":2613,"entryId":20103,"elapsedDurationMs":177300,"elapsedDuration":"PT2M57.3S","splitDateTime":"2019-08-04T09:03:57.3","splitDateTimeLocal":"2019-08-04T12:03:57.3+03:00"},{"startDateTime":"2019-08-04T09:02:00","startDateTimeLocal":"2019-08-04T12:02:00+03:00","stageTimeDurationMs":408100,"stageTimeDuration":"00:06:48.1000000","splitPointTimeId":87029,"splitPointId":2613,"entryId":20089,"elapsedDurationMs":184800,"elapsedDuration":"PT3M4.8S","splitDateTime":"2019-08-04T09:05:04.8","splitDateTimeLocal":"2019-08-04T12:05:04.8+03:00"},{"startDateTime":"2019-08-04T09:03:00","startDateTimeLocal":"2019-08-04T12:03:00+03:00","stageTimeDurationMs":460700,"stageTimeDuration":"00:07:40.7000000","splitPointTimeId":87032,"splitPointId":2613,"entryId":20114,"elapsedDurationMs":209200,"elapsedDuration":"PT3M29.2S","splitDateTime":"2019-08-04T09:06:29.2","splitDateTimeLocal":"2019-08-04T12:06:29.2+03:00"},{"startDateTime":"2019-08-04T09:05:00","startDateTimeLocal":"2019-08-04T12:05:00+03:00","stageTimeDurationMs":407100,"stageTimeDuration":"00:06:47.1000000","splitPointTimeId":87034,"splitPointId":2613,"entryId":20111,"elapsedDurationMs":185500,"elapsedDuration":"PT3M5.5S","splitDateTime":"2019-08-04T09:08:05.5","splitDateTimeLocal":"2019-08-04T12:08:05.5+03:00"},{"startDateTime":"2019-08-04T09:06:00","startDateTimeLocal":"2019-08-04T12:06:00+03:00","stageTimeDurationMs":380100,"stageTimeDuration":"00:06:20.1000000","splitPointTimeId":87036,"splitPointId":2613,"entryId":20102,"elapsedDurationMs":172600,"elapsedDuration":"PT2M52.6S","splitDateTime":"2019-08-04T09:08:52.6","splitDateTimeLocal":"2019-08-04T12:08:52.6+03:00"},{"startDateTime":"2019-08-04T09:07:00","startDateTimeLocal":"2019-08-04T12:07:00+03:00","stageTimeDurationMs":428500,"stageTimeDuration":"00:07:08.5000000","splitPointTimeId":87038,"splitPointId":2613,"entryId":20101,"elapsedDurationMs":194300,"elapsedDuration":"PT3M14.3S","splitDateTime":"2019-08-04T09:10:14.3","splitDateTimeLocal":"2019-08-04T12:10:14.3+03:00"},{"startDateTime":"2019-08-04T09:08:00","startDateTimeLocal":"2019-08-04T12:08:00+03:00","stageTimeDurationMs":456800,"stageTimeDuration":"00:07:36.8000000","splitPointTimeId":87040,"splitPointId":2613,"entryId":20072,"elapsedDurationMs":204700,"elapsedDuration":"PT3M24.7S","splitDateTime":"2019-08-04T09:11:24.7","splitDateTimeLocal":"2019-08-04T12:11:24.7+03:00"},{"startDateTime":"2019-08-04T09:09:00","startDateTimeLocal":"2019-08-04T12:09:00+03:00","stageTimeDurationMs":469600,"stageTimeDuration":"00:07:49.6000000","splitPointTimeId":87042,"splitPointId":2613,"entryId":20115,"elapsedDurationMs":210700,"elapsedDuration":"PT3M30.7S","splitDateTime":"2019-08-04T09:12:30.7","splitDateTimeLocal":"2019-08-04T12:12:30.7+03:00"},{"startDateTime":"2019-08-04T09:10:00","startDateTimeLocal":"2019-08-04T12:10:00+03:00","stageTimeDurationMs":482600,"stageTimeDuration":"00:08:02.6000000","splitPointTimeId":87043,"splitPointId":2613,"entryId":20116,"elapsedDurationMs":217800,"elapsedDuration":"PT3M37.8S","splitDateTime":"2019-08-04T09:13:37.8","splitDateTimeLocal":"2019-08-04T12:13:37.8+03:00"}]