{"splitPoints":[{"splitPointId":2594,"stageId":1289,"number":1,"distance":4.29},{"splitPointId":2595,"stageId":1289,"number":2,"distance":11.42}],"controls":[{"controlId":5409,"eventId":86,"stageId":1289,"type":"FlyingFinish","code":"SF16","location":"Pihlajakoski 2","timingPrecision":"Tenth","distance":null,"targetDuration":null,"targetDurationMs":null,"firstCarDueDateTime":null,"firstCarDueDateTimeLocal":null,"status":"Completed","controlPenalties":"None","roundingPolicy":"NoRounding","locked":false},{"controlId":5410,"eventId":86,"stageId":1289,"type":"StageStart","code":"SS16","location":"Pihlajakoski 2","timingPrecision":"Minute","distance":14.42,"targetDuration":"00:03:00","targetDurationMs":180000,"firstCarDueDateTime":"2019-08-03T12:08:00","firstCarDueDateTimeLocal":"2019-08-03T15:08:00+03:00","status":"Completed","controlPenalties":"None","roundingPolicy":"RoundToClosestMinute","locked":false},{"controlId":5411,"eventId":86,"stageId":1289,"type":"TimeControl","code":"TC16","location":"Pihlajakoski","timingPrecision":"Minute","distance":80.33,"targetDuration":"01:25:00","targetDurationMs":5100000,"firstCarDueDateTime":"2019-08-03T12:05:00","firstCarDueDateTimeLocal":"2019-08-03T15:05:00+03:00","status":"Completed","controlPenalties":"All","roundingPolicy":"NoRounding","locked":false}],"stageId":1289,"eventId":86,"number":16,"name":"Pihlajakoski 2","distance":14.42,"status":"Completed","stageType":"SpecialStage","timingPrecision":"Tenth","locked":false,"code":"SS16"}