[{"startDateTime":"2019-10-27T11:18:00","startDateTimeLocal":"2019-10-27T12:18:00+01:00","stageTimeDurationMs":690377,"stageTimeDuration":"00:11:30.3770000","splitPointTimeId":101568,"splitPointId":3071,"entryId":20619,"elapsedDurationMs":269800,"elapsedDuration":"PT4M29.8S","splitDateTime":"2019-10-27T11:22:29.8","splitDateTimeLocal":"2019-10-27T12:22:29.8+01:00"},{"startDateTime":"2019-10-27T11:22:00","startDateTimeLocal":"2019-10-27T12:22:00+01:00","stageTimeDurationMs":685298,"stageTimeDuration":"00:11:25.2980000","splitPointTimeId":101570,"splitPointId":3071,"entryId":20618,"elapsedDurationMs":269600,"elapsedDuration":"PT4M29.6S","splitDateTime":"2019-10-27T11:26:29.6","splitDateTimeLocal":"2019-10-27T12:26:29.6+01:00"},{"startDateTime":"2019-10-27T11:26:00","startDateTimeLocal":"2019-10-27T12:26:00+01:00","stageTimeDurationMs":700453,"stageTimeDuration":"00:11:40.4530000","splitPointTimeId":101574,"splitPointId":3071,"entryId":20635,"elapsedDurationMs":272200,"elapsedDuration":"PT4M32.2S","splitDateTime":"2019-10-27T11:30:32.2","splitDateTimeLocal":"2019-10-27T12:30:32.2+01:00"},{"startDateTime":"2019-10-27T11:30:00","startDateTimeLocal":"2019-10-27T12:30:00+01:00","stageTimeDurationMs":663578,"stageTimeDuration":"00:11:03.5780000","splitPointTimeId":101578,"splitPointId":3071,"entryId":20608,"elapsedDurationMs":257800,"elapsedDuration":"PT4M17.8S","splitDateTime":"2019-10-27T11:34:17.8","splitDateTimeLocal":"2019-10-27T12:34:17.8+01:00"},{"startDateTime":"2019-10-27T11:34:00","startDateTimeLocal":"2019-10-27T12:34:00+01:00","stageTimeDurationMs":656093,"stageTimeDuration":"00:10:56.0930000","splitPointTimeId":101582,"splitPointId":3071,"entryId":20605,"elapsedDurationMs":256000,"elapsedDuration":"PT4M16S","splitDateTime":"2019-10-27T11:38:16","splitDateTimeLocal":"2019-10-27T12:38:16+01:00"},{"startDateTime":"2019-10-27T11:38:00","startDateTimeLocal":"2019-10-27T12:38:00+01:00","stageTimeDurationMs":669488,"stageTimeDuration":"00:11:09.4880000","splitPointTimeId":101586,"splitPointId":3071,"entryId":20606,"elapsedDurationMs":266000,"elapsedDuration":"PT4M26S","splitDateTime":"2019-10-27T11:42:26","splitDateTimeLocal":"2019-10-27T12:42:26+01:00"},{"startDateTime":"2019-10-27T11:42:00","startDateTimeLocal":"2019-10-27T12:42:00+01:00","stageTimeDurationMs":653287,"stageTimeDuration":"00:10:53.2870000","splitPointTimeId":101590,"splitPointId":3071,"entryId":20614,"elapsedDurationMs":255500,"elapsedDuration":"PT4M15.5S","splitDateTime":"2019-10-27T11:46:15.5","splitDateTimeLocal":"2019-10-27T12:46:15.5+01:00"},{"startDateTime":"2019-10-27T11:46:00","startDateTimeLocal":"2019-10-27T12:46:00+01:00","stageTimeDurationMs":658185,"stageTimeDuration":"00:10:58.1850000","splitPointTimeId":101594,"splitPointId":3071,"entryId":20611,"elapsedDurationMs":257700,"elapsedDuration":"PT4M17.7S","splitDateTime":"2019-10-27T11:50:17.7","splitDateTimeLocal":"2019-10-27T12:50:17.7+01:00"},{"startDateTime":"2019-10-27T11:50:00","startDateTimeLocal":"2019-10-27T12:50:00+01:00","stageTimeDurationMs":661222,"stageTimeDuration":"00:11:01.2220000","splitPointTimeId":101598,"splitPointId":3071,"entryId":20613,"elapsedDurationMs":257700,"elapsedDuration":"PT4M17.7S","splitDateTime":"2019-10-27T11:54:17.7","splitDateTimeLocal":"2019-10-27T12:54:17.7+01:00"},{"startDateTime":"2019-10-27T11:54:00","startDateTimeLocal":"2019-10-27T12:54:00+01:00","stageTimeDurationMs":655838,"stageTimeDuration":"00:10:55.8380000","splitPointTimeId":101602,"splitPointId":3071,"entryId":20609,"elapsedDurationMs":255700,"elapsedDuration":"PT4M15.7S","splitDateTime":"2019-10-27T11:58:15.7","splitDateTimeLocal":"2019-10-27T12:58:15.7+01:00"},{"startDateTime":"2019-10-27T11:58:00","startDateTimeLocal":"2019-10-27T12:58:00+01:00","stageTimeDurationMs":653413,"stageTimeDuration":"00:10:53.4130000","splitPointTimeId":101606,"splitPointId":3071,"entryId":20612,"elapsedDurationMs":255100,"elapsedDuration":"PT4M15.1S","splitDateTime":"2019-10-27T12:02:15.1","splitDateTimeLocal":"2019-10-27T13:02:15.1+01:00"},{"startDateTime":"2019-10-27T12:02:00","startDateTimeLocal":"2019-10-27T13:02:00+01:00","stageTimeDurationMs":649652,"stageTimeDuration":"00:10:49.6520000","splitPointTimeId":101610,"splitPointId":3071,"entryId":20610,"elapsedDurationMs":254500,"elapsedDuration":"PT4M14.5S","splitDateTime":"2019-10-27T12:06:14.5","splitDateTimeLocal":"2019-10-27T13:06:14.5+01:00"},{"startDateTime":"2019-10-27T12:06:00","startDateTimeLocal":"2019-10-27T13:06:00+01:00","stageTimeDurationMs":673220,"stageTimeDuration":"00:11:13.2200000","splitPointTimeId":101614,"splitPointId":3071,"entryId":20615,"elapsedDurationMs":259700,"elapsedDuration":"PT4M19.7S","splitDateTime":"2019-10-27T12:10:19.7","splitDateTimeLocal":"2019-10-27T13:10:19.7+01:00"},{"startDateTime":"2019-10-27T12:08:00","startDateTimeLocal":"2019-10-27T13:08:00+01:00","stageTimeDurationMs":693977,"stageTimeDuration":"00:11:33.9770000","splitPointTimeId":101617,"splitPointId":3071,"entryId":20616,"elapsedDurationMs":271400,"elapsedDuration":"PT4M31.4S","splitDateTime":"2019-10-27T12:12:31.4","splitDateTimeLocal":"2019-10-27T13:12:31.4+01:00"},{"startDateTime":"2019-10-27T12:10:00","startDateTimeLocal":"2019-10-27T13:10:00+01:00","stageTimeDurationMs":695370,"stageTimeDuration":"00:11:35.3700000","splitPointTimeId":101619,"splitPointId":3071,"entryId":20617,"elapsedDurationMs":271600,"elapsedDuration":"PT4M31.6S","splitDateTime":"2019-10-27T12:14:31.6","splitDateTimeLocal":"2019-10-27T13:14:31.6+01:00"},{"startDateTime":"2019-10-27T12:11:00","startDateTimeLocal":"2019-10-27T13:11:00+01:00","stageTimeDurationMs":731106,"stageTimeDuration":"00:12:11.1060000","splitPointTimeId":101620,"splitPointId":3071,"entryId":20620,"elapsedDurationMs":278900,"elapsedDuration":"PT4M38.9S","splitDateTime":"2019-10-27T12:15:38.9","splitDateTimeLocal":"2019-10-27T13:15:38.9+01:00"},{"startDateTime":"2019-10-27T12:12:00","startDateTimeLocal":"2019-10-27T13:12:00+01:00","stageTimeDurationMs":711050,"stageTimeDuration":"00:11:51.0500000","splitPointTimeId":101624,"splitPointId":3071,"entryId":20622,"elapsedDurationMs":274500,"elapsedDuration":"PT4M34.5S","splitDateTime":"2019-10-27T12:16:34.5","splitDateTimeLocal":"2019-10-27T13:16:34.5+01:00"},{"startDateTime":"2019-10-27T12:13:00","startDateTimeLocal":"2019-10-27T13:13:00+01:00","stageTimeDurationMs":695830,"stageTimeDuration":"00:11:35.8300000","splitPointTimeId":101625,"splitPointId":3071,"entryId":20632,"elapsedDurationMs":271100,"elapsedDuration":"PT4M31.1S","splitDateTime":"2019-10-27T12:17:31.1","splitDateTimeLocal":"2019-10-27T13:17:31.1+01:00"},{"startDateTime":"2019-10-27T12:14:00","startDateTimeLocal":"2019-10-27T13:14:00+01:00","stageTimeDurationMs":694392,"stageTimeDuration":"00:11:34.3920000","splitPointTimeId":101628,"splitPointId":3071,"entryId":20626,"elapsedDurationMs":269600,"elapsedDuration":"PT4M29.6S","splitDateTime":"2019-10-27T12:18:29.6","splitDateTimeLocal":"2019-10-27T13:18:29.6+01:00"},{"startDateTime":"2019-10-27T12:15:00","startDateTimeLocal":"2019-10-27T13:15:00+01:00","stageTimeDurationMs":710047,"stageTimeDuration":"00:11:50.0470000","splitPointTimeId":101631,"splitPointId":3071,"entryId":20637,"elapsedDurationMs":275200,"elapsedDuration":"PT4M35.2S","splitDateTime":"2019-10-27T12:19:35.2","splitDateTimeLocal":"2019-10-27T13:19:35.2+01:00"},{"startDateTime":"2019-10-27T12:16:00","startDateTimeLocal":"2019-10-27T13:16:00+01:00","stageTimeDurationMs":698733,"stageTimeDuration":"00:11:38.7330000","splitPointTimeId":101634,"splitPointId":3071,"entryId":20625,"elapsedDurationMs":269200,"elapsedDuration":"PT4M29.2S","splitDateTime":"2019-10-27T12:20:29.2","splitDateTimeLocal":"2019-10-27T13:20:29.2+01:00"},{"startDateTime":"2019-10-27T12:17:00","startDateTimeLocal":"2019-10-27T13:17:00+01:00","stageTimeDurationMs":815148,"stageTimeDuration":"00:13:35.1480000","splitPointTimeId":101638,"splitPointId":3071,"entryId":20638,"elapsedDurationMs":271700,"elapsedDuration":"PT4M31.7S","splitDateTime":"2019-10-27T12:21:31.7","splitDateTimeLocal":"2019-10-27T13:21:31.7+01:00"},{"startDateTime":"2019-10-27T12:18:00","startDateTimeLocal":"2019-10-27T13:18:00+01:00","stageTimeDurationMs":705115,"stageTimeDuration":"00:11:45.1150000","splitPointTimeId":101642,"splitPointId":3071,"entryId":20633,"elapsedDurationMs":275000,"elapsedDuration":"PT4M35S","splitDateTime":"2019-10-27T12:22:35","splitDateTimeLocal":"2019-10-27T13:22:35+01:00"},{"startDateTime":"2019-10-27T12:20:00","startDateTimeLocal":"2019-10-27T13:20:00+01:00","stageTimeDurationMs":684723,"stageTimeDuration":"00:11:24.7230000","splitPointTimeId":101649,"splitPointId":3071,"entryId":20636,"elapsedDurationMs":266000,"elapsedDuration":"PT4M26S","splitDateTime":"2019-10-27T12:24:26","splitDateTimeLocal":"2019-10-27T13:24:26+01:00"},{"startDateTime":"2019-10-27T12:21:00","startDateTimeLocal":"2019-10-27T13:21:00+01:00","stageTimeDurationMs":700094,"stageTimeDuration":"00:11:40.0940000","splitPointTimeId":101652,"splitPointId":3071,"entryId":20623,"elapsedDurationMs":272600,"elapsedDuration":"PT4M32.6S","splitDateTime":"2019-10-27T12:25:32.6","splitDateTimeLocal":"2019-10-27T13:25:32.6+01:00"},{"startDateTime":"2019-10-27T12:22:00","startDateTimeLocal":"2019-10-27T13:22:00+01:00","stageTimeDurationMs":694369,"stageTimeDuration":"00:11:34.3690000","splitPointTimeId":101657,"splitPointId":3071,"entryId":20629,"elapsedDurationMs":272000,"elapsedDuration":"PT4M32S","splitDateTime":"2019-10-27T12:26:32","splitDateTimeLocal":"2019-10-27T13:26:32+01:00"},{"startDateTime":"2019-10-27T12:23:00","startDateTimeLocal":"2019-10-27T13:23:00+01:00","stageTimeDurationMs":763800,"stageTimeDuration":"00:12:43.8000000","splitPointTimeId":101660,"splitPointId":3071,"entryId":20639,"elapsedDurationMs":292700,"elapsedDuration":"PT4M52.7S","splitDateTime":"2019-10-27T12:27:52.7","splitDateTimeLocal":"2019-10-27T13:27:52.7+01:00"},{"startDateTime":"2019-10-27T12:24:00","startDateTimeLocal":"2019-10-27T13:24:00+01:00","stageTimeDurationMs":769579,"stageTimeDuration":"00:12:49.5790000","splitPointTimeId":101664,"splitPointId":3071,"entryId":20634,"elapsedDurationMs":292700,"elapsedDuration":"PT4M52.7S","splitDateTime":"2019-10-27T12:28:52.7","splitDateTimeLocal":"2019-10-27T13:28:52.7+01:00"},{"startDateTime":"2019-10-27T12:25:00","startDateTimeLocal":"2019-10-27T13:25:00+01:00","stageTimeDurationMs":762518,"stageTimeDuration":"00:12:42.5180000","splitPointTimeId":101667,"splitPointId":3071,"entryId":20643,"elapsedDurationMs":291700,"elapsedDuration":"PT4M51.7S","splitDateTime":"2019-10-27T12:29:51.7","splitDateTimeLocal":"2019-10-27T13:29:51.7+01:00"},{"startDateTime":"2019-10-27T12:26:00","startDateTimeLocal":"2019-10-27T13:26:00+01:00","stageTimeDurationMs":777508,"stageTimeDuration":"00:12:57.5080000","splitPointTimeId":101672,"splitPointId":3071,"entryId":20647,"elapsedDurationMs":304700,"elapsedDuration":"PT5M4.7S","splitDateTime":"2019-10-27T12:31:04.7","splitDateTimeLocal":"2019-10-27T13:31:04.7+01:00"},{"startDateTime":"2019-10-27T12:27:00","startDateTimeLocal":"2019-10-27T13:27:00+01:00","stageTimeDurationMs":783147,"stageTimeDuration":"00:13:03.1470000","splitPointTimeId":101674,"splitPointId":3071,"entryId":20650,"elapsedDurationMs":304400,"elapsedDuration":"PT5M4.4S","splitDateTime":"2019-10-27T12:32:04.4","splitDateTimeLocal":"2019-10-27T13:32:04.4+01:00"},{"startDateTime":"2019-10-27T12:28:00","startDateTimeLocal":"2019-10-27T13:28:00+01:00","stageTimeDurationMs":780265,"stageTimeDuration":"00:13:00.2650000","splitPointTimeId":101679,"splitPointId":3071,"entryId":20660,"elapsedDurationMs":301000,"elapsedDuration":"PT5M1S","splitDateTime":"2019-10-27T12:33:01","splitDateTimeLocal":"2019-10-27T13:33:01+01:00"},{"startDateTime":"2019-10-27T12:29:00","startDateTimeLocal":"2019-10-27T13:29:00+01:00","stageTimeDurationMs":826040,"stageTimeDuration":"00:13:46.0400000","splitPointTimeId":101682,"splitPointId":3071,"entryId":20659,"elapsedDurationMs":318200,"elapsedDuration":"PT5M18.2S","splitDateTime":"2019-10-27T12:34:18.2","splitDateTimeLocal":"2019-10-27T13:34:18.2+01:00"},{"startDateTime":"2019-10-27T12:31:00","startDateTimeLocal":"2019-10-27T13:31:00+01:00","stageTimeDurationMs":801372,"stageTimeDuration":"00:13:21.3720000","splitPointTimeId":101687,"splitPointId":3071,"entryId":20642,"elapsedDurationMs":300400,"elapsedDuration":"PT5M0.4S","splitDateTime":"2019-10-27T12:36:00.4","splitDateTimeLocal":"2019-10-27T13:36:00.4+01:00"},{"startDateTime":"2019-10-27T12:32:00","startDateTimeLocal":"2019-10-27T13:32:00+01:00","stageTimeDurationMs":774837,"stageTimeDuration":"00:12:54.8370000","splitPointTimeId":101689,"splitPointId":3071,"entryId":20648,"elapsedDurationMs":302900,"elapsedDuration":"PT5M2.9S","splitDateTime":"2019-10-27T12:37:02.9","splitDateTimeLocal":"2019-10-27T13:37:02.9+01:00"},{"startDateTime":"2019-10-27T12:33:00","startDateTimeLocal":"2019-10-27T13:33:00+01:00","stageTimeDurationMs":836917,"stageTimeDuration":"00:13:56.9170000","splitPointTimeId":101692,"splitPointId":3071,"entryId":20663,"elapsedDurationMs":319700,"elapsedDuration":"PT5M19.7S","splitDateTime":"2019-10-27T12:38:19.7","splitDateTimeLocal":"2019-10-27T13:38:19.7+01:00"},{"startDateTime":"2019-10-27T12:34:00","startDateTimeLocal":"2019-10-27T13:34:00+01:00","stageTimeDurationMs":944529,"stageTimeDuration":"00:15:44.5290000","splitPointTimeId":101697,"splitPointId":3071,"entryId":20652,"elapsedDurationMs":303700,"elapsedDuration":"PT5M3.7S","splitDateTime":"2019-10-27T12:39:03.7","splitDateTimeLocal":"2019-10-27T13:39:03.7+01:00"},{"startDateTime":"2019-10-27T12:35:00","startDateTimeLocal":"2019-10-27T13:35:00+01:00","stageTimeDurationMs":820529,"stageTimeDuration":"00:13:40.5290000","splitPointTimeId":101703,"splitPointId":3071,"entryId":20667,"elapsedDurationMs":321400,"elapsedDuration":"PT5M21.4S","splitDateTime":"2019-10-27T12:40:21.4","splitDateTimeLocal":"2019-10-27T13:40:21.4+01:00"},{"startDateTime":"2019-10-27T12:36:00","startDateTimeLocal":"2019-10-27T13:36:00+01:00","stageTimeDurationMs":826277,"stageTimeDuration":"00:13:46.2770000","splitPointTimeId":101706,"splitPointId":3071,"entryId":20661,"elapsedDurationMs":313600,"elapsedDuration":"PT5M13.6S","splitDateTime":"2019-10-27T12:41:13.6","splitDateTimeLocal":"2019-10-27T13:41:13.6+01:00"},{"startDateTime":"2019-10-27T12:37:00","startDateTimeLocal":"2019-10-27T13:37:00+01:00","stageTimeDurationMs":835508,"stageTimeDuration":"00:13:55.5080000","splitPointTimeId":101708,"splitPointId":3071,"entryId":20665,"elapsedDurationMs":314200,"elapsedDuration":"PT5M14.2S","splitDateTime":"2019-10-27T12:42:14.2","splitDateTimeLocal":"2019-10-27T13:42:14.2+01:00"},{"startDateTime":"2019-10-27T12:38:00","startDateTimeLocal":"2019-10-27T13:38:00+01:00","stageTimeDurationMs":851058,"stageTimeDuration":"00:14:11.0580000","splitPointTimeId":101714,"splitPointId":3071,"entryId":20664,"elapsedDurationMs":323400,"elapsedDuration":"PT5M23.4S","splitDateTime":"2019-10-27T12:43:23.4","splitDateTimeLocal":"2019-10-27T13:43:23.4+01:00"},{"startDateTime":"2019-10-27T12:40:00","startDateTimeLocal":"2019-10-27T13:40:00+01:00","stageTimeDurationMs":771982,"stageTimeDuration":"00:12:51.9820000","splitPointTimeId":101717,"splitPointId":3071,"entryId":20640,"elapsedDurationMs":289500,"elapsedDuration":"PT4M49.5S","splitDateTime":"2019-10-27T12:44:49.5","splitDateTimeLocal":"2019-10-27T13:44:49.5+01:00"},{"startDateTime":"2019-10-27T12:41:00","startDateTimeLocal":"2019-10-27T13:41:00+01:00","stageTimeDurationMs":937065,"stageTimeDuration":"00:15:37.0650000","splitPointTimeId":101723,"splitPointId":3071,"entryId":20668,"elapsedDurationMs":357100,"elapsedDuration":"PT5M57.1S","splitDateTime":"2019-10-27T12:46:57.1","splitDateTimeLocal":"2019-10-27T13:46:57.1+01:00"},{"startDateTime":"2019-10-27T11:18:00","startDateTimeLocal":"2019-10-27T12:18:00+01:00","stageTimeDurationMs":690377,"stageTimeDuration":"00:11:30.3770000","splitPointTimeId":101569,"splitPointId":3072,"entryId":20619,"elapsedDurationMs":453600,"elapsedDuration":"PT7M33.6S","splitDateTime":"2019-10-27T11:25:33.6","splitDateTimeLocal":"2019-10-27T12:25:33.6+01:00"},{"startDateTime":"2019-10-27T11:22:00","startDateTimeLocal":"2019-10-27T12:22:00+01:00","stageTimeDurationMs":685298,"stageTimeDuration":"00:11:25.2980000","splitPointTimeId":101573,"splitPointId":3072,"entryId":20618,"elapsedDurationMs":452800,"elapsedDuration":"PT7M32.8S","splitDateTime":"2019-10-27T11:29:32.8","splitDateTimeLocal":"2019-10-27T12:29:32.8+01:00"},{"startDateTime":"2019-10-27T11:26:00","startDateTimeLocal":"2019-10-27T12:26:00+01:00","stageTimeDurationMs":700453,"stageTimeDuration":"00:11:40.4530000","splitPointTimeId":101577,"splitPointId":3072,"entryId":20635,"elapsedDurationMs":456400,"elapsedDuration":"PT7M36.4S","splitDateTime":"2019-10-27T11:33:36.4","splitDateTimeLocal":"2019-10-27T12:33:36.4+01:00"},{"startDateTime":"2019-10-27T11:30:00","startDateTimeLocal":"2019-10-27T12:30:00+01:00","stageTimeDurationMs":663578,"stageTimeDuration":"00:11:03.5780000","splitPointTimeId":101580,"splitPointId":3072,"entryId":20608,"elapsedDurationMs":434300,"elapsedDuration":"PT7M14.3S","splitDateTime":"2019-10-27T11:37:14.3","splitDateTimeLocal":"2019-10-27T12:37:14.3+01:00"},{"startDateTime":"2019-10-27T11:34:00","startDateTimeLocal":"2019-10-27T12:34:00+01:00","stageTimeDurationMs":656093,"stageTimeDuration":"00:10:56.0930000","splitPointTimeId":101585,"splitPointId":3072,"entryId":20605,"elapsedDurationMs":430000,"elapsedDuration":"PT7M10S","splitDateTime":"2019-10-27T11:41:10","splitDateTimeLocal":"2019-10-27T12:41:10+01:00"},{"startDateTime":"2019-10-27T11:38:00","startDateTimeLocal":"2019-10-27T12:38:00+01:00","stageTimeDurationMs":669488,"stageTimeDuration":"00:11:09.4880000","splitPointTimeId":101589,"splitPointId":3072,"entryId":20606,"elapsedDurationMs":442000,"elapsedDuration":"PT7M22S","splitDateTime":"2019-10-27T11:45:22","splitDateTimeLocal":"2019-10-27T12:45:22+01:00"},{"startDateTime":"2019-10-27T11:42:00","startDateTimeLocal":"2019-10-27T12:42:00+01:00","stageTimeDurationMs":653287,"stageTimeDuration":"00:10:53.2870000","splitPointTimeId":101593,"splitPointId":3072,"entryId":20614,"elapsedDurationMs":427800,"elapsedDuration":"PT7M7.8S","splitDateTime":"2019-10-27T11:49:07.8","splitDateTimeLocal":"2019-10-27T12:49:07.8+01:00"},{"startDateTime":"2019-10-27T11:46:00","startDateTimeLocal":"2019-10-27T12:46:00+01:00","stageTimeDurationMs":658185,"stageTimeDuration":"00:10:58.1850000","splitPointTimeId":101597,"splitPointId":3072,"entryId":20611,"elapsedDurationMs":432500,"elapsedDuration":"PT7M12.5S","splitDateTime":"2019-10-27T11:53:12.5","splitDateTimeLocal":"2019-10-27T12:53:12.5+01:00"},{"startDateTime":"2019-10-27T11:50:00","startDateTimeLocal":"2019-10-27T12:50:00+01:00","stageTimeDurationMs":661222,"stageTimeDuration":"00:11:01.2220000","splitPointTimeId":101601,"splitPointId":3072,"entryId":20613,"elapsedDurationMs":433800,"elapsedDuration":"PT7M13.8S","splitDateTime":"2019-10-27T11:57:13.8","splitDateTimeLocal":"2019-10-27T12:57:13.8+01:00"},{"startDateTime":"2019-10-27T11:54:00","startDateTimeLocal":"2019-10-27T12:54:00+01:00","stageTimeDurationMs":655838,"stageTimeDuration":"00:10:55.8380000","splitPointTimeId":101605,"splitPointId":3072,"entryId":20609,"elapsedDurationMs":429400,"elapsedDuration":"PT7M9.4S","splitDateTime":"2019-10-27T12:01:09.4","splitDateTimeLocal":"2019-10-27T13:01:09.4+01:00"},{"startDateTime":"2019-10-27T11:58:00","startDateTimeLocal":"2019-10-27T12:58:00+01:00","stageTimeDurationMs":653413,"stageTimeDuration":"00:10:53.4130000","splitPointTimeId":101609,"splitPointId":3072,"entryId":20612,"elapsedDurationMs":428300,"elapsedDuration":"PT7M8.3S","splitDateTime":"2019-10-27T12:05:08.3","splitDateTimeLocal":"2019-10-27T13:05:08.3+01:00"},{"startDateTime":"2019-10-27T12:02:00","startDateTimeLocal":"2019-10-27T13:02:00+01:00","stageTimeDurationMs":649652,"stageTimeDuration":"00:10:49.6520000","splitPointTimeId":101613,"splitPointId":3072,"entryId":20610,"elapsedDurationMs":426400,"elapsedDuration":"PT7M6.4S","splitDateTime":"2019-10-27T12:09:06.4","splitDateTimeLocal":"2019-10-27T13:09:06.4+01:00"},{"startDateTime":"2019-10-27T12:06:00","startDateTimeLocal":"2019-10-27T13:06:00+01:00","stageTimeDurationMs":673220,"stageTimeDuration":"00:11:13.2200000","splitPointTimeId":101618,"splitPointId":3072,"entryId":20615,"elapsedDurationMs":438400,"elapsedDuration":"PT7M18.4S","splitDateTime":"2019-10-27T12:13:18.4","splitDateTimeLocal":"2019-10-27T13:13:18.4+01:00"},{"startDateTime":"2019-10-27T12:08:00","startDateTimeLocal":"2019-10-27T13:08:00+01:00","stageTimeDurationMs":693977,"stageTimeDuration":"00:11:33.9770000","splitPointTimeId":101622,"splitPointId":3072,"entryId":20616,"elapsedDurationMs":456100,"elapsedDuration":"PT7M36.1S","splitDateTime":"2019-10-27T12:15:36.1","splitDateTimeLocal":"2019-10-27T13:15:36.1+01:00"},{"startDateTime":"2019-10-27T12:10:00","startDateTimeLocal":"2019-10-27T13:10:00+01:00","stageTimeDurationMs":695370,"stageTimeDuration":"00:11:35.3700000","splitPointTimeId":101626,"splitPointId":3072,"entryId":20617,"elapsedDurationMs":456900,"elapsedDuration":"PT7M36.9S","splitDateTime":"2019-10-27T12:17:36.9","splitDateTimeLocal":"2019-10-27T13:17:36.9+01:00"},{"startDateTime":"2019-10-27T12:11:00","startDateTimeLocal":"2019-10-27T13:11:00+01:00","stageTimeDurationMs":731106,"stageTimeDuration":"00:12:11.1060000","splitPointTimeId":101629,"splitPointId":3072,"entryId":20620,"elapsedDurationMs":474800,"elapsedDuration":"PT7M54.8S","splitDateTime":"2019-10-27T12:18:54.8","splitDateTimeLocal":"2019-10-27T13:18:54.8+01:00"},{"startDateTime":"2019-10-27T12:12:00","startDateTimeLocal":"2019-10-27T13:12:00+01:00","stageTimeDurationMs":711050,"stageTimeDuration":"00:11:51.0500000","splitPointTimeId":101632,"splitPointId":3072,"entryId":20622,"elapsedDurationMs":462900,"elapsedDuration":"PT7M42.9S","splitDateTime":"2019-10-27T12:19:42.9","splitDateTimeLocal":"2019-10-27T13:19:42.9+01:00"},{"startDateTime":"2019-10-27T12:13:00","startDateTimeLocal":"2019-10-27T13:13:00+01:00","stageTimeDurationMs":695830,"stageTimeDuration":"00:11:35.8300000","splitPointTimeId":101635,"splitPointId":3072,"entryId":20632,"elapsedDurationMs":455800,"elapsedDuration":"PT7M35.8S","splitDateTime":"2019-10-27T12:20:35.8","splitDateTimeLocal":"2019-10-27T13:20:35.8+01:00"},{"startDateTime":"2019-10-27T12:14:00","startDateTimeLocal":"2019-10-27T13:14:00+01:00","stageTimeDurationMs":694392,"stageTimeDuration":"00:11:34.3920000","splitPointTimeId":101637,"splitPointId":3072,"entryId":20626,"elapsedDurationMs":453100,"elapsedDuration":"PT7M33.1S","splitDateTime":"2019-10-27T12:21:33.1","splitDateTimeLocal":"2019-10-27T13:21:33.1+01:00"},{"startDateTime":"2019-10-27T12:15:00","startDateTimeLocal":"2019-10-27T13:15:00+01:00","stageTimeDurationMs":710047,"stageTimeDuration":"00:11:50.0470000","splitPointTimeId":101643,"splitPointId":3072,"entryId":20637,"elapsedDurationMs":464000,"elapsedDuration":"PT7M44S","splitDateTime":"2019-10-27T12:22:44","splitDateTimeLocal":"2019-10-27T13:22:44+01:00"},{"startDateTime":"2019-10-27T12:16:00","startDateTimeLocal":"2019-10-27T13:16:00+01:00","stageTimeDurationMs":698733,"stageTimeDuration":"00:11:38.7330000","splitPointTimeId":101646,"splitPointId":3072,"entryId":20625,"elapsedDurationMs":455300,"elapsedDuration":"PT7M35.3S","splitDateTime":"2019-10-27T12:23:35.3","splitDateTimeLocal":"2019-10-27T13:23:35.3+01:00"},{"startDateTime":"2019-10-27T12:18:00","startDateTimeLocal":"2019-10-27T13:18:00+01:00","stageTimeDurationMs":705115,"stageTimeDuration":"00:11:45.1150000","splitPointTimeId":101653,"splitPointId":3072,"entryId":20633,"elapsedDurationMs":464000,"elapsedDuration":"PT7M44S","splitDateTime":"2019-10-27T12:25:44","splitDateTimeLocal":"2019-10-27T13:25:44+01:00"},{"startDateTime":"2019-10-27T12:17:00","startDateTimeLocal":"2019-10-27T13:17:00+01:00","stageTimeDurationMs":815148,"stageTimeDuration":"00:13:35.1480000","splitPointTimeId":101654,"splitPointId":3072,"entryId":20638,"elapsedDurationMs":527900,"elapsedDuration":"PT8M47.9S","splitDateTime":"2019-10-27T12:25:47.9","splitDateTimeLocal":"2019-10-27T13:25:47.9+01:00"},{"startDateTime":"2019-10-27T12:20:00","startDateTimeLocal":"2019-10-27T13:20:00+01:00","stageTimeDurationMs":684723,"stageTimeDuration":"00:11:24.7230000","splitPointTimeId":101659,"splitPointId":3072,"entryId":20636,"elapsedDurationMs":449300,"elapsedDuration":"PT7M29.3S","splitDateTime":"2019-10-27T12:27:29.3","splitDateTimeLocal":"2019-10-27T13:27:29.3+01:00"},{"startDateTime":"2019-10-27T12:21:00","startDateTimeLocal":"2019-10-27T13:21:00+01:00","stageTimeDurationMs":700094,"stageTimeDuration":"00:11:40.0940000","splitPointTimeId":101662,"splitPointId":3072,"entryId":20623,"elapsedDurationMs":458500,"elapsedDuration":"PT7M38.5S","splitDateTime":"2019-10-27T12:28:38.5","splitDateTimeLocal":"2019-10-27T13:28:38.5+01:00"},{"startDateTime":"2019-10-27T12:22:00","startDateTimeLocal":"2019-10-27T13:22:00+01:00","stageTimeDurationMs":694369,"stageTimeDuration":"00:11:34.3690000","splitPointTimeId":101666,"splitPointId":3072,"entryId":20629,"elapsedDurationMs":457700,"elapsedDuration":"PT7M37.7S","splitDateTime":"2019-10-27T12:29:37.7","splitDateTimeLocal":"2019-10-27T13:29:37.7+01:00"},{"startDateTime":"2019-10-27T12:23:00","startDateTimeLocal":"2019-10-27T13:23:00+01:00","stageTimeDurationMs":763800,"stageTimeDuration":"00:12:43.8000000","splitPointTimeId":101673,"splitPointId":3072,"entryId":20639,"elapsedDurationMs":494300,"elapsedDuration":"PT8M14.3S","splitDateTime":"2019-10-27T12:31:14.3","splitDateTimeLocal":"2019-10-27T13:31:14.3+01:00"},{"startDateTime":"2019-10-27T12:24:00","startDateTimeLocal":"2019-10-27T13:24:00+01:00","stageTimeDurationMs":769579,"stageTimeDuration":"00:12:49.5790000","splitPointTimeId":101677,"splitPointId":3072,"entryId":20634,"elapsedDurationMs":495800,"elapsedDuration":"PT8M15.8S","splitDateTime":"2019-10-27T12:32:15.8","splitDateTimeLocal":"2019-10-27T13:32:15.8+01:00"},{"startDateTime":"2019-10-27T12:25:00","startDateTimeLocal":"2019-10-27T13:25:00+01:00","stageTimeDurationMs":762518,"stageTimeDuration":"00:12:42.5180000","splitPointTimeId":101680,"splitPointId":3072,"entryId":20643,"elapsedDurationMs":495400,"elapsedDuration":"PT8M15.4S","splitDateTime":"2019-10-27T12:33:15.4","splitDateTimeLocal":"2019-10-27T13:33:15.4+01:00"},{"startDateTime":"2019-10-27T12:26:00","startDateTimeLocal":"2019-10-27T13:26:00+01:00","stageTimeDurationMs":777508,"stageTimeDuration":"00:12:57.5080000","splitPointTimeId":101683,"splitPointId":3072,"entryId":20647,"elapsedDurationMs":511500,"elapsedDuration":"PT8M31.5S","splitDateTime":"2019-10-27T12:34:31.5","splitDateTimeLocal":"2019-10-27T13:34:31.5+01:00"},{"startDateTime":"2019-10-27T12:27:00","startDateTimeLocal":"2019-10-27T13:27:00+01:00","stageTimeDurationMs":783147,"stageTimeDuration":"00:13:03.1470000","splitPointTimeId":101686,"splitPointId":3072,"entryId":20650,"elapsedDurationMs":513800,"elapsedDuration":"PT8M33.8S","splitDateTime":"2019-10-27T12:35:33.8","splitDateTimeLocal":"2019-10-27T13:35:33.8+01:00"},{"startDateTime":"2019-10-27T12:28:00","startDateTimeLocal":"2019-10-27T13:28:00+01:00","stageTimeDurationMs":780265,"stageTimeDuration":"00:13:00.2650000","splitPointTimeId":101690,"splitPointId":3072,"entryId":20660,"elapsedDurationMs":507300,"elapsedDuration":"PT8M27.3S","splitDateTime":"2019-10-27T12:36:27.3","splitDateTimeLocal":"2019-10-27T13:36:27.3+01:00"},{"startDateTime":"2019-10-27T12:29:00","startDateTimeLocal":"2019-10-27T13:29:00+01:00","stageTimeDurationMs":826040,"stageTimeDuration":"00:13:46.0400000","splitPointTimeId":101693,"splitPointId":3072,"entryId":20659,"elapsedDurationMs":541300,"elapsedDuration":"PT9M1.3S","splitDateTime":"2019-10-27T12:38:01.3","splitDateTimeLocal":"2019-10-27T13:38:01.3+01:00"},{"startDateTime":"2019-10-27T12:31:00","startDateTimeLocal":"2019-10-27T13:31:00+01:00","stageTimeDurationMs":801372,"stageTimeDuration":"00:13:21.3720000","splitPointTimeId":101701,"splitPointId":3072,"entryId":20642,"elapsedDurationMs":515100,"elapsedDuration":"PT8M35.1S","splitDateTime":"2019-10-27T12:39:35.1","splitDateTimeLocal":"2019-10-27T13:39:35.1+01:00"},{"startDateTime":"2019-10-27T12:32:00","startDateTimeLocal":"2019-10-27T13:32:00+01:00","stageTimeDurationMs":774837,"stageTimeDuration":"00:12:54.8370000","splitPointTimeId":101704,"splitPointId":3072,"entryId":20648,"elapsedDurationMs":509300,"elapsedDuration":"PT8M29.3S","splitDateTime":"2019-10-27T12:40:29.3","splitDateTimeLocal":"2019-10-27T13:40:29.3+01:00"},{"startDateTime":"2019-10-27T12:33:00","startDateTimeLocal":"2019-10-27T13:33:00+01:00","stageTimeDurationMs":836917,"stageTimeDuration":"00:13:56.9170000","splitPointTimeId":101707,"splitPointId":3072,"entryId":20663,"elapsedDurationMs":544800,"elapsedDuration":"PT9M4.8S","splitDateTime":"2019-10-27T12:42:04.8","splitDateTimeLocal":"2019-10-27T13:42:04.8+01:00"},{"startDateTime":"2019-10-27T12:34:00","startDateTimeLocal":"2019-10-27T13:34:00+01:00","stageTimeDurationMs":944529,"stageTimeDuration":"00:15:44.5290000","splitPointTimeId":101710,"splitPointId":3072,"entryId":20652,"elapsedDurationMs":511200,"elapsedDuration":"PT8M31.2S","splitDateTime":"2019-10-27T12:42:31.2","splitDateTimeLocal":"2019-10-27T13:42:31.2+01:00"},{"startDateTime":"2019-10-27T12:35:00","startDateTimeLocal":"2019-10-27T13:35:00+01:00","stageTimeDurationMs":820529,"stageTimeDuration":"00:13:40.5290000","splitPointTimeId":101715,"splitPointId":3072,"entryId":20667,"elapsedDurationMs":539400,"elapsedDuration":"PT8M59.4S","splitDateTime":"2019-10-27T12:43:59.4","splitDateTimeLocal":"2019-10-27T13:43:59.4+01:00"},{"startDateTime":"2019-10-27T12:36:00","startDateTimeLocal":"2019-10-27T13:36:00+01:00","stageTimeDurationMs":826277,"stageTimeDuration":"00:13:46.2770000","splitPointTimeId":101718,"splitPointId":3072,"entryId":20661,"elapsedDurationMs":536000,"elapsedDuration":"PT8M56S","splitDateTime":"2019-10-27T12:44:56","splitDateTimeLocal":"2019-10-27T13:44:56+01:00"},{"startDateTime":"2019-10-27T12:37:00","startDateTimeLocal":"2019-10-27T13:37:00+01:00","stageTimeDurationMs":835508,"stageTimeDuration":"00:13:55.5080000","splitPointTimeId":101721,"splitPointId":3072,"entryId":20665,"elapsedDurationMs":534300,"elapsedDuration":"PT8M54.3S","splitDateTime":"2019-10-27T12:45:54.3","splitDateTimeLocal":"2019-10-27T13:45:54.3+01:00"},{"startDateTime":"2019-10-27T12:38:00","startDateTimeLocal":"2019-10-27T13:38:00+01:00","stageTimeDurationMs":851058,"stageTimeDuration":"00:14:11.0580000","splitPointTimeId":101722,"splitPointId":3072,"entryId":20664,"elapsedDurationMs":549300,"elapsedDuration":"PT9M9.3S","splitDateTime":"2019-10-27T12:47:09.3","splitDateTimeLocal":"2019-10-27T13:47:09.3+01:00"},{"startDateTime":"2019-10-27T12:40:00","startDateTimeLocal":"2019-10-27T13:40:00+01:00","stageTimeDurationMs":771982,"stageTimeDuration":"00:12:51.9820000","splitPointTimeId":101726,"splitPointId":3072,"entryId":20640,"elapsedDurationMs":495500,"elapsedDuration":"PT8M15.5S","splitDateTime":"2019-10-27T12:48:15.5","splitDateTimeLocal":"2019-10-27T13:48:15.5+01:00"},{"startDateTime":"2019-10-27T12:41:00","startDateTimeLocal":"2019-10-27T13:41:00+01:00","stageTimeDurationMs":937065,"stageTimeDuration":"00:15:37.0650000","splitPointTimeId":101733,"splitPointId":3072,"entryId":20668,"elapsedDurationMs":610300,"elapsedDuration":"PT10M10.3S","splitDateTime":"2019-10-27T12:51:10.3","splitDateTimeLocal":"2019-10-27T13:51:10.3+01:00"},{"startDateTime":"2019-10-27T11:18:00","startDateTimeLocal":"2019-10-27T12:18:00+01:00","stageTimeDurationMs":690377,"stageTimeDuration":"00:11:30.3770000","splitPointTimeId":101571,"splitPointId":3073,"entryId":20619,"elapsedDurationMs":601100,"elapsedDuration":"PT10M1.1S","splitDateTime":"2019-10-27T11:28:01.1","splitDateTimeLocal":"2019-10-27T12:28:01.1+01:00"},{"startDateTime":"2019-10-27T11:22:00","startDateTimeLocal":"2019-10-27T12:22:00+01:00","stageTimeDurationMs":685298,"stageTimeDuration":"00:11:25.2980000","splitPointTimeId":101575,"splitPointId":3073,"entryId":20618,"elapsedDurationMs":596800,"elapsedDuration":"PT9M56.8S","splitDateTime":"2019-10-27T11:31:56.8","splitDateTimeLocal":"2019-10-27T12:31:56.8+01:00"},{"startDateTime":"2019-10-27T11:26:00","startDateTimeLocal":"2019-10-27T12:26:00+01:00","stageTimeDurationMs":700453,"stageTimeDuration":"00:11:40.4530000","splitPointTimeId":101579,"splitPointId":3073,"entryId":20635,"elapsedDurationMs":608700,"elapsedDuration":"PT10M8.7S","splitDateTime":"2019-10-27T11:36:08.7","splitDateTimeLocal":"2019-10-27T12:36:08.7+01:00"},{"startDateTime":"2019-10-27T11:30:00","startDateTimeLocal":"2019-10-27T12:30:00+01:00","stageTimeDurationMs":663578,"stageTimeDuration":"00:11:03.5780000","splitPointTimeId":101583,"splitPointId":3073,"entryId":20608,"elapsedDurationMs":575400,"elapsedDuration":"PT9M35.4S","splitDateTime":"2019-10-27T11:39:35.4","splitDateTimeLocal":"2019-10-27T12:39:35.4+01:00"},{"startDateTime":"2019-10-27T11:34:00","startDateTimeLocal":"2019-10-27T12:34:00+01:00","stageTimeDurationMs":656093,"stageTimeDuration":"00:10:56.0930000","splitPointTimeId":101587,"splitPointId":3073,"entryId":20605,"elapsedDurationMs":569600,"elapsedDuration":"PT9M29.6S","splitDateTime":"2019-10-27T11:43:29.6","splitDateTimeLocal":"2019-10-27T12:43:29.6+01:00"},{"startDateTime":"2019-10-27T11:38:00","startDateTimeLocal":"2019-10-27T12:38:00+01:00","stageTimeDurationMs":669488,"stageTimeDuration":"00:11:09.4880000","splitPointTimeId":101591,"splitPointId":3073,"entryId":20606,"elapsedDurationMs":582000,"elapsedDuration":"PT9M42S","splitDateTime":"2019-10-27T11:47:42","splitDateTimeLocal":"2019-10-27T12:47:42+01:00"},{"startDateTime":"2019-10-27T11:42:00","startDateTimeLocal":"2019-10-27T12:42:00+01:00","stageTimeDurationMs":653287,"stageTimeDuration":"00:10:53.2870000","splitPointTimeId":101595,"splitPointId":3073,"entryId":20614,"elapsedDurationMs":567300,"elapsedDuration":"PT9M27.3S","splitDateTime":"2019-10-27T11:51:27.3","splitDateTimeLocal":"2019-10-27T12:51:27.3+01:00"},{"startDateTime":"2019-10-27T11:46:00","startDateTimeLocal":"2019-10-27T12:46:00+01:00","stageTimeDurationMs":658185,"stageTimeDuration":"00:10:58.1850000","splitPointTimeId":101599,"splitPointId":3073,"entryId":20611,"elapsedDurationMs":572500,"elapsedDuration":"PT9M32.5S","splitDateTime":"2019-10-27T11:55:32.5","splitDateTimeLocal":"2019-10-27T12:55:32.5+01:00"},{"startDateTime":"2019-10-27T11:50:00","startDateTimeLocal":"2019-10-27T12:50:00+01:00","stageTimeDurationMs":661222,"stageTimeDuration":"00:11:01.2220000","splitPointTimeId":101603,"splitPointId":3073,"entryId":20613,"elapsedDurationMs":574700,"elapsedDuration":"PT9M34.7S","splitDateTime":"2019-10-27T11:59:34.7","splitDateTimeLocal":"2019-10-27T12:59:34.7+01:00"},{"startDateTime":"2019-10-27T11:54:00","startDateTimeLocal":"2019-10-27T12:54:00+01:00","stageTimeDurationMs":655838,"stageTimeDuration":"00:10:55.8380000","splitPointTimeId":101607,"splitPointId":3073,"entryId":20609,"elapsedDurationMs":569400,"elapsedDuration":"PT9M29.4S","splitDateTime":"2019-10-27T12:03:29.4","splitDateTimeLocal":"2019-10-27T13:03:29.4+01:00"},{"startDateTime":"2019-10-27T11:58:00","startDateTimeLocal":"2019-10-27T12:58:00+01:00","stageTimeDurationMs":653413,"stageTimeDuration":"00:10:53.4130000","splitPointTimeId":101611,"splitPointId":3073,"entryId":20612,"elapsedDurationMs":568100,"elapsedDuration":"PT9M28.1S","splitDateTime":"2019-10-27T12:07:28.1","splitDateTimeLocal":"2019-10-27T13:07:28.1+01:00"},{"startDateTime":"2019-10-27T12:02:00","startDateTimeLocal":"2019-10-27T13:02:00+01:00","stageTimeDurationMs":649652,"stageTimeDuration":"00:10:49.6520000","splitPointTimeId":101615,"splitPointId":3073,"entryId":20610,"elapsedDurationMs":564400,"elapsedDuration":"PT9M24.4S","splitDateTime":"2019-10-27T12:11:24.4","splitDateTimeLocal":"2019-10-27T13:11:24.4+01:00"},{"startDateTime":"2019-10-27T12:06:00","startDateTimeLocal":"2019-10-27T13:06:00+01:00","stageTimeDurationMs":673220,"stageTimeDuration":"00:11:13.2200000","splitPointTimeId":101621,"splitPointId":3073,"entryId":20615,"elapsedDurationMs":583900,"elapsedDuration":"PT9M43.9S","splitDateTime":"2019-10-27T12:15:43.9","splitDateTimeLocal":"2019-10-27T13:15:43.9+01:00"},{"startDateTime":"2019-10-27T12:08:00","startDateTimeLocal":"2019-10-27T13:08:00+01:00","stageTimeDurationMs":693977,"stageTimeDuration":"00:11:33.9770000","splitPointTimeId":101627,"splitPointId":3073,"entryId":20616,"elapsedDurationMs":604600,"elapsedDuration":"PT10M4.6S","splitDateTime":"2019-10-27T12:18:04.6","splitDateTimeLocal":"2019-10-27T13:18:04.6+01:00"},{"startDateTime":"2019-10-27T12:10:00","startDateTimeLocal":"2019-10-27T13:10:00+01:00","stageTimeDurationMs":695370,"stageTimeDuration":"00:11:35.3700000","splitPointTimeId":101633,"splitPointId":3073,"entryId":20617,"elapsedDurationMs":605700,"elapsedDuration":"PT10M5.7S","splitDateTime":"2019-10-27T12:20:05.7","splitDateTimeLocal":"2019-10-27T13:20:05.7+01:00"},{"startDateTime":"2019-10-27T12:11:00","startDateTimeLocal":"2019-10-27T13:11:00+01:00","stageTimeDurationMs":731106,"stageTimeDuration":"00:12:11.1060000","splitPointTimeId":101639,"splitPointId":3073,"entryId":20620,"elapsedDurationMs":635100,"elapsedDuration":"PT10M35.1S","splitDateTime":"2019-10-27T12:21:35.1","splitDateTimeLocal":"2019-10-27T13:21:35.1+01:00"},{"startDateTime":"2019-10-27T12:12:00","startDateTimeLocal":"2019-10-27T13:12:00+01:00","stageTimeDurationMs":711050,"stageTimeDuration":"00:11:51.0500000","splitPointTimeId":101640,"splitPointId":3073,"entryId":20622,"elapsedDurationMs":619100,"elapsedDuration":"PT10M19.1S","splitDateTime":"2019-10-27T12:22:19.1","splitDateTimeLocal":"2019-10-27T13:22:19.1+01:00"},{"startDateTime":"2019-10-27T12:13:00","startDateTimeLocal":"2019-10-27T13:13:00+01:00","stageTimeDurationMs":695830,"stageTimeDuration":"00:11:35.8300000","splitPointTimeId":101644,"splitPointId":3073,"entryId":20632,"elapsedDurationMs":605000,"elapsedDuration":"PT10M5S","splitDateTime":"2019-10-27T12:23:05","splitDateTimeLocal":"2019-10-27T13:23:05+01:00"},{"startDateTime":"2019-10-27T12:14:00","startDateTimeLocal":"2019-10-27T13:14:00+01:00","stageTimeDurationMs":694392,"stageTimeDuration":"00:11:34.3920000","splitPointTimeId":101648,"splitPointId":3073,"entryId":20626,"elapsedDurationMs":604700,"elapsedDuration":"PT10M4.7S","splitDateTime":"2019-10-27T12:24:04.7","splitDateTimeLocal":"2019-10-27T13:24:04.7+01:00"},{"startDateTime":"2019-10-27T12:15:00","startDateTimeLocal":"2019-10-27T13:15:00+01:00","stageTimeDurationMs":710047,"stageTimeDuration":"00:11:50.0470000","splitPointTimeId":101651,"splitPointId":3073,"entryId":20637,"elapsedDurationMs":617400,"elapsedDuration":"PT10M17.4S","splitDateTime":"2019-10-27T12:25:17.4","splitDateTimeLocal":"2019-10-27T13:25:17.4+01:00"},{"startDateTime":"2019-10-27T12:16:00","startDateTimeLocal":"2019-10-27T13:16:00+01:00","stageTimeDurationMs":698733,"stageTimeDuration":"00:11:38.7330000","splitPointTimeId":101655,"splitPointId":3073,"entryId":20625,"elapsedDurationMs":607000,"elapsedDuration":"PT10M7S","splitDateTime":"2019-10-27T12:26:07","splitDateTimeLocal":"2019-10-27T13:26:07+01:00"},{"startDateTime":"2019-10-27T12:18:00","startDateTimeLocal":"2019-10-27T13:18:00+01:00","stageTimeDurationMs":705115,"stageTimeDuration":"00:11:45.1150000","splitPointTimeId":101661,"splitPointId":3073,"entryId":20633,"elapsedDurationMs":613700,"elapsedDuration":"PT10M13.7S","splitDateTime":"2019-10-27T12:28:13.7","splitDateTimeLocal":"2019-10-27T13:28:13.7+01:00"},{"startDateTime":"2019-10-27T12:17:00","startDateTimeLocal":"2019-10-27T13:17:00+01:00","stageTimeDurationMs":815148,"stageTimeDuration":"00:13:35.1480000","splitPointTimeId":101663,"splitPointId":3073,"entryId":20638,"elapsedDurationMs":711500,"elapsedDuration":"PT11M51.5S","splitDateTime":"2019-10-27T12:28:51.5","splitDateTimeLocal":"2019-10-27T13:28:51.5+01:00"},{"startDateTime":"2019-10-27T12:20:00","startDateTimeLocal":"2019-10-27T13:20:00+01:00","stageTimeDurationMs":684723,"stageTimeDuration":"00:11:24.7230000","splitPointTimeId":101668,"splitPointId":3073,"entryId":20636,"elapsedDurationMs":595000,"elapsedDuration":"PT9M55S","splitDateTime":"2019-10-27T12:29:55","splitDateTimeLocal":"2019-10-27T13:29:55+01:00"},{"startDateTime":"2019-10-27T12:21:00","startDateTimeLocal":"2019-10-27T13:21:00+01:00","stageTimeDurationMs":700094,"stageTimeDuration":"00:11:40.0940000","splitPointTimeId":101671,"splitPointId":3073,"entryId":20623,"elapsedDurationMs":609000,"elapsedDuration":"PT10M9S","splitDateTime":"2019-10-27T12:31:09","splitDateTimeLocal":"2019-10-27T13:31:09+01:00"},{"startDateTime":"2019-10-27T12:22:00","startDateTimeLocal":"2019-10-27T13:22:00+01:00","stageTimeDurationMs":694369,"stageTimeDuration":"00:11:34.3690000","splitPointTimeId":101675,"splitPointId":3073,"entryId":20629,"elapsedDurationMs":606200,"elapsedDuration":"PT10M6.2S","splitDateTime":"2019-10-27T12:32:06.2","splitDateTimeLocal":"2019-10-27T13:32:06.2+01:00"},{"startDateTime":"2019-10-27T12:23:00","startDateTimeLocal":"2019-10-27T13:23:00+01:00","stageTimeDurationMs":763800,"stageTimeDuration":"00:12:43.8000000","splitPointTimeId":101681,"splitPointId":3073,"entryId":20639,"elapsedDurationMs":662900,"elapsedDuration":"PT11M2.9S","splitDateTime":"2019-10-27T12:34:02.9","splitDateTimeLocal":"2019-10-27T13:34:02.9+01:00"},{"startDateTime":"2019-10-27T12:24:00","startDateTimeLocal":"2019-10-27T13:24:00+01:00","stageTimeDurationMs":769579,"stageTimeDuration":"00:12:49.5790000","splitPointTimeId":101685,"splitPointId":3073,"entryId":20634,"elapsedDurationMs":669200,"elapsedDuration":"PT11M9.2S","splitDateTime":"2019-10-27T12:35:09.2","splitDateTimeLocal":"2019-10-27T13:35:09.2+01:00"},{"startDateTime":"2019-10-27T12:26:00","startDateTimeLocal":"2019-10-27T13:26:00+01:00","stageTimeDurationMs":777508,"stageTimeDuration":"00:12:57.5080000","splitPointTimeId":101691,"splitPointId":3073,"entryId":20647,"elapsedDurationMs":678300,"elapsedDuration":"PT11M18.3S","splitDateTime":"2019-10-27T12:37:18.3","splitDateTimeLocal":"2019-10-27T13:37:18.3+01:00"},{"startDateTime":"2019-10-27T12:27:00","startDateTimeLocal":"2019-10-27T13:27:00+01:00","stageTimeDurationMs":783147,"stageTimeDuration":"00:13:03.1470000","splitPointTimeId":101694,"splitPointId":3073,"entryId":20650,"elapsedDurationMs":682300,"elapsedDuration":"PT11M22.3S","splitDateTime":"2019-10-27T12:38:22.3","splitDateTimeLocal":"2019-10-27T13:38:22.3+01:00"},{"startDateTime":"2019-10-27T12:25:00","startDateTimeLocal":"2019-10-27T13:25:00+01:00","stageTimeDurationMs":762518,"stageTimeDuration":"00:12:42.5180000","splitPointTimeId":101695,"splitPointId":3073,"entryId":20643,"elapsedDurationMs":663200,"elapsedDuration":"PT11M3.2S","splitDateTime":"2019-10-27T12:36:03.2","splitDateTimeLocal":"2019-10-27T13:36:03.2+01:00"},{"startDateTime":"2019-10-27T12:28:00","startDateTimeLocal":"2019-10-27T13:28:00+01:00","stageTimeDurationMs":780265,"stageTimeDuration":"00:13:00.2650000","splitPointTimeId":101699,"splitPointId":3073,"entryId":20660,"elapsedDurationMs":677600,"elapsedDuration":"PT11M17.6S","splitDateTime":"2019-10-27T12:39:17.6","splitDateTimeLocal":"2019-10-27T13:39:17.6+01:00"},{"startDateTime":"2019-10-27T12:29:00","startDateTimeLocal":"2019-10-27T13:29:00+01:00","stageTimeDurationMs":826040,"stageTimeDuration":"00:13:46.0400000","splitPointTimeId":101705,"splitPointId":3073,"entryId":20659,"elapsedDurationMs":717900,"elapsedDuration":"PT11M57.9S","splitDateTime":"2019-10-27T12:40:57.9","splitDateTimeLocal":"2019-10-27T13:40:57.9+01:00"},{"startDateTime":"2019-10-27T12:31:00","startDateTimeLocal":"2019-10-27T13:31:00+01:00","stageTimeDurationMs":801372,"stageTimeDuration":"00:13:21.3720000","splitPointTimeId":101711,"splitPointId":3073,"entryId":20642,"elapsedDurationMs":696600,"elapsedDuration":"PT11M36.6S","splitDateTime":"2019-10-27T12:42:36.6","splitDateTimeLocal":"2019-10-27T13:42:36.6+01:00"},{"startDateTime":"2019-10-27T12:32:00","startDateTimeLocal":"2019-10-27T13:32:00+01:00","stageTimeDurationMs":774837,"stageTimeDuration":"00:12:54.8370000","splitPointTimeId":101712,"splitPointId":3073,"entryId":20648,"elapsedDurationMs":674600,"elapsedDuration":"PT11M14.6S","splitDateTime":"2019-10-27T12:43:14.6","splitDateTimeLocal":"2019-10-27T13:43:14.6+01:00"},{"startDateTime":"2019-10-27T12:33:00","startDateTimeLocal":"2019-10-27T13:33:00+01:00","stageTimeDurationMs":836917,"stageTimeDuration":"00:13:56.9170000","splitPointTimeId":101719,"splitPointId":3073,"entryId":20663,"elapsedDurationMs":727700,"elapsedDuration":"PT12M7.7S","splitDateTime":"2019-10-27T12:45:07.7","splitDateTimeLocal":"2019-10-27T13:45:07.7+01:00"},{"startDateTime":"2019-10-27T12:36:00","startDateTimeLocal":"2019-10-27T13:36:00+01:00","stageTimeDurationMs":826277,"stageTimeDuration":"00:13:46.2770000","splitPointTimeId":101724,"splitPointId":3073,"entryId":20661,"elapsedDurationMs":717900,"elapsedDuration":"PT11M57.9S","splitDateTime":"2019-10-27T12:47:57.9","splitDateTimeLocal":"2019-10-27T13:47:57.9+01:00"},{"startDateTime":"2019-10-27T12:34:00","startDateTimeLocal":"2019-10-27T13:34:00+01:00","stageTimeDurationMs":944529,"stageTimeDuration":"00:15:44.5290000","splitPointTimeId":101725,"splitPointId":3073,"entryId":20652,"elapsedDurationMs":843200,"elapsedDuration":"PT14M3.2S","splitDateTime":"2019-10-27T12:48:03.2","splitDateTimeLocal":"2019-10-27T13:48:03.2+01:00"},{"startDateTime":"2019-10-27T12:37:00","startDateTimeLocal":"2019-10-27T13:37:00+01:00","stageTimeDurationMs":835508,"stageTimeDuration":"00:13:55.5080000","splitPointTimeId":101729,"splitPointId":3073,"entryId":20665,"elapsedDurationMs":722800,"elapsedDuration":"PT12M2.8S","splitDateTime":"2019-10-27T12:49:02.8","splitDateTimeLocal":"2019-10-27T13:49:02.8+01:00"},{"startDateTime":"2019-10-27T12:38:00","startDateTimeLocal":"2019-10-27T13:38:00+01:00","stageTimeDurationMs":851058,"stageTimeDuration":"00:14:11.0580000","splitPointTimeId":101731,"splitPointId":3073,"entryId":20664,"elapsedDurationMs":740900,"elapsedDuration":"PT12M20.9S","splitDateTime":"2019-10-27T12:50:20.9","splitDateTimeLocal":"2019-10-27T13:50:20.9+01:00"},{"startDateTime":"2019-10-27T12:40:00","startDateTimeLocal":"2019-10-27T13:40:00+01:00","stageTimeDurationMs":771982,"stageTimeDuration":"00:12:51.9820000","splitPointTimeId":101732,"splitPointId":3073,"entryId":20640,"elapsedDurationMs":669400,"elapsedDuration":"PT11M9.4S","splitDateTime":"2019-10-27T12:51:09.4","splitDateTimeLocal":"2019-10-27T13:51:09.4+01:00"},{"startDateTime":"2019-10-27T12:41:00","startDateTimeLocal":"2019-10-27T13:41:00+01:00","stageTimeDurationMs":937065,"stageTimeDuration":"00:15:37.0650000","splitPointTimeId":101736,"splitPointId":3073,"entryId":20668,"elapsedDurationMs":815200,"elapsedDuration":"PT13M35.2S","splitDateTime":"2019-10-27T12:54:35.2","splitDateTimeLocal":"2019-10-27T13:54:35.2+01:00"},{"startDateTime":"2019-10-27T11:18:00","startDateTimeLocal":"2019-10-27T12:18:00+01:00","stageTimeDurationMs":690377,"stageTimeDuration":"00:11:30.3770000","splitPointTimeId":101572,"splitPointId":3074,"entryId":20619,"elapsedDurationMs":660100,"elapsedDuration":"PT11M0.1S","splitDateTime":"2019-10-27T11:29:00.1","splitDateTimeLocal":"2019-10-27T12:29:00.1+01:00"},{"startDateTime":"2019-10-27T11:22:00","startDateTimeLocal":"2019-10-27T12:22:00+01:00","stageTimeDurationMs":685298,"stageTimeDuration":"00:11:25.2980000","splitPointTimeId":101576,"splitPointId":3074,"entryId":20618,"elapsedDurationMs":654900,"elapsedDuration":"PT10M54.9S","splitDateTime":"2019-10-27T11:32:54.9","splitDateTimeLocal":"2019-10-27T12:32:54.9+01:00"},{"startDateTime":"2019-10-27T11:26:00","startDateTimeLocal":"2019-10-27T12:26:00+01:00","stageTimeDurationMs":700453,"stageTimeDuration":"00:11:40.4530000","splitPointTimeId":101581,"splitPointId":3074,"entryId":20635,"elapsedDurationMs":669500,"elapsedDuration":"PT11M9.5S","splitDateTime":"2019-10-27T11:37:09.5","splitDateTimeLocal":"2019-10-27T12:37:09.5+01:00"},{"startDateTime":"2019-10-27T11:30:00","startDateTimeLocal":"2019-10-27T12:30:00+01:00","stageTimeDurationMs":663578,"stageTimeDuration":"00:11:03.5780000","splitPointTimeId":101584,"splitPointId":3074,"entryId":20608,"elapsedDurationMs":632200,"elapsedDuration":"PT10M32.2S","splitDateTime":"2019-10-27T11:40:32.2","splitDateTimeLocal":"2019-10-27T12:40:32.2+01:00"},{"startDateTime":"2019-10-27T11:34:00","startDateTimeLocal":"2019-10-27T12:34:00+01:00","stageTimeDurationMs":656093,"stageTimeDuration":"00:10:56.0930000","splitPointTimeId":101588,"splitPointId":3074,"entryId":20605,"elapsedDurationMs":626400,"elapsedDuration":"PT10M26.4S","splitDateTime":"2019-10-27T11:44:26.4","splitDateTimeLocal":"2019-10-27T12:44:26.4+01:00"},{"startDateTime":"2019-10-27T11:38:00","startDateTimeLocal":"2019-10-27T12:38:00+01:00","stageTimeDurationMs":669488,"stageTimeDuration":"00:11:09.4880000","splitPointTimeId":101592,"splitPointId":3074,"entryId":20606,"elapsedDurationMs":639200,"elapsedDuration":"PT10M39.2S","splitDateTime":"2019-10-27T11:48:39.2","splitDateTimeLocal":"2019-10-27T12:48:39.2+01:00"},{"startDateTime":"2019-10-27T11:42:00","startDateTimeLocal":"2019-10-27T12:42:00+01:00","stageTimeDurationMs":653287,"stageTimeDuration":"00:10:53.2870000","splitPointTimeId":101596,"splitPointId":3074,"entryId":20614,"elapsedDurationMs":624000,"elapsedDuration":"PT10M24S","splitDateTime":"2019-10-27T11:52:24","splitDateTimeLocal":"2019-10-27T12:52:24+01:00"},{"startDateTime":"2019-10-27T11:46:00","startDateTimeLocal":"2019-10-27T12:46:00+01:00","stageTimeDurationMs":658185,"stageTimeDuration":"00:10:58.1850000","splitPointTimeId":101600,"splitPointId":3074,"entryId":20611,"elapsedDurationMs":629000,"elapsedDuration":"PT10M29S","splitDateTime":"2019-10-27T11:56:29","splitDateTimeLocal":"2019-10-27T12:56:29+01:00"},{"startDateTime":"2019-10-27T11:50:00","startDateTimeLocal":"2019-10-27T12:50:00+01:00","stageTimeDurationMs":661222,"stageTimeDuration":"00:11:01.2220000","splitPointTimeId":101604,"splitPointId":3074,"entryId":20613,"elapsedDurationMs":631900,"elapsedDuration":"PT10M31.9S","splitDateTime":"2019-10-27T12:00:31.9","splitDateTimeLocal":"2019-10-27T13:00:31.9+01:00"},{"startDateTime":"2019-10-27T11:54:00","startDateTimeLocal":"2019-10-27T12:54:00+01:00","stageTimeDurationMs":655838,"stageTimeDuration":"00:10:55.8380000","splitPointTimeId":101608,"splitPointId":3074,"entryId":20609,"elapsedDurationMs":626300,"elapsedDuration":"PT10M26.3S","splitDateTime":"2019-10-27T12:04:26.3","splitDateTimeLocal":"2019-10-27T13:04:26.3+01:00"},{"startDateTime":"2019-10-27T11:58:00","startDateTimeLocal":"2019-10-27T12:58:00+01:00","stageTimeDurationMs":653413,"stageTimeDuration":"00:10:53.4130000","splitPointTimeId":101612,"splitPointId":3074,"entryId":20612,"elapsedDurationMs":624200,"elapsedDuration":"PT10M24.2S","splitDateTime":"2019-10-27T12:08:24.2","splitDateTimeLocal":"2019-10-27T13:08:24.2+01:00"},{"startDateTime":"2019-10-27T12:02:00","startDateTimeLocal":"2019-10-27T13:02:00+01:00","stageTimeDurationMs":649652,"stageTimeDuration":"00:10:49.6520000","splitPointTimeId":101616,"splitPointId":3074,"entryId":20610,"elapsedDurationMs":620400,"elapsedDuration":"PT10M20.4S","splitDateTime":"2019-10-27T12:12:20.4","splitDateTimeLocal":"2019-10-27T13:12:20.4+01:00"},{"startDateTime":"2019-10-27T12:06:00","startDateTimeLocal":"2019-10-27T13:06:00+01:00","stageTimeDurationMs":673220,"stageTimeDuration":"00:11:13.2200000","splitPointTimeId":101623,"splitPointId":3074,"entryId":20615,"elapsedDurationMs":643000,"elapsedDuration":"PT10M43S","splitDateTime":"2019-10-27T12:16:43","splitDateTimeLocal":"2019-10-27T13:16:43+01:00"},{"startDateTime":"2019-10-27T12:08:00","startDateTimeLocal":"2019-10-27T13:08:00+01:00","stageTimeDurationMs":693977,"stageTimeDuration":"00:11:33.9770000","splitPointTimeId":101630,"splitPointId":3074,"entryId":20616,"elapsedDurationMs":663700,"elapsedDuration":"PT11M3.7S","splitDateTime":"2019-10-27T12:19:03.7","splitDateTimeLocal":"2019-10-27T13:19:03.7+01:00"},{"startDateTime":"2019-10-27T12:10:00","startDateTimeLocal":"2019-10-27T13:10:00+01:00","stageTimeDurationMs":695370,"stageTimeDuration":"00:11:35.3700000","splitPointTimeId":101636,"splitPointId":3074,"entryId":20617,"elapsedDurationMs":664800,"elapsedDuration":"PT11M4.8S","splitDateTime":"2019-10-27T12:21:04.8","splitDateTimeLocal":"2019-10-27T13:21:04.8+01:00"},{"startDateTime":"2019-10-27T12:11:00","startDateTimeLocal":"2019-10-27T13:11:00+01:00","stageTimeDurationMs":731106,"stageTimeDuration":"00:12:11.1060000","splitPointTimeId":101641,"splitPointId":3074,"entryId":20620,"elapsedDurationMs":699000,"elapsedDuration":"PT11M39S","splitDateTime":"2019-10-27T12:22:39","splitDateTimeLocal":"2019-10-27T13:22:39+01:00"},{"startDateTime":"2019-10-27T12:12:00","startDateTimeLocal":"2019-10-27T13:12:00+01:00","stageTimeDurationMs":711050,"stageTimeDuration":"00:11:51.0500000","splitPointTimeId":101645,"splitPointId":3074,"entryId":20622,"elapsedDurationMs":679800,"elapsedDuration":"PT11M19.8S","splitDateTime":"2019-10-27T12:23:19.8","splitDateTimeLocal":"2019-10-27T13:23:19.8+01:00"},{"startDateTime":"2019-10-27T12:13:00","startDateTimeLocal":"2019-10-27T13:13:00+01:00","stageTimeDurationMs":695830,"stageTimeDuration":"00:11:35.8300000","splitPointTimeId":101647,"splitPointId":3074,"entryId":20632,"elapsedDurationMs":665100,"elapsedDuration":"PT11M5.1S","splitDateTime":"2019-10-27T12:24:05.1","splitDateTimeLocal":"2019-10-27T13:24:05.1+01:00"},{"startDateTime":"2019-10-27T12:14:00","startDateTimeLocal":"2019-10-27T13:14:00+01:00","stageTimeDurationMs":694392,"stageTimeDuration":"00:11:34.3920000","splitPointTimeId":101650,"splitPointId":3074,"entryId":20626,"elapsedDurationMs":663900,"elapsedDuration":"PT11M3.9S","splitDateTime":"2019-10-27T12:25:03.9","splitDateTimeLocal":"2019-10-27T13:25:03.9+01:00"},{"startDateTime":"2019-10-27T12:15:00","startDateTimeLocal":"2019-10-27T13:15:00+01:00","stageTimeDurationMs":710047,"stageTimeDuration":"00:11:50.0470000","splitPointTimeId":101656,"splitPointId":3074,"entryId":20637,"elapsedDurationMs":678800,"elapsedDuration":"PT11M18.8S","splitDateTime":"2019-10-27T12:26:18.8","splitDateTimeLocal":"2019-10-27T13:26:18.8+01:00"},{"startDateTime":"2019-10-27T12:16:00","startDateTimeLocal":"2019-10-27T13:16:00+01:00","stageTimeDurationMs":698733,"stageTimeDuration":"00:11:38.7330000","splitPointTimeId":101658,"splitPointId":3074,"entryId":20625,"elapsedDurationMs":667500,"elapsedDuration":"PT11M7.5S","splitDateTime":"2019-10-27T12:27:07.5","splitDateTimeLocal":"2019-10-27T13:27:07.5+01:00"},{"startDateTime":"2019-10-27T12:18:00","startDateTimeLocal":"2019-10-27T13:18:00+01:00","stageTimeDurationMs":705115,"stageTimeDuration":"00:11:45.1150000","splitPointTimeId":101665,"splitPointId":3074,"entryId":20633,"elapsedDurationMs":674200,"elapsedDuration":"PT11M14.2S","splitDateTime":"2019-10-27T12:29:14.2","splitDateTimeLocal":"2019-10-27T13:29:14.2+01:00"},{"startDateTime":"2019-10-27T12:17:00","startDateTimeLocal":"2019-10-27T13:17:00+01:00","stageTimeDurationMs":815148,"stageTimeDuration":"00:13:35.1480000","splitPointTimeId":101669,"splitPointId":3074,"entryId":20638,"elapsedDurationMs":780300,"elapsedDuration":"PT13M0.3S","splitDateTime":"2019-10-27T12:30:00.3","splitDateTimeLocal":"2019-10-27T13:30:00.3+01:00"},{"startDateTime":"2019-10-27T12:20:00","startDateTimeLocal":"2019-10-27T13:20:00+01:00","stageTimeDurationMs":684723,"stageTimeDuration":"00:11:24.7230000","splitPointTimeId":101670,"splitPointId":3074,"entryId":20636,"elapsedDurationMs":654400,"elapsedDuration":"PT10M54.4S","splitDateTime":"2019-10-27T12:30:54.4","splitDateTimeLocal":"2019-10-27T13:30:54.4+01:00"},{"startDateTime":"2019-10-27T12:21:00","startDateTimeLocal":"2019-10-27T13:21:00+01:00","stageTimeDurationMs":700094,"stageTimeDuration":"00:11:40.0940000","splitPointTimeId":101676,"splitPointId":3074,"entryId":20623,"elapsedDurationMs":669300,"elapsedDuration":"PT11M9.3S","splitDateTime":"2019-10-27T12:32:09.3","splitDateTimeLocal":"2019-10-27T13:32:09.3+01:00"},{"startDateTime":"2019-10-27T12:22:00","startDateTimeLocal":"2019-10-27T13:22:00+01:00","stageTimeDurationMs":694369,"stageTimeDuration":"00:11:34.3690000","splitPointTimeId":101678,"splitPointId":3074,"entryId":20629,"elapsedDurationMs":664400,"elapsedDuration":"PT11M4.4S","splitDateTime":"2019-10-27T12:33:04.4","splitDateTimeLocal":"2019-10-27T13:33:04.4+01:00"},{"startDateTime":"2019-10-27T12:23:00","startDateTimeLocal":"2019-10-27T13:23:00+01:00","stageTimeDurationMs":763800,"stageTimeDuration":"00:12:43.8000000","splitPointTimeId":101684,"splitPointId":3074,"entryId":20639,"elapsedDurationMs":730000,"elapsedDuration":"PT12M10S","splitDateTime":"2019-10-27T12:35:10","splitDateTimeLocal":"2019-10-27T13:35:10+01:00"},{"startDateTime":"2019-10-27T12:24:00","startDateTimeLocal":"2019-10-27T13:24:00+01:00","stageTimeDurationMs":769579,"stageTimeDuration":"00:12:49.5790000","splitPointTimeId":101688,"splitPointId":3074,"entryId":20634,"elapsedDurationMs":735800,"elapsedDuration":"PT12M15.8S","splitDateTime":"2019-10-27T12:36:15.8","splitDateTimeLocal":"2019-10-27T13:36:15.8+01:00"},{"startDateTime":"2019-10-27T12:25:00","startDateTimeLocal":"2019-10-27T13:25:00+01:00","stageTimeDurationMs":762518,"stageTimeDuration":"00:12:42.5180000","splitPointTimeId":101696,"splitPointId":3074,"entryId":20643,"elapsedDurationMs":729300,"elapsedDuration":"PT12M9.3S","splitDateTime":"2019-10-27T12:37:09.3","splitDateTimeLocal":"2019-10-27T13:37:09.3+01:00"},{"startDateTime":"2019-10-27T12:26:00","startDateTimeLocal":"2019-10-27T13:26:00+01:00","stageTimeDurationMs":777508,"stageTimeDuration":"00:12:57.5080000","splitPointTimeId":101698,"splitPointId":3074,"entryId":20647,"elapsedDurationMs":743600,"elapsedDuration":"PT12M23.6S","splitDateTime":"2019-10-27T12:38:23.6","splitDateTimeLocal":"2019-10-27T13:38:23.6+01:00"},{"startDateTime":"2019-10-27T12:27:00","startDateTimeLocal":"2019-10-27T13:27:00+01:00","stageTimeDurationMs":783147,"stageTimeDuration":"00:13:03.1470000","splitPointTimeId":101700,"splitPointId":3074,"entryId":20650,"elapsedDurationMs":748800,"elapsedDuration":"PT12M28.8S","splitDateTime":"2019-10-27T12:39:28.8","splitDateTimeLocal":"2019-10-27T13:39:28.8+01:00"},{"startDateTime":"2019-10-27T12:28:00","startDateTimeLocal":"2019-10-27T13:28:00+01:00","stageTimeDurationMs":780265,"stageTimeDuration":"00:13:00.2650000","splitPointTimeId":101702,"splitPointId":3074,"entryId":20660,"elapsedDurationMs":746200,"elapsedDuration":"PT12M26.2S","splitDateTime":"2019-10-27T12:40:26.2","splitDateTimeLocal":"2019-10-27T13:40:26.2+01:00"},{"startDateTime":"2019-10-27T12:29:00","startDateTimeLocal":"2019-10-27T13:29:00+01:00","stageTimeDurationMs":826040,"stageTimeDuration":"00:13:46.0400000","splitPointTimeId":101709,"splitPointId":3074,"entryId":20659,"elapsedDurationMs":789200,"elapsedDuration":"PT13M9.2S","splitDateTime":"2019-10-27T12:42:09.2","splitDateTimeLocal":"2019-10-27T13:42:09.2+01:00"},{"startDateTime":"2019-10-27T12:31:00","startDateTimeLocal":"2019-10-27T13:31:00+01:00","stageTimeDurationMs":801372,"stageTimeDuration":"00:13:21.3720000","splitPointTimeId":101713,"splitPointId":3074,"entryId":20642,"elapsedDurationMs":766800,"elapsedDuration":"PT12M46.8S","splitDateTime":"2019-10-27T12:43:46.8","splitDateTimeLocal":"2019-10-27T13:43:46.8+01:00"},{"startDateTime":"2019-10-27T12:32:00","startDateTimeLocal":"2019-10-27T13:32:00+01:00","stageTimeDurationMs":774837,"stageTimeDuration":"00:12:54.8370000","splitPointTimeId":101716,"splitPointId":3074,"entryId":20648,"elapsedDurationMs":740700,"elapsedDuration":"PT12M20.7S","splitDateTime":"2019-10-27T12:44:20.7","splitDateTimeLocal":"2019-10-27T13:44:20.7+01:00"},{"startDateTime":"2019-10-27T12:33:00","startDateTimeLocal":"2019-10-27T13:33:00+01:00","stageTimeDurationMs":836917,"stageTimeDuration":"00:13:56.9170000","splitPointTimeId":101720,"splitPointId":3074,"entryId":20663,"elapsedDurationMs":800000,"elapsedDuration":"PT13M20S","splitDateTime":"2019-10-27T12:46:20","splitDateTimeLocal":"2019-10-27T13:46:20+01:00"},{"startDateTime":"2019-10-27T12:34:00","startDateTimeLocal":"2019-10-27T13:34:00+01:00","stageTimeDurationMs":944529,"stageTimeDuration":"00:15:44.5290000","splitPointTimeId":101727,"splitPointId":3074,"entryId":20652,"elapsedDurationMs":909700,"elapsedDuration":"PT15M9.7S","splitDateTime":"2019-10-27T12:49:09.7","splitDateTimeLocal":"2019-10-27T13:49:09.7+01:00"},{"startDateTime":"2019-10-27T12:36:00","startDateTimeLocal":"2019-10-27T13:36:00+01:00","stageTimeDurationMs":826277,"stageTimeDuration":"00:13:46.2770000","splitPointTimeId":101728,"splitPointId":3074,"entryId":20661,"elapsedDurationMs":789400,"elapsedDuration":"PT13M9.4S","splitDateTime":"2019-10-27T12:49:09.4","splitDateTimeLocal":"2019-10-27T13:49:09.4+01:00"},{"startDateTime":"2019-10-27T12:37:00","startDateTimeLocal":"2019-10-27T13:37:00+01:00","stageTimeDurationMs":835508,"stageTimeDuration":"00:13:55.5080000","splitPointTimeId":101730,"splitPointId":3074,"entryId":20665,"elapsedDurationMs":798500,"elapsedDuration":"PT13M18.5S","splitDateTime":"2019-10-27T12:50:18.5","splitDateTimeLocal":"2019-10-27T13:50:18.5+01:00"},{"startDateTime":"2019-10-27T12:38:00","startDateTimeLocal":"2019-10-27T13:38:00+01:00","stageTimeDurationMs":851058,"stageTimeDuration":"00:14:11.0580000","splitPointTimeId":101734,"splitPointId":3074,"entryId":20664,"elapsedDurationMs":814000,"elapsedDuration":"PT13M34S","splitDateTime":"2019-10-27T12:51:34","splitDateTimeLocal":"2019-10-27T13:51:34+01:00"},{"startDateTime":"2019-10-27T12:40:00","startDateTimeLocal":"2019-10-27T13:40:00+01:00","stageTimeDurationMs":771982,"stageTimeDuration":"00:12:51.9820000","splitPointTimeId":101735,"splitPointId":3074,"entryId":20640,"elapsedDurationMs":738200,"elapsedDuration":"PT12M18.2S","splitDateTime":"2019-10-27T12:52:18.2","splitDateTimeLocal":"2019-10-27T13:52:18.2+01:00"},{"startDateTime":"2019-10-27T12:41:00","startDateTimeLocal":"2019-10-27T13:41:00+01:00","stageTimeDurationMs":937065,"stageTimeDuration":"00:15:37.0650000","splitPointTimeId":101737,"splitPointId":3074,"entryId":20668,"elapsedDurationMs":896700,"elapsedDuration":"PT14M56.7S","splitDateTime":"2019-10-27T12:55:56.7","splitDateTimeLocal":"2019-10-27T13:55:56.7+01:00"}]