[{"entryId":20609,"stageTimeMs":2721700,"stageTime":"PT45M21.7S","penaltyTimeMs":0,"penaltyTime":"PT0S","totalTimeMs":2721700,"totalTime":"PT45M21.7S","position":1,"diffFirstMs":0,"diffFirst":"PT0S","diffPrevMs":0,"diffPrev":"PT0S"},{"entryId":20612,"stageTimeMs":2725900,"stageTime":"PT45M25.9S","penaltyTimeMs":0,"penaltyTime":"PT0S","totalTimeMs":2725900,"totalTime":"PT45M25.9S","position":2,"diffFirstMs":4200,"diffFirst":"PT4.2S","diffPrevMs":4200,"diffPrev":"PT4.2S"},{"entryId":20610,"stageTimeMs":2733400,"stageTime":"PT45M33.4S","penaltyTimeMs":0,"penaltyTime":"PT0S","totalTimeMs":2733400,"totalTime":"PT45M33.4S","position":3,"diffFirstMs":11700,"diffFirst":"PT11.7S","diffPrevMs":7500,"diffPrev":"PT7.5S"},{"entryId":20613,"stageTimeMs":2736400,"stageTime":"PT45M36.4S","penaltyTimeMs":0,"penaltyTime":"PT0S","totalTimeMs":2736400,"totalTime":"PT45M36.4S","position":4,"diffFirstMs":14700,"diffFirst":"PT14.7S","diffPrevMs":3000,"diffPrev":"PT3S"},{"entryId":20614,"stageTimeMs":2736500,"stageTime":"PT45M36.5S","penaltyTimeMs":0,"penaltyTime":"PT0S","totalTimeMs":2736500,"totalTime":"PT45M36.5S","position":5,"diffFirstMs":14800,"diffFirst":"PT14.8S","diffPrevMs":100,"diffPrev":"PT0.1S"},{"entryId":20608,"stageTimeMs":2736800,"stageTime":"PT45M36.8S","penaltyTimeMs":0,"penaltyTime":"PT0S","totalTimeMs":2736800,"totalTime":"PT45M36.8S","position":6,"diffFirstMs":15100,"diffFirst":"PT15.1S","diffPrevMs":300,"diffPrev":"PT0.3S"},{"entryId":20607,"stageTimeMs":2737400,"stageTime":"PT45M37.4S","penaltyTimeMs":0,"penaltyTime":"PT0S","totalTimeMs":2737400,"totalTime":"PT45M37.4S","position":7,"diffFirstMs":15700,"diffFirst":"PT15.7S","diffPrevMs":600,"diffPrev":"PT0.6S"},{"entryId":20611,"stageTimeMs":2748000,"stageTime":"PT45M48S","penaltyTimeMs":0,"penaltyTime":"PT0S","totalTimeMs":2748000,"totalTime":"PT45M48S","position":8,"diffFirstMs":26300,"diffFirst":"PT26.3S","diffPrevMs":10600,"diffPrev":"PT10.6S"},{"entryId":20606,"stageTimeMs":2751700,"stageTime":"PT45M51.7S","penaltyTimeMs":0,"penaltyTime":"PT0S","totalTimeMs":2751700,"totalTime":"PT45M51.7S","position":9,"diffFirstMs":30000,"diffFirst":"PT30S","diffPrevMs":3700,"diffPrev":"PT3.7S"},{"entryId":20615,"stageTimeMs":2794200,"stageTime":"PT46M34.2S","penaltyTimeMs":0,"penaltyTime":"PT0S","totalTimeMs":2794200,"totalTime":"PT46M34.2S","position":10,"diffFirstMs":72500,"diffFirst":"PT1M12.5S","diffPrevMs":42500,"diffPrev":"PT42.5S"},{"entryId":20618,"stageTimeMs":2811100,"stageTime":"PT46M51.1S","penaltyTimeMs":0,"penaltyTime":"PT0S","totalTimeMs":2811100,"totalTime":"PT46M51.1S","position":11,"diffFirstMs":89400,"diffFirst":"PT1M29.4S","diffPrevMs":16900,"diffPrev":"PT16.9S"},{"entryId":20620,"stageTimeMs":2827200,"stageTime":"PT47M7.2S","penaltyTimeMs":0,"penaltyTime":"PT0S","totalTimeMs":2827200,"totalTime":"PT47M7.2S","position":12,"diffFirstMs":105500,"diffFirst":"PT1M45.5S","diffPrevMs":16100,"diffPrev":"PT16.1S"},{"entryId":20616,"stageTimeMs":2836700,"stageTime":"PT47M16.7S","penaltyTimeMs":0,"penaltyTime":"PT0S","totalTimeMs":2836700,"totalTime":"PT47M16.7S","position":13,"diffFirstMs":115000,"diffFirst":"PT1M55S","diffPrevMs":9500,"diffPrev":"PT9.5S"},{"entryId":20626,"stageTimeMs":2838500,"stageTime":"PT47M18.5S","penaltyTimeMs":0,"penaltyTime":"PT0S","totalTimeMs":2838500,"totalTime":"PT47M18.5S","position":14,"diffFirstMs":116800,"diffFirst":"PT1M56.8S","diffPrevMs":1800,"diffPrev":"PT1.8S"},{"entryId":20635,"stageTimeMs":2838900,"stageTime":"PT47M18.9S","penaltyTimeMs":0,"penaltyTime":"PT0S","totalTimeMs":2838900,"totalTime":"PT47M18.9S","position":15,"diffFirstMs":117200,"diffFirst":"PT1M57.2S","diffPrevMs":400,"diffPrev":"PT0.4S"},{"entryId":20631,"stageTimeMs":2844400,"stageTime":"PT47M24.4S","penaltyTimeMs":0,"penaltyTime":"PT0S","totalTimeMs":2844400,"totalTime":"PT47M24.4S","position":16,"diffFirstMs":122700,"diffFirst":"PT2M2.7S","diffPrevMs":5500,"diffPrev":"PT5.5S"},{"entryId":20622,"stageTimeMs":2846300,"stageTime":"PT47M26.3S","penaltyTimeMs":0,"penaltyTime":"PT0S","totalTimeMs":2846300,"totalTime":"PT47M26.3S","position":17,"diffFirstMs":124600,"diffFirst":"PT2M4.6S","diffPrevMs":1900,"diffPrev":"PT1.9S"},{"entryId":20623,"stageTimeMs":2853700,"stageTime":"PT47M33.7S","penaltyTimeMs":0,"penaltyTime":"PT0S","totalTimeMs":2853700,"totalTime":"PT47M33.7S","position":18,"diffFirstMs":132000,"diffFirst":"PT2M12S","diffPrevMs":7400,"diffPrev":"PT7.4S"},{"entryId":20632,"stageTimeMs":2855500,"stageTime":"PT47M35.5S","penaltyTimeMs":0,"penaltyTime":"PT0S","totalTimeMs":2855500,"totalTime":"PT47M35.5S","position":19,"diffFirstMs":133800,"diffFirst":"PT2M13.8S","diffPrevMs":1800,"diffPrev":"PT1.8S"},{"entryId":20625,"stageTimeMs":2857000,"stageTime":"PT47M37S","penaltyTimeMs":0,"penaltyTime":"PT0S","totalTimeMs":2857000,"totalTime":"PT47M37S","position":20,"diffFirstMs":135300,"diffFirst":"PT2M15.3S","diffPrevMs":1500,"diffPrev":"PT1.5S"},{"entryId":20619,"stageTimeMs":2864000,"stageTime":"PT47M44S","penaltyTimeMs":0,"penaltyTime":"PT0S","totalTimeMs":2864000,"totalTime":"PT47M44S","position":21,"diffFirstMs":142300,"diffFirst":"PT2M22.3S","diffPrevMs":7000,"diffPrev":"PT7S"},{"entryId":20624,"stageTimeMs":2866100,"stageTime":"PT47M46.1S","penaltyTimeMs":0,"penaltyTime":"PT0S","totalTimeMs":2866100,"totalTime":"PT47M46.1S","position":22,"diffFirstMs":144400,"diffFirst":"PT2M24.4S","diffPrevMs":2100,"diffPrev":"PT2.1S"},{"entryId":20638,"stageTimeMs":2906100,"stageTime":"PT48M26.1S","penaltyTimeMs":0,"penaltyTime":"PT0S","totalTimeMs":2906100,"totalTime":"PT48M26.1S","position":23,"diffFirstMs":184400,"diffFirst":"PT3M4.4S","diffPrevMs":40000,"diffPrev":"PT40S"},{"entryId":20637,"stageTimeMs":2907100,"stageTime":"PT48M27.1S","penaltyTimeMs":0,"penaltyTime":"PT0S","totalTimeMs":2907100,"totalTime":"PT48M27.1S","position":24,"diffFirstMs":185400,"diffFirst":"PT3M5.4S","diffPrevMs":1000,"diffPrev":"PT1S"},{"entryId":20633,"stageTimeMs":2922300,"stageTime":"PT48M42.3S","penaltyTimeMs":0,"penaltyTime":"PT0S","totalTimeMs":2922300,"totalTime":"PT48M42.3S","position":25,"diffFirstMs":200600,"diffFirst":"PT3M20.6S","diffPrevMs":15200,"diffPrev":"PT15.2S"},{"entryId":20617,"stageTimeMs":2923700,"stageTime":"PT48M43.7S","penaltyTimeMs":0,"penaltyTime":"PT0S","totalTimeMs":2923700,"totalTime":"PT48M43.7S","position":26,"diffFirstMs":202000,"diffFirst":"PT3M22S","diffPrevMs":1400,"diffPrev":"PT1.4S"},{"entryId":20605,"stageTimeMs":2942400,"stageTime":"PT49M2.4S","penaltyTimeMs":0,"penaltyTime":"PT0S","totalTimeMs":2942400,"totalTime":"PT49M2.4S","position":27,"diffFirstMs":220700,"diffFirst":"PT3M40.7S","diffPrevMs":18700,"diffPrev":"PT18.7S"},{"entryId":20621,"stageTimeMs":2945800,"stageTime":"PT49M5.8S","penaltyTimeMs":0,"penaltyTime":"PT0S","totalTimeMs":2945800,"totalTime":"PT49M5.8S","position":28,"diffFirstMs":224100,"diffFirst":"PT3M44.1S","diffPrevMs":3400,"diffPrev":"PT3.4S"},{"entryId":20639,"stageTimeMs":3041800,"stageTime":"PT50M41.8S","penaltyTimeMs":0,"penaltyTime":"PT0S","totalTimeMs":3041800,"totalTime":"PT50M41.8S","position":29,"diffFirstMs":320100,"diffFirst":"PT5M20.1S","diffPrevMs":96000,"diffPrev":"PT1M36S"},{"entryId":20628,"stageTimeMs":3101100,"stageTime":"PT51M41.1S","penaltyTimeMs":0,"penaltyTime":"PT0S","totalTimeMs":3101100,"totalTime":"PT51M41.1S","position":30,"diffFirstMs":379400,"diffFirst":"PT6M19.4S","diffPrevMs":59300,"diffPrev":"PT59.3S"},{"entryId":20656,"stageTimeMs":3128800,"stageTime":"PT52M8.8S","penaltyTimeMs":0,"penaltyTime":"PT0S","totalTimeMs":3128800,"totalTime":"PT52M8.8S","position":31,"diffFirstMs":407100,"diffFirst":"PT6M47.1S","diffPrevMs":27700,"diffPrev":"PT27.7S"},{"entryId":20652,"stageTimeMs":3195200,"stageTime":"PT53M15.2S","penaltyTimeMs":0,"penaltyTime":"PT0S","totalTimeMs":3195200,"totalTime":"PT53M15.2S","position":32,"diffFirstMs":473500,"diffFirst":"PT7M53.5S","diffPrevMs":66400,"diffPrev":"PT1M6.4S"},{"entryId":20645,"stageTimeMs":3201000,"stageTime":"PT53M21S","penaltyTimeMs":0,"penaltyTime":"PT0S","totalTimeMs":3201000,"totalTime":"PT53M21S","position":33,"diffFirstMs":479300,"diffFirst":"PT7M59.3S","diffPrevMs":5800,"diffPrev":"PT5.8S"},{"entryId":20650,"stageTimeMs":3203900,"stageTime":"PT53M23.9S","penaltyTimeMs":0,"penaltyTime":"PT0S","totalTimeMs":3203900,"totalTime":"PT53M23.9S","position":34,"diffFirstMs":482200,"diffFirst":"PT8M2.2S","diffPrevMs":2900,"diffPrev":"PT2.9S"},{"entryId":20634,"stageTimeMs":3210300,"stageTime":"PT53M30.3S","penaltyTimeMs":0,"penaltyTime":"PT0S","totalTimeMs":3210300,"totalTime":"PT53M30.3S","position":35,"diffFirstMs":488600,"diffFirst":"PT8M8.6S","diffPrevMs":6400,"diffPrev":"PT6.4S"},{"entryId":20646,"stageTimeMs":3225100,"stageTime":"PT53M45.1S","penaltyTimeMs":0,"penaltyTime":"PT0S","totalTimeMs":3225100,"totalTime":"PT53M45.1S","position":36,"diffFirstMs":503400,"diffFirst":"PT8M23.4S","diffPrevMs":14800,"diffPrev":"PT14.8S"},{"entryId":20643,"stageTimeMs":3236100,"stageTime":"PT53M56.1S","penaltyTimeMs":0,"penaltyTime":"PT0S","totalTimeMs":3236100,"totalTime":"PT53M56.1S","position":37,"diffFirstMs":514400,"diffFirst":"PT8M34.4S","diffPrevMs":11000,"diffPrev":"PT11S"},{"entryId":20648,"stageTimeMs":3244400,"stageTime":"PT54M4.4S","penaltyTimeMs":0,"penaltyTime":"PT0S","totalTimeMs":3244400,"totalTime":"PT54M4.4S","position":38,"diffFirstMs":522700,"diffFirst":"PT8M42.7S","diffPrevMs":8300,"diffPrev":"PT8.3S"},{"entryId":20653,"stageTimeMs":3242900,"stageTime":"PT54M2.9S","penaltyTimeMs":10000,"penaltyTime":"PT10S","totalTimeMs":3252900,"totalTime":"PT54M12.9S","position":39,"diffFirstMs":531200,"diffFirst":"PT8M51.2S","diffPrevMs":8500,"diffPrev":"PT8.5S"},{"entryId":20659,"stageTimeMs":3268400,"stageTime":"PT54M28.4S","penaltyTimeMs":0,"penaltyTime":"PT0S","totalTimeMs":3268400,"totalTime":"PT54M28.4S","position":40,"diffFirstMs":546700,"diffFirst":"PT9M6.7S","diffPrevMs":15500,"diffPrev":"PT15.5S"},{"entryId":20651,"stageTimeMs":3275900,"stageTime":"PT54M35.9S","penaltyTimeMs":0,"penaltyTime":"PT0S","totalTimeMs":3275900,"totalTime":"PT54M35.9S","position":41,"diffFirstMs":554200,"diffFirst":"PT9M14.2S","diffPrevMs":7500,"diffPrev":"PT7.5S"},{"entryId":20657,"stageTimeMs":3284800,"stageTime":"PT54M44.8S","penaltyTimeMs":0,"penaltyTime":"PT0S","totalTimeMs":3284800,"totalTime":"PT54M44.8S","position":42,"diffFirstMs":563100,"diffFirst":"PT9M23.1S","diffPrevMs":8900,"diffPrev":"PT8.9S"},{"entryId":20660,"stageTimeMs":3297600,"stageTime":"PT54M57.6S","penaltyTimeMs":0,"penaltyTime":"PT0S","totalTimeMs":3297600,"totalTime":"PT54M57.6S","position":43,"diffFirstMs":575900,"diffFirst":"PT9M35.9S","diffPrevMs":12800,"diffPrev":"PT12.8S"},{"entryId":20636,"stageTimeMs":3315400,"stageTime":"PT55M15.4S","penaltyTimeMs":0,"penaltyTime":"PT0S","totalTimeMs":3315400,"totalTime":"PT55M15.4S","position":44,"diffFirstMs":593700,"diffFirst":"PT9M53.7S","diffPrevMs":17800,"diffPrev":"PT17.8S"},{"entryId":20642,"stageTimeMs":3319700,"stageTime":"PT55M19.7S","penaltyTimeMs":0,"penaltyTime":"PT0S","totalTimeMs":3319700,"totalTime":"PT55M19.7S","position":45,"diffFirstMs":598000,"diffFirst":"PT9M58S","diffPrevMs":4300,"diffPrev":"PT4.3S"},{"entryId":20647,"stageTimeMs":3320900,"stageTime":"PT55M20.9S","penaltyTimeMs":0,"penaltyTime":"PT0S","totalTimeMs":3320900,"totalTime":"PT55M20.9S","position":46,"diffFirstMs":599200,"diffFirst":"PT9M59.2S","diffPrevMs":1200,"diffPrev":"PT1.2S"},{"entryId":20644,"stageTimeMs":3337300,"stageTime":"PT55M37.3S","penaltyTimeMs":0,"penaltyTime":"PT0S","totalTimeMs":3337300,"totalTime":"PT55M37.3S","position":47,"diffFirstMs":615600,"diffFirst":"PT10M15.6S","diffPrevMs":16400,"diffPrev":"PT16.4S"},{"entryId":20665,"stageTimeMs":3473100,"stageTime":"PT57M53.1S","penaltyTimeMs":0,"penaltyTime":"PT0S","totalTimeMs":3473100,"totalTime":"PT57M53.1S","position":48,"diffFirstMs":751400,"diffFirst":"PT12M31.4S","diffPrevMs":135800,"diffPrev":"PT2M15.8S"},{"entryId":20640,"stageTimeMs":3481000,"stageTime":"PT58M1S","penaltyTimeMs":0,"penaltyTime":"PT0S","totalTimeMs":3481000,"totalTime":"PT58M1S","position":49,"diffFirstMs":759300,"diffFirst":"PT12M39.3S","diffPrevMs":7900,"diffPrev":"PT7.9S"},{"entryId":20661,"stageTimeMs":3507100,"stageTime":"PT58M27.1S","penaltyTimeMs":0,"penaltyTime":"PT0S","totalTimeMs":3507100,"totalTime":"PT58M27.1S","position":50,"diffFirstMs":785400,"diffFirst":"PT13M5.4S","diffPrevMs":26100,"diffPrev":"PT26.1S"},{"entryId":20663,"stageTimeMs":3533600,"stageTime":"PT58M53.6S","penaltyTimeMs":0,"penaltyTime":"PT0S","totalTimeMs":3533600,"totalTime":"PT58M53.6S","position":51,"diffFirstMs":811900,"diffFirst":"PT13M31.9S","diffPrevMs":26500,"diffPrev":"PT26.5S"},{"entryId":20667,"stageTimeMs":3533800,"stageTime":"PT58M53.8S","penaltyTimeMs":0,"penaltyTime":"PT0S","totalTimeMs":3533800,"totalTime":"PT58M53.8S","position":52,"diffFirstMs":812100,"diffFirst":"PT13M32.1S","diffPrevMs":200,"diffPrev":"PT0.2S"},{"entryId":20649,"stageTimeMs":3656100,"stageTime":"PT1H56.1S","penaltyTimeMs":0,"penaltyTime":"PT0S","totalTimeMs":3656100,"totalTime":"PT1H56.1S","position":53,"diffFirstMs":934400,"diffFirst":"PT15M34.4S","diffPrevMs":122300,"diffPrev":"PT2M2.3S"},{"entryId":20666,"stageTimeMs":3670200,"stageTime":"PT1H1M10.2S","penaltyTimeMs":0,"penaltyTime":"PT0S","totalTimeMs":3670200,"totalTime":"PT1H1M10.2S","position":54,"diffFirstMs":948500,"diffFirst":"PT15M48.5S","diffPrevMs":14100,"diffPrev":"PT14.1S"},{"entryId":20664,"stageTimeMs":3680200,"stageTime":"PT1H1M20.2S","penaltyTimeMs":0,"penaltyTime":"PT0S","totalTimeMs":3680200,"totalTime":"PT1H1M20.2S","position":55,"diffFirstMs":958500,"diffFirst":"PT15M58.5S","diffPrevMs":10000,"diffPrev":"PT10S"},{"entryId":20654,"stageTimeMs":3694200,"stageTime":"PT1H1M34.2S","penaltyTimeMs":0,"penaltyTime":"PT0S","totalTimeMs":3694200,"totalTime":"PT1H1M34.2S","position":56,"diffFirstMs":972500,"diffFirst":"PT16M12.5S","diffPrevMs":14000,"diffPrev":"PT14S"},{"entryId":20629,"stageTimeMs":4094200,"stageTime":"PT1H8M14.2S","penaltyTimeMs":0,"penaltyTime":"PT0S","totalTimeMs":4094200,"totalTime":"PT1H8M14.2S","position":57,"diffFirstMs":1372500,"diffFirst":"PT22M52.5S","diffPrevMs":400000,"diffPrev":"PT6M40S"},{"entryId":20668,"stageTimeMs":4106000,"stageTime":"PT1H8M26S","penaltyTimeMs":0,"penaltyTime":"PT0S","totalTimeMs":4106000,"totalTime":"PT1H8M26S","position":58,"diffFirstMs":1384300,"diffFirst":"PT23M4.3S","diffPrevMs":11800,"diffPrev":"PT11.8S"},{"entryId":20641,"stageTimeMs":4434600,"stageTime":"PT1H13M54.6S","penaltyTimeMs":0,"penaltyTime":"PT0S","totalTimeMs":4434600,"totalTime":"PT1H13M54.6S","position":59,"diffFirstMs":1712900,"diffFirst":"PT28M32.9S","diffPrevMs":328600,"diffPrev":"PT5M28.6S"}]