[{"entryId":20174,"stageTimeMs":2905400,"stageTime":"PT48M25.4S","penaltyTimeMs":0,"penaltyTime":"PT0S","totalTimeMs":2905400,"totalTime":"PT48M25.4S","position":1,"diffFirstMs":0,"diffFirst":"PT0S","diffPrevMs":0,"diffPrev":"PT0S"},{"entryId":20182,"stageTimeMs":2907500,"stageTime":"PT48M27.5S","penaltyTimeMs":0,"penaltyTime":"PT0S","totalTimeMs":2907500,"totalTime":"PT48M27.5S","position":2,"diffFirstMs":2100,"diffFirst":"PT2.1S","diffPrevMs":2100,"diffPrev":"PT2.1S"},{"entryId":20172,"stageTimeMs":2919700,"stageTime":"PT48M39.7S","penaltyTimeMs":0,"penaltyTime":"PT0S","totalTimeMs":2919700,"totalTime":"PT48M39.7S","position":3,"diffFirstMs":14300,"diffFirst":"PT14.3S","diffPrevMs":12200,"diffPrev":"PT12.2S"},{"entryId":20173,"stageTimeMs":2922200,"stageTime":"PT48M42.2S","penaltyTimeMs":0,"penaltyTime":"PT0S","totalTimeMs":2922200,"totalTime":"PT48M42.2S","position":4,"diffFirstMs":16800,"diffFirst":"PT16.8S","diffPrevMs":2500,"diffPrev":"PT2.5S"},{"entryId":20179,"stageTimeMs":2924200,"stageTime":"PT48M44.2S","penaltyTimeMs":0,"penaltyTime":"PT0S","totalTimeMs":2924200,"totalTime":"PT48M44.2S","position":5,"diffFirstMs":18800,"diffFirst":"PT18.8S","diffPrevMs":2000,"diffPrev":"PT2S"},{"entryId":20178,"stageTimeMs":2924700,"stageTime":"PT48M44.7S","penaltyTimeMs":0,"penaltyTime":"PT0S","totalTimeMs":2924700,"totalTime":"PT48M44.7S","position":6,"diffFirstMs":19300,"diffFirst":"PT19.3S","diffPrevMs":500,"diffPrev":"PT0.5S"},{"entryId":20175,"stageTimeMs":2927200,"stageTime":"PT48M47.2S","penaltyTimeMs":0,"penaltyTime":"PT0S","totalTimeMs":2927200,"totalTime":"PT48M47.2S","position":7,"diffFirstMs":21800,"diffFirst":"PT21.8S","diffPrevMs":2500,"diffPrev":"PT2.5S"},{"entryId":20180,"stageTimeMs":2936400,"stageTime":"PT48M56.4S","penaltyTimeMs":0,"penaltyTime":"PT0S","totalTimeMs":2936400,"totalTime":"PT48M56.4S","position":8,"diffFirstMs":31000,"diffFirst":"PT31S","diffPrevMs":9200,"diffPrev":"PT9.2S"},{"entryId":20176,"stageTimeMs":2961900,"stageTime":"PT49M21.9S","penaltyTimeMs":0,"penaltyTime":"PT0S","totalTimeMs":2961900,"totalTime":"PT49M21.9S","position":9,"diffFirstMs":56500,"diffFirst":"PT56.5S","diffPrevMs":25500,"diffPrev":"PT25.5S"},{"entryId":20177,"stageTimeMs":3004000,"stageTime":"PT50M4S","penaltyTimeMs":0,"penaltyTime":"PT0S","totalTimeMs":3004000,"totalTime":"PT50M4S","position":10,"diffFirstMs":98600,"diffFirst":"PT1M38.6S","diffPrevMs":42100,"diffPrev":"PT42.1S"},{"entryId":20185,"stageTimeMs":3080700,"stageTime":"PT51M20.7S","penaltyTimeMs":0,"penaltyTime":"PT0S","totalTimeMs":3080700,"totalTime":"PT51M20.7S","position":11,"diffFirstMs":175300,"diffFirst":"PT2M55.3S","diffPrevMs":76700,"diffPrev":"PT1M16.7S"},{"entryId":20186,"stageTimeMs":3081000,"stageTime":"PT51M21S","penaltyTimeMs":0,"penaltyTime":"PT0S","totalTimeMs":3081000,"totalTime":"PT51M21S","position":12,"diffFirstMs":175600,"diffFirst":"PT2M55.6S","diffPrevMs":300,"diffPrev":"PT0.3S"},{"entryId":20189,"stageTimeMs":3116400,"stageTime":"PT51M56.4S","penaltyTimeMs":0,"penaltyTime":"PT0S","totalTimeMs":3116400,"totalTime":"PT51M56.4S","position":13,"diffFirstMs":211000,"diffFirst":"PT3M31S","diffPrevMs":35400,"diffPrev":"PT35.4S"},{"entryId":20188,"stageTimeMs":3120300,"stageTime":"PT52M0.3S","penaltyTimeMs":0,"penaltyTime":"PT0S","totalTimeMs":3120300,"totalTime":"PT52M0.3S","position":14,"diffFirstMs":214900,"diffFirst":"PT3M34.9S","diffPrevMs":3900,"diffPrev":"PT3.9S"},{"entryId":20184,"stageTimeMs":3232400,"stageTime":"PT53M52.4S","penaltyTimeMs":0,"penaltyTime":"PT0S","totalTimeMs":3232400,"totalTime":"PT53M52.4S","position":15,"diffFirstMs":327000,"diffFirst":"PT5M27S","diffPrevMs":112100,"diffPrev":"PT1M52.1S"},{"entryId":20194,"stageTimeMs":3250000,"stageTime":"PT54M10S","penaltyTimeMs":0,"penaltyTime":"PT0S","totalTimeMs":3250000,"totalTime":"PT54M10S","position":16,"diffFirstMs":344600,"diffFirst":"PT5M44.6S","diffPrevMs":17600,"diffPrev":"PT17.6S"},{"entryId":20196,"stageTimeMs":3300700,"stageTime":"PT55M0.7S","penaltyTimeMs":0,"penaltyTime":"PT0S","totalTimeMs":3300700,"totalTime":"PT55M0.7S","position":17,"diffFirstMs":395300,"diffFirst":"PT6M35.3S","diffPrevMs":50700,"diffPrev":"PT50.7S"},{"entryId":20192,"stageTimeMs":3298300,"stageTime":"PT54M58.3S","penaltyTimeMs":10000,"penaltyTime":"PT10S","totalTimeMs":3308300,"totalTime":"PT55M8.3S","position":18,"diffFirstMs":402900,"diffFirst":"PT6M42.9S","diffPrevMs":7600,"diffPrev":"PT7.6S"},{"entryId":20193,"stageTimeMs":3331100,"stageTime":"PT55M31.1S","penaltyTimeMs":0,"penaltyTime":"PT0S","totalTimeMs":3331100,"totalTime":"PT55M31.1S","position":19,"diffFirstMs":425700,"diffFirst":"PT7M5.7S","diffPrevMs":22800,"diffPrev":"PT22.8S"},{"entryId":20197,"stageTimeMs":3334400,"stageTime":"PT55M34.4S","penaltyTimeMs":0,"penaltyTime":"PT0S","totalTimeMs":3334400,"totalTime":"PT55M34.4S","position":20,"diffFirstMs":429000,"diffFirst":"PT7M9S","diffPrevMs":3300,"diffPrev":"PT3.3S"},{"entryId":20187,"stageTimeMs":3398900,"stageTime":"PT56M38.9S","penaltyTimeMs":0,"penaltyTime":"PT0S","totalTimeMs":3398900,"totalTime":"PT56M38.9S","position":21,"diffFirstMs":493500,"diffFirst":"PT8M13.5S","diffPrevMs":64500,"diffPrev":"PT1M4.5S"},{"entryId":20183,"stageTimeMs":3434300,"stageTime":"PT57M14.3S","penaltyTimeMs":0,"penaltyTime":"PT0S","totalTimeMs":3434300,"totalTime":"PT57M14.3S","position":22,"diffFirstMs":528900,"diffFirst":"PT8M48.9S","diffPrevMs":35400,"diffPrev":"PT35.4S"},{"entryId":20195,"stageTimeMs":3447500,"stageTime":"PT57M27.5S","penaltyTimeMs":0,"penaltyTime":"PT0S","totalTimeMs":3447500,"totalTime":"PT57M27.5S","position":23,"diffFirstMs":542100,"diffFirst":"PT9M2.1S","diffPrevMs":13200,"diffPrev":"PT13.2S"},{"entryId":20198,"stageTimeMs":3517400,"stageTime":"PT58M37.4S","penaltyTimeMs":0,"penaltyTime":"PT0S","totalTimeMs":3517400,"totalTime":"PT58M37.4S","position":24,"diffFirstMs":612000,"diffFirst":"PT10M12S","diffPrevMs":69900,"diffPrev":"PT1M9.9S"},{"entryId":20200,"stageTimeMs":3669800,"stageTime":"PT1H1M9.8S","penaltyTimeMs":0,"penaltyTime":"PT0S","totalTimeMs":3669800,"totalTime":"PT1H1M9.8S","position":25,"diffFirstMs":764400,"diffFirst":"PT12M44.4S","diffPrevMs":152400,"diffPrev":"PT2M32.4S"},{"entryId":20191,"stageTimeMs":3767700,"stageTime":"PT1H2M47.7S","penaltyTimeMs":0,"penaltyTime":"PT0S","totalTimeMs":3767700,"totalTime":"PT1H2M47.7S","position":26,"diffFirstMs":862300,"diffFirst":"PT14M22.3S","diffPrevMs":97900,"diffPrev":"PT1M37.9S"},{"entryId":20190,"stageTimeMs":3883400,"stageTime":"PT1H4M43.4S","penaltyTimeMs":0,"penaltyTime":"PT0S","totalTimeMs":3883400,"totalTime":"PT1H4M43.4S","position":27,"diffFirstMs":978000,"diffFirst":"PT16M18S","diffPrevMs":115700,"diffPrev":"PT1M55.7S"},{"entryId":20202,"stageTimeMs":4219000,"stageTime":"PT1H10M19S","penaltyTimeMs":60000,"penaltyTime":"PT1M","totalTimeMs":4279000,"totalTime":"PT1H11M19S","position":28,"diffFirstMs":1373600,"diffFirst":"PT22M53.6S","diffPrevMs":395600,"diffPrev":"PT6M35.6S"}]