[{"entryId":20058,"stageTimeMs":3174600,"stageTime":"PT52M54.6S","penaltyTimeMs":0,"penaltyTime":"PT0S","totalTimeMs":3174600,"totalTime":"PT52M54.6S","position":1,"diffFirstMs":0,"diffFirst":"PT0S","diffPrevMs":0,"diffPrev":"PT0S"},{"entryId":20057,"stageTimeMs":3175200,"stageTime":"PT52M55.2S","penaltyTimeMs":0,"penaltyTime":"PT0S","totalTimeMs":3175200,"totalTime":"PT52M55.2S","position":2,"diffFirstMs":600,"diffFirst":"PT0.6S","diffPrevMs":600,"diffPrev":"PT0.6S"},{"entryId":20056,"stageTimeMs":3175200,"stageTime":"PT52M55.2S","penaltyTimeMs":0,"penaltyTime":"PT0S","totalTimeMs":3175200,"totalTime":"PT52M55.2S","position":3,"diffFirstMs":600,"diffFirst":"PT0.6S","diffPrevMs":0,"diffPrev":"PT0S"},{"entryId":20055,"stageTimeMs":3175200,"stageTime":"PT52M55.2S","penaltyTimeMs":0,"penaltyTime":"PT0S","totalTimeMs":3175200,"totalTime":"PT52M55.2S","position":4,"diffFirstMs":600,"diffFirst":"PT0.6S","diffPrevMs":0,"diffPrev":"PT0S"},{"entryId":20063,"stageTimeMs":3184900,"stageTime":"PT53M4.9S","penaltyTimeMs":0,"penaltyTime":"PT0S","totalTimeMs":3184900,"totalTime":"PT53M4.9S","position":5,"diffFirstMs":10300,"diffFirst":"PT10.3S","diffPrevMs":9700,"diffPrev":"PT9.7S"},{"entryId":20064,"stageTimeMs":3186700,"stageTime":"PT53M6.7S","penaltyTimeMs":0,"penaltyTime":"PT0S","totalTimeMs":3186700,"totalTime":"PT53M6.7S","position":6,"diffFirstMs":12100,"diffFirst":"PT12.1S","diffPrevMs":1800,"diffPrev":"PT1.8S"},{"entryId":20053,"stageTimeMs":3188200,"stageTime":"PT53M8.2S","penaltyTimeMs":0,"penaltyTime":"PT0S","totalTimeMs":3188200,"totalTime":"PT53M8.2S","position":7,"diffFirstMs":13600,"diffFirst":"PT13.6S","diffPrevMs":1500,"diffPrev":"PT1.5S"},{"entryId":20059,"stageTimeMs":3203700,"stageTime":"PT53M23.7S","penaltyTimeMs":0,"penaltyTime":"PT0S","totalTimeMs":3203700,"totalTime":"PT53M23.7S","position":8,"diffFirstMs":29100,"diffFirst":"PT29.1S","diffPrevMs":15500,"diffPrev":"PT15.5S"},{"entryId":20054,"stageTimeMs":3215200,"stageTime":"PT53M35.2S","penaltyTimeMs":0,"penaltyTime":"PT0S","totalTimeMs":3215200,"totalTime":"PT53M35.2S","position":9,"diffFirstMs":40600,"diffFirst":"PT40.6S","diffPrevMs":11500,"diffPrev":"PT11.5S"},{"entryId":20062,"stageTimeMs":3254900,"stageTime":"PT54M14.9S","penaltyTimeMs":0,"penaltyTime":"PT0S","totalTimeMs":3254900,"totalTime":"PT54M14.9S","position":10,"diffFirstMs":80300,"diffFirst":"PT1M20.3S","diffPrevMs":39700,"diffPrev":"PT39.7S"},{"entryId":20065,"stageTimeMs":3327300,"stageTime":"PT55M27.3S","penaltyTimeMs":0,"penaltyTime":"PT0S","totalTimeMs":3327300,"totalTime":"PT55M27.3S","position":11,"diffFirstMs":152700,"diffFirst":"PT2M32.7S","diffPrevMs":72400,"diffPrev":"PT1M12.4S"},{"entryId":20068,"stageTimeMs":3353800,"stageTime":"PT55M53.8S","penaltyTimeMs":0,"penaltyTime":"PT0S","totalTimeMs":3353800,"totalTime":"PT55M53.8S","position":12,"diffFirstMs":179200,"diffFirst":"PT2M59.2S","diffPrevMs":26500,"diffPrev":"PT26.5S"},{"entryId":20092,"stageTimeMs":3368000,"stageTime":"PT56M8S","penaltyTimeMs":0,"penaltyTime":"PT0S","totalTimeMs":3368000,"totalTime":"PT56M8S","position":13,"diffFirstMs":193400,"diffFirst":"PT3M13.4S","diffPrevMs":14200,"diffPrev":"PT14.2S"},{"entryId":20069,"stageTimeMs":3395900,"stageTime":"PT56M35.9S","penaltyTimeMs":0,"penaltyTime":"PT0S","totalTimeMs":3395900,"totalTime":"PT56M35.9S","position":14,"diffFirstMs":221300,"diffFirst":"PT3M41.3S","diffPrevMs":27900,"diffPrev":"PT27.9S"},{"entryId":20070,"stageTimeMs":3402300,"stageTime":"PT56M42.3S","penaltyTimeMs":0,"penaltyTime":"PT0S","totalTimeMs":3402300,"totalTime":"PT56M42.3S","position":15,"diffFirstMs":227700,"diffFirst":"PT3M47.7S","diffPrevMs":6400,"diffPrev":"PT6.4S"},{"entryId":20075,"stageTimeMs":3431200,"stageTime":"PT57M11.2S","penaltyTimeMs":0,"penaltyTime":"PT0S","totalTimeMs":3431200,"totalTime":"PT57M11.2S","position":16,"diffFirstMs":256600,"diffFirst":"PT4M16.6S","diffPrevMs":28900,"diffPrev":"PT28.9S"},{"entryId":20067,"stageTimeMs":3438900,"stageTime":"PT57M18.9S","penaltyTimeMs":0,"penaltyTime":"PT0S","totalTimeMs":3438900,"totalTime":"PT57M18.9S","position":17,"diffFirstMs":264300,"diffFirst":"PT4M24.3S","diffPrevMs":7700,"diffPrev":"PT7.7S"},{"entryId":20074,"stageTimeMs":3462000,"stageTime":"PT57M42S","penaltyTimeMs":0,"penaltyTime":"PT0S","totalTimeMs":3462000,"totalTime":"PT57M42S","position":18,"diffFirstMs":287400,"diffFirst":"PT4M47.4S","diffPrevMs":23100,"diffPrev":"PT23.1S"},{"entryId":20096,"stageTimeMs":3466000,"stageTime":"PT57M46S","penaltyTimeMs":0,"penaltyTime":"PT0S","totalTimeMs":3466000,"totalTime":"PT57M46S","position":19,"diffFirstMs":291400,"diffFirst":"PT4M51.4S","diffPrevMs":4000,"diffPrev":"PT4S"},{"entryId":20093,"stageTimeMs":3528500,"stageTime":"PT58M48.5S","penaltyTimeMs":0,"penaltyTime":"PT0S","totalTimeMs":3528500,"totalTime":"PT58M48.5S","position":20,"diffFirstMs":353900,"diffFirst":"PT5M53.9S","diffPrevMs":62500,"diffPrev":"PT1M2.5S"},{"entryId":20079,"stageTimeMs":3689800,"stageTime":"PT1H1M29.8S","penaltyTimeMs":0,"penaltyTime":"PT0S","totalTimeMs":3689800,"totalTime":"PT1H1M29.8S","position":21,"diffFirstMs":515200,"diffFirst":"PT8M35.2S","diffPrevMs":161300,"diffPrev":"PT2M41.3S"},{"entryId":20080,"stageTimeMs":3707700,"stageTime":"PT1H1M47.7S","penaltyTimeMs":0,"penaltyTime":"PT0S","totalTimeMs":3707700,"totalTime":"PT1H1M47.7S","position":22,"diffFirstMs":533100,"diffFirst":"PT8M53.1S","diffPrevMs":17900,"diffPrev":"PT17.9S"},{"entryId":20078,"stageTimeMs":3708300,"stageTime":"PT1H1M48.3S","penaltyTimeMs":0,"penaltyTime":"PT0S","totalTimeMs":3708300,"totalTime":"PT1H1M48.3S","position":23,"diffFirstMs":533700,"diffFirst":"PT8M53.7S","diffPrevMs":600,"diffPrev":"PT0.6S"},{"entryId":20082,"stageTimeMs":3722000,"stageTime":"PT1H2M2S","penaltyTimeMs":0,"penaltyTime":"PT0S","totalTimeMs":3722000,"totalTime":"PT1H2M2S","position":24,"diffFirstMs":547400,"diffFirst":"PT9M7.4S","diffPrevMs":13700,"diffPrev":"PT13.7S"},{"entryId":20071,"stageTimeMs":3733400,"stageTime":"PT1H2M13.4S","penaltyTimeMs":0,"penaltyTime":"PT0S","totalTimeMs":3733400,"totalTime":"PT1H2M13.4S","position":25,"diffFirstMs":558800,"diffFirst":"PT9M18.8S","diffPrevMs":11400,"diffPrev":"PT11.4S"},{"entryId":20090,"stageTimeMs":3736400,"stageTime":"PT1H2M16.4S","penaltyTimeMs":0,"penaltyTime":"PT0S","totalTimeMs":3736400,"totalTime":"PT1H2M16.4S","position":26,"diffFirstMs":561800,"diffFirst":"PT9M21.8S","diffPrevMs":3000,"diffPrev":"PT3S"},{"entryId":20084,"stageTimeMs":3737100,"stageTime":"PT1H2M17.1S","penaltyTimeMs":0,"penaltyTime":"PT0S","totalTimeMs":3737100,"totalTime":"PT1H2M17.1S","position":27,"diffFirstMs":562500,"diffFirst":"PT9M22.5S","diffPrevMs":700,"diffPrev":"PT0.7S"},{"entryId":20106,"stageTimeMs":3739500,"stageTime":"PT1H2M19.5S","penaltyTimeMs":0,"penaltyTime":"PT0S","totalTimeMs":3739500,"totalTime":"PT1H2M19.5S","position":28,"diffFirstMs":564900,"diffFirst":"PT9M24.9S","diffPrevMs":2400,"diffPrev":"PT2.4S"},{"entryId":20099,"stageTimeMs":3754100,"stageTime":"PT1H2M34.1S","penaltyTimeMs":0,"penaltyTime":"PT0S","totalTimeMs":3754100,"totalTime":"PT1H2M34.1S","position":29,"diffFirstMs":579500,"diffFirst":"PT9M39.5S","diffPrevMs":14600,"diffPrev":"PT14.6S"},{"entryId":20103,"stageTimeMs":3762400,"stageTime":"PT1H2M42.4S","penaltyTimeMs":0,"penaltyTime":"PT0S","totalTimeMs":3762400,"totalTime":"PT1H2M42.4S","position":30,"diffFirstMs":587800,"diffFirst":"PT9M47.8S","diffPrevMs":8300,"diffPrev":"PT8.3S"},{"entryId":20091,"stageTimeMs":3764700,"stageTime":"PT1H2M44.7S","penaltyTimeMs":0,"penaltyTime":"PT0S","totalTimeMs":3764700,"totalTime":"PT1H2M44.7S","position":31,"diffFirstMs":590100,"diffFirst":"PT9M50.1S","diffPrevMs":2300,"diffPrev":"PT2.3S"},{"entryId":20098,"stageTimeMs":3773100,"stageTime":"PT1H2M53.1S","penaltyTimeMs":0,"penaltyTime":"PT0S","totalTimeMs":3773100,"totalTime":"PT1H2M53.1S","position":32,"diffFirstMs":598500,"diffFirst":"PT9M58.5S","diffPrevMs":8400,"diffPrev":"PT8.4S"},{"entryId":20072,"stageTimeMs":3780400,"stageTime":"PT1H3M0.4S","penaltyTimeMs":0,"penaltyTime":"PT0S","totalTimeMs":3780400,"totalTime":"PT1H3M0.4S","position":33,"diffFirstMs":605800,"diffFirst":"PT10M5.8S","diffPrevMs":7300,"diffPrev":"PT7.3S"},{"entryId":20100,"stageTimeMs":3820700,"stageTime":"PT1H3M40.7S","penaltyTimeMs":0,"penaltyTime":"PT0S","totalTimeMs":3820700,"totalTime":"PT1H3M40.7S","position":34,"diffFirstMs":646100,"diffFirst":"PT10M46.1S","diffPrevMs":40300,"diffPrev":"PT40.3S"},{"entryId":20109,"stageTimeMs":3824700,"stageTime":"PT1H3M44.7S","penaltyTimeMs":0,"penaltyTime":"PT0S","totalTimeMs":3824700,"totalTime":"PT1H3M44.7S","position":35,"diffFirstMs":650100,"diffFirst":"PT10M50.1S","diffPrevMs":4000,"diffPrev":"PT4S"},{"entryId":20060,"stageTimeMs":3837500,"stageTime":"PT1H3M57.5S","penaltyTimeMs":0,"penaltyTime":"PT0S","totalTimeMs":3837500,"totalTime":"PT1H3M57.5S","position":36,"diffFirstMs":662900,"diffFirst":"PT11M2.9S","diffPrevMs":12800,"diffPrev":"PT12.8S"},{"entryId":20107,"stageTimeMs":3838600,"stageTime":"PT1H3M58.6S","penaltyTimeMs":0,"penaltyTime":"PT0S","totalTimeMs":3838600,"totalTime":"PT1H3M58.6S","position":37,"diffFirstMs":664000,"diffFirst":"PT11M4S","diffPrevMs":1100,"diffPrev":"PT1.1S"},{"entryId":20081,"stageTimeMs":3857500,"stageTime":"PT1H4M17.5S","penaltyTimeMs":0,"penaltyTime":"PT0S","totalTimeMs":3857500,"totalTime":"PT1H4M17.5S","position":38,"diffFirstMs":682900,"diffFirst":"PT11M22.9S","diffPrevMs":18900,"diffPrev":"PT18.9S"},{"entryId":20088,"stageTimeMs":3886500,"stageTime":"PT1H4M46.5S","penaltyTimeMs":0,"penaltyTime":"PT0S","totalTimeMs":3886500,"totalTime":"PT1H4M46.5S","position":39,"diffFirstMs":711900,"diffFirst":"PT11M51.9S","diffPrevMs":29000,"diffPrev":"PT29S"},{"entryId":20104,"stageTimeMs":3926000,"stageTime":"PT1H5M26S","penaltyTimeMs":0,"penaltyTime":"PT0S","totalTimeMs":3926000,"totalTime":"PT1H5M26S","position":40,"diffFirstMs":751400,"diffFirst":"PT12M31.4S","diffPrevMs":39500,"diffPrev":"PT39.5S"},{"entryId":20112,"stageTimeMs":3985300,"stageTime":"PT1H6M25.3S","penaltyTimeMs":0,"penaltyTime":"PT0S","totalTimeMs":3985300,"totalTime":"PT1H6M25.3S","position":41,"diffFirstMs":810700,"diffFirst":"PT13M30.7S","diffPrevMs":59300,"diffPrev":"PT59.3S"},{"entryId":20108,"stageTimeMs":3993000,"stageTime":"PT1H6M33S","penaltyTimeMs":0,"penaltyTime":"PT0S","totalTimeMs":3993000,"totalTime":"PT1H6M33S","position":42,"diffFirstMs":818400,"diffFirst":"PT13M38.4S","diffPrevMs":7700,"diffPrev":"PT7.7S"},{"entryId":20087,"stageTimeMs":4003000,"stageTime":"PT1H6M43S","penaltyTimeMs":0,"penaltyTime":"PT0S","totalTimeMs":4003000,"totalTime":"PT1H6M43S","position":43,"diffFirstMs":828400,"diffFirst":"PT13M48.4S","diffPrevMs":10000,"diffPrev":"PT10S"},{"entryId":20111,"stageTimeMs":4007100,"stageTime":"PT1H6M47.1S","penaltyTimeMs":0,"penaltyTime":"PT0S","totalTimeMs":4007100,"totalTime":"PT1H6M47.1S","position":44,"diffFirstMs":832500,"diffFirst":"PT13M52.5S","diffPrevMs":4100,"diffPrev":"PT4.1S"},{"entryId":20089,"stageTimeMs":4042400,"stageTime":"PT1H7M22.4S","penaltyTimeMs":0,"penaltyTime":"PT0S","totalTimeMs":4042400,"totalTime":"PT1H7M22.4S","position":45,"diffFirstMs":867800,"diffFirst":"PT14M27.8S","diffPrevMs":35300,"diffPrev":"PT35.3S"},{"entryId":20105,"stageTimeMs":4065100,"stageTime":"PT1H7M45.1S","penaltyTimeMs":0,"penaltyTime":"PT0S","totalTimeMs":4065100,"totalTime":"PT1H7M45.1S","position":46,"diffFirstMs":890500,"diffFirst":"PT14M50.5S","diffPrevMs":22700,"diffPrev":"PT22.7S"},{"entryId":20086,"stageTimeMs":4249200,"stageTime":"PT1H10M49.2S","penaltyTimeMs":0,"penaltyTime":"PT0S","totalTimeMs":4249200,"totalTime":"PT1H10M49.2S","position":47,"diffFirstMs":1074600,"diffFirst":"PT17M54.6S","diffPrevMs":184100,"diffPrev":"PT3M4.1S"},{"entryId":20113,"stageTimeMs":4284800,"stageTime":"PT1H11M24.8S","penaltyTimeMs":0,"penaltyTime":"PT0S","totalTimeMs":4284800,"totalTime":"PT1H11M24.8S","position":48,"diffFirstMs":1110200,"diffFirst":"PT18M30.2S","diffPrevMs":35600,"diffPrev":"PT35.6S"},{"entryId":20097,"stageTimeMs":4374500,"stageTime":"PT1H12M54.5S","penaltyTimeMs":0,"penaltyTime":"PT0S","totalTimeMs":4374500,"totalTime":"PT1H12M54.5S","position":49,"diffFirstMs":1199900,"diffFirst":"PT19M59.9S","diffPrevMs":89700,"diffPrev":"PT1M29.7S"},{"entryId":20110,"stageTimeMs":4446000,"stageTime":"PT1H14M6S","penaltyTimeMs":0,"penaltyTime":"PT0S","totalTimeMs":4446000,"totalTime":"PT1H14M6S","position":50,"diffFirstMs":1271400,"diffFirst":"PT21M11.4S","diffPrevMs":71500,"diffPrev":"PT1M11.5S"},{"entryId":20114,"stageTimeMs":4593000,"stageTime":"PT1H16M33S","penaltyTimeMs":0,"penaltyTime":"PT0S","totalTimeMs":4593000,"totalTime":"PT1H16M33S","position":51,"diffFirstMs":1418400,"diffFirst":"PT23M38.4S","diffPrevMs":147000,"diffPrev":"PT2M27S"},{"entryId":20083,"stageTimeMs":4641100,"stageTime":"PT1H17M21.1S","penaltyTimeMs":0,"penaltyTime":"PT0S","totalTimeMs":4641100,"totalTime":"PT1H17M21.1S","position":52,"diffFirstMs":1466500,"diffFirst":"PT24M26.5S","diffPrevMs":48100,"diffPrev":"PT48.1S"},{"entryId":20115,"stageTimeMs":4645900,"stageTime":"PT1H17M25.9S","penaltyTimeMs":20000,"penaltyTime":"PT20S","totalTimeMs":4665900,"totalTime":"PT1H17M45.9S","position":53,"diffFirstMs":1491300,"diffFirst":"PT24M51.3S","diffPrevMs":24800,"diffPrev":"PT24.8S"},{"entryId":20077,"stageTimeMs":5506500,"stageTime":"PT1H31M46.5S","penaltyTimeMs":0,"penaltyTime":"PT0S","totalTimeMs":5506500,"totalTime":"PT1H31M46.5S","position":54,"diffFirstMs":2331900,"diffFirst":"PT38M51.9S","diffPrevMs":840600,"diffPrev":"PT14M0.6S"},{"entryId":20073,"stageTimeMs":5862600,"stageTime":"PT1H37M42.6S","penaltyTimeMs":0,"penaltyTime":"PT0S","totalTimeMs":5862600,"totalTime":"PT1H37M42.6S","position":55,"diffFirstMs":2688000,"diffFirst":"PT44M48S","diffPrevMs":356100,"diffPrev":"PT5M56.1S"},{"entryId":20101,"stageTimeMs":5868100,"stageTime":"PT1H37M48.1S","penaltyTimeMs":50000,"penaltyTime":"PT50S","totalTimeMs":5918100,"totalTime":"PT1H38M38.1S","position":56,"diffFirstMs":2743500,"diffFirst":"PT45M43.5S","diffPrevMs":55500,"diffPrev":"PT55.5S"},{"entryId":20102,"stageTimeMs":6315000,"stageTime":"PT1H45M15S","penaltyTimeMs":0,"penaltyTime":"PT0S","totalTimeMs":6315000,"totalTime":"PT1H45M15S","position":57,"diffFirstMs":3140400,"diffFirst":"PT52M20.4S","diffPrevMs":396900,"diffPrev":"PT6M36.9S"},{"entryId":20116,"stageTimeMs":7190800,"stageTime":"PT1H59M50.8S","penaltyTimeMs":0,"penaltyTime":"PT0S","totalTimeMs":7190800,"totalTime":"PT1H59M50.8S","position":58,"diffFirstMs":4016200,"diffFirst":"PT1H6M56.2S","diffPrevMs":875800,"diffPrev":"PT14M35.8S"}]