[{"startDateTime":"2019-04-28T15:18:00","startDateTimeLocal":"2019-04-28T12:18:00-03:00","stageTimeDurationMs":830641,"stageTimeDuration":"00:13:50.6410000","splitPointTimeId":70958,"splitPointId":2187,"entryId":19551,"elapsedDurationMs":111400,"elapsedDuration":"PT1M51.4S","splitDateTime":"2019-04-28T15:19:51.4","splitDateTimeLocal":"2019-04-28T12:19:51.4-03:00"},{"startDateTime":"2019-04-28T15:22:00","startDateTimeLocal":"2019-04-28T12:22:00-03:00","stageTimeDurationMs":827607,"stageTimeDuration":"00:13:47.6070000","splitPointTimeId":70960,"splitPointId":2187,"entryId":19552,"elapsedDurationMs":112200,"elapsedDuration":"PT1M52.2S","splitDateTime":"2019-04-28T15:23:52.2","splitDateTimeLocal":"2019-04-28T12:23:52.2-03:00"},{"startDateTime":"2019-04-28T15:26:00","startDateTimeLocal":"2019-04-28T12:26:00-03:00","stageTimeDurationMs":861508,"stageTimeDuration":"00:14:21.5080000","splitPointTimeId":70963,"splitPointId":2187,"entryId":19554,"elapsedDurationMs":119000,"elapsedDuration":"PT1M59S","splitDateTime":"2019-04-28T15:27:59","splitDateTimeLocal":"2019-04-28T12:27:59-03:00"},{"startDateTime":"2019-04-28T15:30:00","startDateTimeLocal":"2019-04-28T12:30:00-03:00","stageTimeDurationMs":898248,"stageTimeDuration":"00:14:58.2480000","splitPointTimeId":70968,"splitPointId":2187,"entryId":19558,"elapsedDurationMs":115700,"elapsedDuration":"PT1M55.7S","splitDateTime":"2019-04-28T15:31:55.7","splitDateTimeLocal":"2019-04-28T12:31:55.7-03:00"},{"startDateTime":"2019-04-28T15:34:00","startDateTimeLocal":"2019-04-28T12:34:00-03:00","stageTimeDurationMs":788140,"stageTimeDuration":"00:13:08.1400000","splitPointTimeId":70973,"splitPointId":2187,"entryId":19546,"elapsedDurationMs":104900,"elapsedDuration":"PT1M44.9S","splitDateTime":"2019-04-28T15:35:44.9","splitDateTimeLocal":"2019-04-28T12:35:44.9-03:00"},{"startDateTime":"2019-04-28T15:38:00","startDateTimeLocal":"2019-04-28T12:38:00-03:00","stageTimeDurationMs":799678,"stageTimeDuration":"00:13:19.6780000","splitPointTimeId":70978,"splitPointId":2187,"entryId":19542,"elapsedDurationMs":105600,"elapsedDuration":"PT1M45.6S","splitDateTime":"2019-04-28T15:39:45.6","splitDateTimeLocal":"2019-04-28T12:39:45.6-03:00"},{"startDateTime":"2019-04-28T15:42:00","startDateTimeLocal":"2019-04-28T12:42:00-03:00","stageTimeDurationMs":787195,"stageTimeDuration":"00:13:07.1950000","splitPointTimeId":70983,"splitPointId":2187,"entryId":19545,"elapsedDurationMs":105000,"elapsedDuration":"PT1M45S","splitDateTime":"2019-04-28T15:43:45","splitDateTimeLocal":"2019-04-28T12:43:45-03:00"},{"startDateTime":"2019-04-28T15:46:00","startDateTimeLocal":"2019-04-28T12:46:00-03:00","stageTimeDurationMs":782288,"stageTimeDuration":"00:13:02.2880000","splitPointTimeId":70988,"splitPointId":2187,"entryId":19547,"elapsedDurationMs":104600,"elapsedDuration":"PT1M44.6S","splitDateTime":"2019-04-28T15:47:44.6","splitDateTimeLocal":"2019-04-28T12:47:44.6-03:00"},{"startDateTime":"2019-04-28T15:50:00","startDateTimeLocal":"2019-04-28T12:50:00-03:00","stageTimeDurationMs":782161,"stageTimeDuration":"00:13:02.1610000","splitPointTimeId":70993,"splitPointId":2187,"entryId":19541,"elapsedDurationMs":104100,"elapsedDuration":"PT1M44.1S","splitDateTime":"2019-04-28T15:51:44.1","splitDateTimeLocal":"2019-04-28T12:51:44.1-03:00"},{"startDateTime":"2019-04-28T15:54:00","startDateTimeLocal":"2019-04-28T12:54:00-03:00","stageTimeDurationMs":788768,"stageTimeDuration":"00:13:08.7680000","splitPointTimeId":70998,"splitPointId":2187,"entryId":19544,"elapsedDurationMs":105700,"elapsedDuration":"PT1M45.7S","splitDateTime":"2019-04-28T15:55:45.7","splitDateTimeLocal":"2019-04-28T12:55:45.7-03:00"},{"startDateTime":"2019-04-28T15:58:00","startDateTimeLocal":"2019-04-28T12:58:00-03:00","stageTimeDurationMs":795075,"stageTimeDuration":"00:13:15.0750000","splitPointTimeId":71003,"splitPointId":2187,"entryId":19550,"elapsedDurationMs":105400,"elapsedDuration":"PT1M45.4S","splitDateTime":"2019-04-28T15:59:45.4","splitDateTimeLocal":"2019-04-28T12:59:45.4-03:00"},{"startDateTime":"2019-04-28T16:02:00","startDateTimeLocal":"2019-04-28T13:02:00-03:00","stageTimeDurationMs":786849,"stageTimeDuration":"00:13:06.8490000","splitPointTimeId":71008,"splitPointId":2187,"entryId":19548,"elapsedDurationMs":105900,"elapsedDuration":"PT1M45.9S","splitDateTime":"2019-04-28T16:03:45.9","splitDateTimeLocal":"2019-04-28T13:03:45.9-03:00"},{"startDateTime":"2019-04-28T16:05:00","startDateTimeLocal":"2019-04-28T13:05:00-03:00","stageTimeDurationMs":909605,"stageTimeDuration":"00:15:09.6050000","splitPointTimeId":71013,"splitPointId":2187,"entryId":19561,"elapsedDurationMs":125300,"elapsedDuration":"PT2M5.3S","splitDateTime":"2019-04-28T16:07:05.3","splitDateTimeLocal":"2019-04-28T13:07:05.3-03:00"},{"startDateTime":"2019-04-28T16:08:00","startDateTimeLocal":"2019-04-28T13:08:00-03:00","stageTimeDurationMs":922006,"stageTimeDuration":"00:15:22.0060000","splitPointTimeId":71016,"splitPointId":2187,"entryId":19559,"elapsedDurationMs":124400,"elapsedDuration":"PT2M4.4S","splitDateTime":"2019-04-28T16:10:04.4","splitDateTimeLocal":"2019-04-28T13:10:04.4-03:00"},{"startDateTime":"2019-04-28T16:11:00","startDateTimeLocal":"2019-04-28T13:11:00-03:00","stageTimeDurationMs":857844,"stageTimeDuration":"00:14:17.8440000","splitPointTimeId":71019,"splitPointId":2187,"entryId":19555,"elapsedDurationMs":119700,"elapsedDuration":"PT1M59.7S","splitDateTime":"2019-04-28T16:12:59.7","splitDateTimeLocal":"2019-04-28T13:12:59.7-03:00"},{"startDateTime":"2019-04-28T16:14:00","startDateTimeLocal":"2019-04-28T13:14:00-03:00","stageTimeDurationMs":846275,"stageTimeDuration":"00:14:06.2750000","splitPointTimeId":71025,"splitPointId":2187,"entryId":19557,"elapsedDurationMs":118500,"elapsedDuration":"PT1M58.5S","splitDateTime":"2019-04-28T16:15:58.5","splitDateTimeLocal":"2019-04-28T13:15:58.5-03:00"},{"startDateTime":"2019-04-28T16:17:00","startDateTimeLocal":"2019-04-28T13:17:00-03:00","stageTimeDurationMs":1206287,"stageTimeDuration":"00:20:06.2870000","splitPointTimeId":71031,"splitPointId":2187,"entryId":19565,"elapsedDurationMs":171100,"elapsedDuration":"PT2M51.1S","splitDateTime":"2019-04-28T16:19:51.1","splitDateTimeLocal":"2019-04-28T13:19:51.1-03:00"},{"startDateTime":"2019-04-28T16:20:00","startDateTimeLocal":"2019-04-28T13:20:00-03:00","stageTimeDurationMs":1206947,"stageTimeDuration":"00:20:06.9470000","splitPointTimeId":71035,"splitPointId":2187,"entryId":19564,"elapsedDurationMs":161100,"elapsedDuration":"PT2M41.1S","splitDateTime":"2019-04-28T16:22:41.1","splitDateTimeLocal":"2019-04-28T13:22:41.1-03:00"},{"startDateTime":"2019-04-28T16:23:00","startDateTimeLocal":"2019-04-28T13:23:00-03:00","stageTimeDurationMs":1222364,"stageTimeDuration":"00:20:22.3640000","splitPointTimeId":71040,"splitPointId":2187,"entryId":19566,"elapsedDurationMs":179600,"elapsedDuration":"PT2M59.6S","splitDateTime":"2019-04-28T16:25:59.6","splitDateTimeLocal":"2019-04-28T13:25:59.6-03:00"},{"startDateTime":"2019-04-28T16:26:00","startDateTimeLocal":"2019-04-28T13:26:00-03:00","stageTimeDurationMs":1091015,"stageTimeDuration":"00:18:11.0150000","splitPointTimeId":71044,"splitPointId":2187,"entryId":19567,"elapsedDurationMs":154000,"elapsedDuration":"PT2M34S","splitDateTime":"2019-04-28T16:28:34","splitDateTimeLocal":"2019-04-28T13:28:34-03:00"},{"startDateTime":"2019-04-28T16:29:00","startDateTimeLocal":"2019-04-28T13:29:00-03:00","stageTimeDurationMs":1185573,"stageTimeDuration":"00:19:45.5730000","splitPointTimeId":71047,"splitPointId":2187,"entryId":19562,"elapsedDurationMs":166500,"elapsedDuration":"PT2M46.5S","splitDateTime":"2019-04-28T16:31:46.5","splitDateTimeLocal":"2019-04-28T13:31:46.5-03:00"},{"startDateTime":"2019-04-28T15:18:00","startDateTimeLocal":"2019-04-28T12:18:00-03:00","stageTimeDurationMs":830641,"stageTimeDuration":"00:13:50.6410000","splitPointTimeId":70961,"splitPointId":2189,"entryId":19551,"elapsedDurationMs":476500,"elapsedDuration":"PT7M56.5S","splitDateTime":"2019-04-28T15:25:56.5","splitDateTimeLocal":"2019-04-28T12:25:56.5-03:00"},{"startDateTime":"2019-04-28T15:22:00","startDateTimeLocal":"2019-04-28T12:22:00-03:00","stageTimeDurationMs":827607,"stageTimeDuration":"00:13:47.6070000","splitPointTimeId":70965,"splitPointId":2189,"entryId":19552,"elapsedDurationMs":477300,"elapsedDuration":"PT7M57.3S","splitDateTime":"2019-04-28T15:29:57.3","splitDateTimeLocal":"2019-04-28T12:29:57.3-03:00"},{"startDateTime":"2019-04-28T15:26:00","startDateTimeLocal":"2019-04-28T12:26:00-03:00","stageTimeDurationMs":861508,"stageTimeDuration":"00:14:21.5080000","splitPointTimeId":70970,"splitPointId":2189,"entryId":19554,"elapsedDurationMs":495900,"elapsedDuration":"PT8M15.9S","splitDateTime":"2019-04-28T15:34:15.9","splitDateTimeLocal":"2019-04-28T12:34:15.9-03:00"},{"startDateTime":"2019-04-28T15:30:00","startDateTimeLocal":"2019-04-28T12:30:00-03:00","stageTimeDurationMs":898248,"stageTimeDuration":"00:14:58.2480000","splitPointTimeId":70975,"splitPointId":2189,"entryId":19558,"elapsedDurationMs":491800,"elapsedDuration":"PT8M11.8S","splitDateTime":"2019-04-28T15:38:11.8","splitDateTimeLocal":"2019-04-28T12:38:11.8-03:00"},{"startDateTime":"2019-04-28T15:34:00","startDateTimeLocal":"2019-04-28T12:34:00-03:00","stageTimeDurationMs":788140,"stageTimeDuration":"00:13:08.1400000","splitPointTimeId":70979,"splitPointId":2189,"entryId":19546,"elapsedDurationMs":454900,"elapsedDuration":"PT7M34.9S","splitDateTime":"2019-04-28T15:41:34.9","splitDateTimeLocal":"2019-04-28T12:41:34.9-03:00"},{"startDateTime":"2019-04-28T15:38:00","startDateTimeLocal":"2019-04-28T12:38:00-03:00","stageTimeDurationMs":799678,"stageTimeDuration":"00:13:19.6780000","splitPointTimeId":70985,"splitPointId":2189,"entryId":19542,"elapsedDurationMs":461300,"elapsedDuration":"PT7M41.3S","splitDateTime":"2019-04-28T15:45:41.3","splitDateTimeLocal":"2019-04-28T12:45:41.3-03:00"},{"startDateTime":"2019-04-28T15:42:00","startDateTimeLocal":"2019-04-28T12:42:00-03:00","stageTimeDurationMs":787195,"stageTimeDuration":"00:13:07.1950000","splitPointTimeId":70990,"splitPointId":2189,"entryId":19545,"elapsedDurationMs":452800,"elapsedDuration":"PT7M32.8S","splitDateTime":"2019-04-28T15:49:32.8","splitDateTimeLocal":"2019-04-28T12:49:32.8-03:00"},{"startDateTime":"2019-04-28T15:46:00","startDateTimeLocal":"2019-04-28T12:46:00-03:00","stageTimeDurationMs":782288,"stageTimeDuration":"00:13:02.2880000","splitPointTimeId":70995,"splitPointId":2189,"entryId":19547,"elapsedDurationMs":450100,"elapsedDuration":"PT7M30.1S","splitDateTime":"2019-04-28T15:53:30.1","splitDateTimeLocal":"2019-04-28T12:53:30.1-03:00"},{"startDateTime":"2019-04-28T15:50:00","startDateTimeLocal":"2019-04-28T12:50:00-03:00","stageTimeDurationMs":782161,"stageTimeDuration":"00:13:02.1610000","splitPointTimeId":71000,"splitPointId":2189,"entryId":19541,"elapsedDurationMs":451900,"elapsedDuration":"PT7M31.9S","splitDateTime":"2019-04-28T15:57:31.9","splitDateTimeLocal":"2019-04-28T12:57:31.9-03:00"},{"startDateTime":"2019-04-28T15:54:00","startDateTimeLocal":"2019-04-28T12:54:00-03:00","stageTimeDurationMs":788768,"stageTimeDuration":"00:13:08.7680000","splitPointTimeId":71005,"splitPointId":2189,"entryId":19544,"elapsedDurationMs":454300,"elapsedDuration":"PT7M34.3S","splitDateTime":"2019-04-28T16:01:34.3","splitDateTimeLocal":"2019-04-28T13:01:34.3-03:00"},{"startDateTime":"2019-04-28T15:58:00","startDateTimeLocal":"2019-04-28T12:58:00-03:00","stageTimeDurationMs":795075,"stageTimeDuration":"00:13:15.0750000","splitPointTimeId":71010,"splitPointId":2189,"entryId":19550,"elapsedDurationMs":458800,"elapsedDuration":"PT7M38.8S","splitDateTime":"2019-04-28T16:05:38.8","splitDateTimeLocal":"2019-04-28T13:05:38.8-03:00"},{"startDateTime":"2019-04-28T16:02:00","startDateTimeLocal":"2019-04-28T13:02:00-03:00","stageTimeDurationMs":786849,"stageTimeDuration":"00:13:06.8490000","splitPointTimeId":71015,"splitPointId":2189,"entryId":19548,"elapsedDurationMs":455500,"elapsedDuration":"PT7M35.5S","splitDateTime":"2019-04-28T16:09:35.5","splitDateTimeLocal":"2019-04-28T13:09:35.5-03:00"},{"startDateTime":"2019-04-28T16:05:00","startDateTimeLocal":"2019-04-28T13:05:00-03:00","stageTimeDurationMs":909605,"stageTimeDuration":"00:15:09.6050000","splitPointTimeId":71022,"splitPointId":2189,"entryId":19561,"elapsedDurationMs":523100,"elapsedDuration":"PT8M43.1S","splitDateTime":"2019-04-28T16:13:43.1","splitDateTimeLocal":"2019-04-28T13:13:43.1-03:00"},{"startDateTime":"2019-04-28T16:08:00","startDateTimeLocal":"2019-04-28T13:08:00-03:00","stageTimeDurationMs":922006,"stageTimeDuration":"00:15:22.0060000","splitPointTimeId":71026,"splitPointId":2189,"entryId":19559,"elapsedDurationMs":547900,"elapsedDuration":"PT9M7.9S","splitDateTime":"2019-04-28T16:17:07.9","splitDateTimeLocal":"2019-04-28T13:17:07.9-03:00"},{"startDateTime":"2019-04-28T16:11:00","startDateTimeLocal":"2019-04-28T13:11:00-03:00","stageTimeDurationMs":857844,"stageTimeDuration":"00:14:17.8440000","splitPointTimeId":71030,"splitPointId":2189,"entryId":19555,"elapsedDurationMs":495400,"elapsedDuration":"PT8M15.4S","splitDateTime":"2019-04-28T16:19:15.4","splitDateTimeLocal":"2019-04-28T13:19:15.4-03:00"},{"startDateTime":"2019-04-28T16:14:00","startDateTimeLocal":"2019-04-28T13:14:00-03:00","stageTimeDurationMs":846275,"stageTimeDuration":"00:14:06.2750000","splitPointTimeId":71033,"splitPointId":2189,"entryId":19557,"elapsedDurationMs":489600,"elapsedDuration":"PT8M9.6S","splitDateTime":"2019-04-28T16:22:09.6","splitDateTimeLocal":"2019-04-28T13:22:09.6-03:00"},{"startDateTime":"2019-04-28T16:17:00","startDateTimeLocal":"2019-04-28T13:17:00-03:00","stageTimeDurationMs":1206287,"stageTimeDuration":"00:20:06.2870000","splitPointTimeId":71043,"splitPointId":2189,"entryId":19565,"elapsedDurationMs":695200,"elapsedDuration":"PT11M35.2S","splitDateTime":"2019-04-28T16:28:35.2","splitDateTimeLocal":"2019-04-28T13:28:35.2-03:00"},{"startDateTime":"2019-04-28T16:20:00","startDateTimeLocal":"2019-04-28T13:20:00-03:00","stageTimeDurationMs":1206947,"stageTimeDuration":"00:20:06.9470000","splitPointTimeId":71046,"splitPointId":2189,"entryId":19564,"elapsedDurationMs":680100,"elapsedDuration":"PT11M20.1S","splitDateTime":"2019-04-28T16:31:20.1","splitDateTimeLocal":"2019-04-28T13:31:20.1-03:00"},{"startDateTime":"2019-04-28T16:23:00","startDateTimeLocal":"2019-04-28T13:23:00-03:00","stageTimeDurationMs":1222364,"stageTimeDuration":"00:20:22.3640000","splitPointTimeId":71050,"splitPointId":2189,"entryId":19566,"elapsedDurationMs":709000,"elapsedDuration":"PT11M49S","splitDateTime":"2019-04-28T16:34:49","splitDateTimeLocal":"2019-04-28T13:34:49-03:00"},{"startDateTime":"2019-04-28T16:26:00","startDateTimeLocal":"2019-04-28T13:26:00-03:00","stageTimeDurationMs":1091015,"stageTimeDuration":"00:18:11.0150000","splitPointTimeId":71053,"splitPointId":2189,"entryId":19567,"elapsedDurationMs":632200,"elapsedDuration":"PT10M32.2S","splitDateTime":"2019-04-28T16:36:32.2","splitDateTimeLocal":"2019-04-28T13:36:32.2-03:00"},{"startDateTime":"2019-04-28T16:29:00","startDateTimeLocal":"2019-04-28T13:29:00-03:00","stageTimeDurationMs":1185573,"stageTimeDuration":"00:19:45.5730000","splitPointTimeId":71057,"splitPointId":2189,"entryId":19562,"elapsedDurationMs":684700,"elapsedDuration":"PT11M24.7S","splitDateTime":"2019-04-28T16:40:24.7","splitDateTimeLocal":"2019-04-28T13:40:24.7-03:00"},{"startDateTime":"2019-04-28T15:18:00","startDateTimeLocal":"2019-04-28T12:18:00-03:00","stageTimeDurationMs":830641,"stageTimeDuration":"00:13:50.6410000","splitPointTimeId":70959,"splitPointId":2190,"entryId":19551,"elapsedDurationMs":280600,"elapsedDuration":"PT4M40.6S","splitDateTime":"2019-04-28T15:22:40.6","splitDateTimeLocal":"2019-04-28T12:22:40.6-03:00"},{"startDateTime":"2019-04-28T15:22:00","startDateTimeLocal":"2019-04-28T12:22:00-03:00","stageTimeDurationMs":827607,"stageTimeDuration":"00:13:47.6070000","splitPointTimeId":70962,"splitPointId":2190,"entryId":19552,"elapsedDurationMs":282000,"elapsedDuration":"PT4M42S","splitDateTime":"2019-04-28T15:26:42","splitDateTimeLocal":"2019-04-28T12:26:42-03:00"},{"startDateTime":"2019-04-28T15:26:00","startDateTimeLocal":"2019-04-28T12:26:00-03:00","stageTimeDurationMs":861508,"stageTimeDuration":"00:14:21.5080000","splitPointTimeId":70967,"splitPointId":2190,"entryId":19554,"elapsedDurationMs":294800,"elapsedDuration":"PT4M54.8S","splitDateTime":"2019-04-28T15:30:54.8","splitDateTimeLocal":"2019-04-28T12:30:54.8-03:00"},{"startDateTime":"2019-04-28T15:30:00","startDateTimeLocal":"2019-04-28T12:30:00-03:00","stageTimeDurationMs":898248,"stageTimeDuration":"00:14:58.2480000","splitPointTimeId":70971,"splitPointId":2190,"entryId":19558,"elapsedDurationMs":290600,"elapsedDuration":"PT4M50.6S","splitDateTime":"2019-04-28T15:34:50.6","splitDateTimeLocal":"2019-04-28T12:34:50.6-03:00"},{"startDateTime":"2019-04-28T15:34:00","startDateTimeLocal":"2019-04-28T12:34:00-03:00","stageTimeDurationMs":788140,"stageTimeDuration":"00:13:08.1400000","splitPointTimeId":70976,"splitPointId":2190,"entryId":19546,"elapsedDurationMs":269000,"elapsedDuration":"PT4M29S","splitDateTime":"2019-04-28T15:38:29","splitDateTimeLocal":"2019-04-28T12:38:29-03:00"},{"startDateTime":"2019-04-28T15:38:00","startDateTimeLocal":"2019-04-28T12:38:00-03:00","stageTimeDurationMs":799678,"stageTimeDuration":"00:13:19.6780000","splitPointTimeId":70981,"splitPointId":2190,"entryId":19542,"elapsedDurationMs":271000,"elapsedDuration":"PT4M31S","splitDateTime":"2019-04-28T15:42:31","splitDateTimeLocal":"2019-04-28T12:42:31-03:00"},{"startDateTime":"2019-04-28T15:42:00","startDateTimeLocal":"2019-04-28T12:42:00-03:00","stageTimeDurationMs":787195,"stageTimeDuration":"00:13:07.1950000","splitPointTimeId":70987,"splitPointId":2190,"entryId":19545,"elapsedDurationMs":267500,"elapsedDuration":"PT4M27.5S","splitDateTime":"2019-04-28T15:46:27.5","splitDateTimeLocal":"2019-04-28T12:46:27.5-03:00"},{"startDateTime":"2019-04-28T15:46:00","startDateTimeLocal":"2019-04-28T12:46:00-03:00","stageTimeDurationMs":782288,"stageTimeDuration":"00:13:02.2880000","splitPointTimeId":70992,"splitPointId":2190,"entryId":19547,"elapsedDurationMs":266200,"elapsedDuration":"PT4M26.2S","splitDateTime":"2019-04-28T15:50:26.2","splitDateTimeLocal":"2019-04-28T12:50:26.2-03:00"},{"startDateTime":"2019-04-28T15:50:00","startDateTimeLocal":"2019-04-28T12:50:00-03:00","stageTimeDurationMs":782161,"stageTimeDuration":"00:13:02.1610000","splitPointTimeId":70997,"splitPointId":2190,"entryId":19541,"elapsedDurationMs":265700,"elapsedDuration":"PT4M25.7S","splitDateTime":"2019-04-28T15:54:25.7","splitDateTimeLocal":"2019-04-28T12:54:25.7-03:00"},{"startDateTime":"2019-04-28T15:54:00","startDateTimeLocal":"2019-04-28T12:54:00-03:00","stageTimeDurationMs":788768,"stageTimeDuration":"00:13:08.7680000","splitPointTimeId":71002,"splitPointId":2190,"entryId":19544,"elapsedDurationMs":268200,"elapsedDuration":"PT4M28.2S","splitDateTime":"2019-04-28T15:58:28.2","splitDateTimeLocal":"2019-04-28T12:58:28.2-03:00"},{"startDateTime":"2019-04-28T15:58:00","startDateTimeLocal":"2019-04-28T12:58:00-03:00","stageTimeDurationMs":795075,"stageTimeDuration":"00:13:15.0750000","splitPointTimeId":71007,"splitPointId":2190,"entryId":19550,"elapsedDurationMs":270100,"elapsedDuration":"PT4M30.1S","splitDateTime":"2019-04-28T16:02:30.1","splitDateTimeLocal":"2019-04-28T13:02:30.1-03:00"},{"startDateTime":"2019-04-28T16:02:00","startDateTimeLocal":"2019-04-28T13:02:00-03:00","stageTimeDurationMs":786849,"stageTimeDuration":"00:13:06.8490000","splitPointTimeId":71012,"splitPointId":2190,"entryId":19548,"elapsedDurationMs":268200,"elapsedDuration":"PT4M28.2S","splitDateTime":"2019-04-28T16:06:28.2","splitDateTimeLocal":"2019-04-28T13:06:28.2-03:00"},{"startDateTime":"2019-04-28T16:05:00","startDateTimeLocal":"2019-04-28T13:05:00-03:00","stageTimeDurationMs":909605,"stageTimeDuration":"00:15:09.6050000","splitPointTimeId":71017,"splitPointId":2190,"entryId":19561,"elapsedDurationMs":309600,"elapsedDuration":"PT5M9.6S","splitDateTime":"2019-04-28T16:10:09.6","splitDateTimeLocal":"2019-04-28T13:10:09.6-03:00"},{"startDateTime":"2019-04-28T16:08:00","startDateTimeLocal":"2019-04-28T13:08:00-03:00","stageTimeDurationMs":922006,"stageTimeDuration":"00:15:22.0060000","splitPointTimeId":71021,"splitPointId":2190,"entryId":19559,"elapsedDurationMs":304500,"elapsedDuration":"PT5M4.5S","splitDateTime":"2019-04-28T16:13:04.5","splitDateTimeLocal":"2019-04-28T13:13:04.5-03:00"},{"startDateTime":"2019-04-28T16:11:00","startDateTimeLocal":"2019-04-28T13:11:00-03:00","stageTimeDurationMs":857844,"stageTimeDuration":"00:14:17.8440000","splitPointTimeId":71024,"splitPointId":2190,"entryId":19555,"elapsedDurationMs":294700,"elapsedDuration":"PT4M54.7S","splitDateTime":"2019-04-28T16:15:54.7","splitDateTimeLocal":"2019-04-28T13:15:54.7-03:00"},{"startDateTime":"2019-04-28T16:14:00","startDateTimeLocal":"2019-04-28T13:14:00-03:00","stageTimeDurationMs":846275,"stageTimeDuration":"00:14:06.2750000","splitPointTimeId":71028,"splitPointId":2190,"entryId":19557,"elapsedDurationMs":291400,"elapsedDuration":"PT4M51.4S","splitDateTime":"2019-04-28T16:18:51.4","splitDateTimeLocal":"2019-04-28T13:18:51.4-03:00"},{"startDateTime":"2019-04-28T16:17:00","startDateTimeLocal":"2019-04-28T13:17:00-03:00","stageTimeDurationMs":1206287,"stageTimeDuration":"00:20:06.2870000","splitPointTimeId":71037,"splitPointId":2190,"entryId":19565,"elapsedDurationMs":414000,"elapsedDuration":"PT6M54S","splitDateTime":"2019-04-28T16:23:54","splitDateTimeLocal":"2019-04-28T13:23:54-03:00"},{"startDateTime":"2019-04-28T16:20:00","startDateTimeLocal":"2019-04-28T13:20:00-03:00","stageTimeDurationMs":1206947,"stageTimeDuration":"00:20:06.9470000","splitPointTimeId":71041,"splitPointId":2190,"entryId":19564,"elapsedDurationMs":404700,"elapsedDuration":"PT6M44.7S","splitDateTime":"2019-04-28T16:26:44.7","splitDateTimeLocal":"2019-04-28T13:26:44.7-03:00"},{"startDateTime":"2019-04-28T16:23:00","startDateTimeLocal":"2019-04-28T13:23:00-03:00","stageTimeDurationMs":1222364,"stageTimeDuration":"00:20:22.3640000","splitPointTimeId":71045,"splitPointId":2190,"entryId":19566,"elapsedDurationMs":427900,"elapsedDuration":"PT7M7.9S","splitDateTime":"2019-04-28T16:30:07.9","splitDateTimeLocal":"2019-04-28T13:30:07.9-03:00"},{"startDateTime":"2019-04-28T16:26:00","startDateTimeLocal":"2019-04-28T13:26:00-03:00","stageTimeDurationMs":1091015,"stageTimeDuration":"00:18:11.0150000","splitPointTimeId":71048,"splitPointId":2190,"entryId":19567,"elapsedDurationMs":378300,"elapsedDuration":"PT6M18.3S","splitDateTime":"2019-04-28T16:32:18.3","splitDateTimeLocal":"2019-04-28T13:32:18.3-03:00"},{"startDateTime":"2019-04-28T16:29:00","startDateTimeLocal":"2019-04-28T13:29:00-03:00","stageTimeDurationMs":1185573,"stageTimeDuration":"00:19:45.5730000","splitPointTimeId":71052,"splitPointId":2190,"entryId":19562,"elapsedDurationMs":406100,"elapsedDuration":"PT6M46.1S","splitDateTime":"2019-04-28T16:35:46.1","splitDateTimeLocal":"2019-04-28T13:35:46.1-03:00"},{"startDateTime":"2019-04-28T15:18:00","startDateTimeLocal":"2019-04-28T12:18:00-03:00","stageTimeDurationMs":830641,"stageTimeDuration":"00:13:50.6410000","splitPointTimeId":70964,"splitPointId":2191,"entryId":19551,"elapsedDurationMs":697100,"elapsedDuration":"PT11M37.1S","splitDateTime":"2019-04-28T15:29:37.1","splitDateTimeLocal":"2019-04-28T12:29:37.1-03:00"},{"startDateTime":"2019-04-28T15:22:00","startDateTimeLocal":"2019-04-28T12:22:00-03:00","stageTimeDurationMs":827607,"stageTimeDuration":"00:13:47.6070000","splitPointTimeId":70969,"splitPointId":2191,"entryId":19552,"elapsedDurationMs":696200,"elapsedDuration":"PT11M36.2S","splitDateTime":"2019-04-28T15:33:36.2","splitDateTimeLocal":"2019-04-28T12:33:36.2-03:00"},{"startDateTime":"2019-04-28T15:26:00","startDateTimeLocal":"2019-04-28T12:26:00-03:00","stageTimeDurationMs":861508,"stageTimeDuration":"00:14:21.5080000","splitPointTimeId":70974,"splitPointId":2191,"entryId":19554,"elapsedDurationMs":722400,"elapsedDuration":"PT12M2.4S","splitDateTime":"2019-04-28T15:38:02.4","splitDateTimeLocal":"2019-04-28T12:38:02.4-03:00"},{"startDateTime":"2019-04-28T15:30:00","startDateTimeLocal":"2019-04-28T12:30:00-03:00","stageTimeDurationMs":898248,"stageTimeDuration":"00:14:58.2480000","splitPointTimeId":70980,"splitPointId":2191,"entryId":19558,"elapsedDurationMs":717300,"elapsedDuration":"PT11M57.3S","splitDateTime":"2019-04-28T15:41:57.3","splitDateTimeLocal":"2019-04-28T12:41:57.3-03:00"},{"startDateTime":"2019-04-28T15:34:00","startDateTimeLocal":"2019-04-28T12:34:00-03:00","stageTimeDurationMs":788140,"stageTimeDuration":"00:13:08.1400000","splitPointTimeId":70984,"splitPointId":2191,"entryId":19546,"elapsedDurationMs":662300,"elapsedDuration":"PT11M2.3S","splitDateTime":"2019-04-28T15:45:02.3","splitDateTimeLocal":"2019-04-28T12:45:02.3-03:00"},{"startDateTime":"2019-04-28T15:38:00","startDateTimeLocal":"2019-04-28T12:38:00-03:00","stageTimeDurationMs":799678,"stageTimeDuration":"00:13:19.6780000","splitPointTimeId":70989,"splitPointId":2191,"entryId":19542,"elapsedDurationMs":671600,"elapsedDuration":"PT11M11.6S","splitDateTime":"2019-04-28T15:49:11.6","splitDateTimeLocal":"2019-04-28T12:49:11.6-03:00"},{"startDateTime":"2019-04-28T15:42:00","startDateTimeLocal":"2019-04-28T12:42:00-03:00","stageTimeDurationMs":787195,"stageTimeDuration":"00:13:07.1950000","splitPointTimeId":70994,"splitPointId":2191,"entryId":19545,"elapsedDurationMs":662200,"elapsedDuration":"PT11M2.2S","splitDateTime":"2019-04-28T15:53:02.2","splitDateTimeLocal":"2019-04-28T12:53:02.2-03:00"},{"startDateTime":"2019-04-28T15:46:00","startDateTimeLocal":"2019-04-28T12:46:00-03:00","stageTimeDurationMs":782288,"stageTimeDuration":"00:13:02.2880000","splitPointTimeId":70999,"splitPointId":2191,"entryId":19547,"elapsedDurationMs":656800,"elapsedDuration":"PT10M56.8S","splitDateTime":"2019-04-28T15:56:56.8","splitDateTimeLocal":"2019-04-28T12:56:56.8-03:00"},{"startDateTime":"2019-04-28T15:50:00","startDateTimeLocal":"2019-04-28T12:50:00-03:00","stageTimeDurationMs":782161,"stageTimeDuration":"00:13:02.1610000","splitPointTimeId":71004,"splitPointId":2191,"entryId":19541,"elapsedDurationMs":657800,"elapsedDuration":"PT10M57.8S","splitDateTime":"2019-04-28T16:00:57.8","splitDateTimeLocal":"2019-04-28T13:00:57.8-03:00"},{"startDateTime":"2019-04-28T15:54:00","startDateTimeLocal":"2019-04-28T12:54:00-03:00","stageTimeDurationMs":788768,"stageTimeDuration":"00:13:08.7680000","splitPointTimeId":71009,"splitPointId":2191,"entryId":19544,"elapsedDurationMs":661800,"elapsedDuration":"PT11M1.8S","splitDateTime":"2019-04-28T16:05:01.8","splitDateTimeLocal":"2019-04-28T13:05:01.8-03:00"},{"startDateTime":"2019-04-28T15:58:00","startDateTimeLocal":"2019-04-28T12:58:00-03:00","stageTimeDurationMs":795075,"stageTimeDuration":"00:13:15.0750000","splitPointTimeId":71014,"splitPointId":2191,"entryId":19550,"elapsedDurationMs":667700,"elapsedDuration":"PT11M7.7S","splitDateTime":"2019-04-28T16:09:07.7","splitDateTimeLocal":"2019-04-28T13:09:07.7-03:00"},{"startDateTime":"2019-04-28T16:02:00","startDateTimeLocal":"2019-04-28T13:02:00-03:00","stageTimeDurationMs":786849,"stageTimeDuration":"00:13:06.8490000","splitPointTimeId":71020,"splitPointId":2191,"entryId":19548,"elapsedDurationMs":662300,"elapsedDuration":"PT11M2.3S","splitDateTime":"2019-04-28T16:13:02.3","splitDateTimeLocal":"2019-04-28T13:13:02.3-03:00"},{"startDateTime":"2019-04-28T16:05:00","startDateTimeLocal":"2019-04-28T13:05:00-03:00","stageTimeDurationMs":909605,"stageTimeDuration":"00:15:09.6050000","splitPointTimeId":71027,"splitPointId":2191,"entryId":19561,"elapsedDurationMs":765000,"elapsedDuration":"PT12M45S","splitDateTime":"2019-04-28T16:17:45","splitDateTimeLocal":"2019-04-28T13:17:45-03:00"},{"startDateTime":"2019-04-28T16:08:00","startDateTimeLocal":"2019-04-28T13:08:00-03:00","stageTimeDurationMs":922006,"stageTimeDuration":"00:15:22.0060000","splitPointTimeId":71032,"splitPointId":2191,"entryId":19559,"elapsedDurationMs":782300,"elapsedDuration":"PT13M2.3S","splitDateTime":"2019-04-28T16:21:02.3","splitDateTimeLocal":"2019-04-28T13:21:02.3-03:00"},{"startDateTime":"2019-04-28T16:11:00","startDateTimeLocal":"2019-04-28T13:11:00-03:00","stageTimeDurationMs":857844,"stageTimeDuration":"00:14:17.8440000","splitPointTimeId":71036,"splitPointId":2191,"entryId":19555,"elapsedDurationMs":721400,"elapsedDuration":"PT12M1.4S","splitDateTime":"2019-04-28T16:23:01.4","splitDateTimeLocal":"2019-04-28T13:23:01.4-03:00"},{"startDateTime":"2019-04-28T16:14:00","startDateTimeLocal":"2019-04-28T13:14:00-03:00","stageTimeDurationMs":846275,"stageTimeDuration":"00:14:06.2750000","splitPointTimeId":71039,"splitPointId":2191,"entryId":19557,"elapsedDurationMs":710900,"elapsedDuration":"PT11M50.9S","splitDateTime":"2019-04-28T16:25:50.9","splitDateTimeLocal":"2019-04-28T13:25:50.9-03:00"},{"startDateTime":"2019-04-28T16:17:00","startDateTimeLocal":"2019-04-28T13:17:00-03:00","stageTimeDurationMs":1206287,"stageTimeDuration":"00:20:06.2870000","splitPointTimeId":71049,"splitPointId":2191,"entryId":19565,"elapsedDurationMs":1013500,"elapsedDuration":"PT16M53.5S","splitDateTime":"2019-04-28T16:33:53.5","splitDateTimeLocal":"2019-04-28T13:33:53.5-03:00"},{"startDateTime":"2019-04-28T16:20:00","startDateTimeLocal":"2019-04-28T13:20:00-03:00","stageTimeDurationMs":1206947,"stageTimeDuration":"00:20:06.9470000","splitPointTimeId":71054,"splitPointId":2191,"entryId":19564,"elapsedDurationMs":1011500,"elapsedDuration":"PT16M51.5S","splitDateTime":"2019-04-28T16:36:51.5","splitDateTimeLocal":"2019-04-28T13:36:51.5-03:00"},{"startDateTime":"2019-04-28T16:23:00","startDateTimeLocal":"2019-04-28T13:23:00-03:00","stageTimeDurationMs":1222364,"stageTimeDuration":"00:20:22.3640000","splitPointTimeId":71056,"splitPointId":2191,"entryId":19566,"elapsedDurationMs":1028900,"elapsedDuration":"PT17M8.9S","splitDateTime":"2019-04-28T16:40:08.9","splitDateTimeLocal":"2019-04-28T13:40:08.9-03:00"},{"startDateTime":"2019-04-28T16:26:00","startDateTimeLocal":"2019-04-28T13:26:00-03:00","stageTimeDurationMs":1091015,"stageTimeDuration":"00:18:11.0150000","splitPointTimeId":71058,"splitPointId":2191,"entryId":19567,"elapsedDurationMs":917300,"elapsedDuration":"PT15M17.3S","splitDateTime":"2019-04-28T16:41:17.3","splitDateTimeLocal":"2019-04-28T13:41:17.3-03:00"},{"startDateTime":"2019-04-28T16:29:00","startDateTimeLocal":"2019-04-28T13:29:00-03:00","stageTimeDurationMs":1185573,"stageTimeDuration":"00:19:45.5730000","splitPointTimeId":71061,"splitPointId":2191,"entryId":19562,"elapsedDurationMs":992900,"elapsedDuration":"PT16M32.9S","splitDateTime":"2019-04-28T16:45:32.9","splitDateTimeLocal":"2019-04-28T13:45:32.9-03:00"},{"startDateTime":"2019-04-28T15:18:00","startDateTimeLocal":"2019-04-28T12:18:00-03:00","stageTimeDurationMs":830641,"stageTimeDuration":"00:13:50.6410000","splitPointTimeId":70966,"splitPointId":2192,"entryId":19551,"elapsedDurationMs":770600,"elapsedDuration":"PT12M50.6S","splitDateTime":"2019-04-28T15:30:50.6","splitDateTimeLocal":"2019-04-28T12:30:50.6-03:00"},{"startDateTime":"2019-04-28T15:22:00","startDateTimeLocal":"2019-04-28T12:22:00-03:00","stageTimeDurationMs":827607,"stageTimeDuration":"00:13:47.6070000","splitPointTimeId":70972,"splitPointId":2192,"entryId":19552,"elapsedDurationMs":768800,"elapsedDuration":"PT12M48.8S","splitDateTime":"2019-04-28T15:34:48.8","splitDateTimeLocal":"2019-04-28T12:34:48.8-03:00"},{"startDateTime":"2019-04-28T15:26:00","startDateTimeLocal":"2019-04-28T12:26:00-03:00","stageTimeDurationMs":861508,"stageTimeDuration":"00:14:21.5080000","splitPointTimeId":70977,"splitPointId":2192,"entryId":19554,"elapsedDurationMs":800200,"elapsedDuration":"PT13M20.2S","splitDateTime":"2019-04-28T15:39:20.2","splitDateTimeLocal":"2019-04-28T12:39:20.2-03:00"},{"startDateTime":"2019-04-28T15:30:00","startDateTimeLocal":"2019-04-28T12:30:00-03:00","stageTimeDurationMs":898248,"stageTimeDuration":"00:14:58.2480000","splitPointTimeId":70982,"splitPointId":2192,"entryId":19558,"elapsedDurationMs":791200,"elapsedDuration":"PT13M11.2S","splitDateTime":"2019-04-28T15:43:11.2","splitDateTimeLocal":"2019-04-28T12:43:11.2-03:00"},{"startDateTime":"2019-04-28T15:34:00","startDateTimeLocal":"2019-04-28T12:34:00-03:00","stageTimeDurationMs":788140,"stageTimeDuration":"00:13:08.1400000","splitPointTimeId":70986,"splitPointId":2192,"entryId":19546,"elapsedDurationMs":732400,"elapsedDuration":"PT12M12.4S","splitDateTime":"2019-04-28T15:46:12.4","splitDateTimeLocal":"2019-04-28T12:46:12.4-03:00"},{"startDateTime":"2019-04-28T15:38:00","startDateTimeLocal":"2019-04-28T12:38:00-03:00","stageTimeDurationMs":799678,"stageTimeDuration":"00:13:19.6780000","splitPointTimeId":70991,"splitPointId":2192,"entryId":19542,"elapsedDurationMs":742600,"elapsedDuration":"PT12M22.6S","splitDateTime":"2019-04-28T15:50:22.6","splitDateTimeLocal":"2019-04-28T12:50:22.6-03:00"},{"startDateTime":"2019-04-28T15:42:00","startDateTimeLocal":"2019-04-28T12:42:00-03:00","stageTimeDurationMs":787195,"stageTimeDuration":"00:13:07.1950000","splitPointTimeId":70996,"splitPointId":2192,"entryId":19545,"elapsedDurationMs":731300,"elapsedDuration":"PT12M11.3S","splitDateTime":"2019-04-28T15:54:11.3","splitDateTimeLocal":"2019-04-28T12:54:11.3-03:00"},{"startDateTime":"2019-04-28T15:46:00","startDateTimeLocal":"2019-04-28T12:46:00-03:00","stageTimeDurationMs":782288,"stageTimeDuration":"00:13:02.2880000","splitPointTimeId":71001,"splitPointId":2192,"entryId":19547,"elapsedDurationMs":726000,"elapsedDuration":"PT12M6S","splitDateTime":"2019-04-28T15:58:06","splitDateTimeLocal":"2019-04-28T12:58:06-03:00"},{"startDateTime":"2019-04-28T15:50:00","startDateTimeLocal":"2019-04-28T12:50:00-03:00","stageTimeDurationMs":782161,"stageTimeDuration":"00:13:02.1610000","splitPointTimeId":71006,"splitPointId":2192,"entryId":19541,"elapsedDurationMs":726800,"elapsedDuration":"PT12M6.8S","splitDateTime":"2019-04-28T16:02:06.8","splitDateTimeLocal":"2019-04-28T13:02:06.8-03:00"},{"startDateTime":"2019-04-28T15:54:00","startDateTimeLocal":"2019-04-28T12:54:00-03:00","stageTimeDurationMs":788768,"stageTimeDuration":"00:13:08.7680000","splitPointTimeId":71011,"splitPointId":2192,"entryId":19544,"elapsedDurationMs":732400,"elapsedDuration":"PT12M12.4S","splitDateTime":"2019-04-28T16:06:12.4","splitDateTimeLocal":"2019-04-28T13:06:12.4-03:00"},{"startDateTime":"2019-04-28T15:58:00","startDateTimeLocal":"2019-04-28T12:58:00-03:00","stageTimeDurationMs":795075,"stageTimeDuration":"00:13:15.0750000","splitPointTimeId":71018,"splitPointId":2192,"entryId":19550,"elapsedDurationMs":738600,"elapsedDuration":"PT12M18.6S","splitDateTime":"2019-04-28T16:10:18.6","splitDateTimeLocal":"2019-04-28T13:10:18.6-03:00"},{"startDateTime":"2019-04-28T16:02:00","startDateTimeLocal":"2019-04-28T13:02:00-03:00","stageTimeDurationMs":786849,"stageTimeDuration":"00:13:06.8490000","splitPointTimeId":71023,"splitPointId":2192,"entryId":19548,"elapsedDurationMs":731200,"elapsedDuration":"PT12M11.2S","splitDateTime":"2019-04-28T16:14:11.2","splitDateTimeLocal":"2019-04-28T13:14:11.2-03:00"},{"startDateTime":"2019-04-28T16:05:00","startDateTimeLocal":"2019-04-28T13:05:00-03:00","stageTimeDurationMs":909605,"stageTimeDuration":"00:15:09.6050000","splitPointTimeId":71029,"splitPointId":2192,"entryId":19561,"elapsedDurationMs":844400,"elapsedDuration":"PT14M4.4S","splitDateTime":"2019-04-28T16:19:04.4","splitDateTimeLocal":"2019-04-28T13:19:04.4-03:00"},{"startDateTime":"2019-04-28T16:08:00","startDateTimeLocal":"2019-04-28T13:08:00-03:00","stageTimeDurationMs":922006,"stageTimeDuration":"00:15:22.0060000","splitPointTimeId":71034,"splitPointId":2192,"entryId":19559,"elapsedDurationMs":859700,"elapsedDuration":"PT14M19.7S","splitDateTime":"2019-04-28T16:22:19.7","splitDateTimeLocal":"2019-04-28T13:22:19.7-03:00"},{"startDateTime":"2019-04-28T16:11:00","startDateTimeLocal":"2019-04-28T13:11:00-03:00","stageTimeDurationMs":857844,"stageTimeDuration":"00:14:17.8440000","splitPointTimeId":71038,"splitPointId":2192,"entryId":19555,"elapsedDurationMs":796400,"elapsedDuration":"PT13M16.4S","splitDateTime":"2019-04-28T16:24:16.4","splitDateTimeLocal":"2019-04-28T13:24:16.4-03:00"},{"startDateTime":"2019-04-28T16:14:00","startDateTimeLocal":"2019-04-28T13:14:00-03:00","stageTimeDurationMs":846275,"stageTimeDuration":"00:14:06.2750000","splitPointTimeId":71042,"splitPointId":2192,"entryId":19557,"elapsedDurationMs":785300,"elapsedDuration":"PT13M5.3S","splitDateTime":"2019-04-28T16:27:05.3","splitDateTimeLocal":"2019-04-28T13:27:05.3-03:00"},{"startDateTime":"2019-04-28T16:17:00","startDateTimeLocal":"2019-04-28T13:17:00-03:00","stageTimeDurationMs":1206287,"stageTimeDuration":"00:20:06.2870000","splitPointTimeId":71051,"splitPointId":2192,"entryId":19565,"elapsedDurationMs":1119000,"elapsedDuration":"PT18M39S","splitDateTime":"2019-04-28T16:35:39","splitDateTimeLocal":"2019-04-28T13:35:39-03:00"},{"startDateTime":"2019-04-28T16:20:00","startDateTimeLocal":"2019-04-28T13:20:00-03:00","stageTimeDurationMs":1206947,"stageTimeDuration":"00:20:06.9470000","splitPointTimeId":71055,"splitPointId":2192,"entryId":19564,"elapsedDurationMs":1120200,"elapsedDuration":"PT18M40.2S","splitDateTime":"2019-04-28T16:38:40.2","splitDateTimeLocal":"2019-04-28T13:38:40.2-03:00"},{"startDateTime":"2019-04-28T16:23:00","startDateTimeLocal":"2019-04-28T13:23:00-03:00","stageTimeDurationMs":1222364,"stageTimeDuration":"00:20:22.3640000","splitPointTimeId":71059,"splitPointId":2192,"entryId":19566,"elapsedDurationMs":1134400,"elapsedDuration":"PT18M54.4S","splitDateTime":"2019-04-28T16:41:54.4","splitDateTimeLocal":"2019-04-28T13:41:54.4-03:00"},{"startDateTime":"2019-04-28T16:26:00","startDateTimeLocal":"2019-04-28T13:26:00-03:00","stageTimeDurationMs":1091015,"stageTimeDuration":"00:18:11.0150000","splitPointTimeId":71060,"splitPointId":2192,"entryId":19567,"elapsedDurationMs":1013300,"elapsedDuration":"PT16M53.3S","splitDateTime":"2019-04-28T16:42:53.3","splitDateTimeLocal":"2019-04-28T13:42:53.3-03:00"},{"startDateTime":"2019-04-28T16:29:00","startDateTimeLocal":"2019-04-28T13:29:00-03:00","stageTimeDurationMs":1185573,"stageTimeDuration":"00:19:45.5730000","splitPointTimeId":71062,"splitPointId":2192,"entryId":19562,"elapsedDurationMs":1098300,"elapsedDuration":"PT18M18.3S","splitDateTime":"2019-04-28T16:47:18.3","splitDateTimeLocal":"2019-04-28T13:47:18.3-03:00"}]