{"splitPoints":[{"splitPointId":2507,"stageId":1223,"number":2,"distance":5.59},{"splitPointId":2510,"stageId":1223,"number":1,"distance":4.0}],"controls":[{"controlId":5154,"eventId":85,"stageId":1223,"type":"TimeControl","code":"TC19C","location":"Service OUT - Rally Finish - Holding Area IN","timingPrecision":"Minute","distance":null,"targetDuration":"00:10:00","targetDurationMs":600000,"firstCarDueDateTime":"2019-06-16T11:25:00","firstCarDueDateTimeLocal":"2019-06-16T13:25:00+02:00","status":"Completed","controlPenalties":"All","roundingPolicy":"NoRounding","locked":false},{"controlId":5157,"eventId":85,"stageId":1223,"type":"TimeControl","code":"TC19B","location":"Technical Zone OUT / Service IN","timingPrecision":"Minute","distance":null,"targetDuration":"00:03:00","targetDurationMs":180000,"firstCarDueDateTime":"2019-06-16T11:15:00","firstCarDueDateTimeLocal":"2019-06-16T13:15:00+02:00","status":"Completed","controlPenalties":"All","roundingPolicy":"NoRounding","locked":false},{"controlId":5179,"eventId":85,"stageId":1223,"type":"TimeControl","code":"TC19A","location":"Technical Zone IN","timingPrecision":"Minute","distance":34.51,"targetDuration":"00:54:00","targetDurationMs":3240000,"firstCarDueDateTime":"2019-06-16T11:12:00","firstCarDueDateTimeLocal":"2019-06-16T13:12:00+02:00","status":"Completed","controlPenalties":"All","roundingPolicy":"NoRounding","locked":false},{"controlId":5210,"eventId":85,"stageId":1223,"type":"TimeControl","code":"TC19","location":"Lu Laccheddu","timingPrecision":"Minute","distance":1.12,"targetDuration":"00:04:00","targetDurationMs":240000,"firstCarDueDateTime":"2019-06-16T10:15:00","firstCarDueDateTimeLocal":"2019-06-16T12:15:00+02:00","status":"Completed","controlPenalties":"All","roundingPolicy":"NoRounding","locked":false},{"controlId":5212,"eventId":85,"stageId":1223,"type":"StageStart","code":"SS19","location":"SASSARI-ARGENTIERA 2 - PW STAGE","timingPrecision":"Minute","distance":6.89,"targetDuration":"00:03:00","targetDurationMs":180000,"firstCarDueDateTime":"2019-06-16T10:18:00","firstCarDueDateTimeLocal":"2019-06-16T12:18:00+02:00","status":"Completed","controlPenalties":"None","roundingPolicy":"RoundToClosestMinute","locked":false},{"controlId":5213,"eventId":85,"stageId":1223,"type":"FlyingFinish","code":"SF19","location":"SASSARI-ARGENTIERA 2 - PW STAGE","timingPrecision":"Thousandth","distance":null,"targetDuration":null,"targetDurationMs":null,"firstCarDueDateTime":null,"firstCarDueDateTimeLocal":null,"status":"Completed","controlPenalties":"None","roundingPolicy":"NoRounding","locked":false}],"stageId":1223,"eventId":85,"number":19,"name":"SASSARI-ARGENTIERA 2 - PW STAGE","distance":6.89,"status":"Completed","stageType":"PowerStage","timingPrecision":"Thousandth","locked":false,"code":"SS19"}