[{"startDateTime":"2019-03-10T01:08:00","startDateTimeLocal":"2019-03-09T19:08:00-06:00","stageTimeDurationMs":99100,"stageTimeDuration":"00:01:39.1000000","splitPointTimeId":65637,"splitPointId":1995,"entryId":19189,"elapsedDurationMs":51000,"elapsedDuration":"PT51S","splitDateTime":"2019-03-10T01:08:51","splitDateTimeLocal":"2019-03-09T19:08:51-06:00"},{"startDateTime":"2019-03-10T01:08:00","startDateTimeLocal":"2019-03-09T19:08:00-06:00","stageTimeDurationMs":99400,"stageTimeDuration":"00:01:39.4000000","splitPointTimeId":65638,"splitPointId":1995,"entryId":19184,"elapsedDurationMs":52100,"elapsedDuration":"PT52.1S","splitDateTime":"2019-03-10T01:08:52.1","splitDateTimeLocal":"2019-03-09T19:08:52.1-06:00"},{"startDateTime":"2019-03-10T01:18:00","startDateTimeLocal":"2019-03-09T19:18:00-06:00","stageTimeDurationMs":98500,"stageTimeDuration":"00:01:38.5000000","splitPointTimeId":65641,"splitPointId":1995,"entryId":19187,"elapsedDurationMs":50900,"elapsedDuration":"PT50.9S","splitDateTime":"2019-03-10T01:18:50.9","splitDateTimeLocal":"2019-03-09T19:18:50.9-06:00"},{"startDateTime":"2019-03-10T01:18:00","startDateTimeLocal":"2019-03-09T19:18:00-06:00","stageTimeDurationMs":99400,"stageTimeDuration":"00:01:39.4000000","splitPointTimeId":65642,"splitPointId":1995,"entryId":19185,"elapsedDurationMs":52100,"elapsedDuration":"PT52.1S","splitDateTime":"2019-03-10T01:18:52.1","splitDateTimeLocal":"2019-03-09T19:18:52.1-06:00"},{"startDateTime":"2019-03-10T01:28:00","startDateTimeLocal":"2019-03-09T19:28:00-06:00","stageTimeDurationMs":144400,"stageTimeDuration":"00:02:24.4000000","splitPointTimeId":65645,"splitPointId":1995,"entryId":19183,"elapsedDurationMs":51200,"elapsedDuration":"PT51.2S","splitDateTime":"2019-03-10T01:28:51.2","splitDateTimeLocal":"2019-03-09T19:28:51.2-06:00"},{"startDateTime":"2019-03-10T01:28:00","startDateTimeLocal":"2019-03-09T19:28:00-06:00","stageTimeDurationMs":100000,"stageTimeDuration":"00:01:40","splitPointTimeId":65646,"splitPointId":1995,"entryId":19188,"elapsedDurationMs":52400,"elapsedDuration":"PT52.4S","splitDateTime":"2019-03-10T01:28:52.4","splitDateTimeLocal":"2019-03-09T19:28:52.4-06:00"},{"startDateTime":"2019-03-10T01:38:00","startDateTimeLocal":"2019-03-09T19:38:00-06:00","stageTimeDurationMs":98800,"stageTimeDuration":"00:01:38.8000000","splitPointTimeId":65649,"splitPointId":1995,"entryId":19180,"elapsedDurationMs":50700,"elapsedDuration":"PT50.7S","splitDateTime":"2019-03-10T01:38:50.7","splitDateTimeLocal":"2019-03-09T19:38:50.7-06:00"},{"startDateTime":"2019-03-10T01:38:00","startDateTimeLocal":"2019-03-09T19:38:00-06:00","stageTimeDurationMs":100300,"stageTimeDuration":"00:01:40.3000000","splitPointTimeId":65650,"splitPointId":1995,"entryId":19186,"elapsedDurationMs":52400,"elapsedDuration":"PT52.4S","splitDateTime":"2019-03-10T01:38:52.4","splitDateTimeLocal":"2019-03-09T19:38:52.4-06:00"},{"startDateTime":"2019-03-10T01:48:00","startDateTimeLocal":"2019-03-09T19:48:00-06:00","stageTimeDurationMs":105800,"stageTimeDuration":"00:01:45.8000000","splitPointTimeId":65653,"splitPointId":1995,"entryId":19190,"elapsedDurationMs":54600,"elapsedDuration":"PT54.6S","splitDateTime":"2019-03-10T01:48:54.6","splitDateTimeLocal":"2019-03-09T19:48:54.6-06:00"},{"startDateTime":"2019-03-10T01:48:00","startDateTimeLocal":"2019-03-09T19:48:00-06:00","stageTimeDurationMs":104700,"stageTimeDuration":"00:01:44.7000000","splitPointTimeId":65654,"splitPointId":1995,"entryId":19192,"elapsedDurationMs":54600,"elapsedDuration":"PT54.6S","splitDateTime":"2019-03-10T01:48:54.6","splitDateTimeLocal":"2019-03-09T19:48:54.6-06:00"},{"startDateTime":"2019-03-10T01:58:00","startDateTimeLocal":"2019-03-09T19:58:00-06:00","stageTimeDurationMs":104800,"stageTimeDuration":"00:01:44.8000000","splitPointTimeId":65659,"splitPointId":1995,"entryId":19191,"elapsedDurationMs":114200,"elapsedDuration":"PT1M54.2S","splitDateTime":"2019-03-10T01:59:54.2","splitDateTimeLocal":"2019-03-09T19:59:54.2-06:00"},{"startDateTime":"2019-03-10T01:58:00","startDateTimeLocal":"2019-03-09T19:58:00-06:00","stageTimeDurationMs":105000,"stageTimeDuration":"00:01:45","splitPointTimeId":65660,"splitPointId":1995,"entryId":19195,"elapsedDurationMs":55000,"elapsedDuration":"PT55S","splitDateTime":"2019-03-10T01:58:55","splitDateTimeLocal":"2019-03-09T19:58:55-06:00"}]