[{"startDateTime":"2019-10-04T06:46:00","startDateTimeLocal":"2019-10-04T07:46:00+01:00","stageTimeDurationMs":583000,"stageTimeDuration":"00:09:43","splitPointTimeId":93948,"splitPointId":2919,"entryId":20365,"elapsedDurationMs":355200,"elapsedDuration":"PT5M55.2S","splitDateTime":"2019-10-04T06:51:55.2","splitDateTimeLocal":"2019-10-04T07:51:55.2+01:00"},{"startDateTime":"2019-10-04T06:48:00","startDateTimeLocal":"2019-10-04T07:48:00+01:00","stageTimeDurationMs":585700,"stageTimeDuration":"00:09:45.7000000","splitPointTimeId":93953,"splitPointId":2919,"entryId":20360,"elapsedDurationMs":355700,"elapsedDuration":"PT5M55.7S","splitDateTime":"2019-10-04T06:53:55.7","splitDateTimeLocal":"2019-10-04T07:53:55.7+01:00"},{"startDateTime":"2019-10-04T06:50:00","startDateTimeLocal":"2019-10-04T07:50:00+01:00","stageTimeDurationMs":589200,"stageTimeDuration":"00:09:49.2000000","splitPointTimeId":93959,"splitPointId":2919,"entryId":20367,"elapsedDurationMs":357200,"elapsedDuration":"PT5M57.2S","splitDateTime":"2019-10-04T06:55:57.2","splitDateTimeLocal":"2019-10-04T07:55:57.2+01:00"},{"startDateTime":"2019-10-04T06:52:00","startDateTimeLocal":"2019-10-04T07:52:00+01:00","stageTimeDurationMs":590100,"stageTimeDuration":"00:09:50.1000000","splitPointTimeId":93966,"splitPointId":2919,"entryId":20370,"elapsedDurationMs":358200,"elapsedDuration":"PT5M58.2S","splitDateTime":"2019-10-04T06:57:58.2","splitDateTimeLocal":"2019-10-04T07:57:58.2+01:00"},{"startDateTime":"2019-10-04T06:54:00","startDateTimeLocal":"2019-10-04T07:54:00+01:00","stageTimeDurationMs":584600,"stageTimeDuration":"00:09:44.6000000","splitPointTimeId":93973,"splitPointId":2919,"entryId":20363,"elapsedDurationMs":356300,"elapsedDuration":"PT5M56.3S","splitDateTime":"2019-10-04T06:59:56.3","splitDateTimeLocal":"2019-10-04T07:59:56.3+01:00"},{"startDateTime":"2019-10-04T06:56:00","startDateTimeLocal":"2019-10-04T07:56:00+01:00","stageTimeDurationMs":587200,"stageTimeDuration":"00:09:47.2000000","splitPointTimeId":93978,"splitPointId":2919,"entryId":20366,"elapsedDurationMs":355800,"elapsedDuration":"PT5M55.8S","splitDateTime":"2019-10-04T07:01:55.8","splitDateTimeLocal":"2019-10-04T08:01:55.8+01:00"},{"startDateTime":"2019-10-04T06:58:00","startDateTimeLocal":"2019-10-04T07:58:00+01:00","stageTimeDurationMs":587200,"stageTimeDuration":"00:09:47.2000000","splitPointTimeId":93984,"splitPointId":2919,"entryId":20361,"elapsedDurationMs":356200,"elapsedDuration":"PT5M56.2S","splitDateTime":"2019-10-04T07:03:56.2","splitDateTimeLocal":"2019-10-04T08:03:56.2+01:00"},{"startDateTime":"2019-10-04T07:00:00","startDateTimeLocal":"2019-10-04T08:00:00+01:00","stageTimeDurationMs":587000,"stageTimeDuration":"00:09:47","splitPointTimeId":93989,"splitPointId":2919,"entryId":20362,"elapsedDurationMs":356800,"elapsedDuration":"PT5M56.8S","splitDateTime":"2019-10-04T07:05:56.8","splitDateTimeLocal":"2019-10-04T08:05:56.8+01:00"},{"startDateTime":"2019-10-04T07:02:00","startDateTimeLocal":"2019-10-04T08:02:00+01:00","stageTimeDurationMs":626300,"stageTimeDuration":"00:10:26.3000000","splitPointTimeId":93995,"splitPointId":2919,"entryId":20368,"elapsedDurationMs":370700,"elapsedDuration":"PT6M10.7S","splitDateTime":"2019-10-04T07:08:10.7","splitDateTimeLocal":"2019-10-04T08:08:10.7+01:00"},{"startDateTime":"2019-10-04T07:04:00","startDateTimeLocal":"2019-10-04T08:04:00+01:00","stageTimeDurationMs":619000,"stageTimeDuration":"00:10:19","splitPointTimeId":94003,"splitPointId":2919,"entryId":20364,"elapsedDurationMs":376700,"elapsedDuration":"PT6M16.7S","splitDateTime":"2019-10-04T07:10:16.7","splitDateTimeLocal":"2019-10-04T08:10:16.7+01:00"},{"startDateTime":"2019-10-04T07:06:00","startDateTimeLocal":"2019-10-04T08:06:00+01:00","stageTimeDurationMs":588400,"stageTimeDuration":"00:09:48.4000000","splitPointTimeId":94007,"splitPointId":2919,"entryId":20369,"elapsedDurationMs":357300,"elapsedDuration":"PT5M57.3S","splitDateTime":"2019-10-04T07:11:57.3","splitDateTimeLocal":"2019-10-04T08:11:57.3+01:00"},{"startDateTime":"2019-10-04T07:08:00","startDateTimeLocal":"2019-10-04T08:08:00+01:00","stageTimeDurationMs":609900,"stageTimeDuration":"00:10:09.9000000","splitPointTimeId":94016,"splitPointId":2919,"entryId":20371,"elapsedDurationMs":368200,"elapsedDuration":"PT6M8.2S","splitDateTime":"2019-10-04T07:14:08.2","splitDateTimeLocal":"2019-10-04T08:14:08.2+01:00"},{"startDateTime":"2019-10-04T07:10:00","startDateTimeLocal":"2019-10-04T08:10:00+01:00","stageTimeDurationMs":608600,"stageTimeDuration":"00:10:08.6000000","splitPointTimeId":94020,"splitPointId":2919,"entryId":20373,"elapsedDurationMs":368200,"elapsedDuration":"PT6M8.2S","splitDateTime":"2019-10-04T07:16:08.2","splitDateTimeLocal":"2019-10-04T08:16:08.2+01:00"},{"startDateTime":"2019-10-04T07:12:00","startDateTimeLocal":"2019-10-04T08:12:00+01:00","stageTimeDurationMs":611000,"stageTimeDuration":"00:10:11","splitPointTimeId":94028,"splitPointId":2919,"entryId":20372,"elapsedDurationMs":370200,"elapsedDuration":"PT6M10.2S","splitDateTime":"2019-10-04T07:18:10.2","splitDateTimeLocal":"2019-10-04T08:18:10.2+01:00"},{"startDateTime":"2019-10-04T07:14:00","startDateTimeLocal":"2019-10-04T08:14:00+01:00","stageTimeDurationMs":632400,"stageTimeDuration":"00:10:32.4000000","splitPointTimeId":94036,"splitPointId":2919,"entryId":20374,"elapsedDurationMs":381200,"elapsedDuration":"PT6M21.2S","splitDateTime":"2019-10-04T07:20:21.2","splitDateTimeLocal":"2019-10-04T08:20:21.2+01:00"},{"startDateTime":"2019-10-04T07:16:00","startDateTimeLocal":"2019-10-04T08:16:00+01:00","stageTimeDurationMs":616000,"stageTimeDuration":"00:10:16","splitPointTimeId":94040,"splitPointId":2919,"entryId":20375,"elapsedDurationMs":374200,"elapsedDuration":"PT6M14.2S","splitDateTime":"2019-10-04T07:22:14.2","splitDateTimeLocal":"2019-10-04T08:22:14.2+01:00"},{"startDateTime":"2019-10-04T07:18:00","startDateTimeLocal":"2019-10-04T08:18:00+01:00","stageTimeDurationMs":641100,"stageTimeDuration":"00:10:41.1000000","splitPointTimeId":94050,"splitPointId":2919,"entryId":20376,"elapsedDurationMs":385700,"elapsedDuration":"PT6M25.7S","splitDateTime":"2019-10-04T07:24:25.7","splitDateTimeLocal":"2019-10-04T08:24:25.7+01:00"},{"startDateTime":"2019-10-04T07:19:00","startDateTimeLocal":"2019-10-04T08:19:00+01:00","stageTimeDurationMs":621100,"stageTimeDuration":"00:10:21.1000000","splitPointTimeId":94054,"splitPointId":2919,"entryId":20377,"elapsedDurationMs":374700,"elapsedDuration":"PT6M14.7S","splitDateTime":"2019-10-04T07:25:14.7","splitDateTimeLocal":"2019-10-04T08:25:14.7+01:00"},{"startDateTime":"2019-10-04T07:20:00","startDateTimeLocal":"2019-10-04T08:20:00+01:00","stageTimeDurationMs":617100,"stageTimeDuration":"00:10:17.1000000","splitPointTimeId":94058,"splitPointId":2919,"entryId":20378,"elapsedDurationMs":374200,"elapsedDuration":"PT6M14.2S","splitDateTime":"2019-10-04T07:26:14.2","splitDateTimeLocal":"2019-10-04T08:26:14.2+01:00"},{"startDateTime":"2019-10-04T07:17:00","startDateTimeLocal":"2019-10-04T08:17:00+01:00","stageTimeDurationMs":832800,"stageTimeDuration":"00:13:52.8000000","splitPointTimeId":94060,"splitPointId":2919,"entryId":20379,"elapsedDurationMs":568800,"elapsedDuration":"PT9M28.8S","splitDateTime":"2019-10-04T07:26:28.8","splitDateTimeLocal":"2019-10-04T08:26:28.8+01:00"},{"startDateTime":"2019-10-04T07:21:00","startDateTimeLocal":"2019-10-04T08:21:00+01:00","stageTimeDurationMs":639100,"stageTimeDuration":"00:10:39.1000000","splitPointTimeId":94064,"splitPointId":2919,"entryId":20383,"elapsedDurationMs":386700,"elapsedDuration":"PT6M26.7S","splitDateTime":"2019-10-04T07:27:26.7","splitDateTimeLocal":"2019-10-04T08:27:26.7+01:00"},{"startDateTime":"2019-10-04T07:22:00","startDateTimeLocal":"2019-10-04T08:22:00+01:00","stageTimeDurationMs":641600,"stageTimeDuration":"00:10:41.6000000","splitPointTimeId":94069,"splitPointId":2919,"entryId":20381,"elapsedDurationMs":387800,"elapsedDuration":"PT6M27.8S","splitDateTime":"2019-10-04T07:28:27.8","splitDateTimeLocal":"2019-10-04T08:28:27.8+01:00"},{"startDateTime":"2019-10-04T07:23:00","startDateTimeLocal":"2019-10-04T08:23:00+01:00","stageTimeDurationMs":700900,"stageTimeDuration":"00:11:40.9000000","splitPointTimeId":94074,"splitPointId":2919,"entryId":20384,"elapsedDurationMs":419800,"elapsedDuration":"PT6M59.8S","splitDateTime":"2019-10-04T07:29:59.8","splitDateTimeLocal":"2019-10-04T08:29:59.8+01:00"},{"startDateTime":"2019-10-04T07:25:00","startDateTimeLocal":"2019-10-04T08:25:00+01:00","stageTimeDurationMs":635500,"stageTimeDuration":"00:10:35.5000000","splitPointTimeId":94080,"splitPointId":2919,"entryId":20380,"elapsedDurationMs":381700,"elapsedDuration":"PT6M21.7S","splitDateTime":"2019-10-04T07:31:21.7","splitDateTimeLocal":"2019-10-04T08:31:21.7+01:00"},{"startDateTime":"2019-10-04T07:27:00","startDateTimeLocal":"2019-10-04T08:27:00+01:00","stageTimeDurationMs":641600,"stageTimeDuration":"00:10:41.6000000","splitPointTimeId":94085,"splitPointId":2919,"entryId":20387,"elapsedDurationMs":383200,"elapsedDuration":"PT6M23.2S","splitDateTime":"2019-10-04T07:33:23.2","splitDateTimeLocal":"2019-10-04T08:33:23.2+01:00"},{"startDateTime":"2019-10-04T07:29:00","startDateTimeLocal":"2019-10-04T08:29:00+01:00","stageTimeDurationMs":638200,"stageTimeDuration":"00:10:38.2000000","splitPointTimeId":94093,"splitPointId":2919,"entryId":20389,"elapsedDurationMs":387700,"elapsedDuration":"PT6M27.7S","splitDateTime":"2019-10-04T07:35:27.7","splitDateTimeLocal":"2019-10-04T08:35:27.7+01:00"},{"startDateTime":"2019-10-04T07:30:00","startDateTimeLocal":"2019-10-04T08:30:00+01:00","stageTimeDurationMs":644400,"stageTimeDuration":"00:10:44.4000000","splitPointTimeId":94096,"splitPointId":2919,"entryId":20390,"elapsedDurationMs":387700,"elapsedDuration":"PT6M27.7S","splitDateTime":"2019-10-04T07:36:27.7","splitDateTimeLocal":"2019-10-04T08:36:27.7+01:00"},{"startDateTime":"2019-10-04T07:31:00","startDateTimeLocal":"2019-10-04T08:31:00+01:00","stageTimeDurationMs":642600,"stageTimeDuration":"00:10:42.6000000","splitPointTimeId":94099,"splitPointId":2919,"entryId":20385,"elapsedDurationMs":388200,"elapsedDuration":"PT6M28.2S","splitDateTime":"2019-10-04T07:37:28.2","splitDateTimeLocal":"2019-10-04T08:37:28.2+01:00"},{"startDateTime":"2019-10-04T07:32:00","startDateTimeLocal":"2019-10-04T08:32:00+01:00","stageTimeDurationMs":685900,"stageTimeDuration":"00:11:25.9000000","splitPointTimeId":94102,"splitPointId":2919,"entryId":20392,"elapsedDurationMs":419200,"elapsedDuration":"PT6M59.2S","splitDateTime":"2019-10-04T07:38:59.2","splitDateTimeLocal":"2019-10-04T08:38:59.2+01:00"},{"startDateTime":"2019-10-04T07:33:00","startDateTimeLocal":"2019-10-04T08:33:00+01:00","stageTimeDurationMs":684100,"stageTimeDuration":"00:11:24.1000000","splitPointTimeId":94104,"splitPointId":2919,"entryId":20393,"elapsedDurationMs":415700,"elapsedDuration":"PT6M55.7S","splitDateTime":"2019-10-04T07:39:55.7","splitDateTimeLocal":"2019-10-04T08:39:55.7+01:00"},{"startDateTime":"2019-10-04T07:36:00","startDateTimeLocal":"2019-10-04T08:36:00+01:00","stageTimeDurationMs":720600,"stageTimeDuration":"00:12:00.6000000","splitPointTimeId":94112,"splitPointId":2919,"entryId":20396,"elapsedDurationMs":437200,"elapsedDuration":"PT7M17.2S","splitDateTime":"2019-10-04T07:43:17.2","splitDateTimeLocal":"2019-10-04T08:43:17.2+01:00"},{"startDateTime":"2019-10-04T07:37:00","startDateTimeLocal":"2019-10-04T08:37:00+01:00","stageTimeDurationMs":754700,"stageTimeDuration":"00:12:34.7000000","splitPointTimeId":94114,"splitPointId":2919,"entryId":20397,"elapsedDurationMs":454700,"elapsedDuration":"PT7M34.7S","splitDateTime":"2019-10-04T07:44:34.7","splitDateTimeLocal":"2019-10-04T08:44:34.7+01:00"},{"startDateTime":"2019-10-04T07:38:00","startDateTimeLocal":"2019-10-04T08:38:00+01:00","stageTimeDurationMs":726300,"stageTimeDuration":"00:12:06.3000000","splitPointTimeId":94116,"splitPointId":2919,"entryId":20398,"elapsedDurationMs":441200,"elapsedDuration":"PT7M21.2S","splitDateTime":"2019-10-04T07:45:21.2","splitDateTimeLocal":"2019-10-04T08:45:21.2+01:00"},{"startDateTime":"2019-10-04T07:39:00","startDateTimeLocal":"2019-10-04T08:39:00+01:00","stageTimeDurationMs":739400,"stageTimeDuration":"00:12:19.4000000","splitPointTimeId":94118,"splitPointId":2919,"entryId":20399,"elapsedDurationMs":443700,"elapsedDuration":"PT7M23.7S","splitDateTime":"2019-10-04T07:46:23.7","splitDateTimeLocal":"2019-10-04T08:46:23.7+01:00"},{"startDateTime":"2019-10-04T07:40:00","startDateTimeLocal":"2019-10-04T08:40:00+01:00","stageTimeDurationMs":757100,"stageTimeDuration":"00:12:37.1000000","splitPointTimeId":94119,"splitPointId":2919,"entryId":20401,"elapsedDurationMs":460700,"elapsedDuration":"PT7M40.7S","splitDateTime":"2019-10-04T07:47:40.7","splitDateTimeLocal":"2019-10-04T08:47:40.7+01:00"},{"startDateTime":"2019-10-04T07:42:00","startDateTimeLocal":"2019-10-04T08:42:00+01:00","stageTimeDurationMs":843200,"stageTimeDuration":"00:14:03.2000000","splitPointTimeId":94125,"splitPointId":2919,"entryId":20402,"elapsedDurationMs":508700,"elapsedDuration":"PT8M28.7S","splitDateTime":"2019-10-04T07:50:28.7","splitDateTimeLocal":"2019-10-04T08:50:28.7+01:00"},{"startDateTime":"2019-10-04T07:46:00","startDateTimeLocal":"2019-10-04T08:46:00+01:00","stageTimeDurationMs":632400,"stageTimeDuration":"00:10:32.4000000","splitPointTimeId":94128,"splitPointId":2919,"entryId":20407,"elapsedDurationMs":382200,"elapsedDuration":"PT6M22.2S","splitDateTime":"2019-10-04T07:52:22.2","splitDateTimeLocal":"2019-10-04T08:52:22.2+01:00"},{"startDateTime":"2019-10-04T07:48:00","startDateTimeLocal":"2019-10-04T08:48:00+01:00","stageTimeDurationMs":622900,"stageTimeDuration":"00:10:22.9000000","splitPointTimeId":94131,"splitPointId":2919,"entryId":20403,"elapsedDurationMs":376200,"elapsedDuration":"PT6M16.2S","splitDateTime":"2019-10-04T07:54:16.2","splitDateTimeLocal":"2019-10-04T08:54:16.2+01:00"},{"startDateTime":"2019-10-04T07:49:00","startDateTimeLocal":"2019-10-04T08:49:00+01:00","stageTimeDurationMs":630600,"stageTimeDuration":"00:10:30.6000000","splitPointTimeId":94134,"splitPointId":2919,"entryId":20404,"elapsedDurationMs":383200,"elapsedDuration":"PT6M23.2S","splitDateTime":"2019-10-04T07:55:23.2","splitDateTimeLocal":"2019-10-04T08:55:23.2+01:00"},{"startDateTime":"2019-10-04T07:51:00","startDateTimeLocal":"2019-10-04T08:51:00+01:00","stageTimeDurationMs":632500,"stageTimeDuration":"00:10:32.5000000","splitPointTimeId":94137,"splitPointId":2919,"entryId":20406,"elapsedDurationMs":382200,"elapsedDuration":"PT6M22.2S","splitDateTime":"2019-10-04T07:57:22.2","splitDateTimeLocal":"2019-10-04T08:57:22.2+01:00"},{"startDateTime":"2019-10-04T07:52:00","startDateTimeLocal":"2019-10-04T08:52:00+01:00","stageTimeDurationMs":719300,"stageTimeDuration":"00:11:59.3000000","splitPointTimeId":94140,"splitPointId":2919,"entryId":20409,"elapsedDurationMs":434200,"elapsedDuration":"PT7M14.2S","splitDateTime":"2019-10-04T07:59:14.2","splitDateTimeLocal":"2019-10-04T08:59:14.2+01:00"},{"startDateTime":"2019-10-04T07:54:00","startDateTimeLocal":"2019-10-04T08:54:00+01:00","stageTimeDurationMs":719200,"stageTimeDuration":"00:11:59.2000000","splitPointTimeId":94144,"splitPointId":2919,"entryId":20412,"elapsedDurationMs":436200,"elapsedDuration":"PT7M16.2S","splitDateTime":"2019-10-04T08:01:16.2","splitDateTimeLocal":"2019-10-04T09:01:16.2+01:00"},{"startDateTime":"2019-10-04T07:55:00","startDateTimeLocal":"2019-10-04T08:55:00+01:00","stageTimeDurationMs":810600,"stageTimeDuration":"00:13:30.6000000","splitPointTimeId":94147,"splitPointId":2919,"entryId":20413,"elapsedDurationMs":482200,"elapsedDuration":"PT8M2.2S","splitDateTime":"2019-10-04T08:03:02.2","splitDateTimeLocal":"2019-10-04T09:03:02.2+01:00"},{"startDateTime":"2019-10-04T07:56:00","startDateTimeLocal":"2019-10-04T08:56:00+01:00","stageTimeDurationMs":747100,"stageTimeDuration":"00:12:27.1000000","splitPointTimeId":94149,"splitPointId":2919,"entryId":20414,"elapsedDurationMs":450700,"elapsedDuration":"PT7M30.7S","splitDateTime":"2019-10-04T08:03:30.7","splitDateTimeLocal":"2019-10-04T09:03:30.7+01:00"},{"startDateTime":"2019-10-04T07:57:00","startDateTimeLocal":"2019-10-04T08:57:00+01:00","stageTimeDurationMs":705500,"stageTimeDuration":"00:11:45.5000000","splitPointTimeId":94151,"splitPointId":2919,"entryId":20408,"elapsedDurationMs":424700,"elapsedDuration":"PT7M4.7S","splitDateTime":"2019-10-04T08:04:04.7","splitDateTimeLocal":"2019-10-04T09:04:04.7+01:00"},{"startDateTime":"2019-10-04T07:59:00","startDateTimeLocal":"2019-10-04T08:59:00+01:00","stageTimeDurationMs":744000,"stageTimeDuration":"00:12:24","splitPointTimeId":94154,"splitPointId":2919,"entryId":20416,"elapsedDurationMs":455200,"elapsedDuration":"PT7M35.2S","splitDateTime":"2019-10-04T08:06:35.2","splitDateTimeLocal":"2019-10-04T09:06:35.2+01:00"},{"startDateTime":"2019-10-04T08:00:00","startDateTimeLocal":"2019-10-04T09:00:00+01:00","stageTimeDurationMs":875600,"stageTimeDuration":"00:14:35.6000000","splitPointTimeId":94158,"splitPointId":2919,"entryId":20417,"elapsedDurationMs":527700,"elapsedDuration":"PT8M47.7S","splitDateTime":"2019-10-04T08:08:47.7","splitDateTimeLocal":"2019-10-04T09:08:47.7+01:00"},{"startDateTime":"2019-10-04T07:58:00","startDateTimeLocal":"2019-10-04T08:58:00+01:00","stageTimeDurationMs":1039000,"stageTimeDuration":"00:17:19","splitPointTimeId":94160,"splitPointId":2919,"entryId":20415,"elapsedDurationMs":735700,"elapsedDuration":"PT12M15.7S","splitDateTime":"2019-10-04T08:10:15.7","splitDateTimeLocal":"2019-10-04T09:10:15.7+01:00"},{"startDateTime":"2019-10-04T07:50:00","startDateTimeLocal":"2019-10-04T08:50:00+01:00","stageTimeDurationMs":2527200,"stageTimeDuration":"00:42:07.2000000","splitPointTimeId":94164,"splitPointId":2919,"entryId":20405,"elapsedDurationMs":2200700,"elapsedDuration":"PT36M40.7S","splitDateTime":"2019-10-04T08:26:40.7","splitDateTimeLocal":"2019-10-04T09:26:40.7+01:00"},{"startDateTime":"2019-10-04T06:46:00","startDateTimeLocal":"2019-10-04T07:46:00+01:00","stageTimeDurationMs":583000,"stageTimeDuration":"00:09:43","splitPointTimeId":93945,"splitPointId":2922,"entryId":20365,"elapsedDurationMs":243100,"elapsedDuration":"PT4M3.1S","splitDateTime":"2019-10-04T06:50:03.1","splitDateTimeLocal":"2019-10-04T07:50:03.1+01:00"},{"startDateTime":"2019-10-04T06:48:00","startDateTimeLocal":"2019-10-04T07:48:00+01:00","stageTimeDurationMs":585700,"stageTimeDuration":"00:09:45.7000000","splitPointTimeId":93949,"splitPointId":2922,"entryId":20360,"elapsedDurationMs":245200,"elapsedDuration":"PT4M5.2S","splitDateTime":"2019-10-04T06:52:05.2","splitDateTimeLocal":"2019-10-04T07:52:05.2+01:00"},{"startDateTime":"2019-10-04T06:50:00","startDateTimeLocal":"2019-10-04T07:50:00+01:00","stageTimeDurationMs":589200,"stageTimeDuration":"00:09:49.2000000","splitPointTimeId":93954,"splitPointId":2922,"entryId":20367,"elapsedDurationMs":244700,"elapsedDuration":"PT4M4.7S","splitDateTime":"2019-10-04T06:54:04.7","splitDateTimeLocal":"2019-10-04T07:54:04.7+01:00"},{"startDateTime":"2019-10-04T06:52:00","startDateTimeLocal":"2019-10-04T07:52:00+01:00","stageTimeDurationMs":590100,"stageTimeDuration":"00:09:50.1000000","splitPointTimeId":93960,"splitPointId":2922,"entryId":20370,"elapsedDurationMs":246300,"elapsedDuration":"PT4M6.3S","splitDateTime":"2019-10-04T06:56:06.3","splitDateTimeLocal":"2019-10-04T07:56:06.3+01:00"},{"startDateTime":"2019-10-04T06:54:00","startDateTimeLocal":"2019-10-04T07:54:00+01:00","stageTimeDurationMs":584600,"stageTimeDuration":"00:09:44.6000000","splitPointTimeId":93967,"splitPointId":2922,"entryId":20363,"elapsedDurationMs":245800,"elapsedDuration":"PT4M5.8S","splitDateTime":"2019-10-04T06:58:05.8","splitDateTimeLocal":"2019-10-04T07:58:05.8+01:00"},{"startDateTime":"2019-10-04T06:56:00","startDateTimeLocal":"2019-10-04T07:56:00+01:00","stageTimeDurationMs":587200,"stageTimeDuration":"00:09:47.2000000","splitPointTimeId":93974,"splitPointId":2922,"entryId":20366,"elapsedDurationMs":244700,"elapsedDuration":"PT4M4.7S","splitDateTime":"2019-10-04T07:00:04.7","splitDateTimeLocal":"2019-10-04T08:00:04.7+01:00"},{"startDateTime":"2019-10-04T06:58:00","startDateTimeLocal":"2019-10-04T07:58:00+01:00","stageTimeDurationMs":587200,"stageTimeDuration":"00:09:47.2000000","splitPointTimeId":93980,"splitPointId":2922,"entryId":20361,"elapsedDurationMs":244300,"elapsedDuration":"PT4M4.3S","splitDateTime":"2019-10-04T07:02:04.3","splitDateTimeLocal":"2019-10-04T08:02:04.3+01:00"},{"startDateTime":"2019-10-04T07:00:00","startDateTimeLocal":"2019-10-04T08:00:00+01:00","stageTimeDurationMs":587000,"stageTimeDuration":"00:09:47","splitPointTimeId":93985,"splitPointId":2922,"entryId":20362,"elapsedDurationMs":245600,"elapsedDuration":"PT4M5.6S","splitDateTime":"2019-10-04T07:04:05.6","splitDateTimeLocal":"2019-10-04T08:04:05.6+01:00"},{"startDateTime":"2019-10-04T07:02:00","startDateTimeLocal":"2019-10-04T08:02:00+01:00","stageTimeDurationMs":626300,"stageTimeDuration":"00:10:26.3000000","splitPointTimeId":93990,"splitPointId":2922,"entryId":20368,"elapsedDurationMs":247200,"elapsedDuration":"PT4M7.2S","splitDateTime":"2019-10-04T07:06:07.2","splitDateTimeLocal":"2019-10-04T08:06:07.2+01:00"},{"startDateTime":"2019-10-04T07:04:00","startDateTimeLocal":"2019-10-04T08:04:00+01:00","stageTimeDurationMs":619000,"stageTimeDuration":"00:10:19","splitPointTimeId":93996,"splitPointId":2922,"entryId":20364,"elapsedDurationMs":258200,"elapsedDuration":"PT4M18.2S","splitDateTime":"2019-10-04T07:08:18.2","splitDateTimeLocal":"2019-10-04T08:08:18.2+01:00"},{"startDateTime":"2019-10-04T07:06:00","startDateTimeLocal":"2019-10-04T08:06:00+01:00","stageTimeDurationMs":588400,"stageTimeDuration":"00:09:48.4000000","splitPointTimeId":94002,"splitPointId":2922,"entryId":20369,"elapsedDurationMs":245700,"elapsedDuration":"PT4M5.7S","splitDateTime":"2019-10-04T07:10:05.7","splitDateTimeLocal":"2019-10-04T08:10:05.7+01:00"},{"startDateTime":"2019-10-04T07:08:00","startDateTimeLocal":"2019-10-04T08:08:00+01:00","stageTimeDurationMs":609900,"stageTimeDuration":"00:10:09.9000000","splitPointTimeId":94008,"splitPointId":2922,"entryId":20371,"elapsedDurationMs":252200,"elapsedDuration":"PT4M12.2S","splitDateTime":"2019-10-04T07:12:12.2","splitDateTimeLocal":"2019-10-04T08:12:12.2+01:00"},{"startDateTime":"2019-10-04T07:10:00","startDateTimeLocal":"2019-10-04T08:10:00+01:00","stageTimeDurationMs":608600,"stageTimeDuration":"00:10:08.6000000","splitPointTimeId":94014,"splitPointId":2922,"entryId":20373,"elapsedDurationMs":251700,"elapsedDuration":"PT4M11.7S","splitDateTime":"2019-10-04T07:14:11.7","splitDateTimeLocal":"2019-10-04T08:14:11.7+01:00"},{"startDateTime":"2019-10-04T07:12:00","startDateTimeLocal":"2019-10-04T08:12:00+01:00","stageTimeDurationMs":611000,"stageTimeDuration":"00:10:11","splitPointTimeId":94022,"splitPointId":2922,"entryId":20372,"elapsedDurationMs":253200,"elapsedDuration":"PT4M13.2S","splitDateTime":"2019-10-04T07:16:13.2","splitDateTimeLocal":"2019-10-04T08:16:13.2+01:00"},{"startDateTime":"2019-10-04T07:14:00","startDateTimeLocal":"2019-10-04T08:14:00+01:00","stageTimeDurationMs":632400,"stageTimeDuration":"00:10:32.4000000","splitPointTimeId":94029,"splitPointId":2922,"entryId":20374,"elapsedDurationMs":261300,"elapsedDuration":"PT4M21.3S","splitDateTime":"2019-10-04T07:18:21.3","splitDateTimeLocal":"2019-10-04T08:18:21.3+01:00"},{"startDateTime":"2019-10-04T07:16:00","startDateTimeLocal":"2019-10-04T08:16:00+01:00","stageTimeDurationMs":616000,"stageTimeDuration":"00:10:16","splitPointTimeId":94035,"splitPointId":2922,"entryId":20375,"elapsedDurationMs":256300,"elapsedDuration":"PT4M16.3S","splitDateTime":"2019-10-04T07:20:16.3","splitDateTimeLocal":"2019-10-04T08:20:16.3+01:00"},{"startDateTime":"2019-10-04T07:18:00","startDateTimeLocal":"2019-10-04T08:18:00+01:00","stageTimeDurationMs":641100,"stageTimeDuration":"00:10:41.1000000","splitPointTimeId":94041,"splitPointId":2922,"entryId":20376,"elapsedDurationMs":262700,"elapsedDuration":"PT4M22.7S","splitDateTime":"2019-10-04T07:22:22.7","splitDateTimeLocal":"2019-10-04T08:22:22.7+01:00"},{"startDateTime":"2019-10-04T07:19:00","startDateTimeLocal":"2019-10-04T08:19:00+01:00","stageTimeDurationMs":621100,"stageTimeDuration":"00:10:21.1000000","splitPointTimeId":94046,"splitPointId":2922,"entryId":20377,"elapsedDurationMs":255200,"elapsedDuration":"PT4M15.2S","splitDateTime":"2019-10-04T07:23:15.2","splitDateTimeLocal":"2019-10-04T08:23:15.2+01:00"},{"startDateTime":"2019-10-04T07:20:00","startDateTimeLocal":"2019-10-04T08:20:00+01:00","stageTimeDurationMs":617100,"stageTimeDuration":"00:10:17.1000000","splitPointTimeId":94048,"splitPointId":2922,"entryId":20378,"elapsedDurationMs":255700,"elapsedDuration":"PT4M15.7S","splitDateTime":"2019-10-04T07:24:15.7","splitDateTimeLocal":"2019-10-04T08:24:15.7+01:00"},{"startDateTime":"2019-10-04T07:17:00","startDateTimeLocal":"2019-10-04T08:17:00+01:00","stageTimeDurationMs":832800,"stageTimeDuration":"00:13:52.8000000","splitPointTimeId":94049,"splitPointId":2922,"entryId":20379,"elapsedDurationMs":441800,"elapsedDuration":"PT7M21.8S","splitDateTime":"2019-10-04T07:24:21.8","splitDateTimeLocal":"2019-10-04T08:24:21.8+01:00"},{"startDateTime":"2019-10-04T07:21:00","startDateTimeLocal":"2019-10-04T08:21:00+01:00","stageTimeDurationMs":639100,"stageTimeDuration":"00:10:39.1000000","splitPointTimeId":94055,"splitPointId":2922,"entryId":20383,"elapsedDurationMs":262800,"elapsedDuration":"PT4M22.8S","splitDateTime":"2019-10-04T07:25:22.8","splitDateTimeLocal":"2019-10-04T08:25:22.8+01:00"},{"startDateTime":"2019-10-04T07:22:00","startDateTimeLocal":"2019-10-04T08:22:00+01:00","stageTimeDurationMs":641600,"stageTimeDuration":"00:10:41.6000000","splitPointTimeId":94059,"splitPointId":2922,"entryId":20381,"elapsedDurationMs":264700,"elapsedDuration":"PT4M24.7S","splitDateTime":"2019-10-04T07:26:24.7","splitDateTimeLocal":"2019-10-04T08:26:24.7+01:00"},{"startDateTime":"2019-10-04T07:23:00","startDateTimeLocal":"2019-10-04T08:23:00+01:00","stageTimeDurationMs":700900,"stageTimeDuration":"00:11:40.9000000","splitPointTimeId":94065,"splitPointId":2922,"entryId":20384,"elapsedDurationMs":283100,"elapsedDuration":"PT4M43.1S","splitDateTime":"2019-10-04T07:27:43.1","splitDateTimeLocal":"2019-10-04T08:27:43.1+01:00"},{"startDateTime":"2019-10-04T07:25:00","startDateTimeLocal":"2019-10-04T08:25:00+01:00","stageTimeDurationMs":635500,"stageTimeDuration":"00:10:35.5000000","splitPointTimeId":94072,"splitPointId":2922,"entryId":20380,"elapsedDurationMs":260000,"elapsedDuration":"PT4M20S","splitDateTime":"2019-10-04T07:29:20","splitDateTimeLocal":"2019-10-04T08:29:20+01:00"},{"startDateTime":"2019-10-04T07:27:00","startDateTimeLocal":"2019-10-04T08:27:00+01:00","stageTimeDurationMs":641600,"stageTimeDuration":"00:10:41.6000000","splitPointTimeId":94079,"splitPointId":2922,"entryId":20387,"elapsedDurationMs":261700,"elapsedDuration":"PT4M21.7S","splitDateTime":"2019-10-04T07:31:21.7","splitDateTimeLocal":"2019-10-04T08:31:21.7+01:00"},{"startDateTime":"2019-10-04T07:29:00","startDateTimeLocal":"2019-10-04T08:29:00+01:00","stageTimeDurationMs":638200,"stageTimeDuration":"00:10:38.2000000","splitPointTimeId":94086,"splitPointId":2922,"entryId":20389,"elapsedDurationMs":266300,"elapsedDuration":"PT4M26.3S","splitDateTime":"2019-10-04T07:33:26.3","splitDateTimeLocal":"2019-10-04T08:33:26.3+01:00"},{"startDateTime":"2019-10-04T07:30:00","startDateTimeLocal":"2019-10-04T08:30:00+01:00","stageTimeDurationMs":644400,"stageTimeDuration":"00:10:44.4000000","splitPointTimeId":94090,"splitPointId":2922,"entryId":20390,"elapsedDurationMs":263700,"elapsedDuration":"PT4M23.7S","splitDateTime":"2019-10-04T07:34:23.7","splitDateTimeLocal":"2019-10-04T08:34:23.7+01:00"},{"startDateTime":"2019-10-04T07:31:00","startDateTimeLocal":"2019-10-04T08:31:00+01:00","stageTimeDurationMs":642600,"stageTimeDuration":"00:10:42.6000000","splitPointTimeId":94092,"splitPointId":2922,"entryId":20385,"elapsedDurationMs":266000,"elapsedDuration":"PT4M26S","splitDateTime":"2019-10-04T07:35:26","splitDateTimeLocal":"2019-10-04T08:35:26+01:00"},{"startDateTime":"2019-10-04T07:32:00","startDateTimeLocal":"2019-10-04T08:32:00+01:00","stageTimeDurationMs":685900,"stageTimeDuration":"00:11:25.9000000","splitPointTimeId":94097,"splitPointId":2922,"entryId":20392,"elapsedDurationMs":287200,"elapsedDuration":"PT4M47.2S","splitDateTime":"2019-10-04T07:36:47.2","splitDateTimeLocal":"2019-10-04T08:36:47.2+01:00"},{"startDateTime":"2019-10-04T07:33:00","startDateTimeLocal":"2019-10-04T08:33:00+01:00","stageTimeDurationMs":684100,"stageTimeDuration":"00:11:24.1000000","splitPointTimeId":94100,"splitPointId":2922,"entryId":20393,"elapsedDurationMs":284700,"elapsedDuration":"PT4M44.7S","splitDateTime":"2019-10-04T07:37:44.7","splitDateTimeLocal":"2019-10-04T08:37:44.7+01:00"},{"startDateTime":"2019-10-04T07:36:00","startDateTimeLocal":"2019-10-04T08:36:00+01:00","stageTimeDurationMs":720600,"stageTimeDuration":"00:12:00.6000000","splitPointTimeId":94107,"splitPointId":2922,"entryId":20396,"elapsedDurationMs":299700,"elapsedDuration":"PT4M59.7S","splitDateTime":"2019-10-04T07:40:59.7","splitDateTimeLocal":"2019-10-04T08:40:59.7+01:00"},{"startDateTime":"2019-10-04T07:37:00","startDateTimeLocal":"2019-10-04T08:37:00+01:00","stageTimeDurationMs":754700,"stageTimeDuration":"00:12:34.7000000","splitPointTimeId":94109,"splitPointId":2922,"entryId":20397,"elapsedDurationMs":309200,"elapsedDuration":"PT5M9.2S","splitDateTime":"2019-10-04T07:42:09.2","splitDateTimeLocal":"2019-10-04T08:42:09.2+01:00"},{"startDateTime":"2019-10-04T07:38:00","startDateTimeLocal":"2019-10-04T08:38:00+01:00","stageTimeDurationMs":726300,"stageTimeDuration":"00:12:06.3000000","splitPointTimeId":94111,"splitPointId":2922,"entryId":20398,"elapsedDurationMs":302700,"elapsedDuration":"PT5M2.7S","splitDateTime":"2019-10-04T07:43:02.7","splitDateTimeLocal":"2019-10-04T08:43:02.7+01:00"},{"startDateTime":"2019-10-04T07:39:00","startDateTimeLocal":"2019-10-04T08:39:00+01:00","stageTimeDurationMs":739400,"stageTimeDuration":"00:12:19.4000000","splitPointTimeId":94113,"splitPointId":2922,"entryId":20399,"elapsedDurationMs":300200,"elapsedDuration":"PT5M0.2S","splitDateTime":"2019-10-04T07:44:00.2","splitDateTimeLocal":"2019-10-04T08:44:00.2+01:00"},{"startDateTime":"2019-10-04T07:40:00","startDateTimeLocal":"2019-10-04T08:40:00+01:00","stageTimeDurationMs":757100,"stageTimeDuration":"00:12:37.1000000","splitPointTimeId":94115,"splitPointId":2922,"entryId":20401,"elapsedDurationMs":316100,"elapsedDuration":"PT5M16.1S","splitDateTime":"2019-10-04T07:45:16.1","splitDateTimeLocal":"2019-10-04T08:45:16.1+01:00"},{"startDateTime":"2019-10-04T07:42:00","startDateTimeLocal":"2019-10-04T08:42:00+01:00","stageTimeDurationMs":843200,"stageTimeDuration":"00:14:03.2000000","splitPointTimeId":94120,"splitPointId":2922,"entryId":20402,"elapsedDurationMs":338200,"elapsedDuration":"PT5M38.2S","splitDateTime":"2019-10-04T07:47:38.2","splitDateTimeLocal":"2019-10-04T08:47:38.2+01:00"},{"startDateTime":"2019-10-04T07:46:00","startDateTimeLocal":"2019-10-04T08:46:00+01:00","stageTimeDurationMs":632400,"stageTimeDuration":"00:10:32.4000000","splitPointTimeId":94124,"splitPointId":2922,"entryId":20407,"elapsedDurationMs":263200,"elapsedDuration":"PT4M23.2S","splitDateTime":"2019-10-04T07:50:23.2","splitDateTimeLocal":"2019-10-04T08:50:23.2+01:00"},{"startDateTime":"2019-10-04T07:48:00","startDateTimeLocal":"2019-10-04T08:48:00+01:00","stageTimeDurationMs":622900,"stageTimeDuration":"00:10:22.9000000","splitPointTimeId":94127,"splitPointId":2922,"entryId":20403,"elapsedDurationMs":258200,"elapsedDuration":"PT4M18.2S","splitDateTime":"2019-10-04T07:52:18.2","splitDateTimeLocal":"2019-10-04T08:52:18.2+01:00"},{"startDateTime":"2019-10-04T07:49:00","startDateTimeLocal":"2019-10-04T08:49:00+01:00","stageTimeDurationMs":630600,"stageTimeDuration":"00:10:30.6000000","splitPointTimeId":94129,"splitPointId":2922,"entryId":20404,"elapsedDurationMs":263100,"elapsedDuration":"PT4M23.1S","splitDateTime":"2019-10-04T07:53:23.1","splitDateTimeLocal":"2019-10-04T08:53:23.1+01:00"},{"startDateTime":"2019-10-04T07:51:00","startDateTimeLocal":"2019-10-04T08:51:00+01:00","stageTimeDurationMs":632500,"stageTimeDuration":"00:10:32.5000000","splitPointTimeId":94133,"splitPointId":2922,"entryId":20406,"elapsedDurationMs":260200,"elapsedDuration":"PT4M20.2S","splitDateTime":"2019-10-04T07:55:20.2","splitDateTimeLocal":"2019-10-04T08:55:20.2+01:00"},{"startDateTime":"2019-10-04T07:52:00","startDateTimeLocal":"2019-10-04T08:52:00+01:00","stageTimeDurationMs":719300,"stageTimeDuration":"00:11:59.3000000","splitPointTimeId":94135,"splitPointId":2922,"entryId":20409,"elapsedDurationMs":294200,"elapsedDuration":"PT4M54.2S","splitDateTime":"2019-10-04T07:56:54.2","splitDateTimeLocal":"2019-10-04T08:56:54.2+01:00"},{"startDateTime":"2019-10-04T07:54:00","startDateTimeLocal":"2019-10-04T08:54:00+01:00","stageTimeDurationMs":719200,"stageTimeDuration":"00:11:59.2000000","splitPointTimeId":94139,"splitPointId":2922,"entryId":20412,"elapsedDurationMs":299200,"elapsedDuration":"PT4M59.2S","splitDateTime":"2019-10-04T07:58:59.2","splitDateTimeLocal":"2019-10-04T08:58:59.2+01:00"},{"startDateTime":"2019-10-04T07:55:00","startDateTimeLocal":"2019-10-04T08:55:00+01:00","stageTimeDurationMs":810600,"stageTimeDuration":"00:13:30.6000000","splitPointTimeId":94142,"splitPointId":2922,"entryId":20413,"elapsedDurationMs":325200,"elapsedDuration":"PT5M25.2S","splitDateTime":"2019-10-04T08:00:25.2","splitDateTimeLocal":"2019-10-04T09:00:25.2+01:00"},{"startDateTime":"2019-10-04T07:56:00","startDateTimeLocal":"2019-10-04T08:56:00+01:00","stageTimeDurationMs":747100,"stageTimeDuration":"00:12:27.1000000","splitPointTimeId":94143,"splitPointId":2922,"entryId":20414,"elapsedDurationMs":305700,"elapsedDuration":"PT5M5.7S","splitDateTime":"2019-10-04T08:01:05.7","splitDateTimeLocal":"2019-10-04T09:01:05.7+01:00"},{"startDateTime":"2019-10-04T07:57:00","startDateTimeLocal":"2019-10-04T08:57:00+01:00","stageTimeDurationMs":705500,"stageTimeDuration":"00:11:45.5000000","splitPointTimeId":94145,"splitPointId":2922,"entryId":20408,"elapsedDurationMs":290700,"elapsedDuration":"PT4M50.7S","splitDateTime":"2019-10-04T08:01:50.7","splitDateTimeLocal":"2019-10-04T09:01:50.7+01:00"},{"startDateTime":"2019-10-04T07:58:00","startDateTimeLocal":"2019-10-04T08:58:00+01:00","stageTimeDurationMs":1039000,"stageTimeDuration":"00:17:19","splitPointTimeId":94148,"splitPointId":2922,"entryId":20415,"elapsedDurationMs":303200,"elapsedDuration":"PT5M3.2S","splitDateTime":"2019-10-04T08:03:03.2","splitDateTimeLocal":"2019-10-04T09:03:03.2+01:00"},{"startDateTime":"2019-10-04T07:59:00","startDateTimeLocal":"2019-10-04T08:59:00+01:00","stageTimeDurationMs":744000,"stageTimeDuration":"00:12:24","splitPointTimeId":94150,"splitPointId":2922,"entryId":20416,"elapsedDurationMs":307600,"elapsedDuration":"PT5M7.6S","splitDateTime":"2019-10-04T08:04:07.6","splitDateTimeLocal":"2019-10-04T09:04:07.6+01:00"},{"startDateTime":"2019-10-04T08:00:00","startDateTimeLocal":"2019-10-04T09:00:00+01:00","stageTimeDurationMs":875600,"stageTimeDuration":"00:14:35.6000000","splitPointTimeId":94153,"splitPointId":2922,"entryId":20417,"elapsedDurationMs":355300,"elapsedDuration":"PT5M55.3S","splitDateTime":"2019-10-04T08:05:55.3","splitDateTimeLocal":"2019-10-04T09:05:55.3+01:00"},{"startDateTime":"2019-10-04T07:50:00","startDateTimeLocal":"2019-10-04T08:50:00+01:00","stageTimeDurationMs":2527200,"stageTimeDuration":"00:42:07.2000000","splitPointTimeId":94163,"splitPointId":2922,"entryId":20405,"elapsedDurationMs":2038700,"elapsedDuration":"PT33M58.7S","splitDateTime":"2019-10-04T08:23:58.7","splitDateTimeLocal":"2019-10-04T09:23:58.7+01:00"},{"startDateTime":"2019-10-04T06:46:00","startDateTimeLocal":"2019-10-04T07:46:00+01:00","stageTimeDurationMs":583000,"stageTimeDuration":"00:09:43","splitPointTimeId":93955,"splitPointId":2924,"entryId":20365,"elapsedDurationMs":500700,"elapsedDuration":"PT8M20.7S","splitDateTime":"2019-10-04T06:54:20.7","splitDateTimeLocal":"2019-10-04T07:54:20.7+01:00"},{"startDateTime":"2019-10-04T06:48:00","startDateTimeLocal":"2019-10-04T07:48:00+01:00","stageTimeDurationMs":585700,"stageTimeDuration":"00:09:45.7000000","splitPointTimeId":93961,"splitPointId":2924,"entryId":20360,"elapsedDurationMs":502400,"elapsedDuration":"PT8M22.4S","splitDateTime":"2019-10-04T06:56:22.4","splitDateTimeLocal":"2019-10-04T07:56:22.4+01:00"},{"startDateTime":"2019-10-04T06:50:00","startDateTimeLocal":"2019-10-04T07:50:00+01:00","stageTimeDurationMs":589200,"stageTimeDuration":"00:09:49.2000000","splitPointTimeId":93968,"splitPointId":2924,"entryId":20367,"elapsedDurationMs":504800,"elapsedDuration":"PT8M24.8S","splitDateTime":"2019-10-04T06:58:24.8","splitDateTimeLocal":"2019-10-04T07:58:24.8+01:00"},{"startDateTime":"2019-10-04T06:52:00","startDateTimeLocal":"2019-10-04T07:52:00+01:00","stageTimeDurationMs":590100,"stageTimeDuration":"00:09:50.1000000","splitPointTimeId":93975,"splitPointId":2924,"entryId":20370,"elapsedDurationMs":505900,"elapsedDuration":"PT8M25.9S","splitDateTime":"2019-10-04T07:00:25.9","splitDateTimeLocal":"2019-10-04T08:00:25.9+01:00"},{"startDateTime":"2019-10-04T06:54:00","startDateTimeLocal":"2019-10-04T07:54:00+01:00","stageTimeDurationMs":584600,"stageTimeDuration":"00:09:44.6000000","splitPointTimeId":93981,"splitPointId":2924,"entryId":20363,"elapsedDurationMs":501800,"elapsedDuration":"PT8M21.8S","splitDateTime":"2019-10-04T07:02:21.8","splitDateTimeLocal":"2019-10-04T08:02:21.8+01:00"},{"startDateTime":"2019-10-04T06:56:00","startDateTimeLocal":"2019-10-04T07:56:00+01:00","stageTimeDurationMs":587200,"stageTimeDuration":"00:09:47.2000000","splitPointTimeId":93986,"splitPointId":2924,"entryId":20366,"elapsedDurationMs":503200,"elapsedDuration":"PT8M23.2S","splitDateTime":"2019-10-04T07:04:23.2","splitDateTimeLocal":"2019-10-04T08:04:23.2+01:00"},{"startDateTime":"2019-10-04T06:58:00","startDateTimeLocal":"2019-10-04T07:58:00+01:00","stageTimeDurationMs":587200,"stageTimeDuration":"00:09:47.2000000","splitPointTimeId":93991,"splitPointId":2924,"entryId":20361,"elapsedDurationMs":503300,"elapsedDuration":"PT8M23.3S","splitDateTime":"2019-10-04T07:06:23.3","splitDateTimeLocal":"2019-10-04T08:06:23.3+01:00"},{"startDateTime":"2019-10-04T07:00:00","startDateTimeLocal":"2019-10-04T08:00:00+01:00","stageTimeDurationMs":587000,"stageTimeDuration":"00:09:47","splitPointTimeId":93997,"splitPointId":2924,"entryId":20362,"elapsedDurationMs":503200,"elapsedDuration":"PT8M23.2S","splitDateTime":"2019-10-04T07:08:23.2","splitDateTimeLocal":"2019-10-04T08:08:23.2+01:00"},{"startDateTime":"2019-10-04T07:02:00","startDateTimeLocal":"2019-10-04T08:02:00+01:00","stageTimeDurationMs":626300,"stageTimeDuration":"00:10:26.3000000","splitPointTimeId":94005,"splitPointId":2924,"entryId":20368,"elapsedDurationMs":535000,"elapsedDuration":"PT8M55S","splitDateTime":"2019-10-04T07:10:55","splitDateTimeLocal":"2019-10-04T08:10:55+01:00"},{"startDateTime":"2019-10-04T07:04:00","startDateTimeLocal":"2019-10-04T08:04:00+01:00","stageTimeDurationMs":619000,"stageTimeDuration":"00:10:19","splitPointTimeId":94010,"splitPointId":2924,"entryId":20364,"elapsedDurationMs":531200,"elapsedDuration":"PT8M51.2S","splitDateTime":"2019-10-04T07:12:51.2","splitDateTimeLocal":"2019-10-04T08:12:51.2+01:00"},{"startDateTime":"2019-10-04T07:06:00","startDateTimeLocal":"2019-10-04T08:06:00+01:00","stageTimeDurationMs":588400,"stageTimeDuration":"00:09:48.4000000","splitPointTimeId":94017,"splitPointId":2924,"entryId":20369,"elapsedDurationMs":503900,"elapsedDuration":"PT8M23.9S","splitDateTime":"2019-10-04T07:14:23.9","splitDateTimeLocal":"2019-10-04T08:14:23.9+01:00"},{"startDateTime":"2019-10-04T07:08:00","startDateTimeLocal":"2019-10-04T08:08:00+01:00","stageTimeDurationMs":609900,"stageTimeDuration":"00:10:09.9000000","splitPointTimeId":94023,"splitPointId":2924,"entryId":20371,"elapsedDurationMs":522900,"elapsedDuration":"PT8M42.9S","splitDateTime":"2019-10-04T07:16:42.9","splitDateTimeLocal":"2019-10-04T08:16:42.9+01:00"},{"startDateTime":"2019-10-04T07:10:00","startDateTimeLocal":"2019-10-04T08:10:00+01:00","stageTimeDurationMs":608600,"stageTimeDuration":"00:10:08.6000000","splitPointTimeId":94030,"splitPointId":2924,"entryId":20373,"elapsedDurationMs":520800,"elapsedDuration":"PT8M40.8S","splitDateTime":"2019-10-04T07:18:40.8","splitDateTimeLocal":"2019-10-04T08:18:40.8+01:00"},{"startDateTime":"2019-10-04T07:12:00","startDateTimeLocal":"2019-10-04T08:12:00+01:00","stageTimeDurationMs":611000,"stageTimeDuration":"00:10:11","splitPointTimeId":94037,"splitPointId":2924,"entryId":20372,"elapsedDurationMs":523900,"elapsedDuration":"PT8M43.9S","splitDateTime":"2019-10-04T07:20:43.9","splitDateTimeLocal":"2019-10-04T08:20:43.9+01:00"},{"startDateTime":"2019-10-04T07:14:00","startDateTimeLocal":"2019-10-04T08:14:00+01:00","stageTimeDurationMs":632400,"stageTimeDuration":"00:10:32.4000000","splitPointTimeId":94043,"splitPointId":2924,"entryId":20374,"elapsedDurationMs":540300,"elapsedDuration":"PT9M0.3S","splitDateTime":"2019-10-04T07:23:00.3","splitDateTimeLocal":"2019-10-04T08:23:00.3+01:00"},{"startDateTime":"2019-10-04T07:16:00","startDateTimeLocal":"2019-10-04T08:16:00+01:00","stageTimeDurationMs":616000,"stageTimeDuration":"00:10:16","splitPointTimeId":94053,"splitPointId":2924,"entryId":20375,"elapsedDurationMs":528500,"elapsedDuration":"PT8M48.5S","splitDateTime":"2019-10-04T07:24:48.5","splitDateTimeLocal":"2019-10-04T08:24:48.5+01:00"},{"startDateTime":"2019-10-04T07:18:00","startDateTimeLocal":"2019-10-04T08:18:00+01:00","stageTimeDurationMs":641100,"stageTimeDuration":"00:10:41.1000000","splitPointTimeId":94062,"splitPointId":2924,"entryId":20376,"elapsedDurationMs":547000,"elapsedDuration":"PT9M7S","splitDateTime":"2019-10-04T07:27:07","splitDateTimeLocal":"2019-10-04T08:27:07+01:00"},{"startDateTime":"2019-10-04T07:19:00","startDateTimeLocal":"2019-10-04T08:19:00+01:00","stageTimeDurationMs":621100,"stageTimeDuration":"00:10:21.1000000","splitPointTimeId":94066,"splitPointId":2924,"entryId":20377,"elapsedDurationMs":531400,"elapsedDuration":"PT8M51.4S","splitDateTime":"2019-10-04T07:27:51.4","splitDateTimeLocal":"2019-10-04T08:27:51.4+01:00"},{"startDateTime":"2019-10-04T07:20:00","startDateTimeLocal":"2019-10-04T08:20:00+01:00","stageTimeDurationMs":617100,"stageTimeDuration":"00:10:17.1000000","splitPointTimeId":94070,"splitPointId":2924,"entryId":20378,"elapsedDurationMs":529900,"elapsedDuration":"PT8M49.9S","splitDateTime":"2019-10-04T07:28:49.9","splitDateTimeLocal":"2019-10-04T08:28:49.9+01:00"},{"startDateTime":"2019-10-04T07:17:00","startDateTimeLocal":"2019-10-04T08:17:00+01:00","stageTimeDurationMs":832800,"stageTimeDuration":"00:13:52.8000000","splitPointTimeId":94071,"splitPointId":2924,"entryId":20379,"elapsedDurationMs":733500,"elapsedDuration":"PT12M13.5S","splitDateTime":"2019-10-04T07:29:13.5","splitDateTimeLocal":"2019-10-04T08:29:13.5+01:00"},{"startDateTime":"2019-10-04T07:21:00","startDateTimeLocal":"2019-10-04T08:21:00+01:00","stageTimeDurationMs":639100,"stageTimeDuration":"00:10:39.1000000","splitPointTimeId":94076,"splitPointId":2924,"entryId":20383,"elapsedDurationMs":547500,"elapsedDuration":"PT9M7.5S","splitDateTime":"2019-10-04T07:30:07.5","splitDateTimeLocal":"2019-10-04T08:30:07.5+01:00"},{"startDateTime":"2019-10-04T07:22:00","startDateTimeLocal":"2019-10-04T08:22:00+01:00","stageTimeDurationMs":641600,"stageTimeDuration":"00:10:41.6000000","splitPointTimeId":94078,"splitPointId":2924,"entryId":20381,"elapsedDurationMs":550300,"elapsedDuration":"PT9M10.3S","splitDateTime":"2019-10-04T07:31:10.3","splitDateTimeLocal":"2019-10-04T08:31:10.3+01:00"},{"startDateTime":"2019-10-04T07:23:00","startDateTimeLocal":"2019-10-04T08:23:00+01:00","stageTimeDurationMs":700900,"stageTimeDuration":"00:11:40.9000000","splitPointTimeId":94083,"splitPointId":2924,"entryId":20384,"elapsedDurationMs":600400,"elapsedDuration":"PT10M0.4S","splitDateTime":"2019-10-04T07:33:00.4","splitDateTimeLocal":"2019-10-04T08:33:00.4+01:00"},{"startDateTime":"2019-10-04T07:25:00","startDateTimeLocal":"2019-10-04T08:25:00+01:00","stageTimeDurationMs":635500,"stageTimeDuration":"00:10:35.5000000","splitPointTimeId":94088,"splitPointId":2924,"entryId":20380,"elapsedDurationMs":543200,"elapsedDuration":"PT9M3.2S","splitDateTime":"2019-10-04T07:34:03.2","splitDateTimeLocal":"2019-10-04T08:34:03.2+01:00"},{"startDateTime":"2019-10-04T07:27:00","startDateTimeLocal":"2019-10-04T08:27:00+01:00","stageTimeDurationMs":641600,"stageTimeDuration":"00:10:41.6000000","splitPointTimeId":94095,"splitPointId":2924,"entryId":20387,"elapsedDurationMs":543800,"elapsedDuration":"PT9M3.8S","splitDateTime":"2019-10-04T07:36:03.8","splitDateTimeLocal":"2019-10-04T08:36:03.8+01:00"},{"startDateTime":"2019-10-04T07:29:00","startDateTimeLocal":"2019-10-04T08:29:00+01:00","stageTimeDurationMs":638200,"stageTimeDuration":"00:10:38.2000000","splitPointTimeId":94101,"splitPointId":2924,"entryId":20389,"elapsedDurationMs":546900,"elapsedDuration":"PT9M6.9S","splitDateTime":"2019-10-04T07:38:06.9","splitDateTimeLocal":"2019-10-04T08:38:06.9+01:00"},{"startDateTime":"2019-10-04T07:30:00","startDateTimeLocal":"2019-10-04T08:30:00+01:00","stageTimeDurationMs":644400,"stageTimeDuration":"00:10:44.4000000","splitPointTimeId":94103,"splitPointId":2924,"entryId":20390,"elapsedDurationMs":553300,"elapsedDuration":"PT9M13.3S","splitDateTime":"2019-10-04T07:39:13.3","splitDateTimeLocal":"2019-10-04T08:39:13.3+01:00"},{"startDateTime":"2019-10-04T07:31:00","startDateTimeLocal":"2019-10-04T08:31:00+01:00","stageTimeDurationMs":642600,"stageTimeDuration":"00:10:42.6000000","splitPointTimeId":94106,"splitPointId":2924,"entryId":20385,"elapsedDurationMs":550300,"elapsedDuration":"PT9M10.3S","splitDateTime":"2019-10-04T07:40:10.3","splitDateTimeLocal":"2019-10-04T08:40:10.3+01:00"},{"startDateTime":"2019-10-04T07:32:00","startDateTimeLocal":"2019-10-04T08:32:00+01:00","stageTimeDurationMs":685900,"stageTimeDuration":"00:11:25.9000000","splitPointTimeId":94108,"splitPointId":2924,"entryId":20392,"elapsedDurationMs":590300,"elapsedDuration":"PT9M50.3S","splitDateTime":"2019-10-04T07:41:50.3","splitDateTimeLocal":"2019-10-04T08:41:50.3+01:00"},{"startDateTime":"2019-10-04T07:33:00","startDateTimeLocal":"2019-10-04T08:33:00+01:00","stageTimeDurationMs":684100,"stageTimeDuration":"00:11:24.1000000","splitPointTimeId":94110,"splitPointId":2924,"entryId":20393,"elapsedDurationMs":588300,"elapsedDuration":"PT9M48.3S","splitDateTime":"2019-10-04T07:42:48.3","splitDateTimeLocal":"2019-10-04T08:42:48.3+01:00"},{"startDateTime":"2019-10-04T07:36:00","startDateTimeLocal":"2019-10-04T08:36:00+01:00","stageTimeDurationMs":720600,"stageTimeDuration":"00:12:00.6000000","splitPointTimeId":94117,"splitPointId":2924,"entryId":20396,"elapsedDurationMs":619600,"elapsedDuration":"PT10M19.6S","splitDateTime":"2019-10-04T07:46:19.6","splitDateTimeLocal":"2019-10-04T08:46:19.6+01:00"},{"startDateTime":"2019-10-04T07:37:00","startDateTimeLocal":"2019-10-04T08:37:00+01:00","stageTimeDurationMs":754700,"stageTimeDuration":"00:12:34.7000000","splitPointTimeId":94121,"splitPointId":2924,"entryId":20397,"elapsedDurationMs":649900,"elapsedDuration":"PT10M49.9S","splitDateTime":"2019-10-04T07:47:49.9","splitDateTimeLocal":"2019-10-04T08:47:49.9+01:00"},{"startDateTime":"2019-10-04T07:38:00","startDateTimeLocal":"2019-10-04T08:38:00+01:00","stageTimeDurationMs":726300,"stageTimeDuration":"00:12:06.3000000","splitPointTimeId":94122,"splitPointId":2924,"entryId":20398,"elapsedDurationMs":625200,"elapsedDuration":"PT10M25.2S","splitDateTime":"2019-10-04T07:48:25.2","splitDateTimeLocal":"2019-10-04T08:48:25.2+01:00"},{"startDateTime":"2019-10-04T07:39:00","startDateTimeLocal":"2019-10-04T08:39:00+01:00","stageTimeDurationMs":739400,"stageTimeDuration":"00:12:19.4000000","splitPointTimeId":94123,"splitPointId":2924,"entryId":20399,"elapsedDurationMs":631600,"elapsedDuration":"PT10M31.6S","splitDateTime":"2019-10-04T07:49:31.6","splitDateTimeLocal":"2019-10-04T08:49:31.6+01:00"},{"startDateTime":"2019-10-04T07:40:00","startDateTimeLocal":"2019-10-04T08:40:00+01:00","stageTimeDurationMs":757100,"stageTimeDuration":"00:12:37.1000000","splitPointTimeId":94126,"splitPointId":2924,"entryId":20401,"elapsedDurationMs":651300,"elapsedDuration":"PT10M51.3S","splitDateTime":"2019-10-04T07:50:51.3","splitDateTimeLocal":"2019-10-04T08:50:51.3+01:00"},{"startDateTime":"2019-10-04T07:42:00","startDateTimeLocal":"2019-10-04T08:42:00+01:00","stageTimeDurationMs":843200,"stageTimeDuration":"00:14:03.2000000","splitPointTimeId":94130,"splitPointId":2924,"entryId":20402,"elapsedDurationMs":730400,"elapsedDuration":"PT12M10.4S","splitDateTime":"2019-10-04T07:54:10.4","splitDateTimeLocal":"2019-10-04T08:54:10.4+01:00"},{"startDateTime":"2019-10-04T07:46:00","startDateTimeLocal":"2019-10-04T08:46:00+01:00","stageTimeDurationMs":632400,"stageTimeDuration":"00:10:32.4000000","splitPointTimeId":94132,"splitPointId":2924,"entryId":20407,"elapsedDurationMs":541900,"elapsedDuration":"PT9M1.9S","splitDateTime":"2019-10-04T07:55:01.9","splitDateTimeLocal":"2019-10-04T08:55:01.9+01:00"},{"startDateTime":"2019-10-04T07:48:00","startDateTimeLocal":"2019-10-04T08:48:00+01:00","stageTimeDurationMs":622900,"stageTimeDuration":"00:10:22.9000000","splitPointTimeId":94136,"splitPointId":2924,"entryId":20403,"elapsedDurationMs":531000,"elapsedDuration":"PT8M51S","splitDateTime":"2019-10-04T07:56:51","splitDateTimeLocal":"2019-10-04T08:56:51+01:00"},{"startDateTime":"2019-10-04T07:49:00","startDateTimeLocal":"2019-10-04T08:49:00+01:00","stageTimeDurationMs":630600,"stageTimeDuration":"00:10:30.6000000","splitPointTimeId":94138,"splitPointId":2924,"entryId":20404,"elapsedDurationMs":541700,"elapsedDuration":"PT9M1.7S","splitDateTime":"2019-10-04T07:58:01.7","splitDateTimeLocal":"2019-10-04T08:58:01.7+01:00"},{"startDateTime":"2019-10-04T07:51:00","startDateTimeLocal":"2019-10-04T08:51:00+01:00","stageTimeDurationMs":632500,"stageTimeDuration":"00:10:32.5000000","splitPointTimeId":94141,"splitPointId":2924,"entryId":20406,"elapsedDurationMs":541900,"elapsedDuration":"PT9M1.9S","splitDateTime":"2019-10-04T08:00:01.9","splitDateTimeLocal":"2019-10-04T09:00:01.9+01:00"},{"startDateTime":"2019-10-04T07:52:00","startDateTimeLocal":"2019-10-04T08:52:00+01:00","stageTimeDurationMs":719300,"stageTimeDuration":"00:11:59.3000000","splitPointTimeId":94146,"splitPointId":2924,"entryId":20409,"elapsedDurationMs":616700,"elapsedDuration":"PT10M16.7S","splitDateTime":"2019-10-04T08:02:16.7","splitDateTimeLocal":"2019-10-04T09:02:16.7+01:00"},{"startDateTime":"2019-10-04T07:54:00","startDateTimeLocal":"2019-10-04T08:54:00+01:00","stageTimeDurationMs":719200,"stageTimeDuration":"00:11:59.2000000","splitPointTimeId":94152,"splitPointId":2924,"entryId":20412,"elapsedDurationMs":619000,"elapsedDuration":"PT10M19S","splitDateTime":"2019-10-04T08:04:19","splitDateTimeLocal":"2019-10-04T09:04:19+01:00"},{"startDateTime":"2019-10-04T07:55:00","startDateTimeLocal":"2019-10-04T08:55:00+01:00","stageTimeDurationMs":810600,"stageTimeDuration":"00:13:30.6000000","splitPointTimeId":94155,"splitPointId":2924,"entryId":20413,"elapsedDurationMs":694300,"elapsedDuration":"PT11M34.3S","splitDateTime":"2019-10-04T08:06:34.3","splitDateTimeLocal":"2019-10-04T09:06:34.3+01:00"},{"startDateTime":"2019-10-04T07:56:00","startDateTimeLocal":"2019-10-04T08:56:00+01:00","stageTimeDurationMs":747100,"stageTimeDuration":"00:12:27.1000000","splitPointTimeId":94156,"splitPointId":2924,"entryId":20414,"elapsedDurationMs":641900,"elapsedDuration":"PT10M41.9S","splitDateTime":"2019-10-04T08:06:41.9","splitDateTimeLocal":"2019-10-04T09:06:41.9+01:00"},{"startDateTime":"2019-10-04T07:57:00","startDateTimeLocal":"2019-10-04T08:57:00+01:00","stageTimeDurationMs":705500,"stageTimeDuration":"00:11:45.5000000","splitPointTimeId":94157,"splitPointId":2924,"entryId":20408,"elapsedDurationMs":604300,"elapsedDuration":"PT10M4.3S","splitDateTime":"2019-10-04T08:07:04.3","splitDateTimeLocal":"2019-10-04T09:07:04.3+01:00"},{"startDateTime":"2019-10-04T07:59:00","startDateTimeLocal":"2019-10-04T08:59:00+01:00","stageTimeDurationMs":744000,"stageTimeDuration":"00:12:24","splitPointTimeId":94159,"splitPointId":2924,"entryId":20416,"elapsedDurationMs":641600,"elapsedDuration":"PT10M41.6S","splitDateTime":"2019-10-04T08:09:41.6","splitDateTimeLocal":"2019-10-04T09:09:41.6+01:00"},{"startDateTime":"2019-10-04T08:00:00","startDateTimeLocal":"2019-10-04T09:00:00+01:00","stageTimeDurationMs":875600,"stageTimeDuration":"00:14:35.6000000","splitPointTimeId":94161,"splitPointId":2924,"entryId":20417,"elapsedDurationMs":743700,"elapsedDuration":"PT12M23.7S","splitDateTime":"2019-10-04T08:12:23.7","splitDateTimeLocal":"2019-10-04T09:12:23.7+01:00"},{"startDateTime":"2019-10-04T07:58:00","startDateTimeLocal":"2019-10-04T08:58:00+01:00","stageTimeDurationMs":1039000,"stageTimeDuration":"00:17:19","splitPointTimeId":94162,"splitPointId":2924,"entryId":20415,"elapsedDurationMs":933900,"elapsedDuration":"PT15M33.9S","splitDateTime":"2019-10-04T08:13:33.9","splitDateTimeLocal":"2019-10-04T09:13:33.9+01:00"},{"startDateTime":"2019-10-04T07:50:00","startDateTimeLocal":"2019-10-04T08:50:00+01:00","stageTimeDurationMs":2527200,"stageTimeDuration":"00:42:07.2000000","splitPointTimeId":94165,"splitPointId":2924,"entryId":20405,"elapsedDurationMs":2411000,"elapsedDuration":"PT40M11S","splitDateTime":"2019-10-04T08:30:11","splitDateTimeLocal":"2019-10-04T09:30:11+01:00"}]