[{"stageTimeId":54670,"stageId":916,"entryId":3526,"elapsedDurationMs":500100,"elapsedDuration":"00:08:20.1000000","status":"Completed","source":"Default","position":1,"diffFirstMs":0,"diffFirst":"00:00:00","diffPrevMs":0,"diffPrev":"00:00:00"},{"stageTimeId":54729,"stageId":916,"entryId":3533,"elapsedDurationMs":501700,"elapsedDuration":"00:08:21.7000000","status":"Completed","source":"Default","position":2,"diffFirstMs":1600,"diffFirst":"00:00:01.6000000","diffPrevMs":1600,"diffPrev":"00:00:01.6000000"},{"stageTimeId":54691,"stageId":916,"entryId":3535,"elapsedDurationMs":502100,"elapsedDuration":"00:08:22.1000000","status":"Completed","source":"Default","position":3,"diffFirstMs":2000,"diffFirst":"00:00:02","diffPrevMs":400,"diffPrev":"00:00:00.4000000"},{"stageTimeId":54683,"stageId":916,"entryId":3528,"elapsedDurationMs":502300,"elapsedDuration":"00:08:22.3000000","status":"Completed","source":"Default","position":4,"diffFirstMs":2200,"diffFirst":"00:00:02.2000000","diffPrevMs":200,"diffPrev":"00:00:00.2000000"},{"stageTimeId":54726,"stageId":916,"entryId":3534,"elapsedDurationMs":503100,"elapsedDuration":"00:08:23.1000000","status":"Completed","source":"Default","position":5,"diffFirstMs":3000,"diffFirst":"00:00:03","diffPrevMs":800,"diffPrev":"00:00:00.8000000"},{"stageTimeId":54557,"stageId":916,"entryId":3531,"elapsedDurationMs":504800,"elapsedDuration":"00:08:24.8000000","status":"Completed","source":"Default","position":6,"diffFirstMs":4700,"diffFirst":"00:00:04.7000000","diffPrevMs":1700,"diffPrev":"00:00:01.7000000"},{"stageTimeId":54699,"stageId":916,"entryId":3538,"elapsedDurationMs":507400,"elapsedDuration":"00:08:27.4000000","status":"Completed","source":"Default","position":7,"diffFirstMs":7300,"diffFirst":"00:00:07.3000000","diffPrevMs":2600,"diffPrev":"00:00:02.6000000"},{"stageTimeId":54652,"stageId":916,"entryId":3530,"elapsedDurationMs":508000,"elapsedDuration":"00:08:28","status":"Completed","source":"Default","position":8,"diffFirstMs":7900,"diffFirst":"00:00:07.9000000","diffPrevMs":600,"diffPrev":"00:00:00.6000000"},{"stageTimeId":54710,"stageId":916,"entryId":3529,"elapsedDurationMs":509100,"elapsedDuration":"00:08:29.1000000","status":"Completed","source":"Default","position":9,"diffFirstMs":9000,"diffFirst":"00:00:09","diffPrevMs":1100,"diffPrev":"00:00:01.1000000"},{"stageTimeId":54628,"stageId":916,"entryId":3550,"elapsedDurationMs":511800,"elapsedDuration":"00:08:31.8000000","status":"Completed","source":"Default","position":10,"diffFirstMs":11700,"diffFirst":"00:00:11.7000000","diffPrevMs":2700,"diffPrev":"00:00:02.7000000"},{"stageTimeId":54553,"stageId":916,"entryId":3541,"elapsedDurationMs":517200,"elapsedDuration":"00:08:37.2000000","status":"Completed","source":"Default","position":11,"diffFirstMs":17100,"diffFirst":"00:00:17.1000000","diffPrevMs":5400,"diffPrev":"00:00:05.4000000"},{"stageTimeId":54613,"stageId":916,"entryId":3546,"elapsedDurationMs":517500,"elapsedDuration":"00:08:37.5000000","status":"Completed","source":"Default","position":12,"diffFirstMs":17400,"diffFirst":"00:00:17.4000000","diffPrevMs":300,"diffPrev":"00:00:00.3000000"},{"stageTimeId":54644,"stageId":916,"entryId":3539,"elapsedDurationMs":518500,"elapsedDuration":"00:08:38.5000000","status":"Completed","source":"Default","position":13,"diffFirstMs":18400,"diffFirst":"00:00:18.4000000","diffPrevMs":1000,"diffPrev":"00:00:01"},{"stageTimeId":54621,"stageId":916,"entryId":3551,"elapsedDurationMs":522200,"elapsedDuration":"00:08:42.2000000","status":"Completed","source":"Default","position":14,"diffFirstMs":22100,"diffFirst":"00:00:22.1000000","diffPrevMs":3700,"diffPrev":"00:00:03.7000000"},{"stageTimeId":54573,"stageId":916,"entryId":3540,"elapsedDurationMs":522600,"elapsedDuration":"00:08:42.6000000","status":"Completed","source":"Default","position":15,"diffFirstMs":22500,"diffFirst":"00:00:22.5000000","diffPrevMs":400,"diffPrev":"00:00:00.4000000"},{"stageTimeId":54587,"stageId":916,"entryId":3552,"elapsedDurationMs":522800,"elapsedDuration":"00:08:42.8000000","status":"Completed","source":"Default","position":16,"diffFirstMs":22700,"diffFirst":"00:00:22.7000000","diffPrevMs":200,"diffPrev":"00:00:00.2000000"},{"stageTimeId":54878,"stageId":916,"entryId":3547,"elapsedDurationMs":523300,"elapsedDuration":"00:08:43.3000000","status":"Completed","source":"Default","position":17,"diffFirstMs":23200,"diffFirst":"00:00:23.2000000","diffPrevMs":500,"diffPrev":"00:00:00.5000000"},{"stageTimeId":54717,"stageId":916,"entryId":3548,"elapsedDurationMs":525600,"elapsedDuration":"00:08:45.6000000","status":"Completed","source":"Default","position":18,"diffFirstMs":25500,"diffFirst":"00:00:25.5000000","diffPrevMs":2300,"diffPrev":"00:00:02.3000000"},{"stageTimeId":54636,"stageId":916,"entryId":3536,"elapsedDurationMs":526100,"elapsedDuration":"00:08:46.1000000","status":"Completed","source":"Default","position":19,"diffFirstMs":26000,"diffFirst":"00:00:26","diffPrevMs":500,"diffPrev":"00:00:00.5000000"},{"stageTimeId":54595,"stageId":916,"entryId":3549,"elapsedDurationMs":528000,"elapsedDuration":"00:08:48","status":"Completed","source":"Default","position":20,"diffFirstMs":27900,"diffFirst":"00:00:27.9000000","diffPrevMs":1900,"diffPrev":"00:00:01.9000000"},{"stageTimeId":54539,"stageId":916,"entryId":3543,"elapsedDurationMs":528200,"elapsedDuration":"00:08:48.2000000","status":"Completed","source":"Default","position":21,"diffFirstMs":28100,"diffFirst":"00:00:28.1000000","diffPrevMs":200,"diffPrev":"00:00:00.2000000"},{"stageTimeId":54604,"stageId":916,"entryId":3544,"elapsedDurationMs":532900,"elapsedDuration":"00:08:52.9000000","status":"Completed","source":"Default","position":22,"diffFirstMs":32800,"diffFirst":"00:00:32.8000000","diffPrevMs":4700,"diffPrev":"00:00:04.7000000"},{"stageTimeId":54662,"stageId":916,"entryId":3537,"elapsedDurationMs":533000,"elapsedDuration":"00:08:53","status":"Completed","source":"Default","position":23,"diffFirstMs":32900,"diffFirst":"00:00:32.9000000","diffPrevMs":100,"diffPrev":"00:00:00.1000000"},{"stageTimeId":54565,"stageId":916,"entryId":3527,"elapsedDurationMs":542400,"elapsedDuration":"00:09:02.4000000","status":"Completed","source":"Default","position":24,"diffFirstMs":42300,"diffFirst":"00:00:42.3000000","diffPrevMs":9400,"diffPrev":"00:00:09.4000000"},{"stageTimeId":54862,"stageId":916,"entryId":3562,"elapsedDurationMs":543900,"elapsedDuration":"00:09:03.9000000","status":"Completed","source":"Default","position":25,"diffFirstMs":43800,"diffFirst":"00:00:43.8000000","diffPrevMs":1500,"diffPrev":"00:00:01.5000000"},{"stageTimeId":54870,"stageId":916,"entryId":3545,"elapsedDurationMs":544400,"elapsedDuration":"00:09:04.4000000","status":"Completed","source":"Default","position":26,"diffFirstMs":44300,"diffFirst":"00:00:44.3000000","diffPrevMs":500,"diffPrev":"00:00:00.5000000"},{"stageTimeId":54773,"stageId":916,"entryId":3578,"elapsedDurationMs":546000,"elapsedDuration":"00:09:06","status":"Completed","source":"Default","position":27,"diffFirstMs":45900,"diffFirst":"00:00:45.9000000","diffPrevMs":1600,"diffPrev":"00:00:01.6000000"},{"stageTimeId":54910,"stageId":916,"entryId":3581,"elapsedDurationMs":565600,"elapsedDuration":"00:09:25.6000000","status":"Completed","source":"Default","position":28,"diffFirstMs":65500,"diffFirst":"00:01:05.5000000","diffPrevMs":19600,"diffPrev":"00:00:19.6000000"},{"stageTimeId":54547,"stageId":916,"entryId":3542,"elapsedDurationMs":566300,"elapsedDuration":"00:09:26.3000000","status":"Completed","source":"Default","position":29,"diffFirstMs":66200,"diffFirst":"00:01:06.2000000","diffPrevMs":700,"diffPrev":"00:00:00.7000000"},{"stageTimeId":54813,"stageId":916,"entryId":3564,"elapsedDurationMs":567300,"elapsedDuration":"00:09:27.3000000","status":"Completed","source":"Default","position":30,"diffFirstMs":67200,"diffFirst":"00:01:07.2000000","diffPrevMs":1000,"diffPrev":"00:00:01"},{"stageTimeId":54795,"stageId":916,"entryId":3556,"elapsedDurationMs":568800,"elapsedDuration":"00:09:28.8000000","status":"Completed","source":"Default","position":31,"diffFirstMs":68700,"diffFirst":"00:01:08.7000000","diffPrevMs":1500,"diffPrev":"00:00:01.5000000"},{"stageTimeId":54891,"stageId":916,"entryId":3560,"elapsedDurationMs":570700,"elapsedDuration":"00:09:30.7000000","status":"Completed","source":"Default","position":32,"diffFirstMs":70600,"diffFirst":"00:01:10.6000000","diffPrevMs":1900,"diffPrev":"00:00:01.9000000"},{"stageTimeId":54747,"stageId":916,"entryId":3558,"elapsedDurationMs":571400,"elapsedDuration":"00:09:31.4000000","status":"Completed","source":"Default","position":33,"diffFirstMs":71300,"diffFirst":"00:01:11.3000000","diffPrevMs":700,"diffPrev":"00:00:00.7000000"},{"stageTimeId":54781,"stageId":916,"entryId":3568,"elapsedDurationMs":574500,"elapsedDuration":"00:09:34.5000000","status":"Completed","source":"Default","position":34,"diffFirstMs":74400,"diffFirst":"00:01:14.4000000","diffPrevMs":3100,"diffPrev":"00:00:03.1000000"},{"stageTimeId":54460,"stageId":916,"entryId":3580,"elapsedDurationMs":575200,"elapsedDuration":"00:09:35.2000000","status":"Completed","source":"Default","position":35,"diffFirstMs":75100,"diffFirst":"00:01:15.1000000","diffPrevMs":700,"diffPrev":"00:00:00.7000000"},{"stageTimeId":54780,"stageId":916,"entryId":3584,"elapsedDurationMs":580700,"elapsedDuration":"00:09:40.7000000","status":"Completed","source":"Default","position":36,"diffFirstMs":80600,"diffFirst":"00:01:20.6000000","diffPrevMs":5500,"diffPrev":"00:00:05.5000000"},{"stageTimeId":54456,"stageId":916,"entryId":3569,"elapsedDurationMs":580900,"elapsedDuration":"00:09:40.9000000","status":"Completed","source":"Default","position":37,"diffFirstMs":80800,"diffFirst":"00:01:20.8000000","diffPrevMs":200,"diffPrev":"00:00:00.2000000"},{"stageTimeId":54899,"stageId":916,"entryId":3566,"elapsedDurationMs":582500,"elapsedDuration":"00:09:42.5000000","status":"Completed","source":"Default","position":38,"diffFirstMs":82400,"diffFirst":"00:01:22.4000000","diffPrevMs":1600,"diffPrev":"00:00:01.6000000"},{"stageTimeId":54821,"stageId":916,"entryId":3570,"elapsedDurationMs":587300,"elapsedDuration":"00:09:47.3000000","status":"Completed","source":"Default","position":39,"diffFirstMs":87200,"diffFirst":"00:01:27.2000000","diffPrevMs":4800,"diffPrev":"00:00:04.8000000"},{"stageTimeId":54739,"stageId":916,"entryId":3567,"elapsedDurationMs":592000,"elapsedDuration":"00:09:52","status":"Completed","source":"Default","position":40,"diffFirstMs":91900,"diffFirst":"00:01:31.9000000","diffPrevMs":4700,"diffPrev":"00:00:04.7000000"},{"stageTimeId":54523,"stageId":916,"entryId":3575,"elapsedDurationMs":602900,"elapsedDuration":"00:10:02.9000000","status":"Completed","source":"Default","position":41,"diffFirstMs":102800,"diffFirst":"00:01:42.8000000","diffPrevMs":10900,"diffPrev":"00:00:10.9000000"},{"stageTimeId":54518,"stageId":916,"entryId":3587,"elapsedDurationMs":607600,"elapsedDuration":"00:10:07.6000000","status":"Completed","source":"Default","position":42,"diffFirstMs":107500,"diffFirst":"00:01:47.5000000","diffPrevMs":4700,"diffPrev":"00:00:04.7000000"},{"stageTimeId":54510,"stageId":916,"entryId":3572,"elapsedDurationMs":617900,"elapsedDuration":"00:10:17.9000000","status":"Completed","source":"Default","position":43,"diffFirstMs":117800,"diffFirst":"00:01:57.8000000","diffPrevMs":10300,"diffPrev":"00:00:10.3000000"},{"stageTimeId":54500,"stageId":916,"entryId":3573,"elapsedDurationMs":619800,"elapsedDuration":"00:10:19.8000000","status":"Completed","source":"Default","position":44,"diffFirstMs":119700,"diffFirst":"00:01:59.7000000","diffPrevMs":1900,"diffPrev":"00:00:01.9000000"},{"stageTimeId":54496,"stageId":916,"entryId":3574,"elapsedDurationMs":668000,"elapsedDuration":"00:11:08","status":"Completed","source":"Default","position":45,"diffFirstMs":167900,"diffFirst":"00:02:47.9000000","diffPrevMs":48200,"diffPrev":"00:00:48.2000000"},{"stageTimeId":54836,"stageId":916,"entryId":3554,"elapsedDurationMs":695600,"elapsedDuration":"00:11:35.6000000","status":"Completed","source":"Default","position":46,"diffFirstMs":195500,"diffFirst":"00:03:15.5000000","diffPrevMs":27600,"diffPrev":"00:00:27.6000000"},{"stageTimeId":54844,"stageId":916,"entryId":3555,"elapsedDurationMs":742800,"elapsedDuration":"00:12:22.8000000","status":"Completed","source":"Default","position":47,"diffFirstMs":242700,"diffFirst":"00:04:02.7000000","diffPrevMs":47200,"diffPrev":"00:00:47.2000000"},{"stageTimeId":54482,"stageId":916,"entryId":3586,"elapsedDurationMs":751200,"elapsedDuration":"00:12:31.2000000","status":"Completed","source":"Default","position":48,"diffFirstMs":251100,"diffFirst":"00:04:11.1000000","diffPrevMs":8400,"diffPrev":"00:00:08.4000000"},{"stageTimeId":54919,"stageId":916,"entryId":3561,"elapsedDurationMs":755800,"elapsedDuration":"00:12:35.8000000","status":"Completed","source":"Default","position":49,"diffFirstMs":255700,"diffFirst":"00:04:15.7000000","diffPrevMs":4600,"diffPrev":"00:00:04.6000000"},{"stageTimeId":54656,"stageId":916,"entryId":3532,"elapsedDurationMs":763900,"elapsedDuration":"00:12:43.9000000","status":"Completed","source":"Default","position":50,"diffFirstMs":263800,"diffFirst":"00:04:23.8000000","diffPrevMs":8100,"diffPrev":"00:00:08.1000000"},{"stageTimeId":54470,"stageId":916,"entryId":3582,"elapsedDurationMs":765200,"elapsedDuration":"00:12:45.2000000","status":"Completed","source":"Default","position":51,"diffFirstMs":265100,"diffFirst":"00:04:25.1000000","diffPrevMs":1300,"diffPrev":"00:00:01.3000000"},{"stageTimeId":54852,"stageId":916,"entryId":3559,"elapsedDurationMs":795400,"elapsedDuration":"00:13:15.4000000","status":"Completed","source":"Default","position":52,"diffFirstMs":295300,"diffFirst":"00:04:55.3000000","diffPrevMs":30200,"diffPrev":"00:00:30.2000000"},{"stageTimeId":54807,"stageId":916,"entryId":3571,"elapsedDurationMs":821900,"elapsedDuration":"00:13:41.9000000","status":"Completed","source":"Default","position":53,"diffFirstMs":321800,"diffFirst":"00:05:21.8000000","diffPrevMs":26500,"diffPrev":"00:00:26.5000000"},{"stageTimeId":54787,"stageId":916,"entryId":3557,"elapsedDurationMs":931800,"elapsedDuration":"00:15:31.8000000","status":"Completed","source":"Assessed","position":54,"diffFirstMs":431700,"diffFirst":"00:07:11.7000000","diffPrevMs":109900,"diffPrev":"00:01:49.9000000"},{"stageTimeId":54883,"stageId":916,"entryId":3576,"elapsedDurationMs":966000,"elapsedDuration":"00:16:06","status":"Completed","source":"Assessed","position":55,"diffFirstMs":465900,"diffFirst":"00:07:45.9000000","diffPrevMs":34200,"diffPrev":"00:00:34.2000000"},{"stageTimeId":54465,"stageId":916,"entryId":3583,"elapsedDurationMs":966000,"elapsedDuration":"00:16:06","status":"Completed","source":"Assessed","position":56,"diffFirstMs":465900,"diffFirst":"00:07:45.9000000","diffPrevMs":0,"diffPrev":"00:00:00"},{"stageTimeId":54926,"stageId":916,"entryId":3563,"elapsedDurationMs":987300,"elapsedDuration":"00:16:27.3000000","status":"Completed","source":"Assessed","position":57,"diffFirstMs":487200,"diffFirst":"00:08:07.2000000","diffPrevMs":21300,"diffPrev":"00:00:21.3000000"},{"stageTimeId":54756,"stageId":916,"entryId":3565,"elapsedDurationMs":987300,"elapsedDuration":"00:16:27.3000000","status":"Completed","source":"Assessed","position":58,"diffFirstMs":487200,"diffFirst":"00:08:07.2000000","diffPrevMs":0,"diffPrev":"00:00:00"},{"stageTimeId":54803,"stageId":916,"entryId":3585,"elapsedDurationMs":1027600,"elapsedDuration":"00:17:07.6000000","status":"Completed","source":"Assessed","position":59,"diffFirstMs":527500,"diffFirst":"00:08:47.5000000","diffPrevMs":40300,"diffPrev":"00:00:40.3000000"},{"stageTimeId":54765,"stageId":916,"entryId":3577,"elapsedDurationMs":null,"elapsedDuration":null,"status":"DNS","source":"Default","position":null,"diffFirstMs":null,"diffFirst":null,"diffPrevMs":null,"diffPrev":null}]