[{"stageId":1489,"entryId":20605,"stageName":"Gandesa 1 (gravel)","elapsedDurationMs":256800,"elapsedDuration":"00:04:16.8000000"},{"stageId":1490,"entryId":20612,"stageName":"Horta-Bot 1 (gravel)","elapsedDurationMs":618500,"elapsedDuration":"00:10:18.5000000"},{"stageId":1492,"entryId":20613,"stageName":"La Fatarella -Vilalba 1 (gravel & asphalt)","elapsedDurationMs":1590900,"elapsedDuration":"00:26:30.9000000"},{"stageId":1493,"entryId":20609,"stageName":"Gandesa 2 (gravel)","elapsedDurationMs":252000,"elapsedDuration":"00:04:12"},{"stageId":1496,"entryId":20613,"stageName":"Horta-Bot 2 (gravel)","elapsedDurationMs":601500,"elapsedDuration":"00:10:01.5000000"},{"stageId":1497,"entryId":20613,"stageName":"La Fatarella -Vilalba 2 (gravel & asphalt)","elapsedDurationMs":1546800,"elapsedDuration":"00:25:46.8000000"},{"stageId":1495,"entryId":20612,"stageName":"Savallà 1 (asphalt) ","elapsedDurationMs":445900,"elapsedDuration":"00:07:25.9000000"},{"stageId":1504,"entryId":20612,"stageName":"Querol 1 (asphalt)","elapsedDurationMs":652400,"elapsedDuration":"00:10:52.4000000"},{"stageId":1502,"entryId":20610,"stageName":"El Montmell 1 (asphalt) TV live","elapsedDurationMs":736200,"elapsedDuration":"00:12:16.2000000"},{"stageId":1499,"entryId":20610,"stageName":"El Montmell 2 (asphalt) TV live","elapsedDurationMs":732700,"elapsedDuration":"00:12:12.7000000"},{"stageId":1500,"entryId":20610,"stageName":"Querol 2 (asphalt)","elapsedDurationMs":655600,"elapsedDuration":"00:10:55.6000000"},{"stageId":1501,"entryId":20610,"stageName":"Savallà 2 (asphalt) ","elapsedDurationMs":445200,"elapsedDuration":"00:07:25.2000000"},{"stageId":1498,"entryId":20612,"stageName":"Salou (asphalt)","elapsedDurationMs":155700,"elapsedDuration":"00:02:35.7000000"},{"stageId":1494,"entryId":20612,"stageName":"Riudecanyes 1 (asphalt) ","elapsedDurationMs":613500,"elapsedDuration":"00:10:13.5000000"},{"stageId":1503,"entryId":20609,"stageName":"La Mussara 1 (asphalt) TV Live","elapsedDurationMs":658500,"elapsedDuration":"00:10:58.5000000"},{"stageId":1491,"entryId":20609,"stageName":"Riudecanyes 2 (asphalt) ","elapsedDurationMs":611400,"elapsedDuration":"00:10:11.4000000"},{"stageId":1488,"entryId":20610,"stageName":"La Mussara 2 (asphalt) (Power Stage)","elapsedDurationMs":649652,"elapsedDuration":"00:10:49.6520000"}]