[{"retirementId":1430,"controlId":6419,"entryId":20629,"reason":"MECHANICAL","retirementDateTime":"2019-10-25T10:19:00Z","retirementDateTimeLocal":"2019-10-25T12:19:00+02:00","status":"Temporary"},{"retirementId":1431,"controlId":6427,"entryId":20662,"reason":"MECHANICAL","retirementDateTime":"2019-10-25T11:15:00Z","retirementDateTimeLocal":"2019-10-25T13:15:00+02:00","status":"Permanent"},{"retirementId":1432,"controlId":6422,"entryId":20641,"reason":"MECHANICAL","retirementDateTime":"2019-10-25T11:46:00Z","retirementDateTimeLocal":"2019-10-25T13:46:00+02:00","status":"Temporary"},{"retirementId":1433,"controlId":6375,"entryId":20658,"reason":"MECHANICAL","retirementDateTime":"2019-10-25T14:27:00Z","retirementDateTimeLocal":"2019-10-25T16:27:00+02:00","status":"Permanent"},{"retirementId":1434,"controlId":6366,"entryId":20666,"reason":"MECHANICAL","retirementDateTime":"2019-10-25T14:44:00Z","retirementDateTimeLocal":"2019-10-25T16:44:00+02:00","status":"Permanent"},{"retirementId":1435,"controlId":6414,"entryId":20607,"reason":"MECHANICAL","retirementDateTime":"2019-10-25T15:26:00Z","retirementDateTimeLocal":"2019-10-25T17:26:00+02:00","status":"Permanent"},{"retirementId":1436,"controlId":6414,"entryId":20652,"reason":"OUT OF THE ROAD","retirementDateTime":"2019-10-25T16:22:00Z","retirementDateTimeLocal":"2019-10-25T18:22:00+02:00","status":"Temporary"},{"retirementId":1437,"controlId":6414,"entryId":20654,"reason":"MECHANICAL","retirementDateTime":"2019-10-25T16:51:00Z","retirementDateTimeLocal":"2019-10-25T18:51:00+02:00","status":"Permanent"},{"retirementId":1438,"controlId":6391,"entryId":20643,"reason":"MECHANICAL","retirementDateTime":"2019-10-25T16:57:00Z","retirementDateTimeLocal":"2019-10-25T18:57:00+02:00","status":"Temporary"},{"retirementId":1439,"controlId":6391,"entryId":20649,"reason":"MECHANICAL","retirementDateTime":"2019-10-25T18:08:00Z","retirementDateTimeLocal":"2019-10-25T20:08:00+02:00","status":"Permanent"},{"retirementId":1440,"controlId":6391,"entryId":20648,"reason":"MECHANICAL","retirementDateTime":"2019-10-25T18:39:00Z","retirementDateTimeLocal":"2019-10-25T20:39:00+02:00","status":"Temporary"},{"retirementId":1441,"controlId":6391,"entryId":20631,"reason":"MECHANICAL","retirementDateTime":"2019-10-25T19:02:00Z","retirementDateTimeLocal":"2019-10-25T21:02:00+02:00","status":"Temporary"},{"retirementId":1443,"controlId":6372,"entryId":20644,"reason":"MECHANICAL","retirementDateTime":"2019-10-25T20:17:00Z","retirementDateTimeLocal":"2019-10-25T22:17:00+02:00","status":"Permanent"},{"retirementId":1444,"controlId":6372,"entryId":20645,"reason":"MECHANICAL","retirementDateTime":"2019-10-25T20:18:00Z","retirementDateTimeLocal":"2019-10-25T22:18:00+02:00","status":"Permanent"},{"retirementId":1445,"controlId":6372,"entryId":20646,"reason":"MECHANICAL","retirementDateTime":"2019-10-25T20:19:00Z","retirementDateTimeLocal":"2019-10-25T22:19:00+02:00","status":"Permanent"},{"retirementId":1446,"controlId":6372,"entryId":20651,"reason":"MECHANICAL","retirementDateTime":"2019-10-25T20:19:00Z","retirementDateTimeLocal":"2019-10-25T22:19:00+02:00","status":"Permanent"},{"retirementId":1447,"controlId":6372,"entryId":20653,"reason":"MECHANICAL","retirementDateTime":"2019-10-25T20:20:00Z","retirementDateTimeLocal":"2019-10-25T22:20:00+02:00","status":"Permanent"},{"retirementId":1448,"controlId":6372,"entryId":20657,"reason":"MECHANICAL","retirementDateTime":"2019-10-25T20:20:00Z","retirementDateTimeLocal":"2019-10-25T22:20:00+02:00","status":"Permanent"},{"retirementId":1449,"controlId":6366,"entryId":20629,"reason":"REJOINED","retirementDateTime":"2019-10-26T04:59:00Z","retirementDateTimeLocal":"2019-10-26T06:59:00+02:00","status":"Rejoined"},{"retirementId":1450,"controlId":6366,"entryId":20641,"reason":"REJOINED","retirementDateTime":"2019-10-26T05:00:00Z","retirementDateTimeLocal":"2019-10-26T07:00:00+02:00","status":"Rejoined"},{"retirementId":1452,"controlId":6366,"entryId":20652,"reason":"REJOINED","retirementDateTime":"2019-10-26T05:00:00Z","retirementDateTimeLocal":"2019-10-26T07:00:00+02:00","status":"Rejoined"},{"retirementId":1454,"controlId":6366,"entryId":20648,"reason":"REJOINED","retirementDateTime":"2019-10-26T05:02:00Z","retirementDateTimeLocal":"2019-10-26T07:02:00+02:00","status":"Rejoined"},{"retirementId":1453,"controlId":6366,"entryId":20643,"reason":"REJOINED","retirementDateTime":"2019-10-26T05:02:00Z","retirementDateTimeLocal":"2019-10-26T07:02:00+02:00","status":"Rejoined"},{"retirementId":1455,"controlId":6366,"entryId":20631,"reason":"REJOINED","retirementDateTime":"2019-10-26T05:03:00Z","retirementDateTimeLocal":"2019-10-26T07:03:00+02:00","status":"Rejoined"},{"retirementId":1456,"controlId":6423,"entryId":20666,"reason":"MECHANICAL","retirementDateTime":"2019-10-26T06:25:00Z","retirementDateTimeLocal":"2019-10-26T08:25:00+02:00","status":"Temporary"},{"retirementId":1458,"controlId":6390,"entryId":20640,"reason":"MECHANICAL","retirementDateTime":"2019-10-26T07:55:00Z","retirementDateTimeLocal":"2019-10-26T09:55:00+02:00","status":"Temporary"},{"retirementId":1459,"controlId":6392,"entryId":20608,"reason":"ACCIDENT","retirementDateTime":"2019-10-26T08:36:00Z","retirementDateTimeLocal":"2019-10-26T10:36:00+02:00","status":"Temporary"},{"retirementId":1460,"controlId":6388,"entryId":20628,"reason":"OUT OF THE ROAD","retirementDateTime":"2019-10-26T08:42:00Z","retirementDateTimeLocal":"2019-10-26T10:42:00+02:00","status":"Temporary"},{"retirementId":1461,"controlId":6402,"entryId":20621,"reason":"MECHANICAL","retirementDateTime":"2019-10-26T14:25:00Z","retirementDateTimeLocal":"2019-10-26T16:25:00+02:00","status":"Permanent"},{"retirementId":1462,"controlId":6406,"entryId":20623,"reason":"OUT OF THE ROAD","retirementDateTime":"2019-10-26T16:30:00Z","retirementDateTimeLocal":"2019-10-26T18:30:00+02:00","status":"Temporary"},{"retirementId":1463,"controlId":6360,"entryId":20624,"reason":"MECHANICAL","retirementDateTime":"2019-10-26T18:17:00Z","retirementDateTimeLocal":"2019-10-26T20:17:00+02:00","status":"Permanent"},{"retirementId":1464,"controlId":6358,"entryId":20608,"reason":"REJOINED","retirementDateTime":"2019-10-27T05:12:00Z","retirementDateTimeLocal":"2019-10-27T06:12:00+01:00","status":"Rejoined"},{"retirementId":1465,"controlId":6358,"entryId":20623,"reason":"REJOINED","retirementDateTime":"2019-10-27T05:13:00Z","retirementDateTimeLocal":"2019-10-27T06:13:00+01:00","status":"Rejoined"},{"retirementId":1466,"controlId":6358,"entryId":20640,"reason":"REJOINED","retirementDateTime":"2019-10-27T05:13:00Z","retirementDateTimeLocal":"2019-10-27T06:13:00+01:00","status":"Rejoined"},{"retirementId":1467,"controlId":6358,"entryId":20628,"reason":"MECHANICAL","retirementDateTime":"2019-10-27T05:14:00Z","retirementDateTimeLocal":"2019-10-27T06:14:00+01:00","status":"Permanent"},{"retirementId":1468,"controlId":6358,"entryId":20631,"reason":"MECHANICAL","retirementDateTime":"2019-10-27T07:01:00Z","retirementDateTimeLocal":"2019-10-27T08:01:00+01:00","status":"Permanent"},{"retirementId":1469,"controlId":6410,"entryId":20656,"reason":"OUT OF THE ROAD","retirementDateTime":"2019-10-27T08:09:00Z","retirementDateTimeLocal":"2019-10-27T09:09:00+01:00","status":"Permanent"},{"retirementId":1470,"controlId":6400,"entryId":20641,"reason":"OUT OF THE ROAD","retirementDateTime":"2019-10-27T09:09:00Z","retirementDateTimeLocal":"2019-10-27T10:09:00+01:00","status":"Permanent"},{"retirementId":1471,"controlId":6369,"entryId":20643,"reason":"MECHANICAL","retirementDateTime":"2019-10-27T14:28:00Z","retirementDateTimeLocal":"2019-10-27T15:28:00+01:00","status":"Permanent"}]