[{"startDateTime":"2019-08-02T05:18:00","startDateTimeLocal":"2019-08-02T08:18:00+03:00","stageTimeDurationMs":577500,"stageTimeDuration":"00:09:37.5000000","splitPointTimeId":84480,"splitPointId":2560,"entryId":20057,"elapsedDurationMs":279100,"elapsedDuration":"PT4M39.1S","splitDateTime":"2019-08-02T05:22:39.1","splitDateTimeLocal":"2019-08-02T08:22:39.1+03:00"},{"startDateTime":"2019-08-02T05:20:00","startDateTimeLocal":"2019-08-02T08:20:00+03:00","stageTimeDurationMs":580800,"stageTimeDuration":"00:09:40.8000000","splitPointTimeId":84481,"splitPointId":2560,"entryId":20053,"elapsedDurationMs":281000,"elapsedDuration":"PT4M41S","splitDateTime":"2019-08-02T05:24:41","splitDateTimeLocal":"2019-08-02T08:24:41+03:00"},{"startDateTime":"2019-08-02T05:22:00","startDateTimeLocal":"2019-08-02T08:22:00+03:00","stageTimeDurationMs":588400,"stageTimeDuration":"00:09:48.4000000","splitPointTimeId":84483,"splitPointId":2560,"entryId":20059,"elapsedDurationMs":286100,"elapsedDuration":"PT4M46.1S","splitDateTime":"2019-08-02T05:26:46.1","splitDateTimeLocal":"2019-08-02T08:26:46.1+03:00"},{"startDateTime":"2019-08-02T05:24:00","startDateTimeLocal":"2019-08-02T08:24:00+03:00","stageTimeDurationMs":581900,"stageTimeDuration":"00:09:41.9000000","splitPointTimeId":84485,"splitPointId":2560,"entryId":20054,"elapsedDurationMs":281400,"elapsedDuration":"PT4M41.4S","splitDateTime":"2019-08-02T05:28:41.4","splitDateTimeLocal":"2019-08-02T08:28:41.4+03:00"},{"startDateTime":"2019-08-02T05:26:00","startDateTimeLocal":"2019-08-02T08:26:00+03:00","stageTimeDurationMs":577400,"stageTimeDuration":"00:09:37.4000000","splitPointTimeId":84487,"splitPointId":2560,"entryId":20056,"elapsedDurationMs":280400,"elapsedDuration":"PT4M40.4S","splitDateTime":"2019-08-02T05:30:40.4","splitDateTimeLocal":"2019-08-02T08:30:40.4+03:00"},{"startDateTime":"2019-08-02T05:28:00","startDateTimeLocal":"2019-08-02T08:28:00+03:00","stageTimeDurationMs":581600,"stageTimeDuration":"00:09:41.6000000","splitPointTimeId":84489,"splitPointId":2560,"entryId":20064,"elapsedDurationMs":278300,"elapsedDuration":"PT4M38.3S","splitDateTime":"2019-08-02T05:32:38.3","splitDateTimeLocal":"2019-08-02T08:32:38.3+03:00"},{"startDateTime":"2019-08-02T05:30:00","startDateTimeLocal":"2019-08-02T08:30:00+03:00","stageTimeDurationMs":576700,"stageTimeDuration":"00:09:36.7000000","splitPointTimeId":84491,"splitPointId":2560,"entryId":20055,"elapsedDurationMs":279500,"elapsedDuration":"PT4M39.5S","splitDateTime":"2019-08-02T05:34:39.5","splitDateTimeLocal":"2019-08-02T08:34:39.5+03:00"},{"startDateTime":"2019-08-02T05:32:00","startDateTimeLocal":"2019-08-02T08:32:00+03:00","stageTimeDurationMs":576600,"stageTimeDuration":"00:09:36.6000000","splitPointTimeId":84493,"splitPointId":2560,"entryId":20058,"elapsedDurationMs":280000,"elapsedDuration":"PT4M40S","splitDateTime":"2019-08-02T05:36:40","splitDateTimeLocal":"2019-08-02T08:36:40+03:00"},{"startDateTime":"2019-08-02T05:34:00","startDateTimeLocal":"2019-08-02T08:34:00+03:00","stageTimeDurationMs":590500,"stageTimeDuration":"00:09:50.5000000","splitPointTimeId":84495,"splitPointId":2560,"entryId":20062,"elapsedDurationMs":288300,"elapsedDuration":"PT4M48.3S","splitDateTime":"2019-08-02T05:38:48.3","splitDateTimeLocal":"2019-08-02T08:38:48.3+03:00"},{"startDateTime":"2019-08-02T05:36:00","startDateTimeLocal":"2019-08-02T08:36:00+03:00","stageTimeDurationMs":581000,"stageTimeDuration":"00:09:41","splitPointTimeId":84497,"splitPointId":2560,"entryId":20063,"elapsedDurationMs":282100,"elapsedDuration":"PT4M42.1S","splitDateTime":"2019-08-02T05:40:42.1","splitDateTimeLocal":"2019-08-02T08:40:42.1+03:00"},{"startDateTime":"2019-08-02T05:38:00","startDateTimeLocal":"2019-08-02T08:38:00+03:00","stageTimeDurationMs":674600,"stageTimeDuration":"00:11:14.6000000","splitPointTimeId":84499,"splitPointId":2560,"entryId":20060,"elapsedDurationMs":330900,"elapsedDuration":"PT5M30.9S","splitDateTime":"2019-08-02T05:43:30.9","splitDateTimeLocal":"2019-08-02T08:43:30.9+03:00"},{"startDateTime":"2019-08-02T05:41:00","startDateTimeLocal":"2019-08-02T08:41:00+03:00","stageTimeDurationMs":605500,"stageTimeDuration":"00:10:05.5000000","splitPointTimeId":84501,"splitPointId":2560,"entryId":20065,"elapsedDurationMs":293300,"elapsedDuration":"PT4M53.3S","splitDateTime":"2019-08-02T05:45:53.3","splitDateTimeLocal":"2019-08-02T08:45:53.3+03:00"},{"startDateTime":"2019-08-02T05:43:00","startDateTimeLocal":"2019-08-02T08:43:00+03:00","stageTimeDurationMs":null,"stageTimeDuration":null,"splitPointTimeId":84503,"splitPointId":2560,"entryId":20066,"elapsedDurationMs":297600,"elapsedDuration":"PT4M57.6S","splitDateTime":"2019-08-02T05:47:57.6","splitDateTimeLocal":"2019-08-02T08:47:57.6+03:00"},{"startDateTime":"2019-08-02T05:45:00","startDateTimeLocal":"2019-08-02T08:45:00+03:00","stageTimeDurationMs":628800,"stageTimeDuration":"00:10:28.8000000","splitPointTimeId":84505,"splitPointId":2560,"entryId":20067,"elapsedDurationMs":305700,"elapsedDuration":"PT5M5.7S","splitDateTime":"2019-08-02T05:50:05.7","splitDateTimeLocal":"2019-08-02T08:50:05.7+03:00"},{"startDateTime":"2019-08-02T05:47:00","startDateTimeLocal":"2019-08-02T08:47:00+03:00","stageTimeDurationMs":614100,"stageTimeDuration":"00:10:14.1000000","splitPointTimeId":84507,"splitPointId":2560,"entryId":20068,"elapsedDurationMs":298700,"elapsedDuration":"PT4M58.7S","splitDateTime":"2019-08-02T05:51:58.7","splitDateTimeLocal":"2019-08-02T08:51:58.7+03:00"},{"startDateTime":"2019-08-02T05:49:00","startDateTimeLocal":"2019-08-02T08:49:00+03:00","stageTimeDurationMs":619600,"stageTimeDuration":"00:10:19.6000000","splitPointTimeId":84508,"splitPointId":2560,"entryId":20069,"elapsedDurationMs":298900,"elapsedDuration":"PT4M58.9S","splitDateTime":"2019-08-02T05:53:58.9","splitDateTimeLocal":"2019-08-02T08:53:58.9+03:00"},{"startDateTime":"2019-08-02T05:51:00","startDateTimeLocal":"2019-08-02T08:51:00+03:00","stageTimeDurationMs":617900,"stageTimeDuration":"00:10:17.9000000","splitPointTimeId":84511,"splitPointId":2560,"entryId":20070,"elapsedDurationMs":298800,"elapsedDuration":"PT4M58.8S","splitDateTime":"2019-08-02T05:55:58.8","splitDateTimeLocal":"2019-08-02T08:55:58.8+03:00"},{"startDateTime":"2019-08-02T05:53:00","startDateTimeLocal":"2019-08-02T08:53:00+03:00","stageTimeDurationMs":630800,"stageTimeDuration":"00:10:30.8000000","splitPointTimeId":84513,"splitPointId":2560,"entryId":20071,"elapsedDurationMs":304900,"elapsedDuration":"PT5M4.9S","splitDateTime":"2019-08-02T05:58:04.9","splitDateTimeLocal":"2019-08-02T08:58:04.9+03:00"},{"startDateTime":"2019-08-02T05:55:00","startDateTimeLocal":"2019-08-02T08:55:00+03:00","stageTimeDurationMs":602700,"stageTimeDuration":"00:10:02.7000000","splitPointTimeId":84514,"splitPointId":2560,"entryId":20073,"elapsedDurationMs":290900,"elapsedDuration":"PT4M50.9S","splitDateTime":"2019-08-02T05:59:50.9","splitDateTimeLocal":"2019-08-02T08:59:50.9+03:00"},{"startDateTime":"2019-08-02T05:57:00","startDateTimeLocal":"2019-08-02T08:57:00+03:00","stageTimeDurationMs":624400,"stageTimeDuration":"00:10:24.4000000","splitPointTimeId":84516,"splitPointId":2560,"entryId":20074,"elapsedDurationMs":304000,"elapsedDuration":"PT5M4S","splitDateTime":"2019-08-02T06:02:04","splitDateTimeLocal":"2019-08-02T09:02:04+03:00"},{"startDateTime":"2019-08-02T05:59:00","startDateTimeLocal":"2019-08-02T08:59:00+03:00","stageTimeDurationMs":618200,"stageTimeDuration":"00:10:18.2000000","splitPointTimeId":84519,"splitPointId":2560,"entryId":20075,"elapsedDurationMs":299800,"elapsedDuration":"PT4M59.8S","splitDateTime":"2019-08-02T06:03:59.8","splitDateTimeLocal":"2019-08-02T09:03:59.8+03:00"},{"startDateTime":"2019-08-02T06:01:00","startDateTimeLocal":"2019-08-02T09:01:00+03:00","stageTimeDurationMs":653200,"stageTimeDuration":"00:10:53.2000000","splitPointTimeId":84522,"splitPointId":2560,"entryId":20076,"elapsedDurationMs":322000,"elapsedDuration":"PT5M22S","splitDateTime":"2019-08-02T06:06:22","splitDateTimeLocal":"2019-08-02T09:06:22+03:00"},{"startDateTime":"2019-08-02T06:03:00","startDateTimeLocal":"2019-08-02T09:03:00+03:00","stageTimeDurationMs":634800,"stageTimeDuration":"00:10:34.8000000","splitPointTimeId":84524,"splitPointId":2560,"entryId":20077,"elapsedDurationMs":310000,"elapsedDuration":"PT5M10S","splitDateTime":"2019-08-02T06:08:10","splitDateTimeLocal":"2019-08-02T09:08:10+03:00"},{"startDateTime":"2019-08-02T06:05:00","startDateTimeLocal":"2019-08-02T09:05:00+03:00","stageTimeDurationMs":682800,"stageTimeDuration":"00:11:22.8000000","splitPointTimeId":84526,"splitPointId":2560,"entryId":20072,"elapsedDurationMs":328700,"elapsedDuration":"PT5M28.7S","splitDateTime":"2019-08-02T06:10:28.7","splitDateTimeLocal":"2019-08-02T09:10:28.7+03:00"},{"startDateTime":"2019-08-02T06:07:00","startDateTimeLocal":"2019-08-02T09:07:00+03:00","stageTimeDurationMs":675700,"stageTimeDuration":"00:11:15.7000000","splitPointTimeId":84528,"splitPointId":2560,"entryId":20078,"elapsedDurationMs":328900,"elapsedDuration":"PT5M28.9S","splitDateTime":"2019-08-02T06:12:28.9","splitDateTimeLocal":"2019-08-02T09:12:28.9+03:00"},{"startDateTime":"2019-08-02T06:08:00","startDateTimeLocal":"2019-08-02T09:08:00+03:00","stageTimeDurationMs":663900,"stageTimeDuration":"00:11:03.9000000","splitPointTimeId":84529,"splitPointId":2560,"entryId":20079,"elapsedDurationMs":323700,"elapsedDuration":"PT5M23.7S","splitDateTime":"2019-08-02T06:13:23.7","splitDateTimeLocal":"2019-08-02T09:13:23.7+03:00"},{"startDateTime":"2019-08-02T06:09:00","startDateTimeLocal":"2019-08-02T09:09:00+03:00","stageTimeDurationMs":675400,"stageTimeDuration":"00:11:15.4000000","splitPointTimeId":84530,"splitPointId":2560,"entryId":20080,"elapsedDurationMs":326300,"elapsedDuration":"PT5M26.3S","splitDateTime":"2019-08-02T06:14:26.3","splitDateTimeLocal":"2019-08-02T09:14:26.3+03:00"},{"startDateTime":"2019-08-02T06:11:00","startDateTimeLocal":"2019-08-02T09:11:00+03:00","stageTimeDurationMs":678700,"stageTimeDuration":"00:11:18.7000000","splitPointTimeId":84532,"splitPointId":2560,"entryId":20082,"elapsedDurationMs":331000,"elapsedDuration":"PT5M31S","splitDateTime":"2019-08-02T06:16:31","splitDateTimeLocal":"2019-08-02T09:16:31+03:00"},{"startDateTime":"2019-08-02T06:10:00","startDateTimeLocal":"2019-08-02T09:10:00+03:00","stageTimeDurationMs":800200,"stageTimeDuration":"00:13:20.2000000","splitPointTimeId":84534,"splitPointId":2560,"entryId":20081,"elapsedDurationMs":452500,"elapsedDuration":"PT7M32.5S","splitDateTime":"2019-08-02T06:17:32.5","splitDateTimeLocal":"2019-08-02T09:17:32.5+03:00"},{"startDateTime":"2019-08-02T06:12:00","startDateTimeLocal":"2019-08-02T09:12:00+03:00","stageTimeDurationMs":705000,"stageTimeDuration":"00:11:45","splitPointTimeId":84536,"splitPointId":2560,"entryId":20083,"elapsedDurationMs":344600,"elapsedDuration":"PT5M44.6S","splitDateTime":"2019-08-02T06:17:44.6","splitDateTimeLocal":"2019-08-02T09:17:44.6+03:00"},{"startDateTime":"2019-08-02T06:13:00","startDateTimeLocal":"2019-08-02T09:13:00+03:00","stageTimeDurationMs":675700,"stageTimeDuration":"00:11:15.7000000","splitPointTimeId":84537,"splitPointId":2560,"entryId":20084,"elapsedDurationMs":333500,"elapsedDuration":"PT5M33.5S","splitDateTime":"2019-08-02T06:18:33.5","splitDateTimeLocal":"2019-08-02T09:18:33.5+03:00"},{"startDateTime":"2019-08-02T06:14:00","startDateTimeLocal":"2019-08-02T09:14:00+03:00","stageTimeDurationMs":676900,"stageTimeDuration":"00:11:16.9000000","splitPointTimeId":84539,"splitPointId":2560,"entryId":20085,"elapsedDurationMs":329300,"elapsedDuration":"PT5M29.3S","splitDateTime":"2019-08-02T06:19:29.3","splitDateTimeLocal":"2019-08-02T09:19:29.3+03:00"},{"startDateTime":"2019-08-02T06:15:00","startDateTimeLocal":"2019-08-02T09:15:00+03:00","stageTimeDurationMs":714100,"stageTimeDuration":"00:11:54.1000000","splitPointTimeId":84541,"splitPointId":2560,"entryId":20086,"elapsedDurationMs":347400,"elapsedDuration":"PT5M47.4S","splitDateTime":"2019-08-02T06:20:47.4","splitDateTimeLocal":"2019-08-02T09:20:47.4+03:00"},{"startDateTime":"2019-08-02T06:16:00","startDateTimeLocal":"2019-08-02T09:16:00+03:00","stageTimeDurationMs":694800,"stageTimeDuration":"00:11:34.8000000","splitPointTimeId":84542,"splitPointId":2560,"entryId":20087,"elapsedDurationMs":339700,"elapsedDuration":"PT5M39.7S","splitDateTime":"2019-08-02T06:21:39.7","splitDateTimeLocal":"2019-08-02T09:21:39.7+03:00"},{"startDateTime":"2019-08-02T06:17:00","startDateTimeLocal":"2019-08-02T09:17:00+03:00","stageTimeDurationMs":702900,"stageTimeDuration":"00:11:42.9000000","splitPointTimeId":84546,"splitPointId":2560,"entryId":20088,"elapsedDurationMs":344500,"elapsedDuration":"PT5M44.5S","splitDateTime":"2019-08-02T06:22:44.5","splitDateTimeLocal":"2019-08-02T09:22:44.5+03:00"},{"startDateTime":"2019-08-02T06:18:00","startDateTimeLocal":"2019-08-02T09:18:00+03:00","stageTimeDurationMs":739300,"stageTimeDuration":"00:12:19.3000000","splitPointTimeId":84549,"splitPointId":2560,"entryId":20089,"elapsedDurationMs":358600,"elapsedDuration":"PT5M58.6S","splitDateTime":"2019-08-02T06:23:58.6","splitDateTimeLocal":"2019-08-02T09:23:58.6+03:00"},{"startDateTime":"2019-08-02T06:21:00","startDateTimeLocal":"2019-08-02T09:21:00+03:00","stageTimeDurationMs":694600,"stageTimeDuration":"00:11:34.6000000","splitPointTimeId":84553,"splitPointId":2560,"entryId":20090,"elapsedDurationMs":343100,"elapsedDuration":"PT5M43.1S","splitDateTime":"2019-08-02T06:26:43.1","splitDateTimeLocal":"2019-08-02T09:26:43.1+03:00"},{"startDateTime":"2019-08-02T06:22:00","startDateTimeLocal":"2019-08-02T09:22:00+03:00","stageTimeDurationMs":691400,"stageTimeDuration":"00:11:31.4000000","splitPointTimeId":84556,"splitPointId":2560,"entryId":20091,"elapsedDurationMs":339600,"elapsedDuration":"PT5M39.6S","splitDateTime":"2019-08-02T06:27:39.6","splitDateTimeLocal":"2019-08-02T09:27:39.6+03:00"},{"startDateTime":"2019-08-02T06:23:00","startDateTimeLocal":"2019-08-02T09:23:00+03:00","stageTimeDurationMs":673500,"stageTimeDuration":"00:11:13.5000000","splitPointTimeId":84558,"splitPointId":2560,"entryId":20106,"elapsedDurationMs":329600,"elapsedDuration":"PT5M29.6S","splitDateTime":"2019-08-02T06:28:29.6","splitDateTimeLocal":"2019-08-02T09:28:29.6+03:00"},{"startDateTime":"2019-08-02T06:27:00","startDateTimeLocal":"2019-08-02T09:27:00+03:00","stageTimeDurationMs":615100,"stageTimeDuration":"00:10:15.1000000","splitPointTimeId":84567,"splitPointId":2560,"entryId":20092,"elapsedDurationMs":299900,"elapsedDuration":"PT4M59.9S","splitDateTime":"2019-08-02T06:31:59.9","splitDateTimeLocal":"2019-08-02T09:31:59.9+03:00"},{"startDateTime":"2019-08-02T06:28:00","startDateTimeLocal":"2019-08-02T09:28:00+03:00","stageTimeDurationMs":629800,"stageTimeDuration":"00:10:29.8000000","splitPointTimeId":84570,"splitPointId":2560,"entryId":20093,"elapsedDurationMs":305800,"elapsedDuration":"PT5M5.8S","splitDateTime":"2019-08-02T06:33:05.8","splitDateTimeLocal":"2019-08-02T09:33:05.8+03:00"},{"startDateTime":"2019-08-02T06:29:00","startDateTimeLocal":"2019-08-02T09:29:00+03:00","stageTimeDurationMs":635100,"stageTimeDuration":"00:10:35.1000000","splitPointTimeId":84574,"splitPointId":2560,"entryId":20096,"elapsedDurationMs":312700,"elapsedDuration":"PT5M12.7S","splitDateTime":"2019-08-02T06:34:12.7","splitDateTimeLocal":"2019-08-02T09:34:12.7+03:00"},{"startDateTime":"2019-08-02T06:30:00","startDateTimeLocal":"2019-08-02T09:30:00+03:00","stageTimeDurationMs":677800,"stageTimeDuration":"00:11:17.8000000","splitPointTimeId":84577,"splitPointId":2560,"entryId":20097,"elapsedDurationMs":333000,"elapsedDuration":"PT5M33S","splitDateTime":"2019-08-02T06:35:33","splitDateTimeLocal":"2019-08-02T09:35:33+03:00"},{"startDateTime":"2019-08-02T06:31:00","startDateTimeLocal":"2019-08-02T09:31:00+03:00","stageTimeDurationMs":686600,"stageTimeDuration":"00:11:26.6000000","splitPointTimeId":84580,"splitPointId":2560,"entryId":20098,"elapsedDurationMs":340900,"elapsedDuration":"PT5M40.9S","splitDateTime":"2019-08-02T06:36:40.9","splitDateTimeLocal":"2019-08-02T09:36:40.9+03:00"},{"startDateTime":"2019-08-02T06:32:00","startDateTimeLocal":"2019-08-02T09:32:00+03:00","stageTimeDurationMs":694400,"stageTimeDuration":"00:11:34.4000000","splitPointTimeId":84585,"splitPointId":2560,"entryId":20099,"elapsedDurationMs":342500,"elapsedDuration":"PT5M42.5S","splitDateTime":"2019-08-02T06:37:42.5","splitDateTimeLocal":"2019-08-02T09:37:42.5+03:00"},{"startDateTime":"2019-08-02T06:33:00","startDateTimeLocal":"2019-08-02T09:33:00+03:00","stageTimeDurationMs":695800,"stageTimeDuration":"00:11:35.8000000","splitPointTimeId":84587,"splitPointId":2560,"entryId":20100,"elapsedDurationMs":343800,"elapsedDuration":"PT5M43.8S","splitDateTime":"2019-08-02T06:38:43.8","splitDateTimeLocal":"2019-08-02T09:38:43.8+03:00"},{"startDateTime":"2019-08-02T06:34:00","startDateTimeLocal":"2019-08-02T09:34:00+03:00","stageTimeDurationMs":1098800,"stageTimeDuration":"00:18:18.8000000","splitPointTimeId":84592,"splitPointId":2560,"entryId":20101,"elapsedDurationMs":385000,"elapsedDuration":"PT6M25S","splitDateTime":"2019-08-02T06:40:25","splitDateTimeLocal":"2019-08-02T09:40:25+03:00"},{"startDateTime":"2019-08-02T06:36:00","startDateTimeLocal":"2019-08-02T09:36:00+03:00","stageTimeDurationMs":686900,"stageTimeDuration":"00:11:26.9000000","splitPointTimeId":84595,"splitPointId":2560,"entryId":20103,"elapsedDurationMs":331400,"elapsedDuration":"PT5M31.4S","splitDateTime":"2019-08-02T06:41:31.4","splitDateTimeLocal":"2019-08-02T09:41:31.4+03:00"},{"startDateTime":"2019-08-02T06:37:00","startDateTimeLocal":"2019-08-02T09:37:00+03:00","stageTimeDurationMs":698800,"stageTimeDuration":"00:11:38.8000000","splitPointTimeId":84599,"splitPointId":2560,"entryId":20104,"elapsedDurationMs":343700,"elapsedDuration":"PT5M43.7S","splitDateTime":"2019-08-02T06:42:43.7","splitDateTimeLocal":"2019-08-02T09:42:43.7+03:00"},{"startDateTime":"2019-08-02T06:38:00","startDateTimeLocal":"2019-08-02T09:38:00+03:00","stageTimeDurationMs":732500,"stageTimeDuration":"00:12:12.5000000","splitPointTimeId":84603,"splitPointId":2560,"entryId":20105,"elapsedDurationMs":358600,"elapsedDuration":"PT5M58.6S","splitDateTime":"2019-08-02T06:43:58.6","splitDateTimeLocal":"2019-08-02T09:43:58.6+03:00"},{"startDateTime":"2019-08-02T06:40:00","startDateTimeLocal":"2019-08-02T09:40:00+03:00","stageTimeDurationMs":701900,"stageTimeDuration":"00:11:41.9000000","splitPointTimeId":84607,"splitPointId":2560,"entryId":20107,"elapsedDurationMs":348700,"elapsedDuration":"PT5M48.7S","splitDateTime":"2019-08-02T06:45:48.7","splitDateTimeLocal":"2019-08-02T09:45:48.7+03:00"},{"startDateTime":"2019-08-02T06:42:00","startDateTimeLocal":"2019-08-02T09:42:00+03:00","stageTimeDurationMs":706100,"stageTimeDuration":"00:11:46.1000000","splitPointTimeId":84612,"splitPointId":2560,"entryId":20109,"elapsedDurationMs":347200,"elapsedDuration":"PT5M47.2S","splitDateTime":"2019-08-02T06:47:47.2","splitDateTimeLocal":"2019-08-02T09:47:47.2+03:00"},{"startDateTime":"2019-08-02T06:41:00","startDateTimeLocal":"2019-08-02T09:41:00+03:00","stageTimeDurationMs":863600,"stageTimeDuration":"00:14:23.6000000","splitPointTimeId":84615,"splitPointId":2560,"entryId":20108,"elapsedDurationMs":505500,"elapsedDuration":"PT8M25.5S","splitDateTime":"2019-08-02T06:49:25.5","splitDateTimeLocal":"2019-08-02T09:49:25.5+03:00"},{"startDateTime":"2019-08-02T06:43:00","startDateTimeLocal":"2019-08-02T09:43:00+03:00","stageTimeDurationMs":864400,"stageTimeDuration":"00:14:24.4000000","splitPointTimeId":84616,"splitPointId":2560,"entryId":20110,"elapsedDurationMs":424100,"elapsedDuration":"PT7M4.1S","splitDateTime":"2019-08-02T06:50:04.1","splitDateTimeLocal":"2019-08-02T09:50:04.1+03:00"},{"startDateTime":"2019-08-02T06:44:00","startDateTimeLocal":"2019-08-02T09:44:00+03:00","stageTimeDurationMs":731400,"stageTimeDuration":"00:12:11.4000000","splitPointTimeId":84617,"splitPointId":2560,"entryId":20111,"elapsedDurationMs":365800,"elapsedDuration":"PT6M5.8S","splitDateTime":"2019-08-02T06:50:05.8","splitDateTimeLocal":"2019-08-02T09:50:05.8+03:00"},{"startDateTime":"2019-08-02T06:45:00","startDateTimeLocal":"2019-08-02T09:45:00+03:00","stageTimeDurationMs":730600,"stageTimeDuration":"00:12:10.6000000","splitPointTimeId":84622,"splitPointId":2560,"entryId":20112,"elapsedDurationMs":359900,"elapsedDuration":"PT5M59.9S","splitDateTime":"2019-08-02T06:50:59.9","splitDateTimeLocal":"2019-08-02T09:50:59.9+03:00"},{"startDateTime":"2019-08-02T06:46:00","startDateTimeLocal":"2019-08-02T09:46:00+03:00","stageTimeDurationMs":798000,"stageTimeDuration":"00:13:18","splitPointTimeId":84624,"splitPointId":2560,"entryId":20113,"elapsedDurationMs":397600,"elapsedDuration":"PT6M37.6S","splitDateTime":"2019-08-02T06:52:37.6","splitDateTimeLocal":"2019-08-02T09:52:37.6+03:00"},{"startDateTime":"2019-08-02T06:47:00","startDateTimeLocal":"2019-08-02T09:47:00+03:00","stageTimeDurationMs":856200,"stageTimeDuration":"00:14:16.2000000","splitPointTimeId":84629,"splitPointId":2560,"entryId":20114,"elapsedDurationMs":432100,"elapsedDuration":"PT7M12.1S","splitDateTime":"2019-08-02T06:54:12.1","splitDateTimeLocal":"2019-08-02T09:54:12.1+03:00"},{"startDateTime":"2019-08-02T06:48:00","startDateTimeLocal":"2019-08-02T09:48:00+03:00","stageTimeDurationMs":852200,"stageTimeDuration":"00:14:12.2000000","splitPointTimeId":84632,"splitPointId":2560,"entryId":20115,"elapsedDurationMs":413800,"elapsedDuration":"PT6M53.8S","splitDateTime":"2019-08-02T06:54:53.8","splitDateTimeLocal":"2019-08-02T09:54:53.8+03:00"},{"startDateTime":"2019-08-02T06:49:00","startDateTimeLocal":"2019-08-02T09:49:00+03:00","stageTimeDurationMs":871100,"stageTimeDuration":"00:14:31.1000000","splitPointTimeId":84637,"splitPointId":2560,"entryId":20116,"elapsedDurationMs":415100,"elapsedDuration":"PT6M55.1S","splitDateTime":"2019-08-02T06:55:55.1","splitDateTimeLocal":"2019-08-02T09:55:55.1+03:00"},{"startDateTime":"2019-08-02T05:18:00","startDateTimeLocal":"2019-08-02T08:18:00+03:00","stageTimeDurationMs":577500,"stageTimeDuration":"00:09:37.5000000","splitPointTimeId":84482,"splitPointId":2567,"entryId":20057,"elapsedDurationMs":498900,"elapsedDuration":"PT8M18.9S","splitDateTime":"2019-08-02T05:26:18.9","splitDateTimeLocal":"2019-08-02T08:26:18.9+03:00"},{"startDateTime":"2019-08-02T05:20:00","startDateTimeLocal":"2019-08-02T08:20:00+03:00","stageTimeDurationMs":580800,"stageTimeDuration":"00:09:40.8000000","splitPointTimeId":84484,"splitPointId":2567,"entryId":20053,"elapsedDurationMs":502100,"elapsedDuration":"PT8M22.1S","splitDateTime":"2019-08-02T05:28:22.1","splitDateTimeLocal":"2019-08-02T08:28:22.1+03:00"},{"startDateTime":"2019-08-02T05:22:00","startDateTimeLocal":"2019-08-02T08:22:00+03:00","stageTimeDurationMs":588400,"stageTimeDuration":"00:09:48.4000000","splitPointTimeId":84486,"splitPointId":2567,"entryId":20059,"elapsedDurationMs":508600,"elapsedDuration":"PT8M28.6S","splitDateTime":"2019-08-02T05:30:28.6","splitDateTimeLocal":"2019-08-02T08:30:28.6+03:00"},{"startDateTime":"2019-08-02T05:24:00","startDateTimeLocal":"2019-08-02T08:24:00+03:00","stageTimeDurationMs":581900,"stageTimeDuration":"00:09:41.9000000","splitPointTimeId":84488,"splitPointId":2567,"entryId":20054,"elapsedDurationMs":503100,"elapsedDuration":"PT8M23.1S","splitDateTime":"2019-08-02T05:32:23.1","splitDateTimeLocal":"2019-08-02T08:32:23.1+03:00"},{"startDateTime":"2019-08-02T05:26:00","startDateTimeLocal":"2019-08-02T08:26:00+03:00","stageTimeDurationMs":577400,"stageTimeDuration":"00:09:37.4000000","splitPointTimeId":84490,"splitPointId":2567,"entryId":20056,"elapsedDurationMs":498900,"elapsedDuration":"PT8M18.9S","splitDateTime":"2019-08-02T05:34:18.9","splitDateTimeLocal":"2019-08-02T08:34:18.9+03:00"},{"startDateTime":"2019-08-02T05:28:00","startDateTimeLocal":"2019-08-02T08:28:00+03:00","stageTimeDurationMs":581600,"stageTimeDuration":"00:09:41.6000000","splitPointTimeId":84492,"splitPointId":2567,"entryId":20064,"elapsedDurationMs":500900,"elapsedDuration":"PT8M20.9S","splitDateTime":"2019-08-02T05:36:20.9","splitDateTimeLocal":"2019-08-02T08:36:20.9+03:00"},{"startDateTime":"2019-08-02T05:30:00","startDateTimeLocal":"2019-08-02T08:30:00+03:00","stageTimeDurationMs":576700,"stageTimeDuration":"00:09:36.7000000","splitPointTimeId":84494,"splitPointId":2567,"entryId":20055,"elapsedDurationMs":498400,"elapsedDuration":"PT8M18.4S","splitDateTime":"2019-08-02T05:38:18.4","splitDateTimeLocal":"2019-08-02T08:38:18.4+03:00"},{"startDateTime":"2019-08-02T05:32:00","startDateTimeLocal":"2019-08-02T08:32:00+03:00","stageTimeDurationMs":576600,"stageTimeDuration":"00:09:36.6000000","splitPointTimeId":84496,"splitPointId":2567,"entryId":20058,"elapsedDurationMs":498200,"elapsedDuration":"PT8M18.2S","splitDateTime":"2019-08-02T05:40:18.2","splitDateTimeLocal":"2019-08-02T08:40:18.2+03:00"},{"startDateTime":"2019-08-02T05:34:00","startDateTimeLocal":"2019-08-02T08:34:00+03:00","stageTimeDurationMs":590500,"stageTimeDuration":"00:09:50.5000000","splitPointTimeId":84498,"splitPointId":2567,"entryId":20062,"elapsedDurationMs":510300,"elapsedDuration":"PT8M30.3S","splitDateTime":"2019-08-02T05:42:30.3","splitDateTimeLocal":"2019-08-02T08:42:30.3+03:00"},{"startDateTime":"2019-08-02T05:36:00","startDateTimeLocal":"2019-08-02T08:36:00+03:00","stageTimeDurationMs":581000,"stageTimeDuration":"00:09:41","splitPointTimeId":84500,"splitPointId":2567,"entryId":20063,"elapsedDurationMs":501900,"elapsedDuration":"PT8M21.9S","splitDateTime":"2019-08-02T05:44:21.9","splitDateTimeLocal":"2019-08-02T08:44:21.9+03:00"},{"startDateTime":"2019-08-02T05:38:00","startDateTimeLocal":"2019-08-02T08:38:00+03:00","stageTimeDurationMs":674600,"stageTimeDuration":"00:11:14.6000000","splitPointTimeId":84502,"splitPointId":2567,"entryId":20060,"elapsedDurationMs":582300,"elapsedDuration":"PT9M42.3S","splitDateTime":"2019-08-02T05:47:42.3","splitDateTimeLocal":"2019-08-02T08:47:42.3+03:00"},{"startDateTime":"2019-08-02T05:41:00","startDateTimeLocal":"2019-08-02T08:41:00+03:00","stageTimeDurationMs":605500,"stageTimeDuration":"00:10:05.5000000","splitPointTimeId":84504,"splitPointId":2567,"entryId":20065,"elapsedDurationMs":523100,"elapsedDuration":"PT8M43.1S","splitDateTime":"2019-08-02T05:49:43.1","splitDateTimeLocal":"2019-08-02T08:49:43.1+03:00"},{"startDateTime":"2019-08-02T05:43:00","startDateTimeLocal":"2019-08-02T08:43:00+03:00","stageTimeDurationMs":null,"stageTimeDuration":null,"splitPointTimeId":84506,"splitPointId":2567,"entryId":20066,"elapsedDurationMs":530000,"elapsedDuration":"PT8M50S","splitDateTime":"2019-08-02T05:51:50","splitDateTimeLocal":"2019-08-02T08:51:50+03:00"},{"startDateTime":"2019-08-02T05:45:00","startDateTimeLocal":"2019-08-02T08:45:00+03:00","stageTimeDurationMs":628800,"stageTimeDuration":"00:10:28.8000000","splitPointTimeId":84509,"splitPointId":2567,"entryId":20067,"elapsedDurationMs":540600,"elapsedDuration":"PT9M0.6S","splitDateTime":"2019-08-02T05:54:00.6","splitDateTimeLocal":"2019-08-02T08:54:00.6+03:00"},{"startDateTime":"2019-08-02T05:47:00","startDateTimeLocal":"2019-08-02T08:47:00+03:00","stageTimeDurationMs":614100,"stageTimeDuration":"00:10:14.1000000","splitPointTimeId":84510,"splitPointId":2567,"entryId":20068,"elapsedDurationMs":531200,"elapsedDuration":"PT8M51.2S","splitDateTime":"2019-08-02T05:55:51.2","splitDateTimeLocal":"2019-08-02T08:55:51.2+03:00"},{"startDateTime":"2019-08-02T05:49:00","startDateTimeLocal":"2019-08-02T08:49:00+03:00","stageTimeDurationMs":619600,"stageTimeDuration":"00:10:19.6000000","splitPointTimeId":84512,"splitPointId":2567,"entryId":20069,"elapsedDurationMs":535400,"elapsedDuration":"PT8M55.4S","splitDateTime":"2019-08-02T05:57:55.4","splitDateTimeLocal":"2019-08-02T08:57:55.4+03:00"},{"startDateTime":"2019-08-02T05:51:00","startDateTimeLocal":"2019-08-02T08:51:00+03:00","stageTimeDurationMs":617900,"stageTimeDuration":"00:10:17.9000000","splitPointTimeId":84515,"splitPointId":2567,"entryId":20070,"elapsedDurationMs":534000,"elapsedDuration":"PT8M54S","splitDateTime":"2019-08-02T05:59:54","splitDateTimeLocal":"2019-08-02T08:59:54+03:00"},{"startDateTime":"2019-08-02T05:53:00","startDateTimeLocal":"2019-08-02T08:53:00+03:00","stageTimeDurationMs":630800,"stageTimeDuration":"00:10:30.8000000","splitPointTimeId":84517,"splitPointId":2567,"entryId":20071,"elapsedDurationMs":543400,"elapsedDuration":"PT9M3.4S","splitDateTime":"2019-08-02T06:02:03.4","splitDateTimeLocal":"2019-08-02T09:02:03.4+03:00"},{"startDateTime":"2019-08-02T05:55:00","startDateTimeLocal":"2019-08-02T08:55:00+03:00","stageTimeDurationMs":602700,"stageTimeDuration":"00:10:02.7000000","splitPointTimeId":84518,"splitPointId":2567,"entryId":20073,"elapsedDurationMs":521400,"elapsedDuration":"PT8M41.4S","splitDateTime":"2019-08-02T06:03:41.4","splitDateTimeLocal":"2019-08-02T09:03:41.4+03:00"},{"startDateTime":"2019-08-02T05:57:00","startDateTimeLocal":"2019-08-02T08:57:00+03:00","stageTimeDurationMs":624400,"stageTimeDuration":"00:10:24.4000000","splitPointTimeId":84521,"splitPointId":2567,"entryId":20074,"elapsedDurationMs":540200,"elapsedDuration":"PT9M0.2S","splitDateTime":"2019-08-02T06:06:00.2","splitDateTimeLocal":"2019-08-02T09:06:00.2+03:00"},{"startDateTime":"2019-08-02T05:59:00","startDateTimeLocal":"2019-08-02T08:59:00+03:00","stageTimeDurationMs":618200,"stageTimeDuration":"00:10:18.2000000","splitPointTimeId":84523,"splitPointId":2567,"entryId":20075,"elapsedDurationMs":534300,"elapsedDuration":"PT8M54.3S","splitDateTime":"2019-08-02T06:07:54.3","splitDateTimeLocal":"2019-08-02T09:07:54.3+03:00"},{"startDateTime":"2019-08-02T06:01:00","startDateTimeLocal":"2019-08-02T09:01:00+03:00","stageTimeDurationMs":653200,"stageTimeDuration":"00:10:53.2000000","splitPointTimeId":84525,"splitPointId":2567,"entryId":20076,"elapsedDurationMs":565400,"elapsedDuration":"PT9M25.4S","splitDateTime":"2019-08-02T06:10:25.4","splitDateTimeLocal":"2019-08-02T09:10:25.4+03:00"},{"startDateTime":"2019-08-02T06:03:00","startDateTimeLocal":"2019-08-02T09:03:00+03:00","stageTimeDurationMs":634800,"stageTimeDuration":"00:10:34.8000000","splitPointTimeId":84527,"splitPointId":2567,"entryId":20077,"elapsedDurationMs":548500,"elapsedDuration":"PT9M8.5S","splitDateTime":"2019-08-02T06:12:08.5","splitDateTimeLocal":"2019-08-02T09:12:08.5+03:00"},{"startDateTime":"2019-08-02T06:05:00","startDateTimeLocal":"2019-08-02T09:05:00+03:00","stageTimeDurationMs":682800,"stageTimeDuration":"00:11:22.8000000","splitPointTimeId":84531,"splitPointId":2567,"entryId":20072,"elapsedDurationMs":588000,"elapsedDuration":"PT9M48S","splitDateTime":"2019-08-02T06:14:48","splitDateTimeLocal":"2019-08-02T09:14:48+03:00"},{"startDateTime":"2019-08-02T06:07:00","startDateTimeLocal":"2019-08-02T09:07:00+03:00","stageTimeDurationMs":675700,"stageTimeDuration":"00:11:15.7000000","splitPointTimeId":84533,"splitPointId":2567,"entryId":20078,"elapsedDurationMs":585000,"elapsedDuration":"PT9M45S","splitDateTime":"2019-08-02T06:16:45","splitDateTimeLocal":"2019-08-02T09:16:45+03:00"},{"startDateTime":"2019-08-02T06:08:00","startDateTimeLocal":"2019-08-02T09:08:00+03:00","stageTimeDurationMs":663900,"stageTimeDuration":"00:11:03.9000000","splitPointTimeId":84535,"splitPointId":2567,"entryId":20079,"elapsedDurationMs":576300,"elapsedDuration":"PT9M36.3S","splitDateTime":"2019-08-02T06:17:36.3","splitDateTimeLocal":"2019-08-02T09:17:36.3+03:00"},{"startDateTime":"2019-08-02T06:09:00","startDateTimeLocal":"2019-08-02T09:09:00+03:00","stageTimeDurationMs":675400,"stageTimeDuration":"00:11:15.4000000","splitPointTimeId":84538,"splitPointId":2567,"entryId":20080,"elapsedDurationMs":584500,"elapsedDuration":"PT9M44.5S","splitDateTime":"2019-08-02T06:18:44.5","splitDateTimeLocal":"2019-08-02T09:18:44.5+03:00"},{"startDateTime":"2019-08-02T06:11:00","startDateTimeLocal":"2019-08-02T09:11:00+03:00","stageTimeDurationMs":678700,"stageTimeDuration":"00:11:18.7000000","splitPointTimeId":84540,"splitPointId":2567,"entryId":20082,"elapsedDurationMs":589000,"elapsedDuration":"PT9M49S","splitDateTime":"2019-08-02T06:20:49","splitDateTimeLocal":"2019-08-02T09:20:49+03:00"},{"startDateTime":"2019-08-02T06:10:00","startDateTimeLocal":"2019-08-02T09:10:00+03:00","stageTimeDurationMs":800200,"stageTimeDuration":"00:13:20.2000000","splitPointTimeId":84543,"splitPointId":2567,"entryId":20081,"elapsedDurationMs":709000,"elapsedDuration":"PT11M49S","splitDateTime":"2019-08-02T06:21:49","splitDateTimeLocal":"2019-08-02T09:21:49+03:00"},{"startDateTime":"2019-08-02T06:12:00","startDateTimeLocal":"2019-08-02T09:12:00+03:00","stageTimeDurationMs":705000,"stageTimeDuration":"00:11:45","splitPointTimeId":84544,"splitPointId":2567,"entryId":20083,"elapsedDurationMs":611000,"elapsedDuration":"PT10M11S","splitDateTime":"2019-08-02T06:22:11","splitDateTimeLocal":"2019-08-02T09:22:11+03:00"},{"startDateTime":"2019-08-02T06:13:00","startDateTimeLocal":"2019-08-02T09:13:00+03:00","stageTimeDurationMs":675700,"stageTimeDuration":"00:11:15.7000000","splitPointTimeId":84545,"splitPointId":2567,"entryId":20084,"elapsedDurationMs":585400,"elapsedDuration":"PT9M45.4S","splitDateTime":"2019-08-02T06:22:45.4","splitDateTimeLocal":"2019-08-02T09:22:45.4+03:00"},{"startDateTime":"2019-08-02T06:14:00","startDateTimeLocal":"2019-08-02T09:14:00+03:00","stageTimeDurationMs":676900,"stageTimeDuration":"00:11:16.9000000","splitPointTimeId":84548,"splitPointId":2567,"entryId":20085,"elapsedDurationMs":585700,"elapsedDuration":"PT9M45.7S","splitDateTime":"2019-08-02T06:23:45.7","splitDateTimeLocal":"2019-08-02T09:23:45.7+03:00"},{"startDateTime":"2019-08-02T06:15:00","startDateTimeLocal":"2019-08-02T09:15:00+03:00","stageTimeDurationMs":714100,"stageTimeDuration":"00:11:54.1000000","splitPointTimeId":84550,"splitPointId":2567,"entryId":20086,"elapsedDurationMs":615900,"elapsedDuration":"PT10M15.9S","splitDateTime":"2019-08-02T06:25:15.9","splitDateTimeLocal":"2019-08-02T09:25:15.9+03:00"},{"startDateTime":"2019-08-02T06:16:00","startDateTimeLocal":"2019-08-02T09:16:00+03:00","stageTimeDurationMs":694800,"stageTimeDuration":"00:11:34.8000000","splitPointTimeId":84552,"splitPointId":2567,"entryId":20087,"elapsedDurationMs":601500,"elapsedDuration":"PT10M1.5S","splitDateTime":"2019-08-02T06:26:01.5","splitDateTimeLocal":"2019-08-02T09:26:01.5+03:00"},{"startDateTime":"2019-08-02T06:17:00","startDateTimeLocal":"2019-08-02T09:17:00+03:00","stageTimeDurationMs":702900,"stageTimeDuration":"00:11:42.9000000","splitPointTimeId":84554,"splitPointId":2567,"entryId":20088,"elapsedDurationMs":608600,"elapsedDuration":"PT10M8.6S","splitDateTime":"2019-08-02T06:27:08.6","splitDateTimeLocal":"2019-08-02T09:27:08.6+03:00"},{"startDateTime":"2019-08-02T06:18:00","startDateTimeLocal":"2019-08-02T09:18:00+03:00","stageTimeDurationMs":739300,"stageTimeDuration":"00:12:19.3000000","splitPointTimeId":84559,"splitPointId":2567,"entryId":20089,"elapsedDurationMs":635900,"elapsedDuration":"PT10M35.9S","splitDateTime":"2019-08-02T06:28:35.9","splitDateTimeLocal":"2019-08-02T09:28:35.9+03:00"},{"startDateTime":"2019-08-02T06:21:00","startDateTimeLocal":"2019-08-02T09:21:00+03:00","stageTimeDurationMs":694600,"stageTimeDuration":"00:11:34.6000000","splitPointTimeId":84563,"splitPointId":2567,"entryId":20090,"elapsedDurationMs":596500,"elapsedDuration":"PT9M56.5S","splitDateTime":"2019-08-02T06:30:56.5","splitDateTimeLocal":"2019-08-02T09:30:56.5+03:00"},{"startDateTime":"2019-08-02T06:22:00","startDateTimeLocal":"2019-08-02T09:22:00+03:00","stageTimeDurationMs":691400,"stageTimeDuration":"00:11:31.4000000","splitPointTimeId":84568,"splitPointId":2567,"entryId":20091,"elapsedDurationMs":599600,"elapsedDuration":"PT9M59.6S","splitDateTime":"2019-08-02T06:31:59.6","splitDateTimeLocal":"2019-08-02T09:31:59.6+03:00"},{"startDateTime":"2019-08-02T06:23:00","startDateTimeLocal":"2019-08-02T09:23:00+03:00","stageTimeDurationMs":673500,"stageTimeDuration":"00:11:13.5000000","splitPointTimeId":84569,"splitPointId":2567,"entryId":20106,"elapsedDurationMs":582400,"elapsedDuration":"PT9M42.4S","splitDateTime":"2019-08-02T06:32:42.4","splitDateTimeLocal":"2019-08-02T09:32:42.4+03:00"},{"startDateTime":"2019-08-02T06:27:00","startDateTimeLocal":"2019-08-02T09:27:00+03:00","stageTimeDurationMs":615100,"stageTimeDuration":"00:10:15.1000000","splitPointTimeId":84579,"splitPointId":2567,"entryId":20092,"elapsedDurationMs":531700,"elapsedDuration":"PT8M51.7S","splitDateTime":"2019-08-02T06:35:51.7","splitDateTimeLocal":"2019-08-02T09:35:51.7+03:00"},{"startDateTime":"2019-08-02T06:28:00","startDateTimeLocal":"2019-08-02T09:28:00+03:00","stageTimeDurationMs":629800,"stageTimeDuration":"00:10:29.8000000","splitPointTimeId":84581,"splitPointId":2567,"entryId":20093,"elapsedDurationMs":542800,"elapsedDuration":"PT9M2.8S","splitDateTime":"2019-08-02T06:37:02.8","splitDateTimeLocal":"2019-08-02T09:37:02.8+03:00"},{"startDateTime":"2019-08-02T06:29:00","startDateTimeLocal":"2019-08-02T09:29:00+03:00","stageTimeDurationMs":635100,"stageTimeDuration":"00:10:35.1000000","splitPointTimeId":84586,"splitPointId":2567,"entryId":20096,"elapsedDurationMs":550400,"elapsedDuration":"PT9M10.4S","splitDateTime":"2019-08-02T06:38:10.4","splitDateTimeLocal":"2019-08-02T09:38:10.4+03:00"},{"startDateTime":"2019-08-02T06:30:00","startDateTimeLocal":"2019-08-02T09:30:00+03:00","stageTimeDurationMs":677800,"stageTimeDuration":"00:11:17.8000000","splitPointTimeId":84591,"splitPointId":2567,"entryId":20097,"elapsedDurationMs":586400,"elapsedDuration":"PT9M46.4S","splitDateTime":"2019-08-02T06:39:46.4","splitDateTimeLocal":"2019-08-02T09:39:46.4+03:00"},{"startDateTime":"2019-08-02T06:31:00","startDateTimeLocal":"2019-08-02T09:31:00+03:00","stageTimeDurationMs":686600,"stageTimeDuration":"00:11:26.6000000","splitPointTimeId":84593,"splitPointId":2567,"entryId":20098,"elapsedDurationMs":594500,"elapsedDuration":"PT9M54.5S","splitDateTime":"2019-08-02T06:40:54.5","splitDateTimeLocal":"2019-08-02T09:40:54.5+03:00"},{"startDateTime":"2019-08-02T06:32:00","startDateTimeLocal":"2019-08-02T09:32:00+03:00","stageTimeDurationMs":694400,"stageTimeDuration":"00:11:34.4000000","splitPointTimeId":84598,"splitPointId":2567,"entryId":20099,"elapsedDurationMs":600700,"elapsedDuration":"PT10M0.7S","splitDateTime":"2019-08-02T06:42:00.7","splitDateTimeLocal":"2019-08-02T09:42:00.7+03:00"},{"startDateTime":"2019-08-02T06:33:00","startDateTimeLocal":"2019-08-02T09:33:00+03:00","stageTimeDurationMs":695800,"stageTimeDuration":"00:11:35.8000000","splitPointTimeId":84600,"splitPointId":2567,"entryId":20100,"elapsedDurationMs":602100,"elapsedDuration":"PT10M2.1S","splitDateTime":"2019-08-02T06:43:02.1","splitDateTimeLocal":"2019-08-02T09:43:02.1+03:00"},{"startDateTime":"2019-08-02T06:37:00","startDateTimeLocal":"2019-08-02T09:37:00+03:00","stageTimeDurationMs":698800,"stageTimeDuration":"00:11:38.8000000","splitPointTimeId":84609,"splitPointId":2567,"entryId":20104,"elapsedDurationMs":602500,"elapsedDuration":"PT10M2.5S","splitDateTime":"2019-08-02T06:47:02.5","splitDateTimeLocal":"2019-08-02T09:47:02.5+03:00"},{"startDateTime":"2019-08-02T06:36:00","startDateTimeLocal":"2019-08-02T09:36:00+03:00","stageTimeDurationMs":686900,"stageTimeDuration":"00:11:26.9000000","splitPointTimeId":84610,"splitPointId":2567,"entryId":20103,"elapsedDurationMs":593200,"elapsedDuration":"PT9M53.2S","splitDateTime":"2019-08-02T06:45:53.2","splitDateTimeLocal":"2019-08-02T09:45:53.2+03:00"},{"startDateTime":"2019-08-02T06:38:00","startDateTimeLocal":"2019-08-02T09:38:00+03:00","stageTimeDurationMs":732500,"stageTimeDuration":"00:12:12.5000000","splitPointTimeId":84613,"splitPointId":2567,"entryId":20105,"elapsedDurationMs":630100,"elapsedDuration":"PT10M30.1S","splitDateTime":"2019-08-02T06:48:30.1","splitDateTimeLocal":"2019-08-02T09:48:30.1+03:00"},{"startDateTime":"2019-08-02T06:40:00","startDateTimeLocal":"2019-08-02T09:40:00+03:00","stageTimeDurationMs":701900,"stageTimeDuration":"00:11:41.9000000","splitPointTimeId":84618,"splitPointId":2567,"entryId":20107,"elapsedDurationMs":609900,"elapsedDuration":"PT10M9.9S","splitDateTime":"2019-08-02T06:50:09.9","splitDateTimeLocal":"2019-08-02T09:50:09.9+03:00"},{"startDateTime":"2019-08-02T06:34:00","startDateTimeLocal":"2019-08-02T09:34:00+03:00","stageTimeDurationMs":1098800,"stageTimeDuration":"00:18:18.8000000","splitPointTimeId":84619,"splitPointId":2567,"entryId":20101,"elapsedDurationMs":980200,"elapsedDuration":"PT16M20.2S","splitDateTime":"2019-08-02T06:50:20.2","splitDateTimeLocal":"2019-08-02T09:50:20.2+03:00"},{"startDateTime":"2019-08-02T06:42:00","startDateTimeLocal":"2019-08-02T09:42:00+03:00","stageTimeDurationMs":706100,"stageTimeDuration":"00:11:46.1000000","splitPointTimeId":84623,"splitPointId":2567,"entryId":20109,"elapsedDurationMs":610600,"elapsedDuration":"PT10M10.6S","splitDateTime":"2019-08-02T06:52:10.6","splitDateTimeLocal":"2019-08-02T09:52:10.6+03:00"},{"startDateTime":"2019-08-02T06:41:00","startDateTimeLocal":"2019-08-02T09:41:00+03:00","stageTimeDurationMs":863600,"stageTimeDuration":"00:14:23.6000000","splitPointTimeId":84628,"splitPointId":2567,"entryId":20108,"elapsedDurationMs":769200,"elapsedDuration":"PT12M49.2S","splitDateTime":"2019-08-02T06:53:49.2","splitDateTimeLocal":"2019-08-02T09:53:49.2+03:00"},{"startDateTime":"2019-08-02T06:44:00","startDateTimeLocal":"2019-08-02T09:44:00+03:00","stageTimeDurationMs":731400,"stageTimeDuration":"00:12:11.4000000","splitPointTimeId":84630,"splitPointId":2567,"entryId":20111,"elapsedDurationMs":634800,"elapsedDuration":"PT10M34.8S","splitDateTime":"2019-08-02T06:54:34.8","splitDateTimeLocal":"2019-08-02T09:54:34.8+03:00"},{"startDateTime":"2019-08-02T06:43:00","startDateTimeLocal":"2019-08-02T09:43:00+03:00","stageTimeDurationMs":864400,"stageTimeDuration":"00:14:24.4000000","splitPointTimeId":84634,"splitPointId":2567,"entryId":20110,"elapsedDurationMs":740800,"elapsedDuration":"PT12M20.8S","splitDateTime":"2019-08-02T06:55:20.8","splitDateTimeLocal":"2019-08-02T09:55:20.8+03:00"},{"startDateTime":"2019-08-02T06:45:00","startDateTimeLocal":"2019-08-02T09:45:00+03:00","stageTimeDurationMs":730600,"stageTimeDuration":"00:12:10.6000000","splitPointTimeId":84636,"splitPointId":2567,"entryId":20112,"elapsedDurationMs":628700,"elapsedDuration":"PT10M28.7S","splitDateTime":"2019-08-02T06:55:28.7","splitDateTimeLocal":"2019-08-02T09:55:28.7+03:00"},{"startDateTime":"2019-08-02T06:46:00","startDateTimeLocal":"2019-08-02T09:46:00+03:00","stageTimeDurationMs":798000,"stageTimeDuration":"00:13:18","splitPointTimeId":84641,"splitPointId":2567,"entryId":20113,"elapsedDurationMs":690000,"elapsedDuration":"PT11M30S","splitDateTime":"2019-08-02T06:57:30","splitDateTimeLocal":"2019-08-02T09:57:30+03:00"},{"startDateTime":"2019-08-02T06:47:00","startDateTimeLocal":"2019-08-02T09:47:00+03:00","stageTimeDurationMs":856200,"stageTimeDuration":"00:14:16.2000000","splitPointTimeId":84645,"splitPointId":2567,"entryId":20114,"elapsedDurationMs":741600,"elapsedDuration":"PT12M21.6S","splitDateTime":"2019-08-02T06:59:21.6","splitDateTimeLocal":"2019-08-02T09:59:21.6+03:00"},{"startDateTime":"2019-08-02T06:48:00","startDateTimeLocal":"2019-08-02T09:48:00+03:00","stageTimeDurationMs":852200,"stageTimeDuration":"00:14:12.2000000","splitPointTimeId":84646,"splitPointId":2567,"entryId":20115,"elapsedDurationMs":732200,"elapsedDuration":"PT12M12.2S","splitDateTime":"2019-08-02T07:00:12.2","splitDateTimeLocal":"2019-08-02T10:00:12.2+03:00"},{"startDateTime":"2019-08-02T06:49:00","startDateTimeLocal":"2019-08-02T09:49:00+03:00","stageTimeDurationMs":871100,"stageTimeDuration":"00:14:31.1000000","splitPointTimeId":84650,"splitPointId":2567,"entryId":20116,"elapsedDurationMs":746400,"elapsedDuration":"PT12M26.4S","splitDateTime":"2019-08-02T07:01:26.4","splitDateTimeLocal":"2019-08-02T10:01:26.4+03:00"}]