{"splitPoints":[{"splitPointId":1893,"stageId":911,"number":1,"distance":4.5},{"splitPointId":1896,"stageId":911,"number":2,"distance":10.54},{"splitPointId":1897,"stageId":911,"number":4,"distance":19.2},{"splitPointId":1899,"stageId":911,"number":3,"distance":14.97}],"controls":[{"controlId":3766,"eventId":79,"stageId":911,"type":"TimeControl","code":"TC8D","location":"Parc Fermé Torsby OUT/Service IN","timingPrecision":"Minute","distance":null,"targetDuration":null,"targetDurationMs":null,"firstCarDueDateTime":"2019-02-16T05:00:00","firstCarDueDateTimeLocal":"2019-02-16T06:00:00+01:00","status":"Completed","controlPenalties":"All","roundingPolicy":"NoRounding","locked":false},{"controlId":3786,"eventId":79,"stageId":911,"type":"FlyingFinish","code":"SF9","location":"Rämmen 1","timingPrecision":"Tenth","distance":null,"targetDuration":null,"targetDurationMs":null,"firstCarDueDateTime":null,"firstCarDueDateTimeLocal":null,"status":"Completed","controlPenalties":"None","roundingPolicy":"NoRounding","locked":false},{"controlId":3817,"eventId":79,"stageId":911,"type":"TimeControl","code":"TC9","location":"Rämmen","timingPrecision":"Minute","distance":76.03,"targetDuration":"01:26:00","targetDurationMs":5160000,"firstCarDueDateTime":"2019-02-16T06:41:00","firstCarDueDateTimeLocal":"2019-02-16T07:41:00+01:00","status":"Completed","controlPenalties":"All","roundingPolicy":"NoRounding","locked":false},{"controlId":3828,"eventId":79,"stageId":911,"type":"StageStart","code":"SS9","location":"Rämmen 1","timingPrecision":"Minute","distance":23.13,"targetDuration":"00:03:00","targetDurationMs":180000,"firstCarDueDateTime":"2019-02-16T06:44:00","firstCarDueDateTimeLocal":"2019-02-16T07:44:00+01:00","status":"Completed","controlPenalties":"None","roundingPolicy":"RoundToClosestMinute","locked":false}],"stageId":911,"eventId":79,"number":9,"name":"Rämmen 1","distance":23.13,"status":"Completed","stageType":"SpecialStage","timingPrecision":"Tenth","locked":false,"code":"SS9"}