[{"stageTimeId":55483,"stageId":915,"entryId":3531,"elapsedDurationMs":315120,"elapsedDuration":"00:05:15.1200000","status":"Completed","source":"Default","position":1,"diffFirstMs":0,"diffFirst":"00:00:00","diffPrevMs":0,"diffPrev":"00:00:00"},{"stageTimeId":55530,"stageId":915,"entryId":3533,"elapsedDurationMs":318682,"elapsedDuration":"00:05:18.6820000","status":"Completed","source":"Default","position":2,"diffFirstMs":3562,"diffFirst":"00:00:03.5620000","diffPrevMs":3562,"diffPrev":"00:00:03.5620000"},{"stageTimeId":55533,"stageId":915,"entryId":3535,"elapsedDurationMs":319561,"elapsedDuration":"00:05:19.5610000","status":"Completed","source":"Default","position":3,"diffFirstMs":4441,"diffFirst":"00:00:04.4410000","diffPrevMs":879,"diffPrev":"00:00:00.8790000"},{"stageTimeId":55518,"stageId":915,"entryId":3526,"elapsedDurationMs":319757,"elapsedDuration":"00:05:19.7570000","status":"Completed","source":"Default","position":4,"diffFirstMs":4637,"diffFirst":"00:00:04.6370000","diffPrevMs":196,"diffPrev":"00:00:00.1960000"},{"stageTimeId":55508,"stageId":915,"entryId":3528,"elapsedDurationMs":320078,"elapsedDuration":"00:05:20.0780000","status":"Completed","source":"Default","position":5,"diffFirstMs":4958,"diffFirst":"00:00:04.9580000","diffPrevMs":321,"diffPrev":"00:00:00.3210000"},{"stageTimeId":55544,"stageId":915,"entryId":3529,"elapsedDurationMs":320310,"elapsedDuration":"00:05:20.3100000","status":"Completed","source":"Default","position":6,"diffFirstMs":5190,"diffFirst":"00:00:05.1900000","diffPrevMs":232,"diffPrev":"00:00:00.2320000"},{"stageTimeId":55515,"stageId":915,"entryId":3532,"elapsedDurationMs":320864,"elapsedDuration":"00:05:20.8640000","status":"Completed","source":"Default","position":7,"diffFirstMs":5744,"diffFirst":"00:00:05.7440000","diffPrevMs":554,"diffPrev":"00:00:00.5540000"},{"stageTimeId":55539,"stageId":915,"entryId":3534,"elapsedDurationMs":322021,"elapsedDuration":"00:05:22.0210000","status":"Completed","source":"Default","position":8,"diffFirstMs":6901,"diffFirst":"00:00:06.9010000","diffPrevMs":1157,"diffPrev":"00:00:01.1570000"},{"stageTimeId":55487,"stageId":915,"entryId":3538,"elapsedDurationMs":323182,"elapsedDuration":"00:05:23.1820000","status":"Completed","source":"Default","position":9,"diffFirstMs":8062,"diffFirst":"00:00:08.0620000","diffPrevMs":1161,"diffPrev":"00:00:01.1610000"},{"stageTimeId":55542,"stageId":915,"entryId":3527,"elapsedDurationMs":323368,"elapsedDuration":"00:05:23.3680000","status":"Completed","source":"Default","position":10,"diffFirstMs":8248,"diffFirst":"00:00:08.2480000","diffPrevMs":186,"diffPrev":"00:00:00.1860000"},{"stageTimeId":55526,"stageId":915,"entryId":3530,"elapsedDurationMs":328093,"elapsedDuration":"00:05:28.0930000","status":"Completed","source":"Default","position":11,"diffFirstMs":12973,"diffFirst":"00:00:12.9730000","diffPrevMs":4725,"diffPrev":"00:00:04.7250000"},{"stageTimeId":55521,"stageId":915,"entryId":3537,"elapsedDurationMs":332645,"elapsedDuration":"00:05:32.6450000","status":"Completed","source":"Default","position":12,"diffFirstMs":17525,"diffFirst":"00:00:17.5250000","diffPrevMs":4552,"diffPrev":"00:00:04.5520000"},{"stageTimeId":55491,"stageId":915,"entryId":3551,"elapsedDurationMs":334288,"elapsedDuration":"00:05:34.2880000","status":"Completed","source":"Assessed","position":13,"diffFirstMs":19168,"diffFirst":"00:00:19.1680000","diffPrevMs":1643,"diffPrev":"00:00:01.6430000"},{"stageTimeId":55480,"stageId":915,"entryId":3540,"elapsedDurationMs":335132,"elapsedDuration":"00:05:35.1320000","status":"Completed","source":"Default","position":14,"diffFirstMs":20012,"diffFirst":"00:00:20.0120000","diffPrevMs":844,"diffPrev":"00:00:00.8440000"},{"stageTimeId":55597,"stageId":915,"entryId":3562,"elapsedDurationMs":335542,"elapsedDuration":"00:05:35.5420000","status":"Completed","source":"Default","position":15,"diffFirstMs":20422,"diffFirst":"00:00:20.4220000","diffPrevMs":410,"diffPrev":"00:00:00.4100000"},{"stageTimeId":55509,"stageId":915,"entryId":3539,"elapsedDurationMs":336015,"elapsedDuration":"00:05:36.0150000","status":"Completed","source":"Default","position":16,"diffFirstMs":20895,"diffFirst":"00:00:20.8950000","diffPrevMs":473,"diffPrev":"00:00:00.4730000"},{"stageTimeId":55512,"stageId":915,"entryId":3536,"elapsedDurationMs":336034,"elapsedDuration":"00:05:36.0340000","status":"Completed","source":"Default","position":17,"diffFirstMs":20914,"diffFirst":"00:00:20.9140000","diffPrevMs":19,"diffPrev":"00:00:00.0190000"},{"stageTimeId":55474,"stageId":915,"entryId":3543,"elapsedDurationMs":337943,"elapsedDuration":"00:05:37.9430000","status":"Completed","source":"Default","position":18,"diffFirstMs":22823,"diffFirst":"00:00:22.8230000","diffPrevMs":1909,"diffPrev":"00:00:01.9090000"},{"stageTimeId":55494,"stageId":915,"entryId":3549,"elapsedDurationMs":338900,"elapsedDuration":"00:05:38.9000000","status":"Completed","source":"Assessed","position":19,"diffFirstMs":23780,"diffFirst":"00:00:23.7800000","diffPrevMs":957,"diffPrev":"00:00:00.9570000"},{"stageTimeId":55497,"stageId":915,"entryId":3552,"elapsedDurationMs":339896,"elapsedDuration":"00:05:39.8960000","status":"Completed","source":"Assessed","position":20,"diffFirstMs":24776,"diffFirst":"00:00:24.7760000","diffPrevMs":996,"diffPrev":"00:00:00.9960000"},{"stageTimeId":55477,"stageId":915,"entryId":3541,"elapsedDurationMs":340241,"elapsedDuration":"00:05:40.2410000","status":"Completed","source":"Default","position":21,"diffFirstMs":25121,"diffFirst":"00:00:25.1210000","diffPrevMs":345,"diffPrev":"00:00:00.3450000"},{"stageTimeId":55600,"stageId":915,"entryId":3547,"elapsedDurationMs":341201,"elapsedDuration":"00:05:41.2010000","status":"Completed","source":"Assessed","position":22,"diffFirstMs":26081,"diffFirst":"00:00:26.0810000","diffPrevMs":960,"diffPrev":"00:00:00.9600000"},{"stageTimeId":55546,"stageId":915,"entryId":3548,"elapsedDurationMs":346600,"elapsedDuration":"00:05:46.6000000","status":"Completed","source":"Assessed","position":23,"diffFirstMs":31480,"diffFirst":"00:00:31.4800000","diffPrevMs":5399,"diffPrev":"00:00:05.3990000"},{"stageTimeId":55503,"stageId":915,"entryId":3546,"elapsedDurationMs":346626,"elapsedDuration":"00:05:46.6260000","status":"Completed","source":"Assessed","position":24,"diffFirstMs":31506,"diffFirst":"00:00:31.5060000","diffPrevMs":26,"diffPrev":"00:00:00.0260000"},{"stageTimeId":55505,"stageId":915,"entryId":3544,"elapsedDurationMs":348651,"elapsedDuration":"00:05:48.6510000","status":"Completed","source":"Default","position":25,"diffFirstMs":33531,"diffFirst":"00:00:33.5310000","diffPrevMs":2025,"diffPrev":"00:00:02.0250000"},{"stageTimeId":55552,"stageId":915,"entryId":3576,"elapsedDurationMs":349367,"elapsedDuration":"00:05:49.3670000","status":"Completed","source":"Default","position":26,"diffFirstMs":34247,"diffFirst":"00:00:34.2470000","diffPrevMs":716,"diffPrev":"00:00:00.7160000"},{"stageTimeId":55602,"stageId":915,"entryId":3559,"elapsedDurationMs":351258,"elapsedDuration":"00:05:51.2580000","status":"Completed","source":"Default","position":27,"diffFirstMs":36138,"diffFirst":"00:00:36.1380000","diffPrevMs":1891,"diffPrev":"00:00:01.8910000"},{"stageTimeId":55591,"stageId":915,"entryId":3554,"elapsedDurationMs":351656,"elapsedDuration":"00:05:51.6560000","status":"Completed","source":"Default","position":28,"diffFirstMs":36536,"diffFirst":"00:00:36.5360000","diffPrevMs":398,"diffPrev":"00:00:00.3980000"},{"stageTimeId":55470,"stageId":915,"entryId":3556,"elapsedDurationMs":351983,"elapsedDuration":"00:05:51.9830000","status":"Completed","source":"Default","position":29,"diffFirstMs":36863,"diffFirst":"00:00:36.8630000","diffPrevMs":327,"diffPrev":"00:00:00.3270000"},{"stageTimeId":55617,"stageId":915,"entryId":3578,"elapsedDurationMs":353111,"elapsedDuration":"00:05:53.1110000","status":"Completed","source":"Default","position":30,"diffFirstMs":37991,"diffFirst":"00:00:37.9910000","diffPrevMs":1128,"diffPrev":"00:00:01.1280000"},{"stageTimeId":55587,"stageId":915,"entryId":3555,"elapsedDurationMs":354664,"elapsedDuration":"00:05:54.6640000","status":"Completed","source":"Default","position":31,"diffFirstMs":39544,"diffFirst":"00:00:39.5440000","diffPrevMs":1553,"diffPrev":"00:00:01.5530000"},{"stageTimeId":55446,"stageId":915,"entryId":3557,"elapsedDurationMs":358858,"elapsedDuration":"00:05:58.8580000","status":"Completed","source":"Default","position":32,"diffFirstMs":43738,"diffFirst":"00:00:43.7380000","diffPrevMs":4194,"diffPrev":"00:00:04.1940000"},{"stageTimeId":55558,"stageId":915,"entryId":3563,"elapsedDurationMs":361572,"elapsedDuration":"00:06:01.5720000","status":"Completed","source":"Default","position":33,"diffFirstMs":46452,"diffFirst":"00:00:46.4520000","diffPrevMs":2714,"diffPrev":"00:00:02.7140000"},{"stageTimeId":55549,"stageId":915,"entryId":3564,"elapsedDurationMs":362122,"elapsedDuration":"00:06:02.1220000","status":"Completed","source":"Default","position":34,"diffFirstMs":47002,"diffFirst":"00:00:47.0020000","diffPrevMs":550,"diffPrev":"00:00:00.5500000"},{"stageTimeId":55611,"stageId":915,"entryId":3560,"elapsedDurationMs":365941,"elapsedDuration":"00:06:05.9410000","status":"Completed","source":"Default","position":35,"diffFirstMs":50821,"diffFirst":"00:00:50.8210000","diffPrevMs":3819,"diffPrev":"00:00:03.8190000"},{"stageTimeId":55565,"stageId":915,"entryId":3565,"elapsedDurationMs":368073,"elapsedDuration":"00:06:08.0730000","status":"Completed","source":"Default","position":36,"diffFirstMs":52953,"diffFirst":"00:00:52.9530000","diffPrevMs":2132,"diffPrev":"00:00:02.1320000"},{"stageTimeId":55620,"stageId":915,"entryId":3581,"elapsedDurationMs":368193,"elapsedDuration":"00:06:08.1930000","status":"Completed","source":"Default","position":37,"diffFirstMs":53073,"diffFirst":"00:00:53.0730000","diffPrevMs":120,"diffPrev":"00:00:00.1200000"},{"stageTimeId":55569,"stageId":915,"entryId":3586,"elapsedDurationMs":369418,"elapsedDuration":"00:06:09.4180000","status":"Completed","source":"Default","position":38,"diffFirstMs":54298,"diffFirst":"00:00:54.2980000","diffPrevMs":1225,"diffPrev":"00:00:01.2250000"},{"stageTimeId":55614,"stageId":915,"entryId":3561,"elapsedDurationMs":370190,"elapsedDuration":"00:06:10.1900000","status":"Completed","source":"Default","position":39,"diffFirstMs":55070,"diffFirst":"00:00:55.0700000","diffPrevMs":772,"diffPrev":"00:00:00.7720000"},{"stageTimeId":55608,"stageId":915,"entryId":3584,"elapsedDurationMs":370885,"elapsedDuration":"00:06:10.8850000","status":"Completed","source":"Default","position":40,"diffFirstMs":55765,"diffFirst":"00:00:55.7650000","diffPrevMs":695,"diffPrev":"00:00:00.6950000"},{"stageTimeId":55561,"stageId":915,"entryId":3558,"elapsedDurationMs":371792,"elapsedDuration":"00:06:11.7920000","status":"Completed","source":"Default","position":41,"diffFirstMs":56672,"diffFirst":"00:00:56.6720000","diffPrevMs":907,"diffPrev":"00:00:00.9070000"},{"stageTimeId":55461,"stageId":915,"entryId":3580,"elapsedDurationMs":371837,"elapsedDuration":"00:06:11.8370000","status":"Completed","source":"Default","position":42,"diffFirstMs":56717,"diffFirst":"00:00:56.7170000","diffPrevMs":45,"diffPrev":"00:00:00.0450000"},{"stageTimeId":55448,"stageId":915,"entryId":3571,"elapsedDurationMs":372706,"elapsedDuration":"00:06:12.7060000","status":"Completed","source":"Default","position":43,"diffFirstMs":57586,"diffFirst":"00:00:57.5860000","diffPrevMs":869,"diffPrev":"00:00:00.8690000"},{"stageTimeId":55583,"stageId":915,"entryId":3567,"elapsedDurationMs":380941,"elapsedDuration":"00:06:20.9410000","status":"Completed","source":"Default","position":44,"diffFirstMs":65821,"diffFirst":"00:01:05.8210000","diffPrevMs":8235,"diffPrev":"00:00:08.2350000"},{"stageTimeId":55555,"stageId":915,"entryId":3568,"elapsedDurationMs":381108,"elapsedDuration":"00:06:21.1080000","status":"Completed","source":"Default","position":45,"diffFirstMs":65988,"diffFirst":"00:01:05.9880000","diffPrevMs":167,"diffPrev":"00:00:00.1670000"},{"stageTimeId":55575,"stageId":915,"entryId":3575,"elapsedDurationMs":384905,"elapsedDuration":"00:06:24.9050000","status":"Completed","source":"Default","position":46,"diffFirstMs":69785,"diffFirst":"00:01:09.7850000","diffPrevMs":3797,"diffPrev":"00:00:03.7970000"},{"stageTimeId":55605,"stageId":915,"entryId":3566,"elapsedDurationMs":386498,"elapsedDuration":"00:06:26.4980000","status":"Completed","source":"Default","position":47,"diffFirstMs":71378,"diffFirst":"00:01:11.3780000","diffPrevMs":1593,"diffPrev":"00:00:01.5930000"},{"stageTimeId":55578,"stageId":915,"entryId":3569,"elapsedDurationMs":393880,"elapsedDuration":"00:06:33.8800000","status":"Completed","source":"Default","position":48,"diffFirstMs":78760,"diffFirst":"00:01:18.7600000","diffPrevMs":7382,"diffPrev":"00:00:07.3820000"},{"stageTimeId":55465,"stageId":915,"entryId":3582,"elapsedDurationMs":396074,"elapsedDuration":"00:06:36.0740000","status":"Completed","source":"Default","position":49,"diffFirstMs":80954,"diffFirst":"00:01:20.9540000","diffPrevMs":2194,"diffPrev":"00:00:02.1940000"},{"stageTimeId":55581,"stageId":915,"entryId":3570,"elapsedDurationMs":397342,"elapsedDuration":"00:06:37.3420000","status":"Completed","source":"Default","position":50,"diffFirstMs":82222,"diffFirst":"00:01:22.2220000","diffPrevMs":1268,"diffPrev":"00:00:01.2680000"},{"stageTimeId":55449,"stageId":915,"entryId":3574,"elapsedDurationMs":403206,"elapsedDuration":"00:06:43.2060000","status":"Completed","source":"Default","position":51,"diffFirstMs":88086,"diffFirst":"00:01:28.0860000","diffPrevMs":5864,"diffPrev":"00:00:05.8640000"},{"stageTimeId":55455,"stageId":915,"entryId":3572,"elapsedDurationMs":411820,"elapsedDuration":"00:06:51.8200000","status":"Completed","source":"Default","position":52,"diffFirstMs":96700,"diffFirst":"00:01:36.7000000","diffPrevMs":8614,"diffPrev":"00:00:08.6140000"},{"stageTimeId":55460,"stageId":915,"entryId":3587,"elapsedDurationMs":414094,"elapsedDuration":"00:06:54.0940000","status":"Completed","source":"Default","position":53,"diffFirstMs":98974,"diffFirst":"00:01:38.9740000","diffPrevMs":2274,"diffPrev":"00:00:02.2740000"},{"stageTimeId":55469,"stageId":915,"entryId":3583,"elapsedDurationMs":469405,"elapsedDuration":"00:07:49.4050000","status":"Completed","source":"Default","position":54,"diffFirstMs":154285,"diffFirst":"00:02:34.2850000","diffPrevMs":55311,"diffPrev":"00:00:55.3110000"},{"stageTimeId":55453,"stageId":915,"entryId":3573,"elapsedDurationMs":540820,"elapsedDuration":"00:09:00.8200000","status":"Completed","source":"Default","position":55,"diffFirstMs":225700,"diffFirst":"00:03:45.7000000","diffPrevMs":71415,"diffPrev":"00:01:11.4150000"},{"stageTimeId":55471,"stageId":915,"entryId":3542,"elapsedDurationMs":null,"elapsedDuration":null,"status":"DNF","source":"Default","position":null,"diffFirstMs":null,"diffFirst":null,"diffPrevMs":null,"diffPrev":null},{"stageTimeId":55500,"stageId":915,"entryId":3550,"elapsedDurationMs":null,"elapsedDuration":null,"status":"DNS","source":"Default","position":null,"diffFirstMs":null,"diffFirst":null,"diffPrevMs":null,"diffPrev":null},{"stageTimeId":55572,"stageId":915,"entryId":3585,"elapsedDurationMs":null,"elapsedDuration":null,"status":"DNS","source":"Default","position":null,"diffFirstMs":null,"diffFirst":null,"diffPrevMs":null,"diffPrev":null},{"stageTimeId":55594,"stageId":915,"entryId":3545,"elapsedDurationMs":null,"elapsedDuration":null,"status":"DNF","source":"Default","position":null,"diffFirstMs":null,"diffFirst":null,"diffPrevMs":null,"diffPrev":null}]