[{"stageTimeId":66737,"stageId":1068,"entryId":19544,"elapsedDurationMs":559100,"elapsedDuration":"00:09:19.1000000","status":"Completed","source":"Default","position":1,"diffFirstMs":0,"diffFirst":"00:00:00","diffPrevMs":0,"diffPrev":"00:00:00"},{"stageTimeId":66721,"stageId":1068,"entryId":19546,"elapsedDurationMs":560100,"elapsedDuration":"00:09:20.1000000","status":"Completed","source":"Default","position":2,"diffFirstMs":1000,"diffFirst":"00:00:01","diffPrevMs":1000,"diffPrev":"00:00:01"},{"stageTimeId":66702,"stageId":1068,"entryId":19550,"elapsedDurationMs":561100,"elapsedDuration":"00:09:21.1000000","status":"Completed","source":"Default","position":3,"diffFirstMs":2000,"diffFirst":"00:00:02","diffPrevMs":1000,"diffPrev":"00:00:01"},{"stageTimeId":66686,"stageId":1068,"entryId":19545,"elapsedDurationMs":562200,"elapsedDuration":"00:09:22.2000000","status":"Completed","source":"Default","position":4,"diffFirstMs":3100,"diffFirst":"00:00:03.1000000","diffPrevMs":1100,"diffPrev":"00:00:01.1000000"},{"stageTimeId":66713,"stageId":1068,"entryId":19543,"elapsedDurationMs":563600,"elapsedDuration":"00:09:23.6000000","status":"Completed","source":"Default","position":5,"diffFirstMs":4500,"diffFirst":"00:00:04.5000000","diffPrevMs":1400,"diffPrev":"00:00:01.4000000"},{"stageTimeId":66679,"stageId":1068,"entryId":19547,"elapsedDurationMs":563800,"elapsedDuration":"00:09:23.8000000","status":"Completed","source":"Default","position":6,"diffFirstMs":4700,"diffFirst":"00:00:04.7000000","diffPrevMs":200,"diffPrev":"00:00:00.2000000"},{"stageTimeId":66744,"stageId":1068,"entryId":19549,"elapsedDurationMs":567200,"elapsedDuration":"00:09:27.2000000","status":"Completed","source":"Default","position":7,"diffFirstMs":8100,"diffFirst":"00:00:08.1000000","diffPrevMs":3400,"diffPrev":"00:00:03.4000000"},{"stageTimeId":66722,"stageId":1068,"entryId":19541,"elapsedDurationMs":567300,"elapsedDuration":"00:09:27.3000000","status":"Completed","source":"Default","position":8,"diffFirstMs":8200,"diffFirst":"00:00:08.2000000","diffPrevMs":100,"diffPrev":"00:00:00.1000000"},{"stageTimeId":66728,"stageId":1068,"entryId":19548,"elapsedDurationMs":572100,"elapsedDuration":"00:09:32.1000000","status":"Completed","source":"Default","position":9,"diffFirstMs":13000,"diffFirst":"00:00:13","diffPrevMs":4800,"diffPrev":"00:00:04.8000000"},{"stageTimeId":66709,"stageId":1068,"entryId":19542,"elapsedDurationMs":573400,"elapsedDuration":"00:09:33.4000000","status":"Completed","source":"Default","position":10,"diffFirstMs":14300,"diffFirst":"00:00:14.3000000","diffPrevMs":1300,"diffPrev":"00:00:01.3000000"},{"stageTimeId":66800,"stageId":1068,"entryId":19552,"elapsedDurationMs":597900,"elapsedDuration":"00:09:57.9000000","status":"Completed","source":"Default","position":11,"diffFirstMs":38800,"diffFirst":"00:00:38.8000000","diffPrevMs":24500,"diffPrev":"00:00:24.5000000"},{"stageTimeId":66792,"stageId":1068,"entryId":19553,"elapsedDurationMs":608100,"elapsedDuration":"00:10:08.1000000","status":"Completed","source":"Default","position":12,"diffFirstMs":49000,"diffFirst":"00:00:49","diffPrevMs":10200,"diffPrev":"00:00:10.2000000"},{"stageTimeId":66712,"stageId":1068,"entryId":19551,"elapsedDurationMs":612300,"elapsedDuration":"00:10:12.3000000","status":"Completed","source":"Default","position":13,"diffFirstMs":53200,"diffFirst":"00:00:53.2000000","diffPrevMs":4200,"diffPrev":"00:00:04.2000000"},{"stageTimeId":66809,"stageId":1068,"entryId":19556,"elapsedDurationMs":619800,"elapsedDuration":"00:10:19.8000000","status":"Completed","source":"Default","position":14,"diffFirstMs":60700,"diffFirst":"00:01:00.7000000","diffPrevMs":7500,"diffPrev":"00:00:07.5000000"},{"stageTimeId":66757,"stageId":1068,"entryId":19558,"elapsedDurationMs":628500,"elapsedDuration":"00:10:28.5000000","status":"Completed","source":"Default","position":15,"diffFirstMs":69400,"diffFirst":"00:01:09.4000000","diffPrevMs":8700,"diffPrev":"00:00:08.7000000"},{"stageTimeId":66816,"stageId":1068,"entryId":19555,"elapsedDurationMs":629800,"elapsedDuration":"00:10:29.8000000","status":"Completed","source":"Default","position":16,"diffFirstMs":70700,"diffFirst":"00:01:10.7000000","diffPrevMs":1300,"diffPrev":"00:00:01.3000000"},{"stageTimeId":66764,"stageId":1068,"entryId":19557,"elapsedDurationMs":633000,"elapsedDuration":"00:10:33","status":"Completed","source":"Default","position":17,"diffFirstMs":73900,"diffFirst":"00:01:13.9000000","diffPrevMs":3200,"diffPrev":"00:00:03.2000000"},{"stageTimeId":66780,"stageId":1068,"entryId":19561,"elapsedDurationMs":634400,"elapsedDuration":"00:10:34.4000000","status":"Completed","source":"Default","position":18,"diffFirstMs":75300,"diffFirst":"00:01:15.3000000","diffPrevMs":1400,"diffPrev":"00:00:01.4000000"},{"stageTimeId":66767,"stageId":1068,"entryId":19559,"elapsedDurationMs":682700,"elapsedDuration":"00:11:22.7000000","status":"Completed","source":"Default","position":19,"diffFirstMs":123600,"diffFirst":"00:02:03.6000000","diffPrevMs":48300,"diffPrev":"00:00:48.3000000"},{"stageTimeId":66807,"stageId":1068,"entryId":19554,"elapsedDurationMs":704900,"elapsedDuration":"00:11:44.9000000","status":"Completed","source":"Default","position":20,"diffFirstMs":145800,"diffFirst":"00:02:25.8000000","diffPrevMs":22200,"diffPrev":"00:00:22.2000000"},{"stageTimeId":66664,"stageId":1068,"entryId":19567,"elapsedDurationMs":856200,"elapsedDuration":"00:14:16.2000000","status":"Completed","source":"Default","position":21,"diffFirstMs":297100,"diffFirst":"00:04:57.1000000","diffPrevMs":151300,"diffPrev":"00:02:31.3000000"},{"stageTimeId":66655,"stageId":1068,"entryId":19564,"elapsedDurationMs":921100,"elapsedDuration":"00:15:21.1000000","status":"Completed","source":"Default","position":22,"diffFirstMs":362000,"diffFirst":"00:06:02","diffPrevMs":64900,"diffPrev":"00:01:04.9000000"},{"stageTimeId":66656,"stageId":1068,"entryId":19565,"elapsedDurationMs":940200,"elapsedDuration":"00:15:40.2000000","status":"Completed","source":"Default","position":23,"diffFirstMs":381100,"diffFirst":"00:06:21.1000000","diffPrevMs":19100,"diffPrev":"00:00:19.1000000"},{"stageTimeId":66773,"stageId":1068,"entryId":19562,"elapsedDurationMs":967400,"elapsedDuration":"00:16:07.4000000","status":"Completed","source":"Default","position":24,"diffFirstMs":408300,"diffFirst":"00:06:48.3000000","diffPrevMs":27200,"diffPrev":"00:00:27.2000000"},{"stageTimeId":66660,"stageId":1068,"entryId":19566,"elapsedDurationMs":1003600,"elapsedDuration":"00:16:43.6000000","status":"Completed","source":"Default","position":25,"diffFirstMs":444500,"diffFirst":"00:07:24.5000000","diffPrevMs":36200,"diffPrev":"00:00:36.2000000"}]