{"splitPoints":[{"splitPointId":2750,"stageId":1329,"number":1,"distance":3.48},{"splitPointId":2751,"stageId":1329,"number":2,"distance":9.18}],"controls":[{"controlId":5608,"eventId":87,"stageId":1329,"type":"StageStart","code":"SS9","location":"Römerstrasse 1","timingPrecision":"Minute","distance":12.28,"targetDuration":"00:03:00","targetDurationMs":180000,"firstCarDueDateTime":"2019-08-24T07:15:00","firstCarDueDateTimeLocal":"2019-08-24T09:15:00+02:00","status":"Completed","controlPenalties":"None","roundingPolicy":"RoundToClosestMinute","locked":true},{"controlId":5609,"eventId":87,"stageId":1329,"type":"TimeControl","code":"TC9","location":"Ottweiler","timingPrecision":"Minute","distance":33.32,"targetDuration":"01:00:00","targetDurationMs":3600000,"firstCarDueDateTime":"2019-08-24T07:12:00","firstCarDueDateTimeLocal":"2019-08-24T09:12:00+02:00","status":"Completed","controlPenalties":"All","roundingPolicy":"NoRounding","locked":true},{"controlId":5615,"eventId":87,"stageId":1329,"type":"FlyingFinish","code":"SF9","location":"Römerstrasse 1","timingPrecision":"Tenth","distance":null,"targetDuration":null,"targetDurationMs":null,"firstCarDueDateTime":null,"firstCarDueDateTimeLocal":null,"status":"Completed","controlPenalties":"None","roundingPolicy":"NoRounding","locked":true}],"stageId":1329,"eventId":87,"number":9,"name":"Römerstrasse 1","distance":12.28,"status":"Completed","stageType":"SpecialStage","timingPrecision":"Tenth","locked":true,"code":"SS9"}