{"splitPoints":[{"splitPointId":1971,"stageId":947,"number":1,"distance":1.16}],"controls":[{"controlId":3960,"eventId":80,"stageId":947,"type":"FlyingFinish","code":"SF9","location":"V-Power Shell Stage  2","timingPrecision":"Tenth","distance":null,"targetDuration":null,"targetDurationMs":null,"firstCarDueDateTime":null,"firstCarDueDateTimeLocal":null,"status":"Completed","controlPenalties":"None","roundingPolicy":"NoRounding","locked":false},{"controlId":3961,"eventId":80,"stageId":947,"type":"StageStart","code":"SS9","location":"V-Power Shell Stage  2","timingPrecision":"Minute","distance":2.33,"targetDuration":"00:05:00","targetDurationMs":300000,"firstCarDueDateTime":"2019-03-09T01:03:00","firstCarDueDateTimeLocal":"2019-03-08T19:03:00-06:00","status":"Completed","controlPenalties":"None","roundingPolicy":"RoundToClosestMinute","locked":false}],"stageId":947,"eventId":80,"number":9,"name":"V-Power Shell Stage  2","distance":2.33,"status":"Completed","stageType":"HeadToHeadSuperSpecialStage","timingPrecision":"Tenth","locked":false,"code":"SS9"}