[{"stageTimeId":56344,"stageId":932,"entryId":19180,"elapsedDurationMs":569000,"elapsedDuration":"00:09:29","status":"Completed","source":"Default","position":1,"diffFirstMs":0,"diffFirst":"00:00:00","diffPrevMs":0,"diffPrev":"00:00:00"},{"stageTimeId":56413,"stageId":932,"entryId":19184,"elapsedDurationMs":569500,"elapsedDuration":"00:09:29.5000000","status":"Completed","source":"Default","position":2,"diffFirstMs":500,"diffFirst":"00:00:00.5000000","diffPrevMs":500,"diffPrev":"00:00:00.5000000"},{"stageTimeId":56320,"stageId":932,"entryId":19186,"elapsedDurationMs":570700,"elapsedDuration":"00:09:30.7000000","status":"Completed","source":"Default","position":3,"diffFirstMs":1700,"diffFirst":"00:00:01.7000000","diffPrevMs":1200,"diffPrev":"00:00:01.2000000"},{"stageTimeId":56300,"stageId":932,"entryId":19188,"elapsedDurationMs":570800,"elapsedDuration":"00:09:30.8000000","status":"Completed","source":"Default","position":4,"diffFirstMs":1800,"diffFirst":"00:00:01.8000000","diffPrevMs":100,"diffPrev":"00:00:00.1000000"},{"stageTimeId":56292,"stageId":932,"entryId":19189,"elapsedDurationMs":571200,"elapsedDuration":"00:09:31.2000000","status":"Completed","source":"Default","position":5,"diffFirstMs":2200,"diffFirst":"00:00:02.2000000","diffPrevMs":400,"diffPrev":"00:00:00.4000000"},{"stageTimeId":56326,"stageId":932,"entryId":19182,"elapsedDurationMs":572100,"elapsedDuration":"00:09:32.1000000","status":"Completed","source":"Default","position":6,"diffFirstMs":3100,"diffFirst":"00:00:03.1000000","diffPrevMs":900,"diffPrev":"00:00:00.9000000"},{"stageTimeId":56352,"stageId":932,"entryId":19183,"elapsedDurationMs":572300,"elapsedDuration":"00:09:32.3000000","status":"Completed","source":"Default","position":7,"diffFirstMs":3300,"diffFirst":"00:00:03.3000000","diffPrevMs":200,"diffPrev":"00:00:00.2000000"},{"stageTimeId":56331,"stageId":932,"entryId":19187,"elapsedDurationMs":575400,"elapsedDuration":"00:09:35.4000000","status":"Completed","source":"Default","position":8,"diffFirstMs":6400,"diffFirst":"00:00:06.4000000","diffPrevMs":3100,"diffPrev":"00:00:03.1000000"},{"stageTimeId":56339,"stageId":932,"entryId":19185,"elapsedDurationMs":576100,"elapsedDuration":"00:09:36.1000000","status":"Completed","source":"Default","position":9,"diffFirstMs":7100,"diffFirst":"00:00:07.1000000","diffPrevMs":700,"diffPrev":"00:00:00.7000000"},{"stageTimeId":56426,"stageId":932,"entryId":19191,"elapsedDurationMs":616100,"elapsedDuration":"00:10:16.1000000","status":"Completed","source":"Default","position":10,"diffFirstMs":47100,"diffFirst":"00:00:47.1000000","diffPrevMs":40000,"diffPrev":"00:00:40"},{"stageTimeId":56418,"stageId":932,"entryId":19192,"elapsedDurationMs":619600,"elapsedDuration":"00:10:19.6000000","status":"Completed","source":"Default","position":11,"diffFirstMs":50600,"diffFirst":"00:00:50.6000000","diffPrevMs":3500,"diffPrev":"00:00:03.5000000"},{"stageTimeId":56405,"stageId":932,"entryId":19190,"elapsedDurationMs":627400,"elapsedDuration":"00:10:27.4000000","status":"Completed","source":"Default","position":12,"diffFirstMs":58400,"diffFirst":"00:00:58.4000000","diffPrevMs":7800,"diffPrev":"00:00:07.8000000"},{"stageTimeId":56374,"stageId":932,"entryId":19194,"elapsedDurationMs":635300,"elapsedDuration":"00:10:35.3000000","status":"Completed","source":"Default","position":13,"diffFirstMs":66300,"diffFirst":"00:01:06.3000000","diffPrevMs":7900,"diffPrev":"00:00:07.9000000"},{"stageTimeId":56416,"stageId":932,"entryId":19193,"elapsedDurationMs":642600,"elapsedDuration":"00:10:42.6000000","status":"Completed","source":"Default","position":14,"diffFirstMs":73600,"diffFirst":"00:01:13.6000000","diffPrevMs":7300,"diffPrev":"00:00:07.3000000"},{"stageTimeId":56366,"stageId":932,"entryId":19195,"elapsedDurationMs":654900,"elapsedDuration":"00:10:54.9000000","status":"Completed","source":"Default","position":15,"diffFirstMs":85900,"diffFirst":"00:01:25.9000000","diffPrevMs":12300,"diffPrev":"00:00:12.3000000"},{"stageTimeId":56394,"stageId":932,"entryId":19196,"elapsedDurationMs":686300,"elapsedDuration":"00:11:26.3000000","status":"Completed","source":"Default","position":16,"diffFirstMs":117300,"diffFirst":"00:01:57.3000000","diffPrevMs":31400,"diffPrev":"00:00:31.4000000"},{"stageTimeId":56274,"stageId":932,"entryId":19202,"elapsedDurationMs":733300,"elapsedDuration":"00:12:13.3000000","status":"Completed","source":"Default","position":17,"diffFirstMs":164300,"diffFirst":"00:02:44.3000000","diffPrevMs":47000,"diffPrev":"00:00:47"},{"stageTimeId":56386,"stageId":932,"entryId":19199,"elapsedDurationMs":770400,"elapsedDuration":"00:12:50.4000000","status":"Completed","source":"Default","position":18,"diffFirstMs":201400,"diffFirst":"00:03:21.4000000","diffPrevMs":37100,"diffPrev":"00:00:37.1000000"},{"stageTimeId":56276,"stageId":932,"entryId":19201,"elapsedDurationMs":786300,"elapsedDuration":"00:13:06.3000000","status":"Completed","source":"Default","position":19,"diffFirstMs":217300,"diffFirst":"00:03:37.3000000","diffPrevMs":15900,"diffPrev":"00:00:15.9000000"},{"stageTimeId":56284,"stageId":932,"entryId":19200,"elapsedDurationMs":814000,"elapsedDuration":"00:13:34","status":"Completed","source":"Default","position":20,"diffFirstMs":245000,"diffFirst":"00:04:05","diffPrevMs":27700,"diffPrev":"00:00:27.7000000"},{"stageTimeId":56263,"stageId":932,"entryId":19203,"elapsedDurationMs":1153300,"elapsedDuration":"00:19:13.3000000","status":"Completed","source":"Assessed","position":21,"diffFirstMs":584300,"diffFirst":"00:09:44.3000000","diffPrevMs":339300,"diffPrev":"00:05:39.3000000"},{"stageTimeId":56312,"stageId":932,"entryId":19181,"elapsedDurationMs":null,"elapsedDuration":null,"status":"DNS","source":"Default","position":null,"diffFirstMs":null,"diffFirst":null,"diffPrevMs":null,"diffPrev":null}]