{"splitPoints":[{"splitPointId":2686,"stageId":1328,"number":2,"distance":8.13},{"splitPointId":2687,"stageId":1328,"number":3,"distance":12.0},{"splitPointId":2752,"stageId":1328,"number":1,"distance":4.88}],"controls":[{"controlId":5604,"eventId":87,"stageId":1328,"type":"FlyingFinish","code":"SF10","location":"Freisen 2","timingPrecision":"Tenth","distance":null,"targetDuration":null,"targetDurationMs":null,"firstCarDueDateTime":null,"firstCarDueDateTimeLocal":null,"status":"Completed","controlPenalties":"None","roundingPolicy":"NoRounding","locked":true},{"controlId":5605,"eventId":87,"stageId":1328,"type":"StageStart","code":"SS10","location":"Freisen 2","timingPrecision":"Minute","distance":14.78,"targetDuration":"00:03:00","targetDurationMs":180000,"firstCarDueDateTime":"2019-08-24T09:07:00","firstCarDueDateTimeLocal":"2019-08-24T11:07:00+02:00","status":"Completed","controlPenalties":"None","roundingPolicy":"RoundToClosestMinute","locked":true},{"controlId":5607,"eventId":87,"stageId":1328,"type":"TimeControl","code":"TC10","location":"Berschweiler","timingPrecision":"Minute","distance":26.46,"targetDuration":"00:37:00","targetDurationMs":2220000,"firstCarDueDateTime":"2019-08-24T09:04:00","firstCarDueDateTimeLocal":"2019-08-24T11:04:00+02:00","status":"Completed","controlPenalties":"All","roundingPolicy":"NoRounding","locked":true}],"stageId":1328,"eventId":87,"number":10,"name":"Freisen 2","distance":14.78,"status":"Completed","stageType":"SpecialStage","timingPrecision":"Tenth","locked":true,"code":"SS10"}