[{"stageTimeId":62603,"stageId":1032,"entryId":19338,"elapsedDurationMs":605200,"elapsedDuration":"00:10:05.2000000","status":"Completed","source":"Default","position":1,"diffFirstMs":0,"diffFirst":"00:00:00","diffPrevMs":0,"diffPrev":"00:00:00"},{"stageTimeId":62621,"stageId":1032,"entryId":19341,"elapsedDurationMs":605700,"elapsedDuration":"00:10:05.7000000","status":"Completed","source":"Default","position":2,"diffFirstMs":500,"diffFirst":"00:00:00.5000000","diffPrevMs":500,"diffPrev":"00:00:00.5000000"},{"stageTimeId":62600,"stageId":1032,"entryId":19344,"elapsedDurationMs":605900,"elapsedDuration":"00:10:05.9000000","status":"Completed","source":"Default","position":3,"diffFirstMs":700,"diffFirst":"00:00:00.7000000","diffPrevMs":200,"diffPrev":"00:00:00.2000000"},{"stageTimeId":62615,"stageId":1032,"entryId":19339,"elapsedDurationMs":606300,"elapsedDuration":"00:10:06.3000000","status":"Completed","source":"Default","position":4,"diffFirstMs":1100,"diffFirst":"00:00:01.1000000","diffPrevMs":400,"diffPrev":"00:00:00.4000000"},{"stageTimeId":62585,"stageId":1032,"entryId":19345,"elapsedDurationMs":608200,"elapsedDuration":"00:10:08.2000000","status":"Completed","source":"Default","position":5,"diffFirstMs":3000,"diffFirst":"00:00:03","diffPrevMs":1900,"diffPrev":"00:00:01.9000000"},{"stageTimeId":62609,"stageId":1032,"entryId":19340,"elapsedDurationMs":608400,"elapsedDuration":"00:10:08.4000000","status":"Completed","source":"Default","position":6,"diffFirstMs":3200,"diffFirst":"00:00:03.2000000","diffPrevMs":200,"diffPrev":"00:00:00.2000000"},{"stageTimeId":62598,"stageId":1032,"entryId":19346,"elapsedDurationMs":610700,"elapsedDuration":"00:10:10.7000000","status":"Completed","source":"Default","position":7,"diffFirstMs":5500,"diffFirst":"00:00:05.5000000","diffPrevMs":2300,"diffPrev":"00:00:02.3000000"},{"stageTimeId":62579,"stageId":1032,"entryId":19343,"elapsedDurationMs":611200,"elapsedDuration":"00:10:11.2000000","status":"Completed","source":"Default","position":8,"diffFirstMs":6000,"diffFirst":"00:00:06","diffPrevMs":500,"diffPrev":"00:00:00.5000000"},{"stageTimeId":62591,"stageId":1032,"entryId":19347,"elapsedDurationMs":611400,"elapsedDuration":"00:10:11.4000000","status":"Completed","source":"Default","position":9,"diffFirstMs":6200,"diffFirst":"00:00:06.2000000","diffPrevMs":200,"diffPrev":"00:00:00.2000000"},{"stageTimeId":62573,"stageId":1032,"entryId":19342,"elapsedDurationMs":619000,"elapsedDuration":"00:10:19","status":"Completed","source":"Default","position":10,"diffFirstMs":13800,"diffFirst":"00:00:13.8000000","diffPrevMs":7600,"diffPrev":"00:00:07.6000000"},{"stageTimeId":62488,"stageId":1032,"entryId":19359,"elapsedDurationMs":630800,"elapsedDuration":"00:10:30.8000000","status":"Completed","source":"Default","position":11,"diffFirstMs":25600,"diffFirst":"00:00:25.6000000","diffPrevMs":11800,"diffPrev":"00:00:11.8000000"},{"stageTimeId":62681,"stageId":1032,"entryId":19351,"elapsedDurationMs":633100,"elapsedDuration":"00:10:33.1000000","status":"Completed","source":"Default","position":12,"diffFirstMs":27900,"diffFirst":"00:00:27.9000000","diffPrevMs":2300,"diffPrev":"00:00:02.3000000"},{"stageTimeId":62458,"stageId":1032,"entryId":19364,"elapsedDurationMs":635600,"elapsedDuration":"00:10:35.6000000","status":"Completed","source":"Default","position":13,"diffFirstMs":30400,"diffFirst":"00:00:30.4000000","diffPrevMs":2500,"diffPrev":"00:00:02.5000000"},{"stageTimeId":62657,"stageId":1032,"entryId":19355,"elapsedDurationMs":635700,"elapsedDuration":"00:10:35.7000000","status":"Completed","source":"Default","position":14,"diffFirstMs":30500,"diffFirst":"00:00:30.5000000","diffPrevMs":100,"diffPrev":"00:00:00.1000000"},{"stageTimeId":62500,"stageId":1032,"entryId":19361,"elapsedDurationMs":637700,"elapsedDuration":"00:10:37.7000000","status":"Completed","source":"Default","position":15,"diffFirstMs":32500,"diffFirst":"00:00:32.5000000","diffPrevMs":2000,"diffPrev":"00:00:02"},{"stageTimeId":62638,"stageId":1032,"entryId":19354,"elapsedDurationMs":639600,"elapsedDuration":"00:10:39.6000000","status":"Completed","source":"Default","position":16,"diffFirstMs":34400,"diffFirst":"00:00:34.4000000","diffPrevMs":1900,"diffPrev":"00:00:01.9000000"},{"stageTimeId":62833,"stageId":1032,"entryId":19387,"elapsedDurationMs":642300,"elapsedDuration":"00:10:42.3000000","status":"Completed","source":"Default","position":17,"diffFirstMs":37100,"diffFirst":"00:00:37.1000000","diffPrevMs":2700,"diffPrev":"00:00:02.7000000"},{"stageTimeId":62669,"stageId":1032,"entryId":19348,"elapsedDurationMs":643500,"elapsedDuration":"00:10:43.5000000","status":"Completed","source":"Default","position":18,"diffFirstMs":38300,"diffFirst":"00:00:38.3000000","diffPrevMs":1200,"diffPrev":"00:00:01.2000000"},{"stageTimeId":62687,"stageId":1032,"entryId":19352,"elapsedDurationMs":644100,"elapsedDuration":"00:10:44.1000000","status":"Completed","source":"Default","position":19,"diffFirstMs":38900,"diffFirst":"00:00:38.9000000","diffPrevMs":600,"diffPrev":"00:00:00.6000000"},{"stageTimeId":62632,"stageId":1032,"entryId":19353,"elapsedDurationMs":647100,"elapsedDuration":"00:10:47.1000000","status":"Completed","source":"Default","position":20,"diffFirstMs":41900,"diffFirst":"00:00:41.9000000","diffPrevMs":3000,"diffPrev":"00:00:03"},{"stageTimeId":62482,"stageId":1032,"entryId":19358,"elapsedDurationMs":651700,"elapsedDuration":"00:10:51.7000000","status":"Completed","source":"Default","position":21,"diffFirstMs":46500,"diffFirst":"00:00:46.5000000","diffPrevMs":4600,"diffPrev":"00:00:04.6000000"},{"stageTimeId":62663,"stageId":1032,"entryId":19349,"elapsedDurationMs":654100,"elapsedDuration":"00:10:54.1000000","status":"Completed","source":"Default","position":22,"diffFirstMs":48900,"diffFirst":"00:00:48.9000000","diffPrevMs":2400,"diffPrev":"00:00:02.4000000"},{"stageTimeId":62650,"stageId":1032,"entryId":19356,"elapsedDurationMs":659300,"elapsedDuration":"00:10:59.3000000","status":"Completed","source":"Default","position":23,"diffFirstMs":54100,"diffFirst":"00:00:54.1000000","diffPrevMs":5200,"diffPrev":"00:00:05.2000000"},{"stageTimeId":62675,"stageId":1032,"entryId":19350,"elapsedDurationMs":663000,"elapsedDuration":"00:11:03","status":"Completed","source":"Default","position":24,"diffFirstMs":57800,"diffFirst":"00:00:57.8000000","diffPrevMs":3700,"diffPrev":"00:00:03.7000000"},{"stageTimeId":62905,"stageId":1032,"entryId":19389,"elapsedDurationMs":668500,"elapsedDuration":"00:11:08.5000000","status":"Completed","source":"Default","position":25,"diffFirstMs":63300,"diffFirst":"00:01:03.3000000","diffPrevMs":5500,"diffPrev":"00:00:05.5000000"},{"stageTimeId":62477,"stageId":1032,"entryId":19365,"elapsedDurationMs":673200,"elapsedDuration":"00:11:13.2000000","status":"Completed","source":"Default","position":26,"diffFirstMs":68000,"diffFirst":"00:01:08","diffPrevMs":4700,"diffPrev":"00:00:04.7000000"},{"stageTimeId":62840,"stageId":1032,"entryId":19388,"elapsedDurationMs":679800,"elapsedDuration":"00:11:19.8000000","status":"Completed","source":"Default","position":27,"diffFirstMs":74600,"diffFirst":"00:01:14.6000000","diffPrevMs":6600,"diffPrev":"00:00:06.6000000"},{"stageTimeId":62868,"stageId":1032,"entryId":19383,"elapsedDurationMs":693500,"elapsedDuration":"00:11:33.5000000","status":"Completed","source":"Default","position":28,"diffFirstMs":88300,"diffFirst":"00:01:28.3000000","diffPrevMs":13700,"diffPrev":"00:00:13.7000000"},{"stageTimeId":62874,"stageId":1032,"entryId":19394,"elapsedDurationMs":697500,"elapsedDuration":"00:11:37.5000000","status":"Completed","source":"Default","position":29,"diffFirstMs":92300,"diffFirst":"00:01:32.3000000","diffPrevMs":4000,"diffPrev":"00:00:04"},{"stageTimeId":62656,"stageId":1032,"entryId":19357,"elapsedDurationMs":699000,"elapsedDuration":"00:11:39","status":"Completed","source":"Default","position":30,"diffFirstMs":93800,"diffFirst":"00:01:33.8000000","diffPrevMs":1500,"diffPrev":"00:00:01.5000000"},{"stageTimeId":62470,"stageId":1032,"entryId":19370,"elapsedDurationMs":700600,"elapsedDuration":"00:11:40.6000000","status":"Completed","source":"Default","position":31,"diffFirstMs":95400,"diffFirst":"00:01:35.4000000","diffPrevMs":1600,"diffPrev":"00:00:01.6000000"},{"stageTimeId":62542,"stageId":1032,"entryId":19372,"elapsedDurationMs":702900,"elapsedDuration":"00:11:42.9000000","status":"Completed","source":"Default","position":32,"diffFirstMs":97700,"diffFirst":"00:01:37.7000000","diffPrevMs":2300,"diffPrev":"00:00:02.3000000"},{"stageTimeId":62844,"stageId":1032,"entryId":19382,"elapsedDurationMs":703100,"elapsedDuration":"00:11:43.1000000","status":"Completed","source":"Default","position":33,"diffFirstMs":97900,"diffFirst":"00:01:37.9000000","diffPrevMs":200,"diffPrev":"00:00:00.2000000"},{"stageTimeId":62530,"stageId":1032,"entryId":19380,"elapsedDurationMs":703900,"elapsedDuration":"00:11:43.9000000","status":"Completed","source":"Default","position":34,"diffFirstMs":98700,"diffFirst":"00:01:38.7000000","diffPrevMs":800,"diffPrev":"00:00:00.8000000"},{"stageTimeId":62548,"stageId":1032,"entryId":19373,"elapsedDurationMs":706200,"elapsedDuration":"00:11:46.2000000","status":"Completed","source":"Default","position":35,"diffFirstMs":101000,"diffFirst":"00:01:41","diffPrevMs":2300,"diffPrev":"00:00:02.3000000"},{"stageTimeId":62899,"stageId":1032,"entryId":19396,"elapsedDurationMs":706300,"elapsedDuration":"00:11:46.3000000","status":"Completed","source":"Default","position":36,"diffFirstMs":101100,"diffFirst":"00:01:41.1000000","diffPrevMs":100,"diffPrev":"00:00:00.1000000"},{"stageTimeId":62814,"stageId":1032,"entryId":19384,"elapsedDurationMs":706800,"elapsedDuration":"00:11:46.8000000","status":"Completed","source":"Default","position":37,"diffFirstMs":101600,"diffFirst":"00:01:41.6000000","diffPrevMs":500,"diffPrev":"00:00:00.5000000"},{"stageTimeId":62717,"stageId":1032,"entryId":19408,"elapsedDurationMs":709600,"elapsedDuration":"00:11:49.6000000","status":"Completed","source":"Default","position":38,"diffFirstMs":104400,"diffFirst":"00:01:44.4000000","diffPrevMs":2800,"diffPrev":"00:00:02.8000000"},{"stageTimeId":62783,"stageId":1032,"entryId":19409,"elapsedDurationMs":711600,"elapsedDuration":"00:11:51.6000000","status":"Completed","source":"Default","position":39,"diffFirstMs":106400,"diffFirst":"00:01:46.4000000","diffPrevMs":2000,"diffPrev":"00:00:02"},{"stageTimeId":62518,"stageId":1032,"entryId":19378,"elapsedDurationMs":711700,"elapsedDuration":"00:11:51.7000000","status":"Completed","source":"Default","position":40,"diffFirstMs":106500,"diffFirst":"00:01:46.5000000","diffPrevMs":100,"diffPrev":"00:00:00.1000000"},{"stageTimeId":62476,"stageId":1032,"entryId":19371,"elapsedDurationMs":712400,"elapsedDuration":"00:11:52.4000000","status":"Completed","source":"Default","position":41,"diffFirstMs":107200,"diffFirst":"00:01:47.2000000","diffPrevMs":700,"diffPrev":"00:00:00.7000000"},{"stageTimeId":62898,"stageId":1032,"entryId":19398,"elapsedDurationMs":713300,"elapsedDuration":"00:11:53.3000000","status":"Completed","source":"Default","position":42,"diffFirstMs":108100,"diffFirst":"00:01:48.1000000","diffPrevMs":900,"diffPrev":"00:00:00.9000000"},{"stageTimeId":62880,"stageId":1032,"entryId":19395,"elapsedDurationMs":719200,"elapsedDuration":"00:11:59.2000000","status":"Completed","source":"Default","position":43,"diffFirstMs":114000,"diffFirst":"00:01:54","diffPrevMs":5900,"diffPrev":"00:00:05.9000000"},{"stageTimeId":62850,"stageId":1032,"entryId":19366,"elapsedDurationMs":723500,"elapsedDuration":"00:12:03.5000000","status":"Completed","source":"Default","position":44,"diffFirstMs":118300,"diffFirst":"00:01:58.3000000","diffPrevMs":4300,"diffPrev":"00:00:04.3000000"},{"stageTimeId":62820,"stageId":1032,"entryId":19385,"elapsedDurationMs":724800,"elapsedDuration":"00:12:04.8000000","status":"Completed","source":"Assessed","position":45,"diffFirstMs":119600,"diffFirst":"00:01:59.6000000","diffPrevMs":1300,"diffPrev":"00:00:01.3000000"},{"stageTimeId":62567,"stageId":1032,"entryId":19374,"elapsedDurationMs":724900,"elapsedDuration":"00:12:04.9000000","status":"Completed","source":"Default","position":46,"diffFirstMs":119700,"diffFirst":"00:01:59.7000000","diffPrevMs":100,"diffPrev":"00:00:00.1000000"},{"stageTimeId":62699,"stageId":1032,"entryId":19405,"elapsedDurationMs":725000,"elapsedDuration":"00:12:05","status":"Completed","source":"Default","position":47,"diffFirstMs":119800,"diffFirst":"00:01:59.8000000","diffPrevMs":100,"diffPrev":"00:00:00.1000000"},{"stageTimeId":62536,"stageId":1032,"entryId":19381,"elapsedDurationMs":730500,"elapsedDuration":"00:12:10.5000000","status":"Completed","source":"Default","position":48,"diffFirstMs":125300,"diffFirst":"00:02:05.3000000","diffPrevMs":5500,"diffPrev":"00:00:05.5000000"},{"stageTimeId":62512,"stageId":1032,"entryId":19377,"elapsedDurationMs":731600,"elapsedDuration":"00:12:11.6000000","status":"Completed","source":"Default","position":49,"diffFirstMs":126400,"diffFirst":"00:02:06.4000000","diffPrevMs":1100,"diffPrev":"00:00:01.1000000"},{"stageTimeId":62807,"stageId":1032,"entryId":19413,"elapsedDurationMs":735200,"elapsedDuration":"00:12:15.2000000","status":"Completed","source":"Default","position":50,"diffFirstMs":130000,"diffFirst":"00:02:10","diffPrevMs":3600,"diffPrev":"00:00:03.6000000"},{"stageTimeId":62923,"stageId":1032,"entryId":19392,"elapsedDurationMs":735400,"elapsedDuration":"00:12:15.4000000","status":"Completed","source":"Default","position":51,"diffFirstMs":130200,"diffFirst":"00:02:10.2000000","diffPrevMs":200,"diffPrev":"00:00:00.2000000"},{"stageTimeId":62383,"stageId":1032,"entryId":19426,"elapsedDurationMs":736500,"elapsedDuration":"00:12:16.5000000","status":"Completed","source":"Default","position":52,"diffFirstMs":131300,"diffFirst":"00:02:11.3000000","diffPrevMs":1100,"diffPrev":"00:00:01.1000000"},{"stageTimeId":62693,"stageId":1032,"entryId":19404,"elapsedDurationMs":742500,"elapsedDuration":"00:12:22.5000000","status":"Completed","source":"Default","position":53,"diffFirstMs":137300,"diffFirst":"00:02:17.3000000","diffPrevMs":6000,"diffPrev":"00:00:06"},{"stageTimeId":62789,"stageId":1032,"entryId":19410,"elapsedDurationMs":747900,"elapsedDuration":"00:12:27.9000000","status":"Completed","source":"Default","position":54,"diffFirstMs":142700,"diffFirst":"00:02:22.7000000","diffPrevMs":5400,"diffPrev":"00:00:05.4000000"},{"stageTimeId":62770,"stageId":1032,"entryId":19417,"elapsedDurationMs":748000,"elapsedDuration":"00:12:28","status":"Completed","source":"Default","position":55,"diffFirstMs":142800,"diffFirst":"00:02:22.8000000","diffPrevMs":100,"diffPrev":"00:00:00.1000000"},{"stageTimeId":62445,"stageId":1032,"entryId":19419,"elapsedDurationMs":748000,"elapsedDuration":"00:12:28","status":"Completed","source":"Assessed","position":56,"diffFirstMs":142800,"diffFirst":"00:02:22.8000000","diffPrevMs":0,"diffPrev":"00:00:00"},{"stageTimeId":62537,"stageId":1032,"entryId":19379,"elapsedDurationMs":751100,"elapsedDuration":"00:12:31.1000000","status":"Completed","source":"Default","position":57,"diffFirstMs":145900,"diffFirst":"00:02:25.9000000","diffPrevMs":3100,"diffPrev":"00:00:03.1000000"},{"stageTimeId":62765,"stageId":1032,"entryId":19416,"elapsedDurationMs":752100,"elapsedDuration":"00:12:32.1000000","status":"Completed","source":"Default","position":58,"diffFirstMs":146900,"diffFirst":"00:02:26.9000000","diffPrevMs":1000,"diffPrev":"00:00:01"},{"stageTimeId":62748,"stageId":1032,"entryId":19401,"elapsedDurationMs":752200,"elapsedDuration":"00:12:32.2000000","status":"Completed","source":"Default","position":59,"diffFirstMs":147000,"diffFirst":"00:02:27","diffPrevMs":100,"diffPrev":"00:00:00.1000000"},{"stageTimeId":62795,"stageId":1032,"entryId":19411,"elapsedDurationMs":753700,"elapsedDuration":"00:12:33.7000000","status":"Completed","source":"Default","position":60,"diffFirstMs":148500,"diffFirst":"00:02:28.5000000","diffPrevMs":1500,"diffPrev":"00:00:01.5000000"},{"stageTimeId":62412,"stageId":1032,"entryId":19420,"elapsedDurationMs":761600,"elapsedDuration":"00:12:41.6000000","status":"Completed","source":"Assessed","position":61,"diffFirstMs":156400,"diffFirst":"00:02:36.4000000","diffPrevMs":7900,"diffPrev":"00:00:07.9000000"},{"stageTimeId":62415,"stageId":1032,"entryId":19423,"elapsedDurationMs":763400,"elapsedDuration":"00:12:43.4000000","status":"Completed","source":"Default","position":62,"diffFirstMs":158200,"diffFirst":"00:02:38.2000000","diffPrevMs":1800,"diffPrev":"00:00:01.8000000"},{"stageTimeId":62892,"stageId":1032,"entryId":19397,"elapsedDurationMs":764600,"elapsedDuration":"00:12:44.6000000","status":"Completed","source":"Default","position":63,"diffFirstMs":159400,"diffFirst":"00:02:39.4000000","diffPrevMs":1200,"diffPrev":"00:00:01.2000000"},{"stageTimeId":62869,"stageId":1032,"entryId":19368,"elapsedDurationMs":764700,"elapsedDuration":"00:12:44.7000000","status":"Completed","source":"Default","position":64,"diffFirstMs":159500,"diffFirst":"00:02:39.5000000","diffPrevMs":100,"diffPrev":"00:00:00.1000000"},{"stageTimeId":62437,"stageId":1032,"entryId":19428,"elapsedDurationMs":766300,"elapsedDuration":"00:12:46.3000000","status":"Completed","source":"Default","position":65,"diffFirstMs":161100,"diffFirst":"00:02:41.1000000","diffPrevMs":1600,"diffPrev":"00:00:01.6000000"},{"stageTimeId":62711,"stageId":1032,"entryId":19407,"elapsedDurationMs":773000,"elapsedDuration":"00:12:53","status":"Completed","source":"Default","position":66,"diffFirstMs":167800,"diffFirst":"00:02:47.8000000","diffPrevMs":6700,"diffPrev":"00:00:06.7000000"},{"stageTimeId":62801,"stageId":1032,"entryId":19412,"elapsedDurationMs":778600,"elapsedDuration":"00:12:58.6000000","status":"Completed","source":"Default","position":67,"diffFirstMs":173400,"diffFirst":"00:02:53.4000000","diffPrevMs":5600,"diffPrev":"00:00:05.6000000"},{"stageTimeId":62507,"stageId":1032,"entryId":19360,"elapsedDurationMs":779000,"elapsedDuration":"00:12:59","status":"Completed","source":"Default","position":68,"diffFirstMs":173800,"diffFirst":"00:02:53.8000000","diffPrevMs":400,"diffPrev":"00:00:00.4000000"},{"stageTimeId":62718,"stageId":1032,"entryId":19406,"elapsedDurationMs":784700,"elapsedDuration":"00:13:04.7000000","status":"Completed","source":"Default","position":69,"diffFirstMs":179500,"diffFirst":"00:02:59.5000000","diffPrevMs":5700,"diffPrev":"00:00:05.7000000"},{"stageTimeId":62388,"stageId":1032,"entryId":19427,"elapsedDurationMs":786900,"elapsedDuration":"00:13:06.9000000","status":"Completed","source":"Default","position":70,"diffFirstMs":181700,"diffFirst":"00:03:01.7000000","diffPrevMs":2200,"diffPrev":"00:00:02.2000000"},{"stageTimeId":62430,"stageId":1032,"entryId":19422,"elapsedDurationMs":795600,"elapsedDuration":"00:13:15.6000000","status":"Completed","source":"Default","position":71,"diffFirstMs":190400,"diffFirst":"00:03:10.4000000","diffPrevMs":8700,"diffPrev":"00:00:08.7000000"},{"stageTimeId":62741,"stageId":1032,"entryId":19402,"elapsedDurationMs":799200,"elapsedDuration":"00:13:19.2000000","status":"Completed","source":"Default","position":72,"diffFirstMs":194000,"diffFirst":"00:03:14","diffPrevMs":3600,"diffPrev":"00:00:03.6000000"},{"stageTimeId":62396,"stageId":1032,"entryId":19430,"elapsedDurationMs":818500,"elapsedDuration":"00:13:38.5000000","status":"Completed","source":"Default","position":73,"diffFirstMs":213300,"diffFirst":"00:03:33.3000000","diffPrevMs":19300,"diffPrev":"00:00:19.3000000"},{"stageTimeId":62917,"stageId":1032,"entryId":19391,"elapsedDurationMs":818700,"elapsedDuration":"00:13:38.7000000","status":"Completed","source":"Default","position":74,"diffFirstMs":213500,"diffFirst":"00:03:33.5000000","diffPrevMs":200,"diffPrev":"00:00:00.2000000"},{"stageTimeId":62367,"stageId":1032,"entryId":19431,"elapsedDurationMs":825400,"elapsedDuration":"00:13:45.4000000","status":"Completed","source":"Default","position":75,"diffFirstMs":220200,"diffFirst":"00:03:40.2000000","diffPrevMs":6700,"diffPrev":"00:00:06.7000000"},{"stageTimeId":62390,"stageId":1032,"entryId":19433,"elapsedDurationMs":832200,"elapsedDuration":"00:13:52.2000000","status":"Completed","source":"Default","position":76,"diffFirstMs":227000,"diffFirst":"00:03:47","diffPrevMs":6800,"diffPrev":"00:00:06.8000000"},{"stageTimeId":62747,"stageId":1032,"entryId":19403,"elapsedDurationMs":841900,"elapsedDuration":"00:14:01.9000000","status":"Completed","source":"Default","position":77,"diffFirstMs":236700,"diffFirst":"00:03:56.7000000","diffPrevMs":9700,"diffPrev":"00:00:09.7000000"},{"stageTimeId":62729,"stageId":1032,"entryId":19400,"elapsedDurationMs":844200,"elapsedDuration":"00:14:04.2000000","status":"Completed","source":"Default","position":78,"diffFirstMs":239000,"diffFirst":"00:03:59","diffPrevMs":2300,"diffPrev":"00:00:02.3000000"},{"stageTimeId":62379,"stageId":1032,"entryId":19432,"elapsedDurationMs":859400,"elapsedDuration":"00:14:19.4000000","status":"Completed","source":"Default","position":79,"diffFirstMs":254200,"diffFirst":"00:04:14.2000000","diffPrevMs":15200,"diffPrev":"00:00:15.2000000"},{"stageTimeId":62776,"stageId":1032,"entryId":19418,"elapsedDurationMs":881200,"elapsedDuration":"00:14:41.2000000","status":"Completed","source":"Default","position":80,"diffFirstMs":276000,"diffFirst":"00:04:36","diffPrevMs":21800,"diffPrev":"00:00:21.8000000"},{"stageTimeId":62506,"stageId":1032,"entryId":19362,"elapsedDurationMs":1050800,"elapsedDuration":"00:17:30.8000000","status":"Completed","source":"Assessed","position":81,"diffFirstMs":445600,"diffFirst":"00:07:25.6000000","diffPrevMs":169600,"diffPrev":"00:02:49.6000000"},{"stageTimeId":62452,"stageId":1032,"entryId":19363,"elapsedDurationMs":1050800,"elapsedDuration":"00:17:30.8000000","status":"Completed","source":"Assessed","position":82,"diffFirstMs":445600,"diffFirst":"00:07:25.6000000","diffPrevMs":0,"diffPrev":"00:00:00"},{"stageTimeId":62827,"stageId":1032,"entryId":19386,"elapsedDurationMs":1113500,"elapsedDuration":"00:18:33.5000000","status":"Completed","source":"Assessed","position":83,"diffFirstMs":508300,"diffFirst":"00:08:28.3000000","diffPrevMs":62700,"diffPrev":"00:01:02.7000000"},{"stageTimeId":62723,"stageId":1032,"entryId":19399,"elapsedDurationMs":1117500,"elapsedDuration":"00:18:37.5000000","status":"Completed","source":"Assessed","position":84,"diffFirstMs":512300,"diffFirst":"00:08:32.3000000","diffPrevMs":4000,"diffPrev":"00:00:04"},{"stageTimeId":62560,"stageId":1032,"entryId":19375,"elapsedDurationMs":1120600,"elapsedDuration":"00:18:40.6000000","status":"Completed","source":"Assessed","position":85,"diffFirstMs":515400,"diffFirst":"00:08:35.4000000","diffPrevMs":3100,"diffPrev":"00:00:03.1000000"},{"stageTimeId":62566,"stageId":1032,"entryId":19376,"elapsedDurationMs":1120600,"elapsedDuration":"00:18:40.6000000","status":"Completed","source":"Assessed","position":86,"diffFirstMs":515400,"diffFirst":"00:08:35.4000000","diffPrevMs":0,"diffPrev":"00:00:00"},{"stageTimeId":62752,"stageId":1032,"entryId":19414,"elapsedDurationMs":1129600,"elapsedDuration":"00:18:49.6000000","status":"Completed","source":"Assessed","position":87,"diffFirstMs":524400,"diffFirst":"00:08:44.4000000","diffPrevMs":9000,"diffPrev":"00:00:09"},{"stageTimeId":62758,"stageId":1032,"entryId":19415,"elapsedDurationMs":1129600,"elapsedDuration":"00:18:49.6000000","status":"Completed","source":"Assessed","position":88,"diffFirstMs":524400,"diffFirst":"00:08:44.4000000","diffPrevMs":0,"diffPrev":"00:00:00"},{"stageTimeId":62448,"stageId":1032,"entryId":19421,"elapsedDurationMs":1129600,"elapsedDuration":"00:18:49.6000000","status":"Completed","source":"Assessed","position":89,"diffFirstMs":524400,"diffFirst":"00:08:44.4000000","diffPrevMs":0,"diffPrev":"00:00:00"},{"stageTimeId":62370,"stageId":1032,"entryId":19424,"elapsedDurationMs":1129600,"elapsedDuration":"00:18:49.6000000","status":"Completed","source":"Assessed","position":90,"diffFirstMs":524400,"diffFirst":"00:08:44.4000000","diffPrevMs":0,"diffPrev":"00:00:00"},{"stageTimeId":62374,"stageId":1032,"entryId":19425,"elapsedDurationMs":1129600,"elapsedDuration":"00:18:49.6000000","status":"Completed","source":"Assessed","position":91,"diffFirstMs":524400,"diffFirst":"00:08:44.4000000","diffPrevMs":0,"diffPrev":"00:00:00"},{"stageTimeId":62862,"stageId":1032,"entryId":19369,"elapsedDurationMs":1143500,"elapsedDuration":"00:19:03.5000000","status":"Completed","source":"Assessed","position":92,"diffFirstMs":538300,"diffFirst":"00:08:58.3000000","diffPrevMs":13900,"diffPrev":"00:00:13.9000000"},{"stageTimeId":62400,"stageId":1032,"entryId":19429,"elapsedDurationMs":1300900,"elapsedDuration":"00:21:40.9000000","status":"Completed","source":"Default","position":93,"diffFirstMs":695700,"diffFirst":"00:11:35.7000000","diffPrevMs":157400,"diffPrev":"00:02:37.4000000"},{"stageTimeId":62929,"stageId":1032,"entryId":19393,"elapsedDurationMs":5170900,"elapsedDuration":"01:26:10.9000000","status":"Completed","source":"Default","position":94,"diffFirstMs":4565700,"diffFirst":"01:16:05.7000000","diffPrevMs":3870000,"diffPrev":"01:04:30"},{"stageTimeId":62911,"stageId":1032,"entryId":19390,"elapsedDurationMs":null,"elapsedDuration":null,"status":"DNS","source":"Default","position":null,"diffFirstMs":null,"diffFirst":null,"diffPrevMs":null,"diffPrev":null}]