{"splitPoints":[{"splitPointId":3045,"stageId":1502,"number":2,"distance":9.4},{"splitPointId":3046,"stageId":1502,"number":1,"distance":4.53},{"splitPointId":3047,"stageId":1502,"number":4,"distance":20.3},{"splitPointId":3048,"stageId":1502,"number":3,"distance":15.22},{"splitPointId":3051,"stageId":1502,"number":5,"distance":22.8}],"controls":[{"controlId":6382,"eventId":90,"stageId":1502,"type":"FlyingFinish","code":"SF9","location":"El Montmell 1 (asphalt) TV live","timingPrecision":"Tenth","distance":null,"targetDuration":null,"targetDurationMs":null,"firstCarDueDateTime":null,"firstCarDueDateTimeLocal":null,"status":"Completed","controlPenalties":"None","roundingPolicy":"NoRounding","locked":true},{"controlId":6383,"eventId":90,"stageId":1502,"type":"StageStart","code":"SS9","location":"El Montmell 1 (asphalt) TV live","timingPrecision":"Minute","distance":24.4,"targetDuration":"00:07:00","targetDurationMs":420000,"firstCarDueDateTime":"2019-10-26T08:38:00","firstCarDueDateTimeLocal":"2019-10-26T10:38:00+02:00","status":"Completed","controlPenalties":"None","roundingPolicy":"RoundToClosestMinute","locked":true},{"controlId":6385,"eventId":90,"stageId":1502,"type":"TimeControl","code":"TC9","location":"El Montmell","timingPrecision":"Minute","distance":14.0,"targetDuration":"00:50:00","targetDurationMs":3000000,"firstCarDueDateTime":"2019-10-26T08:31:00","firstCarDueDateTimeLocal":"2019-10-26T10:31:00+02:00","status":"Completed","controlPenalties":"All","roundingPolicy":"NoRounding","locked":true}],"stageId":1502,"eventId":90,"number":9,"name":"El Montmell 1 (asphalt) TV live","distance":24.4,"status":"Completed","stageType":"SpecialStage","timingPrecision":"Tenth","locked":true,"code":"SS9"}