{"splitPoints":[{"splitPointId":3062,"stageId":1494,"number":1,"distance":8.73},{"splitPointId":3063,"stageId":1494,"number":2,"distance":13.95}],"controls":[{"controlId":6358,"eventId":90,"stageId":1494,"type":"TimeControl","code":"TC13D","location":"Parc Fermé OUT - Service IN","timingPrecision":"Minute","distance":null,"targetDuration":null,"targetDurationMs":null,"firstCarDueDateTime":"2019-10-27T05:45:00","firstCarDueDateTimeLocal":"2019-10-27T06:45:00+01:00","status":"Completed","controlPenalties":"All","roundingPolicy":"NoRounding","locked":true},{"controlId":6404,"eventId":90,"stageId":1494,"type":"StageStart","code":"SS14","location":"Riudecanyes 1 (asphalt) ","timingPrecision":"Minute","distance":16.35,"targetDuration":"00:03:00","targetDurationMs":180000,"firstCarDueDateTime":"2019-10-27T06:41:00","firstCarDueDateTimeLocal":"2019-10-27T07:41:00+01:00","status":"Completed","controlPenalties":"None","roundingPolicy":"RoundToClosestMinute","locked":true},{"controlId":6405,"eventId":90,"stageId":1494,"type":"TimeControl","code":"TC14","location":"Riudecanyes","timingPrecision":"Minute","distance":26.49,"targetDuration":"00:38:00","targetDurationMs":2280000,"firstCarDueDateTime":"2019-10-27T06:38:00","firstCarDueDateTimeLocal":"2019-10-27T07:38:00+01:00","status":"Completed","controlPenalties":"All","roundingPolicy":"NoRounding","locked":true},{"controlId":6410,"eventId":90,"stageId":1494,"type":"FlyingFinish","code":"SF14","location":"Riudecanyes 1 (asphalt) ","timingPrecision":"Tenth","distance":null,"targetDuration":null,"targetDurationMs":null,"firstCarDueDateTime":null,"firstCarDueDateTimeLocal":null,"status":"Completed","controlPenalties":"None","roundingPolicy":"NoRounding","locked":true}],"stageId":1494,"eventId":90,"number":14,"name":"Riudecanyes 1 (asphalt) ","distance":16.35,"status":"Completed","stageType":"SpecialStage","timingPrecision":"Tenth","locked":true,"code":"SS14"}