[{"startDateTime":"2019-08-02T13:27:00","startDateTimeLocal":"2019-08-02T16:27:00+03:00","stageTimeDurationMs":364300,"stageTimeDuration":"00:06:04.3000000","splitPointTimeId":85130,"splitPointId":2575,"entryId":20057,"elapsedDurationMs":134400,"elapsedDuration":"PT2M14.4S","splitDateTime":"2019-08-02T13:29:14.4","splitDateTimeLocal":"2019-08-02T16:29:14.4+03:00"},{"startDateTime":"2019-08-02T13:29:00","startDateTimeLocal":"2019-08-02T16:29:00+03:00","stageTimeDurationMs":365100,"stageTimeDuration":"00:06:05.1000000","splitPointTimeId":85136,"splitPointId":2575,"entryId":20053,"elapsedDurationMs":134900,"elapsedDuration":"PT2M14.9S","splitDateTime":"2019-08-02T13:31:14.9","splitDateTimeLocal":"2019-08-02T16:31:14.9+03:00"},{"startDateTime":"2019-08-02T13:31:00","startDateTimeLocal":"2019-08-02T16:31:00+03:00","stageTimeDurationMs":366400,"stageTimeDuration":"00:06:06.4000000","splitPointTimeId":85141,"splitPointId":2575,"entryId":20059,"elapsedDurationMs":135400,"elapsedDuration":"PT2M15.4S","splitDateTime":"2019-08-02T13:33:15.4","splitDateTimeLocal":"2019-08-02T16:33:15.4+03:00"},{"startDateTime":"2019-08-02T13:33:00","startDateTimeLocal":"2019-08-02T16:33:00+03:00","stageTimeDurationMs":370000,"stageTimeDuration":"00:06:10","splitPointTimeId":85148,"splitPointId":2575,"entryId":20054,"elapsedDurationMs":136900,"elapsedDuration":"PT2M16.9S","splitDateTime":"2019-08-02T13:35:16.9","splitDateTimeLocal":"2019-08-02T16:35:16.9+03:00"},{"startDateTime":"2019-08-02T13:35:00","startDateTimeLocal":"2019-08-02T16:35:00+03:00","stageTimeDurationMs":364200,"stageTimeDuration":"00:06:04.2000000","splitPointTimeId":85153,"splitPointId":2575,"entryId":20056,"elapsedDurationMs":134900,"elapsedDuration":"PT2M14.9S","splitDateTime":"2019-08-02T13:37:14.9","splitDateTimeLocal":"2019-08-02T16:37:14.9+03:00"},{"startDateTime":"2019-08-02T13:37:00","startDateTimeLocal":"2019-08-02T16:37:00+03:00","stageTimeDurationMs":362800,"stageTimeDuration":"00:06:02.8000000","splitPointTimeId":85158,"splitPointId":2575,"entryId":20064,"elapsedDurationMs":133900,"elapsedDuration":"PT2M13.9S","splitDateTime":"2019-08-02T13:39:13.9","splitDateTimeLocal":"2019-08-02T16:39:13.9+03:00"},{"startDateTime":"2019-08-02T13:39:00","startDateTimeLocal":"2019-08-02T16:39:00+03:00","stageTimeDurationMs":363100,"stageTimeDuration":"00:06:03.1000000","splitPointTimeId":85165,"splitPointId":2575,"entryId":20055,"elapsedDurationMs":134400,"elapsedDuration":"PT2M14.4S","splitDateTime":"2019-08-02T13:41:14.4","splitDateTimeLocal":"2019-08-02T16:41:14.4+03:00"},{"startDateTime":"2019-08-02T13:41:00","startDateTimeLocal":"2019-08-02T16:41:00+03:00","stageTimeDurationMs":364100,"stageTimeDuration":"00:06:04.1000000","splitPointTimeId":85174,"splitPointId":2575,"entryId":20058,"elapsedDurationMs":135400,"elapsedDuration":"PT2M15.4S","splitDateTime":"2019-08-02T13:43:15.4","splitDateTimeLocal":"2019-08-02T16:43:15.4+03:00"},{"startDateTime":"2019-08-02T13:43:00","startDateTimeLocal":"2019-08-02T16:43:00+03:00","stageTimeDurationMs":372700,"stageTimeDuration":"00:06:12.7000000","splitPointTimeId":85183,"splitPointId":2575,"entryId":20062,"elapsedDurationMs":137400,"elapsedDuration":"PT2M17.4S","splitDateTime":"2019-08-02T13:45:17.4","splitDateTimeLocal":"2019-08-02T16:45:17.4+03:00"},{"startDateTime":"2019-08-02T13:45:00","startDateTimeLocal":"2019-08-02T16:45:00+03:00","stageTimeDurationMs":364400,"stageTimeDuration":"00:06:04.4000000","splitPointTimeId":85189,"splitPointId":2575,"entryId":20063,"elapsedDurationMs":134900,"elapsedDuration":"PT2M14.9S","splitDateTime":"2019-08-02T13:47:14.9","splitDateTimeLocal":"2019-08-02T16:47:14.9+03:00"},{"startDateTime":"2019-08-02T13:47:00","startDateTimeLocal":"2019-08-02T16:47:00+03:00","stageTimeDurationMs":421400,"stageTimeDuration":"00:07:01.4000000","splitPointTimeId":85199,"splitPointId":2575,"entryId":20060,"elapsedDurationMs":157900,"elapsedDuration":"PT2M37.9S","splitDateTime":"2019-08-02T13:49:37.9","splitDateTimeLocal":"2019-08-02T16:49:37.9+03:00"},{"startDateTime":"2019-08-02T13:50:00","startDateTimeLocal":"2019-08-02T16:50:00+03:00","stageTimeDurationMs":382100,"stageTimeDuration":"00:06:22.1000000","splitPointTimeId":85207,"splitPointId":2575,"entryId":20065,"elapsedDurationMs":141900,"elapsedDuration":"PT2M21.9S","splitDateTime":"2019-08-02T13:52:21.9","splitDateTimeLocal":"2019-08-02T16:52:21.9+03:00"},{"startDateTime":"2019-08-02T13:52:00","startDateTimeLocal":"2019-08-02T16:52:00+03:00","stageTimeDurationMs":393700,"stageTimeDuration":"00:06:33.7000000","splitPointTimeId":85213,"splitPointId":2575,"entryId":20067,"elapsedDurationMs":145900,"elapsedDuration":"PT2M25.9S","splitDateTime":"2019-08-02T13:54:25.9","splitDateTimeLocal":"2019-08-02T16:54:25.9+03:00"},{"startDateTime":"2019-08-02T13:54:00","startDateTimeLocal":"2019-08-02T16:54:00+03:00","stageTimeDurationMs":385800,"stageTimeDuration":"00:06:25.8000000","splitPointTimeId":85218,"splitPointId":2575,"entryId":20068,"elapsedDurationMs":142800,"elapsedDuration":"PT2M22.8S","splitDateTime":"2019-08-02T13:56:22.8","splitDateTimeLocal":"2019-08-02T16:56:22.8+03:00"},{"startDateTime":"2019-08-02T13:56:00","startDateTimeLocal":"2019-08-02T16:56:00+03:00","stageTimeDurationMs":389100,"stageTimeDuration":"00:06:29.1000000","splitPointTimeId":85220,"splitPointId":2575,"entryId":20069,"elapsedDurationMs":143400,"elapsedDuration":"PT2M23.4S","splitDateTime":"2019-08-02T13:58:23.4","splitDateTimeLocal":"2019-08-02T16:58:23.4+03:00"},{"startDateTime":"2019-08-02T13:58:00","startDateTimeLocal":"2019-08-02T16:58:00+03:00","stageTimeDurationMs":386400,"stageTimeDuration":"00:06:26.4000000","splitPointTimeId":85224,"splitPointId":2575,"entryId":20070,"elapsedDurationMs":142900,"elapsedDuration":"PT2M22.9S","splitDateTime":"2019-08-02T14:00:22.9","splitDateTimeLocal":"2019-08-02T17:00:22.9+03:00"},{"startDateTime":"2019-08-02T14:00:00","startDateTimeLocal":"2019-08-02T17:00:00+03:00","stageTimeDurationMs":393600,"stageTimeDuration":"00:06:33.6000000","splitPointTimeId":85227,"splitPointId":2575,"entryId":20071,"elapsedDurationMs":145400,"elapsedDuration":"PT2M25.4S","splitDateTime":"2019-08-02T14:02:25.4","splitDateTimeLocal":"2019-08-02T17:02:25.4+03:00"},{"startDateTime":"2019-08-02T14:02:00","startDateTimeLocal":"2019-08-02T17:02:00+03:00","stageTimeDurationMs":398200,"stageTimeDuration":"00:06:38.2000000","splitPointTimeId":85229,"splitPointId":2575,"entryId":20074,"elapsedDurationMs":147400,"elapsedDuration":"PT2M27.4S","splitDateTime":"2019-08-02T14:04:27.4","splitDateTimeLocal":"2019-08-02T17:04:27.4+03:00"},{"startDateTime":"2019-08-02T14:04:00","startDateTimeLocal":"2019-08-02T17:04:00+03:00","stageTimeDurationMs":388600,"stageTimeDuration":"00:06:28.6000000","splitPointTimeId":85231,"splitPointId":2575,"entryId":20075,"elapsedDurationMs":144400,"elapsedDuration":"PT2M24.4S","splitDateTime":"2019-08-02T14:06:24.4","splitDateTimeLocal":"2019-08-02T17:06:24.4+03:00"},{"startDateTime":"2019-08-02T14:06:00","startDateTimeLocal":"2019-08-02T17:06:00+03:00","stageTimeDurationMs":437000,"stageTimeDuration":"00:07:17","splitPointTimeId":85234,"splitPointId":2575,"entryId":20072,"elapsedDurationMs":161400,"elapsedDuration":"PT2M41.4S","splitDateTime":"2019-08-02T14:08:41.4","splitDateTimeLocal":"2019-08-02T17:08:41.4+03:00"},{"startDateTime":"2019-08-02T14:10:00","startDateTimeLocal":"2019-08-02T17:10:00+03:00","stageTimeDurationMs":425800,"stageTimeDuration":"00:07:05.8000000","splitPointTimeId":85236,"splitPointId":2575,"entryId":20078,"elapsedDurationMs":157900,"elapsedDuration":"PT2M37.9S","splitDateTime":"2019-08-02T14:12:37.9","splitDateTimeLocal":"2019-08-02T17:12:37.9+03:00"},{"startDateTime":"2019-08-02T14:11:00","startDateTimeLocal":"2019-08-02T17:11:00+03:00","stageTimeDurationMs":427400,"stageTimeDuration":"00:07:07.4000000","splitPointTimeId":85237,"splitPointId":2575,"entryId":20079,"elapsedDurationMs":161400,"elapsedDuration":"PT2M41.4S","splitDateTime":"2019-08-02T14:13:41.4","splitDateTimeLocal":"2019-08-02T17:13:41.4+03:00"},{"startDateTime":"2019-08-02T14:12:00","startDateTimeLocal":"2019-08-02T17:12:00+03:00","stageTimeDurationMs":432200,"stageTimeDuration":"00:07:12.2000000","splitPointTimeId":85238,"splitPointId":2575,"entryId":20080,"elapsedDurationMs":161500,"elapsedDuration":"PT2M41.5S","splitDateTime":"2019-08-02T14:14:41.5","splitDateTimeLocal":"2019-08-02T17:14:41.5+03:00"},{"startDateTime":"2019-08-02T14:13:00","startDateTimeLocal":"2019-08-02T17:13:00+03:00","stageTimeDurationMs":432100,"stageTimeDuration":"00:07:12.1000000","splitPointTimeId":85240,"splitPointId":2575,"entryId":20081,"elapsedDurationMs":162400,"elapsedDuration":"PT2M42.4S","splitDateTime":"2019-08-02T14:15:42.4","splitDateTimeLocal":"2019-08-02T17:15:42.4+03:00"},{"startDateTime":"2019-08-02T14:14:00","startDateTimeLocal":"2019-08-02T17:14:00+03:00","stageTimeDurationMs":426100,"stageTimeDuration":"00:07:06.1000000","splitPointTimeId":85242,"splitPointId":2575,"entryId":20082,"elapsedDurationMs":159400,"elapsedDuration":"PT2M39.4S","splitDateTime":"2019-08-02T14:16:39.4","splitDateTimeLocal":"2019-08-02T17:16:39.4+03:00"},{"startDateTime":"2019-08-02T14:16:00","startDateTimeLocal":"2019-08-02T17:16:00+03:00","stageTimeDurationMs":431800,"stageTimeDuration":"00:07:11.8000000","splitPointTimeId":85245,"splitPointId":2575,"entryId":20084,"elapsedDurationMs":162900,"elapsedDuration":"PT2M42.9S","splitDateTime":"2019-08-02T14:18:42.9","splitDateTimeLocal":"2019-08-02T17:18:42.9+03:00"},{"startDateTime":"2019-08-02T14:18:00","startDateTimeLocal":"2019-08-02T17:18:00+03:00","stageTimeDurationMs":483900,"stageTimeDuration":"00:08:03.9000000","splitPointTimeId":85248,"splitPointId":2575,"entryId":20086,"elapsedDurationMs":173400,"elapsedDuration":"PT2M53.4S","splitDateTime":"2019-08-02T14:20:53.4","splitDateTimeLocal":"2019-08-02T17:20:53.4+03:00"},{"startDateTime":"2019-08-02T14:19:00","startDateTimeLocal":"2019-08-02T17:19:00+03:00","stageTimeDurationMs":450300,"stageTimeDuration":"00:07:30.3000000","splitPointTimeId":85250,"splitPointId":2575,"entryId":20087,"elapsedDurationMs":170500,"elapsedDuration":"PT2M50.5S","splitDateTime":"2019-08-02T14:21:50.5","splitDateTimeLocal":"2019-08-02T17:21:50.5+03:00"},{"startDateTime":"2019-08-02T14:20:00","startDateTimeLocal":"2019-08-02T17:20:00+03:00","stageTimeDurationMs":449200,"stageTimeDuration":"00:07:29.2000000","splitPointTimeId":85252,"splitPointId":2575,"entryId":20088,"elapsedDurationMs":170400,"elapsedDuration":"PT2M50.4S","splitDateTime":"2019-08-02T14:22:50.4","splitDateTimeLocal":"2019-08-02T17:22:50.4+03:00"},{"startDateTime":"2019-08-02T14:21:00","startDateTimeLocal":"2019-08-02T17:21:00+03:00","stageTimeDurationMs":463700,"stageTimeDuration":"00:07:43.7000000","splitPointTimeId":85255,"splitPointId":2575,"entryId":20089,"elapsedDurationMs":173000,"elapsedDuration":"PT2M53S","splitDateTime":"2019-08-02T14:23:53","splitDateTimeLocal":"2019-08-02T17:23:53+03:00"},{"startDateTime":"2019-08-02T13:27:00","startDateTimeLocal":"2019-08-02T16:27:00+03:00","stageTimeDurationMs":364300,"stageTimeDuration":"00:06:04.3000000","splitPointTimeId":85137,"splitPointId":2576,"entryId":20057,"elapsedDurationMs":260300,"elapsedDuration":"PT4M20.3S","splitDateTime":"2019-08-02T13:31:20.3","splitDateTimeLocal":"2019-08-02T16:31:20.3+03:00"},{"startDateTime":"2019-08-02T13:29:00","startDateTimeLocal":"2019-08-02T16:29:00+03:00","stageTimeDurationMs":365100,"stageTimeDuration":"00:06:05.1000000","splitPointTimeId":85142,"splitPointId":2576,"entryId":20053,"elapsedDurationMs":261000,"elapsedDuration":"PT4M21S","splitDateTime":"2019-08-02T13:33:21","splitDateTimeLocal":"2019-08-02T16:33:21+03:00"},{"startDateTime":"2019-08-02T13:31:00","startDateTimeLocal":"2019-08-02T16:31:00+03:00","stageTimeDurationMs":366400,"stageTimeDuration":"00:06:06.4000000","splitPointTimeId":85149,"splitPointId":2576,"entryId":20059,"elapsedDurationMs":262400,"elapsedDuration":"PT4M22.4S","splitDateTime":"2019-08-02T13:35:22.4","splitDateTimeLocal":"2019-08-02T16:35:22.4+03:00"},{"startDateTime":"2019-08-02T13:33:00","startDateTimeLocal":"2019-08-02T16:33:00+03:00","stageTimeDurationMs":370000,"stageTimeDuration":"00:06:10","splitPointTimeId":85154,"splitPointId":2576,"entryId":20054,"elapsedDurationMs":264700,"elapsedDuration":"PT4M24.7S","splitDateTime":"2019-08-02T13:37:24.7","splitDateTimeLocal":"2019-08-02T16:37:24.7+03:00"},{"startDateTime":"2019-08-02T13:35:00","startDateTimeLocal":"2019-08-02T16:35:00+03:00","stageTimeDurationMs":364200,"stageTimeDuration":"00:06:04.2000000","splitPointTimeId":85159,"splitPointId":2576,"entryId":20056,"elapsedDurationMs":260700,"elapsedDuration":"PT4M20.7S","splitDateTime":"2019-08-02T13:39:20.7","splitDateTimeLocal":"2019-08-02T16:39:20.7+03:00"},{"startDateTime":"2019-08-02T13:37:00","startDateTimeLocal":"2019-08-02T16:37:00+03:00","stageTimeDurationMs":362800,"stageTimeDuration":"00:06:02.8000000","splitPointTimeId":85164,"splitPointId":2576,"entryId":20064,"elapsedDurationMs":259900,"elapsedDuration":"PT4M19.9S","splitDateTime":"2019-08-02T13:41:19.9","splitDateTimeLocal":"2019-08-02T16:41:19.9+03:00"},{"startDateTime":"2019-08-02T13:39:00","startDateTimeLocal":"2019-08-02T16:39:00+03:00","stageTimeDurationMs":363100,"stageTimeDuration":"00:06:03.1000000","splitPointTimeId":85175,"splitPointId":2576,"entryId":20055,"elapsedDurationMs":259200,"elapsedDuration":"PT4M19.2S","splitDateTime":"2019-08-02T13:43:19.2","splitDateTimeLocal":"2019-08-02T16:43:19.2+03:00"},{"startDateTime":"2019-08-02T13:41:00","startDateTimeLocal":"2019-08-02T16:41:00+03:00","stageTimeDurationMs":364100,"stageTimeDuration":"00:06:04.1000000","splitPointTimeId":85184,"splitPointId":2576,"entryId":20058,"elapsedDurationMs":260600,"elapsedDuration":"PT4M20.6S","splitDateTime":"2019-08-02T13:45:20.6","splitDateTimeLocal":"2019-08-02T16:45:20.6+03:00"},{"startDateTime":"2019-08-02T13:43:00","startDateTimeLocal":"2019-08-02T16:43:00+03:00","stageTimeDurationMs":372700,"stageTimeDuration":"00:06:12.7000000","splitPointTimeId":85191,"splitPointId":2576,"entryId":20062,"elapsedDurationMs":265800,"elapsedDuration":"PT4M25.8S","splitDateTime":"2019-08-02T13:47:25.8","splitDateTimeLocal":"2019-08-02T16:47:25.8+03:00"},{"startDateTime":"2019-08-02T13:45:00","startDateTimeLocal":"2019-08-02T16:45:00+03:00","stageTimeDurationMs":364400,"stageTimeDuration":"00:06:04.4000000","splitPointTimeId":85198,"splitPointId":2576,"entryId":20063,"elapsedDurationMs":260400,"elapsedDuration":"PT4M20.4S","splitDateTime":"2019-08-02T13:49:20.4","splitDateTimeLocal":"2019-08-02T16:49:20.4+03:00"},{"startDateTime":"2019-08-02T13:47:00","startDateTimeLocal":"2019-08-02T16:47:00+03:00","stageTimeDurationMs":421400,"stageTimeDuration":"00:07:01.4000000","splitPointTimeId":85205,"splitPointId":2576,"entryId":20060,"elapsedDurationMs":303300,"elapsedDuration":"PT5M3.3S","splitDateTime":"2019-08-02T13:52:03.3","splitDateTimeLocal":"2019-08-02T16:52:03.3+03:00"},{"startDateTime":"2019-08-02T13:50:00","startDateTimeLocal":"2019-08-02T16:50:00+03:00","stageTimeDurationMs":382100,"stageTimeDuration":"00:06:22.1000000","splitPointTimeId":85214,"splitPointId":2576,"entryId":20065,"elapsedDurationMs":274000,"elapsedDuration":"PT4M34S","splitDateTime":"2019-08-02T13:54:34","splitDateTimeLocal":"2019-08-02T16:54:34+03:00"},{"startDateTime":"2019-08-02T13:52:00","startDateTimeLocal":"2019-08-02T16:52:00+03:00","stageTimeDurationMs":393700,"stageTimeDuration":"00:06:33.7000000","splitPointTimeId":85219,"splitPointId":2576,"entryId":20067,"elapsedDurationMs":282000,"elapsedDuration":"PT4M42S","splitDateTime":"2019-08-02T13:56:42","splitDateTimeLocal":"2019-08-02T16:56:42+03:00"},{"startDateTime":"2019-08-02T13:54:00","startDateTimeLocal":"2019-08-02T16:54:00+03:00","stageTimeDurationMs":385800,"stageTimeDuration":"00:06:25.8000000","splitPointTimeId":85221,"splitPointId":2576,"entryId":20068,"elapsedDurationMs":276100,"elapsedDuration":"PT4M36.1S","splitDateTime":"2019-08-02T13:58:36.1","splitDateTimeLocal":"2019-08-02T16:58:36.1+03:00"},{"startDateTime":"2019-08-02T13:56:00","startDateTimeLocal":"2019-08-02T16:56:00+03:00","stageTimeDurationMs":389100,"stageTimeDuration":"00:06:29.1000000","splitPointTimeId":85225,"splitPointId":2576,"entryId":20069,"elapsedDurationMs":278900,"elapsedDuration":"PT4M38.9S","splitDateTime":"2019-08-02T14:00:38.9","splitDateTimeLocal":"2019-08-02T17:00:38.9+03:00"},{"startDateTime":"2019-08-02T13:58:00","startDateTimeLocal":"2019-08-02T16:58:00+03:00","stageTimeDurationMs":386400,"stageTimeDuration":"00:06:26.4000000","splitPointTimeId":85228,"splitPointId":2576,"entryId":20070,"elapsedDurationMs":276800,"elapsedDuration":"PT4M36.8S","splitDateTime":"2019-08-02T14:02:36.8","splitDateTimeLocal":"2019-08-02T17:02:36.8+03:00"},{"startDateTime":"2019-08-02T14:00:00","startDateTimeLocal":"2019-08-02T17:00:00+03:00","stageTimeDurationMs":393600,"stageTimeDuration":"00:06:33.6000000","splitPointTimeId":85230,"splitPointId":2576,"entryId":20071,"elapsedDurationMs":283300,"elapsedDuration":"PT4M43.3S","splitDateTime":"2019-08-02T14:04:43.3","splitDateTimeLocal":"2019-08-02T17:04:43.3+03:00"},{"startDateTime":"2019-08-02T14:02:00","startDateTimeLocal":"2019-08-02T17:02:00+03:00","stageTimeDurationMs":398200,"stageTimeDuration":"00:06:38.2000000","splitPointTimeId":85232,"splitPointId":2576,"entryId":20074,"elapsedDurationMs":284400,"elapsedDuration":"PT4M44.4S","splitDateTime":"2019-08-02T14:06:44.4","splitDateTimeLocal":"2019-08-02T17:06:44.4+03:00"},{"startDateTime":"2019-08-02T14:04:00","startDateTimeLocal":"2019-08-02T17:04:00+03:00","stageTimeDurationMs":388600,"stageTimeDuration":"00:06:28.6000000","splitPointTimeId":85233,"splitPointId":2576,"entryId":20075,"elapsedDurationMs":278400,"elapsedDuration":"PT4M38.4S","splitDateTime":"2019-08-02T14:08:38.4","splitDateTimeLocal":"2019-08-02T17:08:38.4+03:00"},{"startDateTime":"2019-08-02T14:06:00","startDateTimeLocal":"2019-08-02T17:06:00+03:00","stageTimeDurationMs":437000,"stageTimeDuration":"00:07:17","splitPointTimeId":85235,"splitPointId":2576,"entryId":20072,"elapsedDurationMs":314500,"elapsedDuration":"PT5M14.5S","splitDateTime":"2019-08-02T14:11:14.5","splitDateTimeLocal":"2019-08-02T17:11:14.5+03:00"},{"startDateTime":"2019-08-02T14:10:00","startDateTimeLocal":"2019-08-02T17:10:00+03:00","stageTimeDurationMs":425800,"stageTimeDuration":"00:07:05.8000000","splitPointTimeId":85239,"splitPointId":2576,"entryId":20078,"elapsedDurationMs":302700,"elapsedDuration":"PT5M2.7S","splitDateTime":"2019-08-02T14:15:02.7","splitDateTimeLocal":"2019-08-02T17:15:02.7+03:00"},{"startDateTime":"2019-08-02T14:11:00","startDateTimeLocal":"2019-08-02T17:11:00+03:00","stageTimeDurationMs":427400,"stageTimeDuration":"00:07:07.4000000","splitPointTimeId":85241,"splitPointId":2576,"entryId":20079,"elapsedDurationMs":305100,"elapsedDuration":"PT5M5.1S","splitDateTime":"2019-08-02T14:16:05.1","splitDateTimeLocal":"2019-08-02T17:16:05.1+03:00"},{"startDateTime":"2019-08-02T14:12:00","startDateTimeLocal":"2019-08-02T17:12:00+03:00","stageTimeDurationMs":432200,"stageTimeDuration":"00:07:12.2000000","splitPointTimeId":85243,"splitPointId":2576,"entryId":20080,"elapsedDurationMs":307100,"elapsedDuration":"PT5M7.1S","splitDateTime":"2019-08-02T14:17:07.1","splitDateTimeLocal":"2019-08-02T17:17:07.1+03:00"},{"startDateTime":"2019-08-02T14:13:00","startDateTimeLocal":"2019-08-02T17:13:00+03:00","stageTimeDurationMs":432100,"stageTimeDuration":"00:07:12.1000000","splitPointTimeId":85244,"splitPointId":2576,"entryId":20081,"elapsedDurationMs":308700,"elapsedDuration":"PT5M8.7S","splitDateTime":"2019-08-02T14:18:08.7","splitDateTimeLocal":"2019-08-02T17:18:08.7+03:00"},{"startDateTime":"2019-08-02T14:14:00","startDateTimeLocal":"2019-08-02T17:14:00+03:00","stageTimeDurationMs":426100,"stageTimeDuration":"00:07:06.1000000","splitPointTimeId":85246,"splitPointId":2576,"entryId":20082,"elapsedDurationMs":303900,"elapsedDuration":"PT5M3.9S","splitDateTime":"2019-08-02T14:19:03.9","splitDateTimeLocal":"2019-08-02T17:19:03.9+03:00"},{"startDateTime":"2019-08-02T14:16:00","startDateTimeLocal":"2019-08-02T17:16:00+03:00","stageTimeDurationMs":431800,"stageTimeDuration":"00:07:11.8000000","splitPointTimeId":85249,"splitPointId":2576,"entryId":20084,"elapsedDurationMs":307900,"elapsedDuration":"PT5M7.9S","splitDateTime":"2019-08-02T14:21:07.9","splitDateTimeLocal":"2019-08-02T17:21:07.9+03:00"},{"startDateTime":"2019-08-02T14:18:00","startDateTimeLocal":"2019-08-02T17:18:00+03:00","stageTimeDurationMs":483900,"stageTimeDuration":"00:08:03.9000000","splitPointTimeId":85254,"splitPointId":2576,"entryId":20086,"elapsedDurationMs":328900,"elapsedDuration":"PT5M28.9S","splitDateTime":"2019-08-02T14:23:28.9","splitDateTimeLocal":"2019-08-02T17:23:28.9+03:00"},{"startDateTime":"2019-08-02T14:19:00","startDateTimeLocal":"2019-08-02T17:19:00+03:00","stageTimeDurationMs":450300,"stageTimeDuration":"00:07:30.3000000","splitPointTimeId":85256,"splitPointId":2576,"entryId":20087,"elapsedDurationMs":320200,"elapsedDuration":"PT5M20.2S","splitDateTime":"2019-08-02T14:24:20.2","splitDateTimeLocal":"2019-08-02T17:24:20.2+03:00"},{"startDateTime":"2019-08-02T14:20:00","startDateTimeLocal":"2019-08-02T17:20:00+03:00","stageTimeDurationMs":449200,"stageTimeDuration":"00:07:29.2000000","splitPointTimeId":85259,"splitPointId":2576,"entryId":20088,"elapsedDurationMs":320200,"elapsedDuration":"PT5M20.2S","splitDateTime":"2019-08-02T14:25:20.2","splitDateTimeLocal":"2019-08-02T17:25:20.2+03:00"},{"startDateTime":"2019-08-02T14:21:00","startDateTimeLocal":"2019-08-02T17:21:00+03:00","stageTimeDurationMs":463700,"stageTimeDuration":"00:07:43.7000000","splitPointTimeId":85260,"splitPointId":2576,"entryId":20089,"elapsedDurationMs":331700,"elapsedDuration":"PT5M31.7S","splitDateTime":"2019-08-02T14:26:31.7","splitDateTimeLocal":"2019-08-02T17:26:31.7+03:00"}]