[{"stageTimeId":54673,"stageId":911,"entryId":3532,"elapsedDurationMs":683100,"elapsedDuration":"00:11:23.1000000","status":"Completed","source":"Default","position":1,"diffFirstMs":0,"diffFirst":"00:00:00","diffPrevMs":0,"diffPrev":"00:00:00"},{"stageTimeId":54702,"stageId":911,"entryId":3531,"elapsedDurationMs":688300,"elapsedDuration":"00:11:28.3000000","status":"Completed","source":"Default","position":2,"diffFirstMs":5200,"diffFirst":"00:00:05.2000000","diffPrevMs":5200,"diffPrev":"00:00:05.2000000"},{"stageTimeId":54665,"stageId":911,"entryId":3526,"elapsedDurationMs":688900,"elapsedDuration":"00:11:28.9000000","status":"Completed","source":"Default","position":3,"diffFirstMs":5800,"diffFirst":"00:00:05.8000000","diffPrevMs":600,"diffPrev":"00:00:00.6000000"},{"stageTimeId":54560,"stageId":911,"entryId":3527,"elapsedDurationMs":692100,"elapsedDuration":"00:11:32.1000000","status":"Completed","source":"Default","position":4,"diffFirstMs":9000,"diffFirst":"00:00:09","diffPrevMs":3200,"diffPrev":"00:00:03.2000000"},{"stageTimeId":54680,"stageId":911,"entryId":3529,"elapsedDurationMs":692400,"elapsedDuration":"00:11:32.4000000","status":"Completed","source":"Default","position":5,"diffFirstMs":9300,"diffFirst":"00:00:09.3000000","diffPrevMs":300,"diffPrev":"00:00:00.3000000"},{"stageTimeId":54713,"stageId":911,"entryId":3533,"elapsedDurationMs":693000,"elapsedDuration":"00:11:33","status":"Completed","source":"Default","position":6,"diffFirstMs":9900,"diffFirst":"00:00:09.9000000","diffPrevMs":600,"diffPrev":"00:00:00.6000000"},{"stageTimeId":54694,"stageId":911,"entryId":3538,"elapsedDurationMs":694400,"elapsedDuration":"00:11:34.4000000","status":"Completed","source":"Default","position":7,"diffFirstMs":11300,"diffFirst":"00:00:11.3000000","diffPrevMs":1400,"diffPrev":"00:00:01.4000000"},{"stageTimeId":54686,"stageId":911,"entryId":3535,"elapsedDurationMs":694900,"elapsedDuration":"00:11:34.9000000","status":"Completed","source":"Default","position":8,"diffFirstMs":11800,"diffFirst":"00:00:11.8000000","diffPrevMs":500,"diffPrev":"00:00:00.5000000"},{"stageTimeId":54706,"stageId":911,"entryId":3528,"elapsedDurationMs":695600,"elapsedDuration":"00:11:35.6000000","status":"Completed","source":"Default","position":9,"diffFirstMs":12500,"diffFirst":"00:00:12.5000000","diffPrevMs":700,"diffPrev":"00:00:00.7000000"},{"stageTimeId":54721,"stageId":911,"entryId":3534,"elapsedDurationMs":699900,"elapsedDuration":"00:11:39.9000000","status":"Completed","source":"Default","position":10,"diffFirstMs":16800,"diffFirst":"00:00:16.8000000","diffPrevMs":4300,"diffPrev":"00:00:04.3000000"},{"stageTimeId":54657,"stageId":911,"entryId":3537,"elapsedDurationMs":708500,"elapsedDuration":"00:11:48.5000000","status":"Completed","source":"Default","position":11,"diffFirstMs":25400,"diffFirst":"00:00:25.4000000","diffPrevMs":8600,"diffPrev":"00:00:08.6000000"},{"stageTimeId":54647,"stageId":911,"entryId":3530,"elapsedDurationMs":711300,"elapsedDuration":"00:11:51.3000000","status":"Completed","source":"Default","position":12,"diffFirstMs":28200,"diffFirst":"00:00:28.2000000","diffPrevMs":2800,"diffPrev":"00:00:02.8000000"},{"stageTimeId":54608,"stageId":911,"entryId":3546,"elapsedDurationMs":720000,"elapsedDuration":"00:12:00","status":"Completed","source":"Default","position":13,"diffFirstMs":36900,"diffFirst":"00:00:36.9000000","diffPrevMs":8700,"diffPrev":"00:00:08.7000000"},{"stageTimeId":54576,"stageId":911,"entryId":3541,"elapsedDurationMs":722800,"elapsedDuration":"00:12:02.8000000","status":"Completed","source":"Default","position":14,"diffFirstMs":39700,"diffFirst":"00:00:39.7000000","diffPrevMs":2800,"diffPrev":"00:00:02.8000000"},{"stageTimeId":54639,"stageId":911,"entryId":3539,"elapsedDurationMs":722900,"elapsedDuration":"00:12:02.9000000","status":"Completed","source":"Default","position":15,"diffFirstMs":39800,"diffFirst":"00:00:39.8000000","diffPrevMs":100,"diffPrev":"00:00:00.1000000"},{"stageTimeId":54624,"stageId":911,"entryId":3550,"elapsedDurationMs":723800,"elapsedDuration":"00:12:03.8000000","status":"Completed","source":"Default","position":16,"diffFirstMs":40700,"diffFirst":"00:00:40.7000000","diffPrevMs":900,"diffPrev":"00:00:00.9000000"},{"stageTimeId":54616,"stageId":911,"entryId":3551,"elapsedDurationMs":726400,"elapsedDuration":"00:12:06.4000000","status":"Completed","source":"Default","position":17,"diffFirstMs":43300,"diffFirst":"00:00:43.3000000","diffPrevMs":2600,"diffPrev":"00:00:02.6000000"},{"stageTimeId":54582,"stageId":911,"entryId":3552,"elapsedDurationMs":726800,"elapsedDuration":"00:12:06.8000000","status":"Completed","source":"Default","position":18,"diffFirstMs":43700,"diffFirst":"00:00:43.7000000","diffPrevMs":400,"diffPrev":"00:00:00.4000000"},{"stageTimeId":54542,"stageId":911,"entryId":3542,"elapsedDurationMs":726900,"elapsedDuration":"00:12:06.9000000","status":"Completed","source":"Default","position":19,"diffFirstMs":43800,"diffFirst":"00:00:43.8000000","diffPrevMs":100,"diffPrev":"00:00:00.1000000"},{"stageTimeId":54653,"stageId":911,"entryId":3536,"elapsedDurationMs":728200,"elapsedDuration":"00:12:08.2000000","status":"Completed","source":"Default","position":20,"diffFirstMs":45100,"diffFirst":"00:00:45.1000000","diffPrevMs":1300,"diffPrev":"00:00:01.3000000"},{"stageTimeId":54598,"stageId":911,"entryId":3548,"elapsedDurationMs":729000,"elapsedDuration":"00:12:09","status":"Completed","source":"Default","position":21,"diffFirstMs":45900,"diffFirst":"00:00:45.9000000","diffPrevMs":800,"diffPrev":"00:00:00.8000000"},{"stageTimeId":54590,"stageId":911,"entryId":3549,"elapsedDurationMs":730300,"elapsedDuration":"00:12:10.3000000","status":"Completed","source":"Default","position":22,"diffFirstMs":47200,"diffFirst":"00:00:47.2000000","diffPrevMs":1300,"diffPrev":"00:00:01.3000000"},{"stageTimeId":54568,"stageId":911,"entryId":3540,"elapsedDurationMs":730500,"elapsedDuration":"00:12:10.5000000","status":"Completed","source":"Default","position":23,"diffFirstMs":47400,"diffFirst":"00:00:47.4000000","diffPrevMs":200,"diffPrev":"00:00:00.2000000"},{"stageTimeId":54865,"stageId":911,"entryId":3545,"elapsedDurationMs":736900,"elapsedDuration":"00:12:16.9000000","status":"Completed","source":"Default","position":24,"diffFirstMs":53800,"diffFirst":"00:00:53.8000000","diffPrevMs":6400,"diffPrev":"00:00:06.4000000"},{"stageTimeId":54534,"stageId":911,"entryId":3543,"elapsedDurationMs":742900,"elapsedDuration":"00:12:22.9000000","status":"Completed","source":"Default","position":25,"diffFirstMs":59800,"diffFirst":"00:00:59.8000000","diffPrevMs":6000,"diffPrev":"00:00:06"},{"stageTimeId":54873,"stageId":911,"entryId":3547,"elapsedDurationMs":744900,"elapsedDuration":"00:12:24.9000000","status":"Completed","source":"Default","position":26,"diffFirstMs":61800,"diffFirst":"00:01:01.8000000","diffPrevMs":2000,"diffPrev":"00:00:02"},{"stageTimeId":54550,"stageId":911,"entryId":3544,"elapsedDurationMs":747000,"elapsedDuration":"00:12:27","status":"Completed","source":"Default","position":27,"diffFirstMs":63900,"diffFirst":"00:01:03.9000000","diffPrevMs":2100,"diffPrev":"00:00:02.1000000"},{"stageTimeId":54732,"stageId":911,"entryId":3562,"elapsedDurationMs":750700,"elapsedDuration":"00:12:30.7000000","status":"Completed","source":"Default","position":28,"diffFirstMs":67600,"diffFirst":"00:01:07.6000000","diffPrevMs":3700,"diffPrev":"00:00:03.7000000"},{"stageTimeId":54929,"stageId":911,"entryId":3576,"elapsedDurationMs":752500,"elapsedDuration":"00:12:32.5000000","status":"Completed","source":"Default","position":29,"diffFirstMs":69400,"diffFirst":"00:01:09.4000000","diffPrevMs":1800,"diffPrev":"00:00:01.8000000"},{"stageTimeId":54847,"stageId":911,"entryId":3559,"elapsedDurationMs":763000,"elapsedDuration":"00:12:43","status":"Completed","source":"Default","position":30,"diffFirstMs":79900,"diffFirst":"00:01:19.9000000","diffPrevMs":10500,"diffPrev":"00:00:10.5000000"},{"stageTimeId":54839,"stageId":911,"entryId":3555,"elapsedDurationMs":763300,"elapsedDuration":"00:12:43.3000000","status":"Completed","source":"Default","position":31,"diffFirstMs":80200,"diffFirst":"00:01:20.2000000","diffPrevMs":300,"diffPrev":"00:00:00.3000000"},{"stageTimeId":54768,"stageId":911,"entryId":3578,"elapsedDurationMs":771800,"elapsedDuration":"00:12:51.8000000","status":"Completed","source":"Default","position":32,"diffFirstMs":88700,"diffFirst":"00:01:28.7000000","diffPrevMs":8500,"diffPrev":"00:00:08.5000000"},{"stageTimeId":54880,"stageId":911,"entryId":3581,"elapsedDurationMs":772000,"elapsedDuration":"00:12:52","status":"Completed","source":"Default","position":33,"diffFirstMs":88900,"diffFirst":"00:01:28.9000000","diffPrevMs":200,"diffPrev":"00:00:00.2000000"},{"stageTimeId":54886,"stageId":911,"entryId":3560,"elapsedDurationMs":780100,"elapsedDuration":"00:13:00.1000000","status":"Completed","source":"Default","position":34,"diffFirstMs":97000,"diffFirst":"00:01:37","diffPrevMs":8100,"diffPrev":"00:00:08.1000000"},{"stageTimeId":54921,"stageId":911,"entryId":3563,"elapsedDurationMs":780900,"elapsedDuration":"00:13:00.9000000","status":"Completed","source":"Default","position":35,"diffFirstMs":97800,"diffFirst":"00:01:37.8000000","diffPrevMs":800,"diffPrev":"00:00:00.8000000"},{"stageTimeId":54902,"stageId":911,"entryId":3584,"elapsedDurationMs":783600,"elapsedDuration":"00:13:03.6000000","status":"Completed","source":"Default","position":36,"diffFirstMs":100500,"diffFirst":"00:01:40.5000000","diffPrevMs":2700,"diffPrev":"00:00:02.7000000"},{"stageTimeId":54750,"stageId":911,"entryId":3568,"elapsedDurationMs":784400,"elapsedDuration":"00:13:04.4000000","status":"Completed","source":"Default","position":37,"diffFirstMs":101300,"diffFirst":"00:01:41.3000000","diffPrevMs":800,"diffPrev":"00:00:00.8000000"},{"stageTimeId":54804,"stageId":911,"entryId":3557,"elapsedDurationMs":793700,"elapsedDuration":"00:13:13.7000000","status":"Completed","source":"Default","position":38,"diffFirstMs":110600,"diffFirst":"00:01:50.6000000","diffPrevMs":9300,"diffPrev":"00:00:09.3000000"},{"stageTimeId":54894,"stageId":911,"entryId":3566,"elapsedDurationMs":794600,"elapsedDuration":"00:13:14.6000000","status":"Completed","source":"Default","position":39,"diffFirstMs":111500,"diffFirst":"00:01:51.5000000","diffPrevMs":900,"diffPrev":"00:00:00.9000000"},{"stageTimeId":54790,"stageId":911,"entryId":3556,"elapsedDurationMs":796700,"elapsedDuration":"00:13:16.7000000","status":"Completed","source":"Default","position":40,"diffFirstMs":113600,"diffFirst":"00:01:53.6000000","diffPrevMs":2100,"diffPrev":"00:00:02.1000000"},{"stageTimeId":54913,"stageId":911,"entryId":3561,"elapsedDurationMs":797900,"elapsedDuration":"00:13:17.9000000","status":"Completed","source":"Default","position":41,"diffFirstMs":114800,"diffFirst":"00:01:54.8000000","diffPrevMs":1200,"diffPrev":"00:00:01.2000000"},{"stageTimeId":54734,"stageId":911,"entryId":3567,"elapsedDurationMs":803400,"elapsedDuration":"00:13:23.4000000","status":"Completed","source":"Default","position":42,"diffFirstMs":120300,"diffFirst":"00:02:00.3000000","diffPrevMs":5500,"diffPrev":"00:00:05.5000000"},{"stageTimeId":54856,"stageId":911,"entryId":3554,"elapsedDurationMs":804500,"elapsedDuration":"00:13:24.5000000","status":"Completed","source":"Default","position":43,"diffFirstMs":121400,"diffFirst":"00:02:01.4000000","diffPrevMs":1100,"diffPrev":"00:00:01.1000000"},{"stageTimeId":54816,"stageId":911,"entryId":3570,"elapsedDurationMs":804600,"elapsedDuration":"00:13:24.6000000","status":"Completed","source":"Default","position":44,"diffFirstMs":121500,"diffFirst":"00:02:01.5000000","diffPrevMs":100,"diffPrev":"00:00:00.1000000"},{"stageTimeId":54776,"stageId":911,"entryId":3565,"elapsedDurationMs":806500,"elapsedDuration":"00:13:26.5000000","status":"Completed","source":"Default","position":45,"diffFirstMs":123400,"diffFirst":"00:02:03.4000000","diffPrevMs":1900,"diffPrev":"00:00:01.9000000"},{"stageTimeId":54798,"stageId":911,"entryId":3585,"elapsedDurationMs":809000,"elapsedDuration":"00:13:29","status":"Completed","source":"Default","position":46,"diffFirstMs":125900,"diffFirst":"00:02:05.9000000","diffPrevMs":2500,"diffPrev":"00:00:02.5000000"},{"stageTimeId":54516,"stageId":911,"entryId":3586,"elapsedDurationMs":811600,"elapsedDuration":"00:13:31.6000000","status":"Completed","source":"Default","position":47,"diffFirstMs":128500,"diffFirst":"00:02:08.5000000","diffPrevMs":2600,"diffPrev":"00:00:02.6000000"},{"stageTimeId":54808,"stageId":911,"entryId":3564,"elapsedDurationMs":816500,"elapsedDuration":"00:13:36.5000000","status":"Completed","source":"Default","position":48,"diffFirstMs":133400,"diffFirst":"00:02:13.4000000","diffPrevMs":4900,"diffPrev":"00:00:04.9000000"},{"stageTimeId":54824,"stageId":911,"entryId":3571,"elapsedDurationMs":820200,"elapsedDuration":"00:13:40.2000000","status":"Completed","source":"Default","position":49,"diffFirstMs":137100,"diffFirst":"00:02:17.1000000","diffPrevMs":3700,"diffPrev":"00:00:03.7000000"},{"stageTimeId":54486,"stageId":911,"entryId":3569,"elapsedDurationMs":827800,"elapsedDuration":"00:13:47.8000000","status":"Completed","source":"Default","position":50,"diffFirstMs":144700,"diffFirst":"00:02:24.7000000","diffPrevMs":7600,"diffPrev":"00:00:07.6000000"},{"stageTimeId":54475,"stageId":911,"entryId":3582,"elapsedDurationMs":830500,"elapsedDuration":"00:13:50.5000000","status":"Completed","source":"Default","position":51,"diffFirstMs":147400,"diffFirst":"00:02:27.4000000","diffPrevMs":2700,"diffPrev":"00:00:02.7000000"},{"stageTimeId":54742,"stageId":911,"entryId":3558,"elapsedDurationMs":833000,"elapsedDuration":"00:13:53","status":"Completed","source":"Default","position":52,"diffFirstMs":149900,"diffFirst":"00:02:29.9000000","diffPrevMs":2500,"diffPrev":"00:00:02.5000000"},{"stageTimeId":54505,"stageId":911,"entryId":3575,"elapsedDurationMs":835400,"elapsedDuration":"00:13:55.4000000","status":"Completed","source":"Default","position":53,"diffFirstMs":152300,"diffFirst":"00:02:32.3000000","diffPrevMs":2400,"diffPrev":"00:00:02.4000000"},{"stageTimeId":54479,"stageId":911,"entryId":3572,"elapsedDurationMs":851300,"elapsedDuration":"00:14:11.3000000","status":"Completed","source":"Default","position":54,"diffFirstMs":168200,"diffFirst":"00:02:48.2000000","diffPrevMs":15900,"diffPrev":"00:00:15.9000000"},{"stageTimeId":54487,"stageId":911,"entryId":3573,"elapsedDurationMs":853200,"elapsedDuration":"00:14:13.2000000","status":"Completed","source":"Default","position":55,"diffFirstMs":170100,"diffFirst":"00:02:50.1000000","diffPrevMs":1900,"diffPrev":"00:00:01.9000000"},{"stageTimeId":54477,"stageId":911,"entryId":3587,"elapsedDurationMs":868600,"elapsedDuration":"00:14:28.6000000","status":"Completed","source":"Default","position":56,"diffFirstMs":185500,"diffFirst":"00:03:05.5000000","diffPrevMs":15400,"diffPrev":"00:00:15.4000000"},{"stageTimeId":54502,"stageId":911,"entryId":3574,"elapsedDurationMs":872600,"elapsedDuration":"00:14:32.6000000","status":"Completed","source":"Default","position":57,"diffFirstMs":189500,"diffFirst":"00:03:09.5000000","diffPrevMs":4000,"diffPrev":"00:00:04"},{"stageTimeId":54476,"stageId":911,"entryId":3583,"elapsedDurationMs":997400,"elapsedDuration":"00:16:37.4000000","status":"Completed","source":"Default","position":58,"diffFirstMs":314300,"diffFirst":"00:05:14.3000000","diffPrevMs":124800,"diffPrev":"00:02:04.8000000"},{"stageTimeId":54466,"stageId":911,"entryId":3580,"elapsedDurationMs":1326300,"elapsedDuration":"00:22:06.3000000","status":"Completed","source":"Default","position":59,"diffFirstMs":643200,"diffFirst":"00:10:43.2000000","diffPrevMs":328900,"diffPrev":"00:05:28.9000000"},{"stageTimeId":54760,"stageId":911,"entryId":3577,"elapsedDurationMs":null,"elapsedDuration":null,"status":"DNS","source":"Default","position":null,"diffFirstMs":null,"diffFirst":null,"diffPrevMs":null,"diffPrev":null}]