[{"entryId":19868,"stageTimeMs":8439900,"stageTime":"PT2H20M39.9S","penaltyTimeMs":0,"penaltyTime":"PT0S","totalTimeMs":8439900,"totalTime":"PT2H20M39.9S","position":1,"diffFirstMs":0,"diffFirst":"PT0S","diffPrevMs":0,"diffPrev":"PT0S"},{"entryId":19867,"stageTimeMs":8446300,"stageTime":"PT2H20M46.3S","penaltyTimeMs":0,"penaltyTime":"PT0S","totalTimeMs":8446300,"totalTime":"PT2H20M46.3S","position":2,"diffFirstMs":6400,"diffFirst":"PT6.4S","diffPrevMs":6400,"diffPrev":"PT6.4S"},{"entryId":19864,"stageTimeMs":8467000,"stageTime":"PT2H21M7S","penaltyTimeMs":0,"penaltyTime":"PT0S","totalTimeMs":8467000,"totalTime":"PT2H21M7S","position":3,"diffFirstMs":27100,"diffFirst":"PT27.1S","diffPrevMs":20700,"diffPrev":"PT20.7S"},{"entryId":19871,"stageTimeMs":8494900,"stageTime":"PT2H21M34.9S","penaltyTimeMs":0,"penaltyTime":"PT0S","totalTimeMs":8494900,"totalTime":"PT2H21M34.9S","position":4,"diffFirstMs":55000,"diffFirst":"PT55S","diffPrevMs":27900,"diffPrev":"PT27.9S"},{"entryId":19873,"stageTimeMs":8497500,"stageTime":"PT2H21M37.5S","penaltyTimeMs":0,"penaltyTime":"PT0S","totalTimeMs":8497500,"totalTime":"PT2H21M37.5S","position":5,"diffFirstMs":57600,"diffFirst":"PT57.6S","diffPrevMs":2600,"diffPrev":"PT2.6S"},{"entryId":19866,"stageTimeMs":8508300,"stageTime":"PT2H21M48.3S","penaltyTimeMs":0,"penaltyTime":"PT0S","totalTimeMs":8508300,"totalTime":"PT2H21M48.3S","position":6,"diffFirstMs":68400,"diffFirst":"PT1M8.4S","diffPrevMs":10800,"diffPrev":"PT10.8S"},{"entryId":19870,"stageTimeMs":8560200,"stageTime":"PT2H22M40.2S","penaltyTimeMs":0,"penaltyTime":"PT0S","totalTimeMs":8560200,"totalTime":"PT2H22M40.2S","position":7,"diffFirstMs":120300,"diffFirst":"PT2M0.3S","diffPrevMs":51900,"diffPrev":"PT51.9S"},{"entryId":19865,"stageTimeMs":8580300,"stageTime":"PT2H23M0.3S","penaltyTimeMs":0,"penaltyTime":"PT0S","totalTimeMs":8580300,"totalTime":"PT2H23M0.3S","position":8,"diffFirstMs":140400,"diffFirst":"PT2M20.4S","diffPrevMs":20100,"diffPrev":"PT20.1S"},{"entryId":19875,"stageTimeMs":8746100,"stageTime":"PT2H25M46.1S","penaltyTimeMs":0,"penaltyTime":"PT0S","totalTimeMs":8746100,"totalTime":"PT2H25M46.1S","position":9,"diffFirstMs":306200,"diffFirst":"PT5M6.2S","diffPrevMs":165800,"diffPrev":"PT2M45.8S"},{"entryId":19888,"stageTimeMs":8756900,"stageTime":"PT2H25M56.9S","penaltyTimeMs":0,"penaltyTime":"PT0S","totalTimeMs":8756900,"totalTime":"PT2H25M56.9S","position":10,"diffFirstMs":317000,"diffFirst":"PT5M17S","diffPrevMs":10800,"diffPrev":"PT10.8S"},{"entryId":19872,"stageTimeMs":8692300,"stageTime":"PT2H24M52.3S","penaltyTimeMs":70000,"penaltyTime":"PT1M10S","totalTimeMs":8762300,"totalTime":"PT2H26M2.3S","position":11,"diffFirstMs":322400,"diffFirst":"PT5M22.4S","diffPrevMs":5400,"diffPrev":"PT5.4S"},{"entryId":19876,"stageTimeMs":8766200,"stageTime":"PT2H26M6.2S","penaltyTimeMs":0,"penaltyTime":"PT0S","totalTimeMs":8766200,"totalTime":"PT2H26M6.2S","position":12,"diffFirstMs":326300,"diffFirst":"PT5M26.3S","diffPrevMs":3900,"diffPrev":"PT3.9S"},{"entryId":19880,"stageTimeMs":8823300,"stageTime":"PT2H27M3.3S","penaltyTimeMs":0,"penaltyTime":"PT0S","totalTimeMs":8823300,"totalTime":"PT2H27M3.3S","position":13,"diffFirstMs":383400,"diffFirst":"PT6M23.4S","diffPrevMs":57100,"diffPrev":"PT57.1S"},{"entryId":19885,"stageTimeMs":8854500,"stageTime":"PT2H27M34.5S","penaltyTimeMs":0,"penaltyTime":"PT0S","totalTimeMs":8854500,"totalTime":"PT2H27M34.5S","position":14,"diffFirstMs":414600,"diffFirst":"PT6M54.6S","diffPrevMs":31200,"diffPrev":"PT31.2S"},{"entryId":19889,"stageTimeMs":8897100,"stageTime":"PT2H28M17.1S","penaltyTimeMs":0,"penaltyTime":"PT0S","totalTimeMs":8897100,"totalTime":"PT2H28M17.1S","position":15,"diffFirstMs":457200,"diffFirst":"PT7M37.2S","diffPrevMs":42600,"diffPrev":"PT42.6S"},{"entryId":19884,"stageTimeMs":8910000,"stageTime":"PT2H28M30S","penaltyTimeMs":0,"penaltyTime":"PT0S","totalTimeMs":8910000,"totalTime":"PT2H28M30S","position":16,"diffFirstMs":470100,"diffFirst":"PT7M50.1S","diffPrevMs":12900,"diffPrev":"PT12.9S"},{"entryId":19890,"stageTimeMs":8967700,"stageTime":"PT2H29M27.7S","penaltyTimeMs":0,"penaltyTime":"PT0S","totalTimeMs":8967700,"totalTime":"PT2H29M27.7S","position":17,"diffFirstMs":527800,"diffFirst":"PT8M47.8S","diffPrevMs":57700,"diffPrev":"PT57.7S"},{"entryId":19879,"stageTimeMs":8976600,"stageTime":"PT2H29M36.6S","penaltyTimeMs":0,"penaltyTime":"PT0S","totalTimeMs":8976600,"totalTime":"PT2H29M36.6S","position":18,"diffFirstMs":536700,"diffFirst":"PT8M56.7S","diffPrevMs":8900,"diffPrev":"PT8.9S"},{"entryId":19912,"stageTimeMs":9021000,"stageTime":"PT2H30M21S","penaltyTimeMs":0,"penaltyTime":"PT0S","totalTimeMs":9021000,"totalTime":"PT2H30M21S","position":19,"diffFirstMs":581100,"diffFirst":"PT9M41.1S","diffPrevMs":44400,"diffPrev":"PT44.4S"},{"entryId":19911,"stageTimeMs":9035200,"stageTime":"PT2H30M35.2S","penaltyTimeMs":0,"penaltyTime":"PT0S","totalTimeMs":9035200,"totalTime":"PT2H30M35.2S","position":20,"diffFirstMs":595300,"diffFirst":"PT9M55.3S","diffPrevMs":14200,"diffPrev":"PT14.2S"},{"entryId":19907,"stageTimeMs":9282700,"stageTime":"PT2H34M42.7S","penaltyTimeMs":0,"penaltyTime":"PT0S","totalTimeMs":9282700,"totalTime":"PT2H34M42.7S","position":21,"diffFirstMs":842800,"diffFirst":"PT14M2.8S","diffPrevMs":247500,"diffPrev":"PT4M7.5S"},{"entryId":19874,"stageTimeMs":9348300,"stageTime":"PT2H35M48.3S","penaltyTimeMs":0,"penaltyTime":"PT0S","totalTimeMs":9348300,"totalTime":"PT2H35M48.3S","position":22,"diffFirstMs":908400,"diffFirst":"PT15M8.4S","diffPrevMs":65600,"diffPrev":"PT1M5.6S"},{"entryId":19881,"stageTimeMs":9571800,"stageTime":"PT2H39M31.8S","penaltyTimeMs":0,"penaltyTime":"PT0S","totalTimeMs":9571800,"totalTime":"PT2H39M31.8S","position":23,"diffFirstMs":1131900,"diffFirst":"PT18M51.9S","diffPrevMs":223500,"diffPrev":"PT3M43.5S"},{"entryId":19893,"stageTimeMs":9579300,"stageTime":"PT2H39M39.3S","penaltyTimeMs":0,"penaltyTime":"PT0S","totalTimeMs":9579300,"totalTime":"PT2H39M39.3S","position":24,"diffFirstMs":1139400,"diffFirst":"PT18M59.4S","diffPrevMs":7500,"diffPrev":"PT7.5S"},{"entryId":19892,"stageTimeMs":9588400,"stageTime":"PT2H39M48.4S","penaltyTimeMs":0,"penaltyTime":"PT0S","totalTimeMs":9588400,"totalTime":"PT2H39M48.4S","position":25,"diffFirstMs":1148500,"diffFirst":"PT19M8.5S","diffPrevMs":9100,"diffPrev":"PT9.1S"},{"entryId":19869,"stageTimeMs":9600500,"stageTime":"PT2H40M0.5S","penaltyTimeMs":0,"penaltyTime":"PT0S","totalTimeMs":9600500,"totalTime":"PT2H40M0.5S","position":26,"diffFirstMs":1160600,"diffFirst":"PT19M20.6S","diffPrevMs":12100,"diffPrev":"PT12.1S"},{"entryId":19891,"stageTimeMs":9625000,"stageTime":"PT2H40M25S","penaltyTimeMs":0,"penaltyTime":"PT0S","totalTimeMs":9625000,"totalTime":"PT2H40M25S","position":27,"diffFirstMs":1185100,"diffFirst":"PT19M45.1S","diffPrevMs":24500,"diffPrev":"PT24.5S"},{"entryId":19945,"stageTimeMs":9642800,"stageTime":"PT2H40M42.8S","penaltyTimeMs":0,"penaltyTime":"PT0S","totalTimeMs":9642800,"totalTime":"PT2H40M42.8S","position":28,"diffFirstMs":1202900,"diffFirst":"PT20M2.9S","diffPrevMs":17800,"diffPrev":"PT17.8S"},{"entryId":19899,"stageTimeMs":9689600,"stageTime":"PT2H41M29.6S","penaltyTimeMs":0,"penaltyTime":"PT0S","totalTimeMs":9689600,"totalTime":"PT2H41M29.6S","position":29,"diffFirstMs":1249700,"diffFirst":"PT20M49.7S","diffPrevMs":46800,"diffPrev":"PT46.8S"},{"entryId":19896,"stageTimeMs":9751100,"stageTime":"PT2H42M31.1S","penaltyTimeMs":0,"penaltyTime":"PT0S","totalTimeMs":9751100,"totalTime":"PT2H42M31.1S","position":30,"diffFirstMs":1311200,"diffFirst":"PT21M51.2S","diffPrevMs":61500,"diffPrev":"PT1M1.5S"},{"entryId":19909,"stageTimeMs":9754200,"stageTime":"PT2H42M34.2S","penaltyTimeMs":40000,"penaltyTime":"PT40S","totalTimeMs":9794200,"totalTime":"PT2H43M14.2S","position":31,"diffFirstMs":1354300,"diffFirst":"PT22M34.3S","diffPrevMs":43100,"diffPrev":"PT43.1S"},{"entryId":19906,"stageTimeMs":9844700,"stageTime":"PT2H44M4.7S","penaltyTimeMs":0,"penaltyTime":"PT0S","totalTimeMs":9844700,"totalTime":"PT2H44M4.7S","position":32,"diffFirstMs":1404800,"diffFirst":"PT23M24.8S","diffPrevMs":50500,"diffPrev":"PT50.5S"},{"entryId":19900,"stageTimeMs":9871200,"stageTime":"PT2H44M31.2S","penaltyTimeMs":0,"penaltyTime":"PT0S","totalTimeMs":9871200,"totalTime":"PT2H44M31.2S","position":33,"diffFirstMs":1431300,"diffFirst":"PT23M51.3S","diffPrevMs":26500,"diffPrev":"PT26.5S"},{"entryId":19894,"stageTimeMs":9674400,"stageTime":"PT2H41M14.4S","penaltyTimeMs":220000,"penaltyTime":"PT3M40S","totalTimeMs":9894400,"totalTime":"PT2H44M54.4S","position":34,"diffFirstMs":1454500,"diffFirst":"PT24M14.5S","diffPrevMs":23200,"diffPrev":"PT23.2S"},{"entryId":19918,"stageTimeMs":9921400,"stageTime":"PT2H45M21.4S","penaltyTimeMs":0,"penaltyTime":"PT0S","totalTimeMs":9921400,"totalTime":"PT2H45M21.4S","position":35,"diffFirstMs":1481500,"diffFirst":"PT24M41.5S","diffPrevMs":27000,"diffPrev":"PT27S"},{"entryId":19902,"stageTimeMs":10017700,"stageTime":"PT2H46M57.7S","penaltyTimeMs":0,"penaltyTime":"PT0S","totalTimeMs":10017700,"totalTime":"PT2H46M57.7S","position":36,"diffFirstMs":1577800,"diffFirst":"PT26M17.8S","diffPrevMs":96300,"diffPrev":"PT1M36.3S"},{"entryId":19895,"stageTimeMs":10027300,"stageTime":"PT2H47M7.3S","penaltyTimeMs":0,"penaltyTime":"PT0S","totalTimeMs":10027300,"totalTime":"PT2H47M7.3S","position":37,"diffFirstMs":1587400,"diffFirst":"PT26M27.4S","diffPrevMs":9600,"diffPrev":"PT9.6S"},{"entryId":19898,"stageTimeMs":10193500,"stageTime":"PT2H49M53.5S","penaltyTimeMs":0,"penaltyTime":"PT0S","totalTimeMs":10193500,"totalTime":"PT2H49M53.5S","position":38,"diffFirstMs":1753600,"diffFirst":"PT29M13.6S","diffPrevMs":166200,"diffPrev":"PT2M46.2S"},{"entryId":19901,"stageTimeMs":10249000,"stageTime":"PT2H50M49S","penaltyTimeMs":0,"penaltyTime":"PT0S","totalTimeMs":10249000,"totalTime":"PT2H50M49S","position":39,"diffFirstMs":1809100,"diffFirst":"PT30M9.1S","diffPrevMs":55500,"diffPrev":"PT55.5S"},{"entryId":19913,"stageTimeMs":10452900,"stageTime":"PT2H54M12.9S","penaltyTimeMs":0,"penaltyTime":"PT0S","totalTimeMs":10452900,"totalTime":"PT2H54M12.9S","position":40,"diffFirstMs":2013000,"diffFirst":"PT33M33S","diffPrevMs":203900,"diffPrev":"PT3M23.9S"},{"entryId":19933,"stageTimeMs":10460000,"stageTime":"PT2H54M20S","penaltyTimeMs":0,"penaltyTime":"PT0S","totalTimeMs":10460000,"totalTime":"PT2H54M20S","position":41,"diffFirstMs":2020100,"diffFirst":"PT33M40.1S","diffPrevMs":7100,"diffPrev":"PT7.1S"},{"entryId":19948,"stageTimeMs":10577200,"stageTime":"PT2H56M17.2S","penaltyTimeMs":0,"penaltyTime":"PT0S","totalTimeMs":10577200,"totalTime":"PT2H56M17.2S","position":42,"diffFirstMs":2137300,"diffFirst":"PT35M37.3S","diffPrevMs":117200,"diffPrev":"PT1M57.2S"},{"entryId":19952,"stageTimeMs":10749800,"stageTime":"PT2H59M9.8S","penaltyTimeMs":0,"penaltyTime":"PT0S","totalTimeMs":10749800,"totalTime":"PT2H59M9.8S","position":43,"diffFirstMs":2309900,"diffFirst":"PT38M29.9S","diffPrevMs":172600,"diffPrev":"PT2M52.6S"},{"entryId":19927,"stageTimeMs":10949600,"stageTime":"PT3H2M29.6S","penaltyTimeMs":10000,"penaltyTime":"PT10S","totalTimeMs":10959600,"totalTime":"PT3H2M39.6S","position":44,"diffFirstMs":2519700,"diffFirst":"PT41M59.7S","diffPrevMs":209800,"diffPrev":"PT3M29.8S"},{"entryId":19947,"stageTimeMs":11001200,"stageTime":"PT3H3M21.2S","penaltyTimeMs":0,"penaltyTime":"PT0S","totalTimeMs":11001200,"totalTime":"PT3H3M21.2S","position":45,"diffFirstMs":2561300,"diffFirst":"PT42M41.3S","diffPrevMs":41600,"diffPrev":"PT41.6S"},{"entryId":19931,"stageTimeMs":11152000,"stageTime":"PT3H5M52S","penaltyTimeMs":20000,"penaltyTime":"PT20S","totalTimeMs":11172000,"totalTime":"PT3H6M12S","position":46,"diffFirstMs":2732100,"diffFirst":"PT45M32.1S","diffPrevMs":170800,"diffPrev":"PT2M50.8S"},{"entryId":19951,"stageTimeMs":11180900,"stageTime":"PT3H6M20.9S","penaltyTimeMs":0,"penaltyTime":"PT0S","totalTimeMs":11180900,"totalTime":"PT3H6M20.9S","position":47,"diffFirstMs":2741000,"diffFirst":"PT45M41S","diffPrevMs":8900,"diffPrev":"PT8.9S"},{"entryId":19887,"stageTimeMs":11409300,"stageTime":"PT3H10M9.3S","penaltyTimeMs":0,"penaltyTime":"PT0S","totalTimeMs":11409300,"totalTime":"PT3H10M9.3S","position":48,"diffFirstMs":2969400,"diffFirst":"PT49M29.4S","diffPrevMs":228400,"diffPrev":"PT3M48.4S"},{"entryId":19897,"stageTimeMs":11428700,"stageTime":"PT3H10M28.7S","penaltyTimeMs":0,"penaltyTime":"PT0S","totalTimeMs":11428700,"totalTime":"PT3H10M28.7S","position":49,"diffFirstMs":2988800,"diffFirst":"PT49M48.8S","diffPrevMs":19400,"diffPrev":"PT19.4S"},{"entryId":19944,"stageTimeMs":11600700,"stageTime":"PT3H13M20.7S","penaltyTimeMs":0,"penaltyTime":"PT0S","totalTimeMs":11600700,"totalTime":"PT3H13M20.7S","position":50,"diffFirstMs":3160800,"diffFirst":"PT52M40.8S","diffPrevMs":172000,"diffPrev":"PT2M52S"},{"entryId":19953,"stageTimeMs":11668000,"stageTime":"PT3H14M28S","penaltyTimeMs":0,"penaltyTime":"PT0S","totalTimeMs":11668000,"totalTime":"PT3H14M28S","position":51,"diffFirstMs":3228100,"diffFirst":"PT53M48.1S","diffPrevMs":67300,"diffPrev":"PT1M7.3S"},{"entryId":19940,"stageTimeMs":11845200,"stageTime":"PT3H17M25.2S","penaltyTimeMs":10000,"penaltyTime":"PT10S","totalTimeMs":11855200,"totalTime":"PT3H17M35.2S","position":52,"diffFirstMs":3415300,"diffFirst":"PT56M55.3S","diffPrevMs":187200,"diffPrev":"PT3M7.2S"},{"entryId":19922,"stageTimeMs":11892100,"stageTime":"PT3H18M12.1S","penaltyTimeMs":0,"penaltyTime":"PT0S","totalTimeMs":11892100,"totalTime":"PT3H18M12.1S","position":53,"diffFirstMs":3452200,"diffFirst":"PT57M32.2S","diffPrevMs":36900,"diffPrev":"PT36.9S"},{"entryId":19905,"stageTimeMs":12030800,"stageTime":"PT3H20M30.8S","penaltyTimeMs":60000,"penaltyTime":"PT1M","totalTimeMs":12090800,"totalTime":"PT3H21M30.8S","position":54,"diffFirstMs":3650900,"diffFirst":"PT1H50.9S","diffPrevMs":198700,"diffPrev":"PT3M18.7S"},{"entryId":19877,"stageTimeMs":12056600,"stageTime":"PT3H20M56.6S","penaltyTimeMs":40000,"penaltyTime":"PT40S","totalTimeMs":12096600,"totalTime":"PT3H21M36.6S","position":55,"diffFirstMs":3656700,"diffFirst":"PT1H56.7S","diffPrevMs":5800,"diffPrev":"PT5.8S"},{"entryId":19883,"stageTimeMs":12107600,"stageTime":"PT3H21M47.6S","penaltyTimeMs":0,"penaltyTime":"PT0S","totalTimeMs":12107600,"totalTime":"PT3H21M47.6S","position":56,"diffFirstMs":3667700,"diffFirst":"PT1H1M7.7S","diffPrevMs":11000,"diffPrev":"PT11S"},{"entryId":19910,"stageTimeMs":12024600,"stageTime":"PT3H20M24.6S","penaltyTimeMs":110000,"penaltyTime":"PT1M50S","totalTimeMs":12134600,"totalTime":"PT3H22M14.6S","position":57,"diffFirstMs":3694700,"diffFirst":"PT1H1M34.7S","diffPrevMs":27000,"diffPrev":"PT27S"},{"entryId":19938,"stageTimeMs":12154900,"stageTime":"PT3H22M34.9S","penaltyTimeMs":50000,"penaltyTime":"PT50S","totalTimeMs":12204900,"totalTime":"PT3H23M24.9S","position":58,"diffFirstMs":3765000,"diffFirst":"PT1H2M45S","diffPrevMs":70300,"diffPrev":"PT1M10.3S"},{"entryId":19930,"stageTimeMs":12255500,"stageTime":"PT3H24M15.5S","penaltyTimeMs":0,"penaltyTime":"PT0S","totalTimeMs":12255500,"totalTime":"PT3H24M15.5S","position":59,"diffFirstMs":3815600,"diffFirst":"PT1H3M35.6S","diffPrevMs":50600,"diffPrev":"PT50.6S"},{"entryId":19946,"stageTimeMs":12394900,"stageTime":"PT3H26M34.9S","penaltyTimeMs":40000,"penaltyTime":"PT40S","totalTimeMs":12434900,"totalTime":"PT3H27M14.9S","position":60,"diffFirstMs":3995000,"diffFirst":"PT1H6M35S","diffPrevMs":179400,"diffPrev":"PT2M59.4S"},{"entryId":19949,"stageTimeMs":12894800,"stageTime":"PT3H34M54.8S","penaltyTimeMs":0,"penaltyTime":"PT0S","totalTimeMs":12894800,"totalTime":"PT3H34M54.8S","position":61,"diffFirstMs":4454900,"diffFirst":"PT1H14M14.9S","diffPrevMs":459900,"diffPrev":"PT7M39.9S"},{"entryId":19956,"stageTimeMs":13151000,"stageTime":"PT3H39M11S","penaltyTimeMs":0,"penaltyTime":"PT0S","totalTimeMs":13151000,"totalTime":"PT3H39M11S","position":62,"diffFirstMs":4711100,"diffFirst":"PT1H18M31.1S","diffPrevMs":256200,"diffPrev":"PT4M16.2S"},{"entryId":19863,"stageTimeMs":12908400,"stageTime":"PT3H35M8.4S","penaltyTimeMs":270000,"penaltyTime":"PT4M30S","totalTimeMs":13178400,"totalTime":"PT3H39M38.4S","position":63,"diffFirstMs":4738500,"diffFirst":"PT1H18M58.5S","diffPrevMs":27400,"diffPrev":"PT27.4S"},{"entryId":19929,"stageTimeMs":13340700,"stageTime":"PT3H42M20.7S","penaltyTimeMs":200000,"penaltyTime":"PT3M20S","totalTimeMs":13540700,"totalTime":"PT3H45M40.7S","position":64,"diffFirstMs":5100800,"diffFirst":"PT1H25M0.8S","diffPrevMs":362300,"diffPrev":"PT6M2.3S"},{"entryId":19943,"stageTimeMs":14356200,"stageTime":"PT3H59M16.2S","penaltyTimeMs":30000,"penaltyTime":"PT30S","totalTimeMs":14386200,"totalTime":"PT3H59M46.2S","position":65,"diffFirstMs":5946300,"diffFirst":"PT1H39M6.3S","diffPrevMs":845500,"diffPrev":"PT14M5.5S"},{"entryId":19954,"stageTimeMs":17272800,"stageTime":"PT4H47M52.8S","penaltyTimeMs":0,"penaltyTime":"PT0S","totalTimeMs":17272800,"totalTime":"PT4H47M52.8S","position":66,"diffFirstMs":8832900,"diffFirst":"PT2H27M12.9S","diffPrevMs":2886600,"diffPrev":"PT48M6.6S"}]