[{"entryId":20612,"stageTimeMs":9992500,"stageTime":"PT2H46M32.5S","penaltyTimeMs":0,"penaltyTime":"PT0S","totalTimeMs":9992500,"totalTime":"PT2H46M32.5S","position":1,"diffFirstMs":0,"diffFirst":"PT0S","diffPrevMs":0,"diffPrev":"PT0S"},{"entryId":20609,"stageTimeMs":10010000,"stageTime":"PT2H46M50S","penaltyTimeMs":0,"penaltyTime":"PT0S","totalTimeMs":10010000,"totalTime":"PT2H46M50S","position":2,"diffFirstMs":17500,"diffFirst":"PT17.5S","diffPrevMs":17500,"diffPrev":"PT17.5S"},{"entryId":20610,"stageTimeMs":10014500,"stageTime":"PT2H46M54.5S","penaltyTimeMs":0,"penaltyTime":"PT0S","totalTimeMs":10014500,"totalTime":"PT2H46M54.5S","position":3,"diffFirstMs":22000,"diffFirst":"PT22S","diffPrevMs":4500,"diffPrev":"PT4.5S"},{"entryId":20613,"stageTimeMs":10034200,"stageTime":"PT2H47M14.2S","penaltyTimeMs":0,"penaltyTime":"PT0S","totalTimeMs":10034200,"totalTime":"PT2H47M14.2S","position":4,"diffFirstMs":41700,"diffFirst":"PT41.7S","diffPrevMs":19700,"diffPrev":"PT19.7S"},{"entryId":20611,"stageTimeMs":10044300,"stageTime":"PT2H47M24.3S","penaltyTimeMs":0,"penaltyTime":"PT0S","totalTimeMs":10044300,"totalTime":"PT2H47M24.3S","position":5,"diffFirstMs":51800,"diffFirst":"PT51.8S","diffPrevMs":10100,"diffPrev":"PT10.1S"},{"entryId":20614,"stageTimeMs":10065600,"stageTime":"PT2H47M45.6S","penaltyTimeMs":0,"penaltyTime":"PT0S","totalTimeMs":10065600,"totalTime":"PT2H47M45.6S","position":6,"diffFirstMs":73100,"diffFirst":"PT1M13.1S","diffPrevMs":21300,"diffPrev":"PT21.3S"},{"entryId":20606,"stageTimeMs":10080700,"stageTime":"PT2H48M0.7S","penaltyTimeMs":0,"penaltyTime":"PT0S","totalTimeMs":10080700,"totalTime":"PT2H48M0.7S","position":7,"diffFirstMs":88200,"diffFirst":"PT1M28.2S","diffPrevMs":15100,"diffPrev":"PT15.1S"},{"entryId":20605,"stageTimeMs":10248100,"stageTime":"PT2H50M48.1S","penaltyTimeMs":0,"penaltyTime":"PT0S","totalTimeMs":10248100,"totalTime":"PT2H50M48.1S","position":8,"diffFirstMs":255600,"diffFirst":"PT4M15.6S","diffPrevMs":167400,"diffPrev":"PT2M47.4S"},{"entryId":20618,"stageTimeMs":10442900,"stageTime":"PT2H54M2.9S","penaltyTimeMs":0,"penaltyTime":"PT0S","totalTimeMs":10442900,"totalTime":"PT2H54M2.9S","position":9,"diffFirstMs":450400,"diffFirst":"PT7M30.4S","diffPrevMs":194800,"diffPrev":"PT3M14.8S"},{"entryId":20635,"stageTimeMs":10449200,"stageTime":"PT2H54M9.2S","penaltyTimeMs":0,"penaltyTime":"PT0S","totalTimeMs":10449200,"totalTime":"PT2H54M9.2S","position":10,"diffFirstMs":456700,"diffFirst":"PT7M36.7S","diffPrevMs":6300,"diffPrev":"PT6.3S"},{"entryId":20619,"stageTimeMs":10491100,"stageTime":"PT2H54M51.1S","penaltyTimeMs":0,"penaltyTime":"PT0S","totalTimeMs":10491100,"totalTime":"PT2H54M51.1S","position":11,"diffFirstMs":498600,"diffFirst":"PT8M18.6S","diffPrevMs":41900,"diffPrev":"PT41.9S"},{"entryId":20616,"stageTimeMs":10512100,"stageTime":"PT2H55M12.1S","penaltyTimeMs":0,"penaltyTime":"PT0S","totalTimeMs":10512100,"totalTime":"PT2H55M12.1S","position":12,"diffFirstMs":519600,"diffFirst":"PT8M39.6S","diffPrevMs":21000,"diffPrev":"PT21S"},{"entryId":20622,"stageTimeMs":10539700,"stageTime":"PT2H55M39.7S","penaltyTimeMs":0,"penaltyTime":"PT0S","totalTimeMs":10539700,"totalTime":"PT2H55M39.7S","position":13,"diffFirstMs":547200,"diffFirst":"PT9M7.2S","diffPrevMs":27600,"diffPrev":"PT27.6S"},{"entryId":20632,"stageTimeMs":10550700,"stageTime":"PT2H55M50.7S","penaltyTimeMs":0,"penaltyTime":"PT0S","totalTimeMs":10550700,"totalTime":"PT2H55M50.7S","position":14,"diffFirstMs":558200,"diffFirst":"PT9M18.2S","diffPrevMs":11000,"diffPrev":"PT11S"},{"entryId":20620,"stageTimeMs":10625200,"stageTime":"PT2H57M5.2S","penaltyTimeMs":0,"penaltyTime":"PT0S","totalTimeMs":10625200,"totalTime":"PT2H57M5.2S","position":15,"diffFirstMs":632700,"diffFirst":"PT10M32.7S","diffPrevMs":74500,"diffPrev":"PT1M14.5S"},{"entryId":20617,"stageTimeMs":10629500,"stageTime":"PT2H57M9.5S","penaltyTimeMs":0,"penaltyTime":"PT0S","totalTimeMs":10629500,"totalTime":"PT2H57M9.5S","position":16,"diffFirstMs":637000,"diffFirst":"PT10M37S","diffPrevMs":4300,"diffPrev":"PT4.3S"},{"entryId":20626,"stageTimeMs":10646900,"stageTime":"PT2H57M26.9S","penaltyTimeMs":0,"penaltyTime":"PT0S","totalTimeMs":10646900,"totalTime":"PT2H57M26.9S","position":17,"diffFirstMs":654400,"diffFirst":"PT10M54.4S","diffPrevMs":17400,"diffPrev":"PT17.4S"},{"entryId":20637,"stageTimeMs":10670700,"stageTime":"PT2H57M50.7S","penaltyTimeMs":0,"penaltyTime":"PT0S","totalTimeMs":10670700,"totalTime":"PT2H57M50.7S","position":18,"diffFirstMs":678200,"diffFirst":"PT11M18.2S","diffPrevMs":23800,"diffPrev":"PT23.8S"},{"entryId":20625,"stageTimeMs":10678600,"stageTime":"PT2H57M58.6S","penaltyTimeMs":0,"penaltyTime":"PT0S","totalTimeMs":10678600,"totalTime":"PT2H57M58.6S","position":19,"diffFirstMs":686100,"diffFirst":"PT11M26.1S","diffPrevMs":7900,"diffPrev":"PT7.9S"},{"entryId":20638,"stageTimeMs":10685900,"stageTime":"PT2H58M5.9S","penaltyTimeMs":120000,"penaltyTime":"PT2M","totalTimeMs":10805900,"totalTime":"PT3H5.9S","position":20,"diffFirstMs":813400,"diffFirst":"PT13M33.4S","diffPrevMs":127300,"diffPrev":"PT2M7.3S"},{"entryId":20633,"stageTimeMs":10816100,"stageTime":"PT3H16.1S","penaltyTimeMs":0,"penaltyTime":"PT0S","totalTimeMs":10816100,"totalTime":"PT3H16.1S","position":21,"diffFirstMs":823600,"diffFirst":"PT13M43.6S","diffPrevMs":10200,"diffPrev":"PT10.2S"},{"entryId":20636,"stageTimeMs":10929700,"stageTime":"PT3H2M9.7S","penaltyTimeMs":0,"penaltyTime":"PT0S","totalTimeMs":10929700,"totalTime":"PT3H2M9.7S","position":22,"diffFirstMs":937200,"diffFirst":"PT15M37.2S","diffPrevMs":113600,"diffPrev":"PT1M53.6S"},{"entryId":20623,"stageTimeMs":11146600,"stageTime":"PT3H5M46.6S","penaltyTimeMs":0,"penaltyTime":"PT0S","totalTimeMs":11146600,"totalTime":"PT3H5M46.6S","position":23,"diffFirstMs":1154100,"diffFirst":"PT19M14.1S","diffPrevMs":216900,"diffPrev":"PT3M36.9S"},{"entryId":20639,"stageTimeMs":11319200,"stageTime":"PT3H8M39.2S","penaltyTimeMs":0,"penaltyTime":"PT0S","totalTimeMs":11319200,"totalTime":"PT3H8M39.2S","position":24,"diffFirstMs":1326700,"diffFirst":"PT22M6.7S","diffPrevMs":172600,"diffPrev":"PT2M52.6S"},{"entryId":20634,"stageTimeMs":11631400,"stageTime":"PT3H13M51.4S","penaltyTimeMs":0,"penaltyTime":"PT0S","totalTimeMs":11631400,"totalTime":"PT3H13M51.4S","position":25,"diffFirstMs":1638900,"diffFirst":"PT27M18.9S","diffPrevMs":312200,"diffPrev":"PT5M12.2S"},{"entryId":20647,"stageTimeMs":11919800,"stageTime":"PT3H18M39.8S","penaltyTimeMs":0,"penaltyTime":"PT0S","totalTimeMs":11919800,"totalTime":"PT3H18M39.8S","position":26,"diffFirstMs":1927300,"diffFirst":"PT32M7.3S","diffPrevMs":288400,"diffPrev":"PT4M48.4S"},{"entryId":20660,"stageTimeMs":12024800,"stageTime":"PT3H20M24.8S","penaltyTimeMs":0,"penaltyTime":"PT0S","totalTimeMs":12024800,"totalTime":"PT3H20M24.8S","position":27,"diffFirstMs":2032300,"diffFirst":"PT33M52.3S","diffPrevMs":105000,"diffPrev":"PT1M45S"},{"entryId":20650,"stageTimeMs":12041800,"stageTime":"PT3H20M41.8S","penaltyTimeMs":0,"penaltyTime":"PT0S","totalTimeMs":12041800,"totalTime":"PT3H20M41.8S","position":28,"diffFirstMs":2049300,"diffFirst":"PT34M9.3S","diffPrevMs":17000,"diffPrev":"PT17S"},{"entryId":20643,"stageTimeMs":12248200,"stageTime":"PT3H24M8.2S","penaltyTimeMs":10000,"penaltyTime":"PT10S","totalTimeMs":12258200,"totalTime":"PT3H24M18.2S","position":29,"diffFirstMs":2265700,"diffFirst":"PT37M45.7S","diffPrevMs":216400,"diffPrev":"PT3M36.4S"},{"entryId":20659,"stageTimeMs":12107500,"stageTime":"PT3H21M47.5S","penaltyTimeMs":170000,"penaltyTime":"PT2M50S","totalTimeMs":12277500,"totalTime":"PT3H24M37.5S","position":30,"diffFirstMs":2285000,"diffFirst":"PT38M5S","diffPrevMs":19300,"diffPrev":"PT19.3S"},{"entryId":20642,"stageTimeMs":12379200,"stageTime":"PT3H26M19.2S","penaltyTimeMs":0,"penaltyTime":"PT0S","totalTimeMs":12379200,"totalTime":"PT3H26M19.2S","position":31,"diffFirstMs":2386700,"diffFirst":"PT39M46.7S","diffPrevMs":101700,"diffPrev":"PT1M41.7S"},{"entryId":20608,"stageTimeMs":12520900,"stageTime":"PT3H28M40.9S","penaltyTimeMs":0,"penaltyTime":"PT0S","totalTimeMs":12520900,"totalTime":"PT3H28M40.9S","position":32,"diffFirstMs":2528400,"diffFirst":"PT42M8.4S","diffPrevMs":141700,"diffPrev":"PT2M21.7S"},{"entryId":20648,"stageTimeMs":12524000,"stageTime":"PT3H28M44S","penaltyTimeMs":0,"penaltyTime":"PT0S","totalTimeMs":12524000,"totalTime":"PT3H28M44S","position":33,"diffFirstMs":2531500,"diffFirst":"PT42M11.5S","diffPrevMs":3100,"diffPrev":"PT3.1S"},{"entryId":20629,"stageTimeMs":12598200,"stageTime":"PT3H29M58.2S","penaltyTimeMs":0,"penaltyTime":"PT0S","totalTimeMs":12598200,"totalTime":"PT3H29M58.2S","position":34,"diffFirstMs":2605700,"diffFirst":"PT43M25.7S","diffPrevMs":74200,"diffPrev":"PT1M14.2S"},{"entryId":20652,"stageTimeMs":12661100,"stageTime":"PT3H31M1.1S","penaltyTimeMs":0,"penaltyTime":"PT0S","totalTimeMs":12661100,"totalTime":"PT3H31M1.1S","position":35,"diffFirstMs":2668600,"diffFirst":"PT44M28.6S","diffPrevMs":62900,"diffPrev":"PT1M2.9S"},{"entryId":20663,"stageTimeMs":12727700,"stageTime":"PT3H32M7.7S","penaltyTimeMs":0,"penaltyTime":"PT0S","totalTimeMs":12727700,"totalTime":"PT3H32M7.7S","position":36,"diffFirstMs":2735200,"diffFirst":"PT45M35.2S","diffPrevMs":66600,"diffPrev":"PT1M6.6S"},{"entryId":20667,"stageTimeMs":12852100,"stageTime":"PT3H34M12.1S","penaltyTimeMs":10000,"penaltyTime":"PT10S","totalTimeMs":12862100,"totalTime":"PT3H34M22.1S","position":37,"diffFirstMs":2869600,"diffFirst":"PT47M49.6S","diffPrevMs":134400,"diffPrev":"PT2M14.4S"},{"entryId":20661,"stageTimeMs":12870600,"stageTime":"PT3H34M30.6S","penaltyTimeMs":20000,"penaltyTime":"PT20S","totalTimeMs":12890600,"totalTime":"PT3H34M50.6S","position":38,"diffFirstMs":2898100,"diffFirst":"PT48M18.1S","diffPrevMs":28500,"diffPrev":"PT28.5S"},{"entryId":20665,"stageTimeMs":12931200,"stageTime":"PT3H35M31.2S","penaltyTimeMs":0,"penaltyTime":"PT0S","totalTimeMs":12931200,"totalTime":"PT3H35M31.2S","position":39,"diffFirstMs":2938700,"diffFirst":"PT48M58.7S","diffPrevMs":40600,"diffPrev":"PT40.6S"},{"entryId":20664,"stageTimeMs":13200000,"stageTime":"PT3H40M","penaltyTimeMs":0,"penaltyTime":"PT0S","totalTimeMs":13200000,"totalTime":"PT3H40M","position":40,"diffFirstMs":3207500,"diffFirst":"PT53M27.5S","diffPrevMs":268800,"diffPrev":"PT4M28.8S"},{"entryId":20615,"stageTimeMs":11341000,"stageTime":"PT3H9M1S","penaltyTimeMs":1980000,"penaltyTime":"PT33M","totalTimeMs":13321000,"totalTime":"PT3H42M1S","position":41,"diffFirstMs":3328500,"diffFirst":"PT55M28.5S","diffPrevMs":121000,"diffPrev":"PT2M1S"},{"entryId":20668,"stageTimeMs":14575100,"stageTime":"PT4H2M55.1S","penaltyTimeMs":0,"penaltyTime":"PT0S","totalTimeMs":14575100,"totalTime":"PT4H2M55.1S","position":42,"diffFirstMs":4582600,"diffFirst":"PT1H16M22.6S","diffPrevMs":1254100,"diffPrev":"PT20M54.1S"},{"entryId":20640,"stageTimeMs":14944600,"stageTime":"PT4H9M4.6S","penaltyTimeMs":20000,"penaltyTime":"PT20S","totalTimeMs":14964600,"totalTime":"PT4H9M24.6S","position":43,"diffFirstMs":4972100,"diffFirst":"PT1H22M52.1S","diffPrevMs":389500,"diffPrev":"PT6M29.5S"}]