[{"driver":{"personId":670,"countryId":76,"country":{"countryId":76,"name":"France","iso2":"FR","iso3":"FRA"},"firstName":"Sébastien","lastName":"OGIER","abbvName":"S. OGIER","fullName":"Sébastien OGIER","code":"OGI"},"codriver":{"personId":3027,"countryId":76,"country":{"countryId":76,"name":"France","iso2":"FR","iso3":"FRA"},"firstName":"Julien","lastName":"INGRASSIA","abbvName":"J. INGRASSIA","fullName":"Julien INGRASSIA","code":"ING"},"manufacturer":{"manufacturerId":13,"name":"Citroen","logoFilename":"citroen"},"entrant":{"entrantId":965,"name":"CITROEN TOTAL WRT","logoFilename":""},"group":{"groupId":10,"name":"WRC"},"tag":null,"eventClasses":[{"eventClassId":457,"eventId":84,"name":"RC1"}],"entryId":19713,"eventId":84,"driverId":670,"codriverId":3027,"manufacturerId":13,"entrantId":965,"groupId":10,"tagId":null,"entryListOrder":1,"identifier":"1","vehicleModel":"C3 WRC","eligibility":"M","priority":"P1","status":"Entry","tyreManufacturer":"Michelin"},{"driver":{"personId":524,"countryId":70,"country":{"countryId":70,"name":"Estonia","iso2":"EE","iso3":"EST"},"firstName":"Ott","lastName":"TÄNAK","abbvName":"O. TÄNAK","fullName":"Ott TÄNAK","code":"TÄN"},"codriver":{"personId":525,"countryId":70,"country":{"countryId":70,"name":"Estonia","iso2":"EE","iso3":"EST"},"firstName":"Martin","lastName":"JÄRVEOJA","abbvName":"M. JÄRVEOJA","fullName":"Martin JÄRVEOJA","code":"JAR"},"manufacturer":{"manufacturerId":84,"name":"Toyota","logoFilename":"toyota"},"entrant":{"entrantId":91,"name":"TOYOTA GAZOO RACING WRT","logoFilename":null},"group":{"groupId":10,"name":"WRC"},"tag":null,"eventClasses":[{"eventClassId":457,"eventId":84,"name":"RC1"}],"entryId":19714,"eventId":84,"driverId":524,"codriverId":525,"manufacturerId":84,"entrantId":91,"groupId":10,"tagId":null,"entryListOrder":2,"identifier":"8","vehicleModel":"YARIS WRC","eligibility":"M","priority":"P1","status":"Entry","tyreManufacturer":"Michelin"},{"driver":{"personId":762,"countryId":22,"country":{"countryId":22,"name":"Belgium","iso2":"BE","iso3":"BEL"},"firstName":"Thierry","lastName":"NEUVILLE","abbvName":"T. NEUVILLE","fullName":"Thierry NEUVILLE","code":"NEU"},"codriver":{"personId":4883,"countryId":22,"country":{"countryId":22,"name":"Belgium","iso2":"BE","iso3":"BEL"},"firstName":"Nicolas","lastName":"GILSOUL","abbvName":"N. GILSOUL","fullName":"Nicolas GILSOUL","code":"GIL"},"manufacturer":{"manufacturerId":33,"name":"Hyundai","logoFilename":"hyundai"},"entrant":{"entrantId":166,"name":"HYUNDAI SHELL MOBIS WORLD RALLY TEAM","logoFilename":null},"group":{"groupId":10,"name":"WRC"},"tag":null,"eventClasses":[{"eventClassId":457,"eventId":84,"name":"RC1"}],"entryId":19715,"eventId":84,"driverId":762,"codriverId":4883,"manufacturerId":33,"entrantId":166,"groupId":10,"tagId":null,"entryListOrder":3,"identifier":"11","vehicleModel":"i20","eligibility":"M","priority":"P1","status":"Entry","tyreManufacturer":"Michelin"},{"driver":{"personId":550,"countryId":235,"country":{"countryId":235,"name":"United Kingdom of Great Britain and Northern Ireland","iso2":"GB","iso3":"GBR"},"firstName":"Kris","lastName":"MEEKE","abbvName":"K. MEEKE","fullName":"Kris MEEKE","code":"MEE"},"codriver":{"personId":765,"countryId":235,"country":{"countryId":235,"name":"United Kingdom of Great Britain and Northern Ireland","iso2":"GB","iso3":"GBR"},"firstName":"Sebastian","lastName":"MARSHALL","abbvName":"S. MARSHALL","fullName":"Sebastian MARSHALL","code":"MAR"},"manufacturer":{"manufacturerId":84,"name":"Toyota","logoFilename":"toyota"},"entrant":{"entrantId":91,"name":"TOYOTA GAZOO RACING WRT","logoFilename":null},"group":{"groupId":10,"name":"WRC"},"tag":null,"eventClasses":[{"eventClassId":457,"eventId":84,"name":"RC1"}],"entryId":19716,"eventId":84,"driverId":550,"codriverId":765,"manufacturerId":84,"entrantId":91,"groupId":10,"tagId":null,"entryListOrder":4,"identifier":"5","vehicleModel":"YARIS WRC","eligibility":"M","priority":"P1","status":"Retired","tyreManufacturer":"Michelin"},{"driver":{"personId":534,"countryId":235,"country":{"countryId":235,"name":"United Kingdom of Great Britain and Northern Ireland","iso2":"GB","iso3":"GBR"},"firstName":"Elfyn","lastName":"EVANS","abbvName":"E. EVANS","fullName":"Elfyn EVANS","code":"EVA"},"codriver":{"personId":553,"countryId":235,"country":{"countryId":235,"name":"United Kingdom of Great Britain and Northern Ireland","iso2":"GB","iso3":"GBR"},"firstName":"Scott","lastName":"MARTIN","abbvName":"S. MARTIN","fullName":"Scott MARTIN","code":"MAR"},"manufacturer":{"manufacturerId":26,"name":"Ford","logoFilename":"ford"},"entrant":{"entrantId":94,"name":"M-SPORT FORD WORLD RALLY TEAM","logoFilename":null},"group":{"groupId":10,"name":"WRC"},"tag":null,"eventClasses":[{"eventClassId":457,"eventId":84,"name":"RC1"}],"entryId":19717,"eventId":84,"driverId":534,"codriverId":553,"manufacturerId":26,"entrantId":94,"groupId":10,"tagId":null,"entryListOrder":5,"identifier":"33","vehicleModel":"FIESTA WRC","eligibility":"M","priority":"P1","status":"Entry","tyreManufacturer":"Michelin"},{"driver":{"personId":1246,"countryId":76,"country":{"countryId":76,"name":"France","iso2":"FR","iso3":"FRA"},"firstName":"Sébastien","lastName":"LOEB","abbvName":"S. LOEB","fullName":"Sébastien LOEB","code":"LOE"},"codriver":{"personId":1247,"countryId":147,"country":{"countryId":147,"name":"Monaco","iso2":"MC","iso3":"MCO"},"firstName":"Daniel","lastName":"ELENA","abbvName":"D. ELENA","fullName":"Daniel ELENA","code":" EL"},"manufacturer":{"manufacturerId":33,"name":"Hyundai","logoFilename":"hyundai"},"entrant":{"entrantId":166,"name":"HYUNDAI SHELL MOBIS WORLD RALLY TEAM","logoFilename":null},"group":{"groupId":10,"name":"WRC"},"tag":null,"eventClasses":[{"eventClassId":457,"eventId":84,"name":"RC1"}],"entryId":19718,"eventId":84,"driverId":1246,"codriverId":1247,"manufacturerId":33,"entrantId":166,"groupId":10,"tagId":null,"entryListOrder":6,"identifier":"19","vehicleModel":"i20","eligibility":"M","priority":"P1","status":"Retired","tyreManufacturer":"Michelin"},{"driver":{"personId":548,"countryId":75,"country":{"countryId":75,"name":"Finland","iso2":"FI","iso3":"FIN"},"firstName":"Esapekka","lastName":"LAPPI","abbvName":"E. LAPPI","fullName":"Esapekka LAPPI","code":"LAP"},"codriver":{"personId":549,"countryId":75,"country":{"countryId":75,"name":"Finland","iso2":"FI","iso3":"FIN"},"firstName":"Janne","lastName":"FERM","abbvName":"J. FERM","fullName":"Janne FERM","code":"FER"},"manufacturer":{"manufacturerId":13,"name":"Citroen","logoFilename":"citroen"},"entrant":{"entrantId":965,"name":"CITROEN TOTAL WRT","logoFilename":""},"group":{"groupId":10,"name":"WRC"},"tag":null,"eventClasses":[{"eventClassId":457,"eventId":84,"name":"RC1"}],"entryId":19719,"eventId":84,"driverId":548,"codriverId":549,"manufacturerId":13,"entrantId":965,"groupId":10,"tagId":null,"entryListOrder":7,"identifier":"4","vehicleModel":"C3 WRC","eligibility":"M","priority":"P1","status":"Retired","tyreManufacturer":"Michelin"},{"driver":{"personId":526,"countryId":75,"country":{"countryId":75,"name":"Finland","iso2":"FI","iso3":"FIN"},"firstName":"Jari-Matti","lastName":"LATVALA","abbvName":"J. LATVALA","fullName":"Jari-Matti LATVALA","code":"LAT"},"codriver":{"personId":1244,"countryId":75,"country":{"countryId":75,"name":"Finland","iso2":"FI","iso3":"FIN"},"firstName":"Miikka","lastName":"ANTTILA","abbvName":"M. ANTTILA","fullName":"Miikka ANTTILA","code":"ANT"},"manufacturer":{"manufacturerId":84,"name":"Toyota","logoFilename":"toyota"},"entrant":{"entrantId":91,"name":"TOYOTA GAZOO RACING WRT","logoFilename":null},"group":{"groupId":10,"name":"WRC"},"tag":null,"eventClasses":[{"eventClassId":457,"eventId":84,"name":"RC1"}],"entryId":19720,"eventId":84,"driverId":526,"codriverId":1244,"manufacturerId":84,"entrantId":91,"groupId":10,"tagId":null,"entryListOrder":8,"identifier":"10","vehicleModel":"YARIS WRC","eligibility":"M","priority":"P1","status":"Rejoined","tyreManufacturer":"Michelin"},{"driver":{"personId":566,"countryId":75,"country":{"countryId":75,"name":"Finland","iso2":"FI","iso3":"FIN"},"firstName":"Teemu","lastName":"SUNINEN","abbvName":"T. SUNINEN","fullName":"Teemu SUNINEN","code":"SUN"},"codriver":{"personId":786,"countryId":75,"country":{"countryId":75,"name":"Finland","iso2":"FI","iso3":"FIN"},"firstName":"Marko","lastName":"SALMINEN","abbvName":"M. SALMINEN","fullName":"Marko SALMINEN","code":"SAL"},"manufacturer":{"manufacturerId":26,"name":"Ford","logoFilename":"ford"},"entrant":{"entrantId":94,"name":"M-SPORT FORD WORLD RALLY TEAM","logoFilename":null},"group":{"groupId":10,"name":"WRC"},"tag":null,"eventClasses":[{"eventClassId":457,"eventId":84,"name":"RC1"}],"entryId":19721,"eventId":84,"driverId":566,"codriverId":786,"manufacturerId":26,"entrantId":94,"groupId":10,"tagId":null,"entryListOrder":9,"identifier":"3","vehicleModel":"FIESTA WRC","eligibility":"M","priority":"P1","status":"Entry","tyreManufacturer":"Michelin"},{"driver":{"personId":542,"countryId":209,"country":{"countryId":209,"name":"Spain","iso2":"ES","iso3":"ESP"},"firstName":"Dani","lastName":"SORDO","abbvName":"D. SORDO","fullName":"Dani SORDO","code":"SOR"},"codriver":{"personId":543,"countryId":209,"country":{"countryId":209,"name":"Spain","iso2":"ES","iso3":"ESP"},"firstName":"Carlos","lastName":"DEL BARRIO","abbvName":"C. DEL BARRIO","fullName":"Carlos DEL BARRIO","code":"DEL"},"manufacturer":{"manufacturerId":33,"name":"Hyundai","logoFilename":"hyundai"},"entrant":{"entrantId":166,"name":"HYUNDAI SHELL MOBIS WORLD RALLY TEAM","logoFilename":null},"group":{"groupId":10,"name":"WRC"},"tag":null,"eventClasses":[{"eventClassId":457,"eventId":84,"name":"RC1"}],"entryId":19722,"eventId":84,"driverId":542,"codriverId":543,"manufacturerId":33,"entrantId":166,"groupId":10,"tagId":null,"entryListOrder":10,"identifier":"6","vehicleModel":"i20","eligibility":"M","priority":"P1","status":"Entry","tyreManufacturer":"Michelin"},{"driver":{"personId":628,"countryId":235,"country":{"countryId":235,"name":"United Kingdom of Great Britain and Northern Ireland","iso2":"GB","iso3":"GBR"},"firstName":"Gus","lastName":"GREENSMITH","abbvName":"G. GREENSMITH","fullName":"Gus GREENSMITH","code":"GRE"},"codriver":{"personId":4078,"countryId":235,"country":{"countryId":235,"name":"United Kingdom of Great Britain and Northern Ireland","iso2":"GB","iso3":"GBR"},"firstName":"Elliott","lastName":"EDMONDSON","abbvName":"E. EDMONDSON","fullName":"Elliott EDMONDSON","code":"EDM"},"manufacturer":{"manufacturerId":26,"name":"Ford","logoFilename":"ford"},"entrant":{"entrantId":94,"name":"M-SPORT FORD WORLD RALLY TEAM","logoFilename":null},"group":{"groupId":10,"name":"WRC"},"tag":null,"eventClasses":[{"eventClassId":457,"eventId":84,"name":"RC1"}],"entryId":19723,"eventId":84,"driverId":628,"codriverId":4078,"manufacturerId":26,"entrantId":94,"groupId":10,"tagId":null,"entryListOrder":11,"identifier":"44","vehicleModel":"FIESTA WRC","eligibility":"M","priority":"P1","status":"Retired","tyreManufacturer":"Michelin"},{"driver":{"personId":770,"countryId":166,"country":{"countryId":166,"name":"Norway","iso2":"NO","iso3":"NOR"},"firstName":"Mads","lastName":"OSTBERG","abbvName":"M. OSTBERG","fullName":"Mads OSTBERG","code":"OST"},"codriver":{"personId":771,"countryId":166,"country":{"countryId":166,"name":"Norway","iso2":"NO","iso3":"NOR"},"firstName":"Torstein","lastName":"ERIKSEN","abbvName":"T. ERIKSEN","fullName":"Torstein ERIKSEN","code":"ERI"},"manufacturer":{"manufacturerId":13,"name":"Citroen","logoFilename":"citroen"},"entrant":{"entrantId":366,"name":"CITROEN TOTAL","logoFilename":null},"group":{"groupId":8,"name":"R5"},"tag":null,"eventClasses":[{"eventClassId":458,"eventId":84,"name":"RC2"}],"entryId":19724,"eventId":84,"driverId":770,"codriverId":771,"manufacturerId":13,"entrantId":366,"groupId":8,"tagId":null,"entryListOrder":12,"identifier":"21","vehicleModel":"C3 R5","eligibility":"WRC2PRO","priority":"P2P","status":"Rejoined","tyreManufacturer":"Michelin"},{"driver":{"personId":781,"countryId":177,"country":{"countryId":177,"name":"Poland","iso2":"PL","iso3":"POL"},"firstName":"Lukasz","lastName":"PIENIAZEK","abbvName":"L. PIENIAZEK","fullName":"Lukasz PIENIAZEK","code":"PIE"},"codriver":{"personId":5134,"countryId":177,"country":{"countryId":177,"name":"Poland","iso2":"PL","iso3":"POL"},"firstName":"Jakub","lastName":"GERBER","abbvName":"J. GERBER","fullName":"Jakub GERBER","code":"GER"},"manufacturer":{"manufacturerId":26,"name":"Ford","logoFilename":"ford"},"entrant":{"entrantId":94,"name":"M-SPORT FORD WORLD RALLY TEAM","logoFilename":null},"group":{"groupId":8,"name":"R5"},"tag":null,"eventClasses":[{"eventClassId":458,"eventId":84,"name":"RC2"}],"entryId":19725,"eventId":84,"driverId":781,"codriverId":5134,"manufacturerId":26,"entrantId":94,"groupId":8,"tagId":null,"entryListOrder":13,"identifier":"22","vehicleModel":"FIESTA R5","eligibility":"WRC2PRO","priority":"P2P","status":"Rejoined","tyreManufacturer":"Michelin"},{"driver":{"personId":700,"countryId":75,"country":{"countryId":75,"name":"Finland","iso2":"FI","iso3":"FIN"},"firstName":"Kalle","lastName":"ROVANPERÄ","abbvName":"K. ROVANPERÄ","fullName":"Kalle ROVANPERÄ","code":"ROV"},"codriver":{"personId":587,"countryId":75,"country":{"countryId":75,"name":"Finland","iso2":"FI","iso3":"FIN"},"firstName":"Jonne","lastName":"HALTTUNEN","abbvName":"J. HALTTUNEN","fullName":"Jonne HALTTUNEN","code":"HAL"},"manufacturer":{"manufacturerId":77,"name":"Skoda","logoFilename":"skoda"},"entrant":{"entrantId":92,"name":"SKODA MOTORSPORT","logoFilename":null},"group":{"groupId":8,"name":"R5"},"tag":null,"eventClasses":[{"eventClassId":458,"eventId":84,"name":"RC2"}],"entryId":19726,"eventId":84,"driverId":700,"codriverId":587,"manufacturerId":77,"entrantId":92,"groupId":8,"tagId":null,"entryListOrder":14,"identifier":"23","vehicleModel":"FABIA R5 EVO","eligibility":"WRC2PRO","priority":"P2P","status":"Entry","tyreManufacturer":"Michelin"},{"driver":{"personId":4509,"countryId":60,"country":{"countryId":60,"name":"Czech Republic","iso2":"CZ","iso3":"CZE"},"firstName":"Jan","lastName":"KOPECKY","abbvName":"J. KOPECKY","fullName":"Jan KOPECKY","code":"KOP"},"codriver":{"personId":565,"countryId":60,"country":{"countryId":60,"name":"Czech Republic","iso2":"CZ","iso3":"CZE"},"firstName":"Pavel","lastName":"DRESLER","abbvName":"P. DRESLER","fullName":"Pavel DRESLER","code":"DRE"},"manufacturer":{"manufacturerId":77,"name":"Skoda","logoFilename":"skoda"},"entrant":{"entrantId":92,"name":"SKODA MOTORSPORT","logoFilename":null},"group":{"groupId":8,"name":"R5"},"tag":null,"eventClasses":[{"eventClassId":458,"eventId":84,"name":"RC2"}],"entryId":19727,"eventId":84,"driverId":4509,"codriverId":565,"manufacturerId":77,"entrantId":92,"groupId":8,"tagId":null,"entryListOrder":15,"identifier":"24","vehicleModel":"FABIA R5 EVO","eligibility":"WRC2PRO","priority":"P2P","status":"Entry","tyreManufacturer":"Michelin"},{"driver":{"personId":4884,"countryId":144,"country":{"countryId":144,"name":"Mexico","iso2":"MX","iso3":"MEX"},"firstName":"Benito","lastName":"GUERRA","abbvName":"B. GUERRA","fullName":"Benito GUERRA","code":"GUE"},"codriver":{"personId":1297,"countryId":144,"country":{"countryId":144,"name":"Mexico","iso2":"MX","iso3":"MEX"},"firstName":"Jaime","lastName":"ZAPATA","abbvName":"J. ZAPATA","fullName":"Jaime ZAPATA","code":"ZAP"},"manufacturer":{"manufacturerId":77,"name":"Skoda","logoFilename":"skoda"},"entrant":{"entrantId":1058,"name":"BENITO GUERRA","logoFilename":null},"group":{"groupId":8,"name":"R5"},"tag":null,"eventClasses":[{"eventClassId":458,"eventId":84,"name":"RC2"}],"entryId":19728,"eventId":84,"driverId":4884,"codriverId":1297,"manufacturerId":77,"entrantId":1058,"groupId":8,"tagId":null,"entryListOrder":16,"identifier":"41","vehicleModel":"FABIA R5","eligibility":"WRC2","priority":"P2","status":"Entry","tyreManufacturer":"Michelin"},{"driver":{"personId":785,"countryId":112,"country":{"countryId":112,"name":"Japan","iso2":"JP","iso3":"JPN"},"firstName":"Takamoto","lastName":"KATSUTA","abbvName":"T. KATSUTA","fullName":"Takamoto KATSUTA","code":"KAT"},"codriver":{"personId":535,"countryId":235,"country":{"countryId":235,"name":"United Kingdom of Great Britain and Northern Ireland","iso2":"GB","iso3":"GBR"},"firstName":"Daniel","lastName":"BARRITT","abbvName":"D. BARRITT","fullName":"Daniel BARRITT","code":"BAR"},"manufacturer":{"manufacturerId":26,"name":"Ford","logoFilename":"ford"},"entrant":{"entrantId":1010,"name":"TAKAMOTO KATSUTA","logoFilename":""},"group":{"groupId":8,"name":"R5"},"tag":null,"eventClasses":[{"eventClassId":458,"eventId":84,"name":"RC2"}],"entryId":19729,"eventId":84,"driverId":785,"codriverId":535,"manufacturerId":26,"entrantId":1010,"groupId":8,"tagId":null,"entryListOrder":17,"identifier":"42","vehicleModel":"FIESTA R5","eligibility":"WRC2","priority":"P2","status":"Rejoined","tyreManufacturer":"Pirelli"},{"driver":{"personId":582,"countryId":166,"country":{"countryId":166,"name":"Norway","iso2":"NO","iso3":"NOR"},"firstName":"Ole Christian","lastName":"VEIBY","abbvName":"O. VEIBY","fullName":"Ole Christian VEIBY","code":"VEI"},"codriver":{"personId":4758,"countryId":215,"country":{"countryId":215,"name":"Sweden","iso2":"SE","iso3":"SWE"},"firstName":"Jonas Anders","lastName":"ANDERSSON","abbvName":"J. ANDERSSON","fullName":"Jonas Anders ANDERSSON","code":"AND"},"manufacturer":{"manufacturerId":87,"name":"Volkswagen","logoFilename":"volkswagen"},"entrant":{"entrantId":821,"name":"OLE CHRISTIAN VEIBY","logoFilename":""},"group":{"groupId":8,"name":"R5"},"tag":null,"eventClasses":[{"eventClassId":458,"eventId":84,"name":"RC2"}],"entryId":19730,"eventId":84,"driverId":582,"codriverId":4758,"manufacturerId":87,"entrantId":821,"groupId":8,"tagId":null,"entryListOrder":18,"identifier":"43","vehicleModel":"POLO GTI R5","eligibility":"WRC2","priority":"P2","status":"Retired","tyreManufacturer":"Michelin"},{"driver":{"personId":4759,"countryId":183,"country":{"countryId":183,"name":"Russian Federation","iso2":"RU","iso3":"RUS"},"firstName":"Nikolay","lastName":"GRYAZIN","abbvName":"N. GRYAZIN","fullName":"Nikolay GRYAZIN","code":"GRY"},"codriver":{"personId":4760,"countryId":183,"country":{"countryId":183,"name":"Russian Federation","iso2":"RU","iso3":"RUS"},"firstName":"Yaroslav","lastName":"FEDOROV","abbvName":"Y. FEDOROV","fullName":"Yaroslav FEDOROV","code":"FED"},"manufacturer":{"manufacturerId":77,"name":"Skoda","logoFilename":"skoda"},"entrant":{"entrantId":1011,"name":"NIKOLAY GRYAZIN","logoFilename":""},"group":{"groupId":8,"name":"R5"},"tag":null,"eventClasses":[{"eventClassId":458,"eventId":84,"name":"RC2"}],"entryId":19731,"eventId":84,"driverId":4759,"codriverId":4760,"manufacturerId":77,"entrantId":1011,"groupId":8,"tagId":null,"entryListOrder":19,"identifier":"45","vehicleModel":"FABIA R5","eligibility":"WRC2","priority":"P2","status":"Entry","tyreManufacturer":"Michelin"},{"driver":{"personId":2052,"countryId":45,"country":{"countryId":45,"name":"Chile","iso2":"CL","iso3":"CHL"},"firstName":"Alberto","lastName":"HELLER","abbvName":"A. HELLER","fullName":"Alberto HELLER","code":"HEL"},"codriver":{"personId":2053,"countryId":11,"country":{"countryId":11,"name":"Argentina","iso2":"AR","iso3":"ARG"},"firstName":"Jose","lastName":"DIAZ","abbvName":"J. DIAZ","fullName":"Jose DIAZ","code":"DIA"},"manufacturer":{"manufacturerId":26,"name":"Ford","logoFilename":"ford"},"entrant":{"entrantId":1061,"name":"ALBERTO HELLER","logoFilename":null},"group":{"groupId":8,"name":"R5"},"tag":null,"eventClasses":[{"eventClassId":458,"eventId":84,"name":"RC2"}],"entryId":19732,"eventId":84,"driverId":2052,"codriverId":2053,"manufacturerId":26,"entrantId":1061,"groupId":8,"tagId":null,"entryListOrder":20,"identifier":"46","vehicleModel":"FIESTA R5","eligibility":"WRC2","priority":"P2","status":"Entry","tyreManufacturer":"Michelin"},{"driver":{"personId":3244,"countryId":215,"country":{"countryId":215,"name":"Sweden","iso2":"SE","iso3":"SWE"},"firstName":"Emil","lastName":"BERGKVIST","abbvName":"E. BERGKVIST","fullName":"Emil BERGKVIST","code":"BER"},"codriver":{"personId":874,"countryId":215,"country":{"countryId":215,"name":"Sweden","iso2":"SE","iso3":"SWE"},"firstName":"Patrik","lastName":"BARTH","abbvName":"P. BARTH","fullName":"Patrik BARTH","code":"BAR"},"manufacturer":{"manufacturerId":26,"name":"Ford","logoFilename":"ford"},"entrant":{"entrantId":190,"name":"EMIL BERGKVIST","logoFilename":null},"group":{"groupId":8,"name":"R5"},"tag":null,"eventClasses":[{"eventClassId":458,"eventId":84,"name":"RC2"}],"entryId":19733,"eventId":84,"driverId":3244,"codriverId":874,"manufacturerId":26,"entrantId":190,"groupId":8,"tagId":null,"entryListOrder":21,"identifier":"47","vehicleModel":"FIESTA R5","eligibility":"WRC2","priority":"P2","status":"Entry","tyreManufacturer":"Pirelli"},{"driver":{"personId":570,"countryId":22,"country":{"countryId":22,"name":"Belgium","iso2":"BE","iso3":"BEL"},"firstName":"Guillaume","lastName":"DE MEVIUS","abbvName":"G. DE MEVIUS","fullName":"Guillaume DE MEVIUS","code":"MEV"},"codriver":{"personId":851,"countryId":22,"country":{"countryId":22,"name":"Belgium","iso2":"BE","iso3":"BEL"},"firstName":"Martijn","lastName":"WYDAEGHE","abbvName":"M. WYDAEGHE","fullName":"Martijn WYDAEGHE","code":"WYD"},"manufacturer":{"manufacturerId":13,"name":"Citroen","logoFilename":"citroen"},"entrant":{"entrantId":365,"name":"GUILLAUME DE MEVIUS","logoFilename":null},"group":{"groupId":8,"name":"R5"},"tag":null,"eventClasses":[{"eventClassId":458,"eventId":84,"name":"RC2"}],"entryId":19734,"eventId":84,"driverId":570,"codriverId":851,"manufacturerId":13,"entrantId":365,"groupId":8,"tagId":null,"entryListOrder":22,"identifier":"48","vehicleModel":"C3 R5","eligibility":"WRC2","priority":"P2","status":"Entry","tyreManufacturer":"Michelin"},{"driver":{"personId":772,"countryId":166,"country":{"countryId":166,"name":"Norway","iso2":"NO","iso3":"NOR"},"firstName":"Henning","lastName":"SOLBERG","abbvName":"H. SOLBERG","fullName":"Henning SOLBERG","code":"HSO"},"codriver":{"personId":3257,"countryId":15,"country":{"countryId":15,"name":"Austria","iso2":"AT","iso3":"AUT"},"firstName":"Ilka","lastName":"MINOR","abbvName":"I. MINOR","fullName":"Ilka MINOR","code":"MIN"},"manufacturer":{"manufacturerId":77,"name":"Skoda","logoFilename":"skoda"},"entrant":{"entrantId":172,"name":"HENNING SOLBERG","logoFilename":null},"group":{"groupId":8,"name":"R5"},"tag":null,"eventClasses":[{"eventClassId":458,"eventId":84,"name":"RC2"}],"entryId":19735,"eventId":84,"driverId":772,"codriverId":3257,"manufacturerId":77,"entrantId":172,"groupId":8,"tagId":null,"entryListOrder":23,"identifier":"49","vehicleModel":"FABIA R5","eligibility":"WRC2","priority":"P2","status":"Entry","tyreManufacturer":"Michelin"},{"driver":{"personId":4679,"countryId":110,"country":{"countryId":110,"name":"Italy","iso2":"IT","iso3":"ITA"},"firstName":"","lastName":"“PEDRO”","abbvName":". “PEDRO”","fullName":" “PEDRO”","code":"“PE"},"codriver":{"personId":4680,"countryId":110,"country":{"countryId":110,"name":"Italy","iso2":"IT","iso3":"ITA"},"firstName":"Emanuele","lastName":"BALDACCINI","abbvName":"E. BALDACCINI","fullName":"Emanuele BALDACCINI","code":"BAL"},"manufacturer":{"manufacturerId":26,"name":"Ford","logoFilename":"ford"},"entrant":{"entrantId":969,"name":"PEDRO","logoFilename":""},"group":{"groupId":8,"name":"R5"},"tag":null,"eventClasses":[{"eventClassId":458,"eventId":84,"name":"RC2"}],"entryId":19736,"eventId":84,"driverId":4679,"codriverId":4680,"manufacturerId":26,"entrantId":969,"groupId":8,"tagId":null,"entryListOrder":24,"identifier":"50","vehicleModel":"FIESTA R5","eligibility":"WRC2","priority":"P2","status":"Entry","tyreManufacturer":"Pirelli"},{"driver":{"personId":2469,"countryId":76,"country":{"countryId":76,"name":"France","iso2":"FR","iso3":"FRA"},"firstName":"Pierre-Louis","lastName":"LOUBET","abbvName":"P. LOUBET","fullName":"Pierre-Louis LOUBET","code":"LOU"},"codriver":{"personId":589,"countryId":76,"country":{"countryId":76,"name":"France","iso2":"FR","iso3":"FRA"},"firstName":"Vincent","lastName":"LANDAIS","abbvName":"V. LANDAIS","fullName":"Vincent LANDAIS","code":"LAN"},"manufacturer":{"manufacturerId":77,"name":"Skoda","logoFilename":"skoda"},"entrant":{"entrantId":1185,"name":"PIERRE-LOUIS LOUBET","logoFilename":""},"group":{"groupId":8,"name":"R5"},"tag":null,"eventClasses":[{"eventClassId":458,"eventId":84,"name":"RC2"}],"entryId":19737,"eventId":84,"driverId":2469,"codriverId":589,"manufacturerId":77,"entrantId":1185,"groupId":8,"tagId":null,"entryListOrder":25,"identifier":"51","vehicleModel":"FABIA R5","eligibility":"WRC2","priority":"P2","status":"Entry","tyreManufacturer":"Michelin"},{"driver":{"personId":5135,"countryId":178,"country":{"countryId":178,"name":"Portugal","iso2":"PT","iso3":"PRT"},"firstName":"Ricardo","lastName":"TEODOSIO","abbvName":"R. TEODOSIO","fullName":"Ricardo TEODOSIO","code":"TEO"},"codriver":{"personId":5136,"countryId":178,"country":{"countryId":178,"name":"Portugal","iso2":"PT","iso3":"PRT"},"firstName":"Jose Manuel","lastName":"TEIXEIRA","abbvName":"J. TEIXEIRA","fullName":"Jose Manuel TEIXEIRA","code":"TEI"},"manufacturer":{"manufacturerId":77,"name":"Skoda","logoFilename":"skoda"},"entrant":{"entrantId":1186,"name":"RICARDO TEODÓSIO","logoFilename":""},"group":{"groupId":8,"name":"R5"},"tag":{"tagId":3,"name":"CPR"},"eventClasses":[{"eventClassId":458,"eventId":84,"name":"RC2"}],"entryId":19738,"eventId":84,"driverId":5135,"codriverId":5136,"manufacturerId":77,"entrantId":1186,"groupId":8,"tagId":3,"entryListOrder":26,"identifier":"52","vehicleModel":"FABIA R5","eligibility":"WRC2","priority":"P2","status":"Retired","tyreManufacturer":"Michelin"},{"driver":{"personId":3228,"countryId":182,"country":{"countryId":182,"name":"Romania","iso2":"RO","iso3":"ROU"},"firstName":"Simone","lastName":"TEMPESTINI","abbvName":"S. TEMPESTINI","fullName":"Simone TEMPESTINI","code":"TEM"},"codriver":{"personId":4924,"countryId":182,"country":{"countryId":182,"name":"Romania","iso2":"RO","iso3":"ROU"},"firstName":"Sergiu Sebastian","lastName":"ITU","abbvName":"S. ITU","fullName":"Sergiu Sebastian ITU","code":"ITU"},"manufacturer":{"manufacturerId":33,"name":"Hyundai","logoFilename":"hyundai"},"entrant":{"entrantId":463,"name":"SIMONE TEMPESTINI","logoFilename":null},"group":{"groupId":8,"name":"R5"},"tag":null,"eventClasses":[{"eventClassId":458,"eventId":84,"name":"RC2"}],"entryId":19739,"eventId":84,"driverId":3228,"codriverId":4924,"manufacturerId":33,"entrantId":463,"groupId":8,"tagId":null,"entryListOrder":27,"identifier":"53","vehicleModel":"I20 NG R5","eligibility":"WRC2","priority":"P2","status":"Entry","tyreManufacturer":"Pirelli"},{"driver":{"personId":2126,"countryId":178,"country":{"countryId":178,"name":"Portugal","iso2":"PT","iso3":"PRT"},"firstName":"Miguel","lastName":"BARBOSA","abbvName":"M. BARBOSA","fullName":"Miguel BARBOSA","code":"BAR"},"codriver":{"personId":2245,"countryId":178,"country":{"countryId":178,"name":"Portugal","iso2":"PT","iso3":"PRT"},"firstName":"Jorge","lastName":"CARVALHO","abbvName":"J. CARVALHO","fullName":"Jorge CARVALHO","code":"CAR"},"manufacturer":{"manufacturerId":77,"name":"Skoda","logoFilename":"skoda"},"entrant":{"entrantId":1187,"name":"MIGUEL BARBOSA","logoFilename":""},"group":{"groupId":8,"name":"R5"},"tag":{"tagId":3,"name":"CPR"},"eventClasses":[{"eventClassId":458,"eventId":84,"name":"RC2"}],"entryId":19740,"eventId":84,"driverId":2126,"codriverId":2245,"manufacturerId":77,"entrantId":1187,"groupId":8,"tagId":3,"entryListOrder":28,"identifier":"54","vehicleModel":"FABIA R5","eligibility":"WRC2","priority":"P2","status":"Retired","tyreManufacturer":"Pirelli"},{"driver":{"personId":2122,"countryId":178,"country":{"countryId":178,"name":"Portugal","iso2":"PT","iso3":"PRT"},"firstName":"Armindo","lastName":"ARAUJO","abbvName":"A. ARAUJO","fullName":"Armindo ARAUJO","code":" AR"},"codriver":{"personId":2123,"countryId":178,"country":{"countryId":178,"name":"Portugal","iso2":"PT","iso3":"PRT"},"firstName":"Luis","lastName":"RAMALHO","abbvName":"L. RAMALHO","fullName":"Luis RAMALHO","code":"RAM"},"manufacturer":{"manufacturerId":33,"name":"Hyundai","logoFilename":"hyundai"},"entrant":{"entrantId":1188,"name":"ARMINDO ARAÚJO","logoFilename":""},"group":{"groupId":8,"name":"R5"},"tag":{"tagId":3,"name":"CPR"},"eventClasses":[{"eventClassId":458,"eventId":84,"name":"RC2"}],"entryId":19741,"eventId":84,"driverId":2122,"codriverId":2123,"manufacturerId":33,"entrantId":1188,"groupId":8,"tagId":3,"entryListOrder":29,"identifier":"55","vehicleModel":"I20 NG R5","eligibility":"WRC2","priority":"P2","status":"Entry","tyreManufacturer":"Michelin"},{"driver":{"personId":3047,"countryId":75,"country":{"countryId":75,"name":"Finland","iso2":"FI","iso3":"FIN"},"firstName":"Eerik","lastName":"PIETARINEN","abbvName":"E. PIETARINEN","fullName":"Eerik PIETARINEN","code":"PIE"},"codriver":{"personId":3048,"countryId":75,"country":{"countryId":75,"name":"Finland","iso2":"FI","iso3":"FIN"},"firstName":"Juhana","lastName":"RAITANEN","abbvName":"J. RAITANEN","fullName":"Juhana RAITANEN","code":"RAI"},"manufacturer":{"manufacturerId":77,"name":"Skoda","logoFilename":"skoda"},"entrant":{"entrantId":1189,"name":"EERIK PIETARINEN","logoFilename":""},"group":{"groupId":8,"name":"R5"},"tag":null,"eventClasses":[{"eventClassId":458,"eventId":84,"name":"RC2"}],"entryId":19742,"eventId":84,"driverId":3047,"codriverId":3048,"manufacturerId":77,"entrantId":1189,"groupId":8,"tagId":null,"entryListOrder":30,"identifier":"56","vehicleModel":"FABIA R5","eligibility":"WRC2","priority":"P2","status":"Entry","tyreManufacturer":"Pirelli"},{"driver":{"personId":2128,"countryId":178,"country":{"countryId":178,"name":"Portugal","iso2":"PT","iso3":"PRT"},"firstName":"Jose","lastName":"PEDRO FONTES","abbvName":"J. PEDRO FONTES","fullName":"Jose PEDRO FONTES","code":"PED"},"codriver":{"personId":5164,"countryId":178,"country":{"countryId":178,"name":"Portugal","iso2":"PT","iso3":"PRT"},"firstName":"Carlos","lastName":"MAGALHAES","abbvName":"C. MAGALHAES","fullName":"Carlos MAGALHAES","code":"MAG"},"manufacturer":{"manufacturerId":13,"name":"Citroen","logoFilename":"citroen"},"entrant":{"entrantId":1190,"name":"JOSÉ PEDRO FONTES","logoFilename":""},"group":{"groupId":8,"name":"R5"},"tag":{"tagId":3,"name":"CPR"},"eventClasses":[{"eventClassId":458,"eventId":84,"name":"RC2"}],"entryId":19743,"eventId":84,"driverId":2128,"codriverId":5164,"manufacturerId":13,"entrantId":1190,"groupId":8,"tagId":3,"entryListOrder":31,"identifier":"57","vehicleModel":"C3 R5","eligibility":"WRC2","priority":"P2","status":"Entry","tyreManufacturer":"Pirelli"},{"driver":{"personId":1250,"countryId":75,"country":{"countryId":75,"name":"Finland","iso2":"FI","iso3":"FIN"},"firstName":"Jari","lastName":"HUTTUNEN","abbvName":"J. HUTTUNEN","fullName":"Jari HUTTUNEN","code":"HUT"},"codriver":{"personId":1251,"countryId":75,"country":{"countryId":75,"name":"Finland","iso2":"FI","iso3":"FIN"},"firstName":"Antti","lastName":"LINNAKETO","abbvName":"A. LINNAKETO","fullName":"Antti LINNAKETO","code":"LIN"},"manufacturer":{"manufacturerId":33,"name":"Hyundai","logoFilename":"hyundai"},"entrant":{"entrantId":1012,"name":"JARI HUTTUNEN","logoFilename":""},"group":{"groupId":8,"name":"R5"},"tag":null,"eventClasses":[{"eventClassId":458,"eventId":84,"name":"RC2"}],"entryId":19744,"eventId":84,"driverId":1250,"codriverId":1251,"manufacturerId":33,"entrantId":1012,"groupId":8,"tagId":null,"entryListOrder":32,"identifier":"58","vehicleModel":"I20 NG R5","eligibility":"WRC2","priority":"P2","status":"Retired","tyreManufacturer":"Pirelli"},{"driver":{"personId":5140,"countryId":178,"country":{"countryId":178,"name":"Portugal","iso2":"PT","iso3":"PRT"},"firstName":"Bruno","lastName":"MAGALHAES","abbvName":"B. MAGALHAES","fullName":"Bruno MAGALHAES","code":"MAG"},"codriver":{"personId":2127,"countryId":178,"country":{"countryId":178,"name":"Portugal","iso2":"PT","iso3":"PRT"},"firstName":"Hugo","lastName":"MAGALHAES","abbvName":"H. MAGALHAES","fullName":"Hugo MAGALHAES","code":"MAG"},"manufacturer":{"manufacturerId":33,"name":"Hyundai","logoFilename":"hyundai"},"entrant":{"entrantId":1191,"name":"BRUNO MAGALHÃES","logoFilename":""},"group":{"groupId":8,"name":"R5"},"tag":{"tagId":3,"name":"CPR"},"eventClasses":[{"eventClassId":458,"eventId":84,"name":"RC2"}],"entryId":19745,"eventId":84,"driverId":5140,"codriverId":2127,"manufacturerId":33,"entrantId":1191,"groupId":8,"tagId":3,"entryListOrder":33,"identifier":"59","vehicleModel":"I20 NG R5","eligibility":"WRC2","priority":"P2","status":"Entry","tyreManufacturer":"Michelin"},{"driver":{"personId":2124,"countryId":178,"country":{"countryId":178,"name":"Portugal","iso2":"PT","iso3":"PRT"},"firstName":"Pedro","lastName":"MEIRELES","abbvName":"P. MEIRELES","fullName":"Pedro MEIRELES","code":"MEI"},"codriver":{"personId":2125,"countryId":178,"country":{"countryId":178,"name":"Portugal","iso2":"PT","iso3":"PRT"},"firstName":"Mario","lastName":"CASTRO","abbvName":"M. CASTRO","fullName":"Mario CASTRO","code":"CAS"},"manufacturer":{"manufacturerId":87,"name":"Volkswagen","logoFilename":"volkswagen"},"entrant":{"entrantId":471,"name":"PEDRO MEIRELES","logoFilename":null},"group":{"groupId":8,"name":"R5"},"tag":{"tagId":3,"name":"CPR"},"eventClasses":[{"eventClassId":458,"eventId":84,"name":"RC2"}],"entryId":19746,"eventId":84,"driverId":2124,"codriverId":2125,"manufacturerId":87,"entrantId":471,"groupId":8,"tagId":3,"entryListOrder":34,"identifier":"60","vehicleModel":"POLO GTI R5","eligibility":"WRC2","priority":"P2","status":"Retired","tyreManufacturer":"Michelin"},{"driver":{"personId":5141,"countryId":178,"country":{"countryId":178,"name":"Portugal","iso2":"PT","iso3":"PRT"},"firstName":"Pedro","lastName":"ALMEIDA","abbvName":"P. ALMEIDA","fullName":"Pedro ALMEIDA","code":"ALM"},"codriver":{"personId":5142,"countryId":178,"country":{"countryId":178,"name":"Portugal","iso2":"PT","iso3":"PRT"},"firstName":"Nuno","lastName":"ALMEIDA","abbvName":"N. ALMEIDA","fullName":"Nuno ALMEIDA","code":"ALM"},"manufacturer":{"manufacturerId":77,"name":"Skoda","logoFilename":"skoda"},"entrant":{"entrantId":1192,"name":"PEDRO ALMEIDA","logoFilename":""},"group":{"groupId":8,"name":"R5"},"tag":{"tagId":3,"name":"CPR"},"eventClasses":[{"eventClassId":458,"eventId":84,"name":"RC2"}],"entryId":19747,"eventId":84,"driverId":5141,"codriverId":5142,"manufacturerId":77,"entrantId":1192,"groupId":8,"tagId":3,"entryListOrder":35,"identifier":"61","vehicleModel":"FABIA R5","eligibility":"WRC2","priority":"P2","status":"Entry","tyreManufacturer":"Michelin"},{"driver":{"personId":2132,"countryId":178,"country":{"countryId":178,"name":"Portugal","iso2":"PT","iso3":"PRT"},"firstName":"Antonio","lastName":"DIAS","abbvName":"A. DIAS","fullName":"Antonio DIAS","code":"DIA"},"codriver":{"personId":5143,"countryId":178,"country":{"countryId":178,"name":"Portugal","iso2":"PT","iso3":"PRT"},"firstName":"Nuno","lastName":"RODRIGUES DA SILVA","abbvName":"N. RODRIGUES DA SILVA","fullName":"Nuno RODRIGUES DA SILVA","code":"ROD"},"manufacturer":{"manufacturerId":77,"name":"Skoda","logoFilename":"skoda"},"entrant":{"entrantId":475,"name":"ANTÓNIO DIAS","logoFilename":null},"group":{"groupId":8,"name":"R5"},"tag":{"tagId":3,"name":"CPR"},"eventClasses":[{"eventClassId":458,"eventId":84,"name":"RC2"}],"entryId":19748,"eventId":84,"driverId":2132,"codriverId":5143,"manufacturerId":77,"entrantId":475,"groupId":8,"tagId":3,"entryListOrder":36,"identifier":"62","vehicleModel":"FABIA R5","eligibility":"WRC2","priority":"P2","status":"Retired","tyreManufacturer":"Michelin"},{"driver":{"personId":3260,"countryId":178,"country":{"countryId":178,"name":"Portugal","iso2":"PT","iso3":"PRT"},"firstName":"Diogo","lastName":"SALVI","abbvName":"D. SALVI","fullName":"Diogo SALVI","code":"SAL"},"codriver":{"personId":2129,"countryId":178,"country":{"countryId":178,"name":"Portugal","iso2":"PT","iso3":"PRT"},"firstName":"Paulo","lastName":"BABO","abbvName":"P. BABO","fullName":"Paulo BABO","code":"BAB"},"manufacturer":{"manufacturerId":77,"name":"Skoda","logoFilename":"skoda"},"entrant":{"entrantId":476,"name":"DIOGO SALVI","logoFilename":null},"group":{"groupId":8,"name":"R5"},"tag":{"tagId":3,"name":"CPR"},"eventClasses":[{"eventClassId":458,"eventId":84,"name":"RC2"}],"entryId":19749,"eventId":84,"driverId":3260,"codriverId":2129,"manufacturerId":77,"entrantId":476,"groupId":8,"tagId":3,"entryListOrder":37,"identifier":"63","vehicleModel":"FABIA R5","eligibility":"WRC2","priority":"P2","status":"Retired","tyreManufacturer":"Michelin"},{"driver":{"personId":4077,"countryId":235,"country":{"countryId":235,"name":"United Kingdom of Great Britain and Northern Ireland","iso2":"GB","iso3":"GBR"},"firstName":"Rhys","lastName":"YATES","abbvName":"R. YATES","fullName":"Rhys YATES","code":"YAT"},"codriver":{"personId":4080,"countryId":235,"country":{"countryId":235,"name":"United Kingdom of Great Britain and Northern Ireland","iso2":"GB","iso3":"GBR"},"firstName":"James","lastName":"MORGAN","abbvName":"J. MORGAN","fullName":"James MORGAN","code":"MOR"},"manufacturer":{"manufacturerId":77,"name":"Skoda","logoFilename":"skoda"},"entrant":{"entrantId":1193,"name":"RHYS YATES","logoFilename":""},"group":{"groupId":8,"name":"R5"},"tag":null,"eventClasses":[{"eventClassId":458,"eventId":84,"name":"RC2"}],"entryId":19750,"eventId":84,"driverId":4077,"codriverId":4080,"manufacturerId":77,"entrantId":1193,"groupId":8,"tagId":null,"entryListOrder":38,"identifier":"64","vehicleModel":"FABIA R5","eligibility":"WRC2","priority":"P2","status":"Rejoined","tyreManufacturer":"Pirelli"},{"driver":{"personId":2483,"countryId":157,"country":{"countryId":157,"name":"Netherlands","iso2":"NL","iso3":"NLD"},"firstName":"Kees","lastName":"BURGER","abbvName":"K. BURGER","fullName":"Kees BURGER","code":"BUR"},"codriver":{"personId":4790,"countryId":75,"country":{"countryId":75,"name":"Finland","iso2":"FI","iso3":"FIN"},"firstName":"Miika","lastName":"TEISKONEN","abbvName":"M. TEISKONEN","fullName":"Miika TEISKONEN","code":"TEI"},"manufacturer":{"manufacturerId":77,"name":"Skoda","logoFilename":"skoda"},"entrant":{"entrantId":479,"name":"KEES BURGER","logoFilename":null},"group":{"groupId":8,"name":"R5"},"tag":null,"eventClasses":[{"eventClassId":458,"eventId":84,"name":"RC2"}],"entryId":19751,"eventId":84,"driverId":2483,"codriverId":4790,"manufacturerId":77,"entrantId":479,"groupId":8,"tagId":null,"entryListOrder":39,"identifier":"72","vehicleModel":"FABIA R5","eligibility":"None","priority":"None","status":"Retired","tyreManufacturer":"DMACK"},{"driver":{"personId":5144,"countryId":83,"country":{"countryId":83,"name":"Germany","iso2":"DE","iso3":"DEU"},"firstName":"Dominik","lastName":"DINKEL","abbvName":"D. DINKEL","fullName":"Dominik DINKEL","code":"DIN"},"codriver":{"personId":5145,"countryId":83,"country":{"countryId":83,"name":"Germany","iso2":"DE","iso3":"DEU"},"firstName":"Christina","lastName":"FÜRST","abbvName":"C. FÜRST","fullName":"Christina FÜRST","code":"FÜR"},"manufacturer":{"manufacturerId":33,"name":"Hyundai","logoFilename":"hyundai"},"entrant":{"entrantId":1194,"name":"DOMINIK DINKEL","logoFilename":""},"group":{"groupId":8,"name":"R5"},"tag":null,"eventClasses":[{"eventClassId":458,"eventId":84,"name":"RC2"}],"entryId":19752,"eventId":84,"driverId":5144,"codriverId":5145,"manufacturerId":33,"entrantId":1194,"groupId":8,"tagId":null,"entryListOrder":40,"identifier":"73","vehicleModel":"I20 NG R5","eligibility":"None","priority":"None","status":"Rejoined","tyreManufacturer":"Pirelli"},{"driver":{"personId":2146,"countryId":178,"country":{"countryId":178,"name":"Portugal","iso2":"PT","iso3":"PRT"},"firstName":"Ricardo","lastName":"MARQUES","abbvName":"R. MARQUES","fullName":"Ricardo MARQUES","code":"MAR"},"codriver":{"personId":5146,"countryId":178,"country":{"countryId":178,"name":"Portugal","iso2":"PT","iso3":"PRT"},"firstName":"Hugo","lastName":"VASCONCELOS","abbvName":"H. VASCONCELOS","fullName":"Hugo VASCONCELOS","code":"VAS"},"manufacturer":{"manufacturerId":33,"name":"Hyundai","logoFilename":"hyundai"},"entrant":{"entrantId":482,"name":"RICARDO MARQUES","logoFilename":null},"group":{"groupId":8,"name":"R5"},"tag":null,"eventClasses":[{"eventClassId":458,"eventId":84,"name":"RC2"}],"entryId":19753,"eventId":84,"driverId":2146,"codriverId":5146,"manufacturerId":33,"entrantId":482,"groupId":8,"tagId":null,"entryListOrder":41,"identifier":"74","vehicleModel":"I20 NG R5","eligibility":"None","priority":"None","status":"NonStarter","tyreManufacturer":"DMACK"},{"driver":{"personId":2148,"countryId":178,"country":{"countryId":178,"name":"Portugal","iso2":"PT","iso3":"PRT"},"firstName":"Joao","lastName":"FERNANDO RAMOS","abbvName":"J. FERNANDO RAMOS","fullName":"Joao FERNANDO RAMOS","code":"FER"},"codriver":{"personId":2149,"countryId":178,"country":{"countryId":178,"name":"Portugal","iso2":"PT","iso3":"PRT"},"firstName":"Jose","lastName":"JANELA","abbvName":"J. JANELA","fullName":"Jose JANELA","code":"JAN"},"manufacturer":{"manufacturerId":26,"name":"Ford","logoFilename":"ford"},"entrant":{"entrantId":484,"name":"RMC MOTORSPORT","logoFilename":null},"group":{"groupId":8,"name":"R5"},"tag":{"tagId":3,"name":"CPR"},"eventClasses":[{"eventClassId":458,"eventId":84,"name":"RC2"}],"entryId":19754,"eventId":84,"driverId":2148,"codriverId":2149,"manufacturerId":26,"entrantId":484,"groupId":8,"tagId":3,"entryListOrder":42,"identifier":"75","vehicleModel":"FIESTA R5","eligibility":"None","priority":"None","status":"Entry","tyreManufacturer":"Michelin"},{"driver":{"personId":2144,"countryId":178,"country":{"countryId":178,"name":"Portugal","iso2":"PT","iso3":"PRT"},"firstName":"Francisco","lastName":"TEIXEIRA","abbvName":"F. TEIXEIRA","fullName":"Francisco TEIXEIRA","code":"TEI"},"codriver":{"personId":2145,"countryId":178,"country":{"countryId":178,"name":"Portugal","iso2":"PT","iso3":"PRT"},"firstName":"Joao","lastName":"SERODIO","abbvName":"J. SERODIO","fullName":"Joao SERODIO","code":"SER"},"manufacturer":{"manufacturerId":77,"name":"Skoda","logoFilename":"skoda"},"entrant":{"entrantId":481,"name":"FRANCISCO TEIXEIRA","logoFilename":null},"group":{"groupId":8,"name":"R5"},"tag":{"tagId":3,"name":"CPR"},"eventClasses":[{"eventClassId":458,"eventId":84,"name":"RC2"}],"entryId":19755,"eventId":84,"driverId":2144,"codriverId":2145,"manufacturerId":77,"entrantId":481,"groupId":8,"tagId":3,"entryListOrder":43,"identifier":"76","vehicleModel":"FABIA R5","eligibility":"None","priority":"None","status":"Retired","tyreManufacturer":"Michelin"},{"driver":{"personId":2212,"countryId":178,"country":{"countryId":178,"name":"Portugal","iso2":"PT","iso3":"PRT"},"firstName":"Helder","lastName":"MIRANDA","abbvName":"H. MIRANDA","fullName":"Helder MIRANDA","code":"MIR"},"codriver":{"personId":2213,"countryId":178,"country":{"countryId":178,"name":"Portugal","iso2":"PT","iso3":"PRT"},"firstName":"Rui","lastName":"TEIXEIRA","abbvName":"R. TEIXEIRA","fullName":"Rui TEIXEIRA","code":"TEI"},"manufacturer":{"manufacturerId":69,"name":"Renault","logoFilename":"renault"},"entrant":{"entrantId":523,"name":"HÉLDER MIRANDA","logoFilename":null},"group":{"groupId":6,"name":"R3"},"tag":{"tagId":3,"name":"CPR"},"eventClasses":[{"eventClassId":459,"eventId":84,"name":"RC3"}],"entryId":19756,"eventId":84,"driverId":2212,"codriverId":2213,"manufacturerId":69,"entrantId":523,"groupId":6,"tagId":3,"entryListOrder":44,"identifier":"77","vehicleModel":"CLIO RS","eligibility":"None","priority":"None","status":"Rejoined","tyreManufacturer":"Pirelli"},{"driver":{"personId":5147,"countryId":178,"country":{"countryId":178,"name":"Portugal","iso2":"PT","iso3":"PRT"},"firstName":"Jose","lastName":"MERCEANO","abbvName":"J. MERCEANO","fullName":"Jose MERCEANO","code":"MER"},"codriver":{"personId":5148,"countryId":178,"country":{"countryId":178,"name":"Portugal","iso2":"PT","iso3":"PRT"},"firstName":"Francisco","lastName":"PEREIRA","abbvName":"F. PEREIRA","fullName":"Francisco PEREIRA","code":"PER"},"manufacturer":{"manufacturerId":59,"name":"Mitsubishi","logoFilename":"mitsubishi"},"entrant":{"entrantId":1195,"name":"JOSÉ MERCEANO","logoFilename":""},"group":{"groupId":57,"name":"NAT"},"tag":{"tagId":3,"name":"CPR"},"eventClasses":[{"eventClassId":460,"eventId":84,"name":""}],"entryId":19757,"eventId":84,"driverId":5147,"codriverId":5148,"manufacturerId":59,"entrantId":1195,"groupId":57,"tagId":3,"entryListOrder":45,"identifier":"78","vehicleModel":"LANCER EVO X","eligibility":"None","priority":"None","status":"Retired","tyreManufacturer":"Michelin"},{"driver":{"personId":828,"countryId":110,"country":{"countryId":110,"name":"Italy","iso2":"IT","iso3":"ITA"},"firstName":"Enrico","lastName":"OLDRATI","abbvName":"E. OLDRATI","fullName":"Enrico OLDRATI","code":"OLD"},"codriver":{"personId":2467,"countryId":110,"country":{"countryId":110,"name":"Italy","iso2":"IT","iso3":"ITA"},"firstName":"Simone","lastName":"SCATTOLIN","abbvName":"S. SCATTOLIN","fullName":"Simone SCATTOLIN","code":"SCA"},"manufacturer":{"manufacturerId":26,"name":"Ford","logoFilename":"ford"},"entrant":{"entrantId":203,"name":"ENRICO OLDRATI ","logoFilename":null},"group":{"groupId":4,"name":"R2"},"tag":null,"eventClasses":[{"eventClassId":461,"eventId":84,"name":"RC4"}],"entryId":19758,"eventId":84,"driverId":828,"codriverId":2467,"manufacturerId":26,"entrantId":203,"groupId":4,"tagId":null,"entryListOrder":46,"identifier":"79","vehicleModel":"FIESTA R2","eligibility":"None","priority":"None","status":"Retired","tyreManufacturer":"Pirelli"},{"driver":{"personId":5149,"countryId":209,"country":{"countryId":209,"name":"Spain","iso2":"ES","iso3":"ESP"},"firstName":"Daniel","lastName":"BERDOMAS","abbvName":"D. BERDOMAS","fullName":"Daniel BERDOMAS","code":"BER"},"codriver":{"personId":5150,"countryId":209,"country":{"countryId":209,"name":"Spain","iso2":"ES","iso3":"ESP"},"firstName":"David","lastName":"RIVERO","abbvName":"D. RIVERO","fullName":"David RIVERO","code":"RIV"},"manufacturer":{"manufacturerId":65,"name":"Peugeot","logoFilename":"peugeot"},"entrant":{"entrantId":1196,"name":"DANIEL BERDOMÁS","logoFilename":""},"group":{"groupId":4,"name":"R2"},"tag":{"tagId":2,"name":"Peugeot Rally Cup Iberica"},"eventClasses":[{"eventClassId":461,"eventId":84,"name":"RC4"}],"entryId":19759,"eventId":84,"driverId":5149,"codriverId":5150,"manufacturerId":65,"entrantId":1196,"groupId":4,"tagId":2,"entryListOrder":47,"identifier":"80","vehicleModel":"208 R2","eligibility":"None","priority":"None","status":"Retired","tyreManufacturer":"Pirelli"},{"driver":{"personId":2232,"countryId":178,"country":{"countryId":178,"name":"Portugal","iso2":"PT","iso3":"PRT"},"firstName":"Daniel","lastName":"NUNES","abbvName":"D. NUNES","fullName":"Daniel NUNES","code":" NU"},"codriver":{"personId":2233,"countryId":178,"country":{"countryId":178,"name":"Portugal","iso2":"PT","iso3":"PRT"},"firstName":"Rui","lastName":"RAIMUNDO","abbvName":"R. RAIMUNDO","fullName":"Rui RAIMUNDO","code":"RAI"},"manufacturer":{"manufacturerId":65,"name":"Peugeot","logoFilename":"peugeot"},"entrant":{"entrantId":533,"name":"DANIEL NUNES","logoFilename":null},"group":{"groupId":4,"name":"R2"},"tag":{"tagId":3,"name":"CPR"},"eventClasses":[{"eventClassId":461,"eventId":84,"name":"RC4"}],"entryId":19760,"eventId":84,"driverId":2232,"codriverId":2233,"manufacturerId":65,"entrantId":533,"groupId":4,"tagId":3,"entryListOrder":48,"identifier":"81","vehicleModel":"208 R2","eligibility":"None","priority":"None","status":"Retired","tyreManufacturer":"Pirelli"},{"driver":{"personId":4540,"countryId":209,"country":{"countryId":209,"name":"Spain","iso2":"ES","iso3":"ESP"},"firstName":"Josep","lastName":"BASSAS","abbvName":"J. BASSAS","fullName":"Josep BASSAS","code":"BAS"},"codriver":{"personId":4559,"countryId":209,"country":{"countryId":209,"name":"Spain","iso2":"ES","iso3":"ESP"},"firstName":"Axel","lastName":"CORONADO","abbvName":"A. CORONADO","fullName":"Axel CORONADO","code":"COR"},"manufacturer":{"manufacturerId":65,"name":"Peugeot","logoFilename":"peugeot"},"entrant":{"entrantId":1197,"name":"SEC. ESP. GC MOTORSPORT","logoFilename":""},"group":{"groupId":4,"name":"R2"},"tag":{"tagId":2,"name":"Peugeot Rally Cup Iberica"},"eventClasses":[{"eventClassId":461,"eventId":84,"name":"RC4"}],"entryId":19761,"eventId":84,"driverId":4540,"codriverId":4559,"manufacturerId":65,"entrantId":1197,"groupId":4,"tagId":2,"entryListOrder":49,"identifier":"82","vehicleModel":"208 R2","eligibility":"None","priority":"None","status":"Retired","tyreManufacturer":"Pirelli"},{"driver":{"personId":2230,"countryId":178,"country":{"countryId":178,"name":"Portugal","iso2":"PT","iso3":"PRT"},"firstName":"Pedro","lastName":"ANTUNES","abbvName":"P. ANTUNES","fullName":"Pedro ANTUNES","code":"ANT"},"codriver":{"personId":5163,"countryId":178,"country":{"countryId":178,"name":"Portugal","iso2":"PT","iso3":"PRT"},"firstName":"Alexandre","lastName":"FERREIRA RODRIGUES","abbvName":"A. FERREIRA RODRIGUES","fullName":"Alexandre FERREIRA RODRIGUES","code":"FER"},"manufacturer":{"manufacturerId":65,"name":"Peugeot","logoFilename":"peugeot"},"entrant":{"entrantId":532,"name":"PEDRO ANTUNES","logoFilename":null},"group":{"groupId":4,"name":"R2"},"tag":{"tagId":2,"name":"Peugeot Rally Cup Iberica"},"eventClasses":[{"eventClassId":461,"eventId":84,"name":"RC4"}],"entryId":19762,"eventId":84,"driverId":2230,"codriverId":5163,"manufacturerId":65,"entrantId":532,"groupId":4,"tagId":2,"entryListOrder":50,"identifier":"83","vehicleModel":"208 R2","eligibility":"None","priority":"None","status":"Retired","tyreManufacturer":"Pirelli"},{"driver":{"personId":5151,"countryId":209,"country":{"countryId":209,"name":"Spain","iso2":"ES","iso3":"ESP"},"firstName":"Jose Maria","lastName":"GONZALEZ REYES","abbvName":"J. GONZALEZ REYES","fullName":"Jose Maria GONZALEZ REYES","code":"GON"},"codriver":{"personId":5152,"countryId":209,"country":{"countryId":209,"name":"Spain","iso2":"ES","iso3":"ESP"},"firstName":"Diego","lastName":"SANJUAN DE EUSEBIO","abbvName":"D. SANJUAN DE EUSEBIO","fullName":"Diego SANJUAN DE EUSEBIO","code":"SAN"},"manufacturer":{"manufacturerId":65,"name":"Peugeot","logoFilename":"peugeot"},"entrant":{"entrantId":1198,"name":"SMC JUNIOR MOTORSPORT","logoFilename":""},"group":{"groupId":4,"name":"R2"},"tag":{"tagId":2,"name":"Peugeot Rally Cup Iberica"},"eventClasses":[{"eventClassId":461,"eventId":84,"name":"RC4"}],"entryId":19763,"eventId":84,"driverId":5151,"codriverId":5152,"manufacturerId":65,"entrantId":1198,"groupId":4,"tagId":2,"entryListOrder":51,"identifier":"84","vehicleModel":"208 R2","eligibility":"None","priority":"None","status":"Retired","tyreManufacturer":"Pirelli"},{"driver":{"personId":5153,"countryId":209,"country":{"countryId":209,"name":"Spain","iso2":"ES","iso3":"ESP"},"firstName":"Sergi","lastName":"FRANCOLI COMELLAS","abbvName":"S. FRANCOLI COMELLAS","fullName":"Sergi FRANCOLI COMELLAS","code":"FRA"},"codriver":{"personId":5154,"countryId":209,"country":{"countryId":209,"name":"Spain","iso2":"ES","iso3":"ESP"},"firstName":"Maria","lastName":"SALVO EL HAGE","abbvName":"M. SALVO EL HAGE","fullName":"Maria SALVO EL HAGE","code":"SAL"},"manufacturer":{"manufacturerId":65,"name":"Peugeot","logoFilename":"peugeot"},"entrant":{"entrantId":1199,"name":"SEC. ESP. RACC MOTORSPORT","logoFilename":""},"group":{"groupId":4,"name":"R2"},"tag":{"tagId":2,"name":"Peugeot Rally Cup Iberica"},"eventClasses":[{"eventClassId":461,"eventId":84,"name":"RC4"}],"entryId":19764,"eventId":84,"driverId":5153,"codriverId":5154,"manufacturerId":65,"entrantId":1199,"groupId":4,"tagId":2,"entryListOrder":52,"identifier":"85","vehicleModel":"208 R2","eligibility":"None","priority":"None","status":"Retired","tyreManufacturer":"Pirelli"},{"driver":{"personId":5155,"countryId":70,"country":{"countryId":70,"name":"Estonia","iso2":"EE","iso3":"EST"},"firstName":"Georg","lastName":"LINNAMAE","abbvName":"G. LINNAMAE","fullName":"Georg LINNAMAE","code":"LIN"},"codriver":{"personId":5156,"countryId":233,"country":{"countryId":233,"name":"Ukraine","iso2":"UA","iso3":"UKR"},"firstName":"Volodymyr","lastName":"KORSIA","abbvName":"V. KORSIA","fullName":"Volodymyr KORSIA","code":"KOR"},"manufacturer":{"manufacturerId":65,"name":"Peugeot","logoFilename":"peugeot"},"entrant":{"entrantId":1200,"name":"ALM MOTORSPORT","logoFilename":""},"group":{"groupId":4,"name":"R2"},"tag":{"tagId":2,"name":"Peugeot Rally Cup Iberica"},"eventClasses":[{"eventClassId":461,"eventId":84,"name":"RC4"}],"entryId":19765,"eventId":84,"driverId":5155,"codriverId":5156,"manufacturerId":65,"entrantId":1200,"groupId":4,"tagId":2,"entryListOrder":53,"identifier":"86","vehicleModel":"208 R2","eligibility":"None","priority":"None","status":"Rejoined","tyreManufacturer":"Pirelli"},{"driver":{"personId":2224,"countryId":178,"country":{"countryId":178,"name":"Portugal","iso2":"PT","iso3":"PRT"},"firstName":"Hugo","lastName":"LOPES","abbvName":"H. LOPES","fullName":"Hugo LOPES","code":"LOP"},"codriver":{"personId":4550,"countryId":178,"country":{"countryId":178,"name":"Portugal","iso2":"PT","iso3":"PRT"},"firstName":"Nuno","lastName":"RIBEIRO","abbvName":"N. RIBEIRO","fullName":"Nuno RIBEIRO","code":"RIB"},"manufacturer":{"manufacturerId":65,"name":"Peugeot","logoFilename":"peugeot"},"entrant":{"entrantId":529,"name":"HUGO LOPES","logoFilename":null},"group":{"groupId":4,"name":"R2"},"tag":{"tagId":3,"name":"CPR"},"eventClasses":[{"eventClassId":461,"eventId":84,"name":"RC4"}],"entryId":19766,"eventId":84,"driverId":2224,"codriverId":4550,"manufacturerId":65,"entrantId":529,"groupId":4,"tagId":3,"entryListOrder":54,"identifier":"87","vehicleModel":"208 R2","eligibility":"None","priority":"None","status":"Retired","tyreManufacturer":"Pirelli"},{"driver":{"personId":5157,"countryId":178,"country":{"countryId":178,"name":"Portugal","iso2":"PT","iso3":"PRT"},"firstName":"Carlos","lastName":"FERNANDES","abbvName":"C. FERNANDES","fullName":"Carlos FERNANDES","code":"FER"},"codriver":{"personId":2135,"countryId":178,"country":{"countryId":178,"name":"Portugal","iso2":"PT","iso3":"PRT"},"firstName":"Valter","lastName":"CARDOSO","abbvName":"V. CARDOSO","fullName":"Valter CARDOSO","code":"CAR"},"manufacturer":{"manufacturerId":65,"name":"Peugeot","logoFilename":"peugeot"},"entrant":{"entrantId":1201,"name":"CARLOS FERNANDES","logoFilename":""},"group":{"groupId":4,"name":"R2"},"tag":{"tagId":2,"name":"Peugeot Rally Cup Iberica"},"eventClasses":[{"eventClassId":461,"eventId":84,"name":"RC4"}],"entryId":19767,"eventId":84,"driverId":5157,"codriverId":2135,"manufacturerId":65,"entrantId":1201,"groupId":4,"tagId":2,"entryListOrder":55,"identifier":"88","vehicleModel":"208 R2","eligibility":"None","priority":"None","status":"Retired","tyreManufacturer":"Pirelli"},{"driver":{"personId":2238,"countryId":178,"country":{"countryId":178,"name":"Portugal","iso2":"PT","iso3":"PRT"},"firstName":"Ricardo","lastName":"SOUSA","abbvName":"R. SOUSA","fullName":"Ricardo SOUSA","code":"SOU"},"codriver":{"personId":4551,"countryId":178,"country":{"countryId":178,"name":"Portugal","iso2":"PT","iso3":"PRT"},"firstName":"Luis","lastName":"MARQUES","abbvName":"L. MARQUES","fullName":"Luis MARQUES","code":"MAR"},"manufacturer":{"manufacturerId":65,"name":"Peugeot","logoFilename":"peugeot"},"entrant":{"entrantId":536,"name":"RICARDO SOUSA","logoFilename":null},"group":{"groupId":4,"name":"R2"},"tag":{"tagId":2,"name":"Peugeot Rally Cup Iberica"},"eventClasses":[{"eventClassId":461,"eventId":84,"name":"RC4"}],"entryId":19768,"eventId":84,"driverId":2238,"codriverId":4551,"manufacturerId":65,"entrantId":536,"groupId":4,"tagId":2,"entryListOrder":56,"identifier":"90","vehicleModel":"208 R2","eligibility":"None","priority":"None","status":"Retired","tyreManufacturer":"Pirelli"},{"driver":{"personId":4122,"countryId":235,"country":{"countryId":235,"name":"United Kingdom of Great Britain and Northern Ireland","iso2":"GB","iso3":"GBR"},"firstName":"Nabila","lastName":"TEJPAR","abbvName":"N. TEJPAR","fullName":"Nabila TEJPAR","code":"TEJ"},"codriver":{"personId":2221,"countryId":235,"country":{"countryId":235,"name":"United Kingdom of Great Britain and Northern Ireland","iso2":"GB","iso3":"GBR"},"firstName":"Max","lastName":"FREEMAN","abbvName":"M. FREEMAN","fullName":"Max FREEMAN","code":"FRE"},"manufacturer":{"manufacturerId":65,"name":"Peugeot","logoFilename":"peugeot"},"entrant":{"entrantId":526,"name":"NABILA TEJPAR","logoFilename":null},"group":{"groupId":4,"name":"R2"},"tag":{"tagId":2,"name":"Peugeot Rally Cup Iberica"},"eventClasses":[{"eventClassId":461,"eventId":84,"name":"RC4"}],"entryId":19769,"eventId":84,"driverId":4122,"codriverId":2221,"manufacturerId":65,"entrantId":526,"groupId":4,"tagId":2,"entryListOrder":57,"identifier":"91","vehicleModel":"208 R2","eligibility":"None","priority":"None","status":"Entry","tyreManufacturer":"Pirelli"},{"driver":{"personId":5158,"countryId":235,"country":{"countryId":235,"name":"United Kingdom of Great Britain and Northern Ireland","iso2":"GB","iso3":"GBR"},"firstName":"RUAIRI","lastName":"BELL","abbvName":"R. BELL","fullName":"RUAIRI BELL","code":"BEL"},"codriver":{"personId":3069,"countryId":235,"country":{"countryId":235,"name":"United Kingdom of Great Britain and Northern Ireland","iso2":"GB","iso3":"GBR"},"firstName":"Darren","lastName":"GARROD","abbvName":"D. GARROD","fullName":"Darren GARROD","code":"GAR"},"manufacturer":{"manufacturerId":65,"name":"Peugeot","logoFilename":"peugeot"},"entrant":{"entrantId":1202,"name":"RUAIRI BELL","logoFilename":""},"group":{"groupId":4,"name":"R2"},"tag":{"tagId":2,"name":"Peugeot Rally Cup Iberica"},"eventClasses":[{"eventClassId":461,"eventId":84,"name":"RC4"}],"entryId":19770,"eventId":84,"driverId":5158,"codriverId":3069,"manufacturerId":65,"entrantId":1202,"groupId":4,"tagId":2,"entryListOrder":58,"identifier":"92","vehicleModel":"208 R2","eligibility":"None","priority":"None","status":"Entry","tyreManufacturer":"Pirelli"},{"driver":{"personId":2226,"countryId":178,"country":{"countryId":178,"name":"Portugal","iso2":"PT","iso3":"PRT"},"firstName":"Paulo","lastName":"MOREIRA","abbvName":"P. MOREIRA","fullName":"Paulo MOREIRA","code":"MOR"},"codriver":{"personId":2227,"countryId":178,"country":{"countryId":178,"name":"Portugal","iso2":"PT","iso3":"PRT"},"firstName":"Marco","lastName":"MACEDO","abbvName":"M. MACEDO","fullName":"Marco MACEDO","code":"MAC"},"manufacturer":{"manufacturerId":65,"name":"Peugeot","logoFilename":"peugeot"},"entrant":{"entrantId":530,"name":"PAULO MOREIRA","logoFilename":null},"group":{"groupId":4,"name":"R2"},"tag":{"tagId":2,"name":"Peugeot Rally Cup Iberica"},"eventClasses":[{"eventClassId":461,"eventId":84,"name":"RC4"}],"entryId":19771,"eventId":84,"driverId":2226,"codriverId":2227,"manufacturerId":65,"entrantId":530,"groupId":4,"tagId":2,"entryListOrder":59,"identifier":"93","vehicleModel":"208 R2","eligibility":"None","priority":"None","status":"Retired","tyreManufacturer":"Pirelli"},{"driver":{"personId":5159,"countryId":209,"country":{"countryId":209,"name":"Spain","iso2":"ES","iso3":"ESP"},"firstName":"Santi","lastName":"GARCIA PAZ","abbvName":"S. GARCIA PAZ","fullName":"Santi GARCIA PAZ","code":"GAR"},"codriver":{"personId":5160,"countryId":209,"country":{"countryId":209,"name":"Spain","iso2":"ES","iso3":"ESP"},"firstName":"Nestor","lastName":"CASAL VILAR","abbvName":"N. CASAL VILAR","fullName":"Nestor CASAL VILAR","code":"CAS"},"manufacturer":{"manufacturerId":65,"name":"Peugeot","logoFilename":"peugeot"},"entrant":{"entrantId":1203,"name":"CLUB ESCUDERIA SENRA SPORT","logoFilename":""},"group":{"groupId":4,"name":"R2"},"tag":{"tagId":2,"name":"Peugeot Rally Cup Iberica"},"eventClasses":[{"eventClassId":461,"eventId":84,"name":"RC4"}],"entryId":19772,"eventId":84,"driverId":5159,"codriverId":5160,"manufacturerId":65,"entrantId":1203,"groupId":4,"tagId":2,"entryListOrder":60,"identifier":"94","vehicleModel":"208 R2","eligibility":"None","priority":"None","status":"Retired","tyreManufacturer":"Pirelli"},{"driver":{"personId":5161,"countryId":209,"country":{"countryId":209,"name":"Spain","iso2":"ES","iso3":"ESP"},"firstName":"Jose Luis","lastName":"PELAEZ OLIVARES","abbvName":"J. PELAEZ OLIVARES","fullName":"Jose Luis PELAEZ OLIVARES","code":"PEL"},"codriver":{"personId":5162,"countryId":209,"country":{"countryId":209,"name":"Spain","iso2":"ES","iso3":"ESP"},"firstName":"Rodolfo","lastName":"DEL BARRIO GARCIA","abbvName":"R. DEL BARRIO GARCIA","fullName":"Rodolfo DEL BARRIO GARCIA","code":"DEL"},"manufacturer":{"manufacturerId":65,"name":"Peugeot","logoFilename":"peugeot"},"entrant":{"entrantId":1204,"name":"ESCUDERIA TINEO AUTO CLUB","logoFilename":""},"group":{"groupId":4,"name":"R2"},"tag":null,"eventClasses":[{"eventClassId":461,"eventId":84,"name":"RC4"}],"entryId":19773,"eventId":84,"driverId":5161,"codriverId":5162,"manufacturerId":65,"entrantId":1204,"groupId":4,"tagId":null,"entryListOrder":61,"identifier":"95","vehicleModel":"208 R2","eligibility":"None","priority":"None","status":"NotAuthorised","tyreManufacturer":"Pirelli"}]