[{"entryId":3442,"stageTimeMs":11494700,"stageTime":"PT3H11M34.7S","penaltyTimeMs":0,"penaltyTime":"PT0S","totalTimeMs":11494700,"totalTime":"PT3H11M34.7S","position":1,"diffFirstMs":0,"diffFirst":"PT0S","diffPrevMs":0,"diffPrev":"PT0S"},{"entryId":3443,"stageTimeMs":11495100,"stageTime":"PT3H11M35.1S","penaltyTimeMs":0,"penaltyTime":"PT0S","totalTimeMs":11495100,"totalTime":"PT3H11M35.1S","position":2,"diffFirstMs":400,"diffFirst":"PT0.4S","diffPrevMs":400,"diffPrev":"PT0.4S"},{"entryId":3444,"stageTimeMs":11628000,"stageTime":"PT3H13M48S","penaltyTimeMs":0,"penaltyTime":"PT0S","totalTimeMs":11628000,"totalTime":"PT3H13M48S","position":3,"diffFirstMs":133300,"diffFirst":"PT2M13.3S","diffPrevMs":132900,"diffPrev":"PT2M12.9S"},{"entryId":3450,"stageTimeMs":11636000,"stageTime":"PT3H13M56S","penaltyTimeMs":0,"penaltyTime":"PT0S","totalTimeMs":11636000,"totalTime":"PT3H13M56S","position":4,"diffFirstMs":141300,"diffFirst":"PT2M21.3S","diffPrevMs":8000,"diffPrev":"PT8S"},{"entryId":3445,"stageTimeMs":11638800,"stageTime":"PT3H13M58.8S","penaltyTimeMs":0,"penaltyTime":"PT0S","totalTimeMs":11638800,"totalTime":"PT3H13M58.8S","position":5,"diffFirstMs":144100,"diffFirst":"PT2M24.1S","diffPrevMs":2800,"diffPrev":"PT2.8S"},{"entryId":3451,"stageTimeMs":11834800,"stageTime":"PT3H17M14.8S","penaltyTimeMs":0,"penaltyTime":"PT0S","totalTimeMs":11834800,"totalTime":"PT3H17M14.8S","position":6,"diffFirstMs":340100,"diffFirst":"PT5M40.1S","diffPrevMs":196000,"diffPrev":"PT3M16S"},{"entryId":3453,"stageTimeMs":12238400,"stageTime":"PT3H23M58.4S","penaltyTimeMs":0,"penaltyTime":"PT0S","totalTimeMs":12238400,"totalTime":"PT3H23M58.4S","position":7,"diffFirstMs":743700,"diffFirst":"PT12M23.7S","diffPrevMs":403600,"diffPrev":"PT6M43.6S"},{"entryId":3454,"stageTimeMs":12296400,"stageTime":"PT3H24M56.4S","penaltyTimeMs":0,"penaltyTime":"PT0S","totalTimeMs":12296400,"totalTime":"PT3H24M56.4S","position":8,"diffFirstMs":801700,"diffFirst":"PT13M21.7S","diffPrevMs":58000,"diffPrev":"PT58S"},{"entryId":3468,"stageTimeMs":12316300,"stageTime":"PT3H25M16.3S","penaltyTimeMs":0,"penaltyTime":"PT0S","totalTimeMs":12316300,"totalTime":"PT3H25M16.3S","position":9,"diffFirstMs":821600,"diffFirst":"PT13M41.6S","diffPrevMs":19900,"diffPrev":"PT19.9S"},{"entryId":3459,"stageTimeMs":12414500,"stageTime":"PT3H26M54.5S","penaltyTimeMs":0,"penaltyTime":"PT0S","totalTimeMs":12414500,"totalTime":"PT3H26M54.5S","position":10,"diffFirstMs":919800,"diffFirst":"PT15M19.8S","diffPrevMs":98200,"diffPrev":"PT1M38.2S"},{"entryId":3456,"stageTimeMs":12560800,"stageTime":"PT3H29M20.8S","penaltyTimeMs":0,"penaltyTime":"PT0S","totalTimeMs":12560800,"totalTime":"PT3H29M20.8S","position":11,"diffFirstMs":1066100,"diffFirst":"PT17M46.1S","diffPrevMs":146300,"diffPrev":"PT2M26.3S"},{"entryId":3449,"stageTimeMs":12566900,"stageTime":"PT3H29M26.9S","penaltyTimeMs":0,"penaltyTime":"PT0S","totalTimeMs":12566900,"totalTime":"PT3H29M26.9S","position":12,"diffFirstMs":1072200,"diffFirst":"PT17M52.2S","diffPrevMs":6100,"diffPrev":"PT6.1S"},{"entryId":3466,"stageTimeMs":12646600,"stageTime":"PT3H30M46.6S","penaltyTimeMs":0,"penaltyTime":"PT0S","totalTimeMs":12646600,"totalTime":"PT3H30M46.6S","position":13,"diffFirstMs":1151900,"diffFirst":"PT19M11.9S","diffPrevMs":79700,"diffPrev":"PT1M19.7S"},{"entryId":3462,"stageTimeMs":12709300,"stageTime":"PT3H31M49.3S","penaltyTimeMs":0,"penaltyTime":"PT0S","totalTimeMs":12709300,"totalTime":"PT3H31M49.3S","position":14,"diffFirstMs":1214600,"diffFirst":"PT20M14.6S","diffPrevMs":62700,"diffPrev":"PT1M2.7S"},{"entryId":3467,"stageTimeMs":12773700,"stageTime":"PT3H32M53.7S","penaltyTimeMs":0,"penaltyTime":"PT0S","totalTimeMs":12773700,"totalTime":"PT3H32M53.7S","position":15,"diffFirstMs":1279000,"diffFirst":"PT21M19S","diffPrevMs":64400,"diffPrev":"PT1M4.4S"},{"entryId":3457,"stageTimeMs":12814000,"stageTime":"PT3H33M34S","penaltyTimeMs":0,"penaltyTime":"PT0S","totalTimeMs":12814000,"totalTime":"PT3H33M34S","position":16,"diffFirstMs":1319300,"diffFirst":"PT21M59.3S","diffPrevMs":40300,"diffPrev":"PT40.3S"},{"entryId":3479,"stageTimeMs":12928000,"stageTime":"PT3H35M28S","penaltyTimeMs":0,"penaltyTime":"PT0S","totalTimeMs":12928000,"totalTime":"PT3H35M28S","position":17,"diffFirstMs":1433300,"diffFirst":"PT23M53.3S","diffPrevMs":114000,"diffPrev":"PT1M54S"},{"entryId":3455,"stageTimeMs":13001100,"stageTime":"PT3H36M41.1S","penaltyTimeMs":60000,"penaltyTime":"PT1M","totalTimeMs":13061100,"totalTime":"PT3H37M41.1S","position":18,"diffFirstMs":1566400,"diffFirst":"PT26M6.4S","diffPrevMs":133100,"diffPrev":"PT2M13.1S"},{"entryId":3480,"stageTimeMs":13070200,"stageTime":"PT3H37M50.2S","penaltyTimeMs":0,"penaltyTime":"PT0S","totalTimeMs":13070200,"totalTime":"PT3H37M50.2S","position":19,"diffFirstMs":1575500,"diffFirst":"PT26M15.5S","diffPrevMs":9100,"diffPrev":"PT9.1S"},{"entryId":3481,"stageTimeMs":13223600,"stageTime":"PT3H40M23.6S","penaltyTimeMs":0,"penaltyTime":"PT0S","totalTimeMs":13223600,"totalTime":"PT3H40M23.6S","position":20,"diffFirstMs":1728900,"diffFirst":"PT28M48.9S","diffPrevMs":153400,"diffPrev":"PT2M33.4S"},{"entryId":3452,"stageTimeMs":13251900,"stageTime":"PT3H40M51.9S","penaltyTimeMs":0,"penaltyTime":"PT0S","totalTimeMs":13251900,"totalTime":"PT3H40M51.9S","position":21,"diffFirstMs":1757200,"diffFirst":"PT29M17.2S","diffPrevMs":28300,"diffPrev":"PT28.3S"},{"entryId":3478,"stageTimeMs":13369500,"stageTime":"PT3H42M49.5S","penaltyTimeMs":0,"penaltyTime":"PT0S","totalTimeMs":13369500,"totalTime":"PT3H42M49.5S","position":22,"diffFirstMs":1874800,"diffFirst":"PT31M14.8S","diffPrevMs":117600,"diffPrev":"PT1M57.6S"},{"entryId":3477,"stageTimeMs":13379000,"stageTime":"PT3H42M59S","penaltyTimeMs":80000,"penaltyTime":"PT1M20S","totalTimeMs":13459000,"totalTime":"PT3H44M19S","position":23,"diffFirstMs":1964300,"diffFirst":"PT32M44.3S","diffPrevMs":89500,"diffPrev":"PT1M29.5S"},{"entryId":3486,"stageTimeMs":13472000,"stageTime":"PT3H44M32S","penaltyTimeMs":0,"penaltyTime":"PT0S","totalTimeMs":13472000,"totalTime":"PT3H44M32S","position":24,"diffFirstMs":1977300,"diffFirst":"PT32M57.3S","diffPrevMs":13000,"diffPrev":"PT13S"},{"entryId":3472,"stageTimeMs":13474300,"stageTime":"PT3H44M34.3S","penaltyTimeMs":0,"penaltyTime":"PT0S","totalTimeMs":13474300,"totalTime":"PT3H44M34.3S","position":25,"diffFirstMs":1979600,"diffFirst":"PT32M59.6S","diffPrevMs":2300,"diffPrev":"PT2.3S"},{"entryId":3469,"stageTimeMs":13453900,"stageTime":"PT3H44M13.9S","penaltyTimeMs":30000,"penaltyTime":"PT30S","totalTimeMs":13483900,"totalTime":"PT3H44M43.9S","position":26,"diffFirstMs":1989200,"diffFirst":"PT33M9.2S","diffPrevMs":9600,"diffPrev":"PT9.6S"},{"entryId":3506,"stageTimeMs":13499600,"stageTime":"PT3H44M59.6S","penaltyTimeMs":0,"penaltyTime":"PT0S","totalTimeMs":13499600,"totalTime":"PT3H44M59.6S","position":27,"diffFirstMs":2004900,"diffFirst":"PT33M24.9S","diffPrevMs":15700,"diffPrev":"PT15.7S"},{"entryId":3484,"stageTimeMs":13598000,"stageTime":"PT3H46M38S","penaltyTimeMs":0,"penaltyTime":"PT0S","totalTimeMs":13598000,"totalTime":"PT3H46M38S","position":28,"diffFirstMs":2103300,"diffFirst":"PT35M3.3S","diffPrevMs":98400,"diffPrev":"PT1M38.4S"},{"entryId":3497,"stageTimeMs":13616800,"stageTime":"PT3H46M56.8S","penaltyTimeMs":0,"penaltyTime":"PT0S","totalTimeMs":13616800,"totalTime":"PT3H46M56.8S","position":29,"diffFirstMs":2122100,"diffFirst":"PT35M22.1S","diffPrevMs":18800,"diffPrev":"PT18.8S"},{"entryId":3520,"stageTimeMs":13692900,"stageTime":"PT3H48M12.9S","penaltyTimeMs":0,"penaltyTime":"PT0S","totalTimeMs":13692900,"totalTime":"PT3H48M12.9S","position":30,"diffFirstMs":2198200,"diffFirst":"PT36M38.2S","diffPrevMs":76100,"diffPrev":"PT1M16.1S"},{"entryId":3465,"stageTimeMs":13690200,"stageTime":"PT3H48M10.2S","penaltyTimeMs":60000,"penaltyTime":"PT1M","totalTimeMs":13750200,"totalTime":"PT3H49M10.2S","position":31,"diffFirstMs":2255500,"diffFirst":"PT37M35.5S","diffPrevMs":57300,"diffPrev":"PT57.3S"},{"entryId":3503,"stageTimeMs":13775900,"stageTime":"PT3H49M35.9S","penaltyTimeMs":0,"penaltyTime":"PT0S","totalTimeMs":13775900,"totalTime":"PT3H49M35.9S","position":32,"diffFirstMs":2281200,"diffFirst":"PT38M1.2S","diffPrevMs":25700,"diffPrev":"PT25.7S"},{"entryId":3498,"stageTimeMs":14056400,"stageTime":"PT3H54M16.4S","penaltyTimeMs":0,"penaltyTime":"PT0S","totalTimeMs":14056400,"totalTime":"PT3H54M16.4S","position":33,"diffFirstMs":2561700,"diffFirst":"PT42M41.7S","diffPrevMs":280500,"diffPrev":"PT4M40.5S"},{"entryId":3508,"stageTimeMs":14136200,"stageTime":"PT3H55M36.2S","penaltyTimeMs":0,"penaltyTime":"PT0S","totalTimeMs":14136200,"totalTime":"PT3H55M36.2S","position":34,"diffFirstMs":2641500,"diffFirst":"PT44M1.5S","diffPrevMs":79800,"diffPrev":"PT1M19.8S"},{"entryId":3470,"stageTimeMs":13850200,"stageTime":"PT3H50M50.2S","penaltyTimeMs":300000,"penaltyTime":"PT5M","totalTimeMs":14150200,"totalTime":"PT3H55M50.2S","position":35,"diffFirstMs":2655500,"diffFirst":"PT44M15.5S","diffPrevMs":14000,"diffPrev":"PT14S"},{"entryId":3496,"stageTimeMs":14206400,"stageTime":"PT3H56M46.4S","penaltyTimeMs":0,"penaltyTime":"PT0S","totalTimeMs":14206400,"totalTime":"PT3H56M46.4S","position":36,"diffFirstMs":2711700,"diffFirst":"PT45M11.7S","diffPrevMs":56200,"diffPrev":"PT56.2S"},{"entryId":3475,"stageTimeMs":14276900,"stageTime":"PT3H57M56.9S","penaltyTimeMs":30000,"penaltyTime":"PT30S","totalTimeMs":14306900,"totalTime":"PT3H58M26.9S","position":37,"diffFirstMs":2812200,"diffFirst":"PT46M52.2S","diffPrevMs":100500,"diffPrev":"PT1M40.5S"},{"entryId":3492,"stageTimeMs":14313600,"stageTime":"PT3H58M33.6S","penaltyTimeMs":0,"penaltyTime":"PT0S","totalTimeMs":14313600,"totalTime":"PT3H58M33.6S","position":38,"diffFirstMs":2818900,"diffFirst":"PT46M58.9S","diffPrevMs":6700,"diffPrev":"PT6.7S"},{"entryId":3488,"stageTimeMs":14351200,"stageTime":"PT3H59M11.2S","penaltyTimeMs":0,"penaltyTime":"PT0S","totalTimeMs":14351200,"totalTime":"PT3H59M11.2S","position":39,"diffFirstMs":2856500,"diffFirst":"PT47M36.5S","diffPrevMs":37600,"diffPrev":"PT37.6S"},{"entryId":3485,"stageTimeMs":14358200,"stageTime":"PT3H59M18.2S","penaltyTimeMs":0,"penaltyTime":"PT0S","totalTimeMs":14358200,"totalTime":"PT3H59M18.2S","position":40,"diffFirstMs":2863500,"diffFirst":"PT47M43.5S","diffPrevMs":7000,"diffPrev":"PT7S"},{"entryId":3514,"stageTimeMs":14380600,"stageTime":"PT3H59M40.6S","penaltyTimeMs":0,"penaltyTime":"PT0S","totalTimeMs":14380600,"totalTime":"PT3H59M40.6S","position":41,"diffFirstMs":2885900,"diffFirst":"PT48M5.9S","diffPrevMs":22400,"diffPrev":"PT22.4S"},{"entryId":3463,"stageTimeMs":14398900,"stageTime":"PT3H59M58.9S","penaltyTimeMs":0,"penaltyTime":"PT0S","totalTimeMs":14398900,"totalTime":"PT3H59M58.9S","position":42,"diffFirstMs":2904200,"diffFirst":"PT48M24.2S","diffPrevMs":18300,"diffPrev":"PT18.3S"},{"entryId":3473,"stageTimeMs":14705200,"stageTime":"PT4H5M5.2S","penaltyTimeMs":20000,"penaltyTime":"PT20S","totalTimeMs":14725200,"totalTime":"PT4H5M25.2S","position":43,"diffFirstMs":3230500,"diffFirst":"PT53M50.5S","diffPrevMs":326300,"diffPrev":"PT5M26.3S"},{"entryId":3476,"stageTimeMs":14738300,"stageTime":"PT4H5M38.3S","penaltyTimeMs":0,"penaltyTime":"PT0S","totalTimeMs":14738300,"totalTime":"PT4H5M38.3S","position":44,"diffFirstMs":3243600,"diffFirst":"PT54M3.6S","diffPrevMs":13100,"diffPrev":"PT13.1S"},{"entryId":3505,"stageTimeMs":14767300,"stageTime":"PT4H6M7.3S","penaltyTimeMs":0,"penaltyTime":"PT0S","totalTimeMs":14767300,"totalTime":"PT4H6M7.3S","position":45,"diffFirstMs":3272600,"diffFirst":"PT54M32.6S","diffPrevMs":29000,"diffPrev":"PT29S"},{"entryId":3487,"stageTimeMs":14857700,"stageTime":"PT4H7M37.7S","penaltyTimeMs":0,"penaltyTime":"PT0S","totalTimeMs":14857700,"totalTime":"PT4H7M37.7S","position":46,"diffFirstMs":3363000,"diffFirst":"PT56M3S","diffPrevMs":90400,"diffPrev":"PT1M30.4S"},{"entryId":3521,"stageTimeMs":14960600,"stageTime":"PT4H9M20.6S","penaltyTimeMs":0,"penaltyTime":"PT0S","totalTimeMs":14960600,"totalTime":"PT4H9M20.6S","position":47,"diffFirstMs":3465900,"diffFirst":"PT57M45.9S","diffPrevMs":102900,"diffPrev":"PT1M42.9S"},{"entryId":3491,"stageTimeMs":14963700,"stageTime":"PT4H9M23.7S","penaltyTimeMs":0,"penaltyTime":"PT0S","totalTimeMs":14963700,"totalTime":"PT4H9M23.7S","position":48,"diffFirstMs":3469000,"diffFirst":"PT57M49S","diffPrevMs":3100,"diffPrev":"PT3.1S"},{"entryId":3499,"stageTimeMs":15084600,"stageTime":"PT4H11M24.6S","penaltyTimeMs":0,"penaltyTime":"PT0S","totalTimeMs":15084600,"totalTime":"PT4H11M24.6S","position":49,"diffFirstMs":3589900,"diffFirst":"PT59M49.9S","diffPrevMs":120900,"diffPrev":"PT2M0.9S"},{"entryId":3516,"stageTimeMs":15098300,"stageTime":"PT4H11M38.3S","penaltyTimeMs":10000,"penaltyTime":"PT10S","totalTimeMs":15108300,"totalTime":"PT4H11M48.3S","position":50,"diffFirstMs":3613600,"diffFirst":"PT1H13.6S","diffPrevMs":23700,"diffPrev":"PT23.7S"},{"entryId":3501,"stageTimeMs":15248000,"stageTime":"PT4H14M8S","penaltyTimeMs":0,"penaltyTime":"PT0S","totalTimeMs":15248000,"totalTime":"PT4H14M8S","position":51,"diffFirstMs":3753300,"diffFirst":"PT1H2M33.3S","diffPrevMs":139700,"diffPrev":"PT2M19.7S"},{"entryId":3512,"stageTimeMs":15143000,"stageTime":"PT4H12M23S","penaltyTimeMs":120000,"penaltyTime":"PT2M","totalTimeMs":15263000,"totalTime":"PT4H14M23S","position":52,"diffFirstMs":3768300,"diffFirst":"PT1H2M48.3S","diffPrevMs":15000,"diffPrev":"PT15S"},{"entryId":3509,"stageTimeMs":15331100,"stageTime":"PT4H15M31.1S","penaltyTimeMs":0,"penaltyTime":"PT0S","totalTimeMs":15331100,"totalTime":"PT4H15M31.1S","position":53,"diffFirstMs":3836400,"diffFirst":"PT1H3M56.4S","diffPrevMs":68100,"diffPrev":"PT1M8.1S"},{"entryId":3515,"stageTimeMs":15353500,"stageTime":"PT4H15M53.5S","penaltyTimeMs":0,"penaltyTime":"PT0S","totalTimeMs":15353500,"totalTime":"PT4H15M53.5S","position":54,"diffFirstMs":3858800,"diffFirst":"PT1H4M18.8S","diffPrevMs":22400,"diffPrev":"PT22.4S"},{"entryId":3502,"stageTimeMs":15376800,"stageTime":"PT4H16M16.8S","penaltyTimeMs":0,"penaltyTime":"PT0S","totalTimeMs":15376800,"totalTime":"PT4H16M16.8S","position":55,"diffFirstMs":3882100,"diffFirst":"PT1H4M42.1S","diffPrevMs":23300,"diffPrev":"PT23.3S"},{"entryId":3525,"stageTimeMs":15401100,"stageTime":"PT4H16M41.1S","penaltyTimeMs":0,"penaltyTime":"PT0S","totalTimeMs":15401100,"totalTime":"PT4H16M41.1S","position":56,"diffFirstMs":3906400,"diffFirst":"PT1H5M6.4S","diffPrevMs":24300,"diffPrev":"PT24.3S"},{"entryId":3524,"stageTimeMs":15542400,"stageTime":"PT4H19M2.4S","penaltyTimeMs":0,"penaltyTime":"PT0S","totalTimeMs":15542400,"totalTime":"PT4H19M2.4S","position":57,"diffFirstMs":4047700,"diffFirst":"PT1H7M27.7S","diffPrevMs":141300,"diffPrev":"PT2M21.3S"},{"entryId":3504,"stageTimeMs":16160500,"stageTime":"PT4H29M20.5S","penaltyTimeMs":0,"penaltyTime":"PT0S","totalTimeMs":16160500,"totalTime":"PT4H29M20.5S","position":58,"diffFirstMs":4665800,"diffFirst":"PT1H17M45.8S","diffPrevMs":618100,"diffPrev":"PT10M18.1S"},{"entryId":3518,"stageTimeMs":16188700,"stageTime":"PT4H29M48.7S","penaltyTimeMs":0,"penaltyTime":"PT0S","totalTimeMs":16188700,"totalTime":"PT4H29M48.7S","position":59,"diffFirstMs":4694000,"diffFirst":"PT1H18M14S","diffPrevMs":28200,"diffPrev":"PT28.2S"},{"entryId":3495,"stageTimeMs":16401400,"stageTime":"PT4H33M21.4S","penaltyTimeMs":30000,"penaltyTime":"PT30S","totalTimeMs":16431400,"totalTime":"PT4H33M51.4S","position":60,"diffFirstMs":4936700,"diffFirst":"PT1H22M16.7S","diffPrevMs":242700,"diffPrev":"PT4M2.7S"},{"entryId":3511,"stageTimeMs":16611400,"stageTime":"PT4H36M51.4S","penaltyTimeMs":0,"penaltyTime":"PT0S","totalTimeMs":16611400,"totalTime":"PT4H36M51.4S","position":61,"diffFirstMs":5116700,"diffFirst":"PT1H25M16.7S","diffPrevMs":180000,"diffPrev":"PT3M"},{"entryId":3490,"stageTimeMs":16613100,"stageTime":"PT4H36M53.1S","penaltyTimeMs":0,"penaltyTime":"PT0S","totalTimeMs":16613100,"totalTime":"PT4H36M53.1S","position":62,"diffFirstMs":5118400,"diffFirst":"PT1H25M18.4S","diffPrevMs":1700,"diffPrev":"PT1.7S"},{"entryId":3489,"stageTimeMs":16827600,"stageTime":"PT4H40M27.6S","penaltyTimeMs":0,"penaltyTime":"PT0S","totalTimeMs":16827600,"totalTime":"PT4H40M27.6S","position":63,"diffFirstMs":5332900,"diffFirst":"PT1H28M52.9S","diffPrevMs":214500,"diffPrev":"PT3M34.5S"},{"entryId":3523,"stageTimeMs":16834500,"stageTime":"PT4H40M34.5S","penaltyTimeMs":0,"penaltyTime":"PT0S","totalTimeMs":16834500,"totalTime":"PT4H40M34.5S","position":64,"diffFirstMs":5339800,"diffFirst":"PT1H28M59.8S","diffPrevMs":6900,"diffPrev":"PT6.9S"},{"entryId":3510,"stageTimeMs":17014800,"stageTime":"PT4H43M34.8S","penaltyTimeMs":0,"penaltyTime":"PT0S","totalTimeMs":17014800,"totalTime":"PT4H43M34.8S","position":65,"diffFirstMs":5520100,"diffFirst":"PT1H32M0.1S","diffPrevMs":180300,"diffPrev":"PT3M0.3S"},{"entryId":3507,"stageTimeMs":17546300,"stageTime":"PT4H52M26.3S","penaltyTimeMs":80000,"penaltyTime":"PT1M20S","totalTimeMs":17626300,"totalTime":"PT4H53M46.3S","position":66,"diffFirstMs":6131600,"diffFirst":"PT1H42M11.6S","diffPrevMs":611500,"diffPrev":"PT10M11.5S"},{"entryId":3494,"stageTimeMs":17822600,"stageTime":"PT4H57M2.6S","penaltyTimeMs":80000,"penaltyTime":"PT1M20S","totalTimeMs":17902600,"totalTime":"PT4H58M22.6S","position":67,"diffFirstMs":6407900,"diffFirst":"PT1H46M47.9S","diffPrevMs":276300,"diffPrev":"PT4M36.3S"}]