[{"startDateTime":"2019-05-11T14:20:00","startDateTimeLocal":"2019-05-11T10:20:00-04:00","stageTimeDurationMs":661100,"stageTimeDuration":"00:11:01.1000000","splitPointTimeId":72686,"splitPointId":2299,"entryId":19577,"elapsedDurationMs":188400,"elapsedDuration":"PT3M8.4S","splitDateTime":"2019-05-11T14:23:08.4","splitDateTimeLocal":"2019-05-11T10:23:08.4-04:00"},{"startDateTime":"2019-05-11T14:24:00","startDateTimeLocal":"2019-05-11T10:24:00-04:00","stageTimeDurationMs":619600,"stageTimeDuration":"00:10:19.6000000","splitPointTimeId":72694,"splitPointId":2299,"entryId":19570,"elapsedDurationMs":179700,"elapsedDuration":"PT2M59.7S","splitDateTime":"2019-05-11T14:26:59.7","splitDateTimeLocal":"2019-05-11T10:26:59.7-04:00"},{"startDateTime":"2019-05-11T14:28:00","startDateTimeLocal":"2019-05-11T10:28:00-04:00","stageTimeDurationMs":631200,"stageTimeDuration":"00:10:31.2000000","splitPointTimeId":72707,"splitPointId":2299,"entryId":19578,"elapsedDurationMs":186500,"elapsedDuration":"PT3M6.5S","splitDateTime":"2019-05-11T14:31:06.5","splitDateTimeLocal":"2019-05-11T10:31:06.5-04:00"},{"startDateTime":"2019-05-11T14:32:00","startDateTimeLocal":"2019-05-11T10:32:00-04:00","stageTimeDurationMs":623600,"stageTimeDuration":"00:10:23.6000000","splitPointTimeId":72722,"splitPointId":2299,"entryId":19569,"elapsedDurationMs":183600,"elapsedDuration":"PT3M3.6S","splitDateTime":"2019-05-11T14:35:03.6","splitDateTimeLocal":"2019-05-11T10:35:03.6-04:00"},{"startDateTime":"2019-05-11T14:36:00","startDateTimeLocal":"2019-05-11T10:36:00-04:00","stageTimeDurationMs":613100,"stageTimeDuration":"00:10:13.1000000","splitPointTimeId":72735,"splitPointId":2299,"entryId":19576,"elapsedDurationMs":181600,"elapsedDuration":"PT3M1.6S","splitDateTime":"2019-05-11T14:39:01.6","splitDateTimeLocal":"2019-05-11T10:39:01.6-04:00"},{"startDateTime":"2019-05-11T14:40:00","startDateTimeLocal":"2019-05-11T10:40:00-04:00","stageTimeDurationMs":609100,"stageTimeDuration":"00:10:09.1000000","splitPointTimeId":72746,"splitPointId":2299,"entryId":19575,"elapsedDurationMs":179200,"elapsedDuration":"PT2M59.2S","splitDateTime":"2019-05-11T14:42:59.2","splitDateTimeLocal":"2019-05-11T10:42:59.2-04:00"},{"startDateTime":"2019-05-11T14:44:00","startDateTimeLocal":"2019-05-11T10:44:00-04:00","stageTimeDurationMs":612500,"stageTimeDuration":"00:10:12.5000000","splitPointTimeId":72760,"splitPointId":2299,"entryId":19571,"elapsedDurationMs":181200,"elapsedDuration":"PT3M1.2S","splitDateTime":"2019-05-11T14:47:01.2","splitDateTimeLocal":"2019-05-11T10:47:01.2-04:00"},{"startDateTime":"2019-05-11T14:48:00","startDateTimeLocal":"2019-05-11T10:48:00-04:00","stageTimeDurationMs":612400,"stageTimeDuration":"00:10:12.4000000","splitPointTimeId":72774,"splitPointId":2299,"entryId":19573,"elapsedDurationMs":179000,"elapsedDuration":"PT2M59S","splitDateTime":"2019-05-11T14:50:59","splitDateTimeLocal":"2019-05-11T10:50:59-04:00"},{"startDateTime":"2019-05-11T14:52:00","startDateTimeLocal":"2019-05-11T10:52:00-04:00","stageTimeDurationMs":612700,"stageTimeDuration":"00:10:12.7000000","splitPointTimeId":72787,"splitPointId":2299,"entryId":19568,"elapsedDurationMs":181700,"elapsedDuration":"PT3M1.7S","splitDateTime":"2019-05-11T14:55:01.7","splitDateTimeLocal":"2019-05-11T10:55:01.7-04:00"},{"startDateTime":"2019-05-11T14:56:00","startDateTimeLocal":"2019-05-11T10:56:00-04:00","stageTimeDurationMs":608900,"stageTimeDuration":"00:10:08.9000000","splitPointTimeId":72796,"splitPointId":2299,"entryId":19572,"elapsedDurationMs":179700,"elapsedDuration":"PT2M59.7S","splitDateTime":"2019-05-11T14:58:59.7","splitDateTimeLocal":"2019-05-11T10:58:59.7-04:00"},{"startDateTime":"2019-05-11T14:59:00","startDateTimeLocal":"2019-05-11T10:59:00-04:00","stageTimeDurationMs":639300,"stageTimeDuration":"00:10:39.3000000","splitPointTimeId":72807,"splitPointId":2299,"entryId":19580,"elapsedDurationMs":192500,"elapsedDuration":"PT3M12.5S","splitDateTime":"2019-05-11T15:02:12.5","splitDateTimeLocal":"2019-05-11T11:02:12.5-04:00"},{"startDateTime":"2019-05-11T15:02:00","startDateTimeLocal":"2019-05-11T11:02:00-04:00","stageTimeDurationMs":636600,"stageTimeDuration":"00:10:36.6000000","splitPointTimeId":72819,"splitPointId":2299,"entryId":19581,"elapsedDurationMs":190500,"elapsedDuration":"PT3M10.5S","splitDateTime":"2019-05-11T15:05:10.5","splitDateTimeLocal":"2019-05-11T11:05:10.5-04:00"},{"startDateTime":"2019-05-11T15:05:00","startDateTimeLocal":"2019-05-11T11:05:00-04:00","stageTimeDurationMs":645000,"stageTimeDuration":"00:10:45","splitPointTimeId":72831,"splitPointId":2299,"entryId":19579,"elapsedDurationMs":192700,"elapsedDuration":"PT3M12.7S","splitDateTime":"2019-05-11T15:08:12.7","splitDateTimeLocal":"2019-05-11T11:08:12.7-04:00"},{"startDateTime":"2019-05-11T15:13:00","startDateTimeLocal":"2019-05-11T11:13:00-04:00","stageTimeDurationMs":650200,"stageTimeDuration":"00:10:50.2000000","splitPointTimeId":72851,"splitPointId":2299,"entryId":19582,"elapsedDurationMs":196400,"elapsedDuration":"PT3M16.4S","splitDateTime":"2019-05-11T15:16:16.4","splitDateTimeLocal":"2019-05-11T11:16:16.4-04:00"},{"startDateTime":"2019-05-11T15:15:00","startDateTimeLocal":"2019-05-11T11:15:00-04:00","stageTimeDurationMs":643700,"stageTimeDuration":"00:10:43.7000000","splitPointTimeId":72855,"splitPointId":2299,"entryId":19584,"elapsedDurationMs":193300,"elapsedDuration":"PT3M13.3S","splitDateTime":"2019-05-11T15:18:13.3","splitDateTimeLocal":"2019-05-11T11:18:13.3-04:00"},{"startDateTime":"2019-05-11T15:17:00","startDateTimeLocal":"2019-05-11T11:17:00-04:00","stageTimeDurationMs":639500,"stageTimeDuration":"00:10:39.5000000","splitPointTimeId":72859,"splitPointId":2299,"entryId":19586,"elapsedDurationMs":193700,"elapsedDuration":"PT3M13.7S","splitDateTime":"2019-05-11T15:20:13.7","splitDateTimeLocal":"2019-05-11T11:20:13.7-04:00"},{"startDateTime":"2019-05-11T15:21:00","startDateTimeLocal":"2019-05-11T11:21:00-04:00","stageTimeDurationMs":648800,"stageTimeDuration":"00:10:48.8000000","splitPointTimeId":72867,"splitPointId":2299,"entryId":19583,"elapsedDurationMs":194500,"elapsedDuration":"PT3M14.5S","splitDateTime":"2019-05-11T15:24:14.5","splitDateTimeLocal":"2019-05-11T11:24:14.5-04:00"},{"startDateTime":"2019-05-11T15:23:00","startDateTimeLocal":"2019-05-11T11:23:00-04:00","stageTimeDurationMs":669000,"stageTimeDuration":"00:11:09","splitPointTimeId":72874,"splitPointId":2299,"entryId":19594,"elapsedDurationMs":200600,"elapsedDuration":"PT3M20.6S","splitDateTime":"2019-05-11T15:26:20.6","splitDateTimeLocal":"2019-05-11T11:26:20.6-04:00"},{"startDateTime":"2019-05-11T15:25:00","startDateTimeLocal":"2019-05-11T11:25:00-04:00","stageTimeDurationMs":645700,"stageTimeDuration":"00:10:45.7000000","splitPointTimeId":72877,"splitPointId":2299,"entryId":19595,"elapsedDurationMs":194000,"elapsedDuration":"PT3M14S","splitDateTime":"2019-05-11T15:28:14","splitDateTimeLocal":"2019-05-11T11:28:14-04:00"},{"startDateTime":"2019-05-11T15:27:00","startDateTimeLocal":"2019-05-11T11:27:00-04:00","stageTimeDurationMs":648200,"stageTimeDuration":"00:10:48.2000000","splitPointTimeId":72879,"splitPointId":2299,"entryId":19600,"elapsedDurationMs":197700,"elapsedDuration":"PT3M17.7S","splitDateTime":"2019-05-11T15:30:17.7","splitDateTimeLocal":"2019-05-11T11:30:17.7-04:00"},{"startDateTime":"2019-05-11T15:29:00","startDateTimeLocal":"2019-05-11T11:29:00-04:00","stageTimeDurationMs":676100,"stageTimeDuration":"00:11:16.1000000","splitPointTimeId":72882,"splitPointId":2299,"entryId":19592,"elapsedDurationMs":200400,"elapsedDuration":"PT3M20.4S","splitDateTime":"2019-05-11T15:32:20.4","splitDateTimeLocal":"2019-05-11T11:32:20.4-04:00"},{"startDateTime":"2019-05-11T15:31:00","startDateTimeLocal":"2019-05-11T11:31:00-04:00","stageTimeDurationMs":694900,"stageTimeDuration":"00:11:34.9000000","splitPointTimeId":72886,"splitPointId":2299,"entryId":19588,"elapsedDurationMs":212100,"elapsedDuration":"PT3M32.1S","splitDateTime":"2019-05-11T15:34:32.1","splitDateTimeLocal":"2019-05-11T11:34:32.1-04:00"},{"startDateTime":"2019-05-11T15:33:00","startDateTimeLocal":"2019-05-11T11:33:00-04:00","stageTimeDurationMs":697600,"stageTimeDuration":"00:11:37.6000000","splitPointTimeId":72889,"splitPointId":2299,"entryId":19599,"elapsedDurationMs":213300,"elapsedDuration":"PT3M33.3S","splitDateTime":"2019-05-11T15:36:33.3","splitDateTimeLocal":"2019-05-11T11:36:33.3-04:00"},{"startDateTime":"2019-05-11T15:35:00","startDateTimeLocal":"2019-05-11T11:35:00-04:00","stageTimeDurationMs":1019300,"stageTimeDuration":"00:16:59.3000000","splitPointTimeId":72891,"splitPointId":2299,"entryId":19597,"elapsedDurationMs":208700,"elapsedDuration":"PT3M28.7S","splitDateTime":"2019-05-11T15:38:28.7","splitDateTimeLocal":"2019-05-11T11:38:28.7-04:00"},{"startDateTime":"2019-05-11T15:37:00","startDateTimeLocal":"2019-05-11T11:37:00-04:00","stageTimeDurationMs":719600,"stageTimeDuration":"00:11:59.6000000","splitPointTimeId":72894,"splitPointId":2299,"entryId":19602,"elapsedDurationMs":211300,"elapsedDuration":"PT3M31.3S","splitDateTime":"2019-05-11T15:40:31.3","splitDateTimeLocal":"2019-05-11T11:40:31.3-04:00"},{"startDateTime":"2019-05-11T15:39:00","startDateTimeLocal":"2019-05-11T11:39:00-04:00","stageTimeDurationMs":659100,"stageTimeDuration":"00:10:59.1000000","splitPointTimeId":72897,"splitPointId":2299,"entryId":19591,"elapsedDurationMs":198800,"elapsedDuration":"PT3M18.8S","splitDateTime":"2019-05-11T15:42:18.8","splitDateTimeLocal":"2019-05-11T11:42:18.8-04:00"},{"startDateTime":"2019-05-11T15:41:00","startDateTimeLocal":"2019-05-11T11:41:00-04:00","stageTimeDurationMs":665100,"stageTimeDuration":"00:11:05.1000000","splitPointTimeId":72899,"splitPointId":2299,"entryId":19601,"elapsedDurationMs":197100,"elapsedDuration":"PT3M17.1S","splitDateTime":"2019-05-11T15:44:17.1","splitDateTimeLocal":"2019-05-11T11:44:17.1-04:00"},{"startDateTime":"2019-05-11T15:43:00","startDateTimeLocal":"2019-05-11T11:43:00-04:00","stageTimeDurationMs":633400,"stageTimeDuration":"00:10:33.4000000","splitPointTimeId":72902,"splitPointId":2299,"entryId":19593,"elapsedDurationMs":189900,"elapsedDuration":"PT3M9.9S","splitDateTime":"2019-05-11T15:46:09.9","splitDateTimeLocal":"2019-05-11T11:46:09.9-04:00"},{"startDateTime":"2019-05-11T15:45:00","startDateTimeLocal":"2019-05-11T11:45:00-04:00","stageTimeDurationMs":680100,"stageTimeDuration":"00:11:20.1000000","splitPointTimeId":72906,"splitPointId":2299,"entryId":19596,"elapsedDurationMs":203400,"elapsedDuration":"PT3M23.4S","splitDateTime":"2019-05-11T15:48:23.4","splitDateTimeLocal":"2019-05-11T11:48:23.4-04:00"},{"startDateTime":"2019-05-11T15:47:00","startDateTimeLocal":"2019-05-11T11:47:00-04:00","stageTimeDurationMs":722600,"stageTimeDuration":"00:12:02.6000000","splitPointTimeId":72909,"splitPointId":2299,"entryId":19598,"elapsedDurationMs":212400,"elapsedDuration":"PT3M32.4S","splitDateTime":"2019-05-11T15:50:32.4","splitDateTimeLocal":"2019-05-11T11:50:32.4-04:00"},{"startDateTime":"2019-05-11T15:49:00","startDateTimeLocal":"2019-05-11T11:49:00-04:00","stageTimeDurationMs":657600,"stageTimeDuration":"00:10:57.6000000","splitPointTimeId":72913,"splitPointId":2299,"entryId":19587,"elapsedDurationMs":196300,"elapsedDuration":"PT3M16.3S","splitDateTime":"2019-05-11T15:52:16.3","splitDateTimeLocal":"2019-05-11T11:52:16.3-04:00"},{"startDateTime":"2019-05-11T15:51:00","startDateTimeLocal":"2019-05-11T11:51:00-04:00","stageTimeDurationMs":704000,"stageTimeDuration":"00:11:44","splitPointTimeId":72917,"splitPointId":2299,"entryId":19606,"elapsedDurationMs":213300,"elapsedDuration":"PT3M33.3S","splitDateTime":"2019-05-11T15:54:33.3","splitDateTimeLocal":"2019-05-11T11:54:33.3-04:00"},{"startDateTime":"2019-05-11T15:53:00","startDateTimeLocal":"2019-05-11T11:53:00-04:00","stageTimeDurationMs":751600,"stageTimeDuration":"00:12:31.6000000","splitPointTimeId":72918,"splitPointId":2299,"entryId":19625,"elapsedDurationMs":229600,"elapsedDuration":"PT3M49.6S","splitDateTime":"2019-05-11T15:56:49.6","splitDateTimeLocal":"2019-05-11T11:56:49.6-04:00"},{"startDateTime":"2019-05-11T15:55:00","startDateTimeLocal":"2019-05-11T11:55:00-04:00","stageTimeDurationMs":725600,"stageTimeDuration":"00:12:05.6000000","splitPointTimeId":72922,"splitPointId":2299,"entryId":19624,"elapsedDurationMs":223000,"elapsedDuration":"PT3M43S","splitDateTime":"2019-05-11T15:58:43","splitDateTimeLocal":"2019-05-11T11:58:43-04:00"},{"startDateTime":"2019-05-11T15:57:00","startDateTimeLocal":"2019-05-11T11:57:00-04:00","stageTimeDurationMs":770400,"stageTimeDuration":"00:12:50.4000000","splitPointTimeId":72924,"splitPointId":2299,"entryId":19620,"elapsedDurationMs":237100,"elapsedDuration":"PT3M57.1S","splitDateTime":"2019-05-11T16:00:57.1","splitDateTimeLocal":"2019-05-11T12:00:57.1-04:00"},{"startDateTime":"2019-05-11T15:59:00","startDateTimeLocal":"2019-05-11T11:59:00-04:00","stageTimeDurationMs":757000,"stageTimeDuration":"00:12:37","splitPointTimeId":72926,"splitPointId":2299,"entryId":19618,"elapsedDurationMs":232300,"elapsedDuration":"PT3M52.3S","splitDateTime":"2019-05-11T16:02:52.3","splitDateTimeLocal":"2019-05-11T12:02:52.3-04:00"},{"startDateTime":"2019-05-11T16:01:00","startDateTimeLocal":"2019-05-11T12:01:00-04:00","stageTimeDurationMs":760500,"stageTimeDuration":"00:12:40.5000000","splitPointTimeId":72930,"splitPointId":2299,"entryId":19612,"elapsedDurationMs":233500,"elapsedDuration":"PT3M53.5S","splitDateTime":"2019-05-11T16:04:53.5","splitDateTimeLocal":"2019-05-11T12:04:53.5-04:00"},{"startDateTime":"2019-05-11T16:03:00","startDateTimeLocal":"2019-05-11T12:03:00-04:00","stageTimeDurationMs":769100,"stageTimeDuration":"00:12:49.1000000","splitPointTimeId":72935,"splitPointId":2299,"entryId":19627,"elapsedDurationMs":235300,"elapsedDuration":"PT3M55.3S","splitDateTime":"2019-05-11T16:06:55.3","splitDateTimeLocal":"2019-05-11T12:06:55.3-04:00"},{"startDateTime":"2019-05-11T16:05:00","startDateTimeLocal":"2019-05-11T12:05:00-04:00","stageTimeDurationMs":794700,"stageTimeDuration":"00:13:14.7000000","splitPointTimeId":72936,"splitPointId":2299,"entryId":19617,"elapsedDurationMs":244300,"elapsedDuration":"PT4M4.3S","splitDateTime":"2019-05-11T16:09:04.3","splitDateTimeLocal":"2019-05-11T12:09:04.3-04:00"},{"startDateTime":"2019-05-11T16:07:00","startDateTimeLocal":"2019-05-11T12:07:00-04:00","stageTimeDurationMs":754800,"stageTimeDuration":"00:12:34.8000000","splitPointTimeId":72938,"splitPointId":2299,"entryId":19610,"elapsedDurationMs":232200,"elapsedDuration":"PT3M52.2S","splitDateTime":"2019-05-11T16:10:52.2","splitDateTimeLocal":"2019-05-11T12:10:52.2-04:00"},{"startDateTime":"2019-05-11T16:09:00","startDateTimeLocal":"2019-05-11T12:09:00-04:00","stageTimeDurationMs":760800,"stageTimeDuration":"00:12:40.8000000","splitPointTimeId":72941,"splitPointId":2299,"entryId":19608,"elapsedDurationMs":231800,"elapsedDuration":"PT3M51.8S","splitDateTime":"2019-05-11T16:12:51.8","splitDateTimeLocal":"2019-05-11T12:12:51.8-04:00"},{"startDateTime":"2019-05-11T16:11:00","startDateTimeLocal":"2019-05-11T12:11:00-04:00","stageTimeDurationMs":766100,"stageTimeDuration":"00:12:46.1000000","splitPointTimeId":72945,"splitPointId":2299,"entryId":19615,"elapsedDurationMs":227000,"elapsedDuration":"PT3M47S","splitDateTime":"2019-05-11T16:14:47","splitDateTimeLocal":"2019-05-11T12:14:47-04:00"},{"startDateTime":"2019-05-11T16:13:00","startDateTimeLocal":"2019-05-11T12:13:00-04:00","stageTimeDurationMs":788400,"stageTimeDuration":"00:13:08.4000000","splitPointTimeId":72946,"splitPointId":2299,"entryId":19619,"elapsedDurationMs":243300,"elapsedDuration":"PT4M3.3S","splitDateTime":"2019-05-11T16:17:03.3","splitDateTimeLocal":"2019-05-11T12:17:03.3-04:00"},{"startDateTime":"2019-05-11T16:15:00","startDateTimeLocal":"2019-05-11T12:15:00-04:00","stageTimeDurationMs":755300,"stageTimeDuration":"00:12:35.3000000","splitPointTimeId":72950,"splitPointId":2299,"entryId":19629,"elapsedDurationMs":226000,"elapsedDuration":"PT3M46S","splitDateTime":"2019-05-11T16:18:46","splitDateTimeLocal":"2019-05-11T12:18:46-04:00"},{"startDateTime":"2019-05-11T16:17:00","startDateTimeLocal":"2019-05-11T12:17:00-04:00","stageTimeDurationMs":766400,"stageTimeDuration":"00:12:46.4000000","splitPointTimeId":72954,"splitPointId":2299,"entryId":19623,"elapsedDurationMs":231600,"elapsedDuration":"PT3M51.6S","splitDateTime":"2019-05-11T16:20:51.6","splitDateTimeLocal":"2019-05-11T12:20:51.6-04:00"},{"startDateTime":"2019-05-11T14:20:00","startDateTimeLocal":"2019-05-11T10:20:00-04:00","stageTimeDurationMs":661100,"stageTimeDuration":"00:11:01.1000000","splitPointTimeId":72701,"splitPointId":2300,"entryId":19577,"elapsedDurationMs":568800,"elapsedDuration":"PT9M28.8S","splitDateTime":"2019-05-11T14:29:28.8","splitDateTimeLocal":"2019-05-11T10:29:28.8-04:00"},{"startDateTime":"2019-05-11T14:24:00","startDateTimeLocal":"2019-05-11T10:24:00-04:00","stageTimeDurationMs":619600,"stageTimeDuration":"00:10:19.6000000","splitPointTimeId":72713,"splitPointId":2300,"entryId":19570,"elapsedDurationMs":531400,"elapsedDuration":"PT8M51.4S","splitDateTime":"2019-05-11T14:32:51.4","splitDateTimeLocal":"2019-05-11T10:32:51.4-04:00"},{"startDateTime":"2019-05-11T14:28:00","startDateTimeLocal":"2019-05-11T10:28:00-04:00","stageTimeDurationMs":631200,"stageTimeDuration":"00:10:31.2000000","splitPointTimeId":72727,"splitPointId":2300,"entryId":19578,"elapsedDurationMs":544600,"elapsedDuration":"PT9M4.6S","splitDateTime":"2019-05-11T14:37:04.6","splitDateTimeLocal":"2019-05-11T10:37:04.6-04:00"},{"startDateTime":"2019-05-11T14:32:00","startDateTimeLocal":"2019-05-11T10:32:00-04:00","stageTimeDurationMs":623600,"stageTimeDuration":"00:10:23.6000000","splitPointTimeId":72740,"splitPointId":2300,"entryId":19569,"elapsedDurationMs":536000,"elapsedDuration":"PT8M56S","splitDateTime":"2019-05-11T14:40:56","splitDateTimeLocal":"2019-05-11T10:40:56-04:00"},{"startDateTime":"2019-05-11T14:36:00","startDateTimeLocal":"2019-05-11T10:36:00-04:00","stageTimeDurationMs":613100,"stageTimeDuration":"00:10:13.1000000","splitPointTimeId":72754,"splitPointId":2300,"entryId":19576,"elapsedDurationMs":527200,"elapsedDuration":"PT8M47.2S","splitDateTime":"2019-05-11T14:44:47.2","splitDateTimeLocal":"2019-05-11T10:44:47.2-04:00"},{"startDateTime":"2019-05-11T14:40:00","startDateTimeLocal":"2019-05-11T10:40:00-04:00","stageTimeDurationMs":609100,"stageTimeDuration":"00:10:09.1000000","splitPointTimeId":72765,"splitPointId":2300,"entryId":19575,"elapsedDurationMs":523800,"elapsedDuration":"PT8M43.8S","splitDateTime":"2019-05-11T14:48:43.8","splitDateTimeLocal":"2019-05-11T10:48:43.8-04:00"},{"startDateTime":"2019-05-11T14:44:00","startDateTimeLocal":"2019-05-11T10:44:00-04:00","stageTimeDurationMs":612500,"stageTimeDuration":"00:10:12.5000000","splitPointTimeId":72777,"splitPointId":2300,"entryId":19571,"elapsedDurationMs":527600,"elapsedDuration":"PT8M47.6S","splitDateTime":"2019-05-11T14:52:47.6","splitDateTimeLocal":"2019-05-11T10:52:47.6-04:00"},{"startDateTime":"2019-05-11T14:48:00","startDateTimeLocal":"2019-05-11T10:48:00-04:00","stageTimeDurationMs":612400,"stageTimeDuration":"00:10:12.4000000","splitPointTimeId":72792,"splitPointId":2300,"entryId":19573,"elapsedDurationMs":525800,"elapsedDuration":"PT8M45.8S","splitDateTime":"2019-05-11T14:56:45.8","splitDateTimeLocal":"2019-05-11T10:56:45.8-04:00"},{"startDateTime":"2019-05-11T14:52:00","startDateTimeLocal":"2019-05-11T10:52:00-04:00","stageTimeDurationMs":612700,"stageTimeDuration":"00:10:12.7000000","splitPointTimeId":72803,"splitPointId":2300,"entryId":19568,"elapsedDurationMs":525800,"elapsedDuration":"PT8M45.8S","splitDateTime":"2019-05-11T15:00:45.8","splitDateTimeLocal":"2019-05-11T11:00:45.8-04:00"},{"startDateTime":"2019-05-11T14:56:00","startDateTimeLocal":"2019-05-11T10:56:00-04:00","stageTimeDurationMs":608900,"stageTimeDuration":"00:10:08.9000000","splitPointTimeId":72816,"splitPointId":2300,"entryId":19572,"elapsedDurationMs":524400,"elapsedDuration":"PT8M44.4S","splitDateTime":"2019-05-11T15:04:44.4","splitDateTimeLocal":"2019-05-11T11:04:44.4-04:00"},{"startDateTime":"2019-05-11T14:59:00","startDateTimeLocal":"2019-05-11T10:59:00-04:00","stageTimeDurationMs":639300,"stageTimeDuration":"00:10:39.3000000","splitPointTimeId":72830,"splitPointId":2300,"entryId":19580,"elapsedDurationMs":552000,"elapsedDuration":"PT9M12S","splitDateTime":"2019-05-11T15:08:12","splitDateTimeLocal":"2019-05-11T11:08:12-04:00"},{"startDateTime":"2019-05-11T15:02:00","startDateTimeLocal":"2019-05-11T11:02:00-04:00","stageTimeDurationMs":636600,"stageTimeDuration":"00:10:36.6000000","splitPointTimeId":72838,"splitPointId":2300,"entryId":19581,"elapsedDurationMs":549000,"elapsedDuration":"PT9M9S","splitDateTime":"2019-05-11T15:11:09","splitDateTimeLocal":"2019-05-11T11:11:09-04:00"},{"startDateTime":"2019-05-11T15:05:00","startDateTimeLocal":"2019-05-11T11:05:00-04:00","stageTimeDurationMs":645000,"stageTimeDuration":"00:10:45","splitPointTimeId":72844,"splitPointId":2300,"entryId":19579,"elapsedDurationMs":557700,"elapsedDuration":"PT9M17.7S","splitDateTime":"2019-05-11T15:14:17.7","splitDateTimeLocal":"2019-05-11T11:14:17.7-04:00"},{"startDateTime":"2019-05-11T15:13:00","startDateTimeLocal":"2019-05-11T11:13:00-04:00","stageTimeDurationMs":650200,"stageTimeDuration":"00:10:50.2000000","splitPointTimeId":72863,"splitPointId":2300,"entryId":19582,"elapsedDurationMs":562900,"elapsedDuration":"PT9M22.9S","splitDateTime":"2019-05-11T15:22:22.9","splitDateTimeLocal":"2019-05-11T11:22:22.9-04:00"},{"startDateTime":"2019-05-11T15:15:00","startDateTimeLocal":"2019-05-11T11:15:00-04:00","stageTimeDurationMs":643700,"stageTimeDuration":"00:10:43.7000000","splitPointTimeId":72869,"splitPointId":2300,"entryId":19584,"elapsedDurationMs":556600,"elapsedDuration":"PT9M16.6S","splitDateTime":"2019-05-11T15:24:16.6","splitDateTimeLocal":"2019-05-11T11:24:16.6-04:00"},{"startDateTime":"2019-05-11T15:17:00","startDateTimeLocal":"2019-05-11T11:17:00-04:00","stageTimeDurationMs":639500,"stageTimeDuration":"00:10:39.5000000","splitPointTimeId":72871,"splitPointId":2300,"entryId":19586,"elapsedDurationMs":552900,"elapsedDuration":"PT9M12.9S","splitDateTime":"2019-05-11T15:26:12.9","splitDateTimeLocal":"2019-05-11T11:26:12.9-04:00"},{"startDateTime":"2019-05-11T15:21:00","startDateTimeLocal":"2019-05-11T11:21:00-04:00","stageTimeDurationMs":648800,"stageTimeDuration":"00:10:48.8000000","splitPointTimeId":72880,"splitPointId":2300,"entryId":19583,"elapsedDurationMs":560800,"elapsedDuration":"PT9M20.8S","splitDateTime":"2019-05-11T15:30:20.8","splitDateTimeLocal":"2019-05-11T11:30:20.8-04:00"},{"startDateTime":"2019-05-11T15:23:00","startDateTimeLocal":"2019-05-11T11:23:00-04:00","stageTimeDurationMs":669000,"stageTimeDuration":"00:11:09","splitPointTimeId":72883,"splitPointId":2300,"entryId":19594,"elapsedDurationMs":578400,"elapsedDuration":"PT9M38.4S","splitDateTime":"2019-05-11T15:32:38.4","splitDateTimeLocal":"2019-05-11T11:32:38.4-04:00"},{"startDateTime":"2019-05-11T15:25:00","startDateTimeLocal":"2019-05-11T11:25:00-04:00","stageTimeDurationMs":645700,"stageTimeDuration":"00:10:45.7000000","splitPointTimeId":72885,"splitPointId":2300,"entryId":19595,"elapsedDurationMs":557500,"elapsedDuration":"PT9M17.5S","splitDateTime":"2019-05-11T15:34:17.5","splitDateTimeLocal":"2019-05-11T11:34:17.5-04:00"},{"startDateTime":"2019-05-11T15:27:00","startDateTimeLocal":"2019-05-11T11:27:00-04:00","stageTimeDurationMs":648200,"stageTimeDuration":"00:10:48.2000000","splitPointTimeId":72888,"splitPointId":2300,"entryId":19600,"elapsedDurationMs":562200,"elapsedDuration":"PT9M22.2S","splitDateTime":"2019-05-11T15:36:22.2","splitDateTimeLocal":"2019-05-11T11:36:22.2-04:00"},{"startDateTime":"2019-05-11T15:29:00","startDateTimeLocal":"2019-05-11T11:29:00-04:00","stageTimeDurationMs":676100,"stageTimeDuration":"00:11:16.1000000","splitPointTimeId":72892,"splitPointId":2300,"entryId":19592,"elapsedDurationMs":588000,"elapsedDuration":"PT9M48S","splitDateTime":"2019-05-11T15:38:48","splitDateTimeLocal":"2019-05-11T11:38:48-04:00"},{"startDateTime":"2019-05-11T15:31:00","startDateTimeLocal":"2019-05-11T11:31:00-04:00","stageTimeDurationMs":694900,"stageTimeDuration":"00:11:34.9000000","splitPointTimeId":72895,"splitPointId":2300,"entryId":19588,"elapsedDurationMs":602400,"elapsedDuration":"PT10M2.4S","splitDateTime":"2019-05-11T15:41:02.4","splitDateTimeLocal":"2019-05-11T11:41:02.4-04:00"},{"startDateTime":"2019-05-11T15:33:00","startDateTimeLocal":"2019-05-11T11:33:00-04:00","stageTimeDurationMs":697600,"stageTimeDuration":"00:11:37.6000000","splitPointTimeId":72898,"splitPointId":2300,"entryId":19599,"elapsedDurationMs":605500,"elapsedDuration":"PT10M5.5S","splitDateTime":"2019-05-11T15:43:05.5","splitDateTimeLocal":"2019-05-11T11:43:05.5-04:00"},{"startDateTime":"2019-05-11T15:37:00","startDateTimeLocal":"2019-05-11T11:37:00-04:00","stageTimeDurationMs":719600,"stageTimeDuration":"00:11:59.6000000","splitPointTimeId":72904,"splitPointId":2300,"entryId":19602,"elapsedDurationMs":622800,"elapsedDuration":"PT10M22.8S","splitDateTime":"2019-05-11T15:47:22.8","splitDateTimeLocal":"2019-05-11T11:47:22.8-04:00"},{"startDateTime":"2019-05-11T15:39:00","startDateTimeLocal":"2019-05-11T11:39:00-04:00","stageTimeDurationMs":659100,"stageTimeDuration":"00:10:59.1000000","splitPointTimeId":72905,"splitPointId":2300,"entryId":19591,"elapsedDurationMs":571400,"elapsedDuration":"PT9M31.4S","splitDateTime":"2019-05-11T15:48:31.4","splitDateTimeLocal":"2019-05-11T11:48:31.4-04:00"},{"startDateTime":"2019-05-11T15:35:00","startDateTimeLocal":"2019-05-11T11:35:00-04:00","stageTimeDurationMs":1019300,"stageTimeDuration":"00:16:59.3000000","splitPointTimeId":72908,"splitPointId":2300,"entryId":19597,"elapsedDurationMs":927100,"elapsedDuration":"PT15M27.1S","splitDateTime":"2019-05-11T15:50:27.1","splitDateTimeLocal":"2019-05-11T11:50:27.1-04:00"},{"startDateTime":"2019-05-11T15:41:00","startDateTimeLocal":"2019-05-11T11:41:00-04:00","stageTimeDurationMs":665100,"stageTimeDuration":"00:11:05.1000000","splitPointTimeId":72910,"splitPointId":2300,"entryId":19601,"elapsedDurationMs":577300,"elapsedDuration":"PT9M37.3S","splitDateTime":"2019-05-11T15:50:37.3","splitDateTimeLocal":"2019-05-11T11:50:37.3-04:00"},{"startDateTime":"2019-05-11T15:43:00","startDateTimeLocal":"2019-05-11T11:43:00-04:00","stageTimeDurationMs":633400,"stageTimeDuration":"00:10:33.4000000","splitPointTimeId":72911,"splitPointId":2300,"entryId":19593,"elapsedDurationMs":547800,"elapsedDuration":"PT9M7.8S","splitDateTime":"2019-05-11T15:52:07.8","splitDateTimeLocal":"2019-05-11T11:52:07.8-04:00"},{"startDateTime":"2019-05-11T15:45:00","startDateTimeLocal":"2019-05-11T11:45:00-04:00","stageTimeDurationMs":680100,"stageTimeDuration":"00:11:20.1000000","splitPointTimeId":72915,"splitPointId":2300,"entryId":19596,"elapsedDurationMs":588300,"elapsedDuration":"PT9M48.3S","splitDateTime":"2019-05-11T15:54:48.3","splitDateTimeLocal":"2019-05-11T11:54:48.3-04:00"},{"startDateTime":"2019-05-11T15:47:00","startDateTimeLocal":"2019-05-11T11:47:00-04:00","stageTimeDurationMs":722600,"stageTimeDuration":"00:12:02.6000000","splitPointTimeId":72919,"splitPointId":2300,"entryId":19598,"elapsedDurationMs":630300,"elapsedDuration":"PT10M30.3S","splitDateTime":"2019-05-11T15:57:30.3","splitDateTimeLocal":"2019-05-11T11:57:30.3-04:00"},{"startDateTime":"2019-05-11T15:49:00","startDateTimeLocal":"2019-05-11T11:49:00-04:00","stageTimeDurationMs":657600,"stageTimeDuration":"00:10:57.6000000","splitPointTimeId":72921,"splitPointId":2300,"entryId":19587,"elapsedDurationMs":563700,"elapsedDuration":"PT9M23.7S","splitDateTime":"2019-05-11T15:58:23.7","splitDateTimeLocal":"2019-05-11T11:58:23.7-04:00"},{"startDateTime":"2019-05-11T15:51:00","startDateTimeLocal":"2019-05-11T11:51:00-04:00","stageTimeDurationMs":704000,"stageTimeDuration":"00:11:44","splitPointTimeId":72923,"splitPointId":2300,"entryId":19606,"elapsedDurationMs":610500,"elapsedDuration":"PT10M10.5S","splitDateTime":"2019-05-11T16:01:10.5","splitDateTimeLocal":"2019-05-11T12:01:10.5-04:00"},{"startDateTime":"2019-05-11T15:53:00","startDateTimeLocal":"2019-05-11T11:53:00-04:00","stageTimeDurationMs":751600,"stageTimeDuration":"00:12:31.6000000","splitPointTimeId":72928,"splitPointId":2300,"entryId":19625,"elapsedDurationMs":654000,"elapsedDuration":"PT10M54S","splitDateTime":"2019-05-11T16:03:54","splitDateTimeLocal":"2019-05-11T12:03:54-04:00"},{"startDateTime":"2019-05-11T15:55:00","startDateTimeLocal":"2019-05-11T11:55:00-04:00","stageTimeDurationMs":725600,"stageTimeDuration":"00:12:05.6000000","splitPointTimeId":72931,"splitPointId":2300,"entryId":19624,"elapsedDurationMs":628500,"elapsedDuration":"PT10M28.5S","splitDateTime":"2019-05-11T16:05:28.5","splitDateTimeLocal":"2019-05-11T12:05:28.5-04:00"},{"startDateTime":"2019-05-11T15:57:00","startDateTimeLocal":"2019-05-11T11:57:00-04:00","stageTimeDurationMs":770400,"stageTimeDuration":"00:12:50.4000000","splitPointTimeId":72933,"splitPointId":2300,"entryId":19620,"elapsedDurationMs":669000,"elapsedDuration":"PT11M9S","splitDateTime":"2019-05-11T16:08:09","splitDateTimeLocal":"2019-05-11T12:08:09-04:00"},{"startDateTime":"2019-05-11T15:59:00","startDateTimeLocal":"2019-05-11T11:59:00-04:00","stageTimeDurationMs":757000,"stageTimeDuration":"00:12:37","splitPointTimeId":72937,"splitPointId":2300,"entryId":19618,"elapsedDurationMs":658900,"elapsedDuration":"PT10M58.9S","splitDateTime":"2019-05-11T16:09:58.9","splitDateTimeLocal":"2019-05-11T12:09:58.9-04:00"},{"startDateTime":"2019-05-11T16:01:00","startDateTimeLocal":"2019-05-11T12:01:00-04:00","stageTimeDurationMs":760500,"stageTimeDuration":"00:12:40.5000000","splitPointTimeId":72940,"splitPointId":2300,"entryId":19612,"elapsedDurationMs":662300,"elapsedDuration":"PT11M2.3S","splitDateTime":"2019-05-11T16:12:02.3","splitDateTimeLocal":"2019-05-11T12:12:02.3-04:00"},{"startDateTime":"2019-05-11T16:03:00","startDateTimeLocal":"2019-05-11T12:03:00-04:00","stageTimeDurationMs":769100,"stageTimeDuration":"00:12:49.1000000","splitPointTimeId":72942,"splitPointId":2300,"entryId":19627,"elapsedDurationMs":667300,"elapsedDuration":"PT11M7.3S","splitDateTime":"2019-05-11T16:14:07.3","splitDateTimeLocal":"2019-05-11T12:14:07.3-04:00"},{"startDateTime":"2019-05-11T16:07:00","startDateTimeLocal":"2019-05-11T12:07:00-04:00","stageTimeDurationMs":754800,"stageTimeDuration":"00:12:34.8000000","splitPointTimeId":72948,"splitPointId":2300,"entryId":19610,"elapsedDurationMs":658400,"elapsedDuration":"PT10M58.4S","splitDateTime":"2019-05-11T16:17:58.4","splitDateTimeLocal":"2019-05-11T12:17:58.4-04:00"},{"startDateTime":"2019-05-11T16:05:00","startDateTimeLocal":"2019-05-11T12:05:00-04:00","stageTimeDurationMs":794700,"stageTimeDuration":"00:13:14.7000000","splitPointTimeId":72949,"splitPointId":2300,"entryId":19617,"elapsedDurationMs":693700,"elapsedDuration":"PT11M33.7S","splitDateTime":"2019-05-11T16:16:33.7","splitDateTimeLocal":"2019-05-11T12:16:33.7-04:00"},{"startDateTime":"2019-05-11T16:09:00","startDateTimeLocal":"2019-05-11T12:09:00-04:00","stageTimeDurationMs":760800,"stageTimeDuration":"00:12:40.8000000","splitPointTimeId":72952,"splitPointId":2300,"entryId":19608,"elapsedDurationMs":662000,"elapsedDuration":"PT11M2S","splitDateTime":"2019-05-11T16:20:02","splitDateTimeLocal":"2019-05-11T12:20:02-04:00"},{"startDateTime":"2019-05-11T16:11:00","startDateTimeLocal":"2019-05-11T12:11:00-04:00","stageTimeDurationMs":766100,"stageTimeDuration":"00:12:46.1000000","splitPointTimeId":72955,"splitPointId":2300,"entryId":19615,"elapsedDurationMs":655900,"elapsedDuration":"PT10M55.9S","splitDateTime":"2019-05-11T16:21:55.9","splitDateTimeLocal":"2019-05-11T12:21:55.9-04:00"},{"startDateTime":"2019-05-11T16:13:00","startDateTimeLocal":"2019-05-11T12:13:00-04:00","stageTimeDurationMs":788400,"stageTimeDuration":"00:13:08.4000000","splitPointTimeId":72957,"splitPointId":2300,"entryId":19619,"elapsedDurationMs":685500,"elapsedDuration":"PT11M25.5S","splitDateTime":"2019-05-11T16:24:25.5","splitDateTimeLocal":"2019-05-11T12:24:25.5-04:00"},{"startDateTime":"2019-05-11T16:15:00","startDateTimeLocal":"2019-05-11T12:15:00-04:00","stageTimeDurationMs":755300,"stageTimeDuration":"00:12:35.3000000","splitPointTimeId":72959,"splitPointId":2300,"entryId":19629,"elapsedDurationMs":653100,"elapsedDuration":"PT10M53.1S","splitDateTime":"2019-05-11T16:25:53.1","splitDateTimeLocal":"2019-05-11T12:25:53.1-04:00"},{"startDateTime":"2019-05-11T16:17:00","startDateTimeLocal":"2019-05-11T12:17:00-04:00","stageTimeDurationMs":766400,"stageTimeDuration":"00:12:46.4000000","splitPointTimeId":72960,"splitPointId":2300,"entryId":19623,"elapsedDurationMs":666700,"elapsedDuration":"PT11M6.7S","splitDateTime":"2019-05-11T16:28:06.7","splitDateTimeLocal":"2019-05-11T12:28:06.7-04:00"},{"startDateTime":"2019-05-11T14:20:00","startDateTimeLocal":"2019-05-11T10:20:00-04:00","stageTimeDurationMs":661100,"stageTimeDuration":"00:11:01.1000000","splitPointTimeId":72691,"splitPointId":2301,"entryId":19577,"elapsedDurationMs":358700,"elapsedDuration":"PT5M58.7S","splitDateTime":"2019-05-11T14:25:58.7","splitDateTimeLocal":"2019-05-11T10:25:58.7-04:00"},{"startDateTime":"2019-05-11T14:24:00","startDateTimeLocal":"2019-05-11T10:24:00-04:00","stageTimeDurationMs":619600,"stageTimeDuration":"00:10:19.6000000","splitPointTimeId":72702,"splitPointId":2301,"entryId":19570,"elapsedDurationMs":332200,"elapsedDuration":"PT5M32.2S","splitDateTime":"2019-05-11T14:29:32.2","splitDateTimeLocal":"2019-05-11T10:29:32.2-04:00"},{"startDateTime":"2019-05-11T14:28:00","startDateTimeLocal":"2019-05-11T10:28:00-04:00","stageTimeDurationMs":631200,"stageTimeDuration":"00:10:31.2000000","splitPointTimeId":72716,"splitPointId":2301,"entryId":19578,"elapsedDurationMs":346200,"elapsedDuration":"PT5M46.2S","splitDateTime":"2019-05-11T14:33:46.2","splitDateTimeLocal":"2019-05-11T10:33:46.2-04:00"},{"startDateTime":"2019-05-11T14:32:00","startDateTimeLocal":"2019-05-11T10:32:00-04:00","stageTimeDurationMs":623600,"stageTimeDuration":"00:10:23.6000000","splitPointTimeId":72730,"splitPointId":2301,"entryId":19569,"elapsedDurationMs":338700,"elapsedDuration":"PT5M38.7S","splitDateTime":"2019-05-11T14:37:38.7","splitDateTimeLocal":"2019-05-11T10:37:38.7-04:00"},{"startDateTime":"2019-05-11T14:36:00","startDateTimeLocal":"2019-05-11T10:36:00-04:00","stageTimeDurationMs":613100,"stageTimeDuration":"00:10:13.1000000","splitPointTimeId":72743,"splitPointId":2301,"entryId":19576,"elapsedDurationMs":332700,"elapsedDuration":"PT5M32.7S","splitDateTime":"2019-05-11T14:41:32.7","splitDateTimeLocal":"2019-05-11T10:41:32.7-04:00"},{"startDateTime":"2019-05-11T14:40:00","startDateTimeLocal":"2019-05-11T10:40:00-04:00","stageTimeDurationMs":609100,"stageTimeDuration":"00:10:09.1000000","splitPointTimeId":72756,"splitPointId":2301,"entryId":19575,"elapsedDurationMs":329800,"elapsedDuration":"PT5M29.8S","splitDateTime":"2019-05-11T14:45:29.8","splitDateTimeLocal":"2019-05-11T10:45:29.8-04:00"},{"startDateTime":"2019-05-11T14:44:00","startDateTimeLocal":"2019-05-11T10:44:00-04:00","stageTimeDurationMs":612500,"stageTimeDuration":"00:10:12.5000000","splitPointTimeId":72769,"splitPointId":2301,"entryId":19571,"elapsedDurationMs":333000,"elapsedDuration":"PT5M33S","splitDateTime":"2019-05-11T14:49:33","splitDateTimeLocal":"2019-05-11T10:49:33-04:00"},{"startDateTime":"2019-05-11T14:48:00","startDateTimeLocal":"2019-05-11T10:48:00-04:00","stageTimeDurationMs":612400,"stageTimeDuration":"00:10:12.4000000","splitPointTimeId":72782,"splitPointId":2301,"entryId":19573,"elapsedDurationMs":330200,"elapsedDuration":"PT5M30.2S","splitDateTime":"2019-05-11T14:53:30.2","splitDateTimeLocal":"2019-05-11T10:53:30.2-04:00"},{"startDateTime":"2019-05-11T14:52:00","startDateTimeLocal":"2019-05-11T10:52:00-04:00","stageTimeDurationMs":612700,"stageTimeDuration":"00:10:12.7000000","splitPointTimeId":72794,"splitPointId":2301,"entryId":19568,"elapsedDurationMs":333200,"elapsedDuration":"PT5M33.2S","splitDateTime":"2019-05-11T14:57:33.2","splitDateTimeLocal":"2019-05-11T10:57:33.2-04:00"},{"startDateTime":"2019-05-11T14:56:00","startDateTimeLocal":"2019-05-11T10:56:00-04:00","stageTimeDurationMs":608900,"stageTimeDuration":"00:10:08.9000000","splitPointTimeId":72805,"splitPointId":2301,"entryId":19572,"elapsedDurationMs":331300,"elapsedDuration":"PT5M31.3S","splitDateTime":"2019-05-11T15:01:31.3","splitDateTimeLocal":"2019-05-11T11:01:31.3-04:00"},{"startDateTime":"2019-05-11T14:59:00","startDateTimeLocal":"2019-05-11T10:59:00-04:00","stageTimeDurationMs":639300,"stageTimeDuration":"00:10:39.3000000","splitPointTimeId":72815,"splitPointId":2301,"entryId":19580,"elapsedDurationMs":352100,"elapsedDuration":"PT5M52.1S","splitDateTime":"2019-05-11T15:04:52.1","splitDateTimeLocal":"2019-05-11T11:04:52.1-04:00"},{"startDateTime":"2019-05-11T15:02:00","startDateTimeLocal":"2019-05-11T11:02:00-04:00","stageTimeDurationMs":636600,"stageTimeDuration":"00:10:36.6000000","splitPointTimeId":72827,"splitPointId":2301,"entryId":19581,"elapsedDurationMs":349200,"elapsedDuration":"PT5M49.2S","splitDateTime":"2019-05-11T15:07:49.2","splitDateTimeLocal":"2019-05-11T11:07:49.2-04:00"},{"startDateTime":"2019-05-11T15:05:00","startDateTimeLocal":"2019-05-11T11:05:00-04:00","stageTimeDurationMs":645000,"stageTimeDuration":"00:10:45","splitPointTimeId":72837,"splitPointId":2301,"entryId":19579,"elapsedDurationMs":355700,"elapsedDuration":"PT5M55.7S","splitDateTime":"2019-05-11T15:10:55.7","splitDateTimeLocal":"2019-05-11T11:10:55.7-04:00"},{"startDateTime":"2019-05-11T15:13:00","startDateTimeLocal":"2019-05-11T11:13:00-04:00","stageTimeDurationMs":650200,"stageTimeDuration":"00:10:50.2000000","splitPointTimeId":72856,"splitPointId":2301,"entryId":19582,"elapsedDurationMs":361000,"elapsedDuration":"PT6M1S","splitDateTime":"2019-05-11T15:19:01","splitDateTimeLocal":"2019-05-11T11:19:01-04:00"},{"startDateTime":"2019-05-11T15:15:00","startDateTimeLocal":"2019-05-11T11:15:00-04:00","stageTimeDurationMs":643700,"stageTimeDuration":"00:10:43.7000000","splitPointTimeId":72860,"splitPointId":2301,"entryId":19584,"elapsedDurationMs":354200,"elapsedDuration":"PT5M54.2S","splitDateTime":"2019-05-11T15:20:54.2","splitDateTimeLocal":"2019-05-11T11:20:54.2-04:00"},{"startDateTime":"2019-05-11T15:17:00","startDateTimeLocal":"2019-05-11T11:17:00-04:00","stageTimeDurationMs":639500,"stageTimeDuration":"00:10:39.5000000","splitPointTimeId":72865,"splitPointId":2301,"entryId":19586,"elapsedDurationMs":355100,"elapsedDuration":"PT5M55.1S","splitDateTime":"2019-05-11T15:22:55.1","splitDateTimeLocal":"2019-05-11T11:22:55.1-04:00"},{"startDateTime":"2019-05-11T15:21:00","startDateTimeLocal":"2019-05-11T11:21:00-04:00","stageTimeDurationMs":648800,"stageTimeDuration":"00:10:48.8000000","splitPointTimeId":72875,"splitPointId":2301,"entryId":19583,"elapsedDurationMs":358500,"elapsedDuration":"PT5M58.5S","splitDateTime":"2019-05-11T15:26:58.5","splitDateTimeLocal":"2019-05-11T11:26:58.5-04:00"},{"startDateTime":"2019-05-11T15:23:00","startDateTimeLocal":"2019-05-11T11:23:00-04:00","stageTimeDurationMs":669000,"stageTimeDuration":"00:11:09","splitPointTimeId":72878,"splitPointId":2301,"entryId":19594,"elapsedDurationMs":371600,"elapsedDuration":"PT6M11.6S","splitDateTime":"2019-05-11T15:29:11.6","splitDateTimeLocal":"2019-05-11T11:29:11.6-04:00"},{"startDateTime":"2019-05-11T15:25:00","startDateTimeLocal":"2019-05-11T11:25:00-04:00","stageTimeDurationMs":645700,"stageTimeDuration":"00:10:45.7000000","splitPointTimeId":72881,"splitPointId":2301,"entryId":19595,"elapsedDurationMs":358600,"elapsedDuration":"PT5M58.6S","splitDateTime":"2019-05-11T15:30:58.6","splitDateTimeLocal":"2019-05-11T11:30:58.6-04:00"},{"startDateTime":"2019-05-11T15:27:00","startDateTimeLocal":"2019-05-11T11:27:00-04:00","stageTimeDurationMs":648200,"stageTimeDuration":"00:10:48.2000000","splitPointTimeId":72884,"splitPointId":2301,"entryId":19600,"elapsedDurationMs":362300,"elapsedDuration":"PT6M2.3S","splitDateTime":"2019-05-11T15:33:02.3","splitDateTimeLocal":"2019-05-11T11:33:02.3-04:00"},{"startDateTime":"2019-05-11T15:29:00","startDateTimeLocal":"2019-05-11T11:29:00-04:00","stageTimeDurationMs":676100,"stageTimeDuration":"00:11:16.1000000","splitPointTimeId":72887,"splitPointId":2301,"entryId":19592,"elapsedDurationMs":367100,"elapsedDuration":"PT6M7.1S","splitDateTime":"2019-05-11T15:35:07.1","splitDateTimeLocal":"2019-05-11T11:35:07.1-04:00"},{"startDateTime":"2019-05-11T15:31:00","startDateTimeLocal":"2019-05-11T11:31:00-04:00","stageTimeDurationMs":694900,"stageTimeDuration":"00:11:34.9000000","splitPointTimeId":72890,"splitPointId":2301,"entryId":19588,"elapsedDurationMs":391500,"elapsedDuration":"PT6M31.5S","splitDateTime":"2019-05-11T15:37:31.5","splitDateTimeLocal":"2019-05-11T11:37:31.5-04:00"},{"startDateTime":"2019-05-11T15:33:00","startDateTimeLocal":"2019-05-11T11:33:00-04:00","stageTimeDurationMs":697600,"stageTimeDuration":"00:11:37.6000000","splitPointTimeId":72893,"splitPointId":2301,"entryId":19599,"elapsedDurationMs":393500,"elapsedDuration":"PT6M33.5S","splitDateTime":"2019-05-11T15:39:33.5","splitDateTimeLocal":"2019-05-11T11:39:33.5-04:00"},{"startDateTime":"2019-05-11T15:35:00","startDateTimeLocal":"2019-05-11T11:35:00-04:00","stageTimeDurationMs":1019300,"stageTimeDuration":"00:16:59.3000000","splitPointTimeId":72896,"splitPointId":2301,"entryId":19597,"elapsedDurationMs":403200,"elapsedDuration":"PT6M43.2S","splitDateTime":"2019-05-11T15:41:43.2","splitDateTimeLocal":"2019-05-11T11:41:43.2-04:00"},{"startDateTime":"2019-05-11T15:37:00","startDateTimeLocal":"2019-05-11T11:37:00-04:00","stageTimeDurationMs":719600,"stageTimeDuration":"00:11:59.6000000","splitPointTimeId":72900,"splitPointId":2301,"entryId":19602,"elapsedDurationMs":395800,"elapsedDuration":"PT6M35.8S","splitDateTime":"2019-05-11T15:43:35.8","splitDateTimeLocal":"2019-05-11T11:43:35.8-04:00"},{"startDateTime":"2019-05-11T15:39:00","startDateTimeLocal":"2019-05-11T11:39:00-04:00","stageTimeDurationMs":659100,"stageTimeDuration":"00:10:59.1000000","splitPointTimeId":72901,"splitPointId":2301,"entryId":19591,"elapsedDurationMs":365600,"elapsedDuration":"PT6M5.6S","splitDateTime":"2019-05-11T15:45:05.6","splitDateTimeLocal":"2019-05-11T11:45:05.6-04:00"},{"startDateTime":"2019-05-11T15:41:00","startDateTimeLocal":"2019-05-11T11:41:00-04:00","stageTimeDurationMs":665100,"stageTimeDuration":"00:11:05.1000000","splitPointTimeId":72903,"splitPointId":2301,"entryId":19601,"elapsedDurationMs":362700,"elapsedDuration":"PT6M2.7S","splitDateTime":"2019-05-11T15:47:02.7","splitDateTimeLocal":"2019-05-11T11:47:02.7-04:00"},{"startDateTime":"2019-05-11T15:43:00","startDateTimeLocal":"2019-05-11T11:43:00-04:00","stageTimeDurationMs":633400,"stageTimeDuration":"00:10:33.4000000","splitPointTimeId":72907,"splitPointId":2301,"entryId":19593,"elapsedDurationMs":349200,"elapsedDuration":"PT5M49.2S","splitDateTime":"2019-05-11T15:48:49.2","splitDateTimeLocal":"2019-05-11T11:48:49.2-04:00"},{"startDateTime":"2019-05-11T15:45:00","startDateTimeLocal":"2019-05-11T11:45:00-04:00","stageTimeDurationMs":680100,"stageTimeDuration":"00:11:20.1000000","splitPointTimeId":72912,"splitPointId":2301,"entryId":19596,"elapsedDurationMs":374500,"elapsedDuration":"PT6M14.5S","splitDateTime":"2019-05-11T15:51:14.5","splitDateTimeLocal":"2019-05-11T11:51:14.5-04:00"},{"startDateTime":"2019-05-11T15:47:00","startDateTimeLocal":"2019-05-11T11:47:00-04:00","stageTimeDurationMs":722600,"stageTimeDuration":"00:12:02.6000000","splitPointTimeId":72914,"splitPointId":2301,"entryId":19598,"elapsedDurationMs":391200,"elapsedDuration":"PT6M31.2S","splitDateTime":"2019-05-11T15:53:31.2","splitDateTimeLocal":"2019-05-11T11:53:31.2-04:00"},{"startDateTime":"2019-05-11T15:49:00","startDateTimeLocal":"2019-05-11T11:49:00-04:00","stageTimeDurationMs":657600,"stageTimeDuration":"00:10:57.6000000","splitPointTimeId":72916,"splitPointId":2301,"entryId":19587,"elapsedDurationMs":361300,"elapsedDuration":"PT6M1.3S","splitDateTime":"2019-05-11T15:55:01.3","splitDateTimeLocal":"2019-05-11T11:55:01.3-04:00"},{"startDateTime":"2019-05-11T15:51:00","startDateTimeLocal":"2019-05-11T11:51:00-04:00","stageTimeDurationMs":704000,"stageTimeDuration":"00:11:44","splitPointTimeId":72920,"splitPointId":2301,"entryId":19606,"elapsedDurationMs":392100,"elapsedDuration":"PT6M32.1S","splitDateTime":"2019-05-11T15:57:32.1","splitDateTimeLocal":"2019-05-11T11:57:32.1-04:00"},{"startDateTime":"2019-05-11T15:53:00","startDateTimeLocal":"2019-05-11T11:53:00-04:00","stageTimeDurationMs":751600,"stageTimeDuration":"00:12:31.6000000","splitPointTimeId":72925,"splitPointId":2301,"entryId":19625,"elapsedDurationMs":422700,"elapsedDuration":"PT7M2.7S","splitDateTime":"2019-05-11T16:00:02.7","splitDateTimeLocal":"2019-05-11T12:00:02.7-04:00"},{"startDateTime":"2019-05-11T15:55:00","startDateTimeLocal":"2019-05-11T11:55:00-04:00","stageTimeDurationMs":725600,"stageTimeDuration":"00:12:05.6000000","splitPointTimeId":72927,"splitPointId":2301,"entryId":19624,"elapsedDurationMs":405200,"elapsedDuration":"PT6M45.2S","splitDateTime":"2019-05-11T16:01:45.2","splitDateTimeLocal":"2019-05-11T12:01:45.2-04:00"},{"startDateTime":"2019-05-11T15:57:00","startDateTimeLocal":"2019-05-11T11:57:00-04:00","stageTimeDurationMs":770400,"stageTimeDuration":"00:12:50.4000000","splitPointTimeId":72929,"splitPointId":2301,"entryId":19620,"elapsedDurationMs":433500,"elapsedDuration":"PT7M13.5S","splitDateTime":"2019-05-11T16:04:13.5","splitDateTimeLocal":"2019-05-11T12:04:13.5-04:00"},{"startDateTime":"2019-05-11T15:59:00","startDateTimeLocal":"2019-05-11T11:59:00-04:00","stageTimeDurationMs":757000,"stageTimeDuration":"00:12:37","splitPointTimeId":72932,"splitPointId":2301,"entryId":19618,"elapsedDurationMs":425700,"elapsedDuration":"PT7M5.7S","splitDateTime":"2019-05-11T16:06:05.7","splitDateTimeLocal":"2019-05-11T12:06:05.7-04:00"},{"startDateTime":"2019-05-11T16:01:00","startDateTimeLocal":"2019-05-11T12:01:00-04:00","stageTimeDurationMs":760500,"stageTimeDuration":"00:12:40.5000000","splitPointTimeId":72934,"splitPointId":2301,"entryId":19612,"elapsedDurationMs":427700,"elapsedDuration":"PT7M7.7S","splitDateTime":"2019-05-11T16:08:07.7","splitDateTimeLocal":"2019-05-11T12:08:07.7-04:00"},{"startDateTime":"2019-05-11T16:03:00","startDateTimeLocal":"2019-05-11T12:03:00-04:00","stageTimeDurationMs":769100,"stageTimeDuration":"00:12:49.1000000","splitPointTimeId":72939,"splitPointId":2301,"entryId":19627,"elapsedDurationMs":428700,"elapsedDuration":"PT7M8.7S","splitDateTime":"2019-05-11T16:10:08.7","splitDateTimeLocal":"2019-05-11T12:10:08.7-04:00"},{"startDateTime":"2019-05-11T16:07:00","startDateTimeLocal":"2019-05-11T12:07:00-04:00","stageTimeDurationMs":754800,"stageTimeDuration":"00:12:34.8000000","splitPointTimeId":72943,"splitPointId":2301,"entryId":19610,"elapsedDurationMs":429200,"elapsedDuration":"PT7M9.2S","splitDateTime":"2019-05-11T16:14:09.2","splitDateTimeLocal":"2019-05-11T12:14:09.2-04:00"},{"startDateTime":"2019-05-11T16:05:00","startDateTimeLocal":"2019-05-11T12:05:00-04:00","stageTimeDurationMs":794700,"stageTimeDuration":"00:13:14.7000000","splitPointTimeId":72944,"splitPointId":2301,"entryId":19617,"elapsedDurationMs":450500,"elapsedDuration":"PT7M30.5S","splitDateTime":"2019-05-11T16:12:30.5","splitDateTimeLocal":"2019-05-11T12:12:30.5-04:00"},{"startDateTime":"2019-05-11T16:09:00","startDateTimeLocal":"2019-05-11T12:09:00-04:00","stageTimeDurationMs":760800,"stageTimeDuration":"00:12:40.8000000","splitPointTimeId":72947,"splitPointId":2301,"entryId":19608,"elapsedDurationMs":430200,"elapsedDuration":"PT7M10.2S","splitDateTime":"2019-05-11T16:16:10.2","splitDateTimeLocal":"2019-05-11T12:16:10.2-04:00"},{"startDateTime":"2019-05-11T16:11:00","startDateTimeLocal":"2019-05-11T12:11:00-04:00","stageTimeDurationMs":766100,"stageTimeDuration":"00:12:46.1000000","splitPointTimeId":72951,"splitPointId":2301,"entryId":19615,"elapsedDurationMs":413200,"elapsedDuration":"PT6M53.2S","splitDateTime":"2019-05-11T16:17:53.2","splitDateTimeLocal":"2019-05-11T12:17:53.2-04:00"},{"startDateTime":"2019-05-11T16:13:00","startDateTimeLocal":"2019-05-11T12:13:00-04:00","stageTimeDurationMs":788400,"stageTimeDuration":"00:13:08.4000000","splitPointTimeId":72953,"splitPointId":2301,"entryId":19619,"elapsedDurationMs":443200,"elapsedDuration":"PT7M23.2S","splitDateTime":"2019-05-11T16:20:23.2","splitDateTimeLocal":"2019-05-11T12:20:23.2-04:00"},{"startDateTime":"2019-05-11T16:15:00","startDateTimeLocal":"2019-05-11T12:15:00-04:00","stageTimeDurationMs":755300,"stageTimeDuration":"00:12:35.3000000","splitPointTimeId":72956,"splitPointId":2301,"entryId":19629,"elapsedDurationMs":418200,"elapsedDuration":"PT6M58.2S","splitDateTime":"2019-05-11T16:21:58.2","splitDateTimeLocal":"2019-05-11T12:21:58.2-04:00"},{"startDateTime":"2019-05-11T16:17:00","startDateTimeLocal":"2019-05-11T12:17:00-04:00","stageTimeDurationMs":766400,"stageTimeDuration":"00:12:46.4000000","splitPointTimeId":72958,"splitPointId":2301,"entryId":19623,"elapsedDurationMs":429300,"elapsedDuration":"PT7M9.3S","splitDateTime":"2019-05-11T16:24:09.3","splitDateTimeLocal":"2019-05-11T12:24:09.3-04:00"}]