[{"startDateTime":"2019-03-29T07:29:00","startDateTimeLocal":"2019-03-29T08:29:00+01:00","stageTimeDurationMs":623800,"stageTimeDuration":"00:10:23.8000000","splitPointTimeId":65835,"splitPointId":2058,"entryId":19338,"elapsedDurationMs":181200,"elapsedDuration":"PT3M1.2S","splitDateTime":"2019-03-29T07:32:01.2","splitDateTimeLocal":"2019-03-29T08:32:01.2+01:00"},{"startDateTime":"2019-03-29T07:31:00","startDateTimeLocal":"2019-03-29T08:31:00+01:00","stageTimeDurationMs":633100,"stageTimeDuration":"00:10:33.1000000","splitPointTimeId":65836,"splitPointId":2058,"entryId":19340,"elapsedDurationMs":181300,"elapsedDuration":"PT3M1.3S","splitDateTime":"2019-03-29T07:34:01.3","splitDateTimeLocal":"2019-03-29T08:34:01.3+01:00"},{"startDateTime":"2019-03-29T07:33:00","startDateTimeLocal":"2019-03-29T08:33:00+01:00","stageTimeDurationMs":623500,"stageTimeDuration":"00:10:23.5000000","splitPointTimeId":65838,"splitPointId":2058,"entryId":19339,"elapsedDurationMs":181200,"elapsedDuration":"PT3M1.2S","splitDateTime":"2019-03-29T07:36:01.2","splitDateTimeLocal":"2019-03-29T08:36:01.2+01:00"},{"startDateTime":"2019-03-29T07:35:00","startDateTimeLocal":"2019-03-29T08:35:00+01:00","stageTimeDurationMs":671700,"stageTimeDuration":"00:11:11.7000000","splitPointTimeId":65841,"splitPointId":2058,"entryId":19341,"elapsedDurationMs":179900,"elapsedDuration":"PT2M59.9S","splitDateTime":"2019-03-29T07:37:59.9","splitDateTimeLocal":"2019-03-29T08:37:59.9+01:00"},{"startDateTime":"2019-03-29T07:37:00","startDateTimeLocal":"2019-03-29T08:37:00+01:00","stageTimeDurationMs":620600,"stageTimeDuration":"00:10:20.6000000","splitPointTimeId":65844,"splitPointId":2058,"entryId":19344,"elapsedDurationMs":179800,"elapsedDuration":"PT2M59.8S","splitDateTime":"2019-03-29T07:39:59.8","splitDateTimeLocal":"2019-03-29T08:39:59.8+01:00"},{"startDateTime":"2019-03-29T07:39:00","startDateTimeLocal":"2019-03-29T08:39:00+01:00","stageTimeDurationMs":626400,"stageTimeDuration":"00:10:26.4000000","splitPointTimeId":65846,"splitPointId":2058,"entryId":19342,"elapsedDurationMs":180800,"elapsedDuration":"PT3M0.8S","splitDateTime":"2019-03-29T07:42:00.8","splitDateTimeLocal":"2019-03-29T08:42:00.8+01:00"},{"startDateTime":"2019-03-29T07:41:00","startDateTimeLocal":"2019-03-29T08:41:00+01:00","stageTimeDurationMs":740000,"stageTimeDuration":"00:12:20","splitPointTimeId":65849,"splitPointId":2058,"entryId":19343,"elapsedDurationMs":181500,"elapsedDuration":"PT3M1.5S","splitDateTime":"2019-03-29T07:44:01.5","splitDateTimeLocal":"2019-03-29T08:44:01.5+01:00"},{"startDateTime":"2019-03-29T07:43:00","startDateTimeLocal":"2019-03-29T08:43:00+01:00","stageTimeDurationMs":626200,"stageTimeDuration":"00:10:26.2000000","splitPointTimeId":65853,"splitPointId":2058,"entryId":19345,"elapsedDurationMs":179700,"elapsedDuration":"PT2M59.7S","splitDateTime":"2019-03-29T07:45:59.7","splitDateTimeLocal":"2019-03-29T08:45:59.7+01:00"},{"startDateTime":"2019-03-29T07:45:00","startDateTimeLocal":"2019-03-29T08:45:00+01:00","stageTimeDurationMs":623700,"stageTimeDuration":"00:10:23.7000000","splitPointTimeId":65855,"splitPointId":2058,"entryId":19347,"elapsedDurationMs":180900,"elapsedDuration":"PT3M0.9S","splitDateTime":"2019-03-29T07:48:00.9","splitDateTimeLocal":"2019-03-29T08:48:00.9+01:00"},{"startDateTime":"2019-03-29T07:49:00","startDateTimeLocal":"2019-03-29T08:49:00+01:00","stageTimeDurationMs":771100,"stageTimeDuration":"00:12:51.1000000","splitPointTimeId":65861,"splitPointId":2058,"entryId":19349,"elapsedDurationMs":196200,"elapsedDuration":"PT3M16.2S","splitDateTime":"2019-03-29T07:52:16.2","splitDateTimeLocal":"2019-03-29T08:52:16.2+01:00"},{"startDateTime":"2019-03-29T07:50:00","startDateTimeLocal":"2019-03-29T08:50:00+01:00","stageTimeDurationMs":658000,"stageTimeDuration":"00:10:58","splitPointTimeId":65862,"splitPointId":2058,"entryId":19348,"elapsedDurationMs":191100,"elapsedDuration":"PT3M11.1S","splitDateTime":"2019-03-29T07:53:11.1","splitDateTimeLocal":"2019-03-29T08:53:11.1+01:00"},{"startDateTime":"2019-03-29T07:52:00","startDateTimeLocal":"2019-03-29T08:52:00+01:00","stageTimeDurationMs":652300,"stageTimeDuration":"00:10:52.3000000","splitPointTimeId":65864,"splitPointId":2058,"entryId":19350,"elapsedDurationMs":190200,"elapsedDuration":"PT3M10.2S","splitDateTime":"2019-03-29T07:55:10.2","splitDateTimeLocal":"2019-03-29T08:55:10.2+01:00"},{"startDateTime":"2019-03-29T07:53:00","startDateTimeLocal":"2019-03-29T08:53:00+01:00","stageTimeDurationMs":648200,"stageTimeDuration":"00:10:48.2000000","splitPointTimeId":65866,"splitPointId":2058,"entryId":19351,"elapsedDurationMs":188200,"elapsedDuration":"PT3M8.2S","splitDateTime":"2019-03-29T07:56:08.2","splitDateTimeLocal":"2019-03-29T08:56:08.2+01:00"},{"startDateTime":"2019-03-29T07:54:00","startDateTimeLocal":"2019-03-29T08:54:00+01:00","stageTimeDurationMs":661600,"stageTimeDuration":"00:11:01.6000000","splitPointTimeId":65868,"splitPointId":2058,"entryId":19352,"elapsedDurationMs":192000,"elapsedDuration":"PT3M12S","splitDateTime":"2019-03-29T07:57:12","splitDateTimeLocal":"2019-03-29T08:57:12+01:00"},{"startDateTime":"2019-03-29T07:55:00","startDateTimeLocal":"2019-03-29T08:55:00+01:00","stageTimeDurationMs":662300,"stageTimeDuration":"00:11:02.3000000","splitPointTimeId":65869,"splitPointId":2058,"entryId":19353,"elapsedDurationMs":190600,"elapsedDuration":"PT3M10.6S","splitDateTime":"2019-03-29T07:58:10.6","splitDateTimeLocal":"2019-03-29T08:58:10.6+01:00"},{"startDateTime":"2019-03-29T07:56:00","startDateTimeLocal":"2019-03-29T08:56:00+01:00","stageTimeDurationMs":652800,"stageTimeDuration":"00:10:52.8000000","splitPointTimeId":65872,"splitPointId":2058,"entryId":19354,"elapsedDurationMs":188900,"elapsedDuration":"PT3M8.9S","splitDateTime":"2019-03-29T07:59:08.9","splitDateTimeLocal":"2019-03-29T08:59:08.9+01:00"},{"startDateTime":"2019-03-29T07:57:00","startDateTimeLocal":"2019-03-29T08:57:00+01:00","stageTimeDurationMs":654000,"stageTimeDuration":"00:10:54","splitPointTimeId":65875,"splitPointId":2058,"entryId":19355,"elapsedDurationMs":190000,"elapsedDuration":"PT3M10S","splitDateTime":"2019-03-29T08:00:10","splitDateTimeLocal":"2019-03-29T09:00:10+01:00"},{"startDateTime":"2019-03-29T07:58:00","startDateTimeLocal":"2019-03-29T08:58:00+01:00","stageTimeDurationMs":717400,"stageTimeDuration":"00:11:57.4000000","splitPointTimeId":65877,"splitPointId":2058,"entryId":19356,"elapsedDurationMs":195300,"elapsedDuration":"PT3M15.3S","splitDateTime":"2019-03-29T08:01:15.3","splitDateTimeLocal":"2019-03-29T09:01:15.3+01:00"},{"startDateTime":"2019-03-29T07:59:00","startDateTimeLocal":"2019-03-29T08:59:00+01:00","stageTimeDurationMs":764400,"stageTimeDuration":"00:12:44.4000000","splitPointTimeId":65882,"splitPointId":2058,"entryId":19357,"elapsedDurationMs":201500,"elapsedDuration":"PT3M21.5S","splitDateTime":"2019-03-29T08:02:21.5","splitDateTimeLocal":"2019-03-29T09:02:21.5+01:00"},{"startDateTime":"2019-03-29T08:02:00","startDateTimeLocal":"2019-03-29T09:02:00+01:00","stageTimeDurationMs":665200,"stageTimeDuration":"00:11:05.2000000","splitPointTimeId":65888,"splitPointId":2058,"entryId":19358,"elapsedDurationMs":193200,"elapsedDuration":"PT3M13.2S","splitDateTime":"2019-03-29T08:05:13.2","splitDateTimeLocal":"2019-03-29T09:05:13.2+01:00"},{"startDateTime":"2019-03-29T08:03:00","startDateTimeLocal":"2019-03-29T09:03:00+01:00","stageTimeDurationMs":647500,"stageTimeDuration":"00:10:47.5000000","splitPointTimeId":65889,"splitPointId":2058,"entryId":19359,"elapsedDurationMs":189100,"elapsedDuration":"PT3M9.1S","splitDateTime":"2019-03-29T08:06:09.1","splitDateTimeLocal":"2019-03-29T09:06:09.1+01:00"},{"startDateTime":"2019-03-29T08:04:00","startDateTimeLocal":"2019-03-29T09:04:00+01:00","stageTimeDurationMs":655100,"stageTimeDuration":"00:10:55.1000000","splitPointTimeId":65892,"splitPointId":2058,"entryId":19360,"elapsedDurationMs":190800,"elapsedDuration":"PT3M10.8S","splitDateTime":"2019-03-29T08:07:10.8","splitDateTimeLocal":"2019-03-29T09:07:10.8+01:00"},{"startDateTime":"2019-03-29T08:05:00","startDateTimeLocal":"2019-03-29T09:05:00+01:00","stageTimeDurationMs":652400,"stageTimeDuration":"00:10:52.4000000","splitPointTimeId":65894,"splitPointId":2058,"entryId":19361,"elapsedDurationMs":186600,"elapsedDuration":"PT3M6.6S","splitDateTime":"2019-03-29T08:08:06.6","splitDateTimeLocal":"2019-03-29T09:08:06.6+01:00"},{"startDateTime":"2019-03-29T08:06:00","startDateTimeLocal":"2019-03-29T09:06:00+01:00","stageTimeDurationMs":664100,"stageTimeDuration":"00:11:04.1000000","splitPointTimeId":65897,"splitPointId":2058,"entryId":19362,"elapsedDurationMs":191900,"elapsedDuration":"PT3M11.9S","splitDateTime":"2019-03-29T08:09:11.9","splitDateTimeLocal":"2019-03-29T09:09:11.9+01:00"},{"startDateTime":"2019-03-29T08:07:00","startDateTimeLocal":"2019-03-29T09:07:00+01:00","stageTimeDurationMs":675800,"stageTimeDuration":"00:11:15.8000000","splitPointTimeId":65898,"splitPointId":2058,"entryId":19363,"elapsedDurationMs":192800,"elapsedDuration":"PT3M12.8S","splitDateTime":"2019-03-29T08:10:12.8","splitDateTimeLocal":"2019-03-29T09:10:12.8+01:00"},{"startDateTime":"2019-03-29T08:08:00","startDateTimeLocal":"2019-03-29T09:08:00+01:00","stageTimeDurationMs":661100,"stageTimeDuration":"00:11:01.1000000","splitPointTimeId":65901,"splitPointId":2058,"entryId":19364,"elapsedDurationMs":191300,"elapsedDuration":"PT3M11.3S","splitDateTime":"2019-03-29T08:11:11.3","splitDateTimeLocal":"2019-03-29T09:11:11.3+01:00"},{"startDateTime":"2019-03-29T08:09:00","startDateTimeLocal":"2019-03-29T09:09:00+01:00","stageTimeDurationMs":676900,"stageTimeDuration":"00:11:16.9000000","splitPointTimeId":65906,"splitPointId":2058,"entryId":19365,"elapsedDurationMs":196200,"elapsedDuration":"PT3M16.2S","splitDateTime":"2019-03-29T08:12:16.2","splitDateTimeLocal":"2019-03-29T09:12:16.2+01:00"},{"startDateTime":"2019-03-29T08:12:00","startDateTimeLocal":"2019-03-29T09:12:00+01:00","stageTimeDurationMs":712500,"stageTimeDuration":"00:11:52.5000000","splitPointTimeId":65911,"splitPointId":2058,"entryId":19370,"elapsedDurationMs":206200,"elapsedDuration":"PT3M26.2S","splitDateTime":"2019-03-29T08:15:26.2","splitDateTimeLocal":"2019-03-29T09:15:26.2+01:00"},{"startDateTime":"2019-03-29T08:13:00","startDateTimeLocal":"2019-03-29T09:13:00+01:00","stageTimeDurationMs":787900,"stageTimeDuration":"00:13:07.9000000","splitPointTimeId":65915,"splitPointId":2058,"entryId":19371,"elapsedDurationMs":215200,"elapsedDuration":"PT3M35.2S","splitDateTime":"2019-03-29T08:16:35.2","splitDateTimeLocal":"2019-03-29T09:16:35.2+01:00"},{"startDateTime":"2019-03-29T08:14:00","startDateTimeLocal":"2019-03-29T09:14:00+01:00","stageTimeDurationMs":703600,"stageTimeDuration":"00:11:43.6000000","splitPointTimeId":65916,"splitPointId":2058,"entryId":19372,"elapsedDurationMs":204000,"elapsedDuration":"PT3M24S","splitDateTime":"2019-03-29T08:17:24","splitDateTimeLocal":"2019-03-29T09:17:24+01:00"},{"startDateTime":"2019-03-29T08:15:00","startDateTimeLocal":"2019-03-29T09:15:00+01:00","stageTimeDurationMs":712500,"stageTimeDuration":"00:11:52.5000000","splitPointTimeId":65917,"splitPointId":2058,"entryId":19373,"elapsedDurationMs":207300,"elapsedDuration":"PT3M27.3S","splitDateTime":"2019-03-29T08:18:27.3","splitDateTimeLocal":"2019-03-29T09:18:27.3+01:00"},{"startDateTime":"2019-03-29T08:16:00","startDateTimeLocal":"2019-03-29T09:16:00+01:00","stageTimeDurationMs":724700,"stageTimeDuration":"00:12:04.7000000","splitPointTimeId":65920,"splitPointId":2058,"entryId":19374,"elapsedDurationMs":210400,"elapsedDuration":"PT3M30.4S","splitDateTime":"2019-03-29T08:19:30.4","splitDateTimeLocal":"2019-03-29T09:19:30.4+01:00"},{"startDateTime":"2019-03-29T08:17:00","startDateTimeLocal":"2019-03-29T09:17:00+01:00","stageTimeDurationMs":729700,"stageTimeDuration":"00:12:09.7000000","splitPointTimeId":65923,"splitPointId":2058,"entryId":19375,"elapsedDurationMs":214300,"elapsedDuration":"PT3M34.3S","splitDateTime":"2019-03-29T08:20:34.3","splitDateTimeLocal":"2019-03-29T09:20:34.3+01:00"},{"startDateTime":"2019-03-29T08:18:00","startDateTimeLocal":"2019-03-29T09:18:00+01:00","stageTimeDurationMs":725600,"stageTimeDuration":"00:12:05.6000000","splitPointTimeId":65924,"splitPointId":2058,"entryId":19376,"elapsedDurationMs":212700,"elapsedDuration":"PT3M32.7S","splitDateTime":"2019-03-29T08:21:32.7","splitDateTimeLocal":"2019-03-29T09:21:32.7+01:00"},{"startDateTime":"2019-03-29T08:19:00","startDateTimeLocal":"2019-03-29T09:19:00+01:00","stageTimeDurationMs":743500,"stageTimeDuration":"00:12:23.5000000","splitPointTimeId":65927,"splitPointId":2058,"entryId":19377,"elapsedDurationMs":217700,"elapsedDuration":"PT3M37.7S","splitDateTime":"2019-03-29T08:22:37.7","splitDateTimeLocal":"2019-03-29T09:22:37.7+01:00"},{"startDateTime":"2019-03-29T08:20:00","startDateTimeLocal":"2019-03-29T09:20:00+01:00","stageTimeDurationMs":731600,"stageTimeDuration":"00:12:11.6000000","splitPointTimeId":65929,"splitPointId":2058,"entryId":19378,"elapsedDurationMs":215700,"elapsedDuration":"PT3M35.7S","splitDateTime":"2019-03-29T08:23:35.7","splitDateTimeLocal":"2019-03-29T09:23:35.7+01:00"},{"startDateTime":"2019-03-29T08:21:00","startDateTimeLocal":"2019-03-29T09:21:00+01:00","stageTimeDurationMs":739800,"stageTimeDuration":"00:12:19.8000000","splitPointTimeId":65934,"splitPointId":2058,"entryId":19379,"elapsedDurationMs":216200,"elapsedDuration":"PT3M36.2S","splitDateTime":"2019-03-29T08:24:36.2","splitDateTimeLocal":"2019-03-29T09:24:36.2+01:00"},{"startDateTime":"2019-03-29T08:23:00","startDateTimeLocal":"2019-03-29T09:23:00+01:00","stageTimeDurationMs":709800,"stageTimeDuration":"00:11:49.8000000","splitPointTimeId":65938,"splitPointId":2058,"entryId":19380,"elapsedDurationMs":205600,"elapsedDuration":"PT3M25.6S","splitDateTime":"2019-03-29T08:26:25.6","splitDateTimeLocal":"2019-03-29T09:26:25.6+01:00"},{"startDateTime":"2019-03-29T08:24:00","startDateTimeLocal":"2019-03-29T09:24:00+01:00","stageTimeDurationMs":744800,"stageTimeDuration":"00:12:24.8000000","splitPointTimeId":65943,"splitPointId":2058,"entryId":19381,"elapsedDurationMs":218900,"elapsedDuration":"PT3M38.9S","splitDateTime":"2019-03-29T08:27:38.9","splitDateTimeLocal":"2019-03-29T09:27:38.9+01:00"},{"startDateTime":"2019-03-29T08:25:00","startDateTimeLocal":"2019-03-29T09:25:00+01:00","stageTimeDurationMs":727300,"stageTimeDuration":"00:12:07.3000000","splitPointTimeId":65945,"splitPointId":2058,"entryId":19382,"elapsedDurationMs":209500,"elapsedDuration":"PT3M29.5S","splitDateTime":"2019-03-29T08:28:29.5","splitDateTimeLocal":"2019-03-29T09:28:29.5+01:00"},{"startDateTime":"2019-03-29T08:28:00","startDateTimeLocal":"2019-03-29T09:28:00+01:00","stageTimeDurationMs":737900,"stageTimeDuration":"00:12:17.9000000","splitPointTimeId":65954,"splitPointId":2058,"entryId":19366,"elapsedDurationMs":217000,"elapsedDuration":"PT3M37S","splitDateTime":"2019-03-29T08:31:37","splitDateTimeLocal":"2019-03-29T09:31:37+01:00"},{"startDateTime":"2019-03-29T08:29:00","startDateTimeLocal":"2019-03-29T09:29:00+01:00","stageTimeDurationMs":770900,"stageTimeDuration":"00:12:50.9000000","splitPointTimeId":65956,"splitPointId":2058,"entryId":19368,"elapsedDurationMs":229300,"elapsedDuration":"PT3M49.3S","splitDateTime":"2019-03-29T08:32:49.3","splitDateTimeLocal":"2019-03-29T09:32:49.3+01:00"},{"startDateTime":"2019-03-29T08:30:00","startDateTimeLocal":"2019-03-29T09:30:00+01:00","stageTimeDurationMs":756500,"stageTimeDuration":"00:12:36.5000000","splitPointTimeId":65959,"splitPointId":2058,"entryId":19369,"elapsedDurationMs":230800,"elapsedDuration":"PT3M50.8S","splitDateTime":"2019-03-29T08:33:50.8","splitDateTimeLocal":"2019-03-29T09:33:50.8+01:00"},{"startDateTime":"2019-03-29T08:33:00","startDateTimeLocal":"2019-03-29T09:33:00+01:00","stageTimeDurationMs":706100,"stageTimeDuration":"00:11:46.1000000","splitPointTimeId":65963,"splitPointId":2058,"entryId":19383,"elapsedDurationMs":210100,"elapsedDuration":"PT3M30.1S","splitDateTime":"2019-03-29T08:36:30.1","splitDateTimeLocal":"2019-03-29T09:36:30.1+01:00"},{"startDateTime":"2019-03-29T08:34:00","startDateTimeLocal":"2019-03-29T09:34:00+01:00","stageTimeDurationMs":721200,"stageTimeDuration":"00:12:01.2000000","splitPointTimeId":65970,"splitPointId":2058,"entryId":19384,"elapsedDurationMs":211600,"elapsedDuration":"PT3M31.6S","splitDateTime":"2019-03-29T08:37:31.6","splitDateTimeLocal":"2019-03-29T09:37:31.6+01:00"},{"startDateTime":"2019-03-29T08:35:00","startDateTimeLocal":"2019-03-29T09:35:00+01:00","stageTimeDurationMs":742900,"stageTimeDuration":"00:12:22.9000000","splitPointTimeId":65975,"splitPointId":2058,"entryId":19385,"elapsedDurationMs":207500,"elapsedDuration":"PT3M27.5S","splitDateTime":"2019-03-29T08:38:27.5","splitDateTimeLocal":"2019-03-29T09:38:27.5+01:00"},{"startDateTime":"2019-03-29T08:36:00","startDateTimeLocal":"2019-03-29T09:36:00+01:00","stageTimeDurationMs":666800,"stageTimeDuration":"00:11:06.8000000","splitPointTimeId":65977,"splitPointId":2058,"entryId":19387,"elapsedDurationMs":194800,"elapsedDuration":"PT3M14.8S","splitDateTime":"2019-03-29T08:39:14.8","splitDateTimeLocal":"2019-03-29T09:39:14.8+01:00"},{"startDateTime":"2019-03-29T08:37:00","startDateTimeLocal":"2019-03-29T09:37:00+01:00","stageTimeDurationMs":708500,"stageTimeDuration":"00:11:48.5000000","splitPointTimeId":65983,"splitPointId":2058,"entryId":19388,"elapsedDurationMs":210400,"elapsedDuration":"PT3M30.4S","splitDateTime":"2019-03-29T08:40:30.4","splitDateTimeLocal":"2019-03-29T09:40:30.4+01:00"},{"startDateTime":"2019-03-29T08:38:00","startDateTimeLocal":"2019-03-29T09:38:00+01:00","stageTimeDurationMs":682100,"stageTimeDuration":"00:11:22.1000000","splitPointTimeId":65985,"splitPointId":2058,"entryId":19389,"elapsedDurationMs":199400,"elapsedDuration":"PT3M19.4S","splitDateTime":"2019-03-29T08:41:19.4","splitDateTimeLocal":"2019-03-29T09:41:19.4+01:00"},{"startDateTime":"2019-03-29T08:39:00","startDateTimeLocal":"2019-03-29T09:39:00+01:00","stageTimeDurationMs":814200,"stageTimeDuration":"00:13:34.2000000","splitPointTimeId":65993,"splitPointId":2058,"entryId":19391,"elapsedDurationMs":246500,"elapsedDuration":"PT4M6.5S","splitDateTime":"2019-03-29T08:43:06.5","splitDateTimeLocal":"2019-03-29T09:43:06.5+01:00"},{"startDateTime":"2019-03-29T08:40:00","startDateTimeLocal":"2019-03-29T09:40:00+01:00","stageTimeDurationMs":746700,"stageTimeDuration":"00:12:26.7000000","splitPointTimeId":65998,"splitPointId":2058,"entryId":19392,"elapsedDurationMs":217400,"elapsedDuration":"PT3M37.4S","splitDateTime":"2019-03-29T08:43:37.4","splitDateTimeLocal":"2019-03-29T09:43:37.4+01:00"},{"startDateTime":"2019-03-29T08:41:00","startDateTimeLocal":"2019-03-29T09:41:00+01:00","stageTimeDurationMs":718500,"stageTimeDuration":"00:11:58.5000000","splitPointTimeId":65999,"splitPointId":2058,"entryId":19393,"elapsedDurationMs":210700,"elapsedDuration":"PT3M30.7S","splitDateTime":"2019-03-29T08:44:30.7","splitDateTimeLocal":"2019-03-29T09:44:30.7+01:00"},{"startDateTime":"2019-03-29T08:42:00","startDateTimeLocal":"2019-03-29T09:42:00+01:00","stageTimeDurationMs":704200,"stageTimeDuration":"00:11:44.2000000","splitPointTimeId":66003,"splitPointId":2058,"entryId":19394,"elapsedDurationMs":205900,"elapsedDuration":"PT3M25.9S","splitDateTime":"2019-03-29T08:45:25.9","splitDateTimeLocal":"2019-03-29T09:45:25.9+01:00"},{"startDateTime":"2019-03-29T08:44:00","startDateTimeLocal":"2019-03-29T09:44:00+01:00","stageTimeDurationMs":722900,"stageTimeDuration":"00:12:02.9000000","splitPointTimeId":66009,"splitPointId":2058,"entryId":19396,"elapsedDurationMs":211100,"elapsedDuration":"PT3M31.1S","splitDateTime":"2019-03-29T08:47:31.1","splitDateTimeLocal":"2019-03-29T09:47:31.1+01:00"},{"startDateTime":"2019-03-29T08:45:00","startDateTimeLocal":"2019-03-29T09:45:00+01:00","stageTimeDurationMs":774000,"stageTimeDuration":"00:12:54","splitPointTimeId":66014,"splitPointId":2058,"entryId":19397,"elapsedDurationMs":230500,"elapsedDuration":"PT3M50.5S","splitDateTime":"2019-03-29T08:48:50.5","splitDateTimeLocal":"2019-03-29T09:48:50.5+01:00"},{"startDateTime":"2019-03-29T08:46:00","startDateTimeLocal":"2019-03-29T09:46:00+01:00","stageTimeDurationMs":729600,"stageTimeDuration":"00:12:09.6000000","splitPointTimeId":66015,"splitPointId":2058,"entryId":19398,"elapsedDurationMs":215500,"elapsedDuration":"PT3M35.5S","splitDateTime":"2019-03-29T08:49:35.5","splitDateTimeLocal":"2019-03-29T09:49:35.5+01:00"},{"startDateTime":"2019-03-29T08:48:00","startDateTimeLocal":"2019-03-29T09:48:00+01:00","stageTimeDurationMs":769500,"stageTimeDuration":"00:12:49.5000000","splitPointTimeId":66029,"splitPointId":2058,"entryId":19401,"elapsedDurationMs":231700,"elapsedDuration":"PT3M51.7S","splitDateTime":"2019-03-29T08:51:51.7","splitDateTimeLocal":"2019-03-29T09:51:51.7+01:00"},{"startDateTime":"2019-03-29T08:43:00","startDateTimeLocal":"2019-03-29T09:43:00+01:00","stageTimeDurationMs":737600,"stageTimeDuration":"00:12:17.6000000","splitPointTimeId":66039,"splitPointId":2058,"entryId":19395,"elapsedDurationMs":214700,"elapsedDuration":"PT3M34.7S","splitDateTime":"2019-03-29T08:46:34.7","splitDateTimeLocal":"2019-03-29T09:46:34.7+01:00"},{"startDateTime":"2019-03-29T08:49:00","startDateTimeLocal":"2019-03-29T09:49:00+01:00","stageTimeDurationMs":864800,"stageTimeDuration":"00:14:24.8000000","splitPointTimeId":66040,"splitPointId":2058,"entryId":19402,"elapsedDurationMs":253800,"elapsedDuration":"PT4M13.8S","splitDateTime":"2019-03-29T08:53:13.8","splitDateTimeLocal":"2019-03-29T09:53:13.8+01:00"},{"startDateTime":"2019-03-29T08:51:00","startDateTimeLocal":"2019-03-29T09:51:00+01:00","stageTimeDurationMs":835200,"stageTimeDuration":"00:13:55.2000000","splitPointTimeId":66047,"splitPointId":2058,"entryId":19400,"elapsedDurationMs":254200,"elapsedDuration":"PT4M14.2S","splitDateTime":"2019-03-29T08:55:14.2","splitDateTimeLocal":"2019-03-29T09:55:14.2+01:00"},{"startDateTime":"2019-03-29T08:52:00","startDateTimeLocal":"2019-03-29T09:52:00+01:00","stageTimeDurationMs":764300,"stageTimeDuration":"00:12:44.3000000","splitPointTimeId":66050,"splitPointId":2058,"entryId":19404,"elapsedDurationMs":221800,"elapsedDuration":"PT3M41.8S","splitDateTime":"2019-03-29T08:55:41.8","splitDateTimeLocal":"2019-03-29T09:55:41.8+01:00"},{"startDateTime":"2019-03-29T08:54:00","startDateTimeLocal":"2019-03-29T09:54:00+01:00","stageTimeDurationMs":737000,"stageTimeDuration":"00:12:17","splitPointTimeId":66060,"splitPointId":2058,"entryId":19405,"elapsedDurationMs":212500,"elapsedDuration":"PT3M32.5S","splitDateTime":"2019-03-29T08:57:32.5","splitDateTimeLocal":"2019-03-29T09:57:32.5+01:00"},{"startDateTime":"2019-03-29T08:55:00","startDateTimeLocal":"2019-03-29T09:55:00+01:00","stageTimeDurationMs":772500,"stageTimeDuration":"00:12:52.5000000","splitPointTimeId":66065,"splitPointId":2058,"entryId":19406,"elapsedDurationMs":232300,"elapsedDuration":"PT3M52.3S","splitDateTime":"2019-03-29T08:58:52.3","splitDateTimeLocal":"2019-03-29T09:58:52.3+01:00"},{"startDateTime":"2019-03-29T08:56:00","startDateTimeLocal":"2019-03-29T09:56:00+01:00","stageTimeDurationMs":803900,"stageTimeDuration":"00:13:23.9000000","splitPointTimeId":66069,"splitPointId":2058,"entryId":19407,"elapsedDurationMs":233500,"elapsedDuration":"PT3M53.5S","splitDateTime":"2019-03-29T08:59:53.5","splitDateTimeLocal":"2019-03-29T09:59:53.5+01:00"},{"startDateTime":"2019-03-29T08:57:00","startDateTimeLocal":"2019-03-29T09:57:00+01:00","stageTimeDurationMs":725200,"stageTimeDuration":"00:12:05.2000000","splitPointTimeId":66073,"splitPointId":2058,"entryId":19408,"elapsedDurationMs":211000,"elapsedDuration":"PT3M31S","splitDateTime":"2019-03-29T09:00:31","splitDateTimeLocal":"2019-03-29T10:00:31+01:00"},{"startDateTime":"2019-03-29T08:47:00","startDateTimeLocal":"2019-03-29T09:47:00+01:00","stageTimeDurationMs":776200,"stageTimeDuration":"00:12:56.2000000","splitPointTimeId":66074,"splitPointId":2058,"entryId":19399,"elapsedDurationMs":242900,"elapsedDuration":"PT4M2.9S","splitDateTime":"2019-03-29T08:51:02.9","splitDateTimeLocal":"2019-03-29T09:51:02.9+01:00"},{"startDateTime":"2019-03-29T08:58:00","startDateTimeLocal":"2019-03-29T09:58:00+01:00","stageTimeDurationMs":719300,"stageTimeDuration":"00:11:59.3000000","splitPointTimeId":66080,"splitPointId":2058,"entryId":19409,"elapsedDurationMs":210400,"elapsedDuration":"PT3M30.4S","splitDateTime":"2019-03-29T09:01:30.4","splitDateTimeLocal":"2019-03-29T10:01:30.4+01:00"},{"startDateTime":"2019-03-29T08:59:00","startDateTimeLocal":"2019-03-29T09:59:00+01:00","stageTimeDurationMs":742800,"stageTimeDuration":"00:12:22.8000000","splitPointTimeId":66085,"splitPointId":2058,"entryId":19410,"elapsedDurationMs":219500,"elapsedDuration":"PT3M39.5S","splitDateTime":"2019-03-29T09:02:39.5","splitDateTimeLocal":"2019-03-29T10:02:39.5+01:00"},{"startDateTime":"2019-03-29T09:00:00","startDateTimeLocal":"2019-03-29T10:00:00+01:00","stageTimeDurationMs":758700,"stageTimeDuration":"00:12:38.7000000","splitPointTimeId":66092,"splitPointId":2058,"entryId":19411,"elapsedDurationMs":220700,"elapsedDuration":"PT3M40.7S","splitDateTime":"2019-03-29T09:03:40.7","splitDateTimeLocal":"2019-03-29T10:03:40.7+01:00"},{"startDateTime":"2019-03-29T09:02:00","startDateTimeLocal":"2019-03-29T10:02:00+01:00","stageTimeDurationMs":744800,"stageTimeDuration":"00:12:24.8000000","splitPointTimeId":66101,"splitPointId":2058,"entryId":19413,"elapsedDurationMs":218800,"elapsedDuration":"PT3M38.8S","splitDateTime":"2019-03-29T09:05:38.8","splitDateTimeLocal":"2019-03-29T10:05:38.8+01:00"},{"startDateTime":"2019-03-29T09:01:00","startDateTimeLocal":"2019-03-29T10:01:00+01:00","stageTimeDurationMs":778000,"stageTimeDuration":"00:12:58","splitPointTimeId":66115,"splitPointId":2058,"entryId":19412,"elapsedDurationMs":224900,"elapsedDuration":"PT3M44.9S","splitDateTime":"2019-03-29T09:04:44.9","splitDateTimeLocal":"2019-03-29T10:04:44.9+01:00"},{"startDateTime":"2019-03-29T09:03:00","startDateTimeLocal":"2019-03-29T10:03:00+01:00","stageTimeDurationMs":768900,"stageTimeDuration":"00:12:48.9000000","splitPointTimeId":66117,"splitPointId":2058,"entryId":19414,"elapsedDurationMs":225700,"elapsedDuration":"PT3M45.7S","splitDateTime":"2019-03-29T09:06:45.7","splitDateTimeLocal":"2019-03-29T10:06:45.7+01:00"},{"startDateTime":"2019-03-29T09:04:00","startDateTimeLocal":"2019-03-29T10:04:00+01:00","stageTimeDurationMs":1139300,"stageTimeDuration":"00:18:59.3000000","splitPointTimeId":66124,"splitPointId":2058,"entryId":19415,"elapsedDurationMs":242200,"elapsedDuration":"PT4M2.2S","splitDateTime":"2019-03-29T09:08:02.2","splitDateTimeLocal":"2019-03-29T10:08:02.2+01:00"},{"startDateTime":"2019-03-29T09:05:00","startDateTimeLocal":"2019-03-29T10:05:00+01:00","stageTimeDurationMs":769200,"stageTimeDuration":"00:12:49.2000000","splitPointTimeId":66125,"splitPointId":2058,"entryId":19416,"elapsedDurationMs":227400,"elapsedDuration":"PT3M47.4S","splitDateTime":"2019-03-29T09:08:47.4","splitDateTimeLocal":"2019-03-29T10:08:47.4+01:00"},{"startDateTime":"2019-03-29T09:06:00","startDateTimeLocal":"2019-03-29T10:06:00+01:00","stageTimeDurationMs":742700,"stageTimeDuration":"00:12:22.7000000","splitPointTimeId":66129,"splitPointId":2058,"entryId":19417,"elapsedDurationMs":216200,"elapsedDuration":"PT3M36.2S","splitDateTime":"2019-03-29T09:09:36.2","splitDateTimeLocal":"2019-03-29T10:09:36.2+01:00"},{"startDateTime":"2019-03-29T09:08:00","startDateTimeLocal":"2019-03-29T10:08:00+01:00","stageTimeDurationMs":766100,"stageTimeDuration":"00:12:46.1000000","splitPointTimeId":66141,"splitPointId":2058,"entryId":19420,"elapsedDurationMs":223000,"elapsedDuration":"PT3M43S","splitDateTime":"2019-03-29T09:11:43","splitDateTimeLocal":"2019-03-29T10:11:43+01:00"},{"startDateTime":"2019-03-29T09:07:00","startDateTimeLocal":"2019-03-29T10:07:00+01:00","stageTimeDurationMs":836200,"stageTimeDuration":"00:13:56.2000000","splitPointTimeId":66144,"splitPointId":2058,"entryId":19418,"elapsedDurationMs":252500,"elapsedDuration":"PT4M12.5S","splitDateTime":"2019-03-29T09:11:12.5","splitDateTimeLocal":"2019-03-29T10:11:12.5+01:00"},{"startDateTime":"2019-03-29T09:09:00","startDateTimeLocal":"2019-03-29T10:09:00+01:00","stageTimeDurationMs":788800,"stageTimeDuration":"00:13:08.8000000","splitPointTimeId":66147,"splitPointId":2058,"entryId":19419,"elapsedDurationMs":234500,"elapsedDuration":"PT3M54.5S","splitDateTime":"2019-03-29T09:12:54.5","splitDateTimeLocal":"2019-03-29T10:12:54.5+01:00"},{"startDateTime":"2019-03-29T09:11:00","startDateTimeLocal":"2019-03-29T10:11:00+01:00","stageTimeDurationMs":794800,"stageTimeDuration":"00:13:14.8000000","splitPointTimeId":66160,"splitPointId":2058,"entryId":19422,"elapsedDurationMs":236800,"elapsedDuration":"PT3M56.8S","splitDateTime":"2019-03-29T09:14:56.8","splitDateTimeLocal":"2019-03-29T10:14:56.8+01:00"},{"startDateTime":"2019-03-29T09:10:00","startDateTimeLocal":"2019-03-29T10:10:00+01:00","stageTimeDurationMs":818800,"stageTimeDuration":"00:13:38.8000000","splitPointTimeId":66162,"splitPointId":2058,"entryId":19421,"elapsedDurationMs":242000,"elapsedDuration":"PT4M2S","splitDateTime":"2019-03-29T09:14:02","splitDateTimeLocal":"2019-03-29T10:14:02+01:00"},{"startDateTime":"2019-03-29T09:12:00","startDateTimeLocal":"2019-03-29T10:12:00+01:00","stageTimeDurationMs":763400,"stageTimeDuration":"00:12:43.4000000","splitPointTimeId":66169,"splitPointId":2058,"entryId":19423,"elapsedDurationMs":223800,"elapsedDuration":"PT3M43.8S","splitDateTime":"2019-03-29T09:15:43.8","splitDateTimeLocal":"2019-03-29T10:15:43.8+01:00"},{"startDateTime":"2019-03-29T09:13:00","startDateTimeLocal":"2019-03-29T10:13:00+01:00","stageTimeDurationMs":791100,"stageTimeDuration":"00:13:11.1000000","splitPointTimeId":66175,"splitPointId":2058,"entryId":19424,"elapsedDurationMs":235300,"elapsedDuration":"PT3M55.3S","splitDateTime":"2019-03-29T09:16:55.3","splitDateTimeLocal":"2019-03-29T10:16:55.3+01:00"},{"startDateTime":"2019-03-29T09:14:00","startDateTimeLocal":"2019-03-29T10:14:00+01:00","stageTimeDurationMs":774200,"stageTimeDuration":"00:12:54.2000000","splitPointTimeId":66179,"splitPointId":2058,"entryId":19425,"elapsedDurationMs":227000,"elapsedDuration":"PT3M47S","splitDateTime":"2019-03-29T09:17:47","splitDateTimeLocal":"2019-03-29T10:17:47+01:00"},{"startDateTime":"2019-03-29T09:15:00","startDateTimeLocal":"2019-03-29T10:15:00+01:00","stageTimeDurationMs":744200,"stageTimeDuration":"00:12:24.2000000","splitPointTimeId":66190,"splitPointId":2058,"entryId":19426,"elapsedDurationMs":219800,"elapsedDuration":"PT3M39.8S","splitDateTime":"2019-03-29T09:18:39.8","splitDateTimeLocal":"2019-03-29T10:18:39.8+01:00"},{"startDateTime":"2019-03-29T09:16:00","startDateTimeLocal":"2019-03-29T10:16:00+01:00","stageTimeDurationMs":814700,"stageTimeDuration":"00:13:34.7000000","splitPointTimeId":66191,"splitPointId":2058,"entryId":19427,"elapsedDurationMs":241400,"elapsedDuration":"PT4M1.4S","splitDateTime":"2019-03-29T09:20:01.4","splitDateTimeLocal":"2019-03-29T10:20:01.4+01:00"},{"startDateTime":"2019-03-29T09:17:00","startDateTimeLocal":"2019-03-29T10:17:00+01:00","stageTimeDurationMs":768000,"stageTimeDuration":"00:12:48","splitPointTimeId":66192,"splitPointId":2058,"entryId":19428,"elapsedDurationMs":227700,"elapsedDuration":"PT3M47.7S","splitDateTime":"2019-03-29T09:20:47.7","splitDateTimeLocal":"2019-03-29T10:20:47.7+01:00"},{"startDateTime":"2019-03-29T09:18:00","startDateTimeLocal":"2019-03-29T10:18:00+01:00","stageTimeDurationMs":790100,"stageTimeDuration":"00:13:10.1000000","splitPointTimeId":66201,"splitPointId":2058,"entryId":19429,"elapsedDurationMs":233800,"elapsedDuration":"PT3M53.8S","splitDateTime":"2019-03-29T09:21:53.8","splitDateTimeLocal":"2019-03-29T10:21:53.8+01:00"},{"startDateTime":"2019-03-29T09:19:00","startDateTimeLocal":"2019-03-29T10:19:00+01:00","stageTimeDurationMs":844000,"stageTimeDuration":"00:14:04","splitPointTimeId":66208,"splitPointId":2058,"entryId":19430,"elapsedDurationMs":248600,"elapsedDuration":"PT4M8.6S","splitDateTime":"2019-03-29T09:23:08.6","splitDateTimeLocal":"2019-03-29T10:23:08.6+01:00"},{"startDateTime":"2019-03-29T09:20:00","startDateTimeLocal":"2019-03-29T10:20:00+01:00","stageTimeDurationMs":860200,"stageTimeDuration":"00:14:20.2000000","splitPointTimeId":66215,"splitPointId":2058,"entryId":19431,"elapsedDurationMs":254600,"elapsedDuration":"PT4M14.6S","splitDateTime":"2019-03-29T09:24:14.6","splitDateTimeLocal":"2019-03-29T10:24:14.6+01:00"},{"startDateTime":"2019-03-29T09:21:00","startDateTimeLocal":"2019-03-29T10:21:00+01:00","stageTimeDurationMs":870500,"stageTimeDuration":"00:14:30.5000000","splitPointTimeId":66222,"splitPointId":2058,"entryId":19432,"elapsedDurationMs":258600,"elapsedDuration":"PT4M18.6S","splitDateTime":"2019-03-29T09:25:18.6","splitDateTimeLocal":"2019-03-29T10:25:18.6+01:00"},{"startDateTime":"2019-03-29T09:22:00","startDateTimeLocal":"2019-03-29T10:22:00+01:00","stageTimeDurationMs":845500,"stageTimeDuration":"00:14:05.5000000","splitPointTimeId":66228,"splitPointId":2058,"entryId":19433,"elapsedDurationMs":252300,"elapsedDuration":"PT4M12.3S","splitDateTime":"2019-03-29T09:26:12.3","splitDateTimeLocal":"2019-03-29T10:26:12.3+01:00"},{"startDateTime":"2019-03-29T07:29:00","startDateTimeLocal":"2019-03-29T08:29:00+01:00","stageTimeDurationMs":623800,"stageTimeDuration":"00:10:23.8000000","splitPointTimeId":65840,"splitPointId":2060,"entryId":19338,"elapsedDurationMs":531500,"elapsedDuration":"PT8M51.5S","splitDateTime":"2019-03-29T07:37:51.5","splitDateTimeLocal":"2019-03-29T08:37:51.5+01:00"},{"startDateTime":"2019-03-29T07:31:00","startDateTimeLocal":"2019-03-29T08:31:00+01:00","stageTimeDurationMs":633100,"stageTimeDuration":"00:10:33.1000000","splitPointTimeId":65843,"splitPointId":2060,"entryId":19340,"elapsedDurationMs":540000,"elapsedDuration":"PT9M","splitDateTime":"2019-03-29T07:40:00","splitDateTimeLocal":"2019-03-29T08:40:00+01:00"},{"startDateTime":"2019-03-29T07:33:00","startDateTimeLocal":"2019-03-29T08:33:00+01:00","stageTimeDurationMs":623500,"stageTimeDuration":"00:10:23.5000000","splitPointTimeId":65847,"splitPointId":2060,"entryId":19339,"elapsedDurationMs":531300,"elapsedDuration":"PT8M51.3S","splitDateTime":"2019-03-29T07:41:51.3","splitDateTimeLocal":"2019-03-29T08:41:51.3+01:00"},{"startDateTime":"2019-03-29T07:35:00","startDateTimeLocal":"2019-03-29T08:35:00+01:00","stageTimeDurationMs":671700,"stageTimeDuration":"00:11:11.7000000","splitPointTimeId":65850,"splitPointId":2060,"entryId":19341,"elapsedDurationMs":559600,"elapsedDuration":"PT9M19.6S","splitDateTime":"2019-03-29T07:44:19.6","splitDateTimeLocal":"2019-03-29T08:44:19.6+01:00"},{"startDateTime":"2019-03-29T07:37:00","startDateTimeLocal":"2019-03-29T08:37:00+01:00","stageTimeDurationMs":620600,"stageTimeDuration":"00:10:20.6000000","splitPointTimeId":65852,"splitPointId":2060,"entryId":19344,"elapsedDurationMs":528100,"elapsedDuration":"PT8M48.1S","splitDateTime":"2019-03-29T07:45:48.1","splitDateTimeLocal":"2019-03-29T08:45:48.1+01:00"},{"startDateTime":"2019-03-29T07:39:00","startDateTimeLocal":"2019-03-29T08:39:00+01:00","stageTimeDurationMs":626400,"stageTimeDuration":"00:10:26.4000000","splitPointTimeId":65854,"splitPointId":2060,"entryId":19342,"elapsedDurationMs":533300,"elapsedDuration":"PT8M53.3S","splitDateTime":"2019-03-29T07:47:53.3","splitDateTimeLocal":"2019-03-29T08:47:53.3+01:00"},{"startDateTime":"2019-03-29T07:41:00","startDateTimeLocal":"2019-03-29T08:41:00+01:00","stageTimeDurationMs":740000,"stageTimeDuration":"00:12:20","splitPointTimeId":65859,"splitPointId":2060,"entryId":19343,"elapsedDurationMs":630400,"elapsedDuration":"PT10M30.4S","splitDateTime":"2019-03-29T07:51:30.4","splitDateTimeLocal":"2019-03-29T08:51:30.4+01:00"},{"startDateTime":"2019-03-29T07:43:00","startDateTimeLocal":"2019-03-29T08:43:00+01:00","stageTimeDurationMs":626200,"stageTimeDuration":"00:10:26.2000000","splitPointTimeId":65860,"splitPointId":2060,"entryId":19345,"elapsedDurationMs":532800,"elapsedDuration":"PT8M52.8S","splitDateTime":"2019-03-29T07:51:52.8","splitDateTimeLocal":"2019-03-29T08:51:52.8+01:00"},{"startDateTime":"2019-03-29T07:45:00","startDateTimeLocal":"2019-03-29T08:45:00+01:00","stageTimeDurationMs":623700,"stageTimeDuration":"00:10:23.7000000","splitPointTimeId":65863,"splitPointId":2060,"entryId":19347,"elapsedDurationMs":531500,"elapsedDuration":"PT8M51.5S","splitDateTime":"2019-03-29T07:53:51.5","splitDateTimeLocal":"2019-03-29T08:53:51.5+01:00"},{"startDateTime":"2019-03-29T07:49:00","startDateTimeLocal":"2019-03-29T08:49:00+01:00","stageTimeDurationMs":771100,"stageTimeDuration":"00:12:51.1000000","splitPointTimeId":65871,"splitPointId":2060,"entryId":19349,"elapsedDurationMs":595800,"elapsedDuration":"PT9M55.8S","splitDateTime":"2019-03-29T07:58:55.8","splitDateTimeLocal":"2019-03-29T08:58:55.8+01:00"},{"startDateTime":"2019-03-29T07:50:00","startDateTimeLocal":"2019-03-29T08:50:00+01:00","stageTimeDurationMs":658000,"stageTimeDuration":"00:10:58","splitPointTimeId":65873,"splitPointId":2060,"entryId":19348,"elapsedDurationMs":561200,"elapsedDuration":"PT9M21.2S","splitDateTime":"2019-03-29T07:59:21.2","splitDateTimeLocal":"2019-03-29T08:59:21.2+01:00"},{"startDateTime":"2019-03-29T07:52:00","startDateTimeLocal":"2019-03-29T08:52:00+01:00","stageTimeDurationMs":652300,"stageTimeDuration":"00:10:52.3000000","splitPointTimeId":65878,"splitPointId":2060,"entryId":19350,"elapsedDurationMs":556900,"elapsedDuration":"PT9M16.9S","splitDateTime":"2019-03-29T08:01:16.9","splitDateTimeLocal":"2019-03-29T09:01:16.9+01:00"},{"startDateTime":"2019-03-29T07:53:00","startDateTimeLocal":"2019-03-29T08:53:00+01:00","stageTimeDurationMs":648200,"stageTimeDuration":"00:10:48.2000000","splitPointTimeId":65880,"splitPointId":2060,"entryId":19351,"elapsedDurationMs":553100,"elapsedDuration":"PT9M13.1S","splitDateTime":"2019-03-29T08:02:13.1","splitDateTimeLocal":"2019-03-29T09:02:13.1+01:00"},{"startDateTime":"2019-03-29T07:54:00","startDateTimeLocal":"2019-03-29T08:54:00+01:00","stageTimeDurationMs":661600,"stageTimeDuration":"00:11:01.6000000","splitPointTimeId":65884,"splitPointId":2060,"entryId":19352,"elapsedDurationMs":563900,"elapsedDuration":"PT9M23.9S","splitDateTime":"2019-03-29T08:03:23.9","splitDateTimeLocal":"2019-03-29T09:03:23.9+01:00"},{"startDateTime":"2019-03-29T07:55:00","startDateTimeLocal":"2019-03-29T08:55:00+01:00","stageTimeDurationMs":662300,"stageTimeDuration":"00:11:02.3000000","splitPointTimeId":65885,"splitPointId":2060,"entryId":19353,"elapsedDurationMs":563800,"elapsedDuration":"PT9M23.8S","splitDateTime":"2019-03-29T08:04:23.8","splitDateTimeLocal":"2019-03-29T09:04:23.8+01:00"},{"startDateTime":"2019-03-29T07:56:00","startDateTimeLocal":"2019-03-29T08:56:00+01:00","stageTimeDurationMs":652800,"stageTimeDuration":"00:10:52.8000000","splitPointTimeId":65887,"splitPointId":2060,"entryId":19354,"elapsedDurationMs":556700,"elapsedDuration":"PT9M16.7S","splitDateTime":"2019-03-29T08:05:16.7","splitDateTimeLocal":"2019-03-29T09:05:16.7+01:00"},{"startDateTime":"2019-03-29T07:57:00","startDateTimeLocal":"2019-03-29T08:57:00+01:00","stageTimeDurationMs":654000,"stageTimeDuration":"00:10:54","splitPointTimeId":65891,"splitPointId":2060,"entryId":19355,"elapsedDurationMs":558000,"elapsedDuration":"PT9M18S","splitDateTime":"2019-03-29T08:06:18","splitDateTimeLocal":"2019-03-29T09:06:18+01:00"},{"startDateTime":"2019-03-29T07:58:00","startDateTimeLocal":"2019-03-29T08:58:00+01:00","stageTimeDurationMs":717400,"stageTimeDuration":"00:11:57.4000000","splitPointTimeId":65893,"splitPointId":2060,"entryId":19356,"elapsedDurationMs":601000,"elapsedDuration":"PT10M1S","splitDateTime":"2019-03-29T08:08:01","splitDateTimeLocal":"2019-03-29T09:08:01+01:00"},{"startDateTime":"2019-03-29T07:59:00","startDateTimeLocal":"2019-03-29T08:59:00+01:00","stageTimeDurationMs":764400,"stageTimeDuration":"00:12:44.4000000","splitPointTimeId":65899,"splitPointId":2060,"entryId":19357,"elapsedDurationMs":631500,"elapsedDuration":"PT10M31.5S","splitDateTime":"2019-03-29T08:09:31.5","splitDateTimeLocal":"2019-03-29T09:09:31.5+01:00"},{"startDateTime":"2019-03-29T08:02:00","startDateTimeLocal":"2019-03-29T09:02:00+01:00","stageTimeDurationMs":665200,"stageTimeDuration":"00:11:05.2000000","splitPointTimeId":65903,"splitPointId":2060,"entryId":19358,"elapsedDurationMs":567000,"elapsedDuration":"PT9M27S","splitDateTime":"2019-03-29T08:11:27","splitDateTimeLocal":"2019-03-29T09:11:27+01:00"},{"startDateTime":"2019-03-29T08:03:00","startDateTimeLocal":"2019-03-29T09:03:00+01:00","stageTimeDurationMs":647500,"stageTimeDuration":"00:10:47.5000000","splitPointTimeId":65904,"splitPointId":2060,"entryId":19359,"elapsedDurationMs":552400,"elapsedDuration":"PT9M12.4S","splitDateTime":"2019-03-29T08:12:12.4","splitDateTimeLocal":"2019-03-29T09:12:12.4+01:00"},{"startDateTime":"2019-03-29T08:05:00","startDateTimeLocal":"2019-03-29T09:05:00+01:00","stageTimeDurationMs":652400,"stageTimeDuration":"00:10:52.4000000","splitPointTimeId":65908,"splitPointId":2060,"entryId":19361,"elapsedDurationMs":555300,"elapsedDuration":"PT9M15.3S","splitDateTime":"2019-03-29T08:14:15.3","splitDateTimeLocal":"2019-03-29T09:14:15.3+01:00"},{"startDateTime":"2019-03-29T08:04:00","startDateTimeLocal":"2019-03-29T09:04:00+01:00","stageTimeDurationMs":655100,"stageTimeDuration":"00:10:55.1000000","splitPointTimeId":65909,"splitPointId":2060,"entryId":19360,"elapsedDurationMs":558500,"elapsedDuration":"PT9M18.5S","splitDateTime":"2019-03-29T08:13:18.5","splitDateTimeLocal":"2019-03-29T09:13:18.5+01:00"},{"startDateTime":"2019-03-29T08:06:00","startDateTimeLocal":"2019-03-29T09:06:00+01:00","stageTimeDurationMs":664100,"stageTimeDuration":"00:11:04.1000000","splitPointTimeId":65912,"splitPointId":2060,"entryId":19362,"elapsedDurationMs":565500,"elapsedDuration":"PT9M25.5S","splitDateTime":"2019-03-29T08:15:25.5","splitDateTimeLocal":"2019-03-29T09:15:25.5+01:00"},{"startDateTime":"2019-03-29T08:07:00","startDateTimeLocal":"2019-03-29T09:07:00+01:00","stageTimeDurationMs":675800,"stageTimeDuration":"00:11:15.8000000","splitPointTimeId":65914,"splitPointId":2060,"entryId":19363,"elapsedDurationMs":575900,"elapsedDuration":"PT9M35.9S","splitDateTime":"2019-03-29T08:16:35.9","splitDateTimeLocal":"2019-03-29T09:16:35.9+01:00"},{"startDateTime":"2019-03-29T08:08:00","startDateTimeLocal":"2019-03-29T09:08:00+01:00","stageTimeDurationMs":661100,"stageTimeDuration":"00:11:01.1000000","splitPointTimeId":65918,"splitPointId":2060,"entryId":19364,"elapsedDurationMs":563900,"elapsedDuration":"PT9M23.9S","splitDateTime":"2019-03-29T08:17:23.9","splitDateTimeLocal":"2019-03-29T09:17:23.9+01:00"},{"startDateTime":"2019-03-29T08:09:00","startDateTimeLocal":"2019-03-29T09:09:00+01:00","stageTimeDurationMs":676900,"stageTimeDuration":"00:11:16.9000000","splitPointTimeId":65919,"splitPointId":2060,"entryId":19365,"elapsedDurationMs":577600,"elapsedDuration":"PT9M37.6S","splitDateTime":"2019-03-29T08:18:37.6","splitDateTimeLocal":"2019-03-29T09:18:37.6+01:00"},{"startDateTime":"2019-03-29T08:12:00","startDateTimeLocal":"2019-03-29T09:12:00+01:00","stageTimeDurationMs":712500,"stageTimeDuration":"00:11:52.5000000","splitPointTimeId":65926,"splitPointId":2060,"entryId":19370,"elapsedDurationMs":608300,"elapsedDuration":"PT10M8.3S","splitDateTime":"2019-03-29T08:22:08.3","splitDateTimeLocal":"2019-03-29T09:22:08.3+01:00"},{"startDateTime":"2019-03-29T08:14:00","startDateTimeLocal":"2019-03-29T09:14:00+01:00","stageTimeDurationMs":703600,"stageTimeDuration":"00:11:43.6000000","splitPointTimeId":65931,"splitPointId":2060,"entryId":19372,"elapsedDurationMs":599500,"elapsedDuration":"PT9M59.5S","splitDateTime":"2019-03-29T08:23:59.5","splitDateTimeLocal":"2019-03-29T09:23:59.5+01:00"},{"startDateTime":"2019-03-29T08:13:00","startDateTimeLocal":"2019-03-29T09:13:00+01:00","stageTimeDurationMs":787900,"stageTimeDuration":"00:13:07.9000000","splitPointTimeId":65932,"splitPointId":2060,"entryId":19371,"elapsedDurationMs":648500,"elapsedDuration":"PT10M48.5S","splitDateTime":"2019-03-29T08:23:48.5","splitDateTimeLocal":"2019-03-29T09:23:48.5+01:00"},{"startDateTime":"2019-03-29T08:15:00","startDateTimeLocal":"2019-03-29T09:15:00+01:00","stageTimeDurationMs":712500,"stageTimeDuration":"00:11:52.5000000","splitPointTimeId":65935,"splitPointId":2060,"entryId":19373,"elapsedDurationMs":608000,"elapsedDuration":"PT10M8S","splitDateTime":"2019-03-29T08:25:08","splitDateTimeLocal":"2019-03-29T09:25:08+01:00"},{"startDateTime":"2019-03-29T08:17:00","startDateTimeLocal":"2019-03-29T09:17:00+01:00","stageTimeDurationMs":729700,"stageTimeDuration":"00:12:09.7000000","splitPointTimeId":65940,"splitPointId":2060,"entryId":19375,"elapsedDurationMs":623100,"elapsedDuration":"PT10M23.1S","splitDateTime":"2019-03-29T08:27:23.1","splitDateTimeLocal":"2019-03-29T09:27:23.1+01:00"},{"startDateTime":"2019-03-29T08:16:00","startDateTimeLocal":"2019-03-29T09:16:00+01:00","stageTimeDurationMs":724700,"stageTimeDuration":"00:12:04.7000000","splitPointTimeId":65941,"splitPointId":2060,"entryId":19374,"elapsedDurationMs":617400,"elapsedDuration":"PT10M17.4S","splitDateTime":"2019-03-29T08:26:17.4","splitDateTimeLocal":"2019-03-29T09:26:17.4+01:00"},{"startDateTime":"2019-03-29T08:18:00","startDateTimeLocal":"2019-03-29T09:18:00+01:00","stageTimeDurationMs":725600,"stageTimeDuration":"00:12:05.6000000","splitPointTimeId":65942,"splitPointId":2060,"entryId":19376,"elapsedDurationMs":619500,"elapsedDuration":"PT10M19.5S","splitDateTime":"2019-03-29T08:28:19.5","splitDateTimeLocal":"2019-03-29T09:28:19.5+01:00"},{"startDateTime":"2019-03-29T08:19:00","startDateTimeLocal":"2019-03-29T09:19:00+01:00","stageTimeDurationMs":743500,"stageTimeDuration":"00:12:23.5000000","splitPointTimeId":65946,"splitPointId":2060,"entryId":19377,"elapsedDurationMs":633800,"elapsedDuration":"PT10M33.8S","splitDateTime":"2019-03-29T08:29:33.8","splitDateTimeLocal":"2019-03-29T09:29:33.8+01:00"},{"startDateTime":"2019-03-29T08:20:00","startDateTimeLocal":"2019-03-29T09:20:00+01:00","stageTimeDurationMs":731600,"stageTimeDuration":"00:12:11.6000000","splitPointTimeId":65949,"splitPointId":2060,"entryId":19378,"elapsedDurationMs":624100,"elapsedDuration":"PT10M24.1S","splitDateTime":"2019-03-29T08:30:24.1","splitDateTimeLocal":"2019-03-29T09:30:24.1+01:00"},{"startDateTime":"2019-03-29T08:21:00","startDateTimeLocal":"2019-03-29T09:21:00+01:00","stageTimeDurationMs":739800,"stageTimeDuration":"00:12:19.8000000","splitPointTimeId":65953,"splitPointId":2060,"entryId":19379,"elapsedDurationMs":631000,"elapsedDuration":"PT10M31S","splitDateTime":"2019-03-29T08:31:31","splitDateTimeLocal":"2019-03-29T09:31:31+01:00"},{"startDateTime":"2019-03-29T08:23:00","startDateTimeLocal":"2019-03-29T09:23:00+01:00","stageTimeDurationMs":709800,"stageTimeDuration":"00:11:49.8000000","splitPointTimeId":65957,"splitPointId":2060,"entryId":19380,"elapsedDurationMs":605300,"elapsedDuration":"PT10M5.3S","splitDateTime":"2019-03-29T08:33:05.3","splitDateTimeLocal":"2019-03-29T09:33:05.3+01:00"},{"startDateTime":"2019-03-29T08:24:00","startDateTimeLocal":"2019-03-29T09:24:00+01:00","stageTimeDurationMs":744800,"stageTimeDuration":"00:12:24.8000000","splitPointTimeId":65962,"splitPointId":2060,"entryId":19381,"elapsedDurationMs":636200,"elapsedDuration":"PT10M36.2S","splitDateTime":"2019-03-29T08:34:36.2","splitDateTimeLocal":"2019-03-29T09:34:36.2+01:00"},{"startDateTime":"2019-03-29T08:25:00","startDateTimeLocal":"2019-03-29T09:25:00+01:00","stageTimeDurationMs":727300,"stageTimeDuration":"00:12:07.3000000","splitPointTimeId":65967,"splitPointId":2060,"entryId":19382,"elapsedDurationMs":620400,"elapsedDuration":"PT10M20.4S","splitDateTime":"2019-03-29T08:35:20.4","splitDateTimeLocal":"2019-03-29T09:35:20.4+01:00"},{"startDateTime":"2019-03-29T08:28:00","startDateTimeLocal":"2019-03-29T09:28:00+01:00","stageTimeDurationMs":737900,"stageTimeDuration":"00:12:17.9000000","splitPointTimeId":65982,"splitPointId":2060,"entryId":19366,"elapsedDurationMs":630800,"elapsedDuration":"PT10M30.8S","splitDateTime":"2019-03-29T08:38:30.8","splitDateTimeLocal":"2019-03-29T09:38:30.8+01:00"},{"startDateTime":"2019-03-29T08:33:00","startDateTimeLocal":"2019-03-29T09:33:00+01:00","stageTimeDurationMs":706100,"stageTimeDuration":"00:11:46.1000000","splitPointTimeId":65990,"splitPointId":2060,"entryId":19383,"elapsedDurationMs":603700,"elapsedDuration":"PT10M3.7S","splitDateTime":"2019-03-29T08:43:03.7","splitDateTimeLocal":"2019-03-29T09:43:03.7+01:00"},{"startDateTime":"2019-03-29T08:29:00","startDateTimeLocal":"2019-03-29T09:29:00+01:00","stageTimeDurationMs":770900,"stageTimeDuration":"00:12:50.9000000","splitPointTimeId":65991,"splitPointId":2060,"entryId":19368,"elapsedDurationMs":659200,"elapsedDuration":"PT10M59.2S","splitDateTime":"2019-03-29T08:39:59.2","splitDateTimeLocal":"2019-03-29T09:39:59.2+01:00"},{"startDateTime":"2019-03-29T08:30:00","startDateTimeLocal":"2019-03-29T09:30:00+01:00","stageTimeDurationMs":756500,"stageTimeDuration":"00:12:36.5000000","splitPointTimeId":65995,"splitPointId":2060,"entryId":19369,"elapsedDurationMs":647800,"elapsedDuration":"PT10M47.8S","splitDateTime":"2019-03-29T08:40:47.8","splitDateTimeLocal":"2019-03-29T09:40:47.8+01:00"},{"startDateTime":"2019-03-29T08:34:00","startDateTimeLocal":"2019-03-29T09:34:00+01:00","stageTimeDurationMs":721200,"stageTimeDuration":"00:12:01.2000000","splitPointTimeId":66006,"splitPointId":2060,"entryId":19384,"elapsedDurationMs":616300,"elapsedDuration":"PT10M16.3S","splitDateTime":"2019-03-29T08:44:16.3","splitDateTimeLocal":"2019-03-29T09:44:16.3+01:00"},{"startDateTime":"2019-03-29T08:36:00","startDateTimeLocal":"2019-03-29T09:36:00+01:00","stageTimeDurationMs":666800,"stageTimeDuration":"00:11:06.8000000","splitPointTimeId":66010,"splitPointId":2060,"entryId":19387,"elapsedDurationMs":564800,"elapsedDuration":"PT9M24.8S","splitDateTime":"2019-03-29T08:45:24.8","splitDateTimeLocal":"2019-03-29T09:45:24.8+01:00"},{"startDateTime":"2019-03-29T08:37:00","startDateTimeLocal":"2019-03-29T09:37:00+01:00","stageTimeDurationMs":708500,"stageTimeDuration":"00:11:48.5000000","splitPointTimeId":66024,"splitPointId":2060,"entryId":19388,"elapsedDurationMs":606500,"elapsedDuration":"PT10M6.5S","splitDateTime":"2019-03-29T08:47:06.5","splitDateTimeLocal":"2019-03-29T09:47:06.5+01:00"},{"startDateTime":"2019-03-29T08:38:00","startDateTimeLocal":"2019-03-29T09:38:00+01:00","stageTimeDurationMs":682100,"stageTimeDuration":"00:11:22.1000000","splitPointTimeId":66025,"splitPointId":2060,"entryId":19389,"elapsedDurationMs":582100,"elapsedDuration":"PT9M42.1S","splitDateTime":"2019-03-29T08:47:42.1","splitDateTimeLocal":"2019-03-29T09:47:42.1+01:00"},{"startDateTime":"2019-03-29T08:44:00","startDateTimeLocal":"2019-03-29T09:44:00+01:00","stageTimeDurationMs":722900,"stageTimeDuration":"00:12:02.9000000","splitPointTimeId":66036,"splitPointId":2060,"entryId":19396,"elapsedDurationMs":617600,"elapsedDuration":"PT10M17.6S","splitDateTime":"2019-03-29T08:54:17.6","splitDateTimeLocal":"2019-03-29T09:54:17.6+01:00"},{"startDateTime":"2019-03-29T08:43:00","startDateTimeLocal":"2019-03-29T09:43:00+01:00","stageTimeDurationMs":737600,"stageTimeDuration":"00:12:17.6000000","splitPointTimeId":66043,"splitPointId":2060,"entryId":19395,"elapsedDurationMs":630600,"elapsedDuration":"PT10M30.6S","splitDateTime":"2019-03-29T08:53:30.6","splitDateTimeLocal":"2019-03-29T09:53:30.6+01:00"},{"startDateTime":"2019-03-29T08:39:00","startDateTimeLocal":"2019-03-29T09:39:00+01:00","stageTimeDurationMs":814200,"stageTimeDuration":"00:13:34.2000000","splitPointTimeId":66048,"splitPointId":2060,"entryId":19391,"elapsedDurationMs":694600,"elapsedDuration":"PT11M34.6S","splitDateTime":"2019-03-29T08:50:34.6","splitDateTimeLocal":"2019-03-29T09:50:34.6+01:00"},{"startDateTime":"2019-03-29T08:42:00","startDateTimeLocal":"2019-03-29T09:42:00+01:00","stageTimeDurationMs":704200,"stageTimeDuration":"00:11:44.2000000","splitPointTimeId":66053,"splitPointId":2060,"entryId":19394,"elapsedDurationMs":602300,"elapsedDuration":"PT10M2.3S","splitDateTime":"2019-03-29T08:52:02.3","splitDateTimeLocal":"2019-03-29T09:52:02.3+01:00"},{"startDateTime":"2019-03-29T08:41:00","startDateTimeLocal":"2019-03-29T09:41:00+01:00","stageTimeDurationMs":718500,"stageTimeDuration":"00:11:58.5000000","splitPointTimeId":66055,"splitPointId":2060,"entryId":19393,"elapsedDurationMs":613700,"elapsedDuration":"PT10M13.7S","splitDateTime":"2019-03-29T08:51:13.7","splitDateTimeLocal":"2019-03-29T09:51:13.7+01:00"},{"startDateTime":"2019-03-29T08:45:00","startDateTimeLocal":"2019-03-29T09:45:00+01:00","stageTimeDurationMs":774000,"stageTimeDuration":"00:12:54","splitPointTimeId":66062,"splitPointId":2060,"entryId":19397,"elapsedDurationMs":663500,"elapsedDuration":"PT11M3.5S","splitDateTime":"2019-03-29T08:56:03.5","splitDateTimeLocal":"2019-03-29T09:56:03.5+01:00"},{"startDateTime":"2019-03-29T08:47:00","startDateTimeLocal":"2019-03-29T09:47:00+01:00","stageTimeDurationMs":776200,"stageTimeDuration":"00:12:56.2000000","splitPointTimeId":66077,"splitPointId":2060,"entryId":19399,"elapsedDurationMs":667100,"elapsedDuration":"PT11M7.1S","splitDateTime":"2019-03-29T08:58:07.1","splitDateTimeLocal":"2019-03-29T09:58:07.1+01:00"},{"startDateTime":"2019-03-29T08:46:00","startDateTimeLocal":"2019-03-29T09:46:00+01:00","stageTimeDurationMs":729600,"stageTimeDuration":"00:12:09.6000000","splitPointTimeId":66078,"splitPointId":2060,"entryId":19398,"elapsedDurationMs":624000,"elapsedDuration":"PT10M24S","splitDateTime":"2019-03-29T08:56:24","splitDateTimeLocal":"2019-03-29T09:56:24+01:00"},{"startDateTime":"2019-03-29T08:49:00","startDateTimeLocal":"2019-03-29T09:49:00+01:00","stageTimeDurationMs":864800,"stageTimeDuration":"00:14:24.8000000","splitPointTimeId":66093,"splitPointId":2060,"entryId":19402,"elapsedDurationMs":740300,"elapsedDuration":"PT12M20.3S","splitDateTime":"2019-03-29T09:01:20.3","splitDateTimeLocal":"2019-03-29T10:01:20.3+01:00"},{"startDateTime":"2019-03-29T08:51:00","startDateTimeLocal":"2019-03-29T09:51:00+01:00","stageTimeDurationMs":835200,"stageTimeDuration":"00:13:55.2000000","splitPointTimeId":66103,"splitPointId":2060,"entryId":19400,"elapsedDurationMs":719500,"elapsedDuration":"PT11M59.5S","splitDateTime":"2019-03-29T09:02:59.5","splitDateTimeLocal":"2019-03-29T10:02:59.5+01:00"},{"startDateTime":"2019-03-29T08:52:00","startDateTimeLocal":"2019-03-29T09:52:00+01:00","stageTimeDurationMs":764300,"stageTimeDuration":"00:12:44.3000000","splitPointTimeId":66104,"splitPointId":2060,"entryId":19404,"elapsedDurationMs":654900,"elapsedDuration":"PT10M54.9S","splitDateTime":"2019-03-29T09:02:54.9","splitDateTimeLocal":"2019-03-29T10:02:54.9+01:00"},{"startDateTime":"2019-03-29T08:55:00","startDateTimeLocal":"2019-03-29T09:55:00+01:00","stageTimeDurationMs":772500,"stageTimeDuration":"00:12:52.5000000","splitPointTimeId":66106,"splitPointId":2060,"entryId":19406,"elapsedDurationMs":662300,"elapsedDuration":"PT11M2.3S","splitDateTime":"2019-03-29T09:06:02.3","splitDateTimeLocal":"2019-03-29T10:06:02.3+01:00"},{"startDateTime":"2019-03-29T08:54:00","startDateTimeLocal":"2019-03-29T09:54:00+01:00","stageTimeDurationMs":737000,"stageTimeDuration":"00:12:17","splitPointTimeId":66109,"splitPointId":2060,"entryId":19405,"elapsedDurationMs":630200,"elapsedDuration":"PT10M30.2S","splitDateTime":"2019-03-29T09:04:30.2","splitDateTimeLocal":"2019-03-29T10:04:30.2+01:00"},{"startDateTime":"2019-03-29T08:58:00","startDateTimeLocal":"2019-03-29T09:58:00+01:00","stageTimeDurationMs":719300,"stageTimeDuration":"00:11:59.3000000","splitPointTimeId":66119,"splitPointId":2060,"entryId":19409,"elapsedDurationMs":613900,"elapsedDuration":"PT10M13.9S","splitDateTime":"2019-03-29T09:08:13.9","splitDateTimeLocal":"2019-03-29T10:08:13.9+01:00"},{"startDateTime":"2019-03-29T08:57:00","startDateTimeLocal":"2019-03-29T09:57:00+01:00","stageTimeDurationMs":725200,"stageTimeDuration":"00:12:05.2000000","splitPointTimeId":66126,"splitPointId":2060,"entryId":19408,"elapsedDurationMs":619200,"elapsedDuration":"PT10M19.2S","splitDateTime":"2019-03-29T09:07:19.2","splitDateTimeLocal":"2019-03-29T10:07:19.2+01:00"},{"startDateTime":"2019-03-29T08:59:00","startDateTimeLocal":"2019-03-29T09:59:00+01:00","stageTimeDurationMs":742800,"stageTimeDuration":"00:12:22.8000000","splitPointTimeId":66127,"splitPointId":2060,"entryId":19410,"elapsedDurationMs":636000,"elapsedDuration":"PT10M36S","splitDateTime":"2019-03-29T09:09:36","splitDateTimeLocal":"2019-03-29T10:09:36+01:00"},{"startDateTime":"2019-03-29T08:40:00","startDateTimeLocal":"2019-03-29T09:40:00+01:00","stageTimeDurationMs":746700,"stageTimeDuration":"00:12:26.7000000","splitPointTimeId":66134,"splitPointId":2060,"entryId":19392,"elapsedDurationMs":637800,"elapsedDuration":"PT10M37.8S","splitDateTime":"2019-03-29T08:50:37.8","splitDateTimeLocal":"2019-03-29T09:50:37.8+01:00"},{"startDateTime":"2019-03-29T09:00:00","startDateTimeLocal":"2019-03-29T10:00:00+01:00","stageTimeDurationMs":758700,"stageTimeDuration":"00:12:38.7000000","splitPointTimeId":66135,"splitPointId":2060,"entryId":19411,"elapsedDurationMs":649000,"elapsedDuration":"PT10M49S","splitDateTime":"2019-03-29T09:10:49","splitDateTimeLocal":"2019-03-29T10:10:49+01:00"},{"startDateTime":"2019-03-29T09:02:00","startDateTimeLocal":"2019-03-29T10:02:00+01:00","stageTimeDurationMs":744800,"stageTimeDuration":"00:12:24.8000000","splitPointTimeId":66149,"splitPointId":2060,"entryId":19413,"elapsedDurationMs":635900,"elapsedDuration":"PT10M35.9S","splitDateTime":"2019-03-29T09:12:35.9","splitDateTimeLocal":"2019-03-29T10:12:35.9+01:00"},{"startDateTime":"2019-03-29T08:56:00","startDateTimeLocal":"2019-03-29T09:56:00+01:00","stageTimeDurationMs":803900,"stageTimeDuration":"00:13:23.9000000","splitPointTimeId":66156,"splitPointId":2060,"entryId":19407,"elapsedDurationMs":682600,"elapsedDuration":"PT11M22.6S","splitDateTime":"2019-03-29T09:07:22.6","splitDateTimeLocal":"2019-03-29T10:07:22.6+01:00"},{"startDateTime":"2019-03-29T09:01:00","startDateTimeLocal":"2019-03-29T10:01:00+01:00","stageTimeDurationMs":778000,"stageTimeDuration":"00:12:58","splitPointTimeId":66159,"splitPointId":2060,"entryId":19412,"elapsedDurationMs":664600,"elapsedDuration":"PT11M4.6S","splitDateTime":"2019-03-29T09:12:04.6","splitDateTimeLocal":"2019-03-29T10:12:04.6+01:00"},{"startDateTime":"2019-03-29T09:03:00","startDateTimeLocal":"2019-03-29T10:03:00+01:00","stageTimeDurationMs":768900,"stageTimeDuration":"00:12:48.9000000","splitPointTimeId":66163,"splitPointId":2060,"entryId":19414,"elapsedDurationMs":656400,"elapsedDuration":"PT10M56.4S","splitDateTime":"2019-03-29T09:13:56.4","splitDateTimeLocal":"2019-03-29T10:13:56.4+01:00"},{"startDateTime":"2019-03-29T09:06:00","startDateTimeLocal":"2019-03-29T10:06:00+01:00","stageTimeDurationMs":742700,"stageTimeDuration":"00:12:22.7000000","splitPointTimeId":66170,"splitPointId":2060,"entryId":19417,"elapsedDurationMs":633800,"elapsedDuration":"PT10M33.8S","splitDateTime":"2019-03-29T09:16:33.8","splitDateTimeLocal":"2019-03-29T10:16:33.8+01:00"},{"startDateTime":"2019-03-29T09:05:00","startDateTimeLocal":"2019-03-29T10:05:00+01:00","stageTimeDurationMs":769200,"stageTimeDuration":"00:12:49.2000000","splitPointTimeId":66176,"splitPointId":2060,"entryId":19416,"elapsedDurationMs":657800,"elapsedDuration":"PT10M57.8S","splitDateTime":"2019-03-29T09:15:57.8","splitDateTimeLocal":"2019-03-29T10:15:57.8+01:00"},{"startDateTime":"2019-03-29T08:48:00","startDateTimeLocal":"2019-03-29T09:48:00+01:00","stageTimeDurationMs":769500,"stageTimeDuration":"00:12:49.5000000","splitPointTimeId":66183,"splitPointId":2060,"entryId":19401,"elapsedDurationMs":660100,"elapsedDuration":"PT11M0.1S","splitDateTime":"2019-03-29T08:59:00.1","splitDateTimeLocal":"2019-03-29T09:59:00.1+01:00"},{"startDateTime":"2019-03-29T09:08:00","startDateTimeLocal":"2019-03-29T10:08:00+01:00","stageTimeDurationMs":766100,"stageTimeDuration":"00:12:46.1000000","splitPointTimeId":66185,"splitPointId":2060,"entryId":19420,"elapsedDurationMs":653400,"elapsedDuration":"PT10M53.4S","splitDateTime":"2019-03-29T09:18:53.4","splitDateTimeLocal":"2019-03-29T10:18:53.4+01:00"},{"startDateTime":"2019-03-29T09:07:00","startDateTimeLocal":"2019-03-29T10:07:00+01:00","stageTimeDurationMs":836200,"stageTimeDuration":"00:13:56.2000000","splitPointTimeId":66186,"splitPointId":2060,"entryId":19418,"elapsedDurationMs":718800,"elapsedDuration":"PT11M58.8S","splitDateTime":"2019-03-29T09:18:58.8","splitDateTimeLocal":"2019-03-29T10:18:58.8+01:00"},{"startDateTime":"2019-03-29T09:09:00","startDateTimeLocal":"2019-03-29T10:09:00+01:00","stageTimeDurationMs":788800,"stageTimeDuration":"00:13:08.8000000","splitPointTimeId":66193,"splitPointId":2060,"entryId":19419,"elapsedDurationMs":675800,"elapsedDuration":"PT11M15.8S","splitDateTime":"2019-03-29T09:20:15.8","splitDateTimeLocal":"2019-03-29T10:20:15.8+01:00"},{"startDateTime":"2019-03-29T09:11:00","startDateTimeLocal":"2019-03-29T10:11:00+01:00","stageTimeDurationMs":794800,"stageTimeDuration":"00:13:14.8000000","splitPointTimeId":66211,"splitPointId":2060,"entryId":19422,"elapsedDurationMs":679900,"elapsedDuration":"PT11M19.9S","splitDateTime":"2019-03-29T09:22:19.9","splitDateTimeLocal":"2019-03-29T10:22:19.9+01:00"},{"startDateTime":"2019-03-29T09:12:00","startDateTimeLocal":"2019-03-29T10:12:00+01:00","stageTimeDurationMs":763400,"stageTimeDuration":"00:12:43.4000000","splitPointTimeId":66213,"splitPointId":2060,"entryId":19423,"elapsedDurationMs":652900,"elapsedDuration":"PT10M52.9S","splitDateTime":"2019-03-29T09:22:52.9","splitDateTimeLocal":"2019-03-29T10:22:52.9+01:00"},{"startDateTime":"2019-03-29T09:13:00","startDateTimeLocal":"2019-03-29T10:13:00+01:00","stageTimeDurationMs":791100,"stageTimeDuration":"00:13:11.1000000","splitPointTimeId":66214,"splitPointId":2060,"entryId":19424,"elapsedDurationMs":677000,"elapsedDuration":"PT11M17S","splitDateTime":"2019-03-29T09:24:17","splitDateTimeLocal":"2019-03-29T10:24:17+01:00"},{"startDateTime":"2019-03-29T09:10:00","startDateTimeLocal":"2019-03-29T10:10:00+01:00","stageTimeDurationMs":818800,"stageTimeDuration":"00:13:38.8000000","splitPointTimeId":66217,"splitPointId":2060,"entryId":19421,"elapsedDurationMs":700300,"elapsedDuration":"PT11M40.3S","splitDateTime":"2019-03-29T09:21:40.3","splitDateTimeLocal":"2019-03-29T10:21:40.3+01:00"},{"startDateTime":"2019-03-29T09:14:00","startDateTimeLocal":"2019-03-29T10:14:00+01:00","stageTimeDurationMs":774200,"stageTimeDuration":"00:12:54.2000000","splitPointTimeId":66219,"splitPointId":2060,"entryId":19425,"elapsedDurationMs":661200,"elapsedDuration":"PT11M1.2S","splitDateTime":"2019-03-29T09:25:01.2","splitDateTimeLocal":"2019-03-29T10:25:01.2+01:00"},{"startDateTime":"2019-03-29T09:15:00","startDateTimeLocal":"2019-03-29T10:15:00+01:00","stageTimeDurationMs":744200,"stageTimeDuration":"00:12:24.2000000","splitPointTimeId":66226,"splitPointId":2060,"entryId":19426,"elapsedDurationMs":636200,"elapsedDuration":"PT10M36.2S","splitDateTime":"2019-03-29T09:25:36.2","splitDateTimeLocal":"2019-03-29T10:25:36.2+01:00"},{"startDateTime":"2019-03-29T09:17:00","startDateTimeLocal":"2019-03-29T10:17:00+01:00","stageTimeDurationMs":768000,"stageTimeDuration":"00:12:48","splitPointTimeId":66235,"splitPointId":2060,"entryId":19428,"elapsedDurationMs":657800,"elapsedDuration":"PT10M57.8S","splitDateTime":"2019-03-29T09:27:57.8","splitDateTimeLocal":"2019-03-29T10:27:57.8+01:00"},{"startDateTime":"2019-03-29T09:19:00","startDateTimeLocal":"2019-03-29T10:19:00+01:00","stageTimeDurationMs":844000,"stageTimeDuration":"00:14:04","splitPointTimeId":66246,"splitPointId":2060,"entryId":19430,"elapsedDurationMs":722600,"elapsedDuration":"PT12M2.6S","splitDateTime":"2019-03-29T09:31:02.6","splitDateTimeLocal":"2019-03-29T10:31:02.6+01:00"},{"startDateTime":"2019-03-29T09:16:00","startDateTimeLocal":"2019-03-29T10:16:00+01:00","stageTimeDurationMs":814700,"stageTimeDuration":"00:13:34.7000000","splitPointTimeId":66247,"splitPointId":2060,"entryId":19427,"elapsedDurationMs":697700,"elapsedDuration":"PT11M37.7S","splitDateTime":"2019-03-29T09:27:37.7","splitDateTimeLocal":"2019-03-29T10:27:37.7+01:00"},{"startDateTime":"2019-03-29T09:18:00","startDateTimeLocal":"2019-03-29T10:18:00+01:00","stageTimeDurationMs":790100,"stageTimeDuration":"00:13:10.1000000","splitPointTimeId":66248,"splitPointId":2060,"entryId":19429,"elapsedDurationMs":677100,"elapsedDuration":"PT11M17.1S","splitDateTime":"2019-03-29T09:29:17.1","splitDateTimeLocal":"2019-03-29T10:29:17.1+01:00"},{"startDateTime":"2019-03-29T09:21:00","startDateTimeLocal":"2019-03-29T10:21:00+01:00","stageTimeDurationMs":870500,"stageTimeDuration":"00:14:30.5000000","splitPointTimeId":66258,"splitPointId":2060,"entryId":19432,"elapsedDurationMs":747300,"elapsedDuration":"PT12M27.3S","splitDateTime":"2019-03-29T09:33:27.3","splitDateTimeLocal":"2019-03-29T10:33:27.3+01:00"},{"startDateTime":"2019-03-29T09:22:00","startDateTimeLocal":"2019-03-29T10:22:00+01:00","stageTimeDurationMs":845500,"stageTimeDuration":"00:14:05.5000000","splitPointTimeId":66261,"splitPointId":2060,"entryId":19433,"elapsedDurationMs":724400,"elapsedDuration":"PT12M4.4S","splitDateTime":"2019-03-29T09:34:04.4","splitDateTimeLocal":"2019-03-29T10:34:04.4+01:00"},{"startDateTime":"2019-03-29T09:20:00","startDateTimeLocal":"2019-03-29T10:20:00+01:00","stageTimeDurationMs":860200,"stageTimeDuration":"00:14:20.2000000","splitPointTimeId":66262,"splitPointId":2060,"entryId":19431,"elapsedDurationMs":735300,"elapsedDuration":"PT12M15.3S","splitDateTime":"2019-03-29T09:32:15.3","splitDateTimeLocal":"2019-03-29T10:32:15.3+01:00"},{"startDateTime":"2019-03-29T07:29:00","startDateTimeLocal":"2019-03-29T08:29:00+01:00","stageTimeDurationMs":623800,"stageTimeDuration":"00:10:23.8000000","splitPointTimeId":65837,"splitPointId":2089,"entryId":19338,"elapsedDurationMs":359200,"elapsedDuration":"PT5M59.2S","splitDateTime":"2019-03-29T07:34:59.2","splitDateTimeLocal":"2019-03-29T08:34:59.2+01:00"},{"startDateTime":"2019-03-29T07:31:00","startDateTimeLocal":"2019-03-29T08:31:00+01:00","stageTimeDurationMs":633100,"stageTimeDuration":"00:10:33.1000000","splitPointTimeId":65839,"splitPointId":2089,"entryId":19340,"elapsedDurationMs":361200,"elapsedDuration":"PT6M1.2S","splitDateTime":"2019-03-29T07:37:01.2","splitDateTimeLocal":"2019-03-29T08:37:01.2+01:00"},{"startDateTime":"2019-03-29T07:33:00","startDateTimeLocal":"2019-03-29T08:33:00+01:00","stageTimeDurationMs":623500,"stageTimeDuration":"00:10:23.5000000","splitPointTimeId":65842,"splitPointId":2089,"entryId":19339,"elapsedDurationMs":360100,"elapsedDuration":"PT6M0.1S","splitDateTime":"2019-03-29T07:39:00.1","splitDateTimeLocal":"2019-03-29T08:39:00.1+01:00"},{"startDateTime":"2019-03-29T07:35:00","startDateTimeLocal":"2019-03-29T08:35:00+01:00","stageTimeDurationMs":671700,"stageTimeDuration":"00:11:11.7000000","splitPointTimeId":65845,"splitPointId":2089,"entryId":19341,"elapsedDurationMs":357800,"elapsedDuration":"PT5M57.8S","splitDateTime":"2019-03-29T07:40:57.8","splitDateTimeLocal":"2019-03-29T08:40:57.8+01:00"},{"startDateTime":"2019-03-29T07:37:00","startDateTimeLocal":"2019-03-29T08:37:00+01:00","stageTimeDurationMs":620600,"stageTimeDuration":"00:10:20.6000000","splitPointTimeId":65848,"splitPointId":2089,"entryId":19344,"elapsedDurationMs":357600,"elapsedDuration":"PT5M57.6S","splitDateTime":"2019-03-29T07:42:57.6","splitDateTimeLocal":"2019-03-29T08:42:57.6+01:00"},{"startDateTime":"2019-03-29T07:39:00","startDateTimeLocal":"2019-03-29T08:39:00+01:00","stageTimeDurationMs":626400,"stageTimeDuration":"00:10:26.4000000","splitPointTimeId":65851,"splitPointId":2089,"entryId":19342,"elapsedDurationMs":360900,"elapsedDuration":"PT6M0.9S","splitDateTime":"2019-03-29T07:45:00.9","splitDateTimeLocal":"2019-03-29T08:45:00.9+01:00"},{"startDateTime":"2019-03-29T07:41:00","startDateTimeLocal":"2019-03-29T08:41:00+01:00","stageTimeDurationMs":740000,"stageTimeDuration":"00:12:20","splitPointTimeId":65856,"splitPointId":2089,"entryId":19343,"elapsedDurationMs":426000,"elapsedDuration":"PT7M6S","splitDateTime":"2019-03-29T07:48:06","splitDateTimeLocal":"2019-03-29T08:48:06+01:00"},{"startDateTime":"2019-03-29T07:43:00","startDateTimeLocal":"2019-03-29T08:43:00+01:00","stageTimeDurationMs":626200,"stageTimeDuration":"00:10:26.2000000","splitPointTimeId":65857,"splitPointId":2089,"entryId":19345,"elapsedDurationMs":359700,"elapsedDuration":"PT5M59.7S","splitDateTime":"2019-03-29T07:48:59.7","splitDateTimeLocal":"2019-03-29T08:48:59.7+01:00"},{"startDateTime":"2019-03-29T07:45:00","startDateTimeLocal":"2019-03-29T08:45:00+01:00","stageTimeDurationMs":623700,"stageTimeDuration":"00:10:23.7000000","splitPointTimeId":65858,"splitPointId":2089,"entryId":19347,"elapsedDurationMs":360400,"elapsedDuration":"PT6M0.4S","splitDateTime":"2019-03-29T07:51:00.4","splitDateTimeLocal":"2019-03-29T08:51:00.4+01:00"},{"startDateTime":"2019-03-29T07:49:00","startDateTimeLocal":"2019-03-29T08:49:00+01:00","stageTimeDurationMs":771100,"stageTimeDuration":"00:12:51.1000000","splitPointTimeId":65865,"splitPointId":2089,"entryId":19349,"elapsedDurationMs":387000,"elapsedDuration":"PT6M27S","splitDateTime":"2019-03-29T07:55:27","splitDateTimeLocal":"2019-03-29T08:55:27+01:00"},{"startDateTime":"2019-03-29T07:50:00","startDateTimeLocal":"2019-03-29T08:50:00+01:00","stageTimeDurationMs":658000,"stageTimeDuration":"00:10:58","splitPointTimeId":65867,"splitPointId":2089,"entryId":19348,"elapsedDurationMs":379200,"elapsedDuration":"PT6M19.2S","splitDateTime":"2019-03-29T07:56:19.2","splitDateTimeLocal":"2019-03-29T08:56:19.2+01:00"},{"startDateTime":"2019-03-29T07:52:00","startDateTimeLocal":"2019-03-29T08:52:00+01:00","stageTimeDurationMs":652300,"stageTimeDuration":"00:10:52.3000000","splitPointTimeId":65870,"splitPointId":2089,"entryId":19350,"elapsedDurationMs":377000,"elapsedDuration":"PT6M17S","splitDateTime":"2019-03-29T07:58:17","splitDateTimeLocal":"2019-03-29T08:58:17+01:00"},{"startDateTime":"2019-03-29T07:53:00","startDateTimeLocal":"2019-03-29T08:53:00+01:00","stageTimeDurationMs":648200,"stageTimeDuration":"00:10:48.2000000","splitPointTimeId":65874,"splitPointId":2089,"entryId":19351,"elapsedDurationMs":374100,"elapsedDuration":"PT6M14.1S","splitDateTime":"2019-03-29T07:59:14.1","splitDateTimeLocal":"2019-03-29T08:59:14.1+01:00"},{"startDateTime":"2019-03-29T07:54:00","startDateTimeLocal":"2019-03-29T08:54:00+01:00","stageTimeDurationMs":661600,"stageTimeDuration":"00:11:01.6000000","splitPointTimeId":65876,"splitPointId":2089,"entryId":19352,"elapsedDurationMs":381200,"elapsedDuration":"PT6M21.2S","splitDateTime":"2019-03-29T08:00:21.2","splitDateTimeLocal":"2019-03-29T09:00:21.2+01:00"},{"startDateTime":"2019-03-29T07:55:00","startDateTimeLocal":"2019-03-29T08:55:00+01:00","stageTimeDurationMs":662300,"stageTimeDuration":"00:11:02.3000000","splitPointTimeId":65879,"splitPointId":2089,"entryId":19353,"elapsedDurationMs":380900,"elapsedDuration":"PT6M20.9S","splitDateTime":"2019-03-29T08:01:20.9","splitDateTimeLocal":"2019-03-29T09:01:20.9+01:00"},{"startDateTime":"2019-03-29T07:56:00","startDateTimeLocal":"2019-03-29T08:56:00+01:00","stageTimeDurationMs":652800,"stageTimeDuration":"00:10:52.8000000","splitPointTimeId":65881,"splitPointId":2089,"entryId":19354,"elapsedDurationMs":375700,"elapsedDuration":"PT6M15.7S","splitDateTime":"2019-03-29T08:02:15.7","splitDateTimeLocal":"2019-03-29T09:02:15.7+01:00"},{"startDateTime":"2019-03-29T07:57:00","startDateTimeLocal":"2019-03-29T08:57:00+01:00","stageTimeDurationMs":654000,"stageTimeDuration":"00:10:54","splitPointTimeId":65883,"splitPointId":2089,"entryId":19355,"elapsedDurationMs":377600,"elapsedDuration":"PT6M17.6S","splitDateTime":"2019-03-29T08:03:17.6","splitDateTimeLocal":"2019-03-29T09:03:17.6+01:00"},{"startDateTime":"2019-03-29T07:58:00","startDateTimeLocal":"2019-03-29T08:58:00+01:00","stageTimeDurationMs":717400,"stageTimeDuration":"00:11:57.4000000","splitPointTimeId":65886,"splitPointId":2089,"entryId":19356,"elapsedDurationMs":387700,"elapsedDuration":"PT6M27.7S","splitDateTime":"2019-03-29T08:04:27.7","splitDateTimeLocal":"2019-03-29T09:04:27.7+01:00"},{"startDateTime":"2019-03-29T07:59:00","startDateTimeLocal":"2019-03-29T08:59:00+01:00","stageTimeDurationMs":764400,"stageTimeDuration":"00:12:44.4000000","splitPointTimeId":65890,"splitPointId":2089,"entryId":19357,"elapsedDurationMs":399600,"elapsedDuration":"PT6M39.6S","splitDateTime":"2019-03-29T08:05:39.6","splitDateTimeLocal":"2019-03-29T09:05:39.6+01:00"},{"startDateTime":"2019-03-29T08:02:00","startDateTimeLocal":"2019-03-29T09:02:00+01:00","stageTimeDurationMs":665200,"stageTimeDuration":"00:11:05.2000000","splitPointTimeId":65895,"splitPointId":2089,"entryId":19358,"elapsedDurationMs":382400,"elapsedDuration":"PT6M22.4S","splitDateTime":"2019-03-29T08:08:22.4","splitDateTimeLocal":"2019-03-29T09:08:22.4+01:00"},{"startDateTime":"2019-03-29T08:03:00","startDateTimeLocal":"2019-03-29T09:03:00+01:00","stageTimeDurationMs":647500,"stageTimeDuration":"00:10:47.5000000","splitPointTimeId":65896,"splitPointId":2089,"entryId":19359,"elapsedDurationMs":373800,"elapsedDuration":"PT6M13.8S","splitDateTime":"2019-03-29T08:09:13.8","splitDateTimeLocal":"2019-03-29T09:09:13.8+01:00"},{"startDateTime":"2019-03-29T08:04:00","startDateTimeLocal":"2019-03-29T09:04:00+01:00","stageTimeDurationMs":655100,"stageTimeDuration":"00:10:55.1000000","splitPointTimeId":65900,"splitPointId":2089,"entryId":19360,"elapsedDurationMs":378200,"elapsedDuration":"PT6M18.2S","splitDateTime":"2019-03-29T08:10:18.2","splitDateTimeLocal":"2019-03-29T09:10:18.2+01:00"},{"startDateTime":"2019-03-29T08:05:00","startDateTimeLocal":"2019-03-29T09:05:00+01:00","stageTimeDurationMs":652400,"stageTimeDuration":"00:10:52.4000000","splitPointTimeId":65902,"splitPointId":2089,"entryId":19361,"elapsedDurationMs":374700,"elapsedDuration":"PT6M14.7S","splitDateTime":"2019-03-29T08:11:14.7","splitDateTimeLocal":"2019-03-29T09:11:14.7+01:00"},{"startDateTime":"2019-03-29T08:06:00","startDateTimeLocal":"2019-03-29T09:06:00+01:00","stageTimeDurationMs":664100,"stageTimeDuration":"00:11:04.1000000","splitPointTimeId":65905,"splitPointId":2089,"entryId":19362,"elapsedDurationMs":381700,"elapsedDuration":"PT6M21.7S","splitDateTime":"2019-03-29T08:12:21.7","splitDateTimeLocal":"2019-03-29T09:12:21.7+01:00"},{"startDateTime":"2019-03-29T08:07:00","startDateTimeLocal":"2019-03-29T09:07:00+01:00","stageTimeDurationMs":675800,"stageTimeDuration":"00:11:15.8000000","splitPointTimeId":65907,"splitPointId":2089,"entryId":19363,"elapsedDurationMs":385900,"elapsedDuration":"PT6M25.9S","splitDateTime":"2019-03-29T08:13:25.9","splitDateTimeLocal":"2019-03-29T09:13:25.9+01:00"},{"startDateTime":"2019-03-29T08:08:00","startDateTimeLocal":"2019-03-29T09:08:00+01:00","stageTimeDurationMs":661100,"stageTimeDuration":"00:11:01.1000000","splitPointTimeId":65910,"splitPointId":2089,"entryId":19364,"elapsedDurationMs":379700,"elapsedDuration":"PT6M19.7S","splitDateTime":"2019-03-29T08:14:19.7","splitDateTimeLocal":"2019-03-29T09:14:19.7+01:00"},{"startDateTime":"2019-03-29T08:09:00","startDateTimeLocal":"2019-03-29T09:09:00+01:00","stageTimeDurationMs":676900,"stageTimeDuration":"00:11:16.9000000","splitPointTimeId":65913,"splitPointId":2089,"entryId":19365,"elapsedDurationMs":391700,"elapsedDuration":"PT6M31.7S","splitDateTime":"2019-03-29T08:15:31.7","splitDateTimeLocal":"2019-03-29T09:15:31.7+01:00"},{"startDateTime":"2019-03-29T08:12:00","startDateTimeLocal":"2019-03-29T09:12:00+01:00","stageTimeDurationMs":712500,"stageTimeDuration":"00:11:52.5000000","splitPointTimeId":65921,"splitPointId":2089,"entryId":19370,"elapsedDurationMs":409400,"elapsedDuration":"PT6M49.4S","splitDateTime":"2019-03-29T08:18:49.4","splitDateTimeLocal":"2019-03-29T09:18:49.4+01:00"},{"startDateTime":"2019-03-29T08:13:00","startDateTimeLocal":"2019-03-29T09:13:00+01:00","stageTimeDurationMs":787900,"stageTimeDuration":"00:13:07.9000000","splitPointTimeId":65922,"splitPointId":2089,"entryId":19371,"elapsedDurationMs":423200,"elapsedDuration":"PT7M3.2S","splitDateTime":"2019-03-29T08:20:03.2","splitDateTimeLocal":"2019-03-29T09:20:03.2+01:00"},{"startDateTime":"2019-03-29T08:15:00","startDateTimeLocal":"2019-03-29T09:15:00+01:00","stageTimeDurationMs":712500,"stageTimeDuration":"00:11:52.5000000","splitPointTimeId":65925,"splitPointId":2089,"entryId":19373,"elapsedDurationMs":410200,"elapsedDuration":"PT6M50.2S","splitDateTime":"2019-03-29T08:21:50.2","splitDateTimeLocal":"2019-03-29T09:21:50.2+01:00"},{"startDateTime":"2019-03-29T08:14:00","startDateTimeLocal":"2019-03-29T09:14:00+01:00","stageTimeDurationMs":703600,"stageTimeDuration":"00:11:43.6000000","splitPointTimeId":65928,"splitPointId":2089,"entryId":19372,"elapsedDurationMs":402700,"elapsedDuration":"PT6M42.7S","splitDateTime":"2019-03-29T08:20:42.7","splitDateTimeLocal":"2019-03-29T09:20:42.7+01:00"},{"startDateTime":"2019-03-29T08:16:00","startDateTimeLocal":"2019-03-29T09:16:00+01:00","stageTimeDurationMs":724700,"stageTimeDuration":"00:12:04.7000000","splitPointTimeId":65930,"splitPointId":2089,"entryId":19374,"elapsedDurationMs":416100,"elapsedDuration":"PT6M56.1S","splitDateTime":"2019-03-29T08:22:56.1","splitDateTimeLocal":"2019-03-29T09:22:56.1+01:00"},{"startDateTime":"2019-03-29T08:17:00","startDateTimeLocal":"2019-03-29T09:17:00+01:00","stageTimeDurationMs":729700,"stageTimeDuration":"00:12:09.7000000","splitPointTimeId":65933,"splitPointId":2089,"entryId":19375,"elapsedDurationMs":420700,"elapsedDuration":"PT7M0.7S","splitDateTime":"2019-03-29T08:24:00.7","splitDateTimeLocal":"2019-03-29T09:24:00.7+01:00"},{"startDateTime":"2019-03-29T08:18:00","startDateTimeLocal":"2019-03-29T09:18:00+01:00","stageTimeDurationMs":725600,"stageTimeDuration":"00:12:05.6000000","splitPointTimeId":65936,"splitPointId":2089,"entryId":19376,"elapsedDurationMs":420000,"elapsedDuration":"PT7M","splitDateTime":"2019-03-29T08:25:00","splitDateTimeLocal":"2019-03-29T09:25:00+01:00"},{"startDateTime":"2019-03-29T08:19:00","startDateTimeLocal":"2019-03-29T09:19:00+01:00","stageTimeDurationMs":743500,"stageTimeDuration":"00:12:23.5000000","splitPointTimeId":65937,"splitPointId":2089,"entryId":19377,"elapsedDurationMs":429900,"elapsedDuration":"PT7M9.9S","splitDateTime":"2019-03-29T08:26:09.9","splitDateTimeLocal":"2019-03-29T09:26:09.9+01:00"},{"startDateTime":"2019-03-29T08:20:00","startDateTimeLocal":"2019-03-29T09:20:00+01:00","stageTimeDurationMs":731600,"stageTimeDuration":"00:12:11.6000000","splitPointTimeId":65939,"splitPointId":2089,"entryId":19378,"elapsedDurationMs":421200,"elapsedDuration":"PT7M1.2S","splitDateTime":"2019-03-29T08:27:01.2","splitDateTimeLocal":"2019-03-29T09:27:01.2+01:00"},{"startDateTime":"2019-03-29T08:21:00","startDateTimeLocal":"2019-03-29T09:21:00+01:00","stageTimeDurationMs":739800,"stageTimeDuration":"00:12:19.8000000","splitPointTimeId":65947,"splitPointId":2089,"entryId":19379,"elapsedDurationMs":429000,"elapsedDuration":"PT7M9S","splitDateTime":"2019-03-29T08:28:09","splitDateTimeLocal":"2019-03-29T09:28:09+01:00"},{"startDateTime":"2019-03-29T08:23:00","startDateTimeLocal":"2019-03-29T09:23:00+01:00","stageTimeDurationMs":709800,"stageTimeDuration":"00:11:49.8000000","splitPointTimeId":65948,"splitPointId":2089,"entryId":19380,"elapsedDurationMs":407600,"elapsedDuration":"PT6M47.6S","splitDateTime":"2019-03-29T08:29:47.6","splitDateTimeLocal":"2019-03-29T09:29:47.6+01:00"},{"startDateTime":"2019-03-29T08:24:00","startDateTimeLocal":"2019-03-29T09:24:00+01:00","stageTimeDurationMs":744800,"stageTimeDuration":"00:12:24.8000000","splitPointTimeId":65950,"splitPointId":2089,"entryId":19381,"elapsedDurationMs":430500,"elapsedDuration":"PT7M10.5S","splitDateTime":"2019-03-29T08:31:10.5","splitDateTimeLocal":"2019-03-29T09:31:10.5+01:00"},{"startDateTime":"2019-03-29T08:25:00","startDateTimeLocal":"2019-03-29T09:25:00+01:00","stageTimeDurationMs":727300,"stageTimeDuration":"00:12:07.3000000","splitPointTimeId":65952,"splitPointId":2089,"entryId":19382,"elapsedDurationMs":417700,"elapsedDuration":"PT6M57.7S","splitDateTime":"2019-03-29T08:31:57.7","splitDateTimeLocal":"2019-03-29T09:31:57.7+01:00"},{"startDateTime":"2019-03-29T08:29:00","startDateTimeLocal":"2019-03-29T09:29:00+01:00","stageTimeDurationMs":770900,"stageTimeDuration":"00:12:50.9000000","splitPointTimeId":65964,"splitPointId":2089,"entryId":19368,"elapsedDurationMs":449500,"elapsedDuration":"PT7M29.5S","splitDateTime":"2019-03-29T08:36:29.5","splitDateTimeLocal":"2019-03-29T09:36:29.5+01:00"},{"startDateTime":"2019-03-29T08:30:00","startDateTimeLocal":"2019-03-29T09:30:00+01:00","stageTimeDurationMs":756500,"stageTimeDuration":"00:12:36.5000000","splitPointTimeId":65968,"splitPointId":2089,"entryId":19369,"elapsedDurationMs":443200,"elapsedDuration":"PT7M23.2S","splitDateTime":"2019-03-29T08:37:23.2","splitDateTimeLocal":"2019-03-29T09:37:23.2+01:00"},{"startDateTime":"2019-03-29T08:28:00","startDateTimeLocal":"2019-03-29T09:28:00+01:00","stageTimeDurationMs":737900,"stageTimeDuration":"00:12:17.9000000","splitPointTimeId":65971,"splitPointId":2089,"entryId":19366,"elapsedDurationMs":429600,"elapsedDuration":"PT7M9.6S","splitDateTime":"2019-03-29T08:35:09.6","splitDateTimeLocal":"2019-03-29T09:35:09.6+01:00"},{"startDateTime":"2019-03-29T08:36:00","startDateTimeLocal":"2019-03-29T09:36:00+01:00","stageTimeDurationMs":666800,"stageTimeDuration":"00:11:06.8000000","splitPointTimeId":65986,"splitPointId":2089,"entryId":19387,"elapsedDurationMs":382700,"elapsedDuration":"PT6M22.7S","splitDateTime":"2019-03-29T08:42:22.7","splitDateTimeLocal":"2019-03-29T09:42:22.7+01:00"},{"startDateTime":"2019-03-29T08:33:00","startDateTimeLocal":"2019-03-29T09:33:00+01:00","stageTimeDurationMs":706100,"stageTimeDuration":"00:11:46.1000000","splitPointTimeId":65989,"splitPointId":2089,"entryId":19383,"elapsedDurationMs":411500,"elapsedDuration":"PT6M51.5S","splitDateTime":"2019-03-29T08:39:51.5","splitDateTimeLocal":"2019-03-29T09:39:51.5+01:00"},{"startDateTime":"2019-03-29T08:34:00","startDateTimeLocal":"2019-03-29T09:34:00+01:00","stageTimeDurationMs":721200,"stageTimeDuration":"00:12:01.2000000","splitPointTimeId":65994,"splitPointId":2089,"entryId":19384,"elapsedDurationMs":421000,"elapsedDuration":"PT7M1S","splitDateTime":"2019-03-29T08:41:01","splitDateTimeLocal":"2019-03-29T09:41:01+01:00"},{"startDateTime":"2019-03-29T08:38:00","startDateTimeLocal":"2019-03-29T09:38:00+01:00","stageTimeDurationMs":682100,"stageTimeDuration":"00:11:22.1000000","splitPointTimeId":66007,"splitPointId":2089,"entryId":19389,"elapsedDurationMs":393600,"elapsedDuration":"PT6M33.6S","splitDateTime":"2019-03-29T08:44:33.6","splitDateTimeLocal":"2019-03-29T09:44:33.6+01:00"},{"startDateTime":"2019-03-29T08:44:00","startDateTimeLocal":"2019-03-29T09:44:00+01:00","stageTimeDurationMs":722900,"stageTimeDuration":"00:12:02.9000000","splitPointTimeId":66021,"splitPointId":2089,"entryId":19396,"elapsedDurationMs":415900,"elapsedDuration":"PT6M55.9S","splitDateTime":"2019-03-29T08:50:55.9","splitDateTimeLocal":"2019-03-29T09:50:55.9+01:00"},{"startDateTime":"2019-03-29T08:42:00","startDateTimeLocal":"2019-03-29T09:42:00+01:00","stageTimeDurationMs":704200,"stageTimeDuration":"00:11:44.2000000","splitPointTimeId":66022,"splitPointId":2089,"entryId":19394,"elapsedDurationMs":406700,"elapsedDuration":"PT6M46.7S","splitDateTime":"2019-03-29T08:48:46.7","splitDateTimeLocal":"2019-03-29T09:48:46.7+01:00"},{"startDateTime":"2019-03-29T08:37:00","startDateTimeLocal":"2019-03-29T09:37:00+01:00","stageTimeDurationMs":708500,"stageTimeDuration":"00:11:48.5000000","splitPointTimeId":66023,"splitPointId":2089,"entryId":19388,"elapsedDurationMs":413600,"elapsedDuration":"PT6M53.6S","splitDateTime":"2019-03-29T08:43:53.6","splitDateTimeLocal":"2019-03-29T09:43:53.6+01:00"},{"startDateTime":"2019-03-29T08:39:00","startDateTimeLocal":"2019-03-29T09:39:00+01:00","stageTimeDurationMs":814200,"stageTimeDuration":"00:13:34.2000000","splitPointTimeId":66026,"splitPointId":2089,"entryId":19391,"elapsedDurationMs":477100,"elapsedDuration":"PT7M57.1S","splitDateTime":"2019-03-29T08:46:57.1","splitDateTimeLocal":"2019-03-29T09:46:57.1+01:00"},{"startDateTime":"2019-03-29T08:46:00","startDateTimeLocal":"2019-03-29T09:46:00+01:00","stageTimeDurationMs":729600,"stageTimeDuration":"00:12:09.6000000","splitPointTimeId":66031,"splitPointId":2089,"entryId":19398,"elapsedDurationMs":423000,"elapsedDuration":"PT7M3S","splitDateTime":"2019-03-29T08:53:03","splitDateTimeLocal":"2019-03-29T09:53:03+01:00"},{"startDateTime":"2019-03-29T08:43:00","startDateTimeLocal":"2019-03-29T09:43:00+01:00","stageTimeDurationMs":737600,"stageTimeDuration":"00:12:17.6000000","splitPointTimeId":66041,"splitPointId":2089,"entryId":19395,"elapsedDurationMs":424700,"elapsedDuration":"PT7M4.7S","splitDateTime":"2019-03-29T08:50:04.7","splitDateTimeLocal":"2019-03-29T09:50:04.7+01:00"},{"startDateTime":"2019-03-29T08:45:00","startDateTimeLocal":"2019-03-29T09:45:00+01:00","stageTimeDurationMs":774000,"stageTimeDuration":"00:12:54","splitPointTimeId":66042,"splitPointId":2089,"entryId":19397,"elapsedDurationMs":453500,"elapsedDuration":"PT7M33.5S","splitDateTime":"2019-03-29T08:52:33.5","splitDateTimeLocal":"2019-03-29T09:52:33.5+01:00"},{"startDateTime":"2019-03-29T08:40:00","startDateTimeLocal":"2019-03-29T09:40:00+01:00","stageTimeDurationMs":746700,"stageTimeDuration":"00:12:26.7000000","splitPointTimeId":66046,"splitPointId":2089,"entryId":19392,"elapsedDurationMs":433700,"elapsedDuration":"PT7M13.7S","splitDateTime":"2019-03-29T08:47:13.7","splitDateTimeLocal":"2019-03-29T09:47:13.7+01:00"},{"startDateTime":"2019-03-29T08:41:00","startDateTimeLocal":"2019-03-29T09:41:00+01:00","stageTimeDurationMs":718500,"stageTimeDuration":"00:11:58.5000000","splitPointTimeId":66054,"splitPointId":2089,"entryId":19393,"elapsedDurationMs":415800,"elapsedDuration":"PT6M55.8S","splitDateTime":"2019-03-29T08:47:55.8","splitDateTimeLocal":"2019-03-29T09:47:55.8+01:00"},{"startDateTime":"2019-03-29T08:49:00","startDateTimeLocal":"2019-03-29T09:49:00+01:00","stageTimeDurationMs":864800,"stageTimeDuration":"00:14:24.8000000","splitPointTimeId":66070,"splitPointId":2089,"entryId":19402,"elapsedDurationMs":504200,"elapsedDuration":"PT8M24.2S","splitDateTime":"2019-03-29T08:57:24.2","splitDateTimeLocal":"2019-03-29T09:57:24.2+01:00"},{"startDateTime":"2019-03-29T08:47:00","startDateTimeLocal":"2019-03-29T09:47:00+01:00","stageTimeDurationMs":776200,"stageTimeDuration":"00:12:56.2000000","splitPointTimeId":66076,"splitPointId":2089,"entryId":19399,"elapsedDurationMs":458200,"elapsedDuration":"PT7M38.2S","splitDateTime":"2019-03-29T08:54:38.2","splitDateTimeLocal":"2019-03-29T09:54:38.2+01:00"},{"startDateTime":"2019-03-29T08:55:00","startDateTimeLocal":"2019-03-29T09:55:00+01:00","stageTimeDurationMs":772500,"stageTimeDuration":"00:12:52.5000000","splitPointTimeId":66086,"splitPointId":2089,"entryId":19406,"elapsedDurationMs":451200,"elapsedDuration":"PT7M31.2S","splitDateTime":"2019-03-29T09:02:31.2","splitDateTimeLocal":"2019-03-29T10:02:31.2+01:00"},{"startDateTime":"2019-03-29T08:58:00","startDateTimeLocal":"2019-03-29T09:58:00+01:00","stageTimeDurationMs":719300,"stageTimeDuration":"00:11:59.3000000","splitPointTimeId":66097,"splitPointId":2089,"entryId":19409,"elapsedDurationMs":412600,"elapsedDuration":"PT6M52.6S","splitDateTime":"2019-03-29T09:04:52.6","splitDateTimeLocal":"2019-03-29T10:04:52.6+01:00"},{"startDateTime":"2019-03-29T08:52:00","startDateTimeLocal":"2019-03-29T09:52:00+01:00","stageTimeDurationMs":764300,"stageTimeDuration":"00:12:44.3000000","splitPointTimeId":66099,"splitPointId":2089,"entryId":19404,"elapsedDurationMs":445700,"elapsedDuration":"PT7M25.7S","splitDateTime":"2019-03-29T08:59:25.7","splitDateTimeLocal":"2019-03-29T09:59:25.7+01:00"},{"startDateTime":"2019-03-29T08:51:00","startDateTimeLocal":"2019-03-29T09:51:00+01:00","stageTimeDurationMs":835200,"stageTimeDuration":"00:13:55.2000000","splitPointTimeId":66100,"splitPointId":2089,"entryId":19400,"elapsedDurationMs":492700,"elapsedDuration":"PT8M12.7S","splitDateTime":"2019-03-29T08:59:12.7","splitDateTimeLocal":"2019-03-29T09:59:12.7+01:00"},{"startDateTime":"2019-03-29T08:57:00","startDateTimeLocal":"2019-03-29T09:57:00+01:00","stageTimeDurationMs":725200,"stageTimeDuration":"00:12:05.2000000","splitPointTimeId":66102,"splitPointId":2089,"entryId":19408,"elapsedDurationMs":415300,"elapsedDuration":"PT6M55.3S","splitDateTime":"2019-03-29T09:03:55.3","splitDateTimeLocal":"2019-03-29T10:03:55.3+01:00"},{"startDateTime":"2019-03-29T08:54:00","startDateTimeLocal":"2019-03-29T09:54:00+01:00","stageTimeDurationMs":737000,"stageTimeDuration":"00:12:17","splitPointTimeId":66108,"splitPointId":2089,"entryId":19405,"elapsedDurationMs":424700,"elapsedDuration":"PT7M4.7S","splitDateTime":"2019-03-29T09:01:04.7","splitDateTimeLocal":"2019-03-29T10:01:04.7+01:00"},{"startDateTime":"2019-03-29T08:59:00","startDateTimeLocal":"2019-03-29T09:59:00+01:00","stageTimeDurationMs":742800,"stageTimeDuration":"00:12:22.8000000","splitPointTimeId":66121,"splitPointId":2089,"entryId":19410,"elapsedDurationMs":431000,"elapsedDuration":"PT7M11S","splitDateTime":"2019-03-29T09:06:11","splitDateTimeLocal":"2019-03-29T10:06:11+01:00"},{"startDateTime":"2019-03-29T09:00:00","startDateTimeLocal":"2019-03-29T10:00:00+01:00","stageTimeDurationMs":758700,"stageTimeDuration":"00:12:38.7000000","splitPointTimeId":66128,"splitPointId":2089,"entryId":19411,"elapsedDurationMs":438900,"elapsedDuration":"PT7M18.9S","splitDateTime":"2019-03-29T09:07:18.9","splitDateTimeLocal":"2019-03-29T10:07:18.9+01:00"},{"startDateTime":"2019-03-29T09:02:00","startDateTimeLocal":"2019-03-29T10:02:00+01:00","stageTimeDurationMs":744800,"stageTimeDuration":"00:12:24.8000000","splitPointTimeId":66131,"splitPointId":2089,"entryId":19413,"elapsedDurationMs":429200,"elapsedDuration":"PT7M9.2S","splitDateTime":"2019-03-29T09:09:09.2","splitDateTimeLocal":"2019-03-29T10:09:09.2+01:00"},{"startDateTime":"2019-03-29T09:05:00","startDateTimeLocal":"2019-03-29T10:05:00+01:00","stageTimeDurationMs":769200,"stageTimeDuration":"00:12:49.2000000","splitPointTimeId":66143,"splitPointId":2089,"entryId":19416,"elapsedDurationMs":445900,"elapsedDuration":"PT7M25.9S","splitDateTime":"2019-03-29T09:12:25.9","splitDateTimeLocal":"2019-03-29T10:12:25.9+01:00"},{"startDateTime":"2019-03-29T09:03:00","startDateTimeLocal":"2019-03-29T10:03:00+01:00","stageTimeDurationMs":768900,"stageTimeDuration":"00:12:48.9000000","splitPointTimeId":66151,"splitPointId":2089,"entryId":19414,"elapsedDurationMs":444900,"elapsedDuration":"PT7M24.9S","splitDateTime":"2019-03-29T09:10:24.9","splitDateTimeLocal":"2019-03-29T10:10:24.9+01:00"},{"startDateTime":"2019-03-29T08:56:00","startDateTimeLocal":"2019-03-29T09:56:00+01:00","stageTimeDurationMs":803900,"stageTimeDuration":"00:13:23.9000000","splitPointTimeId":66152,"splitPointId":2089,"entryId":19407,"elapsedDurationMs":456100,"elapsedDuration":"PT7M36.1S","splitDateTime":"2019-03-29T09:03:36.1","splitDateTimeLocal":"2019-03-29T10:03:36.1+01:00"},{"startDateTime":"2019-03-29T09:06:00","startDateTimeLocal":"2019-03-29T10:06:00+01:00","stageTimeDurationMs":742700,"stageTimeDuration":"00:12:22.7000000","splitPointTimeId":66153,"splitPointId":2089,"entryId":19417,"elapsedDurationMs":426600,"elapsedDuration":"PT7M6.6S","splitDateTime":"2019-03-29T09:13:06.6","splitDateTimeLocal":"2019-03-29T10:13:06.6+01:00"},{"startDateTime":"2019-03-29T09:01:00","startDateTimeLocal":"2019-03-29T10:01:00+01:00","stageTimeDurationMs":778000,"stageTimeDuration":"00:12:58","splitPointTimeId":66158,"splitPointId":2089,"entryId":19412,"elapsedDurationMs":447700,"elapsedDuration":"PT7M27.7S","splitDateTime":"2019-03-29T09:08:27.7","splitDateTimeLocal":"2019-03-29T10:08:27.7+01:00"},{"startDateTime":"2019-03-29T09:08:00","startDateTimeLocal":"2019-03-29T10:08:00+01:00","stageTimeDurationMs":766100,"stageTimeDuration":"00:12:46.1000000","splitPointTimeId":66164,"splitPointId":2089,"entryId":19420,"elapsedDurationMs":442200,"elapsedDuration":"PT7M22.2S","splitDateTime":"2019-03-29T09:15:22.2","splitDateTimeLocal":"2019-03-29T10:15:22.2+01:00"},{"startDateTime":"2019-03-29T09:07:00","startDateTimeLocal":"2019-03-29T10:07:00+01:00","stageTimeDurationMs":836200,"stageTimeDuration":"00:13:56.2000000","splitPointTimeId":66166,"splitPointId":2089,"entryId":19418,"elapsedDurationMs":492200,"elapsedDuration":"PT8M12.2S","splitDateTime":"2019-03-29T09:15:12.2","splitDateTimeLocal":"2019-03-29T10:15:12.2+01:00"},{"startDateTime":"2019-03-29T08:48:00","startDateTimeLocal":"2019-03-29T09:48:00+01:00","stageTimeDurationMs":769500,"stageTimeDuration":"00:12:49.5000000","splitPointTimeId":66172,"splitPointId":2089,"entryId":19401,"elapsedDurationMs":450700,"elapsedDuration":"PT7M30.7S","splitDateTime":"2019-03-29T08:55:30.7","splitDateTimeLocal":"2019-03-29T09:55:30.7+01:00"},{"startDateTime":"2019-03-29T09:11:00","startDateTimeLocal":"2019-03-29T10:11:00+01:00","stageTimeDurationMs":794800,"stageTimeDuration":"00:13:14.8000000","splitPointTimeId":66184,"splitPointId":2089,"entryId":19422,"elapsedDurationMs":463300,"elapsedDuration":"PT7M43.3S","splitDateTime":"2019-03-29T09:18:43.3","splitDateTimeLocal":"2019-03-29T10:18:43.3+01:00"},{"startDateTime":"2019-03-29T09:09:00","startDateTimeLocal":"2019-03-29T10:09:00+01:00","stageTimeDurationMs":788800,"stageTimeDuration":"00:13:08.8000000","splitPointTimeId":66187,"splitPointId":2089,"entryId":19419,"elapsedDurationMs":461000,"elapsedDuration":"PT7M41S","splitDateTime":"2019-03-29T09:16:41","splitDateTimeLocal":"2019-03-29T10:16:41+01:00"},{"startDateTime":"2019-03-29T09:13:00","startDateTimeLocal":"2019-03-29T10:13:00+01:00","stageTimeDurationMs":791100,"stageTimeDuration":"00:13:11.1000000","splitPointTimeId":66195,"splitPointId":2089,"entryId":19424,"elapsedDurationMs":461100,"elapsedDuration":"PT7M41.1S","splitDateTime":"2019-03-29T09:20:41.1","splitDateTimeLocal":"2019-03-29T10:20:41.1+01:00"},{"startDateTime":"2019-03-29T09:10:00","startDateTimeLocal":"2019-03-29T10:10:00+01:00","stageTimeDurationMs":818800,"stageTimeDuration":"00:13:38.8000000","splitPointTimeId":66196,"splitPointId":2089,"entryId":19421,"elapsedDurationMs":476200,"elapsedDuration":"PT7M56.2S","splitDateTime":"2019-03-29T09:17:56.2","splitDateTimeLocal":"2019-03-29T10:17:56.2+01:00"},{"startDateTime":"2019-03-29T09:14:00","startDateTimeLocal":"2019-03-29T10:14:00+01:00","stageTimeDurationMs":774200,"stageTimeDuration":"00:12:54.2000000","splitPointTimeId":66199,"splitPointId":2089,"entryId":19425,"elapsedDurationMs":445600,"elapsedDuration":"PT7M25.6S","splitDateTime":"2019-03-29T09:21:25.6","splitDateTimeLocal":"2019-03-29T10:21:25.6+01:00"},{"startDateTime":"2019-03-29T09:12:00","startDateTimeLocal":"2019-03-29T10:12:00+01:00","stageTimeDurationMs":763400,"stageTimeDuration":"00:12:43.4000000","splitPointTimeId":66200,"splitPointId":2089,"entryId":19423,"elapsedDurationMs":438700,"elapsedDuration":"PT7M18.7S","splitDateTime":"2019-03-29T09:19:18.7","splitDateTimeLocal":"2019-03-29T10:19:18.7+01:00"},{"startDateTime":"2019-03-29T09:15:00","startDateTimeLocal":"2019-03-29T10:15:00+01:00","stageTimeDurationMs":744200,"stageTimeDuration":"00:12:24.2000000","splitPointTimeId":66209,"splitPointId":2089,"entryId":19426,"elapsedDurationMs":432800,"elapsedDuration":"PT7M12.8S","splitDateTime":"2019-03-29T09:22:12.8","splitDateTimeLocal":"2019-03-29T10:22:12.8+01:00"},{"startDateTime":"2019-03-29T09:16:00","startDateTimeLocal":"2019-03-29T10:16:00+01:00","stageTimeDurationMs":814700,"stageTimeDuration":"00:13:34.7000000","splitPointTimeId":66212,"splitPointId":2089,"entryId":19427,"elapsedDurationMs":473700,"elapsedDuration":"PT7M53.7S","splitDateTime":"2019-03-29T09:23:53.7","splitDateTimeLocal":"2019-03-29T10:23:53.7+01:00"},{"startDateTime":"2019-03-29T09:17:00","startDateTimeLocal":"2019-03-29T10:17:00+01:00","stageTimeDurationMs":768000,"stageTimeDuration":"00:12:48","splitPointTimeId":66218,"splitPointId":2089,"entryId":19428,"elapsedDurationMs":447400,"elapsedDuration":"PT7M27.4S","splitDateTime":"2019-03-29T09:24:27.4","splitDateTimeLocal":"2019-03-29T10:24:27.4+01:00"},{"startDateTime":"2019-03-29T09:18:00","startDateTimeLocal":"2019-03-29T10:18:00+01:00","stageTimeDurationMs":790100,"stageTimeDuration":"00:13:10.1000000","splitPointTimeId":66225,"splitPointId":2089,"entryId":19429,"elapsedDurationMs":461500,"elapsedDuration":"PT7M41.5S","splitDateTime":"2019-03-29T09:25:41.5","splitDateTimeLocal":"2019-03-29T10:25:41.5+01:00"},{"startDateTime":"2019-03-29T09:19:00","startDateTimeLocal":"2019-03-29T10:19:00+01:00","stageTimeDurationMs":844000,"stageTimeDuration":"00:14:04","splitPointTimeId":66234,"splitPointId":2089,"entryId":19430,"elapsedDurationMs":484900,"elapsedDuration":"PT8M4.9S","splitDateTime":"2019-03-29T09:27:04.9","splitDateTimeLocal":"2019-03-29T10:27:04.9+01:00"},{"startDateTime":"2019-03-29T09:20:00","startDateTimeLocal":"2019-03-29T10:20:00+01:00","stageTimeDurationMs":860200,"stageTimeDuration":"00:14:20.2000000","splitPointTimeId":66249,"splitPointId":2089,"entryId":19431,"elapsedDurationMs":490900,"elapsedDuration":"PT8M10.9S","splitDateTime":"2019-03-29T09:28:10.9","splitDateTimeLocal":"2019-03-29T10:28:10.9+01:00"},{"startDateTime":"2019-03-29T09:22:00","startDateTimeLocal":"2019-03-29T10:22:00+01:00","stageTimeDurationMs":845500,"stageTimeDuration":"00:14:05.5000000","splitPointTimeId":66251,"splitPointId":2089,"entryId":19433,"elapsedDurationMs":485600,"elapsedDuration":"PT8M5.6S","splitDateTime":"2019-03-29T09:30:05.6","splitDateTimeLocal":"2019-03-29T10:30:05.6+01:00"},{"startDateTime":"2019-03-29T09:21:00","startDateTimeLocal":"2019-03-29T10:21:00+01:00","stageTimeDurationMs":870500,"stageTimeDuration":"00:14:30.5000000","splitPointTimeId":66255,"splitPointId":2089,"entryId":19432,"elapsedDurationMs":507100,"elapsedDuration":"PT8M27.1S","splitDateTime":"2019-03-29T09:29:27.1","splitDateTimeLocal":"2019-03-29T10:29:27.1+01:00"}]