{"splitPoints":[{"splitPointId":2065,"stageId":1029,"number":1,"distance":7.62},{"splitPointId":2067,"stageId":1029,"number":3,"distance":20.96},{"splitPointId":2068,"stageId":1029,"number":4,"distance":23.7},{"splitPointId":2105,"stageId":1029,"number":2,"distance":13.42}],"controls":[{"controlId":4330,"eventId":81,"stageId":1029,"type":"TimeControl","code":"TC5","location":"Zerubia","timingPrecision":"Minute","distance":25.89,"targetDuration":"00:52:00","targetDurationMs":3120000,"firstCarDueDateTime":"2019-03-29T13:57:00","firstCarDueDateTimeLocal":"2019-03-29T14:57:00+01:00","status":"Completed","controlPenalties":"All","roundingPolicy":"NoRounding","locked":false},{"controlId":4331,"eventId":81,"stageId":1029,"type":"FlyingFinish","code":"SF5","location":"Valinco 2","timingPrecision":"Tenth","distance":null,"targetDuration":null,"targetDurationMs":null,"firstCarDueDateTime":null,"firstCarDueDateTimeLocal":null,"status":"Completed","controlPenalties":"None","roundingPolicy":"NoRounding","locked":false},{"controlId":4343,"eventId":81,"stageId":1029,"type":"StageStart","code":"SS5","location":"Valinco 2","timingPrecision":"Minute","distance":25.94,"targetDuration":"00:03:00","targetDurationMs":180000,"firstCarDueDateTime":"2019-03-29T14:00:00","firstCarDueDateTimeLocal":"2019-03-29T15:00:00+01:00","status":"Completed","controlPenalties":"None","roundingPolicy":"RoundToClosestMinute","locked":false}],"stageId":1029,"eventId":81,"number":5,"name":"Valinco 2","distance":25.94,"status":"Completed","stageType":"SpecialStage","timingPrecision":"Tenth","locked":false,"code":"SS5"}