[{"driver":{"personId":670,"countryId":76,"country":{"countryId":76,"name":"France","iso2":"FR","iso3":"FRA"},"firstName":"Sébastien","lastName":"OGIER","abbvName":"S. OGIER","fullName":"Sébastien OGIER","code":"OGI"},"codriver":{"personId":3027,"countryId":76,"country":{"countryId":76,"name":"France","iso2":"FR","iso3":"FRA"},"firstName":"Julien","lastName":"INGRASSIA","abbvName":"J. INGRASSIA","fullName":"Julien INGRASSIA","code":"ING"},"manufacturer":{"manufacturerId":13,"name":"Citroen","logoFilename":"citroen"},"entrant":{"entrantId":965,"name":"CITROEN TOTAL WRT","logoFilename":""},"group":{"groupId":10,"name":"WRC"},"tag":null,"eventClasses":[{"eventClassId":541,"eventId":89,"name":"RC1"}],"entryId":20360,"eventId":89,"driverId":670,"codriverId":3027,"manufacturerId":13,"entrantId":965,"groupId":10,"tagId":null,"entryListOrder":1,"identifier":"1","vehicleModel":"C3 WRC","eligibility":"M","priority":"P1","status":"Entry","tyreManufacturer":"Michelin"},{"driver":{"personId":566,"countryId":75,"country":{"countryId":75,"name":"Finland","iso2":"FI","iso3":"FIN"},"firstName":"Teemu","lastName":"SUNINEN","abbvName":"T. SUNINEN","fullName":"Teemu SUNINEN","code":"SUN"},"codriver":{"personId":2470,"countryId":75,"country":{"countryId":75,"name":"Finland","iso2":"FI","iso3":"FIN"},"firstName":"Jarmo","lastName":"LEHTINEN","abbvName":"J. LEHTINEN","fullName":"Jarmo LEHTINEN","code":"LEH"},"manufacturer":{"manufacturerId":26,"name":"Ford","logoFilename":"ford"},"entrant":{"entrantId":94,"name":"M-SPORT FORD WORLD RALLY TEAM","logoFilename":null},"group":{"groupId":10,"name":"WRC"},"tag":null,"eventClasses":[{"eventClassId":541,"eventId":89,"name":"RC1"}],"entryId":20361,"eventId":89,"driverId":566,"codriverId":2470,"manufacturerId":26,"entrantId":94,"groupId":10,"tagId":null,"entryListOrder":2,"identifier":"3","vehicleModel":"Fiesta WRC","eligibility":"M","priority":"P1","status":"Retired","tyreManufacturer":"Michelin"},{"driver":{"personId":548,"countryId":75,"country":{"countryId":75,"name":"Finland","iso2":"FI","iso3":"FIN"},"firstName":"Esapekka","lastName":"LAPPI","abbvName":"E. LAPPI","fullName":"Esapekka LAPPI","code":"LAP"},"codriver":{"personId":549,"countryId":75,"country":{"countryId":75,"name":"Finland","iso2":"FI","iso3":"FIN"},"firstName":"Janne","lastName":"FERM","abbvName":"J. FERM","fullName":"Janne FERM","code":"FER"},"manufacturer":{"manufacturerId":13,"name":"Citroen","logoFilename":"citroen"},"entrant":{"entrantId":965,"name":"CITROEN TOTAL WRT","logoFilename":""},"group":{"groupId":10,"name":"WRC"},"tag":null,"eventClasses":[{"eventClassId":541,"eventId":89,"name":"RC1"}],"entryId":20362,"eventId":89,"driverId":548,"codriverId":549,"manufacturerId":13,"entrantId":965,"groupId":10,"tagId":null,"entryListOrder":3,"identifier":"4","vehicleModel":"C3 WRC","eligibility":"M","priority":"P1","status":"Rejoined","tyreManufacturer":"Michelin"},{"driver":{"personId":550,"countryId":235,"country":{"countryId":235,"name":"United Kingdom of Great Britain and Northern Ireland","iso2":"GB","iso3":"GBR"},"firstName":"Kris","lastName":"MEEKE","abbvName":"K. MEEKE","fullName":"Kris MEEKE","code":"MEE"},"codriver":{"personId":765,"countryId":235,"country":{"countryId":235,"name":"United Kingdom of Great Britain and Northern Ireland","iso2":"GB","iso3":"GBR"},"firstName":"Sebastian","lastName":"MARSHALL","abbvName":"S. MARSHALL","fullName":"Sebastian MARSHALL","code":"MAR"},"manufacturer":{"manufacturerId":84,"name":"Toyota","logoFilename":"toyota"},"entrant":{"entrantId":91,"name":"TOYOTA GAZOO RACING WRT","logoFilename":null},"group":{"groupId":10,"name":"WRC"},"tag":null,"eventClasses":[{"eventClassId":541,"eventId":89,"name":"RC1"}],"entryId":20363,"eventId":89,"driverId":550,"codriverId":765,"manufacturerId":84,"entrantId":91,"groupId":10,"tagId":null,"entryListOrder":4,"identifier":"5","vehicleModel":"Yaris WRC","eligibility":"M","priority":"P1","status":"Entry","tyreManufacturer":"Michelin"},{"driver":{"personId":2084,"countryId":215,"country":{"countryId":215,"name":"Sweden","iso2":"SE","iso3":"SWE"},"firstName":"Pontus","lastName":"TIDEMAND","abbvName":"P. TIDEMAND","fullName":"Pontus TIDEMAND","code":"TID"},"codriver":{"personId":1812,"countryId":166,"country":{"countryId":166,"name":"Norway","iso2":"NO","iso3":"NOR"},"firstName":"Ola","lastName":"FLOENE","abbvName":"O. FLOENE","fullName":"Ola FLOENE","code":"FLO"},"manufacturer":{"manufacturerId":26,"name":"Ford","logoFilename":"ford"},"entrant":{"entrantId":94,"name":"M-SPORT FORD WORLD RALLY TEAM","logoFilename":null},"group":{"groupId":10,"name":"WRC"},"tag":null,"eventClasses":[{"eventClassId":541,"eventId":89,"name":"RC1"}],"entryId":20364,"eventId":89,"driverId":2084,"codriverId":1812,"manufacturerId":26,"entrantId":94,"groupId":10,"tagId":null,"entryListOrder":5,"identifier":"7","vehicleModel":"Fiesta WRC","eligibility":"M","priority":"P1","status":"Entry","tyreManufacturer":"Michelin"},{"driver":{"personId":524,"countryId":70,"country":{"countryId":70,"name":"Estonia","iso2":"EE","iso3":"EST"},"firstName":"Ott","lastName":"TÄNAK","abbvName":"O. TÄNAK","fullName":"Ott TÄNAK","code":"TÄN"},"codriver":{"personId":525,"countryId":70,"country":{"countryId":70,"name":"Estonia","iso2":"EE","iso3":"EST"},"firstName":"Martin","lastName":"JÄRVEOJA","abbvName":"M. JÄRVEOJA","fullName":"Martin JÄRVEOJA","code":"JAR"},"manufacturer":{"manufacturerId":84,"name":"Toyota","logoFilename":"toyota"},"entrant":{"entrantId":91,"name":"TOYOTA GAZOO RACING WRT","logoFilename":null},"group":{"groupId":10,"name":"WRC"},"tag":null,"eventClasses":[{"eventClassId":541,"eventId":89,"name":"RC1"}],"entryId":20365,"eventId":89,"driverId":524,"codriverId":525,"manufacturerId":84,"entrantId":91,"groupId":10,"tagId":null,"entryListOrder":6,"identifier":"8","vehicleModel":"Yaris WRC","eligibility":"M","priority":"P1","status":"Entry","tyreManufacturer":"Michelin"},{"driver":{"personId":526,"countryId":75,"country":{"countryId":75,"name":"Finland","iso2":"FI","iso3":"FIN"},"firstName":"Jari-Matti","lastName":"LATVALA","abbvName":"J. LATVALA","fullName":"Jari-Matti LATVALA","code":"LAT"},"codriver":{"personId":1244,"countryId":75,"country":{"countryId":75,"name":"Finland","iso2":"FI","iso3":"FIN"},"firstName":"Miikka","lastName":"ANTTILA","abbvName":"M. ANTTILA","fullName":"Miikka ANTTILA","code":"ANT"},"manufacturer":{"manufacturerId":84,"name":"Toyota","logoFilename":"toyota"},"entrant":{"entrantId":91,"name":"TOYOTA GAZOO RACING WRT","logoFilename":null},"group":{"groupId":10,"name":"WRC"},"tag":null,"eventClasses":[{"eventClassId":541,"eventId":89,"name":"RC1"}],"entryId":20366,"eventId":89,"driverId":526,"codriverId":1244,"manufacturerId":84,"entrantId":91,"groupId":10,"tagId":null,"entryListOrder":7,"identifier":"10","vehicleModel":"Yaris WRC","eligibility":"M","priority":"P1","status":"Retired","tyreManufacturer":"Michelin"},{"driver":{"personId":762,"countryId":22,"country":{"countryId":22,"name":"Belgium","iso2":"BE","iso3":"BEL"},"firstName":"Thierry","lastName":"NEUVILLE","abbvName":"T. NEUVILLE","fullName":"Thierry NEUVILLE","code":"NEU"},"codriver":{"personId":4883,"countryId":22,"country":{"countryId":22,"name":"Belgium","iso2":"BE","iso3":"BEL"},"firstName":"Nicolas","lastName":"GILSOUL","abbvName":"N. GILSOUL","fullName":"Nicolas GILSOUL","code":"GIL"},"manufacturer":{"manufacturerId":33,"name":"Hyundai","logoFilename":"hyundai"},"entrant":{"entrantId":166,"name":"HYUNDAI SHELL MOBIS WORLD RALLY TEAM","logoFilename":null},"group":{"groupId":10,"name":"WRC"},"tag":null,"eventClasses":[{"eventClassId":541,"eventId":89,"name":"RC1"}],"entryId":20367,"eventId":89,"driverId":762,"codriverId":4883,"manufacturerId":33,"entrantId":166,"groupId":10,"tagId":null,"entryListOrder":8,"identifier":"11","vehicleModel":"i20 Coupe WRC","eligibility":"M","priority":"P1","status":"Entry","tyreManufacturer":"Michelin"},{"driver":{"personId":534,"countryId":235,"country":{"countryId":235,"name":"United Kingdom of Great Britain and Northern Ireland","iso2":"GB","iso3":"GBR"},"firstName":"Elfyn","lastName":"EVANS","abbvName":"E. EVANS","fullName":"Elfyn EVANS","code":"EVA"},"codriver":{"personId":553,"countryId":235,"country":{"countryId":235,"name":"United Kingdom of Great Britain and Northern Ireland","iso2":"GB","iso3":"GBR"},"firstName":"Scott","lastName":"MARTIN","abbvName":"S. MARTIN","fullName":"Scott MARTIN","code":"MAR"},"manufacturer":{"manufacturerId":26,"name":"Ford","logoFilename":"ford"},"entrant":{"entrantId":94,"name":"M-SPORT FORD WORLD RALLY TEAM","logoFilename":null},"group":{"groupId":10,"name":"WRC"},"tag":null,"eventClasses":[{"eventClassId":541,"eventId":89,"name":"RC1"}],"entryId":20368,"eventId":89,"driverId":534,"codriverId":553,"manufacturerId":26,"entrantId":94,"groupId":10,"tagId":null,"entryListOrder":9,"identifier":"33","vehicleModel":"Fiesta WRC","eligibility":"M","priority":"P1","status":"Entry","tyreManufacturer":"Michelin"},{"driver":{"personId":552,"countryId":107,"country":{"countryId":107,"name":"Ireland","iso2":"IE","iso3":"IRL"},"firstName":"Craig","lastName":"BREEN","abbvName":"C. BREEN","fullName":"Craig BREEN","code":"BRE"},"codriver":{"personId":551,"countryId":107,"country":{"countryId":107,"name":"Ireland","iso2":"IE","iso3":"IRL"},"firstName":"Paul","lastName":"NAGLE","abbvName":"P. NAGLE","fullName":"Paul NAGLE","code":"NAG"},"manufacturer":{"manufacturerId":33,"name":"Hyundai","logoFilename":"hyundai"},"entrant":{"entrantId":166,"name":"HYUNDAI SHELL MOBIS WORLD RALLY TEAM","logoFilename":null},"group":{"groupId":10,"name":"WRC"},"tag":null,"eventClasses":[{"eventClassId":541,"eventId":89,"name":"RC1"}],"entryId":20369,"eventId":89,"driverId":552,"codriverId":551,"manufacturerId":33,"entrantId":166,"groupId":10,"tagId":null,"entryListOrder":10,"identifier":"42","vehicleModel":"i20 Coupe WRC","eligibility":"M","priority":"P1","status":"Entry","tyreManufacturer":"Michelin"},{"driver":{"personId":538,"countryId":166,"country":{"countryId":166,"name":"Norway","iso2":"NO","iso3":"NOR"},"firstName":"Andreas","lastName":"MIKKELSEN","abbvName":"A. MIKKELSEN","fullName":"Andreas MIKKELSEN","code":"MIK"},"codriver":{"personId":4675,"countryId":166,"country":{"countryId":166,"name":"Norway","iso2":"NO","iso3":"NOR"},"firstName":"Anders","lastName":"JAEGER","abbvName":"A. JAEGER","fullName":"Anders JAEGER","code":"JAE"},"manufacturer":{"manufacturerId":33,"name":"Hyundai","logoFilename":"hyundai"},"entrant":{"entrantId":166,"name":"HYUNDAI SHELL MOBIS WORLD RALLY TEAM","logoFilename":null},"group":{"groupId":10,"name":"WRC"},"tag":null,"eventClasses":[{"eventClassId":541,"eventId":89,"name":"RC1"}],"entryId":20370,"eventId":89,"driverId":538,"codriverId":4675,"manufacturerId":33,"entrantId":166,"groupId":10,"tagId":null,"entryListOrder":11,"identifier":"89","vehicleModel":"i20 Coupe WRC","eligibility":"M","priority":"P1","status":"Entry","tyreManufacturer":"Michelin"},{"driver":{"personId":700,"countryId":75,"country":{"countryId":75,"name":"Finland","iso2":"FI","iso3":"FIN"},"firstName":"Kalle","lastName":"ROVANPERÄ","abbvName":"K. ROVANPERÄ","fullName":"Kalle ROVANPERÄ","code":"ROV"},"codriver":{"personId":587,"countryId":75,"country":{"countryId":75,"name":"Finland","iso2":"FI","iso3":"FIN"},"firstName":"Jonne","lastName":"HALTTUNEN","abbvName":"J. HALTTUNEN","fullName":"Jonne HALTTUNEN","code":"HAL"},"manufacturer":{"manufacturerId":77,"name":"Skoda","logoFilename":"skoda"},"entrant":{"entrantId":92,"name":"SKODA MOTORSPORT","logoFilename":null},"group":{"groupId":8,"name":"R5"},"tag":null,"eventClasses":[{"eventClassId":542,"eventId":89,"name":"RC2"}],"entryId":20371,"eventId":89,"driverId":700,"codriverId":587,"manufacturerId":77,"entrantId":92,"groupId":8,"tagId":null,"entryListOrder":12,"identifier":"21","vehicleModel":"Fabia R5 EVO","eligibility":"WRC2PRO","priority":"P2P","status":"Entry","tyreManufacturer":"Michelin"},{"driver":{"personId":770,"countryId":166,"country":{"countryId":166,"name":"Norway","iso2":"NO","iso3":"NOR"},"firstName":"Mads","lastName":"OSTBERG","abbvName":"M. OSTBERG","fullName":"Mads OSTBERG","code":"OST"},"codriver":{"personId":771,"countryId":166,"country":{"countryId":166,"name":"Norway","iso2":"NO","iso3":"NOR"},"firstName":"Torstein","lastName":"ERIKSEN","abbvName":"T. ERIKSEN","fullName":"Torstein ERIKSEN","code":"ERI"},"manufacturer":{"manufacturerId":13,"name":"Citroen","logoFilename":"citroen"},"entrant":{"entrantId":366,"name":"CITROEN TOTAL","logoFilename":null},"group":{"groupId":8,"name":"R5"},"tag":null,"eventClasses":[{"eventClassId":542,"eventId":89,"name":"RC2"}],"entryId":20372,"eventId":89,"driverId":770,"codriverId":771,"manufacturerId":13,"entrantId":366,"groupId":8,"tagId":null,"entryListOrder":13,"identifier":"22","vehicleModel":"C3 R5","eligibility":"WRC2PRO","priority":"P2P","status":"Rejoined","tyreManufacturer":"Michelin"},{"driver":{"personId":628,"countryId":235,"country":{"countryId":235,"name":"United Kingdom of Great Britain and Northern Ireland","iso2":"GB","iso3":"GBR"},"firstName":"Gus","lastName":"GREENSMITH","abbvName":"G. GREENSMITH","fullName":"Gus GREENSMITH","code":"GRE"},"codriver":{"personId":4078,"countryId":235,"country":{"countryId":235,"name":"United Kingdom of Great Britain and Northern Ireland","iso2":"GB","iso3":"GBR"},"firstName":"Elliott","lastName":"EDMONDSON","abbvName":"E. EDMONDSON","fullName":"Elliott EDMONDSON","code":"EDM"},"manufacturer":{"manufacturerId":26,"name":"Ford","logoFilename":"ford"},"entrant":{"entrantId":94,"name":"M-SPORT FORD WORLD RALLY TEAM","logoFilename":null},"group":{"groupId":8,"name":"R5"},"tag":null,"eventClasses":[{"eventClassId":542,"eventId":89,"name":"RC2"}],"entryId":20373,"eventId":89,"driverId":628,"codriverId":4078,"manufacturerId":26,"entrantId":94,"groupId":8,"tagId":null,"entryListOrder":14,"identifier":"23","vehicleModel":"Fiesta R5 MKII","eligibility":"WRC2PRO","priority":"P2P","status":"Rejoined","tyreManufacturer":"Michelin"},{"driver":{"personId":4509,"countryId":60,"country":{"countryId":60,"name":"Czech Republic","iso2":"CZ","iso3":"CZE"},"firstName":"Jan","lastName":"KOPECKY","abbvName":"J. KOPECKY","fullName":"Jan KOPECKY","code":"KOP"},"codriver":{"personId":5435,"countryId":60,"country":{"countryId":60,"name":"Czech Republic","iso2":"CZ","iso3":"CZE"},"firstName":"Jan","lastName":"HLOUSEK","abbvName":"J. HLOUSEK","fullName":"Jan HLOUSEK","code":"HLO"},"manufacturer":{"manufacturerId":77,"name":"Skoda","logoFilename":"skoda"},"entrant":{"entrantId":92,"name":"SKODA MOTORSPORT","logoFilename":null},"group":{"groupId":8,"name":"R5"},"tag":null,"eventClasses":[{"eventClassId":542,"eventId":89,"name":"RC2"}],"entryId":20374,"eventId":89,"driverId":4509,"codriverId":5435,"manufacturerId":77,"entrantId":92,"groupId":8,"tagId":null,"entryListOrder":15,"identifier":"24","vehicleModel":"Fabia R5 EVO","eligibility":"WRC2PRO","priority":"P2P","status":"Entry","tyreManufacturer":"Michelin"},{"driver":{"personId":764,"countryId":159,"country":{"countryId":159,"name":"New Zealand","iso2":"NZ","iso3":"NZL"},"firstName":"Hayden","lastName":"PADDON","abbvName":"H. PADDON","fullName":"Hayden PADDON","code":"PAD"},"codriver":{"personId":5275,"countryId":159,"country":{"countryId":159,"name":"New Zealand","iso2":"NZ","iso3":"NZL"},"firstName":"John","lastName":"KENNARD","abbvName":"J. KENNARD","fullName":"John KENNARD","code":"KEN"},"manufacturer":{"manufacturerId":26,"name":"Ford","logoFilename":"ford"},"entrant":{"entrantId":94,"name":"M-SPORT FORD WORLD RALLY TEAM","logoFilename":null},"group":{"groupId":8,"name":"R5"},"tag":null,"eventClasses":[{"eventClassId":542,"eventId":89,"name":"RC2"}],"entryId":20375,"eventId":89,"driverId":764,"codriverId":5275,"manufacturerId":26,"entrantId":94,"groupId":8,"tagId":null,"entryListOrder":16,"identifier":"25","vehicleModel":"Fiesta R5 MKII","eligibility":"WRC2PRO","priority":"P2P","status":"Rejoined","tyreManufacturer":"Michelin"},{"driver":{"personId":4884,"countryId":144,"country":{"countryId":144,"name":"Mexico","iso2":"MX","iso3":"MEX"},"firstName":"Benito","lastName":"GUERRA","abbvName":"B. GUERRA","fullName":"Benito GUERRA","code":"GUE"},"codriver":{"personId":5437,"countryId":209,"country":{"countryId":209,"name":"Spain","iso2":"ES","iso3":"ESP"},"firstName":"Daniel","lastName":"CUE","abbvName":"D. CUE","fullName":"Daniel CUE","code":"Cue"},"manufacturer":{"manufacturerId":77,"name":"Skoda","logoFilename":"skoda"},"entrant":{"entrantId":1058,"name":"BENITO GUERRA","logoFilename":null},"group":{"groupId":8,"name":"R5"},"tag":null,"eventClasses":[{"eventClassId":542,"eventId":89,"name":"RC2"}],"entryId":20376,"eventId":89,"driverId":4884,"codriverId":5437,"manufacturerId":77,"entrantId":1058,"groupId":8,"tagId":null,"entryListOrder":17,"identifier":"41","vehicleModel":"Fabia R5 EVO","eligibility":"WRC2","priority":"P2","status":"Entry","tyreManufacturer":"Michelin"},{"driver":{"personId":2469,"countryId":76,"country":{"countryId":76,"name":"France","iso2":"FR","iso3":"FRA"},"firstName":"Pierre-Louis","lastName":"LOUBET","abbvName":"P. LOUBET","fullName":"Pierre-Louis LOUBET","code":"LOU"},"codriver":{"personId":589,"countryId":76,"country":{"countryId":76,"name":"France","iso2":"FR","iso3":"FRA"},"firstName":"Vincent","lastName":"LANDAIS","abbvName":"V. LANDAIS","fullName":"Vincent LANDAIS","code":"LAN"},"manufacturer":{"manufacturerId":77,"name":"Skoda","logoFilename":"skoda"},"entrant":{"entrantId":1185,"name":"PIERRE-LOUIS LOUBET","logoFilename":""},"group":{"groupId":8,"name":"R5"},"tag":null,"eventClasses":[{"eventClassId":542,"eventId":89,"name":"RC2"}],"entryId":20377,"eventId":89,"driverId":2469,"codriverId":589,"manufacturerId":77,"entrantId":1185,"groupId":8,"tagId":null,"entryListOrder":18,"identifier":"43","vehicleModel":"Fabia R5 Evo","eligibility":"WRC2","priority":"P2","status":"Entry","tyreManufacturer":"Michelin"},{"driver":{"personId":582,"countryId":166,"country":{"countryId":166,"name":"Norway","iso2":"NO","iso3":"NOR"},"firstName":"Ole Christian","lastName":"VEIBY","abbvName":"O. VEIBY","fullName":"Ole Christian VEIBY","code":"VEI"},"codriver":{"personId":2085,"countryId":215,"country":{"countryId":215,"name":"Sweden","iso2":"SE","iso3":"SWE"},"firstName":"Jonas","lastName":"ANDERSSON","abbvName":"J. ANDERSSON","fullName":"Jonas ANDERSSON","code":"AND"},"manufacturer":{"manufacturerId":87,"name":"Volkswagen","logoFilename":"volkswagen"},"entrant":{"entrantId":821,"name":"OLE CHRISTIAN VEIBY","logoFilename":""},"group":{"groupId":8,"name":"R5"},"tag":null,"eventClasses":[{"eventClassId":542,"eventId":89,"name":"RC2"}],"entryId":20378,"eventId":89,"driverId":582,"codriverId":2085,"manufacturerId":87,"entrantId":821,"groupId":8,"tagId":null,"entryListOrder":19,"identifier":"44","vehicleModel":"Polo R5","eligibility":"WRC2","priority":"P2","status":"Rejoined","tyreManufacturer":"Michelin"},{"driver":{"personId":2475,"countryId":177,"country":{"countryId":177,"name":"Poland","iso2":"PL","iso3":"POL"},"firstName":"Kajetan","lastName":"KAJETANOWICZ","abbvName":"K. KAJETANOWICZ","fullName":"Kajetan KAJETANOWICZ","code":"KAJ"},"codriver":{"personId":3144,"countryId":177,"country":{"countryId":177,"name":"Poland","iso2":"PL","iso3":"POL"},"firstName":"Maciej","lastName":"SZCZEPANIAK","abbvName":"M. SZCZEPANIAK","fullName":"Maciej SZCZEPANIAK","code":"SZC"},"manufacturer":{"manufacturerId":87,"name":"Volkswagen","logoFilename":"volkswagen"},"entrant":{"entrantId":1136,"name":"KAJETAN KAJETANOWICZ","logoFilename":""},"group":{"groupId":8,"name":"R5"},"tag":null,"eventClasses":[{"eventClassId":542,"eventId":89,"name":"RC2"}],"entryId":20379,"eventId":89,"driverId":2475,"codriverId":3144,"manufacturerId":87,"entrantId":1136,"groupId":8,"tagId":null,"entryListOrder":20,"identifier":"45","vehicleModel":"Polo R5","eligibility":"WRC2","priority":"P2","status":"Rejoined","tyreManufacturer":"Pirelli"},{"driver":{"personId":2052,"countryId":45,"country":{"countryId":45,"name":"Chile","iso2":"CL","iso3":"CHL"},"firstName":"Alberto","lastName":"HELLER","abbvName":"A. HELLER","fullName":"Alberto HELLER","code":"HEL"},"codriver":{"personId":2053,"countryId":11,"country":{"countryId":11,"name":"Argentina","iso2":"AR","iso3":"ARG"},"firstName":"Jose","lastName":"DIAZ","abbvName":"J. DIAZ","fullName":"Jose DIAZ","code":"DIA"},"manufacturer":{"manufacturerId":87,"name":"Volkswagen","logoFilename":"volkswagen"},"entrant":{"entrantId":1061,"name":"ALBERTO HELLER","logoFilename":null},"group":{"groupId":8,"name":"R5"},"tag":null,"eventClasses":[{"eventClassId":542,"eventId":89,"name":"RC2"}],"entryId":20380,"eventId":89,"driverId":2052,"codriverId":2053,"manufacturerId":87,"entrantId":1061,"groupId":8,"tagId":null,"entryListOrder":21,"identifier":"46","vehicleModel":"Polo R5","eligibility":"WRC2","priority":"P2","status":"Entry","tyreManufacturer":"Michelin"},{"driver":{"personId":1807,"countryId":110,"country":{"countryId":110,"name":"Italy","iso2":"IT","iso3":"ITA"},"firstName":"Fabio","lastName":"ANDOLFI","abbvName":"F. ANDOLFI","fullName":"Fabio ANDOLFI","code":"AND"},"codriver":{"personId":3115,"countryId":110,"country":{"countryId":110,"name":"Italy","iso2":"IT","iso3":"ITA"},"firstName":"Emanuele","lastName":"INGLESI","abbvName":"E. INGLESI","fullName":"Emanuele INGLESI","code":"ITA"},"manufacturer":{"manufacturerId":77,"name":"Skoda","logoFilename":"skoda"},"entrant":{"entrantId":1205,"name":"FABIO ANDOLFI","logoFilename":""},"group":{"groupId":8,"name":"R5"},"tag":null,"eventClasses":[{"eventClassId":542,"eventId":89,"name":"RC2"}],"entryId":20381,"eventId":89,"driverId":1807,"codriverId":3115,"manufacturerId":77,"entrantId":1205,"groupId":8,"tagId":null,"entryListOrder":22,"identifier":"47","vehicleModel":"Fabia R5","eligibility":"WRC2","priority":"P2","status":"Entry","tyreManufacturer":"Pirelli"},{"driver":{"personId":772,"countryId":166,"country":{"countryId":166,"name":"Norway","iso2":"NO","iso3":"NOR"},"firstName":"Henning","lastName":"SOLBERG","abbvName":"H. SOLBERG","fullName":"Henning SOLBERG","code":"HSO"},"codriver":{"personId":3257,"countryId":15,"country":{"countryId":15,"name":"Austria","iso2":"AT","iso3":"AUT"},"firstName":"Ilka","lastName":"MINOR","abbvName":"I. MINOR","fullName":"Ilka MINOR","code":"MIN"},"manufacturer":{"manufacturerId":77,"name":"Skoda","logoFilename":"skoda"},"entrant":{"entrantId":172,"name":"HENNING SOLBERG","logoFilename":null},"group":{"groupId":8,"name":"R5"},"tag":null,"eventClasses":[{"eventClassId":542,"eventId":89,"name":"RC2"}],"entryId":20382,"eventId":89,"driverId":772,"codriverId":3257,"manufacturerId":77,"entrantId":172,"groupId":8,"tagId":null,"entryListOrder":23,"identifier":"48","vehicleModel":"Fabia R5","eligibility":"WRC2","priority":"P2","status":"NonStarter","tyreManufacturer":"Michelin"},{"driver":{"personId":1253,"countryId":27,"country":{"countryId":27,"name":"Bolivia (Plurinational State of)","iso2":"BO","iso3":"BOL"},"firstName":"Marco","lastName":"BULACIA","abbvName":"M. BULACIA","fullName":"Marco BULACIA","code":"BUL"},"codriver":{"personId":2051,"countryId":11,"country":{"countryId":11,"name":"Argentina","iso2":"AR","iso3":"ARG"},"firstName":"Fabian","lastName":"CRETU","abbvName":"F. CRETU","fullName":"Fabian CRETU","code":"CRE"},"manufacturer":{"manufacturerId":77,"name":"Skoda","logoFilename":"skoda"},"entrant":{"entrantId":344,"name":"MARCO BULACIA WILKINSON","logoFilename":null},"group":{"groupId":8,"name":"R5"},"tag":null,"eventClasses":[{"eventClassId":542,"eventId":89,"name":"RC2"}],"entryId":20383,"eventId":89,"driverId":1253,"codriverId":2051,"manufacturerId":77,"entrantId":344,"groupId":8,"tagId":null,"entryListOrder":24,"identifier":"49","vehicleModel":"Fabia R5","eligibility":"WRC2","priority":"P2","status":"Entry","tyreManufacturer":"Pirelli"},{"driver":{"personId":4088,"countryId":32,"country":{"countryId":32,"name":"Brazil","iso2":"BR","iso3":"BRA"},"firstName":"Paulo","lastName":"NOBRE","abbvName":"P. NOBRE","fullName":"Paulo NOBRE","code":"NOB"},"codriver":{"personId":4089,"countryId":32,"country":{"countryId":32,"name":"Brazil","iso2":"BR","iso3":"BRA"},"firstName":"Gabriel","lastName":"MORALES","abbvName":"G. MORALES","fullName":"Gabriel MORALES","code":"MOR"},"manufacturer":{"manufacturerId":77,"name":"Skoda","logoFilename":"skoda"},"entrant":{"entrantId":1137,"name":"PAULO NOBRE","logoFilename":""},"group":{"groupId":8,"name":"R5"},"tag":null,"eventClasses":[{"eventClassId":542,"eventId":89,"name":"RC2"}],"entryId":20384,"eventId":89,"driverId":4088,"codriverId":4089,"manufacturerId":77,"entrantId":1137,"groupId":8,"tagId":null,"entryListOrder":25,"identifier":"50","vehicleModel":"Fabia R5","eligibility":"WRC2","priority":"P2","status":"Entry","tyreManufacturer":"Pirelli"},{"driver":{"personId":4077,"countryId":235,"country":{"countryId":235,"name":"United Kingdom of Great Britain and Northern Ireland","iso2":"GB","iso3":"GBR"},"firstName":"Rhys","lastName":"YATES","abbvName":"R. YATES","fullName":"Rhys YATES","code":"YAT"},"codriver":{"personId":4080,"countryId":235,"country":{"countryId":235,"name":"United Kingdom of Great Britain and Northern Ireland","iso2":"GB","iso3":"GBR"},"firstName":"James","lastName":"MORGAN","abbvName":"J. MORGAN","fullName":"James MORGAN","code":"MOR"},"manufacturer":{"manufacturerId":33,"name":"Hyundai","logoFilename":"hyundai"},"entrant":{"entrantId":1193,"name":"RHYS YATES","logoFilename":""},"group":{"groupId":8,"name":"R5"},"tag":null,"eventClasses":[{"eventClassId":542,"eventId":89,"name":"RC2"}],"entryId":20385,"eventId":89,"driverId":4077,"codriverId":4080,"manufacturerId":33,"entrantId":1193,"groupId":8,"tagId":null,"entryListOrder":26,"identifier":"51","vehicleModel":"NG i20 R5","eligibility":"WRC2","priority":"P2","status":"Rejoined","tyreManufacturer":"Pirelli"},{"driver":{"personId":3228,"countryId":182,"country":{"countryId":182,"name":"Romania","iso2":"RO","iso3":"ROU"},"firstName":"Simone","lastName":"TEMPESTINI","abbvName":"S. TEMPESTINI","fullName":"Simone TEMPESTINI","code":"TEM"},"codriver":{"personId":3229,"countryId":182,"country":{"countryId":182,"name":"Romania","iso2":"RO","iso3":"ROU"},"firstName":"Sergiu","lastName":"ITU","abbvName":"S. ITU","fullName":"Sergiu ITU","code":"SER"},"manufacturer":{"manufacturerId":33,"name":"Hyundai","logoFilename":"hyundai"},"entrant":{"entrantId":463,"name":"SIMONE TEMPESTINI","logoFilename":null},"group":{"groupId":8,"name":"R5"},"tag":null,"eventClasses":[{"eventClassId":542,"eventId":89,"name":"RC2"}],"entryId":20386,"eventId":89,"driverId":3228,"codriverId":3229,"manufacturerId":33,"entrantId":463,"groupId":8,"tagId":null,"entryListOrder":27,"identifier":"52","vehicleModel":"NG i20 R5","eligibility":"WRC2","priority":"P2","status":"NonStarter","tyreManufacturer":"None"},{"driver":{"personId":4676,"countryId":76,"country":{"countryId":76,"name":"France","iso2":"FR","iso3":"FRA"},"firstName":"Adrien","lastName":"FOURMAUX","abbvName":"A. FOURMAUX","fullName":"Adrien FOURMAUX","code":"FOU"},"codriver":{"personId":4677,"countryId":22,"country":{"countryId":22,"name":"Belgium","iso2":"BE","iso3":"BEL"},"firstName":"Renaud","lastName":"JAMOUL","abbvName":"R. JAMOUL","fullName":"Renaud JAMOUL","code":"JAM"},"manufacturer":{"manufacturerId":26,"name":"Ford","logoFilename":"ford"},"entrant":{"entrantId":1032,"name":"ADRIEN FOURMAUX","logoFilename":""},"group":{"groupId":8,"name":"R5"},"tag":null,"eventClasses":[{"eventClassId":542,"eventId":89,"name":"RC2"}],"entryId":20387,"eventId":89,"driverId":4676,"codriverId":4677,"manufacturerId":26,"entrantId":1032,"groupId":8,"tagId":null,"entryListOrder":28,"identifier":"53","vehicleModel":"Fiesta R5","eligibility":"WRC2","priority":"P2","status":"Entry","tyreManufacturer":"Michelin"},{"driver":{"personId":5357,"countryId":215,"country":{"countryId":215,"name":"Sweden","iso2":"SE","iso3":"SWE"},"firstName":"Oliver","lastName":"SOLBERG","abbvName":"O. SOLBERG","fullName":"Oliver SOLBERG","code":"SOL"},"codriver":{"personId":5358,"countryId":235,"country":{"countryId":235,"name":"United Kingdom of Great Britain and Northern Ireland","iso2":"GB","iso3":"GBR"},"firstName":"Aaron","lastName":"JOHNSTON","abbvName":"A. JOHNSTON","fullName":"Aaron JOHNSTON","code":"JOH"},"manufacturer":{"manufacturerId":87,"name":"Volkswagen","logoFilename":"volkswagen"},"entrant":{"entrantId":1290,"name":"OLIVER SOLBERG","logoFilename":""},"group":{"groupId":8,"name":"R5"},"tag":null,"eventClasses":[{"eventClassId":542,"eventId":89,"name":"RC2"}],"entryId":20388,"eventId":89,"driverId":5357,"codriverId":5358,"manufacturerId":87,"entrantId":1290,"groupId":8,"tagId":null,"entryListOrder":29,"identifier":"54","vehicleModel":"Polo R5","eligibility":"WRC2","priority":"P2","status":"Retired","tyreManufacturer":"Pirelli"},{"driver":{"personId":4515,"countryId":166,"country":{"countryId":166,"name":"Norway","iso2":"NO","iso3":"NOR"},"firstName":"Petter","lastName":"SOLBERG","abbvName":"P. SOLBERG","fullName":"Petter SOLBERG","code":"PSO"},"codriver":{"personId":1909,"countryId":235,"country":{"countryId":235,"name":"United Kingdom of Great Britain and Northern Ireland","iso2":"GB","iso3":"GBR"},"firstName":"Phil","lastName":"MILLS","abbvName":"P. MILLS","fullName":"Phil MILLS","code":"GBR"},"manufacturer":{"manufacturerId":87,"name":"Volkswagen","logoFilename":"volkswagen"},"entrant":{"entrantId":1291,"name":"PETTER SOLBERG","logoFilename":""},"group":{"groupId":8,"name":"R5"},"tag":null,"eventClasses":[{"eventClassId":542,"eventId":89,"name":"RC2"}],"entryId":20389,"eventId":89,"driverId":4515,"codriverId":1909,"manufacturerId":87,"entrantId":1291,"groupId":8,"tagId":null,"entryListOrder":30,"identifier":"55","vehicleModel":"Polo R5","eligibility":"WRC2","priority":"P2","status":"Entry","tyreManufacturer":"Pirelli"},{"driver":{"personId":570,"countryId":22,"country":{"countryId":22,"name":"Belgium","iso2":"BE","iso3":"BEL"},"firstName":"Guillaume","lastName":"DE MEVIUS","abbvName":"G. DE MEVIUS","fullName":"Guillaume DE MEVIUS","code":"MEV"},"codriver":{"personId":851,"countryId":22,"country":{"countryId":22,"name":"Belgium","iso2":"BE","iso3":"BEL"},"firstName":"Martijn","lastName":"WYDAEGHE","abbvName":"M. WYDAEGHE","fullName":"Martijn WYDAEGHE","code":"WYD"},"manufacturer":{"manufacturerId":13,"name":"Citroen","logoFilename":"citroen"},"entrant":{"entrantId":365,"name":"GUILLAUME DE MEVIUS","logoFilename":null},"group":{"groupId":8,"name":"R5"},"tag":null,"eventClasses":[{"eventClassId":542,"eventId":89,"name":"RC2"}],"entryId":20390,"eventId":89,"driverId":570,"codriverId":851,"manufacturerId":13,"entrantId":365,"groupId":8,"tagId":null,"entryListOrder":31,"identifier":"56","vehicleModel":"C3 R5","eligibility":"WRC2","priority":"P2","status":"Rejoined","tyreManufacturer":"Michelin"},{"driver":{"personId":2489,"countryId":103,"country":{"countryId":103,"name":"India","iso2":"IN","iso3":"IND"},"firstName":"Gaurav","lastName":"GILL","abbvName":"G. GILL","fullName":"Gaurav GILL","code":"GIL"},"codriver":{"personId":788,"countryId":14,"country":{"countryId":14,"name":"Australia","iso2":"AU","iso3":"AUS"},"firstName":"Glenn","lastName":"MACNEALL","abbvName":"G. MACNEALL","fullName":"Glenn MACNEALL","code":"MAC"},"manufacturer":{"manufacturerId":26,"name":"Ford","logoFilename":"ford"},"entrant":{"entrantId":1287,"name":"GAURAV GILL","logoFilename":""},"group":{"groupId":8,"name":"R5"},"tag":null,"eventClasses":[{"eventClassId":542,"eventId":89,"name":"RC2"}],"entryId":20391,"eventId":89,"driverId":2489,"codriverId":788,"manufacturerId":26,"entrantId":1287,"groupId":8,"tagId":null,"entryListOrder":32,"identifier":"57","vehicleModel":"Fiesta R5 MKII","eligibility":"WRC2","priority":"P2","status":"NonStarter","tyreManufacturer":"None"},{"driver":{"personId":3167,"countryId":215,"country":{"countryId":215,"name":"Sweden","iso2":"SE","iso3":"SWE"},"firstName":"Tom","lastName":"KRISTENSSON","abbvName":"T. KRISTENSSON","fullName":"Tom KRISTENSSON","code":"KRI"},"codriver":{"personId":3168,"countryId":215,"country":{"countryId":215,"name":"Sweden","iso2":"SE","iso3":"SWE"},"firstName":"Henrik","lastName":"APPELSKOG","abbvName":"H. APPELSKOG","fullName":"Henrik APPELSKOG","code":"APP"},"manufacturer":{"manufacturerId":26,"name":"Ford","logoFilename":"ford"},"entrant":{"entrantId":1020,"name":"TOM KRISTENSSON","logoFilename":""},"group":{"groupId":4,"name":"R2"},"tag":null,"eventClasses":[{"eventClassId":543,"eventId":89,"name":"RC4"}],"entryId":20392,"eventId":89,"driverId":3167,"codriverId":3168,"manufacturerId":26,"entrantId":1020,"groupId":4,"tagId":null,"entryListOrder":33,"identifier":"71","vehicleModel":"Fiesta R2","eligibility":"JWRC","priority":"P3","status":"Entry","tyreManufacturer":"Pirelli"},{"driver":{"personId":4929,"countryId":209,"country":{"countryId":209,"name":"Spain","iso2":"ES","iso3":"ESP"},"firstName":"Jan","lastName":"SOLANS","abbvName":"J. SOLANS","fullName":"Jan SOLANS","code":"SOL"},"codriver":{"personId":4930,"countryId":209,"country":{"countryId":209,"name":"Spain","iso2":"ES","iso3":"ESP"},"firstName":"Mauro","lastName":"BARREIRO","abbvName":"M. BARREIRO","fullName":"Mauro BARREIRO","code":"BAR"},"manufacturer":{"manufacturerId":26,"name":"Ford","logoFilename":"ford"},"entrant":{"entrantId":1022,"name":"RALLY TEAM SPAIN","logoFilename":""},"group":{"groupId":4,"name":"R2"},"tag":null,"eventClasses":[{"eventClassId":543,"eventId":89,"name":"RC4"}],"entryId":20393,"eventId":89,"driverId":4929,"codriverId":4930,"manufacturerId":26,"entrantId":1022,"groupId":4,"tagId":null,"entryListOrder":34,"identifier":"72","vehicleModel":"Fiesta R2","eligibility":"JWRC","priority":"P3","status":"Entry","tyreManufacturer":"Pirelli"},{"driver":{"personId":3245,"countryId":215,"country":{"countryId":215,"name":"Sweden","iso2":"SE","iso3":"SWE"},"firstName":"Dennis","lastName":"RÅDSTRÖM","abbvName":"D. RÅDSTRÖM","fullName":"Dennis RÅDSTRÖM","code":"RAD"},"codriver":{"personId":2198,"countryId":215,"country":{"countryId":215,"name":"Sweden","iso2":"SE","iso3":"SWE"},"firstName":"Johan","lastName":"JOHANSSON","abbvName":"J. JOHANSSON","fullName":"Johan JOHANSSON","code":"JOH"},"manufacturer":{"manufacturerId":26,"name":"Ford","logoFilename":"ford"},"entrant":{"entrantId":192,"name":"DENNIS RÅDSTRÖM","logoFilename":null},"group":{"groupId":4,"name":"R2"},"tag":null,"eventClasses":[{"eventClassId":543,"eventId":89,"name":"RC4"}],"entryId":20394,"eventId":89,"driverId":3245,"codriverId":2198,"manufacturerId":26,"entrantId":192,"groupId":4,"tagId":null,"entryListOrder":35,"identifier":"73","vehicleModel":"Fiesta R2","eligibility":"JWRC","priority":"P3","status":"Rejoined","tyreManufacturer":"Pirelli"},{"driver":{"personId":3107,"countryId":70,"country":{"countryId":70,"name":"Estonia","iso2":"EE","iso3":"EST"},"firstName":"Roland","lastName":"POOM","abbvName":"R. POOM","fullName":"Roland POOM","code":"POO"},"codriver":{"personId":1818,"countryId":70,"country":{"countryId":70,"name":"Estonia","iso2":"EE","iso3":"EST"},"firstName":"Ken","lastName":"JARVEOJA","abbvName":"K. JARVEOJA","fullName":"Ken JARVEOJA","code":"JAR"},"manufacturer":{"manufacturerId":26,"name":"Ford","logoFilename":"ford"},"entrant":{"entrantId":622,"name":"ROLAND POOM ","logoFilename":null},"group":{"groupId":4,"name":"R2"},"tag":null,"eventClasses":[{"eventClassId":543,"eventId":89,"name":"RC4"}],"entryId":20395,"eventId":89,"driverId":3107,"codriverId":1818,"manufacturerId":26,"entrantId":622,"groupId":4,"tagId":null,"entryListOrder":36,"identifier":"74","vehicleModel":"Fiesta R2","eligibility":"JWRC","priority":"P3","status":"Rejoined","tyreManufacturer":"Pirelli"},{"driver":{"personId":824,"countryId":235,"country":{"countryId":235,"name":"United Kingdom of Great Britain and Northern Ireland","iso2":"GB","iso3":"GBR"},"firstName":"Tom","lastName":"WILLIAMS","abbvName":"T. WILLIAMS","fullName":"Tom WILLIAMS","code":"WIL"},"codriver":{"personId":1261,"countryId":235,"country":{"countryId":235,"name":"United Kingdom of Great Britain and Northern Ireland","iso2":"GB","iso3":"GBR"},"firstName":"Phil","lastName":"HALL","abbvName":"P. HALL","fullName":"Phil HALL","code":"HAL"},"manufacturer":{"manufacturerId":26,"name":"Ford","logoFilename":"ford"},"entrant":{"entrantId":201,"name":"TOM WILLIAMS","logoFilename":null},"group":{"groupId":4,"name":"R2"},"tag":null,"eventClasses":[{"eventClassId":543,"eventId":89,"name":"RC4"}],"entryId":20396,"eventId":89,"driverId":824,"codriverId":1261,"manufacturerId":26,"entrantId":201,"groupId":4,"tagId":null,"entryListOrder":37,"identifier":"75","vehicleModel":"Fiesta R2","eligibility":"JWRC","priority":"P3","status":"Rejoined","tyreManufacturer":"Pirelli"},{"driver":{"personId":828,"countryId":110,"country":{"countryId":110,"name":"Italy","iso2":"IT","iso3":"ITA"},"firstName":"Enrico","lastName":"OLDRATI","abbvName":"E. OLDRATI","fullName":"Enrico OLDRATI","code":"OLD"},"codriver":{"personId":3250,"countryId":110,"country":{"countryId":110,"name":"Italy","iso2":"IT","iso3":"ITA"},"firstName":"Elia","lastName":"DE GUIO","abbvName":"E. DE GUIO","fullName":"Elia DE GUIO","code":"DE "},"manufacturer":{"manufacturerId":26,"name":"Ford","logoFilename":"ford"},"entrant":{"entrantId":203,"name":"ENRICO OLDRATI ","logoFilename":null},"group":{"groupId":4,"name":"R2"},"tag":null,"eventClasses":[{"eventClassId":543,"eventId":89,"name":"RC4"}],"entryId":20397,"eventId":89,"driverId":828,"codriverId":3250,"manufacturerId":26,"entrantId":203,"groupId":4,"tagId":null,"entryListOrder":38,"identifier":"76","vehicleModel":"Fiesta R2","eligibility":"JWRC","priority":"P3","status":"Entry","tyreManufacturer":"Pirelli"},{"driver":{"personId":4777,"countryId":236,"country":{"countryId":236,"name":"United States of America","iso2":"US","iso3":"USA"},"firstName":"Sean","lastName":"JOHNSTON","abbvName":"S. JOHNSTON","fullName":"Sean JOHNSTON","code":"JOH"},"codriver":{"personId":4778,"countryId":236,"country":{"countryId":236,"name":"United States of America","iso2":"US","iso3":"USA"},"firstName":"Alex","lastName":"KIHURANI","abbvName":"A. KIHURANI","fullName":"Alex KIHURANI","code":"KIH"},"manufacturer":{"manufacturerId":26,"name":"Ford","logoFilename":"ford"},"entrant":{"entrantId":1025,"name":"SEAN JOHNSTON","logoFilename":""},"group":{"groupId":4,"name":"R2"},"tag":null,"eventClasses":[{"eventClassId":543,"eventId":89,"name":"RC4"}],"entryId":20398,"eventId":89,"driverId":4777,"codriverId":4778,"manufacturerId":26,"entrantId":1025,"groupId":4,"tagId":null,"entryListOrder":39,"identifier":"77","vehicleModel":"Fiesta R2","eligibility":"JWRC","priority":"P3","status":"Entry","tyreManufacturer":"Pirelli"},{"driver":{"personId":4776,"countryId":173,"country":{"countryId":173,"name":"Paraguay","iso2":"PY","iso3":"PRY"},"firstName":"Fabrizio","lastName":"ZALDIVAR","abbvName":"F. ZALDIVAR","fullName":"Fabrizio ZALDIVAR","code":"ZAL"},"codriver":{"personId":1254,"countryId":11,"country":{"countryId":11,"name":"Argentina","iso2":"AR","iso3":"ARG"},"firstName":"Fernando","lastName":"MUSSANO","abbvName":"F. MUSSANO","fullName":"Fernando MUSSANO","code":" FE"},"manufacturer":{"manufacturerId":26,"name":"Ford","logoFilename":"ford"},"entrant":{"entrantId":1024,"name":"FABRIZIO ZALDIVAR","logoFilename":""},"group":{"groupId":4,"name":"R2"},"tag":null,"eventClasses":[{"eventClassId":543,"eventId":89,"name":"RC4"}],"entryId":20399,"eventId":89,"driverId":4776,"codriverId":1254,"manufacturerId":26,"entrantId":1024,"groupId":4,"tagId":null,"entryListOrder":40,"identifier":"78","vehicleModel":"Fiesta R2","eligibility":"JWRC","priority":"P3","status":"Rejoined","tyreManufacturer":"Pirelli"},{"driver":{"personId":4774,"countryId":83,"country":{"countryId":83,"name":"Germany","iso2":"DE","iso3":"DEU"},"firstName":"Nico","lastName":"KNACKER","abbvName":"N. KNACKER","fullName":"Nico KNACKER","code":"KNA"},"codriver":{"personId":5001,"countryId":83,"country":{"countryId":83,"name":"Germany","iso2":"DE","iso3":"DEU"},"firstName":"Michael","lastName":"WENZEL","abbvName":"M. WENZEL","fullName":"Michael WENZEL","code":"DEU"},"manufacturer":{"manufacturerId":26,"name":"Ford","logoFilename":"ford"},"entrant":{"entrantId":1023,"name":"ADAC WESER-EMS E.V.","logoFilename":""},"group":{"groupId":4,"name":"R2"},"tag":null,"eventClasses":[{"eventClassId":543,"eventId":89,"name":"RC4"}],"entryId":20400,"eventId":89,"driverId":4774,"codriverId":5001,"manufacturerId":26,"entrantId":1023,"groupId":4,"tagId":null,"entryListOrder":41,"identifier":"79","vehicleModel":"Fiesta R2","eligibility":"JWRC","priority":"P3","status":"NonStarter","tyreManufacturer":"None"},{"driver":{"personId":5359,"countryId":236,"country":{"countryId":236,"name":"United States of America","iso2":"US","iso3":"USA"},"firstName":"Ryan","lastName":"BOOTH","abbvName":"R. BOOTH","fullName":"Ryan BOOTH","code":"BOO"},"codriver":{"personId":5360,"countryId":14,"country":{"countryId":14,"name":"Australia","iso2":"AU","iso3":"AUS"},"firstName":"Rhianon","lastName":"GELSOMINO","abbvName":"R. GELSOMINO","fullName":"Rhianon GELSOMINO","code":"GEL"},"manufacturer":{"manufacturerId":26,"name":"Ford","logoFilename":"ford"},"entrant":{"entrantId":1292,"name":"RYAN BOOTH","logoFilename":""},"group":{"groupId":4,"name":"R2"},"tag":null,"eventClasses":[{"eventClassId":543,"eventId":89,"name":"RC4"}],"entryId":20401,"eventId":89,"driverId":5359,"codriverId":5360,"manufacturerId":26,"entrantId":1292,"groupId":4,"tagId":null,"entryListOrder":42,"identifier":"80","vehicleModel":"Fiesta R2","eligibility":"JWRC","priority":"P3","status":"Entry","tyreManufacturer":"Pirelli"},{"driver":{"personId":5361,"countryId":236,"country":{"countryId":236,"name":"United States of America","iso2":"US","iso3":"USA"},"firstName":"Keanna","lastName":"ERICKSON-CHANG","abbvName":"K. ERICKSON-CHANG","fullName":"Keanna ERICKSON-CHANG","code":"ERI"},"codriver":{"personId":5436,"countryId":107,"country":{"countryId":107,"name":"Ireland","iso2":"IE","iso3":"IRL"},"firstName":"Martin","lastName":"BRADY","abbvName":"M. BRADY","fullName":"Martin BRADY","code":"BRA"},"manufacturer":{"manufacturerId":26,"name":"Ford","logoFilename":"ford"},"entrant":{"entrantId":1293,"name":"KEANNA ERICKSON-CHANG","logoFilename":""},"group":{"groupId":4,"name":"R2"},"tag":null,"eventClasses":[{"eventClassId":543,"eventId":89,"name":"RC4"}],"entryId":20402,"eventId":89,"driverId":5361,"codriverId":5436,"manufacturerId":26,"entrantId":1293,"groupId":4,"tagId":null,"entryListOrder":43,"identifier":"81","vehicleModel":"Fiesta R2","eligibility":"JWRC","priority":"P3","status":"Entry","tyreManufacturer":"Pirelli"},{"driver":{"personId":4759,"countryId":183,"country":{"countryId":183,"name":"Russian Federation","iso2":"RU","iso3":"RUS"},"firstName":"Nikolay","lastName":"GRYAZIN","abbvName":"N. GRYAZIN","fullName":"Nikolay GRYAZIN","code":"GRY"},"codriver":{"personId":4760,"countryId":183,"country":{"countryId":183,"name":"Russian Federation","iso2":"RU","iso3":"RUS"},"firstName":"Yaroslav","lastName":"FEDOROV","abbvName":"Y. FEDOROV","fullName":"Yaroslav FEDOROV","code":"FED"},"manufacturer":{"manufacturerId":77,"name":"Skoda","logoFilename":"skoda"},"entrant":{"entrantId":1011,"name":"NIKOLAY GRYAZIN","logoFilename":""},"group":{"groupId":8,"name":"R5"},"tag":null,"eventClasses":[{"eventClassId":542,"eventId":89,"name":"RC2"}],"entryId":20403,"eventId":89,"driverId":4759,"codriverId":4760,"manufacturerId":77,"entrantId":1011,"groupId":8,"tagId":null,"entryListOrder":44,"identifier":"91","vehicleModel":"Fabia R5 Evo","eligibility":"None","priority":"None","status":"Entry","tyreManufacturer":"Michelin"},{"driver":{"personId":785,"countryId":112,"country":{"countryId":112,"name":"Japan","iso2":"JP","iso3":"JPN"},"firstName":"Takamoto","lastName":"KATSUTA","abbvName":"T. KATSUTA","fullName":"Takamoto KATSUTA","code":"KAT"},"codriver":{"personId":535,"countryId":235,"country":{"countryId":235,"name":"United Kingdom of Great Britain and Northern Ireland","iso2":"GB","iso3":"GBR"},"firstName":"Daniel","lastName":"BARRITT","abbvName":"D. BARRITT","fullName":"Daniel BARRITT","code":"BAR"},"manufacturer":{"manufacturerId":26,"name":"Ford","logoFilename":"ford"},"entrant":{"entrantId":179,"name":"TOMMI MÄKINEN RACING","logoFilename":null},"group":{"groupId":8,"name":"R5"},"tag":null,"eventClasses":[{"eventClassId":542,"eventId":89,"name":"RC2"}],"entryId":20404,"eventId":89,"driverId":785,"codriverId":535,"manufacturerId":26,"entrantId":179,"groupId":8,"tagId":null,"entryListOrder":45,"identifier":"92","vehicleModel":"Fiesta R5 MKII","eligibility":"None","priority":"None","status":"Entry","tyreManufacturer":"Pirelli"},{"driver":{"personId":4073,"countryId":235,"country":{"countryId":235,"name":"United Kingdom of Great Britain and Northern Ireland","iso2":"GB","iso3":"GBR"},"firstName":"Matthew","lastName":"EDWARDS","abbvName":"M. EDWARDS","fullName":"Matthew EDWARDS","code":"EDW"},"codriver":{"personId":5363,"countryId":235,"country":{"countryId":235,"name":"United Kingdom of Great Britain and Northern Ireland","iso2":"GB","iso3":"GBR"},"firstName":"Mark","lastName":"GLENNERSTER","abbvName":"M. GLENNERSTER","fullName":"Mark GLENNERSTER","code":"GLE"},"manufacturer":{"manufacturerId":33,"name":"Hyundai","logoFilename":"hyundai"},"entrant":{"entrantId":1294,"name":"MATTHEW EDWARDS","logoFilename":""},"group":{"groupId":8,"name":"R5"},"tag":null,"eventClasses":[{"eventClassId":542,"eventId":89,"name":"RC2"}],"entryId":20405,"eventId":89,"driverId":4073,"codriverId":5363,"manufacturerId":33,"entrantId":1294,"groupId":8,"tagId":null,"entryListOrder":46,"identifier":"93","vehicleModel":"NG i20 R5","eligibility":"None","priority":"None","status":"Rejoined","tyreManufacturer":"Pirelli"},{"driver":{"personId":4079,"countryId":235,"country":{"countryId":235,"name":"United Kingdom of Great Britain and Northern Ireland","iso2":"GB","iso3":"GBR"},"firstName":"Tom","lastName":"CAVE","abbvName":"T. CAVE","fullName":"Tom CAVE","code":"CAV"},"codriver":{"personId":5364,"countryId":235,"country":{"countryId":235,"name":"United Kingdom of Great Britain and Northern Ireland","iso2":"GB","iso3":"GBR"},"firstName":"Dale","lastName":"FURNISS","abbvName":"D. FURNISS","fullName":"Dale FURNISS","code":"FUR"},"manufacturer":{"manufacturerId":33,"name":"Hyundai","logoFilename":"hyundai"},"entrant":{"entrantId":717,"name":"TOM CAVE","logoFilename":null},"group":{"groupId":8,"name":"R5"},"tag":null,"eventClasses":[{"eventClassId":542,"eventId":89,"name":"RC2"}],"entryId":20406,"eventId":89,"driverId":4079,"codriverId":5364,"manufacturerId":33,"entrantId":717,"groupId":8,"tagId":null,"entryListOrder":47,"identifier":"94","vehicleModel":"NG i20 R5","eligibility":"None","priority":"None","status":"Entry","tyreManufacturer":"Pirelli"},{"driver":{"personId":5365,"countryId":107,"country":{"countryId":107,"name":"Ireland","iso2":"IE","iso3":"IRL"},"firstName":"Josh","lastName":"MCERLEAN","abbvName":"J. MCERLEAN","fullName":"Josh MCERLEAN","code":"MCE"},"codriver":{"personId":5366,"countryId":235,"country":{"countryId":235,"name":"United Kingdom of Great Britain and Northern Ireland","iso2":"GB","iso3":"GBR"},"firstName":"Keaton","lastName":"WILLIAMS","abbvName":"K. WILLIAMS","fullName":"Keaton WILLIAMS","code":"WIL"},"manufacturer":{"manufacturerId":33,"name":"Hyundai","logoFilename":"hyundai"},"entrant":{"entrantId":1295,"name":"JOSH MCERLEAN","logoFilename":""},"group":{"groupId":8,"name":"R5"},"tag":null,"eventClasses":[{"eventClassId":542,"eventId":89,"name":"RC2"}],"entryId":20407,"eventId":89,"driverId":5365,"codriverId":5366,"manufacturerId":33,"entrantId":1295,"groupId":8,"tagId":null,"entryListOrder":48,"identifier":"95","vehicleModel":"NG i20 R5","eligibility":"None","priority":"None","status":"Retired","tyreManufacturer":"Pirelli"},{"driver":{"personId":5367,"countryId":76,"country":{"countryId":76,"name":"France","iso2":"FR","iso3":"FRA"},"firstName":"Patrick","lastName":"DEJEAN","abbvName":"P. DEJEAN","fullName":"Patrick DEJEAN","code":"DEJ"},"codriver":{"personId":5368,"countryId":76,"country":{"countryId":76,"name":"France","iso2":"FR","iso3":"FRA"},"firstName":"Lionel","lastName":"CURRAT","abbvName":"L. CURRAT","fullName":"Lionel CURRAT","code":"CUR"},"manufacturer":{"manufacturerId":26,"name":"Ford","logoFilename":"ford"},"entrant":{"entrantId":1296,"name":"PATRICK DEJEAN","logoFilename":""},"group":{"groupId":8,"name":"R5"},"tag":null,"eventClasses":[{"eventClassId":542,"eventId":89,"name":"RC2"}],"entryId":20408,"eventId":89,"driverId":5367,"codriverId":5368,"manufacturerId":26,"entrantId":1296,"groupId":8,"tagId":null,"entryListOrder":49,"identifier":"96","vehicleModel":"Fiesta R5","eligibility":"None","priority":"None","status":"Rejoined","tyreManufacturer":"None"},{"driver":{"personId":600,"countryId":107,"country":{"countryId":107,"name":"Ireland","iso2":"IE","iso3":"IRL"},"firstName":"Eamonn","lastName":"BOLAND","abbvName":"E. BOLAND","fullName":"Eamonn BOLAND","code":"BOL"},"codriver":{"personId":3160,"countryId":107,"country":{"countryId":107,"name":"Ireland","iso2":"IE","iso3":"IRL"},"firstName":"MJ","lastName":"","abbvName":"M. ","fullName":"MJ ","code":"MOR"},"manufacturer":{"manufacturerId":26,"name":"Ford","logoFilename":"ford"},"entrant":{"entrantId":648,"name":"EAMONN BOLAND","logoFilename":null},"group":{"groupId":8,"name":"R5"},"tag":null,"eventClasses":[{"eventClassId":542,"eventId":89,"name":"RC2"}],"entryId":20409,"eventId":89,"driverId":600,"codriverId":3160,"manufacturerId":26,"entrantId":648,"groupId":8,"tagId":null,"entryListOrder":50,"identifier":"97","vehicleModel":"Fiesta R5","eligibility":"None","priority":"None","status":"Entry","tyreManufacturer":"None"},{"driver":{"personId":4094,"countryId":235,"country":{"countryId":235,"name":"United Kingdom of Great Britain and Northern Ireland","iso2":"GB","iso3":"GBR"},"firstName":"James","lastName":"WILLIAMS","abbvName":"J. WILLIAMS","fullName":"James WILLIAMS","code":"WIL"},"codriver":{"personId":4095,"countryId":235,"country":{"countryId":235,"name":"United Kingdom of Great Britain and Northern Ireland","iso2":"GB","iso3":"GBR"},"firstName":"Tom","lastName":"WOODBURN","abbvName":"T. WOODBURN","fullName":"Tom WOODBURN","code":"WOO"},"manufacturer":{"manufacturerId":26,"name":"Ford","logoFilename":"ford"},"entrant":{"entrantId":822,"name":"JAMES WILLIAMS","logoFilename":""},"group":{"groupId":4,"name":"R2"},"tag":null,"eventClasses":[{"eventClassId":543,"eventId":89,"name":"RC4"}],"entryId":20410,"eventId":89,"driverId":4094,"codriverId":4095,"manufacturerId":26,"entrantId":822,"groupId":4,"tagId":null,"entryListOrder":51,"identifier":"98","vehicleModel":"Fiesta R2","eligibility":"None","priority":"None","status":"NonStarter","tyreManufacturer":"None"},{"driver":{"personId":3097,"countryId":75,"country":{"countryId":75,"name":"Finland","iso2":"FI","iso3":"FIN"},"firstName":"Markus","lastName":"MANNINEN","abbvName":"M. MANNINEN","fullName":"Markus MANNINEN","code":"MAN"},"codriver":{"personId":5301,"countryId":75,"country":{"countryId":75,"name":"Finland","iso2":"FI","iso3":"FIN"},"firstName":"Teemu","lastName":"SILLANPÄÄ","abbvName":"T. SILLANPÄÄ","fullName":"Teemu SILLANPÄÄ","code":"SIL"},"manufacturer":{"manufacturerId":26,"name":"Ford","logoFilename":"ford"},"entrant":{"entrantId":617,"name":"MARKUS MANNINEN ","logoFilename":null},"group":{"groupId":4,"name":"R2"},"tag":null,"eventClasses":[{"eventClassId":543,"eventId":89,"name":"RC4"}],"entryId":20411,"eventId":89,"driverId":3097,"codriverId":5301,"manufacturerId":26,"entrantId":617,"groupId":4,"tagId":null,"entryListOrder":52,"identifier":"99","vehicleModel":"Fiesta R2","eligibility":"None","priority":"None","status":"NonStarter","tyreManufacturer":"None"},{"driver":{"personId":5158,"countryId":235,"country":{"countryId":235,"name":"United Kingdom of Great Britain and Northern Ireland","iso2":"GB","iso3":"GBR"},"firstName":"RUAIRI","lastName":"BELL","abbvName":"R. BELL","fullName":"RUAIRI BELL","code":"BEL"},"codriver":{"personId":3069,"countryId":235,"country":{"countryId":235,"name":"United Kingdom of Great Britain and Northern Ireland","iso2":"GB","iso3":"GBR"},"firstName":"Darren","lastName":"GARROD","abbvName":"D. GARROD","fullName":"Darren GARROD","code":"GAR"},"manufacturer":{"manufacturerId":26,"name":"Ford","logoFilename":"ford"},"entrant":{"entrantId":1202,"name":"RUAIRI BELL","logoFilename":""},"group":{"groupId":4,"name":"R2"},"tag":null,"eventClasses":[{"eventClassId":543,"eventId":89,"name":"RC4"}],"entryId":20412,"eventId":89,"driverId":5158,"codriverId":3069,"manufacturerId":26,"entrantId":1202,"groupId":4,"tagId":null,"entryListOrder":53,"identifier":"100","vehicleModel":"Fiesta R2","eligibility":"None","priority":"None","status":"Rejoined","tyreManufacturer":"None"},{"driver":{"personId":5369,"countryId":76,"country":{"countryId":76,"name":"France","iso2":"FR","iso3":"FRA"},"firstName":"Philippe","lastName":"CASADO","abbvName":"P. CASADO","fullName":"Philippe CASADO","code":"CAS"},"codriver":{"personId":2107,"countryId":76,"country":{"countryId":76,"name":"France","iso2":"FR","iso3":"FRA"},"firstName":"Kevin","lastName":"BRONNER","abbvName":"K. BRONNER","fullName":"Kevin BRONNER","code":"BRO"},"manufacturer":{"manufacturerId":65,"name":"Peugeot","logoFilename":"peugeot"},"entrant":{"entrantId":1298,"name":"PHILIPPE CASADO","logoFilename":""},"group":{"groupId":4,"name":"R2"},"tag":null,"eventClasses":[{"eventClassId":543,"eventId":89,"name":"RC4"}],"entryId":20413,"eventId":89,"driverId":5369,"codriverId":2107,"manufacturerId":65,"entrantId":1298,"groupId":4,"tagId":null,"entryListOrder":54,"identifier":"101","vehicleModel":"208 R2","eligibility":"None","priority":"None","status":"Retired","tyreManufacturer":"None"},{"driver":{"personId":5370,"countryId":235,"country":{"countryId":235,"name":"United Kingdom of Great Britain and Northern Ireland","iso2":"GB","iso3":"GBR"},"firstName":"Josh","lastName":"CORNWELL","abbvName":"J. CORNWELL","fullName":"Josh CORNWELL","code":"COR"},"codriver":{"personId":4093,"countryId":235,"country":{"countryId":235,"name":"United Kingdom of Great Britain and Northern Ireland","iso2":"GB","iso3":"GBR"},"firstName":"Dai","lastName":"ROBERTS","abbvName":"D. ROBERTS","fullName":"Dai ROBERTS","code":"ROB"},"manufacturer":{"manufacturerId":65,"name":"Peugeot","logoFilename":"peugeot"},"entrant":{"entrantId":1299,"name":"JOSH CORNWELL","logoFilename":""},"group":{"groupId":4,"name":"R2"},"tag":null,"eventClasses":[{"eventClassId":543,"eventId":89,"name":"RC4"}],"entryId":20414,"eventId":89,"driverId":5370,"codriverId":4093,"manufacturerId":65,"entrantId":1299,"groupId":4,"tagId":null,"entryListOrder":55,"identifier":"102","vehicleModel":"208 R2","eligibility":"None","priority":"None","status":"Entry","tyreManufacturer":"None"},{"driver":{"personId":5371,"countryId":173,"country":{"countryId":173,"name":"Paraguay","iso2":"PY","iso3":"PRY"},"firstName":"Diego","lastName":"DOMINGUEZ","abbvName":"D. DOMINGUEZ","fullName":"Diego DOMINGUEZ","code":"DOM"},"codriver":{"personId":5372,"countryId":209,"country":{"countryId":209,"name":"Spain","iso2":"ES","iso3":"ESP"},"firstName":"Rogelio","lastName":"PENATE","abbvName":"R. PENATE","fullName":"Rogelio PENATE","code":"PEN"},"manufacturer":{"manufacturerId":26,"name":"Ford","logoFilename":"ford"},"entrant":{"entrantId":1300,"name":"DIEGO DOMINGUEZ","logoFilename":""},"group":{"groupId":4,"name":"R2"},"tag":null,"eventClasses":[{"eventClassId":543,"eventId":89,"name":"RC4"}],"entryId":20415,"eventId":89,"driverId":5371,"codriverId":5372,"manufacturerId":26,"entrantId":1300,"groupId":4,"tagId":null,"entryListOrder":56,"identifier":"103","vehicleModel":"Fiesta R2","eligibility":"None","priority":"None","status":"Entry","tyreManufacturer":"None"},{"driver":{"personId":5373,"countryId":235,"country":{"countryId":235,"name":"United Kingdom of Great Britain and Northern Ireland","iso2":"GB","iso3":"GBR"},"firstName":"Edward","lastName":"LEWIS","abbvName":"E. LEWIS","fullName":"Edward LEWIS","code":"LEW"},"codriver":{"personId":4131,"countryId":235,"country":{"countryId":235,"name":"United Kingdom of Great Britain and Northern Ireland","iso2":"GB","iso3":"GBR"},"firstName":"Dominic","lastName":"ADAMS","abbvName":"D. ADAMS","fullName":"Dominic ADAMS","code":"ADA"},"manufacturer":{"manufacturerId":26,"name":"Ford","logoFilename":"ford"},"entrant":{"entrantId":1301,"name":"EDWARD LEWIS","logoFilename":""},"group":{"groupId":4,"name":"R2"},"tag":null,"eventClasses":[{"eventClassId":543,"eventId":89,"name":"RC4"}],"entryId":20416,"eventId":89,"driverId":5373,"codriverId":4131,"manufacturerId":26,"entrantId":1301,"groupId":4,"tagId":null,"entryListOrder":57,"identifier":"104","vehicleModel":"Fiesta R2","eligibility":"None","priority":"None","status":"Rejoined","tyreManufacturer":"None"},{"driver":{"personId":2479,"countryId":235,"country":{"countryId":235,"name":"United Kingdom of Great Britain and Northern Ireland","iso2":"GB","iso3":"GBR"},"firstName":"Louise","lastName":"COOK","abbvName":"L. COOK","fullName":"Louise COOK","code":"COO"},"codriver":{"personId":2480,"countryId":235,"country":{"countryId":235,"name":"United Kingdom of Great Britain and Northern Ireland","iso2":"GB","iso3":"GBR"},"firstName":"Stefan","lastName":"DAVIS","abbvName":"S. DAVIS","fullName":"Stefan DAVIS","code":"DAV"},"manufacturer":{"manufacturerId":26,"name":"Ford","logoFilename":"ford"},"entrant":{"entrantId":558,"name":"LOUISE COOK","logoFilename":null},"group":{"groupId":4,"name":"R2"},"tag":null,"eventClasses":[{"eventClassId":543,"eventId":89,"name":"RC4"}],"entryId":20417,"eventId":89,"driverId":2479,"codriverId":2480,"manufacturerId":26,"entrantId":558,"groupId":4,"tagId":null,"entryListOrder":58,"identifier":"105","vehicleModel":"Fiesta R2","eligibility":"None","priority":"None","status":"Rejoined","tyreManufacturer":"None"},{"driver":{"personId":4122,"countryId":235,"country":{"countryId":235,"name":"United Kingdom of Great Britain and Northern Ireland","iso2":"GB","iso3":"GBR"},"firstName":"Nabila","lastName":"TEJPAR","abbvName":"N. TEJPAR","fullName":"Nabila TEJPAR","code":"TEJ"},"codriver":{"personId":2219,"countryId":235,"country":{"countryId":235,"name":"United Kingdom of Great Britain and Northern Ireland","iso2":"GB","iso3":"GBR"},"firstName":"Richard","lastName":"BLISS","abbvName":"R. BLISS","fullName":"Richard BLISS","code":"BLI"},"manufacturer":{"manufacturerId":65,"name":"Peugeot","logoFilename":"peugeot"},"entrant":{"entrantId":526,"name":"NABILA TEJPAR","logoFilename":null},"group":{"groupId":4,"name":"R2"},"tag":null,"eventClasses":[{"eventClassId":543,"eventId":89,"name":"RC4"}],"entryId":20418,"eventId":89,"driverId":4122,"codriverId":2219,"manufacturerId":65,"entrantId":526,"groupId":4,"tagId":null,"entryListOrder":59,"identifier":"106","vehicleModel":"208 R2","eligibility":"None","priority":"None","status":"NonStarter","tyreManufacturer":"None"}]