[{"startDateTime":"2019-10-25T14:06:00","startDateTimeLocal":"2019-10-25T16:06:00+02:00","stageTimeDurationMs":607500,"stageTimeDuration":"00:10:07.5000000","splitPointTimeId":99802,"splitPointId":3033,"entryId":20610,"elapsedDurationMs":379700,"elapsedDuration":"PT6M19.7S","splitDateTime":"2019-10-25T14:12:19.7","splitDateTimeLocal":"2019-10-25T16:12:19.7+02:00"},{"startDateTime":"2019-10-25T14:09:00","startDateTimeLocal":"2019-10-25T16:09:00+02:00","stageTimeDurationMs":610000,"stageTimeDuration":"00:10:10","splitPointTimeId":99807,"splitPointId":3033,"entryId":20605,"elapsedDurationMs":381500,"elapsedDuration":"PT6M21.5S","splitDateTime":"2019-10-25T14:15:21.5","splitDateTimeLocal":"2019-10-25T16:15:21.5+02:00"},{"startDateTime":"2019-10-25T14:12:00","startDateTimeLocal":"2019-10-25T16:12:00+02:00","stageTimeDurationMs":602500,"stageTimeDuration":"00:10:02.5000000","splitPointTimeId":99811,"splitPointId":3033,"entryId":20612,"elapsedDurationMs":377200,"elapsedDuration":"PT6M17.2S","splitDateTime":"2019-10-25T14:18:17.2","splitDateTimeLocal":"2019-10-25T16:18:17.2+02:00"},{"startDateTime":"2019-10-25T14:15:00","startDateTimeLocal":"2019-10-25T16:15:00+02:00","stageTimeDurationMs":605200,"stageTimeDuration":"00:10:05.2000000","splitPointTimeId":99818,"splitPointId":3033,"entryId":20608,"elapsedDurationMs":378800,"elapsedDuration":"PT6M18.8S","splitDateTime":"2019-10-25T14:21:18.8","splitDateTimeLocal":"2019-10-25T16:21:18.8+02:00"},{"startDateTime":"2019-10-25T14:18:00","startDateTimeLocal":"2019-10-25T16:18:00+02:00","stageTimeDurationMs":607000,"stageTimeDuration":"00:10:07","splitPointTimeId":99822,"splitPointId":3033,"entryId":20614,"elapsedDurationMs":380400,"elapsedDuration":"PT6M20.4S","splitDateTime":"2019-10-25T14:24:20.4","splitDateTimeLocal":"2019-10-25T16:24:20.4+02:00"},{"startDateTime":"2019-10-25T14:21:00","startDateTimeLocal":"2019-10-25T16:21:00+02:00","stageTimeDurationMs":602100,"stageTimeDuration":"00:10:02.1000000","splitPointTimeId":99827,"splitPointId":3033,"entryId":20611,"elapsedDurationMs":377000,"elapsedDuration":"PT6M17S","splitDateTime":"2019-10-25T14:27:17","splitDateTimeLocal":"2019-10-25T16:27:17+02:00"},{"startDateTime":"2019-10-25T14:24:00","startDateTimeLocal":"2019-10-25T16:24:00+02:00","stageTimeDurationMs":1021500,"stageTimeDuration":"00:17:01.5000000","splitPointTimeId":99831,"splitPointId":3033,"entryId":20607,"elapsedDurationMs":379600,"elapsedDuration":"PT6M19.6S","splitDateTime":"2019-10-25T14:30:19.6","splitDateTimeLocal":"2019-10-25T16:30:19.6+02:00"},{"startDateTime":"2019-10-25T14:27:00","startDateTimeLocal":"2019-10-25T16:27:00+02:00","stageTimeDurationMs":605600,"stageTimeDuration":"00:10:05.6000000","splitPointTimeId":99834,"splitPointId":3033,"entryId":20606,"elapsedDurationMs":378700,"elapsedDuration":"PT6M18.7S","splitDateTime":"2019-10-25T14:33:18.7","splitDateTimeLocal":"2019-10-25T16:33:18.7+02:00"},{"startDateTime":"2019-10-25T14:30:00","startDateTimeLocal":"2019-10-25T16:30:00+02:00","stageTimeDurationMs":602100,"stageTimeDuration":"00:10:02.1000000","splitPointTimeId":99839,"splitPointId":3033,"entryId":20609,"elapsedDurationMs":376800,"elapsedDuration":"PT6M16.8S","splitDateTime":"2019-10-25T14:36:16.8","splitDateTimeLocal":"2019-10-25T16:36:16.8+02:00"},{"startDateTime":"2019-10-25T14:33:00","startDateTimeLocal":"2019-10-25T16:33:00+02:00","stageTimeDurationMs":601500,"stageTimeDuration":"00:10:01.5000000","splitPointTimeId":99844,"splitPointId":3033,"entryId":20613,"elapsedDurationMs":376300,"elapsedDuration":"PT6M16.3S","splitDateTime":"2019-10-25T14:39:16.3","splitDateTimeLocal":"2019-10-25T16:39:16.3+02:00"},{"startDateTime":"2019-10-25T14:36:00","startDateTimeLocal":"2019-10-25T16:36:00+02:00","stageTimeDurationMs":612000,"stageTimeDuration":"00:10:12","splitPointTimeId":99848,"splitPointId":3033,"entryId":20615,"elapsedDurationMs":383500,"elapsedDuration":"PT6M23.5S","splitDateTime":"2019-10-25T14:42:23.5","splitDateTimeLocal":"2019-10-25T16:42:23.5+02:00"},{"startDateTime":"2019-10-25T14:38:00","startDateTimeLocal":"2019-10-25T16:38:00+02:00","stageTimeDurationMs":636600,"stageTimeDuration":"00:10:36.6000000","splitPointTimeId":99851,"splitPointId":3033,"entryId":20616,"elapsedDurationMs":400200,"elapsedDuration":"PT6M40.2S","splitDateTime":"2019-10-25T14:44:40.2","splitDateTimeLocal":"2019-10-25T16:44:40.2+02:00"},{"startDateTime":"2019-10-25T14:40:00","startDateTimeLocal":"2019-10-25T16:40:00+02:00","stageTimeDurationMs":633800,"stageTimeDuration":"00:10:33.8000000","splitPointTimeId":99855,"splitPointId":3033,"entryId":20617,"elapsedDurationMs":398100,"elapsedDuration":"PT6M38.1S","splitDateTime":"2019-10-25T14:46:38.1","splitDateTimeLocal":"2019-10-25T16:46:38.1+02:00"},{"startDateTime":"2019-10-25T14:42:00","startDateTimeLocal":"2019-10-25T16:42:00+02:00","stageTimeDurationMs":625200,"stageTimeDuration":"00:10:25.2000000","splitPointTimeId":99859,"splitPointId":3033,"entryId":20618,"elapsedDurationMs":392300,"elapsedDuration":"PT6M32.3S","splitDateTime":"2019-10-25T14:48:32.3","splitDateTimeLocal":"2019-10-25T16:48:32.3+02:00"},{"startDateTime":"2019-10-25T14:44:00","startDateTimeLocal":"2019-10-25T16:44:00+02:00","stageTimeDurationMs":633000,"stageTimeDuration":"00:10:33","splitPointTimeId":99863,"splitPointId":3033,"entryId":20619,"elapsedDurationMs":398200,"elapsedDuration":"PT6M38.2S","splitDateTime":"2019-10-25T14:50:38.2","splitDateTimeLocal":"2019-10-25T16:50:38.2+02:00"},{"startDateTime":"2019-10-25T14:46:00","startDateTimeLocal":"2019-10-25T16:46:00+02:00","stageTimeDurationMs":627000,"stageTimeDuration":"00:10:27","splitPointTimeId":99867,"splitPointId":3033,"entryId":20620,"elapsedDurationMs":393100,"elapsedDuration":"PT6M33.1S","splitDateTime":"2019-10-25T14:52:33.1","splitDateTimeLocal":"2019-10-25T16:52:33.1+02:00"},{"startDateTime":"2019-10-25T14:48:00","startDateTimeLocal":"2019-10-25T16:48:00+02:00","stageTimeDurationMs":652900,"stageTimeDuration":"00:10:52.9000000","splitPointTimeId":99871,"splitPointId":3033,"entryId":20621,"elapsedDurationMs":411300,"elapsedDuration":"PT6M51.3S","splitDateTime":"2019-10-25T14:54:51.3","splitDateTimeLocal":"2019-10-25T16:54:51.3+02:00"},{"startDateTime":"2019-10-25T14:50:00","startDateTimeLocal":"2019-10-25T16:50:00+02:00","stageTimeDurationMs":629500,"stageTimeDuration":"00:10:29.5000000","splitPointTimeId":99875,"splitPointId":3033,"entryId":20622,"elapsedDurationMs":394700,"elapsedDuration":"PT6M34.7S","splitDateTime":"2019-10-25T14:56:34.7","splitDateTimeLocal":"2019-10-25T16:56:34.7+02:00"},{"startDateTime":"2019-10-25T14:52:00","startDateTimeLocal":"2019-10-25T16:52:00+02:00","stageTimeDurationMs":629600,"stageTimeDuration":"00:10:29.6000000","splitPointTimeId":99879,"splitPointId":3033,"entryId":20623,"elapsedDurationMs":394000,"elapsedDuration":"PT6M34S","splitDateTime":"2019-10-25T14:58:34","splitDateTimeLocal":"2019-10-25T16:58:34+02:00"},{"startDateTime":"2019-10-25T14:54:00","startDateTimeLocal":"2019-10-25T16:54:00+02:00","stageTimeDurationMs":636800,"stageTimeDuration":"00:10:36.8000000","splitPointTimeId":99883,"splitPointId":3033,"entryId":20624,"elapsedDurationMs":402000,"elapsedDuration":"PT6M42S","splitDateTime":"2019-10-25T15:00:42","splitDateTimeLocal":"2019-10-25T17:00:42+02:00"},{"startDateTime":"2019-10-25T14:56:00","startDateTimeLocal":"2019-10-25T16:56:00+02:00","stageTimeDurationMs":643100,"stageTimeDuration":"00:10:43.1000000","splitPointTimeId":99887,"splitPointId":3033,"entryId":20625,"elapsedDurationMs":406100,"elapsedDuration":"PT6M46.1S","splitDateTime":"2019-10-25T15:02:46.1","splitDateTimeLocal":"2019-10-25T17:02:46.1+02:00"},{"startDateTime":"2019-10-25T14:58:00","startDateTimeLocal":"2019-10-25T16:58:00+02:00","stageTimeDurationMs":631400,"stageTimeDuration":"00:10:31.4000000","splitPointTimeId":99889,"splitPointId":3033,"entryId":20626,"elapsedDurationMs":395500,"elapsedDuration":"PT6M35.5S","splitDateTime":"2019-10-25T15:04:35.5","splitDateTimeLocal":"2019-10-25T17:04:35.5+02:00"},{"startDateTime":"2019-10-25T15:01:00","startDateTimeLocal":"2019-10-25T17:01:00+02:00","stageTimeDurationMs":634200,"stageTimeDuration":"00:10:34.2000000","splitPointTimeId":99896,"splitPointId":3033,"entryId":20631,"elapsedDurationMs":398900,"elapsedDuration":"PT6M38.9S","splitDateTime":"2019-10-25T15:07:38.9","splitDateTimeLocal":"2019-10-25T17:07:38.9+02:00"},{"startDateTime":"2019-10-25T15:03:00","startDateTimeLocal":"2019-10-25T17:03:00+02:00","stageTimeDurationMs":637100,"stageTimeDuration":"00:10:37.1000000","splitPointTimeId":99898,"splitPointId":3033,"entryId":20632,"elapsedDurationMs":397600,"elapsedDuration":"PT6M37.6S","splitDateTime":"2019-10-25T15:09:37.6","splitDateTimeLocal":"2019-10-25T17:09:37.6+02:00"},{"startDateTime":"2019-10-25T15:05:00","startDateTimeLocal":"2019-10-25T17:05:00+02:00","stageTimeDurationMs":623900,"stageTimeDuration":"00:10:23.9000000","splitPointTimeId":99904,"splitPointId":3033,"entryId":20635,"elapsedDurationMs":392500,"elapsedDuration":"PT6M32.5S","splitDateTime":"2019-10-25T15:11:32.5","splitDateTimeLocal":"2019-10-25T17:11:32.5+02:00"},{"startDateTime":"2019-10-25T15:07:00","startDateTimeLocal":"2019-10-25T17:07:00+02:00","stageTimeDurationMs":628700,"stageTimeDuration":"00:10:28.7000000","splitPointTimeId":99906,"splitPointId":3033,"entryId":20636,"elapsedDurationMs":395100,"elapsedDuration":"PT6M35.1S","splitDateTime":"2019-10-25T15:13:35.1","splitDateTimeLocal":"2019-10-25T17:13:35.1+02:00"},{"startDateTime":"2019-10-25T15:09:00","startDateTimeLocal":"2019-10-25T17:09:00+02:00","stageTimeDurationMs":646000,"stageTimeDuration":"00:10:46","splitPointTimeId":99910,"splitPointId":3033,"entryId":20637,"elapsedDurationMs":408100,"elapsedDuration":"PT6M48.1S","splitDateTime":"2019-10-25T15:15:48.1","splitDateTimeLocal":"2019-10-25T17:15:48.1+02:00"},{"startDateTime":"2019-10-25T15:11:00","startDateTimeLocal":"2019-10-25T17:11:00+02:00","stageTimeDurationMs":642500,"stageTimeDuration":"00:10:42.5000000","splitPointTimeId":99914,"splitPointId":3033,"entryId":20638,"elapsedDurationMs":405600,"elapsedDuration":"PT6M45.6S","splitDateTime":"2019-10-25T15:17:45.6","splitDateTimeLocal":"2019-10-25T17:17:45.6+02:00"},{"startDateTime":"2019-10-25T15:13:00","startDateTimeLocal":"2019-10-25T17:13:00+02:00","stageTimeDurationMs":650500,"stageTimeDuration":"00:10:50.5000000","splitPointTimeId":99921,"splitPointId":3033,"entryId":20633,"elapsedDurationMs":410900,"elapsedDuration":"PT6M50.9S","splitDateTime":"2019-10-25T15:19:50.9","splitDateTimeLocal":"2019-10-25T17:19:50.9+02:00"},{"startDateTime":"2019-10-25T15:15:00","startDateTimeLocal":"2019-10-25T17:15:00+02:00","stageTimeDurationMs":703300,"stageTimeDuration":"00:11:43.3000000","splitPointTimeId":99925,"splitPointId":3033,"entryId":20628,"elapsedDurationMs":444900,"elapsedDuration":"PT7M24.9S","splitDateTime":"2019-10-25T15:22:24.9","splitDateTimeLocal":"2019-10-25T17:22:24.9+02:00"},{"startDateTime":"2019-10-25T15:17:00","startDateTimeLocal":"2019-10-25T17:17:00+02:00","stageTimeDurationMs":729500,"stageTimeDuration":"00:12:09.5000000","splitPointTimeId":99929,"splitPointId":3033,"entryId":20634,"elapsedDurationMs":460300,"elapsedDuration":"PT7M40.3S","splitDateTime":"2019-10-25T15:24:40.3","splitDateTimeLocal":"2019-10-25T17:24:40.3+02:00"},{"startDateTime":"2019-10-25T15:20:00","startDateTimeLocal":"2019-10-25T17:20:00+02:00","stageTimeDurationMs":696500,"stageTimeDuration":"00:11:36.5000000","splitPointTimeId":99936,"splitPointId":3033,"entryId":20639,"elapsedDurationMs":442400,"elapsedDuration":"PT7M22.4S","splitDateTime":"2019-10-25T15:27:22.4","splitDateTimeLocal":"2019-10-25T17:27:22.4+02:00"},{"startDateTime":"2019-10-25T15:22:00","startDateTimeLocal":"2019-10-25T17:22:00+02:00","stageTimeDurationMs":803500,"stageTimeDuration":"00:13:23.5000000","splitPointTimeId":99944,"splitPointId":3033,"entryId":20640,"elapsedDurationMs":507900,"elapsedDuration":"PT8M27.9S","splitDateTime":"2019-10-25T15:30:27.9","splitDateTimeLocal":"2019-10-25T17:30:27.9+02:00"},{"startDateTime":"2019-10-25T15:24:00","startDateTimeLocal":"2019-10-25T17:24:00+02:00","stageTimeDurationMs":796700,"stageTimeDuration":"00:13:16.7000000","splitPointTimeId":99949,"splitPointId":3033,"entryId":20642,"elapsedDurationMs":509600,"elapsedDuration":"PT8M29.6S","splitDateTime":"2019-10-25T15:32:29.6","splitDateTimeLocal":"2019-10-25T17:32:29.6+02:00"},{"startDateTime":"2019-10-25T15:26:00","startDateTimeLocal":"2019-10-25T17:26:00+02:00","stageTimeDurationMs":745500,"stageTimeDuration":"00:12:25.5000000","splitPointTimeId":99955,"splitPointId":3033,"entryId":20643,"elapsedDurationMs":474500,"elapsedDuration":"PT7M54.5S","splitDateTime":"2019-10-25T15:33:54.5","splitDateTimeLocal":"2019-10-25T17:33:54.5+02:00"},{"startDateTime":"2019-10-25T15:28:00","startDateTimeLocal":"2019-10-25T17:28:00+02:00","stageTimeDurationMs":731100,"stageTimeDuration":"00:12:11.1000000","splitPointTimeId":99960,"splitPointId":3033,"entryId":20644,"elapsedDurationMs":464100,"elapsedDuration":"PT7M44.1S","splitDateTime":"2019-10-25T15:35:44.1","splitDateTimeLocal":"2019-10-25T17:35:44.1+02:00"},{"startDateTime":"2019-10-25T15:30:00","startDateTimeLocal":"2019-10-25T17:30:00+02:00","stageTimeDurationMs":738500,"stageTimeDuration":"00:12:18.5000000","splitPointTimeId":99966,"splitPointId":3033,"entryId":20645,"elapsedDurationMs":472500,"elapsedDuration":"PT7M52.5S","splitDateTime":"2019-10-25T15:37:52.5","splitDateTimeLocal":"2019-10-25T17:37:52.5+02:00"},{"startDateTime":"2019-10-25T15:32:00","startDateTimeLocal":"2019-10-25T17:32:00+02:00","stageTimeDurationMs":744900,"stageTimeDuration":"00:12:24.9000000","splitPointTimeId":99971,"splitPointId":3033,"entryId":20646,"elapsedDurationMs":472700,"elapsedDuration":"PT7M52.7S","splitDateTime":"2019-10-25T15:39:52.7","splitDateTimeLocal":"2019-10-25T17:39:52.7+02:00"},{"startDateTime":"2019-10-25T15:34:00","startDateTimeLocal":"2019-10-25T17:34:00+02:00","stageTimeDurationMs":739900,"stageTimeDuration":"00:12:19.9000000","splitPointTimeId":99980,"splitPointId":3033,"entryId":20647,"elapsedDurationMs":470000,"elapsedDuration":"PT7M50S","splitDateTime":"2019-10-25T15:41:50","splitDateTimeLocal":"2019-10-25T17:41:50+02:00"},{"startDateTime":"2019-10-25T15:36:00","startDateTimeLocal":"2019-10-25T17:36:00+02:00","stageTimeDurationMs":729300,"stageTimeDuration":"00:12:09.3000000","splitPointTimeId":99986,"splitPointId":3033,"entryId":20648,"elapsedDurationMs":463700,"elapsedDuration":"PT7M43.7S","splitDateTime":"2019-10-25T15:43:43.7","splitDateTimeLocal":"2019-10-25T17:43:43.7+02:00"},{"startDateTime":"2019-10-25T15:38:00","startDateTimeLocal":"2019-10-25T17:38:00+02:00","stageTimeDurationMs":847300,"stageTimeDuration":"00:14:07.3000000","splitPointTimeId":99996,"splitPointId":3033,"entryId":20649,"elapsedDurationMs":541600,"elapsedDuration":"PT9M1.6S","splitDateTime":"2019-10-25T15:47:01.6","splitDateTimeLocal":"2019-10-25T17:47:01.6+02:00"},{"startDateTime":"2019-10-25T15:42:00","startDateTimeLocal":"2019-10-25T17:42:00+02:00","stageTimeDurationMs":727000,"stageTimeDuration":"00:12:07","splitPointTimeId":100002,"splitPointId":3033,"entryId":20650,"elapsedDurationMs":461500,"elapsedDuration":"PT7M41.5S","splitDateTime":"2019-10-25T15:49:41.5","splitDateTimeLocal":"2019-10-25T17:49:41.5+02:00"},{"startDateTime":"2019-10-25T15:44:00","startDateTimeLocal":"2019-10-25T17:44:00+02:00","stageTimeDurationMs":711800,"stageTimeDuration":"00:11:51.8000000","splitPointTimeId":100007,"splitPointId":3033,"entryId":20651,"elapsedDurationMs":450100,"elapsedDuration":"PT7M30.1S","splitDateTime":"2019-10-25T15:51:30.1","splitDateTimeLocal":"2019-10-25T17:51:30.1+02:00"},{"startDateTime":"2019-10-25T15:48:00","startDateTimeLocal":"2019-10-25T17:48:00+02:00","stageTimeDurationMs":756600,"stageTimeDuration":"00:12:36.6000000","splitPointTimeId":100022,"splitPointId":3033,"entryId":20653,"elapsedDurationMs":479600,"elapsedDuration":"PT7M59.6S","splitDateTime":"2019-10-25T15:55:59.6","splitDateTimeLocal":"2019-10-25T17:55:59.6+02:00"},{"startDateTime":"2019-10-25T15:50:00","startDateTimeLocal":"2019-10-25T17:50:00+02:00","stageTimeDurationMs":null,"stageTimeDuration":null,"splitPointTimeId":100027,"splitPointId":3033,"entryId":20654,"elapsedDurationMs":491200,"elapsedDuration":"PT8M11.2S","splitDateTime":"2019-10-25T15:58:11.2","splitDateTimeLocal":"2019-10-25T17:58:11.2+02:00"},{"startDateTime":"2019-10-25T15:53:00","startDateTimeLocal":"2019-10-25T17:53:00+02:00","stageTimeDurationMs":717700,"stageTimeDuration":"00:11:57.7000000","splitPointTimeId":100036,"splitPointId":3033,"entryId":20656,"elapsedDurationMs":454200,"elapsedDuration":"PT7M34.2S","splitDateTime":"2019-10-25T16:00:34.2","splitDateTimeLocal":"2019-10-25T18:00:34.2+02:00"},{"startDateTime":"2019-10-25T15:55:00","startDateTimeLocal":"2019-10-25T17:55:00+02:00","stageTimeDurationMs":724900,"stageTimeDuration":"00:12:04.9000000","splitPointTimeId":100044,"splitPointId":3033,"entryId":20657,"elapsedDurationMs":459300,"elapsedDuration":"PT7M39.3S","splitDateTime":"2019-10-25T16:02:39.3","splitDateTimeLocal":"2019-10-25T18:02:39.3+02:00"},{"startDateTime":"2019-10-25T15:57:00","startDateTimeLocal":"2019-10-25T17:57:00+02:00","stageTimeDurationMs":733000,"stageTimeDuration":"00:12:13","splitPointTimeId":100056,"splitPointId":3033,"entryId":20659,"elapsedDurationMs":461600,"elapsedDuration":"PT7M41.6S","splitDateTime":"2019-10-25T16:04:41.6","splitDateTimeLocal":"2019-10-25T18:04:41.6+02:00"},{"startDateTime":"2019-10-25T15:59:00","startDateTimeLocal":"2019-10-25T17:59:00+02:00","stageTimeDurationMs":777200,"stageTimeDuration":"00:12:57.2000000","splitPointTimeId":100060,"splitPointId":3033,"entryId":20660,"elapsedDurationMs":495300,"elapsedDuration":"PT8M15.3S","splitDateTime":"2019-10-25T16:07:15.3","splitDateTimeLocal":"2019-10-25T18:07:15.3+02:00"},{"startDateTime":"2019-10-25T16:01:00","startDateTimeLocal":"2019-10-25T18:01:00+02:00","stageTimeDurationMs":824000,"stageTimeDuration":"00:13:44","splitPointTimeId":100073,"splitPointId":3033,"entryId":20661,"elapsedDurationMs":527700,"elapsedDuration":"PT8M47.7S","splitDateTime":"2019-10-25T16:09:47.7","splitDateTimeLocal":"2019-10-25T18:09:47.7+02:00"},{"startDateTime":"2019-10-25T16:03:00","startDateTimeLocal":"2019-10-25T18:03:00+02:00","stageTimeDurationMs":811300,"stageTimeDuration":"00:13:31.3000000","splitPointTimeId":100079,"splitPointId":3033,"entryId":20663,"elapsedDurationMs":522300,"elapsedDuration":"PT8M42.3S","splitDateTime":"2019-10-25T16:11:42.3","splitDateTimeLocal":"2019-10-25T18:11:42.3+02:00"},{"startDateTime":"2019-10-25T16:05:00","startDateTimeLocal":"2019-10-25T18:05:00+02:00","stageTimeDurationMs":853700,"stageTimeDuration":"00:14:13.7000000","splitPointTimeId":100092,"splitPointId":3033,"entryId":20664,"elapsedDurationMs":542600,"elapsedDuration":"PT9M2.6S","splitDateTime":"2019-10-25T16:14:02.6","splitDateTimeLocal":"2019-10-25T18:14:02.6+02:00"},{"startDateTime":"2019-10-25T16:08:00","startDateTimeLocal":"2019-10-25T18:08:00+02:00","stageTimeDurationMs":812300,"stageTimeDuration":"00:13:32.3000000","splitPointTimeId":100100,"splitPointId":3033,"entryId":20665,"elapsedDurationMs":515300,"elapsedDuration":"PT8M35.3S","splitDateTime":"2019-10-25T16:16:35.3","splitDateTimeLocal":"2019-10-25T18:16:35.3+02:00"},{"startDateTime":"2019-10-25T16:10:00","startDateTimeLocal":"2019-10-25T18:10:00+02:00","stageTimeDurationMs":841300,"stageTimeDuration":"00:14:01.3000000","splitPointTimeId":100107,"splitPointId":3033,"entryId":20667,"elapsedDurationMs":540700,"elapsedDuration":"PT9M0.7S","splitDateTime":"2019-10-25T16:19:00.7","splitDateTimeLocal":"2019-10-25T18:19:00.7+02:00"},{"startDateTime":"2019-10-25T16:12:00","startDateTimeLocal":"2019-10-25T18:12:00+02:00","stageTimeDurationMs":1006400,"stageTimeDuration":"00:16:46.4000000","splitPointTimeId":100122,"splitPointId":3033,"entryId":20668,"elapsedDurationMs":648000,"elapsedDuration":"PT10M48S","splitDateTime":"2019-10-25T16:22:48","splitDateTimeLocal":"2019-10-25T18:22:48+02:00"},{"startDateTime":"2019-10-25T14:06:00","startDateTimeLocal":"2019-10-25T16:06:00+02:00","stageTimeDurationMs":607500,"stageTimeDuration":"00:10:07.5000000","splitPointTimeId":99800,"splitPointId":3039,"entryId":20610,"elapsedDurationMs":235700,"elapsedDuration":"PT3M55.7S","splitDateTime":"2019-10-25T14:09:55.7","splitDateTimeLocal":"2019-10-25T16:09:55.7+02:00"},{"startDateTime":"2019-10-25T14:09:00","startDateTimeLocal":"2019-10-25T16:09:00+02:00","stageTimeDurationMs":610000,"stageTimeDuration":"00:10:10","splitPointTimeId":99803,"splitPointId":3039,"entryId":20605,"elapsedDurationMs":236200,"elapsedDuration":"PT3M56.2S","splitDateTime":"2019-10-25T14:12:56.2","splitDateTimeLocal":"2019-10-25T16:12:56.2+02:00"},{"startDateTime":"2019-10-25T14:12:00","startDateTimeLocal":"2019-10-25T16:12:00+02:00","stageTimeDurationMs":602500,"stageTimeDuration":"00:10:02.5000000","splitPointTimeId":99808,"splitPointId":3039,"entryId":20612,"elapsedDurationMs":234200,"elapsedDuration":"PT3M54.2S","splitDateTime":"2019-10-25T14:15:54.2","splitDateTimeLocal":"2019-10-25T16:15:54.2+02:00"},{"startDateTime":"2019-10-25T14:15:00","startDateTimeLocal":"2019-10-25T16:15:00+02:00","stageTimeDurationMs":605200,"stageTimeDuration":"00:10:05.2000000","splitPointTimeId":99813,"splitPointId":3039,"entryId":20608,"elapsedDurationMs":235200,"elapsedDuration":"PT3M55.2S","splitDateTime":"2019-10-25T14:18:55.2","splitDateTimeLocal":"2019-10-25T16:18:55.2+02:00"},{"startDateTime":"2019-10-25T14:18:00","startDateTimeLocal":"2019-10-25T16:18:00+02:00","stageTimeDurationMs":607000,"stageTimeDuration":"00:10:07","splitPointTimeId":99819,"splitPointId":3039,"entryId":20614,"elapsedDurationMs":236200,"elapsedDuration":"PT3M56.2S","splitDateTime":"2019-10-25T14:21:56.2","splitDateTimeLocal":"2019-10-25T16:21:56.2+02:00"},{"startDateTime":"2019-10-25T14:21:00","startDateTimeLocal":"2019-10-25T16:21:00+02:00","stageTimeDurationMs":602100,"stageTimeDuration":"00:10:02.1000000","splitPointTimeId":99823,"splitPointId":3039,"entryId":20611,"elapsedDurationMs":233700,"elapsedDuration":"PT3M53.7S","splitDateTime":"2019-10-25T14:24:53.7","splitDateTimeLocal":"2019-10-25T16:24:53.7+02:00"},{"startDateTime":"2019-10-25T14:24:00","startDateTimeLocal":"2019-10-25T16:24:00+02:00","stageTimeDurationMs":1021500,"stageTimeDuration":"00:17:01.5000000","splitPointTimeId":99826,"splitPointId":3039,"entryId":20607,"elapsedDurationMs":234700,"elapsedDuration":"PT3M54.7S","splitDateTime":"2019-10-25T14:27:54.7","splitDateTimeLocal":"2019-10-25T16:27:54.7+02:00"},{"startDateTime":"2019-10-25T14:27:00","startDateTimeLocal":"2019-10-25T16:27:00+02:00","stageTimeDurationMs":605600,"stageTimeDuration":"00:10:05.6000000","splitPointTimeId":99832,"splitPointId":3039,"entryId":20606,"elapsedDurationMs":234700,"elapsedDuration":"PT3M54.7S","splitDateTime":"2019-10-25T14:30:54.7","splitDateTimeLocal":"2019-10-25T16:30:54.7+02:00"},{"startDateTime":"2019-10-25T14:30:00","startDateTimeLocal":"2019-10-25T16:30:00+02:00","stageTimeDurationMs":602100,"stageTimeDuration":"00:10:02.1000000","splitPointTimeId":99835,"splitPointId":3039,"entryId":20609,"elapsedDurationMs":233200,"elapsedDuration":"PT3M53.2S","splitDateTime":"2019-10-25T14:33:53.2","splitDateTimeLocal":"2019-10-25T16:33:53.2+02:00"},{"startDateTime":"2019-10-25T14:33:00","startDateTimeLocal":"2019-10-25T16:33:00+02:00","stageTimeDurationMs":601500,"stageTimeDuration":"00:10:01.5000000","splitPointTimeId":99840,"splitPointId":3039,"entryId":20613,"elapsedDurationMs":234200,"elapsedDuration":"PT3M54.2S","splitDateTime":"2019-10-25T14:36:54.2","splitDateTimeLocal":"2019-10-25T16:36:54.2+02:00"},{"startDateTime":"2019-10-25T14:36:00","startDateTimeLocal":"2019-10-25T16:36:00+02:00","stageTimeDurationMs":612000,"stageTimeDuration":"00:10:12","splitPointTimeId":99845,"splitPointId":3039,"entryId":20615,"elapsedDurationMs":238700,"elapsedDuration":"PT3M58.7S","splitDateTime":"2019-10-25T14:39:58.7","splitDateTimeLocal":"2019-10-25T16:39:58.7+02:00"},{"startDateTime":"2019-10-25T14:38:00","startDateTimeLocal":"2019-10-25T16:38:00+02:00","stageTimeDurationMs":636600,"stageTimeDuration":"00:10:36.6000000","splitPointTimeId":99847,"splitPointId":3039,"entryId":20616,"elapsedDurationMs":249700,"elapsedDuration":"PT4M9.7S","splitDateTime":"2019-10-25T14:42:09.7","splitDateTimeLocal":"2019-10-25T16:42:09.7+02:00"},{"startDateTime":"2019-10-25T14:40:00","startDateTimeLocal":"2019-10-25T16:40:00+02:00","stageTimeDurationMs":633800,"stageTimeDuration":"00:10:33.8000000","splitPointTimeId":99850,"splitPointId":3039,"entryId":20617,"elapsedDurationMs":249700,"elapsedDuration":"PT4M9.7S","splitDateTime":"2019-10-25T14:44:09.7","splitDateTimeLocal":"2019-10-25T16:44:09.7+02:00"},{"startDateTime":"2019-10-25T14:42:00","startDateTimeLocal":"2019-10-25T16:42:00+02:00","stageTimeDurationMs":625200,"stageTimeDuration":"00:10:25.2000000","splitPointTimeId":99854,"splitPointId":3039,"entryId":20618,"elapsedDurationMs":244700,"elapsedDuration":"PT4M4.7S","splitDateTime":"2019-10-25T14:46:04.7","splitDateTimeLocal":"2019-10-25T16:46:04.7+02:00"},{"startDateTime":"2019-10-25T14:44:00","startDateTimeLocal":"2019-10-25T16:44:00+02:00","stageTimeDurationMs":633000,"stageTimeDuration":"00:10:33","splitPointTimeId":99858,"splitPointId":3039,"entryId":20619,"elapsedDurationMs":249700,"elapsedDuration":"PT4M9.7S","splitDateTime":"2019-10-25T14:48:09.7","splitDateTimeLocal":"2019-10-25T16:48:09.7+02:00"},{"startDateTime":"2019-10-25T14:46:00","startDateTimeLocal":"2019-10-25T16:46:00+02:00","stageTimeDurationMs":627000,"stageTimeDuration":"00:10:27","splitPointTimeId":99862,"splitPointId":3039,"entryId":20620,"elapsedDurationMs":246200,"elapsedDuration":"PT4M6.2S","splitDateTime":"2019-10-25T14:50:06.2","splitDateTimeLocal":"2019-10-25T16:50:06.2+02:00"},{"startDateTime":"2019-10-25T14:48:00","startDateTimeLocal":"2019-10-25T16:48:00+02:00","stageTimeDurationMs":652900,"stageTimeDuration":"00:10:52.9000000","splitPointTimeId":99866,"splitPointId":3039,"entryId":20621,"elapsedDurationMs":257200,"elapsedDuration":"PT4M17.2S","splitDateTime":"2019-10-25T14:52:17.2","splitDateTimeLocal":"2019-10-25T16:52:17.2+02:00"},{"startDateTime":"2019-10-25T14:50:00","startDateTimeLocal":"2019-10-25T16:50:00+02:00","stageTimeDurationMs":629500,"stageTimeDuration":"00:10:29.5000000","splitPointTimeId":99870,"splitPointId":3039,"entryId":20622,"elapsedDurationMs":246700,"elapsedDuration":"PT4M6.7S","splitDateTime":"2019-10-25T14:54:06.7","splitDateTimeLocal":"2019-10-25T16:54:06.7+02:00"},{"startDateTime":"2019-10-25T14:52:00","startDateTimeLocal":"2019-10-25T16:52:00+02:00","stageTimeDurationMs":629600,"stageTimeDuration":"00:10:29.6000000","splitPointTimeId":99874,"splitPointId":3039,"entryId":20623,"elapsedDurationMs":246200,"elapsedDuration":"PT4M6.2S","splitDateTime":"2019-10-25T14:56:06.2","splitDateTimeLocal":"2019-10-25T16:56:06.2+02:00"},{"startDateTime":"2019-10-25T14:54:00","startDateTimeLocal":"2019-10-25T16:54:00+02:00","stageTimeDurationMs":636800,"stageTimeDuration":"00:10:36.8000000","splitPointTimeId":99878,"splitPointId":3039,"entryId":20624,"elapsedDurationMs":252200,"elapsedDuration":"PT4M12.2S","splitDateTime":"2019-10-25T14:58:12.2","splitDateTimeLocal":"2019-10-25T16:58:12.2+02:00"},{"startDateTime":"2019-10-25T14:56:00","startDateTimeLocal":"2019-10-25T16:56:00+02:00","stageTimeDurationMs":643100,"stageTimeDuration":"00:10:43.1000000","splitPointTimeId":99882,"splitPointId":3039,"entryId":20625,"elapsedDurationMs":256700,"elapsedDuration":"PT4M16.7S","splitDateTime":"2019-10-25T15:00:16.7","splitDateTimeLocal":"2019-10-25T17:00:16.7+02:00"},{"startDateTime":"2019-10-25T14:58:00","startDateTimeLocal":"2019-10-25T16:58:00+02:00","stageTimeDurationMs":631400,"stageTimeDuration":"00:10:31.4000000","splitPointTimeId":99886,"splitPointId":3039,"entryId":20626,"elapsedDurationMs":247700,"elapsedDuration":"PT4M7.7S","splitDateTime":"2019-10-25T15:02:07.7","splitDateTimeLocal":"2019-10-25T17:02:07.7+02:00"},{"startDateTime":"2019-10-25T15:01:00","startDateTimeLocal":"2019-10-25T17:01:00+02:00","stageTimeDurationMs":634200,"stageTimeDuration":"00:10:34.2000000","splitPointTimeId":99891,"splitPointId":3039,"entryId":20631,"elapsedDurationMs":250200,"elapsedDuration":"PT4M10.2S","splitDateTime":"2019-10-25T15:05:10.2","splitDateTimeLocal":"2019-10-25T17:05:10.2+02:00"},{"startDateTime":"2019-10-25T15:03:00","startDateTimeLocal":"2019-10-25T17:03:00+02:00","stageTimeDurationMs":637100,"stageTimeDuration":"00:10:37.1000000","splitPointTimeId":99894,"splitPointId":3039,"entryId":20632,"elapsedDurationMs":248200,"elapsedDuration":"PT4M8.2S","splitDateTime":"2019-10-25T15:07:08.2","splitDateTimeLocal":"2019-10-25T17:07:08.2+02:00"},{"startDateTime":"2019-10-25T15:07:00","startDateTimeLocal":"2019-10-25T17:07:00+02:00","stageTimeDurationMs":628700,"stageTimeDuration":"00:10:28.7000000","splitPointTimeId":99900,"splitPointId":3039,"entryId":20636,"elapsedDurationMs":247200,"elapsedDuration":"PT4M7.2S","splitDateTime":"2019-10-25T15:11:07.2","splitDateTimeLocal":"2019-10-25T17:11:07.2+02:00"},{"startDateTime":"2019-10-25T15:05:00","startDateTimeLocal":"2019-10-25T17:05:00+02:00","stageTimeDurationMs":623900,"stageTimeDuration":"00:10:23.9000000","splitPointTimeId":99901,"splitPointId":3039,"entryId":20635,"elapsedDurationMs":245700,"elapsedDuration":"PT4M5.7S","splitDateTime":"2019-10-25T15:09:05.7","splitDateTimeLocal":"2019-10-25T17:09:05.7+02:00"},{"startDateTime":"2019-10-25T15:09:00","startDateTimeLocal":"2019-10-25T17:09:00+02:00","stageTimeDurationMs":646000,"stageTimeDuration":"00:10:46","splitPointTimeId":99908,"splitPointId":3039,"entryId":20637,"elapsedDurationMs":256200,"elapsedDuration":"PT4M16.2S","splitDateTime":"2019-10-25T15:13:16.2","splitDateTimeLocal":"2019-10-25T17:13:16.2+02:00"},{"startDateTime":"2019-10-25T15:11:00","startDateTimeLocal":"2019-10-25T17:11:00+02:00","stageTimeDurationMs":642500,"stageTimeDuration":"00:10:42.5000000","splitPointTimeId":99909,"splitPointId":3039,"entryId":20638,"elapsedDurationMs":253700,"elapsedDuration":"PT4M13.7S","splitDateTime":"2019-10-25T15:15:13.7","splitDateTimeLocal":"2019-10-25T17:15:13.7+02:00"},{"startDateTime":"2019-10-25T15:13:00","startDateTimeLocal":"2019-10-25T17:13:00+02:00","stageTimeDurationMs":650500,"stageTimeDuration":"00:10:50.5000000","splitPointTimeId":99913,"splitPointId":3039,"entryId":20633,"elapsedDurationMs":259700,"elapsedDuration":"PT4M19.7S","splitDateTime":"2019-10-25T15:17:19.7","splitDateTimeLocal":"2019-10-25T17:17:19.7+02:00"},{"startDateTime":"2019-10-25T15:15:00","startDateTimeLocal":"2019-10-25T17:15:00+02:00","stageTimeDurationMs":703300,"stageTimeDuration":"00:11:43.3000000","splitPointTimeId":99920,"splitPointId":3039,"entryId":20628,"elapsedDurationMs":281300,"elapsedDuration":"PT4M41.3S","splitDateTime":"2019-10-25T15:19:41.3","splitDateTimeLocal":"2019-10-25T17:19:41.3+02:00"},{"startDateTime":"2019-10-25T15:17:00","startDateTimeLocal":"2019-10-25T17:17:00+02:00","stageTimeDurationMs":729500,"stageTimeDuration":"00:12:09.5000000","splitPointTimeId":99922,"splitPointId":3039,"entryId":20634,"elapsedDurationMs":291700,"elapsedDuration":"PT4M51.7S","splitDateTime":"2019-10-25T15:21:51.7","splitDateTimeLocal":"2019-10-25T17:21:51.7+02:00"},{"startDateTime":"2019-10-25T15:20:00","startDateTimeLocal":"2019-10-25T17:20:00+02:00","stageTimeDurationMs":696500,"stageTimeDuration":"00:11:36.5000000","splitPointTimeId":99928,"splitPointId":3039,"entryId":20639,"elapsedDurationMs":278200,"elapsedDuration":"PT4M38.2S","splitDateTime":"2019-10-25T15:24:38.2","splitDateTimeLocal":"2019-10-25T17:24:38.2+02:00"},{"startDateTime":"2019-10-25T15:22:00","startDateTimeLocal":"2019-10-25T17:22:00+02:00","stageTimeDurationMs":803500,"stageTimeDuration":"00:13:23.5000000","splitPointTimeId":99940,"splitPointId":3039,"entryId":20640,"elapsedDurationMs":324200,"elapsedDuration":"PT5M24.2S","splitDateTime":"2019-10-25T15:27:24.2","splitDateTimeLocal":"2019-10-25T17:27:24.2+02:00"},{"startDateTime":"2019-10-25T15:24:00","startDateTimeLocal":"2019-10-25T17:24:00+02:00","stageTimeDurationMs":796700,"stageTimeDuration":"00:13:16.7000000","splitPointTimeId":99943,"splitPointId":3039,"entryId":20642,"elapsedDurationMs":325200,"elapsedDuration":"PT5M25.2S","splitDateTime":"2019-10-25T15:29:25.2","splitDateTimeLocal":"2019-10-25T17:29:25.2+02:00"},{"startDateTime":"2019-10-25T15:26:00","startDateTimeLocal":"2019-10-25T17:26:00+02:00","stageTimeDurationMs":745500,"stageTimeDuration":"00:12:25.5000000","splitPointTimeId":99945,"splitPointId":3039,"entryId":20643,"elapsedDurationMs":301700,"elapsedDuration":"PT5M1.7S","splitDateTime":"2019-10-25T15:31:01.7","splitDateTimeLocal":"2019-10-25T17:31:01.7+02:00"},{"startDateTime":"2019-10-25T15:28:00","startDateTimeLocal":"2019-10-25T17:28:00+02:00","stageTimeDurationMs":731100,"stageTimeDuration":"00:12:11.1000000","splitPointTimeId":99951,"splitPointId":3039,"entryId":20644,"elapsedDurationMs":294300,"elapsedDuration":"PT4M54.3S","splitDateTime":"2019-10-25T15:32:54.3","splitDateTimeLocal":"2019-10-25T17:32:54.3+02:00"},{"startDateTime":"2019-10-25T15:32:00","startDateTimeLocal":"2019-10-25T17:32:00+02:00","stageTimeDurationMs":744900,"stageTimeDuration":"00:12:24.9000000","splitPointTimeId":99964,"splitPointId":3039,"entryId":20646,"elapsedDurationMs":299200,"elapsedDuration":"PT4M59.2S","splitDateTime":"2019-10-25T15:36:59.2","splitDateTimeLocal":"2019-10-25T17:36:59.2+02:00"},{"startDateTime":"2019-10-25T15:34:00","startDateTimeLocal":"2019-10-25T17:34:00+02:00","stageTimeDurationMs":739900,"stageTimeDuration":"00:12:19.9000000","splitPointTimeId":99972,"splitPointId":3039,"entryId":20647,"elapsedDurationMs":300700,"elapsedDuration":"PT5M0.7S","splitDateTime":"2019-10-25T15:39:00.7","splitDateTimeLocal":"2019-10-25T17:39:00.7+02:00"},{"startDateTime":"2019-10-25T15:36:00","startDateTimeLocal":"2019-10-25T17:36:00+02:00","stageTimeDurationMs":729300,"stageTimeDuration":"00:12:09.3000000","splitPointTimeId":99976,"splitPointId":3039,"entryId":20648,"elapsedDurationMs":292200,"elapsedDuration":"PT4M52.2S","splitDateTime":"2019-10-25T15:40:52.2","splitDateTimeLocal":"2019-10-25T17:40:52.2+02:00"},{"startDateTime":"2019-10-25T15:38:00","startDateTimeLocal":"2019-10-25T17:38:00+02:00","stageTimeDurationMs":847300,"stageTimeDuration":"00:14:07.3000000","splitPointTimeId":99984,"splitPointId":3039,"entryId":20649,"elapsedDurationMs":347700,"elapsedDuration":"PT5M47.7S","splitDateTime":"2019-10-25T15:43:47.7","splitDateTimeLocal":"2019-10-25T17:43:47.7+02:00"},{"startDateTime":"2019-10-25T15:42:00","startDateTimeLocal":"2019-10-25T17:42:00+02:00","stageTimeDurationMs":727000,"stageTimeDuration":"00:12:07","splitPointTimeId":99995,"splitPointId":3039,"entryId":20650,"elapsedDurationMs":292700,"elapsedDuration":"PT4M52.7S","splitDateTime":"2019-10-25T15:46:52.7","splitDateTimeLocal":"2019-10-25T17:46:52.7+02:00"},{"startDateTime":"2019-10-25T15:44:00","startDateTimeLocal":"2019-10-25T17:44:00+02:00","stageTimeDurationMs":711800,"stageTimeDuration":"00:11:51.8000000","splitPointTimeId":99999,"splitPointId":3039,"entryId":20651,"elapsedDurationMs":285200,"elapsedDuration":"PT4M45.2S","splitDateTime":"2019-10-25T15:48:45.2","splitDateTimeLocal":"2019-10-25T17:48:45.2+02:00"},{"startDateTime":"2019-10-25T15:48:00","startDateTimeLocal":"2019-10-25T17:48:00+02:00","stageTimeDurationMs":756600,"stageTimeDuration":"00:12:36.6000000","splitPointTimeId":100012,"splitPointId":3039,"entryId":20653,"elapsedDurationMs":307200,"elapsedDuration":"PT5M7.2S","splitDateTime":"2019-10-25T15:53:07.2","splitDateTimeLocal":"2019-10-25T17:53:07.2+02:00"},{"startDateTime":"2019-10-25T15:50:00","startDateTimeLocal":"2019-10-25T17:50:00+02:00","stageTimeDurationMs":null,"stageTimeDuration":null,"splitPointTimeId":100021,"splitPointId":3039,"entryId":20654,"elapsedDurationMs":313700,"elapsedDuration":"PT5M13.7S","splitDateTime":"2019-10-25T15:55:13.7","splitDateTimeLocal":"2019-10-25T17:55:13.7+02:00"},{"startDateTime":"2019-10-25T15:53:00","startDateTimeLocal":"2019-10-25T17:53:00+02:00","stageTimeDurationMs":717700,"stageTimeDuration":"00:11:57.7000000","splitPointTimeId":100026,"splitPointId":3039,"entryId":20656,"elapsedDurationMs":287200,"elapsedDuration":"PT4M47.2S","splitDateTime":"2019-10-25T15:57:47.2","splitDateTimeLocal":"2019-10-25T17:57:47.2+02:00"},{"startDateTime":"2019-10-25T15:55:00","startDateTimeLocal":"2019-10-25T17:55:00+02:00","stageTimeDurationMs":724900,"stageTimeDuration":"00:12:04.9000000","splitPointTimeId":100033,"splitPointId":3039,"entryId":20657,"elapsedDurationMs":289200,"elapsedDuration":"PT4M49.2S","splitDateTime":"2019-10-25T15:59:49.2","splitDateTimeLocal":"2019-10-25T17:59:49.2+02:00"},{"startDateTime":"2019-10-25T15:57:00","startDateTimeLocal":"2019-10-25T17:57:00+02:00","stageTimeDurationMs":733000,"stageTimeDuration":"00:12:13","splitPointTimeId":100041,"splitPointId":3039,"entryId":20659,"elapsedDurationMs":293200,"elapsedDuration":"PT4M53.2S","splitDateTime":"2019-10-25T16:01:53.2","splitDateTimeLocal":"2019-10-25T18:01:53.2+02:00"},{"startDateTime":"2019-10-25T15:59:00","startDateTimeLocal":"2019-10-25T17:59:00+02:00","stageTimeDurationMs":777200,"stageTimeDuration":"00:12:57.2000000","splitPointTimeId":100052,"splitPointId":3039,"entryId":20660,"elapsedDurationMs":311200,"elapsedDuration":"PT5M11.2S","splitDateTime":"2019-10-25T16:04:11.2","splitDateTimeLocal":"2019-10-25T18:04:11.2+02:00"},{"startDateTime":"2019-10-25T16:01:00","startDateTimeLocal":"2019-10-25T18:01:00+02:00","stageTimeDurationMs":824000,"stageTimeDuration":"00:13:44","splitPointTimeId":100059,"splitPointId":3039,"entryId":20661,"elapsedDurationMs":337700,"elapsedDuration":"PT5M37.7S","splitDateTime":"2019-10-25T16:06:37.7","splitDateTimeLocal":"2019-10-25T18:06:37.7+02:00"},{"startDateTime":"2019-10-25T16:03:00","startDateTimeLocal":"2019-10-25T18:03:00+02:00","stageTimeDurationMs":811300,"stageTimeDuration":"00:13:31.3000000","splitPointTimeId":100067,"splitPointId":3039,"entryId":20663,"elapsedDurationMs":335700,"elapsedDuration":"PT5M35.7S","splitDateTime":"2019-10-25T16:08:35.7","splitDateTimeLocal":"2019-10-25T18:08:35.7+02:00"},{"startDateTime":"2019-10-25T16:08:00","startDateTimeLocal":"2019-10-25T18:08:00+02:00","stageTimeDurationMs":812300,"stageTimeDuration":"00:13:32.3000000","splitPointTimeId":100089,"splitPointId":3039,"entryId":20665,"elapsedDurationMs":331200,"elapsedDuration":"PT5M31.2S","splitDateTime":"2019-10-25T16:13:31.2","splitDateTimeLocal":"2019-10-25T18:13:31.2+02:00"},{"startDateTime":"2019-10-25T16:05:00","startDateTimeLocal":"2019-10-25T18:05:00+02:00","stageTimeDurationMs":853700,"stageTimeDuration":"00:14:13.7000000","splitPointTimeId":100091,"splitPointId":3039,"entryId":20664,"elapsedDurationMs":346200,"elapsedDuration":"PT5M46.2S","splitDateTime":"2019-10-25T16:10:46.2","splitDateTimeLocal":"2019-10-25T18:10:46.2+02:00"},{"startDateTime":"2019-10-25T16:10:00","startDateTimeLocal":"2019-10-25T18:10:00+02:00","stageTimeDurationMs":841300,"stageTimeDuration":"00:14:01.3000000","splitPointTimeId":100096,"splitPointId":3039,"entryId":20667,"elapsedDurationMs":348200,"elapsedDuration":"PT5M48.2S","splitDateTime":"2019-10-25T16:15:48.2","splitDateTimeLocal":"2019-10-25T18:15:48.2+02:00"},{"startDateTime":"2019-10-25T16:12:00","startDateTimeLocal":"2019-10-25T18:12:00+02:00","stageTimeDurationMs":1006400,"stageTimeDuration":"00:16:46.4000000","splitPointTimeId":100109,"splitPointId":3039,"entryId":20668,"elapsedDurationMs":417200,"elapsedDuration":"PT6M57.2S","splitDateTime":"2019-10-25T16:18:57.2","splitDateTimeLocal":"2019-10-25T18:18:57.2+02:00"},{"startDateTime":"2019-10-25T14:06:00","startDateTimeLocal":"2019-10-25T16:06:00+02:00","stageTimeDurationMs":607500,"stageTimeDuration":"00:10:07.5000000","splitPointTimeId":99805,"splitPointId":3043,"entryId":20610,"elapsedDurationMs":524300,"elapsedDuration":"PT8M44.3S","splitDateTime":"2019-10-25T14:14:44.3","splitDateTimeLocal":"2019-10-25T16:14:44.3+02:00"},{"startDateTime":"2019-10-25T14:09:00","startDateTimeLocal":"2019-10-25T16:09:00+02:00","stageTimeDurationMs":610000,"stageTimeDuration":"00:10:10","splitPointTimeId":99809,"splitPointId":3043,"entryId":20605,"elapsedDurationMs":526800,"elapsedDuration":"PT8M46.8S","splitDateTime":"2019-10-25T14:17:46.8","splitDateTimeLocal":"2019-10-25T16:17:46.8+02:00"},{"startDateTime":"2019-10-25T14:12:00","startDateTimeLocal":"2019-10-25T16:12:00+02:00","stageTimeDurationMs":602500,"stageTimeDuration":"00:10:02.5000000","splitPointTimeId":99815,"splitPointId":3043,"entryId":20612,"elapsedDurationMs":520600,"elapsedDuration":"PT8M40.6S","splitDateTime":"2019-10-25T14:20:40.6","splitDateTimeLocal":"2019-10-25T16:20:40.6+02:00"},{"startDateTime":"2019-10-25T14:15:00","startDateTimeLocal":"2019-10-25T16:15:00+02:00","stageTimeDurationMs":605200,"stageTimeDuration":"00:10:05.2000000","splitPointTimeId":99820,"splitPointId":3043,"entryId":20608,"elapsedDurationMs":522500,"elapsedDuration":"PT8M42.5S","splitDateTime":"2019-10-25T14:23:42.5","splitDateTimeLocal":"2019-10-25T16:23:42.5+02:00"},{"startDateTime":"2019-10-25T14:18:00","startDateTimeLocal":"2019-10-25T16:18:00+02:00","stageTimeDurationMs":607000,"stageTimeDuration":"00:10:07","splitPointTimeId":99825,"splitPointId":3043,"entryId":20614,"elapsedDurationMs":524400,"elapsedDuration":"PT8M44.4S","splitDateTime":"2019-10-25T14:26:44.4","splitDateTimeLocal":"2019-10-25T16:26:44.4+02:00"},{"startDateTime":"2019-10-25T14:21:00","startDateTimeLocal":"2019-10-25T16:21:00+02:00","stageTimeDurationMs":602100,"stageTimeDuration":"00:10:02.1000000","splitPointTimeId":99829,"splitPointId":3043,"entryId":20611,"elapsedDurationMs":520000,"elapsedDuration":"PT8M40S","splitDateTime":"2019-10-25T14:29:40","splitDateTimeLocal":"2019-10-25T16:29:40+02:00"},{"startDateTime":"2019-10-25T14:27:00","startDateTimeLocal":"2019-10-25T16:27:00+02:00","stageTimeDurationMs":605600,"stageTimeDuration":"00:10:05.6000000","splitPointTimeId":99837,"splitPointId":3043,"entryId":20606,"elapsedDurationMs":522500,"elapsedDuration":"PT8M42.5S","splitDateTime":"2019-10-25T14:35:42.5","splitDateTimeLocal":"2019-10-25T16:35:42.5+02:00"},{"startDateTime":"2019-10-25T14:30:00","startDateTimeLocal":"2019-10-25T16:30:00+02:00","stageTimeDurationMs":602100,"stageTimeDuration":"00:10:02.1000000","splitPointTimeId":99842,"splitPointId":3043,"entryId":20609,"elapsedDurationMs":519900,"elapsedDuration":"PT8M39.9S","splitDateTime":"2019-10-25T14:38:39.9","splitDateTimeLocal":"2019-10-25T16:38:39.9+02:00"},{"startDateTime":"2019-10-25T14:33:00","startDateTimeLocal":"2019-10-25T16:33:00+02:00","stageTimeDurationMs":601500,"stageTimeDuration":"00:10:01.5000000","splitPointTimeId":99846,"splitPointId":3043,"entryId":20613,"elapsedDurationMs":519100,"elapsedDuration":"PT8M39.1S","splitDateTime":"2019-10-25T14:41:39.1","splitDateTimeLocal":"2019-10-25T16:41:39.1+02:00"},{"startDateTime":"2019-10-25T14:36:00","startDateTimeLocal":"2019-10-25T16:36:00+02:00","stageTimeDurationMs":612000,"stageTimeDuration":"00:10:12","splitPointTimeId":99852,"splitPointId":3043,"entryId":20615,"elapsedDurationMs":527900,"elapsedDuration":"PT8M47.9S","splitDateTime":"2019-10-25T14:44:47.9","splitDateTimeLocal":"2019-10-25T16:44:47.9+02:00"},{"startDateTime":"2019-10-25T14:38:00","startDateTimeLocal":"2019-10-25T16:38:00+02:00","stageTimeDurationMs":636600,"stageTimeDuration":"00:10:36.6000000","splitPointTimeId":99856,"splitPointId":3043,"entryId":20616,"elapsedDurationMs":549700,"elapsedDuration":"PT9M9.7S","splitDateTime":"2019-10-25T14:47:09.7","splitDateTimeLocal":"2019-10-25T16:47:09.7+02:00"},{"startDateTime":"2019-10-25T14:40:00","startDateTimeLocal":"2019-10-25T16:40:00+02:00","stageTimeDurationMs":633800,"stageTimeDuration":"00:10:33.8000000","splitPointTimeId":99860,"splitPointId":3043,"entryId":20617,"elapsedDurationMs":546700,"elapsedDuration":"PT9M6.7S","splitDateTime":"2019-10-25T14:49:06.7","splitDateTimeLocal":"2019-10-25T16:49:06.7+02:00"},{"startDateTime":"2019-10-25T14:42:00","startDateTimeLocal":"2019-10-25T16:42:00+02:00","stageTimeDurationMs":625200,"stageTimeDuration":"00:10:25.2000000","splitPointTimeId":99864,"splitPointId":3043,"entryId":20618,"elapsedDurationMs":539200,"elapsedDuration":"PT8M59.2S","splitDateTime":"2019-10-25T14:50:59.2","splitDateTimeLocal":"2019-10-25T16:50:59.2+02:00"},{"startDateTime":"2019-10-25T14:44:00","startDateTimeLocal":"2019-10-25T16:44:00+02:00","stageTimeDurationMs":633000,"stageTimeDuration":"00:10:33","splitPointTimeId":99868,"splitPointId":3043,"entryId":20619,"elapsedDurationMs":546700,"elapsedDuration":"PT9M6.7S","splitDateTime":"2019-10-25T14:53:06.7","splitDateTimeLocal":"2019-10-25T16:53:06.7+02:00"},{"startDateTime":"2019-10-25T14:46:00","startDateTimeLocal":"2019-10-25T16:46:00+02:00","stageTimeDurationMs":627000,"stageTimeDuration":"00:10:27","splitPointTimeId":99872,"splitPointId":3043,"entryId":20620,"elapsedDurationMs":539500,"elapsedDuration":"PT8M59.5S","splitDateTime":"2019-10-25T14:54:59.5","splitDateTimeLocal":"2019-10-25T16:54:59.5+02:00"},{"startDateTime":"2019-10-25T14:48:00","startDateTimeLocal":"2019-10-25T16:48:00+02:00","stageTimeDurationMs":652900,"stageTimeDuration":"00:10:52.9000000","splitPointTimeId":99877,"splitPointId":3043,"entryId":20621,"elapsedDurationMs":563400,"elapsedDuration":"PT9M23.4S","splitDateTime":"2019-10-25T14:57:23.4","splitDateTimeLocal":"2019-10-25T16:57:23.4+02:00"},{"startDateTime":"2019-10-25T14:50:00","startDateTimeLocal":"2019-10-25T16:50:00+02:00","stageTimeDurationMs":629500,"stageTimeDuration":"00:10:29.5000000","splitPointTimeId":99880,"splitPointId":3043,"entryId":20622,"elapsedDurationMs":543300,"elapsedDuration":"PT9M3.3S","splitDateTime":"2019-10-25T14:59:03.3","splitDateTimeLocal":"2019-10-25T16:59:03.3+02:00"},{"startDateTime":"2019-10-25T14:52:00","startDateTimeLocal":"2019-10-25T16:52:00+02:00","stageTimeDurationMs":629600,"stageTimeDuration":"00:10:29.6000000","splitPointTimeId":99884,"splitPointId":3043,"entryId":20623,"elapsedDurationMs":542600,"elapsedDuration":"PT9M2.6S","splitDateTime":"2019-10-25T15:01:02.6","splitDateTimeLocal":"2019-10-25T17:01:02.6+02:00"},{"startDateTime":"2019-10-25T14:54:00","startDateTimeLocal":"2019-10-25T16:54:00+02:00","stageTimeDurationMs":636800,"stageTimeDuration":"00:10:36.8000000","splitPointTimeId":99888,"splitPointId":3043,"entryId":20624,"elapsedDurationMs":549200,"elapsedDuration":"PT9M9.2S","splitDateTime":"2019-10-25T15:03:09.2","splitDateTimeLocal":"2019-10-25T17:03:09.2+02:00"},{"startDateTime":"2019-10-25T14:56:00","startDateTimeLocal":"2019-10-25T16:56:00+02:00","stageTimeDurationMs":643100,"stageTimeDuration":"00:10:43.1000000","splitPointTimeId":99890,"splitPointId":3043,"entryId":20625,"elapsedDurationMs":554100,"elapsedDuration":"PT9M14.1S","splitDateTime":"2019-10-25T15:05:14.1","splitDateTimeLocal":"2019-10-25T17:05:14.1+02:00"},{"startDateTime":"2019-10-25T14:58:00","startDateTimeLocal":"2019-10-25T16:58:00+02:00","stageTimeDurationMs":631400,"stageTimeDuration":"00:10:31.4000000","splitPointTimeId":99893,"splitPointId":3043,"entryId":20626,"elapsedDurationMs":544600,"elapsedDuration":"PT9M4.6S","splitDateTime":"2019-10-25T15:07:04.6","splitDateTimeLocal":"2019-10-25T17:07:04.6+02:00"},{"startDateTime":"2019-10-25T15:01:00","startDateTimeLocal":"2019-10-25T17:01:00+02:00","stageTimeDurationMs":634200,"stageTimeDuration":"00:10:34.2000000","splitPointTimeId":99899,"splitPointId":3043,"entryId":20631,"elapsedDurationMs":547200,"elapsedDuration":"PT9M7.2S","splitDateTime":"2019-10-25T15:10:07.2","splitDateTimeLocal":"2019-10-25T17:10:07.2+02:00"},{"startDateTime":"2019-10-25T15:03:00","startDateTimeLocal":"2019-10-25T17:03:00+02:00","stageTimeDurationMs":637100,"stageTimeDuration":"00:10:37.1000000","splitPointTimeId":99903,"splitPointId":3043,"entryId":20632,"elapsedDurationMs":547300,"elapsedDuration":"PT9M7.3S","splitDateTime":"2019-10-25T15:12:07.3","splitDateTimeLocal":"2019-10-25T17:12:07.3+02:00"},{"startDateTime":"2019-10-25T15:05:00","startDateTimeLocal":"2019-10-25T17:05:00+02:00","stageTimeDurationMs":623900,"stageTimeDuration":"00:10:23.9000000","splitPointTimeId":99907,"splitPointId":3043,"entryId":20635,"elapsedDurationMs":538800,"elapsedDuration":"PT8M58.8S","splitDateTime":"2019-10-25T15:13:58.8","splitDateTimeLocal":"2019-10-25T17:13:58.8+02:00"},{"startDateTime":"2019-10-25T15:07:00","startDateTimeLocal":"2019-10-25T17:07:00+02:00","stageTimeDurationMs":628700,"stageTimeDuration":"00:10:28.7000000","splitPointTimeId":99911,"splitPointId":3043,"entryId":20636,"elapsedDurationMs":541800,"elapsedDuration":"PT9M1.8S","splitDateTime":"2019-10-25T15:16:01.8","splitDateTimeLocal":"2019-10-25T17:16:01.8+02:00"},{"startDateTime":"2019-10-25T15:09:00","startDateTimeLocal":"2019-10-25T17:09:00+02:00","stageTimeDurationMs":646000,"stageTimeDuration":"00:10:46","splitPointTimeId":99915,"splitPointId":3043,"entryId":20637,"elapsedDurationMs":558500,"elapsedDuration":"PT9M18.5S","splitDateTime":"2019-10-25T15:18:18.5","splitDateTimeLocal":"2019-10-25T17:18:18.5+02:00"},{"startDateTime":"2019-10-25T15:11:00","startDateTimeLocal":"2019-10-25T17:11:00+02:00","stageTimeDurationMs":642500,"stageTimeDuration":"00:10:42.5000000","splitPointTimeId":99918,"splitPointId":3043,"entryId":20638,"elapsedDurationMs":555000,"elapsedDuration":"PT9M15S","splitDateTime":"2019-10-25T15:20:15","splitDateTimeLocal":"2019-10-25T17:20:15+02:00"},{"startDateTime":"2019-10-25T15:13:00","startDateTimeLocal":"2019-10-25T17:13:00+02:00","stageTimeDurationMs":650500,"stageTimeDuration":"00:10:50.5000000","splitPointTimeId":99926,"splitPointId":3043,"entryId":20633,"elapsedDurationMs":562200,"elapsedDuration":"PT9M22.2S","splitDateTime":"2019-10-25T15:22:22.2","splitDateTimeLocal":"2019-10-25T17:22:22.2+02:00"},{"startDateTime":"2019-10-25T15:15:00","startDateTimeLocal":"2019-10-25T17:15:00+02:00","stageTimeDurationMs":703300,"stageTimeDuration":"00:11:43.3000000","splitPointTimeId":99931,"splitPointId":3043,"entryId":20628,"elapsedDurationMs":606500,"elapsedDuration":"PT10M6.5S","splitDateTime":"2019-10-25T15:25:06.5","splitDateTimeLocal":"2019-10-25T17:25:06.5+02:00"},{"startDateTime":"2019-10-25T15:17:00","startDateTimeLocal":"2019-10-25T17:17:00+02:00","stageTimeDurationMs":729500,"stageTimeDuration":"00:12:09.5000000","splitPointTimeId":99935,"splitPointId":3043,"entryId":20634,"elapsedDurationMs":628500,"elapsedDuration":"PT10M28.5S","splitDateTime":"2019-10-25T15:27:28.5","splitDateTimeLocal":"2019-10-25T17:27:28.5+02:00"},{"startDateTime":"2019-10-25T15:20:00","startDateTimeLocal":"2019-10-25T17:20:00+02:00","stageTimeDurationMs":696500,"stageTimeDuration":"00:11:36.5000000","splitPointTimeId":99942,"splitPointId":3043,"entryId":20639,"elapsedDurationMs":601300,"elapsedDuration":"PT10M1.3S","splitDateTime":"2019-10-25T15:30:01.3","splitDateTimeLocal":"2019-10-25T17:30:01.3+02:00"},{"startDateTime":"2019-10-25T15:22:00","startDateTimeLocal":"2019-10-25T17:22:00+02:00","stageTimeDurationMs":803500,"stageTimeDuration":"00:13:23.5000000","splitPointTimeId":99953,"splitPointId":3043,"entryId":20640,"elapsedDurationMs":693900,"elapsedDuration":"PT11M33.9S","splitDateTime":"2019-10-25T15:33:33.9","splitDateTimeLocal":"2019-10-25T17:33:33.9+02:00"},{"startDateTime":"2019-10-25T15:24:00","startDateTimeLocal":"2019-10-25T17:24:00+02:00","stageTimeDurationMs":796700,"stageTimeDuration":"00:13:16.7000000","splitPointTimeId":99958,"splitPointId":3043,"entryId":20642,"elapsedDurationMs":688500,"elapsedDuration":"PT11M28.5S","splitDateTime":"2019-10-25T15:35:28.5","splitDateTimeLocal":"2019-10-25T17:35:28.5+02:00"},{"startDateTime":"2019-10-25T15:26:00","startDateTimeLocal":"2019-10-25T17:26:00+02:00","stageTimeDurationMs":745500,"stageTimeDuration":"00:12:25.5000000","splitPointTimeId":99963,"splitPointId":3043,"entryId":20643,"elapsedDurationMs":644600,"elapsedDuration":"PT10M44.6S","splitDateTime":"2019-10-25T15:36:44.6","splitDateTimeLocal":"2019-10-25T17:36:44.6+02:00"},{"startDateTime":"2019-10-25T15:28:00","startDateTimeLocal":"2019-10-25T17:28:00+02:00","stageTimeDurationMs":731100,"stageTimeDuration":"00:12:11.1000000","splitPointTimeId":99968,"splitPointId":3043,"entryId":20644,"elapsedDurationMs":630400,"elapsedDuration":"PT10M30.4S","splitDateTime":"2019-10-25T15:38:30.4","splitDateTimeLocal":"2019-10-25T17:38:30.4+02:00"},{"startDateTime":"2019-10-25T15:30:00","startDateTimeLocal":"2019-10-25T17:30:00+02:00","stageTimeDurationMs":738500,"stageTimeDuration":"00:12:18.5000000","splitPointTimeId":99974,"splitPointId":3043,"entryId":20645,"elapsedDurationMs":639100,"elapsedDuration":"PT10M39.1S","splitDateTime":"2019-10-25T15:40:39.1","splitDateTimeLocal":"2019-10-25T17:40:39.1+02:00"},{"startDateTime":"2019-10-25T15:32:00","startDateTimeLocal":"2019-10-25T17:32:00+02:00","stageTimeDurationMs":744900,"stageTimeDuration":"00:12:24.9000000","splitPointTimeId":99981,"splitPointId":3043,"entryId":20646,"elapsedDurationMs":641200,"elapsedDuration":"PT10M41.2S","splitDateTime":"2019-10-25T15:42:41.2","splitDateTimeLocal":"2019-10-25T17:42:41.2+02:00"},{"startDateTime":"2019-10-25T15:34:00","startDateTimeLocal":"2019-10-25T17:34:00+02:00","stageTimeDurationMs":739900,"stageTimeDuration":"00:12:19.9000000","splitPointTimeId":99988,"splitPointId":3043,"entryId":20647,"elapsedDurationMs":638000,"elapsedDuration":"PT10M38S","splitDateTime":"2019-10-25T15:44:38","splitDateTimeLocal":"2019-10-25T17:44:38+02:00"},{"startDateTime":"2019-10-25T15:36:00","startDateTimeLocal":"2019-10-25T17:36:00+02:00","stageTimeDurationMs":729300,"stageTimeDuration":"00:12:09.3000000","splitPointTimeId":99993,"splitPointId":3043,"entryId":20648,"elapsedDurationMs":630300,"elapsedDuration":"PT10M30.3S","splitDateTime":"2019-10-25T15:46:30.3","splitDateTimeLocal":"2019-10-25T17:46:30.3+02:00"},{"startDateTime":"2019-10-25T15:38:00","startDateTimeLocal":"2019-10-25T17:38:00+02:00","stageTimeDurationMs":847300,"stageTimeDuration":"00:14:07.3000000","splitPointTimeId":100003,"splitPointId":3043,"entryId":20649,"elapsedDurationMs":732500,"elapsedDuration":"PT12M12.5S","splitDateTime":"2019-10-25T15:50:12.5","splitDateTimeLocal":"2019-10-25T17:50:12.5+02:00"},{"startDateTime":"2019-10-25T15:42:00","startDateTimeLocal":"2019-10-25T17:42:00+02:00","stageTimeDurationMs":727000,"stageTimeDuration":"00:12:07","splitPointTimeId":100009,"splitPointId":3043,"entryId":20650,"elapsedDurationMs":627700,"elapsedDuration":"PT10M27.7S","splitDateTime":"2019-10-25T15:52:27.7","splitDateTimeLocal":"2019-10-25T17:52:27.7+02:00"},{"startDateTime":"2019-10-25T15:44:00","startDateTimeLocal":"2019-10-25T17:44:00+02:00","stageTimeDurationMs":711800,"stageTimeDuration":"00:11:51.8000000","splitPointTimeId":100015,"splitPointId":3043,"entryId":20651,"elapsedDurationMs":614400,"elapsedDuration":"PT10M14.4S","splitDateTime":"2019-10-25T15:54:14.4","splitDateTimeLocal":"2019-10-25T17:54:14.4+02:00"},{"startDateTime":"2019-10-25T15:48:00","startDateTimeLocal":"2019-10-25T17:48:00+02:00","stageTimeDurationMs":756600,"stageTimeDuration":"00:12:36.6000000","splitPointTimeId":100029,"splitPointId":3043,"entryId":20653,"elapsedDurationMs":651900,"elapsedDuration":"PT10M51.9S","splitDateTime":"2019-10-25T15:58:51.9","splitDateTimeLocal":"2019-10-25T17:58:51.9+02:00"},{"startDateTime":"2019-10-25T15:50:00","startDateTimeLocal":"2019-10-25T17:50:00+02:00","stageTimeDurationMs":null,"stageTimeDuration":null,"splitPointTimeId":100037,"splitPointId":3043,"entryId":20654,"elapsedDurationMs":664400,"elapsedDuration":"PT11M4.4S","splitDateTime":"2019-10-25T16:01:04.4","splitDateTimeLocal":"2019-10-25T18:01:04.4+02:00"},{"startDateTime":"2019-10-25T15:53:00","startDateTimeLocal":"2019-10-25T17:53:00+02:00","stageTimeDurationMs":717700,"stageTimeDuration":"00:11:57.7000000","splitPointTimeId":100045,"splitPointId":3043,"entryId":20656,"elapsedDurationMs":618600,"elapsedDuration":"PT10M18.6S","splitDateTime":"2019-10-25T16:03:18.6","splitDateTimeLocal":"2019-10-25T18:03:18.6+02:00"},{"startDateTime":"2019-10-25T15:55:00","startDateTimeLocal":"2019-10-25T17:55:00+02:00","stageTimeDurationMs":724900,"stageTimeDuration":"00:12:04.9000000","splitPointTimeId":100054,"splitPointId":3043,"entryId":20657,"elapsedDurationMs":625900,"elapsedDuration":"PT10M25.9S","splitDateTime":"2019-10-25T16:05:25.9","splitDateTimeLocal":"2019-10-25T18:05:25.9+02:00"},{"startDateTime":"2019-10-25T15:57:00","startDateTimeLocal":"2019-10-25T17:57:00+02:00","stageTimeDurationMs":733000,"stageTimeDuration":"00:12:13","splitPointTimeId":100061,"splitPointId":3043,"entryId":20659,"elapsedDurationMs":630700,"elapsedDuration":"PT10M30.7S","splitDateTime":"2019-10-25T16:07:30.7","splitDateTimeLocal":"2019-10-25T18:07:30.7+02:00"},{"startDateTime":"2019-10-25T15:59:00","startDateTimeLocal":"2019-10-25T17:59:00+02:00","stageTimeDurationMs":777200,"stageTimeDuration":"00:12:57.2000000","splitPointTimeId":100072,"splitPointId":3043,"entryId":20660,"elapsedDurationMs":673500,"elapsedDuration":"PT11M13.5S","splitDateTime":"2019-10-25T16:10:13.5","splitDateTimeLocal":"2019-10-25T18:10:13.5+02:00"},{"startDateTime":"2019-10-25T16:01:00","startDateTimeLocal":"2019-10-25T18:01:00+02:00","stageTimeDurationMs":824000,"stageTimeDuration":"00:13:44","splitPointTimeId":100082,"splitPointId":3043,"entryId":20661,"elapsedDurationMs":713700,"elapsedDuration":"PT11M53.7S","splitDateTime":"2019-10-25T16:12:53.7","splitDateTimeLocal":"2019-10-25T18:12:53.7+02:00"},{"startDateTime":"2019-10-25T16:03:00","startDateTimeLocal":"2019-10-25T18:03:00+02:00","stageTimeDurationMs":811300,"stageTimeDuration":"00:13:31.3000000","splitPointTimeId":100090,"splitPointId":3043,"entryId":20663,"elapsedDurationMs":702900,"elapsedDuration":"PT11M42.9S","splitDateTime":"2019-10-25T16:14:42.9","splitDateTimeLocal":"2019-10-25T18:14:42.9+02:00"},{"startDateTime":"2019-10-25T16:05:00","startDateTimeLocal":"2019-10-25T18:05:00+02:00","stageTimeDurationMs":853700,"stageTimeDuration":"00:14:13.7000000","splitPointTimeId":100102,"splitPointId":3043,"entryId":20664,"elapsedDurationMs":735400,"elapsedDuration":"PT12M15.4S","splitDateTime":"2019-10-25T16:17:15.4","splitDateTimeLocal":"2019-10-25T18:17:15.4+02:00"},{"startDateTime":"2019-10-25T16:08:00","startDateTimeLocal":"2019-10-25T18:08:00+02:00","stageTimeDurationMs":812300,"stageTimeDuration":"00:13:32.3000000","splitPointTimeId":100110,"splitPointId":3043,"entryId":20665,"elapsedDurationMs":700700,"elapsedDuration":"PT11M40.7S","splitDateTime":"2019-10-25T16:19:40.7","splitDateTimeLocal":"2019-10-25T18:19:40.7+02:00"},{"startDateTime":"2019-10-25T16:10:00","startDateTimeLocal":"2019-10-25T18:10:00+02:00","stageTimeDurationMs":841300,"stageTimeDuration":"00:14:01.3000000","splitPointTimeId":100119,"splitPointId":3043,"entryId":20667,"elapsedDurationMs":729000,"elapsedDuration":"PT12M9S","splitDateTime":"2019-10-25T16:22:09","splitDateTimeLocal":"2019-10-25T18:22:09+02:00"},{"startDateTime":"2019-10-25T16:12:00","startDateTimeLocal":"2019-10-25T18:12:00+02:00","stageTimeDurationMs":1006400,"stageTimeDuration":"00:16:46.4000000","splitPointTimeId":100134,"splitPointId":3043,"entryId":20668,"elapsedDurationMs":872900,"elapsedDuration":"PT14M32.9S","splitDateTime":"2019-10-25T16:26:32.9","splitDateTimeLocal":"2019-10-25T18:26:32.9+02:00"}]