{"splitPoints":[{"splitPointId":2815,"stageId":1378,"number":1,"distance":9.42},{"splitPointId":2822,"stageId":1378,"number":2,"distance":14.57}],"controls":[{"controlId":5867,"eventId":88,"stageId":1378,"type":"FlyingFinish","code":"SF4","location":"Ula 1                   ","timingPrecision":"Tenth","distance":null,"targetDuration":null,"targetDurationMs":null,"firstCarDueDateTime":null,"firstCarDueDateTimeLocal":null,"status":"Completed","controlPenalties":"None","roundingPolicy":"NoRounding","locked":true},{"controlId":5868,"eventId":88,"stageId":1378,"type":"StageStart","code":"SS4","location":"Ula 1                   ","timingPrecision":"Minute","distance":16.57,"targetDuration":"00:03:00","targetDurationMs":180000,"firstCarDueDateTime":"2019-09-13T07:54:00","firstCarDueDateTimeLocal":"2019-09-13T10:54:00+03:00","status":"Completed","controlPenalties":"None","roundingPolicy":"RoundToClosestMinute","locked":true},{"controlId":5869,"eventId":88,"stageId":1378,"type":"TimeControl","code":"TC4","location":"Ula","timingPrecision":"Minute","distance":22.34,"targetDuration":"01:20:00","targetDurationMs":4800000,"firstCarDueDateTime":"2019-09-13T07:51:00","firstCarDueDateTimeLocal":"2019-09-13T10:51:00+03:00","status":"Completed","controlPenalties":"All","roundingPolicy":"NoRounding","locked":true}],"stageId":1378,"eventId":88,"number":4,"name":"Ula 1                   ","distance":16.57,"status":"Completed","stageType":"SpecialStage","timingPrecision":"Tenth","locked":true,"code":"SS4"}