[{"startDateTime":"2019-05-31T13:35:00","startDateTimeLocal":"2019-05-31T14:35:00+01:00","stageTimeDurationMs":733800,"stageTimeDuration":"00:12:13.8000000","splitPointTimeId":75601,"splitPointId":2368,"entryId":19713,"elapsedDurationMs":117200,"elapsedDuration":"PT1M57.2S","splitDateTime":"2019-05-31T13:36:57.2","splitDateTimeLocal":"2019-05-31T14:36:57.2+01:00"},{"startDateTime":"2019-05-31T13:39:00","startDateTimeLocal":"2019-05-31T14:39:00+01:00","stageTimeDurationMs":735500,"stageTimeDuration":"00:12:15.5000000","splitPointTimeId":75607,"splitPointId":2368,"entryId":19714,"elapsedDurationMs":116400,"elapsedDuration":"PT1M56.4S","splitDateTime":"2019-05-31T13:40:56.4","splitDateTimeLocal":"2019-05-31T14:40:56.4+01:00"},{"startDateTime":"2019-05-31T13:43:00","startDateTimeLocal":"2019-05-31T14:43:00+01:00","stageTimeDurationMs":736100,"stageTimeDuration":"00:12:16.1000000","splitPointTimeId":75613,"splitPointId":2368,"entryId":19715,"elapsedDurationMs":117400,"elapsedDuration":"PT1M57.4S","splitDateTime":"2019-05-31T13:44:57.4","splitDateTimeLocal":"2019-05-31T14:44:57.4+01:00"},{"startDateTime":"2019-05-31T13:47:00","startDateTimeLocal":"2019-05-31T14:47:00+01:00","stageTimeDurationMs":740300,"stageTimeDuration":"00:12:20.3000000","splitPointTimeId":75621,"splitPointId":2368,"entryId":19716,"elapsedDurationMs":117400,"elapsedDuration":"PT1M57.4S","splitDateTime":"2019-05-31T13:48:57.4","splitDateTimeLocal":"2019-05-31T14:48:57.4+01:00"},{"startDateTime":"2019-05-31T13:51:00","startDateTimeLocal":"2019-05-31T14:51:00+01:00","stageTimeDurationMs":978100,"stageTimeDuration":"00:16:18.1000000","splitPointTimeId":75629,"splitPointId":2368,"entryId":19717,"elapsedDurationMs":116500,"elapsedDuration":"PT1M56.5S","splitDateTime":"2019-05-31T13:52:56.5","splitDateTimeLocal":"2019-05-31T14:52:56.5+01:00"},{"startDateTime":"2019-05-31T13:55:00","startDateTimeLocal":"2019-05-31T14:55:00+01:00","stageTimeDurationMs":740400,"stageTimeDuration":"00:12:20.4000000","splitPointTimeId":75636,"splitPointId":2368,"entryId":19719,"elapsedDurationMs":117600,"elapsedDuration":"PT1M57.6S","splitDateTime":"2019-05-31T13:56:57.6","splitDateTimeLocal":"2019-05-31T14:56:57.6+01:00"},{"startDateTime":"2019-05-31T13:59:00","startDateTimeLocal":"2019-05-31T14:59:00+01:00","stageTimeDurationMs":736100,"stageTimeDuration":"00:12:16.1000000","splitPointTimeId":75644,"splitPointId":2368,"entryId":19718,"elapsedDurationMs":117100,"elapsedDuration":"PT1M57.1S","splitDateTime":"2019-05-31T14:00:57.1","splitDateTimeLocal":"2019-05-31T15:00:57.1+01:00"},{"startDateTime":"2019-05-31T14:03:00","startDateTimeLocal":"2019-05-31T15:03:00+01:00","stageTimeDurationMs":738900,"stageTimeDuration":"00:12:18.9000000","splitPointTimeId":75652,"splitPointId":2368,"entryId":19720,"elapsedDurationMs":117300,"elapsedDuration":"PT1M57.3S","splitDateTime":"2019-05-31T14:04:57.3","splitDateTimeLocal":"2019-05-31T15:04:57.3+01:00"},{"startDateTime":"2019-05-31T14:07:00","startDateTimeLocal":"2019-05-31T15:07:00+01:00","stageTimeDurationMs":733200,"stageTimeDuration":"00:12:13.2000000","splitPointTimeId":75660,"splitPointId":2368,"entryId":19721,"elapsedDurationMs":116600,"elapsedDuration":"PT1M56.6S","splitDateTime":"2019-05-31T14:08:56.6","splitDateTimeLocal":"2019-05-31T15:08:56.6+01:00"},{"startDateTime":"2019-05-31T14:11:00","startDateTimeLocal":"2019-05-31T15:11:00+01:00","stageTimeDurationMs":754300,"stageTimeDuration":"00:12:34.3000000","splitPointTimeId":75667,"splitPointId":2368,"entryId":19723,"elapsedDurationMs":127000,"elapsedDuration":"PT2M7S","splitDateTime":"2019-05-31T14:13:07","splitDateTimeLocal":"2019-05-31T15:13:07+01:00"},{"startDateTime":"2019-05-31T14:15:00","startDateTimeLocal":"2019-05-31T15:15:00+01:00","stageTimeDurationMs":802200,"stageTimeDuration":"00:13:22.2000000","splitPointTimeId":75675,"splitPointId":2368,"entryId":19722,"elapsedDurationMs":117500,"elapsedDuration":"PT1M57.5S","splitDateTime":"2019-05-31T14:16:57.5","splitDateTimeLocal":"2019-05-31T15:16:57.5+01:00"},{"startDateTime":"2019-05-31T14:17:00","startDateTimeLocal":"2019-05-31T15:17:00+01:00","stageTimeDurationMs":801200,"stageTimeDuration":"00:13:21.2000000","splitPointTimeId":75682,"splitPointId":2368,"entryId":19725,"elapsedDurationMs":129800,"elapsedDuration":"PT2M9.8S","splitDateTime":"2019-05-31T14:19:09.8","splitDateTimeLocal":"2019-05-31T15:19:09.8+01:00"},{"startDateTime":"2019-05-31T14:20:00","startDateTimeLocal":"2019-05-31T15:20:00+01:00","stageTimeDurationMs":780100,"stageTimeDuration":"00:13:00.1000000","splitPointTimeId":75689,"splitPointId":2368,"entryId":19726,"elapsedDurationMs":125000,"elapsedDuration":"PT2M5S","splitDateTime":"2019-05-31T14:22:05","splitDateTimeLocal":"2019-05-31T15:22:05+01:00"},{"startDateTime":"2019-05-31T14:22:00","startDateTimeLocal":"2019-05-31T15:22:00+01:00","stageTimeDurationMs":778500,"stageTimeDuration":"00:12:58.5000000","splitPointTimeId":75690,"splitPointId":2368,"entryId":19727,"elapsedDurationMs":123900,"elapsedDuration":"PT2M3.9S","splitDateTime":"2019-05-31T14:24:03.9","splitDateTimeLocal":"2019-05-31T15:24:03.9+01:00"},{"startDateTime":"2019-05-31T14:24:00","startDateTimeLocal":"2019-05-31T15:24:00+01:00","stageTimeDurationMs":804000,"stageTimeDuration":"00:13:24","splitPointTimeId":75698,"splitPointId":2368,"entryId":19728,"elapsedDurationMs":128000,"elapsedDuration":"PT2M8S","splitDateTime":"2019-05-31T14:26:08","splitDateTimeLocal":"2019-05-31T15:26:08+01:00"},{"startDateTime":"2019-05-31T14:26:00","startDateTimeLocal":"2019-05-31T15:26:00+01:00","stageTimeDurationMs":781800,"stageTimeDuration":"00:13:01.8000000","splitPointTimeId":75704,"splitPointId":2368,"entryId":19729,"elapsedDurationMs":126000,"elapsedDuration":"PT2M6S","splitDateTime":"2019-05-31T14:28:06","splitDateTimeLocal":"2019-05-31T15:28:06+01:00"},{"startDateTime":"2019-05-31T14:28:00","startDateTimeLocal":"2019-05-31T15:28:00+01:00","stageTimeDurationMs":777200,"stageTimeDuration":"00:12:57.2000000","splitPointTimeId":75713,"splitPointId":2368,"entryId":19730,"elapsedDurationMs":123600,"elapsedDuration":"PT2M3.6S","splitDateTime":"2019-05-31T14:30:03.6","splitDateTimeLocal":"2019-05-31T15:30:03.6+01:00"},{"startDateTime":"2019-05-31T14:30:00","startDateTimeLocal":"2019-05-31T15:30:00+01:00","stageTimeDurationMs":785000,"stageTimeDuration":"00:13:05","splitPointTimeId":75722,"splitPointId":2368,"entryId":19731,"elapsedDurationMs":124700,"elapsedDuration":"PT2M4.7S","splitDateTime":"2019-05-31T14:32:04.7","splitDateTimeLocal":"2019-05-31T15:32:04.7+01:00"},{"startDateTime":"2019-05-31T14:32:00","startDateTimeLocal":"2019-05-31T15:32:00+01:00","stageTimeDurationMs":793000,"stageTimeDuration":"00:13:13","splitPointTimeId":75726,"splitPointId":2368,"entryId":19732,"elapsedDurationMs":127800,"elapsedDuration":"PT2M7.8S","splitDateTime":"2019-05-31T14:34:07.8","splitDateTimeLocal":"2019-05-31T15:34:07.8+01:00"},{"startDateTime":"2019-05-31T14:34:00","startDateTimeLocal":"2019-05-31T15:34:00+01:00","stageTimeDurationMs":802100,"stageTimeDuration":"00:13:22.1000000","splitPointTimeId":75735,"splitPointId":2368,"entryId":19750,"elapsedDurationMs":125400,"elapsedDuration":"PT2M5.4S","splitDateTime":"2019-05-31T14:36:05.4","splitDateTimeLocal":"2019-05-31T15:36:05.4+01:00"},{"startDateTime":"2019-05-31T14:36:00","startDateTimeLocal":"2019-05-31T15:36:00+01:00","stageTimeDurationMs":798700,"stageTimeDuration":"00:13:18.7000000","splitPointTimeId":75742,"splitPointId":2368,"entryId":19733,"elapsedDurationMs":129000,"elapsedDuration":"PT2M9S","splitDateTime":"2019-05-31T14:38:09","splitDateTimeLocal":"2019-05-31T15:38:09+01:00"},{"startDateTime":"2019-05-31T14:38:00","startDateTimeLocal":"2019-05-31T15:38:00+01:00","stageTimeDurationMs":798800,"stageTimeDuration":"00:13:18.8000000","splitPointTimeId":75750,"splitPointId":2368,"entryId":19734,"elapsedDurationMs":128100,"elapsedDuration":"PT2M8.1S","splitDateTime":"2019-05-31T14:40:08.1","splitDateTimeLocal":"2019-05-31T15:40:08.1+01:00"},{"startDateTime":"2019-05-31T14:40:00","startDateTimeLocal":"2019-05-31T15:40:00+01:00","stageTimeDurationMs":808800,"stageTimeDuration":"00:13:28.8000000","splitPointTimeId":75756,"splitPointId":2368,"entryId":19735,"elapsedDurationMs":126400,"elapsedDuration":"PT2M6.4S","splitDateTime":"2019-05-31T14:42:06.4","splitDateTimeLocal":"2019-05-31T15:42:06.4+01:00"},{"startDateTime":"2019-05-31T14:42:00","startDateTimeLocal":"2019-05-31T15:42:00+01:00","stageTimeDurationMs":1085500,"stageTimeDuration":"00:18:05.5000000","splitPointTimeId":75763,"splitPointId":2368,"entryId":19724,"elapsedDurationMs":125500,"elapsedDuration":"PT2M5.5S","splitDateTime":"2019-05-31T14:44:05.5","splitDateTimeLocal":"2019-05-31T15:44:05.5+01:00"},{"startDateTime":"2019-05-31T14:44:00","startDateTimeLocal":"2019-05-31T15:44:00+01:00","stageTimeDurationMs":874100,"stageTimeDuration":"00:14:34.1000000","splitPointTimeId":75772,"splitPointId":2368,"entryId":19736,"elapsedDurationMs":141100,"elapsedDuration":"PT2M21.1S","splitDateTime":"2019-05-31T14:46:21.1","splitDateTimeLocal":"2019-05-31T15:46:21.1+01:00"},{"startDateTime":"2019-05-31T14:47:00","startDateTimeLocal":"2019-05-31T15:47:00+01:00","stageTimeDurationMs":787800,"stageTimeDuration":"00:13:07.8000000","splitPointTimeId":75783,"splitPointId":2368,"entryId":19737,"elapsedDurationMs":127100,"elapsedDuration":"PT2M7.1S","splitDateTime":"2019-05-31T14:49:07.1","splitDateTimeLocal":"2019-05-31T15:49:07.1+01:00"},{"startDateTime":"2019-05-31T14:50:00","startDateTimeLocal":"2019-05-31T15:50:00+01:00","stageTimeDurationMs":806400,"stageTimeDuration":"00:13:26.4000000","splitPointTimeId":75795,"splitPointId":2368,"entryId":19738,"elapsedDurationMs":131500,"elapsedDuration":"PT2M11.5S","splitDateTime":"2019-05-31T14:52:11.5","splitDateTimeLocal":"2019-05-31T15:52:11.5+01:00"},{"startDateTime":"2019-05-31T14:52:00","startDateTimeLocal":"2019-05-31T15:52:00+01:00","stageTimeDurationMs":980000,"stageTimeDuration":"00:16:20","splitPointTimeId":75797,"splitPointId":2368,"entryId":19739,"elapsedDurationMs":127800,"elapsedDuration":"PT2M7.8S","splitDateTime":"2019-05-31T14:54:07.8","splitDateTimeLocal":"2019-05-31T15:54:07.8+01:00"},{"startDateTime":"2019-05-31T14:54:00","startDateTimeLocal":"2019-05-31T15:54:00+01:00","stageTimeDurationMs":816400,"stageTimeDuration":"00:13:36.4000000","splitPointTimeId":75804,"splitPointId":2368,"entryId":19745,"elapsedDurationMs":130300,"elapsedDuration":"PT2M10.3S","splitDateTime":"2019-05-31T14:56:10.3","splitDateTimeLocal":"2019-05-31T15:56:10.3+01:00"},{"startDateTime":"2019-05-31T14:56:00","startDateTimeLocal":"2019-05-31T15:56:00+01:00","stageTimeDurationMs":827100,"stageTimeDuration":"00:13:47.1000000","splitPointTimeId":75810,"splitPointId":2368,"entryId":19741,"elapsedDurationMs":133000,"elapsedDuration":"PT2M13S","splitDateTime":"2019-05-31T14:58:13","splitDateTimeLocal":"2019-05-31T15:58:13+01:00"},{"startDateTime":"2019-05-31T14:58:00","startDateTimeLocal":"2019-05-31T15:58:00+01:00","stageTimeDurationMs":789000,"stageTimeDuration":"00:13:09","splitPointTimeId":75819,"splitPointId":2368,"entryId":19742,"elapsedDurationMs":126200,"elapsedDuration":"PT2M6.2S","splitDateTime":"2019-05-31T15:00:06.2","splitDateTimeLocal":"2019-05-31T16:00:06.2+01:00"},{"startDateTime":"2019-05-31T15:00:00","startDateTimeLocal":"2019-05-31T16:00:00+01:00","stageTimeDurationMs":830900,"stageTimeDuration":"00:13:50.9000000","splitPointTimeId":75828,"splitPointId":2368,"entryId":19743,"elapsedDurationMs":130700,"elapsedDuration":"PT2M10.7S","splitDateTime":"2019-05-31T15:02:10.7","splitDateTimeLocal":"2019-05-31T16:02:10.7+01:00"},{"startDateTime":"2019-05-31T15:02:00","startDateTimeLocal":"2019-05-31T16:02:00+01:00","stageTimeDurationMs":818400,"stageTimeDuration":"00:13:38.4000000","splitPointTimeId":75834,"splitPointId":2368,"entryId":19746,"elapsedDurationMs":129700,"elapsedDuration":"PT2M9.7S","splitDateTime":"2019-05-31T15:04:09.7","splitDateTimeLocal":"2019-05-31T16:04:09.7+01:00"},{"startDateTime":"2019-05-31T15:04:00","startDateTimeLocal":"2019-05-31T16:04:00+01:00","stageTimeDurationMs":849000,"stageTimeDuration":"00:14:09","splitPointTimeId":75841,"splitPointId":2368,"entryId":19747,"elapsedDurationMs":137100,"elapsedDuration":"PT2M17.1S","splitDateTime":"2019-05-31T15:06:17.1","splitDateTimeLocal":"2019-05-31T16:06:17.1+01:00"},{"startDateTime":"2019-05-31T15:06:00","startDateTimeLocal":"2019-05-31T16:06:00+01:00","stageTimeDurationMs":879600,"stageTimeDuration":"00:14:39.6000000","splitPointTimeId":75852,"splitPointId":2368,"entryId":19748,"elapsedDurationMs":140600,"elapsedDuration":"PT2M20.6S","splitDateTime":"2019-05-31T15:08:20.6","splitDateTimeLocal":"2019-05-31T16:08:20.6+01:00"},{"startDateTime":"2019-05-31T15:08:00","startDateTimeLocal":"2019-05-31T16:08:00+01:00","stageTimeDurationMs":917600,"stageTimeDuration":"00:15:17.6000000","splitPointTimeId":75859,"splitPointId":2368,"entryId":19749,"elapsedDurationMs":130900,"elapsedDuration":"PT2M10.9S","splitDateTime":"2019-05-31T15:10:10.9","splitDateTimeLocal":"2019-05-31T16:10:10.9+01:00"},{"startDateTime":"2019-05-31T15:10:00","startDateTimeLocal":"2019-05-31T16:10:00+01:00","stageTimeDurationMs":1170900,"stageTimeDuration":"00:19:30.9000000","splitPointTimeId":75865,"splitPointId":2368,"entryId":19751,"elapsedDurationMs":147200,"elapsedDuration":"PT2M27.2S","splitDateTime":"2019-05-31T15:12:27.2","splitDateTimeLocal":"2019-05-31T16:12:27.2+01:00"},{"startDateTime":"2019-05-31T15:13:00","startDateTimeLocal":"2019-05-31T16:13:00+01:00","stageTimeDurationMs":825700,"stageTimeDuration":"00:13:45.7000000","splitPointTimeId":75874,"splitPointId":2368,"entryId":19744,"elapsedDurationMs":134100,"elapsedDuration":"PT2M14.1S","splitDateTime":"2019-05-31T15:15:14.1","splitDateTimeLocal":"2019-05-31T16:15:14.1+01:00"},{"startDateTime":"2019-05-31T15:15:00","startDateTimeLocal":"2019-05-31T16:15:00+01:00","stageTimeDurationMs":908600,"stageTimeDuration":"00:15:08.6000000","splitPointTimeId":75880,"splitPointId":2368,"entryId":19752,"elapsedDurationMs":135900,"elapsedDuration":"PT2M15.9S","splitDateTime":"2019-05-31T15:17:15.9","splitDateTimeLocal":"2019-05-31T16:17:15.9+01:00"},{"startDateTime":"2019-05-31T15:17:00","startDateTimeLocal":"2019-05-31T16:17:00+01:00","stageTimeDurationMs":1045700,"stageTimeDuration":"00:17:25.7000000","splitPointTimeId":75887,"splitPointId":2368,"entryId":19754,"elapsedDurationMs":160600,"elapsedDuration":"PT2M40.6S","splitDateTime":"2019-05-31T15:19:40.6","splitDateTimeLocal":"2019-05-31T16:19:40.6+01:00"},{"startDateTime":"2019-05-31T15:20:00","startDateTimeLocal":"2019-05-31T16:20:00+01:00","stageTimeDurationMs":945900,"stageTimeDuration":"00:15:45.9000000","splitPointTimeId":75897,"splitPointId":2368,"entryId":19755,"elapsedDurationMs":146400,"elapsedDuration":"PT2M26.4S","splitDateTime":"2019-05-31T15:22:26.4","splitDateTimeLocal":"2019-05-31T16:22:26.4+01:00"},{"startDateTime":"2019-05-31T15:22:00","startDateTimeLocal":"2019-05-31T16:22:00+01:00","stageTimeDurationMs":1004600,"stageTimeDuration":"00:16:44.6000000","splitPointTimeId":75903,"splitPointId":2368,"entryId":19756,"elapsedDurationMs":167800,"elapsedDuration":"PT2M47.8S","splitDateTime":"2019-05-31T15:24:47.8","splitDateTimeLocal":"2019-05-31T16:24:47.8+01:00"},{"startDateTime":"2019-05-31T15:24:00","startDateTimeLocal":"2019-05-31T16:24:00+01:00","stageTimeDurationMs":918400,"stageTimeDuration":"00:15:18.4000000","splitPointTimeId":75908,"splitPointId":2368,"entryId":19758,"elapsedDurationMs":152500,"elapsedDuration":"PT2M32.5S","splitDateTime":"2019-05-31T15:26:32.5","splitDateTimeLocal":"2019-05-31T16:26:32.5+01:00"},{"startDateTime":"2019-05-31T15:26:00","startDateTimeLocal":"2019-05-31T16:26:00+01:00","stageTimeDurationMs":885000,"stageTimeDuration":"00:14:45","splitPointTimeId":75910,"splitPointId":2368,"entryId":19759,"elapsedDurationMs":147800,"elapsedDuration":"PT2M27.8S","splitDateTime":"2019-05-31T15:28:27.8","splitDateTimeLocal":"2019-05-31T16:28:27.8+01:00"},{"startDateTime":"2019-05-31T15:28:00","startDateTimeLocal":"2019-05-31T16:28:00+01:00","stageTimeDurationMs":896800,"stageTimeDuration":"00:14:56.8000000","splitPointTimeId":75920,"splitPointId":2368,"entryId":19760,"elapsedDurationMs":151900,"elapsedDuration":"PT2M31.9S","splitDateTime":"2019-05-31T15:30:31.9","splitDateTimeLocal":"2019-05-31T16:30:31.9+01:00"},{"startDateTime":"2019-05-31T15:30:00","startDateTimeLocal":"2019-05-31T16:30:00+01:00","stageTimeDurationMs":907500,"stageTimeDuration":"00:15:07.5000000","splitPointTimeId":75925,"splitPointId":2368,"entryId":19761,"elapsedDurationMs":153900,"elapsedDuration":"PT2M33.9S","splitDateTime":"2019-05-31T15:32:33.9","splitDateTimeLocal":"2019-05-31T16:32:33.9+01:00"},{"startDateTime":"2019-05-31T15:32:00","startDateTimeLocal":"2019-05-31T16:32:00+01:00","stageTimeDurationMs":959000,"stageTimeDuration":"00:15:59","splitPointTimeId":75934,"splitPointId":2368,"entryId":19764,"elapsedDurationMs":151700,"elapsedDuration":"PT2M31.7S","splitDateTime":"2019-05-31T15:34:31.7","splitDateTimeLocal":"2019-05-31T16:34:31.7+01:00"},{"startDateTime":"2019-05-31T15:34:00","startDateTimeLocal":"2019-05-31T16:34:00+01:00","stageTimeDurationMs":907900,"stageTimeDuration":"00:15:07.9000000","splitPointTimeId":75942,"splitPointId":2368,"entryId":19770,"elapsedDurationMs":154100,"elapsedDuration":"PT2M34.1S","splitDateTime":"2019-05-31T15:36:34.1","splitDateTimeLocal":"2019-05-31T16:36:34.1+01:00"},{"startDateTime":"2019-05-31T15:36:00","startDateTimeLocal":"2019-05-31T16:36:00+01:00","stageTimeDurationMs":908800,"stageTimeDuration":"00:15:08.8000000","splitPointTimeId":75947,"splitPointId":2368,"entryId":19765,"elapsedDurationMs":152500,"elapsedDuration":"PT2M32.5S","splitDateTime":"2019-05-31T15:38:32.5","splitDateTimeLocal":"2019-05-31T16:38:32.5+01:00"},{"startDateTime":"2019-05-31T15:38:00","startDateTimeLocal":"2019-05-31T16:38:00+01:00","stageTimeDurationMs":938600,"stageTimeDuration":"00:15:38.6000000","splitPointTimeId":75955,"splitPointId":2368,"entryId":19766,"elapsedDurationMs":151700,"elapsedDuration":"PT2M31.7S","splitDateTime":"2019-05-31T15:40:31.7","splitDateTimeLocal":"2019-05-31T16:40:31.7+01:00"},{"startDateTime":"2019-05-31T15:40:00","startDateTimeLocal":"2019-05-31T16:40:00+01:00","stageTimeDurationMs":898500,"stageTimeDuration":"00:14:58.5000000","splitPointTimeId":75961,"splitPointId":2368,"entryId":19767,"elapsedDurationMs":150200,"elapsedDuration":"PT2M30.2S","splitDateTime":"2019-05-31T15:42:30.2","splitDateTimeLocal":"2019-05-31T16:42:30.2+01:00"},{"startDateTime":"2019-05-31T15:42:00","startDateTimeLocal":"2019-05-31T16:42:00+01:00","stageTimeDurationMs":917600,"stageTimeDuration":"00:15:17.6000000","splitPointTimeId":75968,"splitPointId":2368,"entryId":19768,"elapsedDurationMs":151700,"elapsedDuration":"PT2M31.7S","splitDateTime":"2019-05-31T15:44:31.7","splitDateTimeLocal":"2019-05-31T16:44:31.7+01:00"},{"startDateTime":"2019-05-31T15:44:00","startDateTimeLocal":"2019-05-31T16:44:00+01:00","stageTimeDurationMs":1042300,"stageTimeDuration":"00:17:22.3000000","splitPointTimeId":75977,"splitPointId":2368,"entryId":19769,"elapsedDurationMs":172400,"elapsedDuration":"PT2M52.4S","splitDateTime":"2019-05-31T15:46:52.4","splitDateTimeLocal":"2019-05-31T16:46:52.4+01:00"},{"startDateTime":"2019-05-31T15:48:00","startDateTimeLocal":"2019-05-31T16:48:00+01:00","stageTimeDurationMs":941700,"stageTimeDuration":"00:15:41.7000000","splitPointTimeId":75989,"splitPointId":2368,"entryId":19772,"elapsedDurationMs":155600,"elapsedDuration":"PT2M35.6S","splitDateTime":"2019-05-31T15:50:35.6","splitDateTimeLocal":"2019-05-31T16:50:35.6+01:00"},{"startDateTime":"2019-05-31T15:46:00","startDateTimeLocal":"2019-05-31T16:46:00+01:00","stageTimeDurationMs":1136200,"stageTimeDuration":"00:18:56.2000000","splitPointTimeId":75990,"splitPointId":2368,"entryId":19771,"elapsedDurationMs":157100,"elapsedDuration":"PT2M37.1S","splitDateTime":"2019-05-31T15:48:37.1","splitDateTimeLocal":"2019-05-31T16:48:37.1+01:00"},{"startDateTime":"2019-05-31T13:35:00","startDateTimeLocal":"2019-05-31T14:35:00+01:00","stageTimeDurationMs":733800,"stageTimeDuration":"00:12:13.8000000","splitPointTimeId":75604,"splitPointId":2369,"entryId":19713,"elapsedDurationMs":246800,"elapsedDuration":"PT4M6.8S","splitDateTime":"2019-05-31T13:39:06.8","splitDateTimeLocal":"2019-05-31T14:39:06.8+01:00"},{"startDateTime":"2019-05-31T13:39:00","startDateTimeLocal":"2019-05-31T14:39:00+01:00","stageTimeDurationMs":735500,"stageTimeDuration":"00:12:15.5000000","splitPointTimeId":75610,"splitPointId":2369,"entryId":19714,"elapsedDurationMs":245300,"elapsedDuration":"PT4M5.3S","splitDateTime":"2019-05-31T13:43:05.3","splitDateTimeLocal":"2019-05-31T14:43:05.3+01:00"},{"startDateTime":"2019-05-31T13:43:00","startDateTimeLocal":"2019-05-31T14:43:00+01:00","stageTimeDurationMs":736100,"stageTimeDuration":"00:12:16.1000000","splitPointTimeId":75618,"splitPointId":2369,"entryId":19715,"elapsedDurationMs":246400,"elapsedDuration":"PT4M6.4S","splitDateTime":"2019-05-31T13:47:06.4","splitDateTimeLocal":"2019-05-31T14:47:06.4+01:00"},{"startDateTime":"2019-05-31T13:47:00","startDateTimeLocal":"2019-05-31T14:47:00+01:00","stageTimeDurationMs":740300,"stageTimeDuration":"00:12:20.3000000","splitPointTimeId":75626,"splitPointId":2369,"entryId":19716,"elapsedDurationMs":247600,"elapsedDuration":"PT4M7.6S","splitDateTime":"2019-05-31T13:51:07.6","splitDateTimeLocal":"2019-05-31T14:51:07.6+01:00"},{"startDateTime":"2019-05-31T13:55:00","startDateTimeLocal":"2019-05-31T14:55:00+01:00","stageTimeDurationMs":740400,"stageTimeDuration":"00:12:20.4000000","splitPointTimeId":75640,"splitPointId":2369,"entryId":19719,"elapsedDurationMs":262000,"elapsedDuration":"PT4M22S","splitDateTime":"2019-05-31T13:59:22","splitDateTimeLocal":"2019-05-31T14:59:22+01:00"},{"startDateTime":"2019-05-31T13:51:00","startDateTimeLocal":"2019-05-31T14:51:00+01:00","stageTimeDurationMs":978100,"stageTimeDuration":"00:16:18.1000000","splitPointTimeId":75643,"splitPointId":2369,"entryId":19717,"elapsedDurationMs":480900,"elapsedDuration":"PT8M0.9S","splitDateTime":"2019-05-31T13:59:00.9","splitDateTimeLocal":"2019-05-31T14:59:00.9+01:00"},{"startDateTime":"2019-05-31T13:59:00","startDateTimeLocal":"2019-05-31T14:59:00+01:00","stageTimeDurationMs":736100,"stageTimeDuration":"00:12:16.1000000","splitPointTimeId":75649,"splitPointId":2369,"entryId":19718,"elapsedDurationMs":246300,"elapsedDuration":"PT4M6.3S","splitDateTime":"2019-05-31T14:03:06.3","splitDateTimeLocal":"2019-05-31T15:03:06.3+01:00"},{"startDateTime":"2019-05-31T14:03:00","startDateTimeLocal":"2019-05-31T15:03:00+01:00","stageTimeDurationMs":738900,"stageTimeDuration":"00:12:18.9000000","splitPointTimeId":75657,"splitPointId":2369,"entryId":19720,"elapsedDurationMs":247300,"elapsedDuration":"PT4M7.3S","splitDateTime":"2019-05-31T14:07:07.3","splitDateTimeLocal":"2019-05-31T15:07:07.3+01:00"},{"startDateTime":"2019-05-31T14:07:00","startDateTimeLocal":"2019-05-31T15:07:00+01:00","stageTimeDurationMs":733200,"stageTimeDuration":"00:12:13.2000000","splitPointTimeId":75665,"splitPointId":2369,"entryId":19721,"elapsedDurationMs":244900,"elapsedDuration":"PT4M4.9S","splitDateTime":"2019-05-31T14:11:04.9","splitDateTimeLocal":"2019-05-31T15:11:04.9+01:00"},{"startDateTime":"2019-05-31T14:11:00","startDateTimeLocal":"2019-05-31T15:11:00+01:00","stageTimeDurationMs":754300,"stageTimeDuration":"00:12:34.3000000","splitPointTimeId":75672,"splitPointId":2369,"entryId":19723,"elapsedDurationMs":258700,"elapsedDuration":"PT4M18.7S","splitDateTime":"2019-05-31T14:15:18.7","splitDateTimeLocal":"2019-05-31T15:15:18.7+01:00"},{"startDateTime":"2019-05-31T14:15:00","startDateTimeLocal":"2019-05-31T15:15:00+01:00","stageTimeDurationMs":802200,"stageTimeDuration":"00:13:22.2000000","splitPointTimeId":75680,"splitPointId":2369,"entryId":19722,"elapsedDurationMs":246700,"elapsedDuration":"PT4M6.7S","splitDateTime":"2019-05-31T14:19:06.7","splitDateTimeLocal":"2019-05-31T15:19:06.7+01:00"},{"startDateTime":"2019-05-31T14:17:00","startDateTimeLocal":"2019-05-31T15:17:00+01:00","stageTimeDurationMs":801200,"stageTimeDuration":"00:13:21.2000000","splitPointTimeId":75685,"splitPointId":2369,"entryId":19725,"elapsedDurationMs":268900,"elapsedDuration":"PT4M28.9S","splitDateTime":"2019-05-31T14:21:28.9","splitDateTimeLocal":"2019-05-31T15:21:28.9+01:00"},{"startDateTime":"2019-05-31T14:20:00","startDateTimeLocal":"2019-05-31T15:20:00+01:00","stageTimeDurationMs":780100,"stageTimeDuration":"00:13:00.1000000","splitPointTimeId":75692,"splitPointId":2369,"entryId":19726,"elapsedDurationMs":260900,"elapsedDuration":"PT4M20.9S","splitDateTime":"2019-05-31T14:24:20.9","splitDateTimeLocal":"2019-05-31T15:24:20.9+01:00"},{"startDateTime":"2019-05-31T14:22:00","startDateTimeLocal":"2019-05-31T15:22:00+01:00","stageTimeDurationMs":778500,"stageTimeDuration":"00:12:58.5000000","splitPointTimeId":75699,"splitPointId":2369,"entryId":19727,"elapsedDurationMs":260100,"elapsedDuration":"PT4M20.1S","splitDateTime":"2019-05-31T14:26:20.1","splitDateTimeLocal":"2019-05-31T15:26:20.1+01:00"},{"startDateTime":"2019-05-31T14:24:00","startDateTimeLocal":"2019-05-31T15:24:00+01:00","stageTimeDurationMs":804000,"stageTimeDuration":"00:13:24","splitPointTimeId":75706,"splitPointId":2369,"entryId":19728,"elapsedDurationMs":267500,"elapsedDuration":"PT4M27.5S","splitDateTime":"2019-05-31T14:28:27.5","splitDateTimeLocal":"2019-05-31T15:28:27.5+01:00"},{"startDateTime":"2019-05-31T14:26:00","startDateTimeLocal":"2019-05-31T15:26:00+01:00","stageTimeDurationMs":781800,"stageTimeDuration":"00:13:01.8000000","splitPointTimeId":75715,"splitPointId":2369,"entryId":19729,"elapsedDurationMs":261300,"elapsedDuration":"PT4M21.3S","splitDateTime":"2019-05-31T14:30:21.3","splitDateTimeLocal":"2019-05-31T15:30:21.3+01:00"},{"startDateTime":"2019-05-31T14:28:00","startDateTimeLocal":"2019-05-31T15:28:00+01:00","stageTimeDurationMs":777200,"stageTimeDuration":"00:12:57.2000000","splitPointTimeId":75720,"splitPointId":2369,"entryId":19730,"elapsedDurationMs":259100,"elapsedDuration":"PT4M19.1S","splitDateTime":"2019-05-31T14:32:19.1","splitDateTimeLocal":"2019-05-31T15:32:19.1+01:00"},{"startDateTime":"2019-05-31T14:30:00","startDateTimeLocal":"2019-05-31T15:30:00+01:00","stageTimeDurationMs":785000,"stageTimeDuration":"00:13:05","splitPointTimeId":75727,"splitPointId":2369,"entryId":19731,"elapsedDurationMs":261200,"elapsedDuration":"PT4M21.2S","splitDateTime":"2019-05-31T14:34:21.2","splitDateTimeLocal":"2019-05-31T15:34:21.2+01:00"},{"startDateTime":"2019-05-31T14:32:00","startDateTimeLocal":"2019-05-31T15:32:00+01:00","stageTimeDurationMs":793000,"stageTimeDuration":"00:13:13","splitPointTimeId":75736,"splitPointId":2369,"entryId":19732,"elapsedDurationMs":264900,"elapsedDuration":"PT4M24.9S","splitDateTime":"2019-05-31T14:36:24.9","splitDateTimeLocal":"2019-05-31T15:36:24.9+01:00"},{"startDateTime":"2019-05-31T14:34:00","startDateTimeLocal":"2019-05-31T15:34:00+01:00","stageTimeDurationMs":802100,"stageTimeDuration":"00:13:22.1000000","splitPointTimeId":75743,"splitPointId":2369,"entryId":19750,"elapsedDurationMs":267100,"elapsedDuration":"PT4M27.1S","splitDateTime":"2019-05-31T14:38:27.1","splitDateTimeLocal":"2019-05-31T15:38:27.1+01:00"},{"startDateTime":"2019-05-31T14:36:00","startDateTimeLocal":"2019-05-31T15:36:00+01:00","stageTimeDurationMs":798700,"stageTimeDuration":"00:13:18.7000000","splitPointTimeId":75751,"splitPointId":2369,"entryId":19733,"elapsedDurationMs":267200,"elapsedDuration":"PT4M27.2S","splitDateTime":"2019-05-31T14:40:27.2","splitDateTimeLocal":"2019-05-31T15:40:27.2+01:00"},{"startDateTime":"2019-05-31T14:38:00","startDateTimeLocal":"2019-05-31T15:38:00+01:00","stageTimeDurationMs":798800,"stageTimeDuration":"00:13:18.8000000","splitPointTimeId":75757,"splitPointId":2369,"entryId":19734,"elapsedDurationMs":267400,"elapsedDuration":"PT4M27.4S","splitDateTime":"2019-05-31T14:42:27.4","splitDateTimeLocal":"2019-05-31T15:42:27.4+01:00"},{"startDateTime":"2019-05-31T14:40:00","startDateTimeLocal":"2019-05-31T15:40:00+01:00","stageTimeDurationMs":808800,"stageTimeDuration":"00:13:28.8000000","splitPointTimeId":75764,"splitPointId":2369,"entryId":19735,"elapsedDurationMs":264400,"elapsedDuration":"PT4M24.4S","splitDateTime":"2019-05-31T14:44:24.4","splitDateTimeLocal":"2019-05-31T15:44:24.4+01:00"},{"startDateTime":"2019-05-31T14:42:00","startDateTimeLocal":"2019-05-31T15:42:00+01:00","stageTimeDurationMs":1085500,"stageTimeDuration":"00:18:05.5000000","splitPointTimeId":75771,"splitPointId":2369,"entryId":19724,"elapsedDurationMs":261500,"elapsedDuration":"PT4M21.5S","splitDateTime":"2019-05-31T14:46:21.5","splitDateTimeLocal":"2019-05-31T15:46:21.5+01:00"},{"startDateTime":"2019-05-31T14:44:00","startDateTimeLocal":"2019-05-31T15:44:00+01:00","stageTimeDurationMs":874100,"stageTimeDuration":"00:14:34.1000000","splitPointTimeId":75779,"splitPointId":2369,"entryId":19736,"elapsedDurationMs":290200,"elapsedDuration":"PT4M50.2S","splitDateTime":"2019-05-31T14:48:50.2","splitDateTimeLocal":"2019-05-31T15:48:50.2+01:00"},{"startDateTime":"2019-05-31T14:47:00","startDateTimeLocal":"2019-05-31T15:47:00+01:00","stageTimeDurationMs":787800,"stageTimeDuration":"00:13:07.8000000","splitPointTimeId":75789,"splitPointId":2369,"entryId":19737,"elapsedDurationMs":263800,"elapsedDuration":"PT4M23.8S","splitDateTime":"2019-05-31T14:51:23.8","splitDateTimeLocal":"2019-05-31T15:51:23.8+01:00"},{"startDateTime":"2019-05-31T14:50:00","startDateTimeLocal":"2019-05-31T15:50:00+01:00","stageTimeDurationMs":806400,"stageTimeDuration":"00:13:26.4000000","splitPointTimeId":75799,"splitPointId":2369,"entryId":19738,"elapsedDurationMs":271300,"elapsedDuration":"PT4M31.3S","splitDateTime":"2019-05-31T14:54:31.3","splitDateTimeLocal":"2019-05-31T15:54:31.3+01:00"},{"startDateTime":"2019-05-31T14:54:00","startDateTimeLocal":"2019-05-31T15:54:00+01:00","stageTimeDurationMs":816400,"stageTimeDuration":"00:13:36.4000000","splitPointTimeId":75812,"splitPointId":2369,"entryId":19745,"elapsedDurationMs":271300,"elapsedDuration":"PT4M31.3S","splitDateTime":"2019-05-31T14:58:31.3","splitDateTimeLocal":"2019-05-31T15:58:31.3+01:00"},{"startDateTime":"2019-05-31T14:52:00","startDateTimeLocal":"2019-05-31T15:52:00+01:00","stageTimeDurationMs":980000,"stageTimeDuration":"00:16:20","splitPointTimeId":75816,"splitPointId":2369,"entryId":19739,"elapsedDurationMs":440000,"elapsedDuration":"PT7M20S","splitDateTime":"2019-05-31T14:59:20","splitDateTimeLocal":"2019-05-31T15:59:20+01:00"},{"startDateTime":"2019-05-31T14:56:00","startDateTimeLocal":"2019-05-31T15:56:00+01:00","stageTimeDurationMs":827100,"stageTimeDuration":"00:13:47.1000000","splitPointTimeId":75821,"splitPointId":2369,"entryId":19741,"elapsedDurationMs":276300,"elapsedDuration":"PT4M36.3S","splitDateTime":"2019-05-31T15:00:36.3","splitDateTimeLocal":"2019-05-31T16:00:36.3+01:00"},{"startDateTime":"2019-05-31T14:58:00","startDateTimeLocal":"2019-05-31T15:58:00+01:00","stageTimeDurationMs":789000,"stageTimeDuration":"00:13:09","splitPointTimeId":75829,"splitPointId":2369,"entryId":19742,"elapsedDurationMs":262600,"elapsedDuration":"PT4M22.6S","splitDateTime":"2019-05-31T15:02:22.6","splitDateTimeLocal":"2019-05-31T16:02:22.6+01:00"},{"startDateTime":"2019-05-31T15:00:00","startDateTimeLocal":"2019-05-31T16:00:00+01:00","stageTimeDurationMs":830900,"stageTimeDuration":"00:13:50.9000000","splitPointTimeId":75836,"splitPointId":2369,"entryId":19743,"elapsedDurationMs":274800,"elapsedDuration":"PT4M34.8S","splitDateTime":"2019-05-31T15:04:34.8","splitDateTimeLocal":"2019-05-31T16:04:34.8+01:00"},{"startDateTime":"2019-05-31T15:02:00","startDateTimeLocal":"2019-05-31T16:02:00+01:00","stageTimeDurationMs":818400,"stageTimeDuration":"00:13:38.4000000","splitPointTimeId":75842,"splitPointId":2369,"entryId":19746,"elapsedDurationMs":272200,"elapsedDuration":"PT4M32.2S","splitDateTime":"2019-05-31T15:06:32.2","splitDateTimeLocal":"2019-05-31T16:06:32.2+01:00"},{"startDateTime":"2019-05-31T15:04:00","startDateTimeLocal":"2019-05-31T16:04:00+01:00","stageTimeDurationMs":849000,"stageTimeDuration":"00:14:09","splitPointTimeId":75853,"splitPointId":2369,"entryId":19747,"elapsedDurationMs":286200,"elapsedDuration":"PT4M46.2S","splitDateTime":"2019-05-31T15:08:46.2","splitDateTimeLocal":"2019-05-31T16:08:46.2+01:00"},{"startDateTime":"2019-05-31T15:06:00","startDateTimeLocal":"2019-05-31T16:06:00+01:00","stageTimeDurationMs":879600,"stageTimeDuration":"00:14:39.6000000","splitPointTimeId":75860,"splitPointId":2369,"entryId":19748,"elapsedDurationMs":290300,"elapsedDuration":"PT4M50.3S","splitDateTime":"2019-05-31T15:10:50.3","splitDateTimeLocal":"2019-05-31T16:10:50.3+01:00"},{"startDateTime":"2019-05-31T15:08:00","startDateTimeLocal":"2019-05-31T16:08:00+01:00","stageTimeDurationMs":917600,"stageTimeDuration":"00:15:17.6000000","splitPointTimeId":75866,"splitPointId":2369,"entryId":19749,"elapsedDurationMs":274200,"elapsedDuration":"PT4M34.2S","splitDateTime":"2019-05-31T15:12:34.2","splitDateTimeLocal":"2019-05-31T16:12:34.2+01:00"},{"startDateTime":"2019-05-31T15:13:00","startDateTimeLocal":"2019-05-31T16:13:00+01:00","stageTimeDurationMs":825700,"stageTimeDuration":"00:13:45.7000000","splitPointTimeId":75881,"splitPointId":2369,"entryId":19744,"elapsedDurationMs":276500,"elapsedDuration":"PT4M36.5S","splitDateTime":"2019-05-31T15:17:36.5","splitDateTimeLocal":"2019-05-31T16:17:36.5+01:00"},{"startDateTime":"2019-05-31T15:10:00","startDateTimeLocal":"2019-05-31T16:10:00+01:00","stageTimeDurationMs":1170900,"stageTimeDuration":"00:19:30.9000000","splitPointTimeId":75886,"splitPointId":2369,"entryId":19751,"elapsedDurationMs":576900,"elapsedDuration":"PT9M36.9S","splitDateTime":"2019-05-31T15:19:36.9","splitDateTimeLocal":"2019-05-31T16:19:36.9+01:00"},{"startDateTime":"2019-05-31T15:15:00","startDateTimeLocal":"2019-05-31T16:15:00+01:00","stageTimeDurationMs":908600,"stageTimeDuration":"00:15:08.6000000","splitPointTimeId":75888,"splitPointId":2369,"entryId":19752,"elapsedDurationMs":298000,"elapsedDuration":"PT4M58S","splitDateTime":"2019-05-31T15:19:58","splitDateTimeLocal":"2019-05-31T16:19:58+01:00"},{"startDateTime":"2019-05-31T15:17:00","startDateTimeLocal":"2019-05-31T16:17:00+01:00","stageTimeDurationMs":1045700,"stageTimeDuration":"00:17:25.7000000","splitPointTimeId":75896,"splitPointId":2369,"entryId":19754,"elapsedDurationMs":337700,"elapsedDuration":"PT5M37.7S","splitDateTime":"2019-05-31T15:22:37.7","splitDateTimeLocal":"2019-05-31T16:22:37.7+01:00"},{"startDateTime":"2019-05-31T15:20:00","startDateTimeLocal":"2019-05-31T16:20:00+01:00","stageTimeDurationMs":945900,"stageTimeDuration":"00:15:45.9000000","splitPointTimeId":75906,"splitPointId":2369,"entryId":19755,"elapsedDurationMs":313100,"elapsedDuration":"PT5M13.1S","splitDateTime":"2019-05-31T15:25:13.1","splitDateTimeLocal":"2019-05-31T16:25:13.1+01:00"},{"startDateTime":"2019-05-31T15:22:00","startDateTimeLocal":"2019-05-31T16:22:00+01:00","stageTimeDurationMs":1004600,"stageTimeDuration":"00:16:44.6000000","splitPointTimeId":75909,"splitPointId":2369,"entryId":19756,"elapsedDurationMs":340400,"elapsedDuration":"PT5M40.4S","splitDateTime":"2019-05-31T15:27:40.4","splitDateTimeLocal":"2019-05-31T16:27:40.4+01:00"},{"startDateTime":"2019-05-31T15:24:00","startDateTimeLocal":"2019-05-31T16:24:00+01:00","stageTimeDurationMs":918400,"stageTimeDuration":"00:15:18.4000000","splitPointTimeId":75915,"splitPointId":2369,"entryId":19758,"elapsedDurationMs":311200,"elapsedDuration":"PT5M11.2S","splitDateTime":"2019-05-31T15:29:11.2","splitDateTimeLocal":"2019-05-31T16:29:11.2+01:00"},{"startDateTime":"2019-05-31T15:26:00","startDateTimeLocal":"2019-05-31T16:26:00+01:00","stageTimeDurationMs":885000,"stageTimeDuration":"00:14:45","splitPointTimeId":75922,"splitPointId":2369,"entryId":19759,"elapsedDurationMs":299000,"elapsedDuration":"PT4M59S","splitDateTime":"2019-05-31T15:30:59","splitDateTimeLocal":"2019-05-31T16:30:59+01:00"},{"startDateTime":"2019-05-31T15:28:00","startDateTimeLocal":"2019-05-31T16:28:00+01:00","stageTimeDurationMs":896800,"stageTimeDuration":"00:14:56.8000000","splitPointTimeId":75930,"splitPointId":2369,"entryId":19760,"elapsedDurationMs":305200,"elapsedDuration":"PT5M5.2S","splitDateTime":"2019-05-31T15:33:05.2","splitDateTimeLocal":"2019-05-31T16:33:05.2+01:00"},{"startDateTime":"2019-05-31T15:30:00","startDateTimeLocal":"2019-05-31T16:30:00+01:00","stageTimeDurationMs":907500,"stageTimeDuration":"00:15:07.5000000","splitPointTimeId":75938,"splitPointId":2369,"entryId":19761,"elapsedDurationMs":308900,"elapsedDuration":"PT5M8.9S","splitDateTime":"2019-05-31T15:35:08.9","splitDateTimeLocal":"2019-05-31T16:35:08.9+01:00"},{"startDateTime":"2019-05-31T15:32:00","startDateTimeLocal":"2019-05-31T16:32:00+01:00","stageTimeDurationMs":959000,"stageTimeDuration":"00:15:59","splitPointTimeId":75945,"splitPointId":2369,"entryId":19764,"elapsedDurationMs":307200,"elapsedDuration":"PT5M7.2S","splitDateTime":"2019-05-31T15:37:07.2","splitDateTimeLocal":"2019-05-31T16:37:07.2+01:00"},{"startDateTime":"2019-05-31T15:34:00","startDateTimeLocal":"2019-05-31T16:34:00+01:00","stageTimeDurationMs":907900,"stageTimeDuration":"00:15:07.9000000","splitPointTimeId":75952,"splitPointId":2369,"entryId":19770,"elapsedDurationMs":310600,"elapsedDuration":"PT5M10.6S","splitDateTime":"2019-05-31T15:39:10.6","splitDateTimeLocal":"2019-05-31T16:39:10.6+01:00"},{"startDateTime":"2019-05-31T15:36:00","startDateTimeLocal":"2019-05-31T16:36:00+01:00","stageTimeDurationMs":908800,"stageTimeDuration":"00:15:08.8000000","splitPointTimeId":75957,"splitPointId":2369,"entryId":19765,"elapsedDurationMs":309600,"elapsedDuration":"PT5M9.6S","splitDateTime":"2019-05-31T15:41:09.6","splitDateTimeLocal":"2019-05-31T16:41:09.6+01:00"},{"startDateTime":"2019-05-31T15:38:00","startDateTimeLocal":"2019-05-31T16:38:00+01:00","stageTimeDurationMs":938600,"stageTimeDuration":"00:15:38.6000000","splitPointTimeId":75964,"splitPointId":2369,"entryId":19766,"elapsedDurationMs":307000,"elapsedDuration":"PT5M7S","splitDateTime":"2019-05-31T15:43:07","splitDateTimeLocal":"2019-05-31T16:43:07+01:00"},{"startDateTime":"2019-05-31T15:40:00","startDateTimeLocal":"2019-05-31T16:40:00+01:00","stageTimeDurationMs":898500,"stageTimeDuration":"00:14:58.5000000","splitPointTimeId":75969,"splitPointId":2369,"entryId":19767,"elapsedDurationMs":303400,"elapsedDuration":"PT5M3.4S","splitDateTime":"2019-05-31T15:45:03.4","splitDateTimeLocal":"2019-05-31T16:45:03.4+01:00"},{"startDateTime":"2019-05-31T15:42:00","startDateTimeLocal":"2019-05-31T16:42:00+01:00","stageTimeDurationMs":917600,"stageTimeDuration":"00:15:17.6000000","splitPointTimeId":75978,"splitPointId":2369,"entryId":19768,"elapsedDurationMs":308800,"elapsedDuration":"PT5M8.8S","splitDateTime":"2019-05-31T15:47:08.8","splitDateTimeLocal":"2019-05-31T16:47:08.8+01:00"},{"startDateTime":"2019-05-31T15:44:00","startDateTimeLocal":"2019-05-31T16:44:00+01:00","stageTimeDurationMs":1042300,"stageTimeDuration":"00:17:22.3000000","splitPointTimeId":75985,"splitPointId":2369,"entryId":19769,"elapsedDurationMs":351700,"elapsedDuration":"PT5M51.7S","splitDateTime":"2019-05-31T15:49:51.7","splitDateTimeLocal":"2019-05-31T16:49:51.7+01:00"},{"startDateTime":"2019-05-31T15:46:00","startDateTimeLocal":"2019-05-31T16:46:00+01:00","stageTimeDurationMs":1136200,"stageTimeDuration":"00:18:56.2000000","splitPointTimeId":75993,"splitPointId":2369,"entryId":19771,"elapsedDurationMs":323200,"elapsedDuration":"PT5M23.2S","splitDateTime":"2019-05-31T15:51:23.2","splitDateTimeLocal":"2019-05-31T16:51:23.2+01:00"},{"startDateTime":"2019-05-31T15:48:00","startDateTimeLocal":"2019-05-31T16:48:00+01:00","stageTimeDurationMs":941700,"stageTimeDuration":"00:15:41.7000000","splitPointTimeId":75998,"splitPointId":2369,"entryId":19772,"elapsedDurationMs":316300,"elapsedDuration":"PT5M16.3S","splitDateTime":"2019-05-31T15:53:16.3","splitDateTimeLocal":"2019-05-31T16:53:16.3+01:00"},{"startDateTime":"2019-05-31T13:35:00","startDateTimeLocal":"2019-05-31T14:35:00+01:00","stageTimeDurationMs":733800,"stageTimeDuration":"00:12:13.8000000","splitPointTimeId":75615,"splitPointId":2370,"entryId":19713,"elapsedDurationMs":646500,"elapsedDuration":"PT10M46.5S","splitDateTime":"2019-05-31T13:45:46.5","splitDateTimeLocal":"2019-05-31T14:45:46.5+01:00"},{"startDateTime":"2019-05-31T13:39:00","startDateTimeLocal":"2019-05-31T14:39:00+01:00","stageTimeDurationMs":735500,"stageTimeDuration":"00:12:15.5000000","splitPointTimeId":75623,"splitPointId":2370,"entryId":19714,"elapsedDurationMs":646900,"elapsedDuration":"PT10M46.9S","splitDateTime":"2019-05-31T13:49:46.9","splitDateTimeLocal":"2019-05-31T14:49:46.9+01:00"},{"startDateTime":"2019-05-31T13:43:00","startDateTimeLocal":"2019-05-31T14:43:00+01:00","stageTimeDurationMs":736100,"stageTimeDuration":"00:12:16.1000000","splitPointTimeId":75632,"splitPointId":2370,"entryId":19715,"elapsedDurationMs":648800,"elapsedDuration":"PT10M48.8S","splitDateTime":"2019-05-31T13:53:48.8","splitDateTimeLocal":"2019-05-31T14:53:48.8+01:00"},{"startDateTime":"2019-05-31T13:47:00","startDateTimeLocal":"2019-05-31T14:47:00+01:00","stageTimeDurationMs":740300,"stageTimeDuration":"00:12:20.3000000","splitPointTimeId":75638,"splitPointId":2370,"entryId":19716,"elapsedDurationMs":652300,"elapsedDuration":"PT10M52.3S","splitDateTime":"2019-05-31T13:57:52.3","splitDateTimeLocal":"2019-05-31T14:57:52.3+01:00"},{"startDateTime":"2019-05-31T13:51:00","startDateTimeLocal":"2019-05-31T14:51:00+01:00","stageTimeDurationMs":978100,"stageTimeDuration":"00:16:18.1000000","splitPointTimeId":75655,"splitPointId":2370,"entryId":19717,"elapsedDurationMs":888400,"elapsedDuration":"PT14M48.4S","splitDateTime":"2019-05-31T14:05:48.4","splitDateTimeLocal":"2019-05-31T15:05:48.4+01:00"},{"startDateTime":"2019-05-31T13:55:00","startDateTimeLocal":"2019-05-31T14:55:00+01:00","stageTimeDurationMs":740400,"stageTimeDuration":"00:12:20.4000000","splitPointTimeId":75656,"splitPointId":2370,"entryId":19719,"elapsedDurationMs":696800,"elapsedDuration":"PT11M36.8S","splitDateTime":"2019-05-31T14:06:36.8","splitDateTimeLocal":"2019-05-31T15:06:36.8+01:00"},{"startDateTime":"2019-05-31T13:59:00","startDateTimeLocal":"2019-05-31T14:59:00+01:00","stageTimeDurationMs":736100,"stageTimeDuration":"00:12:16.1000000","splitPointTimeId":75662,"splitPointId":2370,"entryId":19718,"elapsedDurationMs":648700,"elapsedDuration":"PT10M48.7S","splitDateTime":"2019-05-31T14:09:48.7","splitDateTimeLocal":"2019-05-31T15:09:48.7+01:00"},{"startDateTime":"2019-05-31T14:03:00","startDateTimeLocal":"2019-05-31T15:03:00+01:00","stageTimeDurationMs":738900,"stageTimeDuration":"00:12:18.9000000","splitPointTimeId":75669,"splitPointId":2370,"entryId":19720,"elapsedDurationMs":650500,"elapsedDuration":"PT10M50.5S","splitDateTime":"2019-05-31T14:13:50.5","splitDateTimeLocal":"2019-05-31T15:13:50.5+01:00"},{"startDateTime":"2019-05-31T14:07:00","startDateTimeLocal":"2019-05-31T15:07:00+01:00","stageTimeDurationMs":733200,"stageTimeDuration":"00:12:13.2000000","splitPointTimeId":75677,"splitPointId":2370,"entryId":19721,"elapsedDurationMs":644300,"elapsedDuration":"PT10M44.3S","splitDateTime":"2019-05-31T14:17:44.3","splitDateTimeLocal":"2019-05-31T15:17:44.3+01:00"},{"startDateTime":"2019-05-31T14:11:00","startDateTimeLocal":"2019-05-31T15:11:00+01:00","stageTimeDurationMs":754300,"stageTimeDuration":"00:12:34.3000000","splitPointTimeId":75687,"splitPointId":2370,"entryId":19723,"elapsedDurationMs":665100,"elapsedDuration":"PT11M5.1S","splitDateTime":"2019-05-31T14:22:05.1","splitDateTimeLocal":"2019-05-31T15:22:05.1+01:00"},{"startDateTime":"2019-05-31T14:15:00","startDateTimeLocal":"2019-05-31T15:15:00+01:00","stageTimeDurationMs":802200,"stageTimeDuration":"00:13:22.2000000","splitPointTimeId":75700,"splitPointId":2370,"entryId":19722,"elapsedDurationMs":693300,"elapsedDuration":"PT11M33.3S","splitDateTime":"2019-05-31T14:26:33.3","splitDateTimeLocal":"2019-05-31T15:26:33.3+01:00"},{"startDateTime":"2019-05-31T14:17:00","startDateTimeLocal":"2019-05-31T15:17:00+01:00","stageTimeDurationMs":801200,"stageTimeDuration":"00:13:21.2000000","splitPointTimeId":75708,"splitPointId":2370,"entryId":19725,"elapsedDurationMs":707200,"elapsedDuration":"PT11M47.2S","splitDateTime":"2019-05-31T14:28:47.2","splitDateTimeLocal":"2019-05-31T15:28:47.2+01:00"},{"startDateTime":"2019-05-31T14:20:00","startDateTimeLocal":"2019-05-31T15:20:00+01:00","stageTimeDurationMs":780100,"stageTimeDuration":"00:13:00.1000000","splitPointTimeId":75717,"splitPointId":2370,"entryId":19726,"elapsedDurationMs":687800,"elapsedDuration":"PT11M27.8S","splitDateTime":"2019-05-31T14:31:27.8","splitDateTimeLocal":"2019-05-31T15:31:27.8+01:00"},{"startDateTime":"2019-05-31T14:22:00","startDateTimeLocal":"2019-05-31T15:22:00+01:00","stageTimeDurationMs":778500,"stageTimeDuration":"00:12:58.5000000","splitPointTimeId":75724,"splitPointId":2370,"entryId":19727,"elapsedDurationMs":687300,"elapsedDuration":"PT11M27.3S","splitDateTime":"2019-05-31T14:33:27.3","splitDateTimeLocal":"2019-05-31T15:33:27.3+01:00"},{"startDateTime":"2019-05-31T14:24:00","startDateTimeLocal":"2019-05-31T15:24:00+01:00","stageTimeDurationMs":804000,"stageTimeDuration":"00:13:24","splitPointTimeId":75734,"splitPointId":2370,"entryId":19728,"elapsedDurationMs":709900,"elapsedDuration":"PT11M49.9S","splitDateTime":"2019-05-31T14:35:49.9","splitDateTimeLocal":"2019-05-31T15:35:49.9+01:00"},{"startDateTime":"2019-05-31T14:26:00","startDateTimeLocal":"2019-05-31T15:26:00+01:00","stageTimeDurationMs":781800,"stageTimeDuration":"00:13:01.8000000","splitPointTimeId":75741,"splitPointId":2370,"entryId":19729,"elapsedDurationMs":689600,"elapsedDuration":"PT11M29.6S","splitDateTime":"2019-05-31T14:37:29.6","splitDateTimeLocal":"2019-05-31T15:37:29.6+01:00"},{"startDateTime":"2019-05-31T14:28:00","startDateTimeLocal":"2019-05-31T15:28:00+01:00","stageTimeDurationMs":777200,"stageTimeDuration":"00:12:57.2000000","splitPointTimeId":75746,"splitPointId":2370,"entryId":19730,"elapsedDurationMs":686700,"elapsedDuration":"PT11M26.7S","splitDateTime":"2019-05-31T14:39:26.7","splitDateTimeLocal":"2019-05-31T15:39:26.7+01:00"},{"startDateTime":"2019-05-31T14:30:00","startDateTimeLocal":"2019-05-31T15:30:00+01:00","stageTimeDurationMs":785000,"stageTimeDuration":"00:13:05","splitPointTimeId":75753,"splitPointId":2370,"entryId":19731,"elapsedDurationMs":690500,"elapsedDuration":"PT11M30.5S","splitDateTime":"2019-05-31T14:41:30.5","splitDateTimeLocal":"2019-05-31T15:41:30.5+01:00"},{"startDateTime":"2019-05-31T14:32:00","startDateTimeLocal":"2019-05-31T15:32:00+01:00","stageTimeDurationMs":793000,"stageTimeDuration":"00:13:13","splitPointTimeId":75761,"splitPointId":2370,"entryId":19732,"elapsedDurationMs":701000,"elapsedDuration":"PT11M41S","splitDateTime":"2019-05-31T14:43:41","splitDateTimeLocal":"2019-05-31T15:43:41+01:00"},{"startDateTime":"2019-05-31T14:34:00","startDateTimeLocal":"2019-05-31T15:34:00+01:00","stageTimeDurationMs":802100,"stageTimeDuration":"00:13:22.1000000","splitPointTimeId":75770,"splitPointId":2370,"entryId":19750,"elapsedDurationMs":708800,"elapsedDuration":"PT11M48.8S","splitDateTime":"2019-05-31T14:45:48.8","splitDateTimeLocal":"2019-05-31T15:45:48.8+01:00"},{"startDateTime":"2019-05-31T14:36:00","startDateTimeLocal":"2019-05-31T15:36:00+01:00","stageTimeDurationMs":798700,"stageTimeDuration":"00:13:18.7000000","splitPointTimeId":75776,"splitPointId":2370,"entryId":19733,"elapsedDurationMs":704500,"elapsedDuration":"PT11M44.5S","splitDateTime":"2019-05-31T14:47:44.5","splitDateTimeLocal":"2019-05-31T15:47:44.5+01:00"},{"startDateTime":"2019-05-31T14:38:00","startDateTimeLocal":"2019-05-31T15:38:00+01:00","stageTimeDurationMs":798800,"stageTimeDuration":"00:13:18.8000000","splitPointTimeId":75785,"splitPointId":2370,"entryId":19734,"elapsedDurationMs":705200,"elapsedDuration":"PT11M45.2S","splitDateTime":"2019-05-31T14:49:45.2","splitDateTimeLocal":"2019-05-31T15:49:45.2+01:00"},{"startDateTime":"2019-05-31T14:40:00","startDateTimeLocal":"2019-05-31T15:40:00+01:00","stageTimeDurationMs":808800,"stageTimeDuration":"00:13:28.8000000","splitPointTimeId":75790,"splitPointId":2370,"entryId":19735,"elapsedDurationMs":704800,"elapsedDuration":"PT11M44.8S","splitDateTime":"2019-05-31T14:51:44.8","splitDateTimeLocal":"2019-05-31T15:51:44.8+01:00"},{"startDateTime":"2019-05-31T14:44:00","startDateTimeLocal":"2019-05-31T15:44:00+01:00","stageTimeDurationMs":874100,"stageTimeDuration":"00:14:34.1000000","splitPointTimeId":75807,"splitPointId":2370,"entryId":19736,"elapsedDurationMs":775000,"elapsedDuration":"PT12M55S","splitDateTime":"2019-05-31T14:56:55","splitDateTimeLocal":"2019-05-31T15:56:55+01:00"},{"startDateTime":"2019-05-31T14:42:00","startDateTimeLocal":"2019-05-31T15:42:00+01:00","stageTimeDurationMs":1085500,"stageTimeDuration":"00:18:05.5000000","splitPointTimeId":75811,"splitPointId":2370,"entryId":19724,"elapsedDurationMs":975100,"elapsedDuration":"PT16M15.1S","splitDateTime":"2019-05-31T14:58:15.1","splitDateTimeLocal":"2019-05-31T15:58:15.1+01:00"},{"startDateTime":"2019-05-31T14:47:00","startDateTimeLocal":"2019-05-31T15:47:00+01:00","stageTimeDurationMs":787800,"stageTimeDuration":"00:13:07.8000000","splitPointTimeId":75815,"splitPointId":2370,"entryId":19737,"elapsedDurationMs":695400,"elapsedDuration":"PT11M35.4S","splitDateTime":"2019-05-31T14:58:35.4","splitDateTimeLocal":"2019-05-31T15:58:35.4+01:00"},{"startDateTime":"2019-05-31T14:50:00","startDateTimeLocal":"2019-05-31T15:50:00+01:00","stageTimeDurationMs":806400,"stageTimeDuration":"00:13:26.4000000","splitPointTimeId":75827,"splitPointId":2370,"entryId":19738,"elapsedDurationMs":712200,"elapsedDuration":"PT11M52.2S","splitDateTime":"2019-05-31T15:01:52.2","splitDateTimeLocal":"2019-05-31T16:01:52.2+01:00"},{"startDateTime":"2019-05-31T14:54:00","startDateTimeLocal":"2019-05-31T15:54:00+01:00","stageTimeDurationMs":816400,"stageTimeDuration":"00:13:36.4000000","splitPointTimeId":75840,"splitPointId":2370,"entryId":19745,"elapsedDurationMs":720000,"elapsedDuration":"PT12M","splitDateTime":"2019-05-31T15:06:00","splitDateTimeLocal":"2019-05-31T16:06:00+01:00"},{"startDateTime":"2019-05-31T14:52:00","startDateTimeLocal":"2019-05-31T15:52:00+01:00","stageTimeDurationMs":980000,"stageTimeDuration":"00:16:20","splitPointTimeId":75843,"splitPointId":2370,"entryId":19739,"elapsedDurationMs":884400,"elapsedDuration":"PT14M44.4S","splitDateTime":"2019-05-31T15:06:44.4","splitDateTimeLocal":"2019-05-31T16:06:44.4+01:00"},{"startDateTime":"2019-05-31T14:56:00","startDateTimeLocal":"2019-05-31T15:56:00+01:00","stageTimeDurationMs":827100,"stageTimeDuration":"00:13:47.1000000","splitPointTimeId":75851,"splitPointId":2370,"entryId":19741,"elapsedDurationMs":730900,"elapsedDuration":"PT12M10.9S","splitDateTime":"2019-05-31T15:08:10.9","splitDateTimeLocal":"2019-05-31T16:08:10.9+01:00"},{"startDateTime":"2019-05-31T14:58:00","startDateTimeLocal":"2019-05-31T15:58:00+01:00","stageTimeDurationMs":789000,"stageTimeDuration":"00:13:09","splitPointTimeId":75855,"splitPointId":2370,"entryId":19742,"elapsedDurationMs":696200,"elapsedDuration":"PT11M36.2S","splitDateTime":"2019-05-31T15:09:36.2","splitDateTimeLocal":"2019-05-31T16:09:36.2+01:00"},{"startDateTime":"2019-05-31T15:00:00","startDateTimeLocal":"2019-05-31T16:00:00+01:00","stageTimeDurationMs":830900,"stageTimeDuration":"00:13:50.9000000","splitPointTimeId":75862,"splitPointId":2370,"entryId":19743,"elapsedDurationMs":732400,"elapsedDuration":"PT12M12.4S","splitDateTime":"2019-05-31T15:12:12.4","splitDateTimeLocal":"2019-05-31T16:12:12.4+01:00"},{"startDateTime":"2019-05-31T15:02:00","startDateTimeLocal":"2019-05-31T16:02:00+01:00","stageTimeDurationMs":818400,"stageTimeDuration":"00:13:38.4000000","splitPointTimeId":75870,"splitPointId":2370,"entryId":19746,"elapsedDurationMs":721100,"elapsedDuration":"PT12M1.1S","splitDateTime":"2019-05-31T15:14:01.1","splitDateTimeLocal":"2019-05-31T16:14:01.1+01:00"},{"startDateTime":"2019-05-31T15:04:00","startDateTimeLocal":"2019-05-31T16:04:00+01:00","stageTimeDurationMs":849000,"stageTimeDuration":"00:14:09","splitPointTimeId":75878,"splitPointId":2370,"entryId":19747,"elapsedDurationMs":750600,"elapsedDuration":"PT12M30.6S","splitDateTime":"2019-05-31T15:16:30.6","splitDateTimeLocal":"2019-05-31T16:16:30.6+01:00"},{"startDateTime":"2019-05-31T15:06:00","startDateTimeLocal":"2019-05-31T16:06:00+01:00","stageTimeDurationMs":879600,"stageTimeDuration":"00:14:39.6000000","splitPointTimeId":75884,"splitPointId":2370,"entryId":19748,"elapsedDurationMs":778300,"elapsedDuration":"PT12M58.3S","splitDateTime":"2019-05-31T15:18:58.3","splitDateTimeLocal":"2019-05-31T16:18:58.3+01:00"},{"startDateTime":"2019-05-31T15:08:00","startDateTimeLocal":"2019-05-31T16:08:00+01:00","stageTimeDurationMs":917600,"stageTimeDuration":"00:15:17.6000000","splitPointTimeId":75893,"splitPointId":2370,"entryId":19749,"elapsedDurationMs":802400,"elapsedDuration":"PT13M22.4S","splitDateTime":"2019-05-31T15:21:22.4","splitDateTimeLocal":"2019-05-31T16:21:22.4+01:00"},{"startDateTime":"2019-05-31T15:13:00","startDateTimeLocal":"2019-05-31T16:13:00+01:00","stageTimeDurationMs":825700,"stageTimeDuration":"00:13:45.7000000","splitPointTimeId":75905,"splitPointId":2370,"entryId":19744,"elapsedDurationMs":728100,"elapsedDuration":"PT12M8.1S","splitDateTime":"2019-05-31T15:25:08.1","splitDateTimeLocal":"2019-05-31T16:25:08.1+01:00"},{"startDateTime":"2019-05-31T15:10:00","startDateTimeLocal":"2019-05-31T16:10:00+01:00","stageTimeDurationMs":1170900,"stageTimeDuration":"00:19:30.9000000","splitPointTimeId":75917,"splitPointId":2370,"entryId":19751,"elapsedDurationMs":1067200,"elapsedDuration":"PT17M47.2S","splitDateTime":"2019-05-31T15:27:47.2","splitDateTimeLocal":"2019-05-31T16:27:47.2+01:00"},{"startDateTime":"2019-05-31T15:15:00","startDateTimeLocal":"2019-05-31T16:15:00+01:00","stageTimeDurationMs":908600,"stageTimeDuration":"00:15:08.6000000","splitPointTimeId":75918,"splitPointId":2370,"entryId":19752,"elapsedDurationMs":805300,"elapsedDuration":"PT13M25.3S","splitDateTime":"2019-05-31T15:28:25.3","splitDateTimeLocal":"2019-05-31T16:28:25.3+01:00"},{"startDateTime":"2019-05-31T15:17:00","startDateTimeLocal":"2019-05-31T16:17:00+01:00","stageTimeDurationMs":1045700,"stageTimeDuration":"00:17:25.7000000","splitPointTimeId":75927,"splitPointId":2370,"entryId":19754,"elapsedDurationMs":925800,"elapsedDuration":"PT15M25.8S","splitDateTime":"2019-05-31T15:32:25.8","splitDateTimeLocal":"2019-05-31T16:32:25.8+01:00"},{"startDateTime":"2019-05-31T15:20:00","startDateTimeLocal":"2019-05-31T16:20:00+01:00","stageTimeDurationMs":945900,"stageTimeDuration":"00:15:45.9000000","splitPointTimeId":75932,"splitPointId":2370,"entryId":19755,"elapsedDurationMs":836200,"elapsedDuration":"PT13M56.2S","splitDateTime":"2019-05-31T15:33:56.2","splitDateTimeLocal":"2019-05-31T16:33:56.2+01:00"},{"startDateTime":"2019-05-31T15:22:00","startDateTimeLocal":"2019-05-31T16:22:00+01:00","stageTimeDurationMs":1004600,"stageTimeDuration":"00:16:44.6000000","splitPointTimeId":75944,"splitPointId":2370,"entryId":19756,"elapsedDurationMs":890100,"elapsedDuration":"PT14M50.1S","splitDateTime":"2019-05-31T15:36:50.1","splitDateTimeLocal":"2019-05-31T16:36:50.1+01:00"},{"startDateTime":"2019-05-31T15:24:00","startDateTimeLocal":"2019-05-31T16:24:00+01:00","stageTimeDurationMs":918400,"stageTimeDuration":"00:15:18.4000000","splitPointTimeId":75946,"splitPointId":2370,"entryId":19758,"elapsedDurationMs":812700,"elapsedDuration":"PT13M32.7S","splitDateTime":"2019-05-31T15:37:32.7","splitDateTimeLocal":"2019-05-31T16:37:32.7+01:00"},{"startDateTime":"2019-05-31T15:26:00","startDateTimeLocal":"2019-05-31T16:26:00+01:00","stageTimeDurationMs":885000,"stageTimeDuration":"00:14:45","splitPointTimeId":75950,"splitPointId":2370,"entryId":19759,"elapsedDurationMs":782000,"elapsedDuration":"PT13M2S","splitDateTime":"2019-05-31T15:39:02","splitDateTimeLocal":"2019-05-31T16:39:02+01:00"},{"startDateTime":"2019-05-31T15:28:00","startDateTimeLocal":"2019-05-31T16:28:00+01:00","stageTimeDurationMs":896800,"stageTimeDuration":"00:14:56.8000000","splitPointTimeId":75959,"splitPointId":2370,"entryId":19760,"elapsedDurationMs":794200,"elapsedDuration":"PT13M14.2S","splitDateTime":"2019-05-31T15:41:14.2","splitDateTimeLocal":"2019-05-31T16:41:14.2+01:00"},{"startDateTime":"2019-05-31T15:30:00","startDateTimeLocal":"2019-05-31T16:30:00+01:00","stageTimeDurationMs":907500,"stageTimeDuration":"00:15:07.5000000","splitPointTimeId":75965,"splitPointId":2370,"entryId":19761,"elapsedDurationMs":803400,"elapsedDuration":"PT13M23.4S","splitDateTime":"2019-05-31T15:43:23.4","splitDateTimeLocal":"2019-05-31T16:43:23.4+01:00"},{"startDateTime":"2019-05-31T15:32:00","startDateTimeLocal":"2019-05-31T16:32:00+01:00","stageTimeDurationMs":959000,"stageTimeDuration":"00:15:59","splitPointTimeId":75973,"splitPointId":2370,"entryId":19764,"elapsedDurationMs":828700,"elapsedDuration":"PT13M48.7S","splitDateTime":"2019-05-31T15:45:48.7","splitDateTimeLocal":"2019-05-31T16:45:48.7+01:00"},{"startDateTime":"2019-05-31T15:34:00","startDateTimeLocal":"2019-05-31T16:34:00+01:00","stageTimeDurationMs":907900,"stageTimeDuration":"00:15:07.9000000","splitPointTimeId":75982,"splitPointId":2370,"entryId":19770,"elapsedDurationMs":803900,"elapsedDuration":"PT13M23.9S","splitDateTime":"2019-05-31T15:47:23.9","splitDateTimeLocal":"2019-05-31T16:47:23.9+01:00"},{"startDateTime":"2019-05-31T15:36:00","startDateTimeLocal":"2019-05-31T16:36:00+01:00","stageTimeDurationMs":908800,"stageTimeDuration":"00:15:08.8000000","splitPointTimeId":75987,"splitPointId":2370,"entryId":19765,"elapsedDurationMs":804700,"elapsedDuration":"PT13M24.7S","splitDateTime":"2019-05-31T15:49:24.7","splitDateTimeLocal":"2019-05-31T16:49:24.7+01:00"},{"startDateTime":"2019-05-31T15:38:00","startDateTimeLocal":"2019-05-31T16:38:00+01:00","stageTimeDurationMs":938600,"stageTimeDuration":"00:15:38.6000000","splitPointTimeId":75995,"splitPointId":2370,"entryId":19766,"elapsedDurationMs":816500,"elapsedDuration":"PT13M36.5S","splitDateTime":"2019-05-31T15:51:36.5","splitDateTimeLocal":"2019-05-31T16:51:36.5+01:00"},{"startDateTime":"2019-05-31T15:40:00","startDateTimeLocal":"2019-05-31T16:40:00+01:00","stageTimeDurationMs":898500,"stageTimeDuration":"00:14:58.5000000","splitPointTimeId":75997,"splitPointId":2370,"entryId":19767,"elapsedDurationMs":792700,"elapsedDuration":"PT13M12.7S","splitDateTime":"2019-05-31T15:53:12.7","splitDateTimeLocal":"2019-05-31T16:53:12.7+01:00"},{"startDateTime":"2019-05-31T15:42:00","startDateTimeLocal":"2019-05-31T16:42:00+01:00","stageTimeDurationMs":917600,"stageTimeDuration":"00:15:17.6000000","splitPointTimeId":76004,"splitPointId":2370,"entryId":19768,"elapsedDurationMs":809900,"elapsedDuration":"PT13M29.9S","splitDateTime":"2019-05-31T15:55:29.9","splitDateTimeLocal":"2019-05-31T16:55:29.9+01:00"},{"startDateTime":"2019-05-31T15:44:00","startDateTimeLocal":"2019-05-31T16:44:00+01:00","stageTimeDurationMs":1042300,"stageTimeDuration":"00:17:22.3000000","splitPointTimeId":76010,"splitPointId":2370,"entryId":19769,"elapsedDurationMs":924500,"elapsedDuration":"PT15M24.5S","splitDateTime":"2019-05-31T15:59:24.5","splitDateTimeLocal":"2019-05-31T16:59:24.5+01:00"},{"startDateTime":"2019-05-31T15:46:00","startDateTimeLocal":"2019-05-31T16:46:00+01:00","stageTimeDurationMs":1136200,"stageTimeDuration":"00:18:56.2000000","splitPointTimeId":76012,"splitPointId":2370,"entryId":19771,"elapsedDurationMs":1005900,"elapsedDuration":"PT16M45.9S","splitDateTime":"2019-05-31T16:02:45.9","splitDateTimeLocal":"2019-05-31T17:02:45.9+01:00"},{"startDateTime":"2019-05-31T15:48:00","startDateTimeLocal":"2019-05-31T16:48:00+01:00","stageTimeDurationMs":941700,"stageTimeDuration":"00:15:41.7000000","splitPointTimeId":76014,"splitPointId":2370,"entryId":19772,"elapsedDurationMs":833900,"elapsedDuration":"PT13M53.9S","splitDateTime":"2019-05-31T16:01:53.9","splitDateTimeLocal":"2019-05-31T17:01:53.9+01:00"},{"startDateTime":"2019-05-31T13:35:00","startDateTimeLocal":"2019-05-31T14:35:00+01:00","stageTimeDurationMs":733800,"stageTimeDuration":"00:12:13.8000000","splitPointTimeId":75609,"splitPointId":2372,"entryId":19713,"elapsedDurationMs":422500,"elapsedDuration":"PT7M2.5S","splitDateTime":"2019-05-31T13:42:02.5","splitDateTimeLocal":"2019-05-31T14:42:02.5+01:00"},{"startDateTime":"2019-05-31T13:39:00","startDateTimeLocal":"2019-05-31T14:39:00+01:00","stageTimeDurationMs":735500,"stageTimeDuration":"00:12:15.5000000","splitPointTimeId":75617,"splitPointId":2372,"entryId":19714,"elapsedDurationMs":422000,"elapsedDuration":"PT7M2S","splitDateTime":"2019-05-31T13:46:02","splitDateTimeLocal":"2019-05-31T14:46:02+01:00"},{"startDateTime":"2019-05-31T13:43:00","startDateTimeLocal":"2019-05-31T14:43:00+01:00","stageTimeDurationMs":736100,"stageTimeDuration":"00:12:16.1000000","splitPointTimeId":75624,"splitPointId":2372,"entryId":19715,"elapsedDurationMs":422500,"elapsedDuration":"PT7M2.5S","splitDateTime":"2019-05-31T13:50:02.5","splitDateTimeLocal":"2019-05-31T14:50:02.5+01:00"},{"startDateTime":"2019-05-31T13:47:00","startDateTimeLocal":"2019-05-31T14:47:00+01:00","stageTimeDurationMs":740300,"stageTimeDuration":"00:12:20.3000000","splitPointTimeId":75633,"splitPointId":2372,"entryId":19716,"elapsedDurationMs":424800,"elapsedDuration":"PT7M4.8S","splitDateTime":"2019-05-31T13:54:04.8","splitDateTimeLocal":"2019-05-31T14:54:04.8+01:00"},{"startDateTime":"2019-05-31T13:51:00","startDateTimeLocal":"2019-05-31T14:51:00+01:00","stageTimeDurationMs":978100,"stageTimeDuration":"00:16:18.1000000","splitPointTimeId":75647,"splitPointId":2372,"entryId":19717,"elapsedDurationMs":659100,"elapsedDuration":"PT10M59.1S","splitDateTime":"2019-05-31T14:01:59.1","splitDateTimeLocal":"2019-05-31T15:01:59.1+01:00"},{"startDateTime":"2019-05-31T13:55:00","startDateTimeLocal":"2019-05-31T14:55:00+01:00","stageTimeDurationMs":740400,"stageTimeDuration":"00:12:20.4000000","splitPointTimeId":75648,"splitPointId":2372,"entryId":19719,"elapsedDurationMs":456100,"elapsedDuration":"PT7M36.1S","splitDateTime":"2019-05-31T14:02:36.1","splitDateTimeLocal":"2019-05-31T15:02:36.1+01:00"},{"startDateTime":"2019-05-31T13:59:00","startDateTimeLocal":"2019-05-31T14:59:00+01:00","stageTimeDurationMs":736100,"stageTimeDuration":"00:12:16.1000000","splitPointTimeId":75654,"splitPointId":2372,"entryId":19718,"elapsedDurationMs":422900,"elapsedDuration":"PT7M2.9S","splitDateTime":"2019-05-31T14:06:02.9","splitDateTimeLocal":"2019-05-31T15:06:02.9+01:00"},{"startDateTime":"2019-05-31T14:03:00","startDateTimeLocal":"2019-05-31T15:03:00+01:00","stageTimeDurationMs":738900,"stageTimeDuration":"00:12:18.9000000","splitPointTimeId":75663,"splitPointId":2372,"entryId":19720,"elapsedDurationMs":424300,"elapsedDuration":"PT7M4.3S","splitDateTime":"2019-05-31T14:10:04.3","splitDateTimeLocal":"2019-05-31T15:10:04.3+01:00"},{"startDateTime":"2019-05-31T14:07:00","startDateTimeLocal":"2019-05-31T15:07:00+01:00","stageTimeDurationMs":733200,"stageTimeDuration":"00:12:13.2000000","splitPointTimeId":75671,"splitPointId":2372,"entryId":19721,"elapsedDurationMs":420100,"elapsedDuration":"PT7M0.1S","splitDateTime":"2019-05-31T14:14:00.1","splitDateTimeLocal":"2019-05-31T15:14:00.1+01:00"},{"startDateTime":"2019-05-31T14:11:00","startDateTimeLocal":"2019-05-31T15:11:00+01:00","stageTimeDurationMs":754300,"stageTimeDuration":"00:12:34.3000000","splitPointTimeId":75679,"splitPointId":2372,"entryId":19723,"elapsedDurationMs":436700,"elapsedDuration":"PT7M16.7S","splitDateTime":"2019-05-31T14:18:16.7","splitDateTimeLocal":"2019-05-31T15:18:16.7+01:00"},{"startDateTime":"2019-05-31T14:15:00","startDateTimeLocal":"2019-05-31T15:15:00+01:00","stageTimeDurationMs":802200,"stageTimeDuration":"00:13:22.2000000","splitPointTimeId":75688,"splitPointId":2372,"entryId":19722,"elapsedDurationMs":427500,"elapsedDuration":"PT7M7.5S","splitDateTime":"2019-05-31T14:22:07.5","splitDateTimeLocal":"2019-05-31T15:22:07.5+01:00"},{"startDateTime":"2019-05-31T14:17:00","startDateTimeLocal":"2019-05-31T15:17:00+01:00","stageTimeDurationMs":801200,"stageTimeDuration":"00:13:21.2000000","splitPointTimeId":75694,"splitPointId":2372,"entryId":19725,"elapsedDurationMs":462600,"elapsedDuration":"PT7M42.6S","splitDateTime":"2019-05-31T14:24:42.6","splitDateTimeLocal":"2019-05-31T15:24:42.6+01:00"},{"startDateTime":"2019-05-31T14:20:00","startDateTimeLocal":"2019-05-31T15:20:00+01:00","stageTimeDurationMs":780100,"stageTimeDuration":"00:13:00.1000000","splitPointTimeId":75701,"splitPointId":2372,"entryId":19726,"elapsedDurationMs":448800,"elapsedDuration":"PT7M28.8S","splitDateTime":"2019-05-31T14:27:28.8","splitDateTimeLocal":"2019-05-31T15:27:28.8+01:00"},{"startDateTime":"2019-05-31T14:22:00","startDateTimeLocal":"2019-05-31T15:22:00+01:00","stageTimeDurationMs":778500,"stageTimeDuration":"00:12:58.5000000","splitPointTimeId":75710,"splitPointId":2372,"entryId":19727,"elapsedDurationMs":449300,"elapsedDuration":"PT7M29.3S","splitDateTime":"2019-05-31T14:29:29.3","splitDateTimeLocal":"2019-05-31T15:29:29.3+01:00"},{"startDateTime":"2019-05-31T14:24:00","startDateTimeLocal":"2019-05-31T15:24:00+01:00","stageTimeDurationMs":804000,"stageTimeDuration":"00:13:24","splitPointTimeId":75718,"splitPointId":2372,"entryId":19728,"elapsedDurationMs":464100,"elapsedDuration":"PT7M44.1S","splitDateTime":"2019-05-31T14:31:44.1","splitDateTimeLocal":"2019-05-31T15:31:44.1+01:00"},{"startDateTime":"2019-05-31T14:26:00","startDateTimeLocal":"2019-05-31T15:26:00+01:00","stageTimeDurationMs":781800,"stageTimeDuration":"00:13:01.8000000","splitPointTimeId":75725,"splitPointId":2372,"entryId":19729,"elapsedDurationMs":450200,"elapsedDuration":"PT7M30.2S","splitDateTime":"2019-05-31T14:33:30.2","splitDateTimeLocal":"2019-05-31T15:33:30.2+01:00"},{"startDateTime":"2019-05-31T14:28:00","startDateTimeLocal":"2019-05-31T15:28:00+01:00","stageTimeDurationMs":777200,"stageTimeDuration":"00:12:57.2000000","splitPointTimeId":75731,"splitPointId":2372,"entryId":19730,"elapsedDurationMs":449600,"elapsedDuration":"PT7M29.6S","splitDateTime":"2019-05-31T14:35:29.6","splitDateTimeLocal":"2019-05-31T15:35:29.6+01:00"},{"startDateTime":"2019-05-31T14:30:00","startDateTimeLocal":"2019-05-31T15:30:00+01:00","stageTimeDurationMs":785000,"stageTimeDuration":"00:13:05","splitPointTimeId":75740,"splitPointId":2372,"entryId":19731,"elapsedDurationMs":448700,"elapsedDuration":"PT7M28.7S","splitDateTime":"2019-05-31T14:37:28.7","splitDateTimeLocal":"2019-05-31T15:37:28.7+01:00"},{"startDateTime":"2019-05-31T14:32:00","startDateTimeLocal":"2019-05-31T15:32:00+01:00","stageTimeDurationMs":793000,"stageTimeDuration":"00:13:13","splitPointTimeId":75747,"splitPointId":2372,"entryId":19732,"elapsedDurationMs":459100,"elapsedDuration":"PT7M39.1S","splitDateTime":"2019-05-31T14:39:39.1","splitDateTimeLocal":"2019-05-31T15:39:39.1+01:00"},{"startDateTime":"2019-05-31T14:34:00","startDateTimeLocal":"2019-05-31T15:34:00+01:00","stageTimeDurationMs":802100,"stageTimeDuration":"00:13:22.1000000","splitPointTimeId":75754,"splitPointId":2372,"entryId":19750,"elapsedDurationMs":463700,"elapsedDuration":"PT7M43.7S","splitDateTime":"2019-05-31T14:41:43.7","splitDateTimeLocal":"2019-05-31T15:41:43.7+01:00"},{"startDateTime":"2019-05-31T14:36:00","startDateTimeLocal":"2019-05-31T15:36:00+01:00","stageTimeDurationMs":798700,"stageTimeDuration":"00:13:18.7000000","splitPointTimeId":75760,"splitPointId":2372,"entryId":19733,"elapsedDurationMs":460000,"elapsedDuration":"PT7M40S","splitDateTime":"2019-05-31T14:43:40","splitDateTimeLocal":"2019-05-31T15:43:40+01:00"},{"startDateTime":"2019-05-31T14:38:00","startDateTimeLocal":"2019-05-31T15:38:00+01:00","stageTimeDurationMs":798800,"stageTimeDuration":"00:13:18.8000000","splitPointTimeId":75769,"splitPointId":2372,"entryId":19734,"elapsedDurationMs":460200,"elapsedDuration":"PT7M40.2S","splitDateTime":"2019-05-31T14:45:40.2","splitDateTimeLocal":"2019-05-31T15:45:40.2+01:00"},{"startDateTime":"2019-05-31T14:40:00","startDateTimeLocal":"2019-05-31T15:40:00+01:00","stageTimeDurationMs":808800,"stageTimeDuration":"00:13:28.8000000","splitPointTimeId":75775,"splitPointId":2372,"entryId":19735,"elapsedDurationMs":455200,"elapsedDuration":"PT7M35.2S","splitDateTime":"2019-05-31T14:47:35.2","splitDateTimeLocal":"2019-05-31T15:47:35.2+01:00"},{"startDateTime":"2019-05-31T14:42:00","startDateTimeLocal":"2019-05-31T15:42:00+01:00","stageTimeDurationMs":1085500,"stageTimeDuration":"00:18:05.5000000","splitPointTimeId":75782,"splitPointId":2372,"entryId":19724,"elapsedDurationMs":457300,"elapsedDuration":"PT7M37.3S","splitDateTime":"2019-05-31T14:49:37.3","splitDateTimeLocal":"2019-05-31T15:49:37.3+01:00"},{"startDateTime":"2019-05-31T14:44:00","startDateTimeLocal":"2019-05-31T15:44:00+01:00","stageTimeDurationMs":874100,"stageTimeDuration":"00:14:34.1000000","splitPointTimeId":75793,"splitPointId":2372,"entryId":19736,"elapsedDurationMs":509100,"elapsedDuration":"PT8M29.1S","splitDateTime":"2019-05-31T14:52:29.1","splitDateTimeLocal":"2019-05-31T15:52:29.1+01:00"},{"startDateTime":"2019-05-31T14:47:00","startDateTimeLocal":"2019-05-31T15:47:00+01:00","stageTimeDurationMs":787800,"stageTimeDuration":"00:13:07.8000000","splitPointTimeId":75801,"splitPointId":2372,"entryId":19737,"elapsedDurationMs":453600,"elapsedDuration":"PT7M33.6S","splitDateTime":"2019-05-31T14:54:33.6","splitDateTimeLocal":"2019-05-31T15:54:33.6+01:00"},{"startDateTime":"2019-05-31T14:50:00","startDateTimeLocal":"2019-05-31T15:50:00+01:00","stageTimeDurationMs":806400,"stageTimeDuration":"00:13:26.4000000","splitPointTimeId":75809,"splitPointId":2372,"entryId":19738,"elapsedDurationMs":468700,"elapsedDuration":"PT7M48.7S","splitDateTime":"2019-05-31T14:57:48.7","splitDateTimeLocal":"2019-05-31T15:57:48.7+01:00"},{"startDateTime":"2019-05-31T14:54:00","startDateTimeLocal":"2019-05-31T15:54:00+01:00","stageTimeDurationMs":816400,"stageTimeDuration":"00:13:36.4000000","splitPointTimeId":75824,"splitPointId":2372,"entryId":19745,"elapsedDurationMs":470200,"elapsedDuration":"PT7M50.2S","splitDateTime":"2019-05-31T15:01:50.2","splitDateTimeLocal":"2019-05-31T16:01:50.2+01:00"},{"startDateTime":"2019-05-31T14:52:00","startDateTimeLocal":"2019-05-31T15:52:00+01:00","stageTimeDurationMs":980000,"stageTimeDuration":"00:16:20","splitPointTimeId":75830,"splitPointId":2372,"entryId":19739,"elapsedDurationMs":638000,"elapsedDuration":"PT10M38S","splitDateTime":"2019-05-31T15:02:38","splitDateTimeLocal":"2019-05-31T16:02:38+01:00"},{"startDateTime":"2019-05-31T14:56:00","startDateTimeLocal":"2019-05-31T15:56:00+01:00","stageTimeDurationMs":827100,"stageTimeDuration":"00:13:47.1000000","splitPointTimeId":75832,"splitPointId":2372,"entryId":19741,"elapsedDurationMs":477700,"elapsedDuration":"PT7M57.7S","splitDateTime":"2019-05-31T15:03:57.7","splitDateTimeLocal":"2019-05-31T16:03:57.7+01:00"},{"startDateTime":"2019-05-31T14:58:00","startDateTimeLocal":"2019-05-31T15:58:00+01:00","stageTimeDurationMs":789000,"stageTimeDuration":"00:13:09","splitPointTimeId":75839,"splitPointId":2372,"entryId":19742,"elapsedDurationMs":454000,"elapsedDuration":"PT7M34S","splitDateTime":"2019-05-31T15:05:34","splitDateTimeLocal":"2019-05-31T16:05:34+01:00"},{"startDateTime":"2019-05-31T15:00:00","startDateTimeLocal":"2019-05-31T16:00:00+01:00","stageTimeDurationMs":830900,"stageTimeDuration":"00:13:50.9000000","splitPointTimeId":75849,"splitPointId":2372,"entryId":19743,"elapsedDurationMs":477700,"elapsedDuration":"PT7M57.7S","splitDateTime":"2019-05-31T15:07:57.7","splitDateTimeLocal":"2019-05-31T16:07:57.7+01:00"},{"startDateTime":"2019-05-31T15:02:00","startDateTimeLocal":"2019-05-31T16:02:00+01:00","stageTimeDurationMs":818400,"stageTimeDuration":"00:13:38.4000000","splitPointTimeId":75856,"splitPointId":2372,"entryId":19746,"elapsedDurationMs":472100,"elapsedDuration":"PT7M52.1S","splitDateTime":"2019-05-31T15:09:52.1","splitDateTimeLocal":"2019-05-31T16:09:52.1+01:00"},{"startDateTime":"2019-05-31T15:04:00","startDateTimeLocal":"2019-05-31T16:04:00+01:00","stageTimeDurationMs":849000,"stageTimeDuration":"00:14:09","splitPointTimeId":75863,"splitPointId":2372,"entryId":19747,"elapsedDurationMs":494800,"elapsedDuration":"PT8M14.8S","splitDateTime":"2019-05-31T15:12:14.8","splitDateTimeLocal":"2019-05-31T16:12:14.8+01:00"},{"startDateTime":"2019-05-31T15:06:00","startDateTimeLocal":"2019-05-31T16:06:00+01:00","stageTimeDurationMs":879600,"stageTimeDuration":"00:14:39.6000000","splitPointTimeId":75872,"splitPointId":2372,"entryId":19748,"elapsedDurationMs":509800,"elapsedDuration":"PT8M29.8S","splitDateTime":"2019-05-31T15:14:29.8","splitDateTimeLocal":"2019-05-31T16:14:29.8+01:00"},{"startDateTime":"2019-05-31T15:08:00","startDateTimeLocal":"2019-05-31T16:08:00+01:00","stageTimeDurationMs":917600,"stageTimeDuration":"00:15:17.6000000","splitPointTimeId":75876,"splitPointId":2372,"entryId":19749,"elapsedDurationMs":493200,"elapsedDuration":"PT8M13.2S","splitDateTime":"2019-05-31T15:16:13.2","splitDateTimeLocal":"2019-05-31T16:16:13.2+01:00"},{"startDateTime":"2019-05-31T15:13:00","startDateTimeLocal":"2019-05-31T16:13:00+01:00","stageTimeDurationMs":825700,"stageTimeDuration":"00:13:45.7000000","splitPointTimeId":75891,"splitPointId":2372,"entryId":19744,"elapsedDurationMs":475600,"elapsedDuration":"PT7M55.6S","splitDateTime":"2019-05-31T15:20:55.6","splitDateTimeLocal":"2019-05-31T16:20:55.6+01:00"},{"startDateTime":"2019-05-31T15:10:00","startDateTimeLocal":"2019-05-31T16:10:00+01:00","stageTimeDurationMs":1170900,"stageTimeDuration":"00:19:30.9000000","splitPointTimeId":75899,"splitPointId":2372,"entryId":19751,"elapsedDurationMs":798600,"elapsedDuration":"PT13M18.6S","splitDateTime":"2019-05-31T15:23:18.6","splitDateTimeLocal":"2019-05-31T16:23:18.6+01:00"},{"startDateTime":"2019-05-31T15:15:00","startDateTimeLocal":"2019-05-31T16:15:00+01:00","stageTimeDurationMs":908600,"stageTimeDuration":"00:15:08.6000000","splitPointTimeId":75900,"splitPointId":2372,"entryId":19752,"elapsedDurationMs":523000,"elapsedDuration":"PT8M43S","splitDateTime":"2019-05-31T15:23:43","splitDateTimeLocal":"2019-05-31T16:23:43+01:00"},{"startDateTime":"2019-05-31T15:17:00","startDateTimeLocal":"2019-05-31T16:17:00+01:00","stageTimeDurationMs":1045700,"stageTimeDuration":"00:17:25.7000000","splitPointTimeId":75911,"splitPointId":2372,"entryId":19754,"elapsedDurationMs":602600,"elapsedDuration":"PT10M2.6S","splitDateTime":"2019-05-31T15:27:02.6","splitDateTimeLocal":"2019-05-31T16:27:02.6+01:00"},{"startDateTime":"2019-05-31T15:20:00","startDateTimeLocal":"2019-05-31T16:20:00+01:00","stageTimeDurationMs":945900,"stageTimeDuration":"00:15:45.9000000","splitPointTimeId":75913,"splitPointId":2372,"entryId":19755,"elapsedDurationMs":547600,"elapsedDuration":"PT9M7.6S","splitDateTime":"2019-05-31T15:29:07.6","splitDateTimeLocal":"2019-05-31T16:29:07.6+01:00"},{"startDateTime":"2019-05-31T15:22:00","startDateTimeLocal":"2019-05-31T16:22:00+01:00","stageTimeDurationMs":1004600,"stageTimeDuration":"00:16:44.6000000","splitPointTimeId":75928,"splitPointId":2372,"entryId":19756,"elapsedDurationMs":587700,"elapsedDuration":"PT9M47.7S","splitDateTime":"2019-05-31T15:31:47.7","splitDateTimeLocal":"2019-05-31T16:31:47.7+01:00"},{"startDateTime":"2019-05-31T15:24:00","startDateTimeLocal":"2019-05-31T16:24:00+01:00","stageTimeDurationMs":918400,"stageTimeDuration":"00:15:18.4000000","splitPointTimeId":75929,"splitPointId":2372,"entryId":19758,"elapsedDurationMs":535700,"elapsedDuration":"PT8M55.7S","splitDateTime":"2019-05-31T15:32:55.7","splitDateTimeLocal":"2019-05-31T16:32:55.7+01:00"},{"startDateTime":"2019-05-31T15:26:00","startDateTimeLocal":"2019-05-31T16:26:00+01:00","stageTimeDurationMs":885000,"stageTimeDuration":"00:14:45","splitPointTimeId":75937,"splitPointId":2372,"entryId":19759,"elapsedDurationMs":513500,"elapsedDuration":"PT8M33.5S","splitDateTime":"2019-05-31T15:34:33.5","splitDateTimeLocal":"2019-05-31T16:34:33.5+01:00"},{"startDateTime":"2019-05-31T15:28:00","startDateTimeLocal":"2019-05-31T16:28:00+01:00","stageTimeDurationMs":896800,"stageTimeDuration":"00:14:56.8000000","splitPointTimeId":75948,"splitPointId":2372,"entryId":19760,"elapsedDurationMs":524300,"elapsedDuration":"PT8M44.3S","splitDateTime":"2019-05-31T15:36:44.3","splitDateTimeLocal":"2019-05-31T16:36:44.3+01:00"},{"startDateTime":"2019-05-31T15:30:00","startDateTimeLocal":"2019-05-31T16:30:00+01:00","stageTimeDurationMs":907500,"stageTimeDuration":"00:15:07.5000000","splitPointTimeId":75951,"splitPointId":2372,"entryId":19761,"elapsedDurationMs":530200,"elapsedDuration":"PT8M50.2S","splitDateTime":"2019-05-31T15:38:50.2","splitDateTimeLocal":"2019-05-31T16:38:50.2+01:00"},{"startDateTime":"2019-05-31T15:32:00","startDateTimeLocal":"2019-05-31T16:32:00+01:00","stageTimeDurationMs":959000,"stageTimeDuration":"00:15:59","splitPointTimeId":75956,"splitPointId":2372,"entryId":19764,"elapsedDurationMs":533500,"elapsedDuration":"PT8M53.5S","splitDateTime":"2019-05-31T15:40:53.5","splitDateTimeLocal":"2019-05-31T16:40:53.5+01:00"},{"startDateTime":"2019-05-31T15:34:00","startDateTimeLocal":"2019-05-31T16:34:00+01:00","stageTimeDurationMs":907900,"stageTimeDuration":"00:15:07.9000000","splitPointTimeId":75963,"splitPointId":2372,"entryId":19770,"elapsedDurationMs":530600,"elapsedDuration":"PT8M50.6S","splitDateTime":"2019-05-31T15:42:50.6","splitDateTimeLocal":"2019-05-31T16:42:50.6+01:00"},{"startDateTime":"2019-05-31T15:36:00","startDateTimeLocal":"2019-05-31T16:36:00+01:00","stageTimeDurationMs":908800,"stageTimeDuration":"00:15:08.8000000","splitPointTimeId":75975,"splitPointId":2372,"entryId":19765,"elapsedDurationMs":529900,"elapsedDuration":"PT8M49.9S","splitDateTime":"2019-05-31T15:44:49.9","splitDateTimeLocal":"2019-05-31T16:44:49.9+01:00"},{"startDateTime":"2019-05-31T15:38:00","startDateTimeLocal":"2019-05-31T16:38:00+01:00","stageTimeDurationMs":938600,"stageTimeDuration":"00:15:38.6000000","splitPointTimeId":75976,"splitPointId":2372,"entryId":19766,"elapsedDurationMs":529300,"elapsedDuration":"PT8M49.3S","splitDateTime":"2019-05-31T15:46:49.3","splitDateTimeLocal":"2019-05-31T16:46:49.3+01:00"},{"startDateTime":"2019-05-31T15:40:00","startDateTimeLocal":"2019-05-31T16:40:00+01:00","stageTimeDurationMs":898500,"stageTimeDuration":"00:14:58.5000000","splitPointTimeId":75986,"splitPointId":2372,"entryId":19767,"elapsedDurationMs":521500,"elapsedDuration":"PT8M41.5S","splitDateTime":"2019-05-31T15:48:41.5","splitDateTimeLocal":"2019-05-31T16:48:41.5+01:00"},{"startDateTime":"2019-05-31T15:42:00","startDateTimeLocal":"2019-05-31T16:42:00+01:00","stageTimeDurationMs":917600,"stageTimeDuration":"00:15:17.6000000","splitPointTimeId":75991,"splitPointId":2372,"entryId":19768,"elapsedDurationMs":534100,"elapsedDuration":"PT8M54.1S","splitDateTime":"2019-05-31T15:50:54.1","splitDateTimeLocal":"2019-05-31T16:50:54.1+01:00"},{"startDateTime":"2019-05-31T15:44:00","startDateTimeLocal":"2019-05-31T16:44:00+01:00","stageTimeDurationMs":1042300,"stageTimeDuration":"00:17:22.3000000","splitPointTimeId":76001,"splitPointId":2372,"entryId":19769,"elapsedDurationMs":613400,"elapsedDuration":"PT10M13.4S","splitDateTime":"2019-05-31T15:54:13.4","splitDateTimeLocal":"2019-05-31T16:54:13.4+01:00"},{"startDateTime":"2019-05-31T15:46:00","startDateTimeLocal":"2019-05-31T16:46:00+01:00","stageTimeDurationMs":1136200,"stageTimeDuration":"00:18:56.2000000","splitPointTimeId":76006,"splitPointId":2372,"entryId":19771,"elapsedDurationMs":573100,"elapsedDuration":"PT9M33.1S","splitDateTime":"2019-05-31T15:55:33.1","splitDateTimeLocal":"2019-05-31T16:55:33.1+01:00"},{"startDateTime":"2019-05-31T15:48:00","startDateTimeLocal":"2019-05-31T16:48:00+01:00","stageTimeDurationMs":941700,"stageTimeDuration":"00:15:41.7000000","splitPointTimeId":76007,"splitPointId":2372,"entryId":19772,"elapsedDurationMs":550700,"elapsedDuration":"PT9M10.7S","splitDateTime":"2019-05-31T15:57:10.7","splitDateTimeLocal":"2019-05-31T16:57:10.7+01:00"}]