{"splitPoints":[{"splitPointId":3065,"stageId":1503,"number":1,"distance":6.86},{"splitPointId":3066,"stageId":1503,"number":3,"distance":18.5},{"splitPointId":3067,"stageId":1503,"number":2,"distance":13.0},{"splitPointId":3070,"stageId":1503,"number":4,"distance":19.7}],"controls":[{"controlId":6400,"eventId":90,"stageId":1503,"type":"FlyingFinish","code":"SF15","location":"La Mussara 1 (asphalt) TV Live","timingPrecision":"Tenth","distance":null,"targetDuration":null,"targetDurationMs":null,"firstCarDueDateTime":null,"firstCarDueDateTimeLocal":null,"status":"Completed","controlPenalties":"None","roundingPolicy":"NoRounding","locked":true},{"controlId":6401,"eventId":90,"stageId":1503,"type":"StageStart","code":"SS15","location":"La Mussara 1 (asphalt) TV Live","timingPrecision":"Minute","distance":20.72,"targetDuration":"00:07:00","targetDurationMs":420000,"firstCarDueDateTime":"2019-10-27T07:38:00","firstCarDueDateTimeLocal":"2019-10-27T08:38:00+01:00","status":"Completed","controlPenalties":"None","roundingPolicy":"RoundToClosestMinute","locked":true},{"controlId":6403,"eventId":90,"stageId":1503,"type":"TimeControl","code":"TC15","location":"La Mussara","timingPrecision":"Minute","distance":18.12,"targetDuration":"00:50:00","targetDurationMs":3000000,"firstCarDueDateTime":"2019-10-27T07:31:00","firstCarDueDateTimeLocal":"2019-10-27T08:31:00+01:00","status":"Completed","controlPenalties":"All","roundingPolicy":"NoRounding","locked":true}],"stageId":1503,"eventId":90,"number":15,"name":"La Mussara 1 (asphalt) TV Live","distance":20.72,"status":"Completed","stageType":"SpecialStage","timingPrecision":"Tenth","locked":true,"code":"SS15"}