{"splitPoints":[{"splitPointId":2563,"stageId":1277,"number":2,"distance":9.28},{"splitPointId":2565,"stageId":1277,"number":1,"distance":4.31}],"controls":[{"controlId":5455,"eventId":86,"stageId":1277,"type":"TimeControl","code":"TC4","location":"Urria","timingPrecision":"Minute","distance":30.65,"targetDuration":"01:00:00","targetDurationMs":3600000,"firstCarDueDateTime":"2019-08-02T07:21:00","firstCarDueDateTimeLocal":"2019-08-02T10:21:00+03:00","status":"Completed","controlPenalties":"All","roundingPolicy":"NoRounding","locked":false},{"controlId":5456,"eventId":86,"stageId":1277,"type":"StageStart","code":"SS4","location":"Urria 1","timingPrecision":"Minute","distance":12.28,"targetDuration":"00:03:00","targetDurationMs":180000,"firstCarDueDateTime":"2019-08-02T07:24:00","firstCarDueDateTimeLocal":"2019-08-02T10:24:00+03:00","status":"Completed","controlPenalties":"None","roundingPolicy":"RoundToClosestMinute","locked":false},{"controlId":5457,"eventId":86,"stageId":1277,"type":"FlyingFinish","code":"SF4","location":"Urria 1","timingPrecision":"Tenth","distance":null,"targetDuration":null,"targetDurationMs":null,"firstCarDueDateTime":null,"firstCarDueDateTimeLocal":null,"status":"Completed","controlPenalties":"None","roundingPolicy":"NoRounding","locked":false}],"stageId":1277,"eventId":86,"number":4,"name":"Urria 1","distance":12.28,"status":"Completed","stageType":"SpecialStage","timingPrecision":"Tenth","locked":false,"code":"SS4"}