[{"entryId":20057,"stageTimeMs":6874400,"stageTime":"PT1H54M34.4S","penaltyTimeMs":0,"penaltyTime":"PT0S","totalTimeMs":6874400,"totalTime":"PT1H54M34.4S","position":1,"diffFirstMs":0,"diffFirst":"PT0S","diffPrevMs":0,"diffPrev":"PT0S"},{"entryId":20055,"stageTimeMs":6888800,"stageTime":"PT1H54M48.8S","penaltyTimeMs":0,"penaltyTime":"PT0S","totalTimeMs":6888800,"totalTime":"PT1H54M48.8S","position":2,"diffFirstMs":14400,"diffFirst":"PT14.4S","diffPrevMs":14400,"diffPrev":"PT14.4S"},{"entryId":20058,"stageTimeMs":6896800,"stageTime":"PT1H54M56.8S","penaltyTimeMs":0,"penaltyTime":"PT0S","totalTimeMs":6896800,"totalTime":"PT1H54M56.8S","position":3,"diffFirstMs":22400,"diffFirst":"PT22.4S","diffPrevMs":8000,"diffPrev":"PT8S"},{"entryId":20053,"stageTimeMs":6920200,"stageTime":"PT1H55M20.2S","penaltyTimeMs":0,"penaltyTime":"PT0S","totalTimeMs":6920200,"totalTime":"PT1H55M20.2S","position":4,"diffFirstMs":45800,"diffFirst":"PT45.8S","diffPrevMs":23400,"diffPrev":"PT23.4S"},{"entryId":20064,"stageTimeMs":6923000,"stageTime":"PT1H55M23S","penaltyTimeMs":0,"penaltyTime":"PT0S","totalTimeMs":6923000,"totalTime":"PT1H55M23S","position":5,"diffFirstMs":48600,"diffFirst":"PT48.6S","diffPrevMs":2800,"diffPrev":"PT2.8S"},{"entryId":20063,"stageTimeMs":6924900,"stageTime":"PT1H55M24.9S","penaltyTimeMs":0,"penaltyTime":"PT0S","totalTimeMs":6924900,"totalTime":"PT1H55M24.9S","position":6,"diffFirstMs":50500,"diffFirst":"PT50.5S","diffPrevMs":1900,"diffPrev":"PT1.9S"},{"entryId":20059,"stageTimeMs":6943400,"stageTime":"PT1H55M43.4S","penaltyTimeMs":0,"penaltyTime":"PT0S","totalTimeMs":6943400,"totalTime":"PT1H55M43.4S","position":7,"diffFirstMs":69000,"diffFirst":"PT1M9S","diffPrevMs":18500,"diffPrev":"PT18.5S"},{"entryId":20054,"stageTimeMs":6987300,"stageTime":"PT1H56M27.3S","penaltyTimeMs":0,"penaltyTime":"PT0S","totalTimeMs":6987300,"totalTime":"PT1H56M27.3S","position":8,"diffFirstMs":112900,"diffFirst":"PT1M52.9S","diffPrevMs":43900,"diffPrev":"PT43.9S"},{"entryId":20062,"stageTimeMs":7094100,"stageTime":"PT1H58M14.1S","penaltyTimeMs":0,"penaltyTime":"PT0S","totalTimeMs":7094100,"totalTime":"PT1H58M14.1S","position":9,"diffFirstMs":219700,"diffFirst":"PT3M39.7S","diffPrevMs":106800,"diffPrev":"PT1M46.8S"},{"entryId":20065,"stageTimeMs":7223300,"stageTime":"PT2H23.3S","penaltyTimeMs":0,"penaltyTime":"PT0S","totalTimeMs":7223300,"totalTime":"PT2H23.3S","position":10,"diffFirstMs":348900,"diffFirst":"PT5M48.9S","diffPrevMs":129200,"diffPrev":"PT2M9.2S"},{"entryId":20068,"stageTimeMs":7296200,"stageTime":"PT2H1M36.2S","penaltyTimeMs":0,"penaltyTime":"PT0S","totalTimeMs":7296200,"totalTime":"PT2H1M36.2S","position":11,"diffFirstMs":421800,"diffFirst":"PT7M1.8S","diffPrevMs":72900,"diffPrev":"PT1M12.9S"},{"entryId":20070,"stageTimeMs":7359700,"stageTime":"PT2H2M39.7S","penaltyTimeMs":0,"penaltyTime":"PT0S","totalTimeMs":7359700,"totalTime":"PT2H2M39.7S","position":12,"diffFirstMs":485300,"diffFirst":"PT8M5.3S","diffPrevMs":63500,"diffPrev":"PT1M3.5S"},{"entryId":20075,"stageTimeMs":7367800,"stageTime":"PT2H2M47.8S","penaltyTimeMs":0,"penaltyTime":"PT0S","totalTimeMs":7367800,"totalTime":"PT2H2M47.8S","position":13,"diffFirstMs":493400,"diffFirst":"PT8M13.4S","diffPrevMs":8100,"diffPrev":"PT8.1S"},{"entryId":20067,"stageTimeMs":7450200,"stageTime":"PT2H4M10.2S","penaltyTimeMs":0,"penaltyTime":"PT0S","totalTimeMs":7450200,"totalTime":"PT2H4M10.2S","position":14,"diffFirstMs":575800,"diffFirst":"PT9M35.8S","diffPrevMs":82400,"diffPrev":"PT1M22.4S"},{"entryId":20074,"stageTimeMs":7471000,"stageTime":"PT2H4M31S","penaltyTimeMs":0,"penaltyTime":"PT0S","totalTimeMs":7471000,"totalTime":"PT2H4M31S","position":15,"diffFirstMs":596600,"diffFirst":"PT9M56.6S","diffPrevMs":20800,"diffPrev":"PT20.8S"},{"entryId":20071,"stageTimeMs":7917200,"stageTime":"PT2H11M57.2S","penaltyTimeMs":0,"penaltyTime":"PT0S","totalTimeMs":7917200,"totalTime":"PT2H11M57.2S","position":16,"diffFirstMs":1042800,"diffFirst":"PT17M22.8S","diffPrevMs":446200,"diffPrev":"PT7M26.2S"},{"entryId":20079,"stageTimeMs":7982500,"stageTime":"PT2H13M2.5S","penaltyTimeMs":0,"penaltyTime":"PT0S","totalTimeMs":7982500,"totalTime":"PT2H13M2.5S","position":17,"diffFirstMs":1108100,"diffFirst":"PT18M28.1S","diffPrevMs":65300,"diffPrev":"PT1M5.3S"},{"entryId":20080,"stageTimeMs":8004500,"stageTime":"PT2H13M24.5S","penaltyTimeMs":0,"penaltyTime":"PT0S","totalTimeMs":8004500,"totalTime":"PT2H13M24.5S","position":18,"diffFirstMs":1130100,"diffFirst":"PT18M50.1S","diffPrevMs":22000,"diffPrev":"PT22S"},{"entryId":20092,"stageTimeMs":7992100,"stageTime":"PT2H13M12.1S","penaltyTimeMs":40000,"penaltyTime":"PT40S","totalTimeMs":8032100,"totalTime":"PT2H13M52.1S","position":19,"diffFirstMs":1157700,"diffFirst":"PT19M17.7S","diffPrevMs":27600,"diffPrev":"PT27.6S"},{"entryId":20082,"stageTimeMs":8044100,"stageTime":"PT2H14M4.1S","penaltyTimeMs":0,"penaltyTime":"PT0S","totalTimeMs":8044100,"totalTime":"PT2H14M4.1S","position":20,"diffFirstMs":1169700,"diffFirst":"PT19M29.7S","diffPrevMs":12000,"diffPrev":"PT12S"},{"entryId":20078,"stageTimeMs":8050500,"stageTime":"PT2H14M10.5S","penaltyTimeMs":0,"penaltyTime":"PT0S","totalTimeMs":8050500,"totalTime":"PT2H14M10.5S","position":21,"diffFirstMs":1176100,"diffFirst":"PT19M36.1S","diffPrevMs":6400,"diffPrev":"PT6.4S"},{"entryId":20099,"stageTimeMs":8144600,"stageTime":"PT2H15M44.6S","penaltyTimeMs":0,"penaltyTime":"PT0S","totalTimeMs":8144600,"totalTime":"PT2H15M44.6S","position":22,"diffFirstMs":1270200,"diffFirst":"PT21M10.2S","diffPrevMs":94100,"diffPrev":"PT1M34.1S"},{"entryId":20091,"stageTimeMs":8161300,"stageTime":"PT2H16M1.3S","penaltyTimeMs":0,"penaltyTime":"PT0S","totalTimeMs":8161300,"totalTime":"PT2H16M1.3S","position":23,"diffFirstMs":1286900,"diffFirst":"PT21M26.9S","diffPrevMs":16700,"diffPrev":"PT16.7S"},{"entryId":20060,"stageTimeMs":8167400,"stageTime":"PT2H16M7.4S","penaltyTimeMs":0,"penaltyTime":"PT0S","totalTimeMs":8167400,"totalTime":"PT2H16M7.4S","position":24,"diffFirstMs":1293000,"diffFirst":"PT21M33S","diffPrevMs":6100,"diffPrev":"PT6.1S"},{"entryId":20106,"stageTimeMs":8202000,"stageTime":"PT2H16M42S","penaltyTimeMs":0,"penaltyTime":"PT0S","totalTimeMs":8202000,"totalTime":"PT2H16M42S","position":25,"diffFirstMs":1327600,"diffFirst":"PT22M7.6S","diffPrevMs":34600,"diffPrev":"PT34.6S"},{"entryId":20081,"stageTimeMs":8214700,"stageTime":"PT2H16M54.7S","penaltyTimeMs":0,"penaltyTime":"PT0S","totalTimeMs":8214700,"totalTime":"PT2H16M54.7S","position":26,"diffFirstMs":1340300,"diffFirst":"PT22M20.3S","diffPrevMs":12700,"diffPrev":"PT12.7S"},{"entryId":20107,"stageTimeMs":8271900,"stageTime":"PT2H17M51.9S","penaltyTimeMs":0,"penaltyTime":"PT0S","totalTimeMs":8271900,"totalTime":"PT2H17M51.9S","position":27,"diffFirstMs":1397500,"diffFirst":"PT23M17.5S","diffPrevMs":57200,"diffPrev":"PT57.2S"},{"entryId":20109,"stageTimeMs":8290600,"stageTime":"PT2H18M10.6S","penaltyTimeMs":0,"penaltyTime":"PT0S","totalTimeMs":8290600,"totalTime":"PT2H18M10.6S","position":28,"diffFirstMs":1416200,"diffFirst":"PT23M36.2S","diffPrevMs":18700,"diffPrev":"PT18.7S"},{"entryId":20098,"stageTimeMs":8471900,"stageTime":"PT2H21M11.9S","penaltyTimeMs":0,"penaltyTime":"PT0S","totalTimeMs":8471900,"totalTime":"PT2H21M11.9S","position":29,"diffFirstMs":1597500,"diffFirst":"PT26M37.5S","diffPrevMs":181300,"diffPrev":"PT3M1.3S"},{"entryId":20056,"stageTimeMs":8551000,"stageTime":"PT2H22M31S","penaltyTimeMs":0,"penaltyTime":"PT0S","totalTimeMs":8551000,"totalTime":"PT2H22M31S","position":30,"diffFirstMs":1676600,"diffFirst":"PT27M56.6S","diffPrevMs":79100,"diffPrev":"PT1M19.1S"},{"entryId":20104,"stageTimeMs":8665200,"stageTime":"PT2H24M25.2S","penaltyTimeMs":0,"penaltyTime":"PT0S","totalTimeMs":8665200,"totalTime":"PT2H24M25.2S","position":31,"diffFirstMs":1790800,"diffFirst":"PT29M50.8S","diffPrevMs":114200,"diffPrev":"PT1M54.2S"},{"entryId":20112,"stageTimeMs":8712700,"stageTime":"PT2H25M12.7S","penaltyTimeMs":0,"penaltyTime":"PT0S","totalTimeMs":8712700,"totalTime":"PT2H25M12.7S","position":32,"diffFirstMs":1838300,"diffFirst":"PT30M38.3S","diffPrevMs":47500,"diffPrev":"PT47.5S"},{"entryId":20087,"stageTimeMs":8713100,"stageTime":"PT2H25M13.1S","penaltyTimeMs":0,"penaltyTime":"PT0S","totalTimeMs":8713100,"totalTime":"PT2H25M13.1S","position":33,"diffFirstMs":1838700,"diffFirst":"PT30M38.7S","diffPrevMs":400,"diffPrev":"PT0.4S"},{"entryId":20072,"stageTimeMs":8831800,"stageTime":"PT2H27M11.8S","penaltyTimeMs":0,"penaltyTime":"PT0S","totalTimeMs":8831800,"totalTime":"PT2H27M11.8S","position":34,"diffFirstMs":1957400,"diffFirst":"PT32M37.4S","diffPrevMs":118700,"diffPrev":"PT1M58.7S"},{"entryId":20090,"stageTimeMs":8866300,"stageTime":"PT2H27M46.3S","penaltyTimeMs":0,"penaltyTime":"PT0S","totalTimeMs":8866300,"totalTime":"PT2H27M46.3S","position":35,"diffFirstMs":1991900,"diffFirst":"PT33M11.9S","diffPrevMs":34500,"diffPrev":"PT34.5S"},{"entryId":20105,"stageTimeMs":8877300,"stageTime":"PT2H27M57.3S","penaltyTimeMs":0,"penaltyTime":"PT0S","totalTimeMs":8877300,"totalTime":"PT2H27M57.3S","position":36,"diffFirstMs":2002900,"diffFirst":"PT33M22.9S","diffPrevMs":11000,"diffPrev":"PT11S"},{"entryId":20089,"stageTimeMs":8929400,"stageTime":"PT2H28M49.4S","penaltyTimeMs":0,"penaltyTime":"PT0S","totalTimeMs":8929400,"totalTime":"PT2H28M49.4S","position":37,"diffFirstMs":2055000,"diffFirst":"PT34M15S","diffPrevMs":52100,"diffPrev":"PT52.1S"},{"entryId":20086,"stageTimeMs":8959700,"stageTime":"PT2H29M19.7S","penaltyTimeMs":0,"penaltyTime":"PT0S","totalTimeMs":8959700,"totalTime":"PT2H29M19.7S","position":38,"diffFirstMs":2085300,"diffFirst":"PT34M45.3S","diffPrevMs":30300,"diffPrev":"PT30.3S"},{"entryId":20100,"stageTimeMs":8985900,"stageTime":"PT2H29M45.9S","penaltyTimeMs":0,"penaltyTime":"PT0S","totalTimeMs":8985900,"totalTime":"PT2H29M45.9S","position":39,"diffFirstMs":2111500,"diffFirst":"PT35M11.5S","diffPrevMs":26200,"diffPrev":"PT26.2S"},{"entryId":20096,"stageTimeMs":9195600,"stageTime":"PT2H33M15.6S","penaltyTimeMs":0,"penaltyTime":"PT0S","totalTimeMs":9195600,"totalTime":"PT2H33M15.6S","position":40,"diffFirstMs":2321200,"diffFirst":"PT38M41.2S","diffPrevMs":209700,"diffPrev":"PT3M29.7S"},{"entryId":20093,"stageTimeMs":9243600,"stageTime":"PT2H34M3.6S","penaltyTimeMs":0,"penaltyTime":"PT0S","totalTimeMs":9243600,"totalTime":"PT2H34M3.6S","position":41,"diffFirstMs":2369200,"diffFirst":"PT39M29.2S","diffPrevMs":48000,"diffPrev":"PT48S"},{"entryId":20113,"stageTimeMs":9349500,"stageTime":"PT2H35M49.5S","penaltyTimeMs":0,"penaltyTime":"PT0S","totalTimeMs":9349500,"totalTime":"PT2H35M49.5S","position":42,"diffFirstMs":2475100,"diffFirst":"PT41M15.1S","diffPrevMs":105900,"diffPrev":"PT1M45.9S"},{"entryId":20110,"stageTimeMs":9569500,"stageTime":"PT2H39M29.5S","penaltyTimeMs":0,"penaltyTime":"PT0S","totalTimeMs":9569500,"totalTime":"PT2H39M29.5S","position":43,"diffFirstMs":2695100,"diffFirst":"PT44M55.1S","diffPrevMs":220000,"diffPrev":"PT3M40S"},{"entryId":20114,"stageTimeMs":10024300,"stageTime":"PT2H47M4.3S","penaltyTimeMs":0,"penaltyTime":"PT0S","totalTimeMs":10024300,"totalTime":"PT2H47M4.3S","position":44,"diffFirstMs":3149900,"diffFirst":"PT52M29.9S","diffPrevMs":454800,"diffPrev":"PT7M34.8S"},{"entryId":20103,"stageTimeMs":10020500,"stageTime":"PT2H47M0.5S","penaltyTimeMs":80000,"penaltyTime":"PT1M20S","totalTimeMs":10100500,"totalTime":"PT2H48M20.5S","position":45,"diffFirstMs":3226100,"diffFirst":"PT53M46.1S","diffPrevMs":76200,"diffPrev":"PT1M16.2S"},{"entryId":20115,"stageTimeMs":10108400,"stageTime":"PT2H48M28.4S","penaltyTimeMs":20000,"penaltyTime":"PT20S","totalTimeMs":10128400,"totalTime":"PT2H48M48.4S","position":46,"diffFirstMs":3254000,"diffFirst":"PT54M14S","diffPrevMs":27900,"diffPrev":"PT27.9S"},{"entryId":20088,"stageTimeMs":10316800,"stageTime":"PT2H51M56.8S","penaltyTimeMs":0,"penaltyTime":"PT0S","totalTimeMs":10316800,"totalTime":"PT2H51M56.8S","position":47,"diffFirstMs":3442400,"diffFirst":"PT57M22.4S","diffPrevMs":188400,"diffPrev":"PT3M8.4S"},{"entryId":20084,"stageTimeMs":10529200,"stageTime":"PT2H55M29.2S","penaltyTimeMs":0,"penaltyTime":"PT0S","totalTimeMs":10529200,"totalTime":"PT2H55M29.2S","position":48,"diffFirstMs":3654800,"diffFirst":"PT1H54.8S","diffPrevMs":212400,"diffPrev":"PT3M32.4S"},{"entryId":20111,"stageTimeMs":10580500,"stageTime":"PT2H56M20.5S","penaltyTimeMs":0,"penaltyTime":"PT0S","totalTimeMs":10580500,"totalTime":"PT2H56M20.5S","position":49,"diffFirstMs":3706100,"diffFirst":"PT1H1M46.1S","diffPrevMs":51300,"diffPrev":"PT51.3S"},{"entryId":20073,"stageTimeMs":11135600,"stageTime":"PT3H5M35.6S","penaltyTimeMs":0,"penaltyTime":"PT0S","totalTimeMs":11135600,"totalTime":"PT3H5M35.6S","position":50,"diffFirstMs":4261200,"diffFirst":"PT1H11M1.2S","diffPrevMs":555100,"diffPrev":"PT9M15.1S"},{"entryId":20083,"stageTimeMs":11904000,"stageTime":"PT3H18M24S","penaltyTimeMs":0,"penaltyTime":"PT0S","totalTimeMs":11904000,"totalTime":"PT3H18M24S","position":51,"diffFirstMs":5029600,"diffFirst":"PT1H23M49.6S","diffPrevMs":768400,"diffPrev":"PT12M48.4S"},{"entryId":20101,"stageTimeMs":11964600,"stageTime":"PT3H19M24.6S","penaltyTimeMs":50000,"penaltyTime":"PT50S","totalTimeMs":12014600,"totalTime":"PT3H20M14.6S","position":52,"diffFirstMs":5140200,"diffFirst":"PT1H25M40.2S","diffPrevMs":110600,"diffPrev":"PT1M50.6S"},{"entryId":20077,"stageTimeMs":12396600,"stageTime":"PT3H26M36.6S","penaltyTimeMs":0,"penaltyTime":"PT0S","totalTimeMs":12396600,"totalTime":"PT3H26M36.6S","position":53,"diffFirstMs":5522200,"diffFirst":"PT1H32M2.2S","diffPrevMs":382000,"diffPrev":"PT6M22S"},{"entryId":20102,"stageTimeMs":12602200,"stageTime":"PT3H30M2.2S","penaltyTimeMs":60000,"penaltyTime":"PT1M","totalTimeMs":12662200,"totalTime":"PT3H31M2.2S","position":54,"diffFirstMs":5787800,"diffFirst":"PT1H36M27.8S","diffPrevMs":265600,"diffPrev":"PT4M25.6S"},{"entryId":20116,"stageTimeMs":14017300,"stageTime":"PT3H53M37.3S","penaltyTimeMs":0,"penaltyTime":"PT0S","totalTimeMs":14017300,"totalTime":"PT3H53M37.3S","position":55,"diffFirstMs":7142900,"diffFirst":"PT1H59M2.9S","diffPrevMs":1355100,"diffPrev":"PT22M35.1S"}]