[{"stageTimeId":78784,"stageId":1317,"entryId":20124,"elapsedDurationMs":968800,"elapsedDuration":"00:16:08.8000000","status":"Completed","source":"Default","position":1,"diffFirstMs":0,"diffFirst":"00:00:00","diffPrevMs":0,"diffPrev":"00:00:00"},{"stageTimeId":78780,"stageId":1317,"entryId":20121,"elapsedDurationMs":974700,"elapsedDuration":"00:16:14.7000000","status":"Completed","source":"Default","position":2,"diffFirstMs":5900,"diffFirst":"00:00:05.9000000","diffPrevMs":5900,"diffPrev":"00:00:05.9000000"},{"stageTimeId":78810,"stageId":1317,"entryId":20118,"elapsedDurationMs":976000,"elapsedDuration":"00:16:16","status":"Completed","source":"Default","position":3,"diffFirstMs":7200,"diffFirst":"00:00:07.2000000","diffPrevMs":1300,"diffPrev":"00:00:01.3000000"},{"stageTimeId":78832,"stageId":1317,"entryId":20117,"elapsedDurationMs":977300,"elapsedDuration":"00:16:17.3000000","status":"Completed","source":"Default","position":4,"diffFirstMs":8500,"diffFirst":"00:00:08.5000000","diffPrevMs":1300,"diffPrev":"00:00:01.3000000"},{"stageTimeId":78795,"stageId":1317,"entryId":20120,"elapsedDurationMs":980900,"elapsedDuration":"00:16:20.9000000","status":"Completed","source":"Default","position":5,"diffFirstMs":12100,"diffFirst":"00:00:12.1000000","diffPrevMs":3600,"diffPrev":"00:00:03.6000000"},{"stageTimeId":78828,"stageId":1317,"entryId":20119,"elapsedDurationMs":981300,"elapsedDuration":"00:16:21.3000000","status":"Completed","source":"Default","position":6,"diffFirstMs":12500,"diffFirst":"00:00:12.5000000","diffPrevMs":400,"diffPrev":"00:00:00.4000000"},{"stageTimeId":78776,"stageId":1317,"entryId":20123,"elapsedDurationMs":981400,"elapsedDuration":"00:16:21.4000000","status":"Completed","source":"Default","position":7,"diffFirstMs":12600,"diffFirst":"00:00:12.6000000","diffPrevMs":100,"diffPrev":"00:00:00.1000000"},{"stageTimeId":78675,"stageId":1317,"entryId":20122,"elapsedDurationMs":982700,"elapsedDuration":"00:16:22.7000000","status":"Completed","source":"Default","position":8,"diffFirstMs":13900,"diffFirst":"00:00:13.9000000","diffPrevMs":1300,"diffPrev":"00:00:01.3000000"},{"stageTimeId":78806,"stageId":1317,"entryId":20127,"elapsedDurationMs":984100,"elapsedDuration":"00:16:24.1000000","status":"Completed","source":"Default","position":9,"diffFirstMs":15300,"diffFirst":"00:00:15.3000000","diffPrevMs":1400,"diffPrev":"00:00:01.4000000"},{"stageTimeId":78836,"stageId":1317,"entryId":20126,"elapsedDurationMs":989800,"elapsedDuration":"00:16:29.8000000","status":"Completed","source":"Default","position":10,"diffFirstMs":21000,"diffFirst":"00:00:21","diffPrevMs":5700,"diffPrev":"00:00:05.7000000"},{"stageTimeId":78824,"stageId":1317,"entryId":20125,"elapsedDurationMs":1002800,"elapsedDuration":"00:16:42.8000000","status":"Completed","source":"Default","position":11,"diffFirstMs":34000,"diffFirst":"00:00:34","diffPrevMs":13000,"diffPrev":"00:00:13"},{"stageTimeId":78693,"stageId":1317,"entryId":20133,"elapsedDurationMs":1026800,"elapsedDuration":"00:17:06.8000000","status":"Completed","source":"Default","position":12,"diffFirstMs":58000,"diffFirst":"00:00:58","diffPrevMs":24000,"diffPrev":"00:00:24"},{"stageTimeId":78792,"stageId":1317,"entryId":20128,"elapsedDurationMs":1027200,"elapsedDuration":"00:17:07.2000000","status":"Completed","source":"Default","position":13,"diffFirstMs":58400,"diffFirst":"00:00:58.4000000","diffPrevMs":400,"diffPrev":"00:00:00.4000000"},{"stageTimeId":78697,"stageId":1317,"entryId":20129,"elapsedDurationMs":1030100,"elapsedDuration":"00:17:10.1000000","status":"Completed","source":"Assessed","position":14,"diffFirstMs":61300,"diffFirst":"00:01:01.3000000","diffPrevMs":2900,"diffPrev":"00:00:02.9000000"},{"stageTimeId":78748,"stageId":1317,"entryId":20137,"elapsedDurationMs":1035600,"elapsedDuration":"00:17:15.6000000","status":"Completed","source":"Assessed","position":15,"diffFirstMs":66800,"diffFirst":"00:01:06.8000000","diffPrevMs":5500,"diffPrev":"00:00:05.5000000"},{"stageTimeId":78683,"stageId":1317,"entryId":20144,"elapsedDurationMs":1035900,"elapsedDuration":"00:17:15.9000000","status":"Completed","source":"Default","position":16,"diffFirstMs":67100,"diffFirst":"00:01:07.1000000","diffPrevMs":300,"diffPrev":"00:00:00.3000000"},{"stageTimeId":78803,"stageId":1317,"entryId":20131,"elapsedDurationMs":1037300,"elapsedDuration":"00:17:17.3000000","status":"Completed","source":"Default","position":17,"diffFirstMs":68500,"diffFirst":"00:01:08.5000000","diffPrevMs":1400,"diffPrev":"00:00:01.4000000"},{"stageTimeId":78800,"stageId":1317,"entryId":20130,"elapsedDurationMs":1037300,"elapsedDuration":"00:17:17.3000000","status":"Completed","source":"Default","position":18,"diffFirstMs":68500,"diffFirst":"00:01:08.5000000","diffPrevMs":0,"diffPrev":"00:00:00"},{"stageTimeId":78686,"stageId":1317,"entryId":20143,"elapsedDurationMs":1040200,"elapsedDuration":"00:17:20.2000000","status":"Completed","source":"Default","position":19,"diffFirstMs":71400,"diffFirst":"00:01:11.4000000","diffPrevMs":2900,"diffPrev":"00:00:02.9000000"},{"stageTimeId":78772,"stageId":1317,"entryId":20132,"elapsedDurationMs":1049700,"elapsedDuration":"00:17:29.7000000","status":"Completed","source":"Assessed","position":20,"diffFirstMs":80900,"diffFirst":"00:01:20.9000000","diffPrevMs":9500,"diffPrev":"00:00:09.5000000"},{"stageTimeId":78737,"stageId":1317,"entryId":20136,"elapsedDurationMs":1058900,"elapsedDuration":"00:17:38.9000000","status":"Completed","source":"Assessed","position":21,"diffFirstMs":90100,"diffFirst":"00:01:30.1000000","diffPrevMs":9200,"diffPrev":"00:00:09.2000000"},{"stageTimeId":78745,"stageId":1317,"entryId":20135,"elapsedDurationMs":1059600,"elapsedDuration":"00:17:39.6000000","status":"Completed","source":"Assessed","position":22,"diffFirstMs":90800,"diffFirst":"00:01:30.8000000","diffPrevMs":700,"diffPrev":"00:00:00.7000000"},{"stageTimeId":78811,"stageId":1317,"entryId":20145,"elapsedDurationMs":1067000,"elapsedDuration":"00:17:47","status":"Completed","source":"Assessed","position":23,"diffFirstMs":98200,"diffFirst":"00:01:38.2000000","diffPrevMs":7400,"diffPrev":"00:00:07.4000000"},{"stageTimeId":78732,"stageId":1317,"entryId":20138,"elapsedDurationMs":1072500,"elapsedDuration":"00:17:52.5000000","status":"Completed","source":"Assessed","position":24,"diffFirstMs":103700,"diffFirst":"00:01:43.7000000","diffPrevMs":5500,"diffPrev":"00:00:05.5000000"},{"stageTimeId":78740,"stageId":1317,"entryId":20150,"elapsedDurationMs":1085000,"elapsedDuration":"00:18:05","status":"Completed","source":"Assessed","position":25,"diffFirstMs":116200,"diffFirst":"00:01:56.2000000","diffPrevMs":12500,"diffPrev":"00:00:12.5000000"},{"stageTimeId":78807,"stageId":1317,"entryId":20151,"elapsedDurationMs":1092500,"elapsedDuration":"00:18:12.5000000","status":"Completed","source":"Default","position":26,"diffFirstMs":123700,"diffFirst":"00:02:03.7000000","diffPrevMs":7500,"diffPrev":"00:00:07.5000000"},{"stageTimeId":78766,"stageId":1317,"entryId":20157,"elapsedDurationMs":1094100,"elapsedDuration":"00:18:14.1000000","status":"Completed","source":"Assessed","position":27,"diffFirstMs":125300,"diffFirst":"00:02:05.3000000","diffPrevMs":1600,"diffPrev":"00:00:01.6000000"},{"stageTimeId":78706,"stageId":1317,"entryId":20153,"elapsedDurationMs":1137200,"elapsedDuration":"00:18:57.2000000","status":"Completed","source":"Assessed","position":28,"diffFirstMs":168400,"diffFirst":"00:02:48.4000000","diffPrevMs":43100,"diffPrev":"00:00:43.1000000"},{"stageTimeId":78762,"stageId":1317,"entryId":20141,"elapsedDurationMs":1139000,"elapsedDuration":"00:18:59","status":"Completed","source":"Assessed","position":29,"diffFirstMs":170200,"diffFirst":"00:02:50.2000000","diffPrevMs":1800,"diffPrev":"00:00:01.8000000"},{"stageTimeId":78758,"stageId":1317,"entryId":20156,"elapsedDurationMs":1151900,"elapsedDuration":"00:19:11.9000000","status":"Completed","source":"Assessed","position":30,"diffFirstMs":183100,"diffFirst":"00:03:03.1000000","diffPrevMs":12900,"diffPrev":"00:00:12.9000000"},{"stageTimeId":78819,"stageId":1317,"entryId":20163,"elapsedDurationMs":1158500,"elapsedDuration":"00:19:18.5000000","status":"Completed","source":"Assessed","position":31,"diffFirstMs":189700,"diffFirst":"00:03:09.7000000","diffPrevMs":6600,"diffPrev":"00:00:06.6000000"},{"stageTimeId":78754,"stageId":1317,"entryId":20159,"elapsedDurationMs":1159500,"elapsedDuration":"00:19:19.5000000","status":"Completed","source":"Assessed","position":32,"diffFirstMs":190700,"diffFirst":"00:03:10.7000000","diffPrevMs":1000,"diffPrev":"00:00:01"},{"stageTimeId":78710,"stageId":1317,"entryId":20155,"elapsedDurationMs":1175500,"elapsedDuration":"00:19:35.5000000","status":"Completed","source":"Assessed","position":33,"diffFirstMs":206700,"diffFirst":"00:03:26.7000000","diffPrevMs":16000,"diffPrev":"00:00:16"},{"stageTimeId":78702,"stageId":1317,"entryId":20168,"elapsedDurationMs":1202900,"elapsedDuration":"00:20:02.9000000","status":"Completed","source":"Assessed","position":34,"diffFirstMs":234100,"diffFirst":"00:03:54.1000000","diffPrevMs":27400,"diffPrev":"00:00:27.4000000"},{"stageTimeId":78715,"stageId":1317,"entryId":20166,"elapsedDurationMs":1214000,"elapsedDuration":"00:20:14","status":"Completed","source":"Assessed","position":35,"diffFirstMs":245200,"diffFirst":"00:04:05.2000000","diffPrevMs":11100,"diffPrev":"00:00:11.1000000"},{"stageTimeId":78698,"stageId":1317,"entryId":20154,"elapsedDurationMs":1216900,"elapsedDuration":"00:20:16.9000000","status":"Completed","source":"Assessed","position":36,"diffFirstMs":248100,"diffFirst":"00:04:08.1000000","diffPrevMs":2900,"diffPrev":"00:00:02.9000000"},{"stageTimeId":78726,"stageId":1317,"entryId":20160,"elapsedDurationMs":1238900,"elapsedDuration":"00:20:38.9000000","status":"Completed","source":"Assessed","position":37,"diffFirstMs":270100,"diffFirst":"00:04:30.1000000","diffPrevMs":22000,"diffPrev":"00:00:22"},{"stageTimeId":78718,"stageId":1317,"entryId":20162,"elapsedDurationMs":1260000,"elapsedDuration":"00:21:00","status":"Completed","source":"Assessed","position":38,"diffFirstMs":291200,"diffFirst":"00:04:51.2000000","diffPrevMs":21100,"diffPrev":"00:00:21.1000000"},{"stageTimeId":78723,"stageId":1317,"entryId":20169,"elapsedDurationMs":1289900,"elapsedDuration":"00:21:29.9000000","status":"Completed","source":"Assessed","position":39,"diffFirstMs":321100,"diffFirst":"00:05:21.1000000","diffPrevMs":29900,"diffPrev":"00:00:29.9000000"},{"stageTimeId":78769,"stageId":1317,"entryId":20165,"elapsedDurationMs":1296900,"elapsedDuration":"00:21:36.9000000","status":"Completed","source":"Assessed","position":40,"diffFirstMs":328100,"diffFirst":"00:05:28.1000000","diffPrevMs":7000,"diffPrev":"00:00:07"},{"stageTimeId":78815,"stageId":1317,"entryId":20170,"elapsedDurationMs":1334300,"elapsedDuration":"00:22:14.3000000","status":"Completed","source":"Assessed","position":41,"diffFirstMs":365500,"diffFirst":"00:06:05.5000000","diffPrevMs":37400,"diffPrev":"00:00:37.4000000"},{"stageTimeId":78681,"stageId":1317,"entryId":20134,"elapsedDurationMs":null,"elapsedDuration":null,"status":"DNF","source":"Assessed","position":null,"diffFirstMs":null,"diffFirst":null,"diffPrevMs":null,"diffPrev":null}]