{"splitPoints":[{"splitPointId":3040,"stageId":1495,"number":1,"distance":5.32},{"splitPointId":3050,"stageId":1495,"number":2,"distance":11.38}],"controls":[{"controlId":6388,"eventId":90,"stageId":1495,"type":"FlyingFinish","code":"SF7","location":"Savallà 1 (asphalt) ","timingPrecision":"Tenth","distance":null,"targetDuration":null,"targetDurationMs":null,"firstCarDueDateTime":null,"firstCarDueDateTimeLocal":null,"status":"Completed","controlPenalties":"None","roundingPolicy":"NoRounding","locked":true},{"controlId":6389,"eventId":90,"stageId":1495,"type":"StageStart","code":"SS7","location":"Savallà 1 (asphalt) ","timingPrecision":"Minute","distance":14.08,"targetDuration":"00:03:00","targetDurationMs":180000,"firstCarDueDateTime":"2019-10-26T07:00:00","firstCarDueDateTimeLocal":"2019-10-26T09:00:00+02:00","status":"Completed","controlPenalties":"None","roundingPolicy":"RoundToClosestMinute","locked":true},{"controlId":6390,"eventId":90,"stageId":1495,"type":"TimeControl","code":"TC7","location":"Savallà","timingPrecision":"Minute","distance":72.94,"targetDuration":"01:12:00","targetDurationMs":4320000,"firstCarDueDateTime":"2019-10-26T06:57:00","firstCarDueDateTimeLocal":"2019-10-26T08:57:00+02:00","status":"Completed","controlPenalties":"All","roundingPolicy":"NoRounding","locked":true}],"stageId":1495,"eventId":90,"number":7,"name":"Savallà 1 (asphalt) ","distance":14.08,"status":"Completed","stageType":"SpecialStage","timingPrecision":"Tenth","locked":true,"code":"SS7"}