[{"stageTimeId":79166,"stageId":1374,"entryId":20174,"elapsedDurationMs":436700,"elapsedDuration":"00:07:16.7000000","status":"Completed","source":"Default","position":1,"diffFirstMs":0,"diffFirst":"00:00:00","diffPrevMs":0,"diffPrev":"00:00:00"},{"stageTimeId":79144,"stageId":1374,"entryId":20180,"elapsedDurationMs":440500,"elapsedDuration":"00:07:20.5000000","status":"Completed","source":"Default","position":2,"diffFirstMs":3800,"diffFirst":"00:00:03.8000000","diffPrevMs":3800,"diffPrev":"00:00:03.8000000"},{"stageTimeId":79156,"stageId":1374,"entryId":20182,"elapsedDurationMs":440800,"elapsedDuration":"00:07:20.8000000","status":"Completed","source":"Default","position":3,"diffFirstMs":4100,"diffFirst":"00:00:04.1000000","diffPrevMs":300,"diffPrev":"00:00:00.3000000"},{"stageTimeId":79046,"stageId":1374,"entryId":20179,"elapsedDurationMs":444400,"elapsedDuration":"00:07:24.4000000","status":"Completed","source":"Default","position":4,"diffFirstMs":7700,"diffFirst":"00:00:07.7000000","diffPrevMs":3600,"diffPrev":"00:00:03.6000000"},{"stageTimeId":79138,"stageId":1374,"entryId":20172,"elapsedDurationMs":444500,"elapsedDuration":"00:07:24.5000000","status":"Completed","source":"Default","position":5,"diffFirstMs":7800,"diffFirst":"00:00:07.8000000","diffPrevMs":100,"diffPrev":"00:00:00.1000000"},{"stageTimeId":79150,"stageId":1374,"entryId":20173,"elapsedDurationMs":446200,"elapsedDuration":"00:07:26.2000000","status":"Completed","source":"Default","position":6,"diffFirstMs":9500,"diffFirst":"00:00:09.5000000","diffPrevMs":1700,"diffPrev":"00:00:01.7000000"},{"stageTimeId":79162,"stageId":1374,"entryId":20176,"elapsedDurationMs":451500,"elapsedDuration":"00:07:31.5000000","status":"Completed","source":"Default","position":7,"diffFirstMs":14800,"diffFirst":"00:00:14.8000000","diffPrevMs":5300,"diffPrev":"00:00:05.3000000"},{"stageTimeId":79183,"stageId":1374,"entryId":20183,"elapsedDurationMs":456300,"elapsedDuration":"00:07:36.3000000","status":"Completed","source":"Default","position":8,"diffFirstMs":19600,"diffFirst":"00:00:19.6000000","diffPrevMs":4800,"diffPrev":"00:00:04.8000000"},{"stageTimeId":79054,"stageId":1374,"entryId":20175,"elapsedDurationMs":461900,"elapsedDuration":"00:07:41.9000000","status":"Completed","source":"Default","position":9,"diffFirstMs":25200,"diffFirst":"00:00:25.2000000","diffPrevMs":5600,"diffPrev":"00:00:05.6000000"},{"stageTimeId":79188,"stageId":1374,"entryId":20184,"elapsedDurationMs":465300,"elapsedDuration":"00:07:45.3000000","status":"Completed","source":"Default","position":10,"diffFirstMs":28600,"diffFirst":"00:00:28.6000000","diffPrevMs":3400,"diffPrev":"00:00:03.4000000"},{"stageTimeId":79175,"stageId":1374,"entryId":20186,"elapsedDurationMs":466400,"elapsedDuration":"00:07:46.4000000","status":"Completed","source":"Default","position":11,"diffFirstMs":29700,"diffFirst":"00:00:29.7000000","diffPrevMs":1100,"diffPrev":"00:00:01.1000000"},{"stageTimeId":79057,"stageId":1374,"entryId":20177,"elapsedDurationMs":467100,"elapsedDuration":"00:07:47.1000000","status":"Completed","source":"Default","position":12,"diffFirstMs":30400,"diffFirst":"00:00:30.4000000","diffPrevMs":700,"diffPrev":"00:00:00.7000000"},{"stageTimeId":79169,"stageId":1374,"entryId":20189,"elapsedDurationMs":468400,"elapsedDuration":"00:07:48.4000000","status":"Completed","source":"Default","position":13,"diffFirstMs":31700,"diffFirst":"00:00:31.7000000","diffPrevMs":1300,"diffPrev":"00:00:01.3000000"},{"stageTimeId":79194,"stageId":1374,"entryId":20185,"elapsedDurationMs":468800,"elapsedDuration":"00:07:48.8000000","status":"Completed","source":"Default","position":14,"diffFirstMs":32100,"diffFirst":"00:00:32.1000000","diffPrevMs":400,"diffPrev":"00:00:00.4000000"},{"stageTimeId":79083,"stageId":1374,"entryId":20196,"elapsedDurationMs":471600,"elapsedDuration":"00:07:51.6000000","status":"Completed","source":"Default","position":15,"diffFirstMs":34900,"diffFirst":"00:00:34.9000000","diffPrevMs":2800,"diffPrev":"00:00:02.8000000"},{"stageTimeId":79095,"stageId":1374,"entryId":20187,"elapsedDurationMs":474400,"elapsedDuration":"00:07:54.4000000","status":"Completed","source":"Default","position":16,"diffFirstMs":37700,"diffFirst":"00:00:37.7000000","diffPrevMs":2800,"diffPrev":"00:00:02.8000000"},{"stageTimeId":79089,"stageId":1374,"entryId":20188,"elapsedDurationMs":492900,"elapsedDuration":"00:08:12.9000000","status":"Completed","source":"Default","position":17,"diffFirstMs":56200,"diffFirst":"00:00:56.2000000","diffPrevMs":18500,"diffPrev":"00:00:18.5000000"},{"stageTimeId":79126,"stageId":1374,"entryId":20193,"elapsedDurationMs":512600,"elapsedDuration":"00:08:32.6000000","status":"Completed","source":"Default","position":18,"diffFirstMs":75900,"diffFirst":"00:01:15.9000000","diffPrevMs":19700,"diffPrev":"00:00:19.7000000"},{"stageTimeId":79071,"stageId":1374,"entryId":20190,"elapsedDurationMs":519200,"elapsedDuration":"00:08:39.2000000","status":"Completed","source":"Default","position":19,"diffFirstMs":82500,"diffFirst":"00:01:22.5000000","diffPrevMs":6600,"diffPrev":"00:00:06.6000000"},{"stageTimeId":79115,"stageId":1374,"entryId":20198,"elapsedDurationMs":539000,"elapsedDuration":"00:08:59","status":"Completed","source":"Default","position":20,"diffFirstMs":102300,"diffFirst":"00:01:42.3000000","diffPrevMs":19800,"diffPrev":"00:00:19.8000000"},{"stageTimeId":79108,"stageId":1374,"entryId":20200,"elapsedDurationMs":560100,"elapsedDuration":"00:09:20.1000000","status":"Completed","source":"Default","position":21,"diffFirstMs":123400,"diffFirst":"00:02:03.4000000","diffPrevMs":21100,"diffPrev":"00:00:21.1000000"},{"stageTimeId":79041,"stageId":1374,"entryId":20202,"elapsedDurationMs":613500,"elapsedDuration":"00:10:13.5000000","status":"Completed","source":"Default","position":22,"diffFirstMs":176800,"diffFirst":"00:02:56.8000000","diffPrevMs":53400,"diffPrev":"00:00:53.4000000"},{"stageTimeId":79038,"stageId":1374,"entryId":20178,"elapsedDurationMs":856700,"elapsedDuration":"00:14:16.7000000","status":"Completed","source":"Assessed","position":23,"diffFirstMs":420000,"diffFirst":"00:07:00","diffPrevMs":243200,"diffPrev":"00:04:03.2000000"},{"stageTimeId":79102,"stageId":1374,"entryId":20191,"elapsedDurationMs":886400,"elapsedDuration":"00:14:46.4000000","status":"Completed","source":"Assessed","position":24,"diffFirstMs":449700,"diffFirst":"00:07:29.7000000","diffPrevMs":29700,"diffPrev":"00:00:29.7000000"},{"stageTimeId":79077,"stageId":1374,"entryId":20192,"elapsedDurationMs":886400,"elapsedDuration":"00:14:46.4000000","status":"Completed","source":"Assessed","position":25,"diffFirstMs":449700,"diffFirst":"00:07:29.7000000","diffPrevMs":0,"diffPrev":"00:00:00"},{"stageTimeId":79097,"stageId":1374,"entryId":20194,"elapsedDurationMs":null,"elapsedDuration":null,"status":"DNS","source":"Default","position":null,"diffFirstMs":null,"diffFirst":null,"diffPrevMs":null,"diffPrev":null},{"stageTimeId":79120,"stageId":1374,"entryId":20195,"elapsedDurationMs":null,"elapsedDuration":null,"status":"DNS","source":"Default","position":null,"diffFirstMs":null,"diffFirst":null,"diffPrevMs":null,"diffPrev":null}]