{"splitPoints":[{"splitPointId":2368,"stageId":1198,"number":1,"distance":3.18},{"splitPointId":2369,"stageId":1198,"number":2,"distance":6.07},{"splitPointId":2370,"stageId":1198,"number":4,"distance":16.61},{"splitPointId":2372,"stageId":1198,"number":3,"distance":11.38}],"controls":[{"controlId":5029,"eventId":84,"stageId":1198,"type":"RegroupOut","code":"TC3B","location":"Regroup OUT / Tyre Fitting Zone IN","timingPrecision":"Minute","distance":null,"targetDuration":"00:45:00","targetDurationMs":2700000,"firstCarDueDateTime":"2019-05-31T11:33:00","firstCarDueDateTimeLocal":"2019-05-31T12:33:00+01:00","status":"Completed","controlPenalties":"None","roundingPolicy":"NoRounding","locked":false},{"controlId":5089,"eventId":84,"stageId":1198,"type":"TimeControl","code":"TC5","location":"M543","timingPrecision":"Minute","distance":21.77,"targetDuration":"00:41:00","targetDurationMs":2460000,"firstCarDueDateTime":"2019-05-31T13:32:00","firstCarDueDateTimeLocal":"2019-05-31T14:32:00+01:00","status":"Completed","controlPenalties":"All","roundingPolicy":"NoRounding","locked":false},{"controlId":5090,"eventId":84,"stageId":1198,"type":"StageStart","code":"SS5","location":"Góis 2","timingPrecision":"Minute","distance":18.78,"targetDuration":"00:03:00","targetDurationMs":180000,"firstCarDueDateTime":"2019-05-31T13:35:00","firstCarDueDateTimeLocal":"2019-05-31T14:35:00+01:00","status":"Completed","controlPenalties":"None","roundingPolicy":"RoundToClosestMinute","locked":false},{"controlId":5091,"eventId":84,"stageId":1198,"type":"FlyingFinish","code":"SF5","location":"Góis 2","timingPrecision":"Tenth","distance":null,"targetDuration":null,"targetDurationMs":null,"firstCarDueDateTime":null,"firstCarDueDateTimeLocal":null,"status":"Completed","controlPenalties":"None","roundingPolicy":"NoRounding","locked":false}],"stageId":1198,"eventId":84,"number":5,"name":"Góis 2","distance":18.78,"status":"Completed","stageType":"SpecialStage","timingPrecision":"Tenth","locked":false,"code":"SS5"}