[{"startDateTime":"2019-05-10T12:00:00","startDateTimeLocal":"2019-05-10T08:00:00-04:00","stageTimeDurationMs":699500,"stageTimeDuration":"00:11:39.5000000","splitPointTimeId":71070,"splitPointId":2261,"entryId":19574,"elapsedDurationMs":559000,"elapsedDuration":"PT9M19S","splitDateTime":"2019-05-10T12:09:19","splitDateTimeLocal":"2019-05-10T08:09:19-04:00"},{"startDateTime":"2019-05-10T12:02:00","startDateTimeLocal":"2019-05-10T08:02:00-04:00","stageTimeDurationMs":698500,"stageTimeDuration":"00:11:38.5000000","splitPointTimeId":71074,"splitPointId":2261,"entryId":19568,"elapsedDurationMs":561600,"elapsedDuration":"PT9M21.6S","splitDateTime":"2019-05-10T12:11:21.6","splitDateTimeLocal":"2019-05-10T08:11:21.6-04:00"},{"startDateTime":"2019-05-10T12:04:00","startDateTimeLocal":"2019-05-10T08:04:00-04:00","stageTimeDurationMs":698800,"stageTimeDuration":"00:11:38.8000000","splitPointTimeId":71078,"splitPointId":2261,"entryId":19572,"elapsedDurationMs":562100,"elapsedDuration":"PT9M22.1S","splitDateTime":"2019-05-10T12:13:22.1","splitDateTimeLocal":"2019-05-10T08:13:22.1-04:00"},{"startDateTime":"2019-05-10T12:06:00","startDateTimeLocal":"2019-05-10T08:06:00-04:00","stageTimeDurationMs":695900,"stageTimeDuration":"00:11:35.9000000","splitPointTimeId":71082,"splitPointId":2261,"entryId":19571,"elapsedDurationMs":556800,"elapsedDuration":"PT9M16.8S","splitDateTime":"2019-05-10T12:15:16.8","splitDateTimeLocal":"2019-05-10T08:15:16.8-04:00"},{"startDateTime":"2019-05-10T12:08:00","startDateTimeLocal":"2019-05-10T08:08:00-04:00","stageTimeDurationMs":698000,"stageTimeDuration":"00:11:38","splitPointTimeId":71086,"splitPointId":2261,"entryId":19576,"elapsedDurationMs":560000,"elapsedDuration":"PT9M20S","splitDateTime":"2019-05-10T12:17:20","splitDateTimeLocal":"2019-05-10T08:17:20-04:00"},{"startDateTime":"2019-05-10T12:10:00","startDateTimeLocal":"2019-05-10T08:10:00-04:00","stageTimeDurationMs":703800,"stageTimeDuration":"00:11:43.8000000","splitPointTimeId":71090,"splitPointId":2261,"entryId":19578,"elapsedDurationMs":562700,"elapsedDuration":"PT9M22.7S","splitDateTime":"2019-05-10T12:19:22.7","splitDateTimeLocal":"2019-05-10T08:19:22.7-04:00"},{"startDateTime":"2019-05-10T12:12:00","startDateTimeLocal":"2019-05-10T08:12:00-04:00","stageTimeDurationMs":695900,"stageTimeDuration":"00:11:35.9000000","splitPointTimeId":71094,"splitPointId":2261,"entryId":19573,"elapsedDurationMs":559700,"elapsedDuration":"PT9M19.7S","splitDateTime":"2019-05-10T12:21:19.7","splitDateTimeLocal":"2019-05-10T08:21:19.7-04:00"},{"startDateTime":"2019-05-10T12:14:00","startDateTimeLocal":"2019-05-10T08:14:00-04:00","stageTimeDurationMs":717200,"stageTimeDuration":"00:11:57.2000000","splitPointTimeId":71098,"splitPointId":2261,"entryId":19570,"elapsedDurationMs":576800,"elapsedDuration":"PT9M36.8S","splitDateTime":"2019-05-10T12:23:36.8","splitDateTimeLocal":"2019-05-10T08:23:36.8-04:00"},{"startDateTime":"2019-05-10T12:16:00","startDateTimeLocal":"2019-05-10T08:16:00-04:00","stageTimeDurationMs":706500,"stageTimeDuration":"00:11:46.5000000","splitPointTimeId":71102,"splitPointId":2261,"entryId":19575,"elapsedDurationMs":567500,"elapsedDuration":"PT9M27.5S","splitDateTime":"2019-05-10T12:25:27.5","splitDateTimeLocal":"2019-05-10T08:25:27.5-04:00"},{"startDateTime":"2019-05-10T12:18:00","startDateTimeLocal":"2019-05-10T08:18:00-04:00","stageTimeDurationMs":707900,"stageTimeDuration":"00:11:47.9000000","splitPointTimeId":71106,"splitPointId":2261,"entryId":19569,"elapsedDurationMs":567800,"elapsedDuration":"PT9M27.8S","splitDateTime":"2019-05-10T12:27:27.8","splitDateTimeLocal":"2019-05-10T08:27:27.8-04:00"},{"startDateTime":"2019-05-10T12:20:00","startDateTimeLocal":"2019-05-10T08:20:00-04:00","stageTimeDurationMs":743700,"stageTimeDuration":"00:12:23.7000000","splitPointTimeId":71111,"splitPointId":2261,"entryId":19577,"elapsedDurationMs":593400,"elapsedDuration":"PT9M53.4S","splitDateTime":"2019-05-10T12:29:53.4","splitDateTimeLocal":"2019-05-10T08:29:53.4-04:00"},{"startDateTime":"2019-05-10T12:22:00","startDateTimeLocal":"2019-05-10T08:22:00-04:00","stageTimeDurationMs":733900,"stageTimeDuration":"00:12:13.9000000","splitPointTimeId":71115,"splitPointId":2261,"entryId":19579,"elapsedDurationMs":588400,"elapsedDuration":"PT9M48.4S","splitDateTime":"2019-05-10T12:31:48.4","splitDateTimeLocal":"2019-05-10T08:31:48.4-04:00"},{"startDateTime":"2019-05-10T12:24:00","startDateTimeLocal":"2019-05-10T08:24:00-04:00","stageTimeDurationMs":723000,"stageTimeDuration":"00:12:03","splitPointTimeId":71118,"splitPointId":2261,"entryId":19581,"elapsedDurationMs":579000,"elapsedDuration":"PT9M39S","splitDateTime":"2019-05-10T12:33:39","splitDateTimeLocal":"2019-05-10T08:33:39-04:00"},{"startDateTime":"2019-05-10T12:26:00","startDateTimeLocal":"2019-05-10T08:26:00-04:00","stageTimeDurationMs":725700,"stageTimeDuration":"00:12:05.7000000","splitPointTimeId":71122,"splitPointId":2261,"entryId":19580,"elapsedDurationMs":581200,"elapsedDuration":"PT9M41.2S","splitDateTime":"2019-05-10T12:35:41.2","splitDateTimeLocal":"2019-05-10T08:35:41.2-04:00"},{"startDateTime":"2019-05-10T12:28:00","startDateTimeLocal":"2019-05-10T08:28:00-04:00","stageTimeDurationMs":744900,"stageTimeDuration":"00:12:24.9000000","splitPointTimeId":71127,"splitPointId":2261,"entryId":19582,"elapsedDurationMs":594300,"elapsedDuration":"PT9M54.3S","splitDateTime":"2019-05-10T12:37:54.3","splitDateTimeLocal":"2019-05-10T08:37:54.3-04:00"},{"startDateTime":"2019-05-10T12:30:00","startDateTimeLocal":"2019-05-10T08:30:00-04:00","stageTimeDurationMs":755700,"stageTimeDuration":"00:12:35.7000000","splitPointTimeId":71131,"splitPointId":2261,"entryId":19583,"elapsedDurationMs":603600,"elapsedDuration":"PT10M3.6S","splitDateTime":"2019-05-10T12:40:03.6","splitDateTimeLocal":"2019-05-10T08:40:03.6-04:00"},{"startDateTime":"2019-05-10T12:32:00","startDateTimeLocal":"2019-05-10T08:32:00-04:00","stageTimeDurationMs":751500,"stageTimeDuration":"00:12:31.5000000","splitPointTimeId":71135,"splitPointId":2261,"entryId":19584,"elapsedDurationMs":606500,"elapsedDuration":"PT10M6.5S","splitDateTime":"2019-05-10T12:42:06.5","splitDateTimeLocal":"2019-05-10T08:42:06.5-04:00"},{"startDateTime":"2019-05-10T12:34:00","startDateTimeLocal":"2019-05-10T08:34:00-04:00","stageTimeDurationMs":1170400,"stageTimeDuration":"00:19:30.4000000","splitPointTimeId":71138,"splitPointId":2261,"entryId":19587,"elapsedDurationMs":596400,"elapsedDuration":"PT9M56.4S","splitDateTime":"2019-05-10T12:43:56.4","splitDateTimeLocal":"2019-05-10T08:43:56.4-04:00"},{"startDateTime":"2019-05-10T12:36:00","startDateTimeLocal":"2019-05-10T08:36:00-04:00","stageTimeDurationMs":750400,"stageTimeDuration":"00:12:30.4000000","splitPointTimeId":71142,"splitPointId":2261,"entryId":19586,"elapsedDurationMs":598100,"elapsedDuration":"PT9M58.1S","splitDateTime":"2019-05-10T12:45:58.1","splitDateTimeLocal":"2019-05-10T08:45:58.1-04:00"},{"startDateTime":"2019-05-10T12:38:00","startDateTimeLocal":"2019-05-10T08:38:00-04:00","stageTimeDurationMs":811400,"stageTimeDuration":"00:13:31.4000000","splitPointTimeId":71146,"splitPointId":2261,"entryId":19588,"elapsedDurationMs":647700,"elapsedDuration":"PT10M47.7S","splitDateTime":"2019-05-10T12:48:47.7","splitDateTimeLocal":"2019-05-10T08:48:47.7-04:00"},{"startDateTime":"2019-05-10T12:40:00","startDateTimeLocal":"2019-05-10T08:40:00-04:00","stageTimeDurationMs":759600,"stageTimeDuration":"00:12:39.6000000","splitPointTimeId":71150,"splitPointId":2261,"entryId":19593,"elapsedDurationMs":607000,"elapsedDuration":"PT10M7S","splitDateTime":"2019-05-10T12:50:07","splitDateTimeLocal":"2019-05-10T08:50:07-04:00"},{"startDateTime":"2019-05-10T12:42:00","startDateTimeLocal":"2019-05-10T08:42:00-04:00","stageTimeDurationMs":802100,"stageTimeDuration":"00:13:22.1000000","splitPointTimeId":71154,"splitPointId":2261,"entryId":19594,"elapsedDurationMs":638300,"elapsedDuration":"PT10M38.3S","splitDateTime":"2019-05-10T12:52:38.3","splitDateTimeLocal":"2019-05-10T08:52:38.3-04:00"},{"startDateTime":"2019-05-10T12:44:00","startDateTimeLocal":"2019-05-10T08:44:00-04:00","stageTimeDurationMs":753300,"stageTimeDuration":"00:12:33.3000000","splitPointTimeId":71158,"splitPointId":2261,"entryId":19590,"elapsedDurationMs":601800,"elapsedDuration":"PT10M1.8S","splitDateTime":"2019-05-10T12:54:01.8","splitDateTimeLocal":"2019-05-10T08:54:01.8-04:00"},{"startDateTime":"2019-05-10T12:46:00","startDateTimeLocal":"2019-05-10T08:46:00-04:00","stageTimeDurationMs":784600,"stageTimeDuration":"00:13:04.6000000","splitPointTimeId":71162,"splitPointId":2261,"entryId":19595,"elapsedDurationMs":627500,"elapsedDuration":"PT10M27.5S","splitDateTime":"2019-05-10T12:56:27.5","splitDateTimeLocal":"2019-05-10T08:56:27.5-04:00"},{"startDateTime":"2019-05-10T12:48:00","startDateTimeLocal":"2019-05-10T08:48:00-04:00","stageTimeDurationMs":756500,"stageTimeDuration":"00:12:36.5000000","splitPointTimeId":71165,"splitPointId":2261,"entryId":19591,"elapsedDurationMs":605500,"elapsedDuration":"PT10M5.5S","splitDateTime":"2019-05-10T12:58:05.5","splitDateTimeLocal":"2019-05-10T08:58:05.5-04:00"},{"startDateTime":"2019-05-10T12:50:00","startDateTimeLocal":"2019-05-10T08:50:00-04:00","stageTimeDurationMs":760300,"stageTimeDuration":"00:12:40.3000000","splitPointTimeId":71170,"splitPointId":2261,"entryId":19601,"elapsedDurationMs":609500,"elapsedDuration":"PT10M9.5S","splitDateTime":"2019-05-10T13:00:09.5","splitDateTimeLocal":"2019-05-10T09:00:09.5-04:00"},{"startDateTime":"2019-05-10T12:52:00","startDateTimeLocal":"2019-05-10T08:52:00-04:00","stageTimeDurationMs":787900,"stageTimeDuration":"00:13:07.9000000","splitPointTimeId":71173,"splitPointId":2261,"entryId":19596,"elapsedDurationMs":628600,"elapsedDuration":"PT10M28.6S","splitDateTime":"2019-05-10T13:02:28.6","splitDateTimeLocal":"2019-05-10T09:02:28.6-04:00"},{"startDateTime":"2019-05-10T12:54:00","startDateTimeLocal":"2019-05-10T08:54:00-04:00","stageTimeDurationMs":760000,"stageTimeDuration":"00:12:40","splitPointTimeId":71177,"splitPointId":2261,"entryId":19600,"elapsedDurationMs":608800,"elapsedDuration":"PT10M8.8S","splitDateTime":"2019-05-10T13:04:08.8","splitDateTimeLocal":"2019-05-10T09:04:08.8-04:00"},{"startDateTime":"2019-05-10T12:56:00","startDateTimeLocal":"2019-05-10T08:56:00-04:00","stageTimeDurationMs":859000,"stageTimeDuration":"00:14:19","splitPointTimeId":71182,"splitPointId":2261,"entryId":19598,"elapsedDurationMs":691400,"elapsedDuration":"PT11M31.4S","splitDateTime":"2019-05-10T13:07:31.4","splitDateTimeLocal":"2019-05-10T09:07:31.4-04:00"},{"startDateTime":"2019-05-10T12:58:00","startDateTimeLocal":"2019-05-10T08:58:00-04:00","stageTimeDurationMs":796000,"stageTimeDuration":"00:13:16","splitPointTimeId":71184,"splitPointId":2261,"entryId":19597,"elapsedDurationMs":635500,"elapsedDuration":"PT10M35.5S","splitDateTime":"2019-05-10T13:08:35.5","splitDateTimeLocal":"2019-05-10T09:08:35.5-04:00"},{"startDateTime":"2019-05-10T13:00:00","startDateTimeLocal":"2019-05-10T09:00:00-04:00","stageTimeDurationMs":774700,"stageTimeDuration":"00:12:54.7000000","splitPointTimeId":71189,"splitPointId":2261,"entryId":19589,"elapsedDurationMs":619000,"elapsedDuration":"PT10M19S","splitDateTime":"2019-05-10T13:10:19","splitDateTimeLocal":"2019-05-10T09:10:19-04:00"},{"startDateTime":"2019-05-10T13:02:00","startDateTimeLocal":"2019-05-10T09:02:00-04:00","stageTimeDurationMs":816500,"stageTimeDuration":"00:13:36.5000000","splitPointTimeId":71194,"splitPointId":2261,"entryId":19599,"elapsedDurationMs":655100,"elapsedDuration":"PT10M55.1S","splitDateTime":"2019-05-10T13:12:55.1","splitDateTimeLocal":"2019-05-10T09:12:55.1-04:00"},{"startDateTime":"2019-05-10T13:04:00","startDateTimeLocal":"2019-05-10T09:04:00-04:00","stageTimeDurationMs":766100,"stageTimeDuration":"00:12:46.1000000","splitPointTimeId":71197,"splitPointId":2261,"entryId":19592,"elapsedDurationMs":609000,"elapsedDuration":"PT10M9S","splitDateTime":"2019-05-10T13:14:09","splitDateTimeLocal":"2019-05-10T09:14:09-04:00"},{"startDateTime":"2019-05-10T13:06:00","startDateTimeLocal":"2019-05-10T09:06:00-04:00","stageTimeDurationMs":815700,"stageTimeDuration":"00:13:35.7000000","splitPointTimeId":71201,"splitPointId":2261,"entryId":19602,"elapsedDurationMs":648700,"elapsedDuration":"PT10M48.7S","splitDateTime":"2019-05-10T13:16:48.7","splitDateTimeLocal":"2019-05-10T09:16:48.7-04:00"},{"startDateTime":"2019-05-10T13:08:00","startDateTimeLocal":"2019-05-10T09:08:00-04:00","stageTimeDurationMs":842500,"stageTimeDuration":"00:14:02.5000000","splitPointTimeId":71204,"splitPointId":2261,"entryId":19606,"elapsedDurationMs":674500,"elapsedDuration":"PT11M14.5S","splitDateTime":"2019-05-10T13:19:14.5","splitDateTimeLocal":"2019-05-10T09:19:14.5-04:00"},{"startDateTime":"2019-05-10T13:10:00","startDateTimeLocal":"2019-05-10T09:10:00-04:00","stageTimeDurationMs":928500,"stageTimeDuration":"00:15:28.5000000","splitPointTimeId":71209,"splitPointId":2261,"entryId":19608,"elapsedDurationMs":739200,"elapsedDuration":"PT12M19.2S","splitDateTime":"2019-05-10T13:22:19.2","splitDateTimeLocal":"2019-05-10T09:22:19.2-04:00"},{"startDateTime":"2019-05-10T13:14:00","startDateTimeLocal":"2019-05-10T09:14:00-04:00","stageTimeDurationMs":917600,"stageTimeDuration":"00:15:17.6000000","splitPointTimeId":71214,"splitPointId":2261,"entryId":19610,"elapsedDurationMs":733200,"elapsedDuration":"PT12M13.2S","splitDateTime":"2019-05-10T13:26:13.2","splitDateTimeLocal":"2019-05-10T09:26:13.2-04:00"},{"startDateTime":"2019-05-10T13:16:00","startDateTimeLocal":"2019-05-10T09:16:00-04:00","stageTimeDurationMs":906700,"stageTimeDuration":"00:15:06.7000000","splitPointTimeId":71218,"splitPointId":2261,"entryId":19607,"elapsedDurationMs":726700,"elapsedDuration":"PT12M6.7S","splitDateTime":"2019-05-10T13:28:06.7","splitDateTimeLocal":"2019-05-10T09:28:06.7-04:00"},{"startDateTime":"2019-05-10T13:18:00","startDateTimeLocal":"2019-05-10T09:18:00-04:00","stageTimeDurationMs":878400,"stageTimeDuration":"00:14:38.4000000","splitPointTimeId":71223,"splitPointId":2261,"entryId":19604,"elapsedDurationMs":702300,"elapsedDuration":"PT11M42.3S","splitDateTime":"2019-05-10T13:29:42.3","splitDateTimeLocal":"2019-05-10T09:29:42.3-04:00"},{"startDateTime":"2019-05-10T13:20:00","startDateTimeLocal":"2019-05-10T09:20:00-04:00","stageTimeDurationMs":871400,"stageTimeDuration":"00:14:31.4000000","splitPointTimeId":71226,"splitPointId":2261,"entryId":19629,"elapsedDurationMs":696500,"elapsedDuration":"PT11M36.5S","splitDateTime":"2019-05-10T13:31:36.5","splitDateTimeLocal":"2019-05-10T09:31:36.5-04:00"},{"startDateTime":"2019-05-10T13:22:00","startDateTimeLocal":"2019-05-10T09:22:00-04:00","stageTimeDurationMs":885200,"stageTimeDuration":"00:14:45.2000000","splitPointTimeId":71230,"splitPointId":2261,"entryId":19625,"elapsedDurationMs":706600,"elapsedDuration":"PT11M46.6S","splitDateTime":"2019-05-10T13:33:46.6","splitDateTimeLocal":"2019-05-10T09:33:46.6-04:00"},{"startDateTime":"2019-05-10T13:24:00","startDateTimeLocal":"2019-05-10T09:24:00-04:00","stageTimeDurationMs":910500,"stageTimeDuration":"00:15:10.5000000","splitPointTimeId":71236,"splitPointId":2261,"entryId":19620,"elapsedDurationMs":728300,"elapsedDuration":"PT12M8.3S","splitDateTime":"2019-05-10T13:36:08.3","splitDateTimeLocal":"2019-05-10T09:36:08.3-04:00"},{"startDateTime":"2019-05-10T13:26:00","startDateTimeLocal":"2019-05-10T09:26:00-04:00","stageTimeDurationMs":952000,"stageTimeDuration":"00:15:52","splitPointTimeId":71241,"splitPointId":2261,"entryId":19621,"elapsedDurationMs":757000,"elapsedDuration":"PT12M37S","splitDateTime":"2019-05-10T13:38:37","splitDateTimeLocal":"2019-05-10T09:38:37-04:00"},{"startDateTime":"2019-05-10T13:28:00","startDateTimeLocal":"2019-05-10T09:28:00-04:00","stageTimeDurationMs":942300,"stageTimeDuration":"00:15:42.3000000","splitPointTimeId":71244,"splitPointId":2261,"entryId":19627,"elapsedDurationMs":758800,"elapsedDuration":"PT12M38.8S","splitDateTime":"2019-05-10T13:40:38.8","splitDateTimeLocal":"2019-05-10T09:40:38.8-04:00"},{"startDateTime":"2019-05-10T13:30:00","startDateTimeLocal":"2019-05-10T09:30:00-04:00","stageTimeDurationMs":886300,"stageTimeDuration":"00:14:46.3000000","splitPointTimeId":71248,"splitPointId":2261,"entryId":19624,"elapsedDurationMs":713000,"elapsedDuration":"PT11M53S","splitDateTime":"2019-05-10T13:41:53","splitDateTimeLocal":"2019-05-10T09:41:53-04:00"},{"startDateTime":"2019-05-10T13:34:00","startDateTimeLocal":"2019-05-10T09:34:00-04:00","stageTimeDurationMs":886000,"stageTimeDuration":"00:14:46","splitPointTimeId":71258,"splitPointId":2261,"entryId":19618,"elapsedDurationMs":711400,"elapsedDuration":"PT11M51.4S","splitDateTime":"2019-05-10T13:45:51.4","splitDateTimeLocal":"2019-05-10T09:45:51.4-04:00"},{"startDateTime":"2019-05-10T13:36:00","startDateTimeLocal":"2019-05-10T09:36:00-04:00","stageTimeDurationMs":943000,"stageTimeDuration":"00:15:43","splitPointTimeId":71261,"splitPointId":2261,"entryId":19619,"elapsedDurationMs":756900,"elapsedDuration":"PT12M36.9S","splitDateTime":"2019-05-10T13:48:36.9","splitDateTimeLocal":"2019-05-10T09:48:36.9-04:00"},{"startDateTime":"2019-05-10T13:38:00","startDateTimeLocal":"2019-05-10T09:38:00-04:00","stageTimeDurationMs":876600,"stageTimeDuration":"00:14:36.6000000","splitPointTimeId":71265,"splitPointId":2261,"entryId":19615,"elapsedDurationMs":700900,"elapsedDuration":"PT11M40.9S","splitDateTime":"2019-05-10T13:49:40.9","splitDateTimeLocal":"2019-05-10T09:49:40.9-04:00"},{"startDateTime":"2019-05-10T13:40:00","startDateTimeLocal":"2019-05-10T09:40:00-04:00","stageTimeDurationMs":936800,"stageTimeDuration":"00:15:36.8000000","splitPointTimeId":71269,"splitPointId":2261,"entryId":19617,"elapsedDurationMs":746200,"elapsedDuration":"PT12M26.2S","splitDateTime":"2019-05-10T13:52:26.2","splitDateTimeLocal":"2019-05-10T09:52:26.2-04:00"},{"startDateTime":"2019-05-10T13:42:00","startDateTimeLocal":"2019-05-10T09:42:00-04:00","stageTimeDurationMs":917200,"stageTimeDuration":"00:15:17.2000000","splitPointTimeId":71274,"splitPointId":2261,"entryId":19623,"elapsedDurationMs":733900,"elapsedDuration":"PT12M13.9S","splitDateTime":"2019-05-10T13:54:13.9","splitDateTimeLocal":"2019-05-10T09:54:13.9-04:00"},{"startDateTime":"2019-05-10T13:44:00","startDateTimeLocal":"2019-05-10T09:44:00-04:00","stageTimeDurationMs":900400,"stageTimeDuration":"00:15:00.4000000","splitPointTimeId":71278,"splitPointId":2261,"entryId":19612,"elapsedDurationMs":724300,"elapsedDuration":"PT12M4.3S","splitDateTime":"2019-05-10T13:56:04.3","splitDateTimeLocal":"2019-05-10T09:56:04.3-04:00"},{"startDateTime":"2019-05-10T13:46:00","startDateTimeLocal":"2019-05-10T09:46:00-04:00","stageTimeDurationMs":919000,"stageTimeDuration":"00:15:19","splitPointTimeId":71284,"splitPointId":2261,"entryId":19616,"elapsedDurationMs":747300,"elapsedDuration":"PT12M27.3S","splitDateTime":"2019-05-10T13:58:27.3","splitDateTimeLocal":"2019-05-10T09:58:27.3-04:00"},{"startDateTime":"2019-05-10T13:48:00","startDateTimeLocal":"2019-05-10T09:48:00-04:00","stageTimeDurationMs":888900,"stageTimeDuration":"00:14:48.9000000","splitPointTimeId":71289,"splitPointId":2261,"entryId":19613,"elapsedDurationMs":708800,"elapsedDuration":"PT11M48.8S","splitDateTime":"2019-05-10T13:59:48.8","splitDateTimeLocal":"2019-05-10T09:59:48.8-04:00"},{"startDateTime":"2019-05-10T12:00:00","startDateTimeLocal":"2019-05-10T08:00:00-04:00","stageTimeDurationMs":699500,"stageTimeDuration":"00:11:39.5000000","splitPointTimeId":71065,"splitPointId":2262,"entryId":19574,"elapsedDurationMs":310600,"elapsedDuration":"PT5M10.6S","splitDateTime":"2019-05-10T12:05:10.6","splitDateTimeLocal":"2019-05-10T08:05:10.6-04:00"},{"startDateTime":"2019-05-10T12:02:00","startDateTimeLocal":"2019-05-10T08:02:00-04:00","stageTimeDurationMs":698500,"stageTimeDuration":"00:11:38.5000000","splitPointTimeId":71067,"splitPointId":2262,"entryId":19568,"elapsedDurationMs":313100,"elapsedDuration":"PT5M13.1S","splitDateTime":"2019-05-10T12:07:13.1","splitDateTimeLocal":"2019-05-10T08:07:13.1-04:00"},{"startDateTime":"2019-05-10T12:04:00","startDateTimeLocal":"2019-05-10T08:04:00-04:00","stageTimeDurationMs":698800,"stageTimeDuration":"00:11:38.8000000","splitPointTimeId":71069,"splitPointId":2262,"entryId":19572,"elapsedDurationMs":315300,"elapsedDuration":"PT5M15.3S","splitDateTime":"2019-05-10T12:09:15.3","splitDateTimeLocal":"2019-05-10T08:09:15.3-04:00"},{"startDateTime":"2019-05-10T12:06:00","startDateTimeLocal":"2019-05-10T08:06:00-04:00","stageTimeDurationMs":695900,"stageTimeDuration":"00:11:35.9000000","splitPointTimeId":71073,"splitPointId":2262,"entryId":19571,"elapsedDurationMs":310100,"elapsedDuration":"PT5M10.1S","splitDateTime":"2019-05-10T12:11:10.1","splitDateTimeLocal":"2019-05-10T08:11:10.1-04:00"},{"startDateTime":"2019-05-10T12:08:00","startDateTimeLocal":"2019-05-10T08:08:00-04:00","stageTimeDurationMs":698000,"stageTimeDuration":"00:11:38","splitPointTimeId":71077,"splitPointId":2262,"entryId":19576,"elapsedDurationMs":313300,"elapsedDuration":"PT5M13.3S","splitDateTime":"2019-05-10T12:13:13.3","splitDateTimeLocal":"2019-05-10T08:13:13.3-04:00"},{"startDateTime":"2019-05-10T12:10:00","startDateTimeLocal":"2019-05-10T08:10:00-04:00","stageTimeDurationMs":703800,"stageTimeDuration":"00:11:43.8000000","splitPointTimeId":71081,"splitPointId":2262,"entryId":19578,"elapsedDurationMs":312200,"elapsedDuration":"PT5M12.2S","splitDateTime":"2019-05-10T12:15:12.2","splitDateTimeLocal":"2019-05-10T08:15:12.2-04:00"},{"startDateTime":"2019-05-10T12:12:00","startDateTimeLocal":"2019-05-10T08:12:00-04:00","stageTimeDurationMs":695900,"stageTimeDuration":"00:11:35.9000000","splitPointTimeId":71085,"splitPointId":2262,"entryId":19573,"elapsedDurationMs":311900,"elapsedDuration":"PT5M11.9S","splitDateTime":"2019-05-10T12:17:11.9","splitDateTimeLocal":"2019-05-10T08:17:11.9-04:00"},{"startDateTime":"2019-05-10T12:14:00","startDateTimeLocal":"2019-05-10T08:14:00-04:00","stageTimeDurationMs":717200,"stageTimeDuration":"00:11:57.2000000","splitPointTimeId":71089,"splitPointId":2262,"entryId":19570,"elapsedDurationMs":316500,"elapsedDuration":"PT5M16.5S","splitDateTime":"2019-05-10T12:19:16.5","splitDateTimeLocal":"2019-05-10T08:19:16.5-04:00"},{"startDateTime":"2019-05-10T12:16:00","startDateTimeLocal":"2019-05-10T08:16:00-04:00","stageTimeDurationMs":706500,"stageTimeDuration":"00:11:46.5000000","splitPointTimeId":71093,"splitPointId":2262,"entryId":19575,"elapsedDurationMs":315600,"elapsedDuration":"PT5M15.6S","splitDateTime":"2019-05-10T12:21:15.6","splitDateTimeLocal":"2019-05-10T08:21:15.6-04:00"},{"startDateTime":"2019-05-10T12:18:00","startDateTimeLocal":"2019-05-10T08:18:00-04:00","stageTimeDurationMs":707900,"stageTimeDuration":"00:11:47.9000000","splitPointTimeId":71097,"splitPointId":2262,"entryId":19569,"elapsedDurationMs":316300,"elapsedDuration":"PT5M16.3S","splitDateTime":"2019-05-10T12:23:16.3","splitDateTimeLocal":"2019-05-10T08:23:16.3-04:00"},{"startDateTime":"2019-05-10T12:20:00","startDateTimeLocal":"2019-05-10T08:20:00-04:00","stageTimeDurationMs":743700,"stageTimeDuration":"00:12:23.7000000","splitPointTimeId":71101,"splitPointId":2262,"entryId":19577,"elapsedDurationMs":328800,"elapsedDuration":"PT5M28.8S","splitDateTime":"2019-05-10T12:25:28.8","splitDateTimeLocal":"2019-05-10T08:25:28.8-04:00"},{"startDateTime":"2019-05-10T12:22:00","startDateTimeLocal":"2019-05-10T08:22:00-04:00","stageTimeDurationMs":733900,"stageTimeDuration":"00:12:13.9000000","splitPointTimeId":71105,"splitPointId":2262,"entryId":19579,"elapsedDurationMs":328400,"elapsedDuration":"PT5M28.4S","splitDateTime":"2019-05-10T12:27:28.4","splitDateTimeLocal":"2019-05-10T08:27:28.4-04:00"},{"startDateTime":"2019-05-10T12:24:00","startDateTimeLocal":"2019-05-10T08:24:00-04:00","stageTimeDurationMs":723000,"stageTimeDuration":"00:12:03","splitPointTimeId":71109,"splitPointId":2262,"entryId":19581,"elapsedDurationMs":322900,"elapsedDuration":"PT5M22.9S","splitDateTime":"2019-05-10T12:29:22.9","splitDateTimeLocal":"2019-05-10T08:29:22.9-04:00"},{"startDateTime":"2019-05-10T12:26:00","startDateTimeLocal":"2019-05-10T08:26:00-04:00","stageTimeDurationMs":725700,"stageTimeDuration":"00:12:05.7000000","splitPointTimeId":71113,"splitPointId":2262,"entryId":19580,"elapsedDurationMs":323400,"elapsedDuration":"PT5M23.4S","splitDateTime":"2019-05-10T12:31:23.4","splitDateTimeLocal":"2019-05-10T08:31:23.4-04:00"},{"startDateTime":"2019-05-10T12:28:00","startDateTimeLocal":"2019-05-10T08:28:00-04:00","stageTimeDurationMs":744900,"stageTimeDuration":"00:12:24.9000000","splitPointTimeId":71117,"splitPointId":2262,"entryId":19582,"elapsedDurationMs":329400,"elapsedDuration":"PT5M29.4S","splitDateTime":"2019-05-10T12:33:29.4","splitDateTimeLocal":"2019-05-10T08:33:29.4-04:00"},{"startDateTime":"2019-05-10T12:30:00","startDateTimeLocal":"2019-05-10T08:30:00-04:00","stageTimeDurationMs":755700,"stageTimeDuration":"00:12:35.7000000","splitPointTimeId":71121,"splitPointId":2262,"entryId":19583,"elapsedDurationMs":332900,"elapsedDuration":"PT5M32.9S","splitDateTime":"2019-05-10T12:35:32.9","splitDateTimeLocal":"2019-05-10T08:35:32.9-04:00"},{"startDateTime":"2019-05-10T12:32:00","startDateTimeLocal":"2019-05-10T08:32:00-04:00","stageTimeDurationMs":751500,"stageTimeDuration":"00:12:31.5000000","splitPointTimeId":71125,"splitPointId":2262,"entryId":19584,"elapsedDurationMs":327000,"elapsedDuration":"PT5M27S","splitDateTime":"2019-05-10T12:37:27","splitDateTimeLocal":"2019-05-10T08:37:27-04:00"},{"startDateTime":"2019-05-10T12:34:00","startDateTimeLocal":"2019-05-10T08:34:00-04:00","stageTimeDurationMs":1170400,"stageTimeDuration":"00:19:30.4000000","splitPointTimeId":71129,"splitPointId":2262,"entryId":19587,"elapsedDurationMs":330500,"elapsedDuration":"PT5M30.5S","splitDateTime":"2019-05-10T12:39:30.5","splitDateTimeLocal":"2019-05-10T08:39:30.5-04:00"},{"startDateTime":"2019-05-10T12:36:00","startDateTimeLocal":"2019-05-10T08:36:00-04:00","stageTimeDurationMs":750400,"stageTimeDuration":"00:12:30.4000000","splitPointTimeId":71133,"splitPointId":2262,"entryId":19586,"elapsedDurationMs":331100,"elapsedDuration":"PT5M31.1S","splitDateTime":"2019-05-10T12:41:31.1","splitDateTimeLocal":"2019-05-10T08:41:31.1-04:00"},{"startDateTime":"2019-05-10T12:38:00","startDateTimeLocal":"2019-05-10T08:38:00-04:00","stageTimeDurationMs":811400,"stageTimeDuration":"00:13:31.4000000","splitPointTimeId":71139,"splitPointId":2262,"entryId":19588,"elapsedDurationMs":361000,"elapsedDuration":"PT6M1S","splitDateTime":"2019-05-10T12:44:01","splitDateTimeLocal":"2019-05-10T08:44:01-04:00"},{"startDateTime":"2019-05-10T12:40:00","startDateTimeLocal":"2019-05-10T08:40:00-04:00","stageTimeDurationMs":759600,"stageTimeDuration":"00:12:39.6000000","splitPointTimeId":71140,"splitPointId":2262,"entryId":19593,"elapsedDurationMs":333600,"elapsedDuration":"PT5M33.6S","splitDateTime":"2019-05-10T12:45:33.6","splitDateTimeLocal":"2019-05-10T08:45:33.6-04:00"},{"startDateTime":"2019-05-10T12:42:00","startDateTimeLocal":"2019-05-10T08:42:00-04:00","stageTimeDurationMs":802100,"stageTimeDuration":"00:13:22.1000000","splitPointTimeId":71144,"splitPointId":2262,"entryId":19594,"elapsedDurationMs":347400,"elapsedDuration":"PT5M47.4S","splitDateTime":"2019-05-10T12:47:47.4","splitDateTimeLocal":"2019-05-10T08:47:47.4-04:00"},{"startDateTime":"2019-05-10T12:44:00","startDateTimeLocal":"2019-05-10T08:44:00-04:00","stageTimeDurationMs":753300,"stageTimeDuration":"00:12:33.3000000","splitPointTimeId":71147,"splitPointId":2262,"entryId":19590,"elapsedDurationMs":333900,"elapsedDuration":"PT5M33.9S","splitDateTime":"2019-05-10T12:49:33.9","splitDateTimeLocal":"2019-05-10T08:49:33.9-04:00"},{"startDateTime":"2019-05-10T12:46:00","startDateTimeLocal":"2019-05-10T08:46:00-04:00","stageTimeDurationMs":784600,"stageTimeDuration":"00:13:04.6000000","splitPointTimeId":71152,"splitPointId":2262,"entryId":19595,"elapsedDurationMs":337800,"elapsedDuration":"PT5M37.8S","splitDateTime":"2019-05-10T12:51:37.8","splitDateTimeLocal":"2019-05-10T08:51:37.8-04:00"},{"startDateTime":"2019-05-10T12:48:00","startDateTimeLocal":"2019-05-10T08:48:00-04:00","stageTimeDurationMs":756500,"stageTimeDuration":"00:12:36.5000000","splitPointTimeId":71155,"splitPointId":2262,"entryId":19591,"elapsedDurationMs":337100,"elapsedDuration":"PT5M37.1S","splitDateTime":"2019-05-10T12:53:37.1","splitDateTimeLocal":"2019-05-10T08:53:37.1-04:00"},{"startDateTime":"2019-05-10T12:50:00","startDateTimeLocal":"2019-05-10T08:50:00-04:00","stageTimeDurationMs":760300,"stageTimeDuration":"00:12:40.3000000","splitPointTimeId":71160,"splitPointId":2262,"entryId":19601,"elapsedDurationMs":340300,"elapsedDuration":"PT5M40.3S","splitDateTime":"2019-05-10T12:55:40.3","splitDateTimeLocal":"2019-05-10T08:55:40.3-04:00"},{"startDateTime":"2019-05-10T12:52:00","startDateTimeLocal":"2019-05-10T08:52:00-04:00","stageTimeDurationMs":787900,"stageTimeDuration":"00:13:07.9000000","splitPointTimeId":71164,"splitPointId":2262,"entryId":19596,"elapsedDurationMs":345900,"elapsedDuration":"PT5M45.9S","splitDateTime":"2019-05-10T12:57:45.9","splitDateTimeLocal":"2019-05-10T08:57:45.9-04:00"},{"startDateTime":"2019-05-10T12:54:00","startDateTimeLocal":"2019-05-10T08:54:00-04:00","stageTimeDurationMs":760000,"stageTimeDuration":"00:12:40","splitPointTimeId":71168,"splitPointId":2262,"entryId":19600,"elapsedDurationMs":336300,"elapsedDuration":"PT5M36.3S","splitDateTime":"2019-05-10T12:59:36.3","splitDateTimeLocal":"2019-05-10T08:59:36.3-04:00"},{"startDateTime":"2019-05-10T12:56:00","startDateTimeLocal":"2019-05-10T08:56:00-04:00","stageTimeDurationMs":859000,"stageTimeDuration":"00:14:19","splitPointTimeId":71174,"splitPointId":2262,"entryId":19598,"elapsedDurationMs":385800,"elapsedDuration":"PT6M25.8S","splitDateTime":"2019-05-10T13:02:25.8","splitDateTimeLocal":"2019-05-10T09:02:25.8-04:00"},{"startDateTime":"2019-05-10T12:58:00","startDateTimeLocal":"2019-05-10T08:58:00-04:00","stageTimeDurationMs":796000,"stageTimeDuration":"00:13:16","splitPointTimeId":71176,"splitPointId":2262,"entryId":19597,"elapsedDurationMs":350800,"elapsedDuration":"PT5M50.8S","splitDateTime":"2019-05-10T13:03:50.8","splitDateTimeLocal":"2019-05-10T09:03:50.8-04:00"},{"startDateTime":"2019-05-10T13:00:00","startDateTimeLocal":"2019-05-10T09:00:00-04:00","stageTimeDurationMs":774700,"stageTimeDuration":"00:12:54.7000000","splitPointTimeId":71180,"splitPointId":2262,"entryId":19589,"elapsedDurationMs":341000,"elapsedDuration":"PT5M41S","splitDateTime":"2019-05-10T13:05:41","splitDateTimeLocal":"2019-05-10T09:05:41-04:00"},{"startDateTime":"2019-05-10T13:02:00","startDateTimeLocal":"2019-05-10T09:02:00-04:00","stageTimeDurationMs":816500,"stageTimeDuration":"00:13:36.5000000","splitPointTimeId":71183,"splitPointId":2262,"entryId":19599,"elapsedDurationMs":368100,"elapsedDuration":"PT6M8.1S","splitDateTime":"2019-05-10T13:08:08.1","splitDateTimeLocal":"2019-05-10T09:08:08.1-04:00"},{"startDateTime":"2019-05-10T13:04:00","startDateTimeLocal":"2019-05-10T09:04:00-04:00","stageTimeDurationMs":766100,"stageTimeDuration":"00:12:46.1000000","splitPointTimeId":71186,"splitPointId":2262,"entryId":19592,"elapsedDurationMs":336500,"elapsedDuration":"PT5M36.5S","splitDateTime":"2019-05-10T13:09:36.5","splitDateTimeLocal":"2019-05-10T09:09:36.5-04:00"},{"startDateTime":"2019-05-10T13:06:00","startDateTimeLocal":"2019-05-10T09:06:00-04:00","stageTimeDurationMs":815700,"stageTimeDuration":"00:13:35.7000000","splitPointTimeId":71192,"splitPointId":2262,"entryId":19602,"elapsedDurationMs":354900,"elapsedDuration":"PT5M54.9S","splitDateTime":"2019-05-10T13:11:54.9","splitDateTimeLocal":"2019-05-10T09:11:54.9-04:00"},{"startDateTime":"2019-05-10T13:08:00","startDateTimeLocal":"2019-05-10T09:08:00-04:00","stageTimeDurationMs":842500,"stageTimeDuration":"00:14:02.5000000","splitPointTimeId":71196,"splitPointId":2262,"entryId":19606,"elapsedDurationMs":375600,"elapsedDuration":"PT6M15.6S","splitDateTime":"2019-05-10T13:14:15.6","splitDateTimeLocal":"2019-05-10T09:14:15.6-04:00"},{"startDateTime":"2019-05-10T13:10:00","startDateTimeLocal":"2019-05-10T09:10:00-04:00","stageTimeDurationMs":928500,"stageTimeDuration":"00:15:28.5000000","splitPointTimeId":71200,"splitPointId":2262,"entryId":19608,"elapsedDurationMs":401500,"elapsedDuration":"PT6M41.5S","splitDateTime":"2019-05-10T13:16:41.5","splitDateTimeLocal":"2019-05-10T09:16:41.5-04:00"},{"startDateTime":"2019-05-10T13:14:00","startDateTimeLocal":"2019-05-10T09:14:00-04:00","stageTimeDurationMs":917600,"stageTimeDuration":"00:15:17.6000000","splitPointTimeId":71207,"splitPointId":2262,"entryId":19610,"elapsedDurationMs":402800,"elapsedDuration":"PT6M42.8S","splitDateTime":"2019-05-10T13:20:42.8","splitDateTimeLocal":"2019-05-10T09:20:42.8-04:00"},{"startDateTime":"2019-05-10T13:16:00","startDateTimeLocal":"2019-05-10T09:16:00-04:00","stageTimeDurationMs":906700,"stageTimeDuration":"00:15:06.7000000","splitPointTimeId":71210,"splitPointId":2262,"entryId":19607,"elapsedDurationMs":396900,"elapsedDuration":"PT6M36.9S","splitDateTime":"2019-05-10T13:22:36.9","splitDateTimeLocal":"2019-05-10T09:22:36.9-04:00"},{"startDateTime":"2019-05-10T13:18:00","startDateTimeLocal":"2019-05-10T09:18:00-04:00","stageTimeDurationMs":878400,"stageTimeDuration":"00:14:38.4000000","splitPointTimeId":71213,"splitPointId":2262,"entryId":19604,"elapsedDurationMs":386600,"elapsedDuration":"PT6M26.6S","splitDateTime":"2019-05-10T13:24:26.6","splitDateTimeLocal":"2019-05-10T09:24:26.6-04:00"},{"startDateTime":"2019-05-10T13:20:00","startDateTimeLocal":"2019-05-10T09:20:00-04:00","stageTimeDurationMs":871400,"stageTimeDuration":"00:14:31.4000000","splitPointTimeId":71216,"splitPointId":2262,"entryId":19629,"elapsedDurationMs":385500,"elapsedDuration":"PT6M25.5S","splitDateTime":"2019-05-10T13:26:25.5","splitDateTimeLocal":"2019-05-10T09:26:25.5-04:00"},{"startDateTime":"2019-05-10T13:22:00","startDateTimeLocal":"2019-05-10T09:22:00-04:00","stageTimeDurationMs":885200,"stageTimeDuration":"00:14:45.2000000","splitPointTimeId":71221,"splitPointId":2262,"entryId":19625,"elapsedDurationMs":390800,"elapsedDuration":"PT6M30.8S","splitDateTime":"2019-05-10T13:28:30.8","splitDateTimeLocal":"2019-05-10T09:28:30.8-04:00"},{"startDateTime":"2019-05-10T13:24:00","startDateTimeLocal":"2019-05-10T09:24:00-04:00","stageTimeDurationMs":910500,"stageTimeDuration":"00:15:10.5000000","splitPointTimeId":71224,"splitPointId":2262,"entryId":19620,"elapsedDurationMs":403300,"elapsedDuration":"PT6M43.3S","splitDateTime":"2019-05-10T13:30:43.3","splitDateTimeLocal":"2019-05-10T09:30:43.3-04:00"},{"startDateTime":"2019-05-10T13:26:00","startDateTimeLocal":"2019-05-10T09:26:00-04:00","stageTimeDurationMs":952000,"stageTimeDuration":"00:15:52","splitPointTimeId":71228,"splitPointId":2262,"entryId":19621,"elapsedDurationMs":403400,"elapsedDuration":"PT6M43.4S","splitDateTime":"2019-05-10T13:32:43.4","splitDateTimeLocal":"2019-05-10T09:32:43.4-04:00"},{"startDateTime":"2019-05-10T13:28:00","startDateTimeLocal":"2019-05-10T09:28:00-04:00","stageTimeDurationMs":942300,"stageTimeDuration":"00:15:42.3000000","splitPointTimeId":71232,"splitPointId":2262,"entryId":19627,"elapsedDurationMs":422800,"elapsedDuration":"PT7M2.8S","splitDateTime":"2019-05-10T13:35:02.8","splitDateTimeLocal":"2019-05-10T09:35:02.8-04:00"},{"startDateTime":"2019-05-10T13:30:00","startDateTimeLocal":"2019-05-10T09:30:00-04:00","stageTimeDurationMs":886300,"stageTimeDuration":"00:14:46.3000000","splitPointTimeId":71239,"splitPointId":2262,"entryId":19624,"elapsedDurationMs":387900,"elapsedDuration":"PT6M27.9S","splitDateTime":"2019-05-10T13:36:27.9","splitDateTimeLocal":"2019-05-10T09:36:27.9-04:00"},{"startDateTime":"2019-05-10T13:34:00","startDateTimeLocal":"2019-05-10T09:34:00-04:00","stageTimeDurationMs":886000,"stageTimeDuration":"00:14:46","splitPointTimeId":71245,"splitPointId":2262,"entryId":19618,"elapsedDurationMs":391500,"elapsedDuration":"PT6M31.5S","splitDateTime":"2019-05-10T13:40:31.5","splitDateTimeLocal":"2019-05-10T09:40:31.5-04:00"},{"startDateTime":"2019-05-10T13:36:00","startDateTimeLocal":"2019-05-10T09:36:00-04:00","stageTimeDurationMs":943000,"stageTimeDuration":"00:15:43","splitPointTimeId":71250,"splitPointId":2262,"entryId":19619,"elapsedDurationMs":419400,"elapsedDuration":"PT6M59.4S","splitDateTime":"2019-05-10T13:42:59.4","splitDateTimeLocal":"2019-05-10T09:42:59.4-04:00"},{"startDateTime":"2019-05-10T13:38:00","startDateTimeLocal":"2019-05-10T09:38:00-04:00","stageTimeDurationMs":876600,"stageTimeDuration":"00:14:36.6000000","splitPointTimeId":71252,"splitPointId":2262,"entryId":19615,"elapsedDurationMs":385200,"elapsedDuration":"PT6M25.2S","splitDateTime":"2019-05-10T13:44:25.2","splitDateTimeLocal":"2019-05-10T09:44:25.2-04:00"},{"startDateTime":"2019-05-10T13:40:00","startDateTimeLocal":"2019-05-10T09:40:00-04:00","stageTimeDurationMs":936800,"stageTimeDuration":"00:15:36.8000000","splitPointTimeId":71257,"splitPointId":2262,"entryId":19617,"elapsedDurationMs":412000,"elapsedDuration":"PT6M52S","splitDateTime":"2019-05-10T13:46:52","splitDateTimeLocal":"2019-05-10T09:46:52-04:00"},{"startDateTime":"2019-05-10T13:42:00","startDateTimeLocal":"2019-05-10T09:42:00-04:00","stageTimeDurationMs":917200,"stageTimeDuration":"00:15:17.2000000","splitPointTimeId":71260,"splitPointId":2262,"entryId":19623,"elapsedDurationMs":398400,"elapsedDuration":"PT6M38.4S","splitDateTime":"2019-05-10T13:48:38.4","splitDateTimeLocal":"2019-05-10T09:48:38.4-04:00"},{"startDateTime":"2019-05-10T13:44:00","startDateTimeLocal":"2019-05-10T09:44:00-04:00","stageTimeDurationMs":900400,"stageTimeDuration":"00:15:00.4000000","splitPointTimeId":71266,"splitPointId":2262,"entryId":19612,"elapsedDurationMs":403200,"elapsedDuration":"PT6M43.2S","splitDateTime":"2019-05-10T13:50:43.2","splitDateTimeLocal":"2019-05-10T09:50:43.2-04:00"},{"startDateTime":"2019-05-10T13:46:00","startDateTimeLocal":"2019-05-10T09:46:00-04:00","stageTimeDurationMs":919000,"stageTimeDuration":"00:15:19","splitPointTimeId":71271,"splitPointId":2262,"entryId":19616,"elapsedDurationMs":441000,"elapsedDuration":"PT7M21S","splitDateTime":"2019-05-10T13:53:21","splitDateTimeLocal":"2019-05-10T09:53:21-04:00"},{"startDateTime":"2019-05-10T13:48:00","startDateTimeLocal":"2019-05-10T09:48:00-04:00","stageTimeDurationMs":888900,"stageTimeDuration":"00:14:48.9000000","splitPointTimeId":71273,"splitPointId":2262,"entryId":19613,"elapsedDurationMs":392300,"elapsedDuration":"PT6M32.3S","splitDateTime":"2019-05-10T13:54:32.3","splitDateTimeLocal":"2019-05-10T09:54:32.3-04:00"},{"startDateTime":"2019-05-10T12:00:00","startDateTimeLocal":"2019-05-10T08:00:00-04:00","stageTimeDurationMs":699500,"stageTimeDuration":"00:11:39.5000000","splitPointTimeId":71072,"splitPointId":2265,"entryId":19574,"elapsedDurationMs":613700,"elapsedDuration":"PT10M13.7S","splitDateTime":"2019-05-10T12:10:13.7","splitDateTimeLocal":"2019-05-10T08:10:13.7-04:00"},{"startDateTime":"2019-05-10T12:02:00","startDateTimeLocal":"2019-05-10T08:02:00-04:00","stageTimeDurationMs":698500,"stageTimeDuration":"00:11:38.5000000","splitPointTimeId":71076,"splitPointId":2265,"entryId":19568,"elapsedDurationMs":614600,"elapsedDuration":"PT10M14.6S","splitDateTime":"2019-05-10T12:12:14.6","splitDateTimeLocal":"2019-05-10T08:12:14.6-04:00"},{"startDateTime":"2019-05-10T12:04:00","startDateTimeLocal":"2019-05-10T08:04:00-04:00","stageTimeDurationMs":698800,"stageTimeDuration":"00:11:38.8000000","splitPointTimeId":71080,"splitPointId":2265,"entryId":19572,"elapsedDurationMs":615100,"elapsedDuration":"PT10M15.1S","splitDateTime":"2019-05-10T12:14:15.1","splitDateTimeLocal":"2019-05-10T08:14:15.1-04:00"},{"startDateTime":"2019-05-10T12:06:00","startDateTimeLocal":"2019-05-10T08:06:00-04:00","stageTimeDurationMs":695900,"stageTimeDuration":"00:11:35.9000000","splitPointTimeId":71084,"splitPointId":2265,"entryId":19571,"elapsedDurationMs":610300,"elapsedDuration":"PT10M10.3S","splitDateTime":"2019-05-10T12:16:10.3","splitDateTimeLocal":"2019-05-10T08:16:10.3-04:00"},{"startDateTime":"2019-05-10T12:08:00","startDateTimeLocal":"2019-05-10T08:08:00-04:00","stageTimeDurationMs":698000,"stageTimeDuration":"00:11:38","splitPointTimeId":71088,"splitPointId":2265,"entryId":19576,"elapsedDurationMs":612800,"elapsedDuration":"PT10M12.8S","splitDateTime":"2019-05-10T12:18:12.8","splitDateTimeLocal":"2019-05-10T08:18:12.8-04:00"},{"startDateTime":"2019-05-10T12:10:00","startDateTimeLocal":"2019-05-10T08:10:00-04:00","stageTimeDurationMs":703800,"stageTimeDuration":"00:11:43.8000000","splitPointTimeId":71092,"splitPointId":2265,"entryId":19578,"elapsedDurationMs":618000,"elapsedDuration":"PT10M18S","splitDateTime":"2019-05-10T12:20:18","splitDateTimeLocal":"2019-05-10T08:20:18-04:00"},{"startDateTime":"2019-05-10T12:12:00","startDateTimeLocal":"2019-05-10T08:12:00-04:00","stageTimeDurationMs":695900,"stageTimeDuration":"00:11:35.9000000","splitPointTimeId":71096,"splitPointId":2265,"entryId":19573,"elapsedDurationMs":612600,"elapsedDuration":"PT10M12.6S","splitDateTime":"2019-05-10T12:22:12.6","splitDateTimeLocal":"2019-05-10T08:22:12.6-04:00"},{"startDateTime":"2019-05-10T12:14:00","startDateTimeLocal":"2019-05-10T08:14:00-04:00","stageTimeDurationMs":717200,"stageTimeDuration":"00:11:57.2000000","splitPointTimeId":71100,"splitPointId":2265,"entryId":19570,"elapsedDurationMs":630900,"elapsedDuration":"PT10M30.9S","splitDateTime":"2019-05-10T12:24:30.9","splitDateTimeLocal":"2019-05-10T08:24:30.9-04:00"},{"startDateTime":"2019-05-10T12:16:00","startDateTimeLocal":"2019-05-10T08:16:00-04:00","stageTimeDurationMs":706500,"stageTimeDuration":"00:11:46.5000000","splitPointTimeId":71104,"splitPointId":2265,"entryId":19575,"elapsedDurationMs":621300,"elapsedDuration":"PT10M21.3S","splitDateTime":"2019-05-10T12:26:21.3","splitDateTimeLocal":"2019-05-10T08:26:21.3-04:00"},{"startDateTime":"2019-05-10T12:18:00","startDateTimeLocal":"2019-05-10T08:18:00-04:00","stageTimeDurationMs":707900,"stageTimeDuration":"00:11:47.9000000","splitPointTimeId":71108,"splitPointId":2265,"entryId":19569,"elapsedDurationMs":621700,"elapsedDuration":"PT10M21.7S","splitDateTime":"2019-05-10T12:28:21.7","splitDateTimeLocal":"2019-05-10T08:28:21.7-04:00"},{"startDateTime":"2019-05-10T12:20:00","startDateTimeLocal":"2019-05-10T08:20:00-04:00","stageTimeDurationMs":743700,"stageTimeDuration":"00:12:23.7000000","splitPointTimeId":71112,"splitPointId":2265,"entryId":19577,"elapsedDurationMs":651700,"elapsedDuration":"PT10M51.7S","splitDateTime":"2019-05-10T12:30:51.7","splitDateTimeLocal":"2019-05-10T08:30:51.7-04:00"},{"startDateTime":"2019-05-10T12:22:00","startDateTimeLocal":"2019-05-10T08:22:00-04:00","stageTimeDurationMs":733900,"stageTimeDuration":"00:12:13.9000000","splitPointTimeId":71116,"splitPointId":2265,"entryId":19579,"elapsedDurationMs":646200,"elapsedDuration":"PT10M46.2S","splitDateTime":"2019-05-10T12:32:46.2","splitDateTimeLocal":"2019-05-10T08:32:46.2-04:00"},{"startDateTime":"2019-05-10T12:24:00","startDateTimeLocal":"2019-05-10T08:24:00-04:00","stageTimeDurationMs":723000,"stageTimeDuration":"00:12:03","splitPointTimeId":71120,"splitPointId":2265,"entryId":19581,"elapsedDurationMs":635100,"elapsedDuration":"PT10M35.1S","splitDateTime":"2019-05-10T12:34:35.1","splitDateTimeLocal":"2019-05-10T08:34:35.1-04:00"},{"startDateTime":"2019-05-10T12:26:00","startDateTimeLocal":"2019-05-10T08:26:00-04:00","stageTimeDurationMs":725700,"stageTimeDuration":"00:12:05.7000000","splitPointTimeId":71124,"splitPointId":2265,"entryId":19580,"elapsedDurationMs":638100,"elapsedDuration":"PT10M38.1S","splitDateTime":"2019-05-10T12:36:38.1","splitDateTimeLocal":"2019-05-10T08:36:38.1-04:00"},{"startDateTime":"2019-05-10T12:28:00","startDateTimeLocal":"2019-05-10T08:28:00-04:00","stageTimeDurationMs":744900,"stageTimeDuration":"00:12:24.9000000","splitPointTimeId":71128,"splitPointId":2265,"entryId":19582,"elapsedDurationMs":653200,"elapsedDuration":"PT10M53.2S","splitDateTime":"2019-05-10T12:38:53.2","splitDateTimeLocal":"2019-05-10T08:38:53.2-04:00"},{"startDateTime":"2019-05-10T12:30:00","startDateTimeLocal":"2019-05-10T08:30:00-04:00","stageTimeDurationMs":755700,"stageTimeDuration":"00:12:35.7000000","splitPointTimeId":71132,"splitPointId":2265,"entryId":19583,"elapsedDurationMs":662700,"elapsedDuration":"PT11M2.7S","splitDateTime":"2019-05-10T12:41:02.7","splitDateTimeLocal":"2019-05-10T08:41:02.7-04:00"},{"startDateTime":"2019-05-10T12:32:00","startDateTimeLocal":"2019-05-10T08:32:00-04:00","stageTimeDurationMs":751500,"stageTimeDuration":"00:12:31.5000000","splitPointTimeId":71136,"splitPointId":2265,"entryId":19584,"elapsedDurationMs":663600,"elapsedDuration":"PT11M3.6S","splitDateTime":"2019-05-10T12:43:03.6","splitDateTimeLocal":"2019-05-10T08:43:03.6-04:00"},{"startDateTime":"2019-05-10T12:36:00","startDateTimeLocal":"2019-05-10T08:36:00-04:00","stageTimeDurationMs":750400,"stageTimeDuration":"00:12:30.4000000","splitPointTimeId":71143,"splitPointId":2265,"entryId":19586,"elapsedDurationMs":658600,"elapsedDuration":"PT10M58.6S","splitDateTime":"2019-05-10T12:46:58.6","splitDateTimeLocal":"2019-05-10T08:46:58.6-04:00"},{"startDateTime":"2019-05-10T12:38:00","startDateTimeLocal":"2019-05-10T08:38:00-04:00","stageTimeDurationMs":811400,"stageTimeDuration":"00:13:31.4000000","splitPointTimeId":71149,"splitPointId":2265,"entryId":19588,"elapsedDurationMs":713800,"elapsedDuration":"PT11M53.8S","splitDateTime":"2019-05-10T12:49:53.8","splitDateTimeLocal":"2019-05-10T08:49:53.8-04:00"},{"startDateTime":"2019-05-10T12:40:00","startDateTimeLocal":"2019-05-10T08:40:00-04:00","stageTimeDurationMs":759600,"stageTimeDuration":"00:12:39.6000000","splitPointTimeId":71151,"splitPointId":2265,"entryId":19593,"elapsedDurationMs":667700,"elapsedDuration":"PT11M7.7S","splitDateTime":"2019-05-10T12:51:07.7","splitDateTimeLocal":"2019-05-10T08:51:07.7-04:00"},{"startDateTime":"2019-05-10T12:42:00","startDateTimeLocal":"2019-05-10T08:42:00-04:00","stageTimeDurationMs":802100,"stageTimeDuration":"00:13:22.1000000","splitPointTimeId":71156,"splitPointId":2265,"entryId":19594,"elapsedDurationMs":703200,"elapsedDuration":"PT11M43.2S","splitDateTime":"2019-05-10T12:53:43.2","splitDateTimeLocal":"2019-05-10T08:53:43.2-04:00"},{"startDateTime":"2019-05-10T12:44:00","startDateTimeLocal":"2019-05-10T08:44:00-04:00","stageTimeDurationMs":753300,"stageTimeDuration":"00:12:33.3000000","splitPointTimeId":71159,"splitPointId":2265,"entryId":19590,"elapsedDurationMs":661200,"elapsedDuration":"PT11M1.2S","splitDateTime":"2019-05-10T12:55:01.2","splitDateTimeLocal":"2019-05-10T08:55:01.2-04:00"},{"startDateTime":"2019-05-10T12:46:00","startDateTimeLocal":"2019-05-10T08:46:00-04:00","stageTimeDurationMs":784600,"stageTimeDuration":"00:13:04.6000000","splitPointTimeId":71163,"splitPointId":2265,"entryId":19595,"elapsedDurationMs":689600,"elapsedDuration":"PT11M29.6S","splitDateTime":"2019-05-10T12:57:29.6","splitDateTimeLocal":"2019-05-10T08:57:29.6-04:00"},{"startDateTime":"2019-05-10T12:48:00","startDateTimeLocal":"2019-05-10T08:48:00-04:00","stageTimeDurationMs":756500,"stageTimeDuration":"00:12:36.5000000","splitPointTimeId":71167,"splitPointId":2265,"entryId":19591,"elapsedDurationMs":664900,"elapsedDuration":"PT11M4.9S","splitDateTime":"2019-05-10T12:59:04.9","splitDateTimeLocal":"2019-05-10T08:59:04.9-04:00"},{"startDateTime":"2019-05-10T12:50:00","startDateTimeLocal":"2019-05-10T08:50:00-04:00","stageTimeDurationMs":760300,"stageTimeDuration":"00:12:40.3000000","splitPointTimeId":71171,"splitPointId":2265,"entryId":19601,"elapsedDurationMs":670100,"elapsedDuration":"PT11M10.1S","splitDateTime":"2019-05-10T13:01:10.1","splitDateTimeLocal":"2019-05-10T09:01:10.1-04:00"},{"startDateTime":"2019-05-10T12:52:00","startDateTimeLocal":"2019-05-10T08:52:00-04:00","stageTimeDurationMs":787900,"stageTimeDuration":"00:13:07.9000000","splitPointTimeId":71175,"splitPointId":2265,"entryId":19596,"elapsedDurationMs":692700,"elapsedDuration":"PT11M32.7S","splitDateTime":"2019-05-10T13:03:32.7","splitDateTimeLocal":"2019-05-10T09:03:32.7-04:00"},{"startDateTime":"2019-05-10T12:54:00","startDateTimeLocal":"2019-05-10T08:54:00-04:00","stageTimeDurationMs":760000,"stageTimeDuration":"00:12:40","splitPointTimeId":71179,"splitPointId":2265,"entryId":19600,"elapsedDurationMs":668700,"elapsedDuration":"PT11M8.7S","splitDateTime":"2019-05-10T13:05:08.7","splitDateTimeLocal":"2019-05-10T09:05:08.7-04:00"},{"startDateTime":"2019-05-10T12:56:00","startDateTimeLocal":"2019-05-10T08:56:00-04:00","stageTimeDurationMs":859000,"stageTimeDuration":"00:14:19","splitPointTimeId":71185,"splitPointId":2265,"entryId":19598,"elapsedDurationMs":758400,"elapsedDuration":"PT12M38.4S","splitDateTime":"2019-05-10T13:08:38.4","splitDateTimeLocal":"2019-05-10T09:08:38.4-04:00"},{"startDateTime":"2019-05-10T12:58:00","startDateTimeLocal":"2019-05-10T08:58:00-04:00","stageTimeDurationMs":796000,"stageTimeDuration":"00:13:16","splitPointTimeId":71190,"splitPointId":2265,"entryId":19597,"elapsedDurationMs":699200,"elapsedDuration":"PT11M39.2S","splitDateTime":"2019-05-10T13:09:39.2","splitDateTimeLocal":"2019-05-10T09:09:39.2-04:00"},{"startDateTime":"2019-05-10T13:00:00","startDateTimeLocal":"2019-05-10T09:00:00-04:00","stageTimeDurationMs":774700,"stageTimeDuration":"00:12:54.7000000","splitPointTimeId":71191,"splitPointId":2265,"entryId":19589,"elapsedDurationMs":679600,"elapsedDuration":"PT11M19.6S","splitDateTime":"2019-05-10T13:11:19.6","splitDateTimeLocal":"2019-05-10T09:11:19.6-04:00"},{"startDateTime":"2019-05-10T13:02:00","startDateTimeLocal":"2019-05-10T09:02:00-04:00","stageTimeDurationMs":816500,"stageTimeDuration":"00:13:36.5000000","splitPointTimeId":71195,"splitPointId":2265,"entryId":19599,"elapsedDurationMs":719700,"elapsedDuration":"PT11M59.7S","splitDateTime":"2019-05-10T13:13:59.7","splitDateTimeLocal":"2019-05-10T09:13:59.7-04:00"},{"startDateTime":"2019-05-10T13:04:00","startDateTimeLocal":"2019-05-10T09:04:00-04:00","stageTimeDurationMs":766100,"stageTimeDuration":"00:12:46.1000000","splitPointTimeId":71198,"splitPointId":2265,"entryId":19592,"elapsedDurationMs":669800,"elapsedDuration":"PT11M9.8S","splitDateTime":"2019-05-10T13:15:09.8","splitDateTimeLocal":"2019-05-10T09:15:09.8-04:00"},{"startDateTime":"2019-05-10T13:06:00","startDateTimeLocal":"2019-05-10T09:06:00-04:00","stageTimeDurationMs":815700,"stageTimeDuration":"00:13:35.7000000","splitPointTimeId":71203,"splitPointId":2265,"entryId":19602,"elapsedDurationMs":715800,"elapsedDuration":"PT11M55.8S","splitDateTime":"2019-05-10T13:17:55.8","splitDateTimeLocal":"2019-05-10T09:17:55.8-04:00"},{"startDateTime":"2019-05-10T13:08:00","startDateTimeLocal":"2019-05-10T09:08:00-04:00","stageTimeDurationMs":842500,"stageTimeDuration":"00:14:02.5000000","splitPointTimeId":71206,"splitPointId":2265,"entryId":19606,"elapsedDurationMs":742300,"elapsedDuration":"PT12M22.3S","splitDateTime":"2019-05-10T13:20:22.3","splitDateTimeLocal":"2019-05-10T09:20:22.3-04:00"},{"startDateTime":"2019-05-10T13:10:00","startDateTimeLocal":"2019-05-10T09:10:00-04:00","stageTimeDurationMs":928500,"stageTimeDuration":"00:15:28.5000000","splitPointTimeId":71211,"splitPointId":2265,"entryId":19608,"elapsedDurationMs":816200,"elapsedDuration":"PT13M36.2S","splitDateTime":"2019-05-10T13:23:36.2","splitDateTimeLocal":"2019-05-10T09:23:36.2-04:00"},{"startDateTime":"2019-05-10T13:14:00","startDateTimeLocal":"2019-05-10T09:14:00-04:00","stageTimeDurationMs":917600,"stageTimeDuration":"00:15:17.6000000","splitPointTimeId":71217,"splitPointId":2265,"entryId":19610,"elapsedDurationMs":806700,"elapsedDuration":"PT13M26.7S","splitDateTime":"2019-05-10T13:27:26.7","splitDateTimeLocal":"2019-05-10T09:27:26.7-04:00"},{"startDateTime":"2019-05-10T13:16:00","startDateTimeLocal":"2019-05-10T09:16:00-04:00","stageTimeDurationMs":906700,"stageTimeDuration":"00:15:06.7000000","splitPointTimeId":71220,"splitPointId":2265,"entryId":19607,"elapsedDurationMs":799200,"elapsedDuration":"PT13M19.2S","splitDateTime":"2019-05-10T13:29:19.2","splitDateTimeLocal":"2019-05-10T09:29:19.2-04:00"},{"startDateTime":"2019-05-10T13:18:00","startDateTimeLocal":"2019-05-10T09:18:00-04:00","stageTimeDurationMs":878400,"stageTimeDuration":"00:14:38.4000000","splitPointTimeId":71225,"splitPointId":2265,"entryId":19604,"elapsedDurationMs":772200,"elapsedDuration":"PT12M52.2S","splitDateTime":"2019-05-10T13:30:52.2","splitDateTimeLocal":"2019-05-10T09:30:52.2-04:00"},{"startDateTime":"2019-05-10T13:20:00","startDateTimeLocal":"2019-05-10T09:20:00-04:00","stageTimeDurationMs":871400,"stageTimeDuration":"00:14:31.4000000","splitPointTimeId":71229,"splitPointId":2265,"entryId":19629,"elapsedDurationMs":766800,"elapsedDuration":"PT12M46.8S","splitDateTime":"2019-05-10T13:32:46.8","splitDateTimeLocal":"2019-05-10T09:32:46.8-04:00"},{"startDateTime":"2019-05-10T13:22:00","startDateTimeLocal":"2019-05-10T09:22:00-04:00","stageTimeDurationMs":885200,"stageTimeDuration":"00:14:45.2000000","splitPointTimeId":71233,"splitPointId":2265,"entryId":19625,"elapsedDurationMs":780200,"elapsedDuration":"PT13M0.2S","splitDateTime":"2019-05-10T13:35:00.2","splitDateTimeLocal":"2019-05-10T09:35:00.2-04:00"},{"startDateTime":"2019-05-10T13:24:00","startDateTimeLocal":"2019-05-10T09:24:00-04:00","stageTimeDurationMs":910500,"stageTimeDuration":"00:15:10.5000000","splitPointTimeId":71237,"splitPointId":2265,"entryId":19620,"elapsedDurationMs":801100,"elapsedDuration":"PT13M21.1S","splitDateTime":"2019-05-10T13:37:21.1","splitDateTimeLocal":"2019-05-10T09:37:21.1-04:00"},{"startDateTime":"2019-05-10T13:26:00","startDateTimeLocal":"2019-05-10T09:26:00-04:00","stageTimeDurationMs":952000,"stageTimeDuration":"00:15:52","splitPointTimeId":71242,"splitPointId":2265,"entryId":19621,"elapsedDurationMs":841700,"elapsedDuration":"PT14M1.7S","splitDateTime":"2019-05-10T13:40:01.7","splitDateTimeLocal":"2019-05-10T09:40:01.7-04:00"},{"startDateTime":"2019-05-10T13:28:00","startDateTimeLocal":"2019-05-10T09:28:00-04:00","stageTimeDurationMs":942300,"stageTimeDuration":"00:15:42.3000000","splitPointTimeId":71247,"splitPointId":2265,"entryId":19627,"elapsedDurationMs":832100,"elapsedDuration":"PT13M52.1S","splitDateTime":"2019-05-10T13:41:52.1","splitDateTimeLocal":"2019-05-10T09:41:52.1-04:00"},{"startDateTime":"2019-05-10T13:30:00","startDateTimeLocal":"2019-05-10T09:30:00-04:00","stageTimeDurationMs":886300,"stageTimeDuration":"00:14:46.3000000","splitPointTimeId":71251,"splitPointId":2265,"entryId":19624,"elapsedDurationMs":783100,"elapsedDuration":"PT13M3.1S","splitDateTime":"2019-05-10T13:43:03.1","splitDateTimeLocal":"2019-05-10T09:43:03.1-04:00"},{"startDateTime":"2019-05-10T13:34:00","startDateTimeLocal":"2019-05-10T09:34:00-04:00","stageTimeDurationMs":886000,"stageTimeDuration":"00:14:46","splitPointTimeId":71256,"splitPointId":2265,"entryId":19618,"elapsedDurationMs":780700,"elapsedDuration":"PT13M0.7S","splitDateTime":"2019-05-10T13:47:00.7","splitDateTimeLocal":"2019-05-10T09:47:00.7-04:00"},{"startDateTime":"2019-05-10T13:36:00","startDateTimeLocal":"2019-05-10T09:36:00-04:00","stageTimeDurationMs":943000,"stageTimeDuration":"00:15:43","splitPointTimeId":71262,"splitPointId":2265,"entryId":19619,"elapsedDurationMs":832300,"elapsedDuration":"PT13M52.3S","splitDateTime":"2019-05-10T13:49:52.3","splitDateTimeLocal":"2019-05-10T09:49:52.3-04:00"},{"startDateTime":"2019-05-10T13:38:00","startDateTimeLocal":"2019-05-10T09:38:00-04:00","stageTimeDurationMs":876600,"stageTimeDuration":"00:14:36.6000000","splitPointTimeId":71267,"splitPointId":2265,"entryId":19615,"elapsedDurationMs":771600,"elapsedDuration":"PT12M51.6S","splitDateTime":"2019-05-10T13:50:51.6","splitDateTimeLocal":"2019-05-10T09:50:51.6-04:00"},{"startDateTime":"2019-05-10T13:40:00","startDateTimeLocal":"2019-05-10T09:40:00-04:00","stageTimeDurationMs":936800,"stageTimeDuration":"00:15:36.8000000","splitPointTimeId":71272,"splitPointId":2265,"entryId":19617,"elapsedDurationMs":824200,"elapsedDuration":"PT13M44.2S","splitDateTime":"2019-05-10T13:53:44.2","splitDateTimeLocal":"2019-05-10T09:53:44.2-04:00"},{"startDateTime":"2019-05-10T13:42:00","startDateTimeLocal":"2019-05-10T09:42:00-04:00","stageTimeDurationMs":917200,"stageTimeDuration":"00:15:17.2000000","splitPointTimeId":71277,"splitPointId":2265,"entryId":19623,"elapsedDurationMs":806700,"elapsedDuration":"PT13M26.7S","splitDateTime":"2019-05-10T13:55:26.7","splitDateTimeLocal":"2019-05-10T09:55:26.7-04:00"},{"startDateTime":"2019-05-10T13:44:00","startDateTimeLocal":"2019-05-10T09:44:00-04:00","stageTimeDurationMs":900400,"stageTimeDuration":"00:15:00.4000000","splitPointTimeId":71280,"splitPointId":2265,"entryId":19612,"elapsedDurationMs":794200,"elapsedDuration":"PT13M14.2S","splitDateTime":"2019-05-10T13:57:14.2","splitDateTimeLocal":"2019-05-10T09:57:14.2-04:00"},{"startDateTime":"2019-05-10T13:46:00","startDateTimeLocal":"2019-05-10T09:46:00-04:00","stageTimeDurationMs":919000,"stageTimeDuration":"00:15:19","splitPointTimeId":71291,"splitPointId":2265,"entryId":19616,"elapsedDurationMs":817400,"elapsedDuration":"PT13M37.4S","splitDateTime":"2019-05-10T13:59:37.4","splitDateTimeLocal":"2019-05-10T09:59:37.4-04:00"},{"startDateTime":"2019-05-10T13:48:00","startDateTimeLocal":"2019-05-10T09:48:00-04:00","stageTimeDurationMs":888900,"stageTimeDuration":"00:14:48.9000000","splitPointTimeId":71294,"splitPointId":2265,"entryId":19613,"elapsedDurationMs":781400,"elapsedDuration":"PT13M1.4S","splitDateTime":"2019-05-10T14:01:01.4","splitDateTimeLocal":"2019-05-10T10:01:01.4-04:00"},{"startDateTime":"2019-05-10T12:00:00","startDateTimeLocal":"2019-05-10T08:00:00-04:00","stageTimeDurationMs":699500,"stageTimeDuration":"00:11:39.5000000","splitPointTimeId":71063,"splitPointId":2271,"entryId":19574,"elapsedDurationMs":99800,"elapsedDuration":"PT1M39.8S","splitDateTime":"2019-05-10T12:01:39.8","splitDateTimeLocal":"2019-05-10T08:01:39.8-04:00"},{"startDateTime":"2019-05-10T12:02:00","startDateTimeLocal":"2019-05-10T08:02:00-04:00","stageTimeDurationMs":698500,"stageTimeDuration":"00:11:38.5000000","splitPointTimeId":71064,"splitPointId":2271,"entryId":19568,"elapsedDurationMs":99900,"elapsedDuration":"PT1M39.9S","splitDateTime":"2019-05-10T12:03:39.9","splitDateTimeLocal":"2019-05-10T08:03:39.9-04:00"},{"startDateTime":"2019-05-10T12:04:00","startDateTimeLocal":"2019-05-10T08:04:00-04:00","stageTimeDurationMs":698800,"stageTimeDuration":"00:11:38.8000000","splitPointTimeId":71066,"splitPointId":2271,"entryId":19572,"elapsedDurationMs":98500,"elapsedDuration":"PT1M38.5S","splitDateTime":"2019-05-10T12:05:38.5","splitDateTimeLocal":"2019-05-10T08:05:38.5-04:00"},{"startDateTime":"2019-05-10T12:06:00","startDateTimeLocal":"2019-05-10T08:06:00-04:00","stageTimeDurationMs":695900,"stageTimeDuration":"00:11:35.9000000","splitPointTimeId":71068,"splitPointId":2271,"entryId":19571,"elapsedDurationMs":99400,"elapsedDuration":"PT1M39.4S","splitDateTime":"2019-05-10T12:07:39.4","splitDateTimeLocal":"2019-05-10T08:07:39.4-04:00"},{"startDateTime":"2019-05-10T12:08:00","startDateTimeLocal":"2019-05-10T08:08:00-04:00","stageTimeDurationMs":698000,"stageTimeDuration":"00:11:38","splitPointTimeId":71071,"splitPointId":2271,"entryId":19576,"elapsedDurationMs":101400,"elapsedDuration":"PT1M41.4S","splitDateTime":"2019-05-10T12:09:41.4","splitDateTimeLocal":"2019-05-10T08:09:41.4-04:00"},{"startDateTime":"2019-05-10T12:10:00","startDateTimeLocal":"2019-05-10T08:10:00-04:00","stageTimeDurationMs":703800,"stageTimeDuration":"00:11:43.8000000","splitPointTimeId":71075,"splitPointId":2271,"entryId":19578,"elapsedDurationMs":101500,"elapsedDuration":"PT1M41.5S","splitDateTime":"2019-05-10T12:11:41.5","splitDateTimeLocal":"2019-05-10T08:11:41.5-04:00"},{"startDateTime":"2019-05-10T12:12:00","startDateTimeLocal":"2019-05-10T08:12:00-04:00","stageTimeDurationMs":695900,"stageTimeDuration":"00:11:35.9000000","splitPointTimeId":71079,"splitPointId":2271,"entryId":19573,"elapsedDurationMs":100100,"elapsedDuration":"PT1M40.1S","splitDateTime":"2019-05-10T12:13:40.1","splitDateTimeLocal":"2019-05-10T08:13:40.1-04:00"},{"startDateTime":"2019-05-10T12:14:00","startDateTimeLocal":"2019-05-10T08:14:00-04:00","stageTimeDurationMs":717200,"stageTimeDuration":"00:11:57.2000000","splitPointTimeId":71083,"splitPointId":2271,"entryId":19570,"elapsedDurationMs":101900,"elapsedDuration":"PT1M41.9S","splitDateTime":"2019-05-10T12:15:41.9","splitDateTimeLocal":"2019-05-10T08:15:41.9-04:00"},{"startDateTime":"2019-05-10T12:16:00","startDateTimeLocal":"2019-05-10T08:16:00-04:00","stageTimeDurationMs":706500,"stageTimeDuration":"00:11:46.5000000","splitPointTimeId":71087,"splitPointId":2271,"entryId":19575,"elapsedDurationMs":102000,"elapsedDuration":"PT1M42S","splitDateTime":"2019-05-10T12:17:42","splitDateTimeLocal":"2019-05-10T08:17:42-04:00"},{"startDateTime":"2019-05-10T12:18:00","startDateTimeLocal":"2019-05-10T08:18:00-04:00","stageTimeDurationMs":707900,"stageTimeDuration":"00:11:47.9000000","splitPointTimeId":71091,"splitPointId":2271,"entryId":19569,"elapsedDurationMs":102000,"elapsedDuration":"PT1M42S","splitDateTime":"2019-05-10T12:19:42","splitDateTimeLocal":"2019-05-10T08:19:42-04:00"},{"startDateTime":"2019-05-10T12:20:00","startDateTimeLocal":"2019-05-10T08:20:00-04:00","stageTimeDurationMs":743700,"stageTimeDuration":"00:12:23.7000000","splitPointTimeId":71095,"splitPointId":2271,"entryId":19577,"elapsedDurationMs":107200,"elapsedDuration":"PT1M47.2S","splitDateTime":"2019-05-10T12:21:47.2","splitDateTimeLocal":"2019-05-10T08:21:47.2-04:00"},{"startDateTime":"2019-05-10T12:22:00","startDateTimeLocal":"2019-05-10T08:22:00-04:00","stageTimeDurationMs":733900,"stageTimeDuration":"00:12:13.9000000","splitPointTimeId":71099,"splitPointId":2271,"entryId":19579,"elapsedDurationMs":106900,"elapsedDuration":"PT1M46.9S","splitDateTime":"2019-05-10T12:23:46.9","splitDateTimeLocal":"2019-05-10T08:23:46.9-04:00"},{"startDateTime":"2019-05-10T12:24:00","startDateTimeLocal":"2019-05-10T08:24:00-04:00","stageTimeDurationMs":723000,"stageTimeDuration":"00:12:03","splitPointTimeId":71103,"splitPointId":2271,"entryId":19581,"elapsedDurationMs":105800,"elapsedDuration":"PT1M45.8S","splitDateTime":"2019-05-10T12:25:45.8","splitDateTimeLocal":"2019-05-10T08:25:45.8-04:00"},{"startDateTime":"2019-05-10T12:26:00","startDateTimeLocal":"2019-05-10T08:26:00-04:00","stageTimeDurationMs":725700,"stageTimeDuration":"00:12:05.7000000","splitPointTimeId":71107,"splitPointId":2271,"entryId":19580,"elapsedDurationMs":106500,"elapsedDuration":"PT1M46.5S","splitDateTime":"2019-05-10T12:27:46.5","splitDateTimeLocal":"2019-05-10T08:27:46.5-04:00"},{"startDateTime":"2019-05-10T12:28:00","startDateTimeLocal":"2019-05-10T08:28:00-04:00","stageTimeDurationMs":744900,"stageTimeDuration":"00:12:24.9000000","splitPointTimeId":71110,"splitPointId":2271,"entryId":19582,"elapsedDurationMs":107600,"elapsedDuration":"PT1M47.6S","splitDateTime":"2019-05-10T12:29:47.6","splitDateTimeLocal":"2019-05-10T08:29:47.6-04:00"},{"startDateTime":"2019-05-10T12:30:00","startDateTimeLocal":"2019-05-10T08:30:00-04:00","stageTimeDurationMs":755700,"stageTimeDuration":"00:12:35.7000000","splitPointTimeId":71114,"splitPointId":2271,"entryId":19583,"elapsedDurationMs":109000,"elapsedDuration":"PT1M49S","splitDateTime":"2019-05-10T12:31:49","splitDateTimeLocal":"2019-05-10T08:31:49-04:00"},{"startDateTime":"2019-05-10T12:32:00","startDateTimeLocal":"2019-05-10T08:32:00-04:00","stageTimeDurationMs":751500,"stageTimeDuration":"00:12:31.5000000","splitPointTimeId":71119,"splitPointId":2271,"entryId":19584,"elapsedDurationMs":107300,"elapsedDuration":"PT1M47.3S","splitDateTime":"2019-05-10T12:33:47.3","splitDateTimeLocal":"2019-05-10T08:33:47.3-04:00"},{"startDateTime":"2019-05-10T12:34:00","startDateTimeLocal":"2019-05-10T08:34:00-04:00","stageTimeDurationMs":1170400,"stageTimeDuration":"00:19:30.4000000","splitPointTimeId":71123,"splitPointId":2271,"entryId":19587,"elapsedDurationMs":107500,"elapsedDuration":"PT1M47.5S","splitDateTime":"2019-05-10T12:35:47.5","splitDateTimeLocal":"2019-05-10T08:35:47.5-04:00"},{"startDateTime":"2019-05-10T12:36:00","startDateTimeLocal":"2019-05-10T08:36:00-04:00","stageTimeDurationMs":750400,"stageTimeDuration":"00:12:30.4000000","splitPointTimeId":71126,"splitPointId":2271,"entryId":19586,"elapsedDurationMs":107200,"elapsedDuration":"PT1M47.2S","splitDateTime":"2019-05-10T12:37:47.2","splitDateTimeLocal":"2019-05-10T08:37:47.2-04:00"},{"startDateTime":"2019-05-10T12:38:00","startDateTimeLocal":"2019-05-10T08:38:00-04:00","stageTimeDurationMs":811400,"stageTimeDuration":"00:13:31.4000000","splitPointTimeId":71130,"splitPointId":2271,"entryId":19588,"elapsedDurationMs":115200,"elapsedDuration":"PT1M55.2S","splitDateTime":"2019-05-10T12:39:55.2","splitDateTimeLocal":"2019-05-10T08:39:55.2-04:00"},{"startDateTime":"2019-05-10T12:40:00","startDateTimeLocal":"2019-05-10T08:40:00-04:00","stageTimeDurationMs":759600,"stageTimeDuration":"00:12:39.6000000","splitPointTimeId":71134,"splitPointId":2271,"entryId":19593,"elapsedDurationMs":107700,"elapsedDuration":"PT1M47.7S","splitDateTime":"2019-05-10T12:41:47.7","splitDateTimeLocal":"2019-05-10T08:41:47.7-04:00"},{"startDateTime":"2019-05-10T12:42:00","startDateTimeLocal":"2019-05-10T08:42:00-04:00","stageTimeDurationMs":802100,"stageTimeDuration":"00:13:22.1000000","splitPointTimeId":71137,"splitPointId":2271,"entryId":19594,"elapsedDurationMs":112800,"elapsedDuration":"PT1M52.8S","splitDateTime":"2019-05-10T12:43:52.8","splitDateTimeLocal":"2019-05-10T08:43:52.8-04:00"},{"startDateTime":"2019-05-10T12:44:00","startDateTimeLocal":"2019-05-10T08:44:00-04:00","stageTimeDurationMs":753300,"stageTimeDuration":"00:12:33.3000000","splitPointTimeId":71141,"splitPointId":2271,"entryId":19590,"elapsedDurationMs":109300,"elapsedDuration":"PT1M49.3S","splitDateTime":"2019-05-10T12:45:49.3","splitDateTimeLocal":"2019-05-10T08:45:49.3-04:00"},{"startDateTime":"2019-05-10T12:46:00","startDateTimeLocal":"2019-05-10T08:46:00-04:00","stageTimeDurationMs":784600,"stageTimeDuration":"00:13:04.6000000","splitPointTimeId":71145,"splitPointId":2271,"entryId":19595,"elapsedDurationMs":109200,"elapsedDuration":"PT1M49.2S","splitDateTime":"2019-05-10T12:47:49.2","splitDateTimeLocal":"2019-05-10T08:47:49.2-04:00"},{"startDateTime":"2019-05-10T12:48:00","startDateTimeLocal":"2019-05-10T08:48:00-04:00","stageTimeDurationMs":756500,"stageTimeDuration":"00:12:36.5000000","splitPointTimeId":71148,"splitPointId":2271,"entryId":19591,"elapsedDurationMs":109500,"elapsedDuration":"PT1M49.5S","splitDateTime":"2019-05-10T12:49:49.5","splitDateTimeLocal":"2019-05-10T08:49:49.5-04:00"},{"startDateTime":"2019-05-10T12:50:00","startDateTimeLocal":"2019-05-10T08:50:00-04:00","stageTimeDurationMs":760300,"stageTimeDuration":"00:12:40.3000000","splitPointTimeId":71153,"splitPointId":2271,"entryId":19601,"elapsedDurationMs":114400,"elapsedDuration":"PT1M54.4S","splitDateTime":"2019-05-10T12:51:54.4","splitDateTimeLocal":"2019-05-10T08:51:54.4-04:00"},{"startDateTime":"2019-05-10T12:52:00","startDateTimeLocal":"2019-05-10T08:52:00-04:00","stageTimeDurationMs":787900,"stageTimeDuration":"00:13:07.9000000","splitPointTimeId":71157,"splitPointId":2271,"entryId":19596,"elapsedDurationMs":113000,"elapsedDuration":"PT1M53S","splitDateTime":"2019-05-10T12:53:53","splitDateTimeLocal":"2019-05-10T08:53:53-04:00"},{"startDateTime":"2019-05-10T12:54:00","startDateTimeLocal":"2019-05-10T08:54:00-04:00","stageTimeDurationMs":760000,"stageTimeDuration":"00:12:40","splitPointTimeId":71161,"splitPointId":2271,"entryId":19600,"elapsedDurationMs":109900,"elapsedDuration":"PT1M49.9S","splitDateTime":"2019-05-10T12:55:49.9","splitDateTimeLocal":"2019-05-10T08:55:49.9-04:00"},{"startDateTime":"2019-05-10T12:56:00","startDateTimeLocal":"2019-05-10T08:56:00-04:00","stageTimeDurationMs":859000,"stageTimeDuration":"00:14:19","splitPointTimeId":71166,"splitPointId":2271,"entryId":19598,"elapsedDurationMs":135100,"elapsedDuration":"PT2M15.1S","splitDateTime":"2019-05-10T12:58:15.1","splitDateTimeLocal":"2019-05-10T08:58:15.1-04:00"},{"startDateTime":"2019-05-10T12:58:00","startDateTimeLocal":"2019-05-10T08:58:00-04:00","stageTimeDurationMs":796000,"stageTimeDuration":"00:13:16","splitPointTimeId":71169,"splitPointId":2271,"entryId":19597,"elapsedDurationMs":115200,"elapsedDuration":"PT1M55.2S","splitDateTime":"2019-05-10T12:59:55.2","splitDateTimeLocal":"2019-05-10T08:59:55.2-04:00"},{"startDateTime":"2019-05-10T13:00:00","startDateTimeLocal":"2019-05-10T09:00:00-04:00","stageTimeDurationMs":774700,"stageTimeDuration":"00:12:54.7000000","splitPointTimeId":71172,"splitPointId":2271,"entryId":19589,"elapsedDurationMs":110600,"elapsedDuration":"PT1M50.6S","splitDateTime":"2019-05-10T13:01:50.6","splitDateTimeLocal":"2019-05-10T09:01:50.6-04:00"},{"startDateTime":"2019-05-10T13:02:00","startDateTimeLocal":"2019-05-10T09:02:00-04:00","stageTimeDurationMs":816500,"stageTimeDuration":"00:13:36.5000000","splitPointTimeId":71178,"splitPointId":2271,"entryId":19599,"elapsedDurationMs":129000,"elapsedDuration":"PT2M9S","splitDateTime":"2019-05-10T13:04:09","splitDateTimeLocal":"2019-05-10T09:04:09-04:00"},{"startDateTime":"2019-05-10T13:04:00","startDateTimeLocal":"2019-05-10T09:04:00-04:00","stageTimeDurationMs":766100,"stageTimeDuration":"00:12:46.1000000","splitPointTimeId":71181,"splitPointId":2271,"entryId":19592,"elapsedDurationMs":110400,"elapsedDuration":"PT1M50.4S","splitDateTime":"2019-05-10T13:05:50.4","splitDateTimeLocal":"2019-05-10T09:05:50.4-04:00"},{"startDateTime":"2019-05-10T13:06:00","startDateTimeLocal":"2019-05-10T09:06:00-04:00","stageTimeDurationMs":815700,"stageTimeDuration":"00:13:35.7000000","splitPointTimeId":71187,"splitPointId":2271,"entryId":19602,"elapsedDurationMs":116400,"elapsedDuration":"PT1M56.4S","splitDateTime":"2019-05-10T13:07:56.4","splitDateTimeLocal":"2019-05-10T09:07:56.4-04:00"},{"startDateTime":"2019-05-10T13:08:00","startDateTimeLocal":"2019-05-10T09:08:00-04:00","stageTimeDurationMs":842500,"stageTimeDuration":"00:14:02.5000000","splitPointTimeId":71188,"splitPointId":2271,"entryId":19606,"elapsedDurationMs":121700,"elapsedDuration":"PT2M1.7S","splitDateTime":"2019-05-10T13:10:01.7","splitDateTimeLocal":"2019-05-10T09:10:01.7-04:00"},{"startDateTime":"2019-05-10T13:10:00","startDateTimeLocal":"2019-05-10T09:10:00-04:00","stageTimeDurationMs":928500,"stageTimeDuration":"00:15:28.5000000","splitPointTimeId":71193,"splitPointId":2271,"entryId":19608,"elapsedDurationMs":131600,"elapsedDuration":"PT2M11.6S","splitDateTime":"2019-05-10T13:12:11.6","splitDateTimeLocal":"2019-05-10T09:12:11.6-04:00"},{"startDateTime":"2019-05-10T13:14:00","startDateTimeLocal":"2019-05-10T09:14:00-04:00","stageTimeDurationMs":917600,"stageTimeDuration":"00:15:17.6000000","splitPointTimeId":71199,"splitPointId":2271,"entryId":19610,"elapsedDurationMs":134900,"elapsedDuration":"PT2M14.9S","splitDateTime":"2019-05-10T13:16:14.9","splitDateTimeLocal":"2019-05-10T09:16:14.9-04:00"},{"startDateTime":"2019-05-10T13:16:00","startDateTimeLocal":"2019-05-10T09:16:00-04:00","stageTimeDurationMs":906700,"stageTimeDuration":"00:15:06.7000000","splitPointTimeId":71202,"splitPointId":2271,"entryId":19607,"elapsedDurationMs":130500,"elapsedDuration":"PT2M10.5S","splitDateTime":"2019-05-10T13:18:10.5","splitDateTimeLocal":"2019-05-10T09:18:10.5-04:00"},{"startDateTime":"2019-05-10T13:18:00","startDateTimeLocal":"2019-05-10T09:18:00-04:00","stageTimeDurationMs":878400,"stageTimeDuration":"00:14:38.4000000","splitPointTimeId":71205,"splitPointId":2271,"entryId":19604,"elapsedDurationMs":126900,"elapsedDuration":"PT2M6.9S","splitDateTime":"2019-05-10T13:20:06.9","splitDateTimeLocal":"2019-05-10T09:20:06.9-04:00"},{"startDateTime":"2019-05-10T13:20:00","startDateTimeLocal":"2019-05-10T09:20:00-04:00","stageTimeDurationMs":871400,"stageTimeDuration":"00:14:31.4000000","splitPointTimeId":71208,"splitPointId":2271,"entryId":19629,"elapsedDurationMs":124900,"elapsedDuration":"PT2M4.9S","splitDateTime":"2019-05-10T13:22:04.9","splitDateTimeLocal":"2019-05-10T09:22:04.9-04:00"},{"startDateTime":"2019-05-10T13:22:00","startDateTimeLocal":"2019-05-10T09:22:00-04:00","stageTimeDurationMs":885200,"stageTimeDuration":"00:14:45.2000000","splitPointTimeId":71212,"splitPointId":2271,"entryId":19625,"elapsedDurationMs":126100,"elapsedDuration":"PT2M6.1S","splitDateTime":"2019-05-10T13:24:06.1","splitDateTimeLocal":"2019-05-10T09:24:06.1-04:00"},{"startDateTime":"2019-05-10T13:24:00","startDateTimeLocal":"2019-05-10T09:24:00-04:00","stageTimeDurationMs":910500,"stageTimeDuration":"00:15:10.5000000","splitPointTimeId":71215,"splitPointId":2271,"entryId":19620,"elapsedDurationMs":132400,"elapsedDuration":"PT2M12.4S","splitDateTime":"2019-05-10T13:26:12.4","splitDateTimeLocal":"2019-05-10T09:26:12.4-04:00"},{"startDateTime":"2019-05-10T13:26:00","startDateTimeLocal":"2019-05-10T09:26:00-04:00","stageTimeDurationMs":952000,"stageTimeDuration":"00:15:52","splitPointTimeId":71219,"splitPointId":2271,"entryId":19621,"elapsedDurationMs":131600,"elapsedDuration":"PT2M11.6S","splitDateTime":"2019-05-10T13:28:11.6","splitDateTimeLocal":"2019-05-10T09:28:11.6-04:00"},{"startDateTime":"2019-05-10T13:28:00","startDateTimeLocal":"2019-05-10T09:28:00-04:00","stageTimeDurationMs":942300,"stageTimeDuration":"00:15:42.3000000","splitPointTimeId":71222,"splitPointId":2271,"entryId":19627,"elapsedDurationMs":132900,"elapsedDuration":"PT2M12.9S","splitDateTime":"2019-05-10T13:30:12.9","splitDateTimeLocal":"2019-05-10T09:30:12.9-04:00"},{"startDateTime":"2019-05-10T13:30:00","startDateTimeLocal":"2019-05-10T09:30:00-04:00","stageTimeDurationMs":886300,"stageTimeDuration":"00:14:46.3000000","splitPointTimeId":71227,"splitPointId":2271,"entryId":19624,"elapsedDurationMs":124100,"elapsedDuration":"PT2M4.1S","splitDateTime":"2019-05-10T13:32:04.1","splitDateTimeLocal":"2019-05-10T09:32:04.1-04:00"},{"startDateTime":"2019-05-10T13:32:00","startDateTimeLocal":"2019-05-10T09:32:00-04:00","stageTimeDurationMs":1291400,"stageTimeDuration":"00:21:31.4000000","splitPointTimeId":71231,"splitPointId":2271,"entryId":19622,"elapsedDurationMs":126600,"elapsedDuration":"PT2M6.6S","splitDateTime":"2019-05-10T13:34:06.6","splitDateTimeLocal":"2019-05-10T09:34:06.6-04:00"},{"startDateTime":"2019-05-10T13:34:00","startDateTimeLocal":"2019-05-10T09:34:00-04:00","stageTimeDurationMs":886000,"stageTimeDuration":"00:14:46","splitPointTimeId":71235,"splitPointId":2271,"entryId":19618,"elapsedDurationMs":126900,"elapsedDuration":"PT2M6.9S","splitDateTime":"2019-05-10T13:36:06.9","splitDateTimeLocal":"2019-05-10T09:36:06.9-04:00"},{"startDateTime":"2019-05-10T13:36:00","startDateTimeLocal":"2019-05-10T09:36:00-04:00","stageTimeDurationMs":943000,"stageTimeDuration":"00:15:43","splitPointTimeId":71240,"splitPointId":2271,"entryId":19619,"elapsedDurationMs":134500,"elapsedDuration":"PT2M14.5S","splitDateTime":"2019-05-10T13:38:14.5","splitDateTimeLocal":"2019-05-10T09:38:14.5-04:00"},{"startDateTime":"2019-05-10T13:38:00","startDateTimeLocal":"2019-05-10T09:38:00-04:00","stageTimeDurationMs":876600,"stageTimeDuration":"00:14:36.6000000","splitPointTimeId":71243,"splitPointId":2271,"entryId":19615,"elapsedDurationMs":125000,"elapsedDuration":"PT2M5S","splitDateTime":"2019-05-10T13:40:05","splitDateTimeLocal":"2019-05-10T09:40:05-04:00"},{"startDateTime":"2019-05-10T13:40:00","startDateTimeLocal":"2019-05-10T09:40:00-04:00","stageTimeDurationMs":936800,"stageTimeDuration":"00:15:36.8000000","splitPointTimeId":71249,"splitPointId":2271,"entryId":19617,"elapsedDurationMs":132700,"elapsedDuration":"PT2M12.7S","splitDateTime":"2019-05-10T13:42:12.7","splitDateTimeLocal":"2019-05-10T09:42:12.7-04:00"},{"startDateTime":"2019-05-10T13:42:00","startDateTimeLocal":"2019-05-10T09:42:00-04:00","stageTimeDurationMs":917200,"stageTimeDuration":"00:15:17.2000000","splitPointTimeId":71254,"splitPointId":2271,"entryId":19623,"elapsedDurationMs":129900,"elapsedDuration":"PT2M9.9S","splitDateTime":"2019-05-10T13:44:09.9","splitDateTimeLocal":"2019-05-10T09:44:09.9-04:00"},{"startDateTime":"2019-05-10T13:44:00","startDateTimeLocal":"2019-05-10T09:44:00-04:00","stageTimeDurationMs":900400,"stageTimeDuration":"00:15:00.4000000","splitPointTimeId":71255,"splitPointId":2271,"entryId":19612,"elapsedDurationMs":128900,"elapsedDuration":"PT2M8.9S","splitDateTime":"2019-05-10T13:46:08.9","splitDateTimeLocal":"2019-05-10T09:46:08.9-04:00"},{"startDateTime":"2019-05-10T13:46:00","startDateTimeLocal":"2019-05-10T09:46:00-04:00","stageTimeDurationMs":919000,"stageTimeDuration":"00:15:19","splitPointTimeId":71259,"splitPointId":2271,"entryId":19616,"elapsedDurationMs":178700,"elapsedDuration":"PT2M58.7S","splitDateTime":"2019-05-10T13:48:58.7","splitDateTimeLocal":"2019-05-10T09:48:58.7-04:00"},{"startDateTime":"2019-05-10T13:48:00","startDateTimeLocal":"2019-05-10T09:48:00-04:00","stageTimeDurationMs":888900,"stageTimeDuration":"00:14:48.9000000","splitPointTimeId":71264,"splitPointId":2271,"entryId":19613,"elapsedDurationMs":128200,"elapsedDuration":"PT2M8.2S","splitDateTime":"2019-05-10T13:50:08.2","splitDateTimeLocal":"2019-05-10T09:50:08.2-04:00"}]