[{"stageTimeId":50322,"stageId":894,"entryId":3509,"elapsedDurationMs":null,"elapsedDuration":null,"status":"Running","source":"Default","position":null,"diffFirstMs":null,"diffFirst":null,"diffPrevMs":null,"diffPrev":null},{"stageTimeId":50323,"stageId":894,"entryId":3517,"elapsedDurationMs":null,"elapsedDuration":null,"status":"DNS","source":"Default","position":null,"diffFirstMs":null,"diffFirst":null,"diffPrevMs":null,"diffPrev":null},{"stageTimeId":50325,"stageId":894,"entryId":3504,"elapsedDurationMs":null,"elapsedDuration":null,"status":"Running","source":"Default","position":null,"diffFirstMs":null,"diffFirst":null,"diffPrevMs":null,"diffPrev":null},{"stageTimeId":50326,"stageId":894,"entryId":3522,"elapsedDurationMs":null,"elapsedDuration":null,"status":"DNS","source":"Default","position":null,"diffFirstMs":null,"diffFirst":null,"diffPrevMs":null,"diffPrev":null},{"stageTimeId":50336,"stageId":894,"entryId":3464,"elapsedDurationMs":null,"elapsedDuration":null,"status":"DNS","source":"Default","position":null,"diffFirstMs":null,"diffFirst":null,"diffPrevMs":null,"diffPrev":null},{"stageTimeId":50342,"stageId":894,"entryId":3507,"elapsedDurationMs":null,"elapsedDuration":null,"status":"Running","source":"Default","position":null,"diffFirstMs":null,"diffFirst":null,"diffPrevMs":null,"diffPrev":null},{"stageTimeId":50343,"stageId":894,"entryId":3491,"elapsedDurationMs":null,"elapsedDuration":null,"status":"Running","source":"Default","position":null,"diffFirstMs":null,"diffFirst":null,"diffPrevMs":null,"diffPrev":null},{"stageTimeId":50349,"stageId":894,"entryId":3476,"elapsedDurationMs":null,"elapsedDuration":null,"status":"Running","source":"Default","position":null,"diffFirstMs":null,"diffFirst":null,"diffPrevMs":null,"diffPrev":null},{"stageTimeId":50353,"stageId":894,"entryId":3511,"elapsedDurationMs":null,"elapsedDuration":null,"status":"Running","source":"Default","position":null,"diffFirstMs":null,"diffFirst":null,"diffPrevMs":null,"diffPrev":null},{"stageTimeId":50360,"stageId":894,"entryId":3489,"elapsedDurationMs":null,"elapsedDuration":null,"status":"Running","source":"Default","position":null,"diffFirstMs":null,"diffFirst":null,"diffPrevMs":null,"diffPrev":null},{"stageTimeId":50366,"stageId":894,"entryId":3494,"elapsedDurationMs":null,"elapsedDuration":null,"status":"Running","source":"Default","position":null,"diffFirstMs":null,"diffFirst":null,"diffPrevMs":null,"diffPrev":null},{"stageTimeId":50374,"stageId":894,"entryId":3490,"elapsedDurationMs":null,"elapsedDuration":null,"status":"Running","source":"Default","position":null,"diffFirstMs":null,"diffFirst":null,"diffPrevMs":null,"diffPrev":null},{"stageTimeId":50384,"stageId":894,"entryId":3495,"elapsedDurationMs":null,"elapsedDuration":null,"status":"Running","source":"Default","position":null,"diffFirstMs":null,"diffFirst":null,"diffPrevMs":null,"diffPrev":null},{"stageTimeId":50394,"stageId":894,"entryId":3523,"elapsedDurationMs":null,"elapsedDuration":null,"status":"Running","source":"Default","position":null,"diffFirstMs":null,"diffFirst":null,"diffPrevMs":null,"diffPrev":null},{"stageTimeId":50401,"stageId":894,"entryId":3466,"elapsedDurationMs":null,"elapsedDuration":null,"status":"Running","source":"Default","position":null,"diffFirstMs":null,"diffFirst":null,"diffPrevMs":null,"diffPrev":null},{"stageTimeId":50407,"stageId":894,"entryId":3480,"elapsedDurationMs":null,"elapsedDuration":null,"status":"Running","source":"Default","position":null,"diffFirstMs":null,"diffFirst":null,"diffPrevMs":null,"diffPrev":null},{"stageTimeId":50413,"stageId":894,"entryId":3462,"elapsedDurationMs":null,"elapsedDuration":null,"status":"Running","source":"Default","position":null,"diffFirstMs":null,"diffFirst":null,"diffPrevMs":null,"diffPrev":null},{"stageTimeId":50419,"stageId":894,"entryId":3479,"elapsedDurationMs":null,"elapsedDuration":null,"status":"Running","source":"Default","position":null,"diffFirstMs":null,"diffFirst":null,"diffPrevMs":null,"diffPrev":null},{"stageTimeId":50429,"stageId":894,"entryId":3467,"elapsedDurationMs":null,"elapsedDuration":null,"status":"Running","source":"Default","position":null,"diffFirstMs":null,"diffFirst":null,"diffPrevMs":null,"diffPrev":null},{"stageTimeId":50435,"stageId":894,"entryId":3460,"elapsedDurationMs":null,"elapsedDuration":null,"status":"DNS","source":"Default","position":null,"diffFirstMs":null,"diffFirst":null,"diffPrevMs":null,"diffPrev":null},{"stageTimeId":50441,"stageId":894,"entryId":3468,"elapsedDurationMs":null,"elapsedDuration":null,"status":"Running","source":"Default","position":null,"diffFirstMs":null,"diffFirst":null,"diffPrevMs":null,"diffPrev":null},{"stageTimeId":50447,"stageId":894,"entryId":3485,"elapsedDurationMs":null,"elapsedDuration":null,"status":"DNS","source":"Default","position":null,"diffFirstMs":null,"diffFirst":null,"diffPrevMs":null,"diffPrev":null},{"stageTimeId":50451,"stageId":894,"entryId":3481,"elapsedDurationMs":null,"elapsedDuration":null,"status":"Running","source":"Default","position":null,"diffFirstMs":null,"diffFirst":null,"diffPrevMs":null,"diffPrev":null},{"stageTimeId":50454,"stageId":894,"entryId":3478,"elapsedDurationMs":null,"elapsedDuration":null,"status":"Running","source":"Default","position":null,"diffFirstMs":null,"diffFirst":null,"diffPrevMs":null,"diffPrev":null},{"stageTimeId":50460,"stageId":894,"entryId":3506,"elapsedDurationMs":null,"elapsedDuration":null,"status":"Running","source":"Default","position":null,"diffFirstMs":null,"diffFirst":null,"diffPrevMs":null,"diffPrev":null},{"stageTimeId":50466,"stageId":894,"entryId":3470,"elapsedDurationMs":null,"elapsedDuration":null,"status":"Running","source":"Default","position":null,"diffFirstMs":null,"diffFirst":null,"diffPrevMs":null,"diffPrev":null},{"stageTimeId":50472,"stageId":894,"entryId":3486,"elapsedDurationMs":null,"elapsedDuration":null,"status":"Running","source":"Default","position":null,"diffFirstMs":null,"diffFirst":null,"diffPrevMs":null,"diffPrev":null},{"stageTimeId":50483,"stageId":894,"entryId":3469,"elapsedDurationMs":null,"elapsedDuration":null,"status":"Running","source":"Default","position":null,"diffFirstMs":null,"diffFirst":null,"diffPrevMs":null,"diffPrev":null},{"stageTimeId":50489,"stageId":894,"entryId":3497,"elapsedDurationMs":null,"elapsedDuration":null,"status":"Running","source":"Default","position":null,"diffFirstMs":null,"diffFirst":null,"diffPrevMs":null,"diffPrev":null},{"stageTimeId":50495,"stageId":894,"entryId":3465,"elapsedDurationMs":null,"elapsedDuration":null,"status":"Running","source":"Default","position":null,"diffFirstMs":null,"diffFirst":null,"diffPrevMs":null,"diffPrev":null},{"stageTimeId":50501,"stageId":894,"entryId":3477,"elapsedDurationMs":null,"elapsedDuration":null,"status":"Running","source":"Default","position":null,"diffFirstMs":null,"diffFirst":null,"diffPrevMs":null,"diffPrev":null},{"stageTimeId":50505,"stageId":894,"entryId":3456,"elapsedDurationMs":null,"elapsedDuration":null,"status":"Running","source":"Default","position":null,"diffFirstMs":null,"diffFirst":null,"diffPrevMs":null,"diffPrev":null},{"stageTimeId":50509,"stageId":894,"entryId":3446,"elapsedDurationMs":null,"elapsedDuration":null,"status":"DNS","source":"Default","position":null,"diffFirstMs":null,"diffFirst":null,"diffPrevMs":null,"diffPrev":null},{"stageTimeId":50515,"stageId":894,"entryId":3447,"elapsedDurationMs":null,"elapsedDuration":null,"status":"DNS","source":"Default","position":null,"diffFirstMs":null,"diffFirst":null,"diffPrevMs":null,"diffPrev":null},{"stageTimeId":50521,"stageId":894,"entryId":3448,"elapsedDurationMs":null,"elapsedDuration":null,"status":"DNS","source":"Default","position":null,"diffFirstMs":null,"diffFirst":null,"diffPrevMs":null,"diffPrev":null},{"stageTimeId":50527,"stageId":894,"entryId":3450,"elapsedDurationMs":null,"elapsedDuration":null,"status":"Running","source":"Default","position":null,"diffFirstMs":null,"diffFirst":null,"diffPrevMs":null,"diffPrev":null},{"stageTimeId":50530,"stageId":894,"entryId":3445,"elapsedDurationMs":null,"elapsedDuration":null,"status":"Running","source":"Default","position":null,"diffFirstMs":null,"diffFirst":null,"diffPrevMs":null,"diffPrev":null},{"stageTimeId":50532,"stageId":894,"entryId":3449,"elapsedDurationMs":null,"elapsedDuration":null,"status":"Running","source":"Default","position":null,"diffFirstMs":null,"diffFirst":null,"diffPrevMs":null,"diffPrev":null},{"stageTimeId":50538,"stageId":894,"entryId":3442,"elapsedDurationMs":null,"elapsedDuration":null,"status":"Running","source":"Default","position":null,"diffFirstMs":null,"diffFirst":null,"diffPrevMs":null,"diffPrev":null},{"stageTimeId":50544,"stageId":894,"entryId":3443,"elapsedDurationMs":null,"elapsedDuration":null,"status":"Running","source":"Default","position":null,"diffFirstMs":null,"diffFirst":null,"diffPrevMs":null,"diffPrev":null},{"stageTimeId":50550,"stageId":894,"entryId":3444,"elapsedDurationMs":null,"elapsedDuration":null,"status":"Running","source":"Default","position":null,"diffFirstMs":null,"diffFirst":null,"diffPrevMs":null,"diffPrev":null},{"stageTimeId":50563,"stageId":894,"entryId":3457,"elapsedDurationMs":null,"elapsedDuration":null,"status":"Running","source":"Default","position":null,"diffFirstMs":null,"diffFirst":null,"diffPrevMs":null,"diffPrev":null},{"stageTimeId":50570,"stageId":894,"entryId":3458,"elapsedDurationMs":null,"elapsedDuration":null,"status":"DNS","source":"Default","position":null,"diffFirstMs":null,"diffFirst":null,"diffPrevMs":null,"diffPrev":null},{"stageTimeId":50575,"stageId":894,"entryId":3459,"elapsedDurationMs":null,"elapsedDuration":null,"status":"Running","source":"Default","position":null,"diffFirstMs":null,"diffFirst":null,"diffPrevMs":null,"diffPrev":null},{"stageTimeId":50582,"stageId":894,"entryId":3454,"elapsedDurationMs":null,"elapsedDuration":null,"status":"Running","source":"Default","position":null,"diffFirstMs":null,"diffFirst":null,"diffPrevMs":null,"diffPrev":null},{"stageTimeId":50586,"stageId":894,"entryId":3451,"elapsedDurationMs":null,"elapsedDuration":null,"status":"Running","source":"Default","position":null,"diffFirstMs":null,"diffFirst":null,"diffPrevMs":null,"diffPrev":null},{"stageTimeId":50592,"stageId":894,"entryId":3452,"elapsedDurationMs":null,"elapsedDuration":null,"status":"DNS","source":"Default","position":null,"diffFirstMs":null,"diffFirst":null,"diffPrevMs":null,"diffPrev":null},{"stageTimeId":50598,"stageId":894,"entryId":3453,"elapsedDurationMs":null,"elapsedDuration":null,"status":"Running","source":"Default","position":null,"diffFirstMs":null,"diffFirst":null,"diffPrevMs":null,"diffPrev":null},{"stageTimeId":50604,"stageId":894,"entryId":3455,"elapsedDurationMs":null,"elapsedDuration":null,"status":"Running","source":"Default","position":null,"diffFirstMs":null,"diffFirst":null,"diffPrevMs":null,"diffPrev":null},{"stageTimeId":50611,"stageId":894,"entryId":3500,"elapsedDurationMs":null,"elapsedDuration":null,"status":"DNS","source":"Default","position":null,"diffFirstMs":null,"diffFirst":null,"diffPrevMs":null,"diffPrev":null},{"stageTimeId":50617,"stageId":894,"entryId":3516,"elapsedDurationMs":null,"elapsedDuration":null,"status":"Running","source":"Default","position":null,"diffFirstMs":null,"diffFirst":null,"diffPrevMs":null,"diffPrev":null},{"stageTimeId":50622,"stageId":894,"entryId":3463,"elapsedDurationMs":null,"elapsedDuration":null,"status":"Running","source":"Default","position":null,"diffFirstMs":null,"diffFirst":null,"diffPrevMs":null,"diffPrev":null},{"stageTimeId":50629,"stageId":894,"entryId":3524,"elapsedDurationMs":null,"elapsedDuration":null,"status":"Running","source":"Default","position":null,"diffFirstMs":null,"diffFirst":null,"diffPrevMs":null,"diffPrev":null},{"stageTimeId":50634,"stageId":894,"entryId":3512,"elapsedDurationMs":null,"elapsedDuration":null,"status":"Running","source":"Default","position":null,"diffFirstMs":null,"diffFirst":null,"diffPrevMs":null,"diffPrev":null},{"stageTimeId":50639,"stageId":894,"entryId":3488,"elapsedDurationMs":null,"elapsedDuration":null,"status":"Running","source":"Default","position":null,"diffFirstMs":null,"diffFirst":null,"diffPrevMs":null,"diffPrev":null},{"stageTimeId":50645,"stageId":894,"entryId":3492,"elapsedDurationMs":null,"elapsedDuration":null,"status":"Running","source":"Default","position":null,"diffFirstMs":null,"diffFirst":null,"diffPrevMs":null,"diffPrev":null},{"stageTimeId":50651,"stageId":894,"entryId":3505,"elapsedDurationMs":null,"elapsedDuration":null,"status":"Running","source":"Default","position":null,"diffFirstMs":null,"diffFirst":null,"diffPrevMs":null,"diffPrev":null},{"stageTimeId":50657,"stageId":894,"entryId":3521,"elapsedDurationMs":null,"elapsedDuration":null,"status":"Running","source":"Default","position":null,"diffFirstMs":null,"diffFirst":null,"diffPrevMs":null,"diffPrev":null},{"stageTimeId":50661,"stageId":894,"entryId":3499,"elapsedDurationMs":null,"elapsedDuration":null,"status":"Running","source":"Default","position":null,"diffFirstMs":null,"diffFirst":null,"diffPrevMs":null,"diffPrev":null},{"stageTimeId":50664,"stageId":894,"entryId":3502,"elapsedDurationMs":null,"elapsedDuration":null,"status":"Running","source":"Default","position":null,"diffFirstMs":null,"diffFirst":null,"diffPrevMs":null,"diffPrev":null},{"stageTimeId":50670,"stageId":894,"entryId":3515,"elapsedDurationMs":null,"elapsedDuration":null,"status":"Running","source":"Default","position":null,"diffFirstMs":null,"diffFirst":null,"diffPrevMs":null,"diffPrev":null},{"stageTimeId":50676,"stageId":894,"entryId":3525,"elapsedDurationMs":null,"elapsedDuration":null,"status":"Running","source":"Default","position":null,"diffFirstMs":null,"diffFirst":null,"diffPrevMs":null,"diffPrev":null},{"stageTimeId":50682,"stageId":894,"entryId":3518,"elapsedDurationMs":null,"elapsedDuration":null,"status":"Running","source":"Default","position":null,"diffFirstMs":null,"diffFirst":null,"diffPrevMs":null,"diffPrev":null},{"stageTimeId":50693,"stageId":894,"entryId":3501,"elapsedDurationMs":null,"elapsedDuration":null,"status":"Running","source":"Default","position":null,"diffFirstMs":null,"diffFirst":null,"diffPrevMs":null,"diffPrev":null},{"stageTimeId":50699,"stageId":894,"entryId":3473,"elapsedDurationMs":null,"elapsedDuration":null,"status":"Running","source":"Default","position":null,"diffFirstMs":null,"diffFirst":null,"diffPrevMs":null,"diffPrev":null},{"stageTimeId":50705,"stageId":894,"entryId":3510,"elapsedDurationMs":null,"elapsedDuration":null,"status":"DNS","source":"Default","position":null,"diffFirstMs":null,"diffFirst":null,"diffPrevMs":null,"diffPrev":null},{"stageTimeId":50711,"stageId":894,"entryId":3487,"elapsedDurationMs":null,"elapsedDuration":null,"status":"Running","source":"Default","position":null,"diffFirstMs":null,"diffFirst":null,"diffPrevMs":null,"diffPrev":null},{"stageTimeId":50719,"stageId":894,"entryId":3498,"elapsedDurationMs":null,"elapsedDuration":null,"status":"Running","source":"Default","position":null,"diffFirstMs":null,"diffFirst":null,"diffPrevMs":null,"diffPrev":null},{"stageTimeId":50725,"stageId":894,"entryId":3503,"elapsedDurationMs":null,"elapsedDuration":null,"status":"Running","source":"Default","position":null,"diffFirstMs":null,"diffFirst":null,"diffPrevMs":null,"diffPrev":null},{"stageTimeId":50731,"stageId":894,"entryId":3472,"elapsedDurationMs":null,"elapsedDuration":null,"status":"Running","source":"Default","position":null,"diffFirstMs":null,"diffFirst":null,"diffPrevMs":null,"diffPrev":null},{"stageTimeId":50737,"stageId":894,"entryId":3461,"elapsedDurationMs":null,"elapsedDuration":null,"status":"DNS","source":"Default","position":null,"diffFirstMs":null,"diffFirst":null,"diffPrevMs":null,"diffPrev":null},{"stageTimeId":50742,"stageId":894,"entryId":3484,"elapsedDurationMs":null,"elapsedDuration":null,"status":"Running","source":"Default","position":null,"diffFirstMs":null,"diffFirst":null,"diffPrevMs":null,"diffPrev":null},{"stageTimeId":50748,"stageId":894,"entryId":3520,"elapsedDurationMs":null,"elapsedDuration":null,"status":"Running","source":"Default","position":null,"diffFirstMs":null,"diffFirst":null,"diffPrevMs":null,"diffPrev":null},{"stageTimeId":50754,"stageId":894,"entryId":3483,"elapsedDurationMs":null,"elapsedDuration":null,"status":"DNS","source":"Default","position":null,"diffFirstMs":null,"diffFirst":null,"diffPrevMs":null,"diffPrev":null},{"stageTimeId":50760,"stageId":894,"entryId":3496,"elapsedDurationMs":null,"elapsedDuration":null,"status":"Running","source":"Default","position":null,"diffFirstMs":null,"diffFirst":null,"diffPrevMs":null,"diffPrev":null},{"stageTimeId":50773,"stageId":894,"entryId":3514,"elapsedDurationMs":null,"elapsedDuration":null,"status":"Running","source":"Default","position":null,"diffFirstMs":null,"diffFirst":null,"diffPrevMs":null,"diffPrev":null},{"stageTimeId":50779,"stageId":894,"entryId":3519,"elapsedDurationMs":null,"elapsedDuration":null,"status":"DNS","source":"Default","position":null,"diffFirstMs":null,"diffFirst":null,"diffPrevMs":null,"diffPrev":null},{"stageTimeId":50785,"stageId":894,"entryId":3508,"elapsedDurationMs":null,"elapsedDuration":null,"status":"Running","source":"Default","position":null,"diffFirstMs":null,"diffFirst":null,"diffPrevMs":null,"diffPrev":null},{"stageTimeId":50791,"stageId":894,"entryId":3475,"elapsedDurationMs":null,"elapsedDuration":null,"status":"Running","source":"Default","position":null,"diffFirstMs":null,"diffFirst":null,"diffPrevMs":null,"diffPrev":null},{"stageTimeId":50794,"stageId":894,"entryId":3482,"elapsedDurationMs":null,"elapsedDuration":null,"status":"DNS","source":"Default","position":null,"diffFirstMs":null,"diffFirst":null,"diffPrevMs":null,"diffPrev":null},{"stageTimeId":50796,"stageId":894,"entryId":3474,"elapsedDurationMs":null,"elapsedDuration":null,"status":"DNS","source":"Default","position":null,"diffFirstMs":null,"diffFirst":null,"diffPrevMs":null,"diffPrev":null},{"stageTimeId":50802,"stageId":894,"entryId":3493,"elapsedDurationMs":null,"elapsedDuration":null,"status":"DNS","source":"Default","position":null,"diffFirstMs":null,"diffFirst":null,"diffPrevMs":null,"diffPrev":null},{"stageTimeId":50808,"stageId":894,"entryId":3513,"elapsedDurationMs":null,"elapsedDuration":null,"status":"DNS","source":"Default","position":null,"diffFirstMs":null,"diffFirst":null,"diffPrevMs":null,"diffPrev":null},{"stageTimeId":50814,"stageId":894,"entryId":3471,"elapsedDurationMs":null,"elapsedDuration":null,"status":"DNS","source":"Default","position":null,"diffFirstMs":null,"diffFirst":null,"diffPrevMs":null,"diffPrev":null}]