{"splitPoints":[{"splitPointId":2596,"stageId":1288,"number":1,"distance":4.77},{"splitPointId":2597,"stageId":1288,"number":2,"distance":10.35},{"splitPointId":2598,"stageId":1288,"number":3,"distance":14.17},{"splitPointId":2599,"stageId":1288,"number":4,"distance":19.77}],"controls":[{"controlId":5415,"eventId":86,"stageId":1288,"type":"TimeControl","code":"TC17","location":"Päijälä","timingPrecision":"Minute","distance":36.95,"targetDuration":"00:59:00","targetDurationMs":3540000,"firstCarDueDateTime":"2019-08-03T13:07:00","firstCarDueDateTimeLocal":"2019-08-03T16:07:00+03:00","status":"Completed","controlPenalties":"All","roundingPolicy":"NoRounding","locked":false},{"controlId":5424,"eventId":86,"stageId":1288,"type":"StageStart","code":"SS17","location":"Päijälä 2","timingPrecision":"Minute","distance":22.87,"targetDuration":"00:03:00","targetDurationMs":180000,"firstCarDueDateTime":"2019-08-03T13:10:00","firstCarDueDateTimeLocal":"2019-08-03T16:10:00+03:00","status":"Completed","controlPenalties":"None","roundingPolicy":"RoundToClosestMinute","locked":false},{"controlId":5425,"eventId":86,"stageId":1288,"type":"FlyingFinish","code":"SF17","location":"Päijälä 2","timingPrecision":"Tenth","distance":null,"targetDuration":null,"targetDurationMs":null,"firstCarDueDateTime":null,"firstCarDueDateTimeLocal":null,"status":"Completed","controlPenalties":"None","roundingPolicy":"NoRounding","locked":false}],"stageId":1288,"eventId":86,"number":17,"name":"Päijälä 2","distance":22.87,"status":"Completed","stageType":"SpecialStage","timingPrecision":"Tenth","locked":false,"code":"SS17"}