[{"entryId":19183,"stageTimeMs":5799800,"stageTime":"PT1H36M39.8S","penaltyTimeMs":0,"penaltyTime":"PT0S","totalTimeMs":5799800,"totalTime":"PT1H36M39.8S","position":1,"diffFirstMs":0,"diffFirst":"PT0S","diffPrevMs":0,"diffPrev":"PT0S"},{"entryId":19180,"stageTimeMs":5801100,"stageTime":"PT1H36M41.1S","penaltyTimeMs":0,"penaltyTime":"PT0S","totalTimeMs":5801100,"totalTime":"PT1H36M41.1S","position":2,"diffFirstMs":1300,"diffFirst":"PT1.3S","diffPrevMs":1300,"diffPrev":"PT1.3S"},{"entryId":19188,"stageTimeMs":5805600,"stageTime":"PT1H36M45.6S","penaltyTimeMs":0,"penaltyTime":"PT0S","totalTimeMs":5805600,"totalTime":"PT1H36M45.6S","position":3,"diffFirstMs":5800,"diffFirst":"PT5.8S","diffPrevMs":4500,"diffPrev":"PT4.5S"},{"entryId":19185,"stageTimeMs":5834900,"stageTime":"PT1H37M14.9S","penaltyTimeMs":0,"penaltyTime":"PT0S","totalTimeMs":5834900,"totalTime":"PT1H37M14.9S","position":4,"diffFirstMs":35100,"diffFirst":"PT35.1S","diffPrevMs":29300,"diffPrev":"PT29.3S"},{"entryId":19187,"stageTimeMs":5863800,"stageTime":"PT1H37M43.8S","penaltyTimeMs":0,"penaltyTime":"PT0S","totalTimeMs":5863800,"totalTime":"PT1H37M43.8S","position":5,"diffFirstMs":64000,"diffFirst":"PT1M4S","diffPrevMs":28900,"diffPrev":"PT28.9S"},{"entryId":19192,"stageTimeMs":6172500,"stageTime":"PT1H42M52.5S","penaltyTimeMs":0,"penaltyTime":"PT0S","totalTimeMs":6172500,"totalTime":"PT1H42M52.5S","position":6,"diffFirstMs":372700,"diffFirst":"PT6M12.7S","diffPrevMs":308700,"diffPrev":"PT5M8.7S"},{"entryId":19191,"stageTimeMs":6182300,"stageTime":"PT1H43M2.3S","penaltyTimeMs":0,"penaltyTime":"PT0S","totalTimeMs":6182300,"totalTime":"PT1H43M2.3S","position":7,"diffFirstMs":382500,"diffFirst":"PT6M22.5S","diffPrevMs":9800,"diffPrev":"PT9.8S"},{"entryId":19182,"stageTimeMs":6237800,"stageTime":"PT1H43M57.8S","penaltyTimeMs":0,"penaltyTime":"PT0S","totalTimeMs":6237800,"totalTime":"PT1H43M57.8S","position":8,"diffFirstMs":438000,"diffFirst":"PT7M18S","diffPrevMs":55500,"diffPrev":"PT55.5S"},{"entryId":19194,"stageTimeMs":6247900,"stageTime":"PT1H44M7.9S","penaltyTimeMs":0,"penaltyTime":"PT0S","totalTimeMs":6247900,"totalTime":"PT1H44M7.9S","position":9,"diffFirstMs":448100,"diffFirst":"PT7M28.1S","diffPrevMs":10100,"diffPrev":"PT10.1S"},{"entryId":19195,"stageTimeMs":6468300,"stageTime":"PT1H47M48.3S","penaltyTimeMs":60000,"penaltyTime":"PT1M","totalTimeMs":6528300,"totalTime":"PT1H48M48.3S","position":10,"diffFirstMs":728500,"diffFirst":"PT12M8.5S","diffPrevMs":280400,"diffPrev":"PT4M40.4S"},{"entryId":19196,"stageTimeMs":6720600,"stageTime":"PT1H52M0.6S","penaltyTimeMs":30000,"penaltyTime":"PT30S","totalTimeMs":6750600,"totalTime":"PT1H52M30.6S","position":11,"diffFirstMs":950800,"diffFirst":"PT15M50.8S","diffPrevMs":222300,"diffPrev":"PT3M42.3S"},{"entryId":19186,"stageTimeMs":6649900,"stageTime":"PT1H50M49.9S","penaltyTimeMs":140000,"penaltyTime":"PT2M20S","totalTimeMs":6789900,"totalTime":"PT1H53M9.9S","position":12,"diffFirstMs":990100,"diffFirst":"PT16M30.1S","diffPrevMs":39300,"diffPrev":"PT39.3S"},{"entryId":19202,"stageTimeMs":6936800,"stageTime":"PT1H55M36.8S","penaltyTimeMs":0,"penaltyTime":"PT0S","totalTimeMs":6936800,"totalTime":"PT1H55M36.8S","position":13,"diffFirstMs":1137000,"diffFirst":"PT18M57S","diffPrevMs":146900,"diffPrev":"PT2M26.9S"},{"entryId":19184,"stageTimeMs":7069000,"stageTime":"PT1H57M49S","penaltyTimeMs":0,"penaltyTime":"PT0S","totalTimeMs":7069000,"totalTime":"PT1H57M49S","position":14,"diffFirstMs":1269200,"diffFirst":"PT21M9.2S","diffPrevMs":132200,"diffPrev":"PT2M12.2S"},{"entryId":19199,"stageTimeMs":7069700,"stageTime":"PT1H57M49.7S","penaltyTimeMs":50000,"penaltyTime":"PT50S","totalTimeMs":7119700,"totalTime":"PT1H58M39.7S","position":15,"diffFirstMs":1319900,"diffFirst":"PT21M59.9S","diffPrevMs":50700,"diffPrev":"PT50.7S"},{"entryId":19201,"stageTimeMs":7134300,"stageTime":"PT1H58M54.3S","penaltyTimeMs":0,"penaltyTime":"PT0S","totalTimeMs":7134300,"totalTime":"PT1H58M54.3S","position":16,"diffFirstMs":1334500,"diffFirst":"PT22M14.5S","diffPrevMs":14600,"diffPrev":"PT14.6S"},{"entryId":19200,"stageTimeMs":7192200,"stageTime":"PT1H59M52.2S","penaltyTimeMs":120000,"penaltyTime":"PT2M","totalTimeMs":7312200,"totalTime":"PT2H1M52.2S","position":17,"diffFirstMs":1512400,"diffFirst":"PT25M12.4S","diffPrevMs":177900,"diffPrev":"PT2M57.9S"},{"entryId":19189,"stageTimeMs":7899100,"stageTime":"PT2H11M39.1S","penaltyTimeMs":0,"penaltyTime":"PT0S","totalTimeMs":7899100,"totalTime":"PT2H11M39.1S","position":18,"diffFirstMs":2099300,"diffFirst":"PT34M59.3S","diffPrevMs":586900,"diffPrev":"PT9M46.9S"},{"entryId":19190,"stageTimeMs":7903400,"stageTime":"PT2H11M43.4S","penaltyTimeMs":0,"penaltyTime":"PT0S","totalTimeMs":7903400,"totalTime":"PT2H11M43.4S","position":19,"diffFirstMs":2103600,"diffFirst":"PT35M3.6S","diffPrevMs":4300,"diffPrev":"PT4.3S"},{"entryId":19193,"stageTimeMs":8435000,"stageTime":"PT2H20M35S","penaltyTimeMs":120000,"penaltyTime":"PT2M","totalTimeMs":8555000,"totalTime":"PT2H22M35S","position":20,"diffFirstMs":2755200,"diffFirst":"PT45M55.2S","diffPrevMs":651600,"diffPrev":"PT10M51.6S"},{"entryId":19203,"stageTimeMs":10895000,"stageTime":"PT3H1M35S","penaltyTimeMs":0,"penaltyTime":"PT0S","totalTimeMs":10895000,"totalTime":"PT3H1M35S","position":21,"diffFirstMs":5095200,"diffFirst":"PT1H24M55.2S","diffPrevMs":2340000,"diffPrev":"PT39M"}]