{"splitPoints":[{"splitPointId":2582,"stageId":1293,"number":1,"distance":4.77},{"splitPointId":2584,"stageId":1293,"number":2,"distance":10.35},{"splitPointId":2587,"stageId":1293,"number":3,"distance":14.17},{"splitPointId":2588,"stageId":1293,"number":4,"distance":19.77}],"controls":[{"controlId":5418,"eventId":86,"stageId":1293,"type":"FlyingFinish","code":"SF13","location":"Päijälä 1","timingPrecision":"Tenth","distance":null,"targetDuration":null,"targetDurationMs":null,"firstCarDueDateTime":null,"firstCarDueDateTimeLocal":null,"status":"Completed","controlPenalties":"None","roundingPolicy":"NoRounding","locked":false},{"controlId":5419,"eventId":86,"stageId":1293,"type":"StageStart","code":"SS13","location":"Päijälä 1","timingPrecision":"Minute","distance":22.87,"targetDuration":"00:03:00","targetDurationMs":180000,"firstCarDueDateTime":"2019-08-03T06:10:00","firstCarDueDateTimeLocal":"2019-08-03T09:10:00+03:00","status":"Completed","controlPenalties":"None","roundingPolicy":"RoundToClosestMinute","locked":false},{"controlId":5420,"eventId":86,"stageId":1293,"type":"TimeControl","code":"TC13","location":"Päijälä","timingPrecision":"Minute","distance":36.95,"targetDuration":"00:59:00","targetDurationMs":3540000,"firstCarDueDateTime":"2019-08-03T06:07:00","firstCarDueDateTimeLocal":"2019-08-03T09:07:00+03:00","status":"Completed","controlPenalties":"All","roundingPolicy":"NoRounding","locked":false}],"stageId":1293,"eventId":86,"number":13,"name":"Päijälä 1","distance":22.87,"status":"Completed","stageType":"SpecialStage","timingPrecision":"Tenth","locked":false,"code":"SS13"}