[{"stageTimeId":50549,"stageId":887,"entryId":3443,"elapsedDurationMs":805500,"elapsedDuration":"00:13:25.5000000","status":"Completed","source":"Default","position":1,"diffFirstMs":0,"diffFirst":"00:00:00","diffPrevMs":0,"diffPrev":"00:00:00"},{"stageTimeId":50531,"stageId":887,"entryId":3444,"elapsedDurationMs":812700,"elapsedDuration":"00:13:32.7000000","status":"Completed","source":"Default","position":2,"diffFirstMs":7200,"diffFirst":"00:00:07.2000000","diffPrevMs":7200,"diffPrev":"00:00:07.2000000"},{"stageTimeId":50508,"stageId":887,"entryId":3445,"elapsedDurationMs":814800,"elapsedDuration":"00:13:34.8000000","status":"Completed","source":"Default","position":3,"diffFirstMs":9300,"diffFirst":"00:00:09.3000000","diffPrevMs":2100,"diffPrev":"00:00:02.1000000"},{"stageTimeId":50520,"stageId":887,"entryId":3447,"elapsedDurationMs":815200,"elapsedDuration":"00:13:35.2000000","status":"Completed","source":"Default","position":4,"diffFirstMs":9700,"diffFirst":"00:00:09.7000000","diffPrevMs":400,"diffPrev":"00:00:00.4000000"},{"stageTimeId":50543,"stageId":887,"entryId":3442,"elapsedDurationMs":817500,"elapsedDuration":"00:13:37.5000000","status":"Completed","source":"Default","position":5,"diffFirstMs":12000,"diffFirst":"00:00:12","diffPrevMs":2300,"diffPrev":"00:00:02.3000000"},{"stageTimeId":50526,"stageId":887,"entryId":3448,"elapsedDurationMs":820000,"elapsedDuration":"00:13:40","status":"Completed","source":"Default","position":6,"diffFirstMs":14500,"diffFirst":"00:00:14.5000000","diffPrevMs":2500,"diffPrev":"00:00:02.5000000"},{"stageTimeId":50585,"stageId":887,"entryId":3450,"elapsedDurationMs":827900,"elapsedDuration":"00:13:47.9000000","status":"Completed","source":"Default","position":7,"diffFirstMs":22400,"diffFirst":"00:00:22.4000000","diffPrevMs":7900,"diffPrev":"00:00:07.9000000"},{"stageTimeId":50537,"stageId":887,"entryId":3449,"elapsedDurationMs":832800,"elapsedDuration":"00:13:52.8000000","status":"Completed","source":"Default","position":8,"diffFirstMs":27300,"diffFirst":"00:00:27.3000000","diffPrevMs":4900,"diffPrev":"00:00:04.9000000"},{"stageTimeId":50583,"stageId":887,"entryId":3455,"elapsedDurationMs":838300,"elapsedDuration":"00:13:58.3000000","status":"Completed","source":"Default","position":9,"diffFirstMs":32800,"diffFirst":"00:00:32.8000000","diffPrevMs":5500,"diffPrev":"00:00:05.5000000"},{"stageTimeId":50591,"stageId":887,"entryId":3451,"elapsedDurationMs":844600,"elapsedDuration":"00:14:04.6000000","status":"Completed","source":"Default","position":10,"diffFirstMs":39100,"diffFirst":"00:00:39.1000000","diffPrevMs":6300,"diffPrev":"00:00:06.3000000"},{"stageTimeId":50603,"stageId":887,"entryId":3453,"elapsedDurationMs":855400,"elapsedDuration":"00:14:15.4000000","status":"Completed","source":"Default","position":11,"diffFirstMs":49900,"diffFirst":"00:00:49.9000000","diffPrevMs":10800,"diffPrev":"00:00:10.8000000"},{"stageTimeId":50580,"stageId":887,"entryId":3459,"elapsedDurationMs":861100,"elapsedDuration":"00:14:21.1000000","status":"Completed","source":"Default","position":12,"diffFirstMs":55600,"diffFirst":"00:00:55.6000000","diffPrevMs":5700,"diffPrev":"00:00:05.7000000"},{"stageTimeId":50446,"stageId":887,"entryId":3468,"elapsedDurationMs":864000,"elapsedDuration":"00:14:24","status":"Completed","source":"Default","position":13,"diffFirstMs":58500,"diffFirst":"00:00:58.5000000","diffPrevMs":2900,"diffPrev":"00:00:02.9000000"},{"stageTimeId":50574,"stageId":887,"entryId":3458,"elapsedDurationMs":867800,"elapsedDuration":"00:14:27.8000000","status":"Completed","source":"Default","position":14,"diffFirstMs":62300,"diffFirst":"00:01:02.3000000","diffPrevMs":3800,"diffPrev":"00:00:03.8000000"},{"stageTimeId":50428,"stageId":887,"entryId":3456,"elapsedDurationMs":871700,"elapsedDuration":"00:14:31.7000000","status":"Completed","source":"Default","position":15,"diffFirstMs":66200,"diffFirst":"00:01:06.2000000","diffPrevMs":3900,"diffPrev":"00:00:03.9000000"},{"stageTimeId":50440,"stageId":887,"entryId":3460,"elapsedDurationMs":875900,"elapsedDuration":"00:14:35.9000000","status":"Completed","source":"Default","position":16,"diffFirstMs":70400,"diffFirst":"00:01:10.4000000","diffPrevMs":4200,"diffPrev":"00:00:04.2000000"},{"stageTimeId":50562,"stageId":887,"entryId":3454,"elapsedDurationMs":884400,"elapsedDuration":"00:14:44.4000000","status":"Completed","source":"Default","position":17,"diffFirstMs":78900,"diffFirst":"00:01:18.9000000","diffPrevMs":8500,"diffPrev":"00:00:08.5000000"},{"stageTimeId":50418,"stageId":887,"entryId":3462,"elapsedDurationMs":887300,"elapsedDuration":"00:14:47.3000000","status":"Completed","source":"Default","position":18,"diffFirstMs":81800,"diffFirst":"00:01:21.8000000","diffPrevMs":2900,"diffPrev":"00:00:02.9000000"},{"stageTimeId":50406,"stageId":887,"entryId":3466,"elapsedDurationMs":896100,"elapsedDuration":"00:14:56.1000000","status":"Completed","source":"Default","position":19,"diffFirstMs":90600,"diffFirst":"00:01:30.6000000","diffPrevMs":8800,"diffPrev":"00:00:08.8000000"},{"stageTimeId":50434,"stageId":887,"entryId":3467,"elapsedDurationMs":901300,"elapsedDuration":"00:15:01.3000000","status":"Completed","source":"Default","position":20,"diffFirstMs":95800,"diffFirst":"00:01:35.8000000","diffPrevMs":5200,"diffPrev":"00:00:05.2000000"},{"stageTimeId":50450,"stageId":887,"entryId":3479,"elapsedDurationMs":921000,"elapsedDuration":"00:15:21","status":"Completed","source":"Default","position":21,"diffFirstMs":115500,"diffFirst":"00:01:55.5000000","diffPrevMs":19700,"diffPrev":"00:00:19.7000000"},{"stageTimeId":50423,"stageId":887,"entryId":3480,"elapsedDurationMs":921600,"elapsedDuration":"00:15:21.6000000","status":"Completed","source":"Default","position":22,"diffFirstMs":116100,"diffFirst":"00:01:56.1000000","diffPrevMs":600,"diffPrev":"00:00:00.6000000"},{"stageTimeId":50482,"stageId":887,"entryId":3481,"elapsedDurationMs":926200,"elapsedDuration":"00:15:26.2000000","status":"Completed","source":"Default","position":23,"diffFirstMs":120700,"diffFirst":"00:02:00.7000000","diffPrevMs":4600,"diffPrev":"00:00:04.6000000"},{"stageTimeId":50718,"stageId":887,"entryId":3484,"elapsedDurationMs":929000,"elapsedDuration":"00:15:29","status":"Completed","source":"Default","position":24,"diffFirstMs":123500,"diffFirst":"00:02:03.5000000","diffPrevMs":2800,"diffPrev":"00:00:02.8000000"},{"stageTimeId":50500,"stageId":887,"entryId":3465,"elapsedDurationMs":938100,"elapsedDuration":"00:15:38.1000000","status":"Completed","source":"Default","position":25,"diffFirstMs":132600,"diffFirst":"00:02:12.6000000","diffPrevMs":9100,"diffPrev":"00:00:09.1000000"},{"stageTimeId":50459,"stageId":887,"entryId":3478,"elapsedDurationMs":940600,"elapsedDuration":"00:15:40.6000000","status":"Completed","source":"Default","position":26,"diffFirstMs":135100,"diffFirst":"00:02:15.1000000","diffPrevMs":2500,"diffPrev":"00:00:02.5000000"},{"stageTimeId":50767,"stageId":887,"entryId":3486,"elapsedDurationMs":944100,"elapsedDuration":"00:15:44.1000000","status":"Completed","source":"Default","position":27,"diffFirstMs":138600,"diffFirst":"00:02:18.6000000","diffPrevMs":3500,"diffPrev":"00:00:03.5000000"},{"stageTimeId":50494,"stageId":887,"entryId":3497,"elapsedDurationMs":947100,"elapsedDuration":"00:15:47.1000000","status":"Completed","source":"Default","position":28,"diffFirstMs":141600,"diffFirst":"00:02:21.6000000","diffPrevMs":3000,"diffPrev":"00:00:03"},{"stageTimeId":50453,"stageId":887,"entryId":3477,"elapsedDurationMs":952500,"elapsedDuration":"00:15:52.5000000","status":"Completed","source":"Default","position":29,"diffFirstMs":147000,"diffFirst":"00:02:27","diffPrevMs":5400,"diffPrev":"00:00:05.4000000"},{"stageTimeId":50465,"stageId":887,"entryId":3506,"elapsedDurationMs":955900,"elapsedDuration":"00:15:55.9000000","status":"Completed","source":"Default","position":30,"diffFirstMs":150400,"diffFirst":"00:02:30.4000000","diffPrevMs":3400,"diffPrev":"00:00:03.4000000"},{"stageTimeId":50488,"stageId":887,"entryId":3469,"elapsedDurationMs":957800,"elapsedDuration":"00:15:57.8000000","status":"Completed","source":"Default","position":31,"diffFirstMs":152300,"diffFirst":"00:02:32.3000000","diffPrevMs":1900,"diffPrev":"00:00:01.9000000"},{"stageTimeId":50398,"stageId":887,"entryId":3503,"elapsedDurationMs":962600,"elapsedDuration":"00:16:02.6000000","status":"Completed","source":"Default","position":32,"diffFirstMs":157100,"diffFirst":"00:02:37.1000000","diffPrevMs":4800,"diffPrev":"00:00:04.8000000"},{"stageTimeId":50471,"stageId":887,"entryId":3470,"elapsedDurationMs":964300,"elapsedDuration":"00:16:04.3000000","status":"Completed","source":"Default","position":33,"diffFirstMs":158800,"diffFirst":"00:02:38.8000000","diffPrevMs":1700,"diffPrev":"00:00:01.7000000"},{"stageTimeId":50736,"stageId":887,"entryId":3472,"elapsedDurationMs":965900,"elapsedDuration":"00:16:05.9000000","status":"Completed","source":"Default","position":34,"diffFirstMs":160400,"diffFirst":"00:02:40.4000000","diffPrevMs":1600,"diffPrev":"00:00:01.6000000"},{"stageTimeId":50769,"stageId":887,"entryId":3461,"elapsedDurationMs":980600,"elapsedDuration":"00:16:20.6000000","status":"Completed","source":"Default","position":35,"diffFirstMs":175100,"diffFirst":"00:02:55.1000000","diffPrevMs":14700,"diffPrev":"00:00:14.7000000"},{"stageTimeId":50765,"stageId":887,"entryId":3496,"elapsedDurationMs":994700,"elapsedDuration":"00:16:34.7000000","status":"Completed","source":"Default","position":36,"diffFirstMs":189200,"diffFirst":"00:03:09.2000000","diffPrevMs":14100,"diffPrev":"00:00:14.1000000"},{"stageTimeId":50753,"stageId":887,"entryId":3520,"elapsedDurationMs":997100,"elapsedDuration":"00:16:37.1000000","status":"Completed","source":"Default","position":37,"diffFirstMs":191600,"diffFirst":"00:03:11.6000000","diffPrevMs":2400,"diffPrev":"00:00:02.4000000"},{"stageTimeId":50724,"stageId":887,"entryId":3498,"elapsedDurationMs":1000200,"elapsedDuration":"00:16:40.2000000","status":"Completed","source":"Default","position":38,"diffFirstMs":194700,"diffFirst":"00:03:14.7000000","diffPrevMs":3100,"diffPrev":"00:00:03.1000000"},{"stageTimeId":50747,"stageId":887,"entryId":3500,"elapsedDurationMs":1001400,"elapsedDuration":"00:16:41.4000000","status":"Completed","source":"Default","position":39,"diffFirstMs":195900,"diffFirst":"00:03:15.9000000","diffPrevMs":1200,"diffPrev":"00:00:01.2000000"},{"stageTimeId":50790,"stageId":887,"entryId":3508,"elapsedDurationMs":1013200,"elapsedDuration":"00:16:53.2000000","status":"Completed","source":"Default","position":40,"diffFirstMs":207700,"diffFirst":"00:03:27.7000000","diffPrevMs":11800,"diffPrev":"00:00:11.8000000"},{"stageTimeId":50813,"stageId":887,"entryId":3513,"elapsedDurationMs":1014700,"elapsedDuration":"00:16:54.7000000","status":"Completed","source":"Default","position":41,"diffFirstMs":209200,"diffFirst":"00:03:29.2000000","diffPrevMs":1500,"diffPrev":"00:00:01.5000000"},{"stageTimeId":50778,"stageId":887,"entryId":3514,"elapsedDurationMs":1027800,"elapsedDuration":"00:17:07.8000000","status":"Completed","source":"Default","position":42,"diffFirstMs":222300,"diffFirst":"00:03:42.3000000","diffPrevMs":13100,"diffPrev":"00:00:13.1000000"},{"stageTimeId":50807,"stageId":887,"entryId":3493,"elapsedDurationMs":1033000,"elapsedDuration":"00:17:13","status":"Completed","source":"Default","position":43,"diffFirstMs":227500,"diffFirst":"00:03:47.5000000","diffPrevMs":5200,"diffPrev":"00:00:05.2000000"},{"stageTimeId":50568,"stageId":887,"entryId":3457,"elapsedDurationMs":1035700,"elapsedDuration":"00:17:15.7000000","status":"Completed","source":"Default","position":44,"diffFirstMs":230200,"diffFirst":"00:03:50.2000000","diffPrevMs":2700,"diffPrev":"00:00:02.7000000"},{"stageTimeId":50362,"stageId":887,"entryId":3476,"elapsedDurationMs":1038300,"elapsedDuration":"00:17:18.3000000","status":"Completed","source":"Default","position":45,"diffFirstMs":232800,"diffFirst":"00:03:52.8000000","diffPrevMs":2600,"diffPrev":"00:00:02.6000000"},{"stageTimeId":50616,"stageId":887,"entryId":3463,"elapsedDurationMs":1048200,"elapsedDuration":"00:17:28.2000000","status":"Completed","source":"Default","position":46,"diffFirstMs":242700,"diffFirst":"00:04:02.7000000","diffPrevMs":9900,"diffPrev":"00:00:09.9000000"},{"stageTimeId":50650,"stageId":887,"entryId":3492,"elapsedDurationMs":1049600,"elapsedDuration":"00:17:29.6000000","status":"Completed","source":"Default","position":47,"diffFirstMs":244100,"diffFirst":"00:04:04.1000000","diffPrevMs":1400,"diffPrev":"00:00:01.4000000"},{"stageTimeId":50644,"stageId":887,"entryId":3488,"elapsedDurationMs":1050600,"elapsedDuration":"00:17:30.6000000","status":"Completed","source":"Default","position":48,"diffFirstMs":245100,"diffFirst":"00:04:05.1000000","diffPrevMs":1000,"diffPrev":"00:00:01"},{"stageTimeId":50784,"stageId":887,"entryId":3519,"elapsedDurationMs":1059100,"elapsedDuration":"00:17:39.1000000","status":"Completed","source":"Default","position":49,"diffFirstMs":253600,"diffFirst":"00:04:13.6000000","diffPrevMs":8500,"diffPrev":"00:00:08.5000000"},{"stageTimeId":50638,"stageId":887,"entryId":3475,"elapsedDurationMs":1061800,"elapsedDuration":"00:17:41.8000000","status":"Completed","source":"Default","position":50,"diffFirstMs":256300,"diffFirst":"00:04:16.3000000","diffPrevMs":2700,"diffPrev":"00:00:02.7000000"},{"stageTimeId":50636,"stageId":887,"entryId":3521,"elapsedDurationMs":1080700,"elapsedDuration":"00:18:00.7000000","status":"Completed","source":"Default","position":51,"diffFirstMs":275200,"diffFirst":"00:04:35.2000000","diffPrevMs":18900,"diffPrev":"00:00:18.9000000"},{"stageTimeId":50692,"stageId":887,"entryId":3499,"elapsedDurationMs":1081200,"elapsedDuration":"00:18:01.2000000","status":"Completed","source":"Default","position":52,"diffFirstMs":275700,"diffFirst":"00:04:35.7000000","diffPrevMs":500,"diffPrev":"00:00:00.5000000"},{"stageTimeId":50656,"stageId":887,"entryId":3505,"elapsedDurationMs":1090100,"elapsedDuration":"00:18:10.1000000","status":"Completed","source":"Default","position":53,"diffFirstMs":284600,"diffFirst":"00:04:44.6000000","diffPrevMs":8900,"diffPrev":"00:00:08.9000000"},{"stageTimeId":50356,"stageId":887,"entryId":3491,"elapsedDurationMs":1093900,"elapsedDuration":"00:18:13.9000000","status":"Completed","source":"Default","position":54,"diffFirstMs":288400,"diffFirst":"00:04:48.4000000","diffPrevMs":3800,"diffPrev":"00:00:03.8000000"},{"stageTimeId":50674,"stageId":887,"entryId":3487,"elapsedDurationMs":1094400,"elapsedDuration":"00:18:14.4000000","status":"Completed","source":"Default","position":55,"diffFirstMs":288900,"diffFirst":"00:04:48.9000000","diffPrevMs":500,"diffPrev":"00:00:00.5000000"},{"stageTimeId":50704,"stageId":887,"entryId":3473,"elapsedDurationMs":1098200,"elapsedDuration":"00:18:18.2000000","status":"Completed","source":"Default","position":56,"diffFirstMs":292700,"diffFirst":"00:04:52.7000000","diffPrevMs":3800,"diffPrev":"00:00:03.8000000"},{"stageTimeId":50628,"stageId":887,"entryId":3512,"elapsedDurationMs":1098500,"elapsedDuration":"00:18:18.5000000","status":"Completed","source":"Default","position":57,"diffFirstMs":293000,"diffFirst":"00:04:53","diffPrevMs":300,"diffPrev":"00:00:00.3000000"},{"stageTimeId":50623,"stageId":887,"entryId":3516,"elapsedDurationMs":1113900,"elapsedDuration":"00:18:33.9000000","status":"Completed","source":"Default","position":58,"diffFirstMs":308400,"diffFirst":"00:05:08.4000000","diffPrevMs":15400,"diffPrev":"00:00:15.4000000"},{"stageTimeId":50330,"stageId":887,"entryId":3509,"elapsedDurationMs":1116500,"elapsedDuration":"00:18:36.5000000","status":"Completed","source":"Default","position":59,"diffFirstMs":311000,"diffFirst":"00:05:11","diffPrevMs":2600,"diffPrev":"00:00:02.6000000"},{"stageTimeId":50686,"stageId":887,"entryId":3515,"elapsedDurationMs":1118300,"elapsedDuration":"00:18:38.3000000","status":"Completed","source":"Default","position":60,"diffFirstMs":312800,"diffFirst":"00:05:12.8000000","diffPrevMs":1800,"diffPrev":"00:00:01.8000000"},{"stageTimeId":50387,"stageId":887,"entryId":3517,"elapsedDurationMs":1121300,"elapsedDuration":"00:18:41.3000000","status":"Completed","source":"Default","position":61,"diffFirstMs":315800,"diffFirst":"00:05:15.8000000","diffPrevMs":3000,"diffPrev":"00:00:03"},{"stageTimeId":50681,"stageId":887,"entryId":3525,"elapsedDurationMs":1121900,"elapsedDuration":"00:18:41.9000000","status":"Completed","source":"Default","position":62,"diffFirstMs":316400,"diffFirst":"00:05:16.4000000","diffPrevMs":600,"diffPrev":"00:00:00.6000000"},{"stageTimeId":50698,"stageId":887,"entryId":3501,"elapsedDurationMs":1124300,"elapsedDuration":"00:18:44.3000000","status":"Completed","source":"Default","position":63,"diffFirstMs":318800,"diffFirst":"00:05:18.8000000","diffPrevMs":2400,"diffPrev":"00:00:02.4000000"},{"stageTimeId":50635,"stageId":887,"entryId":3524,"elapsedDurationMs":1128300,"elapsedDuration":"00:18:48.3000000","status":"Completed","source":"Default","position":64,"diffFirstMs":322800,"diffFirst":"00:05:22.8000000","diffPrevMs":4000,"diffPrev":"00:00:04"},{"stageTimeId":50390,"stageId":887,"entryId":3504,"elapsedDurationMs":1131300,"elapsedDuration":"00:18:51.3000000","status":"Completed","source":"Default","position":65,"diffFirstMs":325800,"diffFirst":"00:05:25.8000000","diffPrevMs":3000,"diffPrev":"00:00:03"},{"stageTimeId":50392,"stageId":887,"entryId":3490,"elapsedDurationMs":1131700,"elapsedDuration":"00:18:51.7000000","status":"Completed","source":"Default","position":66,"diffFirstMs":326200,"diffFirst":"00:05:26.2000000","diffPrevMs":400,"diffPrev":"00:00:00.4000000"},{"stageTimeId":50378,"stageId":887,"entryId":3495,"elapsedDurationMs":1144200,"elapsedDuration":"00:19:04.2000000","status":"Completed","source":"Default","position":67,"diffFirstMs":338700,"diffFirst":"00:05:38.7000000","diffPrevMs":12500,"diffPrev":"00:00:12.5000000"},{"stageTimeId":50395,"stageId":887,"entryId":3511,"elapsedDurationMs":1153000,"elapsedDuration":"00:19:13","status":"Completed","source":"Default","position":68,"diffFirstMs":347500,"diffFirst":"00:05:47.5000000","diffPrevMs":8800,"diffPrev":"00:00:08.8000000"},{"stageTimeId":50609,"stageId":887,"entryId":3518,"elapsedDurationMs":1157800,"elapsedDuration":"00:19:17.8000000","status":"Completed","source":"Default","position":69,"diffFirstMs":352300,"diffFirst":"00:05:52.3000000","diffPrevMs":4800,"diffPrev":"00:00:04.8000000"},{"stageTimeId":50316,"stageId":887,"entryId":3464,"elapsedDurationMs":1167900,"elapsedDuration":"00:19:27.9000000","status":"Completed","source":"Default","position":70,"diffFirstMs":362400,"diffFirst":"00:06:02.4000000","diffPrevMs":10100,"diffPrev":"00:00:10.1000000"},{"stageTimeId":50338,"stageId":887,"entryId":3523,"elapsedDurationMs":1172800,"elapsedDuration":"00:19:32.8000000","status":"Completed","source":"Default","position":71,"diffFirstMs":367300,"diffFirst":"00:06:07.3000000","diffPrevMs":4900,"diffPrev":"00:00:04.9000000"},{"stageTimeId":50347,"stageId":887,"entryId":3494,"elapsedDurationMs":1182200,"elapsedDuration":"00:19:42.2000000","status":"Completed","source":"Default","position":72,"diffFirstMs":376700,"diffFirst":"00:06:16.7000000","diffPrevMs":9400,"diffPrev":"00:00:09.4000000"},{"stageTimeId":50354,"stageId":887,"entryId":3489,"elapsedDurationMs":1195000,"elapsedDuration":"00:19:55","status":"Completed","source":"Default","position":73,"diffFirstMs":389500,"diffFirst":"00:06:29.5000000","diffPrevMs":12800,"diffPrev":"00:00:12.8000000"},{"stageTimeId":50669,"stageId":887,"entryId":3502,"elapsedDurationMs":1202200,"elapsedDuration":"00:20:02.2000000","status":"Completed","source":"Default","position":74,"diffFirstMs":396700,"diffFirst":"00:06:36.7000000","diffPrevMs":7200,"diffPrev":"00:00:07.2000000"},{"stageTimeId":50514,"stageId":887,"entryId":3446,"elapsedDurationMs":1225500,"elapsedDuration":"00:20:25.5000000","status":"Completed","source":"Assessed","position":75,"diffFirstMs":420000,"diffFirst":"00:07:00","diffPrevMs":23300,"diffPrev":"00:00:23.3000000"},{"stageTimeId":50597,"stageId":887,"entryId":3452,"elapsedDurationMs":1225500,"elapsedDuration":"00:20:25.5000000","status":"Completed","source":"Assessed","position":76,"diffFirstMs":420000,"diffFirst":"00:07:00","diffPrevMs":0,"diffPrev":"00:00:00"},{"stageTimeId":50795,"stageId":887,"entryId":3471,"elapsedDurationMs":1284000,"elapsedDuration":"00:21:24","status":"Completed","source":"Assessed","position":77,"diffFirstMs":478500,"diffFirst":"00:07:58.5000000","diffPrevMs":58500,"diffPrev":"00:00:58.5000000"},{"stageTimeId":50411,"stageId":887,"entryId":3485,"elapsedDurationMs":1284000,"elapsedDuration":"00:21:24","status":"Completed","source":"Assessed","position":78,"diffFirstMs":478500,"diffFirst":"00:07:58.5000000","diffPrevMs":0,"diffPrev":"00:00:00"},{"stageTimeId":50372,"stageId":887,"entryId":3507,"elapsedDurationMs":1298400,"elapsedDuration":"00:21:38.4000000","status":"Completed","source":"Default","position":79,"diffFirstMs":492900,"diffFirst":"00:08:12.9000000","diffPrevMs":14400,"diffPrev":"00:00:14.4000000"},{"stageTimeId":50399,"stageId":887,"entryId":3522,"elapsedDurationMs":1500700,"elapsedDuration":"00:25:00.7000000","status":"Completed","source":"Assessed","position":80,"diffFirstMs":695200,"diffFirst":"00:11:35.2000000","diffPrevMs":202300,"diffPrev":"00:03:22.3000000"},{"stageTimeId":50710,"stageId":887,"entryId":3510,"elapsedDurationMs":1547100,"elapsedDuration":"00:25:47.1000000","status":"Completed","source":"Assessed","position":81,"diffFirstMs":741600,"diffFirst":"00:12:21.6000000","diffPrevMs":46400,"diffPrev":"00:00:46.4000000"},{"stageTimeId":50759,"stageId":887,"entryId":3483,"elapsedDurationMs":null,"elapsedDuration":null,"status":"DNS","source":"Default","position":null,"diffFirstMs":null,"diffFirst":null,"diffPrevMs":null,"diffPrev":null},{"stageTimeId":50772,"stageId":887,"entryId":3482,"elapsedDurationMs":null,"elapsedDuration":null,"status":"DNS","source":"Default","position":null,"diffFirstMs":null,"diffFirst":null,"diffPrevMs":null,"diffPrev":null},{"stageTimeId":50801,"stageId":887,"entryId":3474,"elapsedDurationMs":null,"elapsedDuration":null,"status":"DNS","source":"Default","position":null,"diffFirstMs":null,"diffFirst":null,"diffPrevMs":null,"diffPrev":null}]