[{"startDateTime":"2019-10-06T06:30:00","startDateTimeLocal":"2019-10-06T07:30:00+01:00","stageTimeDurationMs":330700,"stageTimeDuration":"00:05:30.7000000","splitPointTimeId":96528,"splitPointId":2972,"entryId":20362,"elapsedDurationMs":134100,"elapsedDuration":"PT2M14.1S","splitDateTime":"2019-10-06T06:32:14.1","splitDateTimeLocal":"2019-10-06T07:32:14.1+01:00"},{"startDateTime":"2019-10-06T06:32:00","startDateTimeLocal":"2019-10-06T07:32:00+01:00","stageTimeDurationMs":330100,"stageTimeDuration":"00:05:30.1000000","splitPointTimeId":96530,"splitPointId":2972,"entryId":20369,"elapsedDurationMs":134400,"elapsedDuration":"PT2M14.4S","splitDateTime":"2019-10-06T06:34:14.4","splitDateTimeLocal":"2019-10-06T07:34:14.4+01:00"},{"startDateTime":"2019-10-06T06:34:00","startDateTimeLocal":"2019-10-06T07:34:00+01:00","stageTimeDurationMs":332900,"stageTimeDuration":"00:05:32.9000000","splitPointTimeId":96532,"splitPointId":2972,"entryId":20364,"elapsedDurationMs":134800,"elapsedDuration":"PT2M14.8S","splitDateTime":"2019-10-06T06:36:14.8","splitDateTimeLocal":"2019-10-06T07:36:14.8+01:00"},{"startDateTime":"2019-10-06T06:36:00","startDateTimeLocal":"2019-10-06T07:36:00+01:00","stageTimeDurationMs":326600,"stageTimeDuration":"00:05:26.6000000","splitPointTimeId":96534,"splitPointId":2972,"entryId":20368,"elapsedDurationMs":133600,"elapsedDuration":"PT2M13.6S","splitDateTime":"2019-10-06T06:38:13.6","splitDateTimeLocal":"2019-10-06T07:38:13.6+01:00"},{"startDateTime":"2019-10-06T06:38:00","startDateTimeLocal":"2019-10-06T07:38:00+01:00","stageTimeDurationMs":328100,"stageTimeDuration":"00:05:28.1000000","splitPointTimeId":96536,"splitPointId":2972,"entryId":20370,"elapsedDurationMs":133500,"elapsedDuration":"PT2M13.5S","splitDateTime":"2019-10-06T06:40:13.5","splitDateTimeLocal":"2019-10-06T07:40:13.5+01:00"},{"startDateTime":"2019-10-06T06:40:00","startDateTimeLocal":"2019-10-06T07:40:00+01:00","stageTimeDurationMs":329600,"stageTimeDuration":"00:05:29.6000000","splitPointTimeId":96538,"splitPointId":2972,"entryId":20363,"elapsedDurationMs":133500,"elapsedDuration":"PT2M13.5S","splitDateTime":"2019-10-06T06:42:13.5","splitDateTimeLocal":"2019-10-06T07:42:13.5+01:00"},{"startDateTime":"2019-10-06T06:42:00","startDateTimeLocal":"2019-10-06T07:42:00+01:00","stageTimeDurationMs":330500,"stageTimeDuration":"00:05:30.5000000","splitPointTimeId":96540,"splitPointId":2972,"entryId":20360,"elapsedDurationMs":134000,"elapsedDuration":"PT2M14S","splitDateTime":"2019-10-06T06:44:14","splitDateTimeLocal":"2019-10-06T07:44:14+01:00"},{"startDateTime":"2019-10-06T06:44:00","startDateTimeLocal":"2019-10-06T07:44:00+01:00","stageTimeDurationMs":326400,"stageTimeDuration":"00:05:26.4000000","splitPointTimeId":96542,"splitPointId":2972,"entryId":20367,"elapsedDurationMs":133400,"elapsedDuration":"PT2M13.4S","splitDateTime":"2019-10-06T06:46:13.4","splitDateTimeLocal":"2019-10-06T07:46:13.4+01:00"},{"startDateTime":"2019-10-06T06:46:00","startDateTimeLocal":"2019-10-06T07:46:00+01:00","stageTimeDurationMs":326300,"stageTimeDuration":"00:05:26.3000000","splitPointTimeId":96544,"splitPointId":2972,"entryId":20365,"elapsedDurationMs":134100,"elapsedDuration":"PT2M14.1S","splitDateTime":"2019-10-06T06:48:14.1","splitDateTimeLocal":"2019-10-06T07:48:14.1+01:00"},{"startDateTime":"2019-10-06T06:48:00","startDateTimeLocal":"2019-10-06T07:48:00+01:00","stageTimeDurationMs":352300,"stageTimeDuration":"00:05:52.3000000","splitPointTimeId":96546,"splitPointId":2972,"entryId":20371,"elapsedDurationMs":143500,"elapsedDuration":"PT2M23.5S","splitDateTime":"2019-10-06T06:50:23.5","splitDateTimeLocal":"2019-10-06T07:50:23.5+01:00"},{"startDateTime":"2019-10-06T06:50:00","startDateTimeLocal":"2019-10-06T07:50:00+01:00","stageTimeDurationMs":357600,"stageTimeDuration":"00:05:57.6000000","splitPointTimeId":96547,"splitPointId":2972,"entryId":20374,"elapsedDurationMs":145900,"elapsedDuration":"PT2M25.9S","splitDateTime":"2019-10-06T06:52:25.9","splitDateTimeLocal":"2019-10-06T07:52:25.9+01:00"},{"startDateTime":"2019-10-06T06:52:00","startDateTimeLocal":"2019-10-06T07:52:00+01:00","stageTimeDurationMs":350100,"stageTimeDuration":"00:05:50.1000000","splitPointTimeId":96549,"splitPointId":2972,"entryId":20373,"elapsedDurationMs":144200,"elapsedDuration":"PT2M24.2S","splitDateTime":"2019-10-06T06:54:24.2","splitDateTimeLocal":"2019-10-06T07:54:24.2+01:00"},{"startDateTime":"2019-10-06T06:54:00","startDateTimeLocal":"2019-10-06T07:54:00+01:00","stageTimeDurationMs":345800,"stageTimeDuration":"00:05:45.8000000","splitPointTimeId":96552,"splitPointId":2972,"entryId":20375,"elapsedDurationMs":141600,"elapsedDuration":"PT2M21.6S","splitDateTime":"2019-10-06T06:56:21.6","splitDateTimeLocal":"2019-10-06T07:56:21.6+01:00"},{"startDateTime":"2019-10-06T06:56:00","startDateTimeLocal":"2019-10-06T07:56:00+01:00","stageTimeDurationMs":347100,"stageTimeDuration":"00:05:47.1000000","splitPointTimeId":96553,"splitPointId":2972,"entryId":20372,"elapsedDurationMs":142200,"elapsedDuration":"PT2M22.2S","splitDateTime":"2019-10-06T06:58:22.2","splitDateTimeLocal":"2019-10-06T07:58:22.2+01:00"},{"startDateTime":"2019-10-06T06:58:00","startDateTimeLocal":"2019-10-06T07:58:00+01:00","stageTimeDurationMs":352300,"stageTimeDuration":"00:05:52.3000000","splitPointTimeId":96556,"splitPointId":2972,"entryId":20389,"elapsedDurationMs":142600,"elapsedDuration":"PT2M22.6S","splitDateTime":"2019-10-06T07:00:22.6","splitDateTimeLocal":"2019-10-06T08:00:22.6+01:00"},{"startDateTime":"2019-10-06T06:59:00","startDateTimeLocal":"2019-10-06T07:59:00+01:00","stageTimeDurationMs":356000,"stageTimeDuration":"00:05:56","splitPointTimeId":96557,"splitPointId":2972,"entryId":20403,"elapsedDurationMs":143900,"elapsedDuration":"PT2M23.9S","splitDateTime":"2019-10-06T07:01:23.9","splitDateTimeLocal":"2019-10-06T08:01:23.9+01:00"},{"startDateTime":"2019-10-06T07:00:00","startDateTimeLocal":"2019-10-06T08:00:00+01:00","stageTimeDurationMs":352500,"stageTimeDuration":"00:05:52.5000000","splitPointTimeId":96558,"splitPointId":2972,"entryId":20406,"elapsedDurationMs":144600,"elapsedDuration":"PT2M24.6S","splitDateTime":"2019-10-06T07:02:24.6","splitDateTimeLocal":"2019-10-06T08:02:24.6+01:00"},{"startDateTime":"2019-10-06T07:01:00","startDateTimeLocal":"2019-10-06T08:01:00+01:00","stageTimeDurationMs":355300,"stageTimeDuration":"00:05:55.3000000","splitPointTimeId":96560,"splitPointId":2972,"entryId":20377,"elapsedDurationMs":145300,"elapsedDuration":"PT2M25.3S","splitDateTime":"2019-10-06T07:03:25.3","splitDateTimeLocal":"2019-10-06T08:03:25.3+01:00"},{"startDateTime":"2019-10-06T07:02:00","startDateTimeLocal":"2019-10-06T08:02:00+01:00","stageTimeDurationMs":359400,"stageTimeDuration":"00:05:59.4000000","splitPointTimeId":96562,"splitPointId":2972,"entryId":20404,"elapsedDurationMs":145500,"elapsedDuration":"PT2M25.5S","splitDateTime":"2019-10-06T07:04:25.5","splitDateTimeLocal":"2019-10-06T08:04:25.5+01:00"},{"startDateTime":"2019-10-06T07:03:00","startDateTimeLocal":"2019-10-06T08:03:00+01:00","stageTimeDurationMs":355200,"stageTimeDuration":"00:05:55.2000000","splitPointTimeId":96564,"splitPointId":2972,"entryId":20387,"elapsedDurationMs":145300,"elapsedDuration":"PT2M25.3S","splitDateTime":"2019-10-06T07:05:25.3","splitDateTimeLocal":"2019-10-06T08:05:25.3+01:00"},{"startDateTime":"2019-10-06T07:04:00","startDateTimeLocal":"2019-10-06T08:04:00+01:00","stageTimeDurationMs":355300,"stageTimeDuration":"00:05:55.3000000","splitPointTimeId":96566,"splitPointId":2972,"entryId":20383,"elapsedDurationMs":144500,"elapsedDuration":"PT2M24.5S","splitDateTime":"2019-10-06T07:06:24.5","splitDateTimeLocal":"2019-10-06T08:06:24.5+01:00"},{"startDateTime":"2019-10-06T07:05:00","startDateTimeLocal":"2019-10-06T08:05:00+01:00","stageTimeDurationMs":403900,"stageTimeDuration":"00:06:43.9000000","splitPointTimeId":96569,"splitPointId":2972,"entryId":20393,"elapsedDurationMs":167900,"elapsedDuration":"PT2M47.9S","splitDateTime":"2019-10-06T07:07:47.9","splitDateTimeLocal":"2019-10-06T08:07:47.9+01:00"},{"startDateTime":"2019-10-06T07:06:00","startDateTimeLocal":"2019-10-06T08:06:00+01:00","stageTimeDurationMs":393100,"stageTimeDuration":"00:06:33.1000000","splitPointTimeId":96571,"splitPointId":2972,"entryId":20392,"elapsedDurationMs":163300,"elapsedDuration":"PT2M43.3S","splitDateTime":"2019-10-06T07:08:43.3","splitDateTimeLocal":"2019-10-06T08:08:43.3+01:00"},{"startDateTime":"2019-10-06T07:07:00","startDateTimeLocal":"2019-10-06T08:07:00+01:00","stageTimeDurationMs":400200,"stageTimeDuration":"00:06:40.2000000","splitPointTimeId":96572,"splitPointId":2972,"entryId":20398,"elapsedDurationMs":166000,"elapsedDuration":"PT2M46S","splitDateTime":"2019-10-06T07:09:46","splitDateTimeLocal":"2019-10-06T08:09:46+01:00"},{"startDateTime":"2019-10-06T07:08:00","startDateTimeLocal":"2019-10-06T08:08:00+01:00","stageTimeDurationMs":404800,"stageTimeDuration":"00:06:44.8000000","splitPointTimeId":96575,"splitPointId":2972,"entryId":20399,"elapsedDurationMs":168800,"elapsedDuration":"PT2M48.8S","splitDateTime":"2019-10-06T07:10:48.8","splitDateTimeLocal":"2019-10-06T08:10:48.8+01:00"},{"startDateTime":"2019-10-06T07:09:00","startDateTimeLocal":"2019-10-06T08:09:00+01:00","stageTimeDurationMs":458600,"stageTimeDuration":"00:07:38.6000000","splitPointTimeId":96578,"splitPointId":2972,"entryId":20397,"elapsedDurationMs":182500,"elapsedDuration":"PT3M2.5S","splitDateTime":"2019-10-06T07:12:02.5","splitDateTimeLocal":"2019-10-06T08:12:02.5+01:00"},{"startDateTime":"2019-10-06T07:10:00","startDateTimeLocal":"2019-10-06T08:10:00+01:00","stageTimeDurationMs":409900,"stageTimeDuration":"00:06:49.9000000","splitPointTimeId":96580,"splitPointId":2972,"entryId":20401,"elapsedDurationMs":168500,"elapsedDuration":"PT2M48.5S","splitDateTime":"2019-10-06T07:12:48.5","splitDateTimeLocal":"2019-10-06T08:12:48.5+01:00"},{"startDateTime":"2019-10-06T07:11:00","startDateTimeLocal":"2019-10-06T08:11:00+01:00","stageTimeDurationMs":432800,"stageTimeDuration":"00:07:12.8000000","splitPointTimeId":96583,"splitPointId":2972,"entryId":20402,"elapsedDurationMs":178400,"elapsedDuration":"PT2M58.4S","splitDateTime":"2019-10-06T07:13:58.4","splitDateTimeLocal":"2019-10-06T08:13:58.4+01:00"},{"startDateTime":"2019-10-06T07:13:00","startDateTimeLocal":"2019-10-06T08:13:00+01:00","stageTimeDurationMs":394600,"stageTimeDuration":"00:06:34.6000000","splitPointTimeId":96587,"splitPointId":2972,"entryId":20396,"elapsedDurationMs":162500,"elapsedDuration":"PT2M42.5S","splitDateTime":"2019-10-06T07:15:42.5","splitDateTimeLocal":"2019-10-06T08:15:42.5+01:00"},{"startDateTime":"2019-10-06T07:14:00","startDateTimeLocal":"2019-10-06T08:14:00+01:00","stageTimeDurationMs":392800,"stageTimeDuration":"00:06:32.8000000","splitPointTimeId":96590,"splitPointId":2972,"entryId":20394,"elapsedDurationMs":164100,"elapsedDuration":"PT2M44.1S","splitDateTime":"2019-10-06T07:16:44.1","splitDateTimeLocal":"2019-10-06T08:16:44.1+01:00"},{"startDateTime":"2019-10-06T07:15:00","startDateTimeLocal":"2019-10-06T08:15:00+01:00","stageTimeDurationMs":394800,"stageTimeDuration":"00:06:34.8000000","splitPointTimeId":96592,"splitPointId":2972,"entryId":20395,"elapsedDurationMs":164400,"elapsedDuration":"PT2M44.4S","splitDateTime":"2019-10-06T07:17:44.4","splitDateTimeLocal":"2019-10-06T08:17:44.4+01:00"},{"startDateTime":"2019-10-06T07:17:00","startDateTimeLocal":"2019-10-06T08:17:00+01:00","stageTimeDurationMs":356800,"stageTimeDuration":"00:05:56.8000000","splitPointTimeId":96596,"splitPointId":2972,"entryId":20381,"elapsedDurationMs":143900,"elapsedDuration":"PT2M23.9S","splitDateTime":"2019-10-06T07:19:23.9","splitDateTimeLocal":"2019-10-06T08:19:23.9+01:00"},{"startDateTime":"2019-10-06T07:18:00","startDateTimeLocal":"2019-10-06T08:18:00+01:00","stageTimeDurationMs":358000,"stageTimeDuration":"00:05:58","splitPointTimeId":96599,"splitPointId":2972,"entryId":20380,"elapsedDurationMs":145300,"elapsedDuration":"PT2M25.3S","splitDateTime":"2019-10-06T07:20:25.3","splitDateTimeLocal":"2019-10-06T08:20:25.3+01:00"},{"startDateTime":"2019-10-06T07:19:00","startDateTimeLocal":"2019-10-06T08:19:00+01:00","stageTimeDurationMs":359900,"stageTimeDuration":"00:05:59.9000000","splitPointTimeId":96600,"splitPointId":2972,"entryId":20376,"elapsedDurationMs":144600,"elapsedDuration":"PT2M24.6S","splitDateTime":"2019-10-06T07:21:24.6","splitDateTimeLocal":"2019-10-06T08:21:24.6+01:00"},{"startDateTime":"2019-10-06T07:20:00","startDateTimeLocal":"2019-10-06T08:20:00+01:00","stageTimeDurationMs":359900,"stageTimeDuration":"00:05:59.9000000","splitPointTimeId":96603,"splitPointId":2972,"entryId":20385,"elapsedDurationMs":145800,"elapsedDuration":"PT2M25.8S","splitDateTime":"2019-10-06T07:22:25.8","splitDateTimeLocal":"2019-10-06T08:22:25.8+01:00"},{"startDateTime":"2019-10-06T07:21:00","startDateTimeLocal":"2019-10-06T08:21:00+01:00","stageTimeDurationMs":363900,"stageTimeDuration":"00:06:03.9000000","splitPointTimeId":96606,"splitPointId":2972,"entryId":20390,"elapsedDurationMs":147500,"elapsedDuration":"PT2M27.5S","splitDateTime":"2019-10-06T07:23:27.5","splitDateTimeLocal":"2019-10-06T08:23:27.5+01:00"},{"startDateTime":"2019-10-06T07:22:00","startDateTimeLocal":"2019-10-06T08:22:00+01:00","stageTimeDurationMs":352200,"stageTimeDuration":"00:05:52.2000000","splitPointTimeId":96608,"splitPointId":2972,"entryId":20378,"elapsedDurationMs":143400,"elapsedDuration":"PT2M23.4S","splitDateTime":"2019-10-06T07:24:23.4","splitDateTimeLocal":"2019-10-06T08:24:23.4+01:00"},{"startDateTime":"2019-10-06T07:23:00","startDateTimeLocal":"2019-10-06T08:23:00+01:00","stageTimeDurationMs":356600,"stageTimeDuration":"00:05:56.6000000","splitPointTimeId":96611,"splitPointId":2972,"entryId":20379,"elapsedDurationMs":145900,"elapsedDuration":"PT2M25.9S","splitDateTime":"2019-10-06T07:25:25.9","splitDateTimeLocal":"2019-10-06T08:25:25.9+01:00"},{"startDateTime":"2019-10-06T07:24:00","startDateTimeLocal":"2019-10-06T08:24:00+01:00","stageTimeDurationMs":354900,"stageTimeDuration":"00:05:54.9000000","splitPointTimeId":96614,"splitPointId":2972,"entryId":20405,"elapsedDurationMs":144500,"elapsedDuration":"PT2M24.5S","splitDateTime":"2019-10-06T07:26:24.5","splitDateTimeLocal":"2019-10-06T08:26:24.5+01:00"},{"startDateTime":"2019-10-06T07:25:00","startDateTimeLocal":"2019-10-06T08:25:00+01:00","stageTimeDurationMs":348300,"stageTimeDuration":"00:05:48.3000000","splitPointTimeId":96616,"splitPointId":2972,"entryId":20388,"elapsedDurationMs":141500,"elapsedDuration":"PT2M21.5S","splitDateTime":"2019-10-06T07:27:21.5","splitDateTimeLocal":"2019-10-06T08:27:21.5+01:00"},{"startDateTime":"2019-10-06T07:26:00","startDateTimeLocal":"2019-10-06T08:26:00+01:00","stageTimeDurationMs":393000,"stageTimeDuration":"00:06:33","splitPointTimeId":96620,"splitPointId":2972,"entryId":20384,"elapsedDurationMs":158000,"elapsedDuration":"PT2M38S","splitDateTime":"2019-10-06T07:28:38","splitDateTimeLocal":"2019-10-06T08:28:38+01:00"},{"startDateTime":"2019-10-06T07:27:00","startDateTimeLocal":"2019-10-06T08:27:00+01:00","stageTimeDurationMs":414800,"stageTimeDuration":"00:06:54.8000000","splitPointTimeId":96623,"splitPointId":2972,"entryId":20414,"elapsedDurationMs":171200,"elapsedDuration":"PT2M51.2S","splitDateTime":"2019-10-06T07:29:51.2","splitDateTimeLocal":"2019-10-06T08:29:51.2+01:00"},{"startDateTime":"2019-10-06T07:28:00","startDateTimeLocal":"2019-10-06T08:28:00+01:00","stageTimeDurationMs":395700,"stageTimeDuration":"00:06:35.7000000","splitPointTimeId":96624,"splitPointId":2972,"entryId":20409,"elapsedDurationMs":158500,"elapsedDuration":"PT2M38.5S","splitDateTime":"2019-10-06T07:30:38.5","splitDateTimeLocal":"2019-10-06T08:30:38.5+01:00"},{"startDateTime":"2019-10-06T07:29:00","startDateTimeLocal":"2019-10-06T08:29:00+01:00","stageTimeDurationMs":409600,"stageTimeDuration":"00:06:49.6000000","splitPointTimeId":96627,"splitPointId":2972,"entryId":20415,"elapsedDurationMs":169100,"elapsedDuration":"PT2M49.1S","splitDateTime":"2019-10-06T07:31:49.1","splitDateTimeLocal":"2019-10-06T08:31:49.1+01:00"},{"startDateTime":"2019-10-06T07:30:00","startDateTimeLocal":"2019-10-06T08:30:00+01:00","stageTimeDurationMs":389200,"stageTimeDuration":"00:06:29.2000000","splitPointTimeId":96630,"splitPointId":2972,"entryId":20408,"elapsedDurationMs":158800,"elapsedDuration":"PT2M38.8S","splitDateTime":"2019-10-06T07:32:38.8","splitDateTimeLocal":"2019-10-06T08:32:38.8+01:00"},{"startDateTime":"2019-10-06T07:31:00","startDateTimeLocal":"2019-10-06T08:31:00+01:00","stageTimeDurationMs":407500,"stageTimeDuration":"00:06:47.5000000","splitPointTimeId":96632,"splitPointId":2972,"entryId":20412,"elapsedDurationMs":169100,"elapsedDuration":"PT2M49.1S","splitDateTime":"2019-10-06T07:33:49.1","splitDateTimeLocal":"2019-10-06T08:33:49.1+01:00"},{"startDateTime":"2019-10-06T07:32:00","startDateTimeLocal":"2019-10-06T08:32:00+01:00","stageTimeDurationMs":413100,"stageTimeDuration":"00:06:53.1000000","splitPointTimeId":96635,"splitPointId":2972,"entryId":20416,"elapsedDurationMs":172000,"elapsedDuration":"PT2M52S","splitDateTime":"2019-10-06T07:34:52","splitDateTimeLocal":"2019-10-06T08:34:52+01:00"},{"startDateTime":"2019-10-06T07:33:00","startDateTimeLocal":"2019-10-06T08:33:00+01:00","stageTimeDurationMs":454700,"stageTimeDuration":"00:07:34.7000000","splitPointTimeId":96638,"splitPointId":2972,"entryId":20417,"elapsedDurationMs":186500,"elapsedDuration":"PT3M6.5S","splitDateTime":"2019-10-06T07:36:06.5","splitDateTimeLocal":"2019-10-06T08:36:06.5+01:00"},{"startDateTime":"2019-10-06T06:30:00","startDateTimeLocal":"2019-10-06T07:30:00+01:00","stageTimeDurationMs":330700,"stageTimeDuration":"00:05:30.7000000","splitPointTimeId":96529,"splitPointId":2973,"entryId":20362,"elapsedDurationMs":250600,"elapsedDuration":"PT4M10.6S","splitDateTime":"2019-10-06T06:34:10.6","splitDateTimeLocal":"2019-10-06T07:34:10.6+01:00"},{"startDateTime":"2019-10-06T06:32:00","startDateTimeLocal":"2019-10-06T07:32:00+01:00","stageTimeDurationMs":330100,"stageTimeDuration":"00:05:30.1000000","splitPointTimeId":96531,"splitPointId":2973,"entryId":20369,"elapsedDurationMs":250200,"elapsedDuration":"PT4M10.2S","splitDateTime":"2019-10-06T06:36:10.2","splitDateTimeLocal":"2019-10-06T07:36:10.2+01:00"},{"startDateTime":"2019-10-06T06:34:00","startDateTimeLocal":"2019-10-06T07:34:00+01:00","stageTimeDurationMs":332900,"stageTimeDuration":"00:05:32.9000000","splitPointTimeId":96533,"splitPointId":2973,"entryId":20364,"elapsedDurationMs":252400,"elapsedDuration":"PT4M12.4S","splitDateTime":"2019-10-06T06:38:12.4","splitDateTimeLocal":"2019-10-06T07:38:12.4+01:00"},{"startDateTime":"2019-10-06T06:36:00","startDateTimeLocal":"2019-10-06T07:36:00+01:00","stageTimeDurationMs":326600,"stageTimeDuration":"00:05:26.6000000","splitPointTimeId":96535,"splitPointId":2973,"entryId":20368,"elapsedDurationMs":248500,"elapsedDuration":"PT4M8.5S","splitDateTime":"2019-10-06T06:40:08.5","splitDateTimeLocal":"2019-10-06T07:40:08.5+01:00"},{"startDateTime":"2019-10-06T06:38:00","startDateTimeLocal":"2019-10-06T07:38:00+01:00","stageTimeDurationMs":328100,"stageTimeDuration":"00:05:28.1000000","splitPointTimeId":96537,"splitPointId":2973,"entryId":20370,"elapsedDurationMs":249100,"elapsedDuration":"PT4M9.1S","splitDateTime":"2019-10-06T06:42:09.1","splitDateTimeLocal":"2019-10-06T07:42:09.1+01:00"},{"startDateTime":"2019-10-06T06:40:00","startDateTimeLocal":"2019-10-06T07:40:00+01:00","stageTimeDurationMs":329600,"stageTimeDuration":"00:05:29.6000000","splitPointTimeId":96539,"splitPointId":2973,"entryId":20363,"elapsedDurationMs":250300,"elapsedDuration":"PT4M10.3S","splitDateTime":"2019-10-06T06:44:10.3","splitDateTimeLocal":"2019-10-06T07:44:10.3+01:00"},{"startDateTime":"2019-10-06T06:42:00","startDateTimeLocal":"2019-10-06T07:42:00+01:00","stageTimeDurationMs":330500,"stageTimeDuration":"00:05:30.5000000","splitPointTimeId":96541,"splitPointId":2973,"entryId":20360,"elapsedDurationMs":250300,"elapsedDuration":"PT4M10.3S","splitDateTime":"2019-10-06T06:46:10.3","splitDateTimeLocal":"2019-10-06T07:46:10.3+01:00"},{"startDateTime":"2019-10-06T06:44:00","startDateTimeLocal":"2019-10-06T07:44:00+01:00","stageTimeDurationMs":326400,"stageTimeDuration":"00:05:26.4000000","splitPointTimeId":96543,"splitPointId":2973,"entryId":20367,"elapsedDurationMs":248200,"elapsedDuration":"PT4M8.2S","splitDateTime":"2019-10-06T06:48:08.2","splitDateTimeLocal":"2019-10-06T07:48:08.2+01:00"},{"startDateTime":"2019-10-06T06:46:00","startDateTimeLocal":"2019-10-06T07:46:00+01:00","stageTimeDurationMs":326300,"stageTimeDuration":"00:05:26.3000000","splitPointTimeId":96545,"splitPointId":2973,"entryId":20365,"elapsedDurationMs":249000,"elapsedDuration":"PT4M9S","splitDateTime":"2019-10-06T06:50:09","splitDateTimeLocal":"2019-10-06T07:50:09+01:00"},{"startDateTime":"2019-10-06T06:48:00","startDateTimeLocal":"2019-10-06T07:48:00+01:00","stageTimeDurationMs":352300,"stageTimeDuration":"00:05:52.3000000","splitPointTimeId":96548,"splitPointId":2973,"entryId":20371,"elapsedDurationMs":267500,"elapsedDuration":"PT4M27.5S","splitDateTime":"2019-10-06T06:52:27.5","splitDateTimeLocal":"2019-10-06T07:52:27.5+01:00"},{"startDateTime":"2019-10-06T06:50:00","startDateTimeLocal":"2019-10-06T07:50:00+01:00","stageTimeDurationMs":357600,"stageTimeDuration":"00:05:57.6000000","splitPointTimeId":96550,"splitPointId":2973,"entryId":20374,"elapsedDurationMs":271900,"elapsedDuration":"PT4M31.9S","splitDateTime":"2019-10-06T06:54:31.9","splitDateTimeLocal":"2019-10-06T07:54:31.9+01:00"},{"startDateTime":"2019-10-06T06:52:00","startDateTimeLocal":"2019-10-06T07:52:00+01:00","stageTimeDurationMs":350100,"stageTimeDuration":"00:05:50.1000000","splitPointTimeId":96551,"splitPointId":2973,"entryId":20373,"elapsedDurationMs":266600,"elapsedDuration":"PT4M26.6S","splitDateTime":"2019-10-06T06:56:26.6","splitDateTimeLocal":"2019-10-06T07:56:26.6+01:00"},{"startDateTime":"2019-10-06T06:54:00","startDateTimeLocal":"2019-10-06T07:54:00+01:00","stageTimeDurationMs":345800,"stageTimeDuration":"00:05:45.8000000","splitPointTimeId":96554,"splitPointId":2973,"entryId":20375,"elapsedDurationMs":263000,"elapsedDuration":"PT4M23S","splitDateTime":"2019-10-06T06:58:23","splitDateTimeLocal":"2019-10-06T07:58:23+01:00"},{"startDateTime":"2019-10-06T06:56:00","startDateTimeLocal":"2019-10-06T07:56:00+01:00","stageTimeDurationMs":347100,"stageTimeDuration":"00:05:47.1000000","splitPointTimeId":96555,"splitPointId":2973,"entryId":20372,"elapsedDurationMs":263900,"elapsedDuration":"PT4M23.9S","splitDateTime":"2019-10-06T07:00:23.9","splitDateTimeLocal":"2019-10-06T08:00:23.9+01:00"},{"startDateTime":"2019-10-06T06:58:00","startDateTimeLocal":"2019-10-06T07:58:00+01:00","stageTimeDurationMs":352300,"stageTimeDuration":"00:05:52.3000000","splitPointTimeId":96559,"splitPointId":2973,"entryId":20389,"elapsedDurationMs":267700,"elapsedDuration":"PT4M27.7S","splitDateTime":"2019-10-06T07:02:27.7","splitDateTimeLocal":"2019-10-06T08:02:27.7+01:00"},{"startDateTime":"2019-10-06T06:59:00","startDateTimeLocal":"2019-10-06T07:59:00+01:00","stageTimeDurationMs":356000,"stageTimeDuration":"00:05:56","splitPointTimeId":96561,"splitPointId":2973,"entryId":20403,"elapsedDurationMs":270400,"elapsedDuration":"PT4M30.4S","splitDateTime":"2019-10-06T07:03:30.4","splitDateTimeLocal":"2019-10-06T08:03:30.4+01:00"},{"startDateTime":"2019-10-06T07:00:00","startDateTimeLocal":"2019-10-06T08:00:00+01:00","stageTimeDurationMs":352500,"stageTimeDuration":"00:05:52.5000000","splitPointTimeId":96563,"splitPointId":2973,"entryId":20406,"elapsedDurationMs":268200,"elapsedDuration":"PT4M28.2S","splitDateTime":"2019-10-06T07:04:28.2","splitDateTimeLocal":"2019-10-06T08:04:28.2+01:00"},{"startDateTime":"2019-10-06T07:01:00","startDateTimeLocal":"2019-10-06T08:01:00+01:00","stageTimeDurationMs":355300,"stageTimeDuration":"00:05:55.3000000","splitPointTimeId":96565,"splitPointId":2973,"entryId":20377,"elapsedDurationMs":269300,"elapsedDuration":"PT4M29.3S","splitDateTime":"2019-10-06T07:05:29.3","splitDateTimeLocal":"2019-10-06T08:05:29.3+01:00"},{"startDateTime":"2019-10-06T07:02:00","startDateTimeLocal":"2019-10-06T08:02:00+01:00","stageTimeDurationMs":359400,"stageTimeDuration":"00:05:59.4000000","splitPointTimeId":96567,"splitPointId":2973,"entryId":20404,"elapsedDurationMs":273500,"elapsedDuration":"PT4M33.5S","splitDateTime":"2019-10-06T07:06:33.5","splitDateTimeLocal":"2019-10-06T08:06:33.5+01:00"},{"startDateTime":"2019-10-06T07:03:00","startDateTimeLocal":"2019-10-06T08:03:00+01:00","stageTimeDurationMs":355200,"stageTimeDuration":"00:05:55.2000000","splitPointTimeId":96568,"splitPointId":2973,"entryId":20387,"elapsedDurationMs":270500,"elapsedDuration":"PT4M30.5S","splitDateTime":"2019-10-06T07:07:30.5","splitDateTimeLocal":"2019-10-06T08:07:30.5+01:00"},{"startDateTime":"2019-10-06T07:04:00","startDateTimeLocal":"2019-10-06T08:04:00+01:00","stageTimeDurationMs":355300,"stageTimeDuration":"00:05:55.3000000","splitPointTimeId":96570,"splitPointId":2973,"entryId":20383,"elapsedDurationMs":269800,"elapsedDuration":"PT4M29.8S","splitDateTime":"2019-10-06T07:08:29.8","splitDateTimeLocal":"2019-10-06T08:08:29.8+01:00"},{"startDateTime":"2019-10-06T07:05:00","startDateTimeLocal":"2019-10-06T08:05:00+01:00","stageTimeDurationMs":403900,"stageTimeDuration":"00:06:43.9000000","splitPointTimeId":96573,"splitPointId":2973,"entryId":20393,"elapsedDurationMs":308700,"elapsedDuration":"PT5M8.7S","splitDateTime":"2019-10-06T07:10:08.7","splitDateTimeLocal":"2019-10-06T08:10:08.7+01:00"},{"startDateTime":"2019-10-06T07:06:00","startDateTimeLocal":"2019-10-06T08:06:00+01:00","stageTimeDurationMs":393100,"stageTimeDuration":"00:06:33.1000000","splitPointTimeId":96577,"splitPointId":2973,"entryId":20392,"elapsedDurationMs":300500,"elapsedDuration":"PT5M0.5S","splitDateTime":"2019-10-06T07:11:00.5","splitDateTimeLocal":"2019-10-06T08:11:00.5+01:00"},{"startDateTime":"2019-10-06T07:07:00","startDateTimeLocal":"2019-10-06T08:07:00+01:00","stageTimeDurationMs":400200,"stageTimeDuration":"00:06:40.2000000","splitPointTimeId":96579,"splitPointId":2973,"entryId":20398,"elapsedDurationMs":306200,"elapsedDuration":"PT5M6.2S","splitDateTime":"2019-10-06T07:12:06.2","splitDateTimeLocal":"2019-10-06T08:12:06.2+01:00"},{"startDateTime":"2019-10-06T07:08:00","startDateTimeLocal":"2019-10-06T08:08:00+01:00","stageTimeDurationMs":404800,"stageTimeDuration":"00:06:44.8000000","splitPointTimeId":96581,"splitPointId":2973,"entryId":20399,"elapsedDurationMs":309900,"elapsedDuration":"PT5M9.9S","splitDateTime":"2019-10-06T07:13:09.9","splitDateTimeLocal":"2019-10-06T08:13:09.9+01:00"},{"startDateTime":"2019-10-06T07:09:00","startDateTimeLocal":"2019-10-06T08:09:00+01:00","stageTimeDurationMs":458600,"stageTimeDuration":"00:07:38.6000000","splitPointTimeId":96585,"splitPointId":2973,"entryId":20397,"elapsedDurationMs":346600,"elapsedDuration":"PT5M46.6S","splitDateTime":"2019-10-06T07:14:46.6","splitDateTimeLocal":"2019-10-06T08:14:46.6+01:00"},{"startDateTime":"2019-10-06T07:10:00","startDateTimeLocal":"2019-10-06T08:10:00+01:00","stageTimeDurationMs":409900,"stageTimeDuration":"00:06:49.9000000","splitPointTimeId":96586,"splitPointId":2973,"entryId":20401,"elapsedDurationMs":313300,"elapsedDuration":"PT5M13.3S","splitDateTime":"2019-10-06T07:15:13.3","splitDateTimeLocal":"2019-10-06T08:15:13.3+01:00"},{"startDateTime":"2019-10-06T07:11:00","startDateTimeLocal":"2019-10-06T08:11:00+01:00","stageTimeDurationMs":432800,"stageTimeDuration":"00:07:12.8000000","splitPointTimeId":96589,"splitPointId":2973,"entryId":20402,"elapsedDurationMs":332000,"elapsedDuration":"PT5M32S","splitDateTime":"2019-10-06T07:16:32","splitDateTimeLocal":"2019-10-06T08:16:32+01:00"},{"startDateTime":"2019-10-06T07:13:00","startDateTimeLocal":"2019-10-06T08:13:00+01:00","stageTimeDurationMs":394600,"stageTimeDuration":"00:06:34.6000000","splitPointTimeId":96593,"splitPointId":2973,"entryId":20396,"elapsedDurationMs":300900,"elapsedDuration":"PT5M0.9S","splitDateTime":"2019-10-06T07:18:00.9","splitDateTimeLocal":"2019-10-06T08:18:00.9+01:00"},{"startDateTime":"2019-10-06T07:14:00","startDateTimeLocal":"2019-10-06T08:14:00+01:00","stageTimeDurationMs":392800,"stageTimeDuration":"00:06:32.8000000","splitPointTimeId":96594,"splitPointId":2973,"entryId":20394,"elapsedDurationMs":301100,"elapsedDuration":"PT5M1.1S","splitDateTime":"2019-10-06T07:19:01.1","splitDateTimeLocal":"2019-10-06T08:19:01.1+01:00"},{"startDateTime":"2019-10-06T07:15:00","startDateTimeLocal":"2019-10-06T08:15:00+01:00","stageTimeDurationMs":394800,"stageTimeDuration":"00:06:34.8000000","splitPointTimeId":96598,"splitPointId":2973,"entryId":20395,"elapsedDurationMs":301400,"elapsedDuration":"PT5M1.4S","splitDateTime":"2019-10-06T07:20:01.4","splitDateTimeLocal":"2019-10-06T08:20:01.4+01:00"},{"startDateTime":"2019-10-06T07:17:00","startDateTimeLocal":"2019-10-06T08:17:00+01:00","stageTimeDurationMs":356800,"stageTimeDuration":"00:05:56.8000000","splitPointTimeId":96601,"splitPointId":2973,"entryId":20381,"elapsedDurationMs":270900,"elapsedDuration":"PT4M30.9S","splitDateTime":"2019-10-06T07:21:30.9","splitDateTimeLocal":"2019-10-06T08:21:30.9+01:00"},{"startDateTime":"2019-10-06T07:18:00","startDateTimeLocal":"2019-10-06T08:18:00+01:00","stageTimeDurationMs":358000,"stageTimeDuration":"00:05:58","splitPointTimeId":96604,"splitPointId":2973,"entryId":20380,"elapsedDurationMs":272100,"elapsedDuration":"PT4M32.1S","splitDateTime":"2019-10-06T07:22:32.1","splitDateTimeLocal":"2019-10-06T08:22:32.1+01:00"},{"startDateTime":"2019-10-06T07:19:00","startDateTimeLocal":"2019-10-06T08:19:00+01:00","stageTimeDurationMs":359900,"stageTimeDuration":"00:05:59.9000000","splitPointTimeId":96607,"splitPointId":2973,"entryId":20376,"elapsedDurationMs":272600,"elapsedDuration":"PT4M32.6S","splitDateTime":"2019-10-06T07:23:32.6","splitDateTimeLocal":"2019-10-06T08:23:32.6+01:00"},{"startDateTime":"2019-10-06T07:20:00","startDateTimeLocal":"2019-10-06T08:20:00+01:00","stageTimeDurationMs":359900,"stageTimeDuration":"00:05:59.9000000","splitPointTimeId":96609,"splitPointId":2973,"entryId":20385,"elapsedDurationMs":272300,"elapsedDuration":"PT4M32.3S","splitDateTime":"2019-10-06T07:24:32.3","splitDateTimeLocal":"2019-10-06T08:24:32.3+01:00"},{"startDateTime":"2019-10-06T07:21:00","startDateTimeLocal":"2019-10-06T08:21:00+01:00","stageTimeDurationMs":363900,"stageTimeDuration":"00:06:03.9000000","splitPointTimeId":96612,"splitPointId":2973,"entryId":20390,"elapsedDurationMs":275800,"elapsedDuration":"PT4M35.8S","splitDateTime":"2019-10-06T07:25:35.8","splitDateTimeLocal":"2019-10-06T08:25:35.8+01:00"},{"startDateTime":"2019-10-06T07:22:00","startDateTimeLocal":"2019-10-06T08:22:00+01:00","stageTimeDurationMs":352200,"stageTimeDuration":"00:05:52.2000000","splitPointTimeId":96615,"splitPointId":2973,"entryId":20378,"elapsedDurationMs":267100,"elapsedDuration":"PT4M27.1S","splitDateTime":"2019-10-06T07:26:27.1","splitDateTimeLocal":"2019-10-06T08:26:27.1+01:00"},{"startDateTime":"2019-10-06T07:23:00","startDateTimeLocal":"2019-10-06T08:23:00+01:00","stageTimeDurationMs":356600,"stageTimeDuration":"00:05:56.6000000","splitPointTimeId":96617,"splitPointId":2973,"entryId":20379,"elapsedDurationMs":271200,"elapsedDuration":"PT4M31.2S","splitDateTime":"2019-10-06T07:27:31.2","splitDateTimeLocal":"2019-10-06T08:27:31.2+01:00"},{"startDateTime":"2019-10-06T07:24:00","startDateTimeLocal":"2019-10-06T08:24:00+01:00","stageTimeDurationMs":354900,"stageTimeDuration":"00:05:54.9000000","splitPointTimeId":96619,"splitPointId":2973,"entryId":20405,"elapsedDurationMs":269400,"elapsedDuration":"PT4M29.4S","splitDateTime":"2019-10-06T07:28:29.4","splitDateTimeLocal":"2019-10-06T08:28:29.4+01:00"},{"startDateTime":"2019-10-06T07:25:00","startDateTimeLocal":"2019-10-06T08:25:00+01:00","stageTimeDurationMs":348300,"stageTimeDuration":"00:05:48.3000000","splitPointTimeId":96622,"splitPointId":2973,"entryId":20388,"elapsedDurationMs":264200,"elapsedDuration":"PT4M24.2S","splitDateTime":"2019-10-06T07:29:24.2","splitDateTimeLocal":"2019-10-06T08:29:24.2+01:00"},{"startDateTime":"2019-10-06T07:26:00","startDateTimeLocal":"2019-10-06T08:26:00+01:00","stageTimeDurationMs":393000,"stageTimeDuration":"00:06:33","splitPointTimeId":96625,"splitPointId":2973,"entryId":20384,"elapsedDurationMs":298600,"elapsedDuration":"PT4M58.6S","splitDateTime":"2019-10-06T07:30:58.6","splitDateTimeLocal":"2019-10-06T08:30:58.6+01:00"},{"startDateTime":"2019-10-06T07:27:00","startDateTimeLocal":"2019-10-06T08:27:00+01:00","stageTimeDurationMs":414800,"stageTimeDuration":"00:06:54.8000000","splitPointTimeId":96629,"splitPointId":2973,"entryId":20414,"elapsedDurationMs":315800,"elapsedDuration":"PT5M15.8S","splitDateTime":"2019-10-06T07:32:15.8","splitDateTimeLocal":"2019-10-06T08:32:15.8+01:00"},{"startDateTime":"2019-10-06T07:28:00","startDateTimeLocal":"2019-10-06T08:28:00+01:00","stageTimeDurationMs":395700,"stageTimeDuration":"00:06:35.7000000","splitPointTimeId":96631,"splitPointId":2973,"entryId":20409,"elapsedDurationMs":300700,"elapsedDuration":"PT5M0.7S","splitDateTime":"2019-10-06T07:33:00.7","splitDateTimeLocal":"2019-10-06T08:33:00.7+01:00"},{"startDateTime":"2019-10-06T07:29:00","startDateTimeLocal":"2019-10-06T08:29:00+01:00","stageTimeDurationMs":409600,"stageTimeDuration":"00:06:49.6000000","splitPointTimeId":96634,"splitPointId":2973,"entryId":20415,"elapsedDurationMs":313100,"elapsedDuration":"PT5M13.1S","splitDateTime":"2019-10-06T07:34:13.1","splitDateTimeLocal":"2019-10-06T08:34:13.1+01:00"},{"startDateTime":"2019-10-06T07:30:00","startDateTimeLocal":"2019-10-06T08:30:00+01:00","stageTimeDurationMs":389200,"stageTimeDuration":"00:06:29.2000000","splitPointTimeId":96636,"splitPointId":2973,"entryId":20408,"elapsedDurationMs":295000,"elapsedDuration":"PT4M55S","splitDateTime":"2019-10-06T07:34:55","splitDateTimeLocal":"2019-10-06T08:34:55+01:00"},{"startDateTime":"2019-10-06T07:31:00","startDateTimeLocal":"2019-10-06T08:31:00+01:00","stageTimeDurationMs":407500,"stageTimeDuration":"00:06:47.5000000","splitPointTimeId":96639,"splitPointId":2973,"entryId":20412,"elapsedDurationMs":311400,"elapsedDuration":"PT5M11.4S","splitDateTime":"2019-10-06T07:36:11.4","splitDateTimeLocal":"2019-10-06T08:36:11.4+01:00"},{"startDateTime":"2019-10-06T07:32:00","startDateTimeLocal":"2019-10-06T08:32:00+01:00","stageTimeDurationMs":413100,"stageTimeDuration":"00:06:53.1000000","splitPointTimeId":96640,"splitPointId":2973,"entryId":20416,"elapsedDurationMs":316200,"elapsedDuration":"PT5M16.2S","splitDateTime":"2019-10-06T07:37:16.2","splitDateTimeLocal":"2019-10-06T08:37:16.2+01:00"},{"startDateTime":"2019-10-06T07:33:00","startDateTimeLocal":"2019-10-06T08:33:00+01:00","stageTimeDurationMs":454700,"stageTimeDuration":"00:07:34.7000000","splitPointTimeId":96643,"splitPointId":2973,"entryId":20417,"elapsedDurationMs":346500,"elapsedDuration":"PT5M46.5S","splitDateTime":"2019-10-06T07:38:46.5","splitDateTimeLocal":"2019-10-06T08:38:46.5+01:00"}]