{"splitPoints":[{"splitPointId":2098,"stageId":1038,"number":1,"distance":5.04},{"splitPointId":2102,"stageId":1038,"number":2,"distance":11.27},{"splitPointId":2103,"stageId":1038,"number":3,"distance":16.8},{"splitPointId":2104,"stageId":1038,"number":4,"distance":18.3}],"controls":[{"controlId":4356,"eventId":81,"stageId":1038,"type":"TimeControl","code":"TC14","location":"L'Argentella","timingPrecision":"Minute","distance":38.43,"targetDuration":"00:45:00","targetDurationMs":2700000,"firstCarDueDateTime":"2019-03-31T10:15:00","firstCarDueDateTimeLocal":"2019-03-31T12:15:00+02:00","status":"Completed","controlPenalties":"All","roundingPolicy":"NoRounding","locked":false},{"controlId":4358,"eventId":81,"stageId":1038,"type":"StageStart","code":"SS14","location":"Calvi ( Power Stage )","timingPrecision":"Minute","distance":19.34,"targetDuration":"00:03:00","targetDurationMs":180000,"firstCarDueDateTime":"2019-03-31T10:18:00","firstCarDueDateTimeLocal":"2019-03-31T12:18:00+02:00","status":"Completed","controlPenalties":"None","roundingPolicy":"RoundToClosestMinute","locked":false},{"controlId":4359,"eventId":81,"stageId":1038,"type":"FlyingFinish","code":"SF14","location":"Calvi ( Power Stage )","timingPrecision":"Thousandth","distance":null,"targetDuration":null,"targetDurationMs":null,"firstCarDueDateTime":null,"firstCarDueDateTimeLocal":null,"status":"Completed","controlPenalties":"None","roundingPolicy":"NoRounding","locked":false}],"stageId":1038,"eventId":81,"number":14,"name":"Calvi ( Power Stage )","distance":19.34,"status":"Completed","stageType":"PowerStage","timingPrecision":"Thousandth","locked":false,"code":"SS14"}