[{"startDateTime":"2019-10-06T07:08:00","startDateTimeLocal":"2019-10-06T08:08:00+01:00","stageTimeDurationMs":240400,"stageTimeDuration":"00:04:00.4000000","splitPointTimeId":96576,"splitPointId":2974,"entryId":20362,"elapsedDurationMs":183700,"elapsedDuration":"PT3M3.7S","splitDateTime":"2019-10-06T07:11:03.7","splitDateTimeLocal":"2019-10-06T08:11:03.7+01:00"},{"startDateTime":"2019-10-06T07:11:00","startDateTimeLocal":"2019-10-06T08:11:00+01:00","stageTimeDurationMs":239900,"stageTimeDuration":"00:03:59.9000000","splitPointTimeId":96584,"splitPointId":2974,"entryId":20369,"elapsedDurationMs":182900,"elapsedDuration":"PT3M2.9S","splitDateTime":"2019-10-06T07:14:02.9","splitDateTimeLocal":"2019-10-06T08:14:02.9+01:00"},{"startDateTime":"2019-10-06T07:14:00","startDateTimeLocal":"2019-10-06T08:14:00+01:00","stageTimeDurationMs":242600,"stageTimeDuration":"00:04:02.6000000","splitPointTimeId":96591,"splitPointId":2974,"entryId":20364,"elapsedDurationMs":184700,"elapsedDuration":"PT3M4.7S","splitDateTime":"2019-10-06T07:17:04.7","splitDateTimeLocal":"2019-10-06T08:17:04.7+01:00"},{"startDateTime":"2019-10-06T07:17:00","startDateTimeLocal":"2019-10-06T08:17:00+01:00","stageTimeDurationMs":236600,"stageTimeDuration":"00:03:56.6000000","splitPointTimeId":96597,"splitPointId":2974,"entryId":20368,"elapsedDurationMs":181100,"elapsedDuration":"PT3M1.1S","splitDateTime":"2019-10-06T07:20:01.1","splitDateTimeLocal":"2019-10-06T08:20:01.1+01:00"},{"startDateTime":"2019-10-06T07:20:00","startDateTimeLocal":"2019-10-06T08:20:00+01:00","stageTimeDurationMs":241200,"stageTimeDuration":"00:04:01.2000000","splitPointTimeId":96605,"splitPointId":2974,"entryId":20370,"elapsedDurationMs":184000,"elapsedDuration":"PT3M4S","splitDateTime":"2019-10-06T07:23:04","splitDateTimeLocal":"2019-10-06T08:23:04+01:00"},{"startDateTime":"2019-10-06T07:23:00","startDateTimeLocal":"2019-10-06T08:23:00+01:00","stageTimeDurationMs":241000,"stageTimeDuration":"00:04:01","splitPointTimeId":96613,"splitPointId":2974,"entryId":20363,"elapsedDurationMs":184400,"elapsedDuration":"PT3M4.4S","splitDateTime":"2019-10-06T07:26:04.4","splitDateTimeLocal":"2019-10-06T08:26:04.4+01:00"},{"startDateTime":"2019-10-06T07:26:00","startDateTimeLocal":"2019-10-06T08:26:00+01:00","stageTimeDurationMs":241500,"stageTimeDuration":"00:04:01.5000000","splitPointTimeId":96621,"splitPointId":2974,"entryId":20360,"elapsedDurationMs":184500,"elapsedDuration":"PT3M4.5S","splitDateTime":"2019-10-06T07:29:04.5","splitDateTimeLocal":"2019-10-06T08:29:04.5+01:00"},{"startDateTime":"2019-10-06T07:29:00","startDateTimeLocal":"2019-10-06T08:29:00+01:00","stageTimeDurationMs":238600,"stageTimeDuration":"00:03:58.6000000","splitPointTimeId":96628,"splitPointId":2974,"entryId":20367,"elapsedDurationMs":182800,"elapsedDuration":"PT3M2.8S","splitDateTime":"2019-10-06T07:32:02.8","splitDateTimeLocal":"2019-10-06T08:32:02.8+01:00"},{"startDateTime":"2019-10-06T07:32:00","startDateTimeLocal":"2019-10-06T08:32:00+01:00","stageTimeDurationMs":238800,"stageTimeDuration":"00:03:58.8000000","splitPointTimeId":96637,"splitPointId":2974,"entryId":20365,"elapsedDurationMs":182400,"elapsedDuration":"PT3M2.4S","splitDateTime":"2019-10-06T07:35:02.4","splitDateTimeLocal":"2019-10-06T08:35:02.4+01:00"},{"startDateTime":"2019-10-06T07:35:00","startDateTimeLocal":"2019-10-06T08:35:00+01:00","stageTimeDurationMs":253900,"stageTimeDuration":"00:04:13.9000000","splitPointTimeId":96642,"splitPointId":2974,"entryId":20371,"elapsedDurationMs":194200,"elapsedDuration":"PT3M14.2S","splitDateTime":"2019-10-06T07:38:14.2","splitDateTimeLocal":"2019-10-06T08:38:14.2+01:00"},{"startDateTime":"2019-10-06T07:38:00","startDateTimeLocal":"2019-10-06T08:38:00+01:00","stageTimeDurationMs":257900,"stageTimeDuration":"00:04:17.9000000","splitPointTimeId":96645,"splitPointId":2974,"entryId":20374,"elapsedDurationMs":196500,"elapsedDuration":"PT3M16.5S","splitDateTime":"2019-10-06T07:41:16.5","splitDateTimeLocal":"2019-10-06T08:41:16.5+01:00"},{"startDateTime":"2019-10-06T07:41:00","startDateTimeLocal":"2019-10-06T08:41:00+01:00","stageTimeDurationMs":252000,"stageTimeDuration":"00:04:12","splitPointTimeId":96647,"splitPointId":2974,"entryId":20373,"elapsedDurationMs":191800,"elapsedDuration":"PT3M11.8S","splitDateTime":"2019-10-06T07:44:11.8","splitDateTimeLocal":"2019-10-06T08:44:11.8+01:00"},{"startDateTime":"2019-10-06T07:44:00","startDateTimeLocal":"2019-10-06T08:44:00+01:00","stageTimeDurationMs":250700,"stageTimeDuration":"00:04:10.7000000","splitPointTimeId":96649,"splitPointId":2974,"entryId":20375,"elapsedDurationMs":191300,"elapsedDuration":"PT3M11.3S","splitDateTime":"2019-10-06T07:47:11.3","splitDateTimeLocal":"2019-10-06T08:47:11.3+01:00"},{"startDateTime":"2019-10-06T07:47:00","startDateTimeLocal":"2019-10-06T08:47:00+01:00","stageTimeDurationMs":249500,"stageTimeDuration":"00:04:09.5000000","splitPointTimeId":96651,"splitPointId":2974,"entryId":20372,"elapsedDurationMs":190400,"elapsedDuration":"PT3M10.4S","splitDateTime":"2019-10-06T07:50:10.4","splitDateTimeLocal":"2019-10-06T08:50:10.4+01:00"},{"startDateTime":"2019-10-06T07:50:00","startDateTimeLocal":"2019-10-06T08:50:00+01:00","stageTimeDurationMs":256300,"stageTimeDuration":"00:04:16.3000000","splitPointTimeId":96653,"splitPointId":2974,"entryId":20389,"elapsedDurationMs":194900,"elapsedDuration":"PT3M14.9S","splitDateTime":"2019-10-06T07:53:14.9","splitDateTimeLocal":"2019-10-06T08:53:14.9+01:00"},{"startDateTime":"2019-10-06T07:51:00","startDateTimeLocal":"2019-10-06T08:51:00+01:00","stageTimeDurationMs":256600,"stageTimeDuration":"00:04:16.6000000","splitPointTimeId":96656,"splitPointId":2974,"entryId":20403,"elapsedDurationMs":195300,"elapsedDuration":"PT3M15.3S","splitDateTime":"2019-10-06T07:54:15.3","splitDateTimeLocal":"2019-10-06T08:54:15.3+01:00"},{"startDateTime":"2019-10-06T07:52:00","startDateTimeLocal":"2019-10-06T08:52:00+01:00","stageTimeDurationMs":254300,"stageTimeDuration":"00:04:14.3000000","splitPointTimeId":96657,"splitPointId":2974,"entryId":20406,"elapsedDurationMs":193500,"elapsedDuration":"PT3M13.5S","splitDateTime":"2019-10-06T07:55:13.5","splitDateTimeLocal":"2019-10-06T08:55:13.5+01:00"},{"startDateTime":"2019-10-06T07:53:00","startDateTimeLocal":"2019-10-06T08:53:00+01:00","stageTimeDurationMs":255500,"stageTimeDuration":"00:04:15.5000000","splitPointTimeId":96659,"splitPointId":2974,"entryId":20377,"elapsedDurationMs":194000,"elapsedDuration":"PT3M14S","splitDateTime":"2019-10-06T07:56:14","splitDateTimeLocal":"2019-10-06T08:56:14+01:00"},{"startDateTime":"2019-10-06T07:54:00","startDateTimeLocal":"2019-10-06T08:54:00+01:00","stageTimeDurationMs":257200,"stageTimeDuration":"00:04:17.2000000","splitPointTimeId":96661,"splitPointId":2974,"entryId":20404,"elapsedDurationMs":196100,"elapsedDuration":"PT3M16.1S","splitDateTime":"2019-10-06T07:57:16.1","splitDateTimeLocal":"2019-10-06T08:57:16.1+01:00"},{"startDateTime":"2019-10-06T07:55:00","startDateTimeLocal":"2019-10-06T08:55:00+01:00","stageTimeDurationMs":252700,"stageTimeDuration":"00:04:12.7000000","splitPointTimeId":96663,"splitPointId":2974,"entryId":20387,"elapsedDurationMs":193300,"elapsedDuration":"PT3M13.3S","splitDateTime":"2019-10-06T07:58:13.3","splitDateTimeLocal":"2019-10-06T08:58:13.3+01:00"},{"startDateTime":"2019-10-06T07:56:00","startDateTimeLocal":"2019-10-06T08:56:00+01:00","stageTimeDurationMs":256900,"stageTimeDuration":"00:04:16.9000000","splitPointTimeId":96665,"splitPointId":2974,"entryId":20383,"elapsedDurationMs":195500,"elapsedDuration":"PT3M15.5S","splitDateTime":"2019-10-06T07:59:15.5","splitDateTimeLocal":"2019-10-06T08:59:15.5+01:00"},{"startDateTime":"2019-10-06T07:57:00","startDateTimeLocal":"2019-10-06T08:57:00+01:00","stageTimeDurationMs":287400,"stageTimeDuration":"00:04:47.4000000","splitPointTimeId":96668,"splitPointId":2974,"entryId":20393,"elapsedDurationMs":219800,"elapsedDuration":"PT3M39.8S","splitDateTime":"2019-10-06T08:00:39.8","splitDateTimeLocal":"2019-10-06T09:00:39.8+01:00"},{"startDateTime":"2019-10-06T07:58:00","startDateTimeLocal":"2019-10-06T08:58:00+01:00","stageTimeDurationMs":281400,"stageTimeDuration":"00:04:41.4000000","splitPointTimeId":96669,"splitPointId":2974,"entryId":20392,"elapsedDurationMs":215100,"elapsedDuration":"PT3M35.1S","splitDateTime":"2019-10-06T08:01:35.1","splitDateTimeLocal":"2019-10-06T09:01:35.1+01:00"},{"startDateTime":"2019-10-06T07:59:00","startDateTimeLocal":"2019-10-06T08:59:00+01:00","stageTimeDurationMs":285100,"stageTimeDuration":"00:04:45.1000000","splitPointTimeId":96671,"splitPointId":2974,"entryId":20398,"elapsedDurationMs":217900,"elapsedDuration":"PT3M37.9S","splitDateTime":"2019-10-06T08:02:37.9","splitDateTimeLocal":"2019-10-06T09:02:37.9+01:00"},{"startDateTime":"2019-10-06T08:00:00","startDateTimeLocal":"2019-10-06T09:00:00+01:00","stageTimeDurationMs":288600,"stageTimeDuration":"00:04:48.6000000","splitPointTimeId":96673,"splitPointId":2974,"entryId":20399,"elapsedDurationMs":220800,"elapsedDuration":"PT3M40.8S","splitDateTime":"2019-10-06T08:03:40.8","splitDateTimeLocal":"2019-10-06T09:03:40.8+01:00"},{"startDateTime":"2019-10-06T08:01:00","startDateTimeLocal":"2019-10-06T09:01:00+01:00","stageTimeDurationMs":302800,"stageTimeDuration":"00:05:02.8000000","splitPointTimeId":96676,"splitPointId":2974,"entryId":20397,"elapsedDurationMs":233100,"elapsedDuration":"PT3M53.1S","splitDateTime":"2019-10-06T08:04:53.1","splitDateTimeLocal":"2019-10-06T09:04:53.1+01:00"},{"startDateTime":"2019-10-06T08:02:00","startDateTimeLocal":"2019-10-06T09:02:00+01:00","stageTimeDurationMs":296000,"stageTimeDuration":"00:04:56","splitPointTimeId":96677,"splitPointId":2974,"entryId":20401,"elapsedDurationMs":224600,"elapsedDuration":"PT3M44.6S","splitDateTime":"2019-10-06T08:05:44.6","splitDateTimeLocal":"2019-10-06T09:05:44.6+01:00"},{"startDateTime":"2019-10-06T08:03:00","startDateTimeLocal":"2019-10-06T09:03:00+01:00","stageTimeDurationMs":309700,"stageTimeDuration":"00:05:09.7000000","splitPointTimeId":96680,"splitPointId":2974,"entryId":20402,"elapsedDurationMs":236000,"elapsedDuration":"PT3M56S","splitDateTime":"2019-10-06T08:06:56","splitDateTimeLocal":"2019-10-06T09:06:56+01:00"},{"startDateTime":"2019-10-06T08:04:00","startDateTimeLocal":"2019-10-06T09:04:00+01:00","stageTimeDurationMs":280700,"stageTimeDuration":"00:04:40.7000000","splitPointTimeId":96681,"splitPointId":2974,"entryId":20396,"elapsedDurationMs":215400,"elapsedDuration":"PT3M35.4S","splitDateTime":"2019-10-06T08:07:35.4","splitDateTimeLocal":"2019-10-06T09:07:35.4+01:00"},{"startDateTime":"2019-10-06T08:05:00","startDateTimeLocal":"2019-10-06T09:05:00+01:00","stageTimeDurationMs":277800,"stageTimeDuration":"00:04:37.8000000","splitPointTimeId":96683,"splitPointId":2974,"entryId":20394,"elapsedDurationMs":213400,"elapsedDuration":"PT3M33.4S","splitDateTime":"2019-10-06T08:08:33.4","splitDateTimeLocal":"2019-10-06T09:08:33.4+01:00"},{"startDateTime":"2019-10-06T08:06:00","startDateTimeLocal":"2019-10-06T09:06:00+01:00","stageTimeDurationMs":284100,"stageTimeDuration":"00:04:44.1000000","splitPointTimeId":96685,"splitPointId":2974,"entryId":20395,"elapsedDurationMs":216900,"elapsedDuration":"PT3M36.9S","splitDateTime":"2019-10-06T08:09:36.9","splitDateTimeLocal":"2019-10-06T09:09:36.9+01:00"},{"startDateTime":"2019-10-06T08:08:00","startDateTimeLocal":"2019-10-06T09:08:00+01:00","stageTimeDurationMs":256700,"stageTimeDuration":"00:04:16.7000000","splitPointTimeId":96687,"splitPointId":2974,"entryId":20381,"elapsedDurationMs":195900,"elapsedDuration":"PT3M15.9S","splitDateTime":"2019-10-06T08:11:15.9","splitDateTimeLocal":"2019-10-06T09:11:15.9+01:00"},{"startDateTime":"2019-10-06T08:09:00","startDateTimeLocal":"2019-10-06T09:09:00+01:00","stageTimeDurationMs":262800,"stageTimeDuration":"00:04:22.8000000","splitPointTimeId":96689,"splitPointId":2974,"entryId":20380,"elapsedDurationMs":200000,"elapsedDuration":"PT3M20S","splitDateTime":"2019-10-06T08:12:20","splitDateTimeLocal":"2019-10-06T09:12:20+01:00"},{"startDateTime":"2019-10-06T08:10:00","startDateTimeLocal":"2019-10-06T09:10:00+01:00","stageTimeDurationMs":259300,"stageTimeDuration":"00:04:19.3000000","splitPointTimeId":96692,"splitPointId":2974,"entryId":20376,"elapsedDurationMs":197600,"elapsedDuration":"PT3M17.6S","splitDateTime":"2019-10-06T08:13:17.6","splitDateTimeLocal":"2019-10-06T09:13:17.6+01:00"},{"startDateTime":"2019-10-06T08:11:00","startDateTimeLocal":"2019-10-06T09:11:00+01:00","stageTimeDurationMs":258700,"stageTimeDuration":"00:04:18.7000000","splitPointTimeId":96694,"splitPointId":2974,"entryId":20385,"elapsedDurationMs":197400,"elapsedDuration":"PT3M17.4S","splitDateTime":"2019-10-06T08:14:17.4","splitDateTimeLocal":"2019-10-06T09:14:17.4+01:00"},{"startDateTime":"2019-10-06T08:12:00","startDateTimeLocal":"2019-10-06T09:12:00+01:00","stageTimeDurationMs":259700,"stageTimeDuration":"00:04:19.7000000","splitPointTimeId":96696,"splitPointId":2974,"entryId":20390,"elapsedDurationMs":197100,"elapsedDuration":"PT3M17.1S","splitDateTime":"2019-10-06T08:15:17.1","splitDateTimeLocal":"2019-10-06T09:15:17.1+01:00"},{"startDateTime":"2019-10-06T08:13:00","startDateTimeLocal":"2019-10-06T09:13:00+01:00","stageTimeDurationMs":256500,"stageTimeDuration":"00:04:16.5000000","splitPointTimeId":96697,"splitPointId":2974,"entryId":20378,"elapsedDurationMs":196000,"elapsedDuration":"PT3M16S","splitDateTime":"2019-10-06T08:16:16","splitDateTimeLocal":"2019-10-06T09:16:16+01:00"},{"startDateTime":"2019-10-06T08:15:00","startDateTimeLocal":"2019-10-06T09:15:00+01:00","stageTimeDurationMs":257900,"stageTimeDuration":"00:04:17.9000000","splitPointTimeId":96699,"splitPointId":2974,"entryId":20405,"elapsedDurationMs":196100,"elapsedDuration":"PT3M16.1S","splitDateTime":"2019-10-06T08:18:16.1","splitDateTimeLocal":"2019-10-06T09:18:16.1+01:00"},{"startDateTime":"2019-10-06T08:17:00","startDateTimeLocal":"2019-10-06T09:17:00+01:00","stageTimeDurationMs":276900,"stageTimeDuration":"00:04:36.9000000","splitPointTimeId":96703,"splitPointId":2974,"entryId":20384,"elapsedDurationMs":209900,"elapsedDuration":"PT3M29.9S","splitDateTime":"2019-10-06T08:20:29.9","splitDateTimeLocal":"2019-10-06T09:20:29.9+01:00"},{"startDateTime":"2019-10-06T08:18:00","startDateTimeLocal":"2019-10-06T09:18:00+01:00","stageTimeDurationMs":300500,"stageTimeDuration":"00:05:00.5000000","splitPointTimeId":96706,"splitPointId":2974,"entryId":20414,"elapsedDurationMs":227700,"elapsedDuration":"PT3M47.7S","splitDateTime":"2019-10-06T08:21:47.7","splitDateTimeLocal":"2019-10-06T09:21:47.7+01:00"},{"startDateTime":"2019-10-06T08:14:00","startDateTimeLocal":"2019-10-06T09:14:00+01:00","stageTimeDurationMs":256900,"stageTimeDuration":"00:04:16.9000000","splitPointTimeId":96707,"splitPointId":2974,"entryId":20379,"elapsedDurationMs":195900,"elapsedDuration":"PT3M15.9S","splitDateTime":"2019-10-06T08:17:15.9","splitDateTimeLocal":"2019-10-06T09:17:15.9+01:00"},{"startDateTime":"2019-10-06T08:19:00","startDateTimeLocal":"2019-10-06T09:19:00+01:00","stageTimeDurationMs":285400,"stageTimeDuration":"00:04:45.4000000","splitPointTimeId":96709,"splitPointId":2974,"entryId":20409,"elapsedDurationMs":215600,"elapsedDuration":"PT3M35.6S","splitDateTime":"2019-10-06T08:22:35.6","splitDateTimeLocal":"2019-10-06T09:22:35.6+01:00"},{"startDateTime":"2019-10-06T08:20:00","startDateTimeLocal":"2019-10-06T09:20:00+01:00","stageTimeDurationMs":280500,"stageTimeDuration":"00:04:40.5000000","splitPointTimeId":96711,"splitPointId":2974,"entryId":20408,"elapsedDurationMs":212900,"elapsedDuration":"PT3M32.9S","splitDateTime":"2019-10-06T08:23:32.9","splitDateTimeLocal":"2019-10-06T09:23:32.9+01:00"},{"startDateTime":"2019-10-06T08:21:00","startDateTimeLocal":"2019-10-06T09:21:00+01:00","stageTimeDurationMs":293800,"stageTimeDuration":"00:04:53.8000000","splitPointTimeId":96712,"splitPointId":2974,"entryId":20412,"elapsedDurationMs":224100,"elapsedDuration":"PT3M44.1S","splitDateTime":"2019-10-06T08:24:44.1","splitDateTimeLocal":"2019-10-06T09:24:44.1+01:00"},{"startDateTime":"2019-10-06T08:22:00","startDateTimeLocal":"2019-10-06T09:22:00+01:00","stageTimeDurationMs":296000,"stageTimeDuration":"00:04:56","splitPointTimeId":96715,"splitPointId":2974,"entryId":20416,"elapsedDurationMs":226100,"elapsedDuration":"PT3M46.1S","splitDateTime":"2019-10-06T08:25:46.1","splitDateTimeLocal":"2019-10-06T09:25:46.1+01:00"},{"startDateTime":"2019-10-06T08:23:00","startDateTimeLocal":"2019-10-06T09:23:00+01:00","stageTimeDurationMs":319700,"stageTimeDuration":"00:05:19.7000000","splitPointTimeId":96717,"splitPointId":2974,"entryId":20417,"elapsedDurationMs":241400,"elapsedDuration":"PT4M1.4S","splitDateTime":"2019-10-06T08:27:01.4","splitDateTimeLocal":"2019-10-06T09:27:01.4+01:00"},{"startDateTime":"2019-10-06T08:24:00","startDateTimeLocal":"2019-10-06T09:24:00+01:00","stageTimeDurationMs":290200,"stageTimeDuration":"00:04:50.2000000","splitPointTimeId":96718,"splitPointId":2974,"entryId":20415,"elapsedDurationMs":220400,"elapsedDuration":"PT3M40.4S","splitDateTime":"2019-10-06T08:27:40.4","splitDateTimeLocal":"2019-10-06T09:27:40.4+01:00"},{"startDateTime":"2019-10-06T07:08:00","startDateTimeLocal":"2019-10-06T08:08:00+01:00","stageTimeDurationMs":240400,"stageTimeDuration":"00:04:00.4000000","splitPointTimeId":96574,"splitPointId":2980,"entryId":20362,"elapsedDurationMs":133300,"elapsedDuration":"PT2M13.3S","splitDateTime":"2019-10-06T07:10:13.3","splitDateTimeLocal":"2019-10-06T08:10:13.3+01:00"},{"startDateTime":"2019-10-06T07:11:00","startDateTimeLocal":"2019-10-06T08:11:00+01:00","stageTimeDurationMs":239900,"stageTimeDuration":"00:03:59.9000000","splitPointTimeId":96582,"splitPointId":2980,"entryId":20369,"elapsedDurationMs":132800,"elapsedDuration":"PT2M12.8S","splitDateTime":"2019-10-06T07:13:12.8","splitDateTimeLocal":"2019-10-06T08:13:12.8+01:00"},{"startDateTime":"2019-10-06T07:14:00","startDateTimeLocal":"2019-10-06T08:14:00+01:00","stageTimeDurationMs":242600,"stageTimeDuration":"00:04:02.6000000","splitPointTimeId":96588,"splitPointId":2980,"entryId":20364,"elapsedDurationMs":134600,"elapsedDuration":"PT2M14.6S","splitDateTime":"2019-10-06T07:16:14.6","splitDateTimeLocal":"2019-10-06T08:16:14.6+01:00"},{"startDateTime":"2019-10-06T07:17:00","startDateTimeLocal":"2019-10-06T08:17:00+01:00","stageTimeDurationMs":236600,"stageTimeDuration":"00:03:56.6000000","splitPointTimeId":96595,"splitPointId":2980,"entryId":20368,"elapsedDurationMs":132100,"elapsedDuration":"PT2M12.1S","splitDateTime":"2019-10-06T07:19:12.1","splitDateTimeLocal":"2019-10-06T08:19:12.1+01:00"},{"startDateTime":"2019-10-06T07:20:00","startDateTimeLocal":"2019-10-06T08:20:00+01:00","stageTimeDurationMs":241200,"stageTimeDuration":"00:04:01.2000000","splitPointTimeId":96602,"splitPointId":2980,"entryId":20370,"elapsedDurationMs":134200,"elapsedDuration":"PT2M14.2S","splitDateTime":"2019-10-06T07:22:14.2","splitDateTimeLocal":"2019-10-06T08:22:14.2+01:00"},{"startDateTime":"2019-10-06T07:23:00","startDateTimeLocal":"2019-10-06T08:23:00+01:00","stageTimeDurationMs":241000,"stageTimeDuration":"00:04:01","splitPointTimeId":96610,"splitPointId":2980,"entryId":20363,"elapsedDurationMs":134300,"elapsedDuration":"PT2M14.3S","splitDateTime":"2019-10-06T07:25:14.3","splitDateTimeLocal":"2019-10-06T08:25:14.3+01:00"},{"startDateTime":"2019-10-06T07:26:00","startDateTimeLocal":"2019-10-06T08:26:00+01:00","stageTimeDurationMs":241500,"stageTimeDuration":"00:04:01.5000000","splitPointTimeId":96618,"splitPointId":2980,"entryId":20360,"elapsedDurationMs":134200,"elapsedDuration":"PT2M14.2S","splitDateTime":"2019-10-06T07:28:14.2","splitDateTimeLocal":"2019-10-06T08:28:14.2+01:00"},{"startDateTime":"2019-10-06T07:29:00","startDateTimeLocal":"2019-10-06T08:29:00+01:00","stageTimeDurationMs":238600,"stageTimeDuration":"00:03:58.6000000","splitPointTimeId":96626,"splitPointId":2980,"entryId":20367,"elapsedDurationMs":133200,"elapsedDuration":"PT2M13.2S","splitDateTime":"2019-10-06T07:31:13.2","splitDateTimeLocal":"2019-10-06T08:31:13.2+01:00"},{"startDateTime":"2019-10-06T07:32:00","startDateTimeLocal":"2019-10-06T08:32:00+01:00","stageTimeDurationMs":238800,"stageTimeDuration":"00:03:58.8000000","splitPointTimeId":96633,"splitPointId":2980,"entryId":20365,"elapsedDurationMs":133200,"elapsedDuration":"PT2M13.2S","splitDateTime":"2019-10-06T07:34:13.2","splitDateTimeLocal":"2019-10-06T08:34:13.2+01:00"},{"startDateTime":"2019-10-06T07:35:00","startDateTimeLocal":"2019-10-06T08:35:00+01:00","stageTimeDurationMs":253900,"stageTimeDuration":"00:04:13.9000000","splitPointTimeId":96641,"splitPointId":2980,"entryId":20371,"elapsedDurationMs":140700,"elapsedDuration":"PT2M20.7S","splitDateTime":"2019-10-06T07:37:20.7","splitDateTimeLocal":"2019-10-06T08:37:20.7+01:00"},{"startDateTime":"2019-10-06T07:38:00","startDateTimeLocal":"2019-10-06T08:38:00+01:00","stageTimeDurationMs":257900,"stageTimeDuration":"00:04:17.9000000","splitPointTimeId":96644,"splitPointId":2980,"entryId":20374,"elapsedDurationMs":143600,"elapsedDuration":"PT2M23.6S","splitDateTime":"2019-10-06T07:40:23.6","splitDateTimeLocal":"2019-10-06T08:40:23.6+01:00"},{"startDateTime":"2019-10-06T07:41:00","startDateTimeLocal":"2019-10-06T08:41:00+01:00","stageTimeDurationMs":252000,"stageTimeDuration":"00:04:12","splitPointTimeId":96646,"splitPointId":2980,"entryId":20373,"elapsedDurationMs":139700,"elapsedDuration":"PT2M19.7S","splitDateTime":"2019-10-06T07:43:19.7","splitDateTimeLocal":"2019-10-06T08:43:19.7+01:00"},{"startDateTime":"2019-10-06T07:44:00","startDateTimeLocal":"2019-10-06T08:44:00+01:00","stageTimeDurationMs":250700,"stageTimeDuration":"00:04:10.7000000","splitPointTimeId":96648,"splitPointId":2980,"entryId":20375,"elapsedDurationMs":139600,"elapsedDuration":"PT2M19.6S","splitDateTime":"2019-10-06T07:46:19.6","splitDateTimeLocal":"2019-10-06T08:46:19.6+01:00"},{"startDateTime":"2019-10-06T07:47:00","startDateTimeLocal":"2019-10-06T08:47:00+01:00","stageTimeDurationMs":249500,"stageTimeDuration":"00:04:09.5000000","splitPointTimeId":96650,"splitPointId":2980,"entryId":20372,"elapsedDurationMs":138700,"elapsedDuration":"PT2M18.7S","splitDateTime":"2019-10-06T07:49:18.7","splitDateTimeLocal":"2019-10-06T08:49:18.7+01:00"},{"startDateTime":"2019-10-06T07:50:00","startDateTimeLocal":"2019-10-06T08:50:00+01:00","stageTimeDurationMs":256300,"stageTimeDuration":"00:04:16.3000000","splitPointTimeId":96652,"splitPointId":2980,"entryId":20389,"elapsedDurationMs":141200,"elapsedDuration":"PT2M21.2S","splitDateTime":"2019-10-06T07:52:21.2","splitDateTimeLocal":"2019-10-06T08:52:21.2+01:00"},{"startDateTime":"2019-10-06T07:51:00","startDateTimeLocal":"2019-10-06T08:51:00+01:00","stageTimeDurationMs":256600,"stageTimeDuration":"00:04:16.6000000","splitPointTimeId":96654,"splitPointId":2980,"entryId":20403,"elapsedDurationMs":142100,"elapsedDuration":"PT2M22.1S","splitDateTime":"2019-10-06T07:53:22.1","splitDateTimeLocal":"2019-10-06T08:53:22.1+01:00"},{"startDateTime":"2019-10-06T07:52:00","startDateTimeLocal":"2019-10-06T08:52:00+01:00","stageTimeDurationMs":254300,"stageTimeDuration":"00:04:14.3000000","splitPointTimeId":96655,"splitPointId":2980,"entryId":20406,"elapsedDurationMs":141300,"elapsedDuration":"PT2M21.3S","splitDateTime":"2019-10-06T07:54:21.3","splitDateTimeLocal":"2019-10-06T08:54:21.3+01:00"},{"startDateTime":"2019-10-06T07:53:00","startDateTimeLocal":"2019-10-06T08:53:00+01:00","stageTimeDurationMs":255500,"stageTimeDuration":"00:04:15.5000000","splitPointTimeId":96658,"splitPointId":2980,"entryId":20377,"elapsedDurationMs":141200,"elapsedDuration":"PT2M21.2S","splitDateTime":"2019-10-06T07:55:21.2","splitDateTimeLocal":"2019-10-06T08:55:21.2+01:00"},{"startDateTime":"2019-10-06T07:54:00","startDateTimeLocal":"2019-10-06T08:54:00+01:00","stageTimeDurationMs":257200,"stageTimeDuration":"00:04:17.2000000","splitPointTimeId":96660,"splitPointId":2980,"entryId":20404,"elapsedDurationMs":142700,"elapsedDuration":"PT2M22.7S","splitDateTime":"2019-10-06T07:56:22.7","splitDateTimeLocal":"2019-10-06T08:56:22.7+01:00"},{"startDateTime":"2019-10-06T07:55:00","startDateTimeLocal":"2019-10-06T08:55:00+01:00","stageTimeDurationMs":252700,"stageTimeDuration":"00:04:12.7000000","splitPointTimeId":96662,"splitPointId":2980,"entryId":20387,"elapsedDurationMs":141300,"elapsedDuration":"PT2M21.3S","splitDateTime":"2019-10-06T07:57:21.3","splitDateTimeLocal":"2019-10-06T08:57:21.3+01:00"},{"startDateTime":"2019-10-06T07:56:00","startDateTimeLocal":"2019-10-06T08:56:00+01:00","stageTimeDurationMs":256900,"stageTimeDuration":"00:04:16.9000000","splitPointTimeId":96664,"splitPointId":2980,"entryId":20383,"elapsedDurationMs":142500,"elapsedDuration":"PT2M22.5S","splitDateTime":"2019-10-06T07:58:22.5","splitDateTimeLocal":"2019-10-06T08:58:22.5+01:00"},{"startDateTime":"2019-10-06T07:57:00","startDateTimeLocal":"2019-10-06T08:57:00+01:00","stageTimeDurationMs":287400,"stageTimeDuration":"00:04:47.4000000","splitPointTimeId":96666,"splitPointId":2980,"entryId":20393,"elapsedDurationMs":161100,"elapsedDuration":"PT2M41.1S","splitDateTime":"2019-10-06T07:59:41.1","splitDateTimeLocal":"2019-10-06T08:59:41.1+01:00"},{"startDateTime":"2019-10-06T07:58:00","startDateTimeLocal":"2019-10-06T08:58:00+01:00","stageTimeDurationMs":281400,"stageTimeDuration":"00:04:41.4000000","splitPointTimeId":96667,"splitPointId":2980,"entryId":20392,"elapsedDurationMs":157700,"elapsedDuration":"PT2M37.7S","splitDateTime":"2019-10-06T08:00:37.7","splitDateTimeLocal":"2019-10-06T09:00:37.7+01:00"},{"startDateTime":"2019-10-06T07:59:00","startDateTimeLocal":"2019-10-06T08:59:00+01:00","stageTimeDurationMs":285100,"stageTimeDuration":"00:04:45.1000000","splitPointTimeId":96670,"splitPointId":2980,"entryId":20398,"elapsedDurationMs":159800,"elapsedDuration":"PT2M39.8S","splitDateTime":"2019-10-06T08:01:39.8","splitDateTimeLocal":"2019-10-06T09:01:39.8+01:00"},{"startDateTime":"2019-10-06T08:00:00","startDateTimeLocal":"2019-10-06T09:00:00+01:00","stageTimeDurationMs":288600,"stageTimeDuration":"00:04:48.6000000","splitPointTimeId":96672,"splitPointId":2980,"entryId":20399,"elapsedDurationMs":161200,"elapsedDuration":"PT2M41.2S","splitDateTime":"2019-10-06T08:02:41.2","splitDateTimeLocal":"2019-10-06T09:02:41.2+01:00"},{"startDateTime":"2019-10-06T08:01:00","startDateTimeLocal":"2019-10-06T09:01:00+01:00","stageTimeDurationMs":302800,"stageTimeDuration":"00:05:02.8000000","splitPointTimeId":96674,"splitPointId":2980,"entryId":20397,"elapsedDurationMs":169700,"elapsedDuration":"PT2M49.7S","splitDateTime":"2019-10-06T08:03:49.7","splitDateTimeLocal":"2019-10-06T09:03:49.7+01:00"},{"startDateTime":"2019-10-06T08:02:00","startDateTimeLocal":"2019-10-06T09:02:00+01:00","stageTimeDurationMs":296000,"stageTimeDuration":"00:04:56","splitPointTimeId":96675,"splitPointId":2980,"entryId":20401,"elapsedDurationMs":164700,"elapsedDuration":"PT2M44.7S","splitDateTime":"2019-10-06T08:04:44.7","splitDateTimeLocal":"2019-10-06T09:04:44.7+01:00"},{"startDateTime":"2019-10-06T08:03:00","startDateTimeLocal":"2019-10-06T09:03:00+01:00","stageTimeDurationMs":309700,"stageTimeDuration":"00:05:09.7000000","splitPointTimeId":96678,"splitPointId":2980,"entryId":20402,"elapsedDurationMs":172300,"elapsedDuration":"PT2M52.3S","splitDateTime":"2019-10-06T08:05:52.3","splitDateTimeLocal":"2019-10-06T09:05:52.3+01:00"},{"startDateTime":"2019-10-06T08:04:00","startDateTimeLocal":"2019-10-06T09:04:00+01:00","stageTimeDurationMs":280700,"stageTimeDuration":"00:04:40.7000000","splitPointTimeId":96679,"splitPointId":2980,"entryId":20396,"elapsedDurationMs":158300,"elapsedDuration":"PT2M38.3S","splitDateTime":"2019-10-06T08:06:38.3","splitDateTimeLocal":"2019-10-06T09:06:38.3+01:00"},{"startDateTime":"2019-10-06T08:05:00","startDateTimeLocal":"2019-10-06T09:05:00+01:00","stageTimeDurationMs":277800,"stageTimeDuration":"00:04:37.8000000","splitPointTimeId":96682,"splitPointId":2980,"entryId":20394,"elapsedDurationMs":157100,"elapsedDuration":"PT2M37.1S","splitDateTime":"2019-10-06T08:07:37.1","splitDateTimeLocal":"2019-10-06T09:07:37.1+01:00"},{"startDateTime":"2019-10-06T08:06:00","startDateTimeLocal":"2019-10-06T09:06:00+01:00","stageTimeDurationMs":284100,"stageTimeDuration":"00:04:44.1000000","splitPointTimeId":96684,"splitPointId":2980,"entryId":20395,"elapsedDurationMs":159300,"elapsedDuration":"PT2M39.3S","splitDateTime":"2019-10-06T08:08:39.3","splitDateTimeLocal":"2019-10-06T09:08:39.3+01:00"},{"startDateTime":"2019-10-06T08:08:00","startDateTimeLocal":"2019-10-06T09:08:00+01:00","stageTimeDurationMs":256700,"stageTimeDuration":"00:04:16.7000000","splitPointTimeId":96686,"splitPointId":2980,"entryId":20381,"elapsedDurationMs":142700,"elapsedDuration":"PT2M22.7S","splitDateTime":"2019-10-06T08:10:22.7","splitDateTimeLocal":"2019-10-06T09:10:22.7+01:00"},{"startDateTime":"2019-10-06T08:09:00","startDateTimeLocal":"2019-10-06T09:09:00+01:00","stageTimeDurationMs":262800,"stageTimeDuration":"00:04:22.8000000","splitPointTimeId":96688,"splitPointId":2980,"entryId":20380,"elapsedDurationMs":145700,"elapsedDuration":"PT2M25.7S","splitDateTime":"2019-10-06T08:11:25.7","splitDateTimeLocal":"2019-10-06T09:11:25.7+01:00"},{"startDateTime":"2019-10-06T08:10:00","startDateTimeLocal":"2019-10-06T09:10:00+01:00","stageTimeDurationMs":259300,"stageTimeDuration":"00:04:19.3000000","splitPointTimeId":96690,"splitPointId":2980,"entryId":20376,"elapsedDurationMs":143800,"elapsedDuration":"PT2M23.8S","splitDateTime":"2019-10-06T08:12:23.8","splitDateTimeLocal":"2019-10-06T09:12:23.8+01:00"},{"startDateTime":"2019-10-06T08:11:00","startDateTimeLocal":"2019-10-06T09:11:00+01:00","stageTimeDurationMs":258700,"stageTimeDuration":"00:04:18.7000000","splitPointTimeId":96691,"splitPointId":2980,"entryId":20385,"elapsedDurationMs":143300,"elapsedDuration":"PT2M23.3S","splitDateTime":"2019-10-06T08:13:23.3","splitDateTimeLocal":"2019-10-06T09:13:23.3+01:00"},{"startDateTime":"2019-10-06T08:12:00","startDateTimeLocal":"2019-10-06T09:12:00+01:00","stageTimeDurationMs":259700,"stageTimeDuration":"00:04:19.7000000","splitPointTimeId":96693,"splitPointId":2980,"entryId":20390,"elapsedDurationMs":143200,"elapsedDuration":"PT2M23.2S","splitDateTime":"2019-10-06T08:14:23.2","splitDateTimeLocal":"2019-10-06T09:14:23.2+01:00"},{"startDateTime":"2019-10-06T08:13:00","startDateTimeLocal":"2019-10-06T09:13:00+01:00","stageTimeDurationMs":256500,"stageTimeDuration":"00:04:16.5000000","splitPointTimeId":96695,"splitPointId":2980,"entryId":20378,"elapsedDurationMs":141900,"elapsedDuration":"PT2M21.9S","splitDateTime":"2019-10-06T08:15:21.9","splitDateTimeLocal":"2019-10-06T09:15:21.9+01:00"},{"startDateTime":"2019-10-06T08:15:00","startDateTimeLocal":"2019-10-06T09:15:00+01:00","stageTimeDurationMs":257900,"stageTimeDuration":"00:04:17.9000000","splitPointTimeId":96698,"splitPointId":2980,"entryId":20405,"elapsedDurationMs":142800,"elapsedDuration":"PT2M22.8S","splitDateTime":"2019-10-06T08:17:22.8","splitDateTimeLocal":"2019-10-06T09:17:22.8+01:00"},{"startDateTime":"2019-10-06T08:16:00","startDateTimeLocal":"2019-10-06T09:16:00+01:00","stageTimeDurationMs":252000,"stageTimeDuration":"00:04:12","splitPointTimeId":96700,"splitPointId":2980,"entryId":20388,"elapsedDurationMs":140700,"elapsedDuration":"PT2M20.7S","splitDateTime":"2019-10-06T08:18:20.7","splitDateTimeLocal":"2019-10-06T09:18:20.7+01:00"},{"startDateTime":"2019-10-06T08:17:00","startDateTimeLocal":"2019-10-06T09:17:00+01:00","stageTimeDurationMs":276900,"stageTimeDuration":"00:04:36.9000000","splitPointTimeId":96701,"splitPointId":2980,"entryId":20384,"elapsedDurationMs":151300,"elapsedDuration":"PT2M31.3S","splitDateTime":"2019-10-06T08:19:31.3","splitDateTimeLocal":"2019-10-06T09:19:31.3+01:00"},{"startDateTime":"2019-10-06T08:14:00","startDateTimeLocal":"2019-10-06T09:14:00+01:00","stageTimeDurationMs":256900,"stageTimeDuration":"00:04:16.9000000","splitPointTimeId":96702,"splitPointId":2980,"entryId":20379,"elapsedDurationMs":142000,"elapsedDuration":"PT2M22S","splitDateTime":"2019-10-06T08:16:22","splitDateTimeLocal":"2019-10-06T09:16:22+01:00"},{"startDateTime":"2019-10-06T08:18:00","startDateTimeLocal":"2019-10-06T09:18:00+01:00","stageTimeDurationMs":300500,"stageTimeDuration":"00:05:00.5000000","splitPointTimeId":96704,"splitPointId":2980,"entryId":20414,"elapsedDurationMs":165300,"elapsedDuration":"PT2M45.3S","splitDateTime":"2019-10-06T08:20:45.3","splitDateTimeLocal":"2019-10-06T09:20:45.3+01:00"},{"startDateTime":"2019-10-06T08:19:00","startDateTimeLocal":"2019-10-06T09:19:00+01:00","stageTimeDurationMs":285400,"stageTimeDuration":"00:04:45.4000000","splitPointTimeId":96705,"splitPointId":2980,"entryId":20409,"elapsedDurationMs":156300,"elapsedDuration":"PT2M36.3S","splitDateTime":"2019-10-06T08:21:36.3","splitDateTimeLocal":"2019-10-06T09:21:36.3+01:00"},{"startDateTime":"2019-10-06T08:20:00","startDateTimeLocal":"2019-10-06T09:20:00+01:00","stageTimeDurationMs":280500,"stageTimeDuration":"00:04:40.5000000","splitPointTimeId":96708,"splitPointId":2980,"entryId":20408,"elapsedDurationMs":154800,"elapsedDuration":"PT2M34.8S","splitDateTime":"2019-10-06T08:22:34.8","splitDateTimeLocal":"2019-10-06T09:22:34.8+01:00"},{"startDateTime":"2019-10-06T08:21:00","startDateTimeLocal":"2019-10-06T09:21:00+01:00","stageTimeDurationMs":293800,"stageTimeDuration":"00:04:53.8000000","splitPointTimeId":96710,"splitPointId":2980,"entryId":20412,"elapsedDurationMs":164300,"elapsedDuration":"PT2M44.3S","splitDateTime":"2019-10-06T08:23:44.3","splitDateTimeLocal":"2019-10-06T09:23:44.3+01:00"},{"startDateTime":"2019-10-06T08:22:00","startDateTimeLocal":"2019-10-06T09:22:00+01:00","stageTimeDurationMs":296000,"stageTimeDuration":"00:04:56","splitPointTimeId":96713,"splitPointId":2980,"entryId":20416,"elapsedDurationMs":166500,"elapsedDuration":"PT2M46.5S","splitDateTime":"2019-10-06T08:24:46.5","splitDateTimeLocal":"2019-10-06T09:24:46.5+01:00"},{"startDateTime":"2019-10-06T08:23:00","startDateTimeLocal":"2019-10-06T09:23:00+01:00","stageTimeDurationMs":319700,"stageTimeDuration":"00:05:19.7000000","splitPointTimeId":96714,"splitPointId":2980,"entryId":20417,"elapsedDurationMs":173800,"elapsedDuration":"PT2M53.8S","splitDateTime":"2019-10-06T08:25:53.8","splitDateTimeLocal":"2019-10-06T09:25:53.8+01:00"},{"startDateTime":"2019-10-06T08:24:00","startDateTimeLocal":"2019-10-06T09:24:00+01:00","stageTimeDurationMs":290200,"stageTimeDuration":"00:04:50.2000000","splitPointTimeId":96716,"splitPointId":2980,"entryId":20415,"elapsedDurationMs":162100,"elapsedDuration":"PT2M42.1S","splitDateTime":"2019-10-06T08:26:42.1","splitDateTimeLocal":"2019-10-06T09:26:42.1+01:00"}]