[{"stageTimeId":78974,"stageId":1377,"entryId":20174,"elapsedDurationMs":1681200,"elapsedDuration":"00:28:01.2000000","status":"Completed","source":"Default","position":1,"diffFirstMs":0,"diffFirst":"00:00:00","diffPrevMs":0,"diffPrev":"00:00:00"},{"stageTimeId":78989,"stageId":1377,"entryId":20182,"elapsedDurationMs":1686800,"elapsedDuration":"00:28:06.8000000","status":"Completed","source":"Default","position":2,"diffFirstMs":5600,"diffFirst":"00:00:05.6000000","diffPrevMs":5600,"diffPrev":"00:00:05.6000000"},{"stageTimeId":78882,"stageId":1377,"entryId":20172,"elapsedDurationMs":1689900,"elapsedDuration":"00:28:09.9000000","status":"Completed","source":"Default","position":3,"diffFirstMs":8700,"diffFirst":"00:00:08.7000000","diffPrevMs":3100,"diffPrev":"00:00:03.1000000"},{"stageTimeId":78980,"stageId":1377,"entryId":20176,"elapsedDurationMs":1695000,"elapsedDuration":"00:28:15","status":"Completed","source":"Default","position":4,"diffFirstMs":13800,"diffFirst":"00:00:13.8000000","diffPrevMs":5100,"diffPrev":"00:00:05.1000000"},{"stageTimeId":78986,"stageId":1377,"entryId":20173,"elapsedDurationMs":1696300,"elapsedDuration":"00:28:16.3000000","status":"Completed","source":"Default","position":5,"diffFirstMs":15100,"diffFirst":"00:00:15.1000000","diffPrevMs":1300,"diffPrev":"00:00:01.3000000"},{"stageTimeId":78894,"stageId":1377,"entryId":20178,"elapsedDurationMs":1697600,"elapsedDuration":"00:28:17.6000000","status":"Completed","source":"Default","position":6,"diffFirstMs":16400,"diffFirst":"00:00:16.4000000","diffPrevMs":1300,"diffPrev":"00:00:01.3000000"},{"stageTimeId":78891,"stageId":1377,"entryId":20175,"elapsedDurationMs":1699800,"elapsedDuration":"00:28:19.8000000","status":"Completed","source":"Default","position":7,"diffFirstMs":18600,"diffFirst":"00:00:18.6000000","diffPrevMs":2200,"diffPrev":"00:00:02.2000000"},{"stageTimeId":78995,"stageId":1377,"entryId":20179,"elapsedDurationMs":1704600,"elapsedDuration":"00:28:24.6000000","status":"Completed","source":"Default","position":8,"diffFirstMs":23400,"diffFirst":"00:00:23.4000000","diffPrevMs":4800,"diffPrev":"00:00:04.8000000"},{"stageTimeId":78873,"stageId":1377,"entryId":20180,"elapsedDurationMs":1706100,"elapsedDuration":"00:28:26.1000000","status":"Completed","source":"Default","position":9,"diffFirstMs":24900,"diffFirst":"00:00:24.9000000","diffPrevMs":1500,"diffPrev":"00:00:01.5000000"},{"stageTimeId":79003,"stageId":1377,"entryId":20177,"elapsedDurationMs":1736000,"elapsedDuration":"00:28:56","status":"Completed","source":"Default","position":10,"diffFirstMs":54800,"diffFirst":"00:00:54.8000000","diffPrevMs":29900,"diffPrev":"00:00:29.9000000"},{"stageTimeId":78876,"stageId":1377,"entryId":20186,"elapsedDurationMs":1807000,"elapsedDuration":"00:30:07","status":"Completed","source":"Default","position":11,"diffFirstMs":125800,"diffFirst":"00:02:05.8000000","diffPrevMs":71000,"diffPrev":"00:01:11"},{"stageTimeId":79020,"stageId":1377,"entryId":20185,"elapsedDurationMs":1807000,"elapsedDuration":"00:30:07","status":"Completed","source":"Assessed","position":12,"diffFirstMs":125800,"diffFirst":"00:02:05.8000000","diffPrevMs":0,"diffPrev":"00:00:00"},{"stageTimeId":78921,"stageId":1377,"entryId":20189,"elapsedDurationMs":1817200,"elapsedDuration":"00:30:17.2000000","status":"Completed","source":"Default","position":13,"diffFirstMs":136000,"diffFirst":"00:02:16","diffPrevMs":10200,"diffPrev":"00:00:10.2000000"},{"stageTimeId":78968,"stageId":1377,"entryId":20188,"elapsedDurationMs":1824000,"elapsedDuration":"00:30:24","status":"Completed","source":"Default","position":14,"diffFirstMs":142800,"diffFirst":"00:02:22.8000000","diffPrevMs":6800,"diffPrev":"00:00:06.8000000"},{"stageTimeId":78934,"stageId":1377,"entryId":20194,"elapsedDurationMs":1918200,"elapsedDuration":"00:31:58.2000000","status":"Completed","source":"Default","position":15,"diffFirstMs":237000,"diffFirst":"00:03:57","diffPrevMs":94200,"diffPrev":"00:01:34.2000000"},{"stageTimeId":78908,"stageId":1377,"entryId":20192,"elapsedDurationMs":1920000,"elapsedDuration":"00:32:00","status":"Completed","source":"Default","position":16,"diffFirstMs":238800,"diffFirst":"00:03:58.8000000","diffPrevMs":1800,"diffPrev":"00:00:01.8000000"},{"stageTimeId":79025,"stageId":1377,"entryId":20183,"elapsedDurationMs":1922200,"elapsedDuration":"00:32:02.2000000","status":"Completed","source":"Default","position":17,"diffFirstMs":241000,"diffFirst":"00:04:01","diffPrevMs":2200,"diffPrev":"00:00:02.2000000"},{"stageTimeId":78948,"stageId":1377,"entryId":20197,"elapsedDurationMs":1944800,"elapsedDuration":"00:32:24.8000000","status":"Completed","source":"Default","position":18,"diffFirstMs":263600,"diffFirst":"00:04:23.6000000","diffPrevMs":22600,"diffPrev":"00:00:22.6000000"},{"stageTimeId":79031,"stageId":1377,"entryId":20184,"elapsedDurationMs":1953600,"elapsedDuration":"00:32:33.6000000","status":"Completed","source":"Default","position":19,"diffFirstMs":272400,"diffFirst":"00:04:32.4000000","diffPrevMs":8800,"diffPrev":"00:00:08.8000000"},{"stageTimeId":78902,"stageId":1377,"entryId":20193,"elapsedDurationMs":1955100,"elapsedDuration":"00:32:35.1000000","status":"Completed","source":"Default","position":20,"diffFirstMs":273900,"diffFirst":"00:04:33.9000000","diffPrevMs":1500,"diffPrev":"00:00:01.5000000"},{"stageTimeId":79014,"stageId":1377,"entryId":20187,"elapsedDurationMs":1967300,"elapsedDuration":"00:32:47.3000000","status":"Completed","source":"Default","position":21,"diffFirstMs":286100,"diffFirst":"00:04:46.1000000","diffPrevMs":12200,"diffPrev":"00:00:12.2000000"},{"stageTimeId":78927,"stageId":1377,"entryId":20196,"elapsedDurationMs":1983500,"elapsedDuration":"00:33:03.5000000","status":"Completed","source":"Default","position":22,"diffFirstMs":302300,"diffFirst":"00:05:02.3000000","diffPrevMs":16200,"diffPrev":"00:00:16.2000000"},{"stageTimeId":78963,"stageId":1377,"entryId":20195,"elapsedDurationMs":2052100,"elapsedDuration":"00:34:12.1000000","status":"Completed","source":"Default","position":23,"diffFirstMs":370900,"diffFirst":"00:06:10.9000000","diffPrevMs":68600,"diffPrev":"00:01:08.6000000"},{"stageTimeId":78942,"stageId":1377,"entryId":20198,"elapsedDurationMs":2069800,"elapsedDuration":"00:34:29.8000000","status":"Completed","source":"Default","position":24,"diffFirstMs":388600,"diffFirst":"00:06:28.6000000","diffPrevMs":17700,"diffPrev":"00:00:17.7000000"},{"stageTimeId":78936,"stageId":1377,"entryId":20200,"elapsedDurationMs":2160300,"elapsedDuration":"00:36:00.3000000","status":"Completed","source":"Default","position":25,"diffFirstMs":479100,"diffFirst":"00:07:59.1000000","diffPrevMs":90500,"diffPrev":"00:01:30.5000000"},{"stageTimeId":78957,"stageId":1377,"entryId":20191,"elapsedDurationMs":2227000,"elapsedDuration":"00:37:07","status":"Completed","source":"Assessed","position":26,"diffFirstMs":545800,"diffFirst":"00:09:05.8000000","diffPrevMs":66700,"diffPrev":"00:01:06.7000000"},{"stageTimeId":78914,"stageId":1377,"entryId":20190,"elapsedDurationMs":2517800,"elapsedDuration":"00:41:57.8000000","status":"Completed","source":"Default","position":27,"diffFirstMs":836600,"diffFirst":"00:13:56.6000000","diffPrevMs":290800,"diffPrev":"00:04:50.8000000"},{"stageTimeId":79008,"stageId":1377,"entryId":20202,"elapsedDurationMs":2545800,"elapsedDuration":"00:42:25.8000000","status":"Completed","source":"Default","position":28,"diffFirstMs":864600,"diffFirst":"00:14:24.6000000","diffPrevMs":28000,"diffPrev":"00:00:28"}]