[{"stageTimeId":67859,"stageId":1128,"entryId":19574,"elapsedDurationMs":835100,"elapsedDuration":"00:13:55.1000000","status":"Completed","source":"Default","position":1,"diffFirstMs":0,"diffFirst":"00:00:00","diffPrevMs":0,"diffPrev":"00:00:00"},{"stageTimeId":67823,"stageId":1128,"entryId":19572,"elapsedDurationMs":835500,"elapsedDuration":"00:13:55.5000000","status":"Completed","source":"Default","position":2,"diffFirstMs":400,"diffFirst":"00:00:00.4000000","diffPrevMs":400,"diffPrev":"00:00:00.4000000"},{"stageTimeId":67927,"stageId":1128,"entryId":19576,"elapsedDurationMs":838300,"elapsedDuration":"00:13:58.3000000","status":"Completed","source":"Default","position":3,"diffFirstMs":3200,"diffFirst":"00:00:03.2000000","diffPrevMs":2800,"diffPrev":"00:00:02.8000000"},{"stageTimeId":67920,"stageId":1128,"entryId":19575,"elapsedDurationMs":839900,"elapsedDuration":"00:13:59.9000000","status":"Completed","source":"Default","position":4,"diffFirstMs":4800,"diffFirst":"00:00:04.8000000","diffPrevMs":1600,"diffPrev":"00:00:01.6000000"},{"stageTimeId":67829,"stageId":1128,"entryId":19568,"elapsedDurationMs":840800,"elapsedDuration":"00:14:00.8000000","status":"Completed","source":"Default","position":5,"diffFirstMs":5700,"diffFirst":"00:00:05.7000000","diffPrevMs":900,"diffPrev":"00:00:00.9000000"},{"stageTimeId":67835,"stageId":1128,"entryId":19573,"elapsedDurationMs":842700,"elapsedDuration":"00:14:02.7000000","status":"Completed","source":"Assessed","position":6,"diffFirstMs":7600,"diffFirst":"00:00:07.6000000","diffPrevMs":1900,"diffPrev":"00:00:01.9000000"},{"stageTimeId":67932,"stageId":1128,"entryId":19569,"elapsedDurationMs":847900,"elapsedDuration":"00:14:07.9000000","status":"Completed","source":"Default","position":7,"diffFirstMs":12800,"diffFirst":"00:00:12.8000000","diffPrevMs":5200,"diffPrev":"00:00:05.2000000"},{"stageTimeId":67909,"stageId":1128,"entryId":19570,"elapsedDurationMs":851900,"elapsedDuration":"00:14:11.9000000","status":"Completed","source":"Default","position":8,"diffFirstMs":16800,"diffFirst":"00:00:16.8000000","diffPrevMs":4000,"diffPrev":"00:00:04"},{"stageTimeId":67938,"stageId":1128,"entryId":19578,"elapsedDurationMs":860000,"elapsedDuration":"00:14:20","status":"Completed","source":"Default","position":9,"diffFirstMs":24900,"diffFirst":"00:00:24.9000000","diffPrevMs":8100,"diffPrev":"00:00:08.1000000"},{"stageTimeId":67817,"stageId":1128,"entryId":19580,"elapsedDurationMs":864700,"elapsedDuration":"00:14:24.7000000","status":"Completed","source":"Default","position":10,"diffFirstMs":29600,"diffFirst":"00:00:29.6000000","diffPrevMs":4700,"diffPrev":"00:00:04.7000000"},{"stageTimeId":67663,"stageId":1128,"entryId":19579,"elapsedDurationMs":869600,"elapsedDuration":"00:14:29.6000000","status":"Completed","source":"Default","position":11,"diffFirstMs":34500,"diffFirst":"00:00:34.5000000","diffPrevMs":4900,"diffPrev":"00:00:04.9000000"},{"stageTimeId":67854,"stageId":1128,"entryId":19586,"elapsedDurationMs":874300,"elapsedDuration":"00:14:34.3000000","status":"Completed","source":"Default","position":12,"diffFirstMs":39200,"diffFirst":"00:00:39.2000000","diffPrevMs":4700,"diffPrev":"00:00:04.7000000"},{"stageTimeId":67628,"stageId":1128,"entryId":19577,"elapsedDurationMs":877400,"elapsedDuration":"00:14:37.4000000","status":"Completed","source":"Default","position":13,"diffFirstMs":42300,"diffFirst":"00:00:42.3000000","diffPrevMs":3100,"diffPrev":"00:00:03.1000000"},{"stageTimeId":67866,"stageId":1128,"entryId":19582,"elapsedDurationMs":881500,"elapsedDuration":"00:14:41.5000000","status":"Completed","source":"Default","position":14,"diffFirstMs":46400,"diffFirst":"00:00:46.4000000","diffPrevMs":4100,"diffPrev":"00:00:04.1000000"},{"stageTimeId":67875,"stageId":1128,"entryId":19584,"elapsedDurationMs":882600,"elapsedDuration":"00:14:42.6000000","status":"Completed","source":"Default","position":15,"diffFirstMs":47500,"diffFirst":"00:00:47.5000000","diffPrevMs":1100,"diffPrev":"00:00:01.1000000"},{"stageTimeId":67773,"stageId":1128,"entryId":19593,"elapsedDurationMs":884200,"elapsedDuration":"00:14:44.2000000","status":"Completed","source":"Default","position":16,"diffFirstMs":49100,"diffFirst":"00:00:49.1000000","diffPrevMs":1600,"diffPrev":"00:00:01.6000000"},{"stageTimeId":67848,"stageId":1128,"entryId":19600,"elapsedDurationMs":884800,"elapsedDuration":"00:14:44.8000000","status":"Completed","source":"Default","position":17,"diffFirstMs":49700,"diffFirst":"00:00:49.7000000","diffPrevMs":600,"diffPrev":"00:00:00.6000000"},{"stageTimeId":67665,"stageId":1128,"entryId":19594,"elapsedDurationMs":889500,"elapsedDuration":"00:14:49.5000000","status":"Completed","source":"Default","position":18,"diffFirstMs":54400,"diffFirst":"00:00:54.4000000","diffPrevMs":4700,"diffPrev":"00:00:04.7000000"},{"stageTimeId":67627,"stageId":1128,"entryId":19583,"elapsedDurationMs":897400,"elapsedDuration":"00:14:57.4000000","status":"Completed","source":"Default","position":19,"diffFirstMs":62300,"diffFirst":"00:01:02.3000000","diffPrevMs":7900,"diffPrev":"00:00:07.9000000"},{"stageTimeId":67637,"stageId":1128,"entryId":19592,"elapsedDurationMs":899300,"elapsedDuration":"00:14:59.3000000","status":"Completed","source":"Default","position":20,"diffFirstMs":64200,"diffFirst":"00:01:04.2000000","diffPrevMs":1900,"diffPrev":"00:00:01.9000000"},{"stageTimeId":67872,"stageId":1128,"entryId":19581,"elapsedDurationMs":900900,"elapsedDuration":"00:15:00.9000000","status":"Completed","source":"Default","position":21,"diffFirstMs":65800,"diffFirst":"00:01:05.8000000","diffPrevMs":1600,"diffPrev":"00:00:01.6000000"},{"stageTimeId":67674,"stageId":1128,"entryId":19595,"elapsedDurationMs":904100,"elapsedDuration":"00:15:04.1000000","status":"Completed","source":"Default","position":22,"diffFirstMs":69000,"diffFirst":"00:01:09","diffPrevMs":3200,"diffPrev":"00:00:03.2000000"},{"stageTimeId":67755,"stageId":1128,"entryId":19587,"elapsedDurationMs":905900,"elapsedDuration":"00:15:05.9000000","status":"Completed","source":"Default","position":23,"diffFirstMs":70800,"diffFirst":"00:01:10.8000000","diffPrevMs":1800,"diffPrev":"00:00:01.8000000"},{"stageTimeId":67896,"stageId":1128,"entryId":19601,"elapsedDurationMs":913300,"elapsedDuration":"00:15:13.3000000","status":"Completed","source":"Default","position":24,"diffFirstMs":78200,"diffFirst":"00:01:18.2000000","diffPrevMs":7400,"diffPrev":"00:00:07.4000000"},{"stageTimeId":67767,"stageId":1128,"entryId":19596,"elapsedDurationMs":927500,"elapsedDuration":"00:15:27.5000000","status":"Completed","source":"Default","position":25,"diffFirstMs":92400,"diffFirst":"00:01:32.4000000","diffPrevMs":14200,"diffPrev":"00:00:14.2000000"},{"stageTimeId":67883,"stageId":1128,"entryId":19602,"elapsedDurationMs":939100,"elapsedDuration":"00:15:39.1000000","status":"Completed","source":"Default","position":26,"diffFirstMs":104000,"diffFirst":"00:01:44","diffPrevMs":11600,"diffPrev":"00:00:11.6000000"},{"stageTimeId":67651,"stageId":1128,"entryId":19597,"elapsedDurationMs":943700,"elapsedDuration":"00:15:43.7000000","status":"Completed","source":"Default","position":27,"diffFirstMs":108600,"diffFirst":"00:01:48.6000000","diffPrevMs":4600,"diffPrev":"00:00:04.6000000"},{"stageTimeId":67890,"stageId":1128,"entryId":19591,"elapsedDurationMs":945600,"elapsedDuration":"00:15:45.6000000","status":"Completed","source":"Default","position":28,"diffFirstMs":110500,"diffFirst":"00:01:50.5000000","diffPrevMs":1900,"diffPrev":"00:00:01.9000000"},{"stageTimeId":67648,"stageId":1128,"entryId":19588,"elapsedDurationMs":948500,"elapsedDuration":"00:15:48.5000000","status":"Completed","source":"Default","position":29,"diffFirstMs":113400,"diffFirst":"00:01:53.4000000","diffPrevMs":2900,"diffPrev":"00:00:02.9000000"},{"stageTimeId":67641,"stageId":1128,"entryId":19599,"elapsedDurationMs":955700,"elapsedDuration":"00:15:55.7000000","status":"Completed","source":"Default","position":30,"diffFirstMs":120600,"diffFirst":"00:02:00.6000000","diffPrevMs":7200,"diffPrev":"00:00:07.2000000"},{"stageTimeId":67761,"stageId":1128,"entryId":19598,"elapsedDurationMs":967900,"elapsedDuration":"00:16:07.9000000","status":"Completed","source":"Default","position":31,"diffFirstMs":132800,"diffFirst":"00:02:12.8000000","diffPrevMs":12200,"diffPrev":"00:00:12.2000000"},{"stageTimeId":67749,"stageId":1128,"entryId":19606,"elapsedDurationMs":976800,"elapsedDuration":"00:16:16.8000000","status":"Completed","source":"Default","position":32,"diffFirstMs":141700,"diffFirst":"00:02:21.7000000","diffPrevMs":8900,"diffPrev":"00:00:08.9000000"},{"stageTimeId":67732,"stageId":1128,"entryId":19615,"elapsedDurationMs":1007800,"elapsedDuration":"00:16:47.8000000","status":"Completed","source":"Default","position":33,"diffFirstMs":172700,"diffFirst":"00:02:52.7000000","diffPrevMs":31000,"diffPrev":"00:00:31"},{"stageTimeId":67720,"stageId":1128,"entryId":19629,"elapsedDurationMs":1012200,"elapsedDuration":"00:16:52.2000000","status":"Completed","source":"Default","position":34,"diffFirstMs":177100,"diffFirst":"00:02:57.1000000","diffPrevMs":4400,"diffPrev":"00:00:04.4000000"},{"stageTimeId":67775,"stageId":1128,"entryId":19625,"elapsedDurationMs":1023700,"elapsedDuration":"00:17:03.7000000","status":"Completed","source":"Default","position":35,"diffFirstMs":188600,"diffFirst":"00:03:08.6000000","diffPrevMs":11500,"diffPrev":"00:00:11.5000000"},{"stageTimeId":67786,"stageId":1128,"entryId":19612,"elapsedDurationMs":1031500,"elapsedDuration":"00:17:11.5000000","status":"Completed","source":"Default","position":36,"diffFirstMs":196400,"diffFirst":"00:03:16.4000000","diffPrevMs":7800,"diffPrev":"00:00:07.8000000"},{"stageTimeId":67804,"stageId":1128,"entryId":19624,"elapsedDurationMs":1031800,"elapsedDuration":"00:17:11.8000000","status":"Completed","source":"Default","position":37,"diffFirstMs":196700,"diffFirst":"00:03:16.7000000","diffPrevMs":300,"diffPrev":"00:00:00.3000000"},{"stageTimeId":67841,"stageId":1128,"entryId":19623,"elapsedDurationMs":1049900,"elapsedDuration":"00:17:29.9000000","status":"Completed","source":"Default","position":38,"diffFirstMs":214800,"diffFirst":"00:03:34.8000000","diffPrevMs":18100,"diffPrev":"00:00:18.1000000"},{"stageTimeId":67690,"stageId":1128,"entryId":19608,"elapsedDurationMs":1050800,"elapsedDuration":"00:17:30.8000000","status":"Completed","source":"Default","position":39,"diffFirstMs":215700,"diffFirst":"00:03:35.7000000","diffPrevMs":900,"diffPrev":"00:00:00.9000000"},{"stageTimeId":67798,"stageId":1128,"entryId":19620,"elapsedDurationMs":1059400,"elapsedDuration":"00:17:39.4000000","status":"Completed","source":"Default","position":40,"diffFirstMs":224300,"diffFirst":"00:03:44.3000000","diffPrevMs":8600,"diffPrev":"00:00:08.6000000"},{"stageTimeId":67709,"stageId":1128,"entryId":19617,"elapsedDurationMs":1065100,"elapsedDuration":"00:17:45.1000000","status":"Completed","source":"Default","position":41,"diffFirstMs":230000,"diffFirst":"00:03:50","diffPrevMs":5700,"diffPrev":"00:00:05.7000000"},{"stageTimeId":67696,"stageId":1128,"entryId":19610,"elapsedDurationMs":1065200,"elapsedDuration":"00:17:45.2000000","status":"Completed","source":"Default","position":42,"diffFirstMs":230100,"diffFirst":"00:03:50.1000000","diffPrevMs":100,"diffPrev":"00:00:00.1000000"},{"stageTimeId":67726,"stageId":1128,"entryId":19619,"elapsedDurationMs":1066800,"elapsedDuration":"00:17:46.8000000","status":"Completed","source":"Default","position":43,"diffFirstMs":231700,"diffFirst":"00:03:51.7000000","diffPrevMs":1600,"diffPrev":"00:00:01.6000000"},{"stageTimeId":67793,"stageId":1128,"entryId":19618,"elapsedDurationMs":1067000,"elapsedDuration":"00:17:47","status":"Completed","source":"Default","position":44,"diffFirstMs":231900,"diffFirst":"00:03:51.9000000","diffPrevMs":200,"diffPrev":"00:00:00.2000000"},{"stageTimeId":67780,"stageId":1128,"entryId":19627,"elapsedDurationMs":1068000,"elapsedDuration":"00:17:48","status":"Completed","source":"Default","position":45,"diffFirstMs":232900,"diffFirst":"00:03:52.9000000","diffPrevMs":1000,"diffPrev":"00:00:01"},{"stageTimeId":67914,"stageId":1128,"entryId":19571,"elapsedDurationMs":1221200,"elapsedDuration":"00:20:21.2000000","status":"Completed","source":"Default","position":46,"diffFirstMs":386100,"diffFirst":"00:06:26.1000000","diffPrevMs":153200,"diffPrev":"00:02:33.2000000"},{"stageTimeId":67702,"stageId":1128,"entryId":19604,"elapsedDurationMs":1396800,"elapsedDuration":"00:23:16.8000000","status":"Completed","source":"Assessed","position":47,"diffFirstMs":561700,"diffFirst":"00:09:21.7000000","diffPrevMs":175600,"diffPrev":"00:02:55.6000000"},{"stageTimeId":67811,"stageId":1128,"entryId":19622,"elapsedDurationMs":1427800,"elapsedDuration":"00:23:47.8000000","status":"Completed","source":"Assessed","position":48,"diffFirstMs":592700,"diffFirst":"00:09:52.7000000","diffPrevMs":31000,"diffPrev":"00:00:31"},{"stageTimeId":67684,"stageId":1128,"entryId":19621,"elapsedDurationMs":null,"elapsedDuration":null,"status":"DNS","source":"Default","position":null,"diffFirstMs":null,"diffFirst":null,"diffPrevMs":null,"diffPrev":null},{"stageTimeId":67708,"stageId":1128,"entryId":19616,"elapsedDurationMs":null,"elapsedDuration":null,"status":"DNS","source":"Default","position":null,"diffFirstMs":null,"diffFirst":null,"diffPrevMs":null,"diffPrev":null},{"stageTimeId":67714,"stageId":1128,"entryId":19605,"elapsedDurationMs":null,"elapsedDuration":null,"status":"DNS","source":"Default","position":null,"diffFirstMs":null,"diffFirst":null,"diffPrevMs":null,"diffPrev":null},{"stageTimeId":67738,"stageId":1128,"entryId":19607,"elapsedDurationMs":null,"elapsedDuration":null,"status":"DNS","source":"Default","position":null,"diffFirstMs":null,"diffFirst":null,"diffPrevMs":null,"diffPrev":null},{"stageTimeId":67902,"stageId":1128,"entryId":19590,"elapsedDurationMs":null,"elapsedDuration":null,"status":"DNS","source":"Default","position":null,"diffFirstMs":null,"diffFirst":null,"diffPrevMs":null,"diffPrev":null}]