[{"stageTimeId":77662,"stageId":1288,"entryId":20057,"elapsedDurationMs":628900,"elapsedDuration":"00:10:28.9000000","status":"Completed","source":"Default","position":1,"diffFirstMs":0,"diffFirst":"00:00:00","diffPrevMs":0,"diffPrev":"00:00:00"},{"stageTimeId":77526,"stageId":1288,"entryId":20055,"elapsedDurationMs":630900,"elapsedDuration":"00:10:30.9000000","status":"Completed","source":"Default","position":2,"diffFirstMs":2000,"diffFirst":"00:00:02","diffPrevMs":2000,"diffPrev":"00:00:02"},{"stageTimeId":77542,"stageId":1288,"entryId":20058,"elapsedDurationMs":634800,"elapsedDuration":"00:10:34.8000000","status":"Completed","source":"Default","position":3,"diffFirstMs":5900,"diffFirst":"00:00:05.9000000","diffPrevMs":3900,"diffPrev":"00:00:03.9000000"},{"stageTimeId":77687,"stageId":1288,"entryId":20053,"elapsedDurationMs":635100,"elapsedDuration":"00:10:35.1000000","status":"Completed","source":"Default","position":4,"diffFirstMs":6200,"diffFirst":"00:00:06.2000000","diffPrevMs":300,"diffPrev":"00:00:00.3000000"},{"stageTimeId":77654,"stageId":1288,"entryId":20063,"elapsedDurationMs":635500,"elapsedDuration":"00:10:35.5000000","status":"Completed","source":"Default","position":5,"diffFirstMs":6600,"diffFirst":"00:00:06.6000000","diffPrevMs":400,"diffPrev":"00:00:00.4000000"},{"stageTimeId":77646,"stageId":1288,"entryId":20064,"elapsedDurationMs":636400,"elapsedDuration":"00:10:36.4000000","status":"Completed","source":"Default","position":6,"diffFirstMs":7500,"diffFirst":"00:00:07.5000000","diffPrevMs":900,"diffPrev":"00:00:00.9000000"},{"stageTimeId":77671,"stageId":1288,"entryId":20054,"elapsedDurationMs":638500,"elapsedDuration":"00:10:38.5000000","status":"Completed","source":"Default","position":7,"diffFirstMs":9600,"diffFirst":"00:00:09.6000000","diffPrevMs":2100,"diffPrev":"00:00:02.1000000"},{"stageTimeId":77679,"stageId":1288,"entryId":20059,"elapsedDurationMs":638600,"elapsedDuration":"00:10:38.6000000","status":"Completed","source":"Default","position":8,"diffFirstMs":9700,"diffFirst":"00:00:09.7000000","diffPrevMs":100,"diffPrev":"00:00:00.1000000"},{"stageTimeId":77253,"stageId":1288,"entryId":20062,"elapsedDurationMs":648600,"elapsedDuration":"00:10:48.6000000","status":"Completed","source":"Default","position":9,"diffFirstMs":19700,"diffFirst":"00:00:19.7000000","diffPrevMs":10000,"diffPrev":"00:00:10"},{"stageTimeId":77502,"stageId":1288,"entryId":20065,"elapsedDurationMs":664200,"elapsedDuration":"00:11:04.2000000","status":"Completed","source":"Default","position":10,"diffFirstMs":35300,"diffFirst":"00:00:35.3000000","diffPrevMs":15600,"diffPrev":"00:00:15.6000000"},{"stageTimeId":77558,"stageId":1288,"entryId":20073,"elapsedDurationMs":664200,"elapsedDuration":"00:11:04.2000000","status":"Completed","source":"Default","position":11,"diffFirstMs":35300,"diffFirst":"00:00:35.3000000","diffPrevMs":0,"diffPrev":"00:00:00"},{"stageTimeId":77518,"stageId":1288,"entryId":20068,"elapsedDurationMs":668000,"elapsedDuration":"00:11:08","status":"Completed","source":"Default","position":12,"diffFirstMs":39100,"diffFirst":"00:00:39.1000000","diffPrevMs":3800,"diffPrev":"00:00:03.8000000"},{"stageTimeId":77256,"stageId":1288,"entryId":20070,"elapsedDurationMs":668200,"elapsedDuration":"00:11:08.2000000","status":"Completed","source":"Default","position":13,"diffFirstMs":39300,"diffFirst":"00:00:39.3000000","diffPrevMs":200,"diffPrev":"00:00:00.2000000"},{"stageTimeId":77550,"stageId":1288,"entryId":20075,"elapsedDurationMs":674500,"elapsedDuration":"00:11:14.5000000","status":"Completed","source":"Default","position":14,"diffFirstMs":45600,"diffFirst":"00:00:45.6000000","diffPrevMs":6300,"diffPrev":"00:00:06.3000000"},{"stageTimeId":77582,"stageId":1288,"entryId":20092,"elapsedDurationMs":677100,"elapsedDuration":"00:11:17.1000000","status":"Completed","source":"Default","position":15,"diffFirstMs":48200,"diffFirst":"00:00:48.2000000","diffPrevMs":2600,"diffPrev":"00:00:02.6000000"},{"stageTimeId":77510,"stageId":1288,"entryId":20067,"elapsedDurationMs":680500,"elapsedDuration":"00:11:20.5000000","status":"Completed","source":"Default","position":16,"diffFirstMs":51600,"diffFirst":"00:00:51.6000000","diffPrevMs":3400,"diffPrev":"00:00:03.4000000"},{"stageTimeId":77566,"stageId":1288,"entryId":20074,"elapsedDurationMs":685000,"elapsedDuration":"00:11:25","status":"Completed","source":"Default","position":17,"diffFirstMs":56100,"diffFirst":"00:00:56.1000000","diffPrevMs":4500,"diffPrev":"00:00:04.5000000"},{"stageTimeId":77225,"stageId":1288,"entryId":20077,"elapsedDurationMs":707800,"elapsedDuration":"00:11:47.8000000","status":"Completed","source":"Default","position":18,"diffFirstMs":78900,"diffFirst":"00:01:18.9000000","diffPrevMs":22800,"diffPrev":"00:00:22.8000000"},{"stageTimeId":77274,"stageId":1288,"entryId":20071,"elapsedDurationMs":710900,"elapsedDuration":"00:11:50.9000000","status":"Completed","source":"Default","position":19,"diffFirstMs":82000,"diffFirst":"00:01:22","diffPrevMs":3100,"diffPrev":"00:00:03.1000000"},{"stageTimeId":77616,"stageId":1288,"entryId":20080,"elapsedDurationMs":726600,"elapsedDuration":"00:12:06.6000000","status":"Completed","source":"Default","position":20,"diffFirstMs":97700,"diffFirst":"00:01:37.7000000","diffPrevMs":15700,"diffPrev":"00:00:15.7000000"},{"stageTimeId":77280,"stageId":1288,"entryId":20079,"elapsedDurationMs":727300,"elapsedDuration":"00:12:07.3000000","status":"Completed","source":"Default","position":21,"diffFirstMs":98400,"diffFirst":"00:01:38.4000000","diffPrevMs":700,"diffPrev":"00:00:00.7000000"},{"stageTimeId":77299,"stageId":1288,"entryId":20078,"elapsedDurationMs":729900,"elapsedDuration":"00:12:09.9000000","status":"Completed","source":"Default","position":22,"diffFirstMs":101000,"diffFirst":"00:01:41","diffPrevMs":2600,"diffPrev":"00:00:02.6000000"},{"stageTimeId":77454,"stageId":1288,"entryId":20081,"elapsedDurationMs":737900,"elapsedDuration":"00:12:17.9000000","status":"Completed","source":"Default","position":23,"diffFirstMs":109000,"diffFirst":"00:01:49","diffPrevMs":8000,"diffPrev":"00:00:08"},{"stageTimeId":77574,"stageId":1288,"entryId":20082,"elapsedDurationMs":742200,"elapsedDuration":"00:12:22.2000000","status":"Completed","source":"Default","position":24,"diffFirstMs":113300,"diffFirst":"00:01:53.3000000","diffPrevMs":4300,"diffPrev":"00:00:04.3000000"},{"stageTimeId":77415,"stageId":1288,"entryId":20091,"elapsedDurationMs":750100,"elapsedDuration":"00:12:30.1000000","status":"Completed","source":"Default","position":25,"diffFirstMs":121200,"diffFirst":"00:02:01.2000000","diffPrevMs":7900,"diffPrev":"00:00:07.9000000"},{"stageTimeId":77431,"stageId":1288,"entryId":20106,"elapsedDurationMs":750900,"elapsedDuration":"00:12:30.9000000","status":"Completed","source":"Default","position":26,"diffFirstMs":122000,"diffFirst":"00:02:02","diffPrevMs":800,"diffPrev":"00:00:00.8000000"},{"stageTimeId":77473,"stageId":1288,"entryId":20107,"elapsedDurationMs":753200,"elapsedDuration":"00:12:33.2000000","status":"Completed","source":"Default","position":27,"diffFirstMs":124300,"diffFirst":"00:02:04.3000000","diffPrevMs":2300,"diffPrev":"00:00:02.3000000"},{"stageTimeId":77282,"stageId":1288,"entryId":20060,"elapsedDurationMs":753900,"elapsedDuration":"00:12:33.9000000","status":"Completed","source":"Default","position":28,"diffFirstMs":125000,"diffFirst":"00:02:05","diffPrevMs":700,"diffPrev":"00:00:00.7000000"},{"stageTimeId":77487,"stageId":1288,"entryId":20109,"elapsedDurationMs":755500,"elapsedDuration":"00:12:35.5000000","status":"Completed","source":"Default","position":29,"diffFirstMs":126600,"diffFirst":"00:02:06.6000000","diffPrevMs":1600,"diffPrev":"00:00:01.6000000"},{"stageTimeId":77439,"stageId":1288,"entryId":20099,"elapsedDurationMs":758000,"elapsedDuration":"00:12:38","status":"Completed","source":"Default","position":30,"diffFirstMs":129100,"diffFirst":"00:02:09.1000000","diffPrevMs":2500,"diffPrev":"00:00:02.5000000"},{"stageTimeId":77342,"stageId":1288,"entryId":20087,"elapsedDurationMs":765500,"elapsedDuration":"00:12:45.5000000","status":"Completed","source":"Default","position":31,"diffFirstMs":136600,"diffFirst":"00:02:16.6000000","diffPrevMs":7500,"diffPrev":"00:00:07.5000000"},{"stageTimeId":77447,"stageId":1288,"entryId":20072,"elapsedDurationMs":778400,"elapsedDuration":"00:12:58.4000000","status":"Completed","source":"Default","position":32,"diffFirstMs":149500,"diffFirst":"00:02:29.5000000","diffPrevMs":12900,"diffPrev":"00:00:12.9000000"},{"stageTimeId":77401,"stageId":1288,"entryId":20104,"elapsedDurationMs":781800,"elapsedDuration":"00:13:01.8000000","status":"Completed","source":"Default","position":33,"diffFirstMs":152900,"diffFirst":"00:02:32.9000000","diffPrevMs":3400,"diffPrev":"00:00:03.4000000"},{"stageTimeId":77435,"stageId":1288,"entryId":20103,"elapsedDurationMs":800700,"elapsedDuration":"00:13:20.7000000","status":"Completed","source":"Default","position":34,"diffFirstMs":171800,"diffFirst":"00:02:51.8000000","diffPrevMs":18900,"diffPrev":"00:00:18.9000000"},{"stageTimeId":77310,"stageId":1288,"entryId":20112,"elapsedDurationMs":806200,"elapsedDuration":"00:13:26.2000000","status":"Completed","source":"Default","position":35,"diffFirstMs":177300,"diffFirst":"00:02:57.3000000","diffPrevMs":5500,"diffPrev":"00:00:05.5000000"},{"stageTimeId":77358,"stageId":1288,"entryId":20086,"elapsedDurationMs":809700,"elapsedDuration":"00:13:29.7000000","status":"Completed","source":"Default","position":36,"diffFirstMs":180800,"diffFirst":"00:03:00.8000000","diffPrevMs":3500,"diffPrev":"00:00:03.5000000"},{"stageTimeId":77382,"stageId":1288,"entryId":20105,"elapsedDurationMs":815200,"elapsedDuration":"00:13:35.2000000","status":"Completed","source":"Default","position":37,"diffFirstMs":186300,"diffFirst":"00:03:06.3000000","diffPrevMs":5500,"diffPrev":"00:00:05.5000000"},{"stageTimeId":77377,"stageId":1288,"entryId":20102,"elapsedDurationMs":818300,"elapsedDuration":"00:13:38.3000000","status":"Completed","source":"Default","position":38,"diffFirstMs":189400,"diffFirst":"00:03:09.4000000","diffPrevMs":3100,"diffPrev":"00:00:03.1000000"},{"stageTimeId":77327,"stageId":1288,"entryId":20089,"elapsedDurationMs":825500,"elapsedDuration":"00:13:45.5000000","status":"Completed","source":"Default","position":39,"diffFirstMs":196600,"diffFirst":"00:03:16.6000000","diffPrevMs":7200,"diffPrev":"00:00:07.2000000"},{"stageTimeId":77390,"stageId":1288,"entryId":20101,"elapsedDurationMs":850500,"elapsedDuration":"00:14:10.5000000","status":"Completed","source":"Default","position":40,"diffFirstMs":221600,"diffFirst":"00:03:41.6000000","diffPrevMs":25000,"diffPrev":"00:00:25"},{"stageTimeId":77366,"stageId":1288,"entryId":20113,"elapsedDurationMs":871100,"elapsedDuration":"00:14:31.1000000","status":"Completed","source":"Default","position":41,"diffFirstMs":242200,"diffFirst":"00:04:02.2000000","diffPrevMs":20600,"diffPrev":"00:00:20.6000000"},{"stageTimeId":77495,"stageId":1288,"entryId":20110,"elapsedDurationMs":882200,"elapsedDuration":"00:14:42.2000000","status":"Completed","source":"Default","position":42,"diffFirstMs":253300,"diffFirst":"00:04:13.3000000","diffPrevMs":11100,"diffPrev":"00:00:11.1000000"},{"stageTimeId":77623,"stageId":1288,"entryId":20114,"elapsedDurationMs":904800,"elapsedDuration":"00:15:04.8000000","status":"Completed","source":"Default","position":43,"diffFirstMs":275900,"diffFirst":"00:04:35.9000000","diffPrevMs":22600,"diffPrev":"00:00:22.6000000"},{"stageTimeId":77631,"stageId":1288,"entryId":20115,"elapsedDurationMs":924700,"elapsedDuration":"00:15:24.7000000","status":"Completed","source":"Default","position":44,"diffFirstMs":295800,"diffFirst":"00:04:55.8000000","diffPrevMs":19900,"diffPrev":"00:00:19.9000000"},{"stageTimeId":77599,"stageId":1288,"entryId":20116,"elapsedDurationMs":945900,"elapsedDuration":"00:15:45.9000000","status":"Completed","source":"Default","position":45,"diffFirstMs":317000,"diffFirst":"00:05:17","diffPrevMs":21200,"diffPrev":"00:00:21.2000000"},{"stageTimeId":77534,"stageId":1288,"entryId":20056,"elapsedDurationMs":1048900,"elapsedDuration":"00:17:28.9000000","status":"Completed","source":"Assessed","position":46,"diffFirstMs":420000,"diffFirst":"00:07:00","diffPrevMs":103000,"diffPrev":"00:01:43"},{"stageTimeId":77286,"stageId":1288,"entryId":20093,"elapsedDurationMs":1097100,"elapsedDuration":"00:18:17.1000000","status":"Completed","source":"Assessed","position":47,"diffFirstMs":468200,"diffFirst":"00:07:48.2000000","diffPrevMs":48200,"diffPrev":"00:00:48.2000000"},{"stageTimeId":77237,"stageId":1288,"entryId":20096,"elapsedDurationMs":1097100,"elapsedDuration":"00:18:17.1000000","status":"Completed","source":"Assessed","position":48,"diffFirstMs":468200,"diffFirst":"00:07:48.2000000","diffPrevMs":0,"diffPrev":"00:00:00"},{"stageTimeId":77407,"stageId":1288,"entryId":20098,"elapsedDurationMs":1097100,"elapsedDuration":"00:18:17.1000000","status":"Completed","source":"Assessed","position":49,"diffFirstMs":468200,"diffFirst":"00:07:48.2000000","diffPrevMs":0,"diffPrev":"00:00:00"},{"stageTimeId":77479,"stageId":1288,"entryId":20100,"elapsedDurationMs":1097100,"elapsedDuration":"00:18:17.1000000","status":"Completed","source":"Assessed","position":50,"diffFirstMs":468200,"diffFirst":"00:07:48.2000000","diffPrevMs":0,"diffPrev":"00:00:00"},{"stageTimeId":77618,"stageId":1288,"entryId":20083,"elapsedDurationMs":1146600,"elapsedDuration":"00:19:06.6000000","status":"Completed","source":"Assessed","position":51,"diffFirstMs":517700,"diffFirst":"00:08:37.7000000","diffPrevMs":49500,"diffPrev":"00:00:49.5000000"},{"stageTimeId":77607,"stageId":1288,"entryId":20084,"elapsedDurationMs":1146600,"elapsedDuration":"00:19:06.6000000","status":"Completed","source":"Assessed","position":52,"diffFirstMs":517700,"diffFirst":"00:08:37.7000000","diffPrevMs":0,"diffPrev":"00:00:00"},{"stageTimeId":77462,"stageId":1288,"entryId":20088,"elapsedDurationMs":1146600,"elapsedDuration":"00:19:06.6000000","status":"Completed","source":"Assessed","position":53,"diffFirstMs":517700,"diffFirst":"00:08:37.7000000","diffPrevMs":0,"diffPrev":"00:00:00"},{"stageTimeId":77334,"stageId":1288,"entryId":20090,"elapsedDurationMs":1146600,"elapsedDuration":"00:19:06.6000000","status":"Completed","source":"Assessed","position":54,"diffFirstMs":517700,"diffFirst":"00:08:37.7000000","diffPrevMs":0,"diffPrev":"00:00:00"},{"stageTimeId":77318,"stageId":1288,"entryId":20111,"elapsedDurationMs":1170900,"elapsedDuration":"00:19:30.9000000","status":"Completed","source":"Assessed","position":55,"diffFirstMs":542000,"diffFirst":"00:09:02","diffPrevMs":24300,"diffPrev":"00:00:24.3000000"},{"stageTimeId":77265,"stageId":1288,"entryId":20097,"elapsedDurationMs":null,"elapsedDuration":null,"status":"DNS","source":"Default","position":null,"diffFirstMs":null,"diffFirst":null,"diffPrevMs":null,"diffPrev":null},{"stageTimeId":77329,"stageId":1288,"entryId":20108,"elapsedDurationMs":null,"elapsedDuration":null,"status":"DNS","source":"Default","position":null,"diffFirstMs":null,"diffFirst":null,"diffPrevMs":null,"diffPrev":null},{"stageTimeId":77590,"stageId":1288,"entryId":20069,"elapsedDurationMs":null,"elapsedDuration":null,"status":"DNS","source":"Default","position":null,"diffFirstMs":null,"diffFirst":null,"diffPrevMs":null,"diffPrev":null}]