{"splitPoints":[{"splitPointId":2149,"stageId":1066,"number":1,"distance":2.9},{"splitPointId":2151,"stageId":1066,"number":3,"distance":11.04},{"splitPointId":2152,"stageId":1066,"number":2,"distance":7.09},{"splitPointId":2153,"stageId":1066,"number":4,"distance":15.06},{"splitPointId":2154,"stageId":1066,"number":5,"distance":18.98},{"splitPointId":2155,"stageId":1066,"number":6,"distance":22.15},{"splitPointId":2156,"stageId":1066,"number":7,"distance":25.54},{"splitPointId":2157,"stageId":1066,"number":8,"distance":28.38},{"splitPointId":2158,"stageId":1066,"number":9,"distance":30.94}],"controls":[{"controlId":4516,"eventId":82,"stageId":1066,"type":"TimeControl","code":"TC11","location":"Cuchilla Nevada","timingPrecision":"Minute","distance":0.99,"targetDuration":"00:44:00","targetDurationMs":2640000,"firstCarDueDateTime":"2019-04-27T12:22:00","firstCarDueDateTimeLocal":"2019-04-27T09:22:00-03:00","status":"Completed","controlPenalties":"All","roundingPolicy":"NoRounding","locked":false},{"controlId":4517,"eventId":82,"stageId":1066,"type":"StageStart","code":"SS11","location":"CUCHILLA NEVADA - CHARACATO (I)","timingPrecision":"Minute","distance":33.65,"targetDuration":"00:03:00","targetDurationMs":180000,"firstCarDueDateTime":"2019-04-27T12:25:00","firstCarDueDateTimeLocal":"2019-04-27T09:25:00-03:00","status":"Completed","controlPenalties":"None","roundingPolicy":"RoundToClosestMinute","locked":false},{"controlId":4518,"eventId":82,"stageId":1066,"type":"FlyingFinish","code":"SF11","location":"CUCHILLA NEVADA - CHARACATO (I)","timingPrecision":"Tenth","distance":null,"targetDuration":null,"targetDurationMs":null,"firstCarDueDateTime":null,"firstCarDueDateTimeLocal":null,"status":"Completed","controlPenalties":"None","roundingPolicy":"NoRounding","locked":false}],"stageId":1066,"eventId":82,"number":11,"name":"CUCHILLA NEVADA - CHARACATO (I)","distance":33.65,"status":"Completed","stageType":"SpecialStage","timingPrecision":"Tenth","locked":false,"code":"SS11"}