{"splitPoints":[{"splitPointId":2572,"stageId":1292,"number":2,"distance":13.08},{"splitPointId":2573,"stageId":1292,"number":1,"distance":5.72},{"splitPointId":2574,"stageId":1292,"number":3,"distance":17.3}],"controls":[{"controlId":5472,"eventId":86,"stageId":1292,"type":"FlyingFinish","code":"SF7","location":"Moksi 2","timingPrecision":"Tenth","distance":null,"targetDuration":null,"targetDurationMs":null,"firstCarDueDateTime":null,"firstCarDueDateTimeLocal":null,"status":"Completed","controlPenalties":"None","roundingPolicy":"NoRounding","locked":false},{"controlId":5473,"eventId":86,"stageId":1292,"type":"StageStart","code":"SS7","location":"Moksi 2","timingPrecision":"Minute","distance":20.04,"targetDuration":"00:03:00","targetDurationMs":180000,"firstCarDueDateTime":"2019-08-02T12:24:00","firstCarDueDateTimeLocal":"2019-08-02T15:24:00+03:00","status":"Completed","controlPenalties":"None","roundingPolicy":"RoundToClosestMinute","locked":false},{"controlId":5474,"eventId":86,"stageId":1292,"type":"TimeControl","code":"TC7","location":"Moksi","timingPrecision":"Minute","distance":31.34,"targetDuration":"00:45:00","targetDurationMs":2700000,"firstCarDueDateTime":"2019-08-02T12:21:00","firstCarDueDateTimeLocal":"2019-08-02T15:21:00+03:00","status":"Completed","controlPenalties":"All","roundingPolicy":"NoRounding","locked":false}],"stageId":1292,"eventId":86,"number":7,"name":"Moksi 2","distance":20.04,"status":"Completed","stageType":"SpecialStage","timingPrecision":"Tenth","locked":false,"code":"SS7"}