[{"stageTimeId":56291,"stageId":939,"entryId":19189,"elapsedDurationMs":64900,"elapsedDuration":"00:01:04.9000000","status":"Completed","source":"Default","position":1,"diffFirstMs":0,"diffFirst":"00:00:00","diffPrevMs":0,"diffPrev":"00:00:00"},{"stageTimeId":56412,"stageId":939,"entryId":19184,"elapsedDurationMs":65300,"elapsedDuration":"00:01:05.3000000","status":"Completed","source":"Default","position":2,"diffFirstMs":400,"diffFirst":"00:00:00.4000000","diffPrevMs":400,"diffPrev":"00:00:00.4000000"},{"stageTimeId":56319,"stageId":939,"entryId":19186,"elapsedDurationMs":65800,"elapsedDuration":"00:01:05.8000000","status":"Completed","source":"Default","position":3,"diffFirstMs":900,"diffFirst":"00:00:00.9000000","diffPrevMs":500,"diffPrev":"00:00:00.5000000"},{"stageTimeId":56359,"stageId":939,"entryId":19180,"elapsedDurationMs":65800,"elapsedDuration":"00:01:05.8000000","status":"Completed","source":"Default","position":4,"diffFirstMs":900,"diffFirst":"00:00:00.9000000","diffPrevMs":0,"diffPrev":"00:00:00"},{"stageTimeId":56330,"stageId":939,"entryId":19187,"elapsedDurationMs":66000,"elapsedDuration":"00:01:06","status":"Completed","source":"Default","position":5,"diffFirstMs":1100,"diffFirst":"00:00:01.1000000","diffPrevMs":200,"diffPrev":"00:00:00.2000000"},{"stageTimeId":56299,"stageId":939,"entryId":19188,"elapsedDurationMs":66100,"elapsedDuration":"00:01:06.1000000","status":"Completed","source":"Default","position":6,"diffFirstMs":1200,"diffFirst":"00:00:01.2000000","diffPrevMs":100,"diffPrev":"00:00:00.1000000"},{"stageTimeId":56338,"stageId":939,"entryId":19185,"elapsedDurationMs":66300,"elapsedDuration":"00:01:06.3000000","status":"Completed","source":"Default","position":7,"diffFirstMs":1400,"diffFirst":"00:00:01.4000000","diffPrevMs":200,"diffPrev":"00:00:00.2000000"},{"stageTimeId":56351,"stageId":939,"entryId":19183,"elapsedDurationMs":66400,"elapsedDuration":"00:01:06.4000000","status":"Completed","source":"Default","position":8,"diffFirstMs":1500,"diffFirst":"00:00:01.5000000","diffPrevMs":100,"diffPrev":"00:00:00.1000000"},{"stageTimeId":56325,"stageId":939,"entryId":19182,"elapsedDurationMs":66700,"elapsedDuration":"00:01:06.7000000","status":"Completed","source":"Default","position":9,"diffFirstMs":1800,"diffFirst":"00:00:01.8000000","diffPrevMs":300,"diffPrev":"00:00:00.3000000"},{"stageTimeId":56399,"stageId":939,"entryId":19192,"elapsedDurationMs":68300,"elapsedDuration":"00:01:08.3000000","status":"Completed","source":"Default","position":10,"diffFirstMs":3400,"diffFirst":"00:00:03.4000000","diffPrevMs":1600,"diffPrev":"00:00:01.6000000"},{"stageTimeId":56425,"stageId":939,"entryId":19191,"elapsedDurationMs":68700,"elapsedDuration":"00:01:08.7000000","status":"Completed","source":"Default","position":11,"diffFirstMs":3800,"diffFirst":"00:00:03.8000000","diffPrevMs":400,"diffPrev":"00:00:00.4000000"},{"stageTimeId":56373,"stageId":939,"entryId":19194,"elapsedDurationMs":69200,"elapsedDuration":"00:01:09.2000000","status":"Completed","source":"Default","position":12,"diffFirstMs":4300,"diffFirst":"00:00:04.3000000","diffPrevMs":500,"diffPrev":"00:00:00.5000000"},{"stageTimeId":56417,"stageId":939,"entryId":19193,"elapsedDurationMs":70800,"elapsedDuration":"00:01:10.8000000","status":"Completed","source":"Default","position":13,"diffFirstMs":5900,"diffFirst":"00:00:05.9000000","diffPrevMs":1600,"diffPrev":"00:00:01.6000000"},{"stageTimeId":56393,"stageId":939,"entryId":19196,"elapsedDurationMs":70900,"elapsedDuration":"00:01:10.9000000","status":"Completed","source":"Default","position":14,"diffFirstMs":6000,"diffFirst":"00:00:06","diffPrevMs":100,"diffPrev":"00:00:00.1000000"},{"stageTimeId":56365,"stageId":939,"entryId":19195,"elapsedDurationMs":70900,"elapsedDuration":"00:01:10.9000000","status":"Completed","source":"Default","position":15,"diffFirstMs":6000,"diffFirst":"00:00:06","diffPrevMs":0,"diffPrev":"00:00:00"},{"stageTimeId":56404,"stageId":939,"entryId":19190,"elapsedDurationMs":72000,"elapsedDuration":"00:01:12","status":"Completed","source":"Default","position":16,"diffFirstMs":7100,"diffFirst":"00:00:07.1000000","diffPrevMs":1100,"diffPrev":"00:00:01.1000000"},{"stageTimeId":56285,"stageId":939,"entryId":19200,"elapsedDurationMs":80000,"elapsedDuration":"00:01:20","status":"Completed","source":"Default","position":17,"diffFirstMs":15100,"diffFirst":"00:00:15.1000000","diffPrevMs":8000,"diffPrev":"00:00:08"},{"stageTimeId":56273,"stageId":939,"entryId":19202,"elapsedDurationMs":80700,"elapsedDuration":"00:01:20.7000000","status":"Completed","source":"Default","position":18,"diffFirstMs":15800,"diffFirst":"00:00:15.8000000","diffPrevMs":700,"diffPrev":"00:00:00.7000000"},{"stageTimeId":56277,"stageId":939,"entryId":19201,"elapsedDurationMs":83600,"elapsedDuration":"00:01:23.6000000","status":"Completed","source":"Default","position":19,"diffFirstMs":18700,"diffFirst":"00:00:18.7000000","diffPrevMs":2900,"diffPrev":"00:00:02.9000000"},{"stageTimeId":56385,"stageId":939,"entryId":19199,"elapsedDurationMs":84900,"elapsedDuration":"00:01:24.9000000","status":"Completed","source":"Default","position":20,"diffFirstMs":20000,"diffFirst":"00:00:20","diffPrevMs":1300,"diffPrev":"00:00:01.3000000"},{"stageTimeId":56262,"stageId":939,"entryId":19203,"elapsedDurationMs":500000,"elapsedDuration":"00:08:20","status":"Completed","source":"Assessed","position":21,"diffFirstMs":435100,"diffFirst":"00:07:15.1000000","diffPrevMs":415100,"diffPrev":"00:06:55.1000000"},{"stageTimeId":56311,"stageId":939,"entryId":19181,"elapsedDurationMs":null,"elapsedDuration":null,"status":"DNS","source":"Default","position":null,"diffFirstMs":null,"diffFirst":null,"diffPrevMs":null,"diffPrev":null}]