[{"stageTimeId":50950,"stageId":893,"entryId":3444,"elapsedDurationMs":612100,"elapsedDuration":"00:10:12.1000000","status":"Completed","source":"Default","position":1,"diffFirstMs":0,"diffFirst":"00:00:00","diffPrevMs":0,"diffPrev":"00:00:00"},{"stageTimeId":50938,"stageId":893,"entryId":3445,"elapsedDurationMs":617900,"elapsedDuration":"00:10:17.9000000","status":"Completed","source":"Default","position":2,"diffFirstMs":5800,"diffFirst":"00:00:05.8000000","diffPrevMs":5800,"diffPrev":"00:00:05.8000000"},{"stageTimeId":50991,"stageId":893,"entryId":3443,"elapsedDurationMs":618700,"elapsedDuration":"00:10:18.7000000","status":"Completed","source":"Default","position":3,"diffFirstMs":6600,"diffFirst":"00:00:06.6000000","diffPrevMs":800,"diffPrev":"00:00:00.8000000"},{"stageTimeId":50967,"stageId":893,"entryId":3451,"elapsedDurationMs":618800,"elapsedDuration":"00:10:18.8000000","status":"Completed","source":"Default","position":4,"diffFirstMs":6700,"diffFirst":"00:00:06.7000000","diffPrevMs":100,"diffPrev":"00:00:00.1000000"},{"stageTimeId":50996,"stageId":893,"entryId":3442,"elapsedDurationMs":619000,"elapsedDuration":"00:10:19","status":"Completed","source":"Default","position":5,"diffFirstMs":6900,"diffFirst":"00:00:06.9000000","diffPrevMs":200,"diffPrev":"00:00:00.2000000"},{"stageTimeId":50963,"stageId":893,"entryId":3449,"elapsedDurationMs":622800,"elapsedDuration":"00:10:22.8000000","status":"Completed","source":"Default","position":6,"diffFirstMs":10700,"diffFirst":"00:00:10.7000000","diffPrevMs":3800,"diffPrev":"00:00:03.8000000"},{"stageTimeId":50942,"stageId":893,"entryId":3450,"elapsedDurationMs":627600,"elapsedDuration":"00:10:27.6000000","status":"Completed","source":"Default","position":7,"diffFirstMs":15500,"diffFirst":"00:00:15.5000000","diffPrevMs":4800,"diffPrev":"00:00:04.8000000"},{"stageTimeId":50955,"stageId":893,"entryId":3452,"elapsedDurationMs":634500,"elapsedDuration":"00:10:34.5000000","status":"Completed","source":"Assessed","position":8,"diffFirstMs":22400,"diffFirst":"00:00:22.4000000","diffPrevMs":6900,"diffPrev":"00:00:06.9000000"},{"stageTimeId":50988,"stageId":893,"entryId":3455,"elapsedDurationMs":657800,"elapsedDuration":"00:10:57.8000000","status":"Completed","source":"Default","position":9,"diffFirstMs":45700,"diffFirst":"00:00:45.7000000","diffPrevMs":23300,"diffPrev":"00:00:23.3000000"},{"stageTimeId":50999,"stageId":893,"entryId":3453,"elapsedDurationMs":657800,"elapsedDuration":"00:10:57.8000000","status":"Completed","source":"Default","position":10,"diffFirstMs":45700,"diffFirst":"00:00:45.7000000","diffPrevMs":0,"diffPrev":"00:00:00"},{"stageTimeId":50972,"stageId":893,"entryId":3458,"elapsedDurationMs":661200,"elapsedDuration":"00:11:01.2000000","status":"Completed","source":"Default","position":11,"diffFirstMs":49100,"diffFirst":"00:00:49.1000000","diffPrevMs":3400,"diffPrev":"00:00:03.4000000"},{"stageTimeId":50984,"stageId":893,"entryId":3454,"elapsedDurationMs":662100,"elapsedDuration":"00:11:02.1000000","status":"Completed","source":"Default","position":12,"diffFirstMs":50000,"diffFirst":"00:00:50","diffPrevMs":900,"diffPrev":"00:00:00.9000000"},{"stageTimeId":50925,"stageId":893,"entryId":3456,"elapsedDurationMs":662800,"elapsedDuration":"00:11:02.8000000","status":"Completed","source":"Default","position":13,"diffFirstMs":50700,"diffFirst":"00:00:50.7000000","diffPrevMs":700,"diffPrev":"00:00:00.7000000"},{"stageTimeId":50976,"stageId":893,"entryId":3459,"elapsedDurationMs":669300,"elapsedDuration":"00:11:09.3000000","status":"Completed","source":"Default","position":14,"diffFirstMs":57200,"diffFirst":"00:00:57.2000000","diffPrevMs":6500,"diffPrev":"00:00:06.5000000"},{"stageTimeId":50980,"stageId":893,"entryId":3468,"elapsedDurationMs":670700,"elapsedDuration":"00:11:10.7000000","status":"Completed","source":"Default","position":15,"diffFirstMs":58600,"diffFirst":"00:00:58.6000000","diffPrevMs":1400,"diffPrev":"00:00:01.4000000"},{"stageTimeId":50883,"stageId":893,"entryId":3460,"elapsedDurationMs":671800,"elapsedDuration":"00:11:11.8000000","status":"Completed","source":"Default","position":16,"diffFirstMs":59700,"diffFirst":"00:00:59.7000000","diffPrevMs":1100,"diffPrev":"00:00:01.1000000"},{"stageTimeId":50894,"stageId":893,"entryId":3466,"elapsedDurationMs":679700,"elapsedDuration":"00:11:19.7000000","status":"Completed","source":"Default","position":17,"diffFirstMs":67600,"diffFirst":"00:01:07.6000000","diffPrevMs":7900,"diffPrev":"00:00:07.9000000"},{"stageTimeId":50874,"stageId":893,"entryId":3457,"elapsedDurationMs":684300,"elapsedDuration":"00:11:24.3000000","status":"Completed","source":"Default","position":18,"diffFirstMs":72200,"diffFirst":"00:01:12.2000000","diffPrevMs":4600,"diffPrev":"00:00:04.6000000"},{"stageTimeId":50886,"stageId":893,"entryId":3462,"elapsedDurationMs":684400,"elapsedDuration":"00:11:24.4000000","status":"Completed","source":"Default","position":19,"diffFirstMs":72300,"diffFirst":"00:01:12.3000000","diffPrevMs":100,"diffPrev":"00:00:00.1000000"},{"stageTimeId":50890,"stageId":893,"entryId":3467,"elapsedDurationMs":688100,"elapsedDuration":"00:11:28.1000000","status":"Completed","source":"Default","position":20,"diffFirstMs":76000,"diffFirst":"00:01:16","diffPrevMs":3700,"diffPrev":"00:00:03.7000000"},{"stageTimeId":50828,"stageId":893,"entryId":3485,"elapsedDurationMs":690600,"elapsedDuration":"00:11:30.6000000","status":"Completed","source":"Default","position":21,"diffFirstMs":78500,"diffFirst":"00:01:18.5000000","diffPrevMs":2500,"diffPrev":"00:00:02.5000000"},{"stageTimeId":50870,"stageId":893,"entryId":3480,"elapsedDurationMs":707400,"elapsedDuration":"00:11:47.4000000","status":"Completed","source":"Default","position":22,"diffFirstMs":95300,"diffFirst":"00:01:35.3000000","diffPrevMs":16800,"diffPrev":"00:00:16.8000000"},{"stageTimeId":51137,"stageId":893,"entryId":3465,"elapsedDurationMs":707900,"elapsedDuration":"00:11:47.9000000","status":"Completed","source":"Default","position":23,"diffFirstMs":95800,"diffFirst":"00:01:35.8000000","diffPrevMs":500,"diffPrev":"00:00:00.5000000"},{"stageTimeId":50878,"stageId":893,"entryId":3479,"elapsedDurationMs":709800,"elapsedDuration":"00:11:49.8000000","status":"Completed","source":"Default","position":24,"diffFirstMs":97700,"diffFirst":"00:01:37.7000000","diffPrevMs":1900,"diffPrev":"00:00:01.9000000"},{"stageTimeId":50920,"stageId":893,"entryId":3470,"elapsedDurationMs":718500,"elapsedDuration":"00:11:58.5000000","status":"Completed","source":"Default","position":25,"diffFirstMs":106400,"diffFirst":"00:01:46.4000000","diffPrevMs":8700,"diffPrev":"00:00:08.7000000"},{"stageTimeId":51101,"stageId":893,"entryId":3484,"elapsedDurationMs":720700,"elapsedDuration":"00:12:00.7000000","status":"Completed","source":"Default","position":26,"diffFirstMs":108600,"diffFirst":"00:01:48.6000000","diffPrevMs":2200,"diffPrev":"00:00:02.2000000"},{"stageTimeId":50932,"stageId":893,"entryId":3478,"elapsedDurationMs":724000,"elapsedDuration":"00:12:04","status":"Completed","source":"Default","position":27,"diffFirstMs":111900,"diffFirst":"00:01:51.9000000","diffPrevMs":3300,"diffPrev":"00:00:03.3000000"},{"stageTimeId":50924,"stageId":893,"entryId":3506,"elapsedDurationMs":726000,"elapsedDuration":"00:12:06","status":"Completed","source":"Default","position":28,"diffFirstMs":113900,"diffFirst":"00:01:53.9000000","diffPrevMs":2000,"diffPrev":"00:00:02"},{"stageTimeId":50915,"stageId":893,"entryId":3486,"elapsedDurationMs":731000,"elapsedDuration":"00:12:11","status":"Completed","source":"Default","position":29,"diffFirstMs":118900,"diffFirst":"00:01:58.9000000","diffPrevMs":5000,"diffPrev":"00:00:05"},{"stageTimeId":50899,"stageId":893,"entryId":3481,"elapsedDurationMs":734500,"elapsedDuration":"00:12:14.5000000","status":"Completed","source":"Default","position":30,"diffFirstMs":122400,"diffFirst":"00:02:02.4000000","diffPrevMs":3500,"diffPrev":"00:00:03.5000000"},{"stageTimeId":50903,"stageId":893,"entryId":3477,"elapsedDurationMs":736000,"elapsedDuration":"00:12:16","status":"Completed","source":"Default","position":31,"diffFirstMs":123900,"diffFirst":"00:02:03.9000000","diffPrevMs":1500,"diffPrev":"00:00:01.5000000"},{"stageTimeId":51096,"stageId":893,"entryId":3503,"elapsedDurationMs":740100,"elapsedDuration":"00:12:20.1000000","status":"Completed","source":"Default","position":32,"diffFirstMs":128000,"diffFirst":"00:02:08","diffPrevMs":4100,"diffPrev":"00:00:04.1000000"},{"stageTimeId":51005,"stageId":893,"entryId":3520,"elapsedDurationMs":741000,"elapsedDuration":"00:12:21","status":"Completed","source":"Default","position":33,"diffFirstMs":128900,"diffFirst":"00:02:08.9000000","diffPrevMs":900,"diffPrev":"00:00:00.9000000"},{"stageTimeId":50911,"stageId":893,"entryId":3469,"elapsedDurationMs":747000,"elapsedDuration":"00:12:27","status":"Completed","source":"Default","position":34,"diffFirstMs":134900,"diffFirst":"00:02:14.9000000","diffPrevMs":6000,"diffPrev":"00:00:06"},{"stageTimeId":51126,"stageId":893,"entryId":3475,"elapsedDurationMs":748300,"elapsedDuration":"00:12:28.3000000","status":"Completed","source":"Default","position":35,"diffFirstMs":136200,"diffFirst":"00:02:16.2000000","diffPrevMs":1300,"diffPrev":"00:00:01.3000000"},{"stageTimeId":51089,"stageId":893,"entryId":3500,"elapsedDurationMs":749200,"elapsedDuration":"00:12:29.2000000","status":"Completed","source":"Default","position":36,"diffFirstMs":137100,"diffFirst":"00:02:17.1000000","diffPrevMs":900,"diffPrev":"00:00:00.9000000"},{"stageTimeId":50907,"stageId":893,"entryId":3472,"elapsedDurationMs":749600,"elapsedDuration":"00:12:29.6000000","status":"Completed","source":"Default","position":37,"diffFirstMs":137500,"diffFirst":"00:02:17.5000000","diffPrevMs":400,"diffPrev":"00:00:00.4000000"},{"stageTimeId":51093,"stageId":893,"entryId":3498,"elapsedDurationMs":752700,"elapsedDuration":"00:12:32.7000000","status":"Completed","source":"Default","position":38,"diffFirstMs":140600,"diffFirst":"00:02:20.6000000","diffPrevMs":3100,"diffPrev":"00:00:03.1000000"},{"stageTimeId":51104,"stageId":893,"entryId":3496,"elapsedDurationMs":753900,"elapsedDuration":"00:12:33.9000000","status":"Completed","source":"Default","position":39,"diffFirstMs":141800,"diffFirst":"00:02:21.8000000","diffPrevMs":1200,"diffPrev":"00:00:01.2000000"},{"stageTimeId":50928,"stageId":893,"entryId":3497,"elapsedDurationMs":755600,"elapsedDuration":"00:12:35.6000000","status":"Completed","source":"Default","position":40,"diffFirstMs":143500,"diffFirst":"00:02:23.5000000","diffPrevMs":1700,"diffPrev":"00:00:01.7000000"},{"stageTimeId":51133,"stageId":893,"entryId":3461,"elapsedDurationMs":758300,"elapsedDuration":"00:12:38.3000000","status":"Completed","source":"Default","position":41,"diffFirstMs":146200,"diffFirst":"00:02:26.2000000","diffPrevMs":2700,"diffPrev":"00:00:02.7000000"},{"stageTimeId":51084,"stageId":893,"entryId":3513,"elapsedDurationMs":759100,"elapsedDuration":"00:12:39.1000000","status":"Completed","source":"Default","position":42,"diffFirstMs":147000,"diffFirst":"00:02:27","diffPrevMs":800,"diffPrev":"00:00:00.8000000"},{"stageTimeId":51100,"stageId":893,"entryId":3508,"elapsedDurationMs":761900,"elapsedDuration":"00:12:41.9000000","status":"Completed","source":"Default","position":43,"diffFirstMs":149800,"diffFirst":"00:02:29.8000000","diffPrevMs":2800,"diffPrev":"00:00:02.8000000"},{"stageTimeId":51054,"stageId":893,"entryId":3476,"elapsedDurationMs":770300,"elapsedDuration":"00:12:50.3000000","status":"Completed","source":"Default","position":44,"diffFirstMs":158200,"diffFirst":"00:02:38.2000000","diffPrevMs":8400,"diffPrev":"00:00:08.4000000"},{"stageTimeId":51037,"stageId":893,"entryId":3473,"elapsedDurationMs":770800,"elapsedDuration":"00:12:50.8000000","status":"Completed","source":"Default","position":45,"diffFirstMs":158700,"diffFirst":"00:02:38.7000000","diffPrevMs":500,"diffPrev":"00:00:00.5000000"},{"stageTimeId":51114,"stageId":893,"entryId":3463,"elapsedDurationMs":771000,"elapsedDuration":"00:12:51","status":"Completed","source":"Default","position":46,"diffFirstMs":158900,"diffFirst":"00:02:38.9000000","diffPrevMs":200,"diffPrev":"00:00:00.2000000"},{"stageTimeId":51118,"stageId":893,"entryId":3492,"elapsedDurationMs":778000,"elapsedDuration":"00:12:58","status":"Completed","source":"Default","position":47,"diffFirstMs":165900,"diffFirst":"00:02:45.9000000","diffPrevMs":7000,"diffPrev":"00:00:07"},{"stageTimeId":51080,"stageId":893,"entryId":3493,"elapsedDurationMs":781400,"elapsedDuration":"00:13:01.4000000","status":"Completed","source":"Default","position":48,"diffFirstMs":169300,"diffFirst":"00:02:49.3000000","diffPrevMs":3400,"diffPrev":"00:00:03.4000000"},{"stageTimeId":51141,"stageId":893,"entryId":3488,"elapsedDurationMs":782000,"elapsedDuration":"00:13:02","status":"Completed","source":"Default","position":49,"diffFirstMs":169900,"diffFirst":"00:02:49.9000000","diffPrevMs":600,"diffPrev":"00:00:00.6000000"},{"stageTimeId":51129,"stageId":893,"entryId":3514,"elapsedDurationMs":782900,"elapsedDuration":"00:13:02.9000000","status":"Completed","source":"Default","position":50,"diffFirstMs":170800,"diffFirst":"00:02:50.8000000","diffPrevMs":900,"diffPrev":"00:00:00.9000000"},{"stageTimeId":51020,"stageId":893,"entryId":3487,"elapsedDurationMs":783500,"elapsedDuration":"00:13:03.5000000","status":"Completed","source":"Default","position":51,"diffFirstMs":171400,"diffFirst":"00:02:51.4000000","diffPrevMs":600,"diffPrev":"00:00:00.6000000"},{"stageTimeId":51033,"stageId":893,"entryId":3499,"elapsedDurationMs":786100,"elapsedDuration":"00:13:06.1000000","status":"Completed","source":"Default","position":52,"diffFirstMs":174000,"diffFirst":"00:02:54","diffPrevMs":2600,"diffPrev":"00:00:02.6000000"},{"stageTimeId":51109,"stageId":893,"entryId":3505,"elapsedDurationMs":786300,"elapsedDuration":"00:13:06.3000000","status":"Completed","source":"Default","position":53,"diffFirstMs":174200,"diffFirst":"00:02:54.2000000","diffPrevMs":200,"diffPrev":"00:00:00.2000000"},{"stageTimeId":51050,"stageId":893,"entryId":3502,"elapsedDurationMs":788600,"elapsedDuration":"00:13:08.6000000","status":"Completed","source":"Default","position":54,"diffFirstMs":176500,"diffFirst":"00:02:56.5000000","diffPrevMs":2300,"diffPrev":"00:00:02.3000000"},{"stageTimeId":51029,"stageId":893,"entryId":3516,"elapsedDurationMs":796100,"elapsedDuration":"00:13:16.1000000","status":"Completed","source":"Default","position":55,"diffFirstMs":184000,"diffFirst":"00:03:04","diffPrevMs":7500,"diffPrev":"00:00:07.5000000"},{"stageTimeId":51061,"stageId":893,"entryId":3525,"elapsedDurationMs":803600,"elapsedDuration":"00:13:23.6000000","status":"Completed","source":"Default","position":56,"diffFirstMs":191500,"diffFirst":"00:03:11.5000000","diffPrevMs":7500,"diffPrev":"00:00:07.5000000"},{"stageTimeId":51025,"stageId":893,"entryId":3521,"elapsedDurationMs":803800,"elapsedDuration":"00:13:23.8000000","status":"Completed","source":"Default","position":57,"diffFirstMs":191700,"diffFirst":"00:03:11.7000000","diffPrevMs":200,"diffPrev":"00:00:00.2000000"},{"stageTimeId":51066,"stageId":893,"entryId":3515,"elapsedDurationMs":804100,"elapsedDuration":"00:13:24.1000000","status":"Completed","source":"Default","position":58,"diffFirstMs":192000,"diffFirst":"00:03:12","diffPrevMs":300,"diffPrev":"00:00:00.3000000"},{"stageTimeId":51122,"stageId":893,"entryId":3519,"elapsedDurationMs":805200,"elapsedDuration":"00:13:25.2000000","status":"Completed","source":"Default","position":59,"diffFirstMs":193100,"diffFirst":"00:03:13.1000000","diffPrevMs":1100,"diffPrev":"00:00:01.1000000"},{"stageTimeId":50863,"stageId":893,"entryId":3511,"elapsedDurationMs":811100,"elapsedDuration":"00:13:31.1000000","status":"Completed","source":"Default","position":60,"diffFirstMs":199000,"diffFirst":"00:03:19","diffPrevMs":5900,"diffPrev":"00:00:05.9000000"},{"stageTimeId":51069,"stageId":893,"entryId":3509,"elapsedDurationMs":816500,"elapsedDuration":"00:13:36.5000000","status":"Completed","source":"Default","position":61,"diffFirstMs":204400,"diffFirst":"00:03:24.4000000","diffPrevMs":5400,"diffPrev":"00:00:05.4000000"},{"stageTimeId":50824,"stageId":893,"entryId":3517,"elapsedDurationMs":818800,"elapsedDuration":"00:13:38.8000000","status":"Completed","source":"Default","position":62,"diffFirstMs":206700,"diffFirst":"00:03:26.7000000","diffPrevMs":2300,"diffPrev":"00:00:02.3000000"},{"stageTimeId":51012,"stageId":893,"entryId":3524,"elapsedDurationMs":822200,"elapsedDuration":"00:13:42.2000000","status":"Completed","source":"Default","position":63,"diffFirstMs":210100,"diffFirst":"00:03:30.1000000","diffPrevMs":3400,"diffPrev":"00:00:03.4000000"},{"stageTimeId":50859,"stageId":893,"entryId":3510,"elapsedDurationMs":823100,"elapsedDuration":"00:13:43.1000000","status":"Completed","source":"Default","position":64,"diffFirstMs":211000,"diffFirst":"00:03:31","diffPrevMs":900,"diffPrev":"00:00:00.9000000"},{"stageTimeId":51065,"stageId":893,"entryId":3491,"elapsedDurationMs":825700,"elapsedDuration":"00:13:45.7000000","status":"Completed","source":"Default","position":65,"diffFirstMs":213600,"diffFirst":"00:03:33.6000000","diffPrevMs":2600,"diffPrev":"00:00:02.6000000"},{"stageTimeId":51046,"stageId":893,"entryId":3504,"elapsedDurationMs":827700,"elapsedDuration":"00:13:47.7000000","status":"Completed","source":"Default","position":66,"diffFirstMs":215600,"diffFirst":"00:03:35.6000000","diffPrevMs":2000,"diffPrev":"00:00:02"},{"stageTimeId":51008,"stageId":893,"entryId":3501,"elapsedDurationMs":831300,"elapsedDuration":"00:13:51.3000000","status":"Completed","source":"Default","position":67,"diffFirstMs":219200,"diffFirst":"00:03:39.2000000","diffPrevMs":3600,"diffPrev":"00:00:03.6000000"},{"stageTimeId":51058,"stageId":893,"entryId":3518,"elapsedDurationMs":843000,"elapsedDuration":"00:14:03","status":"Completed","source":"Default","position":68,"diffFirstMs":230900,"diffFirst":"00:03:50.9000000","diffPrevMs":11700,"diffPrev":"00:00:11.7000000"},{"stageTimeId":50851,"stageId":893,"entryId":3494,"elapsedDurationMs":845500,"elapsedDuration":"00:14:05.5000000","status":"Completed","source":"Default","position":69,"diffFirstMs":233400,"diffFirst":"00:03:53.4000000","diffPrevMs":2500,"diffPrev":"00:00:02.5000000"},{"stageTimeId":51042,"stageId":893,"entryId":3495,"elapsedDurationMs":857000,"elapsedDuration":"00:14:17","status":"Completed","source":"Default","position":70,"diffFirstMs":244900,"diffFirst":"00:04:04.9000000","diffPrevMs":11500,"diffPrev":"00:00:11.5000000"},{"stageTimeId":50845,"stageId":893,"entryId":3490,"elapsedDurationMs":857700,"elapsedDuration":"00:14:17.7000000","status":"Completed","source":"Default","position":71,"diffFirstMs":245600,"diffFirst":"00:04:05.6000000","diffPrevMs":700,"diffPrev":"00:00:00.7000000"},{"stageTimeId":51016,"stageId":893,"entryId":3512,"elapsedDurationMs":863500,"elapsedDuration":"00:14:23.5000000","status":"Completed","source":"Default","position":72,"diffFirstMs":251400,"diffFirst":"00:04:11.4000000","diffPrevMs":5800,"diffPrev":"00:00:05.8000000"},{"stageTimeId":50857,"stageId":893,"entryId":3523,"elapsedDurationMs":869300,"elapsedDuration":"00:14:29.3000000","status":"Completed","source":"Default","position":73,"diffFirstMs":257200,"diffFirst":"00:04:17.2000000","diffPrevMs":5800,"diffPrev":"00:00:05.8000000"},{"stageTimeId":50833,"stageId":893,"entryId":3489,"elapsedDurationMs":869900,"elapsedDuration":"00:14:29.9000000","status":"Completed","source":"Default","position":74,"diffFirstMs":257800,"diffFirst":"00:04:17.8000000","diffPrevMs":600,"diffPrev":"00:00:00.6000000"},{"stageTimeId":50865,"stageId":893,"entryId":3507,"elapsedDurationMs":879000,"elapsedDuration":"00:14:39","status":"Completed","source":"Default","position":75,"diffFirstMs":266900,"diffFirst":"00:04:26.9000000","diffPrevMs":9100,"diffPrev":"00:00:09.1000000"},{"stageTimeId":50842,"stageId":893,"entryId":3522,"elapsedDurationMs":935400,"elapsedDuration":"00:15:35.4000000","status":"Completed","source":"Default","position":76,"diffFirstMs":323300,"diffFirst":"00:05:23.3000000","diffPrevMs":56400,"diffPrev":"00:00:56.4000000"},{"stageTimeId":50820,"stageId":893,"entryId":3471,"elapsedDurationMs":null,"elapsedDuration":null,"status":"DNS","source":"Default","position":null,"diffFirstMs":null,"diffFirst":null,"diffPrevMs":null,"diffPrev":null},{"stageTimeId":50864,"stageId":893,"entryId":3464,"elapsedDurationMs":null,"elapsedDuration":null,"status":"DNF","source":"Default","position":null,"diffFirstMs":null,"diffFirst":null,"diffPrevMs":null,"diffPrev":null},{"stageTimeId":50946,"stageId":893,"entryId":3448,"elapsedDurationMs":null,"elapsedDuration":null,"status":"DNF","source":"Default","position":null,"diffFirstMs":null,"diffFirst":null,"diffPrevMs":null,"diffPrev":null},{"stageTimeId":50959,"stageId":893,"entryId":3446,"elapsedDurationMs":null,"elapsedDuration":null,"status":"DNS","source":"Default","position":null,"diffFirstMs":null,"diffFirst":null,"diffPrevMs":null,"diffPrev":null},{"stageTimeId":50995,"stageId":893,"entryId":3447,"elapsedDurationMs":null,"elapsedDuration":null,"status":"DNF","source":"Default","position":null,"diffFirstMs":null,"diffFirst":null,"diffPrevMs":null,"diffPrev":null}]