[{"entryId":20174,"stageTimeMs":8753000,"stageTime":"PT2H25M53S","penaltyTimeMs":0,"penaltyTime":"PT0S","totalTimeMs":8753000,"totalTime":"PT2H25M53S","position":1,"diffFirstMs":0,"diffFirst":"PT0S","diffPrevMs":0,"diffPrev":"PT0S"},{"entryId":20172,"stageTimeMs":8754000,"stageTime":"PT2H25M54S","penaltyTimeMs":0,"penaltyTime":"PT0S","totalTimeMs":8754000,"totalTime":"PT2H25M54S","position":2,"diffFirstMs":1000,"diffFirst":"PT1S","diffPrevMs":1000,"diffPrev":"PT1S"},{"entryId":20173,"stageTimeMs":8813700,"stageTime":"PT2H26M53.7S","penaltyTimeMs":0,"penaltyTime":"PT0S","totalTimeMs":8813700,"totalTime":"PT2H26M53.7S","position":3,"diffFirstMs":60700,"diffFirst":"PT1M0.7S","diffPrevMs":59700,"diffPrev":"PT59.7S"},{"entryId":20182,"stageTimeMs":8817600,"stageTime":"PT2H26M57.6S","penaltyTimeMs":0,"penaltyTime":"PT0S","totalTimeMs":8817600,"totalTime":"PT2H26M57.6S","position":4,"diffFirstMs":64600,"diffFirst":"PT1M4.6S","diffPrevMs":3900,"diffPrev":"PT3.9S"},{"entryId":20176,"stageTimeMs":8867500,"stageTime":"PT2H27M47.5S","penaltyTimeMs":0,"penaltyTime":"PT0S","totalTimeMs":8867500,"totalTime":"PT2H27M47.5S","position":5,"diffFirstMs":114500,"diffFirst":"PT1M54.5S","diffPrevMs":49900,"diffPrev":"PT49.9S"},{"entryId":20175,"stageTimeMs":8874100,"stageTime":"PT2H27M54.1S","penaltyTimeMs":0,"penaltyTime":"PT0S","totalTimeMs":8874100,"totalTime":"PT2H27M54.1S","position":6,"diffFirstMs":121100,"diffFirst":"PT2M1.1S","diffPrevMs":6600,"diffPrev":"PT6.6S"},{"entryId":20178,"stageTimeMs":8875800,"stageTime":"PT2H27M55.8S","penaltyTimeMs":0,"penaltyTime":"PT0S","totalTimeMs":8875800,"totalTime":"PT2H27M55.8S","position":7,"diffFirstMs":122800,"diffFirst":"PT2M2.8S","diffPrevMs":1700,"diffPrev":"PT1.7S"},{"entryId":20179,"stageTimeMs":8891900,"stageTime":"PT2H28M11.9S","penaltyTimeMs":0,"penaltyTime":"PT0S","totalTimeMs":8891900,"totalTime":"PT2H28M11.9S","position":8,"diffFirstMs":138900,"diffFirst":"PT2M18.9S","diffPrevMs":16100,"diffPrev":"PT16.1S"},{"entryId":20180,"stageTimeMs":9033500,"stageTime":"PT2H30M33.5S","penaltyTimeMs":0,"penaltyTime":"PT0S","totalTimeMs":9033500,"totalTime":"PT2H30M33.5S","position":9,"diffFirstMs":280500,"diffFirst":"PT4M40.5S","diffPrevMs":141600,"diffPrev":"PT2M21.6S"},{"entryId":20177,"stageTimeMs":9042400,"stageTime":"PT2H30M42.4S","penaltyTimeMs":0,"penaltyTime":"PT0S","totalTimeMs":9042400,"totalTime":"PT2H30M42.4S","position":10,"diffFirstMs":289400,"diffFirst":"PT4M49.4S","diffPrevMs":8900,"diffPrev":"PT8.9S"},{"entryId":20186,"stageTimeMs":9325000,"stageTime":"PT2H35M25S","penaltyTimeMs":0,"penaltyTime":"PT0S","totalTimeMs":9325000,"totalTime":"PT2H35M25S","position":11,"diffFirstMs":572000,"diffFirst":"PT9M32S","diffPrevMs":282600,"diffPrev":"PT4M42.6S"},{"entryId":20185,"stageTimeMs":9341700,"stageTime":"PT2H35M41.7S","penaltyTimeMs":0,"penaltyTime":"PT0S","totalTimeMs":9341700,"totalTime":"PT2H35M41.7S","position":12,"diffFirstMs":588700,"diffFirst":"PT9M48.7S","diffPrevMs":16700,"diffPrev":"PT16.7S"},{"entryId":20184,"stageTimeMs":9419200,"stageTime":"PT2H36M59.2S","penaltyTimeMs":0,"penaltyTime":"PT0S","totalTimeMs":9419200,"totalTime":"PT2H36M59.2S","position":13,"diffFirstMs":666200,"diffFirst":"PT11M6.2S","diffPrevMs":77500,"diffPrev":"PT1M17.5S"},{"entryId":20189,"stageTimeMs":9507200,"stageTime":"PT2H38M27.2S","penaltyTimeMs":0,"penaltyTime":"PT0S","totalTimeMs":9507200,"totalTime":"PT2H38M27.2S","position":14,"diffFirstMs":754200,"diffFirst":"PT12M34.2S","diffPrevMs":88000,"diffPrev":"PT1M28S"},{"entryId":20187,"stageTimeMs":9589600,"stageTime":"PT2H39M49.6S","penaltyTimeMs":0,"penaltyTime":"PT0S","totalTimeMs":9589600,"totalTime":"PT2H39M49.6S","position":15,"diffFirstMs":836600,"diffFirst":"PT13M56.6S","diffPrevMs":82400,"diffPrev":"PT1M22.4S"},{"entryId":20192,"stageTimeMs":10172500,"stageTime":"PT2H49M32.5S","penaltyTimeMs":10000,"penaltyTime":"PT10S","totalTimeMs":10182500,"totalTime":"PT2H49M42.5S","position":16,"diffFirstMs":1429500,"diffFirst":"PT23M49.5S","diffPrevMs":592900,"diffPrev":"PT9M52.9S"},{"entryId":20188,"stageTimeMs":10192400,"stageTime":"PT2H49M52.4S","penaltyTimeMs":0,"penaltyTime":"PT0S","totalTimeMs":10192400,"totalTime":"PT2H49M52.4S","position":17,"diffFirstMs":1439400,"diffFirst":"PT23M59.4S","diffPrevMs":9900,"diffPrev":"PT9.9S"},{"entryId":20193,"stageTimeMs":10474100,"stageTime":"PT2H54M34.1S","penaltyTimeMs":0,"penaltyTime":"PT0S","totalTimeMs":10474100,"totalTime":"PT2H54M34.1S","position":18,"diffFirstMs":1721100,"diffFirst":"PT28M41.1S","diffPrevMs":281700,"diffPrev":"PT4M41.7S"},{"entryId":20190,"stageTimeMs":10689200,"stageTime":"PT2H58M9.2S","penaltyTimeMs":0,"penaltyTime":"PT0S","totalTimeMs":10689200,"totalTime":"PT2H58M9.2S","position":19,"diffFirstMs":1936200,"diffFirst":"PT32M16.2S","diffPrevMs":215100,"diffPrev":"PT3M35.1S"},{"entryId":20196,"stageTimeMs":10773300,"stageTime":"PT2H59M33.3S","penaltyTimeMs":0,"penaltyTime":"PT0S","totalTimeMs":10773300,"totalTime":"PT2H59M33.3S","position":20,"diffFirstMs":2020300,"diffFirst":"PT33M40.3S","diffPrevMs":84100,"diffPrev":"PT1M24.1S"},{"entryId":20198,"stageTimeMs":10945100,"stageTime":"PT3H2M25.1S","penaltyTimeMs":0,"penaltyTime":"PT0S","totalTimeMs":10945100,"totalTime":"PT3H2M25.1S","position":21,"diffFirstMs":2192100,"diffFirst":"PT36M32.1S","diffPrevMs":171800,"diffPrev":"PT2M51.8S"},{"entryId":20200,"stageTimeMs":11128800,"stageTime":"PT3H5M28.8S","penaltyTimeMs":0,"penaltyTime":"PT0S","totalTimeMs":11128800,"totalTime":"PT3H5M28.8S","position":22,"diffFirstMs":2375800,"diffFirst":"PT39M35.8S","diffPrevMs":183700,"diffPrev":"PT3M3.7S"},{"entryId":20183,"stageTimeMs":11151000,"stageTime":"PT3H5M51S","penaltyTimeMs":0,"penaltyTime":"PT0S","totalTimeMs":11151000,"totalTime":"PT3H5M51S","position":23,"diffFirstMs":2398000,"diffFirst":"PT39M58S","diffPrevMs":22200,"diffPrev":"PT22.2S"},{"entryId":20191,"stageTimeMs":12034400,"stageTime":"PT3H20M34.4S","penaltyTimeMs":0,"penaltyTime":"PT0S","totalTimeMs":12034400,"totalTime":"PT3H20M34.4S","position":24,"diffFirstMs":3281400,"diffFirst":"PT54M41.4S","diffPrevMs":883400,"diffPrev":"PT14M43.4S"},{"entryId":20202,"stageTimeMs":12567100,"stageTime":"PT3H29M27.1S","penaltyTimeMs":60000,"penaltyTime":"PT1M","totalTimeMs":12627100,"totalTime":"PT3H30M27.1S","position":25,"diffFirstMs":3874100,"diffFirst":"PT1H4M34.1S","diffPrevMs":592700,"diffPrev":"PT9M52.7S"}]