[{"penaltyId":707,"controlId":6389,"entryId":20615,"penaltyDurationMs":1980000,"penaltyDuration":"PT33M","reason":"Art. 37.4.1 WRC Sporting Regulations"},{"penaltyId":708,"controlId":6359,"entryId":20638,"penaltyDurationMs":120000,"penaltyDuration":"PT2M","reason":"Stewards Decision No. 2"},{"penaltyId":702,"controlId":6370,"entryId":20640,"penaltyDurationMs":20000,"penaltyDuration":"PT20S","reason":"2 min late"},{"penaltyId":706,"controlId":6395,"entryId":20641,"penaltyDurationMs":10000,"penaltyDuration":"PT10S","reason":"JUMP START"},{"penaltyId":710,"controlId":6357,"entryId":20643,"penaltyDurationMs":10000,"penaltyDuration":"PT10S","reason":"1 MIN LATE"},{"penaltyId":700,"controlId":6427,"entryId":20653,"penaltyDurationMs":10000,"penaltyDuration":"PT10S","reason":"1 MIN LATE"},{"penaltyId":701,"controlId":6374,"entryId":20658,"penaltyDurationMs":240000,"penaltyDuration":"PT4M","reason":"24 MINS LATE"},{"penaltyId":705,"controlId":6363,"entryId":20659,"penaltyDurationMs":60000,"penaltyDuration":"PT1M","reason":"Late"},{"penaltyId":709,"controlId":6359,"entryId":20659,"penaltyDurationMs":110000,"penaltyDuration":"PT1M50S","reason":"11m late"},{"penaltyId":703,"controlId":6370,"entryId":20661,"penaltyDurationMs":20000,"penaltyDuration":"PT20S","reason":"2 min late"},{"penaltyId":704,"controlId":6365,"entryId":20667,"penaltyDurationMs":10000,"penaltyDuration":"PT10S","reason":"1 MIN LATE"}]