[{"stageTimeId":66657,"stageId":1070,"entryId":19565,"elapsedDurationMs":null,"elapsedDuration":null,"status":"DNS","source":"Default","position":null,"diffFirstMs":null,"diffFirst":null,"diffPrevMs":null,"diffPrev":null},{"stageTimeId":66658,"stageId":1070,"entryId":19564,"elapsedDurationMs":null,"elapsedDuration":null,"status":"Running","source":"Default","position":null,"diffFirstMs":null,"diffFirst":null,"diffPrevMs":null,"diffPrev":null},{"stageTimeId":66661,"stageId":1070,"entryId":19566,"elapsedDurationMs":null,"elapsedDuration":null,"status":"DNS","source":"Default","position":null,"diffFirstMs":null,"diffFirst":null,"diffPrevMs":null,"diffPrev":null},{"stageTimeId":66665,"stageId":1070,"entryId":19567,"elapsedDurationMs":null,"elapsedDuration":null,"status":"Running","source":"Default","position":null,"diffFirstMs":null,"diffFirst":null,"diffPrevMs":null,"diffPrev":null},{"stageTimeId":66678,"stageId":1070,"entryId":19547,"elapsedDurationMs":null,"elapsedDuration":null,"status":"Running","source":"Default","position":null,"diffFirstMs":null,"diffFirst":null,"diffPrevMs":null,"diffPrev":null},{"stageTimeId":66692,"stageId":1070,"entryId":19545,"elapsedDurationMs":null,"elapsedDuration":null,"status":"Running","source":"Default","position":null,"diffFirstMs":null,"diffFirst":null,"diffPrevMs":null,"diffPrev":null},{"stageTimeId":66701,"stageId":1070,"entryId":19550,"elapsedDurationMs":null,"elapsedDuration":null,"status":"Running","source":"Default","position":null,"diffFirstMs":null,"diffFirst":null,"diffPrevMs":null,"diffPrev":null},{"stageTimeId":66708,"stageId":1070,"entryId":19542,"elapsedDurationMs":null,"elapsedDuration":null,"status":"Running","source":"Default","position":null,"diffFirstMs":null,"diffFirst":null,"diffPrevMs":null,"diffPrev":null},{"stageTimeId":66711,"stageId":1070,"entryId":19543,"elapsedDurationMs":null,"elapsedDuration":null,"status":"DNS","source":"Default","position":null,"diffFirstMs":null,"diffFirst":null,"diffPrevMs":null,"diffPrev":null},{"stageTimeId":66720,"stageId":1070,"entryId":19541,"elapsedDurationMs":null,"elapsedDuration":null,"status":"Running","source":"Default","position":null,"diffFirstMs":null,"diffFirst":null,"diffPrevMs":null,"diffPrev":null},{"stageTimeId":66727,"stageId":1070,"entryId":19548,"elapsedDurationMs":null,"elapsedDuration":null,"status":"Running","source":"Default","position":null,"diffFirstMs":null,"diffFirst":null,"diffPrevMs":null,"diffPrev":null},{"stageTimeId":66730,"stageId":1070,"entryId":19546,"elapsedDurationMs":null,"elapsedDuration":null,"status":"Running","source":"Default","position":null,"diffFirstMs":null,"diffFirst":null,"diffPrevMs":null,"diffPrev":null},{"stageTimeId":66736,"stageId":1070,"entryId":19544,"elapsedDurationMs":null,"elapsedDuration":null,"status":"Running","source":"Default","position":null,"diffFirstMs":null,"diffFirst":null,"diffPrevMs":null,"diffPrev":null},{"stageTimeId":66743,"stageId":1070,"entryId":19549,"elapsedDurationMs":null,"elapsedDuration":null,"status":"DNS","source":"Default","position":null,"diffFirstMs":null,"diffFirst":null,"diffPrevMs":null,"diffPrev":null},{"stageTimeId":66749,"stageId":1070,"entryId":19551,"elapsedDurationMs":null,"elapsedDuration":null,"status":"DNS","source":"Default","position":null,"diffFirstMs":null,"diffFirst":null,"diffPrevMs":null,"diffPrev":null},{"stageTimeId":66756,"stageId":1070,"entryId":19558,"elapsedDurationMs":null,"elapsedDuration":null,"status":"Running","source":"Default","position":null,"diffFirstMs":null,"diffFirst":null,"diffPrevMs":null,"diffPrev":null},{"stageTimeId":66763,"stageId":1070,"entryId":19557,"elapsedDurationMs":null,"elapsedDuration":null,"status":"DNS","source":"Default","position":null,"diffFirstMs":null,"diffFirst":null,"diffPrevMs":null,"diffPrev":null},{"stageTimeId":66768,"stageId":1070,"entryId":19559,"elapsedDurationMs":null,"elapsedDuration":null,"status":"Running","source":"Default","position":null,"diffFirstMs":null,"diffFirst":null,"diffPrevMs":null,"diffPrev":null},{"stageTimeId":66772,"stageId":1070,"entryId":19562,"elapsedDurationMs":null,"elapsedDuration":null,"status":"Running","source":"Default","position":null,"diffFirstMs":null,"diffFirst":null,"diffPrevMs":null,"diffPrev":null},{"stageTimeId":66779,"stageId":1070,"entryId":19561,"elapsedDurationMs":null,"elapsedDuration":null,"status":"Running","source":"Default","position":null,"diffFirstMs":null,"diffFirst":null,"diffPrevMs":null,"diffPrev":null},{"stageTimeId":66791,"stageId":1070,"entryId":19553,"elapsedDurationMs":null,"elapsedDuration":null,"status":"DNS","source":"Default","position":null,"diffFirstMs":null,"diffFirst":null,"diffPrevMs":null,"diffPrev":null},{"stageTimeId":66799,"stageId":1070,"entryId":19552,"elapsedDurationMs":null,"elapsedDuration":null,"status":"Running","source":"Default","position":null,"diffFirstMs":null,"diffFirst":null,"diffPrevMs":null,"diffPrev":null},{"stageTimeId":66808,"stageId":1070,"entryId":19556,"elapsedDurationMs":null,"elapsedDuration":null,"status":"DNS","source":"Default","position":null,"diffFirstMs":null,"diffFirst":null,"diffPrevMs":null,"diffPrev":null},{"stageTimeId":66815,"stageId":1070,"entryId":19555,"elapsedDurationMs":null,"elapsedDuration":null,"status":"DNS","source":"Default","position":null,"diffFirstMs":null,"diffFirst":null,"diffPrevMs":null,"diffPrev":null},{"stageTimeId":66822,"stageId":1070,"entryId":19554,"elapsedDurationMs":null,"elapsedDuration":null,"status":"Running","source":"Default","position":null,"diffFirstMs":null,"diffFirst":null,"diffPrevMs":null,"diffPrev":null}]