[{"startDateTime":"2019-03-29T15:08:00","startDateTimeLocal":"2019-03-29T16:08:00+01:00","stageTimeDurationMs":603600,"stageTimeDuration":"00:10:03.6000000","splitPointTimeId":67027,"splitPointId":2069,"entryId":19338,"elapsedDurationMs":284800,"elapsedDuration":"PT4M44.8S","splitDateTime":"2019-03-29T15:12:44.8","splitDateTimeLocal":"2019-03-29T16:12:44.8+01:00"},{"startDateTime":"2019-03-29T15:10:00","startDateTimeLocal":"2019-03-29T16:10:00+01:00","stageTimeDurationMs":605900,"stageTimeDuration":"00:10:05.9000000","splitPointTimeId":67034,"splitPointId":2069,"entryId":19340,"elapsedDurationMs":286300,"elapsedDuration":"PT4M46.3S","splitDateTime":"2019-03-29T15:14:46.3","splitDateTimeLocal":"2019-03-29T16:14:46.3+01:00"},{"startDateTime":"2019-03-29T15:12:00","startDateTimeLocal":"2019-03-29T16:12:00+01:00","stageTimeDurationMs":602300,"stageTimeDuration":"00:10:02.3000000","splitPointTimeId":67042,"splitPointId":2069,"entryId":19339,"elapsedDurationMs":285500,"elapsedDuration":"PT4M45.5S","splitDateTime":"2019-03-29T15:16:45.5","splitDateTimeLocal":"2019-03-29T16:16:45.5+01:00"},{"startDateTime":"2019-03-29T15:14:00","startDateTimeLocal":"2019-03-29T16:14:00+01:00","stageTimeDurationMs":743500,"stageTimeDuration":"00:12:23.5000000","splitPointTimeId":67055,"splitPointId":2069,"entryId":19341,"elapsedDurationMs":353300,"elapsedDuration":"PT5M53.3S","splitDateTime":"2019-03-29T15:19:53.3","splitDateTimeLocal":"2019-03-29T16:19:53.3+01:00"},{"startDateTime":"2019-03-29T15:16:00","startDateTimeLocal":"2019-03-29T16:16:00+01:00","stageTimeDurationMs":603600,"stageTimeDuration":"00:10:03.6000000","splitPointTimeId":67058,"splitPointId":2069,"entryId":19344,"elapsedDurationMs":285300,"elapsedDuration":"PT4M45.3S","splitDateTime":"2019-03-29T15:20:45.3","splitDateTimeLocal":"2019-03-29T16:20:45.3+01:00"},{"startDateTime":"2019-03-29T15:18:00","startDateTimeLocal":"2019-03-29T16:18:00+01:00","stageTimeDurationMs":610300,"stageTimeDuration":"00:10:10.3000000","splitPointTimeId":67064,"splitPointId":2069,"entryId":19342,"elapsedDurationMs":289300,"elapsedDuration":"PT4M49.3S","splitDateTime":"2019-03-29T15:22:49.3","splitDateTimeLocal":"2019-03-29T16:22:49.3+01:00"},{"startDateTime":"2019-03-29T15:20:00","startDateTimeLocal":"2019-03-29T16:20:00+01:00","stageTimeDurationMs":604900,"stageTimeDuration":"00:10:04.9000000","splitPointTimeId":67072,"splitPointId":2069,"entryId":19343,"elapsedDurationMs":286300,"elapsedDuration":"PT4M46.3S","splitDateTime":"2019-03-29T15:24:46.3","splitDateTimeLocal":"2019-03-29T16:24:46.3+01:00"},{"startDateTime":"2019-03-29T15:22:00","startDateTimeLocal":"2019-03-29T16:22:00+01:00","stageTimeDurationMs":606500,"stageTimeDuration":"00:10:06.5000000","splitPointTimeId":67084,"splitPointId":2069,"entryId":19345,"elapsedDurationMs":286400,"elapsedDuration":"PT4M46.4S","splitDateTime":"2019-03-29T15:26:46.4","splitDateTimeLocal":"2019-03-29T16:26:46.4+01:00"},{"startDateTime":"2019-03-29T15:24:00","startDateTimeLocal":"2019-03-29T16:24:00+01:00","stageTimeDurationMs":608100,"stageTimeDuration":"00:10:08.1000000","splitPointTimeId":67093,"splitPointId":2069,"entryId":19347,"elapsedDurationMs":287000,"elapsedDuration":"PT4M47S","splitDateTime":"2019-03-29T15:28:47","splitDateTimeLocal":"2019-03-29T16:28:47+01:00"},{"startDateTime":"2019-03-29T15:26:00","startDateTimeLocal":"2019-03-29T16:26:00+01:00","stageTimeDurationMs":606400,"stageTimeDuration":"00:10:06.4000000","splitPointTimeId":67102,"splitPointId":2069,"entryId":19346,"elapsedDurationMs":286300,"elapsedDuration":"PT4M46.3S","splitDateTime":"2019-03-29T15:30:46.3","splitDateTimeLocal":"2019-03-29T16:30:46.3+01:00"},{"startDateTime":"2019-03-29T15:28:00","startDateTimeLocal":"2019-03-29T16:28:00+01:00","stageTimeDurationMs":648900,"stageTimeDuration":"00:10:48.9000000","splitPointTimeId":67113,"splitPointId":2069,"entryId":19349,"elapsedDurationMs":309300,"elapsedDuration":"PT5M9.3S","splitDateTime":"2019-03-29T15:33:09.3","splitDateTimeLocal":"2019-03-29T16:33:09.3+01:00"},{"startDateTime":"2019-03-29T15:29:00","startDateTimeLocal":"2019-03-29T16:29:00+01:00","stageTimeDurationMs":635600,"stageTimeDuration":"00:10:35.6000000","splitPointTimeId":67117,"splitPointId":2069,"entryId":19348,"elapsedDurationMs":301900,"elapsedDuration":"PT5M1.9S","splitDateTime":"2019-03-29T15:34:01.9","splitDateTimeLocal":"2019-03-29T16:34:01.9+01:00"},{"startDateTime":"2019-03-29T15:31:00","startDateTimeLocal":"2019-03-29T16:31:00+01:00","stageTimeDurationMs":639300,"stageTimeDuration":"00:10:39.3000000","splitPointTimeId":67127,"splitPointId":2069,"entryId":19350,"elapsedDurationMs":302500,"elapsedDuration":"PT5M2.5S","splitDateTime":"2019-03-29T15:36:02.5","splitDateTimeLocal":"2019-03-29T16:36:02.5+01:00"},{"startDateTime":"2019-03-29T15:32:00","startDateTimeLocal":"2019-03-29T16:32:00+01:00","stageTimeDurationMs":633500,"stageTimeDuration":"00:10:33.5000000","splitPointTimeId":67130,"splitPointId":2069,"entryId":19351,"elapsedDurationMs":299800,"elapsedDuration":"PT4M59.8S","splitDateTime":"2019-03-29T15:36:59.8","splitDateTimeLocal":"2019-03-29T16:36:59.8+01:00"},{"startDateTime":"2019-03-29T15:34:00","startDateTimeLocal":"2019-03-29T16:34:00+01:00","stageTimeDurationMs":641700,"stageTimeDuration":"00:10:41.7000000","splitPointTimeId":67144,"splitPointId":2069,"entryId":19353,"elapsedDurationMs":301400,"elapsedDuration":"PT5M1.4S","splitDateTime":"2019-03-29T15:39:01.4","splitDateTimeLocal":"2019-03-29T16:39:01.4+01:00"},{"startDateTime":"2019-03-29T15:35:00","startDateTimeLocal":"2019-03-29T16:35:00+01:00","stageTimeDurationMs":633500,"stageTimeDuration":"00:10:33.5000000","splitPointTimeId":67146,"splitPointId":2069,"entryId":19354,"elapsedDurationMs":301300,"elapsedDuration":"PT5M1.3S","splitDateTime":"2019-03-29T15:40:01.3","splitDateTimeLocal":"2019-03-29T16:40:01.3+01:00"},{"startDateTime":"2019-03-29T15:36:00","startDateTimeLocal":"2019-03-29T16:36:00+01:00","stageTimeDurationMs":633600,"stageTimeDuration":"00:10:33.6000000","splitPointTimeId":67150,"splitPointId":2069,"entryId":19355,"elapsedDurationMs":300400,"elapsedDuration":"PT5M0.4S","splitDateTime":"2019-03-29T15:41:00.4","splitDateTimeLocal":"2019-03-29T16:41:00.4+01:00"},{"startDateTime":"2019-03-29T15:37:00","startDateTimeLocal":"2019-03-29T16:37:00+01:00","stageTimeDurationMs":653900,"stageTimeDuration":"00:10:53.9000000","splitPointTimeId":67157,"splitPointId":2069,"entryId":19356,"elapsedDurationMs":310800,"elapsedDuration":"PT5M10.8S","splitDateTime":"2019-03-29T15:42:10.8","splitDateTimeLocal":"2019-03-29T16:42:10.8+01:00"},{"startDateTime":"2019-03-29T15:38:00","startDateTimeLocal":"2019-03-29T16:38:00+01:00","stageTimeDurationMs":698400,"stageTimeDuration":"00:11:38.4000000","splitPointTimeId":67164,"splitPointId":2069,"entryId":19357,"elapsedDurationMs":329300,"elapsedDuration":"PT5M29.3S","splitDateTime":"2019-03-29T15:43:29.3","splitDateTimeLocal":"2019-03-29T16:43:29.3+01:00"},{"startDateTime":"2019-03-29T15:41:00","startDateTimeLocal":"2019-03-29T16:41:00+01:00","stageTimeDurationMs":697700,"stageTimeDuration":"00:11:37.7000000","splitPointTimeId":67175,"splitPointId":2069,"entryId":19358,"elapsedDurationMs":303300,"elapsedDuration":"PT5M3.3S","splitDateTime":"2019-03-29T15:46:03.3","splitDateTimeLocal":"2019-03-29T16:46:03.3+01:00"},{"startDateTime":"2019-03-29T15:42:00","startDateTimeLocal":"2019-03-29T16:42:00+01:00","stageTimeDurationMs":629600,"stageTimeDuration":"00:10:29.6000000","splitPointTimeId":67180,"splitPointId":2069,"entryId":19359,"elapsedDurationMs":298500,"elapsedDuration":"PT4M58.5S","splitDateTime":"2019-03-29T15:46:58.5","splitDateTimeLocal":"2019-03-29T16:46:58.5+01:00"},{"startDateTime":"2019-03-29T15:43:00","startDateTimeLocal":"2019-03-29T16:43:00+01:00","stageTimeDurationMs":646600,"stageTimeDuration":"00:10:46.6000000","splitPointTimeId":67185,"splitPointId":2069,"entryId":19360,"elapsedDurationMs":308400,"elapsedDuration":"PT5M8.4S","splitDateTime":"2019-03-29T15:48:08.4","splitDateTimeLocal":"2019-03-29T16:48:08.4+01:00"},{"startDateTime":"2019-03-29T15:44:00","startDateTimeLocal":"2019-03-29T16:44:00+01:00","stageTimeDurationMs":630600,"stageTimeDuration":"00:10:30.6000000","splitPointTimeId":67190,"splitPointId":2069,"entryId":19361,"elapsedDurationMs":296900,"elapsedDuration":"PT4M56.9S","splitDateTime":"2019-03-29T15:48:56.9","splitDateTimeLocal":"2019-03-29T16:48:56.9+01:00"},{"startDateTime":"2019-03-29T15:45:00","startDateTimeLocal":"2019-03-29T16:45:00+01:00","stageTimeDurationMs":634200,"stageTimeDuration":"00:10:34.2000000","splitPointTimeId":67194,"splitPointId":2069,"entryId":19364,"elapsedDurationMs":300800,"elapsedDuration":"PT5M0.8S","splitDateTime":"2019-03-29T15:50:00.8","splitDateTimeLocal":"2019-03-29T16:50:00.8+01:00"},{"startDateTime":"2019-03-29T15:46:00","startDateTimeLocal":"2019-03-29T16:46:00+01:00","stageTimeDurationMs":673000,"stageTimeDuration":"00:11:13","splitPointTimeId":67204,"splitPointId":2069,"entryId":19365,"elapsedDurationMs":316800,"elapsedDuration":"PT5M16.8S","splitDateTime":"2019-03-29T15:51:16.8","splitDateTimeLocal":"2019-03-29T16:51:16.8+01:00"},{"startDateTime":"2019-03-29T15:49:00","startDateTimeLocal":"2019-03-29T16:49:00+01:00","stageTimeDurationMs":702400,"stageTimeDuration":"00:11:42.4000000","splitPointTimeId":67216,"splitPointId":2069,"entryId":19370,"elapsedDurationMs":333300,"elapsedDuration":"PT5M33.3S","splitDateTime":"2019-03-29T15:54:33.3","splitDateTimeLocal":"2019-03-29T16:54:33.3+01:00"},{"startDateTime":"2019-03-29T15:50:00","startDateTimeLocal":"2019-03-29T16:50:00+01:00","stageTimeDurationMs":708700,"stageTimeDuration":"00:11:48.7000000","splitPointTimeId":67220,"splitPointId":2069,"entryId":19371,"elapsedDurationMs":335800,"elapsedDuration":"PT5M35.8S","splitDateTime":"2019-03-29T15:55:35.8","splitDateTimeLocal":"2019-03-29T16:55:35.8+01:00"},{"startDateTime":"2019-03-29T15:52:00","startDateTimeLocal":"2019-03-29T16:52:00+01:00","stageTimeDurationMs":695200,"stageTimeDuration":"00:11:35.2000000","splitPointTimeId":67225,"splitPointId":2069,"entryId":19372,"elapsedDurationMs":330500,"elapsedDuration":"PT5M30.5S","splitDateTime":"2019-03-29T15:57:30.5","splitDateTimeLocal":"2019-03-29T16:57:30.5+01:00"},{"startDateTime":"2019-03-29T15:53:00","startDateTimeLocal":"2019-03-29T16:53:00+01:00","stageTimeDurationMs":698300,"stageTimeDuration":"00:11:38.3000000","splitPointTimeId":67228,"splitPointId":2069,"entryId":19373,"elapsedDurationMs":330300,"elapsedDuration":"PT5M30.3S","splitDateTime":"2019-03-29T15:58:30.3","splitDateTimeLocal":"2019-03-29T16:58:30.3+01:00"},{"startDateTime":"2019-03-29T15:54:00","startDateTimeLocal":"2019-03-29T16:54:00+01:00","stageTimeDurationMs":717900,"stageTimeDuration":"00:11:57.9000000","splitPointTimeId":67231,"splitPointId":2069,"entryId":19374,"elapsedDurationMs":338800,"elapsedDuration":"PT5M38.8S","splitDateTime":"2019-03-29T15:59:38.8","splitDateTimeLocal":"2019-03-29T16:59:38.8+01:00"},{"startDateTime":"2019-03-29T15:55:00","startDateTimeLocal":"2019-03-29T16:55:00+01:00","stageTimeDurationMs":741300,"stageTimeDuration":"00:12:21.3000000","splitPointTimeId":67237,"splitPointId":2069,"entryId":19377,"elapsedDurationMs":351800,"elapsedDuration":"PT5M51.8S","splitDateTime":"2019-03-29T16:00:51.8","splitDateTimeLocal":"2019-03-29T17:00:51.8+01:00"},{"startDateTime":"2019-03-29T15:57:00","startDateTimeLocal":"2019-03-29T16:57:00+01:00","stageTimeDurationMs":740300,"stageTimeDuration":"00:12:20.3000000","splitPointTimeId":67242,"splitPointId":2069,"entryId":19379,"elapsedDurationMs":353800,"elapsedDuration":"PT5M53.8S","splitDateTime":"2019-03-29T16:02:53.8","splitDateTimeLocal":"2019-03-29T17:02:53.8+01:00"},{"startDateTime":"2019-03-29T15:59:00","startDateTimeLocal":"2019-03-29T16:59:00+01:00","stageTimeDurationMs":697100,"stageTimeDuration":"00:11:37.1000000","splitPointTimeId":67245,"splitPointId":2069,"entryId":19380,"elapsedDurationMs":332800,"elapsedDuration":"PT5M32.8S","splitDateTime":"2019-03-29T16:04:32.8","splitDateTimeLocal":"2019-03-29T17:04:32.8+01:00"},{"startDateTime":"2019-03-29T16:00:00","startDateTimeLocal":"2019-03-29T17:00:00+01:00","stageTimeDurationMs":736000,"stageTimeDuration":"00:12:16","splitPointTimeId":67246,"splitPointId":2069,"entryId":19381,"elapsedDurationMs":346800,"elapsedDuration":"PT5M46.8S","splitDateTime":"2019-03-29T16:05:46.8","splitDateTimeLocal":"2019-03-29T17:05:46.8+01:00"},{"startDateTime":"2019-03-29T16:01:00","startDateTimeLocal":"2019-03-29T17:01:00+01:00","stageTimeDurationMs":709300,"stageTimeDuration":"00:11:49.3000000","splitPointTimeId":67248,"splitPointId":2069,"entryId":19382,"elapsedDurationMs":333400,"elapsedDuration":"PT5M33.4S","splitDateTime":"2019-03-29T16:06:33.4","splitDateTimeLocal":"2019-03-29T17:06:33.4+01:00"},{"startDateTime":"2019-03-29T16:04:00","startDateTimeLocal":"2019-03-29T17:04:00+01:00","stageTimeDurationMs":716300,"stageTimeDuration":"00:11:56.3000000","splitPointTimeId":67251,"splitPointId":2069,"entryId":19366,"elapsedDurationMs":337300,"elapsedDuration":"PT5M37.3S","splitDateTime":"2019-03-29T16:09:37.3","splitDateTimeLocal":"2019-03-29T17:09:37.3+01:00"},{"startDateTime":"2019-03-29T16:05:00","startDateTimeLocal":"2019-03-29T17:05:00+01:00","stageTimeDurationMs":756100,"stageTimeDuration":"00:12:36.1000000","splitPointTimeId":67253,"splitPointId":2069,"entryId":19368,"elapsedDurationMs":355400,"elapsedDuration":"PT5M55.4S","splitDateTime":"2019-03-29T16:10:55.4","splitDateTimeLocal":"2019-03-29T17:10:55.4+01:00"},{"startDateTime":"2019-03-29T15:56:00","startDateTimeLocal":"2019-03-29T16:56:00+01:00","stageTimeDurationMs":1295200,"stageTimeDuration":"00:21:35.2000000","splitPointTimeId":67255,"splitPointId":2069,"entryId":19378,"elapsedDurationMs":922800,"elapsedDuration":"PT15M22.8S","splitDateTime":"2019-03-29T16:11:22.8","splitDateTimeLocal":"2019-03-29T17:11:22.8+01:00"},{"startDateTime":"2019-03-29T16:08:00","startDateTimeLocal":"2019-03-29T17:08:00+01:00","stageTimeDurationMs":702500,"stageTimeDuration":"00:11:42.5000000","splitPointTimeId":67256,"splitPointId":2069,"entryId":19383,"elapsedDurationMs":335300,"elapsedDuration":"PT5M35.3S","splitDateTime":"2019-03-29T16:13:35.3","splitDateTimeLocal":"2019-03-29T17:13:35.3+01:00"},{"startDateTime":"2019-03-29T16:09:00","startDateTimeLocal":"2019-03-29T17:09:00+01:00","stageTimeDurationMs":717900,"stageTimeDuration":"00:11:57.9000000","splitPointTimeId":67258,"splitPointId":2069,"entryId":19384,"elapsedDurationMs":340300,"elapsedDuration":"PT5M40.3S","splitDateTime":"2019-03-29T16:14:40.3","splitDateTimeLocal":"2019-03-29T17:14:40.3+01:00"},{"startDateTime":"2019-03-29T16:10:00","startDateTimeLocal":"2019-03-29T17:10:00+01:00","stageTimeDurationMs":736500,"stageTimeDuration":"00:12:16.5000000","splitPointTimeId":67259,"splitPointId":2069,"entryId":19385,"elapsedDurationMs":345300,"elapsedDuration":"PT5M45.3S","splitDateTime":"2019-03-29T16:15:45.3","splitDateTimeLocal":"2019-03-29T17:15:45.3+01:00"},{"startDateTime":"2019-03-29T16:13:00","startDateTimeLocal":"2019-03-29T17:13:00+01:00","stageTimeDurationMs":636500,"stageTimeDuration":"00:10:36.5000000","splitPointTimeId":67263,"splitPointId":2069,"entryId":19387,"elapsedDurationMs":303300,"elapsedDuration":"PT5M3.3S","splitDateTime":"2019-03-29T16:18:03.3","splitDateTimeLocal":"2019-03-29T17:18:03.3+01:00"},{"startDateTime":"2019-03-29T16:14:00","startDateTimeLocal":"2019-03-29T17:14:00+01:00","stageTimeDurationMs":672400,"stageTimeDuration":"00:11:12.4000000","splitPointTimeId":67264,"splitPointId":2069,"entryId":19388,"elapsedDurationMs":319300,"elapsedDuration":"PT5M19.3S","splitDateTime":"2019-03-29T16:19:19.3","splitDateTimeLocal":"2019-03-29T17:19:19.3+01:00"},{"startDateTime":"2019-03-29T16:15:00","startDateTimeLocal":"2019-03-29T17:15:00+01:00","stageTimeDurationMs":690500,"stageTimeDuration":"00:11:30.5000000","splitPointTimeId":67266,"splitPointId":2069,"entryId":19389,"elapsedDurationMs":316300,"elapsedDuration":"PT5M16.3S","splitDateTime":"2019-03-29T16:20:16.3","splitDateTimeLocal":"2019-03-29T17:20:16.3+01:00"},{"startDateTime":"2019-03-29T16:16:00","startDateTimeLocal":"2019-03-29T17:16:00+01:00","stageTimeDurationMs":819100,"stageTimeDuration":"00:13:39.1000000","splitPointTimeId":67267,"splitPointId":2069,"entryId":19391,"elapsedDurationMs":388800,"elapsedDuration":"PT6M28.8S","splitDateTime":"2019-03-29T16:22:28.8","splitDateTimeLocal":"2019-03-29T17:22:28.8+01:00"},{"startDateTime":"2019-03-29T16:17:00","startDateTimeLocal":"2019-03-29T17:17:00+01:00","stageTimeDurationMs":760000,"stageTimeDuration":"00:12:40","splitPointTimeId":67268,"splitPointId":2069,"entryId":19392,"elapsedDurationMs":357300,"elapsedDuration":"PT5M57.3S","splitDateTime":"2019-03-29T16:22:57.3","splitDateTimeLocal":"2019-03-29T17:22:57.3+01:00"},{"startDateTime":"2019-03-29T16:19:00","startDateTimeLocal":"2019-03-29T17:19:00+01:00","stageTimeDurationMs":706200,"stageTimeDuration":"00:11:46.2000000","splitPointTimeId":67271,"splitPointId":2069,"entryId":19394,"elapsedDurationMs":330400,"elapsedDuration":"PT5M30.4S","splitDateTime":"2019-03-29T16:24:30.4","splitDateTimeLocal":"2019-03-29T17:24:30.4+01:00"},{"startDateTime":"2019-03-29T16:20:00","startDateTimeLocal":"2019-03-29T17:20:00+01:00","stageTimeDurationMs":708200,"stageTimeDuration":"00:11:48.2000000","splitPointTimeId":67273,"splitPointId":2069,"entryId":19395,"elapsedDurationMs":337300,"elapsedDuration":"PT5M37.3S","splitDateTime":"2019-03-29T16:25:37.3","splitDateTimeLocal":"2019-03-29T17:25:37.3+01:00"},{"startDateTime":"2019-03-29T16:21:00","startDateTimeLocal":"2019-03-29T17:21:00+01:00","stageTimeDurationMs":702900,"stageTimeDuration":"00:11:42.9000000","splitPointTimeId":67274,"splitPointId":2069,"entryId":19396,"elapsedDurationMs":333900,"elapsedDuration":"PT5M33.9S","splitDateTime":"2019-03-29T16:26:33.9","splitDateTimeLocal":"2019-03-29T17:26:33.9+01:00"},{"startDateTime":"2019-03-29T16:22:00","startDateTimeLocal":"2019-03-29T17:22:00+01:00","stageTimeDurationMs":762700,"stageTimeDuration":"00:12:42.7000000","splitPointTimeId":67276,"splitPointId":2069,"entryId":19397,"elapsedDurationMs":360800,"elapsedDuration":"PT6M0.8S","splitDateTime":"2019-03-29T16:28:00.8","splitDateTimeLocal":"2019-03-29T17:28:00.8+01:00"},{"startDateTime":"2019-03-29T16:23:00","startDateTimeLocal":"2019-03-29T17:23:00+01:00","stageTimeDurationMs":715100,"stageTimeDuration":"00:11:55.1000000","splitPointTimeId":67278,"splitPointId":2069,"entryId":19398,"elapsedDurationMs":340300,"elapsedDuration":"PT5M40.3S","splitDateTime":"2019-03-29T16:28:40.3","splitDateTimeLocal":"2019-03-29T17:28:40.3+01:00"},{"startDateTime":"2019-03-29T16:24:00","startDateTimeLocal":"2019-03-29T17:24:00+01:00","stageTimeDurationMs":783000,"stageTimeDuration":"00:13:03","splitPointTimeId":67280,"splitPointId":2069,"entryId":19401,"elapsedDurationMs":361400,"elapsedDuration":"PT6M1.4S","splitDateTime":"2019-03-29T16:30:01.4","splitDateTimeLocal":"2019-03-29T17:30:01.4+01:00"},{"startDateTime":"2019-03-29T16:25:00","startDateTimeLocal":"2019-03-29T17:25:00+01:00","stageTimeDurationMs":801800,"stageTimeDuration":"00:13:21.8000000","splitPointTimeId":67283,"splitPointId":2069,"entryId":19402,"elapsedDurationMs":381900,"elapsedDuration":"PT6M21.9S","splitDateTime":"2019-03-29T16:31:21.9","splitDateTimeLocal":"2019-03-29T17:31:21.9+01:00"},{"startDateTime":"2019-03-29T16:26:00","startDateTimeLocal":"2019-03-29T17:26:00+01:00","stageTimeDurationMs":742200,"stageTimeDuration":"00:12:22.2000000","splitPointTimeId":67284,"splitPointId":2069,"entryId":19404,"elapsedDurationMs":348300,"elapsedDuration":"PT5M48.3S","splitDateTime":"2019-03-29T16:31:48.3","splitDateTimeLocal":"2019-03-29T17:31:48.3+01:00"},{"startDateTime":"2019-03-29T16:28:00","startDateTimeLocal":"2019-03-29T17:28:00+01:00","stageTimeDurationMs":725300,"stageTimeDuration":"00:12:05.3000000","splitPointTimeId":67287,"splitPointId":2069,"entryId":19405,"elapsedDurationMs":345300,"elapsedDuration":"PT5M45.3S","splitDateTime":"2019-03-29T16:33:45.3","splitDateTimeLocal":"2019-03-29T17:33:45.3+01:00"},{"startDateTime":"2019-03-29T16:27:00","startDateTimeLocal":"2019-03-29T17:27:00+01:00","stageTimeDurationMs":857200,"stageTimeDuration":"00:14:17.2000000","splitPointTimeId":67288,"splitPointId":2069,"entryId":19403,"elapsedDurationMs":408800,"elapsedDuration":"PT6M48.8S","splitDateTime":"2019-03-29T16:33:48.8","splitDateTimeLocal":"2019-03-29T17:33:48.8+01:00"},{"startDateTime":"2019-03-29T16:30:00","startDateTimeLocal":"2019-03-29T17:30:00+01:00","stageTimeDurationMs":781700,"stageTimeDuration":"00:13:01.7000000","splitPointTimeId":67290,"splitPointId":2069,"entryId":19407,"elapsedDurationMs":388800,"elapsedDuration":"PT6M28.8S","splitDateTime":"2019-03-29T16:36:28.8","splitDateTimeLocal":"2019-03-29T17:36:28.8+01:00"},{"startDateTime":"2019-03-29T16:32:00","startDateTimeLocal":"2019-03-29T17:32:00+01:00","stageTimeDurationMs":707900,"stageTimeDuration":"00:11:47.9000000","splitPointTimeId":67293,"splitPointId":2069,"entryId":19408,"elapsedDurationMs":336700,"elapsedDuration":"PT5M36.7S","splitDateTime":"2019-03-29T16:37:36.7","splitDateTimeLocal":"2019-03-29T17:37:36.7+01:00"},{"startDateTime":"2019-03-29T16:33:00","startDateTimeLocal":"2019-03-29T17:33:00+01:00","stageTimeDurationMs":743900,"stageTimeDuration":"00:12:23.9000000","splitPointTimeId":67295,"splitPointId":2069,"entryId":19410,"elapsedDurationMs":351800,"elapsedDuration":"PT5M51.8S","splitDateTime":"2019-03-29T16:38:51.8","splitDateTimeLocal":"2019-03-29T17:38:51.8+01:00"},{"startDateTime":"2019-03-29T16:34:00","startDateTimeLocal":"2019-03-29T17:34:00+01:00","stageTimeDurationMs":749400,"stageTimeDuration":"00:12:29.4000000","splitPointTimeId":67297,"splitPointId":2069,"entryId":19411,"elapsedDurationMs":353900,"elapsedDuration":"PT5M53.9S","splitDateTime":"2019-03-29T16:39:53.9","splitDateTimeLocal":"2019-03-29T17:39:53.9+01:00"},{"startDateTime":"2019-03-29T16:35:00","startDateTimeLocal":"2019-03-29T17:35:00+01:00","stageTimeDurationMs":757800,"stageTimeDuration":"00:12:37.8000000","splitPointTimeId":67298,"splitPointId":2069,"entryId":19412,"elapsedDurationMs":359300,"elapsedDuration":"PT5M59.3S","splitDateTime":"2019-03-29T16:40:59.3","splitDateTimeLocal":"2019-03-29T17:40:59.3+01:00"},{"startDateTime":"2019-03-29T16:36:00","startDateTimeLocal":"2019-03-29T17:36:00+01:00","stageTimeDurationMs":726400,"stageTimeDuration":"00:12:06.4000000","splitPointTimeId":67300,"splitPointId":2069,"entryId":19413,"elapsedDurationMs":347200,"elapsedDuration":"PT5M47.2S","splitDateTime":"2019-03-29T16:41:47.2","splitDateTimeLocal":"2019-03-29T17:41:47.2+01:00"},{"startDateTime":"2019-03-29T16:39:00","startDateTimeLocal":"2019-03-29T17:39:00+01:00","stageTimeDurationMs":831200,"stageTimeDuration":"00:13:51.2000000","splitPointTimeId":67304,"splitPointId":2069,"entryId":19418,"elapsedDurationMs":384400,"elapsedDuration":"PT6M24.4S","splitDateTime":"2019-03-29T16:45:24.4","splitDateTimeLocal":"2019-03-29T17:45:24.4+01:00"},{"startDateTime":"2019-03-29T16:37:00","startDateTimeLocal":"2019-03-29T17:37:00+01:00","stageTimeDurationMs":750100,"stageTimeDuration":"00:12:30.1000000","splitPointTimeId":67305,"splitPointId":2069,"entryId":19416,"elapsedDurationMs":355400,"elapsedDuration":"PT5M55.4S","splitDateTime":"2019-03-29T16:42:55.4","splitDateTimeLocal":"2019-03-29T17:42:55.4+01:00"},{"startDateTime":"2019-03-29T16:41:00","startDateTimeLocal":"2019-03-29T17:41:00+01:00","stageTimeDurationMs":761300,"stageTimeDuration":"00:12:41.3000000","splitPointTimeId":67308,"splitPointId":2069,"entryId":19420,"elapsedDurationMs":361100,"elapsedDuration":"PT6M1.1S","splitDateTime":"2019-03-29T16:47:01.1","splitDateTimeLocal":"2019-03-29T17:47:01.1+01:00"},{"startDateTime":"2019-03-29T16:42:00","startDateTimeLocal":"2019-03-29T17:42:00+01:00","stageTimeDurationMs":761200,"stageTimeDuration":"00:12:41.2000000","splitPointTimeId":67309,"splitPointId":2069,"entryId":19419,"elapsedDurationMs":361700,"elapsedDuration":"PT6M1.7S","splitDateTime":"2019-03-29T16:48:01.7","splitDateTimeLocal":"2019-03-29T17:48:01.7+01:00"},{"startDateTime":"2019-03-29T16:43:00","startDateTimeLocal":"2019-03-29T17:43:00+01:00","stageTimeDurationMs":863400,"stageTimeDuration":"00:14:23.4000000","splitPointTimeId":67311,"splitPointId":2069,"entryId":19400,"elapsedDurationMs":406300,"elapsedDuration":"PT6M46.3S","splitDateTime":"2019-03-29T16:49:46.3","splitDateTimeLocal":"2019-03-29T17:49:46.3+01:00"},{"startDateTime":"2019-03-29T16:44:00","startDateTimeLocal":"2019-03-29T17:44:00+01:00","stageTimeDurationMs":798600,"stageTimeDuration":"00:13:18.6000000","splitPointTimeId":67312,"splitPointId":2069,"entryId":19422,"elapsedDurationMs":374100,"elapsedDuration":"PT6M14.1S","splitDateTime":"2019-03-29T16:50:14.1","splitDateTimeLocal":"2019-03-29T17:50:14.1+01:00"},{"startDateTime":"2019-03-29T16:45:00","startDateTimeLocal":"2019-03-29T17:45:00+01:00","stageTimeDurationMs":768200,"stageTimeDuration":"00:12:48.2000000","splitPointTimeId":67314,"splitPointId":2069,"entryId":19423,"elapsedDurationMs":364800,"elapsedDuration":"PT6M4.8S","splitDateTime":"2019-03-29T16:51:04.8","splitDateTimeLocal":"2019-03-29T17:51:04.8+01:00"},{"startDateTime":"2019-03-29T16:46:00","startDateTimeLocal":"2019-03-29T17:46:00+01:00","stageTimeDurationMs":726700,"stageTimeDuration":"00:12:06.7000000","splitPointTimeId":67315,"splitPointId":2069,"entryId":19426,"elapsedDurationMs":342800,"elapsedDuration":"PT5M42.8S","splitDateTime":"2019-03-29T16:51:42.8","splitDateTimeLocal":"2019-03-29T17:51:42.8+01:00"},{"startDateTime":"2019-03-29T16:47:00","startDateTimeLocal":"2019-03-29T17:47:00+01:00","stageTimeDurationMs":807500,"stageTimeDuration":"00:13:27.5000000","splitPointTimeId":67316,"splitPointId":2069,"entryId":19427,"elapsedDurationMs":380700,"elapsedDuration":"PT6M20.7S","splitDateTime":"2019-03-29T16:53:20.7","splitDateTimeLocal":"2019-03-29T17:53:20.7+01:00"},{"startDateTime":"2019-03-29T16:49:00","startDateTimeLocal":"2019-03-29T17:49:00+01:00","stageTimeDurationMs":813700,"stageTimeDuration":"00:13:33.7000000","splitPointTimeId":67320,"splitPointId":2069,"entryId":19429,"elapsedDurationMs":385200,"elapsedDuration":"PT6M25.2S","splitDateTime":"2019-03-29T16:55:25.2","splitDateTimeLocal":"2019-03-29T17:55:25.2+01:00"},{"startDateTime":"2019-03-29T16:50:00","startDateTimeLocal":"2019-03-29T17:50:00+01:00","stageTimeDurationMs":821800,"stageTimeDuration":"00:13:41.8000000","splitPointTimeId":67323,"splitPointId":2069,"entryId":19430,"elapsedDurationMs":391900,"elapsedDuration":"PT6M31.9S","splitDateTime":"2019-03-29T16:56:31.9","splitDateTimeLocal":"2019-03-29T17:56:31.9+01:00"},{"startDateTime":"2019-03-29T16:52:00","startDateTimeLocal":"2019-03-29T17:52:00+01:00","stageTimeDurationMs":853700,"stageTimeDuration":"00:14:13.7000000","splitPointTimeId":67325,"splitPointId":2069,"entryId":19432,"elapsedDurationMs":402400,"elapsedDuration":"PT6M42.4S","splitDateTime":"2019-03-29T16:58:42.4","splitDateTimeLocal":"2019-03-29T17:58:42.4+01:00"},{"startDateTime":"2019-03-29T16:53:00","startDateTimeLocal":"2019-03-29T17:53:00+01:00","stageTimeDurationMs":832700,"stageTimeDuration":"00:13:52.7000000","splitPointTimeId":67327,"splitPointId":2069,"entryId":19433,"elapsedDurationMs":399400,"elapsedDuration":"PT6M39.4S","splitDateTime":"2019-03-29T16:59:39.4","splitDateTimeLocal":"2019-03-29T17:59:39.4+01:00"},{"startDateTime":"2019-03-29T16:51:00","startDateTimeLocal":"2019-03-29T17:51:00+01:00","stageTimeDurationMs":1477100,"stageTimeDuration":"00:24:37.1000000","splitPointTimeId":67332,"splitPointId":2069,"entryId":19431,"elapsedDurationMs":961700,"elapsedDuration":"PT16M1.7S","splitDateTime":"2019-03-29T17:07:01.7","splitDateTimeLocal":"2019-03-29T18:07:01.7+01:00"},{"startDateTime":"2019-03-29T15:08:00","startDateTimeLocal":"2019-03-29T16:08:00+01:00","stageTimeDurationMs":603600,"stageTimeDuration":"00:10:03.6000000","splitPointTimeId":67041,"splitPointId":2070,"entryId":19338,"elapsedDurationMs":524200,"elapsedDuration":"PT8M44.2S","splitDateTime":"2019-03-29T15:16:44.2","splitDateTimeLocal":"2019-03-29T16:16:44.2+01:00"},{"startDateTime":"2019-03-29T15:10:00","startDateTimeLocal":"2019-03-29T16:10:00+01:00","stageTimeDurationMs":605900,"stageTimeDuration":"00:10:05.9000000","splitPointTimeId":67049,"splitPointId":2070,"entryId":19340,"elapsedDurationMs":526500,"elapsedDuration":"PT8M46.5S","splitDateTime":"2019-03-29T15:18:46.5","splitDateTimeLocal":"2019-03-29T16:18:46.5+01:00"},{"startDateTime":"2019-03-29T15:12:00","startDateTimeLocal":"2019-03-29T16:12:00+01:00","stageTimeDurationMs":602300,"stageTimeDuration":"00:10:02.3000000","splitPointTimeId":67057,"splitPointId":2070,"entryId":19339,"elapsedDurationMs":523800,"elapsedDuration":"PT8M43.8S","splitDateTime":"2019-03-29T15:20:43.8","splitDateTimeLocal":"2019-03-29T16:20:43.8+01:00"},{"startDateTime":"2019-03-29T15:16:00","startDateTimeLocal":"2019-03-29T16:16:00+01:00","stageTimeDurationMs":603600,"stageTimeDuration":"00:10:03.6000000","splitPointTimeId":67073,"splitPointId":2070,"entryId":19344,"elapsedDurationMs":526700,"elapsedDuration":"PT8M46.7S","splitDateTime":"2019-03-29T15:24:46.7","splitDateTimeLocal":"2019-03-29T16:24:46.7+01:00"},{"startDateTime":"2019-03-29T15:14:00","startDateTimeLocal":"2019-03-29T16:14:00+01:00","stageTimeDurationMs":743500,"stageTimeDuration":"00:12:23.5000000","splitPointTimeId":67074,"splitPointId":2070,"entryId":19341,"elapsedDurationMs":646100,"elapsedDuration":"PT10M46.1S","splitDateTime":"2019-03-29T15:24:46.1","splitDateTimeLocal":"2019-03-29T16:24:46.1+01:00"},{"startDateTime":"2019-03-29T15:18:00","startDateTimeLocal":"2019-03-29T16:18:00+01:00","stageTimeDurationMs":610300,"stageTimeDuration":"00:10:10.3000000","splitPointTimeId":67085,"splitPointId":2070,"entryId":19342,"elapsedDurationMs":530600,"elapsedDuration":"PT8M50.6S","splitDateTime":"2019-03-29T15:26:50.6","splitDateTimeLocal":"2019-03-29T16:26:50.6+01:00"},{"startDateTime":"2019-03-29T15:20:00","startDateTimeLocal":"2019-03-29T16:20:00+01:00","stageTimeDurationMs":604900,"stageTimeDuration":"00:10:04.9000000","splitPointTimeId":67094,"splitPointId":2070,"entryId":19343,"elapsedDurationMs":525700,"elapsedDuration":"PT8M45.7S","splitDateTime":"2019-03-29T15:28:45.7","splitDateTimeLocal":"2019-03-29T16:28:45.7+01:00"},{"startDateTime":"2019-03-29T15:22:00","startDateTimeLocal":"2019-03-29T16:22:00+01:00","stageTimeDurationMs":606500,"stageTimeDuration":"00:10:06.5000000","splitPointTimeId":67103,"splitPointId":2070,"entryId":19345,"elapsedDurationMs":527200,"elapsedDuration":"PT8M47.2S","splitDateTime":"2019-03-29T15:30:47.2","splitDateTimeLocal":"2019-03-29T16:30:47.2+01:00"},{"startDateTime":"2019-03-29T15:24:00","startDateTimeLocal":"2019-03-29T16:24:00+01:00","stageTimeDurationMs":608100,"stageTimeDuration":"00:10:08.1000000","splitPointTimeId":67109,"splitPointId":2070,"entryId":19347,"elapsedDurationMs":528200,"elapsedDuration":"PT8M48.2S","splitDateTime":"2019-03-29T15:32:48.2","splitDateTimeLocal":"2019-03-29T16:32:48.2+01:00"},{"startDateTime":"2019-03-29T15:26:00","startDateTimeLocal":"2019-03-29T16:26:00+01:00","stageTimeDurationMs":606400,"stageTimeDuration":"00:10:06.4000000","splitPointTimeId":67120,"splitPointId":2070,"entryId":19346,"elapsedDurationMs":527000,"elapsedDuration":"PT8M47S","splitDateTime":"2019-03-29T15:34:47","splitDateTimeLocal":"2019-03-29T16:34:47+01:00"},{"startDateTime":"2019-03-29T15:28:00","startDateTimeLocal":"2019-03-29T16:28:00+01:00","stageTimeDurationMs":648900,"stageTimeDuration":"00:10:48.9000000","splitPointTimeId":67133,"splitPointId":2070,"entryId":19349,"elapsedDurationMs":565200,"elapsedDuration":"PT9M25.2S","splitDateTime":"2019-03-29T15:37:25.2","splitDateTimeLocal":"2019-03-29T16:37:25.2+01:00"},{"startDateTime":"2019-03-29T15:29:00","startDateTimeLocal":"2019-03-29T16:29:00+01:00","stageTimeDurationMs":635600,"stageTimeDuration":"00:10:35.6000000","splitPointTimeId":67138,"splitPointId":2070,"entryId":19348,"elapsedDurationMs":554000,"elapsedDuration":"PT9M14S","splitDateTime":"2019-03-29T15:38:14","splitDateTimeLocal":"2019-03-29T16:38:14+01:00"},{"startDateTime":"2019-03-29T15:31:00","startDateTimeLocal":"2019-03-29T16:31:00+01:00","stageTimeDurationMs":639300,"stageTimeDuration":"00:10:39.3000000","splitPointTimeId":67147,"splitPointId":2070,"entryId":19350,"elapsedDurationMs":557000,"elapsedDuration":"PT9M17S","splitDateTime":"2019-03-29T15:40:17","splitDateTimeLocal":"2019-03-29T16:40:17+01:00"},{"startDateTime":"2019-03-29T15:32:00","startDateTimeLocal":"2019-03-29T16:32:00+01:00","stageTimeDurationMs":633500,"stageTimeDuration":"00:10:33.5000000","splitPointTimeId":67152,"splitPointId":2070,"entryId":19351,"elapsedDurationMs":550600,"elapsedDuration":"PT9M10.6S","splitDateTime":"2019-03-29T15:41:10.6","splitDateTimeLocal":"2019-03-29T16:41:10.6+01:00"},{"startDateTime":"2019-03-29T15:34:00","startDateTimeLocal":"2019-03-29T16:34:00+01:00","stageTimeDurationMs":641700,"stageTimeDuration":"00:10:41.7000000","splitPointTimeId":67162,"splitPointId":2070,"entryId":19353,"elapsedDurationMs":558700,"elapsedDuration":"PT9M18.7S","splitDateTime":"2019-03-29T15:43:18.7","splitDateTimeLocal":"2019-03-29T16:43:18.7+01:00"},{"startDateTime":"2019-03-29T15:35:00","startDateTimeLocal":"2019-03-29T16:35:00+01:00","stageTimeDurationMs":633500,"stageTimeDuration":"00:10:33.5000000","splitPointTimeId":67167,"splitPointId":2070,"entryId":19354,"elapsedDurationMs":551500,"elapsedDuration":"PT9M11.5S","splitDateTime":"2019-03-29T15:44:11.5","splitDateTimeLocal":"2019-03-29T16:44:11.5+01:00"},{"startDateTime":"2019-03-29T15:36:00","startDateTimeLocal":"2019-03-29T16:36:00+01:00","stageTimeDurationMs":633600,"stageTimeDuration":"00:10:33.6000000","splitPointTimeId":67171,"splitPointId":2070,"entryId":19355,"elapsedDurationMs":551500,"elapsedDuration":"PT9M11.5S","splitDateTime":"2019-03-29T15:45:11.5","splitDateTimeLocal":"2019-03-29T16:45:11.5+01:00"},{"startDateTime":"2019-03-29T15:37:00","startDateTimeLocal":"2019-03-29T16:37:00+01:00","stageTimeDurationMs":653900,"stageTimeDuration":"00:10:53.9000000","splitPointTimeId":67177,"splitPointId":2070,"entryId":19356,"elapsedDurationMs":570200,"elapsedDuration":"PT9M30.2S","splitDateTime":"2019-03-29T15:46:30.2","splitDateTimeLocal":"2019-03-29T16:46:30.2+01:00"},{"startDateTime":"2019-03-29T15:38:00","startDateTimeLocal":"2019-03-29T16:38:00+01:00","stageTimeDurationMs":698400,"stageTimeDuration":"00:11:38.4000000","splitPointTimeId":67186,"splitPointId":2070,"entryId":19357,"elapsedDurationMs":609200,"elapsedDuration":"PT10M9.2S","splitDateTime":"2019-03-29T15:48:09.2","splitDateTimeLocal":"2019-03-29T16:48:09.2+01:00"},{"startDateTime":"2019-03-29T15:41:00","startDateTimeLocal":"2019-03-29T16:41:00+01:00","stageTimeDurationMs":697700,"stageTimeDuration":"00:11:37.7000000","splitPointTimeId":67195,"splitPointId":2070,"entryId":19358,"elapsedDurationMs":556700,"elapsedDuration":"PT9M16.7S","splitDateTime":"2019-03-29T15:50:16.7","splitDateTimeLocal":"2019-03-29T16:50:16.7+01:00"},{"startDateTime":"2019-03-29T15:42:00","startDateTimeLocal":"2019-03-29T16:42:00+01:00","stageTimeDurationMs":629600,"stageTimeDuration":"00:10:29.6000000","splitPointTimeId":67202,"splitPointId":2070,"entryId":19359,"elapsedDurationMs":547200,"elapsedDuration":"PT9M7.2S","splitDateTime":"2019-03-29T15:51:07.2","splitDateTimeLocal":"2019-03-29T16:51:07.2+01:00"},{"startDateTime":"2019-03-29T15:43:00","startDateTimeLocal":"2019-03-29T16:43:00+01:00","stageTimeDurationMs":646600,"stageTimeDuration":"00:10:46.6000000","splitPointTimeId":67207,"splitPointId":2070,"entryId":19360,"elapsedDurationMs":563000,"elapsedDuration":"PT9M23S","splitDateTime":"2019-03-29T15:52:23","splitDateTimeLocal":"2019-03-29T16:52:23+01:00"},{"startDateTime":"2019-03-29T15:44:00","startDateTimeLocal":"2019-03-29T16:44:00+01:00","stageTimeDurationMs":630600,"stageTimeDuration":"00:10:30.6000000","splitPointTimeId":67209,"splitPointId":2070,"entryId":19361,"elapsedDurationMs":548100,"elapsedDuration":"PT9M8.1S","splitDateTime":"2019-03-29T15:53:08.1","splitDateTimeLocal":"2019-03-29T16:53:08.1+01:00"},{"startDateTime":"2019-03-29T15:45:00","startDateTimeLocal":"2019-03-29T16:45:00+01:00","stageTimeDurationMs":634200,"stageTimeDuration":"00:10:34.2000000","splitPointTimeId":67214,"splitPointId":2070,"entryId":19364,"elapsedDurationMs":551400,"elapsedDuration":"PT9M11.4S","splitDateTime":"2019-03-29T15:54:11.4","splitDateTimeLocal":"2019-03-29T16:54:11.4+01:00"},{"startDateTime":"2019-03-29T15:46:00","startDateTimeLocal":"2019-03-29T16:46:00+01:00","stageTimeDurationMs":673000,"stageTimeDuration":"00:11:13","splitPointTimeId":67221,"splitPointId":2070,"entryId":19365,"elapsedDurationMs":585700,"elapsedDuration":"PT9M45.7S","splitDateTime":"2019-03-29T15:55:45.7","splitDateTimeLocal":"2019-03-29T16:55:45.7+01:00"},{"startDateTime":"2019-03-29T15:49:00","startDateTimeLocal":"2019-03-29T16:49:00+01:00","stageTimeDurationMs":702400,"stageTimeDuration":"00:11:42.4000000","splitPointTimeId":67229,"splitPointId":2070,"entryId":19370,"elapsedDurationMs":610700,"elapsedDuration":"PT10M10.7S","splitDateTime":"2019-03-29T15:59:10.7","splitDateTimeLocal":"2019-03-29T16:59:10.7+01:00"},{"startDateTime":"2019-03-29T15:50:00","startDateTimeLocal":"2019-03-29T16:50:00+01:00","stageTimeDurationMs":708700,"stageTimeDuration":"00:11:48.7000000","splitPointTimeId":67234,"splitPointId":2070,"entryId":19371,"elapsedDurationMs":616200,"elapsedDuration":"PT10M16.2S","splitDateTime":"2019-03-29T16:00:16.2","splitDateTimeLocal":"2019-03-29T17:00:16.2+01:00"},{"startDateTime":"2019-03-29T15:52:00","startDateTimeLocal":"2019-03-29T16:52:00+01:00","stageTimeDurationMs":695200,"stageTimeDuration":"00:11:35.2000000","splitPointTimeId":67238,"splitPointId":2070,"entryId":19372,"elapsedDurationMs":604600,"elapsedDuration":"PT10M4.6S","splitDateTime":"2019-03-29T16:02:04.6","splitDateTimeLocal":"2019-03-29T17:02:04.6+01:00"},{"startDateTime":"2019-03-29T15:53:00","startDateTimeLocal":"2019-03-29T16:53:00+01:00","stageTimeDurationMs":698300,"stageTimeDuration":"00:11:38.3000000","splitPointTimeId":67243,"splitPointId":2070,"entryId":19373,"elapsedDurationMs":608600,"elapsedDuration":"PT10M8.6S","splitDateTime":"2019-03-29T16:03:08.6","splitDateTimeLocal":"2019-03-29T17:03:08.6+01:00"},{"startDateTime":"2019-03-29T15:54:00","startDateTimeLocal":"2019-03-29T16:54:00+01:00","stageTimeDurationMs":717900,"stageTimeDuration":"00:11:57.9000000","splitPointTimeId":67244,"splitPointId":2070,"entryId":19374,"elapsedDurationMs":624300,"elapsedDuration":"PT10M24.3S","splitDateTime":"2019-03-29T16:04:24.3","splitDateTimeLocal":"2019-03-29T17:04:24.3+01:00"},{"startDateTime":"2019-03-29T15:55:00","startDateTimeLocal":"2019-03-29T16:55:00+01:00","stageTimeDurationMs":741300,"stageTimeDuration":"00:12:21.3000000","splitPointTimeId":67247,"splitPointId":2070,"entryId":19377,"elapsedDurationMs":647300,"elapsedDuration":"PT10M47.3S","splitDateTime":"2019-03-29T16:05:47.3","splitDateTimeLocal":"2019-03-29T17:05:47.3+01:00"},{"startDateTime":"2019-03-29T15:57:00","startDateTimeLocal":"2019-03-29T16:57:00+01:00","stageTimeDurationMs":740300,"stageTimeDuration":"00:12:20.3000000","splitPointTimeId":67249,"splitPointId":2070,"entryId":19379,"elapsedDurationMs":645500,"elapsedDuration":"PT10M45.5S","splitDateTime":"2019-03-29T16:07:45.5","splitDateTimeLocal":"2019-03-29T17:07:45.5+01:00"},{"startDateTime":"2019-03-29T15:59:00","startDateTimeLocal":"2019-03-29T16:59:00+01:00","stageTimeDurationMs":697100,"stageTimeDuration":"00:11:37.1000000","splitPointTimeId":67250,"splitPointId":2070,"entryId":19380,"elapsedDurationMs":606700,"elapsedDuration":"PT10M6.7S","splitDateTime":"2019-03-29T16:09:06.7","splitDateTimeLocal":"2019-03-29T17:09:06.7+01:00"},{"startDateTime":"2019-03-29T16:00:00","startDateTimeLocal":"2019-03-29T17:00:00+01:00","stageTimeDurationMs":736000,"stageTimeDuration":"00:12:16","splitPointTimeId":67252,"splitPointId":2070,"entryId":19381,"elapsedDurationMs":640700,"elapsedDuration":"PT10M40.7S","splitDateTime":"2019-03-29T16:10:40.7","splitDateTimeLocal":"2019-03-29T17:10:40.7+01:00"},{"startDateTime":"2019-03-29T16:01:00","startDateTimeLocal":"2019-03-29T17:01:00+01:00","stageTimeDurationMs":709300,"stageTimeDuration":"00:11:49.3000000","splitPointTimeId":67254,"splitPointId":2070,"entryId":19382,"elapsedDurationMs":615500,"elapsedDuration":"PT10M15.5S","splitDateTime":"2019-03-29T16:11:15.5","splitDateTimeLocal":"2019-03-29T17:11:15.5+01:00"},{"startDateTime":"2019-03-29T16:04:00","startDateTimeLocal":"2019-03-29T17:04:00+01:00","stageTimeDurationMs":716300,"stageTimeDuration":"00:11:56.3000000","splitPointTimeId":67257,"splitPointId":2070,"entryId":19366,"elapsedDurationMs":624200,"elapsedDuration":"PT10M24.2S","splitDateTime":"2019-03-29T16:14:24.2","splitDateTimeLocal":"2019-03-29T17:14:24.2+01:00"},{"startDateTime":"2019-03-29T16:05:00","startDateTimeLocal":"2019-03-29T17:05:00+01:00","stageTimeDurationMs":756100,"stageTimeDuration":"00:12:36.1000000","splitPointTimeId":67260,"splitPointId":2070,"entryId":19368,"elapsedDurationMs":658600,"elapsedDuration":"PT10M58.6S","splitDateTime":"2019-03-29T16:15:58.6","splitDateTimeLocal":"2019-03-29T17:15:58.6+01:00"},{"startDateTime":"2019-03-29T15:56:00","startDateTimeLocal":"2019-03-29T16:56:00+01:00","stageTimeDurationMs":1295200,"stageTimeDuration":"00:21:35.2000000","splitPointTimeId":67261,"splitPointId":2070,"entryId":19378,"elapsedDurationMs":1216000,"elapsedDuration":"PT20M16S","splitDateTime":"2019-03-29T16:16:16","splitDateTimeLocal":"2019-03-29T17:16:16+01:00"},{"startDateTime":"2019-03-29T16:08:00","startDateTimeLocal":"2019-03-29T17:08:00+01:00","stageTimeDurationMs":702500,"stageTimeDuration":"00:11:42.5000000","splitPointTimeId":67262,"splitPointId":2070,"entryId":19383,"elapsedDurationMs":615300,"elapsedDuration":"PT10M15.3S","splitDateTime":"2019-03-29T16:18:15.3","splitDateTimeLocal":"2019-03-29T17:18:15.3+01:00"},{"startDateTime":"2019-03-29T16:09:00","startDateTimeLocal":"2019-03-29T17:09:00+01:00","stageTimeDurationMs":717900,"stageTimeDuration":"00:11:57.9000000","splitPointTimeId":67265,"splitPointId":2070,"entryId":19384,"elapsedDurationMs":626900,"elapsedDuration":"PT10M26.9S","splitDateTime":"2019-03-29T16:19:26.9","splitDateTimeLocal":"2019-03-29T17:19:26.9+01:00"},{"startDateTime":"2019-03-29T16:13:00","startDateTimeLocal":"2019-03-29T17:13:00+01:00","stageTimeDurationMs":636500,"stageTimeDuration":"00:10:36.5000000","splitPointTimeId":67269,"splitPointId":2070,"entryId":19387,"elapsedDurationMs":553600,"elapsedDuration":"PT9M13.6S","splitDateTime":"2019-03-29T16:22:13.6","splitDateTimeLocal":"2019-03-29T17:22:13.6+01:00"},{"startDateTime":"2019-03-29T16:14:00","startDateTimeLocal":"2019-03-29T17:14:00+01:00","stageTimeDurationMs":672400,"stageTimeDuration":"00:11:12.4000000","splitPointTimeId":67270,"splitPointId":2070,"entryId":19388,"elapsedDurationMs":586900,"elapsedDuration":"PT9M46.9S","splitDateTime":"2019-03-29T16:23:46.9","splitDateTimeLocal":"2019-03-29T17:23:46.9+01:00"},{"startDateTime":"2019-03-29T16:15:00","startDateTimeLocal":"2019-03-29T17:15:00+01:00","stageTimeDurationMs":690500,"stageTimeDuration":"00:11:30.5000000","splitPointTimeId":67272,"splitPointId":2070,"entryId":19389,"elapsedDurationMs":585600,"elapsedDuration":"PT9M45.6S","splitDateTime":"2019-03-29T16:24:45.6","splitDateTimeLocal":"2019-03-29T17:24:45.6+01:00"},{"startDateTime":"2019-03-29T16:16:00","startDateTimeLocal":"2019-03-29T17:16:00+01:00","stageTimeDurationMs":819100,"stageTimeDuration":"00:13:39.1000000","splitPointTimeId":67275,"splitPointId":2070,"entryId":19391,"elapsedDurationMs":715200,"elapsedDuration":"PT11M55.2S","splitDateTime":"2019-03-29T16:27:55.2","splitDateTimeLocal":"2019-03-29T17:27:55.2+01:00"},{"startDateTime":"2019-03-29T16:17:00","startDateTimeLocal":"2019-03-29T17:17:00+01:00","stageTimeDurationMs":760000,"stageTimeDuration":"00:12:40","splitPointTimeId":67277,"splitPointId":2070,"entryId":19392,"elapsedDurationMs":663100,"elapsedDuration":"PT11M3.1S","splitDateTime":"2019-03-29T16:28:03.1","splitDateTimeLocal":"2019-03-29T17:28:03.1+01:00"},{"startDateTime":"2019-03-29T16:19:00","startDateTimeLocal":"2019-03-29T17:19:00+01:00","stageTimeDurationMs":706200,"stageTimeDuration":"00:11:46.2000000","splitPointTimeId":67279,"splitPointId":2070,"entryId":19394,"elapsedDurationMs":604400,"elapsedDuration":"PT10M4.4S","splitDateTime":"2019-03-29T16:29:04.4","splitDateTimeLocal":"2019-03-29T17:29:04.4+01:00"},{"startDateTime":"2019-03-29T16:20:00","startDateTimeLocal":"2019-03-29T17:20:00+01:00","stageTimeDurationMs":708200,"stageTimeDuration":"00:11:48.2000000","splitPointTimeId":67281,"splitPointId":2070,"entryId":19395,"elapsedDurationMs":618100,"elapsedDuration":"PT10M18.1S","splitDateTime":"2019-03-29T16:30:18.1","splitDateTimeLocal":"2019-03-29T17:30:18.1+01:00"},{"startDateTime":"2019-03-29T16:21:00","startDateTimeLocal":"2019-03-29T17:21:00+01:00","stageTimeDurationMs":702900,"stageTimeDuration":"00:11:42.9000000","splitPointTimeId":67282,"splitPointId":2070,"entryId":19396,"elapsedDurationMs":613400,"elapsedDuration":"PT10M13.4S","splitDateTime":"2019-03-29T16:31:13.4","splitDateTimeLocal":"2019-03-29T17:31:13.4+01:00"},{"startDateTime":"2019-03-29T16:22:00","startDateTimeLocal":"2019-03-29T17:22:00+01:00","stageTimeDurationMs":762700,"stageTimeDuration":"00:12:42.7000000","splitPointTimeId":67285,"splitPointId":2070,"entryId":19397,"elapsedDurationMs":664700,"elapsedDuration":"PT11M4.7S","splitDateTime":"2019-03-29T16:33:04.7","splitDateTimeLocal":"2019-03-29T17:33:04.7+01:00"},{"startDateTime":"2019-03-29T16:23:00","startDateTimeLocal":"2019-03-29T17:23:00+01:00","stageTimeDurationMs":715100,"stageTimeDuration":"00:11:55.1000000","splitPointTimeId":67286,"splitPointId":2070,"entryId":19398,"elapsedDurationMs":624600,"elapsedDuration":"PT10M24.6S","splitDateTime":"2019-03-29T16:33:24.6","splitDateTimeLocal":"2019-03-29T17:33:24.6+01:00"},{"startDateTime":"2019-03-29T16:24:00","startDateTimeLocal":"2019-03-29T17:24:00+01:00","stageTimeDurationMs":783000,"stageTimeDuration":"00:13:03","splitPointTimeId":67289,"splitPointId":2070,"entryId":19401,"elapsedDurationMs":684000,"elapsedDuration":"PT11M24S","splitDateTime":"2019-03-29T16:35:24","splitDateTimeLocal":"2019-03-29T17:35:24+01:00"},{"startDateTime":"2019-03-29T16:25:00","startDateTimeLocal":"2019-03-29T17:25:00+01:00","stageTimeDurationMs":801800,"stageTimeDuration":"00:13:21.8000000","splitPointTimeId":67291,"splitPointId":2070,"entryId":19402,"elapsedDurationMs":700400,"elapsedDuration":"PT11M40.4S","splitDateTime":"2019-03-29T16:36:40.4","splitDateTimeLocal":"2019-03-29T17:36:40.4+01:00"},{"startDateTime":"2019-03-29T16:26:00","startDateTimeLocal":"2019-03-29T17:26:00+01:00","stageTimeDurationMs":742200,"stageTimeDuration":"00:12:22.2000000","splitPointTimeId":67292,"splitPointId":2070,"entryId":19404,"elapsedDurationMs":646100,"elapsedDuration":"PT10M46.1S","splitDateTime":"2019-03-29T16:36:46.1","splitDateTimeLocal":"2019-03-29T17:36:46.1+01:00"},{"startDateTime":"2019-03-29T16:28:00","startDateTimeLocal":"2019-03-29T17:28:00+01:00","stageTimeDurationMs":725300,"stageTimeDuration":"00:12:05.3000000","splitPointTimeId":67294,"splitPointId":2070,"entryId":19405,"elapsedDurationMs":632100,"elapsedDuration":"PT10M32.1S","splitDateTime":"2019-03-29T16:38:32.1","splitDateTimeLocal":"2019-03-29T17:38:32.1+01:00"},{"startDateTime":"2019-03-29T16:27:00","startDateTimeLocal":"2019-03-29T17:27:00+01:00","stageTimeDurationMs":857200,"stageTimeDuration":"00:14:17.2000000","splitPointTimeId":67296,"splitPointId":2070,"entryId":19403,"elapsedDurationMs":752900,"elapsedDuration":"PT12M32.9S","splitDateTime":"2019-03-29T16:39:32.9","splitDateTimeLocal":"2019-03-29T17:39:32.9+01:00"},{"startDateTime":"2019-03-29T16:30:00","startDateTimeLocal":"2019-03-29T17:30:00+01:00","stageTimeDurationMs":781700,"stageTimeDuration":"00:13:01.7000000","splitPointTimeId":67299,"splitPointId":2070,"entryId":19407,"elapsedDurationMs":694200,"elapsedDuration":"PT11M34.2S","splitDateTime":"2019-03-29T16:41:34.2","splitDateTimeLocal":"2019-03-29T17:41:34.2+01:00"},{"startDateTime":"2019-03-29T16:32:00","startDateTimeLocal":"2019-03-29T17:32:00+01:00","stageTimeDurationMs":707900,"stageTimeDuration":"00:11:47.9000000","splitPointTimeId":67301,"splitPointId":2070,"entryId":19408,"elapsedDurationMs":616500,"elapsedDuration":"PT10M16.5S","splitDateTime":"2019-03-29T16:42:16.5","splitDateTimeLocal":"2019-03-29T17:42:16.5+01:00"},{"startDateTime":"2019-03-29T16:33:00","startDateTimeLocal":"2019-03-29T17:33:00+01:00","stageTimeDurationMs":743900,"stageTimeDuration":"00:12:23.9000000","splitPointTimeId":67302,"splitPointId":2070,"entryId":19410,"elapsedDurationMs":648500,"elapsedDuration":"PT10M48.5S","splitDateTime":"2019-03-29T16:43:48.5","splitDateTimeLocal":"2019-03-29T17:43:48.5+01:00"},{"startDateTime":"2019-03-29T16:34:00","startDateTimeLocal":"2019-03-29T17:34:00+01:00","stageTimeDurationMs":749400,"stageTimeDuration":"00:12:29.4000000","splitPointTimeId":67303,"splitPointId":2070,"entryId":19411,"elapsedDurationMs":652600,"elapsedDuration":"PT10M52.6S","splitDateTime":"2019-03-29T16:44:52.6","splitDateTimeLocal":"2019-03-29T17:44:52.6+01:00"},{"startDateTime":"2019-03-29T16:35:00","startDateTimeLocal":"2019-03-29T17:35:00+01:00","stageTimeDurationMs":757800,"stageTimeDuration":"00:12:37.8000000","splitPointTimeId":67306,"splitPointId":2070,"entryId":19412,"elapsedDurationMs":661800,"elapsedDuration":"PT11M1.8S","splitDateTime":"2019-03-29T16:46:01.8","splitDateTimeLocal":"2019-03-29T17:46:01.8+01:00"},{"startDateTime":"2019-03-29T16:36:00","startDateTimeLocal":"2019-03-29T17:36:00+01:00","stageTimeDurationMs":726400,"stageTimeDuration":"00:12:06.4000000","splitPointTimeId":67307,"splitPointId":2070,"entryId":19413,"elapsedDurationMs":631800,"elapsedDuration":"PT10M31.8S","splitDateTime":"2019-03-29T16:46:31.8","splitDateTimeLocal":"2019-03-29T17:46:31.8+01:00"},{"startDateTime":"2019-03-29T16:37:00","startDateTimeLocal":"2019-03-29T17:37:00+01:00","stageTimeDurationMs":750100,"stageTimeDuration":"00:12:30.1000000","splitPointTimeId":67310,"splitPointId":2070,"entryId":19416,"elapsedDurationMs":653100,"elapsedDuration":"PT10M53.1S","splitDateTime":"2019-03-29T16:47:53.1","splitDateTimeLocal":"2019-03-29T17:47:53.1+01:00"},{"startDateTime":"2019-03-29T16:39:00","startDateTimeLocal":"2019-03-29T17:39:00+01:00","stageTimeDurationMs":831200,"stageTimeDuration":"00:13:51.2000000","splitPointTimeId":67313,"splitPointId":2070,"entryId":19418,"elapsedDurationMs":716700,"elapsedDuration":"PT11M56.7S","splitDateTime":"2019-03-29T16:50:56.7","splitDateTimeLocal":"2019-03-29T17:50:56.7+01:00"},{"startDateTime":"2019-03-29T16:42:00","startDateTimeLocal":"2019-03-29T17:42:00+01:00","stageTimeDurationMs":761200,"stageTimeDuration":"00:12:41.2000000","splitPointTimeId":67317,"splitPointId":2070,"entryId":19419,"elapsedDurationMs":665000,"elapsedDuration":"PT11M5S","splitDateTime":"2019-03-29T16:53:05","splitDateTimeLocal":"2019-03-29T17:53:05+01:00"},{"startDateTime":"2019-03-29T16:43:00","startDateTimeLocal":"2019-03-29T17:43:00+01:00","stageTimeDurationMs":863400,"stageTimeDuration":"00:14:23.4000000","splitPointTimeId":67318,"splitPointId":2070,"entryId":19400,"elapsedDurationMs":743600,"elapsedDuration":"PT12M23.6S","splitDateTime":"2019-03-29T16:55:23.6","splitDateTimeLocal":"2019-03-29T17:55:23.6+01:00"},{"startDateTime":"2019-03-29T16:44:00","startDateTimeLocal":"2019-03-29T17:44:00+01:00","stageTimeDurationMs":798600,"stageTimeDuration":"00:13:18.6000000","splitPointTimeId":67319,"splitPointId":2070,"entryId":19422,"elapsedDurationMs":689000,"elapsedDuration":"PT11M29S","splitDateTime":"2019-03-29T16:55:29","splitDateTimeLocal":"2019-03-29T17:55:29+01:00"},{"startDateTime":"2019-03-29T16:45:00","startDateTimeLocal":"2019-03-29T17:45:00+01:00","stageTimeDurationMs":768200,"stageTimeDuration":"00:12:48.2000000","splitPointTimeId":67321,"splitPointId":2070,"entryId":19423,"elapsedDurationMs":670800,"elapsedDuration":"PT11M10.8S","splitDateTime":"2019-03-29T16:56:10.8","splitDateTimeLocal":"2019-03-29T17:56:10.8+01:00"},{"startDateTime":"2019-03-29T16:46:00","startDateTimeLocal":"2019-03-29T17:46:00+01:00","stageTimeDurationMs":726700,"stageTimeDuration":"00:12:06.7000000","splitPointTimeId":67322,"splitPointId":2070,"entryId":19426,"elapsedDurationMs":632200,"elapsedDuration":"PT10M32.2S","splitDateTime":"2019-03-29T16:56:32.2","splitDateTimeLocal":"2019-03-29T17:56:32.2+01:00"},{"startDateTime":"2019-03-29T16:41:00","startDateTimeLocal":"2019-03-29T17:41:00+01:00","stageTimeDurationMs":761300,"stageTimeDuration":"00:12:41.3000000","splitPointTimeId":67324,"splitPointId":2070,"entryId":19420,"elapsedDurationMs":662300,"elapsedDuration":"PT11M2.3S","splitDateTime":"2019-03-29T16:52:02.3","splitDateTimeLocal":"2019-03-29T17:52:02.3+01:00"},{"startDateTime":"2019-03-29T16:47:00","startDateTimeLocal":"2019-03-29T17:47:00+01:00","stageTimeDurationMs":807500,"stageTimeDuration":"00:13:27.5000000","splitPointTimeId":67326,"splitPointId":2070,"entryId":19427,"elapsedDurationMs":704600,"elapsedDuration":"PT11M44.6S","splitDateTime":"2019-03-29T16:58:44.6","splitDateTimeLocal":"2019-03-29T17:58:44.6+01:00"},{"startDateTime":"2019-03-29T16:49:00","startDateTimeLocal":"2019-03-29T17:49:00+01:00","stageTimeDurationMs":813700,"stageTimeDuration":"00:13:33.7000000","splitPointTimeId":67328,"splitPointId":2070,"entryId":19429,"elapsedDurationMs":710100,"elapsedDuration":"PT11M50.1S","splitDateTime":"2019-03-29T17:00:50.1","splitDateTimeLocal":"2019-03-29T18:00:50.1+01:00"},{"startDateTime":"2019-03-29T16:50:00","startDateTimeLocal":"2019-03-29T17:50:00+01:00","stageTimeDurationMs":821800,"stageTimeDuration":"00:13:41.8000000","splitPointTimeId":67329,"splitPointId":2070,"entryId":19430,"elapsedDurationMs":717300,"elapsedDuration":"PT11M57.3S","splitDateTime":"2019-03-29T17:01:57.3","splitDateTimeLocal":"2019-03-29T18:01:57.3+01:00"},{"startDateTime":"2019-03-29T16:52:00","startDateTimeLocal":"2019-03-29T17:52:00+01:00","stageTimeDurationMs":853700,"stageTimeDuration":"00:14:13.7000000","splitPointTimeId":67330,"splitPointId":2070,"entryId":19432,"elapsedDurationMs":746000,"elapsedDuration":"PT12M26S","splitDateTime":"2019-03-29T17:04:26","splitDateTimeLocal":"2019-03-29T18:04:26+01:00"},{"startDateTime":"2019-03-29T16:53:00","startDateTimeLocal":"2019-03-29T17:53:00+01:00","stageTimeDurationMs":832700,"stageTimeDuration":"00:13:52.7000000","splitPointTimeId":67331,"splitPointId":2070,"entryId":19433,"elapsedDurationMs":728300,"elapsedDuration":"PT12M8.3S","splitDateTime":"2019-03-29T17:05:08.3","splitDateTimeLocal":"2019-03-29T18:05:08.3+01:00"},{"startDateTime":"2019-03-29T16:51:00","startDateTimeLocal":"2019-03-29T17:51:00+01:00","stageTimeDurationMs":1477100,"stageTimeDuration":"00:24:37.1000000","splitPointTimeId":67333,"splitPointId":2070,"entryId":19431,"elapsedDurationMs":1352000,"elapsedDuration":"PT22M32S","splitDateTime":"2019-03-29T17:13:32","splitDateTimeLocal":"2019-03-29T18:13:32+01:00"}]