{"splitPoints":[{"splitPointId":2397,"stageId":1199,"number":1,"distance":3.52},{"splitPointId":2398,"stageId":1199,"number":2,"distance":7.88},{"splitPointId":2399,"stageId":1199,"number":3,"distance":11.04},{"splitPointId":2400,"stageId":1199,"number":4,"distance":14.37},{"splitPointId":2401,"stageId":1199,"number":5,"distance":19.7}],"controls":[{"controlId":5049,"eventId":84,"stageId":1199,"type":"FlyingFinish","code":"SF12","location":"Cabeceiras de Basto 2","timingPrecision":"Tenth","distance":null,"targetDuration":null,"targetDurationMs":null,"firstCarDueDateTime":null,"firstCarDueDateTimeLocal":null,"status":"Completed","controlPenalties":"None","roundingPolicy":"NoRounding","locked":false},{"controlId":5050,"eventId":84,"stageId":1199,"type":"StageStart","code":"SS12","location":"Cabeceiras de Basto 2","timingPrecision":"Minute","distance":22.22,"targetDuration":"00:03:00","targetDurationMs":180000,"firstCarDueDateTime":"2019-06-01T15:01:00","firstCarDueDateTimeLocal":"2019-06-01T16:01:00+01:00","status":"Completed","controlPenalties":"None","roundingPolicy":"RoundToClosestMinute","locked":false},{"controlId":5051,"eventId":84,"stageId":1199,"type":"TimeControl","code":"TC12","location":"Veiga","timingPrecision":"Minute","distance":11.32,"targetDuration":"00:50:00","targetDurationMs":3000000,"firstCarDueDateTime":"2019-06-01T14:58:00","firstCarDueDateTimeLocal":"2019-06-01T15:58:00+01:00","status":"Completed","controlPenalties":"All","roundingPolicy":"NoRounding","locked":false}],"stageId":1199,"eventId":84,"number":12,"name":"Cabeceiras de Basto 2","distance":22.22,"status":"Completed","stageType":"SpecialStage","timingPrecision":"Tenth","locked":false,"code":"SS12"}