[{"entryId":19544,"stageTimeMs":2375700,"stageTime":"PT39M35.7S","penaltyTimeMs":0,"penaltyTime":"PT0S","totalTimeMs":2375700,"totalTime":"PT39M35.7S","position":1,"diffFirstMs":0,"diffFirst":"PT0S","diffPrevMs":0,"diffPrev":"PT0S"},{"entryId":19546,"stageTimeMs":2376400,"stageTime":"PT39M36.4S","penaltyTimeMs":0,"penaltyTime":"PT0S","totalTimeMs":2376400,"totalTime":"PT39M36.4S","position":2,"diffFirstMs":700,"diffFirst":"PT0.7S","diffPrevMs":700,"diffPrev":"PT0.7S"},{"entryId":19548,"stageTimeMs":2380000,"stageTime":"PT39M40S","penaltyTimeMs":0,"penaltyTime":"PT0S","totalTimeMs":2380000,"totalTime":"PT39M40S","position":3,"diffFirstMs":4300,"diffFirst":"PT4.3S","diffPrevMs":3600,"diffPrev":"PT3.6S"},{"entryId":19541,"stageTimeMs":2381500,"stageTime":"PT39M41.5S","penaltyTimeMs":0,"penaltyTime":"PT0S","totalTimeMs":2381500,"totalTime":"PT39M41.5S","position":4,"diffFirstMs":5800,"diffFirst":"PT5.8S","diffPrevMs":1500,"diffPrev":"PT1.5S"},{"entryId":19550,"stageTimeMs":2384600,"stageTime":"PT39M44.6S","penaltyTimeMs":0,"penaltyTime":"PT0S","totalTimeMs":2384600,"totalTime":"PT39M44.6S","position":5,"diffFirstMs":8900,"diffFirst":"PT8.9S","diffPrevMs":3100,"diffPrev":"PT3.1S"},{"entryId":19545,"stageTimeMs":2384600,"stageTime":"PT39M44.6S","penaltyTimeMs":0,"penaltyTime":"PT0S","totalTimeMs":2384600,"totalTime":"PT39M44.6S","position":6,"diffFirstMs":8900,"diffFirst":"PT8.9S","diffPrevMs":0,"diffPrev":"PT0S"},{"entryId":19547,"stageTimeMs":2387900,"stageTime":"PT39M47.9S","penaltyTimeMs":0,"penaltyTime":"PT0S","totalTimeMs":2387900,"totalTime":"PT39M47.9S","position":7,"diffFirstMs":12200,"diffFirst":"PT12.2S","diffPrevMs":3300,"diffPrev":"PT3.3S"},{"entryId":19549,"stageTimeMs":2393500,"stageTime":"PT39M53.5S","penaltyTimeMs":0,"penaltyTime":"PT0S","totalTimeMs":2393500,"totalTime":"PT39M53.5S","position":8,"diffFirstMs":17800,"diffFirst":"PT17.8S","diffPrevMs":5600,"diffPrev":"PT5.6S"},{"entryId":19543,"stageTimeMs":2403700,"stageTime":"PT40M3.7S","penaltyTimeMs":0,"penaltyTime":"PT0S","totalTimeMs":2403700,"totalTime":"PT40M3.7S","position":9,"diffFirstMs":28000,"diffFirst":"PT28S","diffPrevMs":10200,"diffPrev":"PT10.2S"},{"entryId":19542,"stageTimeMs":2421400,"stageTime":"PT40M21.4S","penaltyTimeMs":0,"penaltyTime":"PT0S","totalTimeMs":2421400,"totalTime":"PT40M21.4S","position":10,"diffFirstMs":45700,"diffFirst":"PT45.7S","diffPrevMs":17700,"diffPrev":"PT17.7S"},{"entryId":19552,"stageTimeMs":2529900,"stageTime":"PT42M9.9S","penaltyTimeMs":0,"penaltyTime":"PT0S","totalTimeMs":2529900,"totalTime":"PT42M9.9S","position":11,"diffFirstMs":154200,"diffFirst":"PT2M34.2S","diffPrevMs":108500,"diffPrev":"PT1M48.5S"},{"entryId":19555,"stageTimeMs":2619500,"stageTime":"PT43M39.5S","penaltyTimeMs":0,"penaltyTime":"PT0S","totalTimeMs":2619500,"totalTime":"PT43M39.5S","position":12,"diffFirstMs":243800,"diffFirst":"PT4M3.8S","diffPrevMs":89600,"diffPrev":"PT1M29.6S"},{"entryId":19557,"stageTimeMs":2620300,"stageTime":"PT43M40.3S","penaltyTimeMs":0,"penaltyTime":"PT0S","totalTimeMs":2620300,"totalTime":"PT43M40.3S","position":13,"diffFirstMs":244600,"diffFirst":"PT4M4.6S","diffPrevMs":800,"diffPrev":"PT0.8S"},{"entryId":19558,"stageTimeMs":2636300,"stageTime":"PT43M56.3S","penaltyTimeMs":0,"penaltyTime":"PT0S","totalTimeMs":2636300,"totalTime":"PT43M56.3S","position":14,"diffFirstMs":260600,"diffFirst":"PT4M20.6S","diffPrevMs":16000,"diffPrev":"PT16S"},{"entryId":19561,"stageTimeMs":2685300,"stageTime":"PT44M45.3S","penaltyTimeMs":0,"penaltyTime":"PT0S","totalTimeMs":2685300,"totalTime":"PT44M45.3S","position":15,"diffFirstMs":309600,"diffFirst":"PT5M9.6S","diffPrevMs":49000,"diffPrev":"PT49S"},{"entryId":19554,"stageTimeMs":2723900,"stageTime":"PT45M23.9S","penaltyTimeMs":0,"penaltyTime":"PT0S","totalTimeMs":2723900,"totalTime":"PT45M23.9S","position":16,"diffFirstMs":348200,"diffFirst":"PT5M48.2S","diffPrevMs":38600,"diffPrev":"PT38.6S"},{"entryId":19559,"stageTimeMs":2814900,"stageTime":"PT46M54.9S","penaltyTimeMs":0,"penaltyTime":"PT0S","totalTimeMs":2814900,"totalTime":"PT46M54.9S","position":17,"diffFirstMs":439200,"diffFirst":"PT7M19.2S","diffPrevMs":91000,"diffPrev":"PT1M31S"},{"entryId":19553,"stageTimeMs":2837900,"stageTime":"PT47M17.9S","penaltyTimeMs":0,"penaltyTime":"PT0S","totalTimeMs":2837900,"totalTime":"PT47M17.9S","position":18,"diffFirstMs":462200,"diffFirst":"PT7M42.2S","diffPrevMs":23000,"diffPrev":"PT23S"},{"entryId":19551,"stageTimeMs":2967200,"stageTime":"PT49M27.2S","penaltyTimeMs":0,"penaltyTime":"PT0S","totalTimeMs":2967200,"totalTime":"PT49M27.2S","position":19,"diffFirstMs":591500,"diffFirst":"PT9M51.5S","diffPrevMs":129300,"diffPrev":"PT2M9.3S"},{"entryId":19567,"stageTimeMs":3504600,"stageTime":"PT58M24.6S","penaltyTimeMs":0,"penaltyTime":"PT0S","totalTimeMs":3504600,"totalTime":"PT58M24.6S","position":20,"diffFirstMs":1128900,"diffFirst":"PT18M48.9S","diffPrevMs":537400,"diffPrev":"PT8M57.4S"},{"entryId":19556,"stageTimeMs":3514300,"stageTime":"PT58M34.3S","penaltyTimeMs":0,"penaltyTime":"PT0S","totalTimeMs":3514300,"totalTime":"PT58M34.3S","position":21,"diffFirstMs":1138600,"diffFirst":"PT18M58.6S","diffPrevMs":9700,"diffPrev":"PT9.7S"},{"entryId":19564,"stageTimeMs":3843300,"stageTime":"PT1H4M3.3S","penaltyTimeMs":0,"penaltyTime":"PT0S","totalTimeMs":3843300,"totalTime":"PT1H4M3.3S","position":22,"diffFirstMs":1467600,"diffFirst":"PT24M27.6S","diffPrevMs":329000,"diffPrev":"PT5M29S"},{"entryId":19562,"stageTimeMs":3866800,"stageTime":"PT1H4M26.8S","penaltyTimeMs":10000,"penaltyTime":"PT10S","totalTimeMs":3876800,"totalTime":"PT1H4M36.8S","position":23,"diffFirstMs":1501100,"diffFirst":"PT25M1.1S","diffPrevMs":33500,"diffPrev":"PT33.5S"},{"entryId":19565,"stageTimeMs":3904400,"stageTime":"PT1H5M4.4S","penaltyTimeMs":100000,"penaltyTime":"PT1M40S","totalTimeMs":4004400,"totalTime":"PT1H6M44.4S","position":24,"diffFirstMs":1628700,"diffFirst":"PT27M8.7S","diffPrevMs":127600,"diffPrev":"PT2M7.6S"},{"entryId":19566,"stageTimeMs":4202100,"stageTime":"PT1H10M2.1S","penaltyTimeMs":10000,"penaltyTime":"PT10S","totalTimeMs":4212100,"totalTime":"PT1H10M12.1S","position":25,"diffFirstMs":1836400,"diffFirst":"PT30M36.4S","diffPrevMs":207700,"diffPrev":"PT3M27.7S"}]