[{"stageTimeId":78517,"stageId":1323,"entryId":20122,"elapsedDurationMs":1407200,"elapsedDuration":"00:23:27.2000000","status":"Completed","source":"Default","position":1,"diffFirstMs":0,"diffFirst":"00:00:00","diffPrevMs":0,"diffPrev":"00:00:00"},{"stageTimeId":78664,"stageId":1323,"entryId":20121,"elapsedDurationMs":1409300,"elapsedDuration":"00:23:29.3000000","status":"Completed","source":"Default","position":2,"diffFirstMs":2100,"diffFirst":"00:00:02.1000000","diffPrevMs":2100,"diffPrev":"00:00:02.1000000"},{"stageTimeId":78546,"stageId":1323,"entryId":20123,"elapsedDurationMs":1413100,"elapsedDuration":"00:23:33.1000000","status":"Completed","source":"Default","position":3,"diffFirstMs":5900,"diffFirst":"00:00:05.9000000","diffPrevMs":3800,"diffPrev":"00:00:03.8000000"},{"stageTimeId":78535,"stageId":1323,"entryId":20120,"elapsedDurationMs":1413800,"elapsedDuration":"00:23:33.8000000","status":"Completed","source":"Default","position":4,"diffFirstMs":6600,"diffFirst":"00:00:06.6000000","diffPrevMs":700,"diffPrev":"00:00:00.7000000"},{"stageTimeId":78276,"stageId":1323,"entryId":20118,"elapsedDurationMs":1417100,"elapsedDuration":"00:23:37.1000000","status":"Completed","source":"Default","position":5,"diffFirstMs":9900,"diffFirst":"00:00:09.9000000","diffPrevMs":3300,"diffPrev":"00:00:03.3000000"},{"stageTimeId":78543,"stageId":1323,"entryId":20117,"elapsedDurationMs":1418300,"elapsedDuration":"00:23:38.3000000","status":"Completed","source":"Default","position":6,"diffFirstMs":11100,"diffFirst":"00:00:11.1000000","diffPrevMs":1200,"diffPrev":"00:00:01.2000000"},{"stageTimeId":78645,"stageId":1323,"entryId":20127,"elapsedDurationMs":1424900,"elapsedDuration":"00:23:44.9000000","status":"Completed","source":"Default","position":7,"diffFirstMs":17700,"diffFirst":"00:00:17.7000000","diffPrevMs":6600,"diffPrev":"00:00:06.6000000"},{"stageTimeId":78637,"stageId":1323,"entryId":20119,"elapsedDurationMs":1425800,"elapsedDuration":"00:23:45.8000000","status":"Completed","source":"Default","position":8,"diffFirstMs":18600,"diffFirst":"00:00:18.6000000","diffPrevMs":900,"diffPrev":"00:00:00.9000000"},{"stageTimeId":78653,"stageId":1323,"entryId":20126,"elapsedDurationMs":1449400,"elapsedDuration":"00:24:09.4000000","status":"Completed","source":"Default","position":9,"diffFirstMs":42200,"diffFirst":"00:00:42.2000000","diffPrevMs":23600,"diffPrev":"00:00:23.6000000"},{"stageTimeId":78656,"stageId":1323,"entryId":20125,"elapsedDurationMs":1455500,"elapsedDuration":"00:24:15.5000000","status":"Completed","source":"Default","position":10,"diffFirstMs":48300,"diffFirst":"00:00:48.3000000","diffPrevMs":6100,"diffPrev":"00:00:06.1000000"},{"stageTimeId":78549,"stageId":1323,"entryId":20131,"elapsedDurationMs":1485400,"elapsedDuration":"00:24:45.4000000","status":"Completed","source":"Default","position":11,"diffFirstMs":78200,"diffFirst":"00:01:18.2000000","diffPrevMs":29900,"diffPrev":"00:00:29.9000000"},{"stageTimeId":78575,"stageId":1323,"entryId":20128,"elapsedDurationMs":1486500,"elapsedDuration":"00:24:46.5000000","status":"Completed","source":"Default","position":12,"diffFirstMs":79300,"diffFirst":"00:01:19.3000000","diffPrevMs":1100,"diffPrev":"00:00:01.1000000"},{"stageTimeId":78303,"stageId":1323,"entryId":20130,"elapsedDurationMs":1488300,"elapsedDuration":"00:24:48.3000000","status":"Completed","source":"Default","position":13,"diffFirstMs":81100,"diffFirst":"00:01:21.1000000","diffPrevMs":1800,"diffPrev":"00:00:01.8000000"},{"stageTimeId":78509,"stageId":1323,"entryId":20124,"elapsedDurationMs":1494000,"elapsedDuration":"00:24:54","status":"Completed","source":"Default","position":14,"diffFirstMs":86800,"diffFirst":"00:01:26.8000000","diffPrevMs":5700,"diffPrev":"00:00:05.7000000"},{"stageTimeId":78293,"stageId":1323,"entryId":20143,"elapsedDurationMs":1509300,"elapsedDuration":"00:25:09.3000000","status":"Completed","source":"Default","position":15,"diffFirstMs":102100,"diffFirst":"00:01:42.1000000","diffPrevMs":15300,"diffPrev":"00:00:15.3000000"},{"stageTimeId":78280,"stageId":1323,"entryId":20134,"elapsedDurationMs":1509800,"elapsedDuration":"00:25:09.8000000","status":"Completed","source":"Default","position":16,"diffFirstMs":102600,"diffFirst":"00:01:42.6000000","diffPrevMs":500,"diffPrev":"00:00:00.5000000"},{"stageTimeId":78598,"stageId":1323,"entryId":20149,"elapsedDurationMs":1512200,"elapsedDuration":"00:25:12.2000000","status":"Completed","source":"Default","position":17,"diffFirstMs":105000,"diffFirst":"00:01:45","diffPrevMs":2400,"diffPrev":"00:00:02.4000000"},{"stageTimeId":78318,"stageId":1323,"entryId":20133,"elapsedDurationMs":1515800,"elapsedDuration":"00:25:15.8000000","status":"Completed","source":"Default","position":18,"diffFirstMs":108600,"diffFirst":"00:01:48.6000000","diffPrevMs":3600,"diffPrev":"00:00:03.6000000"},{"stageTimeId":78359,"stageId":1323,"entryId":20137,"elapsedDurationMs":1521100,"elapsedDuration":"00:25:21.1000000","status":"Completed","source":"Default","position":19,"diffFirstMs":113900,"diffFirst":"00:01:53.9000000","diffPrevMs":5300,"diffPrev":"00:00:05.3000000"},{"stageTimeId":78326,"stageId":1323,"entryId":20144,"elapsedDurationMs":1536000,"elapsedDuration":"00:25:36","status":"Completed","source":"Default","position":20,"diffFirstMs":128800,"diffFirst":"00:02:08.8000000","diffPrevMs":14900,"diffPrev":"00:00:14.9000000"},{"stageTimeId":78281,"stageId":1323,"entryId":20151,"elapsedDurationMs":1536600,"elapsedDuration":"00:25:36.6000000","status":"Completed","source":"Default","position":21,"diffFirstMs":129400,"diffFirst":"00:02:09.4000000","diffPrevMs":600,"diffPrev":"00:00:00.6000000"},{"stageTimeId":78448,"stageId":1323,"entryId":20140,"elapsedDurationMs":1543100,"elapsedDuration":"00:25:43.1000000","status":"Completed","source":"Default","position":22,"diffFirstMs":135900,"diffFirst":"00:02:15.9000000","diffPrevMs":6500,"diffPrev":"00:00:06.5000000"},{"stageTimeId":78456,"stageId":1323,"entryId":20145,"elapsedDurationMs":1548600,"elapsedDuration":"00:25:48.6000000","status":"Completed","source":"Default","position":23,"diffFirstMs":141400,"diffFirst":"00:02:21.4000000","diffPrevMs":5500,"diffPrev":"00:00:05.5000000"},{"stageTimeId":78430,"stageId":1323,"entryId":20150,"elapsedDurationMs":1563200,"elapsedDuration":"00:26:03.2000000","status":"Completed","source":"Default","position":24,"diffFirstMs":156000,"diffFirst":"00:02:36","diffPrevMs":14600,"diffPrev":"00:00:14.6000000"},{"stageTimeId":78422,"stageId":1323,"entryId":20135,"elapsedDurationMs":1567100,"elapsedDuration":"00:26:07.1000000","status":"Completed","source":"Default","position":25,"diffFirstMs":159900,"diffFirst":"00:02:39.9000000","diffPrevMs":3900,"diffPrev":"00:00:03.9000000"},{"stageTimeId":78438,"stageId":1323,"entryId":20157,"elapsedDurationMs":1581500,"elapsedDuration":"00:26:21.5000000","status":"Completed","source":"Default","position":26,"diffFirstMs":174300,"diffFirst":"00:02:54.3000000","diffPrevMs":14400,"diffPrev":"00:00:14.4000000"},{"stageTimeId":78488,"stageId":1323,"entryId":20141,"elapsedDurationMs":1597800,"elapsedDuration":"00:26:37.8000000","status":"Completed","source":"Default","position":27,"diffFirstMs":190600,"diffFirst":"00:03:10.6000000","diffPrevMs":16300,"diffPrev":"00:00:16.3000000"},{"stageTimeId":78583,"stageId":1323,"entryId":20129,"elapsedDurationMs":1601300,"elapsedDuration":"00:26:41.3000000","status":"Completed","source":"Default","position":28,"diffFirstMs":194100,"diffFirst":"00:03:14.1000000","diffPrevMs":3500,"diffPrev":"00:00:03.5000000"},{"stageTimeId":78477,"stageId":1323,"entryId":20153,"elapsedDurationMs":1625700,"elapsedDuration":"00:27:05.7000000","status":"Completed","source":"Default","position":29,"diffFirstMs":218500,"diffFirst":"00:03:38.5000000","diffPrevMs":24400,"diffPrev":"00:00:24.4000000"},{"stageTimeId":78295,"stageId":1323,"entryId":20132,"elapsedDurationMs":1626300,"elapsedDuration":"00:27:06.3000000","status":"Completed","source":"Default","position":30,"diffFirstMs":219100,"diffFirst":"00:03:39.1000000","diffPrevMs":600,"diffPrev":"00:00:00.6000000"},{"stageTimeId":78496,"stageId":1323,"entryId":20156,"elapsedDurationMs":1630500,"elapsedDuration":"00:27:10.5000000","status":"Completed","source":"Default","position":31,"diffFirstMs":223300,"diffFirst":"00:03:43.3000000","diffPrevMs":4200,"diffPrev":"00:00:04.2000000"},{"stageTimeId":78483,"stageId":1323,"entryId":20155,"elapsedDurationMs":1650200,"elapsedDuration":"00:27:30.2000000","status":"Completed","source":"Default","position":32,"diffFirstMs":243000,"diffFirst":"00:04:03","diffPrevMs":19700,"diffPrev":"00:00:19.7000000"},{"stageTimeId":78469,"stageId":1323,"entryId":20159,"elapsedDurationMs":1658900,"elapsedDuration":"00:27:38.9000000","status":"Completed","source":"Default","position":33,"diffFirstMs":251700,"diffFirst":"00:04:11.7000000","diffPrevMs":8700,"diffPrev":"00:00:08.7000000"},{"stageTimeId":78624,"stageId":1323,"entryId":20154,"elapsedDurationMs":1736100,"elapsedDuration":"00:28:56.1000000","status":"Completed","source":"Default","position":34,"diffFirstMs":328900,"diffFirst":"00:05:28.9000000","diffPrevMs":77200,"diffPrev":"00:01:17.2000000"},{"stageTimeId":78381,"stageId":1323,"entryId":20168,"elapsedDurationMs":1743400,"elapsedDuration":"00:29:03.4000000","status":"Completed","source":"Default","position":35,"diffFirstMs":336200,"diffFirst":"00:05:36.2000000","diffPrevMs":7300,"diffPrev":"00:00:07.3000000"},{"stageTimeId":78606,"stageId":1323,"entryId":20136,"elapsedDurationMs":1823800,"elapsedDuration":"00:30:23.8000000","status":"Completed","source":"Default","position":36,"diffFirstMs":416600,"diffFirst":"00:06:56.6000000","diffPrevMs":80400,"diffPrev":"00:01:20.4000000"},{"stageTimeId":78415,"stageId":1323,"entryId":20160,"elapsedDurationMs":1836100,"elapsedDuration":"00:30:36.1000000","status":"Completed","source":"Default","position":37,"diffFirstMs":428900,"diffFirst":"00:07:08.9000000","diffPrevMs":12300,"diffPrev":"00:00:12.3000000"},{"stageTimeId":78493,"stageId":1323,"entryId":20165,"elapsedDurationMs":1866900,"elapsedDuration":"00:31:06.9000000","status":"Completed","source":"Default","position":38,"diffFirstMs":459700,"diffFirst":"00:07:39.7000000","diffPrevMs":30800,"diffPrev":"00:00:30.8000000"},{"stageTimeId":78375,"stageId":1323,"entryId":20163,"elapsedDurationMs":1868000,"elapsedDuration":"00:31:08","status":"Completed","source":"Default","position":39,"diffFirstMs":460800,"diffFirst":"00:07:40.8000000","diffPrevMs":1100,"diffPrev":"00:00:01.1000000"},{"stageTimeId":78389,"stageId":1323,"entryId":20169,"elapsedDurationMs":1872400,"elapsedDuration":"00:31:12.4000000","status":"Completed","source":"Default","position":40,"diffFirstMs":465200,"diffFirst":"00:07:45.2000000","diffPrevMs":4400,"diffPrev":"00:00:04.4000000"},{"stageTimeId":78616,"stageId":1323,"entryId":20170,"elapsedDurationMs":1916300,"elapsedDuration":"00:31:56.3000000","status":"Completed","source":"Default","position":41,"diffFirstMs":509100,"diffFirst":"00:08:29.1000000","diffPrevMs":43900,"diffPrev":"00:00:43.9000000"},{"stageTimeId":78547,"stageId":1323,"entryId":20138,"elapsedDurationMs":1929300,"elapsedDuration":"00:32:09.3000000","status":"Completed","source":"Assessed","position":42,"diffFirstMs":522100,"diffFirst":"00:08:42.1000000","diffPrevMs":13000,"diffPrev":"00:00:13"},{"stageTimeId":78398,"stageId":1323,"entryId":20162,"elapsedDurationMs":2050500,"elapsedDuration":"00:34:10.5000000","status":"Completed","source":"Assessed","position":43,"diffFirstMs":643300,"diffFirst":"00:10:43.3000000","diffPrevMs":121200,"diffPrev":"00:02:01.2000000"},{"stageTimeId":78407,"stageId":1323,"entryId":20166,"elapsedDurationMs":2640800,"elapsedDuration":"00:44:00.8000000","status":"Completed","source":"Default","position":44,"diffFirstMs":1233600,"diffFirst":"00:20:33.6000000","diffPrevMs":590300,"diffPrev":"00:09:50.3000000"},{"stageTimeId":78341,"stageId":1323,"entryId":20147,"elapsedDurationMs":null,"elapsedDuration":null,"status":"DNS","source":"Default","position":null,"diffFirstMs":null,"diffFirst":null,"diffPrevMs":null,"diffPrev":null},{"stageTimeId":78349,"stageId":1323,"entryId":20164,"elapsedDurationMs":null,"elapsedDuration":null,"status":"DNS","source":"Default","position":null,"diffFirstMs":null,"diffFirst":null,"diffPrevMs":null,"diffPrev":null},{"stageTimeId":78367,"stageId":1323,"entryId":20146,"elapsedDurationMs":null,"elapsedDuration":null,"status":"DNS","source":"Default","position":null,"diffFirstMs":null,"diffFirst":null,"diffPrevMs":null,"diffPrev":null},{"stageTimeId":78557,"stageId":1323,"entryId":20142,"elapsedDurationMs":null,"elapsedDuration":null,"status":"DNS","source":"Default","position":null,"diffFirstMs":null,"diffFirst":null,"diffPrevMs":null,"diffPrev":null},{"stageTimeId":78565,"stageId":1323,"entryId":20139,"elapsedDurationMs":null,"elapsedDuration":null,"status":"DNS","source":"Default","position":null,"diffFirstMs":null,"diffFirst":null,"diffPrevMs":null,"diffPrev":null},{"stageTimeId":78608,"stageId":1323,"entryId":20171,"elapsedDurationMs":null,"elapsedDuration":null,"status":"DNS","source":"Default","position":null,"diffFirstMs":null,"diffFirst":null,"diffPrevMs":null,"diffPrev":null}]