[{"stageTimeId":82645,"stageId":1410,"entryId":20365,"elapsedDurationMs":238687,"elapsedDuration":"00:03:58.6870000","status":"Completed","source":"Default","position":1,"diffFirstMs":0,"diffFirst":"00:00:00","diffPrevMs":0,"diffPrev":"00:00:00"},{"stageTimeId":82655,"stageId":1410,"entryId":20360,"elapsedDurationMs":239127,"elapsedDuration":"00:03:59.1270000","status":"Completed","source":"Default","position":2,"diffFirstMs":440,"diffFirst":"00:00:00.4400000","diffPrevMs":440,"diffPrev":"00:00:00.4400000"},{"stageTimeId":82534,"stageId":1410,"entryId":20362,"elapsedDurationMs":239622,"elapsedDuration":"00:03:59.6220000","status":"Completed","source":"Default","position":3,"diffFirstMs":935,"diffFirst":"00:00:00.9350000","diffPrevMs":495,"diffPrev":"00:00:00.4950000"},{"stageTimeId":82720,"stageId":1410,"entryId":20368,"elapsedDurationMs":240075,"elapsedDuration":"00:04:00.0750000","status":"Completed","source":"Default","position":4,"diffFirstMs":1388,"diffFirst":"00:00:01.3880000","diffPrevMs":453,"diffPrev":"00:00:00.4530000"},{"stageTimeId":82650,"stageId":1410,"entryId":20367,"elapsedDurationMs":240091,"elapsedDuration":"00:04:00.0910000","status":"Completed","source":"Default","position":5,"diffFirstMs":1404,"diffFirst":"00:00:01.4040000","diffPrevMs":16,"diffPrev":"00:00:00.0160000"},{"stageTimeId":82730,"stageId":1410,"entryId":20369,"elapsedDurationMs":240289,"elapsedDuration":"00:04:00.2890000","status":"Completed","source":"Default","position":6,"diffFirstMs":1602,"diffFirst":"00:00:01.6020000","diffPrevMs":198,"diffPrev":"00:00:00.1980000"},{"stageTimeId":82685,"stageId":1410,"entryId":20363,"elapsedDurationMs":241557,"elapsedDuration":"00:04:01.5570000","status":"Completed","source":"Default","position":7,"diffFirstMs":2870,"diffFirst":"00:00:02.8700000","diffPrevMs":1268,"diffPrev":"00:00:01.2680000"},{"stageTimeId":82725,"stageId":1410,"entryId":20364,"elapsedDurationMs":244796,"elapsedDuration":"00:04:04.7960000","status":"Completed","source":"Default","position":8,"diffFirstMs":6109,"diffFirst":"00:00:06.1090000","diffPrevMs":3239,"diffPrev":"00:00:03.2390000"},{"stageTimeId":82715,"stageId":1410,"entryId":20370,"elapsedDurationMs":246119,"elapsedDuration":"00:04:06.1190000","status":"Completed","source":"Default","position":9,"diffFirstMs":7432,"diffFirst":"00:00:07.4320000","diffPrevMs":1323,"diffPrev":"00:00:01.3230000"},{"stageTimeId":82510,"stageId":1410,"entryId":20387,"elapsedDurationMs":249456,"elapsedDuration":"00:04:09.4560000","status":"Completed","source":"Default","position":10,"diffFirstMs":10769,"diffFirst":"00:00:10.7690000","diffPrevMs":3337,"diffPrev":"00:00:03.3370000"},{"stageTimeId":82553,"stageId":1410,"entryId":20378,"elapsedDurationMs":250724,"elapsedDuration":"00:04:10.7240000","status":"Completed","source":"Default","position":11,"diffFirstMs":12037,"diffFirst":"00:00:12.0370000","diffPrevMs":1268,"diffPrev":"00:00:01.2680000"},{"stageTimeId":82680,"stageId":1410,"entryId":20373,"elapsedDurationMs":251476,"elapsedDuration":"00:04:11.4760000","status":"Completed","source":"Default","position":12,"diffFirstMs":12789,"diffFirst":"00:00:12.7890000","diffPrevMs":752,"diffPrev":"00:00:00.7520000"},{"stageTimeId":82506,"stageId":1410,"entryId":20377,"elapsedDurationMs":251599,"elapsedDuration":"00:04:11.5990000","status":"Completed","source":"Default","position":13,"diffFirstMs":12912,"diffFirst":"00:00:12.9120000","diffPrevMs":123,"diffPrev":"00:00:00.1230000"},{"stageTimeId":82665,"stageId":1410,"entryId":20389,"elapsedDurationMs":251798,"elapsedDuration":"00:04:11.7980000","status":"Completed","source":"Default","position":14,"diffFirstMs":13111,"diffFirst":"00:00:13.1110000","diffPrevMs":199,"diffPrev":"00:00:00.1990000"},{"stageTimeId":82523,"stageId":1410,"entryId":20406,"elapsedDurationMs":252392,"elapsedDuration":"00:04:12.3920000","status":"Completed","source":"Default","position":15,"diffFirstMs":13705,"diffFirst":"00:00:13.7050000","diffPrevMs":594,"diffPrev":"00:00:00.5940000"},{"stageTimeId":82660,"stageId":1410,"entryId":20374,"elapsedDurationMs":252619,"elapsedDuration":"00:04:12.6190000","status":"Completed","source":"Default","position":16,"diffFirstMs":13932,"diffFirst":"00:00:13.9320000","diffPrevMs":227,"diffPrev":"00:00:00.2270000"},{"stageTimeId":82583,"stageId":1410,"entryId":20390,"elapsedDurationMs":253754,"elapsedDuration":"00:04:13.7540000","status":"Completed","source":"Default","position":17,"diffFirstMs":15067,"diffFirst":"00:00:15.0670000","diffPrevMs":1135,"diffPrev":"00:00:01.1350000"},{"stageTimeId":82640,"stageId":1410,"entryId":20371,"elapsedDurationMs":254010,"elapsedDuration":"00:04:14.0100000","status":"Completed","source":"Default","position":18,"diffFirstMs":15323,"diffFirst":"00:00:15.3230000","diffPrevMs":256,"diffPrev":"00:00:00.2560000"},{"stageTimeId":82670,"stageId":1410,"entryId":20372,"elapsedDurationMs":254858,"elapsedDuration":"00:04:14.8580000","status":"Completed","source":"Default","position":19,"diffFirstMs":16171,"diffFirst":"00:00:16.1710000","diffPrevMs":848,"diffPrev":"00:00:00.8480000"},{"stageTimeId":82513,"stageId":1410,"entryId":20383,"elapsedDurationMs":255466,"elapsedDuration":"00:04:15.4660000","status":"Completed","source":"Default","position":20,"diffFirstMs":16779,"diffFirst":"00:00:16.7790000","diffPrevMs":608,"diffPrev":"00:00:00.6080000"},{"stageTimeId":82634,"stageId":1410,"entryId":20403,"elapsedDurationMs":255989,"elapsedDuration":"00:04:15.9890000","status":"Completed","source":"Default","position":21,"diffFirstMs":17302,"diffFirst":"00:00:17.3020000","diffPrevMs":523,"diffPrev":"00:00:00.5230000"},{"stageTimeId":82543,"stageId":1410,"entryId":20405,"elapsedDurationMs":256114,"elapsedDuration":"00:04:16.1140000","status":"Completed","source":"Default","position":22,"diffFirstMs":17427,"diffFirst":"00:00:17.4270000","diffPrevMs":125,"diffPrev":"00:00:00.1250000"},{"stageTimeId":82628,"stageId":1410,"entryId":20381,"elapsedDurationMs":256665,"elapsedDuration":"00:04:16.6650000","status":"Completed","source":"Default","position":23,"diffFirstMs":17978,"diffFirst":"00:00:17.9780000","diffPrevMs":551,"diffPrev":"00:00:00.5510000"},{"stageTimeId":82548,"stageId":1410,"entryId":20379,"elapsedDurationMs":258144,"elapsedDuration":"00:04:18.1440000","status":"Completed","source":"Default","position":24,"diffFirstMs":19457,"diffFirst":"00:00:19.4570000","diffPrevMs":1479,"diffPrev":"00:00:01.4790000"},{"stageTimeId":82613,"stageId":1410,"entryId":20385,"elapsedDurationMs":258231,"elapsedDuration":"00:04:18.2310000","status":"Completed","source":"Default","position":25,"diffFirstMs":19544,"diffFirst":"00:00:19.5440000","diffPrevMs":87,"diffPrev":"00:00:00.0870000"},{"stageTimeId":82514,"stageId":1410,"entryId":20404,"elapsedDurationMs":258434,"elapsedDuration":"00:04:18.4340000","status":"Completed","source":"Default","position":26,"diffFirstMs":19747,"diffFirst":"00:00:19.7470000","diffPrevMs":203,"diffPrev":"00:00:00.2030000"},{"stageTimeId":82618,"stageId":1410,"entryId":20376,"elapsedDurationMs":258939,"elapsedDuration":"00:04:18.9390000","status":"Completed","source":"Default","position":27,"diffFirstMs":20252,"diffFirst":"00:00:20.2520000","diffPrevMs":505,"diffPrev":"00:00:00.5050000"},{"stageTimeId":82623,"stageId":1410,"entryId":20380,"elapsedDurationMs":259114,"elapsedDuration":"00:04:19.1140000","status":"Completed","source":"Default","position":28,"diffFirstMs":20427,"diffFirst":"00:00:20.4270000","diffPrevMs":175,"diffPrev":"00:00:00.1750000"},{"stageTimeId":82582,"stageId":1410,"entryId":20384,"elapsedDurationMs":274065,"elapsedDuration":"00:04:34.0650000","status":"Completed","source":"Default","position":29,"diffFirstMs":35378,"diffFirst":"00:00:35.3780000","diffPrevMs":14951,"diffPrev":"00:00:14.9510000"},{"stageTimeId":82587,"stageId":1410,"entryId":20394,"elapsedDurationMs":274856,"elapsedDuration":"00:04:34.8560000","status":"Completed","source":"Default","position":30,"diffFirstMs":36169,"diffFirst":"00:00:36.1690000","diffPrevMs":791,"diffPrev":"00:00:00.7910000"},{"stageTimeId":82610,"stageId":1410,"entryId":20395,"elapsedDurationMs":277397,"elapsedDuration":"00:04:37.3970000","status":"Completed","source":"Default","position":31,"diffFirstMs":38710,"diffFirst":"00:00:38.7100000","diffPrevMs":2541,"diffPrev":"00:00:02.5410000"},{"stageTimeId":82710,"stageId":1410,"entryId":20392,"elapsedDurationMs":279478,"elapsedDuration":"00:04:39.4780000","status":"Completed","source":"Default","position":32,"diffFirstMs":40791,"diffFirst":"00:00:40.7910000","diffPrevMs":2081,"diffPrev":"00:00:02.0810000"},{"stageTimeId":82563,"stageId":1410,"entryId":20408,"elapsedDurationMs":279994,"elapsedDuration":"00:04:39.9940000","status":"Completed","source":"Default","position":33,"diffFirstMs":41307,"diffFirst":"00:00:41.3070000","diffPrevMs":516,"diffPrev":"00:00:00.5160000"},{"stageTimeId":82592,"stageId":1410,"entryId":20396,"elapsedDurationMs":281259,"elapsedDuration":"00:04:41.2590000","status":"Completed","source":"Default","position":34,"diffFirstMs":42572,"diffFirst":"00:00:42.5720000","diffPrevMs":1265,"diffPrev":"00:00:01.2650000"},{"stageTimeId":82504,"stageId":1410,"entryId":20398,"elapsedDurationMs":283520,"elapsedDuration":"00:04:43.5200000","status":"Completed","source":"Default","position":35,"diffFirstMs":44833,"diffFirst":"00:00:44.8330000","diffPrevMs":2261,"diffPrev":"00:00:02.2610000"},{"stageTimeId":82533,"stageId":1410,"entryId":20399,"elapsedDurationMs":284821,"elapsedDuration":"00:04:44.8210000","status":"Completed","source":"Default","position":36,"diffFirstMs":46134,"diffFirst":"00:00:46.1340000","diffPrevMs":1301,"diffPrev":"00:00:01.3010000"},{"stageTimeId":82573,"stageId":1410,"entryId":20409,"elapsedDurationMs":284882,"elapsedDuration":"00:04:44.8820000","status":"Completed","source":"Default","position":37,"diffFirstMs":46195,"diffFirst":"00:00:46.1950000","diffPrevMs":61,"diffPrev":"00:00:00.0610000"},{"stageTimeId":82568,"stageId":1410,"entryId":20415,"elapsedDurationMs":289132,"elapsedDuration":"00:04:49.1320000","status":"Completed","source":"Default","position":38,"diffFirstMs":50445,"diffFirst":"00:00:50.4450000","diffPrevMs":4250,"diffPrev":"00:00:04.2500000"},{"stageTimeId":82502,"stageId":1410,"entryId":20393,"elapsedDurationMs":289452,"elapsedDuration":"00:04:49.4520000","status":"Completed","source":"Default","position":39,"diffFirstMs":50765,"diffFirst":"00:00:50.7650000","diffPrevMs":320,"diffPrev":"00:00:00.3200000"},{"stageTimeId":82722,"stageId":1410,"entryId":20412,"elapsedDurationMs":290074,"elapsedDuration":"00:04:50.0740000","status":"Completed","source":"Default","position":40,"diffFirstMs":51387,"diffFirst":"00:00:51.3870000","diffPrevMs":622,"diffPrev":"00:00:00.6220000"},{"stageTimeId":82704,"stageId":1410,"entryId":20416,"elapsedDurationMs":290583,"elapsedDuration":"00:04:50.5830000","status":"Completed","source":"Default","position":41,"diffFirstMs":51896,"diffFirst":"00:00:51.8960000","diffPrevMs":509,"diffPrev":"00:00:00.5090000"},{"stageTimeId":82602,"stageId":1410,"entryId":20401,"elapsedDurationMs":294696,"elapsedDuration":"00:04:54.6960000","status":"Completed","source":"Default","position":42,"diffFirstMs":56009,"diffFirst":"00:00:56.0090000","diffPrevMs":4113,"diffPrev":"00:00:04.1130000"},{"stageTimeId":82578,"stageId":1410,"entryId":20414,"elapsedDurationMs":298263,"elapsedDuration":"00:04:58.2630000","status":"Completed","source":"Default","position":43,"diffFirstMs":59576,"diffFirst":"00:00:59.5760000","diffPrevMs":3567,"diffPrev":"00:00:03.5670000"},{"stageTimeId":82699,"stageId":1410,"entryId":20397,"elapsedDurationMs":301342,"elapsedDuration":"00:05:01.3420000","status":"Completed","source":"Default","position":44,"diffFirstMs":62655,"diffFirst":"00:01:02.6550000","diffPrevMs":3079,"diffPrev":"00:00:03.0790000"},{"stageTimeId":82597,"stageId":1410,"entryId":20402,"elapsedDurationMs":304842,"elapsedDuration":"00:05:04.8420000","status":"Completed","source":"Default","position":45,"diffFirstMs":66155,"diffFirst":"00:01:06.1550000","diffPrevMs":3500,"diffPrev":"00:00:03.5000000"},{"stageTimeId":82694,"stageId":1410,"entryId":20417,"elapsedDurationMs":316573,"elapsedDuration":"00:05:16.5730000","status":"Completed","source":"Default","position":46,"diffFirstMs":77886,"diffFirst":"00:01:17.8860000","diffPrevMs":11731,"diffPrev":"00:00:11.7310000"},{"stageTimeId":82675,"stageId":1410,"entryId":20375,"elapsedDurationMs":330072,"elapsedDuration":"00:05:30.0720000","status":"Completed","source":"Default","position":47,"diffFirstMs":91385,"diffFirst":"00:01:31.3850000","diffPrevMs":13499,"diffPrev":"00:00:13.4990000"},{"stageTimeId":82538,"stageId":1410,"entryId":20388,"elapsedDurationMs":null,"elapsedDuration":null,"status":"DNS","source":"Default","position":null,"diffFirstMs":null,"diffFirst":null,"diffPrevMs":null,"diffPrev":null}]