[{"startDateTime":"2019-03-10T15:03:00","startDateTimeLocal":"2019-03-10T09:03:00-06:00","stageTimeDurationMs":852700,"stageTimeDuration":"00:14:12.7000000","splitPointTimeId":65674,"splitPointId":1997,"entryId":19182,"elapsedDurationMs":525000,"elapsedDuration":"PT8M45S","splitDateTime":"2019-03-10T15:11:45","splitDateTimeLocal":"2019-03-10T09:11:45-06:00"},{"startDateTime":"2019-03-10T15:07:00","startDateTimeLocal":"2019-03-10T09:07:00-06:00","stageTimeDurationMs":849100,"stageTimeDuration":"00:14:09.1000000","splitPointTimeId":65675,"splitPointId":1997,"entryId":19189,"elapsedDurationMs":520700,"elapsedDuration":"PT8M40.7S","splitDateTime":"2019-03-10T15:15:40.7","splitDateTimeLocal":"2019-03-10T09:15:40.7-06:00"},{"startDateTime":"2019-03-10T15:11:00","startDateTimeLocal":"2019-03-10T09:11:00-06:00","stageTimeDurationMs":845700,"stageTimeDuration":"00:14:05.7000000","splitPointTimeId":65678,"splitPointId":1997,"entryId":19184,"elapsedDurationMs":521000,"elapsedDuration":"PT8M41S","splitDateTime":"2019-03-10T15:19:41","splitDateTimeLocal":"2019-03-10T09:19:41-06:00"},{"startDateTime":"2019-03-10T15:15:00","startDateTimeLocal":"2019-03-10T09:15:00-06:00","stageTimeDurationMs":840400,"stageTimeDuration":"00:14:00.4000000","splitPointTimeId":65681,"splitPointId":1997,"entryId":19186,"elapsedDurationMs":516200,"elapsedDuration":"PT8M36.2S","splitDateTime":"2019-03-10T15:23:36.2","splitDateTimeLocal":"2019-03-10T09:23:36.2-06:00"},{"startDateTime":"2019-03-10T15:19:00","startDateTimeLocal":"2019-03-10T09:19:00-06:00","stageTimeDurationMs":893500,"stageTimeDuration":"00:14:53.5000000","splitPointTimeId":65685,"splitPointId":1997,"entryId":19183,"elapsedDurationMs":547000,"elapsedDuration":"PT9M7S","splitDateTime":"2019-03-10T15:28:07","splitDateTimeLocal":"2019-03-10T09:28:07-06:00"},{"startDateTime":"2019-03-10T15:23:00","startDateTimeLocal":"2019-03-10T09:23:00-06:00","stageTimeDurationMs":836300,"stageTimeDuration":"00:13:56.3000000","splitPointTimeId":65687,"splitPointId":1997,"entryId":19187,"elapsedDurationMs":513700,"elapsedDuration":"PT8M33.7S","splitDateTime":"2019-03-10T15:31:33.7","splitDateTimeLocal":"2019-03-10T09:31:33.7-06:00"},{"startDateTime":"2019-03-10T15:27:00","startDateTimeLocal":"2019-03-10T09:27:00-06:00","stageTimeDurationMs":832600,"stageTimeDuration":"00:13:52.6000000","splitPointTimeId":65690,"splitPointId":1997,"entryId":19185,"elapsedDurationMs":511300,"elapsedDuration":"PT8M31.3S","splitDateTime":"2019-03-10T15:35:31.3","splitDateTimeLocal":"2019-03-10T09:35:31.3-06:00"},{"startDateTime":"2019-03-10T15:31:00","startDateTimeLocal":"2019-03-10T09:31:00-06:00","stageTimeDurationMs":836800,"stageTimeDuration":"00:13:56.8000000","splitPointTimeId":65693,"splitPointId":1997,"entryId":19188,"elapsedDurationMs":514700,"elapsedDuration":"PT8M34.7S","splitDateTime":"2019-03-10T15:39:34.7","splitDateTimeLocal":"2019-03-10T09:39:34.7-06:00"},{"startDateTime":"2019-03-10T15:35:00","startDateTimeLocal":"2019-03-10T09:35:00-06:00","stageTimeDurationMs":833500,"stageTimeDuration":"00:13:53.5000000","splitPointTimeId":65697,"splitPointId":1997,"entryId":19180,"elapsedDurationMs":511900,"elapsedDuration":"PT8M31.9S","splitDateTime":"2019-03-10T15:43:31.9","splitDateTimeLocal":"2019-03-10T09:43:31.9-06:00"},{"startDateTime":"2019-03-10T15:38:00","startDateTimeLocal":"2019-03-10T09:38:00-06:00","stageTimeDurationMs":906500,"stageTimeDuration":"00:15:06.5000000","splitPointTimeId":65700,"splitPointId":1997,"entryId":19190,"elapsedDurationMs":558500,"elapsedDuration":"PT9M18.5S","splitDateTime":"2019-03-10T15:47:18.5","splitDateTimeLocal":"2019-03-10T09:47:18.5-06:00"},{"startDateTime":"2019-03-10T15:41:00","startDateTimeLocal":"2019-03-10T09:41:00-06:00","stageTimeDurationMs":903700,"stageTimeDuration":"00:15:03.7000000","splitPointTimeId":65703,"splitPointId":1997,"entryId":19191,"elapsedDurationMs":554300,"elapsedDuration":"PT9M14.3S","splitDateTime":"2019-03-10T15:50:14.3","splitDateTimeLocal":"2019-03-10T09:50:14.3-06:00"},{"startDateTime":"2019-03-10T15:44:00","startDateTimeLocal":"2019-03-10T09:44:00-06:00","stageTimeDurationMs":896400,"stageTimeDuration":"00:14:56.4000000","splitPointTimeId":65706,"splitPointId":1997,"entryId":19192,"elapsedDurationMs":554000,"elapsedDuration":"PT9M14S","splitDateTime":"2019-03-10T15:53:14","splitDateTimeLocal":"2019-03-10T09:53:14-06:00"},{"startDateTime":"2019-03-10T15:47:00","startDateTimeLocal":"2019-03-10T09:47:00-06:00","stageTimeDurationMs":929500,"stageTimeDuration":"00:15:29.5000000","splitPointTimeId":65709,"splitPointId":1997,"entryId":19195,"elapsedDurationMs":575400,"elapsedDuration":"PT9M35.4S","splitDateTime":"2019-03-10T15:56:35.4","splitDateTimeLocal":"2019-03-10T09:56:35.4-06:00"},{"startDateTime":"2019-03-10T15:50:00","startDateTimeLocal":"2019-03-10T09:50:00-06:00","stageTimeDurationMs":907900,"stageTimeDuration":"00:15:07.9000000","splitPointTimeId":65712,"splitPointId":1997,"entryId":19194,"elapsedDurationMs":560100,"elapsedDuration":"PT9M20.1S","splitDateTime":"2019-03-10T15:59:20.1","splitDateTimeLocal":"2019-03-10T09:59:20.1-06:00"},{"startDateTime":"2019-03-10T15:53:00","startDateTimeLocal":"2019-03-10T09:53:00-06:00","stageTimeDurationMs":903500,"stageTimeDuration":"00:15:03.5000000","splitPointTimeId":65714,"splitPointId":1997,"entryId":19193,"elapsedDurationMs":559200,"elapsedDuration":"PT9M19.2S","splitDateTime":"2019-03-10T16:02:19.2","splitDateTimeLocal":"2019-03-10T10:02:19.2-06:00"},{"startDateTime":"2019-03-10T15:56:00","startDateTimeLocal":"2019-03-10T09:56:00-06:00","stageTimeDurationMs":1163200,"stageTimeDuration":"00:19:23.2000000","splitPointTimeId":65718,"splitPointId":1997,"entryId":19200,"elapsedDurationMs":728400,"elapsedDuration":"PT12M8.4S","splitDateTime":"2019-03-10T16:08:08.4","splitDateTimeLocal":"2019-03-10T10:08:08.4-06:00"},{"startDateTime":"2019-03-10T15:59:00","startDateTimeLocal":"2019-03-10T09:59:00-06:00","stageTimeDurationMs":1115800,"stageTimeDuration":"00:18:35.8000000","splitPointTimeId":65720,"splitPointId":1997,"entryId":19201,"elapsedDurationMs":685300,"elapsedDuration":"PT11M25.3S","splitDateTime":"2019-03-10T16:10:25.3","splitDateTimeLocal":"2019-03-10T10:10:25.3-06:00"},{"startDateTime":"2019-03-10T15:03:00","startDateTimeLocal":"2019-03-10T09:03:00-06:00","stageTimeDurationMs":852700,"stageTimeDuration":"00:14:12.7000000","splitPointTimeId":65672,"splitPointId":1999,"entryId":19182,"elapsedDurationMs":281200,"elapsedDuration":"PT4M41.2S","splitDateTime":"2019-03-10T15:07:41.2","splitDateTimeLocal":"2019-03-10T09:07:41.2-06:00"},{"startDateTime":"2019-03-10T15:07:00","startDateTimeLocal":"2019-03-10T09:07:00-06:00","stageTimeDurationMs":849100,"stageTimeDuration":"00:14:09.1000000","splitPointTimeId":65673,"splitPointId":1999,"entryId":19189,"elapsedDurationMs":278200,"elapsedDuration":"PT4M38.2S","splitDateTime":"2019-03-10T15:11:38.2","splitDateTimeLocal":"2019-03-10T09:11:38.2-06:00"},{"startDateTime":"2019-03-10T15:11:00","startDateTimeLocal":"2019-03-10T09:11:00-06:00","stageTimeDurationMs":845700,"stageTimeDuration":"00:14:05.7000000","splitPointTimeId":65676,"splitPointId":1999,"entryId":19184,"elapsedDurationMs":277200,"elapsedDuration":"PT4M37.2S","splitDateTime":"2019-03-10T15:15:37.2","splitDateTimeLocal":"2019-03-10T09:15:37.2-06:00"},{"startDateTime":"2019-03-10T15:15:00","startDateTimeLocal":"2019-03-10T09:15:00-06:00","stageTimeDurationMs":840400,"stageTimeDuration":"00:14:00.4000000","splitPointTimeId":65679,"splitPointId":1999,"entryId":19186,"elapsedDurationMs":275600,"elapsedDuration":"PT4M35.6S","splitDateTime":"2019-03-10T15:19:35.6","splitDateTimeLocal":"2019-03-10T09:19:35.6-06:00"},{"startDateTime":"2019-03-10T15:19:00","startDateTimeLocal":"2019-03-10T09:19:00-06:00","stageTimeDurationMs":893500,"stageTimeDuration":"00:14:53.5000000","splitPointTimeId":65682,"splitPointId":1999,"entryId":19183,"elapsedDurationMs":290200,"elapsedDuration":"PT4M50.2S","splitDateTime":"2019-03-10T15:23:50.2","splitDateTimeLocal":"2019-03-10T09:23:50.2-06:00"},{"startDateTime":"2019-03-10T15:23:00","startDateTimeLocal":"2019-03-10T09:23:00-06:00","stageTimeDurationMs":836300,"stageTimeDuration":"00:13:56.3000000","splitPointTimeId":65684,"splitPointId":1999,"entryId":19187,"elapsedDurationMs":273800,"elapsedDuration":"PT4M33.8S","splitDateTime":"2019-03-10T15:27:33.8","splitDateTimeLocal":"2019-03-10T09:27:33.8-06:00"},{"startDateTime":"2019-03-10T15:27:00","startDateTimeLocal":"2019-03-10T09:27:00-06:00","stageTimeDurationMs":832600,"stageTimeDuration":"00:13:52.6000000","splitPointTimeId":65688,"splitPointId":1999,"entryId":19185,"elapsedDurationMs":272700,"elapsedDuration":"PT4M32.7S","splitDateTime":"2019-03-10T15:31:32.7","splitDateTimeLocal":"2019-03-10T09:31:32.7-06:00"},{"startDateTime":"2019-03-10T15:31:00","startDateTimeLocal":"2019-03-10T09:31:00-06:00","stageTimeDurationMs":836800,"stageTimeDuration":"00:13:56.8000000","splitPointTimeId":65691,"splitPointId":1999,"entryId":19188,"elapsedDurationMs":274700,"elapsedDuration":"PT4M34.7S","splitDateTime":"2019-03-10T15:35:34.7","splitDateTimeLocal":"2019-03-10T09:35:34.7-06:00"},{"startDateTime":"2019-03-10T15:35:00","startDateTimeLocal":"2019-03-10T09:35:00-06:00","stageTimeDurationMs":833500,"stageTimeDuration":"00:13:53.5000000","splitPointTimeId":65694,"splitPointId":1999,"entryId":19180,"elapsedDurationMs":274000,"elapsedDuration":"PT4M34S","splitDateTime":"2019-03-10T15:39:34","splitDateTimeLocal":"2019-03-10T09:39:34-06:00"},{"startDateTime":"2019-03-10T15:38:00","startDateTimeLocal":"2019-03-10T09:38:00-06:00","stageTimeDurationMs":906500,"stageTimeDuration":"00:15:06.5000000","splitPointTimeId":65696,"splitPointId":1999,"entryId":19190,"elapsedDurationMs":298300,"elapsedDuration":"PT4M58.3S","splitDateTime":"2019-03-10T15:42:58.3","splitDateTimeLocal":"2019-03-10T09:42:58.3-06:00"},{"startDateTime":"2019-03-10T15:41:00","startDateTimeLocal":"2019-03-10T09:41:00-06:00","stageTimeDurationMs":903700,"stageTimeDuration":"00:15:03.7000000","splitPointTimeId":65699,"splitPointId":1999,"entryId":19191,"elapsedDurationMs":296200,"elapsedDuration":"PT4M56.2S","splitDateTime":"2019-03-10T15:45:56.2","splitDateTimeLocal":"2019-03-10T09:45:56.2-06:00"},{"startDateTime":"2019-03-10T15:44:00","startDateTimeLocal":"2019-03-10T09:44:00-06:00","stageTimeDurationMs":896400,"stageTimeDuration":"00:14:56.4000000","splitPointTimeId":65702,"splitPointId":1999,"entryId":19192,"elapsedDurationMs":296700,"elapsedDuration":"PT4M56.7S","splitDateTime":"2019-03-10T15:48:56.7","splitDateTimeLocal":"2019-03-10T09:48:56.7-06:00"},{"startDateTime":"2019-03-10T15:47:00","startDateTimeLocal":"2019-03-10T09:47:00-06:00","stageTimeDurationMs":929500,"stageTimeDuration":"00:15:29.5000000","splitPointTimeId":65704,"splitPointId":1999,"entryId":19195,"elapsedDurationMs":308800,"elapsedDuration":"PT5M8.8S","splitDateTime":"2019-03-10T15:52:08.8","splitDateTimeLocal":"2019-03-10T09:52:08.8-06:00"},{"startDateTime":"2019-03-10T15:50:00","startDateTimeLocal":"2019-03-10T09:50:00-06:00","stageTimeDurationMs":907900,"stageTimeDuration":"00:15:07.9000000","splitPointTimeId":65707,"splitPointId":1999,"entryId":19194,"elapsedDurationMs":299200,"elapsedDuration":"PT4M59.2S","splitDateTime":"2019-03-10T15:54:59.2","splitDateTimeLocal":"2019-03-10T09:54:59.2-06:00"},{"startDateTime":"2019-03-10T15:53:00","startDateTimeLocal":"2019-03-10T09:53:00-06:00","stageTimeDurationMs":903500,"stageTimeDuration":"00:15:03.5000000","splitPointTimeId":65710,"splitPointId":1999,"entryId":19193,"elapsedDurationMs":301100,"elapsedDuration":"PT5M1.1S","splitDateTime":"2019-03-10T15:58:01.1","splitDateTimeLocal":"2019-03-10T09:58:01.1-06:00"},{"startDateTime":"2019-03-10T15:56:00","startDateTimeLocal":"2019-03-10T09:56:00-06:00","stageTimeDurationMs":1163200,"stageTimeDuration":"00:19:23.2000000","splitPointTimeId":65715,"splitPointId":1999,"entryId":19200,"elapsedDurationMs":394200,"elapsedDuration":"PT6M34.2S","splitDateTime":"2019-03-10T16:02:34.2","splitDateTimeLocal":"2019-03-10T10:02:34.2-06:00"},{"startDateTime":"2019-03-10T15:59:00","startDateTimeLocal":"2019-03-10T09:59:00-06:00","stageTimeDurationMs":1115800,"stageTimeDuration":"00:18:35.8000000","splitPointTimeId":65716,"splitPointId":1999,"entryId":19201,"elapsedDurationMs":371800,"elapsedDuration":"PT6M11.8S","splitDateTime":"2019-03-10T16:05:11.8","splitDateTimeLocal":"2019-03-10T10:05:11.8-06:00"},{"startDateTime":"2019-03-10T15:03:00","startDateTimeLocal":"2019-03-10T09:03:00-06:00","stageTimeDurationMs":852700,"stageTimeDuration":"00:14:12.7000000","splitPointTimeId":65677,"splitPointId":2001,"entryId":19182,"elapsedDurationMs":800400,"elapsedDuration":"PT13M20.4S","splitDateTime":"2019-03-10T15:16:20.4","splitDateTimeLocal":"2019-03-10T09:16:20.4-06:00"},{"startDateTime":"2019-03-10T15:07:00","startDateTimeLocal":"2019-03-10T09:07:00-06:00","stageTimeDurationMs":849100,"stageTimeDuration":"00:14:09.1000000","splitPointTimeId":65680,"splitPointId":2001,"entryId":19189,"elapsedDurationMs":795900,"elapsedDuration":"PT13M15.9S","splitDateTime":"2019-03-10T15:20:15.9","splitDateTimeLocal":"2019-03-10T09:20:15.9-06:00"},{"startDateTime":"2019-03-10T15:11:00","startDateTimeLocal":"2019-03-10T09:11:00-06:00","stageTimeDurationMs":845700,"stageTimeDuration":"00:14:05.7000000","splitPointTimeId":65683,"splitPointId":2001,"entryId":19184,"elapsedDurationMs":793800,"elapsedDuration":"PT13M13.8S","splitDateTime":"2019-03-10T15:24:13.8","splitDateTimeLocal":"2019-03-10T09:24:13.8-06:00"},{"startDateTime":"2019-03-10T15:15:00","startDateTimeLocal":"2019-03-10T09:15:00-06:00","stageTimeDurationMs":840400,"stageTimeDuration":"00:14:00.4000000","splitPointTimeId":65686,"splitPointId":2001,"entryId":19186,"elapsedDurationMs":787400,"elapsedDuration":"PT13M7.4S","splitDateTime":"2019-03-10T15:28:07.4","splitDateTimeLocal":"2019-03-10T09:28:07.4-06:00"},{"startDateTime":"2019-03-10T15:19:00","startDateTimeLocal":"2019-03-10T09:19:00-06:00","stageTimeDurationMs":893500,"stageTimeDuration":"00:14:53.5000000","splitPointTimeId":65689,"splitPointId":2001,"entryId":19183,"elapsedDurationMs":836900,"elapsedDuration":"PT13M56.9S","splitDateTime":"2019-03-10T15:32:56.9","splitDateTimeLocal":"2019-03-10T09:32:56.9-06:00"},{"startDateTime":"2019-03-10T15:23:00","startDateTimeLocal":"2019-03-10T09:23:00-06:00","stageTimeDurationMs":836300,"stageTimeDuration":"00:13:56.3000000","splitPointTimeId":65692,"splitPointId":2001,"entryId":19187,"elapsedDurationMs":783900,"elapsedDuration":"PT13M3.9S","splitDateTime":"2019-03-10T15:36:03.9","splitDateTimeLocal":"2019-03-10T09:36:03.9-06:00"},{"startDateTime":"2019-03-10T15:27:00","startDateTimeLocal":"2019-03-10T09:27:00-06:00","stageTimeDurationMs":832600,"stageTimeDuration":"00:13:52.6000000","splitPointTimeId":65695,"splitPointId":2001,"entryId":19185,"elapsedDurationMs":779900,"elapsedDuration":"PT12M59.9S","splitDateTime":"2019-03-10T15:39:59.9","splitDateTimeLocal":"2019-03-10T09:39:59.9-06:00"},{"startDateTime":"2019-03-10T15:31:00","startDateTimeLocal":"2019-03-10T09:31:00-06:00","stageTimeDurationMs":836800,"stageTimeDuration":"00:13:56.8000000","splitPointTimeId":65698,"splitPointId":2001,"entryId":19188,"elapsedDurationMs":783600,"elapsedDuration":"PT13M3.6S","splitDateTime":"2019-03-10T15:44:03.6","splitDateTimeLocal":"2019-03-10T09:44:03.6-06:00"},{"startDateTime":"2019-03-10T15:35:00","startDateTimeLocal":"2019-03-10T09:35:00-06:00","stageTimeDurationMs":833500,"stageTimeDuration":"00:13:53.5000000","splitPointTimeId":65701,"splitPointId":2001,"entryId":19180,"elapsedDurationMs":780500,"elapsedDuration":"PT13M0.5S","splitDateTime":"2019-03-10T15:48:00.5","splitDateTimeLocal":"2019-03-10T09:48:00.5-06:00"},{"startDateTime":"2019-03-10T15:38:00","startDateTimeLocal":"2019-03-10T09:38:00-06:00","stageTimeDurationMs":906500,"stageTimeDuration":"00:15:06.5000000","splitPointTimeId":65705,"splitPointId":2001,"entryId":19190,"elapsedDurationMs":849900,"elapsedDuration":"PT14M9.9S","splitDateTime":"2019-03-10T15:52:09.9","splitDateTimeLocal":"2019-03-10T09:52:09.9-06:00"},{"startDateTime":"2019-03-10T15:41:00","startDateTimeLocal":"2019-03-10T09:41:00-06:00","stageTimeDurationMs":903700,"stageTimeDuration":"00:15:03.7000000","splitPointTimeId":65708,"splitPointId":2001,"entryId":19191,"elapsedDurationMs":846900,"elapsedDuration":"PT14M6.9S","splitDateTime":"2019-03-10T15:55:06.9","splitDateTimeLocal":"2019-03-10T09:55:06.9-06:00"},{"startDateTime":"2019-03-10T15:44:00","startDateTimeLocal":"2019-03-10T09:44:00-06:00","stageTimeDurationMs":896400,"stageTimeDuration":"00:14:56.4000000","splitPointTimeId":65711,"splitPointId":2001,"entryId":19192,"elapsedDurationMs":840800,"elapsedDuration":"PT14M0.8S","splitDateTime":"2019-03-10T15:58:00.8","splitDateTimeLocal":"2019-03-10T09:58:00.8-06:00"},{"startDateTime":"2019-03-10T15:47:00","startDateTimeLocal":"2019-03-10T09:47:00-06:00","stageTimeDurationMs":929500,"stageTimeDuration":"00:15:29.5000000","splitPointTimeId":65713,"splitPointId":2001,"entryId":19195,"elapsedDurationMs":872800,"elapsedDuration":"PT14M32.8S","splitDateTime":"2019-03-10T16:01:32.8","splitDateTimeLocal":"2019-03-10T10:01:32.8-06:00"},{"startDateTime":"2019-03-10T15:53:00","startDateTimeLocal":"2019-03-10T09:53:00-06:00","stageTimeDurationMs":903500,"stageTimeDuration":"00:15:03.5000000","splitPointTimeId":65717,"splitPointId":2001,"entryId":19193,"elapsedDurationMs":847900,"elapsedDuration":"PT14M7.9S","splitDateTime":"2019-03-10T16:07:07.9","splitDateTimeLocal":"2019-03-10T10:07:07.9-06:00"},{"startDateTime":"2019-03-10T15:50:00","startDateTimeLocal":"2019-03-10T09:50:00-06:00","stageTimeDurationMs":907900,"stageTimeDuration":"00:15:07.9000000","splitPointTimeId":65719,"splitPointId":2001,"entryId":19194,"elapsedDurationMs":851300,"elapsedDuration":"PT14M11.3S","splitDateTime":"2019-03-10T16:04:11.3","splitDateTimeLocal":"2019-03-10T10:04:11.3-06:00"},{"startDateTime":"2019-03-10T15:59:00","startDateTimeLocal":"2019-03-10T09:59:00-06:00","stageTimeDurationMs":1115800,"stageTimeDuration":"00:18:35.8000000","splitPointTimeId":65722,"splitPointId":2001,"entryId":19201,"elapsedDurationMs":1050400,"elapsedDuration":"PT17M30.4S","splitDateTime":"2019-03-10T16:16:30.4","splitDateTimeLocal":"2019-03-10T10:16:30.4-06:00"},{"startDateTime":"2019-03-10T15:56:00","startDateTimeLocal":"2019-03-10T09:56:00-06:00","stageTimeDurationMs":1163200,"stageTimeDuration":"00:19:23.2000000","splitPointTimeId":65723,"splitPointId":2001,"entryId":19200,"elapsedDurationMs":1093900,"elapsedDuration":"PT18M13.9S","splitDateTime":"2019-03-10T16:14:13.9","splitDateTimeLocal":"2019-03-10T10:14:13.9-06:00"}]