[{"entryId":20182,"stageTimeMs":122600,"stageTime":"PT2M2.6S","penaltyTimeMs":0,"penaltyTime":"PT0S","totalTimeMs":122600,"totalTime":"PT2M2.6S","position":1,"diffFirstMs":0,"diffFirst":"PT0S","diffPrevMs":0,"diffPrev":"PT0S"},{"entryId":20180,"stageTimeMs":122600,"stageTime":"PT2M2.6S","penaltyTimeMs":0,"penaltyTime":"PT0S","totalTimeMs":122600,"totalTime":"PT2M2.6S","position":2,"diffFirstMs":0,"diffFirst":"PT0S","diffPrevMs":0,"diffPrev":"PT0S"},{"entryId":20177,"stageTimeMs":124200,"stageTime":"PT2M4.2S","penaltyTimeMs":0,"penaltyTime":"PT0S","totalTimeMs":124200,"totalTime":"PT2M4.2S","position":3,"diffFirstMs":1600,"diffFirst":"PT1.6S","diffPrevMs":1600,"diffPrev":"PT1.6S"},{"entryId":20172,"stageTimeMs":124300,"stageTime":"PT2M4.3S","penaltyTimeMs":0,"penaltyTime":"PT0S","totalTimeMs":124300,"totalTime":"PT2M4.3S","position":4,"diffFirstMs":1700,"diffFirst":"PT1.7S","diffPrevMs":100,"diffPrev":"PT0.1S"},{"entryId":20175,"stageTimeMs":124600,"stageTime":"PT2M4.6S","penaltyTimeMs":0,"penaltyTime":"PT0S","totalTimeMs":124600,"totalTime":"PT2M4.6S","position":5,"diffFirstMs":2000,"diffFirst":"PT2S","diffPrevMs":300,"diffPrev":"PT0.3S"},{"entryId":20174,"stageTimeMs":126500,"stageTime":"PT2M6.5S","penaltyTimeMs":0,"penaltyTime":"PT0S","totalTimeMs":126500,"totalTime":"PT2M6.5S","position":6,"diffFirstMs":3900,"diffFirst":"PT3.9S","diffPrevMs":1900,"diffPrev":"PT1.9S"},{"entryId":20178,"stageTimeMs":126800,"stageTime":"PT2M6.8S","penaltyTimeMs":0,"penaltyTime":"PT0S","totalTimeMs":126800,"totalTime":"PT2M6.8S","position":7,"diffFirstMs":4200,"diffFirst":"PT4.2S","diffPrevMs":300,"diffPrev":"PT0.3S"},{"entryId":20183,"stageTimeMs":126900,"stageTime":"PT2M6.9S","penaltyTimeMs":0,"penaltyTime":"PT0S","totalTimeMs":126900,"totalTime":"PT2M6.9S","position":8,"diffFirstMs":4300,"diffFirst":"PT4.3S","diffPrevMs":100,"diffPrev":"PT0.1S"},{"entryId":20179,"stageTimeMs":127200,"stageTime":"PT2M7.2S","penaltyTimeMs":0,"penaltyTime":"PT0S","totalTimeMs":127200,"totalTime":"PT2M7.2S","position":9,"diffFirstMs":4600,"diffFirst":"PT4.6S","diffPrevMs":300,"diffPrev":"PT0.3S"},{"entryId":20176,"stageTimeMs":127500,"stageTime":"PT2M7.5S","penaltyTimeMs":0,"penaltyTime":"PT0S","totalTimeMs":127500,"totalTime":"PT2M7.5S","position":10,"diffFirstMs":4900,"diffFirst":"PT4.9S","diffPrevMs":300,"diffPrev":"PT0.3S"},{"entryId":20173,"stageTimeMs":127800,"stageTime":"PT2M7.8S","penaltyTimeMs":0,"penaltyTime":"PT0S","totalTimeMs":127800,"totalTime":"PT2M7.8S","position":11,"diffFirstMs":5200,"diffFirst":"PT5.2S","diffPrevMs":300,"diffPrev":"PT0.3S"},{"entryId":20186,"stageTimeMs":128200,"stageTime":"PT2M8.2S","penaltyTimeMs":0,"penaltyTime":"PT0S","totalTimeMs":128200,"totalTime":"PT2M8.2S","position":12,"diffFirstMs":5600,"diffFirst":"PT5.6S","diffPrevMs":400,"diffPrev":"PT0.4S"},{"entryId":20187,"stageTimeMs":129000,"stageTime":"PT2M9S","penaltyTimeMs":0,"penaltyTime":"PT0S","totalTimeMs":129000,"totalTime":"PT2M9S","position":13,"diffFirstMs":6400,"diffFirst":"PT6.4S","diffPrevMs":800,"diffPrev":"PT0.8S"},{"entryId":20185,"stageTimeMs":129400,"stageTime":"PT2M9.4S","penaltyTimeMs":0,"penaltyTime":"PT0S","totalTimeMs":129400,"totalTime":"PT2M9.4S","position":14,"diffFirstMs":6800,"diffFirst":"PT6.8S","diffPrevMs":400,"diffPrev":"PT0.4S"},{"entryId":20184,"stageTimeMs":130300,"stageTime":"PT2M10.3S","penaltyTimeMs":0,"penaltyTime":"PT0S","totalTimeMs":130300,"totalTime":"PT2M10.3S","position":15,"diffFirstMs":7700,"diffFirst":"PT7.7S","diffPrevMs":900,"diffPrev":"PT0.9S"},{"entryId":20194,"stageTimeMs":131500,"stageTime":"PT2M11.5S","penaltyTimeMs":0,"penaltyTime":"PT0S","totalTimeMs":131500,"totalTime":"PT2M11.5S","position":16,"diffFirstMs":8900,"diffFirst":"PT8.9S","diffPrevMs":1200,"diffPrev":"PT1.2S"},{"entryId":20196,"stageTimeMs":132100,"stageTime":"PT2M12.1S","penaltyTimeMs":0,"penaltyTime":"PT0S","totalTimeMs":132100,"totalTime":"PT2M12.1S","position":17,"diffFirstMs":9500,"diffFirst":"PT9.5S","diffPrevMs":600,"diffPrev":"PT0.6S"},{"entryId":20188,"stageTimeMs":132400,"stageTime":"PT2M12.4S","penaltyTimeMs":0,"penaltyTime":"PT0S","totalTimeMs":132400,"totalTime":"PT2M12.4S","position":18,"diffFirstMs":9800,"diffFirst":"PT9.8S","diffPrevMs":300,"diffPrev":"PT0.3S"},{"entryId":20193,"stageTimeMs":132900,"stageTime":"PT2M12.9S","penaltyTimeMs":0,"penaltyTime":"PT0S","totalTimeMs":132900,"totalTime":"PT2M12.9S","position":19,"diffFirstMs":10300,"diffFirst":"PT10.3S","diffPrevMs":500,"diffPrev":"PT0.5S"},{"entryId":20195,"stageTimeMs":134200,"stageTime":"PT2M14.2S","penaltyTimeMs":0,"penaltyTime":"PT0S","totalTimeMs":134200,"totalTime":"PT2M14.2S","position":20,"diffFirstMs":11600,"diffFirst":"PT11.6S","diffPrevMs":1300,"diffPrev":"PT1.3S"},{"entryId":20189,"stageTimeMs":136600,"stageTime":"PT2M16.6S","penaltyTimeMs":0,"penaltyTime":"PT0S","totalTimeMs":136600,"totalTime":"PT2M16.6S","position":21,"diffFirstMs":14000,"diffFirst":"PT14S","diffPrevMs":2400,"diffPrev":"PT2.4S"},{"entryId":20190,"stageTimeMs":139100,"stageTime":"PT2M19.1S","penaltyTimeMs":0,"penaltyTime":"PT0S","totalTimeMs":139100,"totalTime":"PT2M19.1S","position":22,"diffFirstMs":16500,"diffFirst":"PT16.5S","diffPrevMs":2500,"diffPrev":"PT2.5S"},{"entryId":20197,"stageTimeMs":139500,"stageTime":"PT2M19.5S","penaltyTimeMs":0,"penaltyTime":"PT0S","totalTimeMs":139500,"totalTime":"PT2M19.5S","position":23,"diffFirstMs":16900,"diffFirst":"PT16.9S","diffPrevMs":400,"diffPrev":"PT0.4S"},{"entryId":20198,"stageTimeMs":139800,"stageTime":"PT2M19.8S","penaltyTimeMs":0,"penaltyTime":"PT0S","totalTimeMs":139800,"totalTime":"PT2M19.8S","position":24,"diffFirstMs":17200,"diffFirst":"PT17.2S","diffPrevMs":300,"diffPrev":"PT0.3S"},{"entryId":20192,"stageTimeMs":137800,"stageTime":"PT2M17.8S","penaltyTimeMs":10000,"penaltyTime":"PT10S","totalTimeMs":147800,"totalTime":"PT2M27.8S","position":25,"diffFirstMs":25200,"diffFirst":"PT25.2S","diffPrevMs":8000,"diffPrev":"PT8S"},{"entryId":20191,"stageTimeMs":159400,"stageTime":"PT2M39.4S","penaltyTimeMs":0,"penaltyTime":"PT0S","totalTimeMs":159400,"totalTime":"PT2M39.4S","position":26,"diffFirstMs":36800,"diffFirst":"PT36.8S","diffPrevMs":11600,"diffPrev":"PT11.6S"},{"entryId":20200,"stageTimeMs":168400,"stageTime":"PT2M48.4S","penaltyTimeMs":0,"penaltyTime":"PT0S","totalTimeMs":168400,"totalTime":"PT2M48.4S","position":27,"diffFirstMs":45800,"diffFirst":"PT45.8S","diffPrevMs":9000,"diffPrev":"PT9S"},{"entryId":20202,"stageTimeMs":153500,"stageTime":"PT2M33.5S","penaltyTimeMs":60000,"penaltyTime":"PT1M","totalTimeMs":213500,"totalTime":"PT3M33.5S","position":28,"diffFirstMs":90900,"diffFirst":"PT1M30.9S","diffPrevMs":45100,"diffPrev":"PT45.1S"}]