[{"stageTimeId":67118,"stageId":1080,"entryId":19541,"elapsedDurationMs":539900,"elapsedDuration":"00:08:59.9000000","status":"Completed","source":"Default","position":1,"diffFirstMs":0,"diffFirst":"00:00:00","diffPrevMs":0,"diffPrev":"00:00:00"},{"stageTimeId":67131,"stageId":1080,"entryId":19550,"elapsedDurationMs":541400,"elapsedDuration":"00:09:01.4000000","status":"Completed","source":"Default","position":2,"diffFirstMs":1500,"diffFirst":"00:00:01.5000000","diffPrevMs":1500,"diffPrev":"00:00:01.5000000"},{"stageTimeId":67144,"stageId":1080,"entryId":19547,"elapsedDurationMs":542300,"elapsedDuration":"00:09:02.3000000","status":"Completed","source":"Default","position":3,"diffFirstMs":2400,"diffFirst":"00:00:02.4000000","diffPrevMs":900,"diffPrev":"00:00:00.9000000"},{"stageTimeId":67125,"stageId":1080,"entryId":19548,"elapsedDurationMs":542500,"elapsedDuration":"00:09:02.5000000","status":"Completed","source":"Default","position":4,"diffFirstMs":2600,"diffFirst":"00:00:02.6000000","diffPrevMs":200,"diffPrev":"00:00:00.2000000"},{"stageTimeId":67104,"stageId":1080,"entryId":19544,"elapsedDurationMs":543600,"elapsedDuration":"00:09:03.6000000","status":"Completed","source":"Default","position":5,"diffFirstMs":3700,"diffFirst":"00:00:03.7000000","diffPrevMs":1100,"diffPrev":"00:00:01.1000000"},{"stageTimeId":67111,"stageId":1080,"entryId":19546,"elapsedDurationMs":547100,"elapsedDuration":"00:09:07.1000000","status":"Completed","source":"Default","position":6,"diffFirstMs":7200,"diffFirst":"00:00:07.2000000","diffPrevMs":3500,"diffPrev":"00:00:03.5000000"},{"stageTimeId":67151,"stageId":1080,"entryId":19545,"elapsedDurationMs":547400,"elapsedDuration":"00:09:07.4000000","status":"Completed","source":"Default","position":7,"diffFirstMs":7500,"diffFirst":"00:00:07.5000000","diffPrevMs":300,"diffPrev":"00:00:00.3000000"},{"stageTimeId":67137,"stageId":1080,"entryId":19542,"elapsedDurationMs":551600,"elapsedDuration":"00:09:11.6000000","status":"Completed","source":"Default","position":8,"diffFirstMs":11700,"diffFirst":"00:00:11.7000000","diffPrevMs":4200,"diffPrev":"00:00:04.2000000"},{"stageTimeId":67166,"stageId":1080,"entryId":19552,"elapsedDurationMs":573800,"elapsedDuration":"00:09:33.8000000","status":"Completed","source":"Default","position":9,"diffFirstMs":33900,"diffFirst":"00:00:33.9000000","diffPrevMs":22200,"diffPrev":"00:00:22.2000000"},{"stageTimeId":67216,"stageId":1080,"entryId":19551,"elapsedDurationMs":575500,"elapsedDuration":"00:09:35.5000000","status":"Completed","source":"Default","position":10,"diffFirstMs":35600,"diffFirst":"00:00:35.6000000","diffPrevMs":1700,"diffPrev":"00:00:01.7000000"},{"stageTimeId":67197,"stageId":1080,"entryId":19557,"elapsedDurationMs":583000,"elapsedDuration":"00:09:43","status":"Completed","source":"Default","position":11,"diffFirstMs":43100,"diffFirst":"00:00:43.1000000","diffPrevMs":7500,"diffPrev":"00:00:07.5000000"},{"stageTimeId":67189,"stageId":1080,"entryId":19555,"elapsedDurationMs":586100,"elapsedDuration":"00:09:46.1000000","status":"Completed","source":"Default","position":12,"diffFirstMs":46200,"diffFirst":"00:00:46.2000000","diffPrevMs":3100,"diffPrev":"00:00:03.1000000"},{"stageTimeId":67222,"stageId":1080,"entryId":19558,"elapsedDurationMs":588900,"elapsedDuration":"00:09:48.9000000","status":"Completed","source":"Default","position":13,"diffFirstMs":49000,"diffFirst":"00:00:49","diffPrevMs":2800,"diffPrev":"00:00:02.8000000"},{"stageTimeId":67229,"stageId":1080,"entryId":19561,"elapsedDurationMs":604100,"elapsedDuration":"00:10:04.1000000","status":"Completed","source":"Default","position":14,"diffFirstMs":64200,"diffFirst":"00:01:04.2000000","diffPrevMs":15200,"diffPrev":"00:00:15.2000000"},{"stageTimeId":67168,"stageId":1080,"entryId":19559,"elapsedDurationMs":606400,"elapsedDuration":"00:10:06.4000000","status":"Completed","source":"Default","position":15,"diffFirstMs":66500,"diffFirst":"00:01:06.5000000","diffPrevMs":2300,"diffPrev":"00:00:02.3000000"},{"stageTimeId":67175,"stageId":1080,"entryId":19554,"elapsedDurationMs":776300,"elapsedDuration":"00:12:56.3000000","status":"Completed","source":"Default","position":16,"diffFirstMs":236400,"diffFirst":"00:03:56.4000000","diffPrevMs":169900,"diffPrev":"00:02:49.9000000"},{"stageTimeId":67094,"stageId":1080,"entryId":19565,"elapsedDurationMs":787100,"elapsedDuration":"00:13:07.1000000","status":"Completed","source":"Default","position":17,"diffFirstMs":247200,"diffFirst":"00:04:07.2000000","diffPrevMs":10800,"diffPrev":"00:00:10.8000000"},{"stageTimeId":67078,"stageId":1080,"entryId":19564,"elapsedDurationMs":792600,"elapsedDuration":"00:13:12.6000000","status":"Completed","source":"Default","position":18,"diffFirstMs":252700,"diffFirst":"00:04:12.7000000","diffPrevMs":5500,"diffPrev":"00:00:05.5000000"},{"stageTimeId":67092,"stageId":1080,"entryId":19566,"elapsedDurationMs":874400,"elapsedDuration":"00:14:34.4000000","status":"Completed","source":"Default","position":19,"diffFirstMs":334500,"diffFirst":"00:05:34.5000000","diffPrevMs":81800,"diffPrev":"00:01:21.8000000"},{"stageTimeId":67158,"stageId":1080,"entryId":19549,"elapsedDurationMs":959900,"elapsedDuration":"00:15:59.9000000","status":"Completed","source":"Assessed","position":20,"diffFirstMs":420000,"diffFirst":"00:07:00","diffPrevMs":85500,"diffPrev":"00:01:25.5000000"},{"stageTimeId":67207,"stageId":1080,"entryId":19553,"elapsedDurationMs":993800,"elapsedDuration":"00:16:33.8000000","status":"Completed","source":"Assessed","position":21,"diffFirstMs":453900,"diffFirst":"00:07:33.9000000","diffPrevMs":33900,"diffPrev":"00:00:33.9000000"},{"stageTimeId":67086,"stageId":1080,"entryId":19562,"elapsedDurationMs":1024100,"elapsedDuration":"00:17:04.1000000","status":"Completed","source":"Assessed","position":22,"diffFirstMs":484200,"diffFirst":"00:08:04.2000000","diffPrevMs":30300,"diffPrev":"00:00:30.3000000"},{"stageTimeId":67196,"stageId":1080,"entryId":19567,"elapsedDurationMs":1024100,"elapsedDuration":"00:17:04.1000000","status":"Completed","source":"Assessed","position":23,"diffFirstMs":484200,"diffFirst":"00:08:04.2000000","diffPrevMs":0,"diffPrev":"00:00:00"}]