[{"stageTimeId":77527,"stageId":1287,"entryId":20055,"elapsedDurationMs":531500,"elapsedDuration":"00:08:51.5000000","status":"Completed","source":"Default","position":1,"diffFirstMs":0,"diffFirst":"00:00:00","diffPrevMs":0,"diffPrev":"00:00:00"},{"stageTimeId":77594,"stageId":1287,"entryId":20057,"elapsedDurationMs":532000,"elapsedDuration":"00:08:52","status":"Completed","source":"Default","position":2,"diffFirstMs":500,"diffFirst":"00:00:00.5000000","diffPrevMs":500,"diffPrev":"00:00:00.5000000"},{"stageTimeId":77647,"stageId":1287,"entryId":20064,"elapsedDurationMs":534000,"elapsedDuration":"00:08:54","status":"Completed","source":"Default","position":3,"diffFirstMs":2500,"diffFirst":"00:00:02.5000000","diffPrevMs":2000,"diffPrev":"00:00:02"},{"stageTimeId":77522,"stageId":1287,"entryId":20058,"elapsedDurationMs":537100,"elapsedDuration":"00:08:57.1000000","status":"Completed","source":"Default","position":4,"diffFirstMs":5600,"diffFirst":"00:00:05.6000000","diffPrevMs":3100,"diffPrev":"00:00:03.1000000"},{"stageTimeId":77655,"stageId":1287,"entryId":20063,"elapsedDurationMs":537200,"elapsedDuration":"00:08:57.2000000","status":"Completed","source":"Default","position":5,"diffFirstMs":5700,"diffFirst":"00:00:05.7000000","diffPrevMs":100,"diffPrev":"00:00:00.1000000"},{"stageTimeId":77666,"stageId":1287,"entryId":20053,"elapsedDurationMs":537200,"elapsedDuration":"00:08:57.2000000","status":"Completed","source":"Default","position":6,"diffFirstMs":5700,"diffFirst":"00:00:05.7000000","diffPrevMs":0,"diffPrev":"00:00:00"},{"stageTimeId":77672,"stageId":1287,"entryId":20054,"elapsedDurationMs":539000,"elapsedDuration":"00:08:59","status":"Completed","source":"Default","position":7,"diffFirstMs":7500,"diffFirst":"00:00:07.5000000","diffPrevMs":1800,"diffPrev":"00:00:01.8000000"},{"stageTimeId":77680,"stageId":1287,"entryId":20059,"elapsedDurationMs":541800,"elapsedDuration":"00:09:01.8000000","status":"Completed","source":"Default","position":8,"diffFirstMs":10300,"diffFirst":"00:00:10.3000000","diffPrevMs":2800,"diffPrev":"00:00:02.8000000"},{"stageTimeId":77609,"stageId":1287,"entryId":20062,"elapsedDurationMs":551900,"elapsedDuration":"00:09:11.9000000","status":"Completed","source":"Default","position":9,"diffFirstMs":20400,"diffFirst":"00:00:20.4000000","diffPrevMs":10100,"diffPrev":"00:00:10.1000000"},{"stageTimeId":77559,"stageId":1287,"entryId":20073,"elapsedDurationMs":558700,"elapsedDuration":"00:09:18.7000000","status":"Completed","source":"Default","position":10,"diffFirstMs":27200,"diffFirst":"00:00:27.2000000","diffPrevMs":6800,"diffPrev":"00:00:06.8000000"},{"stageTimeId":77503,"stageId":1287,"entryId":20065,"elapsedDurationMs":559100,"elapsedDuration":"00:09:19.1000000","status":"Completed","source":"Default","position":11,"diffFirstMs":27600,"diffFirst":"00:00:27.6000000","diffPrevMs":400,"diffPrev":"00:00:00.4000000"},{"stageTimeId":77520,"stageId":1287,"entryId":20068,"elapsedDurationMs":564100,"elapsedDuration":"00:09:24.1000000","status":"Completed","source":"Default","position":12,"diffFirstMs":32600,"diffFirst":"00:00:32.6000000","diffPrevMs":5000,"diffPrev":"00:00:05"},{"stageTimeId":77263,"stageId":1287,"entryId":20070,"elapsedDurationMs":564900,"elapsedDuration":"00:09:24.9000000","status":"Completed","source":"Default","position":13,"diffFirstMs":33400,"diffFirst":"00:00:33.4000000","diffPrevMs":800,"diffPrev":"00:00:00.8000000"},{"stageTimeId":77551,"stageId":1287,"entryId":20075,"elapsedDurationMs":568400,"elapsedDuration":"00:09:28.4000000","status":"Completed","source":"Default","position":14,"diffFirstMs":36900,"diffFirst":"00:00:36.9000000","diffPrevMs":3500,"diffPrev":"00:00:03.5000000"},{"stageTimeId":77305,"stageId":1287,"entryId":20074,"elapsedDurationMs":572200,"elapsedDuration":"00:09:32.2000000","status":"Completed","source":"Default","position":15,"diffFirstMs":40700,"diffFirst":"00:00:40.7000000","diffPrevMs":3800,"diffPrev":"00:00:03.8000000"},{"stageTimeId":77511,"stageId":1287,"entryId":20067,"elapsedDurationMs":574700,"elapsedDuration":"00:09:34.7000000","status":"Completed","source":"Default","position":16,"diffFirstMs":43200,"diffFirst":"00:00:43.2000000","diffPrevMs":2500,"diffPrev":"00:00:02.5000000"},{"stageTimeId":77281,"stageId":1287,"entryId":20071,"elapsedDurationMs":585600,"elapsedDuration":"00:09:45.6000000","status":"Completed","source":"Default","position":17,"diffFirstMs":54100,"diffFirst":"00:00:54.1000000","diffPrevMs":10900,"diffPrev":"00:00:10.9000000"},{"stageTimeId":77246,"stageId":1287,"entryId":20077,"elapsedDurationMs":602000,"elapsedDuration":"00:10:02","status":"Completed","source":"Default","position":18,"diffFirstMs":70500,"diffFirst":"00:01:10.5000000","diffPrevMs":16400,"diffPrev":"00:00:16.4000000"},{"stageTimeId":77640,"stageId":1287,"entryId":20080,"elapsedDurationMs":613400,"elapsedDuration":"00:10:13.4000000","status":"Completed","source":"Default","position":19,"diffFirstMs":81900,"diffFirst":"00:01:21.9000000","diffPrevMs":11400,"diffPrev":"00:00:11.4000000"},{"stageTimeId":77243,"stageId":1287,"entryId":20079,"elapsedDurationMs":614700,"elapsedDuration":"00:10:14.7000000","status":"Completed","source":"Default","position":20,"diffFirstMs":83200,"diffFirst":"00:01:23.2000000","diffPrevMs":1300,"diffPrev":"00:00:01.3000000"},{"stageTimeId":77260,"stageId":1287,"entryId":20078,"elapsedDurationMs":615800,"elapsedDuration":"00:10:15.8000000","status":"Completed","source":"Default","position":21,"diffFirstMs":84300,"diffFirst":"00:01:24.3000000","diffPrevMs":1100,"diffPrev":"00:00:01.1000000"},{"stageTimeId":77575,"stageId":1287,"entryId":20082,"elapsedDurationMs":620100,"elapsedDuration":"00:10:20.1000000","status":"Completed","source":"Default","position":22,"diffFirstMs":88600,"diffFirst":"00:01:28.6000000","diffPrevMs":4300,"diffPrev":"00:00:04.3000000"},{"stageTimeId":77245,"stageId":1287,"entryId":20060,"elapsedDurationMs":626200,"elapsedDuration":"00:10:26.2000000","status":"Completed","source":"Default","position":23,"diffFirstMs":94700,"diffFirst":"00:01:34.7000000","diffPrevMs":6100,"diffPrev":"00:00:06.1000000"},{"stageTimeId":77416,"stageId":1287,"entryId":20091,"elapsedDurationMs":630300,"elapsedDuration":"00:10:30.3000000","status":"Completed","source":"Default","position":24,"diffFirstMs":98800,"diffFirst":"00:01:38.8000000","diffPrevMs":4100,"diffPrev":"00:00:04.1000000"},{"stageTimeId":77440,"stageId":1287,"entryId":20099,"elapsedDurationMs":634800,"elapsedDuration":"00:10:34.8000000","status":"Completed","source":"Default","position":25,"diffFirstMs":103300,"diffFirst":"00:01:43.3000000","diffPrevMs":4500,"diffPrev":"00:00:04.5000000"},{"stageTimeId":77472,"stageId":1287,"entryId":20107,"elapsedDurationMs":635300,"elapsedDuration":"00:10:35.3000000","status":"Completed","source":"Default","position":26,"diffFirstMs":103800,"diffFirst":"00:01:43.8000000","diffPrevMs":500,"diffPrev":"00:00:00.5000000"},{"stageTimeId":77343,"stageId":1287,"entryId":20087,"elapsedDurationMs":641700,"elapsedDuration":"00:10:41.7000000","status":"Completed","source":"Default","position":27,"diffFirstMs":110200,"diffFirst":"00:01:50.2000000","diffPrevMs":6400,"diffPrev":"00:00:06.4000000"},{"stageTimeId":77488,"stageId":1287,"entryId":20109,"elapsedDurationMs":642800,"elapsedDuration":"00:10:42.8000000","status":"Completed","source":"Default","position":28,"diffFirstMs":111300,"diffFirst":"00:01:51.3000000","diffPrevMs":1100,"diffPrev":"00:00:01.1000000"},{"stageTimeId":77400,"stageId":1287,"entryId":20104,"elapsedDurationMs":643500,"elapsedDuration":"00:10:43.5000000","status":"Completed","source":"Default","position":29,"diffFirstMs":112000,"diffFirst":"00:01:52","diffPrevMs":700,"diffPrev":"00:00:00.7000000"},{"stageTimeId":77448,"stageId":1287,"entryId":20072,"elapsedDurationMs":652600,"elapsedDuration":"00:10:52.6000000","status":"Completed","source":"Default","position":30,"diffFirstMs":121100,"diffFirst":"00:02:01.1000000","diffPrevMs":9100,"diffPrev":"00:00:09.1000000"},{"stageTimeId":77387,"stageId":1287,"entryId":20102,"elapsedDurationMs":653600,"elapsedDuration":"00:10:53.6000000","status":"Completed","source":"Default","position":31,"diffFirstMs":122100,"diffFirst":"00:02:02.1000000","diffPrevMs":1000,"diffPrev":"00:00:01"},{"stageTimeId":77424,"stageId":1287,"entryId":20103,"elapsedDurationMs":660500,"elapsedDuration":"00:11:00.5000000","status":"Completed","source":"Default","position":32,"diffFirstMs":129000,"diffFirst":"00:02:09","diffPrevMs":6900,"diffPrev":"00:00:06.9000000"},{"stageTimeId":77311,"stageId":1287,"entryId":20112,"elapsedDurationMs":676700,"elapsedDuration":"00:11:16.7000000","status":"Completed","source":"Default","position":33,"diffFirstMs":145200,"diffFirst":"00:02:25.2000000","diffPrevMs":16200,"diffPrev":"00:00:16.2000000"},{"stageTimeId":77359,"stageId":1287,"entryId":20086,"elapsedDurationMs":679600,"elapsedDuration":"00:11:19.6000000","status":"Completed","source":"Default","position":34,"diffFirstMs":148100,"diffFirst":"00:02:28.1000000","diffPrevMs":2900,"diffPrev":"00:00:02.9000000"},{"stageTimeId":77383,"stageId":1287,"entryId":20105,"elapsedDurationMs":679900,"elapsedDuration":"00:11:19.9000000","status":"Completed","source":"Default","position":35,"diffFirstMs":148400,"diffFirst":"00:02:28.4000000","diffPrevMs":300,"diffPrev":"00:00:00.3000000"},{"stageTimeId":77391,"stageId":1287,"entryId":20101,"elapsedDurationMs":701900,"elapsedDuration":"00:11:41.9000000","status":"Completed","source":"Default","position":36,"diffFirstMs":170400,"diffFirst":"00:02:50.4000000","diffPrevMs":22000,"diffPrev":"00:00:22"},{"stageTimeId":77583,"stageId":1287,"entryId":20092,"elapsedDurationMs":704700,"elapsedDuration":"00:11:44.7000000","status":"Completed","source":"Default","position":37,"diffFirstMs":173200,"diffFirst":"00:02:53.2000000","diffPrevMs":2800,"diffPrev":"00:00:02.8000000"},{"stageTimeId":77367,"stageId":1287,"entryId":20113,"elapsedDurationMs":730500,"elapsedDuration":"00:12:10.5000000","status":"Completed","source":"Default","position":38,"diffFirstMs":199000,"diffFirst":"00:03:19","diffPrevMs":25800,"diffPrev":"00:00:25.8000000"},{"stageTimeId":77497,"stageId":1287,"entryId":20110,"elapsedDurationMs":733200,"elapsedDuration":"00:12:13.2000000","status":"Completed","source":"Default","position":39,"diffFirstMs":201700,"diffFirst":"00:03:21.7000000","diffPrevMs":2700,"diffPrev":"00:00:02.7000000"},{"stageTimeId":77624,"stageId":1287,"entryId":20114,"elapsedDurationMs":758100,"elapsedDuration":"00:12:38.1000000","status":"Completed","source":"Default","position":40,"diffFirstMs":226600,"diffFirst":"00:03:46.6000000","diffPrevMs":24900,"diffPrev":"00:00:24.9000000"},{"stageTimeId":77432,"stageId":1287,"entryId":20106,"elapsedDurationMs":780600,"elapsedDuration":"00:13:00.6000000","status":"Completed","source":"Default","position":41,"diffFirstMs":249100,"diffFirst":"00:04:09.1000000","diffPrevMs":22500,"diffPrev":"00:00:22.5000000"},{"stageTimeId":77632,"stageId":1287,"entryId":20115,"elapsedDurationMs":787100,"elapsedDuration":"00:13:07.1000000","status":"Completed","source":"Default","position":42,"diffFirstMs":255600,"diffFirst":"00:04:15.6000000","diffPrevMs":6500,"diffPrev":"00:00:06.5000000"},{"stageTimeId":77600,"stageId":1287,"entryId":20116,"elapsedDurationMs":805700,"elapsedDuration":"00:13:25.7000000","status":"Completed","source":"Default","position":43,"diffFirstMs":274200,"diffFirst":"00:04:34.2000000","diffPrevMs":18600,"diffPrev":"00:00:18.6000000"},{"stageTimeId":77535,"stageId":1287,"entryId":20056,"elapsedDurationMs":951500,"elapsedDuration":"00:15:51.5000000","status":"Completed","source":"Assessed","position":44,"diffFirstMs":420000,"diffFirst":"00:07:00","diffPrevMs":145800,"diffPrev":"00:02:25.8000000"},{"stageTimeId":77455,"stageId":1287,"entryId":20081,"elapsedDurationMs":1033400,"elapsedDuration":"00:17:13.4000000","status":"Completed","source":"Assessed","position":45,"diffFirstMs":501900,"diffFirst":"00:08:21.9000000","diffPrevMs":81900,"diffPrev":"00:01:21.9000000"},{"stageTimeId":77628,"stageId":1287,"entryId":20083,"elapsedDurationMs":1033400,"elapsedDuration":"00:17:13.4000000","status":"Completed","source":"Assessed","position":46,"diffFirstMs":501900,"diffFirst":"00:08:21.9000000","diffPrevMs":0,"diffPrev":"00:00:00"},{"stageTimeId":77608,"stageId":1287,"entryId":20084,"elapsedDurationMs":1033400,"elapsedDuration":"00:17:13.4000000","status":"Completed","source":"Assessed","position":47,"diffFirstMs":501900,"diffFirst":"00:08:21.9000000","diffPrevMs":0,"diffPrev":"00:00:00"},{"stageTimeId":77463,"stageId":1287,"entryId":20088,"elapsedDurationMs":1033400,"elapsedDuration":"00:17:13.4000000","status":"Completed","source":"Assessed","position":48,"diffFirstMs":501900,"diffFirst":"00:08:21.9000000","diffPrevMs":0,"diffPrev":"00:00:00"},{"stageTimeId":77335,"stageId":1287,"entryId":20090,"elapsedDurationMs":1033400,"elapsedDuration":"00:17:13.4000000","status":"Completed","source":"Assessed","position":49,"diffFirstMs":501900,"diffFirst":"00:08:21.9000000","diffPrevMs":0,"diffPrev":"00:00:00"},{"stageTimeId":77229,"stageId":1287,"entryId":20093,"elapsedDurationMs":1054800,"elapsedDuration":"00:17:34.8000000","status":"Completed","source":"Assessed","position":50,"diffFirstMs":523300,"diffFirst":"00:08:43.3000000","diffPrevMs":21400,"diffPrev":"00:00:21.4000000"},{"stageTimeId":77261,"stageId":1287,"entryId":20096,"elapsedDurationMs":1054800,"elapsedDuration":"00:17:34.8000000","status":"Completed","source":"Assessed","position":51,"diffFirstMs":523300,"diffFirst":"00:08:43.3000000","diffPrevMs":0,"diffPrev":"00:00:00"},{"stageTimeId":77408,"stageId":1287,"entryId":20098,"elapsedDurationMs":1054800,"elapsedDuration":"00:17:34.8000000","status":"Completed","source":"Assessed","position":52,"diffFirstMs":523300,"diffFirst":"00:08:43.3000000","diffPrevMs":0,"diffPrev":"00:00:00"},{"stageTimeId":77480,"stageId":1287,"entryId":20100,"elapsedDurationMs":1054800,"elapsedDuration":"00:17:34.8000000","status":"Completed","source":"Assessed","position":53,"diffFirstMs":523300,"diffFirst":"00:08:43.3000000","diffPrevMs":0,"diffPrev":"00:00:00"},{"stageTimeId":77319,"stageId":1287,"entryId":20111,"elapsedDurationMs":1055300,"elapsedDuration":"00:17:35.3000000","status":"Completed","source":"Assessed","position":54,"diffFirstMs":523800,"diffFirst":"00:08:43.8000000","diffPrevMs":500,"diffPrev":"00:00:00.5000000"},{"stageTimeId":77352,"stageId":1287,"entryId":20089,"elapsedDurationMs":1863400,"elapsedDuration":"00:31:03.4000000","status":"Completed","source":"Default","position":55,"diffFirstMs":1331900,"diffFirst":"00:22:11.9000000","diffPrevMs":808100,"diffPrev":"00:13:28.1000000"},{"stageTimeId":77285,"stageId":1287,"entryId":20097,"elapsedDurationMs":null,"elapsedDuration":null,"status":"DNS","source":"Default","position":null,"diffFirstMs":null,"diffFirst":null,"diffPrevMs":null,"diffPrev":null},{"stageTimeId":77339,"stageId":1287,"entryId":20108,"elapsedDurationMs":null,"elapsedDuration":null,"status":"DNS","source":"Default","position":null,"diffFirstMs":null,"diffFirst":null,"diffPrevMs":null,"diffPrev":null},{"stageTimeId":77570,"stageId":1287,"entryId":20069,"elapsedDurationMs":null,"elapsedDuration":null,"status":"DNS","source":"Default","position":null,"diffFirstMs":null,"diffFirst":null,"diffPrevMs":null,"diffPrev":null}]