[{"entryId":19180,"stageTimeMs":4615300,"stageTime":"PT1H16M55.3S","penaltyTimeMs":0,"penaltyTime":"PT0S","totalTimeMs":4615300,"totalTime":"PT1H16M55.3S","position":1,"diffFirstMs":0,"diffFirst":"PT0S","diffPrevMs":0,"diffPrev":"PT0S"},{"entryId":19188,"stageTimeMs":4628600,"stageTime":"PT1H17M8.6S","penaltyTimeMs":0,"penaltyTime":"PT0S","totalTimeMs":4628600,"totalTime":"PT1H17M8.6S","position":2,"diffFirstMs":13300,"diffFirst":"PT13.3S","diffPrevMs":13300,"diffPrev":"PT13.3S"},{"entryId":19183,"stageTimeMs":4635200,"stageTime":"PT1H17M15.2S","penaltyTimeMs":0,"penaltyTime":"PT0S","totalTimeMs":4635200,"totalTime":"PT1H17M15.2S","position":3,"diffFirstMs":19900,"diffFirst":"PT19.9S","diffPrevMs":6600,"diffPrev":"PT6.6S"},{"entryId":19185,"stageTimeMs":4652600,"stageTime":"PT1H17M32.6S","penaltyTimeMs":0,"penaltyTime":"PT0S","totalTimeMs":4652600,"totalTime":"PT1H17M32.6S","position":4,"diffFirstMs":37300,"diffFirst":"PT37.3S","diffPrevMs":17400,"diffPrev":"PT17.4S"},{"entryId":19182,"stageTimeMs":4653300,"stageTime":"PT1H17M33.3S","penaltyTimeMs":0,"penaltyTime":"PT0S","totalTimeMs":4653300,"totalTime":"PT1H17M33.3S","position":5,"diffFirstMs":38000,"diffFirst":"PT38S","diffPrevMs":700,"diffPrev":"PT0.7S"},{"entryId":19187,"stageTimeMs":4676200,"stageTime":"PT1H17M56.2S","penaltyTimeMs":0,"penaltyTime":"PT0S","totalTimeMs":4676200,"totalTime":"PT1H17M56.2S","position":6,"diffFirstMs":60900,"diffFirst":"PT1M0.9S","diffPrevMs":22900,"diffPrev":"PT22.9S"},{"entryId":19192,"stageTimeMs":4925000,"stageTime":"PT1H22M5S","penaltyTimeMs":0,"penaltyTime":"PT0S","totalTimeMs":4925000,"totalTime":"PT1H22M5S","position":7,"diffFirstMs":309700,"diffFirst":"PT5M9.7S","diffPrevMs":248800,"diffPrev":"PT4M8.8S"},{"entryId":19191,"stageTimeMs":4935400,"stageTime":"PT1H22M15.4S","penaltyTimeMs":0,"penaltyTime":"PT0S","totalTimeMs":4935400,"totalTime":"PT1H22M15.4S","position":8,"diffFirstMs":320100,"diffFirst":"PT5M20.1S","diffPrevMs":10400,"diffPrev":"PT10.4S"},{"entryId":19194,"stageTimeMs":4999000,"stageTime":"PT1H23M19S","penaltyTimeMs":0,"penaltyTime":"PT0S","totalTimeMs":4999000,"totalTime":"PT1H23M19S","position":9,"diffFirstMs":383700,"diffFirst":"PT6M23.7S","diffPrevMs":63600,"diffPrev":"PT1M3.6S"},{"entryId":19186,"stageTimeMs":5063700,"stageTime":"PT1H24M23.7S","penaltyTimeMs":40000,"penaltyTime":"PT40S","totalTimeMs":5103700,"totalTime":"PT1H25M3.7S","position":10,"diffFirstMs":488400,"diffFirst":"PT8M8.4S","diffPrevMs":104700,"diffPrev":"PT1M44.7S"},{"entryId":19195,"stageTimeMs":5155700,"stageTime":"PT1H25M55.7S","penaltyTimeMs":0,"penaltyTime":"PT0S","totalTimeMs":5155700,"totalTime":"PT1H25M55.7S","position":11,"diffFirstMs":540400,"diffFirst":"PT9M0.4S","diffPrevMs":52000,"diffPrev":"PT52S"},{"entryId":19196,"stageTimeMs":5386600,"stageTime":"PT1H29M46.6S","penaltyTimeMs":0,"penaltyTime":"PT0S","totalTimeMs":5386600,"totalTime":"PT1H29M46.6S","position":12,"diffFirstMs":771300,"diffFirst":"PT12M51.3S","diffPrevMs":230900,"diffPrev":"PT3M50.9S"},{"entryId":19184,"stageTimeMs":5453500,"stageTime":"PT1H30M53.5S","penaltyTimeMs":0,"penaltyTime":"PT0S","totalTimeMs":5453500,"totalTime":"PT1H30M53.5S","position":13,"diffFirstMs":838200,"diffFirst":"PT13M58.2S","diffPrevMs":66900,"diffPrev":"PT1M6.9S"},{"entryId":19202,"stageTimeMs":5607600,"stageTime":"PT1H33M27.6S","penaltyTimeMs":0,"penaltyTime":"PT0S","totalTimeMs":5607600,"totalTime":"PT1H33M27.6S","position":14,"diffFirstMs":992300,"diffFirst":"PT16M32.3S","diffPrevMs":154100,"diffPrev":"PT2M34.1S"},{"entryId":19199,"stageTimeMs":5729500,"stageTime":"PT1H35M29.5S","penaltyTimeMs":0,"penaltyTime":"PT0S","totalTimeMs":5729500,"totalTime":"PT1H35M29.5S","position":15,"diffFirstMs":1114200,"diffFirst":"PT18M34.2S","diffPrevMs":121900,"diffPrev":"PT2M1.9S"},{"entryId":19201,"stageTimeMs":5804800,"stageTime":"PT1H36M44.8S","penaltyTimeMs":0,"penaltyTime":"PT0S","totalTimeMs":5804800,"totalTime":"PT1H36M44.8S","position":16,"diffFirstMs":1189500,"diffFirst":"PT19M49.5S","diffPrevMs":75300,"diffPrev":"PT1M15.3S"},{"entryId":19200,"stageTimeMs":5851000,"stageTime":"PT1H37M31S","penaltyTimeMs":120000,"penaltyTime":"PT2M","totalTimeMs":5971000,"totalTime":"PT1H39M31S","position":17,"diffFirstMs":1355700,"diffFirst":"PT22M35.7S","diffPrevMs":166200,"diffPrev":"PT2M46.2S"},{"entryId":19190,"stageTimeMs":6236500,"stageTime":"PT1H43M56.5S","penaltyTimeMs":0,"penaltyTime":"PT0S","totalTimeMs":6236500,"totalTime":"PT1H43M56.5S","position":18,"diffFirstMs":1621200,"diffFirst":"PT27M1.2S","diffPrevMs":265500,"diffPrev":"PT4M25.5S"},{"entryId":19189,"stageTimeMs":6287100,"stageTime":"PT1H44M47.1S","penaltyTimeMs":0,"penaltyTime":"PT0S","totalTimeMs":6287100,"totalTime":"PT1H44M47.1S","position":19,"diffFirstMs":1671800,"diffFirst":"PT27M51.8S","diffPrevMs":50600,"diffPrev":"PT50.6S"},{"entryId":19193,"stageTimeMs":7174300,"stageTime":"PT1H59M34.3S","penaltyTimeMs":120000,"penaltyTime":"PT2M","totalTimeMs":7294300,"totalTime":"PT2H1M34.3S","position":20,"diffFirstMs":2679000,"diffFirst":"PT44M39S","diffPrevMs":1007200,"diffPrev":"PT16M47.2S"},{"entryId":19203,"stageTimeMs":9145500,"stageTime":"PT2H32M25.5S","penaltyTimeMs":0,"penaltyTime":"PT0S","totalTimeMs":9145500,"totalTime":"PT2H32M25.5S","position":21,"diffFirstMs":4530200,"diffFirst":"PT1H15M30.2S","diffPrevMs":1851200,"diffPrev":"PT30M51.2S"}]