{"championshipRounds":[{"eventId":78,"event":{"eventId":78,"countryId":147,"country":{"countryId":147,"name":"Monaco","iso2":"MC","iso3":"MCO"},"name":"87e Rallye Automobile Monte-Carlo","slug":"87e-rallye-automobile-monte-carlo-2019","location":"Monte-Carlo","startDate":"2019-01-24","finishDate":"2019-01-27","timeZoneId":"Romance Standard Time","timeZoneName":"Central European Time (+01:00)","timeZoneOffset":60,"surfaces":"Tarmac & Ice","organiserUrl":"http://acm.mc/edition/rallye-monte-carlo-edition-2019/","categories":null,"mode":"Rally","trackingEventId":2782,"clerkOfTheCourse":"Alain Pallanca","stewards":"Waltraud Wünsch                                Eric Barrabino                                Zrinko Gregurek","templateFilename":"results-report-templates/e2a3be60-c4d4-4c97-9671-8cb701226d6e.dotx","locked":false},"championshipId":26,"order":1},{"eventId":79,"event":{"eventId":79,"countryId":215,"country":{"countryId":215,"name":"Sweden","iso2":"SE","iso3":"SWE"},"name":"Rally Sweden","slug":"rally-sweden-2019","location":"Torsby","startDate":"2019-02-14","finishDate":"2019-02-17","timeZoneId":"W. Europe Standard Time","timeZoneName":"Central European Time (+01:00)","timeZoneOffset":60,"surfaces":"Snow","organiserUrl":"https://rallysweden.com/en/","categories":null,"mode":"Rally","trackingEventId":2783,"clerkOfTheCourse":"Stig Rune Kjernsli","stewards":"Waltraud Wünsch                                Andrew Kellitt                                Bo Swaner","templateFilename":"results-report-templates/de6b7684-b04f-4484-be60-6621dd305c0c.dotx","locked":false},"championshipId":26,"order":2},{"eventId":80,"event":{"eventId":80,"countryId":144,"country":{"countryId":144,"name":"Mexico","iso2":"MX","iso3":"MEX"},"name":"Rally Guanajuato Mexico","slug":"rally-mexico-2019","location":"Leon","startDate":"2019-03-07","finishDate":"2019-03-10","timeZoneId":"Central America Standard Time","timeZoneName":"Central Time (-06:00)","timeZoneOffset":-360,"surfaces":"Gravel","organiserUrl":"https://www.rallymexico.com/","categories":null,"mode":"Rally","trackingEventId":2784,"clerkOfTheCourse":"Jaime del Palacio","stewards":"Timo Rautiainen                                Mauro Furlanetto                                Carlos Cordero","templateFilename":"results-report-templates/bb5b0231-7faf-468c-80e7-6926a4f66142.dotx","locked":false},"championshipId":26,"order":3},{"eventId":81,"event":{"eventId":81,"countryId":76,"country":{"countryId":76,"name":"France","iso2":"FR","iso3":"FRA"},"name":"Tour de Corse","slug":"tour-de-corse-2019","location":"Bastia","startDate":"2019-03-29","finishDate":"2019-03-31","timeZoneId":"Romance Standard Time","timeZoneName":"Central European Time (+01:00)","timeZoneOffset":60,"surfaces":"Tarmac","organiserUrl":"http://www.tourdecorse.com/site/en/","categories":null,"mode":"Rally","trackingEventId":2785,"clerkOfTheCourse":"Patrick Bouteiller","stewards":"Waltraud Wünsch                                Iain Campbell                                Christian Leca","templateFilename":"results-report-templates/c5126fd6-4b96-4f98-9aaf-5c2b81f1a490.dotx","locked":false},"championshipId":26,"order":4},{"eventId":82,"event":{"eventId":82,"countryId":11,"country":{"countryId":11,"name":"Argentina","iso2":"AR","iso3":"ARG"},"name":"Rally Argentina","slug":"rally-argentina-2019","location":"Villa Carlos Paz","startDate":"2019-04-25","finishDate":"2019-04-28","timeZoneId":"Argentina Standard Time","timeZoneName":"Argentina Time (-03:00)","timeZoneOffset":-180,"surfaces":"Gravel","organiserUrl":"http://www.rallyargentina.com/en","categories":null,"mode":"Rally","trackingEventId":2786,"clerkOfTheCourse":"Alfredo Menéndez","stewards":"Waltraud Wünsch                                Hugo Mersán                                Carlos García Remohí","templateFilename":"results-report-templates/1faf02af-8fb9-46d1-8d1c-304dfaff3436.dotx","locked":false},"championshipId":26,"order":5},{"eventId":83,"event":{"eventId":83,"countryId":45,"country":{"countryId":45,"name":"Chile","iso2":"CL","iso3":"CHL"},"name":"Rally Chile","slug":"rally-chile-2019","location":"Concepcion","startDate":"2019-05-09","finishDate":"2019-05-12","timeZoneId":"Pacific SA Standard Time","timeZoneName":"Chile Time (-03:00)","timeZoneOffset":-180,"surfaces":"Gravel, Tarmac","organiserUrl":"https://www.copecrallychile.com/","categories":null,"mode":"Rally","trackingEventId":2787,"clerkOfTheCourse":"Kurt Horta","stewards":"Waltraud Wünsch                                Marina Dunach                                Gonzalo Concha","templateFilename":"results-report-templates/b75095e0-b5d1-43a6-87a7-b38ba01ca881.dotx","locked":false},"championshipId":26,"order":6},{"eventId":84,"event":{"eventId":84,"countryId":178,"country":{"countryId":178,"name":"Portugal","iso2":"PT","iso3":"PRT"},"name":"Rally de Portugal","slug":"rally-de-portugal-2019","location":"Matosinhos","startDate":"2019-05-30","finishDate":"2019-06-02","timeZoneId":"GMT Standard Time","timeZoneName":"United Kingdom Time (+00:00)","timeZoneOffset":0,"surfaces":"Gravel","organiserUrl":"https://www.rallydeportugal.pt/","categories":null,"mode":"Rally","trackingEventId":2788,"clerkOfTheCourse":"Horácio Rodrigues","stewards":"Timo Rautianen                                Friedhelm Kissel                                Rui Carvalho","templateFilename":"results-report-templates/60c7789e-0c86-47c9-b128-c625a8e237f1.dotx","locked":false},"championshipId":26,"order":7},{"eventId":85,"event":{"eventId":85,"countryId":110,"country":{"countryId":110,"name":"Italy","iso2":"IT","iso3":"ITA"},"name":"Rally Italia Sardegna","slug":"rally-italia-sardegna-2019","location":"Alghero","startDate":"2019-06-13","finishDate":"2019-06-16","timeZoneId":"W. Europe Standard Time","timeZoneName":"Central European Time (+01:00)","timeZoneOffset":60,"surfaces":"Gravel","organiserUrl":"https://www.rallyitaliasardegna.com/","categories":null,"mode":"Rally","trackingEventId":2789,"clerkOfTheCourse":"Lucio DE MORI","stewards":"Timo RAUTIAINEN                                Christian TORNATORE                                Edoardo DELLEANI","templateFilename":"results-report-templates/c4014c4a-996d-4d92-b304-737e5f051ed3.dotx","locked":false},"championshipId":26,"order":8},{"eventId":86,"event":{"eventId":86,"countryId":75,"country":{"countryId":75,"name":"Finland","iso2":"FI","iso3":"FIN"},"name":"Rally Finland","slug":"rally-finland-2019","location":"Jyväskylä","startDate":"2019-07-31","finishDate":"2019-08-03","timeZoneId":"FLE Standard Time","timeZoneName":"Eastern European Time (+02:00)","timeZoneOffset":120,"surfaces":"Gravel","organiserUrl":"https://www.nesterallyfinland.fi/en/","categories":null,"mode":"Rally","trackingEventId":2790,"clerkOfTheCourse":"Kai Tarkiainen","stewards":"Iain Campbell                                Surinder Thatthi                                Heikki Poranen","templateFilename":"results-report-templates/03cec6cf-203a-4b8c-b230-6306998ecc18.dotx","locked":false},"championshipId":26,"order":9},{"eventId":87,"event":{"eventId":87,"countryId":83,"country":{"countryId":83,"name":"Germany","iso2":"DE","iso3":"DEU"},"name":"ADAC Rallye Deutschland","slug":"adac-rallye-deutschland-2019","location":"Bostalsee","startDate":"2019-08-22","finishDate":"2019-08-25","timeZoneId":"W. Europe Standard Time","timeZoneName":"Central European Time (+01:00)","timeZoneOffset":60,"surfaces":"Tarmac","organiserUrl":"https://www.adac-rallye-deutschland.de/uk","categories":null,"mode":"Rally","trackingEventId":2791,"clerkOfTheCourse":"Friedhelm KISSEL","stewards":"Timo RAUTIAINEN                                Adrian STAFFORD                                Wolfgang GASTORFER","templateFilename":"results-report-templates/b26df021-7182-47b3-a0f6-b62f95144b12.dotx","locked":false},"championshipId":26,"order":10},{"eventId":88,"event":{"eventId":88,"countryId":228,"country":{"countryId":228,"name":"Turkey","iso2":"TR","iso3":"TUR"},"name":"Marmaris Rally of Turkey","slug":"marmaris-rally-turkey-2019","location":"Marmaris","startDate":"2019-09-12","finishDate":"2019-09-15","timeZoneId":"Turkey Standard Time","timeZoneName":"Turkey Time (+03:00)","timeZoneOffset":180,"surfaces":"Gravel","organiserUrl":"http://www.rallyturkey.com/","categories":null,"mode":"Rally","trackingEventId":2792,"clerkOfTheCourse":"Murat Kaya","stewards":"Waltraud Wünsch                                Stig Rune Kjernsli                                Adnan Sarıhan","templateFilename":"results-report-templates/4bbc51f3-673f-430a-a320-3801a46a0a30.dotx","locked":false},"championshipId":26,"order":11},{"eventId":89,"event":{"eventId":89,"countryId":235,"country":{"countryId":235,"name":"United Kingdom of Great Britain and Northern Ireland","iso2":"GB","iso3":"GBR"},"name":"Wales Rally GB","slug":"wales-rally-gb-2019","location":"Llandudno","startDate":"2019-10-03","finishDate":"2019-10-06","timeZoneId":"GMT Standard Time","timeZoneName":"United Kingdom Time (+00:00)","timeZoneOffset":0,"surfaces":"Gravel","organiserUrl":"https://www.walesrallygb.com/","categories":null,"mode":"Rally","trackingEventId":2793,"clerkOfTheCourse":"Iain Campbell","stewards":"Timo Rautiainen                                Christian Leca                                Rod Parkin","templateFilename":"results-report-templates/111ab7be-ae7b-47d8-8673-6d0eb441b015.dotx","locked":false},"championshipId":26,"order":12},{"eventId":90,"event":{"eventId":90,"countryId":209,"country":{"countryId":209,"name":"Spain","iso2":"ES","iso3":"ESP"},"name":"RACC Rally Catalunya de Espana","slug":"rally-de-espana-2019","location":"Salou","startDate":"2019-10-24","finishDate":"2019-10-27","timeZoneId":"Romance Standard Time","timeZoneName":"Central European Time (+01:00)","timeZoneOffset":60,"surfaces":"Gravel, Asphalt","organiserUrl":"http://www.rallyracc.com/2019/en/","categories":null,"mode":"Rally","trackingEventId":2794,"clerkOfTheCourse":"Aman Barfull","stewards":"Timo Rautiainen                                Kai Tarkiainen                                David Domingo","templateFilename":"results-report-templates/a509c7da-c769-4859-b8bf-4e348db77c4a.dotx","locked":false},"championshipId":26,"order":13},{"eventId":91,"event":{"eventId":91,"countryId":14,"country":{"countryId":14,"name":"Australia","iso2":"AU","iso3":"AUS"},"name":"Rally Australia","slug":"rally-australia-2019","location":"Coffs Harbous","startDate":"2019-11-14","finishDate":"2019-11-17","timeZoneId":"AUS Eastern Standard Time","timeZoneName":"Eastern Australia Time (+11:00)","timeZoneOffset":660,"surfaces":null,"organiserUrl":null,"categories":null,"mode":"Rally","trackingEventId":2795,"clerkOfTheCourse":null,"stewards":null,"templateFilename":null,"locked":false},"championshipId":26,"order":14}],"championshipEntries":[{"championshipEntryId":406,"championshipId":26,"personId":null,"entrantId":null,"manufacturerId":13,"tyreManufacturer":null,"fieldOne":"CITROEN TOTAL WRT","fieldTwo":"Citroen","fieldThree":"citroen","fieldFour":"","fieldFive":""},{"championshipEntryId":421,"championshipId":26,"personId":null,"entrantId":94,"manufacturerId":26,"tyreManufacturer":null,"fieldOne":"M-SPORT FORD WORLD RALLY TEAM","fieldTwo":"Ford","fieldThree":"ford","fieldFour":"","fieldFive":""},{"championshipEntryId":422,"championshipId":26,"personId":null,"entrantId":166,"manufacturerId":33,"tyreManufacturer":null,"fieldOne":"HYUNDAI SHELL MOBIS WORLD RALLY TEAM","fieldTwo":"Hyundai","fieldThree":"hyundai","fieldFour":"","fieldFive":""},{"championshipEntryId":423,"championshipId":26,"personId":null,"entrantId":91,"manufacturerId":84,"tyreManufacturer":null,"fieldOne":"TOYOTA GAZOO RACING WRT","fieldTwo":"Toyota","fieldThree":"toyota","fieldFour":"","fieldFive":""}],"championshipId":26,"seasonId":4,"name":"FIA World Rally Championship for Manufacturers","type":"Manufacturer","fieldOneDescription":"Name","fieldTwoDescription":"Manufacturer","fieldThreeDescription":"LogoFileName","fieldFourDescription":"","fieldFiveDescription":""}