,_record_name,_rosterentryID,car,carnumber,category,codriver,codriverid,driver,driverid,fiasn,fiasn_aus,fiasn_corse,fiasn_gb,fiasn_ita,fiasn_ita16,fiasn_monte,fiasn_old,fiasn_pol,fiasn_por,fiasn_swe,formerlastname,hasfootage,id,isrelevant,team,teamid,teamseason
a4edbbdf-f724-4582-88ec-d0d0a5d6b919,Ogier,1cc07aaf-b6b6-4b77-9440-46d58cc4c90e,,1,WRC,Ingrassia,6,Ogier,5,191,,,,,,,,,,,,,68,1,Volkswagen Motorsport,1,Volkswagen Motorsport
4918fdfc-fd24-4bb7-8b07-35316ccfb716,Tänak,f303090b-7ad7-42b4-bd01-428020fcbdf3,Ford Fiesta R5,6,WRC,Moelder,1815,Tanak,380,36,,,,,,,,,,,,,89,1,M-Sport World Rally Team,,
595806a1-50e8-4438-86e5-d5c210c19f6b,Evans,e0577012-c657-4c67-843c-b2604a42c4f7,,5,WRC,Barritt,87,Evans,547,66,,,,,,,,,,,,,73,1,M-Sport World Rally Team,4,M-Sport World Rally Team
170f44c2-0fa1-4a60-88af-5b720c12d58d,Paddon,c450b4e9-2609-45e0-acb8-0efab9d2a37c,,20,WRC,Kennard,67,Paddon,66,123,,,,,224,223,,,91,123,,,501,1,Hyundai Motorsport N,59,Hyundai Motorsport N
875b838e-8ba6-4c03-a060-fa4678b1d4ef,Neuville,0c70d53c-f8b7-4911-8569-6ea276a25bc2,,7,WRC,Gilsoul,28,Neuville,27,223,,,101,,,,,,,,,,74,1,Hyundai Shell World Rally Team,10,Hyundai Shell World Rally Team
f9a8f129-8536-4702-8a5c-7ed184d0895e,Mikkelsen,cd87eeb6-7d52-4a36-a424-853ed367016e,,9,WRC,Floene,113,Mikkelsen,25,284,,182,,,,182,,,,,,,76,1,,9,
b9b47649-835c-4390-80b2-72b13ab72993,Al qassimi,a463b749-dad8-4270-9243-67016b714e6c,,,WRC,Patterson,,Al Qassimi,11,45,,,,,,,,,,,,,79,1,,,
89db3396-724c-44ac-9aa6-b90bf143b038,Breen,e0ae1ad4-982c-44cf-8d4d-344cf3172e0b,,,WRC,Martin,,Breen,,25,,,,,30,,,,,,,,,1,,,
4b128056-f923-4561-ba78-fc8c22bd86b8,Meeke,0661d150-a74b-4bf2-afe0-16faa08463fd,,3,WRC,Nagle,47,Meeke,23,,,,,,,139,,25,,,,,70,1,Citroen Total Abu Dhabi World Rally Team,2,Citroen Total Abu Dhabi World Rally Team
950022ae-5858-4cf2-81c2-7b4c85a8cbb7,Latvala,dba0f132-c803-4a24-aace-9fba0420cd46,,2,WRC,Anttila,8,Latvala,7,132,285,,,,,,186,,,,,,69,1,Volkswagen Motorsport,1,Volkswagen Motorsport
4f58400d-bfd3-47fb-9017-16152d470a37,Hänninen,c4846a93-601d-4270-8b3e-48823bb9b583,,0,WRC,Tuominen,116,Hanninen,115,,,,,,,,,,,,,,80,1,Hyundai Shell World Rally Team,10,Hyundai Shell World Rally Team
80e970ec-f8b6-4c0a-9d3f-204391cdc646,Lappi,4a8ef5c0-c84c-4cc0-8ee8-fb6b7f04925b,,,WRC,Ferm,,Lappi,,,,,,,,,,,,,,,,1,,,
4df66aee-50dd-47af-9e5d-4ffdc89dd4d6,Østberg,ab0e74a0-72f9-4cf0-bffc-64a4917ac8fd,,4,WRC,Andersson,114,Ostberg,4,40,,,,46,,,,,40,,,,71,1,Citroen Total Abu Dhabi World Rally Team,2,Citroen Total Abu Dhabi World Rally Team
d86a41a4-a86a-4268-b455-e4f7dc22af86,Serderidis,059d24e6-8347-4e35-b9dc-1340759231e7,Ford Fiesta R5,,WRC,Rose,2759,Serderidis,2754,,,,,,,,,,,,,,88,1,,,
9d0fc79a-ff29-4cfe-ac14-f98a451e45f9,Sordo,854d0874-902e-4278-8673-238a6b8fc93f,,8,WRC,Marti,562,Sordo,33,224,,,,,123,123,,,,91,,,75,1,Hyundai Shell World Rally Team,10,Hyundai Shell World Rally Team
e38bdf30-c7bc-475e-84be-afbbea65f269,Solberg,5916753f-a271-4709-b7a5-39e9a06d56cc,,,WRC2,Menkerud,,Solberg,,38,,,,,,,,,,,,,,1,,,
f35aed56-ac0e-4016-8651-616a8443b8d0,Al rajhi,1c1d4608-7654-48c8-8db3-ce24d19bdce3,,,WRC,Orr,,Al-Rajhi,,181,,,,,,,,,,,,,,1,,,
2c742e83-b192-434d-9462-1f5ce67a9136,Tidemand,325a0975-5197-4549-85e2-870ecc6e5e12,Ford Fiesta R5,,WRC2,Floene,113,Tidemand,112,,,,,,,,,,,,,,531,1,,,
259c195c-96e0-4076-bbff-45ad2cf632dd,Camilli,f356bc70-a40f-45d9-b03f-c3480a279a19,,,WRC2,Veillas,667_x,Bouffier,666_x,236,,,,,,,,,,,,,666_x,1,M-Sport World Rally Team,10,M-Sport World Rally Team
e5dbfed5-76f6-40e6-8a8e-101f9c13258f,Veiby,6b83cf11-3fba-403c-8f26-f01d7bc419fd,,,WRC2,Skjaermoen,,Veiby,,,,,,,,,,,,,,,,1,,,
590ba6fb-dc96-41c6-8243-522ac47106af,Suninen,ffbded31-b2b3-43bd-9932-c358a8caa80b,,,WRC2,Markkula,,Suninen,,,,,,,,,,,,,,true,,1,,,
2d1284be-1a54-44fa-b8b1-f02c6cf81f3f,Tempestini,07420c95-efad-4870-880f-f5707fd93c23,Citroen DS3 R3,,WRC2,Pulpea,427,Tempestini,4397,,,,,,,,,,,,,,537,0,,,
a2a009dd-2a54-49ad-9ff1-f7160976db20,Guerra,2904ba85-fce8-4d88-a147-e5e50a05da44,,,WRC2,Cue,,Guerra,,,,,,,,,,,,,,,,1,,,
85c05abd-8b46-4169-af72-010165e36cf8,Loubet,4a615406-4001-47b1-9f4c-1389196da935,,,WRC2,Landais,,Loubet,,,,,,,,,,,,,,,,1,,,
612cbcb5-c94c-49ac-b212-aee75ce563db,Greensmith,acd41fd5-657a-4164-8044-9df4d2f2cd0b,,,WRC2,Parry,,Greensmith,,,,,,,,,,,,,,,,1,,,
0d78aa71-842a-4d5c-a0e8-9f05bf677229,Pieniazek,ef1f336a-f47d-40c8-b347-234cdb967997,,,WRC2,Mazur,,Pieniazek,,,,,,,,,,,,,,,,1,,,
73253ca9-bd14-4523-af91-0597f9b231ae,Heller,cdcdd862-1fc9-47b4-9ed6-e65548cad76c,,,WRC2,Olmos,,Heller,,,,,,,,,,,,,,,,1,,,
3dc9441f-7412-43ce-8490-b386fbb2b15f,Cave,fb535fd4-ff1b-47a9-ba16-03a32d4ef66a,,,WRC2,Furniss,,Cave,,,,,,,,,,,,,,,,1,,,
366c832d-c972-4e33-b5ae-65d198e51a01,Bonato,d334543d-effa-4fad-8c10-a618f6d19ba0,,,WRC2,Boulloud,,Bonato,,,,,,,,,,,,,,,,1,,,
8eec5fd0-1352-4c32-b818-3f19407e0d79,Jeets,82b1a1b3-5a58-4e20-80b7-4d61e0181d01,,,WRC2,Sikk,,Jeets,,,,,,,,,,,,,,,,1,,,
84e8b6ab-7eb3-4a98-a282-47bab1b0e51d,Brynildsen,82e97c6d-4f64-4b69-8c36-4eb50fd527f0,,,WRC2,Fredriksson,,Brynildsen,,,,,,,,,,,,,,,,1,,,
95c9897c-9c9a-4903-bbb0-6c8ad5d2516f,Andolfi,a1a0c4c7-169c-46e7-9ab7-635d27eca283,,,WRC2,Scattolin,,Andolfi,,,,,,,,,,,,,,,,1,,,
79ee90dc-502c-4afa-98b2-f03d33af6711,Nordgren,e78d5b58-3253-4d09-8c1c-cbcb275400fd,,,WRC2,Suominen,,Nordgren,,,,,,,,,,,,,,,,1,,,
ccb132b8-ba89-4035-b443-907e71b82511,Vatanen,e108b341-7594-444f-8784-154e93368806,,,WRC2,Renucci,,Vatanen,,,,,,,,,,,,,,,,1,,,
74f05167-b056-4773-8b28-7cd05bac572f,Avcioğlu,dc307aff-f8c1-49aa-ab25-3df454dfdecf,,,WRC2,Korkmaz,,Avcioglu,,,,,,,,,,,,,,,,1,,,
b53771df-71d8-4adb-ac69-16a236cdfd54,Bogie,2f83d915-b45d-4334-b643-fbbe84754bd5,,,WRC2,Rae,,Bogie,,,,,,,,,,,,,,,,1,,,
8efb6aec-5f70-471c-af9d-9b9ee4cc9a32,Edwards,a60ec7ed-162b-4104-b7f8-fe042197d681,,,WRC2,Walsh,,Edwards,,,,,,,,,,,,,,,,1,,,
b38dd6ea-b377-4bb3-8053-2ce47220a811,Rovanperä,9bfafd4c-9f7f-4a3f-9809-bcd70f1ea31b,,,WRC2,Halttunen,,Rovanperä,,,,,,,,,,,,,,,,1,,,
69ace7ae-7e42-4e52-8498-00e3fe35030b,Wilson,17111d6e-9b40-4bd2-93fe-8812f9fae8b5,,,WRC2,Loudon,,Wilson,,,,,,,,,,,,,,,,1,,,
64f5a370-27ca-4907-be41-4ae72c8f21f7,Yates,e4dfe623-db9a-464c-829c-fd567250ea12,,,WRC2,Lee,,Yates,,,,,,,,,,,,,,,,1,,,
30d061a9-4f3b-4038-9d89-20591d98c250,Bergkvist,b0b75cf6-7a95-4a39-951d-add0f25878a4,,,WRC2,Floene,,Bergkvist,,,,,,,,,,,,,,,,,,,
951cbd3d-46c4-4820-9cf3-d813abef26ca,Aasen,4f9b6167-4a11-433b-83cc-233d45016eac,,,WRC2,Engan,,Aasen,,,,,,,,,,,,,,,,1,,,
fb3b5c53-5212-4a43-a17d-abbcbd81a1be,Huttunen,84a8aa4a-ab74-446e-85f0-01bd30337ac2,,,WRC2,Linnaketo,,Huttunen,,,,,,,,,,,,,,,,1,,,
541523a5-786b-4b3b-bf22-4180a38b9c81,Boland,cab7a6f4-d6fd-4b44-aaa3-3e8b8bf7b1be,,,WRC2,Morrissey,,Boland,,,,,,,,,,,,,,,,1,,,
