,_record_name,hasgps,nr,offset,position,racetime,telemetry,telemetry_merged,time,_rally_stageid,_carentryid
b8f66d97-944e-465e-a527-f77a4c7a424f_875b838e-8ba6-4c03-a060-fa4678b1d4ef,Neuville,,5,1509042600000,3,70200,/7c1810ff-bb94-487c-9112-534581e6fb5a/ss01neu_telemetry_js/js,,10/26/2017 19:30:00,b8f66d97-944e-465e-a527-f77a4c7a424f,875b838e-8ba6-4c03-a060-fa4678b1d4ef
b8f66d97-944e-465e-a527-f77a4c7a424f_89db3396-724c-44ac-9aa6-b90bf143b038,Breen,true,8,1509042000000,9,71000,/7c1810ff-bb94-487c-9112-534581e6fb5a/ss01bre_telemetry_js/js,/7c1810ff-bb94-487c-9112-534581e6fb5a/ss01bre_telemetry_js_merged/js,10/26/2017 19:20:00,b8f66d97-944e-465e-a527-f77a4c7a424f,89db3396-724c-44ac-9aa6-b90bf143b038
b8f66d97-944e-465e-a527-f77a4c7a424f_595806a1-50e8-4438-86e5-d5c210c19f6b,Evans,,3,1509042240000,6,70800,/7c1810ff-bb94-487c-9112-534581e6fb5a/ss01eva_telemetry_js/js,,10/26/2017 19:24:00,b8f66d97-944e-465e-a527-f77a4c7a424f,595806a1-50e8-4438-86e5-d5c210c19f6b
b8f66d97-944e-465e-a527-f77a4c7a424f_950022ae-5858-4cf2-81c2-7b4c85a8cbb7,Latvala,true,10,1509042480000,2,70100,/7c1810ff-bb94-487c-9112-534581e6fb5a/ss01lat_telemetry_js/js,/7c1810ff-bb94-487c-9112-534581e6fb5a/ss01lat_telemetry_js_merged/js,10/26/2017 19:28:00,b8f66d97-944e-465e-a527-f77a4c7a424f,950022ae-5858-4cf2-81c2-7b4c85a8cbb7
b8f66d97-944e-465e-a527-f77a4c7a424f_a4edbbdf-f724-4582-88ec-d0d0a5d6b919,Ogier,,1,1509042840000,1,69700,/7c1810ff-bb94-487c-9112-534581e6fb5a/ss01ogi_telemetry_js/js,,10/26/2017 19:34:00,b8f66d97-944e-465e-a527-f77a4c7a424f,a4edbbdf-f724-4582-88ec-d0d0a5d6b919
b8f66d97-944e-465e-a527-f77a4c7a424f_170f44c2-0fa1-4a60-88af-5b720c12d58d,Paddon,true,4,1509041520000,11,71300,/7c1810ff-bb94-487c-9112-534581e6fb5a/ss01pad_telemetry_js/js,/7c1810ff-bb94-487c-9112-534581e6fb5a/ss01pad_telemetry_js_merged/js,10/26/2017 19:12:00,b8f66d97-944e-465e-a527-f77a4c7a424f,170f44c2-0fa1-4a60-88af-5b720c12d58d
b8f66d97-944e-465e-a527-f77a4c7a424f_4f58400d-bfd3-47fb-9017-16152d470a37,Hanninen,,11,1509042120000,10,71000,/7c1810ff-bb94-487c-9112-534581e6fb5a/ss01han_telemetry_js/js,,10/26/2017 19:22:00,b8f66d97-944e-465e-a527-f77a4c7a424f,4f58400d-bfd3-47fb-9017-16152d470a37
b8f66d97-944e-465e-a527-f77a4c7a424f_80e970ec-f8b6-4c0a-9d3f-204391cdc646,Lappi,true,12,1509041400000,7,70900,/7c1810ff-bb94-487c-9112-534581e6fb5a/ss01lap_telemetry_js/js,/7c1810ff-bb94-487c-9112-534581e6fb5a/ss01lap_telemetry_js_merged/js,10/26/2017 19:10:00,b8f66d97-944e-465e-a527-f77a4c7a424f,80e970ec-f8b6-4c0a-9d3f-204391cdc646
b8f66d97-944e-465e-a527-f77a4c7a424f_9d0fc79a-ff29-4cfe-ac14-f98a451e45f9,Sordo,true,16,1509042360000,8,70900,/7c1810ff-bb94-487c-9112-534581e6fb5a/ss01sor_telemetry_js/js,,10/26/2017 19:26:00,b8f66d97-944e-465e-a527-f77a4c7a424f,9d0fc79a-ff29-4cfe-ac14-f98a451e45f9
b8f66d97-944e-465e-a527-f77a4c7a424f_4918fdfc-fd24-4bb7-8b07-35316ccfb716,Tanak,true,2,1509042720000,4,70300,/7c1810ff-bb94-487c-9112-534581e6fb5a/ss01tan_telemetry_js/js,/7c1810ff-bb94-487c-9112-534581e6fb5a/ss01tan_telemetry_js_merged/js,10/26/2017 19:32:00,b8f66d97-944e-465e-a527-f77a4c7a424f,4918fdfc-fd24-4bb7-8b07-35316ccfb716
b8f66d97-944e-465e-a527-f77a4c7a424f_4df66aee-50dd-47af-9e5d-4ffdc89dd4d6,Ostberg,true,14,1509041160000,19,73000,/7c1810ff-bb94-487c-9112-534581e6fb5a/ss01ost_telemetry_js/js,/7c1810ff-bb94-487c-9112-534581e6fb5a/ss01ost_telemetry_js_merged/js,10/26/2017 19:06:00,b8f66d97-944e-465e-a527-f77a4c7a424f,4df66aee-50dd-47af-9e5d-4ffdc89dd4d6
b8f66d97-944e-465e-a527-f77a4c7a424f_2c742e83-b192-434d-9462-1f5ce67a9136,Tidemand,,31,1509042960000,12,71700,/7c1810ff-bb94-487c-9112-534581e6fb5a/ss01tid_telemetry_js/js,,10/26/2017 19:36:00,b8f66d97-944e-465e-a527-f77a4c7a424f,2c742e83-b192-434d-9462-1f5ce67a9136
b8f66d97-944e-465e-a527-f77a4c7a424f_b9b47649-835c-4390-80b2-72b13ab72993,Al Qassimi,true,7,1509041040000,27,74400,/7c1810ff-bb94-487c-9112-534581e6fb5a/ss01alq_telemetry_js/js,/7c1810ff-bb94-487c-9112-534581e6fb5a/ss01alq_telemetry_js_merged/js,10/26/2017 19:04:00,b8f66d97-944e-465e-a527-f77a4c7a424f,b9b47649-835c-4390-80b2-72b13ab72993
b8f66d97-944e-465e-a527-f77a4c7a424f_f9a8f129-8536-4702-8a5c-7ed184d0895e,Mikkelsen,true,6,1509041280000,5,70800,/7c1810ff-bb94-487c-9112-534581e6fb5a/ss01mik_telemetry_js/js,/7c1810ff-bb94-487c-9112-534581e6fb5a/ss01mik_telemetry_js_merged/js,10/26/2017 19:08:00,b8f66d97-944e-465e-a527-f77a4c7a424f,f9a8f129-8536-4702-8a5c-7ed184d0895e
b8f66d97-944e-465e-a527-f77a4c7a424f_4b128056-f923-4561-ba78-fc8c22bd86b8,Meeke,,9,1509041640000,16,72200,/7c1810ff-bb94-487c-9112-534581e6fb5a/ss01mee_telemetry_js/js,,10/26/2017 19:14:00,b8f66d97-944e-465e-a527-f77a4c7a424f,4b128056-f923-4561-ba78-fc8c22bd86b8
