,_record_name,hasgps,nr,offset,position,racetime,telemetry,telemetry_merged,time,_rally_stageid,_carentryid
fd1f0fd1-2c44-43de-a31d-9bc3dc582c43_4f58400d-bfd3-47fb-9017-16152d470a37,Hanninen,,11,1509203640000,999,3600000,/7c1810ff-bb94-487c-9112-534581e6fb5a/ss14han_telemetry_js/js,,10/28/2017 16:14:00,fd1f0fd1-2c44-43de-a31d-9bc3dc582c43,4f58400d-bfd3-47fb-9017-16152d470a37
fd1f0fd1-2c44-43de-a31d-9bc3dc582c43_595806a1-50e8-4438-86e5-d5c210c19f6b,Evans,,3,1509204780000,9,69100,/7c1810ff-bb94-487c-9112-534581e6fb5a/ss14eva_telemetry_js/js,,10/28/2017 16:33:00,fd1f0fd1-2c44-43de-a31d-9bc3dc582c43,595806a1-50e8-4438-86e5-d5c210c19f6b
fd1f0fd1-2c44-43de-a31d-9bc3dc582c43_f9a8f129-8536-4702-8a5c-7ed184d0895e,Mikkelsen,true,6,1509204060000,6,68700,/7c1810ff-bb94-487c-9112-534581e6fb5a/ss14mik_telemetry_js/js,/7c1810ff-bb94-487c-9112-534581e6fb5a/ss14mik_telemetry_js_merged/js,10/28/2017 16:21:00,fd1f0fd1-2c44-43de-a31d-9bc3dc582c43,f9a8f129-8536-4702-8a5c-7ed184d0895e
fd1f0fd1-2c44-43de-a31d-9bc3dc582c43_950022ae-5858-4cf2-81c2-7b4c85a8cbb7,Latvala,true,10,1509204300000,4,68500,/7c1810ff-bb94-487c-9112-534581e6fb5a/ss14lat_telemetry_js/js,/7c1810ff-bb94-487c-9112-534581e6fb5a/ss14lat_telemetry_js_merged/js,10/28/2017 16:25:00,fd1f0fd1-2c44-43de-a31d-9bc3dc582c43,950022ae-5858-4cf2-81c2-7b4c85a8cbb7
fd1f0fd1-2c44-43de-a31d-9bc3dc582c43_4b128056-f923-4561-ba78-fc8c22bd86b8,Meeke,,9,1509204180000,7,68700,/7c1810ff-bb94-487c-9112-534581e6fb5a/ss14mee_telemetry_js/js,,10/28/2017 16:23:00,fd1f0fd1-2c44-43de-a31d-9bc3dc582c43,4b128056-f923-4561-ba78-fc8c22bd86b8
fd1f0fd1-2c44-43de-a31d-9bc3dc582c43_a4edbbdf-f724-4582-88ec-d0d0a5d6b919,Ogier,true,1,1509204540000,8,68800,/7c1810ff-bb94-487c-9112-534581e6fb5a/ss14ogi_telemetry_js/js,/7c1810ff-bb94-487c-9112-534581e6fb5a/ss14ogi_telemetry_js_merged/js,10/28/2017 16:29:00,fd1f0fd1-2c44-43de-a31d-9bc3dc582c43,a4edbbdf-f724-4582-88ec-d0d0a5d6b919
fd1f0fd1-2c44-43de-a31d-9bc3dc582c43_4918fdfc-fd24-4bb7-8b07-35316ccfb716,Tanak,,2,1509204660000,3,68300,/7c1810ff-bb94-487c-9112-534581e6fb5a/ss14tan_telemetry_js/js,,10/28/2017 16:31:00,fd1f0fd1-2c44-43de-a31d-9bc3dc582c43,4918fdfc-fd24-4bb7-8b07-35316ccfb716
fd1f0fd1-2c44-43de-a31d-9bc3dc582c43_9d0fc79a-ff29-4cfe-ac14-f98a451e45f9,Sordo,true,16,1509203940000,2,68000,/7c1810ff-bb94-487c-9112-534581e6fb5a/ss14sor_telemetry_js/js,/7c1810ff-bb94-487c-9112-534581e6fb5a/ss14sor_telemetry_js_merged/js,10/28/2017 16:19:00,fd1f0fd1-2c44-43de-a31d-9bc3dc582c43,9d0fc79a-ff29-4cfe-ac14-f98a451e45f9
fd1f0fd1-2c44-43de-a31d-9bc3dc582c43_b9b47649-835c-4390-80b2-72b13ab72993,Al Qassimi,true,7,1509203400000,11,70300,/7c1810ff-bb94-487c-9112-534581e6fb5a/ss14alq_telemetry_js/js,,10/28/2017 16:10:00,fd1f0fd1-2c44-43de-a31d-9bc3dc582c43,b9b47649-835c-4390-80b2-72b13ab72993
fd1f0fd1-2c44-43de-a31d-9bc3dc582c43_80e970ec-f8b6-4c0a-9d3f-204391cdc646,Lappi,true,12,1509203520000,5,68600,/7c1810ff-bb94-487c-9112-534581e6fb5a/ss14lap_telemetry_js/js,/7c1810ff-bb94-487c-9112-534581e6fb5a/ss14lap_telemetry_js_merged/js,10/28/2017 16:12:00,fd1f0fd1-2c44-43de-a31d-9bc3dc582c43,80e970ec-f8b6-4c0a-9d3f-204391cdc646
fd1f0fd1-2c44-43de-a31d-9bc3dc582c43_170f44c2-0fa1-4a60-88af-5b720c12d58d,Paddon,true,4,1509203820000,18,73700,/7c1810ff-bb94-487c-9112-534581e6fb5a/ss14pad_telemetry_js/js,/7c1810ff-bb94-487c-9112-534581e6fb5a/ss14pad_telemetry_js_merged/js,10/28/2017 16:17:00,fd1f0fd1-2c44-43de-a31d-9bc3dc582c43,170f44c2-0fa1-4a60-88af-5b720c12d58d
fd1f0fd1-2c44-43de-a31d-9bc3dc582c43_89db3396-724c-44ac-9aa6-b90bf143b038,Breen,,8,1509204900000,10,69300,/7c1810ff-bb94-487c-9112-534581e6fb5a/ss14bre_telemetry_js/js,,10/28/2017 16:35:00,fd1f0fd1-2c44-43de-a31d-9bc3dc582c43,89db3396-724c-44ac-9aa6-b90bf143b038
fd1f0fd1-2c44-43de-a31d-9bc3dc582c43_2c742e83-b192-434d-9462-1f5ce67a9136,Tidemand,,31,1509205200000,12,70900,/7c1810ff-bb94-487c-9112-534581e6fb5a/ss14tid_telemetry_js/js,,10/28/2017 16:40:00,fd1f0fd1-2c44-43de-a31d-9bc3dc582c43,2c742e83-b192-434d-9462-1f5ce67a9136
