,_record_name,hasgps,nr,offset,position,racetime,telemetry,telemetry_merged,time,_rally_stageid,_carentryid
01a813aa-e199-4cb6-bdcd-3f8fe598be54_4918fdfc-fd24-4bb7-8b07-35316ccfb716,Tanak,,2,1509277560000,12,252700,/7c1810ff-bb94-487c-9112-534581e6fb5a/ss21tan_telemetry_js/js,,10/29/2017 12:46:00,01a813aa-e199-4cb6-bdcd-3f8fe598be54,4918fdfc-fd24-4bb7-8b07-35316ccfb716
01a813aa-e199-4cb6-bdcd-3f8fe598be54_a4edbbdf-f724-4582-88ec-d0d0a5d6b919,Ogier,true,1,1509278340000,4,243100,/7c1810ff-bb94-487c-9112-534581e6fb5a/ss21ogi_telemetry_js/js,/7c1810ff-bb94-487c-9112-534581e6fb5a/ss21ogi_telemetry_js_merged/js,10/29/2017 12:59:00,01a813aa-e199-4cb6-bdcd-3f8fe598be54,a4edbbdf-f724-4582-88ec-d0d0a5d6b919
01a813aa-e199-4cb6-bdcd-3f8fe598be54_595806a1-50e8-4438-86e5-d5c210c19f6b,Evans,true,3,1509278940000,8,247000,/7c1810ff-bb94-487c-9112-534581e6fb5a/ss21eva_telemetry_js/js,/7c1810ff-bb94-487c-9112-534581e6fb5a/ss21eva_telemetry_js_merged/js,10/29/2017 13:09:00,01a813aa-e199-4cb6-bdcd-3f8fe598be54,595806a1-50e8-4438-86e5-d5c210c19f6b
01a813aa-e199-4cb6-bdcd-3f8fe598be54_875b838e-8ba6-4c03-a060-fa4678b1d4ef,Neuville,,5,1509278640000,1,241200,/7c1810ff-bb94-487c-9112-534581e6fb5a/ss21neu_telemetry_js/js,,10/29/2017 13:04:00,01a813aa-e199-4cb6-bdcd-3f8fe598be54,875b838e-8ba6-4c03-a060-fa4678b1d4ef
01a813aa-e199-4cb6-bdcd-3f8fe598be54_f9a8f129-8536-4702-8a5c-7ed184d0895e,Mikkelsen,true,6,1509278040000,5,243200,/7c1810ff-bb94-487c-9112-534581e6fb5a/ss21mik_telemetry_js/js,/7c1810ff-bb94-487c-9112-534581e6fb5a/ss21mik_telemetry_js_merged/js,10/29/2017 12:54:00,01a813aa-e199-4cb6-bdcd-3f8fe598be54,f9a8f129-8536-4702-8a5c-7ed184d0895e
01a813aa-e199-4cb6-bdcd-3f8fe598be54_4b128056-f923-4561-ba78-fc8c22bd86b8,Meeke,,9,1509277320000,2,242700,/7c1810ff-bb94-487c-9112-534581e6fb5a/ss21mee_telemetry_js/js,,10/29/2017 12:42:00,01a813aa-e199-4cb6-bdcd-3f8fe598be54,4b128056-f923-4561-ba78-fc8c22bd86b8
01a813aa-e199-4cb6-bdcd-3f8fe598be54_170f44c2-0fa1-4a60-88af-5b720c12d58d,Paddon,,4,1509277080000,10,247600,/7c1810ff-bb94-487c-9112-534581e6fb5a/ss21pad_telemetry_js/js,,10/29/2017 12:38:00,01a813aa-e199-4cb6-bdcd-3f8fe598be54,170f44c2-0fa1-4a60-88af-5b720c12d58d
01a813aa-e199-4cb6-bdcd-3f8fe598be54_80e970ec-f8b6-4c0a-9d3f-204391cdc646,Lappi,,12,1509276840000,7,245700,/7c1810ff-bb94-487c-9112-534581e6fb5a/ss21lap_telemetry_js/js,,10/29/2017 12:34:00,01a813aa-e199-4cb6-bdcd-3f8fe598be54,80e970ec-f8b6-4c0a-9d3f-204391cdc646
01a813aa-e199-4cb6-bdcd-3f8fe598be54_4df66aee-50dd-47af-9e5d-4ffdc89dd4d6,Ostberg,true,14,1509275880000,11,248100,/7c1810ff-bb94-487c-9112-534581e6fb5a/ss21ost_telemetry_js/js,/7c1810ff-bb94-487c-9112-534581e6fb5a/ss21ost_telemetry_js_merged/js,10/29/2017 12:18:00,01a813aa-e199-4cb6-bdcd-3f8fe598be54,4df66aee-50dd-47af-9e5d-4ffdc89dd4d6
01a813aa-e199-4cb6-bdcd-3f8fe598be54_89db3396-724c-44ac-9aa6-b90bf143b038,Breen,,8,1509276360000,6,243200,/7c1810ff-bb94-487c-9112-534581e6fb5a/ss21bre_telemetry_js/js,,10/29/2017 12:26:00,01a813aa-e199-4cb6-bdcd-3f8fe598be54,89db3396-724c-44ac-9aa6-b90bf143b038
01a813aa-e199-4cb6-bdcd-3f8fe598be54_9d0fc79a-ff29-4cfe-ac14-f98a451e45f9,Sordo,true,16,1509276600000,9,247500,/7c1810ff-bb94-487c-9112-534581e6fb5a/ss21sor_telemetry_js/js,/7c1810ff-bb94-487c-9112-534581e6fb5a/ss21sor_telemetry_js_merged/js,10/29/2017 12:30:00,01a813aa-e199-4cb6-bdcd-3f8fe598be54,9d0fc79a-ff29-4cfe-ac14-f98a451e45f9
01a813aa-e199-4cb6-bdcd-3f8fe598be54_b9b47649-835c-4390-80b2-72b13ab72993,Al Qassimi,,7,1509276120000,33,265800,/7c1810ff-bb94-487c-9112-534581e6fb5a/ss21alq_telemetry_js/js,,10/29/2017 12:22:00,01a813aa-e199-4cb6-bdcd-3f8fe598be54,b9b47649-835c-4390-80b2-72b13ab72993
01a813aa-e199-4cb6-bdcd-3f8fe598be54_2c742e83-b192-434d-9462-1f5ce67a9136,Tidemand,,31,1509279180000,19,256700,/7c1810ff-bb94-487c-9112-534581e6fb5a/ss21tid_telemetry_js/js,,10/29/2017 13:13:00,01a813aa-e199-4cb6-bdcd-3f8fe598be54,2c742e83-b192-434d-9462-1f5ce67a9136
