,_record_name,hasgps,nr,offset,position,racetime,telemetry,telemetry_merged,time,_rally_stageid,_carentryid
4e708416-d5de-4f32-8c74-96955383cecf_a4edbbdf-f724-4582-88ec-d0d0a5d6b919,Ogier,true,1,1509273360000,6,336500,/7c1810ff-bb94-487c-9112-534581e6fb5a/ss20ogi_telemetry_js/js,/7c1810ff-bb94-487c-9112-534581e6fb5a/ss20ogi_telemetry_js_merged/js,10/29/2017 11:36:00,4e708416-d5de-4f32-8c74-96955383cecf,a4edbbdf-f724-4582-88ec-d0d0a5d6b919
4e708416-d5de-4f32-8c74-96955383cecf_595806a1-50e8-4438-86e5-d5c210c19f6b,Evans,true,3,1509273540000,4,335600,/7c1810ff-bb94-487c-9112-534581e6fb5a/ss20eva_telemetry_js/js,/7c1810ff-bb94-487c-9112-534581e6fb5a/ss20eva_telemetry_js_merged/js,10/29/2017 11:39:00,4e708416-d5de-4f32-8c74-96955383cecf,595806a1-50e8-4438-86e5-d5c210c19f6b
4e708416-d5de-4f32-8c74-96955383cecf_875b838e-8ba6-4c03-a060-fa4678b1d4ef,Neuville,,5,1509273180000,3,335300,/7c1810ff-bb94-487c-9112-534581e6fb5a/ss20neu_telemetry_js/js,,10/29/2017 11:33:00,4e708416-d5de-4f32-8c74-96955383cecf,875b838e-8ba6-4c03-a060-fa4678b1d4ef
4e708416-d5de-4f32-8c74-96955383cecf_f9a8f129-8536-4702-8a5c-7ed184d0895e,Mikkelsen,true,6,1509272820000,1,334500,/7c1810ff-bb94-487c-9112-534581e6fb5a/ss20mik_telemetry_js/js,/7c1810ff-bb94-487c-9112-534581e6fb5a/ss20mik_telemetry_js_merged/js,10/29/2017 11:27:00,4e708416-d5de-4f32-8c74-96955383cecf,f9a8f129-8536-4702-8a5c-7ed184d0895e
4e708416-d5de-4f32-8c74-96955383cecf_950022ae-5858-4cf2-81c2-7b4c85a8cbb7,Latvala,true,10,1509273000000,9,339600,/7c1810ff-bb94-487c-9112-534581e6fb5a/ss20lat_telemetry_js/js,/7c1810ff-bb94-487c-9112-534581e6fb5a/ss20lat_telemetry_js_merged/js,10/29/2017 11:30:00,4e708416-d5de-4f32-8c74-96955383cecf,950022ae-5858-4cf2-81c2-7b4c85a8cbb7
4e708416-d5de-4f32-8c74-96955383cecf_4918fdfc-fd24-4bb7-8b07-35316ccfb716,Tanak,,2,1509272640000,2,335200,/7c1810ff-bb94-487c-9112-534581e6fb5a/ss20tan_telemetry_js/js,,10/29/2017 11:24:00,4e708416-d5de-4f32-8c74-96955383cecf,4918fdfc-fd24-4bb7-8b07-35316ccfb716
4e708416-d5de-4f32-8c74-96955383cecf_170f44c2-0fa1-4a60-88af-5b720c12d58d,Paddon,,4,1509272280000,7,338100,/7c1810ff-bb94-487c-9112-534581e6fb5a/ss20pad_telemetry_js/js,,10/29/2017 11:18:00,4e708416-d5de-4f32-8c74-96955383cecf,170f44c2-0fa1-4a60-88af-5b720c12d58d
4e708416-d5de-4f32-8c74-96955383cecf_80e970ec-f8b6-4c0a-9d3f-204391cdc646,Lappi,true,12,1509272100000,11,342000,/7c1810ff-bb94-487c-9112-534581e6fb5a/ss20lap_telemetry_js/js,/7c1810ff-bb94-487c-9112-534581e6fb5a/ss20lap_telemetry_js_merged/js,10/29/2017 11:15:00,4e708416-d5de-4f32-8c74-96955383cecf,80e970ec-f8b6-4c0a-9d3f-204391cdc646
4e708416-d5de-4f32-8c74-96955383cecf_4df66aee-50dd-47af-9e5d-4ffdc89dd4d6,Ostberg,true,14,1509273900000,12,343300,/7c1810ff-bb94-487c-9112-534581e6fb5a/ss20ost_telemetry_js/js,/7c1810ff-bb94-487c-9112-534581e6fb5a/ss20ost_telemetry_js_merged/js,10/29/2017 11:45:00,4e708416-d5de-4f32-8c74-96955383cecf,4df66aee-50dd-47af-9e5d-4ffdc89dd4d6
4e708416-d5de-4f32-8c74-96955383cecf_89db3396-724c-44ac-9aa6-b90bf143b038,Breen,true,8,1509273720000,8,338600,/7c1810ff-bb94-487c-9112-534581e6fb5a/ss20bre_telemetry_js/js,/7c1810ff-bb94-487c-9112-534581e6fb5a/ss20bre_telemetry_js_merged/js,10/29/2017 11:42:00,4e708416-d5de-4f32-8c74-96955383cecf,89db3396-724c-44ac-9aa6-b90bf143b038
4e708416-d5de-4f32-8c74-96955383cecf_b9b47649-835c-4390-80b2-72b13ab72993,Al Qassimi,,7,1509271740000,36,370000,/7c1810ff-bb94-487c-9112-534581e6fb5a/ss20alq_telemetry_js/js,,10/29/2017 11:09:00,4e708416-d5de-4f32-8c74-96955383cecf,b9b47649-835c-4390-80b2-72b13ab72993
4e708416-d5de-4f32-8c74-96955383cecf_9d0fc79a-ff29-4cfe-ac14-f98a451e45f9,Sordo,true,16,1509271920000,10,341900,/7c1810ff-bb94-487c-9112-534581e6fb5a/ss20sor_telemetry_js/js,/7c1810ff-bb94-487c-9112-534581e6fb5a/ss20sor_telemetry_js_merged/js,10/29/2017 11:12:00,4e708416-d5de-4f32-8c74-96955383cecf,9d0fc79a-ff29-4cfe-ac14-f98a451e45f9
4e708416-d5de-4f32-8c74-96955383cecf_2c742e83-b192-434d-9462-1f5ce67a9136,Tidemand,,31,1509274080000,15,354800,/7c1810ff-bb94-487c-9112-534581e6fb5a/ss20tid_telemetry_js/js,,10/29/2017 11:48:00,4e708416-d5de-4f32-8c74-96955383cecf,2c742e83-b192-434d-9462-1f5ce67a9136
