,accx,accy,altitude,brk,driverid,gear,heading,kms,lat,lon,name,rpm,speed,status,throttle,track,utx,_rally_stageid,_carentryid,_telemetryID,_name
0,0,0,0,0,,0,322.67,0,52.7381046,-3.5474198,016,0,0.036,OK,0,,1509214901500,bab3b51f-cc31-4bc5-97d6-239fc3ae33cd,9d0fc79a-ff29-4cfe-ac14-f98a451e45f9,/7c1810ff-bb94-487c-9112-534581e6fb5a/ss16sor_telemetry_js/js,Sordo
3,0,0,0,0,,0,322.67,0,52.7381062,-3.5474305,016,0,0.036,OK,0,,1509214881500,bab3b51f-cc31-4bc5-97d6-239fc3ae33cd,9d0fc79a-ff29-4cfe-ac14-f98a451e45f9,/7c1810ff-bb94-487c-9112-534581e6fb5a/ss16sor_telemetry_js/js,Sordo
6,0,0,0,0,,0,322.67,0,52.7381123,-3.5474335999999997,016,0,0.144,OK,0,,1509214861500,bab3b51f-cc31-4bc5-97d6-239fc3ae33cd,9d0fc79a-ff29-4cfe-ac14-f98a451e45f9,/7c1810ff-bb94-487c-9112-534581e6fb5a/ss16sor_telemetry_js/js,Sordo
9,0,0,0,0,,0,322.67,0,52.738115799999996,-3.5474319,016,0,0.036,OK,0,,1509214841500,bab3b51f-cc31-4bc5-97d6-239fc3ae33cd,9d0fc79a-ff29-4cfe-ac14-f98a451e45f9,/7c1810ff-bb94-487c-9112-534581e6fb5a/ss16sor_telemetry_js/js,Sordo
12,0,0,0,0,,0,322.67,0,52.738113,-3.5474268,016,0,0.144,OK,0,,1509214821500,bab3b51f-cc31-4bc5-97d6-239fc3ae33cd,9d0fc79a-ff29-4cfe-ac14-f98a451e45f9,/7c1810ff-bb94-487c-9112-534581e6fb5a/ss16sor_telemetry_js/js,Sordo
14,0,0,0,0,,0,321.75,0,52.7380083,-3.5472921,016,0,26.208,OK,0,,1509214800500,bab3b51f-cc31-4bc5-97d6-239fc3ae33cd,9d0fc79a-ff29-4cfe-ac14-f98a451e45f9,/7c1810ff-bb94-487c-9112-534581e6fb5a/ss16sor_telemetry_js/js,Sordo
15,0,0,0,0,,0,312.55,0,52.737759999999994,-3.5469162,016,0,41.544,OK,0,,1509214796500,bab3b51f-cc31-4bc5-97d6-239fc3ae33cd,9d0fc79a-ff29-4cfe-ac14-f98a451e45f9,/7c1810ff-bb94-487c-9112-534581e6fb5a/ss16sor_telemetry_js/js,Sordo
16,0,0,0,0,,0,316.81,0,52.737446299999995,-3.5463671,016,0,50.364,OK,0,,1509214792500,bab3b51f-cc31-4bc5-97d6-239fc3ae33cd,9d0fc79a-ff29-4cfe-ac14-f98a451e45f9,/7c1810ff-bb94-487c-9112-534581e6fb5a/ss16sor_telemetry_js/js,Sordo
17,0,0,0,0,,0,299.07,0,52.7370752,-3.5456944,016,0,63.612,OK,0,,1509214788500,bab3b51f-cc31-4bc5-97d6-239fc3ae33cd,9d0fc79a-ff29-4cfe-ac14-f98a451e45f9,/7c1810ff-bb94-487c-9112-534581e6fb5a/ss16sor_telemetry_js/js,Sordo
18,0,0,0,0,,0,305.31,0,52.736712999999995,-3.5448402,016,0,60.804,OK,0,,1509214784500,bab3b51f-cc31-4bc5-97d6-239fc3ae33cd,9d0fc79a-ff29-4cfe-ac14-f98a451e45f9,/7c1810ff-bb94-487c-9112-534581e6fb5a/ss16sor_telemetry_js/js,Sordo
19,0,0,0,0,,0,285.54,0,52.7365042,-3.5440016,016,0,49.14,OK,0,,1509214780500,bab3b51f-cc31-4bc5-97d6-239fc3ae33cd,9d0fc79a-ff29-4cfe-ac14-f98a451e45f9,/7c1810ff-bb94-487c-9112-534581e6fb5a/ss16sor_telemetry_js/js,Sordo
20,0,0,0,0,,0,319.68,0,52.7362112,-3.5433652,016,0,54.9,OK,0,,1509214776500,bab3b51f-cc31-4bc5-97d6-239fc3ae33cd,9d0fc79a-ff29-4cfe-ac14-f98a451e45f9,/7c1810ff-bb94-487c-9112-534581e6fb5a/ss16sor_telemetry_js/js,Sordo
21,0,0,0,0,,0,302.37,0,52.7358622,-3.5426815,016,0,53.244,OK,0,,1509214772500,bab3b51f-cc31-4bc5-97d6-239fc3ae33cd,9d0fc79a-ff29-4cfe-ac14-f98a451e45f9,/7c1810ff-bb94-487c-9112-534581e6fb5a/ss16sor_telemetry_js/js,Sordo
22,0,0,0,0,,0,276.75,0,52.7356815,-3.541892,016,0,55.692,OK,0,,1509214768500,bab3b51f-cc31-4bc5-97d6-239fc3ae33cd,9d0fc79a-ff29-4cfe-ac14-f98a451e45f9,/7c1810ff-bb94-487c-9112-534581e6fb5a/ss16sor_telemetry_js/js,Sordo
23,0,0,0,0,,0,276.79,0,52.735617399999995,-3.540957,016,0,53.856,OK,0,,1509214764500,bab3b51f-cc31-4bc5-97d6-239fc3ae33cd,9d0fc79a-ff29-4cfe-ac14-f98a451e45f9,/7c1810ff-bb94-487c-9112-534581e6fb5a/ss16sor_telemetry_js/js,Sordo
24,0,0,0,0,,0,276.0,0,52.73564666666667,-3.541245,016,0,57.0,OK,0,,1509214764000,bab3b51f-cc31-4bc5-97d6-239fc3ae33cd,9d0fc79a-ff29-4cfe-ac14-f98a451e45f9,/7c1810ff-bb94-487c-9112-534581e6fb5a/ss16sor_telemetry_js/js,Sordo
26,0,0,0,0,,0,291.34,0,52.7355168,-3.5401842,016,0,40.14,OK,0,,1509214760500,bab3b51f-cc31-4bc5-97d6-239fc3ae33cd,9d0fc79a-ff29-4cfe-ac14-f98a451e45f9,/7c1810ff-bb94-487c-9112-534581e6fb5a/ss16sor_telemetry_js/js,Sordo
27,0,0,0,0,,0,292.0,0,52.735508333333335,-3.5400466666666666,016,0,36.0,OK,0,,1509214758000,bab3b51f-cc31-4bc5-97d6-239fc3ae33cd,9d0fc79a-ff29-4cfe-ac14-f98a451e45f9,/7c1810ff-bb94-487c-9112-534581e6fb5a/ss16sor_telemetry_js/js,Sordo
29,0,0,0,0,,0,296.0,0,52.735436666666665,-3.5397883333333335,016,0,27.0,OK,0,,1509214756000,bab3b51f-cc31-4bc5-97d6-239fc3ae33cd,9d0fc79a-ff29-4cfe-ac14-f98a451e45f9,/7c1810ff-bb94-487c-9112-534581e6fb5a/ss16sor_telemetry_js/js,Sordo
30,0,0,0,0,,0,296.0,0,52.73538333333333,-3.539606666666667,016,0,12.0,OK,0,,1509214754000,bab3b51f-cc31-4bc5-97d6-239fc3ae33cd,9d0fc79a-ff29-4cfe-ac14-f98a451e45f9,/7c1810ff-bb94-487c-9112-534581e6fb5a/ss16sor_telemetry_js/js,Sordo
31,0,0,0,0,,0,296.9,0,52.7353496,-3.5396019,016,0,0.0,OK,0,,1509214743500,bab3b51f-cc31-4bc5-97d6-239fc3ae33cd,9d0fc79a-ff29-4cfe-ac14-f98a451e45f9,/7c1810ff-bb94-487c-9112-534581e6fb5a/ss16sor_telemetry_js/js,Sordo
32,0,0,0,0,,0,296.9,0,52.7353497,-3.5396023999999997,016,0,0.036,OK,0,,1509214723500,bab3b51f-cc31-4bc5-97d6-239fc3ae33cd,9d0fc79a-ff29-4cfe-ac14-f98a451e45f9,/7c1810ff-bb94-487c-9112-534581e6fb5a/ss16sor_telemetry_js/js,Sordo
33,0,0,0,0,,0,313.06,0,52.735177199999995,-3.5392029,016,0,39.348,OK,0,,1509214700500,bab3b51f-cc31-4bc5-97d6-239fc3ae33cd,9d0fc79a-ff29-4cfe-ac14-f98a451e45f9,/7c1810ff-bb94-487c-9112-534581e6fb5a/ss16sor_telemetry_js/js,Sordo
34,0,0,0,0,,0,308.0,0,52.73528666666667,-3.5392433333333333,016,0,32.0,OK,0,,1509214700000,bab3b51f-cc31-4bc5-97d6-239fc3ae33cd,9d0fc79a-ff29-4cfe-ac14-f98a451e45f9,/7c1810ff-bb94-487c-9112-534581e6fb5a/ss16sor_telemetry_js/js,Sordo
36,0,0,0,0,,0,298.72,0,52.7348527,-3.5386246,016,0,58.284,OK,0,,1509214696500,bab3b51f-cc31-4bc5-97d6-239fc3ae33cd,9d0fc79a-ff29-4cfe-ac14-f98a451e45f9,/7c1810ff-bb94-487c-9112-534581e6fb5a/ss16sor_telemetry_js/js,Sordo
37,0,0,0,0,,0,266.32,0,52.734758299999996,-3.5375665,016,0,71.712,OK,0,,1509214692500,bab3b51f-cc31-4bc5-97d6-239fc3ae33cd,9d0fc79a-ff29-4cfe-ac14-f98a451e45f9,/7c1810ff-bb94-487c-9112-534581e6fb5a/ss16sor_telemetry_js/js,Sordo
38,0,0,0,0,,0,267.13,0,52.734799599999995,-3.5363965,016,0,69.12,OK,0,,1509214688500,bab3b51f-cc31-4bc5-97d6-239fc3ae33cd,9d0fc79a-ff29-4cfe-ac14-f98a451e45f9,/7c1810ff-bb94-487c-9112-534581e6fb5a/ss16sor_telemetry_js/js,Sordo
39,0,0,0,0,,0,272.25,0,52.7348201,-3.535286,016,0,79.452,OK,0,,1509214684500,bab3b51f-cc31-4bc5-97d6-239fc3ae33cd,9d0fc79a-ff29-4cfe-ac14-f98a451e45f9,/7c1810ff-bb94-487c-9112-534581e6fb5a/ss16sor_telemetry_js/js,Sordo
40,0,0,0,0,,0,268.0,0,52.734875,-3.5356016666666665,016,0,66.0,OK,0,,1509214684000,bab3b51f-cc31-4bc5-97d6-239fc3ae33cd,9d0fc79a-ff29-4cfe-ac14-f98a451e45f9,/7c1810ff-bb94-487c-9112-534581e6fb5a/ss16sor_telemetry_js/js,Sordo
41,0,0,0,0,,0,287.11,0,52.7346625,-3.5336312,016,0,129.996,OK,0,,1509214680500,bab3b51f-cc31-4bc5-97d6-239fc3ae33cd,9d0fc79a-ff29-4cfe-ac14-f98a451e45f9,/7c1810ff-bb94-487c-9112-534581e6fb5a/ss16sor_telemetry_js/js,Sordo
42,0,0,0,0,,0,263.25,0,52.734376499999996,-3.5316792,016,0,115.02,OK,0,,1509214676500,bab3b51f-cc31-4bc5-97d6-239fc3ae33cd,9d0fc79a-ff29-4cfe-ac14-f98a451e45f9,/7c1810ff-bb94-487c-9112-534581e6fb5a/ss16sor_telemetry_js/js,Sordo
43,0,0,0,0,,0,222.77,0,52.7348271,-3.5299846,016,0,104.616,OK,0,,1509214672500,bab3b51f-cc31-4bc5-97d6-239fc3ae33cd,9d0fc79a-ff29-4cfe-ac14-f98a451e45f9,/7c1810ff-bb94-487c-9112-534581e6fb5a/ss16sor_telemetry_js/js,Sordo
44,0,0,0,0,,0,195.85,0,52.735730399999994,-3.5291658,016,0,124.488,OK,0,,1509214668500,bab3b51f-cc31-4bc5-97d6-239fc3ae33cd,9d0fc79a-ff29-4cfe-ac14-f98a451e45f9,/7c1810ff-bb94-487c-9112-534581e6fb5a/ss16sor_telemetry_js/js,Sordo
45,0,0,0,0,,0,184.91,0,52.7371714,-3.5285947,016,0,149.112,OK,0,,1509214664500,bab3b51f-cc31-4bc5-97d6-239fc3ae33cd,9d0fc79a-ff29-4cfe-ac14-f98a451e45f9,/7c1810ff-bb94-487c-9112-534581e6fb5a/ss16sor_telemetry_js/js,Sordo
46,0,0,0,0,,0,153.89,0,52.7385655,-3.5290479,016,0,142.128,OK,0,,1509214660500,bab3b51f-cc31-4bc5-97d6-239fc3ae33cd,9d0fc79a-ff29-4cfe-ac14-f98a451e45f9,/7c1810ff-bb94-487c-9112-534581e6fb5a/ss16sor_telemetry_js/js,Sordo
47,0,0,0,0,,0,162.89,0,52.739795699999995,-3.5299412,016,0,115.596,OK,0,,1509214656500,bab3b51f-cc31-4bc5-97d6-239fc3ae33cd,9d0fc79a-ff29-4cfe-ac14-f98a451e45f9,/7c1810ff-bb94-487c-9112-534581e6fb5a/ss16sor_telemetry_js/js,Sordo
48,0,0,0,0,,0,225.39,0,52.740665,-3.5299059,016,0,84.744,OK,0,,1509214652500,bab3b51f-cc31-4bc5-97d6-239fc3ae33cd,9d0fc79a-ff29-4cfe-ac14-f98a451e45f9,/7c1810ff-bb94-487c-9112-534581e6fb5a/ss16sor_telemetry_js/js,Sordo
49,0,0,0,0,,0,209.44,0,52.7413762,-3.5286724,016,0,98.532,OK,0,,1509214648500,bab3b51f-cc31-4bc5-97d6-239fc3ae33cd,9d0fc79a-ff29-4cfe-ac14-f98a451e45f9,/7c1810ff-bb94-487c-9112-534581e6fb5a/ss16sor_telemetry_js/js,Sordo
50,0,0,0,0,,0,190.55,0,52.7424727,-3.5283159,016,0,124.596,OK,0,,1509214644500,bab3b51f-cc31-4bc5-97d6-239fc3ae33cd,9d0fc79a-ff29-4cfe-ac14-f98a451e45f9,/7c1810ff-bb94-487c-9112-534581e6fb5a/ss16sor_telemetry_js/js,Sordo
51,0,0,0,0,,0,160.79,0,52.743533899999996,-3.5281202,016,0,84.096,OK,0,,1509214640500,bab3b51f-cc31-4bc5-97d6-239fc3ae33cd,9d0fc79a-ff29-4cfe-ac14-f98a451e45f9,/7c1810ff-bb94-487c-9112-534581e6fb5a/ss16sor_telemetry_js/js,Sordo
52,0,0,0,0,,0,259.74,0,52.7441233,-3.5278378999999997,016,0,56.664,OK,0,,1509214636500,bab3b51f-cc31-4bc5-97d6-239fc3ae33cd,9d0fc79a-ff29-4cfe-ac14-f98a451e45f9,/7c1810ff-bb94-487c-9112-534581e6fb5a/ss16sor_telemetry_js/js,Sordo
53,0,0,0,0,,0,340.19,0,52.7437538,-3.5271486,016,0,88.488,OK,0,,1509214632500,bab3b51f-cc31-4bc5-97d6-239fc3ae33cd,9d0fc79a-ff29-4cfe-ac14-f98a451e45f9,/7c1810ff-bb94-487c-9112-534581e6fb5a/ss16sor_telemetry_js/js,Sordo
54,0,0,0,0,,0,346.34,0,52.7426104,-3.5265751,016,0,151.38,OK,0,,1509214628500,bab3b51f-cc31-4bc5-97d6-239fc3ae33cd,9d0fc79a-ff29-4cfe-ac14-f98a451e45f9,/7c1810ff-bb94-487c-9112-534581e6fb5a/ss16sor_telemetry_js/js,Sordo
55,0,0,0,0,,0,348.08,0,52.7412681,-3.5262045,016,0,113.904,OK,0,,1509214624500,bab3b51f-cc31-4bc5-97d6-239fc3ae33cd,9d0fc79a-ff29-4cfe-ac14-f98a451e45f9,/7c1810ff-bb94-487c-9112-534581e6fb5a/ss16sor_telemetry_js/js,Sordo
56,0,0,0,0,,0,309.55,0,52.7404322,-3.5253528,016,0,112.5,OK,0,,1509214620500,bab3b51f-cc31-4bc5-97d6-239fc3ae33cd,9d0fc79a-ff29-4cfe-ac14-f98a451e45f9,/7c1810ff-bb94-487c-9112-534581e6fb5a/ss16sor_telemetry_js/js,Sordo
57,0,0,0,0,,0,282.4,0,52.739957499999996,-3.5236495,016,0,125.064,OK,0,,1509214616500,bab3b51f-cc31-4bc5-97d6-239fc3ae33cd,9d0fc79a-ff29-4cfe-ac14-f98a451e45f9,/7c1810ff-bb94-487c-9112-534581e6fb5a/ss16sor_telemetry_js/js,Sordo
58,0,0,0,0,,0,269.1,0,52.739750099999995,-3.5215783,016,0,111.636,OK,0,,1509214612500,bab3b51f-cc31-4bc5-97d6-239fc3ae33cd,9d0fc79a-ff29-4cfe-ac14-f98a451e45f9,/7c1810ff-bb94-487c-9112-534581e6fb5a/ss16sor_telemetry_js/js,Sordo
59,0,0,0,0,,0,227.39,0,52.740167199999995,-3.5200813,016,0,108.9,OK,0,,1509214608500,bab3b51f-cc31-4bc5-97d6-239fc3ae33cd,9d0fc79a-ff29-4cfe-ac14-f98a451e45f9,/7c1810ff-bb94-487c-9112-534581e6fb5a/ss16sor_telemetry_js/js,Sordo
60,0,0,0,0,,0,281.87,0,52.7405926,-3.5189754,016,0,60.444,OK,0,,1509214604500,bab3b51f-cc31-4bc5-97d6-239fc3ae33cd,9d0fc79a-ff29-4cfe-ac14-f98a451e45f9,/7c1810ff-bb94-487c-9112-534581e6fb5a/ss16sor_telemetry_js/js,Sordo
61,0,0,0,0,,0,315.08,0,52.7401146,-3.5178965,016,0,107.28,OK,0,,1509214600500,bab3b51f-cc31-4bc5-97d6-239fc3ae33cd,9d0fc79a-ff29-4cfe-ac14-f98a451e45f9,/7c1810ff-bb94-487c-9112-534581e6fb5a/ss16sor_telemetry_js/js,Sordo
62,0,0,0,0,,0,309.52,0,52.7392788,-3.5166355,016,0,124.164,OK,0,,1509214596500,bab3b51f-cc31-4bc5-97d6-239fc3ae33cd,9d0fc79a-ff29-4cfe-ac14-f98a451e45f9,/7c1810ff-bb94-487c-9112-534581e6fb5a/ss16sor_telemetry_js/js,Sordo
63,0,0,0,0,,0,284.81,0,52.738631999999996,-3.5148172,016,0,118.728,OK,0,,1509214592500,bab3b51f-cc31-4bc5-97d6-239fc3ae33cd,9d0fc79a-ff29-4cfe-ac14-f98a451e45f9,/7c1810ff-bb94-487c-9112-534581e6fb5a/ss16sor_telemetry_js/js,Sordo
64,0,0,0,0,,0,320.94,0,52.738242,-3.5133037,016,0,99.468,OK,0,,1509214588500,bab3b51f-cc31-4bc5-97d6-239fc3ae33cd,9d0fc79a-ff29-4cfe-ac14-f98a451e45f9,/7c1810ff-bb94-487c-9112-534581e6fb5a/ss16sor_telemetry_js/js,Sordo
65,0,0,0,0,,0,333.96,0,52.737211099999996,-3.5123174,016,0,146.304,OK,0,,1509214584500,bab3b51f-cc31-4bc5-97d6-239fc3ae33cd,9d0fc79a-ff29-4cfe-ac14-f98a451e45f9,/7c1810ff-bb94-487c-9112-534581e6fb5a/ss16sor_telemetry_js/js,Sordo
66,0,0,0,0,,0,324.93,0,52.736050399999996,-3.5113706000000002,016,0,107.136,OK,0,,1509214580500,bab3b51f-cc31-4bc5-97d6-239fc3ae33cd,9d0fc79a-ff29-4cfe-ac14-f98a451e45f9,/7c1810ff-bb94-487c-9112-534581e6fb5a/ss16sor_telemetry_js/js,Sordo
67,0,0,0,0,,0,344.83,0,52.7352455,-3.5103529,016,0,80.352,OK,0,,1509214576500,bab3b51f-cc31-4bc5-97d6-239fc3ae33cd,9d0fc79a-ff29-4cfe-ac14-f98a451e45f9,/7c1810ff-bb94-487c-9112-534581e6fb5a/ss16sor_telemetry_js/js,Sordo
68,0,0,0,0,,0,21.33,0,52.7344273,-3.510635,016,0,107.244,OK,0,,1509214572500,bab3b51f-cc31-4bc5-97d6-239fc3ae33cd,9d0fc79a-ff29-4cfe-ac14-f98a451e45f9,/7c1810ff-bb94-487c-9112-534581e6fb5a/ss16sor_telemetry_js/js,Sordo
69,0,0,0,0,,0,345.27,0,52.733440599999994,-3.5109833999999998,016,0,104.58,OK,0,,1509214568500,bab3b51f-cc31-4bc5-97d6-239fc3ae33cd,9d0fc79a-ff29-4cfe-ac14-f98a451e45f9,/7c1810ff-bb94-487c-9112-534581e6fb5a/ss16sor_telemetry_js/js,Sordo
70,0,0,0,0,,0,311.32,0,52.7324585,-3.509904,016,0,138.42,OK,0,,1509214564500,bab3b51f-cc31-4bc5-97d6-239fc3ae33cd,9d0fc79a-ff29-4cfe-ac14-f98a451e45f9,/7c1810ff-bb94-487c-9112-534581e6fb5a/ss16sor_telemetry_js/js,Sordo
71,0,0,0,0,,0,306.52,0,52.731686599999996,-3.5084484,016,0,84.924,OK,0,,1509214560500,bab3b51f-cc31-4bc5-97d6-239fc3ae33cd,9d0fc79a-ff29-4cfe-ac14-f98a451e45f9,/7c1810ff-bb94-487c-9112-534581e6fb5a/ss16sor_telemetry_js/js,Sordo
72,0,0,0,0,,0,23.78,0,52.731179499999996,-3.5080385,016,0,69.444,OK,0,,1509214556500,bab3b51f-cc31-4bc5-97d6-239fc3ae33cd,9d0fc79a-ff29-4cfe-ac14-f98a451e45f9,/7c1810ff-bb94-487c-9112-534581e6fb5a/ss16sor_telemetry_js/js,Sordo
73,0,0,0,0,,0,37.25,0,52.7304156,-3.5090206999999998,016,0,128.664,OK,0,,1509214552500,bab3b51f-cc31-4bc5-97d6-239fc3ae33cd,9d0fc79a-ff29-4cfe-ac14-f98a451e45f9,/7c1810ff-bb94-487c-9112-534581e6fb5a/ss16sor_telemetry_js/js,Sordo
74,0,0,0,0,,0,350.27,0,52.7293667,-3.5096493,016,0,100.692,OK,0,,1509214548500,bab3b51f-cc31-4bc5-97d6-239fc3ae33cd,9d0fc79a-ff29-4cfe-ac14-f98a451e45f9,/7c1810ff-bb94-487c-9112-534581e6fb5a/ss16sor_telemetry_js/js,Sordo
75,0,0,0,0,,0,301.2,0,52.728538799999995,-3.5087218,016,0,87.228,OK,0,,1509214544500,bab3b51f-cc31-4bc5-97d6-239fc3ae33cd,9d0fc79a-ff29-4cfe-ac14-f98a451e45f9,/7c1810ff-bb94-487c-9112-534581e6fb5a/ss16sor_telemetry_js/js,Sordo
76,0,0,0,0,,0,38.42,0,52.7281854,-3.5082008,016,0,51.912,OK,0,,1509214540500,bab3b51f-cc31-4bc5-97d6-239fc3ae33cd,9d0fc79a-ff29-4cfe-ac14-f98a451e45f9,/7c1810ff-bb94-487c-9112-534581e6fb5a/ss16sor_telemetry_js/js,Sordo
77,0,0,0,0,,0,50.74,0,52.7276178,-3.5093699000000003,016,0,122.976,OK,0,,1509214536500,bab3b51f-cc31-4bc5-97d6-239fc3ae33cd,9d0fc79a-ff29-4cfe-ac14-f98a451e45f9,/7c1810ff-bb94-487c-9112-534581e6fb5a/ss16sor_telemetry_js/js,Sordo
78,0,0,0,0,,0,19.92,0,52.7267319,-3.5104799,016,0,117.396,OK,0,,1509214532500,bab3b51f-cc31-4bc5-97d6-239fc3ae33cd,9d0fc79a-ff29-4cfe-ac14-f98a451e45f9,/7c1810ff-bb94-487c-9112-534581e6fb5a/ss16sor_telemetry_js/js,Sordo
79,0,0,0,0,,0,348.99,0,52.725828899999996,-3.5108922,016,0,70.38,OK,0,,1509214528500,bab3b51f-cc31-4bc5-97d6-239fc3ae33cd,9d0fc79a-ff29-4cfe-ac14-f98a451e45f9,/7c1810ff-bb94-487c-9112-534581e6fb5a/ss16sor_telemetry_js/js,Sordo
80,0,0,0,0,,0,284.9,0,52.7254168,-3.5100406,016,0,93.816,OK,0,,1509214524500,bab3b51f-cc31-4bc5-97d6-239fc3ae33cd,9d0fc79a-ff29-4cfe-ac14-f98a451e45f9,/7c1810ff-bb94-487c-9112-534581e6fb5a/ss16sor_telemetry_js/js,Sordo
81,0,0,0,0,,0,284.23,0,52.725268299999996,-3.5091434,016,0,136.98,OK,0,,1509214522500,bab3b51f-cc31-4bc5-97d6-239fc3ae33cd,9d0fc79a-ff29-4cfe-ac14-f98a451e45f9,/7c1810ff-bb94-487c-9112-534581e6fb5a/ss16sor_telemetry_js/js,Sordo
82,0,0,0,0,,0,271.75,0,52.7251616,-3.5080659,016,0,128.556,OK,0,,1509214520500,bab3b51f-cc31-4bc5-97d6-239fc3ae33cd,9d0fc79a-ff29-4cfe-ac14-f98a451e45f9,/7c1810ff-bb94-487c-9112-534581e6fb5a/ss16sor_telemetry_js/js,Sordo
83,0,0,0,0,,0,268.78,0,52.7250145,-3.5059991999999998,016,0,127.692,OK,0,,1509214516500,bab3b51f-cc31-4bc5-97d6-239fc3ae33cd,9d0fc79a-ff29-4cfe-ac14-f98a451e45f9,/7c1810ff-bb94-487c-9112-534581e6fb5a/ss16sor_telemetry_js/js,Sordo
84,0,0,0,0,,0,251.22,0,52.7252477,-3.5037418000000002,016,0,139.896,OK,0,,1509214512500,bab3b51f-cc31-4bc5-97d6-239fc3ae33cd,9d0fc79a-ff29-4cfe-ac14-f98a451e45f9,/7c1810ff-bb94-487c-9112-534581e6fb5a/ss16sor_telemetry_js/js,Sordo
85,0,0,0,0,,0,251.29,0,52.7258328,-3.501521,016,0,139.68,OK,0,,1509214508500,bab3b51f-cc31-4bc5-97d6-239fc3ae33cd,9d0fc79a-ff29-4cfe-ac14-f98a451e45f9,/7c1810ff-bb94-487c-9112-534581e6fb5a/ss16sor_telemetry_js/js,Sordo
86,0,0,0,0,,0,241.81,0,52.7261977,-3.4996169999999998,016,0,97.272,OK,0,,1509214504500,bab3b51f-cc31-4bc5-97d6-239fc3ae33cd,9d0fc79a-ff29-4cfe-ac14-f98a451e45f9,/7c1810ff-bb94-487c-9112-534581e6fb5a/ss16sor_telemetry_js/js,Sordo
87,0,0,0,0,,0,282.8,0,52.726495199999995,-3.4986964,016,0,24.264,OK,0,,1509214500500,bab3b51f-cc31-4bc5-97d6-239fc3ae33cd,9d0fc79a-ff29-4cfe-ac14-f98a451e45f9,/7c1810ff-bb94-487c-9112-534581e6fb5a/ss16sor_telemetry_js/js,Sordo
88,0,0,0,0,,0,344.83,0,52.7261028,-3.4987023,016,0,64.188,OK,0,,1509214496500,bab3b51f-cc31-4bc5-97d6-239fc3ae33cd,9d0fc79a-ff29-4cfe-ac14-f98a451e45f9,/7c1810ff-bb94-487c-9112-534581e6fb5a/ss16sor_telemetry_js/js,Sordo
89,0,0,0,0,,0,273.26,0,52.725808699999995,-3.4977871,016,0,92.628,OK,0,,1509214492500,bab3b51f-cc31-4bc5-97d6-239fc3ae33cd,9d0fc79a-ff29-4cfe-ac14-f98a451e45f9,/7c1810ff-bb94-487c-9112-534581e6fb5a/ss16sor_telemetry_js/js,Sordo
90,0,0,0,0,,0,270.24,0,52.7257831,-3.4959455,016,0,129.384,OK,0,,1509214488500,bab3b51f-cc31-4bc5-97d6-239fc3ae33cd,9d0fc79a-ff29-4cfe-ac14-f98a451e45f9,/7c1810ff-bb94-487c-9112-534581e6fb5a/ss16sor_telemetry_js/js,Sordo
91,0,0,0,0,,0,285.91,0,52.7255517,-3.4936976,016,0,141.768,OK,0,,1509214484500,bab3b51f-cc31-4bc5-97d6-239fc3ae33cd,9d0fc79a-ff29-4cfe-ac14-f98a451e45f9,/7c1810ff-bb94-487c-9112-534581e6fb5a/ss16sor_telemetry_js/js,Sordo
92,0,0,0,0,,0,301.13,0,52.725169199999996,-3.4918215999999997,016,0,88.956,OK,0,,1509214480500,bab3b51f-cc31-4bc5-97d6-239fc3ae33cd,9d0fc79a-ff29-4cfe-ac14-f98a451e45f9,/7c1810ff-bb94-487c-9112-534581e6fb5a/ss16sor_telemetry_js/js,Sordo
93,0,0,0,0,,0,295.72,0,52.7245381,-3.4906474,016,0,95.22,OK,0,,1509214476500,bab3b51f-cc31-4bc5-97d6-239fc3ae33cd,9d0fc79a-ff29-4cfe-ac14-f98a451e45f9,/7c1810ff-bb94-487c-9112-534581e6fb5a/ss16sor_telemetry_js/js,Sordo
94,0,0,0,0,,0,262.23,0,52.7244193,-3.4891584,016,0,96.768,OK,0,,1509214472500,bab3b51f-cc31-4bc5-97d6-239fc3ae33cd,9d0fc79a-ff29-4cfe-ac14-f98a451e45f9,/7c1810ff-bb94-487c-9112-534581e6fb5a/ss16sor_telemetry_js/js,Sordo
95,0,0,0,0,,0,266.28,0,52.724413,-3.4875354,016,0,78.984,OK,0,,1509214468500,bab3b51f-cc31-4bc5-97d6-239fc3ae33cd,9d0fc79a-ff29-4cfe-ac14-f98a451e45f9,/7c1810ff-bb94-487c-9112-534581e6fb5a/ss16sor_telemetry_js/js,Sordo
96,0,0,0,0,,0,348.17,0,52.724123899999995,-3.48668,016,0,75.384,OK,0,,1509214464500,bab3b51f-cc31-4bc5-97d6-239fc3ae33cd,9d0fc79a-ff29-4cfe-ac14-f98a451e45f9,/7c1810ff-bb94-487c-9112-534581e6fb5a/ss16sor_telemetry_js/js,Sordo
97,0,0,0,0,,0,317.85,0,52.7233228,-3.4865038,016,0,73.08,OK,0,,1509214460500,bab3b51f-cc31-4bc5-97d6-239fc3ae33cd,9d0fc79a-ff29-4cfe-ac14-f98a451e45f9,/7c1810ff-bb94-487c-9112-534581e6fb5a/ss16sor_telemetry_js/js,Sordo
98,0,0,0,0,,0,247.54,0,52.723163799999995,-3.4854161,016,0,75.492,OK,0,,1509214456500,bab3b51f-cc31-4bc5-97d6-239fc3ae33cd,9d0fc79a-ff29-4cfe-ac14-f98a451e45f9,/7c1810ff-bb94-487c-9112-534581e6fb5a/ss16sor_telemetry_js/js,Sordo
99,0,0,0,0,,0,273.43,0,52.723419199999995,-3.4838618,016,0,109.728,OK,0,,1509214452500,bab3b51f-cc31-4bc5-97d6-239fc3ae33cd,9d0fc79a-ff29-4cfe-ac14-f98a451e45f9,/7c1810ff-bb94-487c-9112-534581e6fb5a/ss16sor_telemetry_js/js,Sordo
100,0,0,0,0,,0,304.43,0,52.7231117,-3.4820824999999997,016,0,108.72,OK,0,,1509214448500,bab3b51f-cc31-4bc5-97d6-239fc3ae33cd,9d0fc79a-ff29-4cfe-ac14-f98a451e45f9,/7c1810ff-bb94-487c-9112-534581e6fb5a/ss16sor_telemetry_js/js,Sordo
101,0,0,0,0,,0,316.58,0,52.722271,-3.4807134,016,0,119.628,OK,0,,1509214444500,bab3b51f-cc31-4bc5-97d6-239fc3ae33cd,9d0fc79a-ff29-4cfe-ac14-f98a451e45f9,/7c1810ff-bb94-487c-9112-534581e6fb5a/ss16sor_telemetry_js/js,Sordo
102,0,0,0,0,,0,343.53,0,52.7214356,-3.4796706,016,0,107.856,OK,0,,1509214440500,bab3b51f-cc31-4bc5-97d6-239fc3ae33cd,9d0fc79a-ff29-4cfe-ac14-f98a451e45f9,/7c1810ff-bb94-487c-9112-534581e6fb5a/ss16sor_telemetry_js/js,Sordo
103,0,0,0,0,,0,317.04,0,52.720327499999996,-3.4787,016,0,144.54,OK,0,,1509214436500,bab3b51f-cc31-4bc5-97d6-239fc3ae33cd,9d0fc79a-ff29-4cfe-ac14-f98a451e45f9,/7c1810ff-bb94-487c-9112-534581e6fb5a/ss16sor_telemetry_js/js,Sordo
104,0,0,0,0,,0,290.99,0,52.7194791,-3.4772142,016,0,99.252,OK,0,,1509214432500,bab3b51f-cc31-4bc5-97d6-239fc3ae33cd,9d0fc79a-ff29-4cfe-ac14-f98a451e45f9,/7c1810ff-bb94-487c-9112-534581e6fb5a/ss16sor_telemetry_js/js,Sordo
105,0,0,0,0,,0,246.37,0,52.7192376,-3.4762005,016,0,24.12,OK,0,,1509214428500,bab3b51f-cc31-4bc5-97d6-239fc3ae33cd,9d0fc79a-ff29-4cfe-ac14-f98a451e45f9,/7c1810ff-bb94-487c-9112-534581e6fb5a/ss16sor_telemetry_js/js,Sordo
106,0,0,0,0,,0,156.2,0,52.719622699999995,-3.4762760999999998,016,0,82.044,OK,0,,1509214424500,bab3b51f-cc31-4bc5-97d6-239fc3ae33cd,9d0fc79a-ff29-4cfe-ac14-f98a451e45f9,/7c1810ff-bb94-487c-9112-534581e6fb5a/ss16sor_telemetry_js/js,Sordo
107,0,0,0,0,,0,157.32,0,52.720553599999995,-3.4769488,016,0,87.84,OK,0,,1509214420500,bab3b51f-cc31-4bc5-97d6-239fc3ae33cd,9d0fc79a-ff29-4cfe-ac14-f98a451e45f9,/7c1810ff-bb94-487c-9112-534581e6fb5a/ss16sor_telemetry_js/js,Sordo
108,0,0,0,0,,0,241.0,0,52.7211821,-3.4768532,016,0,73.692,OK,0,,1509214416500,bab3b51f-cc31-4bc5-97d6-239fc3ae33cd,9d0fc79a-ff29-4cfe-ac14-f98a451e45f9,/7c1810ff-bb94-487c-9112-534581e6fb5a/ss16sor_telemetry_js/js,Sordo
109,0,0,0,0,,0,276.51,0,52.7215408,-3.475652,016,0,70.092,OK,0,,1509214412500,bab3b51f-cc31-4bc5-97d6-239fc3ae33cd,9d0fc79a-ff29-4cfe-ac14-f98a451e45f9,/7c1810ff-bb94-487c-9112-534581e6fb5a/ss16sor_telemetry_js/js,Sordo
110,0,0,0,0,,0,269.04,0,52.7214114,-3.4740442,016,0,118.044,OK,0,,1509214408500,bab3b51f-cc31-4bc5-97d6-239fc3ae33cd,9d0fc79a-ff29-4cfe-ac14-f98a451e45f9,/7c1810ff-bb94-487c-9112-534581e6fb5a/ss16sor_telemetry_js/js,Sordo
111,0,0,0,0,,0,241.8,0,52.72179,-3.4723731,016,0,118.8,OK,0,,1509214404500,bab3b51f-cc31-4bc5-97d6-239fc3ae33cd,9d0fc79a-ff29-4cfe-ac14-f98a451e45f9,/7c1810ff-bb94-487c-9112-534581e6fb5a/ss16sor_telemetry_js/js,Sordo
112,0,0,0,0,,0,265.27,0,52.7222419,-3.4708048,016,0,91.26,OK,0,,1509214400500,bab3b51f-cc31-4bc5-97d6-239fc3ae33cd,9d0fc79a-ff29-4cfe-ac14-f98a451e45f9,/7c1810ff-bb94-487c-9112-534581e6fb5a/ss16sor_telemetry_js/js,Sordo
113,0,0,0,0,,0,232.27,0,52.7225624,-3.4694081,016,0,72.9,OK,0,,1509214396500,bab3b51f-cc31-4bc5-97d6-239fc3ae33cd,9d0fc79a-ff29-4cfe-ac14-f98a451e45f9,/7c1810ff-bb94-487c-9112-534581e6fb5a/ss16sor_telemetry_js/js,Sordo
114,0,0,0,0,,0,260.87,0,52.722708499999996,-3.4683954,016,0,87.264,OK,0,,1509214392500,bab3b51f-cc31-4bc5-97d6-239fc3ae33cd,9d0fc79a-ff29-4cfe-ac14-f98a451e45f9,/7c1810ff-bb94-487c-9112-534581e6fb5a/ss16sor_telemetry_js/js,Sordo
115,0,0,0,0,,0,232.81,0,52.7230801,-3.4668893,016,0,98.388,OK,0,,1509214388500,bab3b51f-cc31-4bc5-97d6-239fc3ae33cd,9d0fc79a-ff29-4cfe-ac14-f98a451e45f9,/7c1810ff-bb94-487c-9112-534581e6fb5a/ss16sor_telemetry_js/js,Sordo
116,0,0,0,0,,0,249.61,0,52.723599799999995,-3.4659658,016,0,67.464,OK,0,,1509214384500,bab3b51f-cc31-4bc5-97d6-239fc3ae33cd,9d0fc79a-ff29-4cfe-ac14-f98a451e45f9,/7c1810ff-bb94-487c-9112-534581e6fb5a/ss16sor_telemetry_js/js,Sordo
117,0,0,0,0,,0,249.86,0,52.7239224,-3.4644401,016,0,124.524,OK,0,,1509214380500,bab3b51f-cc31-4bc5-97d6-239fc3ae33cd,9d0fc79a-ff29-4cfe-ac14-f98a451e45f9,/7c1810ff-bb94-487c-9112-534581e6fb5a/ss16sor_telemetry_js/js,Sordo
118,0,0,0,0,,0,217.55,0,52.7244916,-3.4629376,016,0,100.548,OK,0,,1509214376500,bab3b51f-cc31-4bc5-97d6-239fc3ae33cd,9d0fc79a-ff29-4cfe-ac14-f98a451e45f9,/7c1810ff-bb94-487c-9112-534581e6fb5a/ss16sor_telemetry_js/js,Sordo
119,0,0,0,0,,0,228.0,0,52.72465833333333,-3.4627766666666666,016,0,100.0,OK,0,,1509214374000,bab3b51f-cc31-4bc5-97d6-239fc3ae33cd,9d0fc79a-ff29-4cfe-ac14-f98a451e45f9,/7c1810ff-bb94-487c-9112-534581e6fb5a/ss16sor_telemetry_js/js,Sordo
120,0,0,0,0,,0,242.62,0,52.7251056,-3.4615107,016,0,128.052,OK,0,,1509214372500,bab3b51f-cc31-4bc5-97d6-239fc3ae33cd,9d0fc79a-ff29-4cfe-ac14-f98a451e45f9,/7c1810ff-bb94-487c-9112-534581e6fb5a/ss16sor_telemetry_js/js,Sordo
121,0,0,0,0,,0,259.42,0,52.7254189,-3.4596532,016,0,116.316,OK,0,,1509214368500,bab3b51f-cc31-4bc5-97d6-239fc3ae33cd,9d0fc79a-ff29-4cfe-ac14-f98a451e45f9,/7c1810ff-bb94-487c-9112-534581e6fb5a/ss16sor_telemetry_js/js,Sordo
122,0,0,0,0,,0,281.53,0,52.7256076,-3.4580756,016,0,92.304,OK,0,,1509214364500,bab3b51f-cc31-4bc5-97d6-239fc3ae33cd,9d0fc79a-ff29-4cfe-ac14-f98a451e45f9,/7c1810ff-bb94-487c-9112-534581e6fb5a/ss16sor_telemetry_js/js,Sordo
123,0,0,0,0,,0,238.5,0,52.7255268,-3.4564731,016,0,91.224,OK,0,,1509214360500,bab3b51f-cc31-4bc5-97d6-239fc3ae33cd,9d0fc79a-ff29-4cfe-ac14-f98a451e45f9,/7c1810ff-bb94-487c-9112-534581e6fb5a/ss16sor_telemetry_js/js,Sordo
124,0,0,0,0,,0,238.68,0,52.7260606,-3.455559,016,0,56.916,OK,0,,1509214356500,bab3b51f-cc31-4bc5-97d6-239fc3ae33cd,9d0fc79a-ff29-4cfe-ac14-f98a451e45f9,/7c1810ff-bb94-487c-9112-534581e6fb5a/ss16sor_telemetry_js/js,Sordo
125,0,0,0,0,,0,234.14,0,52.726189899999994,-3.4544952,016,0,81.9,OK,0,,1509214352500,bab3b51f-cc31-4bc5-97d6-239fc3ae33cd,9d0fc79a-ff29-4cfe-ac14-f98a451e45f9,/7c1810ff-bb94-487c-9112-534581e6fb5a/ss16sor_telemetry_js/js,Sordo
126,0,0,0,0,,0,105.2,0,52.7266475,-3.4540441,016,0,63.0,OK,0,,1509214344500,bab3b51f-cc31-4bc5-97d6-239fc3ae33cd,9d0fc79a-ff29-4cfe-ac14-f98a451e45f9,/7c1810ff-bb94-487c-9112-534581e6fb5a/ss16sor_telemetry_js/js,Sordo
127,0,0,0,0,,0,156.21,0,52.7269973,-3.4551739,016,0,83.916,OK,0,,1509214340500,bab3b51f-cc31-4bc5-97d6-239fc3ae33cd,9d0fc79a-ff29-4cfe-ac14-f98a451e45f9,/7c1810ff-bb94-487c-9112-534581e6fb5a/ss16sor_telemetry_js/js,Sordo
128,0,0,0,0,,0,141.26,0,52.7278891,-3.4559037,016,0,107.712,OK,0,,1509214336500,bab3b51f-cc31-4bc5-97d6-239fc3ae33cd,9d0fc79a-ff29-4cfe-ac14-f98a451e45f9,/7c1810ff-bb94-487c-9112-534581e6fb5a/ss16sor_telemetry_js/js,Sordo
129,0,0,0,0,,0,117.9,0,52.728787,-3.4574576,016,0,122.004,OK,0,,1509214332500,bab3b51f-cc31-4bc5-97d6-239fc3ae33cd,9d0fc79a-ff29-4cfe-ac14-f98a451e45f9,/7c1810ff-bb94-487c-9112-534581e6fb5a/ss16sor_telemetry_js/js,Sordo
130,0,0,0,0,,0,86.25,0,52.7291971,-3.4590441,016,0,78.012,OK,0,,1509214328500,bab3b51f-cc31-4bc5-97d6-239fc3ae33cd,9d0fc79a-ff29-4cfe-ac14-f98a451e45f9,/7c1810ff-bb94-487c-9112-534581e6fb5a/ss16sor_telemetry_js/js,Sordo
131,0,0,0,0,,0,132.86,0,52.7291922,-3.4601148999999998,016,0,49.896,OK,0,,1509214324500,bab3b51f-cc31-4bc5-97d6-239fc3ae33cd,9d0fc79a-ff29-4cfe-ac14-f98a451e45f9,/7c1810ff-bb94-487c-9112-534581e6fb5a/ss16sor_telemetry_js/js,Sordo
132,0,0,0,0,,0,182.74,0,52.72983,-3.4603231,016,0,84.24,OK,0,,1509214320500,bab3b51f-cc31-4bc5-97d6-239fc3ae33cd,9d0fc79a-ff29-4cfe-ac14-f98a451e45f9,/7c1810ff-bb94-487c-9112-534581e6fb5a/ss16sor_telemetry_js/js,Sordo
133,0,0,0,0,,0,116.0,0,52.7304957,-3.4608767,016,0,96.984,OK,0,,1509214316500,bab3b51f-cc31-4bc5-97d6-239fc3ae33cd,9d0fc79a-ff29-4cfe-ac14-f98a451e45f9,/7c1810ff-bb94-487c-9112-534581e6fb5a/ss16sor_telemetry_js/js,Sordo
134,0,0,0,0,,0,98.69,0,52.7307278,-3.4625131,016,0,108.18,OK,0,,1509214312500,bab3b51f-cc31-4bc5-97d6-239fc3ae33cd,9d0fc79a-ff29-4cfe-ac14-f98a451e45f9,/7c1810ff-bb94-487c-9112-534581e6fb5a/ss16sor_telemetry_js/js,Sordo
135,0,0,0,0,,0,101.58,0,52.730797599999995,-3.4629653,016,0,118.584,OK,0,,1509214311500,bab3b51f-cc31-4bc5-97d6-239fc3ae33cd,9d0fc79a-ff29-4cfe-ac14-f98a451e45f9,/7c1810ff-bb94-487c-9112-534581e6fb5a/ss16sor_telemetry_js/js,Sordo
136,0,0,0,0,,0,95.13,0,52.731020699999995,-3.4645565,016,0,132.12,OK,0,,1509214308500,bab3b51f-cc31-4bc5-97d6-239fc3ae33cd,9d0fc79a-ff29-4cfe-ac14-f98a451e45f9,/7c1810ff-bb94-487c-9112-534581e6fb5a/ss16sor_telemetry_js/js,Sordo
137,0,0,0,0,,0,63.75,0,52.7310497,-3.4664932999999998,016,0,114.588,OK,0,,1509214304500,bab3b51f-cc31-4bc5-97d6-239fc3ae33cd,9d0fc79a-ff29-4cfe-ac14-f98a451e45f9,/7c1810ff-bb94-487c-9112-534581e6fb5a/ss16sor_telemetry_js/js,Sordo
138,0,0,0,0,,0,29.38,0,52.730354399999996,-3.467882,016,0,105.984,OK,0,,1509214300500,bab3b51f-cc31-4bc5-97d6-239fc3ae33cd,9d0fc79a-ff29-4cfe-ac14-f98a451e45f9,/7c1810ff-bb94-487c-9112-534581e6fb5a/ss16sor_telemetry_js/js,Sordo
139,0,0,0,0,,0,70.08,0,52.7295239,-3.4688911,016,0,96.336,OK,0,,1509214296500,bab3b51f-cc31-4bc5-97d6-239fc3ae33cd,9d0fc79a-ff29-4cfe-ac14-f98a451e45f9,/7c1810ff-bb94-487c-9112-534581e6fb5a/ss16sor_telemetry_js/js,Sordo
140,0,0,0,0,,0,46.14,0,52.729130899999994,-3.4702605,016,0,85.14,OK,0,,1509214292500,bab3b51f-cc31-4bc5-97d6-239fc3ae33cd,9d0fc79a-ff29-4cfe-ac14-f98a451e45f9,/7c1810ff-bb94-487c-9112-534581e6fb5a/ss16sor_telemetry_js/js,Sordo
141,0,0,0,0,,0,68.25,0,52.7286538,-3.4715797,016,0,100.476,OK,0,,1509214288500,bab3b51f-cc31-4bc5-97d6-239fc3ae33cd,9d0fc79a-ff29-4cfe-ac14-f98a451e45f9,/7c1810ff-bb94-487c-9112-534581e6fb5a/ss16sor_telemetry_js/js,Sordo
142,0,0,0,0,,0,45.65,0,52.7280818,-3.4727419,016,0,87.336,OK,0,,1509214284500,bab3b51f-cc31-4bc5-97d6-239fc3ae33cd,9d0fc79a-ff29-4cfe-ac14-f98a451e45f9,/7c1810ff-bb94-487c-9112-534581e6fb5a/ss16sor_telemetry_js/js,Sordo
143,0,0,0,0,,0,59.78,0,52.727637599999994,-3.473854,016,0,76.392,OK,0,,1509214280500,bab3b51f-cc31-4bc5-97d6-239fc3ae33cd,9d0fc79a-ff29-4cfe-ac14-f98a451e45f9,/7c1810ff-bb94-487c-9112-534581e6fb5a/ss16sor_telemetry_js/js,Sordo
144,0,0,0,0,,0,32.23,0,52.726858099999994,-3.4746369,016,0,107.244,OK,0,,1509214276500,bab3b51f-cc31-4bc5-97d6-239fc3ae33cd,9d0fc79a-ff29-4cfe-ac14-f98a451e45f9,/7c1810ff-bb94-487c-9112-534581e6fb5a/ss16sor_telemetry_js/js,Sordo
145,0,0,0,0,,0,53.95,0,52.726005099999995,-3.4757563,016,0,101.556,OK,0,,1509214272500,bab3b51f-cc31-4bc5-97d6-239fc3ae33cd,9d0fc79a-ff29-4cfe-ac14-f98a451e45f9,/7c1810ff-bb94-487c-9112-534581e6fb5a/ss16sor_telemetry_js/js,Sordo
146,0,0,0,0,,0,31.67,0,52.7254097,-3.4768329,016,0,54.576,OK,0,,1509214268500,bab3b51f-cc31-4bc5-97d6-239fc3ae33cd,9d0fc79a-ff29-4cfe-ac14-f98a451e45f9,/7c1810ff-bb94-487c-9112-534581e6fb5a/ss16sor_telemetry_js/js,Sordo
147,0,0,0,0,,0,151.66,0,52.7252364,-3.47748,016,0,61.38,OK,0,,1509214264500,bab3b51f-cc31-4bc5-97d6-239fc3ae33cd,9d0fc79a-ff29-4cfe-ac14-f98a451e45f9,/7c1810ff-bb94-487c-9112-534581e6fb5a/ss16sor_telemetry_js/js,Sordo
148,0,0,0,0,,0,182.35,0,52.7259221,-3.4776778,016,0,82.656,OK,0,,1509214260500,bab3b51f-cc31-4bc5-97d6-239fc3ae33cd,9d0fc79a-ff29-4cfe-ac14-f98a451e45f9,/7c1810ff-bb94-487c-9112-534581e6fb5a/ss16sor_telemetry_js/js,Sordo
149,0,0,0,0,,0,100.67,0,52.7264669,-3.4781459999999997,016,0,60.408,OK,0,,1509214256500,bab3b51f-cc31-4bc5-97d6-239fc3ae33cd,9d0fc79a-ff29-4cfe-ac14-f98a451e45f9,/7c1810ff-bb94-487c-9112-534581e6fb5a/ss16sor_telemetry_js/js,Sordo
150,0,0,0,0,,0,128.54,0,52.7264446,-3.4790647,016,0,45.936,OK,0,,1509214252500,bab3b51f-cc31-4bc5-97d6-239fc3ae33cd,9d0fc79a-ff29-4cfe-ac14-f98a451e45f9,/7c1810ff-bb94-487c-9112-534581e6fb5a/ss16sor_telemetry_js/js,Sordo
151,0,0,0,0,,0,111.1,0,52.726816199999995,-3.4800588,016,0,105.516,OK,0,,1509214248500,bab3b51f-cc31-4bc5-97d6-239fc3ae33cd,9d0fc79a-ff29-4cfe-ac14-f98a451e45f9,/7c1810ff-bb94-487c-9112-534581e6fb5a/ss16sor_telemetry_js/js,Sordo
152,0,0,0,0,,0,93.3,0,52.7271267,-3.4816789999999997,016,0,78.696,OK,0,,1509214244500,bab3b51f-cc31-4bc5-97d6-239fc3ae33cd,9d0fc79a-ff29-4cfe-ac14-f98a451e45f9,/7c1810ff-bb94-487c-9112-534581e6fb5a/ss16sor_telemetry_js/js,Sordo
153,0,0,0,0,,0,49.56,0,52.726886799999996,-3.4825844999999997,016,0,67.32,OK,0,,1509214240500,bab3b51f-cc31-4bc5-97d6-239fc3ae33cd,9d0fc79a-ff29-4cfe-ac14-f98a451e45f9,/7c1810ff-bb94-487c-9112-534581e6fb5a/ss16sor_telemetry_js/js,Sordo
154,0,0,0,0,,0,62.36,0,52.7265352,-3.4837766,016,0,105.264,OK,0,,1509214236500,bab3b51f-cc31-4bc5-97d6-239fc3ae33cd,9d0fc79a-ff29-4cfe-ac14-f98a451e45f9,/7c1810ff-bb94-487c-9112-534581e6fb5a/ss16sor_telemetry_js/js,Sordo
155,0,0,0,0,,0,84.22,0,52.7260522,-3.4854336999999997,016,0,99.648,OK,0,,1509214232500,bab3b51f-cc31-4bc5-97d6-239fc3ae33cd,9d0fc79a-ff29-4cfe-ac14-f98a451e45f9,/7c1810ff-bb94-487c-9112-534581e6fb5a/ss16sor_telemetry_js/js,Sordo
156,0,0,0,0,,0,86.62,0,52.7260668,-3.4872817,016,0,131.76,OK,0,,1509214228500,bab3b51f-cc31-4bc5-97d6-239fc3ae33cd,9d0fc79a-ff29-4cfe-ac14-f98a451e45f9,/7c1810ff-bb94-487c-9112-534581e6fb5a/ss16sor_telemetry_js/js,Sordo
157,0,0,0,0,,0,122.39,0,52.7261551,-3.4890211,016,0,89.172,OK,0,,1509214224500,bab3b51f-cc31-4bc5-97d6-239fc3ae33cd,9d0fc79a-ff29-4cfe-ac14-f98a451e45f9,/7c1810ff-bb94-487c-9112-534581e6fb5a/ss16sor_telemetry_js/js,Sordo
158,0,0,0,0,,0,113.41,0,52.726460599999996,-3.4904497,016,0,108.18,OK,0,,1509214220500,bab3b51f-cc31-4bc5-97d6-239fc3ae33cd,9d0fc79a-ff29-4cfe-ac14-f98a451e45f9,/7c1810ff-bb94-487c-9112-534581e6fb5a/ss16sor_telemetry_js/js,Sordo
159,0,0,0,0,,0,112.67,0,52.727010199999995,-3.4924388,016,0,131.652,OK,0,,1509214216500,bab3b51f-cc31-4bc5-97d6-239fc3ae33cd,9d0fc79a-ff29-4cfe-ac14-f98a451e45f9,/7c1810ff-bb94-487c-9112-534581e6fb5a/ss16sor_telemetry_js/js,Sordo
160,0,0,0,0,,0,85.47,0,52.7272246,-3.4943244,016,0,125.46,OK,0,,1509214212500,bab3b51f-cc31-4bc5-97d6-239fc3ae33cd,9d0fc79a-ff29-4cfe-ac14-f98a451e45f9,/7c1810ff-bb94-487c-9112-534581e6fb5a/ss16sor_telemetry_js/js,Sordo
161,0,0,0,0,,0,49.33,0,52.7271127,-3.4961551,016,0,96.768,OK,0,,1509214208500,bab3b51f-cc31-4bc5-97d6-239fc3ae33cd,9d0fc79a-ff29-4cfe-ac14-f98a451e45f9,/7c1810ff-bb94-487c-9112-534581e6fb5a/ss16sor_telemetry_js/js,Sordo
162,0,0,0,0,,0,67.84,0,52.7264997,-3.4971745,016,0,54.504,OK,0,,1509214204500,bab3b51f-cc31-4bc5-97d6-239fc3ae33cd,9d0fc79a-ff29-4cfe-ac14-f98a451e45f9,/7c1810ff-bb94-487c-9112-534581e6fb5a/ss16sor_telemetry_js/js,Sordo
163,0,0,0,0,,0,121.69,0,52.7265472,-3.4981386,016,0,50.724,OK,0,,1509214200500,bab3b51f-cc31-4bc5-97d6-239fc3ae33cd,9d0fc79a-ff29-4cfe-ac14-f98a451e45f9,/7c1810ff-bb94-487c-9112-534581e6fb5a/ss16sor_telemetry_js/js,Sordo
164,0,0,0,0,,0,173.87,0,52.7269832,-3.4982803000000002,016,0,65.808,OK,0,,1509214196500,bab3b51f-cc31-4bc5-97d6-239fc3ae33cd,9d0fc79a-ff29-4cfe-ac14-f98a451e45f9,/7c1810ff-bb94-487c-9112-534581e6fb5a/ss16sor_telemetry_js/js,Sordo
165,0,0,0,0,,0,247.16,0,52.727514799999994,-3.4981328,016,0,57.96,OK,0,,1509214192500,bab3b51f-cc31-4bc5-97d6-239fc3ae33cd,9d0fc79a-ff29-4cfe-ac14-f98a451e45f9,/7c1810ff-bb94-487c-9112-534581e6fb5a/ss16sor_telemetry_js/js,Sordo
166,0,0,0,0,,0,235.56,0,52.7278197,-3.4969303,016,0,100.872,OK,0,,1509214188500,bab3b51f-cc31-4bc5-97d6-239fc3ae33cd,9d0fc79a-ff29-4cfe-ac14-f98a451e45f9,/7c1810ff-bb94-487c-9112-534581e6fb5a/ss16sor_telemetry_js/js,Sordo
167,0,0,0,0,,0,238.91,0,52.7284915,-3.4953829,016,0,137.484,OK,0,,1509214184500,bab3b51f-cc31-4bc5-97d6-239fc3ae33cd,9d0fc79a-ff29-4cfe-ac14-f98a451e45f9,/7c1810ff-bb94-487c-9112-534581e6fb5a/ss16sor_telemetry_js/js,Sordo
168,0,0,0,0,,0,210.3,0,52.729121,-3.4938093,016,0,87.768,OK,0,,1509214180500,bab3b51f-cc31-4bc5-97d6-239fc3ae33cd,9d0fc79a-ff29-4cfe-ac14-f98a451e45f9,/7c1810ff-bb94-487c-9112-534581e6fb5a/ss16sor_telemetry_js/js,Sordo
169,0,0,0,0,,0,217.05,0,52.7299285,-3.4933986,016,0,83.88,OK,0,,1509214176500,bab3b51f-cc31-4bc5-97d6-239fc3ae33cd,9d0fc79a-ff29-4cfe-ac14-f98a451e45f9,/7c1810ff-bb94-487c-9112-534581e6fb5a/ss16sor_telemetry_js/js,Sordo
170,0,0,0,0,,0,192.0,0,52.729675,-3.493255,016,0,80.0,OK,0,,1509214176000,bab3b51f-cc31-4bc5-97d6-239fc3ae33cd,9d0fc79a-ff29-4cfe-ac14-f98a451e45f9,/7c1810ff-bb94-487c-9112-534581e6fb5a/ss16sor_telemetry_js/js,Sordo
172,0,0,0,0,,0,210.56,0,52.730610899999995,-3.4923224,016,0,98.748,OK,0,,1509214172500,bab3b51f-cc31-4bc5-97d6-239fc3ae33cd,9d0fc79a-ff29-4cfe-ac14-f98a451e45f9,/7c1810ff-bb94-487c-9112-534581e6fb5a/ss16sor_telemetry_js/js,Sordo
173,0,0,0,0,,0,166.11,0,52.7315567,-3.4920996,016,0,97.308,OK,0,,1509214168500,bab3b51f-cc31-4bc5-97d6-239fc3ae33cd,9d0fc79a-ff29-4cfe-ac14-f98a451e45f9,/7c1810ff-bb94-487c-9112-534581e6fb5a/ss16sor_telemetry_js/js,Sordo
174,0,0,0,0,,0,205.89,0,52.7325478,-3.4921424,016,0,106.56,OK,0,,1509214164500,bab3b51f-cc31-4bc5-97d6-239fc3ae33cd,9d0fc79a-ff29-4cfe-ac14-f98a451e45f9,/7c1810ff-bb94-487c-9112-534581e6fb5a/ss16sor_telemetry_js/js,Sordo
175,0,0,0,0,,0,212.0,0,52.73266,-3.4916033333333334,016,0,116.0,OK,0,,1509214162000,bab3b51f-cc31-4bc5-97d6-239fc3ae33cd,9d0fc79a-ff29-4cfe-ac14-f98a451e45f9,/7c1810ff-bb94-487c-9112-534581e6fb5a/ss16sor_telemetry_js/js,Sordo
177,0,0,0,0,,0,163.96,0,52.7335098,-3.4916346000000003,016,0,99.072,OK,0,,1509214160500,bab3b51f-cc31-4bc5-97d6-239fc3ae33cd,9d0fc79a-ff29-4cfe-ac14-f98a451e45f9,/7c1810ff-bb94-487c-9112-534581e6fb5a/ss16sor_telemetry_js/js,Sordo
178,0,0,0,0,,0,160.58,0,52.734288199999995,-3.4920790999999998,016,0,40.572,OK,0,,1509214156500,bab3b51f-cc31-4bc5-97d6-239fc3ae33cd,9d0fc79a-ff29-4cfe-ac14-f98a451e45f9,/7c1810ff-bb94-487c-9112-534581e6fb5a/ss16sor_telemetry_js/js,Sordo
179,0,0,0,0,,0,168.0,0,52.734315,-3.4918916666666666,016,0,48.0,OK,0,,1509214154000,bab3b51f-cc31-4bc5-97d6-239fc3ae33cd,9d0fc79a-ff29-4cfe-ac14-f98a451e45f9,/7c1810ff-bb94-487c-9112-534581e6fb5a/ss16sor_telemetry_js/js,Sordo
181,0,0,0,0,,0,272.78,0,52.734620299999996,-3.4917851,016,0,60.696,OK,0,,1509214152500,bab3b51f-cc31-4bc5-97d6-239fc3ae33cd,9d0fc79a-ff29-4cfe-ac14-f98a451e45f9,/7c1810ff-bb94-487c-9112-534581e6fb5a/ss16sor_telemetry_js/js,Sordo
182,0,0,0,0,,0,304.05,0,52.734280899999995,-3.4904287,016,0,134.136,OK,0,,1509214148500,bab3b51f-cc31-4bc5-97d6-239fc3ae33cd,9d0fc79a-ff29-4cfe-ac14-f98a451e45f9,/7c1810ff-bb94-487c-9112-534581e6fb5a/ss16sor_telemetry_js/js,Sordo
183,0,0,0,0,,0,321.82,0,52.7333747,-3.4889717,016,0,121.248,OK,0,,1509214144500,bab3b51f-cc31-4bc5-97d6-239fc3ae33cd,9d0fc79a-ff29-4cfe-ac14-f98a451e45f9,/7c1810ff-bb94-487c-9112-534581e6fb5a/ss16sor_telemetry_js/js,Sordo
184,0,0,0,0,,0,275.48,0,52.7327836,-3.4875035,016,0,118.476,OK,0,,1509214140500,bab3b51f-cc31-4bc5-97d6-239fc3ae33cd,9d0fc79a-ff29-4cfe-ac14-f98a451e45f9,/7c1810ff-bb94-487c-9112-534581e6fb5a/ss16sor_telemetry_js/js,Sordo
185,0,0,0,0,,0,252.55,0,52.7329844,-3.4856428,016,0,133.452,OK,0,,1509214136500,bab3b51f-cc31-4bc5-97d6-239fc3ae33cd,9d0fc79a-ff29-4cfe-ac14-f98a451e45f9,/7c1810ff-bb94-487c-9112-534581e6fb5a/ss16sor_telemetry_js/js,Sordo
186,0,0,0,0,,0,217.71,0,52.733595,-3.4840079,016,0,120.168,OK,0,,1509214132500,bab3b51f-cc31-4bc5-97d6-239fc3ae33cd,9d0fc79a-ff29-4cfe-ac14-f98a451e45f9,/7c1810ff-bb94-487c-9112-534581e6fb5a/ss16sor_telemetry_js/js,Sordo
187,0,0,0,0,,0,224.69,0,52.734539399999996,-3.4826345,016,0,126.864,OK,0,,1509214128500,bab3b51f-cc31-4bc5-97d6-239fc3ae33cd,9d0fc79a-ff29-4cfe-ac14-f98a451e45f9,/7c1810ff-bb94-487c-9112-534581e6fb5a/ss16sor_telemetry_js/js,Sordo
188,0,0,0,0,,0,200.73,0,52.735527399999995,-3.4816902,016,0,93.816,OK,0,,1509214124500,bab3b51f-cc31-4bc5-97d6-239fc3ae33cd,9d0fc79a-ff29-4cfe-ac14-f98a451e45f9,/7c1810ff-bb94-487c-9112-534581e6fb5a/ss16sor_telemetry_js/js,Sordo
189,0,0,0,0,,0,173.32,0,52.7361438,-3.4811936,016,0,48.42,OK,0,,1509214120500,bab3b51f-cc31-4bc5-97d6-239fc3ae33cd,9d0fc79a-ff29-4cfe-ac14-f98a451e45f9,/7c1810ff-bb94-487c-9112-534581e6fb5a/ss16sor_telemetry_js/js,Sordo
190,0,0,0,0,,0,189.58,0,52.736891199999995,-3.4812708,016,0,103.356,OK,0,,1509214116500,bab3b51f-cc31-4bc5-97d6-239fc3ae33cd,9d0fc79a-ff29-4cfe-ac14-f98a451e45f9,/7c1810ff-bb94-487c-9112-534581e6fb5a/ss16sor_telemetry_js/js,Sordo
191,0,0,0,0,,0,188.14,0,52.7381052,-3.4808467,016,0,143.496,OK,0,,1509214112500,bab3b51f-cc31-4bc5-97d6-239fc3ae33cd,9d0fc79a-ff29-4cfe-ac14-f98a451e45f9,/7c1810ff-bb94-487c-9112-534581e6fb5a/ss16sor_telemetry_js/js,Sordo
192,0,0,0,0,,0,171.8,0,52.739499599999995,-3.4809166,016,0,119.736,OK,0,,1509214108500,bab3b51f-cc31-4bc5-97d6-239fc3ae33cd,9d0fc79a-ff29-4cfe-ac14-f98a451e45f9,/7c1810ff-bb94-487c-9112-534581e6fb5a/ss16sor_telemetry_js/js,Sordo
193,0,0,0,0,,0,158.3,0,52.7404443,-3.4812607,016,0,59.508,OK,0,,1509214104500,bab3b51f-cc31-4bc5-97d6-239fc3ae33cd,9d0fc79a-ff29-4cfe-ac14-f98a451e45f9,/7c1810ff-bb94-487c-9112-534581e6fb5a/ss16sor_telemetry_js/js,Sordo
194,0,0,0,0,,0,300.67,0,52.7407281,-3.4810242000000002,016,0,48.276,OK,0,,1509214100500,bab3b51f-cc31-4bc5-97d6-239fc3ae33cd,9d0fc79a-ff29-4cfe-ac14-f98a451e45f9,/7c1810ff-bb94-487c-9112-534581e6fb5a/ss16sor_telemetry_js/js,Sordo
195,0,0,0,0,,0,303.81,0,52.7402271,-3.4799375,016,0,122.544,OK,0,,1509214096500,bab3b51f-cc31-4bc5-97d6-239fc3ae33cd,9d0fc79a-ff29-4cfe-ac14-f98a451e45f9,/7c1810ff-bb94-487c-9112-534581e6fb5a/ss16sor_telemetry_js/js,Sordo
196,0,0,0,0,,0,276.9,0,52.7397816,-3.4782507000000003,016,0,90.0,OK,0,,1509214092500,bab3b51f-cc31-4bc5-97d6-239fc3ae33cd,9d0fc79a-ff29-4cfe-ac14-f98a451e45f9,/7c1810ff-bb94-487c-9112-534581e6fb5a/ss16sor_telemetry_js/js,Sordo
197,0,0,0,0,,0,282.96,0,52.7396105,-3.4770974,016,0,72.432,OK,0,,1509214088500,bab3b51f-cc31-4bc5-97d6-239fc3ae33cd,9d0fc79a-ff29-4cfe-ac14-f98a451e45f9,/7c1810ff-bb94-487c-9112-534581e6fb5a/ss16sor_telemetry_js/js,Sordo
198,0,0,0,0,,0,284.81,0,52.7393983,-3.4755972,016,0,114.444,OK,0,,1509214084500,bab3b51f-cc31-4bc5-97d6-239fc3ae33cd,9d0fc79a-ff29-4cfe-ac14-f98a451e45f9,/7c1810ff-bb94-487c-9112-534581e6fb5a/ss16sor_telemetry_js/js,Sordo
199,0,0,0,0,,0,297.62,0,52.7390061,-3.4737485,016,0,113.436,OK,0,,1509214080500,bab3b51f-cc31-4bc5-97d6-239fc3ae33cd,9d0fc79a-ff29-4cfe-ac14-f98a451e45f9,/7c1810ff-bb94-487c-9112-534581e6fb5a/ss16sor_telemetry_js/js,Sordo
200,0,0,0,0,,0,274.25,0,52.7386461,-3.4722005,016,0,83.808,OK,0,,1509214076500,bab3b51f-cc31-4bc5-97d6-239fc3ae33cd,9d0fc79a-ff29-4cfe-ac14-f98a451e45f9,/7c1810ff-bb94-487c-9112-534581e6fb5a/ss16sor_telemetry_js/js,Sordo
201,0,0,0,0,,0,221.75,0,52.738734199999996,-3.4711214999999997,016,0,65.088,OK,0,,1509214072500,bab3b51f-cc31-4bc5-97d6-239fc3ae33cd,9d0fc79a-ff29-4cfe-ac14-f98a451e45f9,/7c1810ff-bb94-487c-9112-534581e6fb5a/ss16sor_telemetry_js/js,Sordo
202,0,0,0,0,,0,211.95,0,52.739534199999994,-3.470166,016,0,148.068,OK,0,,1509214068500,bab3b51f-cc31-4bc5-97d6-239fc3ae33cd,9d0fc79a-ff29-4cfe-ac14-f98a451e45f9,/7c1810ff-bb94-487c-9112-534581e6fb5a/ss16sor_telemetry_js/js,Sordo
203,0,0,0,0,,0,221.14,0,52.740736399999996,-3.4688502,016,0,136.188,OK,0,,1509214064500,bab3b51f-cc31-4bc5-97d6-239fc3ae33cd,9d0fc79a-ff29-4cfe-ac14-f98a451e45f9,/7c1810ff-bb94-487c-9112-534581e6fb5a/ss16sor_telemetry_js/js,Sordo
204,0,0,0,0,,0,244.9,0,52.741565699999995,-3.4669621,016,0,139.392,OK,0,,1509214060500,bab3b51f-cc31-4bc5-97d6-239fc3ae33cd,9d0fc79a-ff29-4cfe-ac14-f98a451e45f9,/7c1810ff-bb94-487c-9112-534581e6fb5a/ss16sor_telemetry_js/js,Sordo
205,0,0,0,0,,0,254.97,0,52.741977,-3.4651648,016,0,78.3,OK,0,,1509214056500,bab3b51f-cc31-4bc5-97d6-239fc3ae33cd,9d0fc79a-ff29-4cfe-ac14-f98a451e45f9,/7c1810ff-bb94-487c-9112-534581e6fb5a/ss16sor_telemetry_js/js,Sordo
206,0,0,0,0,,0,55.44,0,52.741868,-3.46504,016,0,81.432,OK,0,,1509214048500,bab3b51f-cc31-4bc5-97d6-239fc3ae33cd,9d0fc79a-ff29-4cfe-ac14-f98a451e45f9,/7c1810ff-bb94-487c-9112-534581e6fb5a/ss16sor_telemetry_js/js,Sordo
207,0,0,0,0,,0,23.28,0,52.741190599999996,-3.4661281,016,0,79.344,OK,0,,1509214044500,bab3b51f-cc31-4bc5-97d6-239fc3ae33cd,9d0fc79a-ff29-4cfe-ac14-f98a451e45f9,/7c1810ff-bb94-487c-9112-534581e6fb5a/ss16sor_telemetry_js/js,Sordo
208,0,0,0,0,,0,349.92,0,52.740562499999996,-3.4660697000000003,016,0,82.296,OK,0,,1509214040500,bab3b51f-cc31-4bc5-97d6-239fc3ae33cd,9d0fc79a-ff29-4cfe-ac14-f98a451e45f9,/7c1810ff-bb94-487c-9112-534581e6fb5a/ss16sor_telemetry_js/js,Sordo
209,0,0,0,0,,0,38.64,0,52.7398147,-3.4665077,016,0,99.864,OK,0,,1509214036500,bab3b51f-cc31-4bc5-97d6-239fc3ae33cd,9d0fc79a-ff29-4cfe-ac14-f98a451e45f9,/7c1810ff-bb94-487c-9112-534581e6fb5a/ss16sor_telemetry_js/js,Sordo
210,0,0,0,0,,0,28.34,0,52.7388194,-3.4677373,016,0,136.404,OK,0,,1509214032500,bab3b51f-cc31-4bc5-97d6-239fc3ae33cd,9d0fc79a-ff29-4cfe-ac14-f98a451e45f9,/7c1810ff-bb94-487c-9112-534581e6fb5a/ss16sor_telemetry_js/js,Sordo
211,0,0,0,0,,0,32.55,0,52.737603,-3.468649,016,0,130.104,OK,0,,1509214028500,bab3b51f-cc31-4bc5-97d6-239fc3ae33cd,9d0fc79a-ff29-4cfe-ac14-f98a451e45f9,/7c1810ff-bb94-487c-9112-534581e6fb5a/ss16sor_telemetry_js/js,Sordo
212,0,0,0,0,,0,47.37,0,52.7368455,-3.4698185,016,0,63.216,OK,0,,1509214024500,bab3b51f-cc31-4bc5-97d6-239fc3ae33cd,9d0fc79a-ff29-4cfe-ac14-f98a451e45f9,/7c1810ff-bb94-487c-9112-534581e6fb5a/ss16sor_telemetry_js/js,Sordo
213,0,0,0,0,,0,41.73,0,52.7366811,-3.4701177,016,0,0.0,OK,0,,1509214016500,bab3b51f-cc31-4bc5-97d6-239fc3ae33cd,9d0fc79a-ff29-4cfe-ac14-f98a451e45f9,/7c1810ff-bb94-487c-9112-534581e6fb5a/ss16sor_telemetry_js/js,Sordo
214,0,0,0,0,,0,41.73,0,52.7366963,-3.4701174999999997,016,0,0.0,OK,0,,1509213996500,bab3b51f-cc31-4bc5-97d6-239fc3ae33cd,9d0fc79a-ff29-4cfe-ac14-f98a451e45f9,/7c1810ff-bb94-487c-9112-534581e6fb5a/ss16sor_telemetry_js/js,Sordo
217,0,0,0,0,,0,41.73,0,52.7366977,-3.470105,016,0,0.036,OK,0,,1509213976500,bab3b51f-cc31-4bc5-97d6-239fc3ae33cd,9d0fc79a-ff29-4cfe-ac14-f98a451e45f9,/7c1810ff-bb94-487c-9112-534581e6fb5a/ss16sor_telemetry_js/js,Sordo
218,0,0,0,0,,0,41.73,0,52.736694199999995,-3.4700959,016,0,0.072,OK,0,,1509213956500,bab3b51f-cc31-4bc5-97d6-239fc3ae33cd,9d0fc79a-ff29-4cfe-ac14-f98a451e45f9,/7c1810ff-bb94-487c-9112-534581e6fb5a/ss16sor_telemetry_js/js,Sordo
219,0,0,0,0,,0,41.73,0,52.7366725,-3.4700921,016,0,0.036,OK,0,,1509213936500,bab3b51f-cc31-4bc5-97d6-239fc3ae33cd,9d0fc79a-ff29-4cfe-ac14-f98a451e45f9,/7c1810ff-bb94-487c-9112-534581e6fb5a/ss16sor_telemetry_js/js,Sordo
222,0,0,0,0,,0,41.73,0,52.7366831,-3.4700955,016,0,0.072,OK,0,,1509213916500,bab3b51f-cc31-4bc5-97d6-239fc3ae33cd,9d0fc79a-ff29-4cfe-ac14-f98a451e45f9,/7c1810ff-bb94-487c-9112-534581e6fb5a/ss16sor_telemetry_js/js,Sordo
223,0,0,0,0,,0,330.84,0,52.7365469,-3.4702374000000002,016,0,0.036,OK,0,,1509213896500,bab3b51f-cc31-4bc5-97d6-239fc3ae33cd,9d0fc79a-ff29-4cfe-ac14-f98a451e45f9,/7c1810ff-bb94-487c-9112-534581e6fb5a/ss16sor_telemetry_js/js,Sordo
224,0,0,0,0,,0,32.3,0,52.73658,-3.4702077,016,0,0.0,OK,0,,1509213876500,bab3b51f-cc31-4bc5-97d6-239fc3ae33cd,9d0fc79a-ff29-4cfe-ac14-f98a451e45f9,/7c1810ff-bb94-487c-9112-534581e6fb5a/ss16sor_telemetry_js/js,Sordo
225,0,0,0,0,,0,32.3,0,52.7365777,-3.4702055,016,0,0.036,OK,0,,1509213856500,bab3b51f-cc31-4bc5-97d6-239fc3ae33cd,9d0fc79a-ff29-4cfe-ac14-f98a451e45f9,/7c1810ff-bb94-487c-9112-534581e6fb5a/ss16sor_telemetry_js/js,Sordo
226,0,0,0,0,,0,34.0,0,52.736428333333336,-3.470365,016,0,23.0,OK,0,,1509213834000,bab3b51f-cc31-4bc5-97d6-239fc3ae33cd,9d0fc79a-ff29-4cfe-ac14-f98a451e45f9,/7c1810ff-bb94-487c-9112-534581e6fb5a/ss16sor_telemetry_js/js,Sordo
227,0,0,0,0,,0,69.26,0,52.7362931,-3.4706757,016,0,42.984,OK,0,,1509213832500,bab3b51f-cc31-4bc5-97d6-239fc3ae33cd,9d0fc79a-ff29-4cfe-ac14-f98a451e45f9,/7c1810ff-bb94-487c-9112-534581e6fb5a/ss16sor_telemetry_js/js,Sordo
228,0,0,0,0,,0,81.38,0,52.7362275,-3.4713893000000002,016,0,42.3,OK,0,,1509213828500,bab3b51f-cc31-4bc5-97d6-239fc3ae33cd,9d0fc79a-ff29-4cfe-ac14-f98a451e45f9,/7c1810ff-bb94-487c-9112-534581e6fb5a/ss16sor_telemetry_js/js,Sordo
229,0,0,0,0,,0,59.2,0,52.7361052,-3.472021,016,0,44.676,OK,0,,1509213824500,bab3b51f-cc31-4bc5-97d6-239fc3ae33cd,9d0fc79a-ff29-4cfe-ac14-f98a451e45f9,/7c1810ff-bb94-487c-9112-534581e6fb5a/ss16sor_telemetry_js/js,Sordo
230,0,0,0,0,,0,64.25,0,52.735895799999994,-3.4726223,016,0,32.868,OK,0,,1509213820500,bab3b51f-cc31-4bc5-97d6-239fc3ae33cd,9d0fc79a-ff29-4cfe-ac14-f98a451e45f9,/7c1810ff-bb94-487c-9112-534581e6fb5a/ss16sor_telemetry_js/js,Sordo
231,0,0,0,0,,0,35.72,0,52.735744399999994,-3.4730748,016,0,0.252,OK,0,,1509213813500,bab3b51f-cc31-4bc5-97d6-239fc3ae33cd,9d0fc79a-ff29-4cfe-ac14-f98a451e45f9,/7c1810ff-bb94-487c-9112-534581e6fb5a/ss16sor_telemetry_js/js,Sordo
232,0,0,0,0,,0,35.72,0,52.7357492,-3.4730795,016,0,0.0,OK,0,,1509213793500,bab3b51f-cc31-4bc5-97d6-239fc3ae33cd,9d0fc79a-ff29-4cfe-ac14-f98a451e45f9,/7c1810ff-bb94-487c-9112-534581e6fb5a/ss16sor_telemetry_js/js,Sordo
