,_carID,_record_name,carlogo,category,codriver,comment,description,director,driver,extidbetradar,extidsit,foundingyear,gallerytags,id,name,nation,seasonname,teamcar,teamid,teamlogo,teaserimage,teaserthumb,tyres,videolink,website
4bcee8a5-e595-4612-9162-15fc625a4758,a4edbbdf-f724-4582-88ec-d0d0a5d6b919,M-Sport WRT,images/teams/ford_128.png,WRC,,,,,,,,,,,,,M-Sport World Rally Team,Fiesta RS WRC,4,images/teams/msport_32.png,,,Michelin,,
4bcee8a5-e595-4612-9162-15fc625a4758,4918fdfc-fd24-4bb7-8b07-35316ccfb716,M-Sport WRT,images/teams/ford_128.png,WRC,,,,,,,,,,,,,M-Sport World Rally Team,Fiesta RS WRC,4,images/teams/msport_32.png,,,Michelin,,
4bcee8a5-e595-4612-9162-15fc625a4758,595806a1-50e8-4438-86e5-d5c210c19f6b,M-Sport WRT,images/teams/ford_128.png,WRC,,,,,,,,,,,,,M-Sport World Rally Team,Fiesta RS WRC,4,images/teams/msport_32.png,,,Michelin,,
2a336b8a-bb56-48cd-b5c2-f9e7c06bdaaf,170f44c2-0fa1-4a60-88af-5b720c12d58d,Hyundai Motorsport,images/teams/hyundai_128.png,WRC,,,,,,,,,,,,,Hyundai Shell World Rally Team,i20 WRC,10,images/teams/hyundai_128.png,,,Michelin,,
2a336b8a-bb56-48cd-b5c2-f9e7c06bdaaf,875b838e-8ba6-4c03-a060-fa4678b1d4ef,Hyundai Motorsport,images/teams/hyundai_128.png,WRC,,,,,,,,,,,,,Hyundai Shell World Rally Team,i20 WRC,10,images/teams/hyundai_128.png,,,Michelin,,
2a336b8a-bb56-48cd-b5c2-f9e7c06bdaaf,f9a8f129-8536-4702-8a5c-7ed184d0895e,Hyundai Motorsport,images/teams/hyundai_128.png,WRC,,,,,,,,,,,,,Hyundai Shell World Rally Team,i20 WRC,10,images/teams/hyundai_128.png,,,Michelin,,
aee9fadd-0fd5-45a5-a8a6-3025147cc896,b9b47649-835c-4390-80b2-72b13ab72993,Citroen Abu Dhabi Total WRT,images/teams/citroen_128.png,WRC,,,,,,,,,,,,,Abu Dhabi Total World Rally Team,C3 WRC,2,images/teams/citroen_128.png,,,Michelin,,
68d74f6d-dea1-4a50-8b26-201db5262389,89db3396-724c-44ac-9aa6-b90bf143b038,Citroen Abu Dhabi Total WRT,images/teams/citroen_128.png,WRC,,,,,,,,,,,,,Abu Dhabi Total World Rally Team,C3 WRC,2,images/teams/citroen_128.png,,,Michelin,,
68d74f6d-dea1-4a50-8b26-201db5262389,4b128056-f923-4561-ba78-fc8c22bd86b8,Citroen Abu Dhabi Total WRT,images/teams/citroen_128.png,WRC,,,,,,,,,,,,,Abu Dhabi Total World Rally Team,C3 WRC,2,images/teams/citroen_128.png,,,Michelin,,
f547bbbc-f5fe-473f-b4ab-08f7e5cfe7e6,950022ae-5858-4cf2-81c2-7b4c85a8cbb7,Toyota Gazoo,images/teams/toyota_128.png,WRC,,,,,,,,,,,,,Toyota Gazoo,Yaris WRC,4,images/teams/gazoo.png,,,Michelin,,
f547bbbc-f5fe-473f-b4ab-08f7e5cfe7e6,4f58400d-bfd3-47fb-9017-16152d470a37,Toyota Gazoo,images/teams/toyota_128.png,WRC,,,,,,,,,,,,,Toyota Gazoo,Yaris WRC,4,images/teams/gazoo.png,,,Michelin,,
f547bbbc-f5fe-473f-b4ab-08f7e5cfe7e6,80e970ec-f8b6-4c0a-9d3f-204391cdc646,Toyota Gazoo,images/teams/toyota_128.png,WRC,,,,,,,,,,,,,Toyota Gazoo,Yaris WRC,4,images/teams/gazoo.png,,,Michelin,,
4bcee8a5-e595-4612-9162-15fc625a4758,4df66aee-50dd-47af-9e5d-4ffdc89dd4d6,M-Sport WRT,images/teams/ford_128.png,WRC,,,,,,,,,,,,,M-Sport World Rally Team,Fiesta RS WRC,4,images/teams/msport_32.png,,,Michelin,,
562ce396-037b-4582-927f-b7c27e3d8352,d86a41a4-a86a-4268-b455-e4f7dc22af86,,images/teams/citroen_128.png,WRC,,,,,,,,,,,,,,DS3 WRC,2,images/teams/citroen_128.png,,,Michelin,,
2a336b8a-bb56-48cd-b5c2-f9e7c06bdaaf,9d0fc79a-ff29-4cfe-ac14-f98a451e45f9,Hyundai Motorsport,images/teams/hyundai_128.png,WRC,,,,,,,,,,,,,Hyundai Shell World Rally Team,i20 WRC,10,images/teams/hyundai_128.png,,,Michelin,,
3ccc172f-cc55-4a54-bced-8c0959174d19,e38bdf30-c7bc-475e-84be-afbbea65f269,,images/teams/skoda_128.png,,,,,,,,,,,,,,,"Š
koda Fabia R5",,,,,Michelin,,
ccc14beb-5332-4942-b33e-81ffc6b139fe,f35aed56-ac0e-4016-8651-616a8443b8d0,Yazeed Racing,images/teams/ford_128.png,,,,,,,,,,,,,,Yazeed Racing,Fiesta RS WRC,,images/teams/ford_128.png,,,Michelin,,
2de3eac2-1438-402f-817f-ed779d153150,2c742e83-b192-434d-9462-1f5ce67a9136,Skoda Motorsport II,images/teams/skoda_128.png,,,,40709,,,0,0,0,,27,Skoda Motorsport II,200,,Skoda Fabia R5,,images/teams/skoda_128.png,0,0,Michelin,,http://www.skoda-auto.com/
4bcee8a5-e595-4612-9162-15fc625a4758,259c195c-96e0-4076-bbff-45ad2cf632dd,M-Sport WRT,images/teams/ford_128.png,WRC,,,,,,,,,,,,,M-Sport World Rally Team,Fiesta RS WRC,4,images/teams/msport_32.png,,,Michelin,,
3ccc172f-cc55-4a54-bced-8c0959174d19,e5dbfed5-76f6-40e6-8a8e-101f9c13258f,,images/teams/skoda_128.png,,,,,,,,,,,,,,,"Š
koda Fabia R5",,,,,Michelin,,
577b8136-ba54-451d-9375-9d2c3efc2c9b,590ba6fb-dc96-41c6-8243-522ac47106af,M-Sport WRT,images/teams/ford_128.png,WRC2,,,,,,,,,,,,,M-Sport World Rally Team,Fiesta R5,4,images/teams/msport_32.png,,,Michelin,,
2ee71028-0168-4565-871f-24a688d310d2,2d1284be-1a54-44fa-b8b1-f02c6cf81f3f,,images/teams/citroen_128.png,,,,,,,,,,,,,,,DS3 R5,,,,,Michelin,,
fa6f912b-ca9d-45c3-939f-4bf9328e7d62,a2a009dd-2a54-49ad-9ff1-f7160976db20,Motorsport Italia Srl,images/teams/skoda_128.png,,,,,,,,,,,112,Motorsport Italia Srl,,,Skoda Fabia R5,,,,,DMACK,,
df6dc50b-9ccb-4f66-b5e0-4f4a30014409,85c05abd-8b46-4169-af72-010165e36cf8,,images/teams/ford_128.png,,,,,,,,,,,,,,,Ford Fiesta R5,,,,,Michelin,,
df6dc50b-9ccb-4f66-b5e0-4f4a30014409,612cbcb5-c94c-49ac-b212-aee75ce563db,,images/teams/ford_128.png,,,,,,,,,,,,,,,Ford Fiesta R5,,,,,Michelin,,
61c1da78-1bd8-4441-afae-c2ae55a98099,0d78aa71-842a-4d5c-a0e8-9f05bf677229,,images/teams/peugeot_128.png,,,,,,,,,,,121,,,,Peugeot 208 T16,,images/teams/peugeot_128.png,,,Michelin,,
df6dc50b-9ccb-4f66-b5e0-4f4a30014409,73253ca9-bd14-4523-af91-0597f9b231ae,,images/teams/ford_128.png,,,,,,,,,,,,,,,Ford Fiesta R5,,,,,Michelin,,
3f172fbc-0d6c-4f39-b8ba-2fe195a5840c,3dc9441f-7412-43ce-8490-b386fbb2b15f,Adapta AS WRT,images/teams/ford_128.png,WRC2,,,,,,,,,,,,,,Fiesta R5,,images/teams/ford_128.png,,,Michelin,,
1436f55d-4207-4cae-a9f5-32f1e55e7403,366c832d-c972-4e33-b5ae-65d198e51a01,,images/teams/citroen_128.png,,,unknown team citroen,,,,,,,,,,,,Citroen DS3 R5,,,,,Michelin,,
d15de022-8e04-407e-aad0-ed3c8d377108,8eec5fd0-1352-4c32-b818-3f19407e0d79,Team Tehase Auto,images/teams/skoda_128.png,,,,,,,,,,,,,,,"Š
koda Fabia R5",,,,,Michelin,,
3f172fbc-0d6c-4f39-b8ba-2fe195a5840c,84e8b6ab-7eb3-4a98-a282-47bab1b0e51d,Adapta AS WRT,images/teams/ford_128.png,WRC2,,,,,,,,,,,,,,Fiesta R5,,images/teams/ford_128.png,,,Michelin,,
ed4e59f3-7d3d-4a45-b0a6-e3a785a8d688,95c9897c-9c9a-4903-bbb0-6c8ad5d2516f,Aci Team Italia,images/teams/hyundai_128.png,,,,,,,,,,,,,,,I20 R5,,images/teams/hyundai_128.png,,,Michelin,,
2de3eac2-1438-402f-817f-ed779d153150,79ee90dc-502c-4afa-98b2-f03d33af6711,Skoda Motorsport II,images/teams/skoda_128.png,,,,40709,,,0,0,0,,27,Skoda Motorsport II,200,,Skoda Fabia R5,,images/teams/skoda_128.png,0,0,Michelin,,http://www.skoda-auto.com/
15396a6c-9598-4ebd-a753-1e08da634060,ccb132b8-ba89-4035-b443-907e71b82511,Drive DMACK,images/teams/ford_128.png,,,,,,,,,,,,,,,Ford Fiesta R5,,images/teams/dmack_72.png,,,DMACK,,
3ccc172f-cc55-4a54-bced-8c0959174d19,74f05167-b056-4773-8b28-7cd05bac572f,,images/teams/skoda_128.png,,,,,,,,,,,,,,,"Š
koda Fabia R5",,,,,Michelin,,
304672b3-0229-45cc-ac1a-b65dd0ce9e48,b53771df-71d8-4adb-ac69-16a236cdfd54,Wevers Sport,images/teams/skoda_128.png,,,,,,,,,,,,,,,Skoda Fabia R5,,,,,Michelin,,
df6dc50b-9ccb-4f66-b5e0-4f4a30014409,8efb6aec-5f70-471c-af9d-9b9ee4cc9a32,,images/teams/ford_128.png,,,,,,,,,,,,,,,Ford Fiesta R5,,,,,Michelin,,
df6dc50b-9ccb-4f66-b5e0-4f4a30014409,b38dd6ea-b377-4bb3-8053-2ce47220a811,,images/teams/ford_128.png,,,,,,,,,,,,,,,Ford Fiesta R5,,,,,Michelin,,
df6dc50b-9ccb-4f66-b5e0-4f4a30014409,69ace7ae-7e42-4e52-8498-00e3fe35030b,,images/teams/ford_128.png,,,,,,,,,,,,,,,Ford Fiesta R5,,,,,Michelin,,
294ae21a-a22d-4a7b-bdc9-e3634378a75b,64f5a370-27ca-4907-be41-4ae72c8f21f7,Gemini Clinic,images/teams/ford_128.png,,,Ford DMACK,,,,,,,,,,,,Ford Fiesta R5,,,,,Michelin,,
1436f55d-4207-4cae-a9f5-32f1e55e7403,30d061a9-4f3b-4038-9d89-20591d98c250,,images/teams/citroen_128.png,,,unknown team citroen,,,,,,,,,,,,Citroen DS3 R5,,,,,Michelin,,
7c6e560a-3ec9-464f-a0c9-1f7d29b7fbf7,951cbd3d-46c4-4820-9cf3-d813abef26ca,DMACK Trophy Team,images/teams/ford_128.png,,,,,,,,,,,,,,,Fiesta R5,,images/teams/dmack_72.png,,,DMACK,,
95da7245-caac-44b1-bafc-b189fb29f37e,fb3b5c53-5212-4a43-a17d-abbcbd81a1be,Printsport,images/teams/skoda_128.png,,,,,,,,,,,,,,,"Š
koda Fabia R5",,,,,Michelin,,
df6dc50b-9ccb-4f66-b5e0-4f4a30014409,541523a5-786b-4b3b-bf22-4180a38b9c81,,images/teams/ford_128.png,,,,,,,,,,,,,,,Ford Fiesta R5,,,,,Michelin,,
