,accx,accy,altitude,brk,driverid,gear,heading,kms,lat,lon,name,rpm,speed,status,throttle,track,utx,_rally_stageid,_carentryid,_telemetryID,_name
0,0,0,0,0,,0,192.59,0,53.0794673,-3.5432852,016,0,0.0,OK,0,,1509277075500,01a813aa-e199-4cb6-bdcd-3f8fe598be54,9d0fc79a-ff29-4cfe-ac14-f98a451e45f9,/7c1810ff-bb94-487c-9112-534581e6fb5a/ss21sor_telemetry_js/js,Sordo
3,0,0,0,0,,0,192.59,0,53.0794649,-3.5432848,016,0,0.0,OK,0,,1509277055500,01a813aa-e199-4cb6-bdcd-3f8fe598be54,9d0fc79a-ff29-4cfe-ac14-f98a451e45f9,/7c1810ff-bb94-487c-9112-534581e6fb5a/ss21sor_telemetry_js/js,Sordo
6,0,0,0,0,,0,192.59,0,53.079470199999996,-3.5432808,016,0,0.036,OK,0,,1509277035500,01a813aa-e199-4cb6-bdcd-3f8fe598be54,9d0fc79a-ff29-4cfe-ac14-f98a451e45f9,/7c1810ff-bb94-487c-9112-534581e6fb5a/ss21sor_telemetry_js/js,Sordo
9,0,0,0,0,,0,192.59,0,53.0794688,-3.5432962999999997,016,0,0.036,OK,0,,1509277015500,01a813aa-e199-4cb6-bdcd-3f8fe598be54,9d0fc79a-ff29-4cfe-ac14-f98a451e45f9,/7c1810ff-bb94-487c-9112-534581e6fb5a/ss21sor_telemetry_js/js,Sordo
11,0,0,0,0,,0,192.59,0,53.0794676,-3.5433,016,0,0.036,OK,0,,1509276995500,01a813aa-e199-4cb6-bdcd-3f8fe598be54,9d0fc79a-ff29-4cfe-ac14-f98a451e45f9,/7c1810ff-bb94-487c-9112-534581e6fb5a/ss21sor_telemetry_js/js,Sordo
14,0,0,0,0,,0,192.59,0,53.0794663,-3.5432966,016,0,0.0,OK,0,,1509276975500,01a813aa-e199-4cb6-bdcd-3f8fe598be54,9d0fc79a-ff29-4cfe-ac14-f98a451e45f9,/7c1810ff-bb94-487c-9112-534581e6fb5a/ss21sor_telemetry_js/js,Sordo
17,0,0,0,0,,0,192.59,0,53.079462899999996,-3.5432837,016,0,0.036,OK,0,,1509276955500,01a813aa-e199-4cb6-bdcd-3f8fe598be54,9d0fc79a-ff29-4cfe-ac14-f98a451e45f9,/7c1810ff-bb94-487c-9112-534581e6fb5a/ss21sor_telemetry_js/js,Sordo
20,0,0,0,0,,0,171.76,0,53.0796904,-3.5433089,016,0,24.012,OK,0,,1509276934500,01a813aa-e199-4cb6-bdcd-3f8fe598be54,9d0fc79a-ff29-4cfe-ac14-f98a451e45f9,/7c1810ff-bb94-487c-9112-534581e6fb5a/ss21sor_telemetry_js/js,Sordo
21,0,0,0,0,,0,176.0,0,53.07958,-3.543295,016,0,20.0,OK,0,,1509276934000,01a813aa-e199-4cb6-bdcd-3f8fe598be54,9d0fc79a-ff29-4cfe-ac14-f98a451e45f9,/7c1810ff-bb94-487c-9112-534581e6fb5a/ss21sor_telemetry_js/js,Sordo
23,0,0,0,0,,0,124.44,0,53.079914599999995,-3.5434849,016,0,24.156,OK,0,,1509276930500,01a813aa-e199-4cb6-bdcd-3f8fe598be54,9d0fc79a-ff29-4cfe-ac14-f98a451e45f9,/7c1810ff-bb94-487c-9112-534581e6fb5a/ss21sor_telemetry_js/js,Sordo
24,0,0,0,0,,0,22.52,0,53.0798825,-3.5437521,016,0,28.296,OK,0,,1509276926500,01a813aa-e199-4cb6-bdcd-3f8fe598be54,9d0fc79a-ff29-4cfe-ac14-f98a451e45f9,/7c1810ff-bb94-487c-9112-534581e6fb5a/ss21sor_telemetry_js/js,Sordo
25,0,0,0,0,,0,42.0,0,53.079915,-3.5436833333333335,016,0,17.0,OK,0,,1509276926000,01a813aa-e199-4cb6-bdcd-3f8fe598be54,9d0fc79a-ff29-4cfe-ac14-f98a451e45f9,/7c1810ff-bb94-487c-9112-534581e6fb5a/ss21sor_telemetry_js/js,Sordo
27,0,0,0,0,,0,20.74,0,53.0796183,-3.5439121,016,0,25.452,OK,0,,1509276922500,01a813aa-e199-4cb6-bdcd-3f8fe598be54,9d0fc79a-ff29-4cfe-ac14-f98a451e45f9,/7c1810ff-bb94-487c-9112-534581e6fb5a/ss21sor_telemetry_js/js,Sordo
28,0,0,0,0,,0,22.52,0,53.079434899999995,-3.5440313,016,0,0.036,OK,0,,1509276904500,01a813aa-e199-4cb6-bdcd-3f8fe598be54,9d0fc79a-ff29-4cfe-ac14-f98a451e45f9,/7c1810ff-bb94-487c-9112-534581e6fb5a/ss21sor_telemetry_js/js,Sordo
29,0,0,0,0,,0,22.52,0,53.0794377,-3.5440313999999997,016,0,0.0,OK,0,,1509276884500,01a813aa-e199-4cb6-bdcd-3f8fe598be54,9d0fc79a-ff29-4cfe-ac14-f98a451e45f9,/7c1810ff-bb94-487c-9112-534581e6fb5a/ss21sor_telemetry_js/js,Sordo
32,0,0,0,0,,0,24.0,0,53.07937833333333,-3.544008333333333,016,0,4.0,OK,0,,1509276866000,01a813aa-e199-4cb6-bdcd-3f8fe598be54,9d0fc79a-ff29-4cfe-ac14-f98a451e45f9,/7c1810ff-bb94-487c-9112-534581e6fb5a/ss21sor_telemetry_js/js,Sordo
34,0,0,0,0,,0,22.0,0,53.079343333333334,-3.5440300000000002,016,0,14.0,OK,0,,1509276864000,01a813aa-e199-4cb6-bdcd-3f8fe598be54,9d0fc79a-ff29-4cfe-ac14-f98a451e45f9,/7c1810ff-bb94-487c-9112-534581e6fb5a/ss21sor_telemetry_js/js,Sordo
36,0,0,0,0,,0,19.35,0,53.079243299999995,-3.544147,016,0,27.396,OK,0,,1509276862500,01a813aa-e199-4cb6-bdcd-3f8fe598be54,9d0fc79a-ff29-4cfe-ac14-f98a451e45f9,/7c1810ff-bb94-487c-9112-534581e6fb5a/ss21sor_telemetry_js/js,Sordo
37,0,0,0,0,,0,19.84,0,53.078876,-3.54437,016,0,56.844,OK,0,,1509276858500,01a813aa-e199-4cb6-bdcd-3f8fe598be54,9d0fc79a-ff29-4cfe-ac14-f98a451e45f9,/7c1810ff-bb94-487c-9112-534581e6fb5a/ss21sor_telemetry_js/js,Sordo
38,0,0,0,0,,0,20.0,0,53.078986666666665,-3.5442316666666667,016,0,46.0,OK,0,,1509276858000,01a813aa-e199-4cb6-bdcd-3f8fe598be54,9d0fc79a-ff29-4cfe-ac14-f98a451e45f9,/7c1810ff-bb94-487c-9112-534581e6fb5a/ss21sor_telemetry_js/js,Sordo
40,0,0,0,0,,0,17.86,0,53.078223699999995,-3.5447606,016,0,83.484,OK,0,,1509276854500,01a813aa-e199-4cb6-bdcd-3f8fe598be54,9d0fc79a-ff29-4cfe-ac14-f98a451e45f9,/7c1810ff-bb94-487c-9112-534581e6fb5a/ss21sor_telemetry_js/js,Sordo
41,0,0,0,0,,0,18.0,0,53.07844166666667,-3.544555,016,0,76.0,OK,0,,1509276854000,01a813aa-e199-4cb6-bdcd-3f8fe598be54,9d0fc79a-ff29-4cfe-ac14-f98a451e45f9,/7c1810ff-bb94-487c-9112-534581e6fb5a/ss21sor_telemetry_js/js,Sordo
43,0,0,0,0,,0,14.0,0,53.07807,-3.544755,016,0,86.0,OK,0,,1509276852000,01a813aa-e199-4cb6-bdcd-3f8fe598be54,9d0fc79a-ff29-4cfe-ac14-f98a451e45f9,/7c1810ff-bb94-487c-9112-534581e6fb5a/ss21sor_telemetry_js/js,Sordo
45,0,0,0,0,,0,22.68,0,53.077304999999996,-3.5452728000000002,016,0,126.792,OK,0,,1509276850500,01a813aa-e199-4cb6-bdcd-3f8fe598be54,9d0fc79a-ff29-4cfe-ac14-f98a451e45f9,/7c1810ff-bb94-487c-9112-534581e6fb5a/ss21sor_telemetry_js/js,Sordo
46,0,0,0,0,,0,20.0,0,53.077643333333334,-3.5449466666666667,016,0,104.0,OK,0,,1509276850000,01a813aa-e199-4cb6-bdcd-3f8fe598be54,9d0fc79a-ff29-4cfe-ac14-f98a451e45f9,/7c1810ff-bb94-487c-9112-534581e6fb5a/ss21sor_telemetry_js/js,Sordo
48,0,0,0,0,,0,33.61,0,53.076048799999995,-3.5463214,016,0,128.88,OK,0,,1509276846500,01a813aa-e199-4cb6-bdcd-3f8fe598be54,9d0fc79a-ff29-4cfe-ac14-f98a451e45f9,/7c1810ff-bb94-487c-9112-534581e6fb5a/ss21sor_telemetry_js/js,Sordo
49,0,0,0,0,,0,30.29,0,53.0751144,-3.5470148,016,0,59.904,OK,0,,1509276842500,01a813aa-e199-4cb6-bdcd-3f8fe598be54,9d0fc79a-ff29-4cfe-ac14-f98a451e45f9,/7c1810ff-bb94-487c-9112-534581e6fb5a/ss21sor_telemetry_js/js,Sordo
50,0,0,0,0,,0,292.74,0,53.074672899999996,-3.5468119,016,0,59.832,OK,0,,1509276838500,01a813aa-e199-4cb6-bdcd-3f8fe598be54,9d0fc79a-ff29-4cfe-ac14-f98a451e45f9,/7c1810ff-bb94-487c-9112-534581e6fb5a/ss21sor_telemetry_js/js,Sordo
51,0,0,0,0,,0,244.97,0,53.074842499999995,-3.5456143,016,0,109.44,OK,0,,1509276834500,01a813aa-e199-4cb6-bdcd-3f8fe598be54,9d0fc79a-ff29-4cfe-ac14-f98a451e45f9,/7c1810ff-bb94-487c-9112-534581e6fb5a/ss21sor_telemetry_js/js,Sordo
52,0,0,0,0,,0,292.12,0,53.075066799999995,-3.5442057,016,0,83.304,OK,0,,1509276830500,01a813aa-e199-4cb6-bdcd-3f8fe598be54,9d0fc79a-ff29-4cfe-ac14-f98a451e45f9,/7c1810ff-bb94-487c-9112-534581e6fb5a/ss21sor_telemetry_js/js,Sordo
53,0,0,0,0,,0,279.77,0,53.074786499999995,-3.5423223999999998,016,0,126.252,OK,0,,1509276826500,01a813aa-e199-4cb6-bdcd-3f8fe598be54,9d0fc79a-ff29-4cfe-ac14-f98a451e45f9,/7c1810ff-bb94-487c-9112-534581e6fb5a/ss21sor_telemetry_js/js,Sordo
54,0,0,0,0,,0,278.0,0,53.07485,-3.542961666666667,016,0,137.0,OK,0,,1509276826000,01a813aa-e199-4cb6-bdcd-3f8fe598be54,9d0fc79a-ff29-4cfe-ac14-f98a451e45f9,/7c1810ff-bb94-487c-9112-534581e6fb5a/ss21sor_telemetry_js/js,Sordo
56,0,0,0,0,,0,300.46,0,53.074396199999995,-3.5405281,016,0,144.18,OK,0,,1509276822500,01a813aa-e199-4cb6-bdcd-3f8fe598be54,9d0fc79a-ff29-4cfe-ac14-f98a451e45f9,/7c1810ff-bb94-487c-9112-534581e6fb5a/ss21sor_telemetry_js/js,Sordo
57,0,0,0,0,,0,281.7,0,53.073731599999995,-3.538579,016,0,129.564,OK,0,,1509276818500,01a813aa-e199-4cb6-bdcd-3f8fe598be54,9d0fc79a-ff29-4cfe-ac14-f98a451e45f9,/7c1810ff-bb94-487c-9112-534581e6fb5a/ss21sor_telemetry_js/js,Sordo
58,0,0,0,0,,0,263.86,0,53.0737597,-3.5365281,016,0,110.592,OK,0,,1509276814500,01a813aa-e199-4cb6-bdcd-3f8fe598be54,9d0fc79a-ff29-4cfe-ac14-f98a451e45f9,/7c1810ff-bb94-487c-9112-534581e6fb5a/ss21sor_telemetry_js/js,Sordo
59,0,0,0,0,,0,316.85,0,53.073641699999996,-3.5351768999999997,016,0,76.104,OK,0,,1509276810500,01a813aa-e199-4cb6-bdcd-3f8fe598be54,9d0fc79a-ff29-4cfe-ac14-f98a451e45f9,/7c1810ff-bb94-487c-9112-534581e6fb5a/ss21sor_telemetry_js/js,Sordo
60,0,0,0,0,,0,298.0,0,53.07382166666667,-3.5354200000000002,016,0,71.0,OK,0,,1509276810000,01a813aa-e199-4cb6-bdcd-3f8fe598be54,9d0fc79a-ff29-4cfe-ac14-f98a451e45f9,/7c1810ff-bb94-487c-9112-534581e6fb5a/ss21sor_telemetry_js/js,Sordo
62,0,0,0,0,,0,304.84,0,53.072968499999995,-3.5342084,016,0,97.596,OK,0,,1509276806500,01a813aa-e199-4cb6-bdcd-3f8fe598be54,9d0fc79a-ff29-4cfe-ac14-f98a451e45f9,/7c1810ff-bb94-487c-9112-534581e6fb5a/ss21sor_telemetry_js/js,Sordo
63,0,0,0,0,,0,290.0,0,53.07292666666667,-3.5339166666666664,016,0,99.0,OK,0,,1509276804000,01a813aa-e199-4cb6-bdcd-3f8fe598be54,9d0fc79a-ff29-4cfe-ac14-f98a451e45f9,/7c1810ff-bb94-487c-9112-534581e6fb5a/ss21sor_telemetry_js/js,Sordo
65,0,0,0,0,,0,270.78,0,53.072714299999994,-3.5329637,016,0,42.336,OK,0,,1509276802500,01a813aa-e199-4cb6-bdcd-3f8fe598be54,9d0fc79a-ff29-4cfe-ac14-f98a451e45f9,/7c1810ff-bb94-487c-9112-534581e6fb5a/ss21sor_telemetry_js/js,Sordo
66,0,0,0,0,,0,191.69,0,53.0731549,-3.5324655,016,0,98.208,OK,0,,1509276798500,01a813aa-e199-4cb6-bdcd-3f8fe598be54,9d0fc79a-ff29-4cfe-ac14-f98a451e45f9,/7c1810ff-bb94-487c-9112-534581e6fb5a/ss21sor_telemetry_js/js,Sordo
67,0,0,0,0,,0,194.0,0,53.07291,-3.532478333333333,016,0,79.0,OK,0,,1509276798000,01a813aa-e199-4cb6-bdcd-3f8fe598be54,9d0fc79a-ff29-4cfe-ac14-f98a451e45f9,/7c1810ff-bb94-487c-9112-534581e6fb5a/ss21sor_telemetry_js/js,Sordo
69,0,0,0,0,,0,236.76,0,53.073833099999995,-3.5319122,016,0,55.188,OK,0,,1509276794500,01a813aa-e199-4cb6-bdcd-3f8fe598be54,9d0fc79a-ff29-4cfe-ac14-f98a451e45f9,/7c1810ff-bb94-487c-9112-534581e6fb5a/ss21sor_telemetry_js/js,Sordo
70,0,0,0,0,,0,208.0,0,53.073708333333336,-3.5320216666666666,016,0,63.0,OK,0,,1509276794000,01a813aa-e199-4cb6-bdcd-3f8fe598be54,9d0fc79a-ff29-4cfe-ac14-f98a451e45f9,/7c1810ff-bb94-487c-9112-534581e6fb5a/ss21sor_telemetry_js/js,Sordo
72,0,0,0,0,,0,260.0,0,53.07393166666667,-3.5317283333333336,016,0,53.0,OK,0,,1509276792000,01a813aa-e199-4cb6-bdcd-3f8fe598be54,9d0fc79a-ff29-4cfe-ac14-f98a451e45f9,/7c1810ff-bb94-487c-9112-534581e6fb5a/ss21sor_telemetry_js/js,Sordo
74,0,0,0,0,,0,269.54,0,53.0738773,-3.5306181,016,0,126.864,OK,0,,1509276790500,01a813aa-e199-4cb6-bdcd-3f8fe598be54,9d0fc79a-ff29-4cfe-ac14-f98a451e45f9,/7c1810ff-bb94-487c-9112-534581e6fb5a/ss21sor_telemetry_js/js,Sordo
75,0,0,0,0,,0,274.0,0,53.073946666666664,-3.5312033333333335,016,0,109.0,OK,0,,1509276790000,01a813aa-e199-4cb6-bdcd-3f8fe598be54,9d0fc79a-ff29-4cfe-ac14-f98a451e45f9,/7c1810ff-bb94-487c-9112-534581e6fb5a/ss21sor_telemetry_js/js,Sordo
77,0,0,0,0,,0,293.7,0,53.0739124,-3.5290478,016,0,65.196,OK,0,,1509276786500,01a813aa-e199-4cb6-bdcd-3f8fe598be54,9d0fc79a-ff29-4cfe-ac14-f98a451e45f9,/7c1810ff-bb94-487c-9112-534581e6fb5a/ss21sor_telemetry_js/js,Sordo
78,0,0,0,0,,0,264.0,0,53.074,-3.5293666666666668,016,0,72.0,OK,0,,1509276786000,01a813aa-e199-4cb6-bdcd-3f8fe598be54,9d0fc79a-ff29-4cfe-ac14-f98a451e45f9,/7c1810ff-bb94-487c-9112-534581e6fb5a/ss21sor_telemetry_js/js,Sordo
80,0,0,0,0,,0,274.7,0,53.0734893,-3.5282354,016,0,65.664,OK,0,,1509276782500,01a813aa-e199-4cb6-bdcd-3f8fe598be54,9d0fc79a-ff29-4cfe-ac14-f98a451e45f9,/7c1810ff-bb94-487c-9112-534581e6fb5a/ss21sor_telemetry_js/js,Sordo
81,0,0,0,0,,0,225.75,0,53.0738707,-3.5270925,016,0,83.268,OK,0,,1509276778500,01a813aa-e199-4cb6-bdcd-3f8fe598be54,9d0fc79a-ff29-4cfe-ac14-f98a451e45f9,/7c1810ff-bb94-487c-9112-534581e6fb5a/ss21sor_telemetry_js/js,Sordo
82,0,0,0,0,,0,223.92,0,53.074666099999995,-3.5262216,016,0,121.464,OK,0,,1509276774500,01a813aa-e199-4cb6-bdcd-3f8fe598be54,9d0fc79a-ff29-4cfe-ac14-f98a451e45f9,/7c1810ff-bb94-487c-9112-534581e6fb5a/ss21sor_telemetry_js/js,Sordo
83,0,0,0,0,,0,210.0,0,53.07439333333333,-3.52658,016,0,114.0,OK,0,,1509276774000,01a813aa-e199-4cb6-bdcd-3f8fe598be54,9d0fc79a-ff29-4cfe-ac14-f98a451e45f9,/7c1810ff-bb94-487c-9112-534581e6fb5a/ss21sor_telemetry_js/js,Sordo
85,0,0,0,0,,0,230.0,0,53.07485333333333,-3.526005,016,0,129.0,OK,0,,1509276772000,01a813aa-e199-4cb6-bdcd-3f8fe598be54,9d0fc79a-ff29-4cfe-ac14-f98a451e45f9,/7c1810ff-bb94-487c-9112-534581e6fb5a/ss21sor_telemetry_js/js,Sordo
87,0,0,0,0,,0,229.63,0,53.075606799999996,-3.5245585,016,0,134.928,OK,0,,1509276770500,01a813aa-e199-4cb6-bdcd-3f8fe598be54,9d0fc79a-ff29-4cfe-ac14-f98a451e45f9,/7c1810ff-bb94-487c-9112-534581e6fb5a/ss21sor_telemetry_js/js,Sordo
88,0,0,0,0,,0,225.94,0,53.076304199999996,-3.5230266,016,0,97.344,OK,0,,1509276766500,01a813aa-e199-4cb6-bdcd-3f8fe598be54,9d0fc79a-ff29-4cfe-ac14-f98a451e45f9,/7c1810ff-bb94-487c-9112-534581e6fb5a/ss21sor_telemetry_js/js,Sordo
89,0,0,0,0,,0,242.0,0,53.07618333333333,-3.5235583333333333,016,0,105.0,OK,0,,1509276766000,01a813aa-e199-4cb6-bdcd-3f8fe598be54,9d0fc79a-ff29-4cfe-ac14-f98a451e45f9,/7c1810ff-bb94-487c-9112-534581e6fb5a/ss21sor_telemetry_js/js,Sordo
91,0,0,0,0,,0,180.17,0,53.077236299999996,-3.5222754,016,0,106.812,OK,0,,1509276762500,01a813aa-e199-4cb6-bdcd-3f8fe598be54,9d0fc79a-ff29-4cfe-ac14-f98a451e45f9,/7c1810ff-bb94-487c-9112-534581e6fb5a/ss21sor_telemetry_js/js,Sordo
92,0,0,0,0,,0,168.0,0,53.077461666666665,-3.5222766666666665,016,0,119.0,OK,0,,1509276760000,01a813aa-e199-4cb6-bdcd-3f8fe598be54,9d0fc79a-ff29-4cfe-ac14-f98a451e45f9,/7c1810ff-bb94-487c-9112-534581e6fb5a/ss21sor_telemetry_js/js,Sordo
94,0,0,0,0,,0,138.49,0,53.078208499999995,-3.5228852,016,0,88.308,OK,0,,1509276758500,01a813aa-e199-4cb6-bdcd-3f8fe598be54,9d0fc79a-ff29-4cfe-ac14-f98a451e45f9,/7c1810ff-bb94-487c-9112-534581e6fb5a/ss21sor_telemetry_js/js,Sordo
95,0,0,0,0,,0,116.0,0,53.078381666666665,-3.5230433333333333,016,0,82.0,OK,0,,1509276756000,01a813aa-e199-4cb6-bdcd-3f8fe598be54,9d0fc79a-ff29-4cfe-ac14-f98a451e45f9,/7c1810ff-bb94-487c-9112-534581e6fb5a/ss21sor_telemetry_js/js,Sordo
97,0,0,0,0,,0,175.88,0,53.0787893,-3.5237018,016,0,84.744,OK,0,,1509276754500,01a813aa-e199-4cb6-bdcd-3f8fe598be54,9d0fc79a-ff29-4cfe-ac14-f98a451e45f9,/7c1810ff-bb94-487c-9112-534581e6fb5a/ss21sor_telemetry_js/js,Sordo
98,0,0,0,0,,0,184.0,0,53.07898,-3.5237333333333334,016,0,108.0,OK,0,,1509276752000,01a813aa-e199-4cb6-bdcd-3f8fe598be54,9d0fc79a-ff29-4cfe-ac14-f98a451e45f9,/7c1810ff-bb94-487c-9112-534581e6fb5a/ss21sor_telemetry_js/js,Sordo
100,0,0,0,0,,0,140.93,0,53.079678799999996,-3.523847,016,0,82.62,OK,0,,1509276750500,01a813aa-e199-4cb6-bdcd-3f8fe598be54,9d0fc79a-ff29-4cfe-ac14-f98a451e45f9,/7c1810ff-bb94-487c-9112-534581e6fb5a/ss21sor_telemetry_js/js,Sordo
101,0,0,0,0,,0,146.61,0,53.080543399999996,-3.5246882,016,0,115.668,OK,0,,1509276746500,01a813aa-e199-4cb6-bdcd-3f8fe598be54,9d0fc79a-ff29-4cfe-ac14-f98a451e45f9,/7c1810ff-bb94-487c-9112-534581e6fb5a/ss21sor_telemetry_js/js,Sordo
102,0,0,0,0,,0,154.0,0,53.08024,-3.5243416666666665,016,0,125.0,OK,0,,1509276746000,01a813aa-e199-4cb6-bdcd-3f8fe598be54,9d0fc79a-ff29-4cfe-ac14-f98a451e45f9,/7c1810ff-bb94-487c-9112-534581e6fb5a/ss21sor_telemetry_js/js,Sordo
104,0,0,0,0,,0,149.25,0,53.081259499999994,-3.5258684000000002,016,0,91.368,OK,0,,1509276742500,01a813aa-e199-4cb6-bdcd-3f8fe598be54,9d0fc79a-ff29-4cfe-ac14-f98a451e45f9,/7c1810ff-bb94-487c-9112-534581e6fb5a/ss21sor_telemetry_js/js,Sordo
105,0,0,0,0,,0,140.06,0,53.0819973,-3.5267162,016,0,64.8,OK,0,,1509276738500,01a813aa-e199-4cb6-bdcd-3f8fe598be54,9d0fc79a-ff29-4cfe-ac14-f98a451e45f9,/7c1810ff-bb94-487c-9112-534581e6fb5a/ss21sor_telemetry_js/js,Sordo
106,0,0,0,0,,0,207.22,0,53.0825221,-3.5266868000000002,016,0,82.368,OK,0,,1509276734500,01a813aa-e199-4cb6-bdcd-3f8fe598be54,9d0fc79a-ff29-4cfe-ac14-f98a451e45f9,/7c1810ff-bb94-487c-9112-534581e6fb5a/ss21sor_telemetry_js/js,Sordo
107,0,0,0,0,,0,204.0,0,53.08236,-3.5268266666666666,016,0,63.0,OK,0,,1509276734000,01a813aa-e199-4cb6-bdcd-3f8fe598be54,9d0fc79a-ff29-4cfe-ac14-f98a451e45f9,/7c1810ff-bb94-487c-9112-534581e6fb5a/ss21sor_telemetry_js/js,Sordo
109,0,0,0,0,,0,208.0,0,53.082683333333335,-3.5265566666666666,016,0,107.0,OK,0,,1509276732000,01a813aa-e199-4cb6-bdcd-3f8fe598be54,9d0fc79a-ff29-4cfe-ac14-f98a451e45f9,/7c1810ff-bb94-487c-9112-534581e6fb5a/ss21sor_telemetry_js/js,Sordo
111,0,0,0,0,,0,171.84,0,53.083380999999996,-3.5261423,016,0,79.272,OK,0,,1509276730500,01a813aa-e199-4cb6-bdcd-3f8fe598be54,9d0fc79a-ff29-4cfe-ac14-f98a451e45f9,/7c1810ff-bb94-487c-9112-534581e6fb5a/ss21sor_telemetry_js/js,Sordo
112,0,0,0,0,,0,192.0,0,53.083148333333334,-3.5261533333333333,016,0,87.0,OK,0,,1509276730000,01a813aa-e199-4cb6-bdcd-3f8fe598be54,9d0fc79a-ff29-4cfe-ac14-f98a451e45f9,/7c1810ff-bb94-487c-9112-534581e6fb5a/ss21sor_telemetry_js/js,Sordo
114,0,0,0,0,,0,146.0,0,53.083558333333336,-3.5261016666666665,016,0,81.0,OK,0,,1509276728000,01a813aa-e199-4cb6-bdcd-3f8fe598be54,9d0fc79a-ff29-4cfe-ac14-f98a451e45f9,/7c1810ff-bb94-487c-9112-534581e6fb5a/ss21sor_telemetry_js/js,Sordo
116,0,0,0,0,,0,178.76,0,53.0841138,-3.5264775999999998,016,0,83.484,OK,0,,1509276726500,01a813aa-e199-4cb6-bdcd-3f8fe598be54,9d0fc79a-ff29-4cfe-ac14-f98a451e45f9,/7c1810ff-bb94-487c-9112-534581e6fb5a/ss21sor_telemetry_js/js,Sordo
117,0,0,0,0,,0,168.0,0,53.08389666666667,-3.5263999999999998,016,0,77.0,OK,0,,1509276726000,01a813aa-e199-4cb6-bdcd-3f8fe598be54,9d0fc79a-ff29-4cfe-ac14-f98a451e45f9,/7c1810ff-bb94-487c-9112-534581e6fb5a/ss21sor_telemetry_js/js,Sordo
119,0,0,0,0,,0,222.94,0,53.084833599999996,-3.5259583,016,0,97.164,OK,0,,1509276722500,01a813aa-e199-4cb6-bdcd-3f8fe598be54,9d0fc79a-ff29-4cfe-ac14-f98a451e45f9,/7c1810ff-bb94-487c-9112-534581e6fb5a/ss21sor_telemetry_js/js,Sordo
120,0,0,0,0,,0,223.65,0,53.0858225,-3.5244427,016,0,177.372,OK,0,,1509276718500,01a813aa-e199-4cb6-bdcd-3f8fe598be54,9d0fc79a-ff29-4cfe-ac14-f98a451e45f9,/7c1810ff-bb94-487c-9112-534581e6fb5a/ss21sor_telemetry_js/js,Sordo
121,0,0,0,0,,0,223.7,0,53.0861417,-3.5239388,016,0,173.484,OK,0,,1509276717500,01a813aa-e199-4cb6-bdcd-3f8fe598be54,9d0fc79a-ff29-4cfe-ac14-f98a451e45f9,/7c1810ff-bb94-487c-9112-534581e6fb5a/ss21sor_telemetry_js/js,Sordo
122,0,0,0,0,,0,223.49,0,53.0870592,-3.5225588,016,0,155.664,OK,0,,1509276714500,01a813aa-e199-4cb6-bdcd-3f8fe598be54,9d0fc79a-ff29-4cfe-ac14-f98a451e45f9,/7c1810ff-bb94-487c-9112-534581e6fb5a/ss21sor_telemetry_js/js,Sordo
123,0,0,0,0,,0,226.42,0,53.088155199999996,-3.520944,016,0,129.096,OK,0,,1509276710500,01a813aa-e199-4cb6-bdcd-3f8fe598be54,9d0fc79a-ff29-4cfe-ac14-f98a451e45f9,/7c1810ff-bb94-487c-9112-534581e6fb5a/ss21sor_telemetry_js/js,Sordo
124,0,0,0,0,,0,207.81,0,53.089071,-3.5199343,016,0,79.164,OK,0,,1509276706500,01a813aa-e199-4cb6-bdcd-3f8fe598be54,9d0fc79a-ff29-4cfe-ac14-f98a451e45f9,/7c1810ff-bb94-487c-9112-534581e6fb5a/ss21sor_telemetry_js/js,Sordo
125,0,0,0,0,,0,224.0,0,53.08921,-3.5198549999999997,016,0,69.0,OK,0,,1509276704000,01a813aa-e199-4cb6-bdcd-3f8fe598be54,9d0fc79a-ff29-4cfe-ac14-f98a451e45f9,/7c1810ff-bb94-487c-9112-534581e6fb5a/ss21sor_telemetry_js/js,Sordo
126,0,0,0,0,,0,253.29,0,53.0894152,-3.5189456,016,0,90.72,OK,0,,1509276702500,01a813aa-e199-4cb6-bdcd-3f8fe598be54,9d0fc79a-ff29-4cfe-ac14-f98a451e45f9,/7c1810ff-bb94-487c-9112-534581e6fb5a/ss21sor_telemetry_js/js,Sordo
127,0,0,0,0,,0,256.0,0,53.08950333333333,-3.5187733333333333,016,0,100.0,OK,0,,1509276700000,01a813aa-e199-4cb6-bdcd-3f8fe598be54,9d0fc79a-ff29-4cfe-ac14-f98a451e45f9,/7c1810ff-bb94-487c-9112-534581e6fb5a/ss21sor_telemetry_js/js,Sordo
129,0,0,0,0,,0,285.66,0,53.0893732,-3.5173377,016,0,105.012,OK,0,,1509276698500,01a813aa-e199-4cb6-bdcd-3f8fe598be54,9d0fc79a-ff29-4cfe-ac14-f98a451e45f9,/7c1810ff-bb94-487c-9112-534581e6fb5a/ss21sor_telemetry_js/js,Sordo
130,0,0,0,0,,0,288.0,0,53.089528333333334,-3.517993333333333,016,0,115.0,OK,0,,1509276698000,01a813aa-e199-4cb6-bdcd-3f8fe598be54,9d0fc79a-ff29-4cfe-ac14-f98a451e45f9,/7c1810ff-bb94-487c-9112-534581e6fb5a/ss21sor_telemetry_js/js,Sordo
132,0,0,0,0,,0,219.34,0,53.089368199999996,-3.5161139,016,0,56.448,OK,0,,1509276694500,01a813aa-e199-4cb6-bdcd-3f8fe598be54,9d0fc79a-ff29-4cfe-ac14-f98a451e45f9,/7c1810ff-bb94-487c-9112-534581e6fb5a/ss21sor_telemetry_js/js,Sordo
133,0,0,0,0,,0,123.37,0,53.0898107,-3.5163717,016,0,79.704,OK,0,,1509276690500,01a813aa-e199-4cb6-bdcd-3f8fe598be54,9d0fc79a-ff29-4cfe-ac14-f98a451e45f9,/7c1810ff-bb94-487c-9112-534581e6fb5a/ss21sor_telemetry_js/js,Sordo
134,0,0,0,0,,0,100.89,0,53.0900703,-3.5179044,016,0,103.644,OK,0,,1509276686500,01a813aa-e199-4cb6-bdcd-3f8fe598be54,9d0fc79a-ff29-4cfe-ac14-f98a451e45f9,/7c1810ff-bb94-487c-9112-534581e6fb5a/ss21sor_telemetry_js/js,Sordo
135,0,0,0,0,,0,124.21,0,53.090120199999994,-3.5191777,016,0,44.748,OK,0,,1509276682500,01a813aa-e199-4cb6-bdcd-3f8fe598be54,9d0fc79a-ff29-4cfe-ac14-f98a451e45f9,/7c1810ff-bb94-487c-9112-534581e6fb5a/ss21sor_telemetry_js/js,Sordo
136,0,0,0,0,,0,92.0,0,53.09012166666667,-3.5188533333333334,016,0,62.0,OK,0,,1509276682000,01a813aa-e199-4cb6-bdcd-3f8fe598be54,9d0fc79a-ff29-4cfe-ac14-f98a451e45f9,/7c1810ff-bb94-487c-9112-534581e6fb5a/ss21sor_telemetry_js/js,Sordo
138,0,0,0,0,,0,162.0,0,53.09018666666667,-3.51928,016,0,41.0,OK,0,,1509276680000,01a813aa-e199-4cb6-bdcd-3f8fe598be54,9d0fc79a-ff29-4cfe-ac14-f98a451e45f9,/7c1810ff-bb94-487c-9112-534581e6fb5a/ss21sor_telemetry_js/js,Sordo
140,0,0,0,0,,0,203.8,0,53.0906708,-3.5191856,016,0,71.964,OK,0,,1509276678500,01a813aa-e199-4cb6-bdcd-3f8fe598be54,9d0fc79a-ff29-4cfe-ac14-f98a451e45f9,/7c1810ff-bb94-487c-9112-534581e6fb5a/ss21sor_telemetry_js/js,Sordo
141,0,0,0,0,,0,188.0,0,53.09043333333333,-3.5193133333333333,016,0,84.0,OK,0,,1509276678000,01a813aa-e199-4cb6-bdcd-3f8fe598be54,9d0fc79a-ff29-4cfe-ac14-f98a451e45f9,/7c1810ff-bb94-487c-9112-534581e6fb5a/ss21sor_telemetry_js/js,Sordo
143,0,0,0,0,,0,249.23,0,53.0911202,-3.5181415,016,0,81.144,OK,0,,1509276674500,01a813aa-e199-4cb6-bdcd-3f8fe598be54,9d0fc79a-ff29-4cfe-ac14-f98a451e45f9,/7c1810ff-bb94-487c-9112-534581e6fb5a/ss21sor_telemetry_js/js,Sordo
144,0,0,0,0,,0,248.0,0,53.091206666666665,-3.51797,016,0,61.0,OK,0,,1509276672000,01a813aa-e199-4cb6-bdcd-3f8fe598be54,9d0fc79a-ff29-4cfe-ac14-f98a451e45f9,/7c1810ff-bb94-487c-9112-534581e6fb5a/ss21sor_telemetry_js/js,Sordo
146,0,0,0,0,,0,155.8,0,53.0914668,-3.5175331,016,0,49.284,OK,0,,1509276670500,01a813aa-e199-4cb6-bdcd-3f8fe598be54,9d0fc79a-ff29-4cfe-ac14-f98a451e45f9,/7c1810ff-bb94-487c-9112-534581e6fb5a/ss21sor_telemetry_js/js,Sordo
147,0,0,0,0,,0,196.0,0,53.091341666666665,-3.517568333333333,016,0,55.0,OK,0,,1509276670000,01a813aa-e199-4cb6-bdcd-3f8fe598be54,9d0fc79a-ff29-4cfe-ac14-f98a451e45f9,/7c1810ff-bb94-487c-9112-534581e6fb5a/ss21sor_telemetry_js/js,Sordo
149,0,0,0,0,,0,101.05,0,53.0916654,-3.5185238,016,0,82.008,OK,0,,1509276666500,01a813aa-e199-4cb6-bdcd-3f8fe598be54,9d0fc79a-ff29-4cfe-ac14-f98a451e45f9,/7c1810ff-bb94-487c-9112-534581e6fb5a/ss21sor_telemetry_js/js,Sordo
150,0,0,0,0,,0,170.78,0,53.0922409,-3.5193464,016,0,95.868,OK,0,,1509276662500,01a813aa-e199-4cb6-bdcd-3f8fe598be54,9d0fc79a-ff29-4cfe-ac14-f98a451e45f9,/7c1810ff-bb94-487c-9112-534581e6fb5a/ss21sor_telemetry_js/js,Sordo
151,0,0,0,0,,0,168.0,0,53.0924,-3.5193766666666666,016,0,116.0,OK,0,,1509276660000,01a813aa-e199-4cb6-bdcd-3f8fe598be54,9d0fc79a-ff29-4cfe-ac14-f98a451e45f9,/7c1810ff-bb94-487c-9112-534581e6fb5a/ss21sor_telemetry_js/js,Sordo
153,0,0,0,0,,0,171.99,0,53.093402399999995,-3.5197222,016,0,112.032,OK,0,,1509276658500,01a813aa-e199-4cb6-bdcd-3f8fe598be54,9d0fc79a-ff29-4cfe-ac14-f98a451e45f9,/7c1810ff-bb94-487c-9112-534581e6fb5a/ss21sor_telemetry_js/js,Sordo
154,0,0,0,0,,0,190.36,0,53.094280999999995,-3.5196353,016,0,62.496,OK,0,,1509276654500,01a813aa-e199-4cb6-bdcd-3f8fe598be54,9d0fc79a-ff29-4cfe-ac14-f98a451e45f9,/7c1810ff-bb94-487c-9112-534581e6fb5a/ss21sor_telemetry_js/js,Sordo
155,0,0,0,0,,0,164.0,0,53.09440166666667,-3.5195666666666665,016,0,58.0,OK,0,,1509276652000,01a813aa-e199-4cb6-bdcd-3f8fe598be54,9d0fc79a-ff29-4cfe-ac14-f98a451e45f9,/7c1810ff-bb94-487c-9112-534581e6fb5a/ss21sor_telemetry_js/js,Sordo
157,0,0,0,0,,0,142.79,0,53.0949731,-3.5201718,016,0,111.132,OK,0,,1509276650500,01a813aa-e199-4cb6-bdcd-3f8fe598be54,9d0fc79a-ff29-4cfe-ac14-f98a451e45f9,/7c1810ff-bb94-487c-9112-534581e6fb5a/ss21sor_telemetry_js/js,Sordo
158,0,0,0,0,,0,176.24,0,53.095964099999996,-3.52068,016,0,129.744,OK,0,,1509276646500,01a813aa-e199-4cb6-bdcd-3f8fe598be54,9d0fc79a-ff29-4cfe-ac14-f98a451e45f9,/7c1810ff-bb94-487c-9112-534581e6fb5a/ss21sor_telemetry_js/js,Sordo
159,0,0,0,0,,0,176.0,0,53.096151666666664,-3.5206833333333334,016,0,154.0,OK,0,,1509276644000,01a813aa-e199-4cb6-bdcd-3f8fe598be54,9d0fc79a-ff29-4cfe-ac14-f98a451e45f9,/7c1810ff-bb94-487c-9112-534581e6fb5a/ss21sor_telemetry_js/js,Sordo
161,0,0,0,0,,0,189.55,0,53.0973907,-3.5205579,016,0,132.12,OK,0,,1509276642500,01a813aa-e199-4cb6-bdcd-3f8fe598be54,9d0fc79a-ff29-4cfe-ac14-f98a451e45f9,/7c1810ff-bb94-487c-9112-534581e6fb5a/ss21sor_telemetry_js/js,Sordo
162,0,0,0,0,,0,207.15,0,53.098428299999995,-3.5201758,016,0,70.164,OK,0,,1509276638500,01a813aa-e199-4cb6-bdcd-3f8fe598be54,9d0fc79a-ff29-4cfe-ac14-f98a451e45f9,/7c1810ff-bb94-487c-9112-534581e6fb5a/ss21sor_telemetry_js/js,Sordo
163,0,0,0,0,,0,309.52,0,53.098589999999994,-3.5195448000000003,016,0,71.028,OK,0,,1509276634500,01a813aa-e199-4cb6-bdcd-3f8fe598be54,9d0fc79a-ff29-4cfe-ac14-f98a451e45f9,/7c1810ff-bb94-487c-9112-534581e6fb5a/ss21sor_telemetry_js/js,Sordo
164,0,0,0,0,,0,310.0,0,53.09856,-3.5194466666666666,016,0,90.0,OK,0,,1509276632000,01a813aa-e199-4cb6-bdcd-3f8fe598be54,9d0fc79a-ff29-4cfe-ac14-f98a451e45f9,/7c1810ff-bb94-487c-9112-534581e6fb5a/ss21sor_telemetry_js/js,Sordo
166,0,0,0,0,,0,302.97,0,53.097984999999994,-3.5182379,016,0,99.252,OK,0,,1509276630500,01a813aa-e199-4cb6-bdcd-3f8fe598be54,9d0fc79a-ff29-4cfe-ac14-f98a451e45f9,/7c1810ff-bb94-487c-9112-534581e6fb5a/ss21sor_telemetry_js/js,Sordo
167,0,0,0,0,,0,304.0,0,53.09823,-3.51878,016,0,115.0,OK,0,,1509276630000,01a813aa-e199-4cb6-bdcd-3f8fe598be54,9d0fc79a-ff29-4cfe-ac14-f98a451e45f9,/7c1810ff-bb94-487c-9112-534581e6fb5a/ss21sor_telemetry_js/js,Sordo
169,0,0,0,0,,0,240.69,0,53.0977162,-3.5172177,016,0,55.116,OK,0,,1509276626500,01a813aa-e199-4cb6-bdcd-3f8fe598be54,9d0fc79a-ff29-4cfe-ac14-f98a451e45f9,/7c1810ff-bb94-487c-9112-534581e6fb5a/ss21sor_telemetry_js/js,Sordo
170,0,0,0,0,,0,274.0,0,53.09771,-3.517523333333333,016,0,52.0,OK,0,,1509276626000,01a813aa-e199-4cb6-bdcd-3f8fe598be54,9d0fc79a-ff29-4cfe-ac14-f98a451e45f9,/7c1810ff-bb94-487c-9112-534581e6fb5a/ss21sor_telemetry_js/js,Sordo
171,0,0,0,0,,0,134.89,0,53.098194199999995,-3.5170136,016,0,65.052,OK,0,,1509276622500,01a813aa-e199-4cb6-bdcd-3f8fe598be54,9d0fc79a-ff29-4cfe-ac14-f98a451e45f9,/7c1810ff-bb94-487c-9112-534581e6fb5a/ss21sor_telemetry_js/js,Sordo
172,0,0,0,0,,0,144.94,0,53.0988555,-3.5181084,016,0,123.516,OK,0,,1509276618500,01a813aa-e199-4cb6-bdcd-3f8fe598be54,9d0fc79a-ff29-4cfe-ac14-f98a451e45f9,/7c1810ff-bb94-487c-9112-534581e6fb5a/ss21sor_telemetry_js/js,Sordo
173,0,0,0,0,,0,159.86,0,53.0998583,-3.5192658,016,0,108.684,OK,0,,1509276614500,01a813aa-e199-4cb6-bdcd-3f8fe598be54,9d0fc79a-ff29-4cfe-ac14-f98a451e45f9,/7c1810ff-bb94-487c-9112-534581e6fb5a/ss21sor_telemetry_js/js,Sordo
174,0,0,0,0,,0,167.0,0,53.1009604,-3.5194537,016,0,134.1,OK,0,,1509276610500,01a813aa-e199-4cb6-bdcd-3f8fe598be54,9d0fc79a-ff29-4cfe-ac14-f98a451e45f9,/7c1810ff-bb94-487c-9112-534581e6fb5a/ss21sor_telemetry_js/js,Sordo
175,0,0,0,0,,0,184.15,0,53.1021614,-3.5196348,016,0,98.208,OK,0,,1509276606500,01a813aa-e199-4cb6-bdcd-3f8fe598be54,9d0fc79a-ff29-4cfe-ac14-f98a451e45f9,/7c1810ff-bb94-487c-9112-534581e6fb5a/ss21sor_telemetry_js/js,Sordo
176,0,0,0,0,,0,180.43,0,53.102826699999994,-3.519632,016,0,0.036,OK,0,,1509276588500,01a813aa-e199-4cb6-bdcd-3f8fe598be54,9d0fc79a-ff29-4cfe-ac14-f98a451e45f9,/7c1810ff-bb94-487c-9112-534581e6fb5a/ss21sor_telemetry_js/js,Sordo
177,0,0,0,0,,0,180.43,0,53.102829299999996,-3.5196358,016,0,0.0,OK,0,,1509276568500,01a813aa-e199-4cb6-bdcd-3f8fe598be54,9d0fc79a-ff29-4cfe-ac14-f98a451e45f9,/7c1810ff-bb94-487c-9112-534581e6fb5a/ss21sor_telemetry_js/js,Sordo
178,0,0,0,0,,0,180.43,0,53.102833399999994,-3.5196305,016,0,0.0,OK,0,,1509276548500,01a813aa-e199-4cb6-bdcd-3f8fe598be54,9d0fc79a-ff29-4cfe-ac14-f98a451e45f9,/7c1810ff-bb94-487c-9112-534581e6fb5a/ss21sor_telemetry_js/js,Sordo
181,0,0,0,0,,0,180.43,0,53.1028354,-3.5196287,016,0,0.036,OK,0,,1509276528500,01a813aa-e199-4cb6-bdcd-3f8fe598be54,9d0fc79a-ff29-4cfe-ac14-f98a451e45f9,/7c1810ff-bb94-487c-9112-534581e6fb5a/ss21sor_telemetry_js/js,Sordo
184,0,0,0,0,,0,180.43,0,53.1028342,-3.5196285,016,0,0.036,OK,0,,1509276508500,01a813aa-e199-4cb6-bdcd-3f8fe598be54,9d0fc79a-ff29-4cfe-ac14-f98a451e45f9,/7c1810ff-bb94-487c-9112-534581e6fb5a/ss21sor_telemetry_js/js,Sordo
187,0,0,0,0,,0,180.43,0,53.1028333,-3.5196293,016,0,0.0,OK,0,,1509276488500,01a813aa-e199-4cb6-bdcd-3f8fe598be54,9d0fc79a-ff29-4cfe-ac14-f98a451e45f9,/7c1810ff-bb94-487c-9112-534581e6fb5a/ss21sor_telemetry_js/js,Sordo
190,0,0,0,0,,0,178.0,0,53.10284333333333,-3.5196216666666666,016,0,10.0,OK,0,,1509276468000,01a813aa-e199-4cb6-bdcd-3f8fe598be54,9d0fc79a-ff29-4cfe-ac14-f98a451e45f9,/7c1810ff-bb94-487c-9112-534581e6fb5a/ss21sor_telemetry_js/js,Sordo
192,0,0,0,0,,0,180.68,0,53.1030027,-3.5196364,016,0,27.792,OK,0,,1509276466500,01a813aa-e199-4cb6-bdcd-3f8fe598be54,9d0fc79a-ff29-4cfe-ac14-f98a451e45f9,/7c1810ff-bb94-487c-9112-534581e6fb5a/ss21sor_telemetry_js/js,Sordo
193,0,0,0,0,,0,178.0,0,53.102915,-3.519625,016,0,22.0,OK,0,,1509276466000,01a813aa-e199-4cb6-bdcd-3f8fe598be54,9d0fc79a-ff29-4cfe-ac14-f98a451e45f9,/7c1810ff-bb94-487c-9112-534581e6fb5a/ss21sor_telemetry_js/js,Sordo
195,0,0,0,0,,0,181.16,0,53.103344199999995,-3.5196334,016,0,40.032,OK,0,,1509276462500,01a813aa-e199-4cb6-bdcd-3f8fe598be54,9d0fc79a-ff29-4cfe-ac14-f98a451e45f9,/7c1810ff-bb94-487c-9112-534581e6fb5a/ss21sor_telemetry_js/js,Sordo
196,0,0,0,0,,0,180.0,0,53.10320333333333,-3.5196283333333334,016,0,37.0,OK,0,,1509276462000,01a813aa-e199-4cb6-bdcd-3f8fe598be54,9d0fc79a-ff29-4cfe-ac14-f98a451e45f9,/7c1810ff-bb94-487c-9112-534581e6fb5a/ss21sor_telemetry_js/js,Sordo
198,0,0,0,0,,0,180.0,0,53.10339666666667,-3.5196266666666665,016,0,40.0,OK,0,,1509276460000,01a813aa-e199-4cb6-bdcd-3f8fe598be54,9d0fc79a-ff29-4cfe-ac14-f98a451e45f9,/7c1810ff-bb94-487c-9112-534581e6fb5a/ss21sor_telemetry_js/js,Sordo
200,0,0,0,0,,0,178.28,0,53.10375,-3.5196235,016,0,41.004,OK,0,,1509276458500,01a813aa-e199-4cb6-bdcd-3f8fe598be54,9d0fc79a-ff29-4cfe-ac14-f98a451e45f9,/7c1810ff-bb94-487c-9112-534581e6fb5a/ss21sor_telemetry_js/js,Sordo
201,0,0,0,0,,0,180.0,0,53.1036,-3.5196199999999997,016,0,40.0,OK,0,,1509276458000,01a813aa-e199-4cb6-bdcd-3f8fe598be54,9d0fc79a-ff29-4cfe-ac14-f98a451e45f9,/7c1810ff-bb94-487c-9112-534581e6fb5a/ss21sor_telemetry_js/js,Sordo
203,0,0,0,0,,0,174.0,0,53.10380333333333,-3.5196183333333333,016,0,40.0,OK,0,,1509276456000,01a813aa-e199-4cb6-bdcd-3f8fe598be54,9d0fc79a-ff29-4cfe-ac14-f98a451e45f9,/7c1810ff-bb94-487c-9112-534581e6fb5a/ss21sor_telemetry_js/js,Sordo
205,0,0,0,0,,0,174.01,0,53.104144299999994,-3.5197132,016,0,37.98,OK,0,,1509276454500,01a813aa-e199-4cb6-bdcd-3f8fe598be54,9d0fc79a-ff29-4cfe-ac14-f98a451e45f9,/7c1810ff-bb94-487c-9112-534581e6fb5a/ss21sor_telemetry_js/js,Sordo
206,0,0,0,0,,0,166.0,0,53.10400166666667,-3.519661666666667,016,0,40.0,OK,0,,1509276454000,01a813aa-e199-4cb6-bdcd-3f8fe598be54,9d0fc79a-ff29-4cfe-ac14-f98a451e45f9,/7c1810ff-bb94-487c-9112-534581e6fb5a/ss21sor_telemetry_js/js,Sordo
208,0,0,0,0,,0,180.0,0,53.10444833333333,-3.519731666666667,016,0,3.0,OK,0,,1509276448000,01a813aa-e199-4cb6-bdcd-3f8fe598be54,9d0fc79a-ff29-4cfe-ac14-f98a451e45f9,/7c1810ff-bb94-487c-9112-534581e6fb5a/ss21sor_telemetry_js/js,Sordo
209,0,0,0,0,,0,185.46,0,53.1044689,-3.519731,016,0,0.036,OK,0,,1509276435500,01a813aa-e199-4cb6-bdcd-3f8fe598be54,9d0fc79a-ff29-4cfe-ac14-f98a451e45f9,/7c1810ff-bb94-487c-9112-534581e6fb5a/ss21sor_telemetry_js/js,Sordo
210,0,0,0,0,,0,201.23,0,53.1045928,-3.5196657,016,0,26.964,OK,0,,1509276414500,01a813aa-e199-4cb6-bdcd-3f8fe598be54,9d0fc79a-ff29-4cfe-ac14-f98a451e45f9,/7c1810ff-bb94-487c-9112-534581e6fb5a/ss21sor_telemetry_js/js,Sordo
211,0,0,0,0,,0,198.0,0,53.10454333333333,-3.51967,016,0,19.0,OK,0,,1509276414000,01a813aa-e199-4cb6-bdcd-3f8fe598be54,9d0fc79a-ff29-4cfe-ac14-f98a451e45f9,/7c1810ff-bb94-487c-9112-534581e6fb5a/ss21sor_telemetry_js/js,Sordo
213,0,0,0,0,,0,196.64,0,53.104942699999995,-3.5194671,016,0,49.464,OK,0,,1509276410500,01a813aa-e199-4cb6-bdcd-3f8fe598be54,9d0fc79a-ff29-4cfe-ac14-f98a451e45f9,/7c1810ff-bb94-487c-9112-534581e6fb5a/ss21sor_telemetry_js/js,Sordo
214,0,0,0,0,,0,197.91,0,53.1054524,-3.5192166,016,0,53.676,OK,0,,1509276406500,01a813aa-e199-4cb6-bdcd-3f8fe598be54,9d0fc79a-ff29-4cfe-ac14-f98a451e45f9,/7c1810ff-bb94-487c-9112-534581e6fb5a/ss21sor_telemetry_js/js,Sordo
215,0,0,0,0,,0,222.72,0,53.1059011,-3.5188235,016,0,50.04,OK,0,,1509276402500,01a813aa-e199-4cb6-bdcd-3f8fe598be54,9d0fc79a-ff29-4cfe-ac14-f98a451e45f9,/7c1810ff-bb94-487c-9112-534581e6fb5a/ss21sor_telemetry_js/js,Sordo
216,0,0,0,0,,0,222.0,0,53.10598666666667,-3.5187166666666667,016,0,48.0,OK,0,,1509276400000,01a813aa-e199-4cb6-bdcd-3f8fe598be54,9d0fc79a-ff29-4cfe-ac14-f98a451e45f9,/7c1810ff-bb94-487c-9112-534581e6fb5a/ss21sor_telemetry_js/js,Sordo
218,0,0,0,0,,0,193.21,0,53.106292499999995,-3.5184202,016,0,47.772,OK,0,,1509276398500,01a813aa-e199-4cb6-bdcd-3f8fe598be54,9d0fc79a-ff29-4cfe-ac14-f98a451e45f9,/7c1810ff-bb94-487c-9112-534581e6fb5a/ss21sor_telemetry_js/js,Sordo
219,0,0,0,0,,0,202.0,0,53.10617,-3.5184866666666665,016,0,45.0,OK,0,,1509276398000,01a813aa-e199-4cb6-bdcd-3f8fe598be54,9d0fc79a-ff29-4cfe-ac14-f98a451e45f9,/7c1810ff-bb94-487c-9112-534581e6fb5a/ss21sor_telemetry_js/js,Sordo
221,0,0,0,0,,0,183.05,0,53.106901099999995,-3.518296,016,0,76.644,OK,0,,1509276394500,01a813aa-e199-4cb6-bdcd-3f8fe598be54,9d0fc79a-ff29-4cfe-ac14-f98a451e45f9,/7c1810ff-bb94-487c-9112-534581e6fb5a/ss21sor_telemetry_js/js,Sordo
222,0,0,0,0,,0,184.0,0,53.10664833333333,-3.5183,016,0,78.0,OK,0,,1509276394000,01a813aa-e199-4cb6-bdcd-3f8fe598be54,9d0fc79a-ff29-4cfe-ac14-f98a451e45f9,/7c1810ff-bb94-487c-9112-534581e6fb5a/ss21sor_telemetry_js/js,Sordo
224,0,0,0,0,,0,185.62,0,53.107814499999996,-3.5182184,016,0,92.88,OK,0,,1509276390500,01a813aa-e199-4cb6-bdcd-3f8fe598be54,9d0fc79a-ff29-4cfe-ac14-f98a451e45f9,/7c1810ff-bb94-487c-9112-534581e6fb5a/ss21sor_telemetry_js/js,Sordo
225,0,0,0,0,,0,182.0,0,53.10745333333333,-3.518235,016,0,114.0,OK,0,,1509276390000,01a813aa-e199-4cb6-bdcd-3f8fe598be54,9d0fc79a-ff29-4cfe-ac14-f98a451e45f9,/7c1810ff-bb94-487c-9112-534581e6fb5a/ss21sor_telemetry_js/js,Sordo
227,0,0,0,0,,0,187.07,0,53.1085989,-3.5179881,016,0,71.352,OK,0,,1509276386500,01a813aa-e199-4cb6-bdcd-3f8fe598be54,9d0fc79a-ff29-4cfe-ac14-f98a451e45f9,/7c1810ff-bb94-487c-9112-534581e6fb5a/ss21sor_telemetry_js/js,Sordo
228,0,0,0,0,,0,190.0,0,53.108718333333336,-3.5179483333333335,016,0,45.0,OK,0,,1509276384000,01a813aa-e199-4cb6-bdcd-3f8fe598be54,9d0fc79a-ff29-4cfe-ac14-f98a451e45f9,/7c1810ff-bb94-487c-9112-534581e6fb5a/ss21sor_telemetry_js/js,Sordo
230,0,0,0,0,,0,194.56,0,53.1091012,-3.5178039,016,0,53.28,OK,0,,1509276382500,01a813aa-e199-4cb6-bdcd-3f8fe598be54,9d0fc79a-ff29-4cfe-ac14-f98a451e45f9,/7c1810ff-bb94-487c-9112-534581e6fb5a/ss21sor_telemetry_js/js,Sordo
231,0,0,0,0,,0,215.82,0,53.1097349,-3.5173614,016,0,56.232,OK,0,,1509276378500,01a813aa-e199-4cb6-bdcd-3f8fe598be54,9d0fc79a-ff29-4cfe-ac14-f98a451e45f9,/7c1810ff-bb94-487c-9112-534581e6fb5a/ss21sor_telemetry_js/js,Sordo
232,0,0,0,0,,0,200.26,0,53.1102852,-3.5167017,016,0,60.624,OK,0,,1509276374500,01a813aa-e199-4cb6-bdcd-3f8fe598be54,9d0fc79a-ff29-4cfe-ac14-f98a451e45f9,/7c1810ff-bb94-487c-9112-534581e6fb5a/ss21sor_telemetry_js/js,Sordo
233,0,0,0,0,,0,196.0,0,53.11035,-3.516655,016,0,87.0,OK,0,,1509276372000,01a813aa-e199-4cb6-bdcd-3f8fe598be54,9d0fc79a-ff29-4cfe-ac14-f98a451e45f9,/7c1810ff-bb94-487c-9112-534581e6fb5a/ss21sor_telemetry_js/js,Sordo
235,0,0,0,0,,0,207.0,0,53.111004799999996,-3.5163355,016,0,50.688,OK,0,,1509276370500,01a813aa-e199-4cb6-bdcd-3f8fe598be54,9d0fc79a-ff29-4cfe-ac14-f98a451e45f9,/7c1810ff-bb94-487c-9112-534581e6fb5a/ss21sor_telemetry_js/js,Sordo
236,0,0,0,0,,0,196.0,0,53.11078166666667,-3.516468333333333,016,0,68.0,OK,0,,1509276370000,01a813aa-e199-4cb6-bdcd-3f8fe598be54,9d0fc79a-ff29-4cfe-ac14-f98a451e45f9,/7c1810ff-bb94-487c-9112-534581e6fb5a/ss21sor_telemetry_js/js,Sordo
237,0,0,0,0,,0,208.89,0,53.1115936,-3.5157568,016,0,97.128,OK,0,,1509276366500,01a813aa-e199-4cb6-bdcd-3f8fe598be54,9d0fc79a-ff29-4cfe-ac14-f98a451e45f9,/7c1810ff-bb94-487c-9112-534581e6fb5a/ss21sor_telemetry_js/js,Sordo
238,0,0,0,0,,0,216.15,0,53.112184,-3.5151807,016,0,50.076,OK,0,,1509276362500,01a813aa-e199-4cb6-bdcd-3f8fe598be54,9d0fc79a-ff29-4cfe-ac14-f98a451e45f9,/7c1810ff-bb94-487c-9112-534581e6fb5a/ss21sor_telemetry_js/js,Sordo
